,枠,馬番,馬名,性齢,斤量,騎手,厩舎,所属,horse_id,jockey_id,父,母,母父,score,rank
0,1,1,マーシーラン,牝4,56.0,藤岡佑,渡辺,栗東,2021103901,01093,リアルスティール ,レディホークフィールド Lady Hawkfield(愛) ,Hawk Wing ,-0.5714908043557817,6
1,2,2,ミッドナイトホーク,セ4,58.0,幸,宮地,栗東,2021105889,00732,スワーヴリチャード ,パシオンルージュ ,ボストンハーバー Boston Harbor(米) ,-4.0646735871824395,9
2,3,3,ホウオウペトリュス,牝4,56.0,横山和,須貝,栗東,2021105694,01140,キズナ ,ダイシンパーティー ,ブライアンズタイム Brian's Time(米) ,-1.3909618680258535,7
3,4,4,ロゼアクアリオ,牝5,56.0,荻野琢,加藤公,栗東,2020104015,01112,,,,0.5400436866784282,4
4,5,5,ラブカヒルー,牝6,56.0,菱田,森田,栗東,2019101406,01144,,,,-2.8262063288657213,8
5,6,6,ダイシンビヨンド,牝6,56.0,シュタルケ,梅田,栗東,2019101985,05115,,,,-0.37149664065176713,5
6,7,7,ラガークイン,牝4,56.0,松山,大久保,栗東,2021105416,01126,,,,4.504919750761536,1
7,8,8,ジャズ,牡4,58.0,浜中,辻野,栗東,2021103227,01115,,,,1.4172117220554619,2
8,8,9,ミッキースターダム,セ4,58.0,丹内,前川,栗東,2021105765,01091,,,,0.6340203579515705,3
