,枠,馬番,馬名,性齢,斤量,騎手,厩舎,所属,horse_id,jockey_id,父,母,母父,score,rank
0,1,1,カニキュル,牝4,56.0,戸崎圭,菊沢,美浦,2021104865,05386,エピファネイア ,シャルール ,ゼンノロブロイ ,0.6727445490663886,1
1,2,2,ボンベール,牡9,58.0,木幡巧,的場,美浦,2016102904,01162,ブラックタイド ,ワイルドアフリカ ,ワイルドラッシュ Wild Rush(米) ,-2.9444055795650095,9
2,3,3,ホークマン,牡4,58.0,木幡初,粕谷,美浦,2021100008,01153,ホークビル Hawkbill(米) ,カラフルロマンス ,タイキシャトル ,-1.5330516629243147,8
3,4,4,アサギリ,牝4,53.0,▲遠藤,尾形,美浦,2021100610,01218,マクフィ Makfi(英) ,コシミノダンサー ,ハーツクライ ,-0.6517589608986507,4
4,5,5,サトノヴィレ,セ5,58.0,三浦,鹿戸,美浦,2020104753,01122,デクラレーションオブウォー ,ダイワジェラート ,フジキセキ ,-1.526226063388184,7
5,6,6,アドミラブルエース,牡6,58.0,原田和,蛯名利,美浦,2019106113,01143,ハーツクライ ,アッシュベリー ,Any Given Saturday ,-0.6000204048663298,3
6,7,7,タイキラフター,牡5,58.0,横山武,大竹,美浦,2020106811,01170,サトノアラジン ,ラストメッセージ ,ジャングルポケット ,0.029980627766531886,2
7,8,8,エイムフォーエース,牡4,58.0,佐々木,武井,美浦,2021104167,01197,,,,-1.3994441009664036,6
8,8,9,ラーテル,セ5,58.0,丸田,南田,美浦,2020104285,01117,,,,-1.0624640301235517,5
