,枠,馬番,馬名,性齢,斤量,騎手,厩舎,所属,horse_id,jockey_id,父,母,母父,score,rank
0,1,1,ファミリーツリー,牝4,56.0,武豊,河嶋,栗東,2021106642,00666,ロードカナロア ,ミッキーチャーム ,ディープインパクト ,-0.45599970532753276,6
1,2,2,エルフストラック,牝4,56.0,レーン,中村,栗東,2021105616,05585,,,,-0.916627044796676,7
2,3,3,ラレーヌデリス,牝5,56.0,北村友,安田,栗東,2020103696,01102,,,,2.4891765963248256,1
3,4,4,ミッキースピネル,牝4,56.0,川田,中内田,栗東,2021103259,01088,,,,-0.2569439842948393,5
4,5,5,ビターグラッセ,牝5,56.0,横山和,栗田,美浦,2020103228,01140,,,,0.33275806634527794,4
5,6,6,タケトンボ,牝6,56.0,丹内,宮,栗東,2019101007,01091,,,,1.3821470552290263,3
6,7,7,スターリングアップ,牝4,56.0,池添,松永幹,栗東,2021105102,01032,,,,2.1565722118435007,2
