,peds_0,peds_1,peds_2,peds_3,peds_4,peds_5,peds_6,peds_7,peds_8,peds_9,peds_10,peds_11,peds_12,peds_13,peds_14,peds_15,peds_16,peds_17,peds_18,peds_19,peds_20,peds_21,peds_22,peds_23,peds_24,peds_25,peds_26,peds_27,peds_28,peds_29,peds_30,peds_31,peds_32,peds_33,peds_34,peds_35,peds_36,peds_37,peds_38,peds_39,peds_40,peds_41,peds_42,peds_43,peds_44,peds_45,peds_46,peds_47,peds_48,peds_49,peds_50,peds_51,peds_52,peds_53,peds_54,peds_55,peds_56,peds_57,peds_58,peds_59,peds_60,peds_61
2023100583,ダノンキングリー,ヤンチャヒメ,ディープインパクト,マイグッドネス,クロフネ,ウエストコースト,サンデーサイレンス,ウインドインハーヘア,Storm Cat,Caressing,フレンチデピュティ,ブルーアヴェニュー,シンボリクリスエス,ビーポジティブ,Halo,Wishing Well,Alzao,Burghclere,Storm Bird,Terlingua,Honour and Glory,Lovin Touch,Deputy Minister,Mitterand,Classic Go Go,Eliza Blue,Kris S.,Tee Kay,サンデーサイレンス,フェアリードール,Hail to Reason,Cosmah,Understanding,Mountain Flower,Lyphard,Lady Rebecca,Busted,Highclere,Northern Dancer,South Ocean,Secretariat,Crimson Saint,Relaunch,Fair to All,Majestic Prince,Forest Princess,Vice Regent,Mint Copy,Hold Your Peace,Laredo Lass,Pago Pago,Classic Perfection,Icecapade,コレラ,Roberto,Sharp Queen,Gold Meridian,Tri Argo,Halo,Wishing Well,Nureyev,Dream Deal
2023102383,ゴールドドリーム,スノークラフト,ゴールドアリュール,モンヴェール,アグネスデジタル,スノースタイル,サンデーサイレンス,ニキーヤ,フレンチデピュティ,スペシャルジェイド,Crafty Prospector,Chancey Squaw,ホワイトマズル,シャルムダンサー,Halo,Wishing Well,Nureyev,Reluctant Guest,Deputy Minister,Mitterand,Cox's Ridge,Statistic,Mr. Prospector,Real Crafty Lady,Chief's Crown,Allicance,ダンシングブレーヴ,Fair of the Furze,グルームダンサー,ダムスペクタキュラー,Hail to Reason,Cosmah,Understanding,Mountain Flower,Northern Dancer,Special,Hostage,Vaguely Royal,Vice Regent,Mint Copy,Hold Your Peace,Laredo Lass,Best Turn,Our Martha,Mr. Prospector,Number,Raise a Native,Gold Digger,In Reality,Princess Roycraft,Danzig,Six Crowns,Alleged,Runaway Bride,Lyphard,Navajo Princess,Ela-Mana-Mou,Autocratic,Blushing Groom,Featherhill,Spectacular Bid,Damascening
2023102399,マインドユアビスケッツ,ハッピーダイアリー,Posse,Jazzmane,アグネスタキオン,ハピネスイン,Silver Deputy,Raska,Toccet,Alljazz,サンデーサイレンス,アグネスフローラ,ホワイトマズル,シャダイビューティ,Deputy Minister,Silver Valley,Rahy,Borishka,Awesome Again,Cozzene's Angel,Stop the Music,Bounteous,Halo,Wishing Well,ロイヤルスキー,アグネスレディー,ダンシングブレーヴ,Fair of the Furze,Lord Avie,セイリングビューティ,Vice Regent,Mint Copy,Mr. Prospector,Seven Valleys,Blushing Groom,Glorious Song,Roberto,Queen Maud,Deputy Minister,Primal Force,Cozzene,Charming Pan,Hail to Reason,Bebopper,Master Derby,Mlle. Quille,Hail to Reason,Cosmah,Understanding,Mountain Flower,Raja Baba,Coz o'Nijinsky,リマンド,イコマエイカン,Lyphard,Navajo Princess,Ela-Mana-Mou,Autocratic,Lord Gaylord,Avie,Lyphard,Sweetdric
2023101563,フィレンツェファイア,レッドブリエ,Poseidon's Warrior,My Every Wish,ディープインパクト,アルレシャ,Speightstown,Poised to Pounce,Langfuhr,Mille Lacs,サンデーサイレンス,ウインドインハーヘア,Marju,レーヴディマン,Gone West,Silken Cat,Smarten,Lady Lyndy,Danzig,Sweet Briar Too,Unbridled,With Every Wish,Halo,Wishing Well,Alzao,Burghclere,ラストタイクーン,Flame of Tara,Highest Honor,Numidie,Mr. Prospector,Secrettame,Storm Cat,Silken Doll,Cyane,Smartaire,Bold Favorite,Counterflight,Northern Dancer,Pas de Nom,Briartic,Prima Babu Gum,Fappiano,Gana Facil,Lear Fan,Amo,Hail to Reason,Cosmah,Understanding,Mountain Flower,Lyphard,Lady Rebecca,Busted,Highclere,トライマイベスト,Mill Princess,アーテイアス,Welsh Flame,Kenmare,High River,バイアモン,Yamuna
2023105803,ダノンプレミアム,シンメイフジ,ディープインパクト,インディアナギャル,フジキセキ,レディミューズ,サンデーサイレンス,ウインドインハーヘア,Intikhab,Genial Jenny,サンデーサイレンス,ミルレーサー,ティンバーカントリー,シンコウラブリイ,Halo,Wishing Well,Alzao,Burghclere,Red Ransom,Crafty Example,デインヒル,Joma Kaanem,Halo,Wishing Well,Le Fabuleux,Marston's Mill,Woodman,Fall Aspen,Caerleon,ハッピートレイルズ,Hail to Reason,Cosmah,Understanding,Mountain Flower,Lyphard,Lady Rebecca,Busted,Highclere,Roberto,アラビア,Crafty Prospector,Zienelle,Danzig,Razyana,Double Form,Ash Lawn,Hail to Reason,Cosmah,Understanding,Mountain Flower,Wild Risk,Anguar,In Reality,Millicent,Mr. Prospector,プレイメイト,Pretense,Change Water,Nijinsky,Foreseer,ポツセ,ロイコン
2023104394,リオンリオン,スイートメドゥーサ,ルーラーシップ,アゲヒバリ,アグネスタキオン,ローブデコルテ,キングカメハメハ,エアグルーヴ,クロフネ,トゥザヴィクトリー,サンデーサイレンス,アグネスフローラ,Cozzene,Color of Gold,Kingmambo,マンファス,トニービン,ダイナカール,フレンチデピュティ,ブルーアヴェニュー,サンデーサイレンス,フェアリードール,Halo,Wishing Well,ロイヤルスキー,アグネスレディー,Caro,Ride the Trails,Seeking the Gold,Sulemeif,Mr. Prospector,Miesque,ラストタイクーン,Pilot Bird,カンパラ,Severn Bridge,ノーザンテースト,シャダイフェザー,Deputy Minister,Mitterand,Classic Go Go,Eliza Blue,Halo,Wishing Well,Nureyev,Dream Deal,Hail to Reason,Cosmah,Understanding,Mountain Flower,Raja Baba,Coz o'Nijinsky,リマンド,イコマエイカン,フォルティノ,Chambord,Prince John,Wildwook,Mr. Prospector,Con Game,Northern Dancer,Barely Even
2023100924,マテラスカイ,サトノレーヌ,Speightstown,Mostaqeleh,キングカメハメハ,シンシアー,Gone West,Silken Cat,Rahy,Istiqlal,Kingmambo,マンファス,サンデーサイレンス,ソウスマッグ,Mr. Prospector,Secrettame,Storm Cat,Silken Doll,Blushing Groom,Glorious Song,Diesis,Wasnah,Mr. Prospector,Miesque,ラストタイクーン,Pilot Bird,Halo,Wishing Well,Nureyev,Smuggly,Raise a Native,Gold Digger,Secretariat,Tamerett,Storm Bird,Terlingua,Chieftain,Insilca,Red God,Runaway Bride,Halo,Ballade,Sharpen Up,Doubly Sure,Nijinsky,Highest Trump,Raise a Native,Gold Digger,Nureyev,Pasadoble,トライマイベスト,Mill Princess,Blakeney,The Dancer,Hail to Reason,Cosmah,Understanding,Mountain Flower,Northern Dancer,Special,Caro,Call Me Goddess
2023100807,マテラスカイ,マリノサクセス,Speightstown,Mostaqeleh,ヴィクトワールピサ,サクセスゴーランド,Gone West,Silken Cat,Rahy,Istiqlal,ネオユニヴァース,ホワイトウォーターアフェア,サクラバクシンオー,サクセスビューティ,Mr. Prospector,Secrettame,Storm Cat,Silken Doll,Blushing Groom,Glorious Song,Diesis,Wasnah,サンデーサイレンス,ポインテッドパス,Machiavellian,Much Too Risky,サクラユタカオー,サクラハゴロモ,サンデーサイレンス,アワーミスレッグス,Raise a Native,Gold Digger,Secretariat,Tamerett,Storm Bird,Terlingua,Chieftain,Insilca,Red God,Runaway Bride,Halo,Ballade,Sharpen Up,Doubly Sure,Nijinsky,Highest Trump,Halo,Wishing Well,Kris,Silken Way,Mr. Prospector,Coup de Folie,Bustino,Short Rations,テスコボーイ,アンジェリカ,ノーザンテースト,クリアアンバー,Halo,Wishing Well,Deputy Minister,Colonial Waters
2023103571,サートゥルナーリア,メインターゲット,ロードカナロア,シーザリオ,ダイワメジャー,ヒシシルバーメイド,キングカメハメハ,レディブラッサム,スペシャルウィーク,キロフプリミエール,サンデーサイレンス,スカーレットブーケ,Silver Deputy,ヒシアマゾン,Kingmambo,マンファス,Storm Cat,サラトガデュー,サンデーサイレンス,キャンペンガール,Sadler's Wells,Querida,Halo,Wishing Well,ノーザンテースト,スカーレットインク,Deputy Minister,Silver Valley,Theatrical,Katies,Mr. Prospector,Miesque,ラストタイクーン,Pilot Bird,Storm Bird,Terlingua,Cormorant,Super Luna,Halo,Wishing Well,マルゼンスキー,レディーシラオキ,Northern Dancer,Fairy Bridge,Habitat,Principia,Hail to Reason,Cosmah,Understanding,Mountain Flower,Northern Dancer,Lady Victoria,Crimson Satan,Consentida,Vice Regent,Mint Copy,Mr. Prospector,Seven Valleys,Nureyev,ツリーオブノレッジ,ノノアルコ,Mortefontaine
2023100397,インディチャンプ,メイショウホナミ,ステイゴールド,ウィルパワー,アイルハヴアナザー,ドゥザボサノバ,サンデーサイレンス,ゴールデンサッシュ,キングカメハメハ,トキオリアリティー,Flower Alley,Arch's Gal Edith,Galileo,Sateen,Halo,Wishing Well,ディクタス,ダイナサッシュ,Kingmambo,マンファス,Meadowlake,What a Reality,Distorted Humor,プリンセスオリビア,Arch,Force Five Gal,Sadler's Wells,Urban Sea,Barathea,Souk,Hail to Reason,Cosmah,Understanding,Mountain Flower,Sanctus,Doronic,ノーザンテースト,ロイヤルサッシュ,Mr. Prospector,Miesque,ラストタイクーン,Pilot Bird,Hold Your Peace,Suspicious Native,In Reality,What Will Be,フォーティナイナー,Danzig's Beauty,Lycius,Dance Image,Kris S.,Aurora,Pleasant Tap,Last Cause,Northern Dancer,Fairy Bridge,Miswaki,Allegretta,Sadler's Wells,Brocade,Ahonoora,Soumana
2023100239,ニューイヤーズデイ,エバーシャイニング,Street Cry,Justwhistledixie,ゼンノロブロイ,ルヴァーガール,Machiavellian,Helen Street,Dixie Union,General Jeanne,サンデーサイレンス,ローミンレイチェル,Alzao,Girl of My Dreams,Mr. Prospector,Coup de Folie,Troy,Waterway,Dixieland Band,She's Tops,Honour and Glory,Ahpo Hel,Halo,Wishing Well,マイニング,One Smart Lady,Lyphard,Lady Rebecca,Marju,Stylish Girl,Raise a Native,Gold Digger,Halo,Raise the Standard,Petingo,La Milo,Riverman,Boulevard,Northern Dancer,Mississippi Mud,Capote,She's a Talent,Relaunch,Fair to All,Mr. Leader,Tiy,Hail to Reason,Cosmah,Understanding,Mountain Flower,Mr. Prospector,I Pass,Clever Trick,Pia's Lady,Northern Dancer,Goofed,Sir Ivor,Pocahontas,ラストタイクーン,Flame of Tara,Star de Naskra,Carnaby Girl
2023103253,シャンハイボビー,プティトシャンティ,Harlan's Holiday,Steelin',ダノンシャンティ,チャームダンス,Harlan,Christmas in Aiken,Orientate,Steel Band,フジキセキ,シャンソネット,アフリート,ダンシングゴッデス,Storm Cat,Country Romance,Affirmed,Dowager,Mt. Livermore,Dream Team,Carson City,ウェディングバンド,サンデーサイレンス,ミルレーサー,Mark of Esteem,Glorious Song,Mr. Prospector,Polite Lady,Nijinsky,Producer,Storm Bird,Terlingua,Halo,Sweet Romance,Exclusive Native,Won't Tell You,Honest Pleasure,Princessnesian,Blushing Groom,Flama Ardiente,Cox's Ridge,Likely Double,Mr. Prospector,Blushing Promise,Mighty Appealing,Ring of Steel,Halo,Wishing Well,Le Fabuleux,Marston's Mill,Darshaan,Homage,Halo,Ballade,Raise a Native,Gold Digger,Venetian Jester,Friendly Ways,Northern Dancer,Flaming Page,Nashua,Marion
2023100805,エーシントップ,マリノエリー,Tale of the Cat,Ecology,タートルボウル,ロンギングエリー,Storm Cat,Yarn,Unbridled's Song,Gdansk's Honour,Dyhim Diamond,Clara Bow,ゼンノロブロイ,センボンザクラ,Storm Bird,Terlingua,Mr. Prospector,Narrate,Unbridled,Trolley Song,Danzig,Royal Honoree,Night Shift,Happy Landing,Top Ville,Kamiya,サンデーサイレンス,ローミンレイチェル,サクラユタカオー,ダイナフランダース,Northern Dancer,South Ocean,Secretariat,Crimson Saint,Raise a Native,Gold Digger,Honest Pleasure,State,Fappiano,Gana Facil,Caro,Lucky Spell,Northern Dancer,Pas de Nom,Round Table,Matriarch,Northern Dancer,Ciboulette,Homing,Laughing Goddess,High Top,Sega Ville,Kalamoun,Shahinaaz,Halo,Wishing Well,マイニング,One Smart Lady,テスコボーイ,アンジェリカ,ノーザンテースト,レディフランダーズ
2023107385,キセキ,ジーナスイート,ルーラーシップ,ブリッツフィナーレ,ステイゴールド,ディアジーナ,キングカメハメハ,エアグルーヴ,ディープインパクト,ロンドンブリッジ,サンデーサイレンス,ゴールデンサッシュ,メジロマックイーン,アイネスターキン,Kingmambo,マンファス,トニービン,ダイナカール,サンデーサイレンス,ウインドインハーヘア,ドクターデヴィアス,オールフォーロンドン,Halo,Wishing Well,ディクタス,ダイナサッシュ,メジロティターン,メジロオーロラ,ビショップボブ,ジュウジターキン,Mr. Prospector,Miesque,ラストタイクーン,Pilot Bird,カンパラ,Severn Bridge,ノーザンテースト,シャダイフェザー,Halo,Wishing Well,Alzao,Burghclere,Ahonoora,Rose of Jericho,Danzig,Full Card,Hail to Reason,Cosmah,Understanding,Mountain Flower,Sanctus,Doronic,ノーザンテースト,ロイヤルサッシュ,メジロアサマ,シエリル,リマンド,メジロアイリス,Clever Trick,Screen Shot,ハンターコム,シヤダイターキン
2023103100,ビッグアーサー,ユキノマーメイド,サクラバクシンオー,シヤボナ,スペシャルウィーク,サスペンスクイーン,サクラユタカオー,サクラハゴロモ,Kingmambo,Relish,サンデーサイレンス,キャンペンガール,Woodman,Crystal Cup,テスコボーイ,アンジェリカ,ノーザンテースト,クリアアンバー,Mr. Prospector,Miesque,Sadler's Wells,Reloy,Halo,Wishing Well,マルゼンスキー,レディーシラオキ,Mr. Prospector,プレイメイト,Nijinsky,Rose Bowl,Princely Gift,Suncourt,ネヴァービート,スターハイネス,Northern Dancer,Lady Victoria,Ambiopoise,One Clear Call,Raise a Native,Gold Digger,Nureyev,Pasadoble,Northern Dancer,Fairy Bridge,Liloy,Rescousse,Hail to Reason,Cosmah,Understanding,Mountain Flower,Nijinsky,シル,セントクレスピン,ミスアシヤガワ,Raise a Native,Gold Digger,Buckpasser,Intriguing,Northern Dancer,Flaming Page,Habitat,Roseliere
2023109013,スマートファルコン,ベルモントエルメス,ゴールドアリュール,ケイシュウハーブ,ティンバーカントリー,ミスダンジグ,サンデーサイレンス,ニキーヤ,ミシシッピアン,キョウエイシラユキ,Woodman,Fall Aspen,Danzig,Egyptian Rose,Halo,Wishing Well,Nureyev,Reluctant Guest,Vaguely Noble,Gazala,クラウンドプリンス,アリアーン,Mr. Prospector,プレイメイト,Pretense,Change Water,Northern Dancer,Pas de Nom,Sir Ivor,Rosetta Stone,Hail to Reason,Cosmah,Understanding,Mountain Flower,Northern Dancer,Special,Hostage,Vaguely Royal,ヴィエナ,Noble Lassie,Dark Star,Belle Angevine,Raise a Native,Gay Hostess,シルバーシャーク,Nucciolina,Raise a Native,Gold Digger,Buckpasser,Intriguing,Endeavour,Imitation,Swaps,Portage,Nearctic,Natalma,Admiral's Voyage,Petitioner,Sir Gaylord,Attica,Round Table,Rose Coral
2023102813,Gun Runner,エスティロタレントーソ,Candy Ride,Quiet Giant,Maclean's Music,Bazinga Baby,Ride the Rails,Candy Girl,Giant's Causeway,Quiet Dance,Distorted Humor,Forest Music,Afleet Alex,Elizaveta,Cryptoclearance,Herbalesian,Candy Stripes,City Girl,Storm Cat,Mariah's Storm,Quiet American,Misty Dancer,フォーティナイナー,Danzig's Beauty,Unbridled's Song,Defer West,Northern Afleet,Maggy Hawk,Quiet American,Carezza,Fappiano,Naval Orange,Herbager,Alanesian,Blushing Groom,バブルカンパニー,Farnesio,Cithara,Storm Bird,Terlingua,Rahy,イメンス,Fappiano,Demure,Lyphard,Flight Dancer,Mr. Prospector,File,Danzig,Sweetest Chant,Unbridled,Trolley Song,Gone West,Defer,アフリート,Nuryette,ホークスター,Qualique,Fappiano,Demure,Caro,All Dance
2023100362,ダノンプレミアム,ポークチョップ,ディープインパクト,インディアナギャル,ゴールドヘイロー,フィールドボニータ,サンデーサイレンス,ウインドインハーヘア,Intikhab,Genial Jenny,サンデーサイレンス,ニアーザゴールド,コロナドズクエスト,ゴートゥグローリー,Halo,Wishing Well,Alzao,Burghclere,Red Ransom,Crafty Example,デインヒル,Joma Kaanem,Halo,Wishing Well,Seeking the Gold,ニヤー,フォーティナイナー,Laughing Look,Summer Squall,Charming Tiara,Hail to Reason,Cosmah,Understanding,Mountain Flower,Lyphard,Lady Rebecca,Busted,Highclere,Roberto,アラビア,Crafty Prospector,Zienelle,Danzig,Razyana,Double Form,Ash Lawn,Hail to Reason,Cosmah,Understanding,Mountain Flower,Mr. Prospector,Con Game,Northern Dancer,Far,Mr. Prospector,File,Damascus,Laughter,Storm Bird,Weekend Surprise,Alydar,My Charmer
2023100629,インディチャンプ,ラヴィーズラヴィン,ステイゴールド,ウィルパワー,Giant's Causeway,Lu Ravi,サンデーサイレンス,ゴールデンサッシュ,キングカメハメハ,トキオリアリティー,Storm Cat,Mariah's Storm,A.P. Indy,At the Half,Halo,Wishing Well,ディクタス,ダイナサッシュ,Kingmambo,マンファス,Meadowlake,What a Reality,Storm Bird,Terlingua,Rahy,イメンス,Seattle Slew,Weekend Surprise,Seeking the Gold,Knitted Gloves,Hail to Reason,Cosmah,Understanding,Mountain Flower,Sanctus,Doronic,ノーザンテースト,ロイヤルサッシュ,Mr. Prospector,Miesque,ラストタイクーン,Pilot Bird,Hold Your Peace,Suspicious Native,In Reality,What Will Be,Northern Dancer,South Ocean,Secretariat,Crimson Saint,Blushing Groom,Glorious Song,Roberto,Imsodear,Bold Reasoning,My Charmer,Secretariat,Lassie Dear,Mr. Prospector,Con Game,White Gloves,Fleet Needles
2023101644,オルフェーヴル,エナジャイズ,ステイゴールド,オリエンタルアート,キングカメハメハ,アリー,サンデーサイレンス,ゴールデンサッシュ,メジロマックイーン,エレクトロアート,Kingmambo,マンファス,Deputy Minister,Secret Partner,Halo,Wishing Well,ディクタス,ダイナサッシュ,メジロティターン,メジロオーロラ,ノーザンテースト,グランマスティーヴンス,Mr. Prospector,Miesque,ラストタイクーン,Pilot Bird,Vice Regent,Mint Copy,Rahy,Farewell Partner,Hail to Reason,Cosmah,Understanding,Mountain Flower,Sanctus,Doronic,ノーザンテースト,ロイヤルサッシュ,メジロアサマ,シエリル,リマンド,メジロアイリス,Northern Dancer,Lady Victoria,Lt. Stevens,Dhow,Raise a Native,Gold Digger,Nureyev,Pasadoble,トライマイベスト,Mill Princess,Blakeney,The Dancer,Northern Dancer,Victoria Regina,Bunty's Flight,Shakney,Blushing Groom,Glorious Song,Northern Dancer,Native Partner
2023103621,イスラボニータ,エンドーツダ,フジキセキ,イスラコジーン,タートルボウル,ウィッシュ,サンデーサイレンス,ミルレーサー,Cozzene,Isla Mujeres,Dyhim Diamond,Clara Bow,ディープインパクト,コマーサント,Halo,Wishing Well,Le Fabuleux,Marston's Mill,Caro,Ride the Trails,Crafty Prospector,Lido Isle,Night Shift,Happy Landing,Top Ville,Kamiya,サンデーサイレンス,ウインドインハーヘア,Marchand de Sable,Deception,Hail to Reason,Cosmah,Understanding,Mountain Flower,Wild Risk,Anguar,In Reality,Millicent,フォルティノ,Chambord,Prince John,Wildwook,Mr. Prospector,Real Crafty Lady,Far North,She Is Gorgeous,Northern Dancer,Ciboulette,Homing,Laughing Goddess,High Top,Sega Ville,Kalamoun,Shahinaaz,Halo,Wishing Well,Alzao,Burghclere,Theatrical,Mercantile,Tropular,Blushing Oak
2023102964,リオンディーズ,ロイヤルヴォルト,キングカメハメハ,シーザリオ,ディープインパクト,レディジョアン,Kingmambo,マンファス,スペシャルウィーク,キロフプリミエール,サンデーサイレンス,ウインドインハーヘア,Orientate,Oatsee,Mr. Prospector,Miesque,ラストタイクーン,Pilot Bird,サンデーサイレンス,キャンペンガール,Sadler's Wells,Querida,Halo,Wishing Well,Alzao,Burghclere,Mt. Livermore,Dream Team,Unbridled,With Every Wish,Raise a Native,Gold Digger,Nureyev,Pasadoble,トライマイベスト,Mill Princess,Blakeney,The Dancer,Halo,Wishing Well,マルゼンスキー,レディーシラオキ,Northern Dancer,Fairy Bridge,Habitat,Principia,Hail to Reason,Cosmah,Understanding,Mountain Flower,Lyphard,Lady Rebecca,Busted,Highclere,Blushing Groom,Flama Ardiente,Cox's Ridge,Likely Double,Fappiano,Gana Facil,Lear Fan,Amo
2023102107,マジェスティックウォリアー,オーシャンケリー,A.P. Indy,Dream Supreme,シンボリクリスエス,ベイルリ,Seattle Slew,Weekend Surprise,Seeking the Gold,Spinning Round,Kris S.,Tee Kay,スペシャルウィーク,アミティエ,Bold Reasoning,My Charmer,Secretariat,Lassie Dear,Mr. Prospector,Con Game,Dixieland Band,Take Heart,Roberto,Sharp Queen,Gold Meridian,Tri Argo,サンデーサイレンス,キャンペンガール,Sadler's Wells,Charming Life,Boldnesian,Reason to Earn,Poker,Fair Charmer,Bold Ruler,Somethingroyal,Buckpasser,Gay Missile,Raise a Native,Gold Digger,Buckpasser,Broadway,Northern Dancer,Mississippi Mud,Secretariat,Deck Stewardess,Hail to Reason,Bramalea,Princequillo,Bridgework,Seattle Slew,Queen Louie,Tri Jet,Hail Proudly,Halo,Wishing Well,マルゼンスキー,レディーシラオキ,Northern Dancer,Fairy Bridge,Habitat,Fighting
2023101444,アメリカンペイトリオット,アルカナ,War Front,Life Well Lived,ステイゴールド,デューティ,Danzig,Starry Dreamer,Tiznow,Well Dressed,サンデーサイレンス,ゴールデンサッシュ,ヘネシー,Freesia,Northern Dancer,Pas de Nom,Rubiano,Lara's Star,Cee's Tizzy,Cee's Song,Notebook,Trithenia,Halo,Wishing Well,ディクタス,ダイナサッシュ,Storm Cat,Island Kitty,Cox's Ridge,Fiesta Libre,Nearctic,Natalma,Admiral's Voyage,Petitioner,Fappiano,Ruby Slippers,Forli,True Reality,Relaunch,テイズリー,Seattle Song,Lonely Dancer,Well Decorated,Mobcap,Gold Meridian,Tri Argo,Hail to Reason,Cosmah,Understanding,Mountain Flower,Sanctus,Doronic,ノーザンテースト,ロイヤルサッシュ,Storm Bird,Terlingua,Hawaii,T. C. Kitten,Best Turn,Our Martha,Damascus,Cappella
2023101095,シャンハイボビー,メイシャイン,Harlan's Holiday,Steelin',シンボリクリスエス,スターアルファ,Harlan,Christmas in Aiken,Orientate,Steel Band,Kris S.,Tee Kay,サンデーサイレンス,アンティックヴァリュー,Storm Cat,Country Romance,Affirmed,Dowager,Mt. Livermore,Dream Team,Carson City,ウェディングバンド,Roberto,Sharp Queen,Gold Meridian,Tri Argo,Halo,Wishing Well,Northern Dancer,Moonscape,Storm Bird,Terlingua,Halo,Sweet Romance,Exclusive Native,Won't Tell You,Honest Pleasure,Princessnesian,Blushing Groom,Flama Ardiente,Cox's Ridge,Likely Double,Mr. Prospector,Blushing Promise,Mighty Appealing,Ring of Steel,Hail to Reason,Bramalea,Princequillo,Bridgework,Seattle Slew,Queen Louie,Tri Jet,Hail Proudly,Hail to Reason,Cosmah,Understanding,Mountain Flower,Nearctic,Natalma,Tom Fool,Brazen
2023100588,Magna Grecia,ドルスノッテ,Invincible Spirit,Cabaret,The Gurkha,Await,Green Desert,Rafha,Galileo,Witch of Fife,Galileo,Chintz,パントレセレブル,Starring Role,Danzig,Foreign Courier,Kris,Eljazzi,Sadler's Wells,Urban Sea,Lear Fan,Fife,Sadler's Wells,Urban Sea,Danehill Dancer,Gold Dodger,Nureyev,Peinture Bleue,Glenstal,Tough Lady,Northern Dancer,Pas de Nom,Sir Ivor,Courtly Dee,Sharpen Up,Doubly Sure,アーテイアス,Border Bounty,Northern Dancer,Fairy Bridge,Miswaki,Allegretta,Roberto,Wac,Lomond,Fiddle-Faddle,Northern Dancer,Fairy Bridge,Miswaki,Allegretta,デインヒル,Mira Adonde,Slew o' Gold,Brooklyn's Dance,Northern Dancer,Special,Alydar,Petroleuse,Northern Dancer,Cloonlara,Bay Express,Nevetta
2023106582,ストーミーシー,イオ,アドマイヤムーン,リーベストラウム,タイキシャトル,クラウンガルチ,エンドスウィープ,マイケイティーズ,ゼンノエルシド,マウントモガミ,Devil's Bag,ウェルシュマフィン,Gulch,モムズクラウン,フォーティナイナー,Broom Dance,サンデーサイレンス,ケイティーズファースト,Caerleon,エンブラ,モガミ,マウントソブリン,Halo,Ballade,Caerleon,Muffitys,Mr. Prospector,Jameela,Chief's Crown,Mom's Command,Mr. Prospector,File,Dance Spell,Witching Hour,Halo,Wishing Well,Kris,Katies,Nijinsky,Foreseer,Dominion,Kaftan,Lyphard,ノーラック,ラッキーソブリン,マルイチアサコ,Hail to Reason,Cosmah,Herbager,Miss Swapsco,Nijinsky,Foreseer,Thatch,Contrail,Raise a Native,Gold Digger,Rambunctious,Asbury Mary,Danzig,Six Crowns,Top Command,Star Mommy
2023101798,サトノジェネシス,レアシルウィア,ディープインパクト,マルペンサ,ティンバーカントリー,フミノアミューズ,サンデーサイレンス,ウインドインハーヘア,Orpen,Marsella,Woodman,Fall Aspen,キャタオラ,フミノクロユリ,Halo,Wishing Well,Alzao,Burghclere,Lure,Bonita Francita,サザンヘイロー,Riviere,Mr. Prospector,プレイメイト,Pretense,Change Water,Never Bend,Silent Beauty,コインドシルバー,ヒカルシンモエ,Hail to Reason,Cosmah,Understanding,Mountain Flower,Lyphard,Lady Rebecca,Busted,Highclere,Danzig,Endear,Devil's Bag,Raise the Standard,Halo,Northern Sea,Logical,Talonada,Raise a Native,Gold Digger,Buckpasser,Intriguing,Endeavour,Imitation,Swaps,Portage,Nasrullah,Lalun,Creme dela Creme,Village Beauty,Herbager,Silver Coin,ダイハード,ミスコウジン
2023100795,クラウンレガーロ,クラウンシトラス,グラスワンダー,エクストラニュース,スニッツェル,ファンシーオレンジ,Silver Hawk,Ameriflora,エンドスウィープ,スケアヘッドライン,Redoute's Choice,Snippets' Lass,マイニング,ブランチリーヴス,Roberto,Gris Vitesse,Danzig,Graceful Touch,フォーティナイナー,Broom Dance,パドスール,シャダイチャッター,デインヒル,Shantha's Choice,Snippets,Snow Finch,Mr. Prospector,I Pass,ミルジョージ,フラッグスターフ,Hail to Reason,Bramalea,Amerigo,Matchiche,Northern Dancer,Pas de Nom,His Majesty,Pi Phi Gal,Mr. Prospector,File,Dance Spell,Witching Hour,Mill Reef,Thereby,ノーザンテースト,ペルースポート,Danzig,Razyana,Canny Lad,Dancing Show,Lunchtime,Easy Date,Storm Bird,A Realgirl,Raise a Native,Gold Digger,Buckpasser,Impish,Mill Reef,Miss Charisma,ノーザンテースト,シヤダイフラッグ
2023103341,ドレフォン,エアハンコック,Gio Ponti,Eltimaas,キングカメハメハ,エアワンピース,Tale of the Cat,Chipeta Springs,Ghostzapper,Najecam,Kingmambo,マンファス,ロックオブジブラルタル,エアメサイア,Storm Cat,Yarn,Alydar,Salt Spring,Awesome Again,Baby Zip,Trempolino,Sue Warner,Mr. Prospector,Miesque,ラストタイクーン,Pilot Bird,デインヒル,Offshore Boom,サンデーサイレンス,エアデジャヴー,Storm Bird,Terlingua,Mr. Prospector,Narrate,Raise a Native,Sweet Tooth,Salt Marsh,Jungle Mythologic,Deputy Minister,Primal Force,Relaunch,Thirty Zip,Sharpen Up,Trephine,Forli,Bitty Girl,Raise a Native,Gold Digger,Nureyev,Pasadoble,トライマイベスト,Mill Princess,Blakeney,The Dancer,Danzig,Razyana,Be My Guest,Push a Button,Halo,Wishing Well,ノーザンテースト,アイドリームドアドリーム
2023103048,シャンハイボビー,ビヴァレッジクイーン,Harlan's Holiday,Steelin',Indygo Shiner,Beer Baroness,Harlan,Christmas in Aiken,Orientate,Steel Band,A.P. Indy,Navarra,Mr. Greeley,Lavish Numbers,Storm Cat,Country Romance,Affirmed,Dowager,Mt. Livermore,Dream Team,Carson City,ウェディングバンド,Seattle Slew,Weekend Surprise,El Gran Senor,Image of Reality,Gone West,Long Legend,Polish Numbers,Timeleighness,Storm Bird,Terlingua,Halo,Sweet Romance,Exclusive Native,Won't Tell You,Honest Pleasure,Princessnesian,Blushing Groom,Flama Ardiente,Cox's Ridge,Likely Double,Mr. Prospector,Blushing Promise,Mighty Appealing,Ring of Steel,Bold Reasoning,My Charmer,Secretariat,Lassie Dear,Northern Dancer,Sex Appeal,In Reality,Edee's Image,Mr. Prospector,Secrettame,Reviewer,Lianga,Danzig,Numbered Account,Sir Raleigh,Pleasure Moment
2023104668,ヘニーヒューズ,オーパキャマラード,ヘネシー,Meadow Flyer,ダンカーク,クロワラモー,Storm Cat,Island Kitty,Meadowlake,Shortley,Unbridled's Song,Secret Status,スペシャルウィーク,メジェール,Storm Bird,Terlingua,Hawaii,T. C. Kitten,Hold Your Peace,Suspicious Native,Hagley,Short Winded,Unbridled,Trolley Song,A.P. Indy,Private Status,サンデーサイレンス,キャンペンガール,タバスコキャット,カスパースカイゴールド,Northern Dancer,South Ocean,Secretariat,Crimson Saint,Utrillo,Ethane,Tom Cat,Needlebug,Speak John,Blue Moon,Raise a Native,Be Suspicious,Olden Times,Teo Pepi,Harvest Singing,Wild Cloud,Fappiano,Gana Facil,Caro,Lucky Spell,Seattle Slew,Weekend Surprise,Alydar,Miss Eva,Halo,Wishing Well,マルゼンスキー,レディーシラオキ,Storm Cat,Barbicue Sauce,Seeking the Gold,ビベ
2023101349,ミスチヴィアスアレックス,サーチュイン,Into Mischief,White Pants Night,クロフネ,トウカイライフ,Harlan's Holiday,Leslie's Lady,Speightstown,More d'Amour,フレンチデピュティ,ブルーアヴェニュー,トウカイテイオー,ファヴォリ,Harlan,Christmas in Aiken,Tricky Creek,Crystal Lady,Gone West,Silken Cat,Tour d'Or,Love Connection,Deputy Minister,Mitterand,Classic Go Go,Eliza Blue,シンボリルドルフ,トウカイナチュラル,リアルシャダイ,ベイリーフスイータ,Storm Cat,Country Romance,Affirmed,Dowager,Clever Trick,Battle Creek Girl,Stop the Music,One Last Bird,Mr. Prospector,Secrettame,Storm Cat,Silken Doll,Medaille d'Or,Debby's Turn,Master Derby,Perfect Connection,Vice Regent,Mint Copy,Hold Your Peace,Laredo Lass,Pago Pago,Classic Perfection,Icecapade,コレラ,パーソロン,スイートルナ,ナイスダンサー,トウカイミドリ,Roberto,Desert Vixen,ターゴワイス,マギーサンイツ
2023104853,オルフェーヴル,フェニアンサイクル,ステイゴールド,オリエンタルアート,ロードカナロア,アリアプーラ,サンデーサイレンス,ゴールデンサッシュ,メジロマックイーン,エレクトロアート,キングカメハメハ,レディブラッサム,Flying Spur,Fortunata,Halo,Wishing Well,ディクタス,ダイナサッシュ,メジロティターン,メジロオーロラ,ノーザンテースト,グランマスティーヴンス,Kingmambo,マンファス,Storm Cat,サラトガデュー,デインヒル,Rolls,Dr. Grace,Extradite,Hail to Reason,Cosmah,Understanding,Mountain Flower,Sanctus,Doronic,ノーザンテースト,ロイヤルサッシュ,メジロアサマ,シエリル,リマンド,メジロアイリス,Northern Dancer,Lady Victoria,Lt. Stevens,Dhow,Mr. Prospector,Miesque,ラストタイクーン,Pilot Bird,Storm Bird,Terlingua,Cormorant,Super Luna,Danzig,Razyana,Mr. Prospector,Grand Luxe,Sir Tristram,English Wonder,Bletchingly,Expulsion
2023100999,アルアイン,ピンクブロッサム,ディープインパクト,ドバイマジェスティ,ハービンジャー,ルナレガーロ,サンデーサイレンス,ウインドインハーヘア,Essence of Dubai,Great Majesty,Dansili,Penang Pearl,アドマイヤムーン,カーリーエンジェル,Halo,Wishing Well,Alzao,Burghclere,Pulpit,Epitome,Great Above,Mistic Majesty,デインヒル,Hasili,Bering,Guapa,エンドスウィープ,マイケイティーズ,ジャッジアンジェルーチ,ダイナカール,Hail to Reason,Cosmah,Understanding,Mountain Flower,Lyphard,Lady Rebecca,Busted,Highclere,A.P. Indy,Preach,Summing,Honest and True,Minnesota Mac,Ta Wee,His Majesty,Necaras Miss,Danzig,Razyana,Kahyasi,Kerali,Arctic Tern,Beaune,Shareef Dancer,Sauceboat,フォーティナイナー,Broom Dance,サンデーサイレンス,ケイティーズファースト,Honest Pleasure,Victorian Queen,ノーザンテースト,シャダイフェザー
2023101469,エンパイアペガサス,ヒアデス,エンパイアメーカー,ステージトリック,モンテロッソ,ノヴェンバースカイ,Unbridled,Toussaud,Distorted Humor,Engaging,Dubawi,Porto Roca,ディープスカイ,ノベンバースルー,Fappiano,Gana Facil,El Gran Senor,Image of Reality,フォーティナイナー,Danzig's Beauty,Private Account,Starlet Storm,Dubai Millennium,Zomaradah,Barathea,Antelliere,アグネスタキオン,アビ,Seattle Slew,November Snow,Mr. Prospector,Killaloe,Le Fabuleux,Charedi,Northern Dancer,Sex Appeal,In Reality,Edee's Image,Mr. Prospector,File,Danzig,Sweetest Chant,Damascus,Numbered Account,Storm Bird,Cinegita,Seeking the Gold,Colorado Dancer,Deploy,Jawaher,Sadler's Wells,Brocade,Salieri,Anntelle,サンデーサイレンス,アグネスフローラ,Chief's Crown,Carmelized,Bold Reasoning,My Charmer,Storm Cat,Princess Alydar
2023106398,オルフェーヴル,ダイヤモンドアスク,ステイゴールド,オリエンタルアート,ジャングルポケット,フューチャサンデー,サンデーサイレンス,ゴールデンサッシュ,メジロマックイーン,エレクトロアート,トニービン,ダンスチャーマー,サンデーサイレンス,アスクローザ,Halo,Wishing Well,ディクタス,ダイナサッシュ,メジロティターン,メジロオーロラ,ノーザンテースト,グランマスティーヴンス,カンパラ,Severn Bridge,Nureyev,Skillful Joy,Halo,Wishing Well,リアルシャダイ,オオミーアキノ,Hail to Reason,Cosmah,Understanding,Mountain Flower,Sanctus,Doronic,ノーザンテースト,ロイヤルサッシュ,メジロアサマ,シエリル,リマンド,メジロアイリス,Northern Dancer,Lady Victoria,Lt. Stevens,Dhow,Kalamoun,State Pension,Hornbeam,Priddy Fair,Northern Dancer,Special,Nodouble,Skillful Miss,Hail to Reason,Cosmah,Understanding,Mountain Flower,Roberto,Desert Vixen,ノーザンテースト,オオミシヤダイ
2023106294,エスポワールシチー,イセエビ,ゴールドアリュール,エミネントシチー,ハービンジャー,オメガロンド,サンデーサイレンス,ニキーヤ,ブライアンズタイム,ヘップバーンシチー,Dansili,Penang Pearl,フレンチデピュティ,ミスアルダント,Halo,Wishing Well,Nureyev,Reluctant Guest,Roberto,Kelley's Day,ブレイヴェストローマン,コンパルシチー,デインヒル,Hasili,Bering,Guapa,Deputy Minister,Mitterand,サンデーサイレンス,マガロ,Hail to Reason,Cosmah,Understanding,Mountain Flower,Northern Dancer,Special,Hostage,Vaguely Royal,Hail to Reason,Bramalea,Graustark,Golden Trail,Never Bend,Roman Song,トラフィック,リンネス,Danzig,Razyana,Kahyasi,Kerali,Arctic Tern,Beaune,Shareef Dancer,Sauceboat,Vice Regent,Mint Copy,Hold Your Peace,Laredo Lass,Halo,Wishing Well,Caro,Magic
2023102368,イスラボニータ,オーガンディー,フジキセキ,イスラコジーン,フレンチデピュティ,ラソーミュロワーズ,サンデーサイレンス,ミルレーサー,Cozzene,Isla Mujeres,Deputy Minister,Mitterand,Kendor,Mercalle,Halo,Wishing Well,Le Fabuleux,Marston's Mill,Caro,Ride the Trails,Crafty Prospector,Lido Isle,Vice Regent,Mint Copy,Hold Your Peace,Laredo Lass,Kenmare,Belle Mecene,Kaldoun,Eole des Mers,Hail to Reason,Cosmah,Understanding,Mountain Flower,Wild Risk,Anguar,In Reality,Millicent,フォルティノ,Chambord,Prince John,Wildwook,Mr. Prospector,Real Crafty Lady,Far North,She Is Gorgeous,Northern Dancer,Victoria Regina,Bunty's Flight,Shakney,Speak John,Blue Moon,Bold Ruler,Fortunate Isle,Kalamoun,Belle of Ireland,ゲイメセン,Djaka Belle,Caro,Katana,Carvin,Deesse des Mers
2023106675,マテラスカイ,マリーンワン,Speightstown,Mostaqeleh,サウスヴィグラス,ファーストレディ,Gone West,Silken Cat,Rahy,Istiqlal,エンドスウィープ,ダーケストスター,スマートボーイ,ラストヒット,Mr. Prospector,Secrettame,Storm Cat,Silken Doll,Blushing Groom,Glorious Song,Diesis,Wasnah,フォーティナイナー,Broom Dance,Star de Naskra,Minnie Riperton,アサティス,アンラブル,スラヴィック,ゲートアンドフライ,Raise a Native,Gold Digger,Secretariat,Tamerett,Storm Bird,Terlingua,Chieftain,Insilca,Red God,Runaway Bride,Halo,Ballade,Sharpen Up,Doubly Sure,Nijinsky,Highest Trump,Mr. Prospector,File,Dance Spell,Witching Hour,Naskra,Candle Star,Cornish Prince,English Harbor,Topsider,Secret Asset,ノーリュート,アラート,Danzig,Bamesian,クラウンドプリンス,ヤマノコトブキ
2023104696,タワーオブロンドン,スーセントマリー,Raven's Pass,スノーパイン,ダイワメジャー,ロジャーズスー,Elusive Quality,Ascutney,Dalakhani,シンコウエルメス,サンデーサイレンス,スカーレットブーケ,Forestry,Fabulous,Gone West,Touch of Greatness,Lord at War,Right Word,Darshaan,Daltawa,Sadler's Wells,Doff the Derby,Halo,Wishing Well,ノーザンテースト,スカーレットインク,Storm Cat,Shared Interest,Seeking the Gold,Gorgeous,Mr. Prospector,Secrettame,Hero's Honor,Ivory Wand,General,Luna de Miel,Verbatim,Oratorio,Shirley Heights,Delsy,Miswaki,Damana,Northern Dancer,Fairy Bridge,Master Derby,Margarethen,Hail to Reason,Cosmah,Understanding,Mountain Flower,Northern Dancer,Lady Victoria,Crimson Satan,Consentida,Storm Bird,Terlingua,Pleasant Colony,Surgery,Mr. Prospector,Con Game,Slew o' Gold,Kamar
2023109038,スピルバーグ,フラッフィーベア,ディープインパクト,プリンセスオリビア,ナカヤマフェスタ,ダイヤモンドギフト,サンデーサイレンス,ウインドインハーヘア,Lycius,Dance Image,ステイゴールド,ディアウィンク,ブライアンズタイム,ダイヤモンドクイン,Halo,Wishing Well,Alzao,Burghclere,Mr. Prospector,Lypatia,Sadler's Wells,Diamond Spring,サンデーサイレンス,ゴールデンサッシュ,タイトスポット,セイレイ,Roberto,Kelley's Day,ラムタラ,ハギノトップレディ,Hail to Reason,Cosmah,Understanding,Mountain Flower,Lyphard,Lady Rebecca,Busted,Highclere,Raise a Native,Gold Digger,Lyphard,Hypatia,Northern Dancer,Fairy Bridge,Vaguely Noble,Dumfries,Halo,Wishing Well,ディクタス,ダイナサッシュ,His Majesty,Premium Win,デインヒル,センスオブリズム,Hail to Reason,Bramalea,Graustark,Golden Trail,Nijinsky,Snow Bride,サンシー,イツトー
2023101205,ウインブライト,ティファイファイ,ステイゴールド,サマーエタニティ,スターリングローズ,メジロティファニー,サンデーサイレンス,ゴールデンサッシュ,アドマイヤコジーン,オールフォーゲラン,アフリート,コマーズ,モガミ,メジロビューティー,Halo,Wishing Well,ディクタス,ダイナサッシュ,Cozzene,アドマイヤマカディ,ジェイドロバリー,ミスゲラン,Mr. Prospector,Polite Lady,Danzig,ミドルマーチ,Lyphard,ノーラック,パーソロン,メジロナガサキ,Hail to Reason,Cosmah,Understanding,Mountain Flower,Sanctus,Doronic,ノーザンテースト,ロイヤルサッシュ,Caro,Ride the Trails,ノーザンテースト,ミセスマカディー,Mr. Prospector,Number,マルゼンスキー,ゲラン,Raise a Native,Gold Digger,Venetian Jester,Friendly Ways,Northern Dancer,Pas de Nom,Buckpasser,Nice Princess,Northern Dancer,Goofed,Lucky Debonair,No Teasing,Milesian,Paleo,ネヴァービート,メジロボサツ
2023104147,マインドユアビスケッツ,エールオンレール,Posse,Jazzmane,エピファネイア,アンナヴァン,Silver Deputy,Raska,Toccet,Alljazz,シンボリクリスエス,シーザリオ,エンドスウィープ,フサイチミニヨン,Deputy Minister,Silver Valley,Rahy,Borishka,Awesome Again,Cozzene's Angel,Stop the Music,Bounteous,Kris S.,Tee Kay,スペシャルウィーク,キロフプリミエール,フォーティナイナー,Broom Dance,サンデーサイレンス,バレークイーン,Vice Regent,Mint Copy,Mr. Prospector,Seven Valleys,Blushing Groom,Glorious Song,Roberto,Queen Maud,Deputy Minister,Primal Force,Cozzene,Charming Pan,Hail to Reason,Bebopper,Master Derby,Mlle. Quille,Roberto,Sharp Queen,Gold Meridian,Tri Argo,サンデーサイレンス,キャンペンガール,Sadler's Wells,Querida,Mr. Prospector,File,Dance Spell,Witching Hour,Halo,Wishing Well,Sadler's Wells,Sun Princess
2023107301,マインドユアビスケッツ,ラトーナ,Posse,Jazzmane,Dansili,レト,Silver Deputy,Raska,Toccet,Alljazz,デインヒル,Hasili,Diesis,ランジェリー,Deputy Minister,Silver Valley,Rahy,Borishka,Awesome Again,Cozzene's Angel,Stop the Music,Bounteous,Danzig,Razyana,Kahyasi,Kerali,Sharpen Up,Doubly Sure,Shirley Heights,Northern Trick,Vice Regent,Mint Copy,Mr. Prospector,Seven Valleys,Blushing Groom,Glorious Song,Roberto,Queen Maud,Deputy Minister,Primal Force,Cozzene,Charming Pan,Hail to Reason,Bebopper,Master Derby,Mlle. Quille,Northern Dancer,Pas de Nom,His Majesty,Spring Adieu,イルドブルボン,Kadissya,High Line,Sookera,エタン,Rocchetta,Reliance,Soft Angels,Mill Reef,Hardiemma,Northern Dancer,Trick Chick
2023103894,レイデオロ,ストーミーエンブレイス,キングカメハメハ,ラドラーダ,Circular Quay,Stormy Allure,Kingmambo,マンファス,シンボリクリスエス,レディブロンド,サンダーガルチ,Circle of Life,Stormy Atlantic,Ready and Alluring,Mr. Prospector,Miesque,ラストタイクーン,Pilot Bird,Kris S.,Tee Kay,Seeking the Gold,ウインドインハーヘア,Gulch,Line of Thunder,Belong to Me,Concentric,Storm Cat,Hail Atlantis,More Than Ready,Apalachee Allure,Raise a Native,Gold Digger,Nureyev,Pasadoble,トライマイベスト,Mill Princess,Blakeney,The Dancer,Roberto,Sharp Queen,Gold Meridian,Tri Argo,Mr. Prospector,Con Game,Alzao,Burghclere,Mr. Prospector,Jameela,Storm Bird,Shoot a Line,Danzig,Belonging,Shadeed,Magic Circle,Storm Bird,Terlingua,Seattle Slew,Flippers,サザンヘイロー,Woodman's Girl,Apalachee,Irish Allure
2023104103,エスポワールシチー,ステージトリック,ゴールドアリュール,エミネントシチー,Distorted Humor,Engaging,サンデーサイレンス,ニキーヤ,ブライアンズタイム,ヘップバーンシチー,フォーティナイナー,Danzig's Beauty,Private Account,Starlet Storm,Halo,Wishing Well,Nureyev,Reluctant Guest,Roberto,Kelley's Day,ブレイヴェストローマン,コンパルシチー,Mr. Prospector,File,Danzig,Sweetest Chant,Damascus,Numbered Account,Storm Bird,Cinegita,Hail to Reason,Cosmah,Understanding,Mountain Flower,Northern Dancer,Special,Hostage,Vaguely Royal,Hail to Reason,Bramalea,Graustark,Golden Trail,Never Bend,Roman Song,トラフィック,リンネス,Raise a Native,Gold Digger,Tom Rolfe,Continue,Northern Dancer,Pas de Nom,Mr. Leader,Gay Sonnet,Sword Dancer,Kerala,Buckpasser,Intriguing,Northern Dancer,South Ocean,Secretariat,Wanika
2023105439,シュヴァルグラン,カシマサミダレ,ハーツクライ,ハルーワスウィート,シニスターミニスター,ピサノマイセン,サンデーサイレンス,アイリッシュダンス,Machiavellian,ハルーワソング,Old Trieste,Sweet Minister,マイニング,ユニバーサルダイナ,Halo,Wishing Well,トニービン,ビューパーダンス,Mr. Prospector,Coup de Folie,Nureyev,Morn of Song,A.P. Indy,Lovlier Linda,The Prime Minister,Sweet Blue,Mr. Prospector,I Pass,ノーザンテースト,リンデンプリンセス,Hail to Reason,Cosmah,Understanding,Mountain Flower,カンパラ,Severn Bridge,Lyphard,My Bupers,Raise a Native,Gold Digger,Halo,Raise the Standard,Northern Dancer,Special,Blushing Groom,Glorious Song,Seattle Slew,Weekend Surprise,Vigors,Linda Summers,Deputy Minister,Stick to Beauty,Hurry Up Blue,Sugar Gold,Raise a Native,Gold Digger,Buckpasser,Impish,Northern Dancer,Lady Victoria,Prince John,Linden Heights
2023104706,リーチザクラウン,ニシノミウ,スペシャルウィーク,クラウンピース,スマートファルコン,ニシノマドカ,サンデーサイレンス,キャンペンガール,Seattle Slew,クラシッククラウン,ゴールドアリュール,ケイシュウハーブ,ジャングルポケット,ニシノプロミネンス,Halo,Wishing Well,マルゼンスキー,レディーシラオキ,Bold Reasoning,My Charmer,Mr. Prospector,Six Crowns,サンデーサイレンス,ニキーヤ,ミシシッピアン,キョウエイシラユキ,トニービン,ダンスチャーマー,ブライアンズタイム,ブランドノーブル,Hail to Reason,Cosmah,Understanding,Mountain Flower,Nijinsky,シル,セントクレスピン,ミスアシヤガワ,Boldnesian,Reason to Earn,Poker,Fair Charmer,Raise a Native,Gold Digger,Secretariat,Chris Evert,Halo,Wishing Well,Nureyev,Reluctant Guest,Vaguely Noble,Gazala,クラウンドプリンス,アリアーン,カンパラ,Severn Bridge,Nureyev,Skillful Joy,Roberto,Kelley's Day,シェルシュールドール,ニシノマッサリア
2023104193,ナダル,クァンタムミス,Blame,Ascending Angel,Smoke Glacken,Quanah County,Arch,Liable,Pulpit,Solar Colony,Two Punch,Majesty's Crown,Valid Expectations,Platinum Pearl,Kris S.,Aurora,Seeking the Gold,Bound,A.P. Indy,Preach,Pleasant Colony,Meteor Stage,Mr. Prospector,Heavenly Cause,Magesterial,Queen's Crown,Valid Appeal,Mepache,Plugged Nickle,Pink Platinum,Roberto,Sharp Queen,Danzig,Althea,Mr. Prospector,Con Game,Nijinsky,Special,Seattle Slew,Weekend Surprise,Mr. Prospector,Narrate,His Majesty,Sun Colony,Stage Door Johnny,Northern Meteor,Raise a Native,Gold Digger,Grey Dawn II,Lady Dulcinea,Northern Dancer,Courting Days,King Emperor,Turn Capp,In Reality,Desert Trial,Iron Constitution,Nowmepache,Key to the Mint,Toll Booth,Quadrangle,Romwood
2023102398,ゴールドドリーム,ハイエストクイーン,ゴールドアリュール,モンヴェール,シンボリクリスエス,タニノハイクレア,サンデーサイレンス,ニキーヤ,フレンチデピュティ,スペシャルジェイド,Kris S.,Tee Kay,クロフネ,インヴァイト,Halo,Wishing Well,Nureyev,Reluctant Guest,Deputy Minister,Mitterand,Cox's Ridge,Statistic,Roberto,Sharp Queen,Gold Meridian,Tri Argo,フレンチデピュティ,ブルーアヴェニュー,Be My Guest,Burghclere,Hail to Reason,Cosmah,Understanding,Mountain Flower,Northern Dancer,Special,Hostage,Vaguely Royal,Vice Regent,Mint Copy,Hold Your Peace,Laredo Lass,Best Turn,Our Martha,Mr. Prospector,Number,Hail to Reason,Bramalea,Princequillo,Bridgework,Seattle Slew,Queen Louie,Tri Jet,Hail Proudly,Deputy Minister,Mitterand,Classic Go Go,Eliza Blue,Northern Dancer,What a Treat,Busted,Highclere
2023106958,クリソベリル,ガートルード,ゴールドアリュール,クリソプレーズ,ジャングルポケット,アンブロワーズ,サンデーサイレンス,ニキーヤ,エルコンドルパサー,キャサリーンパー,トニービン,ダンスチャーマー,フレンチデピュティ,フサイチミニヨン,Halo,Wishing Well,Nureyev,Reluctant Guest,Kingmambo,サドラーズギャル,Riverman,Regal Exception,カンパラ,Severn Bridge,Nureyev,Skillful Joy,Deputy Minister,Mitterand,サンデーサイレンス,バレークイーン,Hail to Reason,Cosmah,Understanding,Mountain Flower,Northern Dancer,Special,Hostage,Vaguely Royal,Mr. Prospector,Miesque,Sadler's Wells,Glenveagh,Never Bend,River Lady,Ribot,Rajput Princess,Kalamoun,State Pension,Hornbeam,Priddy Fair,Northern Dancer,Special,Nodouble,Skillful Miss,Vice Regent,Mint Copy,Hold Your Peace,Laredo Lass,Halo,Wishing Well,Sadler's Wells,Sun Princess
2023106452,ゴールドシップ,ディスポーザブルプレジャー,ステイゴールド,ポイントフラッグ,Giacomo,My Canada,サンデーサイレンス,ゴールデンサッシュ,メジロマックイーン,パストラリズム,Holy Bull,Set Them Free,With Approval,My Sweet Country,Halo,Wishing Well,ディクタス,ダイナサッシュ,メジロティターン,メジロオーロラ,プルラリズム,トクノエイティー,Great Above,Sharon Brown,Stop the Music,Valseuse,Caro,Passing Mood,Bold Ruckus,Devinette,Hail to Reason,Cosmah,Understanding,Mountain Flower,Sanctus,Doronic,ノーザンテースト,ロイヤルサッシュ,メジロアサマ,シエリル,リマンド,メジロアイリス,The Minstrel,Cambretta,トライバルチーフ,アイアンルビー,Minnesota Mac,Ta Wee,Al Hattab,Agathea's Dawn,Hail to Reason,Bebopper,Tyrant,Barbarossa,フォルティノ,Chambord,Buckpasser,Cool Mood,Boldnesian,Raise a Ruckus,Secretariat,Respond
2023101578,コパノリッキー,テーオーキャンディ,ゴールドアリュール,コパノニキータ,エイシンフラッシュ,キャンディーストア,サンデーサイレンス,ニキーヤ,ティンバーカントリー,ニホンピロローズ,キングズベスト,ムーンレディ,スペシャルウィーク,フサイチハッスル,Halo,Wishing Well,Nureyev,Reluctant Guest,Woodman,Fall Aspen,トニービン,ウェディングブーケ,Kingmambo,Allegretta,Platini,Midnight Fever,サンデーサイレンス,キャンペンガール,トニービン,ダイナシュガー,Hail to Reason,Cosmah,Understanding,Mountain Flower,Northern Dancer,Special,Hostage,Vaguely Royal,Mr. Prospector,プレイメイト,Pretense,Change Water,カンパラ,Severn Bridge,リアルシャダイ,アリーウイン,Mr. Prospector,Miesque,Lombard,Anatevka,Surumu,Prairie Darling,Sure Blade,Majoritat,Halo,Wishing Well,マルゼンスキー,レディーシラオキ,カンパラ,Severn Bridge,ノーザンテースト,サンドラターフ
2023101278,アメリカンペイトリオット,マオノココロ,War Front,Life Well Lived,ヴァーミリアン,キスアンドクライ,Danzig,Starry Dreamer,Tiznow,Well Dressed,エルコンドルパサー,スカーレットレディ,タイキシャトル,ペリウィンクル,Northern Dancer,Pas de Nom,Rubiano,Lara's Star,Cee's Tizzy,Cee's Song,Notebook,Trithenia,Kingmambo,サドラーズギャル,サンデーサイレンス,スカーレットローズ,Devil's Bag,ウェルシュマフィン,フォーティナイナー,ダジルミージョリエ,Nearctic,Natalma,Admiral's Voyage,Petitioner,Fappiano,Ruby Slippers,Forli,True Reality,Relaunch,テイズリー,Seattle Song,Lonely Dancer,Well Decorated,Mobcap,Gold Meridian,Tri Argo,Mr. Prospector,Miesque,Sadler's Wells,Glenveagh,Halo,Wishing Well,ノーザンテースト,スカーレットインク,Halo,Ballade,Caerleon,Muffitys,Mr. Prospector,File,Carr de Naskra,Mawgrit
2023103915,アメリカンペイトリオット,アンシャンテ,War Front,Life Well Lived,エピファネイア,ハートフルデイズ,Danzig,Starry Dreamer,Tiznow,Well Dressed,シンボリクリスエス,シーザリオ,キングカメハメハ,グローリアスデイズ,Northern Dancer,Pas de Nom,Rubiano,Lara's Star,Cee's Tizzy,Cee's Song,Notebook,Trithenia,Kris S.,Tee Kay,スペシャルウィーク,キロフプリミエール,Kingmambo,マンファス,サンデーサイレンス,グレースアドマイヤ,Nearctic,Natalma,Admiral's Voyage,Petitioner,Fappiano,Ruby Slippers,Forli,True Reality,Relaunch,テイズリー,Seattle Song,Lonely Dancer,Well Decorated,Mobcap,Gold Meridian,Tri Argo,Roberto,Sharp Queen,Gold Meridian,Tri Argo,サンデーサイレンス,キャンペンガール,Sadler's Wells,Querida,Mr. Prospector,Miesque,ラストタイクーン,Pilot Bird,Halo,Wishing Well,トニービン,バレークイーン
2023106374,アメリカンペイトリオット,ユリカチャン,War Front,Life Well Lived,ゴールドアリュール,オージーカンパニー,Danzig,Starry Dreamer,Tiznow,Well Dressed,サンデーサイレンス,ニキーヤ,Catrail,Irish Company,Northern Dancer,Pas de Nom,Rubiano,Lara's Star,Cee's Tizzy,Cee's Song,Notebook,Trithenia,Halo,Wishing Well,Nureyev,Reluctant Guest,Storm Cat,Tough as Nails,Irish River,バブルカンパニー,Nearctic,Natalma,Admiral's Voyage,Petitioner,Fappiano,Ruby Slippers,Forli,True Reality,Relaunch,テイズリー,Seattle Song,Lonely Dancer,Well Decorated,Mobcap,Gold Meridian,Tri Argo,Hail to Reason,Cosmah,Understanding,Mountain Flower,Northern Dancer,Special,Hostage,Vaguely Royal,Storm Bird,Terlingua,Majestic Light,Hardliner,Riverman,Irish Star,Lyphard,Prodice
2023103917,ミッキーアイル,ネオイリュージョン,ディープインパクト,スターアイル,ネオユニヴァース,マンファス,サンデーサイレンス,ウインドインハーヘア,ロックオブジブラルタル,アイルドフランス,サンデーサイレンス,ポインテッドパス,ラストタイクーン,Pilot Bird,Halo,Wishing Well,Alzao,Burghclere,デインヒル,Offshore Boom,Nureyev,ステラマドリッド,Halo,Wishing Well,Kris,Silken Way,トライマイベスト,Mill Princess,Blakeney,The Dancer,Hail to Reason,Cosmah,Understanding,Mountain Flower,Lyphard,Lady Rebecca,Busted,Highclere,Danzig,Razyana,Be My Guest,Push a Button,Northern Dancer,Special,Alydar,My Juliet,Hail to Reason,Cosmah,Understanding,Mountain Flower,Sharpen Up,Doubly Sure,Shantung,Boulevard,Northern Dancer,Sex Appeal,Mill Reef,Irish Lass,Hethersett,Windmill Girl,Green Dancer,Khazaeen
2023105420,アドマイヤマーズ,エンジェルドンキ,ダイワメジャー,ヴィアメディチ,ディープインパクト,トレノエンジェル,サンデーサイレンス,スカーレットブーケ,Medicean,Via Milano,サンデーサイレンス,ウインドインハーヘア,タイキシャトル,アスクコマンダー,Halo,Wishing Well,ノーザンテースト,スカーレットインク,Machiavellian,Mystic Goddess,Singspiel,Salvinaxia,Halo,Wishing Well,Alzao,Burghclere,Devil's Bag,ウェルシュマフィン,コマンダーインチーフ,エイブルカグラ,Hail to Reason,Cosmah,Understanding,Mountain Flower,Northern Dancer,Lady Victoria,Crimson Satan,Consentida,Mr. Prospector,Coup de Folie,Storm Bird,Rose Goddess,In the Wings,Glorious Song,Linamix,Salve,Hail to Reason,Cosmah,Understanding,Mountain Flower,Lyphard,Lady Rebecca,Busted,Highclere,Halo,Ballade,Caerleon,Muffitys,ダンシングブレーヴ,Slightly Dangerous,ジェイドロバリー,シャダイカグラ
2023103694,サングレーザー,スキャットレディビーダンシング,ディープインパクト,マンティスハント,Scat Daddy,La Violette,サンデーサイレンス,ウインドインハーヘア,Deputy Minister,ウィッチフルシンキング,ヨハネスブルグ,Love Style,コロナドズクエスト,Comical Cat,Halo,Wishing Well,Alzao,Burghclere,Vice Regent,Mint Copy,Lord Avie,Halloween Joy,ヘネシー,Myth,Mr. Prospector,Likeable Style,フォーティナイナー,Laughing Look,Exceller,Six Months Long,Hail to Reason,Cosmah,Understanding,Mountain Flower,Lyphard,Lady Rebecca,Busted,Highclere,Northern Dancer,Victoria Regina,Bunty's Flight,Shakney,Lord Gaylord,Avie,Exuberant,Halloween,Storm Cat,Island Kitty,オジジアン,Yarn,Raise a Native,Gold Digger,Nijinsky,Personable Lady,Mr. Prospector,File,Damascus,Laughter,Vaguely Noble,Too Bald,Northern Dancer,Prime Time
2023100179,ダノンプレミアム,シーソルティキッス,ディープインパクト,インディアナギャル,キングカメハメハ,ソルティビッド,サンデーサイレンス,ウインドインハーヘア,Intikhab,Genial Jenny,Kingmambo,マンファス,Salt Lake,Piper Piper,Halo,Wishing Well,Alzao,Burghclere,Red Ransom,Crafty Example,デインヒル,Joma Kaanem,Mr. Prospector,Miesque,ラストタイクーン,Pilot Bird,Deputy Minister,Take Lady Anne,Spectacular Bid,Alvarada,Hail to Reason,Cosmah,Understanding,Mountain Flower,Lyphard,Lady Rebecca,Busted,Highclere,Roberto,アラビア,Crafty Prospector,Zienelle,Danzig,Razyana,Double Form,Ash Lawn,Raise a Native,Gold Digger,Nureyev,Pasadoble,トライマイベスト,Mill Princess,Blakeney,The Dancer,Vice Regent,Mint Copy,Queen City Lad,Lovita H.,Bold Bidder,Spectacular,Hard Work,Easterborn
2023106829,レイデオロ,アシュリン,キングカメハメハ,ラドラーダ,マンハッタンカフェ,アンティックドール,Kingmambo,マンファス,シンボリクリスエス,レディブロンド,サンデーサイレンス,サトルチェンジ,Fusaichi Pegasus,Antique Auction,Mr. Prospector,Miesque,ラストタイクーン,Pilot Bird,Kris S.,Tee Kay,Seeking the Gold,ウインドインハーヘア,Halo,Wishing Well,Law Society,Santa Luciana,Mr. Prospector,Angel Fever,Geiger Counter,オールドスタッフ,Raise a Native,Gold Digger,Nureyev,Pasadoble,トライマイベスト,Mill Princess,Blakeney,The Dancer,Roberto,Sharp Queen,Gold Meridian,Tri Argo,Mr. Prospector,Con Game,Alzao,Burghclere,Hail to Reason,Cosmah,Understanding,Mountain Flower,Alleged,Bold Bikini,Luciano,Suleika,Raise a Native,Gold Digger,Danzig,Rowdy Angel,Mr. Prospector,Thong,Irish River,アンティックヴァリュー
2023103238,ダノンプレミアム,クイーンオブハルカ,ディープインパクト,インディアナギャル,Singspiel,クイーンオブスターズ,サンデーサイレンス,ウインドインハーヘア,Intikhab,Genial Jenny,In the Wings  In The Wings,Glorious Song,Green Desert,Queen Catherine,Halo,Wishing Well,Alzao,Burghclere,Red Ransom,Crafty Example,デインヒル,Joma Kaanem,Sadler's Wells,High Hawk,Halo,Ballade,Danzig,Foreign Courier,Machiavellian,Russian Royal,Hail to Reason,Cosmah,Understanding,Mountain Flower,Lyphard,Lady Rebecca,Busted,Highclere,Roberto,アラビア,Crafty Prospector,Zienelle,Danzig,Razyana,Double Form,Ash Lawn,Northern Dancer,Fairy Bridge,Shirley Heights,Sunbittern,Hail to Reason,Cosmah,Herbager,Miss Swapsco,Northern Dancer,Pas de Nom,Sir Ivor,Courtly Dee,Mr. Prospector,Coup de Folie,Nureyev,Princess Karenda
2023105449,ガルボ,アドリアーネ,マンハッタンカフェ,ヤマトダマシイ,アグネスデジタル,ダイイチサクラ,サンデーサイレンス,サトルチェンジ,ジェネラス,ハハゴゼン,Crafty Prospector,Chancey Squaw,サンデーサイレンス,ダイイチフローネ,Halo,Wishing Well,Law Society,Santa Luciana,Caerleon,Doff the Derby,ファストトパーズ,ケイテイルート,Mr. Prospector,Real Crafty Lady,Chief's Crown,Allicance,Halo,Wishing Well,リアルシャダイ,レガシーオブストレングス,Hail to Reason,Cosmah,Understanding,Mountain Flower,Alleged,Bold Bikini,Luciano,Suleika,Nijinsky,Foreseer,Master Derby,Margarethen,Far North,Pink Topaze,ダンディルート,タイズキ,Raise a Native,Gold Digger,In Reality,Princess Roycraft,Danzig,Six Crowns,Alleged,Runaway Bride,Hail to Reason,Cosmah,Understanding,Mountain Flower,Roberto,Desert Vixen,Affirmed,Katonka
2023103898,アドマイヤマーズ,ハヴユーゴーンアウェイ,ダイワメジャー,ヴィアメディチ,Congrats,One Wise Cowgirl,サンデーサイレンス,スカーレットブーケ,Medicean,Via Milano,A.P. Indy,Praise,Wiseman's Ferry,Star One One,Halo,Wishing Well,ノーザンテースト,スカーレットインク,Machiavellian,Mystic Goddess,Singspiel,Salvinaxia,Seattle Slew,Weekend Surprise,Mr. Prospector,Wild Applause,ヘネシー,Emmaus,Caller I. D.,Majestic Karen,Hail to Reason,Cosmah,Understanding,Mountain Flower,Northern Dancer,Lady Victoria,Crimson Satan,Consentida,Mr. Prospector,Coup de Folie,Storm Bird,Rose Goddess,In the Wings,Glorious Song,Linamix,Salve,Bold Reasoning,My Charmer,Secretariat,Lassie Dear,Raise a Native,Gold Digger,Northern Dancer,Glowing Tribute,Storm Cat,Island Kitty,Silver Deputy,La Affirmed,Phone Trick,Plagiarizing,His Majesty,Karen R.
2023105433,ダノンプレミアム,フルオブドリームズ,ディープインパクト,インディアナギャル,Dream Ahead,Leopoldine,サンデーサイレンス,ウインドインハーヘア,Intikhab,Genial Jenny,ディクタット,Land of Dreams,Desert Prince,Beaming,Halo,Wishing Well,Alzao,Burghclere,Red Ransom,Crafty Example,デインヒル,Joma Kaanem,ウォーニング,アルヴォラ,Cadeaux Genereux,Sahara Star,Green Desert,Flying Fairy,Mtoto,Glancing,Hail to Reason,Cosmah,Understanding,Mountain Flower,Lyphard,Lady Rebecca,Busted,Highclere,Roberto,アラビア,Crafty Prospector,Zienelle,Danzig,Razyana,Double Form,Ash Lawn,Known Fact,Slightly Dangerous,Sadler's Wells,Park Appeal,Young Generation,Smarten Up,Green Desert,Vaigly Star,Danzig,Foreign Courier,Bustino,Fairy Footsteps,Busted,Amazer,グランディ,Splashing
2023105432,ヤマカツエース,フェアリーリング,キングカメハメハ,ヤマカツマリリン,ワールドエース,フォーモサマンボ,Kingmambo,マンファス,グラスワンダー,イクセプトフォーワンダ,ディープインパクト,マンデラ,ノボジャック,リアフォーモサ,Mr. Prospector,Miesque,ラストタイクーン,Pilot Bird,Silver Hawk,Ameriflora,Tejabo,Unique Gal,サンデーサイレンス,ウインドインハーヘア,Acatenango,Mandellicht,フレンチデピュティ,フライトオブエンジェルス,Nureyev,Sex Appeal,Raise a Native,Gold Digger,Nureyev,Pasadoble,トライマイベスト,Mill Princess,Blakeney,The Dancer,Roberto,Gris Vitesse,Danzig,Graceful Touch,Deputy Minister,Cutty,Bold Ruckus,Spin to Win,Halo,Wishing Well,Alzao,Burghclere,Surumu,Aggravate,Be My Guest,Mandelauge,Deputy Minister,Mitterand,アフリート,Intently,Northern Dancer,Special,Buckpasser,Best in Show
2023101473,ヤングマンパワー,アプローズユウ,スニッツェル,スナップショット,ルーラーシップ,アユサン,Redoute's Choice,Snippets' Lass,サンデーサイレンス,ルフィーラ,キングカメハメハ,エアグルーヴ,ディープインパクト,バイザキャット,デインヒル,Shantha's Choice,Snippets,Snow Finch,Halo,Wishing Well,Nureyev,River Memories,Kingmambo,マンファス,トニービン,ダイナカール,サンデーサイレンス,ウインドインハーヘア,Storm Cat,Buy the Firm,Danzig,Razyana,Canny Lad,Dancing Show,Lunchtime,Easy Date,Storm Bird,A Realgirl,Hail to Reason,Cosmah,Understanding,Mountain Flower,Northern Dancer,Special,Riverman,Le Vague a l'Ame,Mr. Prospector,Miesque,ラストタイクーン,Pilot Bird,カンパラ,Severn Bridge,ノーザンテースト,シャダイフェザー,Halo,Wishing Well,Alzao,Burghclere,Storm Bird,Terlingua,Affirmed,By the Hand
2023101040,ベンバトル,シンボリバーグ,Dubawi,Nahrain,ダイワメジャー,スポークンファー,Dubai Millennium,Zomaradah,Selkirk,Bahr,サンデーサイレンス,スカーレットブーケ,Notebook,Siberian Fur,Seeking the Gold,Colorado Dancer,Deploy,Jawaher,Sharpen Up,Annie Edge,ジェネラス,Lady of the Sea,Halo,Wishing Well,ノーザンテースト,スカーレットインク,Well Decorated,Mobcap,Siberian Express,Siksika,Mr. Prospector,Con Game,Shareef Dancer,Fall Aspen,Shirley Heights,Slightly Dangerous,ダンシングブレーヴ,High Tern,エタン,Rocchetta,Nebbiolo,Friendly Court,Caerleon,Doff the Derby,Mill Reef,La Mer,Hail to Reason,Cosmah,Understanding,Mountain Flower,Northern Dancer,Lady Victoria,Crimson Satan,Consentida,Raja Baba,Paris Breeze,Tom Rolfe,Cap and Bells,Caro,Indian Call,Quack,Salmon Lake
2023101675,ミスターメロディ,チェリーシェル,Scat Daddy,Trusty Lady,サクラバクシンオー,キュートネス,ヨハネスブルグ,Love Style,Deputy Minister,Klassy Kim,サクラユタカオー,サクラハゴロモ,フォーティナイナー,Gana,ヘネシー,Myth,Mr. Prospector,Likeable Style,Vice Regent,Mint Copy,Silent Screen,クールアライヴァル,テスコボーイ,アンジェリカ,ノーザンテースト,クリアアンバー,Mr. Prospector,File,Smile,Gana Facil,Storm Cat,Island Kitty,オジジアン,Yarn,Raise a Native,Gold Digger,Nijinsky,Personable Lady,Northern Dancer,Victoria Regina,Bunty's Flight,Shakney,Prince John,Prayer Bell,Relaunch,Irish Arrival,Princely Gift,Suncourt,ネヴァービート,スターハイネス,Northern Dancer,Lady Victoria,Ambiopoise,One Clear Call,Raise a Native,Gold Digger,Tom Rolfe,Continue,In Reality,Sunny Smile,Le Fabuleux,Charedi
2023106154,サトノダイヤモンド,トゥエルブナインズ,ディープインパクト,マルペンサ,ハービンジャー,ロスグラシアレス,サンデーサイレンス,ウインドインハーヘア,Orpen,Marsella,Dansili,Penang Pearl,シンボリクリスエス,ロスマリヌス,Halo,Wishing Well,Alzao,Burghclere,Lure,Bonita Francita,サザンヘイロー,Riviere,デインヒル,Hasili,Bering,Guapa,Kris S.,Tee Kay,サンデーサイレンス,アンブロジン,Hail to Reason,Cosmah,Understanding,Mountain Flower,Lyphard,Lady Rebecca,Busted,Highclere,Danzig,Endear,Devil's Bag,Raise the Standard,Halo,Northern Sea,Logical,Talonada,Danzig,Razyana,Kahyasi,Kerali,Arctic Tern,Beaune,Shareef Dancer,Sauceboat,Roberto,Sharp Queen,Gold Meridian,Tri Argo,Halo,Wishing Well,Mr. Prospector,バラダ
2023106473,ゴールドシップ,ポップソング,ステイゴールド,ポイントフラッグ,New Approach,Lyric of Light,サンデーサイレンス,ゴールデンサッシュ,メジロマックイーン,パストラリズム,Galileo,Park Express,Street Cry,Suez,Halo,Wishing Well,ディクタス,ダイナサッシュ,メジロティターン,メジロオーロラ,プルラリズム,トクノエイティー,Sadler's Wells,Urban Sea,Ahonoora,Matcher,Machiavellian,Helen Street,Green Desert,Repeat Warning,Hail to Reason,Cosmah,Understanding,Mountain Flower,Sanctus,Doronic,ノーザンテースト,ロイヤルサッシュ,メジロアサマ,シエリル,リマンド,メジロアイリス,The Minstrel,Cambretta,トライバルチーフ,アイアンルビー,Northern Dancer,Fairy Bridge,Miswaki,Allegretta,Lorenzaccio,Helen Nichols,Match,Lachine,Mr. Prospector,Coup de Folie,Troy,Waterway,Danzig,Foreign Courier,ウォーニング,Reprocolor
2023105475,スズカコーズウェイ,クラリティーエス,Giant's Causeway,フレンチリヴィエラ,シンボリクリスエス,キラリダイヤモンド,Storm Cat,Mariah's Storm,フレンチデピュティ,Actinella,Kris S.,Tee Kay,フジキセキ,ブリリアントカット,Storm Bird,Terlingua,Rahy,イメンス,Deputy Minister,Mitterand,Seattle Slew,Aerturas,Roberto,Sharp Queen,Gold Meridian,Tri Argo,サンデーサイレンス,ミルレーサー,ノーザンテースト,ジエヌインダイアモンド,Northern Dancer,South Ocean,Secretariat,Crimson Saint,Blushing Groom,Glorious Song,Roberto,Imsodear,Vice Regent,Mint Copy,Hold Your Peace,Laredo Lass,Bold Reasoning,My Charmer,マナード,Amiel,Hail to Reason,Bramalea,Princequillo,Bridgework,Seattle Slew,Queen Louie,Tri Jet,Hail Proudly,Halo,Wishing Well,Le Fabuleux,Marston's Mill,Northern Dancer,Lady Victoria,Irish Ruler,Diamonds for Dolly
2023105338,ドレフォン,ラスティングソング,Gio Ponti,Eltimaas,フジキセキ,ハルーワソング,Tale of the Cat,Chipeta Springs,Ghostzapper,Najecam,サンデーサイレンス,ミルレーサー,Nureyev,Morn of Song,Storm Cat,Yarn,Alydar,Salt Spring,Awesome Again,Baby Zip,Trempolino,Sue Warner,Halo,Wishing Well,Le Fabuleux,Marston's Mill,Northern Dancer,Special,Blushing Groom,Glorious Song,Storm Bird,Terlingua,Mr. Prospector,Narrate,Raise a Native,Sweet Tooth,Salt Marsh,Jungle Mythologic,Deputy Minister,Primal Force,Relaunch,Thirty Zip,Sharpen Up,Trephine,Forli,Bitty Girl,Hail to Reason,Cosmah,Understanding,Mountain Flower,Wild Risk,Anguar,In Reality,Millicent,Nearctic,Natalma,Forli,Thong,Red God,Runaway Bride,Halo,Ballade
2023106776,ディープブリランテ,ナムラメルシー,ディープインパクト,ラヴアンドバブルズ,エンパイアメーカー,ディアナムラ,サンデーサイレンス,ウインドインハーヘア,Loup Sauvage,バブルドリーム,Unbridled,Toussaud,ザッツザプレンティ,フローラルマジック,Halo,Wishing Well,Alzao,Burghclere,Riverman,Louveterie,Akarad,バブルプロスペクター,Fappiano,Gana Facil,El Gran Senor,Image of Reality,ダンスインザダーク,バブルプロスペクター,Affirmed,Rare Lady,Hail to Reason,Cosmah,Understanding,Mountain Flower,Lyphard,Lady Rebecca,Busted,Highclere,Never Bend,River Lady,Nureyev,Lupe,Labus,Licata,Miswaki,バブルカンパニー,Mr. Prospector,Killaloe,Le Fabuleux,Charedi,Northern Dancer,Sex Appeal,In Reality,Edee's Image,サンデーサイレンス,ダンシングキイ,Miswaki,バブルカンパニー,Exclusive Native,Won't Tell You,Never Bend,Double Agent
2023102662,リアルスティール,ノリミ,ディープインパクト,ラヴズオンリーミー,サマーバード,フローラルホーム,サンデーサイレンス,ウインドインハーヘア,Storm Cat,Monevassia,Birdstone,Hong Kong Squall,ケイムホーム,タイキフローラ,Halo,Wishing Well,Alzao,Burghclere,Storm Bird,Terlingua,Mr. Prospector,Miesque,Grindstone,Dear Birdie,Summer Squall,Hong Kong Jade,Gone West,Nice Assay,タイキシャトル,マリエドゥジュワン,Hail to Reason,Cosmah,Understanding,Mountain Flower,Lyphard,Lady Rebecca,Busted,Highclere,Northern Dancer,South Ocean,Secretariat,Crimson Saint,Raise a Native,Gold Digger,Nureyev,Pasadoble,Unbridled,Buzz My Bell,Storm Bird,Hush Dear,Storm Bird,Weekend Surprise,Alysheba,Ruby Slippers,Mr. Prospector,Secrettame,Clever Trick,インフルヴユー,Devil's Bag,ウェルシュマフィン,General Assembly,ロイコン
2023103548,ハービンジャー,ベラフォレスタ,Dansili,Penang Pearl,ゼンノロブロイ,ラスリングカプス,デインヒル,Hasili,Bering,Guapa,サンデーサイレンス,ローミンレイチェル,Woodman,フィールディ,Danzig,Razyana,Kahyasi,Kerali,Arctic Tern,Beaune,Shareef Dancer,Sauceboat,Halo,Wishing Well,マイニング,One Smart Lady,Mr. Prospector,プレイメイト,Northfields,Gramy,Northern Dancer,Pas de Nom,His Majesty,Spring Adieu,イルドブルボン,Kadissya,High Line,Sookera,Sea-Bird,Bubbling Beauty,Lyphard,Barbra,Northern Dancer,Sweet Alliance,Connaught,Cranberry Sauce,Hail to Reason,Cosmah,Understanding,Mountain Flower,Mr. Prospector,I Pass,Clever Trick,Pia's Lady,Raise a Native,Gold Digger,Buckpasser,Intriguing,Northern Dancer,Little Hut,Tapioca,Gracile
2023107361,ハービンジャー,ロジマギーゴー,Dansili,Penang Pearl,ハーツクライ,ゴーマギーゴー,デインヒル,Hasili,Bering,Guapa,サンデーサイレンス,アイリッシュダンス,Ghostzapper,Magibel,Danzig,Razyana,Kahyasi,Kerali,Arctic Tern,Beaune,Shareef Dancer,Sauceboat,Halo,Wishing Well,トニービン,ビューパーダンス,Awesome Again,Baby Zip,Tale of the Cat,Marquetry Road,Northern Dancer,Pas de Nom,His Majesty,Spring Adieu,イルドブルボン,Kadissya,High Line,Sookera,Sea-Bird,Bubbling Beauty,Lyphard,Barbra,Northern Dancer,Sweet Alliance,Connaught,Cranberry Sauce,Hail to Reason,Cosmah,Understanding,Mountain Flower,カンパラ,Severn Bridge,Lyphard,My Bupers,Deputy Minister,Primal Force,Relaunch,Thirty Zip,Storm Cat,Yarn,Marquetry,Road to Heaven
2023106795,コントレイル,アーデルワイゼ,ディープインパクト,ロードクロサイト,エイシンフラッシュ,アーデルハイト,サンデーサイレンス,ウインドインハーヘア,Unbridled's Song,Folklore,キングズベスト,ムーンレディ,アグネスタキオン,ビワハイジ,Halo,Wishing Well,Alzao,Burghclere,Unbridled,Trolley Song,Tiznow,Contrive,Kingmambo,Allegretta,Platini,Midnight Fever,サンデーサイレンス,アグネスフローラ,Caerleon,アグサン,Hail to Reason,Cosmah,Understanding,Mountain Flower,Lyphard,Lady Rebecca,Busted,Highclere,Fappiano,Gana Facil,Caro,Lucky Spell,Cee's Tizzy,Cee's Song,Storm Cat,Jeano,Mr. Prospector,Miesque,Lombard,Anatevka,Surumu,Prairie Darling,Sure Blade,Majoritat,Halo,Wishing Well,ロイヤルスキー,アグネスレディー,Nijinsky,Foreseer,Lord Gayle,Santa Luciana
2023106869,キタサンブラック,イストワールファム,ブラックタイド,シュガーハート,ローエングリン,ヒストリックレディ,サンデーサイレンス,ウインドインハーヘア,サクラバクシンオー,オトメゴコロ,Singspiel,カーリング,ネオユニヴァース,ヒストリックスター,Halo,Wishing Well,Alzao,Burghclere,サクラユタカオー,サクラハゴロモ,ジャッジアンジェルーチ,テイズリー,In the Wings,Glorious Song,Garde Royale,Corraleja,サンデーサイレンス,ポインテッドパス,ファルブラヴ,ベガ,Hail to Reason,Cosmah,Understanding,Mountain Flower,Lyphard,Lady Rebecca,Busted,Highclere,テスコボーイ,アンジェリカ,ノーザンテースト,クリアアンバー,Honest Pleasure,Victorian Queen,Lyphard,Tizna,Sadler's Wells,High Hawk,Halo,Ballade,Mill Reef,Royal Way,Carvin,Darling Dale,Halo,Wishing Well,Kris,Silken Way,Fairy King,Gift of the Night,トニービン,アンティックヴァリュー
2023106853,レイデオロ,アロマドゥルセ,キングカメハメハ,ラドラーダ,ディープインパクト,ジャッキーテースト,Kingmambo,マンファス,シンボリクリスエス,レディブロンド,サンデーサイレンス,ウインドインハーヘア,カーネギー,ジャッキーマックス,Mr. Prospector,Miesque,ラストタイクーン,Pilot Bird,Kris S.,Tee Kay,Seeking the Gold,ウインドインハーヘア,Halo,Wishing Well,Alzao,Burghclere,Sadler's Wells,Detroit,Sexton Blake,Silver Spring,Raise a Native,Gold Digger,Nureyev,Pasadoble,トライマイベスト,Mill Princess,Blakeney,The Dancer,Roberto,Sharp Queen,Gold Meridian,Tri Argo,Mr. Prospector,Con Game,Alzao,Burghclere,Hail to Reason,Cosmah,Understanding,Mountain Flower,Lyphard,Lady Rebecca,Busted,Highclere,Northern Dancer,Fairy Bridge,Riverman,Derna,Blakeney,Mayo Blues,Match,Solitude
2023100244,アメリカンペイトリオット,トーセンネフティス,War Front,Life Well Lived,ディープインパクト,トーセンマッハ,Danzig,Starry Dreamer,Tiznow,Well Dressed,サンデーサイレンス,ウインドインハーヘア,ブライアンズタイム,フサイチフェスタ,Northern Dancer,Pas de Nom,Rubiano,Lara's Star,Cee's Tizzy,Cee's Song,Notebook,Trithenia,Halo,Wishing Well,Alzao,Burghclere,Roberto,Kelley's Day,Zabeel,レートフォーブレックファスト,Nearctic,Natalma,Admiral's Voyage,Petitioner,Fappiano,Ruby Slippers,Forli,True Reality,Relaunch,テイズリー,Seattle Song,Lonely Dancer,Well Decorated,Mobcap,Gold Meridian,Tri Argo,Hail to Reason,Cosmah,Understanding,Mountain Flower,Lyphard,Lady Rebecca,Busted,Highclere,Hail to Reason,Bramalea,Graustark,Golden Trail,Sir Tristram,Lady Giselle,Conquistarose,Kerry Lane
2023103377,モーリス,カーロバンビーナ,スクリーンヒーロー,メジロフランシス,ディープインパクト,カンビーナ,グラスワンダー,ランニングヒロイン,カーネギー,メジロモントレー,サンデーサイレンス,ウインドインハーヘア,Hawk Wing,Await,Silver Hawk,Ameriflora,サンデーサイレンス,ダイナアクトレス,Sadler's Wells,Detroit,モガミ,メジロクインシー,Halo,Wishing Well,Alzao,Burghclere,Woodman,La Lorgnette,パントレセレブル,Starring Role,Roberto,Gris Vitesse,Danzig,Graceful Touch,Halo,Wishing Well,ノーザンテースト,モデルスポート,Northern Dancer,Fairy Bridge,Riverman,Derna,Lyphard,ノーラック,フィディオン,メジロボサツ,Hail to Reason,Cosmah,Understanding,Mountain Flower,Lyphard,Lady Rebecca,Busted,Highclere,Mr. Prospector,プレイメイト,Val de l'Orne,The Temptress,Nureyev,Peinture Bleue,Glenstal,Tough Lady
2023104463,ベンバトル,コスモメリー,Dubawi,Nahrain,アドマイヤジャパン,ダンシングメリー,Dubai Millennium,Zomaradah,Selkirk,Bahr,サンデーサイレンス,ビワハイジ,シンボリルドルフ,フジノダンサー,Seeking the Gold,Colorado Dancer,Deploy,Jawaher,Sharpen Up,Annie Edge,ジェネラス,Lady of the Sea,Halo,Wishing Well,Caerleon,アグサン,パーソロン,スイートルナ,ダンシングキャップ,フジノトルス,Mr. Prospector,Con Game,Shareef Dancer,Fall Aspen,Shirley Heights,Slightly Dangerous,ダンシングブレーヴ,High Tern,エタン,Rocchetta,Nebbiolo,Friendly Court,Caerleon,Doff the Derby,Mill Reef,La Mer,Hail to Reason,Cosmah,Understanding,Mountain Flower,Nijinsky,Foreseer,Lord Gayle,Santa Luciana,Milesian,Paleo,スピードシンボリ,ダンスタイム,Native Dancer,Merry Madcap,ファバージ,ボンドセブン
2023105260,ダノンキングリー,レッドマニッシュ,ディープインパクト,マイグッドネス,シンボリクリスエス,スティンガー,サンデーサイレンス,ウインドインハーヘア,Storm Cat,Caressing,Kris S.,Tee Kay,サンデーサイレンス,レガシーオブストレングス,Halo,Wishing Well,Alzao,Burghclere,Storm Bird,Terlingua,Honour and Glory,Lovin Touch,Roberto,Sharp Queen,Gold Meridian,Tri Argo,Halo,Wishing Well,Affirmed,Katonka,Hail to Reason,Cosmah,Understanding,Mountain Flower,Lyphard,Lady Rebecca,Busted,Highclere,Northern Dancer,South Ocean,Secretariat,Crimson Saint,Relaunch,Fair to All,Majestic Prince,Forest Princess,Hail to Reason,Bramalea,Princequillo,Bridgework,Seattle Slew,Queen Louie,Tri Jet,Hail Proudly,Hail to Reason,Cosmah,Understanding,Mountain Flower,Exclusive Native,Won't Tell You,Minnesota Mac,Minnetonka
2023106424,ベンバトル,アンネリース,Dubawi,Nahrain,ヴィクトワールピサ,マンバラ,Dubai Millennium,Zomaradah,Selkirk,Bahr,ネオユニヴァース,ホワイトウォーターアフェア,Linamix,Do the Mambo,Seeking the Gold,Colorado Dancer,Deploy,Jawaher,Sharpen Up,Annie Edge,ジェネラス,Lady of the Sea,サンデーサイレンス,ポインテッドパス,Machiavellian,Much Too Risky,メンデス,Lunadix,Kingmambo,Garza,Mr. Prospector,Con Game,Shareef Dancer,Fall Aspen,Shirley Heights,Slightly Dangerous,ダンシングブレーヴ,High Tern,エタン,Rocchetta,Nebbiolo,Friendly Court,Caerleon,Doff the Derby,Mill Reef,La Mer,Halo,Wishing Well,Kris,Silken Way,Mr. Prospector,Coup de Folie,Bustino,Short Rations,ベリファ,Miss Carina,Breton,Lutine,Mr. Prospector,Miesque,Kris,Gabina
2023100930,ルーラーシップ,ショウナンバビアナ,キングカメハメハ,エアグルーヴ,ディープインパクト,シェイクズセレナーデ,Kingmambo,マンファス,トニービン,ダイナカール,サンデーサイレンス,ウインドインハーヘア,Unbridled's Song,Desert Stormer,Mr. Prospector,Miesque,ラストタイクーン,Pilot Bird,カンパラ,Severn Bridge,ノーザンテースト,シャダイフェザー,Halo,Wishing Well,Alzao,Burghclere,Unbridled,Trolley Song,Storm Cat,Breezy Stories,Raise a Native,Gold Digger,Nureyev,Pasadoble,トライマイベスト,Mill Princess,Blakeney,The Dancer,Kalamoun,State Pension,Hornbeam,Priddy Fair,Northern Dancer,Lady Victoria,ガーサント,パロクサイド,Hail to Reason,Cosmah,Understanding,Mountain Flower,Lyphard,Lady Rebecca,Busted,Highclere,Fappiano,Gana Facil,Caro,Lucky Spell,Storm Bird,Terlingua,Damascus,New Tune
2023104926,コントレイル,シムシマー,ディープインパクト,ロードクロサイト,Poet's Voice,Aaraas,サンデーサイレンス,ウインドインハーヘア,Unbridled's Song,Folklore,Dubawi,Bright Tiara,Haafhd,Adaala,Halo,Wishing Well,Alzao,Burghclere,Unbridled,Trolley Song,Tiznow,Contrive,Dubai Millennium,Zomaradah,Chief's Crown,Expressive Dance,Alhaarth,Al Bahathri,Sahm,Alshoowg,Hail to Reason,Cosmah,Understanding,Mountain Flower,Lyphard,Lady Rebecca,Busted,Highclere,Fappiano,Gana Facil,Caro,Lucky Spell,Cee's Tizzy,Cee's Song,Storm Cat,Jeano,Seeking the Gold,Colorado Dancer,Deploy,Jawaher,Danzig,Six Crowns,Riva Ridge,Exclusive Dancer,Unfuwain,Irish Valley,Blushing Groom,Chain Store,Mr. Prospector,Salsabil,Riverman,Ghashtah
2023106731,フィエールマン,デンバーテソーロ,ディープインパクト,リュヌドール,Violence,Cloud of Smoke,サンデーサイレンス,ウインドインハーヘア,Green Tune,Luth d'Or,Medaglia d'Oro,Violent Beauty,Smoke Glacken,Clouds of Gold,Halo,Wishing Well,Alzao,Burghclere,Green Dancer,Soundings,Noir Et Or,Viole d'Amour,El Prado,Cappucino Bay,Gone West,Storming Beauty,Two Punch,Majesty's Crown,Strike the Gold,Cloudy Colors,Hail to Reason,Cosmah,Understanding,Mountain Flower,Lyphard,Lady Rebecca,Busted,Highclere,Nijinsky,Green Valley,Mr. Prospector,Ocean's Answer,ラインゴールド,Pomme Rose,Luthier,Mandolinette,Sadler's Wells,Lady Capulet,Bailjumper,Dubbed In,Mr. Prospector,Secrettame,Storm Cat,Sky Beauty,Mr. Prospector,Heavenly Cause,Magesterial,Queen's Crown,Alydar,Majestic Gold,Personal Flag,Getoffofmycloud
2023103476,ブリックスアンドモルタル,テラノヴァ,Giant's Causeway,Beyond the Waves,ヴィクトワールピサ,エアトゥーレ,Storm Cat,Mariah's Storm,Ocean Crest,Excedent,ネオユニヴァース,ホワイトウォーターアフェア,トニービン,スキーパラダイス,Storm Bird,Terlingua,Rahy,イメンス,Storm Bird,S.S.Aroma,Exceller,Broadway Lullaby,サンデーサイレンス,ポインテッドパス,Machiavellian,Much Too Risky,カンパラ,Severn Bridge,Lyphard,Ski Goggle,Northern Dancer,South Ocean,Secretariat,Crimson Saint,Blushing Groom,Glorious Song,Roberto,Imsodear,Northern Dancer,South Ocean,Seattle Slew,Rare Bouquet,Vaguely Noble,Too Bald,Stage Door Johnny,リットルブレツシング,Halo,Wishing Well,Kris,Silken Way,Mr. Prospector,Coup de Folie,Bustino,Short Rations,Kalamoun,State Pension,Hornbeam,Priddy Fair,Northern Dancer,Goofed,ロイヤルスキー,Mississippi Siren
2022104601,ナダル,アデレードヒル,Blame,Ascending Angel,ゴールドヘイロー,レディビーナス,Arch,Liable,Pulpit,Solar Colony,サンデーサイレンス,ニアーザゴールド,Kingmambo,ユーザーフレンドリー,Kris S.,Aurora,Seeking the Gold,Bound,A.P. Indy,Preach,Pleasant Colony,Meteor Stage,Halo,Wishing Well,Seeking the Gold,ニヤー,Mr. Prospector,Miesque,Slip Anchor,Rostova,Roberto,Sharp Queen,Danzig,Althea,Mr. Prospector,Con Game,Nijinsky,Special,Seattle Slew,Weekend Surprise,Mr. Prospector,Narrate,His Majesty,Sun Colony,Stage Door Johnny,Northern Meteor,Hail to Reason,Cosmah,Understanding,Mountain Flower,Mr. Prospector,Con Game,Northern Dancer,Far,Raise a Native,Gold Digger,Nureyev,Pasadoble,Shirley Heights,Sayonara,Blakeney,Poppy Day
2021104922,ドレフォン,メリーウィドウ,Gio Ponti,Eltimaas,ゴールドアリュール,ウエディングメリー,Tale of the Cat,Chipeta Springs,Ghostzapper,Najecam,サンデーサイレンス,ニキーヤ,アフリート,ジュエルダンサー,Storm Cat,Yarn,Alydar,Salt Spring,Awesome Again,Baby Zip,Trempolino,Sue Warner,Halo,Wishing Well,Nureyev,Reluctant Guest,Mr. Prospector,Polite Lady,Riverman,ジェミニスター,Storm Bird,Terlingua,Mr. Prospector,Narrate,Raise a Native,Sweet Tooth,Salt Marsh,Jungle Mythologic,Deputy Minister,Primal Force,Relaunch,Thirty Zip,Sharpen Up,Trephine,Forli,Bitty Girl,Hail to Reason,Cosmah,Understanding,Mountain Flower,Northern Dancer,Special,Hostage,Vaguely Royal,Raise a Native,Gold Digger,Venetian Jester,Friendly Ways,Never Bend,River Lady,Nijinsky,Laura's Star
2022104312,ディーマジェスティ,ディアレストトリックスキ,ディープインパクト,エルメスティアラ,Proudest Romeo,Trickski,サンデーサイレンス,ウインドインハーヘア,ブライアンズタイム,シンコウエルメス,Proud Truth,Dearest Indu,Peteski,Explosive Trick,Halo,Wishing Well,Alzao,Burghclere,Roberto,Kelley's Day,Sadler's Wells,Doff the Derby,Graustark,Wake Robin,Full Pocket,Capulet,Affirmed,ビベ,Phone Trick,Miss Rock Island,Hail to Reason,Cosmah,Understanding,Mountain Flower,Lyphard,Lady Rebecca,Busted,Highclere,Hail to Reason,Bramalea,Graustark,Golden Trail,Northern Dancer,Fairy Bridge,Master Derby,Margarethen,Ribot,Flower Bowl,Summer Tan,War Ribbon,Olden Times,Dearest Mommy,Gallant Romeo,Indaba,Exclusive Native,Won't Tell You,Nureyev,ビバレジナ,Clever Trick,Over the Phone,Explodent,Look Out Liz
2022102446,モーニン,トウカイネオ,ヘニーヒューズ,Giggly,ハービンジャー,トウカイパステル,ヘネシー,Meadow Flyer,Distorted Humor,Chaste,Dansili,Penang Pearl,サンデーサイレンス,トウカイミヤビ,Storm Cat,Island Kitty,Meadowlake,Shortley,フォーティナイナー,Danzig's Beauty,Cozzene,Purity,デインヒル,Hasili,Bering,Guapa,Halo,Wishing Well,マルゼンスキー,タイヨウスズラン,Storm Bird,Terlingua,Hawaii,T. C. Kitten,Hold Your Peace,Suspicious Native,Hagley,Short Winded,Mr. Prospector,File,Danzig,Sweetest Chant,Caro,Ride the Trails,Fappiano,Dame Mysterieuse,Danzig,Razyana,Kahyasi,Kerali,Arctic Tern,Beaune,Shareef Dancer,Sauceboat,Hail to Reason,Cosmah,Understanding,Mountain Flower,Nijinsky,シル,ファラモンド,シンスズラン
2022104062,サトノダイヤモンド,トールディクイント,ディープインパクト,マルペンサ,Sea The Stars Sea the Stars,Aquila D'oriente,サンデーサイレンス,ウインドインハーヘア,Orpen,Marsella,Cape Cross,Urban Sea,Dubawi,Fanofadiga,Halo,Wishing Well,Alzao,Burghclere,Lure,Bonita Francita,サザンヘイロー,Riviere,Green Desert,Park Appeal,Miswaki,Allegretta,Dubai Millennium,Zomaradah,Alzao,Gift of the Night,Hail to Reason,Cosmah,Understanding,Mountain Flower,Lyphard,Lady Rebecca,Busted,Highclere,Danzig,Endear,Devil's Bag,Raise the Standard,Halo,Northern Sea,Logical,Talonada,Danzig,Foreign Courier,Ahonoora,Balidaress,Mr. Prospector,Hopespringseternal,Lombard,Anatevka,Seeking the Gold,Colorado Dancer,Deploy,Jawaher,Lyphard,Lady Rebecca,Slewpy,Little Nana
2021102531,デクラレーションオブウォー,ミニョンレーヌ,War Front,Tempo West,ディープインパクト,ルンバブギー,Danzig,Starry Dreamer,Rahy,Tempo,サンデーサイレンス,ウインドインハーヘア,Rainbow Quest,キーフライヤー,Northern Dancer,Pas de Nom,Rubiano,Lara's Star,Blushing Groom,Glorious Song,Gone West,Terpsichorist,Halo,Wishing Well,Alzao,Burghclere,Blushing Groom,I Will Follow,Nijinsky,Key Partner,Nearctic,Natalma,Admiral's Voyage,Petitioner,Fappiano,Ruby Slippers,Forli,True Reality,Red God,Runaway Bride,Halo,Ballade,Mr. Prospector,Secrettame,Nijinsky,Glad Rags,Hail to Reason,Cosmah,Understanding,Mountain Flower,Lyphard,Lady Rebecca,Busted,Highclere,Red God,Runaway Bride,Herbager,Where You Lead,Northern Dancer,Flaming Page,Key to the Mint,Native Partner
2022106951,シルバーステート,アンシャンテルール,ディープインパクト,シルヴァースカヤ,キングヘイロー,エリモシューテング,サンデーサイレンス,ウインドインハーヘア,Silver Hawk,Boubskaia,ダンシングブレーヴ,グッバイヘイロー,テスコボーイ,デプグリーフ,Halo,Wishing Well,Alzao,Burghclere,Roberto,Gris Vitesse,Niniski,Frenetique,Lyphard,Navajo Princess,Halo,Pound Foolish,Princely Gift,Suncourt,Vaguely Noble,デプス,Hail to Reason,Cosmah,Understanding,Mountain Flower,Lyphard,Lady Rebecca,Busted,Highclere,Hail to Reason,Bramalea,Amerigo,Matchiche,Nijinsky,Virginia Hills,Tyrant,Femina,Northern Dancer,Goofed,Drone,Olmec,Hail to Reason,Cosmah,Sir Ivor,Squander,Nasrullah,Blue Gem,Hyperion,Inquisition,ヴィエナ,Noble Lassie,Buckpasser,Batteur
2022105414,ルーラーシップ,テンサイドカップ,キングカメハメハ,エアグルーヴ,スピルバーグ,レイクサイドカップ,Kingmambo,マンファス,トニービン,ダイナカール,ディープインパクト,プリンセスオリビア,Salt Lake,Tricki Mae,Mr. Prospector,Miesque,ラストタイクーン,Pilot Bird,カンパラ,Severn Bridge,ノーザンテースト,シャダイフェザー,サンデーサイレンス,ウインドインハーヘア,Lycius,Dance Image,Deputy Minister,Take Lady Anne,Phone Trick,Pamela Kay,Raise a Native,Gold Digger,Nureyev,Pasadoble,トライマイベスト,Mill Princess,Blakeney,The Dancer,Kalamoun,State Pension,Hornbeam,Priddy Fair,Northern Dancer,Lady Victoria,ガーサント,パロクサイド,Halo,Wishing Well,Alzao,Burghclere,Mr. Prospector,Lypatia,Sadler's Wells,Diamond Spring,Vice Regent,Mint Copy,Queen City Lad,Lovita H.,Clever Trick,Over the Phone,Hold Your Peace,Proven Right
2021103376,タリスマニック,ポーズ,Medaglia d'Oro,Magic Mission,ゼンノロブロイ,スプリングタイムロマンス,El Prado,Cappucino Bay,Machiavellian,Dream Ticket,サンデーサイレンス,ローミンレイチェル,Kris S.,Khamsin,Sadler's Wells,Lady Capulet,Bailjumper,Dubbed In,Mr. Prospector,Coup de Folie,Danzig,Capo Di Monte,Halo,Wishing Well,マイニング,One Smart Lady,Roberto,Sharp Queen,Mr. Prospector,Stormette,Northern Dancer,Fairy Bridge,Sir Ivor,Cap and Bells,Damascus,Court Circuit,Silent Screen,Society Singer,Raise a Native,Gold Digger,Halo,Raise the Standard,Northern Dancer,Pas de Nom,Final Straw,Burghclere,Hail to Reason,Cosmah,Understanding,Mountain Flower,Mr. Prospector,I Pass,Clever Trick,Pia's Lady,Hail to Reason,Bramalea,Princequillo,Bridgework,Raise a Native,Gold Digger,Assert,South Ocean
2021106063,シルバーステート,オーサムクイーン,ディープインパクト,シルヴァースカヤ,クロフネ,オーサムチャーム,サンデーサイレンス,ウインドインハーヘア,Silver Hawk,Boubskaia,フレンチデピュティ,ブルーアヴェニュー,Awesome Again,Reet Petite,Halo,Wishing Well,Alzao,Burghclere,Roberto,Gris Vitesse,Niniski,Frenetique,Deputy Minister,Mitterand,Classic Go Go,Eliza Blue,Deputy Minister,Primal Force,Maudlin,Nap Trap,Hail to Reason,Cosmah,Understanding,Mountain Flower,Lyphard,Lady Rebecca,Busted,Highclere,Hail to Reason,Bramalea,Amerigo,Matchiche,Nijinsky,Virginia Hills,Tyrant,Femina,Vice Regent,Mint Copy,Hold Your Peace,Laredo Lass,Pago Pago,Classic Perfection,Icecapade,コレラ,Vice Regent,Mint Copy,Blushing Groom,Prime Prospect,Foolish Pleasure,Zonta,Silent Screen,Encantadora
2022100320,ルヴァンスレーヴ,アグネスアーニャ,シンボリクリスエス,マエストラーレ,アグネスデジタル,アグネスラック,Kris S.,Tee Kay,ネオユニヴァース,オータムブリーズ,Crafty Prospector,Chancey Squaw,クロフネ,アグネスセレーネー,Roberto,Sharp Queen,Gold Meridian,Tri Argo,サンデーサイレンス,ポインテッドパス,ティンバーカントリー,セプテンバーソング,Mr. Prospector,Real Crafty Lady,Chief's Crown,Allicance,フレンチデピュティ,ブルーアヴェニュー,トニービン,アグネスフローラ,Hail to Reason,Bramalea,Princequillo,Bridgework,Seattle Slew,Queen Louie,Tri Jet,Hail Proudly,Halo,Wishing Well,Kris,Silken Way,Woodman,Fall Aspen,リアルシャダイ,ダイナフェアリー,Raise a Native,Gold Digger,In Reality,Princess Roycraft,Danzig,Six Crowns,Alleged,Runaway Bride,Deputy Minister,Mitterand,Classic Go Go,Eliza Blue,カンパラ,Severn Bridge,ロイヤルスキー,アグネスレディー
2021106821,スクリーンヒーロー,マイネテレジア,グラスワンダー,ランニングヒロイン,ロージズインメイ,マイネヌーヴェル,Silver Hawk,Ameriflora,サンデーサイレンス,ダイナアクトレス,Devil His Due,Tell a Secret,ブライアンズタイム,マイネプリテンダー,Roberto,Gris Vitesse,Danzig,Graceful Touch,Halo,Wishing Well,ノーザンテースト,モデルスポート,Devil's Bag,Plenty O'Toole,Speak John,Secret Retreat,Roberto,Kelley's Day,Zabeel,Giladah,Hail to Reason,Bramalea,Amerigo,Matchiche,Northern Dancer,Pas de Nom,His Majesty,Pi Phi Gal,Hail to Reason,Cosmah,Understanding,Mountain Flower,Northern Dancer,Lady Victoria,モデルフール,マジックゴデイス,Halo,Ballade,Raise a Cup,Li'l Puss,Prince John,Nuit de Folies,Clandestine,Retirement,Hail to Reason,Bramalea,Graustark,Golden Trail,Sir Tristram,Lady Giselle,Mill Reef,Nouvelle Star
2022106099,ミスターメロディ,ヒメベニサクラ,Scat Daddy,Trusty Lady,ディープブリランテ,サトノサクラ,ヨハネスブルグ,Love Style,Deputy Minister,Klassy Kim,ディープインパクト,ラヴアンドバブルズ,シンボリクリスエス,シジェームサン,ヘネシー,Myth,Mr. Prospector,Likeable Style,Vice Regent,Mint Copy,Silent Screen,クールアライヴァル,サンデーサイレンス,ウインドインハーヘア,Loup Sauvage,バブルドリーム,Kris S.,Tee Kay,Septieme Ciel,Samalex,Storm Cat,Island Kitty,オジジアン,Yarn,Raise a Native,Gold Digger,Nijinsky,Personable Lady,Northern Dancer,Victoria Regina,Bunty's Flight,Shakney,Prince John,Prayer Bell,Relaunch,Irish Arrival,Halo,Wishing Well,Alzao,Burghclere,Riverman,Louveterie,Akarad,バブルプロスペクター,Roberto,Sharp Queen,Gold Meridian,Tri Argo,Seattle Slew,Maximova,Ela-Mana-Mou,Pampas Miss
2022104969,ブリックスアンドモルタル,ビキニブロンド,Giant's Causeway,Beyond the Waves,キングカメハメハ,モンローブロンド,Storm Cat,Mariah's Storm,Ocean Crest,Excedent,Kingmambo,マンファス,アドマイヤベガ,ソニンク,Storm Bird,Terlingua,Rahy,イメンス,Storm Bird,S.S.Aroma,Exceller,Broadway Lullaby,Mr. Prospector,Miesque,ラストタイクーン,Pilot Bird,サンデーサイレンス,ベガ,Machiavellian,Sonic Lady,Northern Dancer,South Ocean,Secretariat,Crimson Saint,Blushing Groom,Glorious Song,Roberto,Imsodear,Northern Dancer,South Ocean,Seattle Slew,Rare Bouquet,Vaguely Noble,Too Bald,Stage Door Johnny,リットルブレツシング,Raise a Native,Gold Digger,Nureyev,Pasadoble,トライマイベスト,Mill Princess,Blakeney,The Dancer,Halo,Wishing Well,トニービン,アンティックヴァリュー,Mr. Prospector,Coup de Folie,Nureyev,Stumped
2021100579,ロジャーバローズ,ルヴァンクレール,ディープインパクト,リトルブック,Danehill Dancer,Loch Clair,サンデーサイレンス,ウインドインハーヘア,Librettist,Cal Norma's Lady,デインヒル,Mira Adonde,Lomond,Burghclere,Halo,Wishing Well,Alzao,Burghclere,Danzig,Mysterial,リファーズスペシャル,June Darling,Danzig,Razyana,Sharpen Up,Lettre d'Amour,Northern Dancer,My Charmer,Busted,Highclere,Hail to Reason,Cosmah,Understanding,Mountain Flower,Lyphard,Lady Rebecca,Busted,Highclere,Northern Dancer,Pas de Nom,Alleged,Mysteries,Lyphard,My Bupers,ジュニアス,Beau Darling,Northern Dancer,Pas de Nom,His Majesty,Spring Adieu,エタン,Rocchetta,Caro,Lianga,Nearctic,Natalma,Poker,Fair Charmer,Crepello,Sans le Sou,Queen's Hussar,Highlight
2022101739,キズナ,セレブデート,ディープインパクト,キャットクイル,キングカメハメハ,レインデート,サンデーサイレンス,ウインドインハーヘア,Storm Cat,Pacific Princess,Kingmambo,マンファス,Unbridled's Song,Missed the Storm,Halo,Wishing Well,Alzao,Burghclere,Storm Bird,Terlingua,Damascus,Fiji,Mr. Prospector,Miesque,ラストタイクーン,Pilot Bird,Unbridled,Trolley Song,Storm Cat,Missed the Wedding,Hail to Reason,Cosmah,Understanding,Mountain Flower,Lyphard,Lady Rebecca,Busted,Highclere,Northern Dancer,South Ocean,Secretariat,Crimson Saint,Sword Dancer,Kerala,Acropolis,Rififi,Raise a Native,Gold Digger,Nureyev,Pasadoble,トライマイベスト,Mill Princess,Blakeney,The Dancer,Fappiano,Gana Facil,Caro,Lucky Spell,Storm Bird,Terlingua,Blushing Groom,Miss Carmie
2020103937,ホッコータルマエ,ブロンズテーラー,キングカメハメハ,マダムチェロキー,ロージズインメイ,キョウエイトルース,Kingmambo,マンファス,Cherokee Run,アンフォイルド,Devil His Due,Tell a Secret,フジキセキ,キョウエイヨシノ,Mr. Prospector,Miesque,ラストタイクーン,Pilot Bird,Runaway Groom,Cherokee Dame,Unbridled,Bold Foil,Devil's Bag,Plenty O'Toole,Speak John,Secret Retreat,サンデーサイレンス,ミルレーサー,プラウドデボネア,キョウエイミート,Raise a Native,Gold Digger,Nureyev,Pasadoble,トライマイベスト,Mill Princess,Blakeney,The Dancer,Blushing Groom,Yonnie Girl,Silver Saber,Dame Francesca,Fappiano,Gana Facil,Bold Forbes,Perfect Foil,Halo,Ballade,Raise a Cup,Li'l Puss,Prince John,Nuit de Folies,Clandestine,Retirement,Halo,Wishing Well,Le Fabuleux,Marston's Mill,Lyphard,Proud Delta,クラウンドプリンス,キョウエイオリーブ
2021101793,トーセンラー,ゴールドリボン,ディープインパクト,プリンセスオリビア,スターキングマン,モープラ,サンデーサイレンス,ウインドインハーヘア,Lycius,Dance Image,Kingmambo,Princesse Timide,ブライアンズタイム,グラマラス,Halo,Wishing Well,Alzao,Burghclere,Mr. Prospector,Lypatia,Sadler's Wells,Diamond Spring,Mr. Prospector,Miesque,Blushing Groom,Rigid Princess,Roberto,Kelley's Day,Danzig,Gorgeous,Hail to Reason,Cosmah,Understanding,Mountain Flower,Lyphard,Lady Rebecca,Busted,Highclere,Raise a Native,Gold Digger,Lyphard,Hypatia,Northern Dancer,Fairy Bridge,Vaguely Noble,Dumfries,Raise a Native,Gold Digger,Nureyev,Pasadoble,Red God,Runaway Bride,Never Bend,Crowned Queen,Hail to Reason,Bramalea,Graustark,Golden Trail,Northern Dancer,Pas de Nom,Slew o' Gold,Kamar
2022106324,Quality Road,ホールハーテッド,Elusive Quality,Kobla,Awesome Again,My Baby Baby,Gone West,Touch of Greatness,Strawberry Road,Winglet,Deputy Minister,Primal Force,Bernstein,Sarah Darling,Mr. Prospector,Secrettame,Hero's Honor,Ivory Wand,Whiskey Road,Giftisa,Alydar,Highest Trump,Vice Regent,Mint Copy,Blushing Groom,Prime Prospect,Storm Cat,La Affirmed,Wavering Monarch,Essie's Maid,Raise a Native,Gold Digger,Secretariat,Tamerett,Northern Dancer,Glowing Tribute,Sir Ivor,Natashka,Nijinsky,Bowl of Flowers,Rich Gift,Wahkeena,Raise a Native,Sweet Tooth,Bold Bidder,Dear April,Northern Dancer,Victoria Regina,Bunty's Flight,Shakney,Red God,Runaway Bride,Mr. Prospector,Square Generation,Storm Bird,Terlingua,Affirmed,La Mesa,Majestic Light,Uncommitted,Linkage,Essie Bs Venture
2021104874,ドレフォン,スターズインヘヴン,Gio Ponti,Eltimaas,ワークフォース,ハンドレッドスコア,Tale of the Cat,Chipeta Springs,Ghostzapper,Najecam,キングズベスト,Soviet Moon,ホワイトマズル,サンデーエイコーン,Storm Cat,Yarn,Alydar,Salt Spring,Awesome Again,Baby Zip,Trempolino,Sue Warner,Kingmambo,Allegretta,Sadler's Wells,Eva Luna,ダンシングブレーヴ,Fair of the Furze,サンデーサイレンス,エイコーンカップ,Storm Bird,Terlingua,Mr. Prospector,Narrate,Raise a Native,Sweet Tooth,Salt Marsh,Jungle Mythologic,Deputy Minister,Primal Force,Relaunch,Thirty Zip,Sharpen Up,Trephine,Forli,Bitty Girl,Mr. Prospector,Miesque,Lombard,Anatevka,Northern Dancer,Fairy Bridge,Alleged,Media Luna,Lyphard,Navajo Princess,Ela-Mana-Mou,Autocratic,Halo,Wishing Well,ノーザンテースト,ダイナエイコーン
2019105287,ドレフォン,チャイナドール,Gio Ponti,Eltimaas,スペシャルウィーク,ダイナチャイナ,Tale of the Cat,Chipeta Springs,Ghostzapper,Najecam,サンデーサイレンス,キャンペンガール,ノーザンテースト,アスコツトラップ,Storm Cat,Yarn,Alydar,Salt Spring,Awesome Again,Baby Zip,Trempolino,Sue Warner,Halo,Wishing Well,マルゼンスキー,レディーシラオキ,Northern Dancer,Lady Victoria,エルセンタウロ,ディープデイーン,Storm Bird,Terlingua,Mr. Prospector,Narrate,Raise a Native,Sweet Tooth,Salt Marsh,Jungle Mythologic,Deputy Minister,Primal Force,Relaunch,Thirty Zip,Sharpen Up,Trephine,Forli,Bitty Girl,Hail to Reason,Cosmah,Understanding,Mountain Flower,Nijinsky,シル,セントクレスピン,ミスアシヤガワ,Nearctic,Natalma,Victoria Park,Lady Angela,Sideral,Planetaria,Bold Ruler,High Bid
2022104271,ディスクリートキャット,カジノスマイル,Forestry,Pretty Discreet,カジノドライヴ,コンペリングリーズン,Storm Cat,Shared Interest,Private Account,Pretty Persuasive,Mineshaft,Better Than Honour,Danzig,Compel,Storm Bird,Terlingua,Pleasant Colony,Surgery,Damascus,Numbered Account,Believe It,Bury the Hatchet,A.P. Indy,Prospector's Delite,Deputy Minister,Blush With Pride,Northern Dancer,Pas de Nom,Seeking the Gold,Slew and Easy,Northern Dancer,South Ocean,Secretariat,Crimson Saint,His Majesty,Sun Colony,Dr. Fager,Bold Sequence,Sword Dancer,Kerala,Buckpasser,Intriguing,In Reality,Breakfast Bell,Tom Rolfe,Christmas Whishes,Seattle Slew,Weekend Surprise,Mr. Prospector,Up the Flagpole,Vice Regent,Mint Copy,Blushing Groom,Best in Show,Nearctic,Natalma,Admiral's Voyage,Petitioner,Mr. Prospector,Con Game,Slew o' Gold,Fanfreluche
2022100323,コパノリッキー,メイショウアンデス,ゴールドアリュール,コパノニキータ,ダンスインザダーク,クィーンズダガー,サンデーサイレンス,ニキーヤ,ティンバーカントリー,ニホンピロローズ,サンデーサイレンス,ダンシングキイ,Rahy,ケイティーズファースト,Halo,Wishing Well,Nureyev,Reluctant Guest,Woodman,Fall Aspen,トニービン,ウェディングブーケ,Halo,Wishing Well,Nijinsky,Key Partner,Blushing Groom,Glorious Song,Kris,Katies,Hail to Reason,Cosmah,Understanding,Mountain Flower,Northern Dancer,Special,Hostage,Vaguely Royal,Mr. Prospector,プレイメイト,Pretense,Change Water,カンパラ,Severn Bridge,リアルシャダイ,アリーウイン,Hail to Reason,Cosmah,Understanding,Mountain Flower,Northern Dancer,Flaming Page,Key to the Mint,Native Partner,Red God,Runaway Bride,Halo,Ballade,Sharpen Up,Doubly Sure,ノノアルコ,Mortefontaine
2022104609,ニューイヤーズデイ,アドマイヤフッキー,Street Cry,Justwhistledixie,フジキセキ,トキオリアリティー,Machiavellian,Helen Street,Dixie Union,General Jeanne,サンデーサイレンス,ミルレーサー,Meadowlake,What a Reality,Mr. Prospector,Coup de Folie,Troy,Waterway,Dixieland Band,She's Tops,Honour and Glory,Ahpo Hel,Halo,Wishing Well,Le Fabuleux,Marston's Mill,Hold Your Peace,Suspicious Native,In Reality,What Will Be,Raise a Native,Gold Digger,Halo,Raise the Standard,Petingo,La Milo,Riverman,Boulevard,Northern Dancer,Mississippi Mud,Capote,She's a Talent,Relaunch,Fair to All,Mr. Leader,Tiy,Hail to Reason,Cosmah,Understanding,Mountain Flower,Wild Risk,Anguar,In Reality,Millicent,Speak John,Blue Moon,Raise a Native,Be Suspicious,Intentionally,My Dear Girl,Crozier,Solabar
2019104128,アポロキングダム,イエスオアノー,Lemon Drop Kid,Bella Gatto,サクラバクシンオー,コガネセンガン,Kingmambo,Charming Lassie,Storm Cat,Winter Sparkle,サクラユタカオー,サクラハゴロモ,クリスタルパレス,ハヤトダンサー,Mr. Prospector,Miesque,Seattle Slew,Lassie Dear,Storm Bird,Terlingua,Northjet,Turn to Talent,テスコボーイ,アンジェリカ,ノーザンテースト,クリアアンバー,Caro,Hermieres,フレアリングダンサー,カンタベリー,Raise a Native,Gold Digger,Nureyev,Pasadoble,Bold Reasoning,My Charmer,Buckpasser,Gay Missile,Northern Dancer,South Ocean,Secretariat,Crimson Saint,Northfields,Jellatina,Turn-to,Hidden Talent,Princely Gift,Suncourt,ネヴァービート,スターハイネス,Northern Dancer,Lady Victoria,Ambiopoise,One Clear Call,フォルティノ,Chambord,Sicambre,Vieille Pierre,Northern Dancer,Flaming Victress,トパーズ,トキツカゼ
2022105966,ルーラーシップ,ツボミ,キングカメハメハ,エアグルーヴ,スペシャルウィーク,メジロフォーナ,Kingmambo,マンファス,トニービン,ダイナカール,サンデーサイレンス,キャンペンガール,ナリタトップロード,メジロナターシャ,Mr. Prospector,Miesque,ラストタイクーン,Pilot Bird,カンパラ,Severn Bridge,ノーザンテースト,シャダイフェザー,Halo,Wishing Well,マルゼンスキー,レディーシラオキ,サッカーボーイ,フローラルマジック,フレイズ,メジロチェイサー,Raise a Native,Gold Digger,Nureyev,Pasadoble,トライマイベスト,Mill Princess,Blakeney,The Dancer,Kalamoun,State Pension,Hornbeam,Priddy Fair,Northern Dancer,Lady Victoria,ガーサント,パロクサイド,Hail to Reason,Cosmah,Understanding,Mountain Flower,Nijinsky,シル,セントクレスピン,ミスアシヤガワ,ディクタス,ダイナサッシュ,Affirmed,Rare Lady,Strawberry Road,Zalataia,メジロサンマン,シエリル
2021100410,ロードカナロア,アルスノヴァ,キングカメハメハ,レディブラッサム,ダンスインザダーク,オリエンタルアート,Kingmambo,マンファス,Storm Cat,サラトガデュー,サンデーサイレンス,ダンシングキイ,メジロマックイーン,エレクトロアート,Mr. Prospector,Miesque,ラストタイクーン,Pilot Bird,Storm Bird,Terlingua,Cormorant,Super Luna,Halo,Wishing Well,Nijinsky,Key Partner,メジロティターン,メジロオーロラ,ノーザンテースト,グランマスティーヴンス,Raise a Native,Gold Digger,Nureyev,Pasadoble,トライマイベスト,Mill Princess,Blakeney,The Dancer,Northern Dancer,South Ocean,Secretariat,Crimson Saint,His Majesty,Song Sparrow,In Reality,Alada,Hail to Reason,Cosmah,Understanding,Mountain Flower,Northern Dancer,Flaming Page,Key to the Mint,Native Partner,メジロアサマ,シエリル,リマンド,メジロアイリス,Northern Dancer,Lady Victoria,Lt. Stevens,Dhow
2019106938,メイショウボーラー,ヴェイグストーリー,タイキシャトル,ナイスレイズ,ゴールドアリュール,ウインドヴェイン,Devil's Bag,ウェルシュマフィン,Storm Cat,Nice Tradition,サンデーサイレンス,ニキーヤ,エリシオ,ラスリングカプス,Halo,Ballade,Caerleon,Muffitys,Storm Bird,Terlingua,Search Tradition,Nice Dancing,Halo,Wishing Well,Nureyev,Reluctant Guest,Fairy King,Helice,Woodman,フィールディ,Hail to Reason,Cosmah,Herbager,Miss Swapsco,Nijinsky,Foreseer,Thatch,Contrail,Northern Dancer,South Ocean,Secretariat,Crimson Saint,Nashua,Searching,Kazan,Nice,Hail to Reason,Cosmah,Understanding,Mountain Flower,Northern Dancer,Special,Hostage,Vaguely Royal,Northern Dancer,Fairy Bridge,Slewpy,Hirondelle,Mr. Prospector,プレイメイト,Northfields,Gramy
2022107300,ファインニードル,モリトシラユリ,アドマイヤムーン,ニードルクラフト,クロフネ,サイレントラヴ,エンドスウィープ,マイケイティーズ,Mark of Esteem,Sharp Point,フレンチデピュティ,ブルーアヴェニュー,サンデーサイレンス,ファーストラブ,フォーティナイナー,Broom Dance,サンデーサイレンス,ケイティーズファースト,Darshaan,Homage,ロイヤルアカデミー,Nice Point,Deputy Minister,Mitterand,Classic Go Go,Eliza Blue,Halo,Wishing Well,ナイスダンサー,レディーシラオキ,Mr. Prospector,File,Dance Spell,Witching Hour,Halo,Wishing Well,Kris,Katies,Shirley Heights,Delsy,Ajdal,Home Love,Nijinsky,Crimson Saint,Sharpen Up,Alpine Niece,Vice Regent,Mint Copy,Hold Your Peace,Laredo Lass,Pago Pago,Classic Perfection,Icecapade,コレラ,Hail to Reason,Cosmah,Understanding,Mountain Flower,Northern Dancer,Nice Princess,セントクレスピン,ミスアシヤガワ
2022104394,シニスターミニスター,スリーアロー,Old Trieste,Sweet Minister,アルデバラン,ピサノベネチアン,A.P. Indy,Lovlier Linda,The Prime Minister,Sweet Blue,Mr. Prospector,Chimes of Freedom,サンデーサイレンス,ストームザミント,Seattle Slew,Weekend Surprise,Vigors,Linda Summers,Deputy Minister,Stick to Beauty,Hurry Up Blue,Sugar Gold,Raise a Native,Gold Digger,Private Account,Aviance,Halo,Wishing Well,Storm Cat,Mint Cooler,Bold Reasoning,My Charmer,Secretariat,Lassie Dear,Grey Dawn,Relifordie,Crozier,Queenly Gift,Vice Regent,Mint Copy,Illustrious,Hail to Beauty,Mr. Leader,Blue Baroness,Mr. Prospector,Miss Ironside,Native Dancer,Raise You,Nashua,Sequence,Damascus,Numbered Account,Northfields,Minnie Hauk,Hail to Reason,Cosmah,Understanding,Mountain Flower,Storm Bird,Terlingua,Key to the Mint,Zippy Do
2022105535,マインドユアビスケッツ,メープルリキュール,Posse,Jazzmane,オルフェーヴル,レディオーカモア,Silver Deputy,Raska,Toccet,Alljazz,ステイゴールド,オリエンタルアート,Meadowlake,Explosive Kate,Deputy Minister,Silver Valley,Rahy,Borishka,Awesome Again,Cozzene's Angel,Stop the Music,Bounteous,サンデーサイレンス,ゴールデンサッシュ,メジロマックイーン,エレクトロアート,Hold Your Peace,Suspicious Native,Explodent,Katerina the Great,Vice Regent,Mint Copy,Mr. Prospector,Seven Valleys,Blushing Groom,Glorious Song,Roberto,Queen Maud,Deputy Minister,Primal Force,Cozzene,Charming Pan,Hail to Reason,Bebopper,Master Derby,Mlle. Quille,Halo,Wishing Well,ディクタス,ダイナサッシュ,メジロティターン,メジロオーロラ,ノーザンテースト,グランマスティーヴンス,Speak John,Blue Moon,Raise a Native,Be Suspicious,Nearctic,Venomous,Great Nephew,View Mistress
2021105373,サトノアラジン,アナスタシアブルー,ディープインパクト,マジックストーム,ファルブラヴ,ライラプス,サンデーサイレンス,ウインドインハーヘア,Storm Cat,Foppy Dancer,Fairy King,Gift of the Night,フレンチデピュティ,フサイチエアデール,Halo,Wishing Well,Alzao,Burghclere,Storm Bird,Terlingua,Fappiano,Water Dance,Northern Dancer,Fairy Bridge,Slewpy,Little Nana,Deputy Minister,Mitterand,サンデーサイレンス,ラスティックベル,Hail to Reason,Cosmah,Understanding,Mountain Flower,Lyphard,Lady Rebecca,Busted,Highclere,Northern Dancer,South Ocean,Secretariat,Crimson Saint,Mr. Prospector,Killaloe,Nijinsky,Luiana,Nearctic,Natalma,Bold Reason,Special,Seattle Slew,Rare Bouquet,Lithiot,Nenana Road,Vice Regent,Mint Copy,Hold Your Peace,Laredo Lass,Halo,Wishing Well,Mr. Prospector,Ragtime Girl
2021104824,マインドユアビスケッツ,アスクデピュティ,Posse,Jazzmane,フレンチデピュティ,マルカコマチ,Silver Deputy,Raska,Toccet,Alljazz,Deputy Minister,Mitterand,サンデーサイレンス,ナショナルフラッグ,Deputy Minister,Silver Valley,Rahy,Borishka,Awesome Again,Cozzene's Angel,Stop the Music,Bounteous,Vice Regent,Mint Copy,Hold Your Peace,Laredo Lass,Halo,Wishing Well,ディクタス,ダイナワールド,Vice Regent,Mint Copy,Mr. Prospector,Seven Valleys,Blushing Groom,Glorious Song,Roberto,Queen Maud,Deputy Minister,Primal Force,Cozzene,Charming Pan,Hail to Reason,Bebopper,Master Derby,Mlle. Quille,Northern Dancer,Victoria Regina,Bunty's Flight,Shakney,Speak John,Blue Moon,Bold Ruler,Fortunate Isle,Hail to Reason,Cosmah,Understanding,Mountain Flower,Sanctus,Doronic,ハンターコム,ハニードリーマー
2021106874,ドレフォン,ゴールドアクション,Gio Ponti,Eltimaas,ヘニーヒューズ,グローバルリーダー,Tale of the Cat,Chipeta Springs,Ghostzapper,Najecam,ヘネシー,Meadow Flyer,テンビー,ホクショウマリー,Storm Cat,Yarn,Alydar,Salt Spring,Awesome Again,Baby Zip,Trempolino,Sue Warner,Storm Cat,Island Kitty,Meadowlake,Shortley,Caerleon,Shining Water,テイオーソロン,レオナール,Storm Bird,Terlingua,Mr. Prospector,Narrate,Raise a Native,Sweet Tooth,Salt Marsh,Jungle Mythologic,Deputy Minister,Primal Force,Relaunch,Thirty Zip,Sharpen Up,Trephine,Forli,Bitty Girl,Storm Bird,Terlingua,Hawaii,T. C. Kitten,Hold Your Peace,Suspicious Native,Hagley,Short Winded,Nijinsky,Foreseer,Kalaglow,Idle Waters,パーソロン,リーダーシツプ,プルラリズム,ハーバーマドンナ
2022102987,ナダル,トーコーユズキ,Blame,Ascending Angel,ディープインパクト,ピンクプルメリア,Arch,Liable,Pulpit,Solar Colony,サンデーサイレンス,ウインドインハーヘア,Caerleon,ティグレスダムール,Kris S.,Aurora,Seeking the Gold,Bound,A.P. Indy,Preach,Pleasant Colony,Meteor Stage,Halo,Wishing Well,Alzao,Burghclere,Nijinsky,Foreseer,Stage Door Johnny,Aces Swinging,Roberto,Sharp Queen,Danzig,Althea,Mr. Prospector,Con Game,Nijinsky,Special,Seattle Slew,Weekend Surprise,Mr. Prospector,Narrate,His Majesty,Sun Colony,Stage Door Johnny,Northern Meteor,Hail to Reason,Cosmah,Understanding,Mountain Flower,Lyphard,Lady Rebecca,Busted,Highclere,Northern Dancer,Flaming Page,Round Table,Regal Gleam,Prince John,Peroxide Blonde,Native Dancer,Raise You
2019104805,ロードカナロア,ダリシア,キングカメハメハ,レディブラッサム,Acatenango,Dynamis,Kingmambo,マンファス,Storm Cat,サラトガデュー,Surumu,Aggravate,ダンシングブレーヴ,Diasprina,Mr. Prospector,Miesque,ラストタイクーン,Pilot Bird,Storm Bird,Terlingua,Cormorant,Super Luna,Literat,Surama,Aggressor,Raven Locks,Lyphard,Navajo Princess,Aspros,Dorle,Raise a Native,Gold Digger,Nureyev,Pasadoble,トライマイベスト,Mill Princess,Blakeney,The Dancer,Northern Dancer,South Ocean,Secretariat,Crimson Saint,His Majesty,Song Sparrow,In Reality,Alada,Birkhahn,Lis,Reliance,Suncourt,Combat,Phaetonia,Mr. Jinks,Gentlemen's Relish,Northern Dancer,Goofed,Drone,Olmec,Sparkler,Antwerpen,Rheffic,Diu
2020104845,マインドユアビスケッツ,エナチャン,Posse,Jazzmane,キンシャサノキセキ,エンジェルシード,Silver Deputy,Raska,Toccet,Alljazz,フジキセキ,ケルトシャーン,Broad Brush,Fara's Team,Deputy Minister,Silver Valley,Rahy,Borishka,Awesome Again,Cozzene's Angel,Stop the Music,Bounteous,サンデーサイレンス,ミルレーサー,Pleasant Colony,Featherhill,Ack Ack,Hay Patcher,Tunerup,Specialization,Vice Regent,Mint Copy,Mr. Prospector,Seven Valleys,Blushing Groom,Glorious Song,Roberto,Queen Maud,Deputy Minister,Primal Force,Cozzene,Charming Pan,Hail to Reason,Bebopper,Master Derby,Mlle. Quille,Halo,Wishing Well,Le Fabuleux,Marston's Mill,His Majesty,Sun Colony,Lyphard,Lady Berry,Battle Joined,Fast Turn,Hoist the Flag,Turn to Talent,The Pruner,Our Girl,Princely Native,Special Vintage
2020102703,レッドファルクス,フルオブグレース,スウェプトオーヴァーボード,ベルモット,ヴィクトワールピサ,エロージュ,エンドスウィープ,Sheer Ice,サンデーサイレンス,レガシーオブストレングス,ネオユニヴァース,ホワイトウォーターアフェア,フサイチコンコルド,フサイチエレガンス,フォーティナイナー,Broom Dance,Cutlass,Hey Dolly A.,Halo,Wishing Well,Affirmed,Katonka,サンデーサイレンス,ポインテッドパス,Machiavellian,Much Too Risky,Caerleon,バレークイーン,Rahy,Exclusive Bird,Mr. Prospector,File,Dance Spell,Witching Hour,Damascus,Aphonia,Ambehaving,Swift Deal,Hail to Reason,Cosmah,Understanding,Mountain Flower,Exclusive Native,Won't Tell You,Minnesota Mac,Minnetonka,Halo,Wishing Well,Kris,Silken Way,Mr. Prospector,Coup de Folie,Bustino,Short Rations,Nijinsky,Foreseer,Sadler's Wells,Sun Princess,Blushing Groom,Glorious Song,Storm Bird,Exclusive Moment
2021105272,イスラボニータ,リベルタンゴ,フジキセキ,イスラコジーン,Smart Strike,オジャグワ,サンデーサイレンス,ミルレーサー,Cozzene,Isla Mujeres,Mr. Prospector,Classy'n Smart,Pure Prize,Open Secrets,Halo,Wishing Well,Le Fabuleux,Marston's Mill,Caro,Ride the Trails,Crafty Prospector,Lido Isle,Raise a Native,Gold Digger,Smarten,No Class,Storm Cat,Heavenly Prize,West by West,Griffe de Paris,Hail to Reason,Cosmah,Understanding,Mountain Flower,Wild Risk,Anguar,In Reality,Millicent,フォルティノ,Chambord,Prince John,Wildwook,Mr. Prospector,Real Crafty Lady,Far North,She Is Gorgeous,Native Dancer,Raise You,Nashua,Sequence,Cyane,Smartaire,Nodouble,Classy Quillo,Storm Bird,Terlingua,Seeking the Gold,Oh What a Dance,Gone West,West Turn,Telescopico,April In Paris
2019106475,シニスターミニスター,アサケゴマ,Old Trieste,Sweet Minister,クロフネ,ソーラーヴィジョン,A.P. Indy,Lovlier Linda,The Prime Minister,Sweet Blue,フレンチデピュティ,ブルーアヴェニュー,タバスコキャット,ノーザンソーラー,Seattle Slew,Weekend Surprise,Vigors,Linda Summers,Deputy Minister,Stick to Beauty,Hurry Up Blue,Sugar Gold,Deputy Minister,Mitterand,Classic Go Go,Eliza Blue,Storm Cat,Barbicue Sauce,Northern Dancer,Solar,Bold Reasoning,My Charmer,Secretariat,Lassie Dear,Grey Dawn,Relifordie,Crozier,Queenly Gift,Vice Regent,Mint Copy,Illustrious,Hail to Beauty,Mr. Leader,Blue Baroness,Mr. Prospector,Miss Ironside,Vice Regent,Mint Copy,Hold Your Peace,Laredo Lass,Pago Pago,Classic Perfection,Icecapade,コレラ,Storm Bird,Terlingua,Sauce Boat,Lady Barbizon,Nearctic,Natalma,Halo,Sex Appeal
2020104708,ロゴタイプ,クルールヴィオラ,ローエングリン,ステレオタイプ,プリサイスエンド,ナナヨーストーム,シングスピール,カーリング,サンデーサイレンス,スターバレリーナ,エンドスウィープ,Precisely,セレスティアルストーム,ナナヨーアトラス,In the Wings,Glorious Song,Garde Royale,Corraleja,Halo,Wishing Well,Risen Star,ベリアーニ,フォーティナイナー,Broom Dance,Summing,Crisp 'n Clear,Roberto,Tobira Celeste,バンブーアトラス,ナナヨーモア,Sadler's Wells,High Hawk,Halo,Ballade,Mill Reef,Royal Way,Carvin,Darling Dale,Hail to Reason,Cosmah,Understanding,Mountain Flower,Secretariat,Ribbon,Nureyev,Eleven Pleasures,Mr. Prospector,File,Dance Spell,Witching Hour,Verbatim,Sumatra,Cold Reception,Ring O'Bells,Hail to Reason,Bramalea,Ribot,Heavenly Body,ジムフレンチ,バンブーシザラ,ネプテューヌス,ポリックモアー
2018106693,マクフィ,オクシペタルム,Dubawi,Dhelaal,シンボリクリスエス,エアウイングス,Dubai Millennium,Zomaradah,Green Desert,Irish Valley,Kris S.,Tee Kay,サンデーサイレンス,シークレットシェアラー,Seeking the Gold,Colorado Dancer,Deploy,Jawaher,Danzig,Foreign Courier,Irish River,Green Valley,Roberto,Sharp Queen,Gold Meridian,Tri Argo,Halo,Wishing Well,Secretariat,Nijana,Mr. Prospector,Con Game,Shareef Dancer,Fall Aspen,Shirley Heights,Slightly Dangerous,ダンシングブレーヴ,High Tern,Northern Dancer,Pas de Nom,Sir Ivor,Courtly Dee,Riverman,Irish Star,Val de Loir,Sly Pola,Hail to Reason,Bramalea,Princequillo,Bridgework,Seattle Slew,Queen Louie,Tri Jet,Hail Proudly,Hail to Reason,Cosmah,Understanding,Mountain Flower,Bold Ruler,Somethingroyal,Nijinsky,Prodana Neviesta
2020101582,Justify,ノットナウキャロライン,Scat Daddy,Stage Magic,Tapit,Maryfield,ヨハネスブルグ,Love Style,Ghostzapper,Magical Illusion,Pulpit,Tap Your Heels,Elusive Quality,Sly Maid,ヘネシー,Myth,Mr. Prospector,Likeable Style,Awesome Again,Baby Zip,Pulpit,Voodoo Lily,A.P. Indy,Preach,Unbridled,Ruby Slippers,Gone West,Touch of Greatness,Desert Wine,Sly Charmer,Storm Cat,Island Kitty,オジジアン,Yarn,Raise a Native,Gold Digger,Nijinsky,Personable Lady,Deputy Minister,Primal Force,Relaunch,Thirty Zip,A.P. Indy,Preach,Baldski,Cap the Moment,Seattle Slew,Weekend Surprise,Mr. Prospector,Narrate,Fappiano,Gana Facil,Nijinsky,Moon Glitter,Mr. Prospector,Secrettame,Hero's Honor,Ivory Wand,Damascus,Anne Campbell,Valdez,Miss Pele
2023106916,イスラボニータ,エディスバーグ,フジキセキ,イスラコジーン,Frankel,エディスワートン,サンデーサイレンス,ミルレーサー,Cozzene,Isla Mujeres,Galileo,Kind,Dubawi,Islington,Halo,Wishing Well,Le Fabuleux,Marston's Mill,Caro,Ride the Trails,Crafty Prospector,Lido Isle,Sadler's Wells,Urban Sea,デインヒル,Rainbow Lake,Dubai Millennium,Zomaradah,Sadler's Wells,Hellenic,Hail to Reason,Cosmah,Understanding,Mountain Flower,Wild Risk,Anguar,In Reality,Millicent,フォルティノ,Chambord,Prince John,Wildwook,Mr. Prospector,Real Crafty Lady,Far North,She Is Gorgeous,Northern Dancer,Fairy Bridge,Miswaki,Allegretta,Danzig,Razyana,Rainbow Quest,Rockfest,Seeking the Gold,Colorado Dancer,Deploy,Jawaher,Northern Dancer,Fairy Bridge,Darshaan,Grecian Sea
2023107014,エピファネイア,サラキア,シンボリクリスエス,シーザリオ,ディープインパクト,サロミナ,Kris S.,Tee Kay,スペシャルウィーク,キロフプリミエール,サンデーサイレンス,ウインドインハーヘア,Lomitas,Saldentigerin,Roberto,Sharp Queen,Gold Meridian,Tri Argo,サンデーサイレンス,キャンペンガール,Sadler's Wells,Querida,Halo,Wishing Well,Alzao,Burghclere,Niniski,La Colorada,Tiger Hill,Salde,Hail to Reason,Bramalea,Princequillo,Bridgework,Seattle Slew,Queen Louie,Tri Jet,Hail Proudly,Halo,Wishing Well,マルゼンスキー,レディーシラオキ,Northern Dancer,Fairy Bridge,Habitat,Principia,Hail to Reason,Cosmah,Understanding,Mountain Flower,Lyphard,Lady Rebecca,Busted,Highclere,Nijinsky,Virginia Hills,Surumu,La Dorada,デインヒル,The Filly,Alkalde,Saite
2023102083,オルフェーヴル,ヴァンゴーゴー,ステイゴールド,オリエンタルアート,Dutch Art,Baldovina,サンデーサイレンス,ゴールデンサッシュ,メジロマックイーン,エレクトロアート,Medicean,Halland Park Lass,Tale of the Cat,バルドウィナ,Halo,Wishing Well,ディクタス,ダイナサッシュ,メジロティターン,メジロオーロラ,ノーザンテースト,グランマスティーヴンス,Machiavellian,Mystic Goddess,Spectrum,Palacegate Episode,Storm Cat,Yarn,Pistolet Bleu,Balioka,Hail to Reason,Cosmah,Understanding,Mountain Flower,Sanctus,Doronic,ノーザンテースト,ロイヤルサッシュ,メジロアサマ,シエリル,リマンド,メジロアイリス,Northern Dancer,Lady Victoria,Lt. Stevens,Dhow,Mr. Prospector,Coup de Folie,Storm Bird,Rose Goddess,Rainbow Quest,River Dancer,Drumalis,Pasadena Lady,Storm Bird,Terlingua,Mr. Prospector,Narrate,Top Ville,Pampa Bella,Tourangeau,Bangalore
2023100953,モーリス,ハンティングシーズン,スクリーンヒーロー,メジロフランシス,Pioneerof the Nile,Flying Spur,グラスワンダー,ランニングヒロイン,カーネギー,メジロモントレー,エンパイアメーカー,Star of Goshen,Giant's Causeway,Lakeway,Silver Hawk,Ameriflora,サンデーサイレンス,ダイナアクトレス,Sadler's Wells,Detroit,モガミ,メジロクインシー,Unbridled,Toussaud,Lord at War,Castle Eight,Storm Cat,Mariah's Storm,Seattle Slew,Milliardaire,Roberto,Gris Vitesse,Danzig,Graceful Touch,Halo,Wishing Well,ノーザンテースト,モデルスポート,Northern Dancer,Fairy Bridge,Riverman,Derna,Lyphard,ノーラック,フィディオン,メジロボサツ,Fappiano,Gana Facil,El Gran Senor,Image of Reality,General,Luna de Miel,Key to the Kingdom,Her Native,Storm Bird,Terlingua,Rahy,イメンス,Bold Reasoning,My Charmer,Alydar,Priceless Fame
2023106492,ダノンバラード,ツウローゼズ,ディープインパクト,レディバラード,スターリングローズ,ローズホーラー,サンデーサイレンス,ウインドインハーヘア,Unbridled,Angelic Song,アフリート,コマーズ,トウショウボーイ,ミスティローズ,Halo,Wishing Well,Alzao,Burghclere,Fappiano,Gana Facil,Halo,Ballade,Mr. Prospector,Polite Lady,Danzig,ミドルマーチ,テスコボーイ,ソシアルバターフライ,サクラショウリ,サクラタニマサ,Hail to Reason,Cosmah,Understanding,Mountain Flower,Lyphard,Lady Rebecca,Busted,Highclere,Mr. Prospector,Killaloe,Le Fabuleux,Charedi,Hail to Reason,Cosmah,Herbager,Miss Swapsco,Raise a Native,Gold Digger,Venetian Jester,Friendly Ways,Northern Dancer,Pas de Nom,Buckpasser,Nice Princess,Princely Gift,Suncourt,Your Host,Wisteria,パーソロン,シリネラ,ネプテューヌス,スワンズウッドグローヴ
2023105011,ダノンキングリー,サラーバ,ディープインパクト,マイグッドネス,New Approach,Thamarat,サンデーサイレンス,ウインドインハーヘア,Storm Cat,Caressing,Galileo,Park Express,Anabaa,Al Ishq,Halo,Wishing Well,Alzao,Burghclere,Storm Bird,Terlingua,Honour and Glory,Lovin Touch,Sadler's Wells,Urban Sea,Ahonoora,Matcher,Danzig,Balbonella,Nureyev,Allez Les Trois,Hail to Reason,Cosmah,Understanding,Mountain Flower,Lyphard,Lady Rebecca,Busted,Highclere,Northern Dancer,South Ocean,Secretariat,Crimson Saint,Relaunch,Fair to All,Majestic Prince,Forest Princess,Northern Dancer,Fairy Bridge,Miswaki,Allegretta,Lorenzaccio,Helen Nichols,Match,Lachine,Northern Dancer,Pas de Nom,ゲイメセン,Bamieres,Northern Dancer,Special,Riverman,Allegretta
2023105356,Twirling Candy,タフイルマ,Candy Ride,House of Danzing,Stormy Atlantic,Dixieland Event,Ride the Rails,Candy Girl,Chester House,Danzing Crown,Storm Cat,Hail Atlantis,Wild Event,Pleasant Dixie,Cryptoclearance,Herbalesian,Candy Stripes,City Girl,Mr. Prospector,Toussaud,Danzig,Crownette,Storm Bird,Terlingua,Seattle Slew,Flippers,Wild Again,North Of Eden,Dixieland Band,Pleasant Jolie,Fappiano,Naval Orange,Herbager,Alanesian,Blushing Groom,バブルカンパニー,Farnesio,Cithara,Raise a Native,Gold Digger,El Gran Senor,Image of Reality,Northern Dancer,Pas de Nom,Seattle Slew,インメモリー,Northern Dancer,South Ocean,Secretariat,Crimson Saint,Bold Reasoning,My Charmer,Coastal,Moccasin,Icecapade,Bushel-n-Peck,Northfields,ツリーオブノレッジ,Northern Dancer,Mississippi Mud,Pleasant Colony,Jolie Jolie
2023106197,ビーチパトロール,フレンドパリ,Lemon Drop Kid,Bashful Bertie,アグネスデジタル,フェレット,Kingmambo,Charming Lassie,Quiet American,Clever Bertie,Crafty Prospector,Chancey Squaw,サンデーサイレンス,フェルモイ,Mr. Prospector,Miesque,Seattle Slew,Lassie Dear,Fappiano,Demure,Timeless Native,Clever But Costly,Mr. Prospector,Real Crafty Lady,Chief's Crown,Allicance,Halo,Wishing Well,Irish River,Victoress,Raise a Native,Gold Digger,Nureyev,Pasadoble,Bold Reasoning,My Charmer,Buckpasser,Gay Missile,Mr. Prospector,Killaloe,Dr. Fager,Quiet Charm,Timeless Moment,Head Off,Clever Trick,Swoonlow,Raise a Native,Gold Digger,In Reality,Princess Roycraft,Danzig,Six Crowns,Alleged,Runaway Bride,Hail to Reason,Cosmah,Understanding,Mountain Flower,Riverman,Irish Star,Conquistador Cielo,Royal Statute
2022104896,レイデオロ,ダンサール,キングカメハメハ,ラドラーダ,ハーツクライ,バラダセール,Kingmambo,マンファス,シンボリクリスエス,レディブロンド,サンデーサイレンス,アイリッシュダンス,Not For Sale,La Balada,Mr. Prospector,Miesque,ラストタイクーン,Pilot Bird,Kris S.,Tee Kay,Seeking the Gold,ウインドインハーヘア,Halo,Wishing Well,トニービン,ビューパーダンス,Parade Marshal,Love for Sale,Confidential Talk,La Baraca,Raise a Native,Gold Digger,Nureyev,Pasadoble,トライマイベスト,Mill Princess,Blakeney,The Dancer,Roberto,Sharp Queen,Gold Meridian,Tri Argo,Mr. Prospector,Con Game,Alzao,Burghclere,Hail to Reason,Cosmah,Understanding,Mountain Flower,カンパラ,Severn Bridge,Lyphard,My Bupers,Caro,Stepping High,Laramie Trail,Museliere,Damascus,Confidentiality,Mariache,La Bambuca
2021105738,キズナ,ブラックモリオン,ディープインパクト,キャットクイル,ルーラーシップ,モルガナイト,サンデーサイレンス,ウインドインハーヘア,Storm Cat,Pacific Princess,キングカメハメハ,エアグルーヴ,アグネスデジタル,タンザナイト,Halo,Wishing Well,Alzao,Burghclere,Storm Bird,Terlingua,Damascus,Fiji,Kingmambo,マンファス,トニービン,ダイナカール,Crafty Prospector,Chancey Squaw,サンデーサイレンス,キャサリーンパー,Hail to Reason,Cosmah,Understanding,Mountain Flower,Lyphard,Lady Rebecca,Busted,Highclere,Northern Dancer,South Ocean,Secretariat,Crimson Saint,Sword Dancer,Kerala,Acropolis,Rififi,Mr. Prospector,Miesque,ラストタイクーン,Pilot Bird,カンパラ,Severn Bridge,ノーザンテースト,シャダイフェザー,Mr. Prospector,Real Crafty Lady,Chief's Crown,Allicance,Halo,Wishing Well,Riverman,Regal Exception
2019105302,ハービンジャー,ディアデラノビア,Dansili,Penang Pearl,サンデーサイレンス,ポトリザリス,デインヒル,Hasili,Bering,Guapa,Halo,Wishing Well,Potrillazo,Chaldee,Danzig,Razyana,Kahyasi,Kerali,Arctic Tern,Beaune,Shareef Dancer,Sauceboat,Hail to Reason,Cosmah,Understanding,Mountain Flower,Ahmad,Azalee,Banner Sport,Gevar,Northern Dancer,Pas de Nom,His Majesty,Spring Adieu,イルドブルボン,Kadissya,High Line,Sookera,Sea-Bird,Bubbling Beauty,Lyphard,Barbra,Northern Dancer,Sweet Alliance,Connaught,Cranberry Sauce,Turn-to,Nothirdchance,Cosmic Bomb,Almahmoud,Promised Land,Pretty Ways,Montparnasse,Edelweiss,Good Manners,Azyade,Tropical Sun,Akinos,Raise a Native,La Dauphine,Right of Way,Zaris
2022104839,Frankel,ジョイカネラ,Galileo,Kind,Fortify,Stormy Catlike,Sadler's Wells,Urban Sea,デインヒル,Rainbow Lake,Distorted Humor,Kotuku,Bernstein,Forty Miau,Northern Dancer,Fairy Bridge,Miswaki,Allegretta,Danzig,Razyana,Rainbow Quest,Rockfest,フォーティナイナー,Danzig's Beauty,A.P. Indy,Flagbird,Storm Cat,La Affirmed,Roar,Ma Gatte,Nearctic,Natalma,Bold Reason,Special,Mr. Prospector,Hopespringseternal,Lombard,Anatevka,Northern Dancer,Pas de Nom,His Majesty,Spring Adieu,Blushing Groom,I Will Follow,Stage Door Johnny,Rock Garden,Mr. Prospector,File,Danzig,Sweetest Chant,Seattle Slew,Weekend Surprise,Nureyev,Up the Flagpole,Storm Bird,Terlingua,Affirmed,La Mesa,フォーティナイナー,Wild Applause,Mountdrago,Guendante
2021101134,グレーターロンドン,ピースワンオーレ,ディープインパクト,ロンドンブリッジ,ジャングルポケット,スカイウェー,サンデーサイレンス,ウインドインハーヘア,ドクターデヴィアス,オールフォーロンドン,トニービン,ダンスチャーマー,Trans Island,Zilayah,Halo,Wishing Well,Alzao,Burghclere,Ahonoora,Rose of Jericho,Danzig,Full Card,カンパラ,Severn Bridge,Nureyev,Skillful Joy,Selkirk,Khubza,Zilzal,Welsh Garden,Hail to Reason,Cosmah,Understanding,Mountain Flower,Lyphard,Lady Rebecca,Busted,Highclere,Lorenzaccio,Helen Nichols,Alleged,Rose Red,Northern Dancer,Pas de Nom,Damascus,Belle of the Ball,Kalamoun,State Pension,Hornbeam,Priddy Fair,Northern Dancer,Special,Nodouble,Skillful Miss,Sharpen Up,Annie Edge,Green Desert,Breadcrumb,Nureyev,French Charmer,Welsh Saint,Garden of Eden
2019103823,シルバーステート,アンブラッセモワ,ディープインパクト,シルヴァースカヤ,Zoffany,Ice Flower,サンデーサイレンス,ウインドインハーヘア,Silver Hawk,Boubskaia,Dansili,Tyranny,Pivotal,エジラール,Halo,Wishing Well,Alzao,Burghclere,Roberto,Gris Vitesse,Niniski,Frenetique,デインヒル,Hasili,Machiavellian,Dust Dancer,Polar Falcon,Fearless Revival,Caerleon,Genovefa,Hail to Reason,Cosmah,Understanding,Mountain Flower,Lyphard,Lady Rebecca,Busted,Highclere,Hail to Reason,Bramalea,Amerigo,Matchiche,Nijinsky,Virginia Hills,Tyrant,Femina,Danzig,Razyana,Kahyasi,Kerali,Mr. Prospector,Coup de Folie,Suave Dancer,Galaxie Dust,Nureyev,Marie d'Argonne,Cozzene,Stufida,Nijinsky,Foreseer,Woodman,Reigning Countess
2018104225,キングヘイロー,ヒーリング,ダンシングブレーヴ,グッバイヘイロー,バトルプラン,キャットニップ,Lyphard,Navajo Princess,Halo,Pound Foolish,エンパイアメーカー,Flanders,タバスコキャット,スウィートインディ,Northern Dancer,Goofed,Drone,Olmec,Hail to Reason,Cosmah,Sir Ivor,Squander,Unbridled,Toussaud,Seeking the Gold,Starlet Storm,Storm Cat,Barbicue Sauce,A.P. Indy,Sugar Nipper,Nearctic,Natalma,Court Martial,Barra,Sir Gaylord,Cap and Bells,Pago Pago,Chocolate Beau,Turn-to,Nothirdchance,Cosmic Bomb,Almahmoud,Sir Gaylord,Attica,Buckpasser,Discipline,Fappiano,Gana Facil,El Gran Senor,Image of Reality,Mr. Prospector,Con Game,Storm Bird,Cinegita,Storm Bird,Terlingua,Sauce Boat,Lady Barbizon,Seattle Slew,Weekend Surprise,Danzig,I'm Sweets
2020105749,ゴールドシップ,ゲッカコウ,ステイゴールド,ポイントフラッグ,ロージズインメイ,チューベローズ,サンデーサイレンス,ゴールデンサッシュ,メジロマックイーン,パストラリズム,Devil His Due,Tell a Secret,シンボリクリスエス,チューニー,Halo,Wishing Well,ディクタス,ダイナサッシュ,メジロティターン,メジロオーロラ,プルラリズム,トクノエイティー,Devil's Bag,Plenty O'Toole,Speak John,Secret Retreat,Kris S.,Tee Kay,サンデーサイレンス,フロムビヨンド,Hail to Reason,Cosmah,Understanding,Mountain Flower,Sanctus,Doronic,ノーザンテースト,ロイヤルサッシュ,メジロアサマ,シエリル,リマンド,メジロアイリス,The Minstrel,Cambretta,トライバルチーフ,アイアンルビー,Halo,Ballade,Raise a Cup,Li'l Puss,Prince John,Nuit de Folies,Clandestine,Retirement,Roberto,Sharp Queen,Gold Meridian,Tri Argo,Halo,Wishing Well,Kris,Magic of Life
2019107075,マクフィ,グローリールピナス,Dubawi,Dhelaal,マーベラスサンデー,グローリーゲイト,Dubai Millennium,Zomaradah,Green Desert,Irish Valley,サンデーサイレンス,モミジダンサー,ブライアンズタイム,ドーター,Seeking the Gold,Colorado Dancer,Deploy,Jawaher,Danzig,Foreign Courier,Irish River,Green Valley,Halo,Wishing Well,ヴァイスリーガル,モミジ,Roberto,Kelley's Day,Alydar,ムーンライトミラクル,Mr. Prospector,Con Game,Shareef Dancer,Fall Aspen,Shirley Heights,Slightly Dangerous,ダンシングブレーヴ,High Tern,Northern Dancer,Pas de Nom,Sir Ivor,Courtly Dee,Riverman,Irish Star,Val de Loir,Sly Pola,Hail to Reason,Cosmah,Understanding,Mountain Flower,Northern Dancer,Victoria Regina,Laugh Aloud,Hold Me Close,Hail to Reason,Bramalea,Graustark,Golden Trail,Raise a Native,Sweet Tooth,Northern Dancer,Blue Tepee
2021106766,ゴールドシップ,アメリオラシオン,ステイゴールド,ポイントフラッグ,ルーラーシップ,ローズシティ,サンデーサイレンス,ゴールデンサッシュ,メジロマックイーン,パストラリズム,キングカメハメハ,エアグルーヴ,フレンチデピュティ,ロゼダンジュ,Halo,Wishing Well,ディクタス,ダイナサッシュ,メジロティターン,メジロオーロラ,プルラリズム,トクノエイティー,Kingmambo,マンファス,トニービン,ダイナカール,Deputy Minister,Mitterand,サンデーサイレンス,ローザネイ,Hail to Reason,Cosmah,Understanding,Mountain Flower,Sanctus,Doronic,ノーザンテースト,ロイヤルサッシュ,メジロアサマ,シエリル,リマンド,メジロアイリス,The Minstrel,Cambretta,トライバルチーフ,アイアンルビー,Mr. Prospector,Miesque,ラストタイクーン,Pilot Bird,カンパラ,Severn Bridge,ノーザンテースト,シャダイフェザー,Vice Regent,Mint Copy,Hold Your Peace,Laredo Lass,Halo,Wishing Well,Lyphard,Riviere Doree
2021106645,キズナ,ファヴォーラ,ディープインパクト,キャットクイル,Frankel,グッドウッドマーチ,サンデーサイレンス,ウインドインハーヘア,Storm Cat,Pacific Princess,Galileo,Kind,Foxhound,Military Tune,Halo,Wishing Well,Alzao,Burghclere,Storm Bird,Terlingua,Damascus,Fiji,Sadler's Wells,Urban Sea,デインヒル,Rainbow Lake,Danzig,Lassie Dear,Nashwan,Martingale,Hail to Reason,Cosmah,Understanding,Mountain Flower,Lyphard,Lady Rebecca,Busted,Highclere,Northern Dancer,South Ocean,Secretariat,Crimson Saint,Sword Dancer,Kerala,Acropolis,Rififi,Northern Dancer,Fairy Bridge,Miswaki,Allegretta,Danzig,Razyana,Rainbow Quest,Rockfest,Northern Dancer,Pas de Nom,Buckpasser,Gay Missile,Blushing Groom,Height of Fashion,Luthier,Moonmadness
2019100318,ディープインパクト,ケイアイガーベラ,サンデーサイレンス,ウインドインハーヘア,Smarty Jones,アンナステルツ,Halo,Wishing Well,Alzao,Burghclere,Elusive Quality,I'll Get Along,Danzig,Edge,Hail to Reason,Cosmah,Understanding,Mountain Flower,Lyphard,Lady Rebecca,Busted,Highclere,Gone West,Touch of Greatness,Smile,Dont Worry Bout Me,Northern Dancer,Pas de Nom,Damascus,Ponte Vecchio,Turn-to,Nothirdchance,Cosmic Bomb,Almahmoud,Promised Land,Pretty Ways,Montparnasse,Edelweiss,Northern Dancer,Goofed,Sir Ivor,Pocahontas,Crepello,Sans le Sou,Queen's Hussar,Highlight,Mr. Prospector,Secrettame,Hero's Honor,Ivory Wand,In Reality,Sunny Smile,Foolish Pleasure,Stolen Base,Nearctic,Natalma,Admiral's Voyage,Petitioner,Sword Dancer,Kerala,Round Table,Terentia
2021104094,マクフィ,オールドフレイム,Dubawi,Dhelaal,ゼンノロブロイ,オーラオブザムーン,Dubai Millennium,Zomaradah,Green Desert,Irish Valley,サンデーサイレンス,ローミンレイチェル,Tiznow,レディジョアン,Seeking the Gold,Colorado Dancer,Deploy,Jawaher,Danzig,Foreign Courier,Irish River,Green Valley,Halo,Wishing Well,マイニング,One Smart Lady,Cee's Tizzy,Cee's Song,Orientate,Oatsee,Mr. Prospector,Con Game,Shareef Dancer,Fall Aspen,Shirley Heights,Slightly Dangerous,ダンシングブレーヴ,High Tern,Northern Dancer,Pas de Nom,Sir Ivor,Courtly Dee,Riverman,Irish Star,Val de Loir,Sly Pola,Hail to Reason,Cosmah,Understanding,Mountain Flower,Mr. Prospector,I Pass,Clever Trick,Pia's Lady,Relaunch,テイズリー,Seattle Song,Lonely Dancer,Mt. Livermore,Dream Team,Unbridled,With Every Wish
2022106155,イスラボニータ,ビクトリアスマイル,フジキセキ,イスラコジーン,ノヴェリスト,ジターナ,サンデーサイレンス,ミルレーサー,Cozzene,Isla Mujeres,Monsun,Night Lagoon,ダンスインザダーク,マルバイユ,Halo,Wishing Well,Le Fabuleux,Marston's Mill,Caro,Ride the Trails,Crafty Prospector,Lido Isle,Konigsstuhl,Mosella,Lagunas,Nenuphar,サンデーサイレンス,ダンシングキイ,Marju,Hambye,Hail to Reason,Cosmah,Understanding,Mountain Flower,Wild Risk,Anguar,In Reality,Millicent,フォルティノ,Chambord,Prince John,Wildwook,Mr. Prospector,Real Crafty Lady,Far North,She Is Gorgeous,Dschingis Khan,Konigskronung,Surumu,Monasia,イルドブルボン,Liranga,Night Shift,Narola,Halo,Wishing Well,Nijinsky,Key Partner,ラストタイクーン,Flame of Tara,Distant Relative,Paglietta Gener
2022104972,ミッキーアイル,ビバリーヒルズ,ディープインパクト,スターアイル,スニッツェル,ブリリアントベリー,サンデーサイレンス,ウインドインハーヘア,ロックオブジブラルタル,アイルドフランス,Redoute's Choice,Snippets' Lass,ノーザンテースト,クラフテイワイフ,Halo,Wishing Well,Alzao,Burghclere,デインヒル,Offshore Boom,Nureyev,ステラマドリッド,デインヒル,Shantha's Choice,Snippets,Snow Finch,Northern Dancer,Lady Victoria,Crafty Prospector,Wife Mistress,Hail to Reason,Cosmah,Understanding,Mountain Flower,Lyphard,Lady Rebecca,Busted,Highclere,Danzig,Razyana,Be My Guest,Push a Button,Northern Dancer,Special,Alydar,My Juliet,Danzig,Razyana,Canny Lad,Dancing Show,Lunchtime,Easy Date,Storm Bird,A Realgirl,Nearctic,Natalma,Victoria Park,Lady Angela,Mr. Prospector,Real Crafty Lady,Secretariat,Political Payoff
2022110111,Mitole,Hen Escape,エスケンデレヤ,Indian Miss,ヘニーヒューズ,Escape to Victory,Giant's Causeway,Aldebaran Light,Indian Charlie,Glacken's Gal,ヘネシー,Meadow Flyer,Salse,Gaijin,Storm Cat,Mariah's Storm,Seattle Slew,Altair,In Excess,Soviet Sojourn,Smoke Glacken,Lady Diplomat,Storm Cat,Island Kitty,Meadowlake,Shortley,Topsider,Carnival Princess,Caerleon,Resooka,Storm Bird,Terlingua,Rahy,イメンス,Bold Reasoning,My Charmer,Alydar,ステラーオデッセイ,Siberian Express,Kantado,Leo Castelli,Political Parfait,Two Punch,Majesty's Crown,Silver Deputy,Mercedes Miss,Storm Bird,Terlingua,Hawaii,T. C. Kitten,Hold Your Peace,Suspicious Native,Hagley,Short Winded,Northern Dancer,Drumtop,Prince John,Carnival Queen,Nijinsky,Foreseer,Godswalk,Sookera
2020103670,ダイワメジャー,ラッドルチェンド,サンデーサイレンス,スカーレットブーケ,Danehill Dancer,ラヴズオンリーミー,Halo,Wishing Well,ノーザンテースト,スカーレットインク,デインヒル,Mira Adonde,Storm Cat,Monevassia,Hail to Reason,Cosmah,Understanding,Mountain Flower,Northern Dancer,Lady Victoria,Crimson Satan,Consentida,Danzig,Razyana,Sharpen Up,Lettre d'Amour,Storm Bird,Terlingua,Mr. Prospector,Miesque,Turn-to,Nothirdchance,Cosmic Bomb,Almahmoud,Promised Land,Pretty Ways,Montparnasse,Edelweiss,Nearctic,Natalma,Victoria Park,Lady Angela,Spy Song,Papila,Beau Max,La Menina,Northern Dancer,Pas de Nom,His Majesty,Spring Adieu,エタン,Rocchetta,Caro,Lianga,Northern Dancer,South Ocean,Secretariat,Crimson Saint,Raise a Native,Gold Digger,Nureyev,Pasadoble
2021106119,ディスクリートキャット,タイセイクインス,Forestry,Pretty Discreet,ワイルドラッシュ,ジュンプリンセス,Storm Cat,Shared Interest,Private Account,Pretty Persuasive,Wild Again,Rose Park,タイキシャトル,マーゴーン,Storm Bird,Terlingua,Pleasant Colony,Surgery,Damascus,Numbered Account,Believe It,Bury the Hatchet,Icecapade,Bushel-n-Peck,Plugged Nickle,Hardship,Devil's Bag,ウェルシュマフィン,Dayjur,Whispered Secret,Northern Dancer,South Ocean,Secretariat,Crimson Saint,His Majesty,Sun Colony,Dr. Fager,Bold Sequence,Sword Dancer,Kerala,Buckpasser,Intriguing,In Reality,Breakfast Bell,Tom Rolfe,Christmas Whishes,Nearctic,Shenanigans,Khaled,Dama,Key to the Mint,Toll Booth,Drone,Hard and Fast,Halo,Ballade,Caerleon,Muffitys,Danzig,Gold Beauty,Secretariat,Classy'n Smart
2021100382,エスポワールシチー,ケープタウンシチー,ゴールドアリュール,エミネントシチー,シンボリクリスエス,キンバリーシチー,サンデーサイレンス,ニキーヤ,ブライアンズタイム,ヘップバーンシチー,Kris S.,Tee Kay,メジロマックイーン,シンデレラギャル,Halo,Wishing Well,Nureyev,Reluctant Guest,Roberto,Kelley's Day,ブレイヴェストローマン,コンパルシチー,Roberto,Sharp Queen,Gold Meridian,Tri Argo,メジロティターン,メジロオーロラ,ノーザンディクテイター,ハーバーローラー,Hail to Reason,Cosmah,Understanding,Mountain Flower,Northern Dancer,Special,Hostage,Vaguely Royal,Hail to Reason,Bramalea,Graustark,Golden Trail,Never Bend,Roman Song,トラフィック,リンネス,Hail to Reason,Bramalea,Princequillo,Bridgework,Seattle Slew,Queen Louie,Tri Jet,Hail Proudly,メジロアサマ,シエリル,リマンド,メジロアイリス,Northern Dancer,Dictates,ネルシウス,ハーバーメイジ
2022102785,ドレフォン,ラーナアズーラ,Gio Ponti,Eltimaas,パイロ,グロッタアズーラ,Tale of the Cat,Chipeta Springs,Ghostzapper,Najecam,Pulpit,Wild Vision,フジキセキ,サダムブルーアイズ,Storm Cat,Yarn,Alydar,Salt Spring,Awesome Again,Baby Zip,Trempolino,Sue Warner,A.P. Indy,Preach,Wild Again,Carol's Wonder,サンデーサイレンス,ミルレーサー,エルコンドルパサー,ミスティックアイズ,Storm Bird,Terlingua,Mr. Prospector,Narrate,Raise a Native,Sweet Tooth,Salt Marsh,Jungle Mythologic,Deputy Minister,Primal Force,Relaunch,Thirty Zip,Sharpen Up,Trephine,Forli,Bitty Girl,Seattle Slew,Weekend Surprise,Mr. Prospector,Narrate,Icecapade,Bushel-n-Peck,Pass the Tab,Carols Christmas,Halo,Wishing Well,Le Fabuleux,Marston's Mill,Kingmambo,サドラーズギャル,Eastern Echo,スキム
2021100338,リアルスティール,テセラレフィナード,ディープインパクト,ラヴズオンリーミー,ファルブラヴ,ティファニージェム,サンデーサイレンス,ウインドインハーヘア,Storm Cat,Monevassia,Fairy King,Gift of the Night,マンハッタンカフェ,ビューティフルジェム,Halo,Wishing Well,Alzao,Burghclere,Storm Bird,Terlingua,Mr. Prospector,Miesque,Northern Dancer,Fairy Bridge,Slewpy,Little Nana,サンデーサイレンス,サトルチェンジ,Mr. Prospector,Jeanne Jones,Hail to Reason,Cosmah,Understanding,Mountain Flower,Lyphard,Lady Rebecca,Busted,Highclere,Northern Dancer,South Ocean,Secretariat,Crimson Saint,Raise a Native,Gold Digger,Nureyev,Pasadoble,Nearctic,Natalma,Bold Reason,Special,Seattle Slew,Rare Bouquet,Lithiot,Nenana Road,Halo,Wishing Well,Law Society,Santa Luciana,Raise a Native,Gold Digger,Nijinsky,Beautiful Glass
2020103931,ロードカナロア,ファーゴ,キングカメハメハ,レディブラッサム,ハーツクライ,マチカネササメユキ,Kingmambo,マンファス,Storm Cat,サラトガデュー,サンデーサイレンス,アイリッシュダンス,Woodman,Russian Ballet,Mr. Prospector,Miesque,ラストタイクーン,Pilot Bird,Storm Bird,Terlingua,Cormorant,Super Luna,Halo,Wishing Well,トニービン,ビューパーダンス,Mr. Prospector,プレイメイト,Nijinsky,Sex Appeal,Raise a Native,Gold Digger,Nureyev,Pasadoble,トライマイベスト,Mill Princess,Blakeney,The Dancer,Northern Dancer,South Ocean,Secretariat,Crimson Saint,His Majesty,Song Sparrow,In Reality,Alada,Hail to Reason,Cosmah,Understanding,Mountain Flower,カンパラ,Severn Bridge,Lyphard,My Bupers,Raise a Native,Gold Digger,Buckpasser,Intriguing,Northern Dancer,Flaming Page,Buckpasser,Best in Show
2021104903,ミッキーロケット,ヒルダ,キングカメハメハ,マネーキャントバイミーラヴ,ダイワメジャー,バロネスサッチャー,Kingmambo,マンファス,Pivotal,Sabreon,サンデーサイレンス,スカーレットブーケ,ヨハネスブルグ,Natkeeta,Mr. Prospector,Miesque,ラストタイクーン,Pilot Bird,Polar Falcon,Fearless Revival,Caerleon,Sabria,Halo,Wishing Well,ノーザンテースト,スカーレットインク,ヘネシー,Myth,Gulch,Orchesis,Raise a Native,Gold Digger,Nureyev,Pasadoble,トライマイベスト,Mill Princess,Blakeney,The Dancer,Nureyev,Marie d'Argonne,Cozzene,Stufida,Nijinsky,Foreseer,Miswaki,Flood,Hail to Reason,Cosmah,Understanding,Mountain Flower,Northern Dancer,Lady Victoria,Crimson Satan,Consentida,Storm Cat,Island Kitty,オジジアン,Yarn,Mr. Prospector,Jameela,In Reality,Graceful Gal
2021106307,エスポワールシチー,ペルレストラーダ,ゴールドアリュール,エミネントシチー,アルデバラン,ドーニングストーム,サンデーサイレンス,ニキーヤ,ブライアンズタイム,ヘップバーンシチー,Mr. Prospector,Chimes of Freedom,Storm Cat,Triumph At Dawn,Halo,Wishing Well,Nureyev,Reluctant Guest,Roberto,Kelley's Day,ブレイヴェストローマン,コンパルシチー,Raise a Native,Gold Digger,Private Account,Aviance,Storm Bird,Terlingua,Alydar,Dawn's Curtsey,Hail to Reason,Cosmah,Understanding,Mountain Flower,Northern Dancer,Special,Hostage,Vaguely Royal,Hail to Reason,Bramalea,Graustark,Golden Trail,Never Bend,Roman Song,トラフィック,リンネス,Native Dancer,Raise You,Nashua,Sequence,Damascus,Numbered Account,Northfields,Minnie Hauk,Northern Dancer,South Ocean,Secretariat,Crimson Saint,Raise a Native,Sweet Tooth,Far North,Liberty Spirit
2019103442,エイシンヒカリ,エイシンカラット,ディープインパクト,キャタリナ,Tale of Ekati,Ellie's Moment,サンデーサイレンス,ウインドインハーヘア,Storm Cat,Carolina Saga,Tale of the Cat,サイレンスビューティ,Kris S.,Kelley's Day,Halo,Wishing Well,Alzao,Burghclere,Storm Bird,Terlingua,Caro,Key to the Saga,Storm Cat,Yarn,サンデーサイレンス,メイプルジンスキー,Roberto,Sharp Queen,Graustark,Golden Trail,Hail to Reason,Cosmah,Understanding,Mountain Flower,Lyphard,Lady Rebecca,Busted,Highclere,Northern Dancer,South Ocean,Secretariat,Crimson Saint,フォルティノ,Chambord,Key to the Mint,Sea Saga,Storm Bird,Terlingua,Mr. Prospector,Narrate,Halo,Wishing Well,Nijinsky,Gold Beauty,Hail to Reason,Bramalea,Princequillo,Bridgework,Ribot,Flower Bowl,Hasty Road,Sunny Vale
2021110062,Liam's Map,Cara Bella,Unbridled's Song,Miss Macy Sue,Ghostzapper,Cargo,Unbridled,Trolley Song,Trippi,Yada Yada,Awesome Again,Baby Zip,Caro,Aerturas,Fappiano,Gana Facil,Caro,Lucky Spell,エンドスウィープ,Jealous Appeal,Great Above,Stem,Deputy Minister,Primal Force,Relaunch,Thirty Zip,フォルティノ,Chambord,マナード,Amiel,Mr. Prospector,Killaloe,Le Fabuleux,Charedi,フォルティノ,Chambord,Lucky Mel,Incantation,フォーティナイナー,Broom Dance,Valid Appeal,Jealous Cat,Minnesota Mac,Ta Wee,Damascus,Tweak,Vice Regent,Mint Copy,Blushing Groom,Prime Prospect,In Reality,Foggy Note,Tri Jet,Sailaway,Grey Sovereign,Ranavalo,Chamossaire,Life Hill,Captain's Gig,Slipstream,ノノアルコ,Alea
2020106562,マクフィ,ニースセブンティン,Dubawi,Dhelaal,ナリタトップロード,バンブトンニース,Dubai Millennium,Zomaradah,Green Desert,Irish Valley,サッカーボーイ,フローラルマジック,バンブーアトラス,バンブトンリッチ,Seeking the Gold,Colorado Dancer,Deploy,Jawaher,Danzig,Foreign Courier,Irish River,Green Valley,ディクタス,ダイナサッシュ,Affirmed,Rare Lady,ジムフレンチ,バンブーシザラ,サーペンフロ,プロバンス,Mr. Prospector,Con Game,Shareef Dancer,Fall Aspen,Shirley Heights,Slightly Dangerous,ダンシングブレーヴ,High Tern,Northern Dancer,Pas de Nom,Sir Ivor,Courtly Dee,Riverman,Irish Star,Val de Loir,Sly Pola,Sanctus,Doronic,ノーザンテースト,ロイヤルサッシュ,Exclusive Native,Won't Tell You,Never Bend,Double Agent,Graustark,Dinner Partner,テスコボーイ,シザラ,Sir Ivor,Running Blue,プロント,イチバンブ
2022103725,ルヴァンスレーヴ,アイシークレット,シンボリクリスエス,マエストラーレ,ゴールドアリュール,ワンモアヒット,Kris S.,Tee Kay,ネオユニヴァース,オータムブリーズ,サンデーサイレンス,ニキーヤ,アサティス,ベイブルーム,Roberto,Sharp Queen,Gold Meridian,Tri Argo,サンデーサイレンス,ポインテッドパス,ティンバーカントリー,セプテンバーソング,Halo,Wishing Well,Nureyev,Reluctant Guest,Topsider,Secret Asset,ノーザンディクテイター,ノースケープ,Hail to Reason,Bramalea,Princequillo,Bridgework,Seattle Slew,Queen Louie,Tri Jet,Hail Proudly,Halo,Wishing Well,Kris,Silken Way,Woodman,Fall Aspen,リアルシャダイ,ダイナフェアリー,Hail to Reason,Cosmah,Understanding,Mountain Flower,Northern Dancer,Special,Hostage,Vaguely Royal,Northern Dancer,Drumtop,Graustark,Numbered Account,Northern Dancer,Dictates,クラウンドプリンス,イーグランド
2022107309,パイロ,ホウオウサファイア,Pulpit,Wild Vision,サウスヴィグラス,ワンモアヒット,A.P. Indy,Preach,Wild Again,Carol's Wonder,エンドスウィープ,ダーケストスター,アサティス,ベイブルーム,Seattle Slew,Weekend Surprise,Mr. Prospector,Narrate,Icecapade,Bushel-n-Peck,Pass the Tab,Carols Christmas,フォーティナイナー,Broom Dance,Star de Naskra,Minnie Riperton,Topsider,Secret Asset,ノーザンディクテイター,ノースケープ,Bold Reasoning,My Charmer,Secretariat,Lassie Dear,Raise a Native,Gold Digger,Honest Pleasure,State,Nearctic,Shenanigans,Khaled,Dama,Al Hattab,Dantina,Whitesburg,Light Verse,Mr. Prospector,File,Dance Spell,Witching Hour,Naskra,Candle Star,Cornish Prince,English Harbor,Northern Dancer,Drumtop,Graustark,Numbered Account,Northern Dancer,Dictates,クラウンドプリンス,イーグランド
2019102421,パイロ,タガノシムナ,Pulpit,Wild Vision,ロードカナロア,タガノディーバ,A.P. Indy,Preach,Wild Again,Carol's Wonder,キングカメハメハ,レディブラッサム,フジキセキ,ディーバ,Seattle Slew,Weekend Surprise,Mr. Prospector,Narrate,Icecapade,Bushel-n-Peck,Pass the Tab,Carols Christmas,Kingmambo,マンファス,Storm Cat,サラトガデュー,サンデーサイレンス,ミルレーサー,Crafty Prospector,ミスセクレト,Bold Reasoning,My Charmer,Secretariat,Lassie Dear,Raise a Native,Gold Digger,Honest Pleasure,State,Nearctic,Shenanigans,Khaled,Dama,Al Hattab,Dantina,Whitesburg,Light Verse,Mr. Prospector,Miesque,ラストタイクーン,Pilot Bird,Storm Bird,Terlingua,Cormorant,Super Luna,Halo,Wishing Well,Le Fabuleux,Marston's Mill,Mr. Prospector,Real Crafty Lady,セクレト,My First Fling
2023100538,リオンディーズ,トウカイシェーン,キングカメハメハ,シーザリオ,ダイワメジャー,トウカイポピー,Kingmambo,マンファス,スペシャルウィーク,キロフプリミエール,サンデーサイレンス,スカーレットブーケ,スピニングワールド,トウカイシャネル,Mr. Prospector,Miesque,ラストタイクーン,Pilot Bird,サンデーサイレンス,キャンペンガール,Sadler's Wells,Querida,Halo,Wishing Well,ノーザンテースト,スカーレットインク,Nureyev,Imperfect Circle,リアルシャダイ,アルパインスウィフト,Raise a Native,Gold Digger,Nureyev,Pasadoble,トライマイベスト,Mill Princess,Blakeney,The Dancer,Halo,Wishing Well,マルゼンスキー,レディーシラオキ,Northern Dancer,Fairy Bridge,Habitat,Principia,Hail to Reason,Cosmah,Understanding,Mountain Flower,Northern Dancer,Lady Victoria,Crimson Satan,Consentida,Northern Dancer,Special,Riverman,Aviance,Roberto,Desert Vixen,Storm Bird,La Dame Du Lac
2023106932,ジャスタウェイ,エルフィンコーブ,ハーツクライ,シビル,Adios Charlie,Siren Cove,サンデーサイレンス,アイリッシュダンス,Wild Again,シャロン,Indian Charlie,Teak Totem,Montbrook,Note to Mimi,Halo,Wishing Well,トニービン,ビューパーダンス,Icecapade,Bushel-n-Peck,Mo Exception,Double Wiggle,In Excess,Soviet Sojourn,Northern Afleet,Teaksberry Road,Buckaroo,Secret Papers,Notebook,Mimi La Sardine,Hail to Reason,Cosmah,Understanding,Mountain Flower,カンパラ,Severn Bridge,Lyphard,My Bupers,Nearctic,Shenanigans,Khaled,Dama,Hard Work,With Exception,Sir Wiggle,Blue Double,Siberian Express,Kantado,Leo Castelli,Political Parfait,アフリート,Nuryette,High Honors,Chieftain's Mark,Buckpasser,Stepping High,Jet Diplomacy,Attache Case,Well Decorated,Mobcap,Tank's Prospect,Fran Nasra
2023104992,フォーウィールドライブ,アイコニック,American Pharoah,Funfair,オルフェーヴル,ハイウェイトゥグローリー,Pioneerof the Nile,Littleprincessemma,More Than Ready,Fleuron,ステイゴールド,オリエンタルアート,Cape Cross,Anita Via,エンパイアメーカー,Star of Goshen,Yankee Gentleman,Exclusive Rosette,サザンヘイロー,Woodman's Girl,Distant View,Flamboyance,サンデーサイレンス,ゴールデンサッシュ,メジロマックイーン,エレクトロアート,Green Desert,Park Appeal,Anita's Prince,Seldovia,Unbridled,Toussaud,Lord at War,Castle Eight,Storm Cat,Key Phrase,Ecliptical,Zetta Jet,Halo,Northern Sea,Woodman,Becky Be Good,Mr. Prospector,Seven Springs,Zilzal,Bridal Wreath,Halo,Wishing Well,ディクタス,ダイナサッシュ,メジロティターン,メジロオーロラ,ノーザンテースト,グランマスティーヴンス,Danzig,Foreign Courier,Ahonoora,Balidaress,ストラダビンスキー,Get Ready,Charlottown,Sunol
2023101712,シャンハイボビー,カレンシェリーメイ,Harlan's Holiday,Steelin',ディープインパクト,スプリングチケット,Harlan,Christmas in Aiken,Orientate,Steel Band,サンデーサイレンス,ウインドインハーヘア,トニービン,カズミハルコマ,Storm Cat,Country Romance,Affirmed,Dowager,Mt. Livermore,Dream Team,Carson City,ウェディングバンド,Halo,Wishing Well,Alzao,Burghclere,カンパラ,Severn Bridge,マルゼンスキー,センシユータカラ,Storm Bird,Terlingua,Halo,Sweet Romance,Exclusive Native,Won't Tell You,Honest Pleasure,Princessnesian,Blushing Groom,Flama Ardiente,Cox's Ridge,Likely Double,Mr. Prospector,Blushing Promise,Mighty Appealing,Ring of Steel,Hail to Reason,Cosmah,Understanding,Mountain Flower,Lyphard,Lady Rebecca,Busted,Highclere,Kalamoun,State Pension,Hornbeam,Priddy Fair,Nijinsky,シル,ヴェンチア,シヤダイウイング
2023101664,マテラスカイ,ローザディアマント,Speightstown,Mostaqeleh,スペシャルウィーク,ピンクガーター,Gone West,Silken Cat,Rahy,Istiqlal,サンデーサイレンス,キャンペンガール,アフリート,オーピーキャット,Mr. Prospector,Secrettame,Storm Cat,Silken Doll,Blushing Groom,Glorious Song,Diesis,Wasnah,Halo,Wishing Well,マルゼンスキー,レディーシラオキ,Mr. Prospector,Polite Lady,Storm Cat,Princess S.,Raise a Native,Gold Digger,Secretariat,Tamerett,Storm Bird,Terlingua,Chieftain,Insilca,Red God,Runaway Bride,Halo,Ballade,Sharpen Up,Doubly Sure,Nijinsky,Highest Trump,Hail to Reason,Cosmah,Understanding,Mountain Flower,Nijinsky,シル,セントクレスピン,ミスアシヤガワ,Raise a Native,Gold Digger,Venetian Jester,Friendly Ways,Storm Bird,Terlingua,Assagai Jr.,Princess Thelma
2023102748,キャプテンキング,フルゴラ,ファスリエフ,ストロベリーパフェ,エイシンフラッシュ,デュークタイフーン,Nureyev,Mr. P's Princess,ブライアンズタイム,ワルツダンサー,キングズベスト,ムーンレディ,フジキセキ,テールトゥノーズ,Northern Dancer,Special,Mr. Prospector,Anne Campbell,Roberto,Kelley's Day,サンデーサイレンス,ウィシングフォーアスター,Kingmambo,Allegretta,プラティニ,Midnight Fever,サンデーサイレンス,ミルレーサー,ノーザンテースト,アスコツトラップ,Nearctic,Natalma,Forli,Thong,Raise a Native,Gold Digger,Never Bend,Repercussion,Hail to Reason,Bramalea,Graustark,Golden Trail,Halo,Wishing Well,Mr. Prospector,Barbs Dancer,Mr. Prospector,Miesque,Lombard,Anatevka,Surumu,Prairie Darling,Sure Blade,Majoritat,Halo,Wishing Well,Le Fabuleux,Marston's Mill,Northern Dancer,Lady Victoria,エルセンタウロ,ディープデイーン
2023104074,アジアエクスプレス,ヒルド,ヘニーヒューズ,ランニングボブキャッツ,ロードカナロア,ローズアダージョ,ヘネシー,Meadow Flyer,Running Stag,Backatem,キングカメハメハ,レディブラッサム,ディープインパクト,ファーストナイト,Storm Cat,Island Kitty,Meadowlake,Shortley,Cozzene,Fruhlingstag,Notebook,Deputy's Mistress,Kingmambo,マンファス,Storm Cat,サラトガデュー,サンデーサイレンス,ウインドインハーヘア,Sadler's Wells,Morning Devotion,Storm Bird,Terlingua,Hawaii,T. C. Kitten,Hold Your Peace,Suspicious Native,Hagley,Short Winded,Caro,Ride the Trails,Orsini,Revada,Well Decorated,Mobcap,Deputy Minister,River Crossing,Mr. Prospector,Miesque,ラストタイクーン,Pilot Bird,Storm Bird,Terlingua,Cormorant,Super Luna,Halo,Wishing Well,Alzao,Burghclere,Northern Dancer,Fairy Bridge,Affirmed,Morning Has Broken
2023107522,Daredevil,Emma's Encore,More Than Ready,Chasethewildwind,Congrats,French Opera,サザンヘイロー,Woodman's Girl,フォーティナイナー,Race the Wild Wind,A.P. Indy,Praise,Wild Again,Sentimental Saga,Halo,Northern Sea,Woodman,Becky Be Good,Mr. Prospector,File,Sunny's Halo,Redpath,Seattle Slew,Weekend Surprise,Mr. Prospector,Wild Applause,Icecapade,Bushel-n-Peck,Akureyri,La Reine Rouge,Hail to Reason,Cosmah,Northern Dancer,Sea Saga,Mr. Prospector,プレイメイト,Naskra,Good Landing,Raise a Native,Gold Digger,Tom Rolfe,Continue,Halo,Mostly Sunny,Indian Chief,Lady Marguery,Bold Reasoning,My Charmer,Secretariat,Lassie Dear,Raise a Native,Gold Digger,Northern Dancer,Glowing Tribute,Nearctic,Shenanigans,Khaled,Dama,Buckpasser,Royal Statute,King's Bishop,Silver Betsy
2023109129,ネロ,クノイチ,ヨハネスブルグ,ニシノタカラヅカ,アドマイヤムーン,ラファダリ,ヘネシー,Myth,サンデーサイレンス,デユプリシト,エンドスウィープ,マイケイティーズ,シングスピール,シシリー,Storm Cat,Island Kitty,オジジアン,Yarn,Halo,Wishing Well,Danzig,Fabulous Fraud,フォーティナイナー,Broom Dance,サンデーサイレンス,ケイティーズファースト,In the Wings,Glorious Song,Kris S.,Najecam,Storm Bird,Terlingua,Hawaii,T. C. Kitten,Damascus,Gonfalon,Mr. Prospector,Narrate,Hail to Reason,Cosmah,Understanding,Mountain Flower,Northern Dancer,Pas de Nom,Le Fabuleux,The Bride,Mr. Prospector,File,Dance Spell,Witching Hour,Halo,Wishing Well,Kris,Katies,Sadler's Wells,High Hawk,Halo,Ballade,Roberto,Sharp Queen,Trempolino,Sue Warner
2023105062,ホッコータルマエ,ピッパレジーナ,キングカメハメハ,マダムチェロキー,ゴールドアリュール,ファンドリオボッコ,Kingmambo,マンファス,Cherokee Run,アンフォイルド,サンデーサイレンス,ニキーヤ,ワッスルタッチ,ハギノオボッコー,Mr. Prospector,Miesque,ラストタイクーン,Pilot Bird,Runaway Groom,Cherokee Dame,Unbridled,Bold Foil,Halo,Wishing Well,Nureyev,Reluctant Guest,Northern Dancer,Queen Sucree,ゼダーン,ゼットスター,Raise a Native,Gold Digger,Nureyev,Pasadoble,トライマイベスト,Mill Princess,Blakeney,The Dancer,Blushing Groom,Yonnie Girl,Silver Saber,Dame Francesca,Fappiano,Gana Facil,Bold Forbes,Perfect Foil,Hail to Reason,Cosmah,Understanding,Mountain Flower,Northern Dancer,Special,Hostage,Vaguely Royal,Nearctic,Natalma,Ribot,Cosmah,Grey Sovereign,Vareta,テューダーペリオッド,モリアキ
2023100851,スマートファルコン,マヤチャン,ゴールドアリュール,ケイシュウハーブ,ロードカナロア,トランプクイーン,サンデーサイレンス,ニキーヤ,ミシシッピアン,キョウエイシラユキ,キングカメハメハ,レディブラッサム,ネオユニヴァース,バレークイーン,Halo,Wishing Well,Nureyev,Reluctant Guest,Vaguely Noble,Gazala,クラウンドプリンス,アリアーン,Kingmambo,マンファス,Storm Cat,サラトガデュー,サンデーサイレンス,ポインテッドパス,Sadler's Wells,Sun Princess,Hail to Reason,Cosmah,Understanding,Mountain Flower,Northern Dancer,Special,Hostage,Vaguely Royal,ヴィエナ,Noble Lassie,Dark Star,Belle Angevine,Raise a Native,Gay Hostess,シルバーシャーク,Nucciolina,Mr. Prospector,Miesque,ラストタイクーン,Pilot Bird,Storm Bird,Terlingua,Cormorant,Super Luna,Halo,Wishing Well,Kris,Silken Way,Northern Dancer,Fairy Bridge,イングリッシュプリンス,Sunny Valley
2023102594,パイロ,ハニーディスタフ,Pulpit,Wild Vision,ゴールドアリュール,ダッシングハニー,A.P. Indy,Preach,Wild Again,Carol's Wonder,サンデーサイレンス,ニキーヤ,アサティス,ラストヒット,Seattle Slew,Weekend Surprise,Mr. Prospector,Narrate,Icecapade,Bushel-n-Peck,Pass the Tab,Carols Christmas,Halo,Wishing Well,Nureyev,Reluctant Guest,Topsider,Secret Asset,スラヴィック,ゲートアンドフライ,Bold Reasoning,My Charmer,Secretariat,Lassie Dear,Raise a Native,Gold Digger,Honest Pleasure,State,Nearctic,Shenanigans,Khaled,Dama,Al Hattab,Dantina,Whitesburg,Light Verse,Hail to Reason,Cosmah,Understanding,Mountain Flower,Northern Dancer,Special,Hostage,Vaguely Royal,Northern Dancer,Drumtop,Graustark,Numbered Account,Danzig,Bamesian,クラウンドプリンス,ヤマノコトブキ
2023110048,Liam's Map,Take Ten,Unbridled's Song,Miss Macy Sue,Uncle Mo,Savviest,Unbridled,Trolley Song,Trippi,Yada Yada,Indian Charlie,Playa Maya,El Corredor,Terre Haute,Fappiano,Gana Facil,Caro,Lucky Spell,エンドスウィープ,Jealous Appeal,Great Above,Stem,In Excess,Soviet Sojourn,Arch,Dixie Slippers,Mr. Greeley,Silvery Swan,Caro,Mia Dancer,Mr. Prospector,Killaloe,Le Fabuleux,Charedi,フォルティノ,Chambord,Lucky Mel,Incantation,フォーティナイナー,Broom Dance,Valid Appeal,Jealous Cat,Minnesota Mac,Ta Wee,Damascus,Tweak,Siberian Express,Kantado,Leo Castelli,Political Parfait,Kris S.,Aurora,Dixieland Band,Cyane's Slippers,Gone West,Long Legend,Silver Deputy,Sociable Duck,フォルティノ,Chambord,Marshua's Dancer,Looks Promising
2023107443,ナダル,エイシンヴァニラ,Blame,Ascending Angel,ダイワメジャー,エーシンサスケハナ,Arch,Liable,Pulpit,Solar Colony,サンデーサイレンス,スカーレットブーケ,クロフネ,エイシンマッカレン,Kris S.,Aurora,Seeking the Gold,Bound,A.P. Indy,Preach,Pleasant Colony,Meteor Stage,Halo,Wishing Well,ノーザンテースト,スカーレットインク,フレンチデピュティ,ブルーアヴェニュー,Woodman,Ladanum,Roberto,Sharp Queen,Danzig,Althea,Mr. Prospector,Con Game,Nijinsky,Special,Seattle Slew,Weekend Surprise,Mr. Prospector,Narrate,His Majesty,Sun Colony,Stage Door Johnny,Northern Meteor,Hail to Reason,Cosmah,Understanding,Mountain Flower,Northern Dancer,Lady Victoria,Crimson Satan,Consentida,Deputy Minister,Mitterand,Classic Go Go,Eliza Blue,Mr. Prospector,プレイメイト,Green Dancer,Gay Style
2023102397,ヴァンゴッホ,ネオヴィクトリア,American Pharoah,Imagine,ディープインパクト,ピンクリップス,Pioneerof the Nile,Littleprincessemma,Sadler's Wells,Doff the Derby,サンデーサイレンス,ウインドインハーヘア,エンドスウィープ,マリスター,エンパイアメーカー,Star of Goshen,Yankee Gentleman,Exclusive Rosette,Northern Dancer,Fairy Bridge,Master Derby,Margarethen,Halo,Wishing Well,Alzao,Burghclere,フォーティナイナー,Broom Dance,Baldski,Pink Dove,Unbridled,Toussaud,Lord at War,Castle Eight,Storm Cat,Key Phrase,Ecliptical,Zetta Jet,Nearctic,Natalma,Bold Reason,Special,ダストコマンダー,Madam Jerry,Tulyar,Russ-Marie,Hail to Reason,Cosmah,Understanding,Mountain Flower,Lyphard,Lady Rebecca,Busted,Highclere,Mr. Prospector,File,Dance Spell,Witching Hour,Nijinsky,Too Bald,Argument,Perfect Pigeon
2023104595,アスクピーターパン,ローブディアンジェ,Frankel,ストレイトガール,ネオユニヴァース,ベルベットローブ,Galileo,Kind,フジキセキ,ネヴァーピリオド,サンデーサイレンス,ポインテッドパス,Gone West,Verbasle,Sadler's Wells,Urban Sea,デインヒル,Rainbow Lake,サンデーサイレンス,ミルレーサー,タイキシャトル,フューチャハッピー,Halo,Wishing Well,Kris,Silken Way,Mr. Prospector,Secrettame,Slewpy,Verbality,Northern Dancer,Fairy Bridge,Miswaki,Allegretta,Danzig,Razyana,Rainbow Quest,Rockfest,Halo,Wishing Well,Le Fabuleux,Marston's Mill,Devil's Bag,ウェルシュマフィン,デインヒル,タイセイカグラ,Hail to Reason,Cosmah,Understanding,Mountain Flower,Sharpen Up,Doubly Sure,Shantung,Boulevard,Raise a Native,Gold Digger,Secretariat,Tamerett,Seattle Slew,Rare Bouquet,Verbatim,One Sum
2023103620,キズナ,ウアラネージュ,ディープインパクト,キャットクイル,エイシンフラッシュ,ブラマンジェ,サンデーサイレンス,ウインドインハーヘア,Storm Cat,Pacific Princess,キングズベスト,ムーンレディ,クロフネ,シラユキヒメ,Halo,Wishing Well,Alzao,Burghclere,Storm Bird,Terlingua,Damascus,Fiji,Kingmambo,Allegretta,プラティニ,Midnight Fever,フレンチデピュティ,ブルーアヴェニュー,サンデーサイレンス,ウェイブウインド,Hail to Reason,Cosmah,Understanding,Mountain Flower,Lyphard,Lady Rebecca,Busted,Highclere,Northern Dancer,South Ocean,Secretariat,Crimson Saint,Sword Dancer,Kerala,Acropolis,Rififi,Mr. Prospector,Miesque,Lombard,Anatevka,Surumu,Prairie Darling,Sure Blade,Majoritat,Deputy Minister,Mitterand,Classic Go Go,Eliza Blue,Halo,Wishing Well,Topsider,Storm and Sunshine
2023102680,リオンディーズ,クインズオライリー,キングカメハメハ,シーザリオ,シンボリクリスエス,ケイアイベローナ,Kingmambo,マンファス,スペシャルウィーク,キロフプリミエール,Kris S.,Tee Kay,クロフネ,レディベローナ,Mr. Prospector,Miesque,ラストタイクーン,Pilot Bird,サンデーサイレンス,キャンペンガール,Sadler's Wells,Querida,Roberto,Sharp Queen,Gold Meridian,Tri Argo,フレンチデピュティ,ブルーアヴェニュー,サンデーサイレンス,シンコウラブリイ,Raise a Native,Gold Digger,Nureyev,Pasadoble,トライマイベスト,Mill Princess,Blakeney,The Dancer,Halo,Wishing Well,マルゼンスキー,レディーシラオキ,Northern Dancer,Fairy Bridge,Habitat,Principia,Hail to Reason,Bramalea,Princequillo,Bridgework,Seattle Slew,Queen Louie,Tri Jet,Hail Proudly,Deputy Minister,Mitterand,Classic Go Go,Eliza Blue,Halo,Wishing Well,Caerleon,ハッピートレイルズ
2023107284,ルヴァンスレーヴ,ユキチャン,シンボリクリスエス,マエストラーレ,クロフネ,シラユキヒメ,Kris S.,Tee Kay,ネオユニヴァース,オータムブリーズ,フレンチデピュティ,ブルーアヴェニュー,サンデーサイレンス,ウェイブウインド,Roberto,Sharp Queen,Gold Meridian,Tri Argo,サンデーサイレンス,ポインテッドパス,ティンバーカントリー,セプテンバーソング,Deputy Minister,Mitterand,Classic Go Go,Eliza Blue,Halo,Wishing Well,Topsider,Storm and Sunshine,Hail to Reason,Bramalea,Princequillo,Bridgework,Seattle Slew,Queen Louie,Tri Jet,Hail Proudly,Halo,Wishing Well,Kris,Silken Way,Woodman,Fall Aspen,リアルシャダイ,ダイナフェアリー,Vice Regent,Mint Copy,Hold Your Peace,Laredo Lass,Pago Pago,Classic Perfection,Icecapade,コレラ,Hail to Reason,Cosmah,Understanding,Mountain Flower,Northern Dancer,Drumtop,Star de Naskra,Sea Drone
2023103765,オルフェーヴル,カルマート,ステイゴールド,オリエンタルアート,シンボリクリスエス,キープクワイエット,サンデーサイレンス,ゴールデンサッシュ,メジロマックイーン,エレクトロアート,Kris S.,Tee Kay,エアジハード,ビーサイレント,Halo,Wishing Well,ディクタス,ダイナサッシュ,メジロティターン,メジロオーロラ,ノーザンテースト,グランマスティーヴンス,Roberto,Sharp Queen,Gold Meridian,Tri Argo,サクラユタカオー,アイシーゴーグル,サンデーサイレンス,グローバルダイナ,Hail to Reason,Cosmah,Understanding,Mountain Flower,Sanctus,Doronic,ノーザンテースト,ロイヤルサッシュ,メジロアサマ,シエリル,リマンド,メジロアイリス,Northern Dancer,Lady Victoria,Lt. Stevens,Dhow,Hail to Reason,Bramalea,Princequillo,Bridgework,Seattle Slew,Queen Louie,Tri Jet,Hail Proudly,テスコボーイ,アンジェリカ,ロイヤルスキー,シャダイアイバー,Halo,Wishing Well,ノーザンテースト,グローブターフ
2023105254,マインドユアビスケッツ,モードフランス,Posse,Jazzmane,アサクサキングス,モテック,Silver Deputy,Raska,Toccet,Alljazz,ホワイトマズル,クルーピアスター,ラストタイクーン,Sudaka,Deputy Minister,Silver Valley,Rahy,Borishka,Awesome Again,Cozzene's Angel,Stop the Music,Bounteous,ダンシングブレーヴ,Fair of the Furze,サンデーサイレンス,クルーピアレディー,トライマイベスト,Mill Princess,Garde Royale,Didia Clara,Vice Regent,Mint Copy,Mr. Prospector,Seven Valleys,Blushing Groom,Glorious Song,Roberto,Queen Maud,Deputy Minister,Primal Force,Cozzene,Charming Pan,Hail to Reason,Bebopper,Master Derby,Mlle. Quille,Lyphard,Navajo Princess,Ela-Mana-Mou,Autocratic,Halo,Wishing Well,What Luck,Question d'Argent,Northern Dancer,Sex Appeal,Mill Reef,Irish Lass,Mill Reef,Royal Way,Sea Break,Patria
2023105555,ルヴァンスレーヴ,シネマソングス,シンボリクリスエス,マエストラーレ,ハーツクライ,アースリヴィング,Kris S.,Tee Kay,ネオユニヴァース,オータムブリーズ,サンデーサイレンス,アイリッシュダンス,Yonaguska,Etoufee,Roberto,Sharp Queen,Gold Meridian,Tri Argo,サンデーサイレンス,ポインテッドパス,ティンバーカントリー,セプテンバーソング,Halo,Wishing Well,トニービン,ビューパーダンス,Cherokee Run,Marital Spook,タバスコキャット,Allouette,Hail to Reason,Bramalea,Princequillo,Bridgework,Seattle Slew,Queen Louie,Tri Jet,Hail Proudly,Halo,Wishing Well,Kris,Silken Way,Woodman,Fall Aspen,リアルシャダイ,ダイナフェアリー,Hail to Reason,Cosmah,Understanding,Mountain Flower,カンパラ,Severn Bridge,Lyphard,My Bupers,Runaway Groom,Cherokee Dame,Silver Ghost,Homewrecker,Storm Cat,Barbicue Sauce,Proud Birdie,Madame Defage
2023104466,レッドファルクス,ジャカランダテラス,スウェプトオーヴァーボード,ベルモット,Redoute's Choice,Unearthly,エンドスウィープ,Sheer Ice,サンデーサイレンス,レガシーオブストレングス,デインヒル,Shantha's Choice,Zabeel,Snippets' Crown,フォーティナイナー,Broom Dance,Cutlass,Hey Dolly A.,Halo,Wishing Well,Affirmed,Katonka,Danzig,Razyana,Canny Lad,Dancing Show,Sir Tristram,Lady Giselle,Snippets,Girl's Paradise,Mr. Prospector,File,Dance Spell,Witching Hour,Damascus,Aphonia,Ambehaving,Swift Deal,Hail to Reason,Cosmah,Understanding,Mountain Flower,Exclusive Native,Won't Tell You,Minnesota Mac,Minnetonka,Northern Dancer,Pas de Nom,His Majesty,Spring Adieu,Bletchingly,Jesmond Lass,Nijinsky,Show Lady,Sir Ivor,Isolt,Nureyev,Valderna,Lunchtime,Easy Date,Crown Jester,Queen Gypsy
2023105620,ダノンスマッシュ,イノセントデイズ,ロードカナロア,スピニングワイルドキャット,ダイワメジャー,レディハピネス,キングカメハメハ,レディブラッサム,Hard Spun,Hollywood Wildcat,サンデーサイレンス,スカーレットブーケ,モンジュー,レディパステル,Kingmambo,マンファス,Storm Cat,サラトガデュー,Danzig,Turkish Tryst,Kris S.,Miss Wildcatter,Halo,Wishing Well,ノーザンテースト,スカーレットインク,Sadler's Wells,Floripedes,トニービン,ピンクタートル,Mr. Prospector,Miesque,ラストタイクーン,Pilot Bird,Storm Bird,Terlingua,Cormorant,Super Luna,Northern Dancer,Pas de Nom,Turkoman,Darbyvail,Roberto,Sharp Queen,Mr. Prospector,Elizabeth K.,Hail to Reason,Cosmah,Understanding,Mountain Flower,Northern Dancer,Lady Victoria,Crimson Satan,Consentida,Northern Dancer,Fairy Bridge,Top Ville,Toute Cy,カンパラ,Severn Bridge,Blushing Groom,Turtle Cove
2023101564,カリフォルニアクローム,サドキンザン,Lucky Pulpit,Love the Chase,オルフェーヴル,サマナケイ,Pulpit,Lucky Soph,Not for Love,Chase It Down,ステイゴールド,オリエンタルアート,Authorized,Tessa Reef,A.P. Indy,Preach,Cozzene,Lucky Spell,Mr. Prospector,Dance Number,Polish Numbers,Chase the Dream,サンデーサイレンス,ゴールデンサッシュ,メジロマックイーン,エレクトロアート,Montjeu,Funsie,Mark of Esteem,Massaraat,Seattle Slew,Weekend Surprise,Mr. Prospector,Narrate,Caro,Ride the Trails,Lucky Mel,Incantation,Raise a Native,Gold Digger,Northern Dancer,Numbered Account,Danzig,Numbered Account,Sir Ivor,La Belle Fleur,Halo,Wishing Well,ディクタス,ダイナサッシュ,メジロティターン,メジロオーロラ,ノーザンテースト,グランマスティーヴンス,Sadler's Wells,Floripedes,Saumarez,Vallee Dansante,Darshaan,Homage,Nureyev,Pasadoble
2023102796,ニューイヤーズデイ,アメイジングライフ,Street Cry,Justwhistledixie,ハーツクライ,カフェブリリアント,Machiavellian,Helen Street,Dixie Union,General Jeanne,サンデーサイレンス,アイリッシュダンス,ブライアンズタイム,シンメイミネルバ,Mr. Prospector,Coup de Folie,Troy,Waterway,Dixieland Band,She's Tops,Honour and Glory,Ahpo Hel,Halo,Wishing Well,トニービン,ビューパーダンス,Roberto,Kelley's Day,Caerleon,フジャブ,Raise a Native,Gold Digger,Halo,Raise the Standard,Petingo,La Milo,Riverman,Boulevard,Northern Dancer,Mississippi Mud,Capote,She's a Talent,Relaunch,Fair to All,Mr. Leader,Tiy,Hail to Reason,Cosmah,Understanding,Mountain Flower,カンパラ,Severn Bridge,Lyphard,My Bupers,Hail to Reason,Bramalea,Graustark,Golden Trail,Nijinsky,Foreseer,Woodman,Winters' Love
2023102345,クリエイター,トチノタイヨー,Tapit,Morena,プリサイスエンド,フジヤマビジン,Pulpit,Tap Your Heels,Privately Held,Charytin,エンドスウィープ,Precisely,サンデーサイレンス,アメリカンメモリー,A.P. Indy,Preach,Unbridled,Ruby Slippers,Private Account,Aviance,Summing,Crownit,フォーティナイナー,Broom Dance,Summing,Crisp 'n Clear,Halo,Wishing Well,ノーザンテースト,ザツツマイパル,Seattle Slew,Weekend Surprise,Mr. Prospector,Narrate,Fappiano,Gana Facil,Nijinsky,Moon Glitter,Damascus,Numbered Account,Northfields,Minnie Hauk,Verbatim,Sumatra,King of Macedon,Queens Up,Mr. Prospector,File,Dance Spell,Witching Hour,Verbatim,Sumatra,Cold Reception,Ring O'Bells,Hail to Reason,Cosmah,Understanding,Mountain Flower,Northern Dancer,Lady Victoria,Key to the Mint,Beautiful Memory
2023104149,ダノンプレミアム,アルカンジュ,ディープインパクト,インディアナギャル,チチカステナンゴ,キャンディーストア,サンデーサイレンス,ウインドインハーヘア,Intikhab,Genial Jenny,Smadoun,スマラ,スペシャルウィーク,フサイチハッスル,Halo,Wishing Well,Alzao,Burghclere,Red Ransom,Crafty Example,デインヒル,Joma Kaanem,Kaldoun,Mossma,Antheus,Small Partie,サンデーサイレンス,キャンペンガール,トニービン,ダイナシュガー,Hail to Reason,Cosmah,Understanding,Mountain Flower,Lyphard,Lady Rebecca,Busted,Highclere,Roberto,アラビア,Crafty Prospector,Zienelle,Danzig,Razyana,Double Form,Ash Lawn,Caro,Katana,Tip Moss,Ticma,Northern Dancer,Apachee,Fabulous Dancer,Summer Parties,Halo,Wishing Well,マルゼンスキー,レディーシラオキ,カンパラ,Severn Bridge,ノーザンテースト,サンドラターフ
2023103570,ニューイヤーズデイ,メイクハッピー,Street Cry,Justwhistledixie,Square Eddie,Silar Rules,Machiavellian,Helen Street,Dixie Union,General Jeanne,Smart Strike,Forty Gran,Ten Most Wanted,Morning Meadow,Mr. Prospector,Coup de Folie,Troy,Waterway,Dixieland Band,She's Tops,Honour and Glory,Ahpo Hel,Mr. Prospector,Classy 'n Smart,El Gran Senor,Forty Weight,Deputy Commander,Wanted Again,Meadowlake,Morning Mirage,Raise a Native,Gold Digger,Halo,Raise the Standard,Petingo,La Milo,Riverman,Boulevard,Northern Dancer,Mississippi Mud,Capote,She's a Talent,Relaunch,Fair to All,Mr. Leader,Tiy,Raise a Native,Gold Digger,Smarten,No Class,Northern Dancer,Sex Appeal,Quadratic,Opec,Deputy Minister,Anka Germania,クリミナルタイプ,Landera,Hold Your Peace,Suspicious Native,Avatar,Sunny Dame
2023107451,サンダースノー,エメラルドスター,Helmet,Eastern Joy,Mount Nelson,Ares Vallis,Exceed And Excel,Accessories,Dubai Destination,Red Slippers,ロックオブジブラルタル,Independence,Caerleon,Hoedown Honey,デインヒル,Patrona,シングスピール,Anna Matrushka,Kingmambo,Mysterial,Nureyev,Morning Devotion,デインヒル,Offshore Boom,Selkirk,Yukon Hope,Nijinsky,Foreseer,Country Light,Noble Chick,Danzig,Razyana,Lomond,Gladiolus,In the Wings,Glorious Song,Mill Reef,Anna Paola,Mr. Prospector,Miesque,Alleged,Mysteries,Northern Dancer,Special,Affirmed,Morning Has Broken,Danzig,Razyana,Be My Guest,Push a Button,Sharpen Up,Annie Edge,フォーティナイナー,Sahara Forest,Northern Dancer,Flaming Page,Round Table,Regal Gleam,Majestic Light,Harbor Flag,Vaguely Noble,Margarethen
2023104509,ゴールドアクター,ゴールドプラネット,スクリーンヒーロー,ヘイロンシン,ケープブランコ,ビウイッチアス,グラスワンダー,ランニングヒロイン,キョウワアリシバ,ハッピーヒエン,Galileo,Laurel Delight,ダイワメジャー,フィールドソング,Silver Hawk,Ameriflora,サンデーサイレンス,ダイナアクトレス,Alysheba,Sulemeif,マナード,ブゼンフブキ,Sadler's Wells,Urban Sea,Presidium,Foudroyer,サンデーサイレンス,スカーレットブーケ,Gulch,A Kiss for Luck,Roberto,Gris Vitesse,Danzig,Graceful Touch,Halo,Wishing Well,ノーザンテースト,モデルスポート,Alydar,Bel Sheba,Northern Dancer,Barely Even,Captain's Gig,Slipstream,セダン,トサクイン,Northern Dancer,Fairy Bridge,Miswaki,Allegretta,General Assembly,Doubly Sure,アーテイアス,Foudre,Halo,Wishing Well,ノーザンテースト,スカーレットインク,Mr. Prospector,Jameela,Reflected Glory,Painted Flag
2023102438,ウインブライト,レッドルンバ,ステイゴールド,サマーエタニティ,Red Ransom,Rumba Azul,サンデーサイレンス,ゴールデンサッシュ,アドマイヤコジーン,オールフォーゲラン,Roberto,アラビア,Fabulous Dancer,Rare Sound,Halo,Wishing Well,ディクタス,ダイナサッシュ,Cozzene,アドマイヤマカディ,ジェイドロバリー,ミスゲラン,Hail to Reason,Bramalea,Damascus,Christmas Wind,Northern Dancer,Last of the Line,Rarity,Haunting,Hail to Reason,Cosmah,Understanding,Mountain Flower,Sanctus,Doronic,ノーザンテースト,ロイヤルサッシュ,Caro,Ride the Trails,ノーザンテースト,ミセスマカディー,Mr. Prospector,Number,マルゼンスキー,ゲラン,Turn-to,Nothirdchance,Nashua,Rarelea,Sword Dancer,Kerala,Nearctic,Bally Free,Nearctic,Natalma,The Axe,Bryonia,Hethersett,Who Can Tell,Lord Gayle,Grey Fleck
2023102248,カリフォルニアクローム,ルミエールカフェ,Lucky Pulpit,Love the Chase,マンハッタンカフェ,ファンシーカフェ,Pulpit,Lucky Soph,Not for Love,Chase It Down,サンデーサイレンス,サトルチェンジ,プレシャスカフェ,ファンシーオレンジ,A.P. Indy,Preach,Cozzene,Lucky Spell,Mr. Prospector,Dance Number,Polish Numbers,Chase the Dream,Halo,Wishing Well,Law Society,Santa Luciana,ハートレイク,エアインセンス,マイニング,ブランチリーヴス,Seattle Slew,Weekend Surprise,Mr. Prospector,Narrate,Caro,Ride the Trails,Lucky Mel,Incantation,Raise a Native,Gold Digger,Northern Dancer,Numbered Account,Danzig,Numbered Account,Sir Ivor,La Belle Fleur,Hail to Reason,Cosmah,Understanding,Mountain Flower,Alleged,Bold Bikini,Luciano,Suleika,Nureyev,My Darling One,サンデーサイレンス,ブラウンアイボリー,Mr. Prospector,I Pass,ミルジョージ,フラッグスターフ
2023103626,クリソベリル,スノーユニバンス,ゴールドアリュール,クリソプレーズ,ルーラーシップ,ラルーチェ,サンデーサイレンス,ニキーヤ,エルコンドルパサー,キャサリーンパー,キングカメハメハ,エアグルーヴ,クロフネ,アドマイヤセラヴィ,Halo,Wishing Well,Nureyev,Reluctant Guest,Kingmambo,サドラーズギャル,Riverman,Regal Exception,Kingmambo,マンファス,トニービン,ダイナカール,フレンチデピュティ,ブルーアヴェニュー,サンデーサイレンス,フランクアーギュメント,Hail to Reason,Cosmah,Understanding,Mountain Flower,Northern Dancer,Special,Hostage,Vaguely Royal,Mr. Prospector,Miesque,Sadler's Wells,Glenveagh,Never Bend,River Lady,Ribot,Rajput Princess,Mr. Prospector,Miesque,ラストタイクーン,Pilot Bird,カンパラ,Severn Bridge,ノーザンテースト,シャダイフェザー,Deputy Minister,Mitterand,Classic Go Go,Eliza Blue,Halo,Wishing Well,Argument,Franca
2023105682,ナダル,バニーテール,Blame,Ascending Angel,カネヒキリ,ウィンターコスモス,Arch,Liable,Pulpit,Solar Colony,フジキセキ,ライフアウトゼア,キングカメハメハ,ミスパスカリ,Kris S.,Aurora,Seeking the Gold,Bound,A.P. Indy,Preach,Pleasant Colony,Meteor Stage,サンデーサイレンス,ミルレーサー,Deputy Minister,Silver Valley,Kingmambo,マンファス,Mr. Greeley,ブルーアヴェニュー,Roberto,Sharp Queen,Danzig,Althea,Mr. Prospector,Con Game,Nijinsky,Special,Seattle Slew,Weekend Surprise,Mr. Prospector,Narrate,His Majesty,Sun Colony,Stage Door Johnny,Northern Meteor,Halo,Wishing Well,Le Fabuleux,Marston's Mill,Vice Regent,Mint Copy,Mr. Prospector,Seven Valleys,Mr. Prospector,Miesque,ラストタイクーン,Pilot Bird,Gone West,Long Legend,Classic Go Go,Eliza Blue
2023102967,クリソベリル,ワインレッドローズ,ゴールドアリュール,クリソプレーズ,ルーラーシップ,ダイワジャンヌ,サンデーサイレンス,ニキーヤ,エルコンドルパサー,キャサリーンパー,キングカメハメハ,エアグルーヴ,タニノギムレット,ケーキカット,Halo,Wishing Well,Nureyev,Reluctant Guest,Kingmambo,サドラーズギャル,Riverman,Regal Exception,Kingmambo,マンファス,トニービン,ダイナカール,ブライアンズタイム,タニノクリスタル,デヒア,トリムカット,Hail to Reason,Cosmah,Understanding,Mountain Flower,Northern Dancer,Special,Hostage,Vaguely Royal,Mr. Prospector,Miesque,Sadler's Wells,Glenveagh,Never Bend,River Lady,Ribot,Rajput Princess,Mr. Prospector,Miesque,ラストタイクーン,Pilot Bird,カンパラ,Severn Bridge,ノーザンテースト,シャダイフェザー,Roberto,Kelley's Day,クリスタルパレス,タニノシーバード,Deputy Minister,Sister Dot,Roberto,Trim Colony
2023100928,キセキ,シャンパンフルート,ルーラーシップ,ブリッツフィナーレ,クロフネ,トランシーフレーズ,キングカメハメハ,エアグルーヴ,ディープインパクト,ロンドンブリッジ,フレンチデピュティ,ブルーアヴェニュー,サンデーサイレンス,アンスチュアート,Kingmambo,マンファス,トニービン,ダイナカール,サンデーサイレンス,ウインドインハーヘア,ドクターデヴィアス,オールフォーロンドン,Deputy Minister,Mitterand,Classic Go Go,Eliza Blue,Halo,Wishing Well,Lyphard,Miss Carmie,Mr. Prospector,Miesque,ラストタイクーン,Pilot Bird,カンパラ,Severn Bridge,ノーザンテースト,シャダイフェザー,Halo,Wishing Well,Alzao,Burghclere,Ahonoora,Rose of Jericho,Danzig,Full Card,Vice Regent,Mint Copy,Hold Your Peace,Laredo Lass,Pago Pago,Classic Perfection,Icecapade,コレラ,Hail to Reason,Cosmah,Understanding,Mountain Flower,Northern Dancer,Goofed,T.V. Lark,Twice Over
2023106733,オルフェーヴル,アオイテソーロ,ステイゴールド,オリエンタルアート,ルーラーシップ,リアルナンバー,サンデーサイレンス,ゴールデンサッシュ,メジロマックイーン,エレクトロアート,キングカメハメハ,エアグルーヴ,Rainbow Corner,Numeraria,Halo,Wishing Well,ディクタス,ダイナサッシュ,メジロティターン,メジロオーロラ,ノーザンテースト,グランマスティーヴンス,Kingmambo,マンファス,トニービン,ダイナカール,Rainbow Quest,Kingscote,サザンヘイロー,Numismatica,Hail to Reason,Cosmah,Understanding,Mountain Flower,Sanctus,Doronic,ノーザンテースト,ロイヤルサッシュ,メジロアサマ,シエリル,リマンド,メジロアイリス,Northern Dancer,Lady Victoria,Lt. Stevens,Dhow,Mr. Prospector,Miesque,ラストタイクーン,Pilot Bird,カンパラ,Severn Bridge,ノーザンテースト,シャダイフェザー,Blushing Groom,I Will Follow,Kings Lake,Bold Fantasy,Halo,Northern Sea,Salt Marsh,Nut
2023102804,ルヴァンスレーヴ,ドリームバラード,シンボリクリスエス,マエストラーレ,タニノギムレット,フジャブ,Kris S.,Tee Kay,ネオユニヴァース,オータムブリーズ,ブライアンズタイム,タニノクリスタル,Woodman,Winters' Love,Roberto,Sharp Queen,Gold Meridian,Tri Argo,サンデーサイレンス,ポインテッドパス,ティンバーカントリー,セプテンバーソング,Roberto,Kelley's Day,クリスタルパレス,タニノシーバード,Mr. Prospector,プレイメイト,Danzig,Cold Hearted,Hail to Reason,Bramalea,Princequillo,Bridgework,Seattle Slew,Queen Louie,Tri Jet,Hail Proudly,Halo,Wishing Well,Kris,Silken Way,Woodman,Fall Aspen,リアルシャダイ,ダイナフェアリー,Hail to Reason,Bramalea,Graustark,Golden Trail,Caro,Hermieres,Sea-Bird,Flaxen,Raise a Native,Gold Digger,Buckpasser,Intriguing,Northern Dancer,Pas de Nom,The Axe,Turn to North
2023100578,アドマイヤマーズ,グロッタアズーラ,ダイワメジャー,ヴィアメディチ,フジキセキ,サダムブルーアイズ,サンデーサイレンス,スカーレットブーケ,Medicean,Via Milano,サンデーサイレンス,ミルレーサー,エルコンドルパサー,ミスティックアイズ,Halo,Wishing Well,ノーザンテースト,スカーレットインク,Machiavellian,Mystic Goddess,シングスピール,Salvinaxia,Halo,Wishing Well,Le Fabuleux,Marston's Mill,Kingmambo,サドラーズギャル,Eastern Echo,スキム,Hail to Reason,Cosmah,Understanding,Mountain Flower,Northern Dancer,Lady Victoria,Crimson Satan,Consentida,Mr. Prospector,Coup de Folie,Storm Bird,Rose Goddess,In the Wings,Glorious Song,Linamix,Salve,Hail to Reason,Cosmah,Understanding,Mountain Flower,Wild Risk,Anguar,In Reality,Millicent,Mr. Prospector,Miesque,Sadler's Wells,Glenveagh,Damascus,Wild Applause,Nijinsky,Pass a Glance
2023110006,Sottsass,Noblesse Oblige,Siyouni,Starlet's Sister,Myboycharlie,La Boisserie,Pivotal,Sichilla,Galileo,Premiere Creation,Danetime,Dulceata,Dansili,La Balagna,Polar Falcon,Fearless Revival,デインヒル,Slipstream Queen,Sadler's Wells,Urban Sea,Green Tune,Allwaki,デインヒル,Allegheny River,ルション,Snowtop,デインヒル,Hasili,Kris,Belle Tempete,Nureyev,Marie d'Argonne,Cozzene,Stufida,Danzig,Razyana,Conquistador Cielo,Country Queen,Northern Dancer,Fairy Bridge,Miswaki,Allegretta,Green Dancer,Soundings,Miswaki,Alloy,Danzig,Razyana,Lear Fan,Allesheny,Riverman,ベルドリーヌ,Thatching,Icing,Danzig,Razyana,Kahyasi,Kerali,Sharpen Up,Doubly Sure,Lovely Dancer,La Rafale
2023107129,ダノンキングリー,トップライセンス,ディープインパクト,マイグッドネス,キンシャサノキセキ,キャリアコレクション,サンデーサイレンス,ウインドインハーヘア,Storm Cat,Caressing,フジキセキ,ケルトシャーン,General Meeting,River of Stars,Halo,Wishing Well,Alzao,Burghclere,Storm Bird,Terlingua,Honour and Glory,Lovin Touch,サンデーサイレンス,ミルレーサー,Pleasant Colony,Featherhill,Seattle Slew,Alydar's Promise,Riverman,Star Fortune,Hail to Reason,Cosmah,Understanding,Mountain Flower,Lyphard,Lady Rebecca,Busted,Highclere,Northern Dancer,South Ocean,Secretariat,Crimson Saint,Relaunch,Fair to All,Majestic Prince,Forest Princess,Halo,Wishing Well,Le Fabuleux,Marston's Mill,His Majesty,Sun Colony,Lyphard,Lady Berry,Bold Reasoning,My Charmer,Alydar,Summertime Promise,Never Bend,River Lady,Pia Star,Flitter Flutter
2023105943,トーセンレーヴ,トーセンガーネット,ディープインパクト,ビワハイジ,アグネスデジタル,トーセンヴェール,サンデーサイレンス,ウインドインハーヘア,Caerleon,アグサン,Crafty Prospector,Chancey Squaw,クロフネ,ツィンクルヴェール,Halo,Wishing Well,Alzao,Burghclere,Nijinsky,Foreseer,Lord Gayle,Santa Luciana,Mr. Prospector,Real Crafty Lady,Chief's Crown,Allicance,フレンチデピュティ,ブルーアヴェニュー,サンデーサイレンス,ツィンクルブライド,Hail to Reason,Cosmah,Understanding,Mountain Flower,Lyphard,Lady Rebecca,Busted,Highclere,Northern Dancer,Flaming Page,Round Table,Regal Gleam,Sir Gaylord,Sticky Case,Luciano,Suleika,Raise a Native,Gold Digger,In Reality,Princess Roycraft,Danzig,Six Crowns,Alleged,Runaway Bride,Deputy Minister,Mitterand,Classic Go Go,Eliza Blue,Halo,Wishing Well,Lyphard,デビルズブライド
2023101530,シルバーステート,グロリエッテ,ディープインパクト,シルヴァースカヤ,アドマイヤムーン,アズワー,サンデーサイレンス,ウインドインハーヘア,Silver Hawk,Boubskaia,エンドスウィープ,マイケイティーズ,Danzig,Magic Slipper,Halo,Wishing Well,Alzao,Burghclere,Roberto,Gris Vitesse,Niniski,Frenetique,フォーティナイナー,Broom Dance,サンデーサイレンス,ケイティーズファースト,Northern Dancer,Pas de Nom,Habitat,Glass Slipper,Hail to Reason,Cosmah,Understanding,Mountain Flower,Lyphard,Lady Rebecca,Busted,Highclere,Hail to Reason,Bramalea,Amerigo,Matchiche,Nijinsky,Virginia Hills,Tyrant,Femina,Mr. Prospector,File,Dance Spell,Witching Hour,Halo,Wishing Well,Kris,Katies,Nearctic,Natalma,Admiral's Voyage,Petitioner,Sir Gaylord,Little Hut,Relko,Crystal Palace
2022100749,ルヴァンスレーヴ,キャストロメファ,シンボリクリスエス,マエストラーレ,トワイニング,ドラゴンマリーン,Kris S.,Tee Kay,ネオユニヴァース,オータムブリーズ,フォーティナイナー,Courtly Dee,リアルシャダイ,パーフェクトポイント,Roberto,Sharp Queen,Gold Meridian,Tri Argo,サンデーサイレンス,ポインテッドパス,ティンバーカントリー,セプテンバーソング,Mr. Prospector,File,Never Bend,Tulle,Roberto,Desert Vixen,Nijinsky,Charm School,Hail to Reason,Bramalea,Princequillo,Bridgework,Seattle Slew,Queen Louie,Tri Jet,Hail Proudly,Halo,Wishing Well,Kris,Silken Way,Woodman,Fall Aspen,リアルシャダイ,ダイナフェアリー,Raise a Native,Gold Digger,Tom Rolfe,Continue,Nasrullah,Lalun,War Admiral,Judy-Rae,Hail to Reason,Bramalea,In Reality,Desert Trial,Northern Dancer,Flaming Page,Dr. Fager,Sweet Folly
2022102058,オルフェーヴル,スマートアリシア,ステイゴールド,オリエンタルアート,ファルブラヴ,スマートダイス,サンデーサイレンス,ゴールデンサッシュ,メジロマックイーン,エレクトロアート,Fairy King,Gift of the Night,Point Given,Autumn Moon,Halo,Wishing Well,ディクタス,ダイナサッシュ,メジロティターン,メジロオーロラ,ノーザンテースト,グランマスティーヴンス,Northern Dancer,Fairy Bridge,Slewpy,Little Nana,サンダーガルチ,Turko's Turn,Mr. Prospector,Lypatia,Hail to Reason,Cosmah,Understanding,Mountain Flower,Sanctus,Doronic,ノーザンテースト,ロイヤルサッシュ,メジロアサマ,シエリル,リマンド,メジロアイリス,Northern Dancer,Lady Victoria,Lt. Stevens,Dhow,Nearctic,Natalma,Bold Reason,Special,Seattle Slew,Rare Bouquet,Lithiot,Nenana Road,Gulch,Line of Thunder,Turkoman,Turbo Launch,Raise a Native,Gold Digger,Lyphard,Hypatia
2022101255,ドレフォン,グロリアスブレイク,Gio Ponti,Eltimaas,Distorted Humor,Glorious Chant,Tale of the Cat,Chipeta Springs,Ghostzapper,Najecam,フォーティナイナー,Danzig's Beauty,Giant's Causeway,Ring of Music,Storm Cat,Yarn,Alydar,Salt Spring,Awesome Again,Baby Zip,Trempolino,Sue Warner,Mr. Prospector,File,Danzig,Sweetest Chant,Storm Cat,Mariah's Storm,Sadler's Wells,Glorious Song,Storm Bird,Terlingua,Mr. Prospector,Narrate,Raise a Native,Sweet Tooth,Salt Marsh,Jungle Mythologic,Deputy Minister,Primal Force,Relaunch,Thirty Zip,Sharpen Up,Trephine,Forli,Bitty Girl,Raise a Native,Gold Digger,Tom Rolfe,Continue,Northern Dancer,Pas de Nom,Mr. Leader,Gay Sonnet,Storm Bird,Terlingua,Rahy,イメンス,Northern Dancer,Fairy Bridge,Halo,Ballade
2019103219,ラニ,チェストケハーツ,Tapit,ヘヴンリーロマンス,ハーツクライ,アーチスト,Pulpit,Tap Your Heels,サンデーサイレンス,ファーストアクト,サンデーサイレンス,アイリッシュダンス,In the Wings,Grace Note,A.P. Indy,Preach,Unbridled,Ruby Slippers,Halo,Wishing Well,Sadler's Wells,Arkadina,Halo,Wishing Well,トニービン,ビューパーダンス,Sadler's Wells,High Hawk,Top Ville,Val de Grace,Seattle Slew,Weekend Surprise,Mr. Prospector,Narrate,Fappiano,Gana Facil,Nijinsky,Moon Glitter,Hail to Reason,Cosmah,Understanding,Mountain Flower,Northern Dancer,Fairy Bridge,Ribot,Natashka,Hail to Reason,Cosmah,Understanding,Mountain Flower,カンパラ,Severn Bridge,Lyphard,My Bupers,Northern Dancer,Fairy Bridge,Shirley Heights,Sunbittern,High Top,Sega Ville,Val de Loir,Pearly Queen
2021104822,ラニ,リボルトレイダー,Tapit,ヘヴンリーロマンス,ワイルドラッシュ,ネヴァカグラ,Pulpit,Tap Your Heels,サンデーサイレンス,ファーストアクト,Wild Again,Rose Park,アグネスタキオン,エイブルカグラ,A.P. Indy,Preach,Unbridled,Ruby Slippers,Halo,Wishing Well,Sadler's Wells,Arkadina,Icecapade,Bushel-n-Peck,Plugged Nickle,Hardship,サンデーサイレンス,アグネスフローラ,ジェイドロバリー,シャダイカグラ,Seattle Slew,Weekend Surprise,Mr. Prospector,Narrate,Fappiano,Gana Facil,Nijinsky,Moon Glitter,Hail to Reason,Cosmah,Understanding,Mountain Flower,Northern Dancer,Fairy Bridge,Ribot,Natashka,Nearctic,Shenanigans,Khaled,Dama,Key to the Mint,Toll Booth,Drone,Hard and Fast,Halo,Wishing Well,ロイヤルスキー,アグネスレディー,Mr. Prospector,Number,リアルシャダイ,ミリーバード
2022105197,ルヴァンスレーヴ,ワシントンレガシー,シンボリクリスエス,マエストラーレ,クロフネ,フロールデセレッソ,Kris S.,Tee Kay,ネオユニヴァース,オータムブリーズ,フレンチデピュティ,ブルーアヴェニュー,スウェプトオーヴァーボード,フローリッドコート,Roberto,Sharp Queen,Gold Meridian,Tri Argo,サンデーサイレンス,ポインテッドパス,ティンバーカントリー,セプテンバーソング,Deputy Minister,Mitterand,Classic Go Go,Eliza Blue,エンドスウィープ,Sheer Ice,サンデーサイレンス,スプリングコート,Hail to Reason,Bramalea,Princequillo,Bridgework,Seattle Slew,Queen Louie,Tri Jet,Hail Proudly,Halo,Wishing Well,Kris,Silken Way,Woodman,Fall Aspen,リアルシャダイ,ダイナフェアリー,Vice Regent,Mint Copy,Hold Your Peace,Laredo Lass,Pago Pago,Classic Perfection,Icecapade,コレラ,フォーティナイナー,Broom Dance,Cutlass,Hey Dolly A.,Halo,Wishing Well,トニービン,サクラハゴロモ
2021100151,キズナ,ティアーモ,ディープインパクト,キャットクイル,キングカメハメハ,レディチャーム,サンデーサイレンス,ウインドインハーヘア,Storm Cat,Pacific Princess,Kingmambo,マンファス,サンデーサイレンス,リンダスト,Halo,Wishing Well,Alzao,Burghclere,Storm Bird,Terlingua,Damascus,Fiji,Mr. Prospector,Miesque,ラストタイクーン,Pilot Bird,Halo,Wishing Well,Lyphard,Barger,Hail to Reason,Cosmah,Understanding,Mountain Flower,Lyphard,Lady Rebecca,Busted,Highclere,Northern Dancer,South Ocean,Secretariat,Crimson Saint,Sword Dancer,Kerala,Acropolis,Rififi,Raise a Native,Gold Digger,Nureyev,Pasadoble,トライマイベスト,Mill Princess,Blakeney,The Dancer,Hail to Reason,Cosmah,Understanding,Mountain Flower,Northern Dancer,Goofed,Riverman,Trillion
2022107021,ナダル,メジロミドウ,Blame,Ascending Angel,ステイゴールド,メジロサンドラ,Arch,Liable,Pulpit,Solar Colony,サンデーサイレンス,ゴールデンサッシュ,メジロマックイーン,カンパナ,Kris S.,Aurora,Seeking the Gold,Bound,A.P. Indy,Preach,Pleasant Colony,Meteor Stage,Halo,Wishing Well,ディクタス,ダイナサッシュ,メジロティターン,メジロオーロラ,Sadler's Wells,Two Rings,Roberto,Sharp Queen,Danzig,Althea,Mr. Prospector,Con Game,Nijinsky,Special,Seattle Slew,Weekend Surprise,Mr. Prospector,Narrate,His Majesty,Sun Colony,Stage Door Johnny,Northern Meteor,Hail to Reason,Cosmah,Understanding,Mountain Flower,Sanctus,Doronic,ノーザンテースト,ロイヤルサッシュ,メジロアサマ,シエリル,リマンド,メジロアイリス,Northern Dancer,Fairy Bridge,Round Table,Allofthem
2022102991,ルヴァンスレーヴ,ハートフルデイズ,シンボリクリスエス,マエストラーレ,キングカメハメハ,グローリアスデイズ,Kris S.,Tee Kay,ネオユニヴァース,オータムブリーズ,Kingmambo,マンファス,サンデーサイレンス,グレースアドマイヤ,Roberto,Sharp Queen,Gold Meridian,Tri Argo,サンデーサイレンス,ポインテッドパス,ティンバーカントリー,セプテンバーソング,Mr. Prospector,Miesque,ラストタイクーン,Pilot Bird,Halo,Wishing Well,トニービン,バレークイーン,Hail to Reason,Bramalea,Princequillo,Bridgework,Seattle Slew,Queen Louie,Tri Jet,Hail Proudly,Halo,Wishing Well,Kris,Silken Way,Woodman,Fall Aspen,リアルシャダイ,ダイナフェアリー,Raise a Native,Gold Digger,Nureyev,Pasadoble,トライマイベスト,Mill Princess,Blakeney,The Dancer,Hail to Reason,Cosmah,Understanding,Mountain Flower,カンパラ,Severn Bridge,Sadler's Wells,Sun Princess
2021101950,ダノンレジェンド,キャンティユッキ,Macho Uno,マイグッドネス,マヤノトップガン,サルール,Holy Bull,Primal Force,Storm Cat,Caressing,ブライアンズタイム,アルプミープリーズ,サンデーサイレンス,シャルウォーカミーズ,Great Above,Sharon Brown,Blushing Groom,Prime Prospect,Storm Bird,Terlingua,Honour and Glory,Lovin Touch,Roberto,Kelley's Day,Blushing Groom,Swiss,Halo,Wishing Well,Sadler's Wells,Sequel,Minnesota Mac,Ta Wee,Al Hattab,Agathea's Dawn,Red God,Runaway Bride,Mr. Prospector,Square Generation,Northern Dancer,South Ocean,Secretariat,Crimson Saint,Relaunch,Fair to All,Majestic Prince,Forest Princess,Hail to Reason,Bramalea,Graustark,Golden Trail,Red God,Runaway Bride,Vaguely Noble,Gala Host,Hail to Reason,Cosmah,Understanding,Mountain Flower,Northern Dancer,Fairy Bridge,Law Society,Where You Lead
2021105209,ブリックスアンドモルタル,ブリッジクライム,Giant's Causeway,Beyond the Waves,ゼンノロブロイ,リーチマイハーバー,Storm Cat,Mariah's Storm,Ocean Crest,Excedent,サンデーサイレンス,ローミンレイチェル,ボストンハーバー,Rezagante,Storm Bird,Terlingua,Rahy,イメンス,Storm Bird,S.S.Aroma,Exceller,Broadway Lullaby,Halo,Wishing Well,マイニング,One Smart Lady,Capote,Harbor Springs,Practicante,Rezumba,Northern Dancer,South Ocean,Secretariat,Crimson Saint,Blushing Groom,Glorious Song,Roberto,Imsodear,Northern Dancer,South Ocean,Seattle Slew,Rare Bouquet,Vaguely Noble,Too Bald,Stage Door Johnny,リットルブレツシング,Hail to Reason,Cosmah,Understanding,Mountain Flower,Mr. Prospector,I Pass,Clever Trick,Pia's Lady,Seattle Slew,Too Bald,Vice Regent,Tinnitus,Pronto,Extraneza,Resuello,Rumbatica
2021106213,サンダースノー,コスモネモシン,Helmet,Eastern Joy,ゼンノロブロイ,デュプレ,Exceed And Excel,Accessories,Dubai Destination,Red Slippers,サンデーサイレンス,ローミンレイチェル,シングスピール,Child Prodigy,デインヒル,Patrona,シングスピール,Anna Matrushka,Kingmambo,Mysterial,Nureyev,Morning Devotion,Halo,Wishing Well,マイニング,One Smart Lady,In the Wings,Glorious Song,Ballad Rock,Minnie Habit,Danzig,Razyana,Lomond,Gladiolus,In the Wings,Glorious Song,Mill Reef,Anna Paola,Mr. Prospector,Miesque,Alleged,Mysteries,Northern Dancer,Special,Affirmed,Morning Has Broken,Hail to Reason,Cosmah,Understanding,Mountain Flower,Mr. Prospector,I Pass,Clever Trick,Pia's Lady,Sadler's Wells,High Hawk,Halo,Ballade,Bold Lad,True Rocket,Habitat,Minnie Tudor
2022101481,マインドユアビスケッツ,オースミハナチャン,Posse,Jazzmane,ハーツクライ,オースミリンド,Silver Deputy,Raska,Toccet,Alljazz,サンデーサイレンス,アイリッシュダンス,Woodman,ダンシングアウンティー,Deputy Minister,Silver Valley,Rahy,Borishka,Awesome Again,Cozzene's Angel,Stop the Music,Bounteous,Halo,Wishing Well,トニービン,ビューパーダンス,Mr. Prospector,プレイメイト,Nureyev,Aunt Carol,Vice Regent,Mint Copy,Mr. Prospector,Seven Valleys,Blushing Groom,Glorious Song,Roberto,Queen Maud,Deputy Minister,Primal Force,Cozzene,Charming Pan,Hail to Reason,Bebopper,Master Derby,Mlle. Quille,Hail to Reason,Cosmah,Understanding,Mountain Flower,カンパラ,Severn Bridge,Lyphard,My Bupers,Raise a Native,Gold Digger,Buckpasser,Intriguing,Northern Dancer,Special,Big Spruce,Dinky Pinky
2023107204,インディチャンプ,プラチナブロンド,ステイゴールド,ウィルパワー,ジャングルポケット,モンローブロンド,サンデーサイレンス,ゴールデンサッシュ,キングカメハメハ,トキオリアリティー,トニービン,ダンスチャーマー,アドマイヤベガ,ソニンク,Halo,Wishing Well,ディクタス,ダイナサッシュ,Kingmambo,マンファス,Meadowlake,What a Reality,カンパラ,Severn Bridge,Nureyev,Skillful Joy,サンデーサイレンス,ベガ,Machiavellian,Sonic Lady,Hail to Reason,Cosmah,Understanding,Mountain Flower,Sanctus,Doronic,ノーザンテースト,ロイヤルサッシュ,Mr. Prospector,Miesque,ラストタイクーン,Pilot Bird,Hold Your Peace,Suspicious Native,In Reality,What Will Be,Kalamoun,State Pension,Hornbeam,Priddy Fair,Northern Dancer,Special,Nodouble,Skillful Miss,Halo,Wishing Well,トニービン,アンティックヴァリュー,Mr. Prospector,Coup de Folie,Nureyev,Stumped
2023103366,モーリス,カウアイレーン,スクリーンヒーロー,メジロフランシス,キングカメハメハ,シルバーレーン,グラスワンダー,ランニングヒロイン,カーネギー,メジロモントレー,Kingmambo,マンファス,Silver Hawk,Strait Lane,Silver Hawk,Ameriflora,サンデーサイレンス,ダイナアクトレス,Sadler's Wells,Detroit,モガミ,メジロクインシー,Mr. Prospector,Miesque,ラストタイクーン,Pilot Bird,Roberto,Gris Vitesse,Chieftain,Level Sands,Roberto,Gris Vitesse,Danzig,Graceful Touch,Halo,Wishing Well,ノーザンテースト,モデルスポート,Northern Dancer,Fairy Bridge,Riverman,Derna,Lyphard,ノーラック,フィディオン,メジロボサツ,Raise a Native,Gold Digger,Nureyev,Pasadoble,トライマイベスト,Mill Princess,Blakeney,The Dancer,Hail to Reason,Bramalea,Amerigo,Matchiche,Bold Ruler,Pocahontas,Mahmoud,Crawfish
2023101088,ドレフォン,エトピリカ,Gio Ponti,Eltimaas,キングカメハメハ,アフレイタス,Tale of the Cat,Chipeta Springs,Ghostzapper,Najecam,Kingmambo,マンファス,サンデーサイレンス,リボーズシークレット,Storm Cat,Yarn,Alydar,Salt Spring,Awesome Again,Baby Zip,Trempolino,Sue Warner,Mr. Prospector,Miesque,ラストタイクーン,Pilot Bird,Halo,Wishing Well,デインヒル,Glim,Storm Bird,Terlingua,Mr. Prospector,Narrate,Raise a Native,Sweet Tooth,Salt Marsh,Jungle Mythologic,Deputy Minister,Primal Force,Relaunch,Thirty Zip,Sharpen Up,Trephine,Forli,Bitty Girl,Raise a Native,Gold Digger,Nureyev,Pasadoble,トライマイベスト,Mill Princess,Blakeney,The Dancer,Hail to Reason,Cosmah,Understanding,Mountain Flower,Danzig,Razyana,Damascus,Glisk
2023104950,ヴァンゴッホ,ルフランエトワール,American Pharoah,Imagine,オルフェーヴル,スターズインハーアイズ,Pioneerof the Nile,Littleprincessemma,Sadler's Wells,Doff the Derby,ステイゴールド,オリエンタルアート,Woodman,ウインドインハーヘア,エンパイアメーカー,Star of Goshen,Yankee Gentleman,Exclusive Rosette,Northern Dancer,Fairy Bridge,Master Derby,Margarethen,サンデーサイレンス,ゴールデンサッシュ,メジロマックイーン,エレクトロアート,Mr. Prospector,プレイメイト,Alzao,Burghclere,Unbridled,Toussaud,Lord at War,Castle Eight,Storm Cat,Key Phrase,Ecliptical,Zetta Jet,Nearctic,Natalma,Bold Reason,Special,ダストコマンダー,Madam Jerry,Tulyar,Russ-Marie,Halo,Wishing Well,ディクタス,ダイナサッシュ,メジロティターン,メジロオーロラ,ノーザンテースト,グランマスティーヴンス,Raise a Native,Gold Digger,Buckpasser,Intriguing,Lyphard,Lady Rebecca,Busted,Highclere
2023100529,シュヴァルグラン,ティアレ,ハーツクライ,ハルーワスウィート,キングカメハメハ,ササファイヤー,サンデーサイレンス,アイリッシュダンス,Machiavellian,ハルーワソング,Kingmambo,マンファス,Saint Ballado,La Ice Queen,Halo,Wishing Well,トニービン,ビューパーダンス,Mr. Prospector,Coup de Folie,Nureyev,Morn of Song,Mr. Prospector,Miesque,ラストタイクーン,Pilot Bird,Halo,Ballade,Icecapade,La Queen Bina,Hail to Reason,Cosmah,Understanding,Mountain Flower,カンパラ,Severn Bridge,Lyphard,My Bupers,Raise a Native,Gold Digger,Halo,Raise the Standard,Northern Dancer,Special,Blushing Groom,Glorious Song,Raise a Native,Gold Digger,Nureyev,Pasadoble,トライマイベスト,Mill Princess,Blakeney,The Dancer,Hail to Reason,Cosmah,Herbager,Miss Swapsco,Nearctic,Shenanigans,Circle Home,La Queenie
2023102740,ファインニードル,レッドレネット,アドマイヤムーン,ニードルクラフト,キングカメハメハ,プリンセスルシータ,エンドスウィープ,マイケイティーズ,Mark of Esteem,Sharp Point,Kingmambo,マンファス,サンデーサイレンス,プリンセスリーマ,フォーティナイナー,Broom Dance,サンデーサイレンス,ケイティーズファースト,Darshaan,Homage,ロイヤルアカデミー,Nice Point,Mr. Prospector,Miesque,ラストタイクーン,Pilot Bird,Halo,Wishing Well,Affirmed,First Fling,Mr. Prospector,File,Dance Spell,Witching Hour,Halo,Wishing Well,Kris,Katies,Shirley Heights,Delsy,Ajdal,Home Love,Nijinsky,Crimson Saint,Sharpen Up,Alpine Niece,Raise a Native,Gold Digger,Nureyev,Pasadoble,トライマイベスト,Mill Princess,Blakeney,The Dancer,Hail to Reason,Cosmah,Understanding,Mountain Flower,Exclusive Native,Won't Tell You,Nijinsky,Fast Approach
2023106744,ゴールドシップ,チェストケリリー,ステイゴールド,ポイントフラッグ,Scat Daddy,Santa Rosalia,サンデーサイレンス,ゴールデンサッシュ,メジロマックイーン,パストラリズム,ヨハネスブルグ,Love Style,Saint Ballado,Sugar Is Gold,Halo,Wishing Well,ディクタス,ダイナサッシュ,メジロティターン,メジロオーロラ,プルラリズム,トクノエイティー,ヘネシー,Myth,Mr. Prospector,Likeable Style,Halo,Ballade,Slew o' Gold,Sugar's Image,Hail to Reason,Cosmah,Understanding,Mountain Flower,Sanctus,Doronic,ノーザンテースト,ロイヤルサッシュ,メジロアサマ,シエリル,リマンド,メジロアイリス,The Minstrel,Cambretta,トライバルチーフ,アイアンルビー,Storm Cat,Island Kitty,オジジアン,Yarn,Raise a Native,Gold Digger,Nijinsky,Personable Lady,Hail to Reason,Cosmah,Herbager,Miss Swapsco,Seattle Slew,Alluvial,Valid Appeal,Sugar Del
2023102112,サトノダイヤモンド,オリエンタルリリー,ディープインパクト,マルペンサ,ダイワメジャー,シーズインクルーデッド,サンデーサイレンス,ウインドインハーヘア,Orpen,Marsella,サンデーサイレンス,スカーレットブーケ,Include,Dancingonice,Halo,Wishing Well,Alzao,Burghclere,Lure,Bonita Francita,サザンヘイロー,Riviere,Halo,Wishing Well,ノーザンテースト,スカーレットインク,Broad Brush,Illeria,Robyn Dancer,Codallthetime,Hail to Reason,Cosmah,Understanding,Mountain Flower,Lyphard,Lady Rebecca,Busted,Highclere,Danzig,Endear,Devil's Bag,Raise the Standard,Halo,Northern Sea,Logical,Talonada,Hail to Reason,Cosmah,Understanding,Mountain Flower,Northern Dancer,Lady Victoria,Crimson Satan,Consentida,Ack Ack,Hay Patcher,Stop the Music,Baldski's Holiday,Crafty Prospector,Double Dancer,It's Freezing,Pass the Mums
2023105895,ウインブライト,タイプムーン,ステイゴールド,サマーエタニティ,アイルハヴアナザー,マイネサンサン,サンデーサイレンス,ゴールデンサッシュ,アドマイヤコジーン,オールフォーゲラン,Flower Alley,Arch's Gal Edith,スペシャルウィーク,スプライトパッサー,Halo,Wishing Well,ディクタス,ダイナサッシュ,Cozzene,アドマイヤマカディ,ジェイドロバリー,ミスゲラン,Distorted Humor,プリンセスオリビア,Arch,Force Five Gal,サンデーサイレンス,キャンペンガール,メイワパッサー,サンサン,Hail to Reason,Cosmah,Understanding,Mountain Flower,Sanctus,Doronic,ノーザンテースト,ロイヤルサッシュ,Caro,Ride the Trails,ノーザンテースト,ミセスマカディー,Mr. Prospector,Number,マルゼンスキー,ゲラン,フォーティナイナー,Danzig's Beauty,Lycius,Dance Image,Kris S.,Aurora,Pleasant Tap,Last Cause,Halo,Wishing Well,マルゼンスキー,レディーシラオキ,Buckpasser,バンバレラ,Bald Eagle,Sail Navy
2023102231,アルバート,フォレブルート,アドマイヤドン,フォルクローレ,ロードカナロア,プリームス,ティンバーカントリー,ベガ,ダンスインザダーク,アンデスレディー,キングカメハメハ,レディブラッサム,フジキセキ,レジェンドトレイル,Woodman,Fall Aspen,トニービン,アンティックヴァリュー,サンデーサイレンス,ダンシングキイ,ノーザンテースト,ペルースポート,Kingmambo,マンファス,Storm Cat,サラトガデュー,サンデーサイレンス,ミルレーサー,フレンチデピュティ,ハッピートレイルズ,Mr. Prospector,プレイメイト,Pretense,Change Water,カンパラ,Severn Bridge,Northern Dancer,Moonscape,Halo,Wishing Well,Nijinsky,Key Partner,Northern Dancer,Lady Victoria,ガーサント,グレートターフ,Mr. Prospector,Miesque,ラストタイクーン,Pilot Bird,Storm Bird,Terlingua,Cormorant,Super Luna,Halo,Wishing Well,Le Fabuleux,Marston's Mill,Deputy Minister,Mitterand,ポツセ,ロイコン
2023103094,ダノンキングリー,マジックフラッシュ,ディープインパクト,マイグッドネス,Air Force Blue,Satin Box,サンデーサイレンス,ウインドインハーヘア,Storm Cat,Caressing,War Front,Chatham,Manduro,Ventura,Halo,Wishing Well,Alzao,Burghclere,Storm Bird,Terlingua,Honour and Glory,Lovin Touch,Danzig,Starry Dreamer,Maria's Mon,Circle of Gold,Monsun,Mandellicht,Spectrum,Wedding Bouquet,Hail to Reason,Cosmah,Understanding,Mountain Flower,Lyphard,Lady Rebecca,Busted,Highclere,Northern Dancer,South Ocean,Secretariat,Crimson Saint,Relaunch,Fair to All,Majestic Prince,Forest Princess,Northern Dancer,Pas de Nom,Rubiano,Lara's Star,Wavering Monarch,Carlotta Maria,Seeking the Gold,Starlet Storm,Konigsstuhl,Mosella,Be My Guest,Mandelauge,Rainbow Quest,River Dancer,Kings Lake,Doff the Derby
2023104227,ラブリーデイ,ウェアレイ,キングカメハメハ,ポップコーンジャズ,アドマイヤオーラ,シルキーコースト,Kingmambo,マンファス,ダンスインザダーク,グレイスルーマー,アグネスタキオン,ビワハイジ,Giant's Causeway,Metal of Honor,Mr. Prospector,Miesque,ラストタイクーン,Pilot Bird,サンデーサイレンス,ダンシングキイ,トニービン,ディスクジョッキー,サンデーサイレンス,アグネスフローラ,Caerleon,アグサン,Storm Cat,Mariah's Storm,Conquistador Cielo,Badge of Courage,Raise a Native,Gold Digger,Nureyev,Pasadoble,トライマイベスト,Mill Princess,Blakeney,The Dancer,Halo,Wishing Well,Nijinsky,Key Partner,カンパラ,Severn Bridge,リアルシャダイ,シャダイチャッター,Halo,Wishing Well,ロイヤルスキー,アグネスレディー,Nijinsky,Foreseer,Lord Gayle,Santa Luciana,Storm Bird,Terlingua,Rahy,イメンス,Mr. Prospector,K D Princess,Well Decorated,Tamerett
2023105860,ベンバトル,ウインゼノビア,Dubawi,Nahrain,スクリーンヒーロー,ゴシップクイーン,Dubai Millennium,Zomaradah,Selkirk,Bahr,グラスワンダー,ランニングヒロイン,フレンチデピュティ,レディゴシップ,Seeking the Gold,Colorado Dancer,Deploy,Jawaher,Sharpen Up,Annie Edge,ジェネラス,Lady of the Sea,Silver Hawk,Ameriflora,サンデーサイレンス,ダイナアクトレス,Deputy Minister,Mitterand,ノーザンテースト,レディフランダーズ,Mr. Prospector,Con Game,Shareef Dancer,Fall Aspen,Shirley Heights,Slightly Dangerous,ダンシングブレーヴ,High Tern,エタン,Rocchetta,Nebbiolo,Friendly Court,Caerleon,Doff the Derby,Mill Reef,La Mer,Roberto,Gris Vitesse,Danzig,Graceful Touch,Halo,Wishing Well,ノーザンテースト,モデルスポート,Vice Regent,Mint Copy,Hold Your Peace,Laredo Lass,Northern Dancer,Lady Victoria,Chieftain,Moll Flanders
2023106782,モズアスコット,ゴールドゲッコー,Frankel,India,クロフネ,ディナシー,Galileo,Kind,ヘネシー,Misty Hour,フレンチデピュティ,ブルーアヴェニュー,キングカメハメハ,トゥザヴィクトリー,Sadler's Wells,Urban Sea,デインヒル,Rainbow Lake,Storm Cat,Island Kitty,Miswaki,Our Tina Marie,Deputy Minister,Mitterand,Classic Go Go,Eliza Blue,Kingmambo,マンファス,サンデーサイレンス,フェアリードール,Northern Dancer,Fairy Bridge,Miswaki,Allegretta,Danzig,Razyana,Rainbow Quest,Rockfest,Storm Bird,Terlingua,Hawaii,T. C. Kitten,Mr. Prospector,Hopespringseternal,Nijinsky,Java Moon,Vice Regent,Mint Copy,Hold Your Peace,Laredo Lass,Pago Pago,Classic Perfection,Icecapade,コレラ,Mr. Prospector,Miesque,ラストタイクーン,Pilot Bird,Halo,Wishing Well,Nureyev,Dream Deal
2023101789,マジェスティックウォリアー,エスシーハンコック,A.P. Indy,Dream Supreme,ダイワメジャー,アグネスカルミア,Seattle Slew,Weekend Surprise,Seeking the Gold,Spinning Round,サンデーサイレンス,スカーレットブーケ,ケイムホーム,Morning Star,Bold Reasoning,My Charmer,Secretariat,Lassie Dear,Mr. Prospector,Con Game,Dixieland Band,Take Heart,Halo,Wishing Well,ノーザンテースト,スカーレットインク,Gone West,Nice Assay,Shotiche,Little Star Vicky,Boldnesian,Reason to Earn,Poker,Fair Charmer,Bold Ruler,Somethingroyal,Buckpasser,Gay Missile,Raise a Native,Gold Digger,Buckpasser,Broadway,Northern Dancer,Mississippi Mud,Secretariat,Deck Stewardess,Hail to Reason,Cosmah,Understanding,Mountain Flower,Northern Dancer,Lady Victoria,Crimson Satan,Consentida,Mr. Prospector,Secrettame,Clever Trick,インフルヴユー,Northern Dancer,Nimble Folly,Bold Ruckus,Victorious Answer
2023103931,タリスマニック,ユーセイクインサー,Medaglia d'Oro,Magic Mission,タイムパラドックス,アルカネット,El Prado,Cappucino Bay,Machiavellian,Dream Ticket,ブライアンズタイム,ジョリーザザ,ダンスインザダーク,パーフェクション,Sadler's Wells,Lady Capulet,Bailjumper,Dubbed In,Mr. Prospector,Coup de Folie,Danzig,Capo Di Monte,Roberto,Kelley's Day,Alzao,Bold Lady,サンデーサイレンス,ダンシングキイ,Machiavellian,チーフオナメント,Northern Dancer,Fairy Bridge,Sir Ivor,Cap and Bells,Damascus,Court Circuit,Silent Screen,Society Singer,Raise a Native,Gold Digger,Halo,Raise the Standard,Northern Dancer,Pas de Nom,Final Straw,Burghclere,Hail to Reason,Bramalea,Graustark,Golden Trail,Lyphard,Lady Rebecca,ボールドラツド,Tredam,Halo,Wishing Well,Nijinsky,Key Partner,Mr. Prospector,Coup de Folie,Chief's Crown,Embellished
2023107032,ミッキーロケット,シャルルヴォア,キングカメハメハ,マネーキャントバイミーラヴ,スペシャルウィーク,フリーヴァケイション,Kingmambo,マンファス,Pivotal,Sabreon,サンデーサイレンス,キャンペンガール,Fly So Free,Miami Vacation,Mr. Prospector,Miesque,ラストタイクーン,Pilot Bird,Polar Falcon,Fearless Revival,Caerleon,Sabria,Halo,Wishing Well,マルゼンスキー,レディーシラオキ,Time for a Change,Free to Fly,Far North,Decision,Raise a Native,Gold Digger,Nureyev,Pasadoble,トライマイベスト,Mill Princess,Blakeney,The Dancer,Nureyev,Marie d'Argonne,Cozzene,Stufida,Nijinsky,Foreseer,Miswaki,Flood,Hail to Reason,Cosmah,Understanding,Mountain Flower,Nijinsky,シル,セントクレスピン,ミスアシヤガワ,Damascus,Resolver,Stevward,Dancing Lark,Northern Dancer,Fleur,Resound,School Board
2023106981,ラブリーデイ,クロウキャニオン,キングカメハメハ,ポップコーンジャズ,フレンチデピュティ,クロカミ,Kingmambo,マンファス,ダンスインザダーク,グレイスルーマー,Deputy Minister,Mitterand,Caerleon,ミルド,Mr. Prospector,Miesque,ラストタイクーン,Pilot Bird,サンデーサイレンス,ダンシングキイ,トニービン,ディスクジョッキー,Vice Regent,Mint Copy,Hold Your Peace,Laredo Lass,Nijinsky,Foreseer,Desert Wine,Margie Belle,Raise a Native,Gold Digger,Nureyev,Pasadoble,トライマイベスト,Mill Princess,Blakeney,The Dancer,Halo,Wishing Well,Nijinsky,Key Partner,カンパラ,Severn Bridge,リアルシャダイ,シャダイチャッター,Northern Dancer,Victoria Regina,Bunty's Flight,Shakney,Speak John,Blue Moon,Bold Ruler,Fortunate Isle,Northern Dancer,Flaming Page,Round Table,Regal Gleam,Damascus,Anne Campbell,Vaguely Noble,Margravine
2023100925,ロードカナロア,サトノワルキューレ,キングカメハメハ,レディブラッサム,ディープインパクト,ヒアトゥウィン,Kingmambo,マンファス,Storm Cat,サラトガデュー,サンデーサイレンス,ウインドインハーヘア,Roi Normand,Ascot Belle,Mr. Prospector,Miesque,ラストタイクーン,Pilot Bird,Storm Bird,Terlingua,Cormorant,Super Luna,Halo,Wishing Well,Alzao,Burghclere,Exclusive Native,Luth de Saron,Falcon Jet,Indian Blossom,Raise a Native,Gold Digger,Nureyev,Pasadoble,トライマイベスト,Mill Princess,Blakeney,The Dancer,Northern Dancer,South Ocean,Secretariat,Crimson Saint,His Majesty,Song Sparrow,In Reality,Alada,Hail to Reason,Cosmah,Understanding,Mountain Flower,Lyphard,Lady Rebecca,Busted,Highclere,Raise a Native,Exclusive,Luthier,Rose de Saron,Ghadeer,Victress,Fred Astaire,Floral Blossom
2023101050,コントレイル,サンタモニカ,ディープインパクト,ロードクロサイト,Mastercraftsman,Zacchera,サンデーサイレンス,ウインドインハーヘア,Unbridled's Song,Folklore,Danehill Dancer,Starlight Dreams,Zamindar,Palace Street,Halo,Wishing Well,Alzao,Burghclere,Unbridled,Trolley Song,Tiznow,Contrive,デインヒル,Mira Adonde,ブラックタイアフェアー,Reves Celestes,Gone West,Zaizafon,セクレト,Majestic Street,Hail to Reason,Cosmah,Understanding,Mountain Flower,Lyphard,Lady Rebecca,Busted,Highclere,Fappiano,Gana Facil,Caro,Lucky Spell,Cee's Tizzy,Cee's Song,Storm Cat,Jeano,Danzig,Razyana,Sharpen Up,Lettre d'Amour,Miswaki,Hat Tab Girl,Lyphard,Tobira Celeste,Mr. Prospector,Secrettame,The Minstrel,Mofida,Northern Dancer,Betty's Secret,Majestic Prince,Beaver Street
2023100021,ダノンプレミアム,ハーフムーン,ディープインパクト,インディアナギャル,Duke of Marmalade,Quarter moon,サンデーサイレンス,ウインドインハーヘア,Intikhab,Genial Jenny,デインヒル,Love Me True,Sadler's Wells,Jude,Halo,Wishing Well,Alzao,Burghclere,Red Ransom,Crafty Example,デインヒル,Joma Kaanem,Danzig,Razyana,Kingmambo,Lassie's Lady,Northern Dancer,Fairy Bridge,Darshaan,Alruccaba,Hail to Reason,Cosmah,Understanding,Mountain Flower,Lyphard,Lady Rebecca,Busted,Highclere,Roberto,アラビア,Crafty Prospector,Zienelle,Danzig,Razyana,Double Form,Ash Lawn,Northern Dancer,Pas de Nom,His Majesty,Spring Adieu,Mr. Prospector,Miesque,Alydar,Lassie Dear,Nearctic,Natalma,Bold Reason,Special,Shirley Heights,Delsy,クリスタルパレス,Allara
2023103471,キズナ,ダンスアミーガ,ディープインパクト,キャットクイル,サクラバクシンオー,ダンスオールナイト,サンデーサイレンス,ウインドインハーヘア,Storm Cat,Pacific Princess,サクラユタカオー,サクラハゴロモ,エルコンドルパサー,ダンスパートナー,Halo,Wishing Well,Alzao,Burghclere,Storm Bird,Terlingua,Damascus,Fiji,テスコボーイ,アンジェリカ,ノーザンテースト,クリアアンバー,Kingmambo,サドラーズギャル,サンデーサイレンス,ダンシングキイ,Hail to Reason,Cosmah,Understanding,Mountain Flower,Lyphard,Lady Rebecca,Busted,Highclere,Northern Dancer,South Ocean,Secretariat,Crimson Saint,Sword Dancer,Kerala,Acropolis,Rififi,Princely Gift,Suncourt,ネヴァービート,スターハイネス,Northern Dancer,Lady Victoria,Ambiopoise,One Clear Call,Mr. Prospector,Miesque,Sadler's Wells,Glenveagh,Halo,Wishing Well,Nijinsky,Key Partner
2023107033,レイデオロ,シャンデリアハウス,キングカメハメハ,ラドラーダ,ヴァーミリアン,カーリーエンジェル,Kingmambo,マンファス,シンボリクリスエス,レディブロンド,エルコンドルパサー,スカーレットレディ,ジャッジアンジェルーチ,ダイナカール,Mr. Prospector,Miesque,ラストタイクーン,Pilot Bird,Kris S.,Tee Kay,Seeking the Gold,ウインドインハーヘア,Kingmambo,サドラーズギャル,サンデーサイレンス,スカーレットローズ,Honest Pleasure,Victorian Queen,ノーザンテースト,シャダイフェザー,Raise a Native,Gold Digger,Nureyev,Pasadoble,トライマイベスト,Mill Princess,Blakeney,The Dancer,Roberto,Sharp Queen,Gold Meridian,Tri Argo,Mr. Prospector,Con Game,Alzao,Burghclere,Mr. Prospector,Miesque,Sadler's Wells,Glenveagh,Halo,Wishing Well,ノーザンテースト,スカーレットインク,What a Pleasure,Tularia,Victoria Park,Willowfield,Northern Dancer,Lady Victoria,ガーサント,パロクサイド
2023104597,サトノダイヤモンド,ブライトメッセージ,ディープインパクト,マルペンサ,シンボリクリスエス,エヴリウィスパー,サンデーサイレンス,ウインドインハーヘア,Orpen,Marsella,Kris S.,Tee Kay,ノーザンテースト,クラフテイワイフ,Halo,Wishing Well,Alzao,Burghclere,Lure,Bonita Francita,サザンヘイロー,Riviere,Roberto,Sharp Queen,Gold Meridian,Tri Argo,Northern Dancer,Lady Victoria,Crafty Prospector,Wife Mistress,Hail to Reason,Cosmah,Understanding,Mountain Flower,Lyphard,Lady Rebecca,Busted,Highclere,Danzig,Endear,Devil's Bag,Raise the Standard,Halo,Northern Sea,Logical,Talonada,Hail to Reason,Bramalea,Princequillo,Bridgework,Seattle Slew,Queen Louie,Tri Jet,Hail Proudly,Nearctic,Natalma,Victoria Park,Lady Angela,Mr. Prospector,Real Crafty Lady,Secretariat,Political Payoff
2023105248,レイデオロ,ブリッジクライム,キングカメハメハ,ラドラーダ,ゼンノロブロイ,リーチマイハーバー,Kingmambo,マンファス,シンボリクリスエス,レディブロンド,サンデーサイレンス,ローミンレイチェル,ボストンハーバー,Rezagante,Mr. Prospector,Miesque,ラストタイクーン,Pilot Bird,Kris S.,Tee Kay,Seeking the Gold,ウインドインハーヘア,Halo,Wishing Well,マイニング,One Smart Lady,Capote,Harbor Springs,Practicante,Rezumba,Raise a Native,Gold Digger,Nureyev,Pasadoble,トライマイベスト,Mill Princess,Blakeney,The Dancer,Roberto,Sharp Queen,Gold Meridian,Tri Argo,Mr. Prospector,Con Game,Alzao,Burghclere,Hail to Reason,Cosmah,Understanding,Mountain Flower,Mr. Prospector,I Pass,Clever Trick,Pia's Lady,Seattle Slew,Too Bald,Vice Regent,Tinnitus,Pronto,Extraneza,Resuello,Rumbatica
2023106939,サトノダイヤモンド,オープンウォーター,ディープインパクト,マルペンサ,Include,Biscayne Bay,サンデーサイレンス,ウインドインハーヘア,Orpen,Marsella,Broad Brush,Illeria,A.P. Indy,Flanders,Halo,Wishing Well,Alzao,Burghclere,Lure,Bonita Francita,サザンヘイロー,Riviere,Ack Ack,Hay Patcher,Stop the Music,Baldski's Holiday,Seattle Slew,Weekend Surprise,Seeking the Gold,Starlet Storm,Hail to Reason,Cosmah,Understanding,Mountain Flower,Lyphard,Lady Rebecca,Busted,Highclere,Danzig,Endear,Devil's Bag,Raise the Standard,Halo,Northern Sea,Logical,Talonada,Battle Joined,Fast Turn,Hoist the Flag,Turn to Talent,Hail to Reason,Bebopper,Baldski,Verset Holiday,Bold Reasoning,My Charmer,Secretariat,Lassie Dear,Mr. Prospector,Con Game,Storm Bird,Cinegita
2023106474,ダノンバラード,マイネアルデュール,ディープインパクト,レディバラード,アドマイヤコジーン,コスモハーティネス,サンデーサイレンス,ウインドインハーヘア,Unbridled,Angelic Song,Cozzene,アドマイヤマカディ,タイトスポット,マキノハタ,Halo,Wishing Well,Alzao,Burghclere,Fappiano,Gana Facil,Halo,Ballade,Caro,Ride the Trails,ノーザンテースト,ミセスマカディー,His Majesty,Premium Win,ノーザリー,マキノスガタ,Hail to Reason,Cosmah,Understanding,Mountain Flower,Lyphard,Lady Rebecca,Busted,Highclere,Mr. Prospector,Killaloe,Le Fabuleux,Charedi,Hail to Reason,Cosmah,Herbager,Miss Swapsco,フォルティノ,Chambord,Prince John,Wildwook,Northern Dancer,Lady Victoria,トライバルチーフ,Hanina,Ribot,Flower Bowl,Lyphard,Classic Perfection,Northern Dancer,Politely,カリム,キクノハタ
2023100084,ウインブライト,ブーケドロゼブルー,ステイゴールド,サマーエタニティ,ロージズインメイ,イセノトウショウ,サンデーサイレンス,ゴールデンサッシュ,アドマイヤコジーン,オールフォーゲラン,Devil His Due,Tell a Secret,トウショウボーイ,マルミチーフ,Halo,Wishing Well,ディクタス,ダイナサッシュ,Cozzene,アドマイヤマカディ,ジェイドロバリー,ミスゲラン,Devil's Bag,Plenty O'Toole,Speak John,Secret Retreat,テスコボーイ,ソシアルバターフライ,ビッグディザイアー,トキワアイゼン,Hail to Reason,Cosmah,Understanding,Mountain Flower,Sanctus,Doronic,ノーザンテースト,ロイヤルサッシュ,Caro,Ride the Trails,ノーザンテースト,ミセスマカディー,Mr. Prospector,Number,マルゼンスキー,ゲラン,Halo,Ballade,Raise a Cup,Li'l Puss,Prince John,Nuit de Folies,Clandestine,Retirement,Princely Gift,Suncourt,Your Host,Wisteria,トライバルチーフ,クリアヤメ,キタノカチドキ,トキノマサト
2023106435,ベンバトル,クリスティロマンス,Dubawi,Nahrain,シンボリクリスエス,スターリーロマンス,Dubai Millennium,Zomaradah,Selkirk,Bahr,Kris S.,Tee Kay,サンデーサイレンス,ミルレーサー,Seeking the Gold,Colorado Dancer,Deploy,Jawaher,Sharpen Up,Annie Edge,ジェネラス,Lady of the Sea,Roberto,Sharp Queen,Gold Meridian,Tri Argo,Halo,Wishing Well,Le Fabuleux,Marston's Mill,Mr. Prospector,Con Game,Shareef Dancer,Fall Aspen,Shirley Heights,Slightly Dangerous,ダンシングブレーヴ,High Tern,エタン,Rocchetta,Nebbiolo,Friendly Court,Caerleon,Doff the Derby,Mill Reef,La Mer,Hail to Reason,Bramalea,Princequillo,Bridgework,Seattle Slew,Queen Louie,Tri Jet,Hail Proudly,Hail to Reason,Cosmah,Understanding,Mountain Flower,Wild Risk,Anguar,In Reality,Millicent
2023102619,モーリス,メモリーズ,スクリーンヒーロー,メジロフランシス,ディープインパクト,フレンチリヴィエラ,グラスワンダー,ランニングヒロイン,カーネギー,メジロモントレー,サンデーサイレンス,ウインドインハーヘア,フレンチデピュティ,Actinella,Silver Hawk,Ameriflora,サンデーサイレンス,ダイナアクトレス,Sadler's Wells,Detroit,モガミ,メジロクインシー,Halo,Wishing Well,Alzao,Burghclere,Deputy Minister,Mitterand,Seattle Slew,Aerturas,Roberto,Gris Vitesse,Danzig,Graceful Touch,Halo,Wishing Well,ノーザンテースト,モデルスポート,Northern Dancer,Fairy Bridge,Riverman,Derna,Lyphard,ノーラック,フィディオン,メジロボサツ,Hail to Reason,Cosmah,Understanding,Mountain Flower,Lyphard,Lady Rebecca,Busted,Highclere,Vice Regent,Mint Copy,Hold Your Peace,Laredo Lass,Bold Reasoning,My Charmer,マナード,Amiel
2023102737,ダノンバラード,ポポラリタ,ディープインパクト,レディバラード,ダンカーク,トシザユカ,サンデーサイレンス,ウインドインハーヘア,Unbridled,Angelic Song,Unbridled's Song,Secret Status,タイキシャトル,ソルトレイクブルー,Halo,Wishing Well,Alzao,Burghclere,Fappiano,Gana Facil,Halo,Ballade,Unbridled,Trolley Song,A.P. Indy,Private Status,Devil's Bag,ウェルシュマフィン,デインヒル,ラックオメガー,Hail to Reason,Cosmah,Understanding,Mountain Flower,Lyphard,Lady Rebecca,Busted,Highclere,Mr. Prospector,Killaloe,Le Fabuleux,Charedi,Hail to Reason,Cosmah,Herbager,Miss Swapsco,Fappiano,Gana Facil,Caro,Lucky Spell,Seattle Slew,Weekend Surprise,Alydar,Miss Eva,Halo,Ballade,Caerleon,Muffitys,Danzig,Razyana,トウショウボーイ,ヤマホマレ
2023104485,ゴールドシップ,ゲハイムローゼ,ステイゴールド,ポイントフラッグ,ロージズインメイ,コスモエンドレス,サンデーサイレンス,ゴールデンサッシュ,メジロマックイーン,パストラリズム,Devil His Due,Tell a Secret,スターオブコジーン,マイネエクセル,Halo,Wishing Well,ディクタス,ダイナサッシュ,メジロティターン,メジロオーロラ,プルラリズム,トクノエイティー,Devil's Bag,Plenty O'Toole,Speak John,Secret Retreat,Cozzene,Star Gem,タマモクロス,オカノブルー,Hail to Reason,Cosmah,Understanding,Mountain Flower,Sanctus,Doronic,ノーザンテースト,ロイヤルサッシュ,メジロアサマ,シエリル,リマンド,メジロアイリス,The Minstrel,Cambretta,トライバルチーフ,アイアンルビー,Halo,Ballade,Raise a Cup,Li'l Puss,Prince John,Nuit de Folies,Clandestine,Retirement,Caro,Ride the Trails,Pia Star,Soonerland,シービークロス,グリーンシャトー,ネプテューヌス,ヒンドバース
2023106889,インディチャンプ,ウェイクミーアップ,ステイゴールド,ウィルパワー,ロックオブジブラルタル,Hymn Of The Dawn,サンデーサイレンス,ゴールデンサッシュ,キングカメハメハ,トキオリアリティー,デインヒル,Offshore Boom,Phone Trick,Colonial Debut,Halo,Wishing Well,ディクタス,ダイナサッシュ,Kingmambo,マンファス,Meadowlake,What a Reality,Danzig,Razyana,Be My Guest,Push a Button,Clever Trick,Over the Phone,Pleasant Colony,Kittihawk Miss,Hail to Reason,Cosmah,Understanding,Mountain Flower,Sanctus,Doronic,ノーザンテースト,ロイヤルサッシュ,Mr. Prospector,Miesque,ラストタイクーン,Pilot Bird,Hold Your Peace,Suspicious Native,In Reality,What Will Be,Northern Dancer,Pas de Nom,His Majesty,Spring Adieu,Northern Dancer,What a Treat,Bold Lad,River Lady,Icecapade,Kankakee Miss,Finnegan,Prattle,His Majesty,Sun Colony,Alydar,Kittiwake
2023102292,ダノンプレミアム,ダイストウショウ,ディープインパクト,インディアナギャル,サクラバクシンオー,メイトウショウ,サンデーサイレンス,ウインドインハーヘア,Intikhab,Genial Jenny,サクラユタカオー,サクラハゴロモ,ジェネラス,サマンサトウショウ,Halo,Wishing Well,Alzao,Burghclere,Red Ransom,Crafty Example,デインヒル,Joma Kaanem,テスコボーイ,アンジェリカ,ノーザンテースト,クリアアンバー,Caerleon,Doff the Derby,トウショウボーイ,マーブルトウショウ,Hail to Reason,Cosmah,Understanding,Mountain Flower,Lyphard,Lady Rebecca,Busted,Highclere,Roberto,アラビア,Crafty Prospector,Zienelle,Danzig,Razyana,Double Form,Ash Lawn,Princely Gift,Suncourt,ネヴァービート,スターハイネス,Northern Dancer,Lady Victoria,Ambiopoise,One Clear Call,Nijinsky,Foreseer,Master Derby,Margarethen,テスコボーイ,ソシアルバターフライ,ダンディルート,チヤイナトウショウ
2023104346,レイデオロ,フィリポナ,キングカメハメハ,ラドラーダ,ブラックタイド,キラーグレイシス,Kingmambo,マンファス,シンボリクリスエス,レディブロンド,サンデーサイレンス,ウインドインハーヘア,Congaree,Heatherdoesntbluff,Mr. Prospector,Miesque,ラストタイクーン,Pilot Bird,Kris S.,Tee Kay,Seeking the Gold,ウインドインハーヘア,Halo,Wishing Well,Alzao,Burghclere,アラジ,Mari's Sheba,Old Trieste,Michigan Bluff,Raise a Native,Gold Digger,Nureyev,Pasadoble,トライマイベスト,Mill Princess,Blakeney,The Dancer,Roberto,Sharp Queen,Gold Meridian,Tri Argo,Mr. Prospector,Con Game,Alzao,Burghclere,Hail to Reason,Cosmah,Understanding,Mountain Flower,Lyphard,Lady Rebecca,Busted,Highclere,Blushing Groom,ダンスールファビュルー,Mari's Book,Sheba Little,A.P. Indy,Lovlier Linda,Skywalker,ミドルフォークラピッヅ
2023104443,レイデオロ,クレアドール,キングカメハメハ,ラドラーダ,ハーツクライ,ホワットケイティーディド,Kingmambo,マンファス,シンボリクリスエス,レディブロンド,サンデーサイレンス,アイリッシュダンス,Nureyev,Katies,Mr. Prospector,Miesque,ラストタイクーン,Pilot Bird,Kris S.,Tee Kay,Seeking the Gold,ウインドインハーヘア,Halo,Wishing Well,トニービン,ビューパーダンス,Northern Dancer,Special,ノノアルコ,Mortefontaine,Raise a Native,Gold Digger,Nureyev,Pasadoble,トライマイベスト,Mill Princess,Blakeney,The Dancer,Roberto,Sharp Queen,Gold Meridian,Tri Argo,Mr. Prospector,Con Game,Alzao,Burghclere,Hail to Reason,Cosmah,Understanding,Mountain Flower,カンパラ,Severn Bridge,Lyphard,My Bupers,Nearctic,Natalma,Forli,Thong,Nearctic,Seximee,ポリック,Brabantia
2023107389,キタサンブラック,ライジングクロス,ブラックタイド,シュガーハート,Cape Cross,Woodrising,サンデーサイレンス,ウインドインハーヘア,サクラバクシンオー,オトメゴコロ,Green Desert,Park Appeal,Nomination,Bodham,Halo,Wishing Well,Alzao,Burghclere,サクラユタカオー,サクラハゴロモ,ジャッジアンジェルーチ,テイズリー,Danzig,Foreign Courier,Ahonoora,Balidaress,Dominion,Rivers Maid,Bustino,Cley,Hail to Reason,Cosmah,Understanding,Mountain Flower,Lyphard,Lady Rebecca,Busted,Highclere,テスコボーイ,アンジェリカ,ノーザンテースト,クリアアンバー,Honest Pleasure,Victorian Queen,Lyphard,Tizna,Northern Dancer,Pas de Nom,Sir Ivor,Courtly Dee,Lorenzaccio,Helen Nichols,Balidar,Innocence,Derring-Do,Picture Palace,Rarity,Takette,Busted,Ship Yard,Exbury,Windmill Girl
2023106412,ウインブライト,キーパップ,ステイゴールド,サマーエタニティ,フレンチデピュティ,サルール,サンデーサイレンス,ゴールデンサッシュ,アドマイヤコジーン,オールフォーゲラン,Deputy Minister,Mitterand,サンデーサイレンス,シャルウォーカミーズ,Halo,Wishing Well,ディクタス,ダイナサッシュ,Cozzene,アドマイヤマカディ,ジェイドロバリー,ミスゲラン,Vice Regent,Mint Copy,Hold Your Peace,Laredo Lass,Halo,Wishing Well,Sadler's Wells,Sequel,Hail to Reason,Cosmah,Understanding,Mountain Flower,Sanctus,Doronic,ノーザンテースト,ロイヤルサッシュ,Caro,Ride the Trails,ノーザンテースト,ミセスマカディー,Mr. Prospector,Number,マルゼンスキー,ゲラン,Northern Dancer,Victoria Regina,Bunty's Flight,Shakney,Speak John,Blue Moon,Bold Ruler,Fortunate Isle,Hail to Reason,Cosmah,Understanding,Mountain Flower,Northern Dancer,Fairy Bridge,Law Society,Where You Lead
2023106187,コントレイル,アルティマウェポン,ディープインパクト,ロードクロサイト,ヨハネスブルグ,レインボーアーチ,サンデーサイレンス,ウインドインハーヘア,Unbridled's Song,Folklore,ヘネシー,Myth,アグネスタキオン,エキストラグリーン,Halo,Wishing Well,Alzao,Burghclere,Unbridled,Trolley Song,Tiznow,Contrive,Storm Cat,Island Kitty,オジジアン,Yarn,サンデーサイレンス,アグネスフローラ,リヴリア,ゴールデンテンプル,Hail to Reason,Cosmah,Understanding,Mountain Flower,Lyphard,Lady Rebecca,Busted,Highclere,Fappiano,Gana Facil,Caro,Lucky Spell,Cee's Tizzy,Cee's Song,Storm Cat,Jeano,Storm Bird,Terlingua,Hawaii,T. C. Kitten,Damascus,Gonfalon,Mr. Prospector,Narrate,Halo,Wishing Well,ロイヤルスキー,アグネスレディー,Riverman,Dahlia,Golden Fleece,Calandra
2023106426,ダノンバラード,ヴァニティールールズ,ディープインパクト,レディバラード,New Approach,Miss Pinkerton,サンデーサイレンス,ウインドインハーヘア,Unbridled,Angelic Song,Galileo,Park Express,デインヒル,Rebecca Sharp,Halo,Wishing Well,Alzao,Burghclere,Fappiano,Gana Facil,Halo,Ballade,Sadler's Wells,Urban Sea,Ahonoora,Matcher,Danzig,Razyana,Machiavellian,Nuryana,Hail to Reason,Cosmah,Understanding,Mountain Flower,Lyphard,Lady Rebecca,Busted,Highclere,Mr. Prospector,Killaloe,Le Fabuleux,Charedi,Hail to Reason,Cosmah,Herbager,Miss Swapsco,Northern Dancer,Fairy Bridge,Miswaki,Allegretta,Lorenzaccio,Helen Nichols,Match,Lachine,Northern Dancer,Pas de Nom,His Majesty,Spring Adieu,Mr. Prospector,Coup de Folie,Nureyev,Loralane
2023106969,サトノダイヤモンド,クインアマランサス,ディープインパクト,マルペンサ,キングカメハメハ,ヒカルアマランサス,サンデーサイレンス,ウインドインハーヘア,Orpen,Marsella,Kingmambo,マンファス,アグネスタキオン,スターミー,Halo,Wishing Well,Alzao,Burghclere,Lure,Bonita Francita,サザンヘイロー,Riviere,Mr. Prospector,Miesque,ラストタイクーン,Pilot Bird,サンデーサイレンス,アグネスフローラ,A.P. Indy,Caerlina,Hail to Reason,Cosmah,Understanding,Mountain Flower,Lyphard,Lady Rebecca,Busted,Highclere,Danzig,Endear,Devil's Bag,Raise the Standard,Halo,Northern Sea,Logical,Talonada,Raise a Native,Gold Digger,Nureyev,Pasadoble,トライマイベスト,Mill Princess,Blakeney,The Dancer,Halo,Wishing Well,ロイヤルスキー,アグネスレディー,Seattle Slew,Weekend Surprise,Caerleon,Dinalina
2023107091,サートゥルナーリア,ソーメニーウェイズ,ロードカナロア,シーザリオ,Sightseeing,Happy Scene,キングカメハメハ,レディブラッサム,スペシャルウィーク,キロフプリミエール,Pulpit,Resort,デヒア,リアリーハッピー,Kingmambo,マンファス,Storm Cat,サラトガデュー,サンデーサイレンス,キャンペンガール,Sadler's Wells,Querida,A.P. Indy,Preach,Pleasant Colony,Extravagant Woman,Deputy Minister,Sister Dot,Avenue of Flags,Dear Laura,Mr. Prospector,Miesque,ラストタイクーン,Pilot Bird,Storm Bird,Terlingua,Cormorant,Super Luna,Halo,Wishing Well,マルゼンスキー,レディーシラオキ,Northern Dancer,Fairy Bridge,Habitat,Principia,Seattle Slew,Weekend Surprise,Mr. Prospector,Narrate,His Majesty,Sun Colony,Alydar,Squander,Vice Regent,Mint Copy,Secretariat,Sword Game,Seattle Slew,Beautiful Glass,Youth,Six Months Long
2023100387,ロードカナロア,ハートフル,キングカメハメハ,レディブラッサム,Shamardal,Mad About You,Kingmambo,マンファス,Storm Cat,サラトガデュー,Giant's Causeway,Helsinki,Indian Ridge,Irresistible Jewel,Mr. Prospector,Miesque,ラストタイクーン,Pilot Bird,Storm Bird,Terlingua,Cormorant,Super Luna,Storm Cat,Mariah's Storm,Machiavellian,Helen Street,Ahonoora,Hillbrow,デインヒル,In Anticipation,Raise a Native,Gold Digger,Nureyev,Pasadoble,トライマイベスト,Mill Princess,Blakeney,The Dancer,Northern Dancer,South Ocean,Secretariat,Crimson Saint,His Majesty,Song Sparrow,In Reality,Alada,Storm Bird,Terlingua,Rahy,イメンス,Mr. Prospector,Coup de Folie,Troy,Waterway,Lorenzaccio,Helen Nichols,Swing Easy,Golden City,Danzig,Razyana,Sadler's Wells,Aptostar
2023102477,ヤマカツエース,フラヴィニー,キングカメハメハ,ヤマカツマリリン,キンシャサノキセキ,キッスパシオン,Kingmambo,マンファス,グラスワンダー,イクセプトフォーワンダ,フジキセキ,ケルトシャーン,ジェイドロバリー,レツツキツス,Mr. Prospector,Miesque,ラストタイクーン,Pilot Bird,Silver Hawk,Ameriflora,Tejabo,Unique Gal,サンデーサイレンス,ミルレーサー,Pleasant Colony,Featherhill,Mr. Prospector,Number,Lyphard,Limoya,Raise a Native,Gold Digger,Nureyev,Pasadoble,トライマイベスト,Mill Princess,Blakeney,The Dancer,Roberto,Gris Vitesse,Danzig,Graceful Touch,Deputy Minister,Cutty,Bold Ruckus,Spin to Win,Halo,Wishing Well,Le Fabuleux,Marston's Mill,His Majesty,Sun Colony,Lyphard,Lady Berry,Raise a Native,Gold Digger,Nijinsky,Special,Northern Dancer,Goofed,Riva Ridge,Peronelle
2021104924,エピファネイア,ユッカマウンテン,シンボリクリスエス,シーザリオ,アグネスタキオン,ベガスナイト,Kris S.,Tee Kay,スペシャルウィーク,キロフプリミエール,サンデーサイレンス,アグネスフローラ,コロナドズクエスト,Words of War,Roberto,Sharp Queen,Gold Meridian,Tri Argo,サンデーサイレンス,キャンペンガール,Sadler's Wells,Querida,Halo,Wishing Well,ロイヤルスキー,アグネスレディー,フォーティナイナー,Laughing Look,Lord at War,Right Word,Hail to Reason,Bramalea,Princequillo,Bridgework,Seattle Slew,Queen Louie,Tri Jet,Hail Proudly,Halo,Wishing Well,マルゼンスキー,レディーシラオキ,Northern Dancer,Fairy Bridge,Habitat,Principia,Hail to Reason,Cosmah,Understanding,Mountain Flower,Raja Baba,Coz o'Nijinsky,リマンド,イコマエイカン,Mr. Prospector,File,Damascus,Laughter,General,Luna de Miel,Verbatim,Oratorio
2019101507,ドゥラメンテ,ラヴァリーノ,キングカメハメハ,アドマイヤグルーヴ,Unbridled's Song,Sous Entendu,Kingmambo,マンファス,サンデーサイレンス,エアグルーヴ,Unbridled,Trolley Song,Shadeed,It's in the Air,Mr. Prospector,Miesque,ラストタイクーン,Pilot Bird,Halo,Wishing Well,トニービン,ダイナカール,Fappiano,Gana Facil,Caro,Lucky Spell,Nijinsky,Continual,Mr. Prospector,A Wind Is Rising,Raise a Native,Gold Digger,Nureyev,Pasadoble,トライマイベスト,Mill Princess,Blakeney,The Dancer,Hail to Reason,Cosmah,Understanding,Mountain Flower,カンパラ,Severn Bridge,ノーザンテースト,シャダイフェザー,Mr. Prospector,Killaloe,Le Fabuleux,Charedi,フォルティノ,Chambord,Lucky Mel,Incantation,Northern Dancer,Flaming Page,Damascus,Continuation,Raise a Native,Gold Digger,Francis S.,Queen Nasra
2021104800,ブリックスアンドモルタル,リープオブフェイス,Giant's Causeway,Beyond the Waves,クロフネ,ラバヤデール,Storm Cat,Mariah's Storm,Ocean Crest,Excedent,フレンチデピュティ,ブルーアヴェニュー,サンデーサイレンス,ニキーヤ,Storm Bird,Terlingua,Rahy,イメンス,Storm Bird,S.S.Aroma,Exceller,Broadway Lullaby,Deputy Minister,Mitterand,Classic Go Go,Eliza Blue,Halo,Wishing Well,Nureyev,Reluctant Guest,Northern Dancer,South Ocean,Secretariat,Crimson Saint,Blushing Groom,Glorious Song,Roberto,Imsodear,Northern Dancer,South Ocean,Seattle Slew,Rare Bouquet,Vaguely Noble,Too Bald,Stage Door Johnny,リットルブレツシング,Vice Regent,Mint Copy,Hold Your Peace,Laredo Lass,Pago Pago,Classic Perfection,Icecapade,コレラ,Hail to Reason,Cosmah,Understanding,Mountain Flower,Northern Dancer,Special,Hostage,Vaguely Royal
2021110022,Golden Horn,Entertainment,Cape Cross,Fleche D'Or,Halling,Opera Comique,Green Desert,Park Appeal,Dubai Destination,Nuryana,Diesis,Dance Machine,シングスピール,Grace Note,Danzig,Foreign Courier,Ahonoora,Balidaress,Kingmambo,Mysterial,Nureyev,Loralane,Sharpen Up,Doubly Sure,Green Dancer,Never a Lady,In the Wings,Glorious Song,Top Ville,Val de Grace,Northern Dancer,Pas de Nom,Sir Ivor,Courtly Dee,Lorenzaccio,Helen Nichols,Balidar,Innocence,Mr. Prospector,Miesque,Alleged,Mysteries,Northern Dancer,Special,Habitat,Lora,エタン,Rocchetta,Reliance,Soft Angels,Nijinsky,Green Valley,Pontifex,Camogie,Sadler's Wells,High Hawk,Halo,Ballade,High Top,Sega Ville,Val de Loir,Pearly Queen
2021104667,リオンディーズ,アミカブルナンバー,キングカメハメハ,シーザリオ,ダイワメジャー,ヒシシルバーメイド,Kingmambo,マンファス,スペシャルウィーク,キロフプリミエール,サンデーサイレンス,スカーレットブーケ,Silver Deputy,ヒシアマゾン,Mr. Prospector,Miesque,ラストタイクーン,Pilot Bird,サンデーサイレンス,キャンペンガール,Sadler's Wells,Querida,Halo,Wishing Well,ノーザンテースト,スカーレットインク,Deputy Minister,Silver Valley,Theatrical,Katies,Raise a Native,Gold Digger,Nureyev,Pasadoble,トライマイベスト,Mill Princess,Blakeney,The Dancer,Halo,Wishing Well,マルゼンスキー,レディーシラオキ,Northern Dancer,Fairy Bridge,Habitat,Principia,Hail to Reason,Cosmah,Understanding,Mountain Flower,Northern Dancer,Lady Victoria,Crimson Satan,Consentida,Vice Regent,Mint Copy,Mr. Prospector,Seven Valleys,Nureyev,ツリーオブノレッジ,ノノアルコ,Mortefontaine
2020100046,バゴ,ラリエット,Nashwan,Moonlight's Box,メイショウボーラー,メイショウデンコー,Blushing Groom,Height of Fashion,Nureyev,Coup de Genie,タイキシャトル,ナイスレイズ,ジェイドロバリー,メイショウベローナ,Red God,Runaway Bride,Bustino,Highclere,Northern Dancer,Special,Mr. Prospector,Coup de Folie,Devil's Bag,ウェルシュマフィン,Storm Cat,Nice Tradition,Mr. Prospector,Number,ベルマン,ジユリエツタ,Nasrullah,Spring Run,Wild Risk,Aimee,Busted,Ship Yard,Queen's Hussar,Highlight,Nearctic,Natalma,Forli,Thong,Raise a Native,Gold Digger,Halo,Raise the Standard,Halo,Ballade,Caerleon,Muffitys,Storm Bird,Terlingua,Search Tradition,Nice Dancing,Raise a Native,Gold Digger,Nijinsky,Special,Riverman,Belga,ダイアトム,キタノスガタ
2019104116,コパノリッキー,ソフィアルージュ,ゴールドアリュール,コパノニキータ,クロフネ,ビツキーロイヤル,サンデーサイレンス,ニキーヤ,ティンバーカントリー,ニホンピロローズ,フレンチデピュティ,ブルーアヴェニュー,パラダイスクリーク,ニホンピロビッキー,Halo,Wishing Well,Nureyev,Reluctant Guest,Woodman,Fall Aspen,トニービン,ウェディングブーケ,Deputy Minister,Mitterand,Classic Go Go,Eliza Blue,Irish River,North Of Eden,トウショウボーイ,キヤデスター,Hail to Reason,Cosmah,Understanding,Mountain Flower,Northern Dancer,Special,Hostage,Vaguely Royal,Mr. Prospector,プレイメイト,Pretense,Change Water,カンパラ,Severn Bridge,リアルシャダイ,アリーウイン,Vice Regent,Mint Copy,Hold Your Peace,Laredo Lass,Pago Pago,Classic Perfection,Icecapade,コレラ,Riverman,Irish Star,Northfields,ツリーオブノレッジ,テスコボーイ,ソシアルバターフライ,ラヴァンダン,カデンザゼセカンド
2017106372,ワールドエース,アモーレヴォレ,ディープインパクト,マンデラ,アグネスデジタル,ダンシングハピネス,サンデーサイレンス,ウインドインハーヘア,Acatenango,Mandellicht,Crafty Prospector,Chancey Squaw,ダンスインザダーク,メイショウサチカゼ,Halo,Wishing Well,Alzao,Burghclere,Surumu,Aggravate,Be My Guest,Mandelauge,Mr. Prospector,Real Crafty Lady,Chief's Crown,Allicance,サンデーサイレンス,ダンシングキイ,クリスタルグリッターズ,シアトルダンサー,Hail to Reason,Cosmah,Understanding,Mountain Flower,Lyphard,Lady Rebecca,Busted,Highclere,Literat,Surama,Aggressor,Raven Locks,Northern Dancer,What a Treat,Elektrant,Mandriale,Raise a Native,Gold Digger,In Reality,Princess Roycraft,Danzig,Six Crowns,Alleged,Runaway Bride,Halo,Wishing Well,Nijinsky,Key Partner,Blushing Groom,Tales to Tell,ノーザンアンサー,サイレージ
2019101488,ストロングリターン,クラウンイヴ,シンボリクリスエス,コートアウト,ブラックタイド,ハイフレンドモア,Kris S.,Tee Kay,Smart Strike,アザール,サンデーサイレンス,ウインドインハーヘア,Mt. Livermore,ハイフレンドウォン,Roberto,Sharp Queen,Gold Meridian,Tri Argo,Mr. Prospector,Classy'n Smart,Nijinsky,Smart Heiress,Halo,Wishing Well,Alzao,Burghclere,Blushing Groom,Flama Ardiente,Alydar,Bronze Point,Hail to Reason,Bramalea,Princequillo,Bridgework,Seattle Slew,Queen Louie,Tri Jet,Hail Proudly,Raise a Native,Gold Digger,Smarten,No Class,Northern Dancer,Flaming Page,Vaguely Noble,Smartaire,Hail to Reason,Cosmah,Understanding,Mountain Flower,Lyphard,Lady Rebecca,Busted,Highclere,Red God,Runaway Bride,Crimson Satan,Royal Rafele,Raise a Native,Sweet Tooth,Tobin Bronze,Summer Point
2021100980,シニスターミニスター,セラファン,Old Trieste,Sweet Minister,ベーカバド,システィンチャペル,A.P. Indy,Lovlier Linda,The Prime Minister,Sweet Blue,Cape Cross,Behkara,サンデーサイレンス,サドラーズギャル,Seattle Slew,Weekend Surprise,Vigors,Linda Summers,Deputy Minister,Stick to Beauty,Hurry Up Blue,Sugar Gold,Green Desert,Park Appeal,Kris,Behera,Halo,Wishing Well,Sadler's Wells,Glenveagh,Bold Reasoning,My Charmer,Secretariat,Lassie Dear,Grey Dawn,Relifordie,Crozier,Queenly Gift,Vice Regent,Mint Copy,Illustrious,Hail to Beauty,Mr. Leader,Blue Baroness,Mr. Prospector,Miss Ironside,Danzig,Foreign Courier,Ahonoora,Balidaress,Sharpen Up,Doubly Sure,Mill Reef,Borushka,Hail to Reason,Cosmah,Understanding,Mountain Flower,Northern Dancer,Fairy Bridge,Seattle Slew,Lisadell
2022102039,ヘニーヒューズ,プレトリアン,ヘネシー,Meadow Flyer,キングヘイロー,フォースエネミー,Storm Cat,Island Kitty,Meadowlake,Shortley,ダンシングブレーヴ,グッバイヘイロー,ウォーニング,トリプルマッチ,Storm Bird,Terlingua,Hawaii,T. C. Kitten,Hold Your Peace,Suspicious Native,Hagley,Short Winded,Lyphard,Navajo Princess,Halo,Pound Foolish,Known Fact,Slightly Dangerous,Danzig,Doubles Partner,Northern Dancer,South Ocean,Secretariat,Crimson Saint,Utrillo,Ethane,Tom Cat,Needlebug,Speak John,Blue Moon,Raise a Native,Be Suspicious,Olden Times,Teo Pepi,Harvest Singing,Wild Cloud,Northern Dancer,Goofed,Drone,Olmec,Hail to Reason,Cosmah,Sir Ivor,Squander,In Reality,Tamerett,Roberto,Where You Lead,Northern Dancer,Pas de Nom,Damascus,Fabuleux Jane
2021103502,ドレフォン,ジュリーハーツ,Gio Ponti,Eltimaas,ハーツクライ,ラブジュリエット,Tale of the Cat,Chipeta Springs,Ghostzapper,Najecam,サンデーサイレンス,アイリッシュダンス,フサイチコンコルド,ホッコーオウカ,Storm Cat,Yarn,Alydar,Salt Spring,Awesome Again,Baby Zip,Trempolino,Sue Warner,Halo,Wishing Well,トニービン,ビューパーダンス,Caerleon,バレークイーン,リンドシェーバー,ランズプロント,Storm Bird,Terlingua,Mr. Prospector,Narrate,Raise a Native,Sweet Tooth,Salt Marsh,Jungle Mythologic,Deputy Minister,Primal Force,Relaunch,Thirty Zip,Sharpen Up,Trephine,Forli,Bitty Girl,Hail to Reason,Cosmah,Understanding,Mountain Flower,カンパラ,Severn Bridge,Lyphard,My Bupers,Nijinsky,Foreseer,Sadler's Wells,Sun Princess,Alydar,ベーシイド,プロント,トサモアー
2020106051,トゥザワールド,ディアテイスティー,キングカメハメハ,トゥザヴィクトリー,ジャングルポケット,エヌティミラクル,Kingmambo,マンファス,サンデーサイレンス,フェアリードール,トニービン,ダンスチャーマー,フジキセキ,バラダ,Mr. Prospector,Miesque,ラストタイクーン,Pilot Bird,Halo,Wishing Well,Nureyev,Dream Deal,カンパラ,Severn Bridge,Nureyev,Skillful Joy,サンデーサイレンス,ミルレーサー,Damascus,Courtly Dee,Raise a Native,Gold Digger,Nureyev,Pasadoble,トライマイベスト,Mill Princess,Blakeney,The Dancer,Hail to Reason,Cosmah,Understanding,Mountain Flower,Northern Dancer,Special,Sharpen Up,Likely Exchange,Kalamoun,State Pension,Hornbeam,Priddy Fair,Northern Dancer,Special,Nodouble,Skillful Miss,Halo,Wishing Well,Le Fabuleux,Marston's Mill,Sword Dancer,Kerala,Never Bend,Tulle
2021101533,ドレフォン,ダンツペンダント,Gio Ponti,Eltimaas,オレハマッテルゼ,ノースプリンセス,Tale of the Cat,Chipeta Springs,Ghostzapper,Najecam,サンデーサイレンス,カーリーエンジェル,アジュディケーティング,シーズプリンセス,Storm Cat,Yarn,Alydar,Salt Spring,Awesome Again,Baby Zip,Trempolino,Sue Warner,Halo,Wishing Well,ジャッジアンジェルーチ,ダイナカール,Danzig,Resolver,カコイーシーズ,ユーワキャンディー,Storm Bird,Terlingua,Mr. Prospector,Narrate,Raise a Native,Sweet Tooth,Salt Marsh,Jungle Mythologic,Deputy Minister,Primal Force,Relaunch,Thirty Zip,Sharpen Up,Trephine,Forli,Bitty Girl,Hail to Reason,Cosmah,Understanding,Mountain Flower,Honest Pleasure,Victorian Queen,ノーザンテースト,シャダイフェザー,Northern Dancer,Pas de Nom,Reviewer,Lovely Morning,Alydar,Careless Notion,ロングリート,メイジガルボ
2020102559,ルーラーシップ,シナノネージュ,キングカメハメハ,エアグルーヴ,フレンチデピュティ,コードネーム,Kingmambo,マンファス,トニービン,ダイナカール,Deputy Minister,Mitterand,サンデーサイレンス,トリッキーコード,Mr. Prospector,Miesque,ラストタイクーン,Pilot Bird,カンパラ,Severn Bridge,ノーザンテースト,シャダイフェザー,Vice Regent,Mint Copy,Hold Your Peace,Laredo Lass,Halo,Wishing Well,Lost Code,Dam Clever,Raise a Native,Gold Digger,Nureyev,Pasadoble,トライマイベスト,Mill Princess,Blakeney,The Dancer,Kalamoun,State Pension,Hornbeam,Priddy Fair,Northern Dancer,Lady Victoria,ガーサント,パロクサイド,Northern Dancer,Victoria Regina,Bunty's Flight,Shakney,Speak John,Blue Moon,Bold Ruler,Fortunate Isle,Hail to Reason,Cosmah,Understanding,Mountain Flower,Codex,Loss Or Gain,Damascus,Clever Bird
2021101449,アジアエクスプレス,ララエクレリゼ,ヘニーヒューズ,ランニングボブキャッツ,スペシャルウィーク,ローマンブリッジ,ヘネシー,Meadow Flyer,Running Stag,Backatem,サンデーサイレンス,キャンペンガール,ブライアンズタイム,メインリー,Storm Cat,Island Kitty,Meadowlake,Shortley,Cozzene,Fruhlingstag,Notebook,Deputy's Mistress,Halo,Wishing Well,マルゼンスキー,レディーシラオキ,Roberto,Kelley's Day,Wild Again,Primarily,Storm Bird,Terlingua,Hawaii,T. C. Kitten,Hold Your Peace,Suspicious Native,Hagley,Short Winded,Caro,Ride the Trails,Orsini,Revada,Well Decorated,Mobcap,Deputy Minister,River Crossing,Hail to Reason,Cosmah,Understanding,Mountain Flower,Nijinsky,シル,セントクレスピン,ミスアシヤガワ,Hail to Reason,Bramalea,Graustark,Golden Trail,Icecapade,Bushel-n-Peck,Lord at War,Mostly
2019102341,コパノリッキー,プレゼンスウーマン,ゴールドアリュール,コパノニキータ,サクラローレル,ステファーナ,サンデーサイレンス,ニキーヤ,ティンバーカントリー,ニホンピロローズ,Rainbow Quest,ローラローラ,リアルシャダイ,ダイナコマネチ,Halo,Wishing Well,Nureyev,Reluctant Guest,Woodman,Fall Aspen,トニービン,ウェディングブーケ,Blushing Groom,I Will Follow,Saint Cyrien,Bold Lady,Roberto,Desert Vixen,ノーザンテースト,シャダイリーズン,Hail to Reason,Cosmah,Understanding,Mountain Flower,Northern Dancer,Special,Hostage,Vaguely Royal,Mr. Prospector,プレイメイト,Pretense,Change Water,カンパラ,Severn Bridge,リアルシャダイ,アリーウイン,Red God,Runaway Bride,Herbager,Where You Lead,Luthier,Sevres,ボールドラツド,Tredam,Hail to Reason,Bramalea,In Reality,Desert Trial,Northern Dancer,Lady Victoria,マリーノ,ニアーリーズン
2022105776,リーチザクラウン,キトゥンズグレイス,スペシャルウィーク,クラウンピース,Kitten's Joy,イマーキュレイトキャット,サンデーサイレンス,キャンペンガール,Seattle Slew,クラシッククラウン,El Prado,Kitten's First,Storm Cat,Myhrr,Halo,Wishing Well,マルゼンスキー,レディーシラオキ,Bold Reasoning,My Charmer,Mr. Prospector,Six Crowns,Sadler's Wells,Lady Capulet,Lear Fan,That's My Hon,Storm Bird,Terlingua,Mr. Prospector,Miesque,Hail to Reason,Cosmah,Understanding,Mountain Flower,Nijinsky,シル,セントクレスピン,ミスアシヤガワ,Boldnesian,Reason to Earn,Poker,Fair Charmer,Raise a Native,Gold Digger,Secretariat,Chris Evert,Northern Dancer,Fairy Bridge,Sir Ivor,Cap and Bells,Roberto,Wac,L'Enjoleur,One Lane,Northern Dancer,South Ocean,Secretariat,Crimson Saint,Raise a Native,Gold Digger,Nureyev,Pasadoble
2022105823,ルヴァンスレーヴ,ハルマッタン,シンボリクリスエス,マエストラーレ,マンハッタンカフェ,マチカネハヤテ,Kris S.,Tee Kay,ネオユニヴァース,オータムブリーズ,サンデーサイレンス,サトルチェンジ,サクラバクシンオー,ベルセゾン,Roberto,Sharp Queen,Gold Meridian,Tri Argo,サンデーサイレンス,ポインテッドパス,ティンバーカントリー,セプテンバーソング,Halo,Wishing Well,Law Society,Santa Luciana,サクラユタカオー,サクラハゴロモ,ベリファ,ヴアインゴールド,Hail to Reason,Bramalea,Princequillo,Bridgework,Seattle Slew,Queen Louie,Tri Jet,Hail Proudly,Halo,Wishing Well,Kris,Silken Way,Woodman,Fall Aspen,リアルシャダイ,ダイナフェアリー,Hail to Reason,Cosmah,Understanding,Mountain Flower,Alleged,Bold Bikini,Luciano,Suleika,テスコボーイ,アンジェリカ,ノーザンテースト,クリアアンバー,Lyphard,Belga,Mr. Prospector,Chancy Dance
2022103708,レッドファルクス,ゼロカラノキセキ,スウェプトオーヴァーボード,ベルモット,キンシャサノキセキ,スイートマカロン,エンドスウィープ,Sheer Ice,サンデーサイレンス,レガシーオブストレングス,フジキセキ,ケルトシャーン,Tale of the Cat,Pastel Colour,フォーティナイナー,Broom Dance,Cutlass,Hey Dolly A.,Halo,Wishing Well,Affirmed,Katonka,サンデーサイレンス,ミルレーサー,Pleasant Colony,Featherhill,Storm Cat,Yarn,Distant View,ランセステューズ,Mr. Prospector,File,Dance Spell,Witching Hour,Damascus,Aphonia,Ambehaving,Swift Deal,Hail to Reason,Cosmah,Understanding,Mountain Flower,Exclusive Native,Won't Tell You,Minnesota Mac,Minnetonka,Halo,Wishing Well,Le Fabuleux,Marston's Mill,His Majesty,Sun Colony,Lyphard,Lady Berry,Storm Bird,Terlingua,Mr. Prospector,Narrate,Mr. Prospector,Seven Springs,リィフォー,Enthraller
2022107287,Kitten's Joy,サーレップティシャス,El Prado,Kitten's First,Speightstown,Hooh Why,Sadler's Wells,Lady Capulet,Lear Fan,That's My Hon,Gone West,Silken Cat,Cloud Hopping,Magic Merger,Northern Dancer,Fairy Bridge,Sir Ivor,Cap and Bells,Roberto,Wac,L'Enjoleur,One Lane,Mr. Prospector,Secrettame,Storm Cat,Silken Doll,Mr. Prospector,Skimble,Corporate Report,Wicked Ways,Nearctic,Natalma,Bold Reason,Special,Sir Gaylord,Attica,Tom Fool,Ghazni,Hail to Reason,Bramalea,Lt. Stevens,Belthazar,Buckpasser,Fanfreluche,Prince John,Danger Ahead,Raise a Native,Gold Digger,Secretariat,Tamerett,Storm Bird,Terlingua,Chieftain,Insilca,Raise a Native,Gold Digger,Lyphard,Nimble Folly,Private Account,Ten Cents a Kiss,Devil's Bag,Lien
2022102982,ニューイヤーズデイ,ダブルファンタジー,Street Cry,Justwhistledixie,ジャイアントレッカー,ガーデンローズ,Machiavellian,Helen Street,Dixie Union,General Jeanne,Giant's Causeway,Homewrecker,トニービン,クイーンアドマイヤ,Mr. Prospector,Coup de Folie,Troy,Waterway,Dixieland Band,She's Tops,Honour and Glory,Ahpo Hel,Storm Cat,Mariah's Storm,Buckaroo,Execution,カンパラ,Severn Bridge,サンデーサイレンス,ダンスロマンス,Raise a Native,Gold Digger,Halo,Raise the Standard,Petingo,La Milo,Riverman,Boulevard,Northern Dancer,Mississippi Mud,Capote,She's a Talent,Relaunch,Fair to All,Mr. Leader,Tiy,Storm Bird,Terlingua,Rahy,イメンス,Buckpasser,Stepping High,The Axe,House of Cards,Kalamoun,State Pension,Hornbeam,Priddy Fair,Halo,Wishing Well,Northern Dancer,Blue Tepee
2022104167,ゴールドシップ,プロディジー,ステイゴールド,ポイントフラッグ,ヴィクトワールピサ,ベストオブミー,サンデーサイレンス,ゴールデンサッシュ,メジロマックイーン,パストラリズム,ネオユニヴァース,ホワイトウォーターアフェア,ブライアンズタイム,フラワーアーチ,Halo,Wishing Well,ディクタス,ダイナサッシュ,メジロティターン,メジロオーロラ,プルラリズム,トクノエイティー,サンデーサイレンス,ポインテッドパス,Machiavellian,Much Too Risky,Roberto,Kelley's Day,Nashwan,Forest Flower,Hail to Reason,Cosmah,Understanding,Mountain Flower,Sanctus,Doronic,ノーザンテースト,ロイヤルサッシュ,メジロアサマ,シエリル,リマンド,メジロアイリス,The Minstrel,Cambretta,トライバルチーフ,アイアンルビー,Halo,Wishing Well,Kris,Silken Way,Mr. Prospector,Coup de Folie,Bustino,Short Rations,Hail to Reason,Bramalea,Graustark,Golden Trail,Blushing Groom,Height of Fashion,Green Forest,Leap Lively
2021100660,レイデオロ,サラファン,キングカメハメハ,ラドラーダ,アグネスタキオン,ティリオブストラッフォード,Kingmambo,マンファス,シンボリクリスエス,レディブロンド,サンデーサイレンス,アグネスフローラ,Deputy Minister,Deviltante,Mr. Prospector,Miesque,ラストタイクーン,Pilot Bird,Kris S.,Tee Kay,Seeking the Gold,ウインドインハーヘア,Halo,Wishing Well,ロイヤルスキー,アグネスレディー,Vice Regent,Mint Copy,Devil's Bag,Born a Lady,Raise a Native,Gold Digger,Nureyev,Pasadoble,トライマイベスト,Mill Princess,Blakeney,The Dancer,Roberto,Sharp Queen,Gold Meridian,Tri Argo,Mr. Prospector,Con Game,Alzao,Burghclere,Hail to Reason,Cosmah,Understanding,Mountain Flower,Raja Baba,Coz o'Nijinsky,リマンド,イコマエイカン,Northern Dancer,Victoria Regina,Bunty's Flight,Shakney,Halo,Ballade,Tentam,Natalma
2022103310,フィエールマン,エキナシア,ディープインパクト,リュヌドール,スニッツェル,ニシノマリア,サンデーサイレンス,ウインドインハーヘア,Green Tune,Luth d'Or,Redoute's Choice,Snippets' Lass,Take Me Out,セナリオ,Halo,Wishing Well,Alzao,Burghclere,Green Dancer,Soundings,Noir Et Or,Viole d'Amour,デインヒル,Shantha's Choice,Snippets,Snow Finch,Cure the Blues,White Feather,フォーティナイナー,Recital,Hail to Reason,Cosmah,Understanding,Mountain Flower,Lyphard,Lady Rebecca,Busted,Highclere,Nijinsky,Green Valley,Mr. Prospector,Ocean's Answer,ラインゴールド,Pomme Rose,Luthier,Mandolinette,Danzig,Razyana,Canny Lad,Dancing Show,Lunchtime,Easy Date,Storm Bird,A Realgirl,Stop the Music,Quick Cure,Tom Rolfe,Green Signal,Mr. Prospector,File,Danzig,Dancealot
2022103522,ビーチパトロール,ジュリーハーツ,Lemon Drop Kid,Bashful Bertie,ハーツクライ,ラブジュリエット,Kingmambo,Charming Lassie,Quiet American,Clever Bertie,サンデーサイレンス,アイリッシュダンス,フサイチコンコルド,ホッコーオウカ,Mr. Prospector,Miesque,Seattle Slew,Lassie Dear,Fappiano,Demure,Timeless Native,Clever But Costly,Halo,Wishing Well,トニービン,ビューパーダンス,Caerleon,バレークイーン,リンドシェーバー,ランズプロント,Raise a Native,Gold Digger,Nureyev,Pasadoble,Bold Reasoning,My Charmer,Buckpasser,Gay Missile,Mr. Prospector,Killaloe,Dr. Fager,Quiet Charm,Timeless Moment,Head Off,Clever Trick,Swoonlow,Hail to Reason,Cosmah,Understanding,Mountain Flower,カンパラ,Severn Bridge,Lyphard,My Bupers,Nijinsky,Foreseer,Sadler's Wells,Sun Princess,Alydar,ベーシイド,プロント,トサモアー
2022105777,レイデオロ,キャットコイン,キングカメハメハ,ラドラーダ,ステイゴールド,ストレイキャット,Kingmambo,マンファス,シンボリクリスエス,レディブロンド,サンデーサイレンス,ゴールデンサッシュ,Storm Cat,ローミンレイチェル,Mr. Prospector,Miesque,ラストタイクーン,Pilot Bird,Kris S.,Tee Kay,Seeking the Gold,ウインドインハーヘア,Halo,Wishing Well,ディクタス,ダイナサッシュ,Storm Bird,Terlingua,マイニング,One Smart Lady,Raise a Native,Gold Digger,Nureyev,Pasadoble,トライマイベスト,Mill Princess,Blakeney,The Dancer,Roberto,Sharp Queen,Gold Meridian,Tri Argo,Mr. Prospector,Con Game,Alzao,Burghclere,Hail to Reason,Cosmah,Understanding,Mountain Flower,Sanctus,Doronic,ノーザンテースト,ロイヤルサッシュ,Northern Dancer,South Ocean,Secretariat,Crimson Saint,Mr. Prospector,I Pass,Clever Trick,Pia's Lady
2019104928,スピルバーグ,ミルシャイナー,ディープインパクト,プリンセスオリビア,シンボリクリスエス,ミルレーサー,サンデーサイレンス,ウインドインハーヘア,Lycius,Dance Image,Kris S.,Tee Kay,Le Fabuleux,Marston's Mill,Halo,Wishing Well,Alzao,Burghclere,Mr. Prospector,Lypatia,Sadler's Wells,Diamond Spring,Roberto,Sharp Queen,Gold Meridian,Tri Argo,Wild Risk,Anguar,In Reality,Millicent,Hail to Reason,Cosmah,Understanding,Mountain Flower,Lyphard,Lady Rebecca,Busted,Highclere,Raise a Native,Gold Digger,Lyphard,Hypatia,Northern Dancer,Fairy Bridge,Vaguely Noble,Dumfries,Hail to Reason,Bramalea,Princequillo,Bridgework,Seattle Slew,Queen Louie,Tri Jet,Hail Proudly,Rialto,Wild Violet,Verso,La Rochelle,Intentionally,My Dear Girl,Cornish Prince,Milan Mill
2020101258,ダノンバラード,オピニオン,ディープインパクト,レディバラード,アイルハヴアナザー,アドマイヤオンリー,サンデーサイレンス,ウインドインハーヘア,Unbridled,Angelic Song,Flower Alley,Arch's Gal Edith,クロフネ,トウカイステラ,Halo,Wishing Well,Alzao,Burghclere,Fappiano,Gana Facil,Halo,Ballade,Distorted Humor,プリンセスオリビア,Arch,Force Five Gal,フレンチデピュティ,ブルーアヴェニュー,トウカイテイオー,ツジノダイアナ,Hail to Reason,Cosmah,Understanding,Mountain Flower,Lyphard,Lady Rebecca,Busted,Highclere,Mr. Prospector,Killaloe,Le Fabuleux,Charedi,Hail to Reason,Cosmah,Herbager,Miss Swapsco,フォーティナイナー,Danzig's Beauty,Lycius,Dance Image,Kris S.,Aurora,Pleasant Tap,Last Cause,Deputy Minister,Mitterand,Classic Go Go,Eliza Blue,シンボリルドルフ,トウカイナチュラル,マグニテュード,テツノアーク
2020105809,ゴールドシップ,ラッフォルツァート,ステイゴールド,ポイントフラッグ,グラスワンダー,コスモベル,サンデーサイレンス,ゴールデンサッシュ,メジロマックイーン,パストラリズム,Silver Hawk,Ameriflora,Formal Dinner,Blue Sword,Halo,Wishing Well,ディクタス,ダイナサッシュ,メジロティターン,メジロオーロラ,プルラリズム,トクノエイティー,Roberto,Gris Vitesse,Danzig,Graceful Touch,Well Decorated,Fantastic Flyer,Crusader Sword,Blues Gal,Hail to Reason,Cosmah,Understanding,Mountain Flower,Sanctus,Doronic,ノーザンテースト,ロイヤルサッシュ,メジロアサマ,シエリル,リマンド,メジロアイリス,The Minstrel,Cambretta,トライバルチーフ,アイアンルビー,Hail to Reason,Bramalea,Amerigo,Matchiche,Northern Dancer,Pas de Nom,His Majesty,Pi Phi Gal,Raja Baba,Paris Breeze,Hoist the Flag,Bold Princess,Damascus,Copernica,Lt. Stevens,Basie Blues
2020100678,モーリス,シャブリ,スクリーンヒーロー,メジロフランシス,ディープインパクト,スカイノダン,グラスワンダー,ランニングヒロイン,カーネギー,メジロモントレー,サンデーサイレンス,ウインドインハーヘア,サクラバクシンオー,シビル,Silver Hawk,Ameriflora,サンデーサイレンス,ダイナアクトレス,Sadler's Wells,Detroit,モガミ,メジロクインシー,Halo,Wishing Well,Alzao,Burghclere,サクラユタカオー,サクラハゴロモ,Wild Again,シャロン,Roberto,Gris Vitesse,Danzig,Graceful Touch,Halo,Wishing Well,ノーザンテースト,モデルスポート,Northern Dancer,Fairy Bridge,Riverman,Derna,Lyphard,ノーラック,フィディオン,メジロボサツ,Hail to Reason,Cosmah,Understanding,Mountain Flower,Lyphard,Lady Rebecca,Busted,Highclere,テスコボーイ,アンジェリカ,ノーザンテースト,クリアアンバー,Icecapade,Bushel-n-Peck,Mo Exception,Double Wiggle
2020104285,ビッグアーサー,オービーレディー,サクラバクシンオー,シヤボナ,コマンダーインチーフ,デュークソブリン,サクラユタカオー,サクラハゴロモ,Kingmambo,Relish,ダンシングブレーヴ,Slightly Dangerous,ダイタクヘリオス,ソブリンテスコ,テスコボーイ,アンジェリカ,ノーザンテースト,クリアアンバー,Mr. Prospector,Miesque,Sadler's Wells,Reloy,Lyphard,Navajo Princess,Roberto,Where You Lead,ビゼンニシキ,ネヴアーイチバン,テスコボーイ,サクラビクトリー,Princely Gift,Suncourt,ネヴァービート,スターハイネス,Northern Dancer,Lady Victoria,Ambiopoise,One Clear Call,Raise a Native,Gold Digger,Nureyev,Pasadoble,Northern Dancer,Fairy Bridge,Liloy,Rescousse,Northern Dancer,Goofed,Drone,Olmec,Hail to Reason,Bramalea,Raise a Native,Noblesse,ダンディルート,ベニバナビゼン,ネヴァービート,ミスナンバイチバン,Princely Gift,Suncourt,シーホーク,スワンズウッドグローヴ
2021110078,Kingman,ヌーヴォレコルト,Invincible Spirit,Zenda,ハーツクライ,オメガスピリット,Green Desert,Rafha,Zamindar,Hope,サンデーサイレンス,アイリッシュダンス,スピニングワールド,ファーガーズプロスペクト,Danzig,Foreign Courier,Kris,Eljazzi,Gone West,Zaizafon,ダンシングブレーヴ,Bahamian,Halo,Wishing Well,トニービン,ビューパーダンス,Nureyev,Imperfect Circle,Chief's Crown,Fager's Glory,Northern Dancer,Pas de Nom,Sir Ivor,Courtly Dee,Sharpen Up,Doubly Sure,アーテイアス,Border Bounty,Mr. Prospector,Secrettame,The Minstrel,Mofida,Lyphard,Navajo Princess,Mill Reef,Sorbus,Hail to Reason,Cosmah,Understanding,Mountain Flower,カンパラ,Severn Bridge,Lyphard,My Bupers,Northern Dancer,Special,Riverman,Aviance,Danzig,Six Crowns,Mr. Prospector,Street's Glory
2020105203,スクリーンヒーロー,コスモクリスタル,グラスワンダー,ランニングヒロイン,マイネルラヴ,クリスチャンネーム,Silver Hawk,Ameriflora,サンデーサイレンス,ダイナアクトレス,Seeking the Gold,Heart of Joy,Cadeaux Genereux,Colorvista,Roberto,Gris Vitesse,Danzig,Graceful Touch,Halo,Wishing Well,ノーザンテースト,モデルスポート,Mr. Prospector,Con Game,リィフォー,Mythographer,Young Generation,Smarten Up,Shirley Heights,Reprocolor,Hail to Reason,Bramalea,Amerigo,Matchiche,Northern Dancer,Pas de Nom,His Majesty,Pi Phi Gal,Hail to Reason,Cosmah,Understanding,Mountain Flower,Northern Dancer,Lady Victoria,モデルフール,マジックゴデイス,Raise a Native,Gold Digger,Buckpasser,Broadway,Lyphard,Klaizia,Secretariat,Arachne,Balidar,Brig O'Doon,Sharpen Up,L'Anguissola,Mill Reef,Hardiemma,Jimmy Reppin,Blue Queen
2021102670,イスラボニータ,アイカギ,フジキセキ,イスラコジーン,ファンタスティックライト,イシノアパトゥーラ,サンデーサイレンス,ミルレーサー,Cozzene,Isla Mujeres,Rahy,Jood,ウォーニング,リヴァーガール,Halo,Wishing Well,Le Fabuleux,Marston's Mill,Caro,Ride the Trails,Crafty Prospector,Lido Isle,Blushing Groom,Glorious Song,Nijinsky,Kamar,Known Fact,Slightly Dangerous,リヴリア,エルプス,Hail to Reason,Cosmah,Understanding,Mountain Flower,Wild Risk,Anguar,In Reality,Millicent,フォルティノ,Chambord,Prince John,Wildwook,Mr. Prospector,Real Crafty Lady,Far North,She Is Gorgeous,Red God,Runaway Bride,Halo,Ballade,Northern Dancer,Flaming Page,Key to the Mint,Square Angel,In Reality,Tamerett,Roberto,Where You Lead,Riverman,Dahlia,マグニテュード,ホクエイリボン
2020102140,ディスクリートキャット,フォーミー,Forestry,Pretty Discreet,アドマイヤマックス,アンファテュエ,Storm Cat,Shared Interest,Private Account,Pretty Persuasive,サンデーサイレンス,ダイナシュート,マルゼンスキー,バンビファバー,Storm Bird,Terlingua,Pleasant Colony,Surgery,Damascus,Numbered Account,Believe It,Bury the Hatchet,Halo,Wishing Well,ノーザンテースト,シヤダイマイン,Nijinsky,シル,ファバージ,スイートボルガ,Northern Dancer,South Ocean,Secretariat,Crimson Saint,His Majesty,Sun Colony,Dr. Fager,Bold Sequence,Sword Dancer,Kerala,Buckpasser,Intriguing,In Reality,Breakfast Bell,Tom Rolfe,Christmas Whishes,Hail to Reason,Cosmah,Understanding,Mountain Flower,Northern Dancer,Lady Victoria,ヒッティングアウェー,ファンシミン,Northern Dancer,Flaming Page,Buckpasser,Quill,Princely Gift,Spring Offensive,バーボンプリンス,スイフトクイン
2018110149,スニッツェル,River Serenade,Redoute's Choice,Snippets' Lass,Hurricane Sky,Ride The Rapids,デインヒル,Shantha's Choice,Snippets,Snow Finch,Star Watch,Dancing Show,River Rough,Kilmarie,Danzig,Razyana,Canny Lad,Dancing Show,Lunchtime,Easy Date,Storm Bird,A Realgirl,Bletchingly,Light Of Peace,Nijinsky,Show Lady,Brigand,Romantic Glory,Bletchingly,Sheeaun,Northern Dancer,Pas de Nom,His Majesty,Spring Adieu,Bletchingly,Jesmond Lass,Nijinsky,Show Lady,Silly Season,Great Occasion,Grand Chaudiere,Scampering,Northern Dancer,South Ocean,In Reality,Secret Verdict,Biscay,Coogee,Light Wind,Flag Of Peace,Northern Dancer,Flaming Page,Sir Ivor,Best in Show,Noholme,Lady Sybil,Romantic,Snow Glory,Biscay,Coogee,Continuation,Sliprullah
2021110003,No Nay Never,キャントバイミーラヴ,Scat Daddy,Cat's Eye Witness,War Front,Together,ヨハネスブルグ,Love Style,Elusive Quality,Comical Cat,Danzig,Starry Dreamer,Galileo,Shadow Song,ヘネシー,Myth,Mr. Prospector,Likeable Style,Gone West,Touch of Greatness,Exceller,Six Months Long,Northern Dancer,Pas de Nom,Rubiano,Lara's Star,Sadler's Wells,Urban Sea,Pennekamp,イブニングエアー,Storm Cat,Island Kitty,オジジアン,Yarn,Raise a Native,Gold Digger,Nijinsky,Personable Lady,Mr. Prospector,Secrettame,Hero's Honor,Ivory Wand,Vaguely Noble,Too Bald,Northern Dancer,Prime Time,Nearctic,Natalma,Admiral's Voyage,Petitioner,Fappiano,Ruby Slippers,Forli,True Reality,Northern Dancer,Fairy Bridge,Miswaki,Allegretta,Bering,Coral Dance,J.O. Tobin,Nellie Forbes
2022110014,Blue Point,Euthenia,Shamardal,Scarlett Rose,Winker Watson,Funny Girl,Giant's Causeway,Helsinki,Royal Applause,Billie Blue,Piccolo,Bonica,Darshaan,Just for Fun,Storm Cat,Mariah's Storm,Machiavellian,Helen Street,ワージブ,Flying Melody,Ballad Rock,Blue Nose,ウォーニング,Woodwind,ルション,Flaming Rose,Shirley Heights,Delsy,Lead On Time,Audition,Storm Bird,Terlingua,Rahy,イメンス,Mr. Prospector,Coup de Folie,Troy,Waterway,トライマイベスト,Coryana,Auction Ring,Whispering Star,Bold Lad,True Rocket,Windjammer,Hill Slipper,Known Fact,Slightly Dangerous,ホイスリングウインド,Garden Green,Riverman,ベルドリーヌ,Upper Nile,Papamiento,Mill Reef,Hardiemma,Abdos,Kelty,Nureyev,Alathea,Dara Monarch,Autocratic
2020105365,ディーマジェスティ,タカラジェニファ,ディープインパクト,エルメスティアラ,ヨハネスブルグ,ホワイトピクシイ,サンデーサイレンス,ウインドインハーヘア,ブライアンズタイム,シンコウエルメス,ヘネシー,Myth,ホワイトマズル,ダイナコマネチ,Halo,Wishing Well,Alzao,Burghclere,Roberto,Kelley's Day,Sadler's Wells,Doff the Derby,Storm Cat,Island Kitty,オジジアン,Yarn,ダンシングブレーヴ,Fair of the Furze,ノーザンテースト,シャダイリーズン,Hail to Reason,Cosmah,Understanding,Mountain Flower,Lyphard,Lady Rebecca,Busted,Highclere,Hail to Reason,Bramalea,Graustark,Golden Trail,Northern Dancer,Fairy Bridge,Master Derby,Margarethen,Storm Bird,Terlingua,Hawaii,T. C. Kitten,Damascus,Gonfalon,Mr. Prospector,Narrate,Lyphard,Navajo Princess,Ela-Mana-Mou,Autocratic,Northern Dancer,Lady Victoria,マリーノ,ニアーリーズン
2020101992,アメリカンペイトリオット,ビクトリーチャンス,War Front,Life Well Lived,ステイゴールド,キタサンバースデー,Danzig,Starry Dreamer,Tiznow,Well Dressed,サンデーサイレンス,ゴールデンサッシュ,マリエンバード,ダンスチャーマー,Northern Dancer,Pas de Nom,Rubiano,Lara's Star,Cee's Tizzy,Cee's Song,Notebook,Trithenia,Halo,Wishing Well,ディクタス,ダイナサッシュ,Caerleon,マリエンバド,Nureyev,Skillful Joy,Nearctic,Natalma,Admiral's Voyage,Petitioner,Fappiano,Ruby Slippers,Forli,True Reality,Relaunch,テイズリー,Seattle Song,Lonely Dancer,Well Decorated,Mobcap,Gold Meridian,Tri Argo,Hail to Reason,Cosmah,Understanding,Mountain Flower,Sanctus,Doronic,ノーザンテースト,ロイヤルサッシュ,Nijinsky,Foreseer,Darshaan,Marie de Fontenoy,Northern Dancer,Special,Nodouble,Skillful Miss
2021100792,ビッグアーサー,ラスパジャサーダス,サクラバクシンオー,シヤボナ,スウェプトオーヴァーボード,ハケイマ,サクラユタカオー,サクラハゴロモ,Kingmambo,Relish,エンドスウィープ,Sheer Ice,Gone West,United Kingdom,テスコボーイ,アンジェリカ,ノーザンテースト,クリアアンバー,Mr. Prospector,Miesque,Sadler's Wells,Reloy,フォーティナイナー,Broom Dance,Cutlass,Hey Dolly A.,Mr. Prospector,Secrettame,Danzig,Unite,Princely Gift,Suncourt,ネヴァービート,スターハイネス,Northern Dancer,Lady Victoria,Ambiopoise,One Clear Call,Raise a Native,Gold Digger,Nureyev,Pasadoble,Northern Dancer,Fairy Bridge,Liloy,Rescousse,Mr. Prospector,File,Dance Spell,Witching Hour,Damascus,Aphonia,Ambehaving,Swift Deal,Raise a Native,Gold Digger,Secretariat,Tamerett,Northern Dancer,Pas de Nom,Kris,Pro Patria
2018103926,ダイワメジャー,プリンセスオブザスターズ,サンデーサイレンス,スカーレットブーケ,Sea The Stars Sea the Stars,Wadud,Halo,Wishing Well,ノーザンテースト,スカーレットインク,Cape Cross,Urban Sea,Nashwan,The Perfect Life,Hail to Reason,Cosmah,Understanding,Mountain Flower,Northern Dancer,Lady Victoria,Crimson Satan,Consentida,Green Desert,Park Appeal,Miswaki,Allegretta,Blushing Groom,Height of Fashion,トライマイベスト,Mill Princess,Turn-to,Nothirdchance,Cosmic Bomb,Almahmoud,Promised Land,Pretty Ways,Montparnasse,Edelweiss,Nearctic,Natalma,Victoria Park,Lady Angela,Spy Song,Papila,Beau Max,La Menina,Danzig,Foreign Courier,Ahonoora,Balidaress,Mr. Prospector,Hopespringseternal,Lombard,Anatevka,Red God,Runaway Bride,Bustino,Highclere,Northern Dancer,Sex Appeal,Mill Reef,Irish Lass
2019106739,ドゥラメンテ,スターズインハーアイズ,キングカメハメハ,アドマイヤグルーヴ,Woodman,ウインドインハーヘア,Kingmambo,マンファス,サンデーサイレンス,エアグルーヴ,Mr. Prospector,プレイメイト,Alzao,Burghclere,Mr. Prospector,Miesque,ラストタイクーン,Pilot Bird,Halo,Wishing Well,トニービン,ダイナカール,Raise a Native,Gold Digger,Buckpasser,Intriguing,Lyphard,Lady Rebecca,Busted,Highclere,Raise a Native,Gold Digger,Nureyev,Pasadoble,トライマイベスト,Mill Princess,Blakeney,The Dancer,Hail to Reason,Cosmah,Understanding,Mountain Flower,カンパラ,Severn Bridge,ノーザンテースト,シャダイフェザー,Native Dancer,Raise You,Nashua,Sequence,Tom Fool,Busanda,Swaps,Glamour,Northern Dancer,Goofed,Sir Ivor,Pocahontas,Crepello,Sans le Sou,Queen's Hussar,Highlight
2020104203,ロードカナロア,サイレントソニック,キングカメハメハ,レディブラッサム,ディープインパクト,ムーンライトガーデンズ,Kingmambo,マンファス,Storm Cat,サラトガデュー,サンデーサイレンス,ウインドインハーヘア,Unbridled's Song,Bee My Vision,Mr. Prospector,Miesque,ラストタイクーン,Pilot Bird,Storm Bird,Terlingua,Cormorant,Super Luna,Halo,Wishing Well,Alzao,Burghclere,Unbridled,Trolley Song,Silver Ghost,Nifty Fifty,Raise a Native,Gold Digger,Nureyev,Pasadoble,トライマイベスト,Mill Princess,Blakeney,The Dancer,Northern Dancer,South Ocean,Secretariat,Crimson Saint,His Majesty,Song Sparrow,In Reality,Alada,Hail to Reason,Cosmah,Understanding,Mountain Flower,Lyphard,Lady Rebecca,Busted,Highclere,Fappiano,Gana Facil,Caro,Lucky Spell,Mr. Prospector,Misty Gallore,Honey Jay,Illgotten Gains
2021101576,デクラレーションオブウォー,カレンステイシー,War Front,Tempo West,アドマイヤジャパン,カレンママ,Danzig,Starry Dreamer,Rahy,Tempo,サンデーサイレンス,ビワハイジ,エンドスウィープ,アズウィロー,Northern Dancer,Pas de Nom,Rubiano,Lara's Star,Blushing Groom,Glorious Song,Gone West,Terpsichorist,Halo,Wishing Well,Caerleon,アグサン,フォーティナイナー,Broom Dance,Alwasmi,Willow Flight,Nearctic,Natalma,Admiral's Voyage,Petitioner,Fappiano,Ruby Slippers,Forli,True Reality,Red God,Runaway Bride,Halo,Ballade,Mr. Prospector,Secrettame,Nijinsky,Glad Rags,Hail to Reason,Cosmah,Understanding,Mountain Flower,Nijinsky,Foreseer,Lord Gayle,Santa Luciana,Mr. Prospector,File,Dance Spell,Witching Hour,Northern Dancer,Height of Fashion,Lend Lease,Calico Flight
2020102299,ファインニードル,ハートノイヤリング,アドマイヤムーン,ニードルクラフト,ハーツクライ,サワヤカプリンセス,エンドスウィープ,マイケイティーズ,Mark of Esteem,Sharp Point,サンデーサイレンス,アイリッシュダンス,ノーザンテースト,スコッチプリンセス,フォーティナイナー,Broom Dance,サンデーサイレンス,ケイティーズファースト,Darshaan,Homage,ロイヤルアカデミー,Nice Point,Halo,Wishing Well,トニービン,ビューパーダンス,Northern Dancer,Lady Victoria,Creme dela Creme,Meadow Saffron,Mr. Prospector,File,Dance Spell,Witching Hour,Halo,Wishing Well,Kris,Katies,Shirley Heights,Delsy,Ajdal,Home Love,Nijinsky,Crimson Saint,Sharpen Up,Alpine Niece,Hail to Reason,Cosmah,Understanding,Mountain Flower,カンパラ,Severn Bridge,Lyphard,My Bupers,Nearctic,Natalma,Victoria Park,Lady Angela,Olympia,Judy Rullah,High Perch,Meadow Music
2021103595,タリスマニック,タマモペンライト,Medaglia d'Oro,Magic Mission,ブラックタイド,チャームライト,El Prado,Cappucino Bay,Machiavellian,Dream Ticket,サンデーサイレンス,ウインドインハーヘア,ワイルドラッシュ,ジャビラバ,Sadler's Wells,Lady Capulet,Bailjumper,Dubbed In,Mr. Prospector,Coup de Folie,Danzig,Capo Di Monte,Halo,Wishing Well,Alzao,Burghclere,Wild Again,Rose Park,Majestic Light,コマーズ,Northern Dancer,Fairy Bridge,Sir Ivor,Cap and Bells,Damascus,Court Circuit,Silent Screen,Society Singer,Raise a Native,Gold Digger,Halo,Raise the Standard,Northern Dancer,Pas de Nom,Final Straw,Burghclere,Hail to Reason,Cosmah,Understanding,Mountain Flower,Lyphard,Lady Rebecca,Busted,Highclere,Icecapade,Bushel-n-Peck,Plugged Nickle,Hardship,Majestic Prince,Irradiate,Danzig,ミドルマーチ
2022105242,ジャスタウェイ,ヴィクトリアマンボ,ハーツクライ,シビル,ヴィクトワールピサ,マンボスルー,サンデーサイレンス,アイリッシュダンス,Wild Again,シャロン,ネオユニヴァース,ホワイトウォーターアフェア,Kingmambo,Slew Boyera,Halo,Wishing Well,トニービン,ビューパーダンス,Icecapade,Bushel-n-Peck,Mo Exception,Double Wiggle,サンデーサイレンス,ポインテッドパス,Machiavellian,Much Too Risky,Mr. Prospector,Miesque,Seattle Slew,Boyera,Hail to Reason,Cosmah,Understanding,Mountain Flower,カンパラ,Severn Bridge,Lyphard,My Bupers,Nearctic,Shenanigans,Khaled,Dama,Hard Work,With Exception,Sir Wiggle,Blue Double,Halo,Wishing Well,Kris,Silken Way,Mr. Prospector,Coup de Folie,Bustino,Short Rations,Raise a Native,Gold Digger,Nureyev,Pasadoble,Bold Reasoning,My Charmer,Pastiche,Braulia
2022103577,ジャスタウェイ,ラズールリッキー,ハーツクライ,シビル,スタチューオブリバティ,コリンズグラス,サンデーサイレンス,アイリッシュダンス,Wild Again,シャロン,Storm Cat,Charming Lassie,グラスワンダー,ユキミザケ,Halo,Wishing Well,トニービン,ビューパーダンス,Icecapade,Bushel-n-Peck,Mo Exception,Double Wiggle,Storm Bird,Terlingua,Seattle Slew,Lassie Dear,Silver Hawk,Ameriflora,アレミロード,サムライクイーン,Hail to Reason,Cosmah,Understanding,Mountain Flower,カンパラ,Severn Bridge,Lyphard,My Bupers,Nearctic,Shenanigans,Khaled,Dama,Hard Work,With Exception,Sir Wiggle,Blue Double,Northern Dancer,South Ocean,Secretariat,Crimson Saint,Bold Reasoning,My Charmer,Buckpasser,Gay Missile,Roberto,Gris Vitesse,Danzig,Graceful Touch,Tom Rolfe,Why Me Lord,Wajima,Our Lady Queen
2022106011,ディーマジェスティ,クニコチャン,ディープインパクト,エルメスティアラ,ゴールドアリュール,クバター,サンデーサイレンス,ウインドインハーヘア,ブライアンズタイム,シンコウエルメス,サンデーサイレンス,ニキーヤ,De Ramiro,Golden Relic,Halo,Wishing Well,Alzao,Burghclere,Roberto,Kelley's Day,Sadler's Wells,Doff the Derby,Halo,Wishing Well,Nureyev,Reluctant Guest,Kasteel,Cassel,Relko,Golden Girdle,Hail to Reason,Cosmah,Understanding,Mountain Flower,Lyphard,Lady Rebecca,Busted,Highclere,Hail to Reason,Bramalea,Graustark,Golden Trail,Northern Dancer,Fairy Bridge,Master Derby,Margarethen,Hail to Reason,Cosmah,Understanding,Mountain Flower,Northern Dancer,Special,Hostage,Vaguely Royal,King of the Castle,Esme,Irmak,Tabea,Tanerko,Relance,Ballymoss,Chaste and Fair
2020105525,シルバーステート,コウザンティアラ,ディープインパクト,シルヴァースカヤ,サウスヴィグラス,ツクバノーブル,サンデーサイレンス,ウインドインハーヘア,Silver Hawk,Boubskaia,エンドスウィープ,ダーケストスター,アサティス,ハンキダイヤ,Halo,Wishing Well,Alzao,Burghclere,Roberto,Gris Vitesse,Niniski,Frenetique,フォーティナイナー,Broom Dance,Star de Naskra,Minnie Riperton,Topsider,Secret Asset,ヴェンチア,ホンマルクイン,Hail to Reason,Cosmah,Understanding,Mountain Flower,Lyphard,Lady Rebecca,Busted,Highclere,Hail to Reason,Bramalea,Amerigo,Matchiche,Nijinsky,Virginia Hills,Tyrant,Femina,Mr. Prospector,File,Dance Spell,Witching Hour,Naskra,Candle Star,Cornish Prince,English Harbor,Northern Dancer,Drumtop,Graustark,Numbered Account,Relic,Rose O'Lynn,ソロナウェー,クリゾノ
2020100617,バトルプラン,ティンタジェル,エンパイアメーカー,Flanders,キングカメハメハ,メジロシェダー,Unbridled,Toussaud,Seeking the Gold,Starlet Storm,Kingmambo,マンファス,アグネスタキオン,ニーニャデガルチ,Fappiano,Gana Facil,El Gran Senor,Image of Reality,Mr. Prospector,Con Game,Storm Bird,Cinegita,Mr. Prospector,Miesque,ラストタイクーン,Pilot Bird,サンデーサイレンス,アグネスフローラ,Gulch,Diva's Debut,Mr. Prospector,Killaloe,Le Fabuleux,Charedi,Northern Dancer,Sex Appeal,In Reality,Edee's Image,Raise a Native,Gold Digger,Buckpasser,Broadway,Northern Dancer,South Ocean,Secretariat,Wanika,Raise a Native,Gold Digger,Nureyev,Pasadoble,トライマイベスト,Mill Princess,Blakeney,The Dancer,Halo,Wishing Well,ロイヤルスキー,アグネスレディー,Mr. Prospector,Jameela,Deputy Minister,Prima Maria
2021103720,ダノンレジェンド,ゴールドフェスタ,Macho Uno,マイグッドネス,Medaglia d'Oro,フェスティバル,Holy Bull,Primal Force,Storm Cat,Caressing,El Prado,Cappucino Bay,アサティス,ノースケープ,Great Above,Sharon Brown,Blushing Groom,Prime Prospect,Storm Bird,Terlingua,Honour and Glory,Lovin Touch,Sadler's Wells,Lady Capulet,Bailjumper,Dubbed In,Topsider,Secret Asset,クラウンドプリンス,イーグランド,Minnesota Mac,Ta Wee,Al Hattab,Agathea's Dawn,Red God,Runaway Bride,Mr. Prospector,Square Generation,Northern Dancer,South Ocean,Secretariat,Crimson Saint,Relaunch,Fair to All,Majestic Prince,Forest Princess,Northern Dancer,Fairy Bridge,Sir Ivor,Cap and Bells,Damascus,Court Circuit,Silent Screen,Society Singer,Northern Dancer,Drumtop,Graustark,Numbered Account,Raise a Native,Gay Hostess,ヴェンチア,アマリテュード
2022110132,Justify,Lightstream,Scat Daddy,Stage Magic,Harlan's Holiday,North Beach,ヨハネスブルグ,Love Style,Ghostzapper,Magical Illusion,Harlan,Christmas in Aiken,Arch,Port Roberto,ヘネシー,Myth,Mr. Prospector,Likeable Style,Awesome Again,Baby Zip,Pulpit,Voodoo Lily,Storm Cat,Country Romance,Affirmed,Dowager,Kris S.,Aurora,Dynaformer,Portuguese,Storm Cat,Island Kitty,オジジアン,Yarn,Raise a Native,Gold Digger,Nijinsky,Personable Lady,Deputy Minister,Primal Force,Relaunch,Thirty Zip,A.P. Indy,Preach,Baldski,Cap the Moment,Storm Bird,Terlingua,Halo,Sweet Romance,Exclusive Native,Won't Tell You,Honest Pleasure,Princessnesian,Roberto,Sharp Queen,Danzig,Althea,Roberto,Andover Way,Jacinto,Gaylord's Touch
2021103332,ホッコータルマエ,チクタクボンボン,キングカメハメハ,マダムチェロキー,ゴールドアリュール,ティコティコタック,Kingmambo,マンファス,Cherokee Run,アンフォイルド,サンデーサイレンス,ニキーヤ,サッカーボーイ,ワンアイドバンブー,Mr. Prospector,Miesque,ラストタイクーン,Pilot Bird,Runaway Groom,Cherokee Dame,Unbridled,Bold Foil,Halo,Wishing Well,Nureyev,Reluctant Guest,ディクタス,ダイナサッシュ,ブライアンズタイム,ドロレスバンブー,Raise a Native,Gold Digger,Nureyev,Pasadoble,トライマイベスト,Mill Princess,Blakeney,The Dancer,Blushing Groom,Yonnie Girl,Silver Saber,Dame Francesca,Fappiano,Gana Facil,Bold Forbes,Perfect Foil,Hail to Reason,Cosmah,Understanding,Mountain Flower,Northern Dancer,Special,Hostage,Vaguely Royal,Sanctus,Doronic,ノーザンテースト,ロイヤルサッシュ,Roberto,Kelley's Day,ジョンティオンブル,シエンバンブー
2022106418,フォーウィールドライブ,シャンパンサーベル,American Pharoah,Funfair,キンシャサノキセキ,フェアリーバニヤン,Pioneerof the Nile,Littleprincessemma,More Than Ready,Fleuron,フジキセキ,ケルトシャーン,Honour and Glory,キャタラクト,エンパイアメーカー,Star of Goshen,Yankee Gentleman,Exclusive Rosette,サザンヘイロー,Woodman's Girl,Distant View,Flamboyance,サンデーサイレンス,ミルレーサー,Pleasant Colony,Featherhill,Relaunch,Fair to All,Storm Cat,Queen Tutta,Unbridled,Toussaud,Lord at War,Castle Eight,Storm Cat,Key Phrase,Ecliptical,Zetta Jet,Halo,Northern Sea,Woodman,Becky Be Good,Mr. Prospector,Seven Springs,Zilzal,Bridal Wreath,Halo,Wishing Well,Le Fabuleux,Marston's Mill,His Majesty,Sun Colony,Lyphard,Lady Berry,In Reality,Foggy Note,Al Nasr,Gonfalon,Storm Bird,Terlingua,Kris S.,Tutta
2022100757,ミスターメロディ,コイクレナイ,Scat Daddy,Trusty Lady,タイキシャトル,ワイルドリリー,ヨハネスブルグ,Love Style,Deputy Minister,Klassy Kim,Devil's Bag,ウェルシュマフィン,Wild Again,クリヨン,ヘネシー,Myth,Mr. Prospector,Likeable Style,Vice Regent,Mint Copy,Silent Screen,クールアライヴァル,Halo,Ballade,Caerleon,Muffitys,Icecapade,Bushel-n-Peck,Caerleon,リターントゥパリ,Storm Cat,Island Kitty,オジジアン,Yarn,Raise a Native,Gold Digger,Nijinsky,Personable Lady,Northern Dancer,Victoria Regina,Bunty's Flight,Shakney,Prince John,Prayer Bell,Relaunch,Irish Arrival,Hail to Reason,Cosmah,Herbager,Miss Swapsco,Nijinsky,Foreseer,Thatch,Contrail,Nearctic,Shenanigans,Khaled,Dama,Nijinsky,Foreseer,Riverman,Two to Paris
2019105754,アイルハヴアナザー,ギャラクシーセレブ,Flower Alley,Arch's Gal Edith,ブラックタイド,セレブレイト,Distorted Humor,プリンセスオリビア,Arch,Force Five Gal,サンデーサイレンス,ウインドインハーヘア,パントレセレブル,エリモファンタジー,フォーティナイナー,Danzig's Beauty,Lycius,Dance Image,Kris S.,Aurora,Pleasant Tap,Last Cause,Halo,Wishing Well,Alzao,Burghclere,Nureyev,Peinture Bleue,Riverman,Share the Fantasy,Mr. Prospector,File,Danzig,Sweetest Chant,Mr. Prospector,Lypatia,Sadler's Wells,Diamond Spring,Roberto,Sharp Queen,Danzig,Althea,Pleasant Colony,Never Knock,Caucasus,Last Bird,Hail to Reason,Cosmah,Understanding,Mountain Flower,Lyphard,Lady Rebecca,Busted,Highclere,Northern Dancer,Special,Alydar,Petroleuse,Never Bend,River Lady,Exclusive Native,Misukaw
2021105805,オルフェーヴル,ミセスワタナベ,ステイゴールド,オリエンタルアート,Tapizar,Foxy Friend,サンデーサイレンス,ゴールデンサッシュ,メジロマックイーン,エレクトロアート,Tapit,Winning Call,Crafty Friend,Gerri n Jo Go,Halo,Wishing Well,ディクタス,ダイナサッシュ,メジロティターン,メジロオーロラ,ノーザンテースト,グランマスティーヴンス,Pulpit,Tap Your Heels,Deputy Minister,Call Now,Crafty Prospector,Companionship,Top Command,Sweeping Beauty,Hail to Reason,Cosmah,Understanding,Mountain Flower,Sanctus,Doronic,ノーザンテースト,ロイヤルサッシュ,メジロアサマ,シエリル,リマンド,メジロアイリス,Northern Dancer,Lady Victoria,Lt. Stevens,Dhow,A.P. Indy,Preach,Unbridled,Ruby Slippers,Vice Regent,Mint Copy,Wild Again,Carols Christmas,Mr. Prospector,Real Crafty Lady,Princely Native,Lifelong Friend,Bold Ruler,Polly Girl,Eddie Schmidt,Gold Crest
2022109033,シルバーステート,ハワイアンスマイル,ディープインパクト,シルヴァースカヤ,キングカメハメハ,ワシントンシティ,サンデーサイレンス,ウインドインハーヘア,Silver Hawk,Boubskaia,Kingmambo,マンファス,Wagon Master,Tallahassee,Halo,Wishing Well,Alzao,Burghclere,Roberto,Gris Vitesse,Niniski,Frenetique,Mr. Prospector,Miesque,ラストタイクーン,Pilot Bird,Rainbow Quest,Sunny Flower,Thornton Hill,Meditada,Hail to Reason,Cosmah,Understanding,Mountain Flower,Lyphard,Lady Rebecca,Busted,Highclere,Hail to Reason,Bramalea,Amerigo,Matchiche,Nijinsky,Virginia Hills,Tyrant,Femina,Raise a Native,Gold Digger,Nureyev,Pasadoble,トライマイベスト,Mill Princess,Blakeney,The Dancer,Blushing Groom,I Will Follow,Dom Racine,Sunland,Sir Ivor,Santa Paula,Tetracordio,Miss Pazuko
2019104141,アドマイヤムーン,キタノリツメイ,エンドスウィープ,マイケイティーズ,アイルハヴアナザー,リーベストラウム,フォーティナイナー,Broom Dance,サンデーサイレンス,ケイティーズファースト,Flower Alley,Arch's Gal Edith,ゼンノエルシド,マウントモガミ,Mr. Prospector,File,Dance Spell,Witching Hour,Halo,Wishing Well,Kris,Katies,Distorted Humor,プリンセスオリビア,Arch,Force Five Gal,Caerleon,エンブラ,モガミ,マウントソブリン,Raise a Native,Gold Digger,Tom Rolfe,Continue,Northern Dancer,Obeah,Thinking Cap,Enchanted Eve,Hail to Reason,Cosmah,Understanding,Mountain Flower,Sharpen Up,Doubly Sure,ノノアルコ,Mortefontaine,フォーティナイナー,Danzig's Beauty,Lycius,Dance Image,Kris S.,Aurora,Pleasant Tap,Last Cause,Nijinsky,Foreseer,Dominion,Kaftan,Lyphard,ノーラック,ラッキーソブリン,マルイチアサコ
2022110096,Maclean's Music,Elarose,Distorted Humor,Forest Music,Storm Cat,Take Charge Lady,フォーティナイナー,Danzig's Beauty,Unbridled's Song,Defer West,Storm Bird,Terlingua,デヒア,Felicita,Mr. Prospector,File,Danzig,Sweetest Chant,Unbridled,Trolley Song,Gone West,Defer,Northern Dancer,South Ocean,Secretariat,Crimson Saint,Deputy Minister,Sister Dot,Rubiano,Grand Bonheur,Raise a Native,Gold Digger,Tom Rolfe,Continue,Northern Dancer,Pas de Nom,Mr. Leader,Gay Sonnet,Fappiano,Gana Facil,Caro,Lucky Spell,Mr. Prospector,Secrettame,Damascus,I Pass,Nearctic,Natalma,New Providence,Shining Sun,Bold Ruler,Somethingroyal,Crimson Satan,Bolero Rose,Vice Regent,Mint Copy,Secretariat,Sword Game,Fappiano,Ruby Slippers,Blushing Groom,Director
