index,着順,race_type,course_len,ground_state,class,peds_0,peds_1,peds_2,peds_3,peds_4,peds_5,peds_6,peds_7,peds_8,peds_9,peds_10,peds_11,peds_12,peds_13,peds_14,peds_15,peds_16,peds_17,peds_18,peds_19,peds_20,peds_21,peds_22,peds_23,peds_24,peds_25,peds_26,peds_27,peds_28,peds_29,peds_30,peds_31,peds_32,peds_33,peds_34,peds_35,peds_36,peds_37,peds_38,peds_39,peds_40,peds_41,peds_42,peds_43,peds_44,peds_45,peds_46,peds_47,peds_48,peds_49,peds_50,peds_51,peds_52,peds_53,peds_54,peds_55,peds_56,peds_57,peds_58,peds_59,peds_60,peds_61
202606010101,1,ダート,1200,稍重,未勝利,ダノンキングリー,ヤンチャヒメ,ディープインパクト,マイグッドネス,クロフネ,ウエストコースト,サンデーサイレンス,ウインドインハーヘア,Storm Cat,Caressing,フレンチデピュティ,ブルーアヴェニュー,シンボリクリスエス,ビーポジティブ,Halo,Wishing Well,Alzao,Burghclere,Storm Bird,Terlingua,Honour and Glory,Lovin Touch,Deputy Minister,Mitterand,Classic Go Go,Eliza Blue,Kris S.,Tee Kay,サンデーサイレンス,フェアリードール,Hail to Reason,Cosmah,Understanding,Mountain Flower,Lyphard,Lady Rebecca,Busted,Highclere,Northern Dancer,South Ocean,Secretariat,Crimson Saint,Relaunch,Fair to All,Majestic Prince,Forest Princess,Vice Regent,Mint Copy,Hold Your Peace,Laredo Lass,Pago Pago,Classic Perfection,Icecapade,コレラ,Roberto,Sharp Queen,Gold Meridian,Tri Argo,Halo,Wishing Well,Nureyev,Dream Deal
202606010101,2,ダート,1200,稍重,未勝利,ゴールドドリーム,スノークラフト,ゴールドアリュール,モンヴェール,アグネスデジタル,スノースタイル,サンデーサイレンス,ニキーヤ,フレンチデピュティ,スペシャルジェイド,Crafty Prospector,Chancey Squaw,ホワイトマズル,シャルムダンサー,Halo,Wishing Well,Nureyev,Reluctant Guest,Deputy Minister,Mitterand,Cox's Ridge,Statistic,Mr. Prospector,Real Crafty Lady,Chief's Crown,Allicance,ダンシングブレーヴ,Fair of the Furze,グルームダンサー,ダムスペクタキュラー,Hail to Reason,Cosmah,Understanding,Mountain Flower,Northern Dancer,Special,Hostage,Vaguely Royal,Vice Regent,Mint Copy,Hold Your Peace,Laredo Lass,Best Turn,Our Martha,Mr. Prospector,Number,Raise a Native,Gold Digger,In Reality,Princess Roycraft,Danzig,Six Crowns,Alleged,Runaway Bride,Lyphard,Navajo Princess,Ela-Mana-Mou,Autocratic,Blushing Groom,Featherhill,Spectacular Bid,Damascening
202606010101,3,ダート,1200,稍重,未勝利,マインドユアビスケッツ,ハッピーダイアリー,Posse,Jazzmane,アグネスタキオン,ハピネスイン,Silver Deputy,Raska,Toccet,Alljazz,サンデーサイレンス,アグネスフローラ,ホワイトマズル,シャダイビューティ,Deputy Minister,Silver Valley,Rahy,Borishka,Awesome Again,Cozzene's Angel,Stop the Music,Bounteous,Halo,Wishing Well,ロイヤルスキー,アグネスレディー,ダンシングブレーヴ,Fair of the Furze,Lord Avie,セイリングビューティ,Vice Regent,Mint Copy,Mr. Prospector,Seven Valleys,Blushing Groom,Glorious Song,Roberto,Queen Maud,Deputy Minister,Primal Force,Cozzene,Charming Pan,Hail to Reason,Bebopper,Master Derby,Mlle. Quille,Hail to Reason,Cosmah,Understanding,Mountain Flower,Raja Baba,Coz o'Nijinsky,リマンド,イコマエイカン,Lyphard,Navajo Princess,Ela-Mana-Mou,Autocratic,Lord Gaylord,Avie,Lyphard,Sweetdric
202606010101,4,ダート,1200,稍重,未勝利,フィレンツェファイア,レッドブリエ,Poseidon's Warrior,My Every Wish,ディープインパクト,アルレシャ,Speightstown,Poised to Pounce,Langfuhr,Mille Lacs,サンデーサイレンス,ウインドインハーヘア,Marju,レーヴディマン,Gone West,Silken Cat,Smarten,Lady Lyndy,Danzig,Sweet Briar Too,Unbridled,With Every Wish,Halo,Wishing Well,Alzao,Burghclere,ラストタイクーン,Flame of Tara,Highest Honor,Numidie,Mr. Prospector,Secrettame,Storm Cat,Silken Doll,Cyane,Smartaire,Bold Favorite,Counterflight,Northern Dancer,Pas de Nom,Briartic,Prima Babu Gum,Fappiano,Gana Facil,Lear Fan,Amo,Hail to Reason,Cosmah,Understanding,Mountain Flower,Lyphard,Lady Rebecca,Busted,Highclere,トライマイベスト,Mill Princess,アーテイアス,Welsh Flame,Kenmare,High River,バイアモン,Yamuna
202606010101,5,ダート,1200,稍重,未勝利,ダノンプレミアム,シンメイフジ,ディープインパクト,インディアナギャル,フジキセキ,レディミューズ,サンデーサイレンス,ウインドインハーヘア,Intikhab,Genial Jenny,サンデーサイレンス,ミルレーサー,ティンバーカントリー,シンコウラブリイ,Halo,Wishing Well,Alzao,Burghclere,Red Ransom,Crafty Example,デインヒル,Joma Kaanem,Halo,Wishing Well,Le Fabuleux,Marston's Mill,Woodman,Fall Aspen,Caerleon,ハッピートレイルズ,Hail to Reason,Cosmah,Understanding,Mountain Flower,Lyphard,Lady Rebecca,Busted,Highclere,Roberto,アラビア,Crafty Prospector,Zienelle,Danzig,Razyana,Double Form,Ash Lawn,Hail to Reason,Cosmah,Understanding,Mountain Flower,Wild Risk,Anguar,In Reality,Millicent,Mr. Prospector,プレイメイト,Pretense,Change Water,Nijinsky,Foreseer,ポツセ,ロイコン
202606010101,6,ダート,1200,稍重,未勝利,リオンリオン,スイートメドゥーサ,ルーラーシップ,アゲヒバリ,アグネスタキオン,ローブデコルテ,キングカメハメハ,エアグルーヴ,クロフネ,トゥザヴィクトリー,サンデーサイレンス,アグネスフローラ,Cozzene,Color of Gold,Kingmambo,マンファス,トニービン,ダイナカール,フレンチデピュティ,ブルーアヴェニュー,サンデーサイレンス,フェアリードール,Halo,Wishing Well,ロイヤルスキー,アグネスレディー,Caro,Ride the Trails,Seeking the Gold,Sulemeif,Mr. Prospector,Miesque,ラストタイクーン,Pilot Bird,カンパラ,Severn Bridge,ノーザンテースト,シャダイフェザー,Deputy Minister,Mitterand,Classic Go Go,Eliza Blue,Halo,Wishing Well,Nureyev,Dream Deal,Hail to Reason,Cosmah,Understanding,Mountain Flower,Raja Baba,Coz o'Nijinsky,リマンド,イコマエイカン,フォルティノ,Chambord,Prince John,Wildwook,Mr. Prospector,Con Game,Northern Dancer,Barely Even
202606010101,7,ダート,1200,稍重,未勝利,マテラスカイ,サトノレーヌ,Speightstown,Mostaqeleh,キングカメハメハ,シンシアー,Gone West,Silken Cat,Rahy,Istiqlal,Kingmambo,マンファス,サンデーサイレンス,ソウスマッグ,Mr. Prospector,Secrettame,Storm Cat,Silken Doll,Blushing Groom,Glorious Song,Diesis,Wasnah,Mr. Prospector,Miesque,ラストタイクーン,Pilot Bird,Halo,Wishing Well,Nureyev,Smuggly,Raise a Native,Gold Digger,Secretariat,Tamerett,Storm Bird,Terlingua,Chieftain,Insilca,Red God,Runaway Bride,Halo,Ballade,Sharpen Up,Doubly Sure,Nijinsky,Highest Trump,Raise a Native,Gold Digger,Nureyev,Pasadoble,トライマイベスト,Mill Princess,Blakeney,The Dancer,Hail to Reason,Cosmah,Understanding,Mountain Flower,Northern Dancer,Special,Caro,Call Me Goddess
202606010101,8,ダート,1200,稍重,未勝利,マテラスカイ,マリノサクセス,Speightstown,Mostaqeleh,ヴィクトワールピサ,サクセスゴーランド,Gone West,Silken Cat,Rahy,Istiqlal,ネオユニヴァース,ホワイトウォーターアフェア,サクラバクシンオー,サクセスビューティ,Mr. Prospector,Secrettame,Storm Cat,Silken Doll,Blushing Groom,Glorious Song,Diesis,Wasnah,サンデーサイレンス,ポインテッドパス,Machiavellian,Much Too Risky,サクラユタカオー,サクラハゴロモ,サンデーサイレンス,アワーミスレッグス,Raise a Native,Gold Digger,Secretariat,Tamerett,Storm Bird,Terlingua,Chieftain,Insilca,Red God,Runaway Bride,Halo,Ballade,Sharpen Up,Doubly Sure,Nijinsky,Highest Trump,Halo,Wishing Well,Kris,Silken Way,Mr. Prospector,Coup de Folie,Bustino,Short Rations,テスコボーイ,アンジェリカ,ノーザンテースト,クリアアンバー,Halo,Wishing Well,Deputy Minister,Colonial Waters
202606010101,9,ダート,1200,稍重,未勝利,サートゥルナーリア,メインターゲット,ロードカナロア,シーザリオ,ダイワメジャー,ヒシシルバーメイド,キングカメハメハ,レディブラッサム,スペシャルウィーク,キロフプリミエール,サンデーサイレンス,スカーレットブーケ,Silver Deputy,ヒシアマゾン,Kingmambo,マンファス,Storm Cat,サラトガデュー,サンデーサイレンス,キャンペンガール,Sadler's Wells,Querida,Halo,Wishing Well,ノーザンテースト,スカーレットインク,Deputy Minister,Silver Valley,Theatrical,Katies,Mr. Prospector,Miesque,ラストタイクーン,Pilot Bird,Storm Bird,Terlingua,Cormorant,Super Luna,Halo,Wishing Well,マルゼンスキー,レディーシラオキ,Northern Dancer,Fairy Bridge,Habitat,Principia,Hail to Reason,Cosmah,Understanding,Mountain Flower,Northern Dancer,Lady Victoria,Crimson Satan,Consentida,Vice Regent,Mint Copy,Mr. Prospector,Seven Valleys,Nureyev,ツリーオブノレッジ,ノノアルコ,Mortefontaine
202606010101,10,ダート,1200,稍重,未勝利,インディチャンプ,メイショウホナミ,ステイゴールド,ウィルパワー,アイルハヴアナザー,ドゥザボサノバ,サンデーサイレンス,ゴールデンサッシュ,キングカメハメハ,トキオリアリティー,Flower Alley,Arch's Gal Edith,Galileo,Sateen,Halo,Wishing Well,ディクタス,ダイナサッシュ,Kingmambo,マンファス,Meadowlake,What a Reality,Distorted Humor,プリンセスオリビア,Arch,Force Five Gal,Sadler's Wells,Urban Sea,Barathea,Souk,Hail to Reason,Cosmah,Understanding,Mountain Flower,Sanctus,Doronic,ノーザンテースト,ロイヤルサッシュ,Mr. Prospector,Miesque,ラストタイクーン,Pilot Bird,Hold Your Peace,Suspicious Native,In Reality,What Will Be,フォーティナイナー,Danzig's Beauty,Lycius,Dance Image,Kris S.,Aurora,Pleasant Tap,Last Cause,Northern Dancer,Fairy Bridge,Miswaki,Allegretta,Sadler's Wells,Brocade,Ahonoora,Soumana
202606010101,11,ダート,1200,稍重,未勝利,ニューイヤーズデイ,エバーシャイニング,Street Cry,Justwhistledixie,ゼンノロブロイ,ルヴァーガール,Machiavellian,Helen Street,Dixie Union,General Jeanne,サンデーサイレンス,ローミンレイチェル,Alzao,Girl of My Dreams,Mr. Prospector,Coup de Folie,Troy,Waterway,Dixieland Band,She's Tops,Honour and Glory,Ahpo Hel,Halo,Wishing Well,マイニング,One Smart Lady,Lyphard,Lady Rebecca,Marju,Stylish Girl,Raise a Native,Gold Digger,Halo,Raise the Standard,Petingo,La Milo,Riverman,Boulevard,Northern Dancer,Mississippi Mud,Capote,She's a Talent,Relaunch,Fair to All,Mr. Leader,Tiy,Hail to Reason,Cosmah,Understanding,Mountain Flower,Mr. Prospector,I Pass,Clever Trick,Pia's Lady,Northern Dancer,Goofed,Sir Ivor,Pocahontas,ラストタイクーン,Flame of Tara,Star de Naskra,Carnaby Girl
202606010101,12,ダート,1200,稍重,未勝利,シャンハイボビー,プティトシャンティ,Harlan's Holiday,Steelin',ダノンシャンティ,チャームダンス,Harlan,Christmas in Aiken,Orientate,Steel Band,フジキセキ,シャンソネット,アフリート,ダンシングゴッデス,Storm Cat,Country Romance,Affirmed,Dowager,Mt. Livermore,Dream Team,Carson City,ウェディングバンド,サンデーサイレンス,ミルレーサー,Mark of Esteem,Glorious Song,Mr. Prospector,Polite Lady,Nijinsky,Producer,Storm Bird,Terlingua,Halo,Sweet Romance,Exclusive Native,Won't Tell You,Honest Pleasure,Princessnesian,Blushing Groom,Flama Ardiente,Cox's Ridge,Likely Double,Mr. Prospector,Blushing Promise,Mighty Appealing,Ring of Steel,Halo,Wishing Well,Le Fabuleux,Marston's Mill,Darshaan,Homage,Halo,Ballade,Raise a Native,Gold Digger,Venetian Jester,Friendly Ways,Northern Dancer,Flaming Page,Nashua,Marion
202606010101,13,ダート,1200,稍重,未勝利,エーシントップ,マリノエリー,Tale of the Cat,Ecology,タートルボウル,ロンギングエリー,Storm Cat,Yarn,Unbridled's Song,Gdansk's Honour,Dyhim Diamond,Clara Bow,ゼンノロブロイ,センボンザクラ,Storm Bird,Terlingua,Mr. Prospector,Narrate,Unbridled,Trolley Song,Danzig,Royal Honoree,Night Shift,Happy Landing,Top Ville,Kamiya,サンデーサイレンス,ローミンレイチェル,サクラユタカオー,ダイナフランダース,Northern Dancer,South Ocean,Secretariat,Crimson Saint,Raise a Native,Gold Digger,Honest Pleasure,State,Fappiano,Gana Facil,Caro,Lucky Spell,Northern Dancer,Pas de Nom,Round Table,Matriarch,Northern Dancer,Ciboulette,Homing,Laughing Goddess,High Top,Sega Ville,Kalamoun,Shahinaaz,Halo,Wishing Well,マイニング,One Smart Lady,テスコボーイ,アンジェリカ,ノーザンテースト,レディフランダーズ
202606010101,14,ダート,1200,稍重,未勝利,キセキ,ジーナスイート,ルーラーシップ,ブリッツフィナーレ,ステイゴールド,ディアジーナ,キングカメハメハ,エアグルーヴ,ディープインパクト,ロンドンブリッジ,サンデーサイレンス,ゴールデンサッシュ,メジロマックイーン,アイネスターキン,Kingmambo,マンファス,トニービン,ダイナカール,サンデーサイレンス,ウインドインハーヘア,ドクターデヴィアス,オールフォーロンドン,Halo,Wishing Well,ディクタス,ダイナサッシュ,メジロティターン,メジロオーロラ,ビショップボブ,ジュウジターキン,Mr. Prospector,Miesque,ラストタイクーン,Pilot Bird,カンパラ,Severn Bridge,ノーザンテースト,シャダイフェザー,Halo,Wishing Well,Alzao,Burghclere,Ahonoora,Rose of Jericho,Danzig,Full Card,Hail to Reason,Cosmah,Understanding,Mountain Flower,Sanctus,Doronic,ノーザンテースト,ロイヤルサッシュ,メジロアサマ,シエリル,リマンド,メジロアイリス,Clever Trick,Screen Shot,ハンターコム,シヤダイターキン
202606010101,15,ダート,1200,稍重,未勝利,ビッグアーサー,ユキノマーメイド,サクラバクシンオー,シヤボナ,スペシャルウィーク,サスペンスクイーン,サクラユタカオー,サクラハゴロモ,Kingmambo,Relish,サンデーサイレンス,キャンペンガール,Woodman,Crystal Cup,テスコボーイ,アンジェリカ,ノーザンテースト,クリアアンバー,Mr. Prospector,Miesque,Sadler's Wells,Reloy,Halo,Wishing Well,マルゼンスキー,レディーシラオキ,Mr. Prospector,プレイメイト,Nijinsky,Rose Bowl,Princely Gift,Suncourt,ネヴァービート,スターハイネス,Northern Dancer,Lady Victoria,Ambiopoise,One Clear Call,Raise a Native,Gold Digger,Nureyev,Pasadoble,Northern Dancer,Fairy Bridge,Liloy,Rescousse,Hail to Reason,Cosmah,Understanding,Mountain Flower,Nijinsky,シル,セントクレスピン,ミスアシヤガワ,Raise a Native,Gold Digger,Buckpasser,Intriguing,Northern Dancer,Flaming Page,Habitat,Roseliere
202606010101,16,ダート,1200,稍重,未勝利,スマートファルコン,ベルモントエルメス,ゴールドアリュール,ケイシュウハーブ,ティンバーカントリー,ミスダンジグ,サンデーサイレンス,ニキーヤ,ミシシッピアン,キョウエイシラユキ,Woodman,Fall Aspen,Danzig,Egyptian Rose,Halo,Wishing Well,Nureyev,Reluctant Guest,Vaguely Noble,Gazala,クラウンドプリンス,アリアーン,Mr. Prospector,プレイメイト,Pretense,Change Water,Northern Dancer,Pas de Nom,Sir Ivor,Rosetta Stone,Hail to Reason,Cosmah,Understanding,Mountain Flower,Northern Dancer,Special,Hostage,Vaguely Royal,ヴィエナ,Noble Lassie,Dark Star,Belle Angevine,Raise a Native,Gay Hostess,シルバーシャーク,Nucciolina,Raise a Native,Gold Digger,Buckpasser,Intriguing,Endeavour,Imitation,Swaps,Portage,Nearctic,Natalma,Admiral's Voyage,Petitioner,Sir Gaylord,Attica,Round Table,Rose Coral
202606010102,1,ダート,1800,稍重,未勝利,Gun Runner,エスティロタレントーソ,Candy Ride,Quiet Giant,Maclean's Music,Bazinga Baby,Ride the Rails,Candy Girl,Giant's Causeway,Quiet Dance,Distorted Humor,Forest Music,Afleet Alex,Elizaveta,Cryptoclearance,Herbalesian,Candy Stripes,City Girl,Storm Cat,Mariah's Storm,Quiet American,Misty Dancer,フォーティナイナー,Danzig's Beauty,Unbridled's Song,Defer West,Northern Afleet,Maggy Hawk,Quiet American,Carezza,Fappiano,Naval Orange,Herbager,Alanesian,Blushing Groom,バブルカンパニー,Farnesio,Cithara,Storm Bird,Terlingua,Rahy,イメンス,Fappiano,Demure,Lyphard,Flight Dancer,Mr. Prospector,File,Danzig,Sweetest Chant,Unbridled,Trolley Song,Gone West,Defer,アフリート,Nuryette,ホークスター,Qualique,Fappiano,Demure,Caro,All Dance
202606010102,2,ダート,1800,稍重,未勝利,ダノンプレミアム,ポークチョップ,ディープインパクト,インディアナギャル,ゴールドヘイロー,フィールドボニータ,サンデーサイレンス,ウインドインハーヘア,Intikhab,Genial Jenny,サンデーサイレンス,ニアーザゴールド,コロナドズクエスト,ゴートゥグローリー,Halo,Wishing Well,Alzao,Burghclere,Red Ransom,Crafty Example,デインヒル,Joma Kaanem,Halo,Wishing Well,Seeking the Gold,ニヤー,フォーティナイナー,Laughing Look,Summer Squall,Charming Tiara,Hail to Reason,Cosmah,Understanding,Mountain Flower,Lyphard,Lady Rebecca,Busted,Highclere,Roberto,アラビア,Crafty Prospector,Zienelle,Danzig,Razyana,Double Form,Ash Lawn,Hail to Reason,Cosmah,Understanding,Mountain Flower,Mr. Prospector,Con Game,Northern Dancer,Far,Mr. Prospector,File,Damascus,Laughter,Storm Bird,Weekend Surprise,Alydar,My Charmer
202606010102,3,ダート,1800,稍重,未勝利,インディチャンプ,ラヴィーズラヴィン,ステイゴールド,ウィルパワー,Giant's Causeway,Lu Ravi,サンデーサイレンス,ゴールデンサッシュ,キングカメハメハ,トキオリアリティー,Storm Cat,Mariah's Storm,A.P. Indy,At the Half,Halo,Wishing Well,ディクタス,ダイナサッシュ,Kingmambo,マンファス,Meadowlake,What a Reality,Storm Bird,Terlingua,Rahy,イメンス,Seattle Slew,Weekend Surprise,Seeking the Gold,Knitted Gloves,Hail to Reason,Cosmah,Understanding,Mountain Flower,Sanctus,Doronic,ノーザンテースト,ロイヤルサッシュ,Mr. Prospector,Miesque,ラストタイクーン,Pilot Bird,Hold Your Peace,Suspicious Native,In Reality,What Will Be,Northern Dancer,South Ocean,Secretariat,Crimson Saint,Blushing Groom,Glorious Song,Roberto,Imsodear,Bold Reasoning,My Charmer,Secretariat,Lassie Dear,Mr. Prospector,Con Game,White Gloves,Fleet Needles
202606010102,4,ダート,1800,稍重,未勝利,オルフェーヴル,エナジャイズ,ステイゴールド,オリエンタルアート,キングカメハメハ,アリー,サンデーサイレンス,ゴールデンサッシュ,メジロマックイーン,エレクトロアート,Kingmambo,マンファス,Deputy Minister,Secret Partner,Halo,Wishing Well,ディクタス,ダイナサッシュ,メジロティターン,メジロオーロラ,ノーザンテースト,グランマスティーヴンス,Mr. Prospector,Miesque,ラストタイクーン,Pilot Bird,Vice Regent,Mint Copy,Rahy,Farewell Partner,Hail to Reason,Cosmah,Understanding,Mountain Flower,Sanctus,Doronic,ノーザンテースト,ロイヤルサッシュ,メジロアサマ,シエリル,リマンド,メジロアイリス,Northern Dancer,Lady Victoria,Lt. Stevens,Dhow,Raise a Native,Gold Digger,Nureyev,Pasadoble,トライマイベスト,Mill Princess,Blakeney,The Dancer,Northern Dancer,Victoria Regina,Bunty's Flight,Shakney,Blushing Groom,Glorious Song,Northern Dancer,Native Partner
202606010102,5,ダート,1800,稍重,未勝利,イスラボニータ,エンドーツダ,フジキセキ,イスラコジーン,タートルボウル,ウィッシュ,サンデーサイレンス,ミルレーサー,Cozzene,Isla Mujeres,Dyhim Diamond,Clara Bow,ディープインパクト,コマーサント,Halo,Wishing Well,Le Fabuleux,Marston's Mill,Caro,Ride the Trails,Crafty Prospector,Lido Isle,Night Shift,Happy Landing,Top Ville,Kamiya,サンデーサイレンス,ウインドインハーヘア,Marchand de Sable,Deception,Hail to Reason,Cosmah,Understanding,Mountain Flower,Wild Risk,Anguar,In Reality,Millicent,フォルティノ,Chambord,Prince John,Wildwook,Mr. Prospector,Real Crafty Lady,Far North,She Is Gorgeous,Northern Dancer,Ciboulette,Homing,Laughing Goddess,High Top,Sega Ville,Kalamoun,Shahinaaz,Halo,Wishing Well,Alzao,Burghclere,Theatrical,Mercantile,Tropular,Blushing Oak
202606010102,6,ダート,1800,稍重,未勝利,リオンディーズ,ロイヤルヴォルト,キングカメハメハ,シーザリオ,ディープインパクト,レディジョアン,Kingmambo,マンファス,スペシャルウィーク,キロフプリミエール,サンデーサイレンス,ウインドインハーヘア,Orientate,Oatsee,Mr. Prospector,Miesque,ラストタイクーン,Pilot Bird,サンデーサイレンス,キャンペンガール,Sadler's Wells,Querida,Halo,Wishing Well,Alzao,Burghclere,Mt. Livermore,Dream Team,Unbridled,With Every Wish,Raise a Native,Gold Digger,Nureyev,Pasadoble,トライマイベスト,Mill Princess,Blakeney,The Dancer,Halo,Wishing Well,マルゼンスキー,レディーシラオキ,Northern Dancer,Fairy Bridge,Habitat,Principia,Hail to Reason,Cosmah,Understanding,Mountain Flower,Lyphard,Lady Rebecca,Busted,Highclere,Blushing Groom,Flama Ardiente,Cox's Ridge,Likely Double,Fappiano,Gana Facil,Lear Fan,Amo
202606010102,7,ダート,1800,稍重,未勝利,マジェスティックウォリアー,オーシャンケリー,A.P. Indy,Dream Supreme,シンボリクリスエス,ベイルリ,Seattle Slew,Weekend Surprise,Seeking the Gold,Spinning Round,Kris S.,Tee Kay,スペシャルウィーク,アミティエ,Bold Reasoning,My Charmer,Secretariat,Lassie Dear,Mr. Prospector,Con Game,Dixieland Band,Take Heart,Roberto,Sharp Queen,Gold Meridian,Tri Argo,サンデーサイレンス,キャンペンガール,Sadler's Wells,Charming Life,Boldnesian,Reason to Earn,Poker,Fair Charmer,Bold Ruler,Somethingroyal,Buckpasser,Gay Missile,Raise a Native,Gold Digger,Buckpasser,Broadway,Northern Dancer,Mississippi Mud,Secretariat,Deck Stewardess,Hail to Reason,Bramalea,Princequillo,Bridgework,Seattle Slew,Queen Louie,Tri Jet,Hail Proudly,Halo,Wishing Well,マルゼンスキー,レディーシラオキ,Northern Dancer,Fairy Bridge,Habitat,Fighting
202606010102,8,ダート,1800,稍重,未勝利,アメリカンペイトリオット,アルカナ,War Front,Life Well Lived,ステイゴールド,デューティ,Danzig,Starry Dreamer,Tiznow,Well Dressed,サンデーサイレンス,ゴールデンサッシュ,ヘネシー,Freesia,Northern Dancer,Pas de Nom,Rubiano,Lara's Star,Cee's Tizzy,Cee's Song,Notebook,Trithenia,Halo,Wishing Well,ディクタス,ダイナサッシュ,Storm Cat,Island Kitty,Cox's Ridge,Fiesta Libre,Nearctic,Natalma,Admiral's Voyage,Petitioner,Fappiano,Ruby Slippers,Forli,True Reality,Relaunch,テイズリー,Seattle Song,Lonely Dancer,Well Decorated,Mobcap,Gold Meridian,Tri Argo,Hail to Reason,Cosmah,Understanding,Mountain Flower,Sanctus,Doronic,ノーザンテースト,ロイヤルサッシュ,Storm Bird,Terlingua,Hawaii,T. C. Kitten,Best Turn,Our Martha,Damascus,Cappella
202606010102,9,ダート,1800,稍重,未勝利,シャンハイボビー,メイシャイン,Harlan's Holiday,Steelin',シンボリクリスエス,スターアルファ,Harlan,Christmas in Aiken,Orientate,Steel Band,Kris S.,Tee Kay,サンデーサイレンス,アンティックヴァリュー,Storm Cat,Country Romance,Affirmed,Dowager,Mt. Livermore,Dream Team,Carson City,ウェディングバンド,Roberto,Sharp Queen,Gold Meridian,Tri Argo,Halo,Wishing Well,Northern Dancer,Moonscape,Storm Bird,Terlingua,Halo,Sweet Romance,Exclusive Native,Won't Tell You,Honest Pleasure,Princessnesian,Blushing Groom,Flama Ardiente,Cox's Ridge,Likely Double,Mr. Prospector,Blushing Promise,Mighty Appealing,Ring of Steel,Hail to Reason,Bramalea,Princequillo,Bridgework,Seattle Slew,Queen Louie,Tri Jet,Hail Proudly,Hail to Reason,Cosmah,Understanding,Mountain Flower,Nearctic,Natalma,Tom Fool,Brazen
202606010102,10,ダート,1800,稍重,未勝利,Magna Grecia,ドルスノッテ,Invincible Spirit,Cabaret,The Gurkha,Await,Green Desert,Rafha,Galileo,Witch of Fife,Galileo,Chintz,パントレセレブル,Starring Role,Danzig,Foreign Courier,Kris,Eljazzi,Sadler's Wells,Urban Sea,Lear Fan,Fife,Sadler's Wells,Urban Sea,Danehill Dancer,Gold Dodger,Nureyev,Peinture Bleue,Glenstal,Tough Lady,Northern Dancer,Pas de Nom,Sir Ivor,Courtly Dee,Sharpen Up,Doubly Sure,アーテイアス,Border Bounty,Northern Dancer,Fairy Bridge,Miswaki,Allegretta,Roberto,Wac,Lomond,Fiddle-Faddle,Northern Dancer,Fairy Bridge,Miswaki,Allegretta,デインヒル,Mira Adonde,Slew o' Gold,Brooklyn's Dance,Northern Dancer,Special,Alydar,Petroleuse,Northern Dancer,Cloonlara,Bay Express,Nevetta
202606010102,11,ダート,1800,稍重,未勝利,ストーミーシー,イオ,アドマイヤムーン,リーベストラウム,タイキシャトル,クラウンガルチ,エンドスウィープ,マイケイティーズ,ゼンノエルシド,マウントモガミ,Devil's Bag,ウェルシュマフィン,Gulch,モムズクラウン,フォーティナイナー,Broom Dance,サンデーサイレンス,ケイティーズファースト,Caerleon,エンブラ,モガミ,マウントソブリン,Halo,Ballade,Caerleon,Muffitys,Mr. Prospector,Jameela,Chief's Crown,Mom's Command,Mr. Prospector,File,Dance Spell,Witching Hour,Halo,Wishing Well,Kris,Katies,Nijinsky,Foreseer,Dominion,Kaftan,Lyphard,ノーラック,ラッキーソブリン,マルイチアサコ,Hail to Reason,Cosmah,Herbager,Miss Swapsco,Nijinsky,Foreseer,Thatch,Contrail,Raise a Native,Gold Digger,Rambunctious,Asbury Mary,Danzig,Six Crowns,Top Command,Star Mommy
202606010102,12,ダート,1800,稍重,未勝利,サトノジェネシス,レアシルウィア,ディープインパクト,マルペンサ,ティンバーカントリー,フミノアミューズ,サンデーサイレンス,ウインドインハーヘア,Orpen,Marsella,Woodman,Fall Aspen,キャタオラ,フミノクロユリ,Halo,Wishing Well,Alzao,Burghclere,Lure,Bonita Francita,サザンヘイロー,Riviere,Mr. Prospector,プレイメイト,Pretense,Change Water,Never Bend,Silent Beauty,コインドシルバー,ヒカルシンモエ,Hail to Reason,Cosmah,Understanding,Mountain Flower,Lyphard,Lady Rebecca,Busted,Highclere,Danzig,Endear,Devil's Bag,Raise the Standard,Halo,Northern Sea,Logical,Talonada,Raise a Native,Gold Digger,Buckpasser,Intriguing,Endeavour,Imitation,Swaps,Portage,Nasrullah,Lalun,Creme dela Creme,Village Beauty,Herbager,Silver Coin,ダイハード,ミスコウジン
202606010102,13,ダート,1800,稍重,未勝利,クラウンレガーロ,クラウンシトラス,グラスワンダー,エクストラニュース,スニッツェル,ファンシーオレンジ,Silver Hawk,Ameriflora,エンドスウィープ,スケアヘッドライン,Redoute's Choice,Snippets' Lass,マイニング,ブランチリーヴス,Roberto,Gris Vitesse,Danzig,Graceful Touch,フォーティナイナー,Broom Dance,パドスール,シャダイチャッター,デインヒル,Shantha's Choice,Snippets,Snow Finch,Mr. Prospector,I Pass,ミルジョージ,フラッグスターフ,Hail to Reason,Bramalea,Amerigo,Matchiche,Northern Dancer,Pas de Nom,His Majesty,Pi Phi Gal,Mr. Prospector,File,Dance Spell,Witching Hour,Mill Reef,Thereby,ノーザンテースト,ペルースポート,Danzig,Razyana,Canny Lad,Dancing Show,Lunchtime,Easy Date,Storm Bird,A Realgirl,Raise a Native,Gold Digger,Buckpasser,Impish,Mill Reef,Miss Charisma,ノーザンテースト,シヤダイフラッグ
202606010103,1,ダート,1200,稍重,新馬,ドレフォン,エアハンコック,Gio Ponti,Eltimaas,キングカメハメハ,エアワンピース,Tale of the Cat,Chipeta Springs,Ghostzapper,Najecam,Kingmambo,マンファス,ロックオブジブラルタル,エアメサイア,Storm Cat,Yarn,Alydar,Salt Spring,Awesome Again,Baby Zip,Trempolino,Sue Warner,Mr. Prospector,Miesque,ラストタイクーン,Pilot Bird,デインヒル,Offshore Boom,サンデーサイレンス,エアデジャヴー,Storm Bird,Terlingua,Mr. Prospector,Narrate,Raise a Native,Sweet Tooth,Salt Marsh,Jungle Mythologic,Deputy Minister,Primal Force,Relaunch,Thirty Zip,Sharpen Up,Trephine,Forli,Bitty Girl,Raise a Native,Gold Digger,Nureyev,Pasadoble,トライマイベスト,Mill Princess,Blakeney,The Dancer,Danzig,Razyana,Be My Guest,Push a Button,Halo,Wishing Well,ノーザンテースト,アイドリームドアドリーム
202606010103,2,ダート,1200,稍重,新馬,シャンハイボビー,ビヴァレッジクイーン,Harlan's Holiday,Steelin',Indygo Shiner,Beer Baroness,Harlan,Christmas in Aiken,Orientate,Steel Band,A.P. Indy,Navarra,Mr. Greeley,Lavish Numbers,Storm Cat,Country Romance,Affirmed,Dowager,Mt. Livermore,Dream Team,Carson City,ウェディングバンド,Seattle Slew,Weekend Surprise,El Gran Senor,Image of Reality,Gone West,Long Legend,Polish Numbers,Timeleighness,Storm Bird,Terlingua,Halo,Sweet Romance,Exclusive Native,Won't Tell You,Honest Pleasure,Princessnesian,Blushing Groom,Flama Ardiente,Cox's Ridge,Likely Double,Mr. Prospector,Blushing Promise,Mighty Appealing,Ring of Steel,Bold Reasoning,My Charmer,Secretariat,Lassie Dear,Northern Dancer,Sex Appeal,In Reality,Edee's Image,Mr. Prospector,Secrettame,Reviewer,Lianga,Danzig,Numbered Account,Sir Raleigh,Pleasure Moment
202606010103,3,ダート,1200,稍重,新馬,ヘニーヒューズ,オーパキャマラード,ヘネシー,Meadow Flyer,ダンカーク,クロワラモー,Storm Cat,Island Kitty,Meadowlake,Shortley,Unbridled's Song,Secret Status,スペシャルウィーク,メジェール,Storm Bird,Terlingua,Hawaii,T. C. Kitten,Hold Your Peace,Suspicious Native,Hagley,Short Winded,Unbridled,Trolley Song,A.P. Indy,Private Status,サンデーサイレンス,キャンペンガール,タバスコキャット,カスパースカイゴールド,Northern Dancer,South Ocean,Secretariat,Crimson Saint,Utrillo,Ethane,Tom Cat,Needlebug,Speak John,Blue Moon,Raise a Native,Be Suspicious,Olden Times,Teo Pepi,Harvest Singing,Wild Cloud,Fappiano,Gana Facil,Caro,Lucky Spell,Seattle Slew,Weekend Surprise,Alydar,Miss Eva,Halo,Wishing Well,マルゼンスキー,レディーシラオキ,Storm Cat,Barbicue Sauce,Seeking the Gold,ビベ
202606010103,4,ダート,1200,稍重,新馬,ミスチヴィアスアレックス,サーチュイン,Into Mischief,White Pants Night,クロフネ,トウカイライフ,Harlan's Holiday,Leslie's Lady,Speightstown,More d'Amour,フレンチデピュティ,ブルーアヴェニュー,トウカイテイオー,ファヴォリ,Harlan,Christmas in Aiken,Tricky Creek,Crystal Lady,Gone West,Silken Cat,Tour d'Or,Love Connection,Deputy Minister,Mitterand,Classic Go Go,Eliza Blue,シンボリルドルフ,トウカイナチュラル,リアルシャダイ,ベイリーフスイータ,Storm Cat,Country Romance,Affirmed,Dowager,Clever Trick,Battle Creek Girl,Stop the Music,One Last Bird,Mr. Prospector,Secrettame,Storm Cat,Silken Doll,Medaille d'Or,Debby's Turn,Master Derby,Perfect Connection,Vice Regent,Mint Copy,Hold Your Peace,Laredo Lass,Pago Pago,Classic Perfection,Icecapade,コレラ,パーソロン,スイートルナ,ナイスダンサー,トウカイミドリ,Roberto,Desert Vixen,ターゴワイス,マギーサンイツ
202606010103,5,ダート,1200,稍重,新馬,オルフェーヴル,フェニアンサイクル,ステイゴールド,オリエンタルアート,ロードカナロア,アリアプーラ,サンデーサイレンス,ゴールデンサッシュ,メジロマックイーン,エレクトロアート,キングカメハメハ,レディブラッサム,Flying Spur,Fortunata,Halo,Wishing Well,ディクタス,ダイナサッシュ,メジロティターン,メジロオーロラ,ノーザンテースト,グランマスティーヴンス,Kingmambo,マンファス,Storm Cat,サラトガデュー,デインヒル,Rolls,Dr. Grace,Extradite,Hail to Reason,Cosmah,Understanding,Mountain Flower,Sanctus,Doronic,ノーザンテースト,ロイヤルサッシュ,メジロアサマ,シエリル,リマンド,メジロアイリス,Northern Dancer,Lady Victoria,Lt. Stevens,Dhow,Mr. Prospector,Miesque,ラストタイクーン,Pilot Bird,Storm Bird,Terlingua,Cormorant,Super Luna,Danzig,Razyana,Mr. Prospector,Grand Luxe,Sir Tristram,English Wonder,Bletchingly,Expulsion
202606010103,6,ダート,1200,稍重,新馬,アルアイン,ピンクブロッサム,ディープインパクト,ドバイマジェスティ,ハービンジャー,ルナレガーロ,サンデーサイレンス,ウインドインハーヘア,Essence of Dubai,Great Majesty,Dansili,Penang Pearl,アドマイヤムーン,カーリーエンジェル,Halo,Wishing Well,Alzao,Burghclere,Pulpit,Epitome,Great Above,Mistic Majesty,デインヒル,Hasili,Bering,Guapa,エンドスウィープ,マイケイティーズ,ジャッジアンジェルーチ,ダイナカール,Hail to Reason,Cosmah,Understanding,Mountain Flower,Lyphard,Lady Rebecca,Busted,Highclere,A.P. Indy,Preach,Summing,Honest and True,Minnesota Mac,Ta Wee,His Majesty,Necaras Miss,Danzig,Razyana,Kahyasi,Kerali,Arctic Tern,Beaune,Shareef Dancer,Sauceboat,フォーティナイナー,Broom Dance,サンデーサイレンス,ケイティーズファースト,Honest Pleasure,Victorian Queen,ノーザンテースト,シャダイフェザー
202606010103,7,ダート,1200,稍重,新馬,エンパイアペガサス,ヒアデス,エンパイアメーカー,ステージトリック,モンテロッソ,ノヴェンバースカイ,Unbridled,Toussaud,Distorted Humor,Engaging,Dubawi,Porto Roca,ディープスカイ,ノベンバースルー,Fappiano,Gana Facil,El Gran Senor,Image of Reality,フォーティナイナー,Danzig's Beauty,Private Account,Starlet Storm,Dubai Millennium,Zomaradah,Barathea,Antelliere,アグネスタキオン,アビ,Seattle Slew,November Snow,Mr. Prospector,Killaloe,Le Fabuleux,Charedi,Northern Dancer,Sex Appeal,In Reality,Edee's Image,Mr. Prospector,File,Danzig,Sweetest Chant,Damascus,Numbered Account,Storm Bird,Cinegita,Seeking the Gold,Colorado Dancer,Deploy,Jawaher,Sadler's Wells,Brocade,Salieri,Anntelle,サンデーサイレンス,アグネスフローラ,Chief's Crown,Carmelized,Bold Reasoning,My Charmer,Storm Cat,Princess Alydar
202606010103,8,ダート,1200,稍重,新馬,オルフェーヴル,ダイヤモンドアスク,ステイゴールド,オリエンタルアート,ジャングルポケット,フューチャサンデー,サンデーサイレンス,ゴールデンサッシュ,メジロマックイーン,エレクトロアート,トニービン,ダンスチャーマー,サンデーサイレンス,アスクローザ,Halo,Wishing Well,ディクタス,ダイナサッシュ,メジロティターン,メジロオーロラ,ノーザンテースト,グランマスティーヴンス,カンパラ,Severn Bridge,Nureyev,Skillful Joy,Halo,Wishing Well,リアルシャダイ,オオミーアキノ,Hail to Reason,Cosmah,Understanding,Mountain Flower,Sanctus,Doronic,ノーザンテースト,ロイヤルサッシュ,メジロアサマ,シエリル,リマンド,メジロアイリス,Northern Dancer,Lady Victoria,Lt. Stevens,Dhow,Kalamoun,State Pension,Hornbeam,Priddy Fair,Northern Dancer,Special,Nodouble,Skillful Miss,Hail to Reason,Cosmah,Understanding,Mountain Flower,Roberto,Desert Vixen,ノーザンテースト,オオミシヤダイ
202606010103,9,ダート,1200,稍重,新馬,エスポワールシチー,イセエビ,ゴールドアリュール,エミネントシチー,ハービンジャー,オメガロンド,サンデーサイレンス,ニキーヤ,ブライアンズタイム,ヘップバーンシチー,Dansili,Penang Pearl,フレンチデピュティ,ミスアルダント,Halo,Wishing Well,Nureyev,Reluctant Guest,Roberto,Kelley's Day,ブレイヴェストローマン,コンパルシチー,デインヒル,Hasili,Bering,Guapa,Deputy Minister,Mitterand,サンデーサイレンス,マガロ,Hail to Reason,Cosmah,Understanding,Mountain Flower,Northern Dancer,Special,Hostage,Vaguely Royal,Hail to Reason,Bramalea,Graustark,Golden Trail,Never Bend,Roman Song,トラフィック,リンネス,Danzig,Razyana,Kahyasi,Kerali,Arctic Tern,Beaune,Shareef Dancer,Sauceboat,Vice Regent,Mint Copy,Hold Your Peace,Laredo Lass,Halo,Wishing Well,Caro,Magic
202606010103,10,ダート,1200,稍重,新馬,イスラボニータ,オーガンディー,フジキセキ,イスラコジーン,フレンチデピュティ,ラソーミュロワーズ,サンデーサイレンス,ミルレーサー,Cozzene,Isla Mujeres,Deputy Minister,Mitterand,Kendor,Mercalle,Halo,Wishing Well,Le Fabuleux,Marston's Mill,Caro,Ride the Trails,Crafty Prospector,Lido Isle,Vice Regent,Mint Copy,Hold Your Peace,Laredo Lass,Kenmare,Belle Mecene,Kaldoun,Eole des Mers,Hail to Reason,Cosmah,Understanding,Mountain Flower,Wild Risk,Anguar,In Reality,Millicent,フォルティノ,Chambord,Prince John,Wildwook,Mr. Prospector,Real Crafty Lady,Far North,She Is Gorgeous,Northern Dancer,Victoria Regina,Bunty's Flight,Shakney,Speak John,Blue Moon,Bold Ruler,Fortunate Isle,Kalamoun,Belle of Ireland,ゲイメセン,Djaka Belle,Caro,Katana,Carvin,Deesse des Mers
202606010103,11,ダート,1200,稍重,新馬,マテラスカイ,マリーンワン,Speightstown,Mostaqeleh,サウスヴィグラス,ファーストレディ,Gone West,Silken Cat,Rahy,Istiqlal,エンドスウィープ,ダーケストスター,スマートボーイ,ラストヒット,Mr. Prospector,Secrettame,Storm Cat,Silken Doll,Blushing Groom,Glorious Song,Diesis,Wasnah,フォーティナイナー,Broom Dance,Star de Naskra,Minnie Riperton,アサティス,アンラブル,スラヴィック,ゲートアンドフライ,Raise a Native,Gold Digger,Secretariat,Tamerett,Storm Bird,Terlingua,Chieftain,Insilca,Red God,Runaway Bride,Halo,Ballade,Sharpen Up,Doubly Sure,Nijinsky,Highest Trump,Mr. Prospector,File,Dance Spell,Witching Hour,Naskra,Candle Star,Cornish Prince,English Harbor,Topsider,Secret Asset,ノーリュート,アラート,Danzig,Bamesian,クラウンドプリンス,ヤマノコトブキ
202606010103,12,ダート,1200,稍重,新馬,タワーオブロンドン,スーセントマリー,Raven's Pass,スノーパイン,ダイワメジャー,ロジャーズスー,Elusive Quality,Ascutney,Dalakhani,シンコウエルメス,サンデーサイレンス,スカーレットブーケ,Forestry,Fabulous,Gone West,Touch of Greatness,Lord at War,Right Word,Darshaan,Daltawa,Sadler's Wells,Doff the Derby,Halo,Wishing Well,ノーザンテースト,スカーレットインク,Storm Cat,Shared Interest,Seeking the Gold,Gorgeous,Mr. Prospector,Secrettame,Hero's Honor,Ivory Wand,General,Luna de Miel,Verbatim,Oratorio,Shirley Heights,Delsy,Miswaki,Damana,Northern Dancer,Fairy Bridge,Master Derby,Margarethen,Hail to Reason,Cosmah,Understanding,Mountain Flower,Northern Dancer,Lady Victoria,Crimson Satan,Consentida,Storm Bird,Terlingua,Pleasant Colony,Surgery,Mr. Prospector,Con Game,Slew o' Gold,Kamar
202606010103,13,ダート,1200,稍重,新馬,スピルバーグ,フラッフィーベア,ディープインパクト,プリンセスオリビア,ナカヤマフェスタ,ダイヤモンドギフト,サンデーサイレンス,ウインドインハーヘア,Lycius,Dance Image,ステイゴールド,ディアウィンク,ブライアンズタイム,ダイヤモンドクイン,Halo,Wishing Well,Alzao,Burghclere,Mr. Prospector,Lypatia,Sadler's Wells,Diamond Spring,サンデーサイレンス,ゴールデンサッシュ,タイトスポット,セイレイ,Roberto,Kelley's Day,ラムタラ,ハギノトップレディ,Hail to Reason,Cosmah,Understanding,Mountain Flower,Lyphard,Lady Rebecca,Busted,Highclere,Raise a Native,Gold Digger,Lyphard,Hypatia,Northern Dancer,Fairy Bridge,Vaguely Noble,Dumfries,Halo,Wishing Well,ディクタス,ダイナサッシュ,His Majesty,Premium Win,デインヒル,センスオブリズム,Hail to Reason,Bramalea,Graustark,Golden Trail,Nijinsky,Snow Bride,サンシー,イツトー
202606010103,14,ダート,1200,稍重,新馬,ウインブライト,ティファイファイ,ステイゴールド,サマーエタニティ,スターリングローズ,メジロティファニー,サンデーサイレンス,ゴールデンサッシュ,アドマイヤコジーン,オールフォーゲラン,アフリート,コマーズ,モガミ,メジロビューティー,Halo,Wishing Well,ディクタス,ダイナサッシュ,Cozzene,アドマイヤマカディ,ジェイドロバリー,ミスゲラン,Mr. Prospector,Polite Lady,Danzig,ミドルマーチ,Lyphard,ノーラック,パーソロン,メジロナガサキ,Hail to Reason,Cosmah,Understanding,Mountain Flower,Sanctus,Doronic,ノーザンテースト,ロイヤルサッシュ,Caro,Ride the Trails,ノーザンテースト,ミセスマカディー,Mr. Prospector,Number,マルゼンスキー,ゲラン,Raise a Native,Gold Digger,Venetian Jester,Friendly Ways,Northern Dancer,Pas de Nom,Buckpasser,Nice Princess,Northern Dancer,Goofed,Lucky Debonair,No Teasing,Milesian,Paleo,ネヴァービート,メジロボサツ
202606010103,15,ダート,1200,稍重,新馬,マインドユアビスケッツ,エールオンレール,Posse,Jazzmane,エピファネイア,アンナヴァン,Silver Deputy,Raska,Toccet,Alljazz,シンボリクリスエス,シーザリオ,エンドスウィープ,フサイチミニヨン,Deputy Minister,Silver Valley,Rahy,Borishka,Awesome Again,Cozzene's Angel,Stop the Music,Bounteous,Kris S.,Tee Kay,スペシャルウィーク,キロフプリミエール,フォーティナイナー,Broom Dance,サンデーサイレンス,バレークイーン,Vice Regent,Mint Copy,Mr. Prospector,Seven Valleys,Blushing Groom,Glorious Song,Roberto,Queen Maud,Deputy Minister,Primal Force,Cozzene,Charming Pan,Hail to Reason,Bebopper,Master Derby,Mlle. Quille,Roberto,Sharp Queen,Gold Meridian,Tri Argo,サンデーサイレンス,キャンペンガール,Sadler's Wells,Querida,Mr. Prospector,File,Dance Spell,Witching Hour,Halo,Wishing Well,Sadler's Wells,Sun Princess
202606010103,除,ダート,1200,稍重,新馬,マインドユアビスケッツ,ラトーナ,Posse,Jazzmane,Dansili,レト,Silver Deputy,Raska,Toccet,Alljazz,デインヒル,Hasili,Diesis,ランジェリー,Deputy Minister,Silver Valley,Rahy,Borishka,Awesome Again,Cozzene's Angel,Stop the Music,Bounteous,Danzig,Razyana,Kahyasi,Kerali,Sharpen Up,Doubly Sure,Shirley Heights,Northern Trick,Vice Regent,Mint Copy,Mr. Prospector,Seven Valleys,Blushing Groom,Glorious Song,Roberto,Queen Maud,Deputy Minister,Primal Force,Cozzene,Charming Pan,Hail to Reason,Bebopper,Master Derby,Mlle. Quille,Northern Dancer,Pas de Nom,His Majesty,Spring Adieu,イルドブルボン,Kadissya,High Line,Sookera,エタン,Rocchetta,Reliance,Soft Angels,Mill Reef,Hardiemma,Northern Dancer,Trick Chick
202606010104,1,ダート,1800,稍重,未勝利,レイデオロ,ストーミーエンブレイス,キングカメハメハ,ラドラーダ,Circular Quay,Stormy Allure,Kingmambo,マンファス,シンボリクリスエス,レディブロンド,サンダーガルチ,Circle of Life,Stormy Atlantic,Ready and Alluring,Mr. Prospector,Miesque,ラストタイクーン,Pilot Bird,Kris S.,Tee Kay,Seeking the Gold,ウインドインハーヘア,Gulch,Line of Thunder,Belong to Me,Concentric,Storm Cat,Hail Atlantis,More Than Ready,Apalachee Allure,Raise a Native,Gold Digger,Nureyev,Pasadoble,トライマイベスト,Mill Princess,Blakeney,The Dancer,Roberto,Sharp Queen,Gold Meridian,Tri Argo,Mr. Prospector,Con Game,Alzao,Burghclere,Mr. Prospector,Jameela,Storm Bird,Shoot a Line,Danzig,Belonging,Shadeed,Magic Circle,Storm Bird,Terlingua,Seattle Slew,Flippers,サザンヘイロー,Woodman's Girl,Apalachee,Irish Allure
202606010104,2,ダート,1800,稍重,未勝利,エスポワールシチー,ステージトリック,ゴールドアリュール,エミネントシチー,Distorted Humor,Engaging,サンデーサイレンス,ニキーヤ,ブライアンズタイム,ヘップバーンシチー,フォーティナイナー,Danzig's Beauty,Private Account,Starlet Storm,Halo,Wishing Well,Nureyev,Reluctant Guest,Roberto,Kelley's Day,ブレイヴェストローマン,コンパルシチー,Mr. Prospector,File,Danzig,Sweetest Chant,Damascus,Numbered Account,Storm Bird,Cinegita,Hail to Reason,Cosmah,Understanding,Mountain Flower,Northern Dancer,Special,Hostage,Vaguely Royal,Hail to Reason,Bramalea,Graustark,Golden Trail,Never Bend,Roman Song,トラフィック,リンネス,Raise a Native,Gold Digger,Tom Rolfe,Continue,Northern Dancer,Pas de Nom,Mr. Leader,Gay Sonnet,Sword Dancer,Kerala,Buckpasser,Intriguing,Northern Dancer,South Ocean,Secretariat,Wanika
202606010104,3,ダート,1800,稍重,未勝利,シュヴァルグラン,カシマサミダレ,ハーツクライ,ハルーワスウィート,シニスターミニスター,ピサノマイセン,サンデーサイレンス,アイリッシュダンス,Machiavellian,ハルーワソング,Old Trieste,Sweet Minister,マイニング,ユニバーサルダイナ,Halo,Wishing Well,トニービン,ビューパーダンス,Mr. Prospector,Coup de Folie,Nureyev,Morn of Song,A.P. Indy,Lovlier Linda,The Prime Minister,Sweet Blue,Mr. Prospector,I Pass,ノーザンテースト,リンデンプリンセス,Hail to Reason,Cosmah,Understanding,Mountain Flower,カンパラ,Severn Bridge,Lyphard,My Bupers,Raise a Native,Gold Digger,Halo,Raise the Standard,Northern Dancer,Special,Blushing Groom,Glorious Song,Seattle Slew,Weekend Surprise,Vigors,Linda Summers,Deputy Minister,Stick to Beauty,Hurry Up Blue,Sugar Gold,Raise a Native,Gold Digger,Buckpasser,Impish,Northern Dancer,Lady Victoria,Prince John,Linden Heights
202606010104,4,ダート,1800,稍重,未勝利,リーチザクラウン,ニシノミウ,スペシャルウィーク,クラウンピース,スマートファルコン,ニシノマドカ,サンデーサイレンス,キャンペンガール,Seattle Slew,クラシッククラウン,ゴールドアリュール,ケイシュウハーブ,ジャングルポケット,ニシノプロミネンス,Halo,Wishing Well,マルゼンスキー,レディーシラオキ,Bold Reasoning,My Charmer,Mr. Prospector,Six Crowns,サンデーサイレンス,ニキーヤ,ミシシッピアン,キョウエイシラユキ,トニービン,ダンスチャーマー,ブライアンズタイム,ブランドノーブル,Hail to Reason,Cosmah,Understanding,Mountain Flower,Nijinsky,シル,セントクレスピン,ミスアシヤガワ,Boldnesian,Reason to Earn,Poker,Fair Charmer,Raise a Native,Gold Digger,Secretariat,Chris Evert,Halo,Wishing Well,Nureyev,Reluctant Guest,Vaguely Noble,Gazala,クラウンドプリンス,アリアーン,カンパラ,Severn Bridge,Nureyev,Skillful Joy,Roberto,Kelley's Day,シェルシュールドール,ニシノマッサリア
202606010104,5,ダート,1800,稍重,未勝利,ナダル,クァンタムミス,Blame,Ascending Angel,Smoke Glacken,Quanah County,Arch,Liable,Pulpit,Solar Colony,Two Punch,Majesty's Crown,Valid Expectations,Platinum Pearl,Kris S.,Aurora,Seeking the Gold,Bound,A.P. Indy,Preach,Pleasant Colony,Meteor Stage,Mr. Prospector,Heavenly Cause,Magesterial,Queen's Crown,Valid Appeal,Mepache,Plugged Nickle,Pink Platinum,Roberto,Sharp Queen,Danzig,Althea,Mr. Prospector,Con Game,Nijinsky,Special,Seattle Slew,Weekend Surprise,Mr. Prospector,Narrate,His Majesty,Sun Colony,Stage Door Johnny,Northern Meteor,Raise a Native,Gold Digger,Grey Dawn II,Lady Dulcinea,Northern Dancer,Courting Days,King Emperor,Turn Capp,In Reality,Desert Trial,Iron Constitution,Nowmepache,Key to the Mint,Toll Booth,Quadrangle,Romwood
202606010104,6,ダート,1800,稍重,未勝利,ゴールドドリーム,ハイエストクイーン,ゴールドアリュール,モンヴェール,シンボリクリスエス,タニノハイクレア,サンデーサイレンス,ニキーヤ,フレンチデピュティ,スペシャルジェイド,Kris S.,Tee Kay,クロフネ,インヴァイト,Halo,Wishing Well,Nureyev,Reluctant Guest,Deputy Minister,Mitterand,Cox's Ridge,Statistic,Roberto,Sharp Queen,Gold Meridian,Tri Argo,フレンチデピュティ,ブルーアヴェニュー,Be My Guest,Burghclere,Hail to Reason,Cosmah,Understanding,Mountain Flower,Northern Dancer,Special,Hostage,Vaguely Royal,Vice Regent,Mint Copy,Hold Your Peace,Laredo Lass,Best Turn,Our Martha,Mr. Prospector,Number,Hail to Reason,Bramalea,Princequillo,Bridgework,Seattle Slew,Queen Louie,Tri Jet,Hail Proudly,Deputy Minister,Mitterand,Classic Go Go,Eliza Blue,Northern Dancer,What a Treat,Busted,Highclere
202606010104,7,ダート,1800,稍重,未勝利,クリソベリル,ガートルード,ゴールドアリュール,クリソプレーズ,ジャングルポケット,アンブロワーズ,サンデーサイレンス,ニキーヤ,エルコンドルパサー,キャサリーンパー,トニービン,ダンスチャーマー,フレンチデピュティ,フサイチミニヨン,Halo,Wishing Well,Nureyev,Reluctant Guest,Kingmambo,サドラーズギャル,Riverman,Regal Exception,カンパラ,Severn Bridge,Nureyev,Skillful Joy,Deputy Minister,Mitterand,サンデーサイレンス,バレークイーン,Hail to Reason,Cosmah,Understanding,Mountain Flower,Northern Dancer,Special,Hostage,Vaguely Royal,Mr. Prospector,Miesque,Sadler's Wells,Glenveagh,Never Bend,River Lady,Ribot,Rajput Princess,Kalamoun,State Pension,Hornbeam,Priddy Fair,Northern Dancer,Special,Nodouble,Skillful Miss,Vice Regent,Mint Copy,Hold Your Peace,Laredo Lass,Halo,Wishing Well,Sadler's Wells,Sun Princess
202606010104,8,ダート,1800,稍重,未勝利,ゴールドシップ,ディスポーザブルプレジャー,ステイゴールド,ポイントフラッグ,Giacomo,My Canada,サンデーサイレンス,ゴールデンサッシュ,メジロマックイーン,パストラリズム,Holy Bull,Set Them Free,With Approval,My Sweet Country,Halo,Wishing Well,ディクタス,ダイナサッシュ,メジロティターン,メジロオーロラ,プルラリズム,トクノエイティー,Great Above,Sharon Brown,Stop the Music,Valseuse,Caro,Passing Mood,Bold Ruckus,Devinette,Hail to Reason,Cosmah,Understanding,Mountain Flower,Sanctus,Doronic,ノーザンテースト,ロイヤルサッシュ,メジロアサマ,シエリル,リマンド,メジロアイリス,The Minstrel,Cambretta,トライバルチーフ,アイアンルビー,Minnesota Mac,Ta Wee,Al Hattab,Agathea's Dawn,Hail to Reason,Bebopper,Tyrant,Barbarossa,フォルティノ,Chambord,Buckpasser,Cool Mood,Boldnesian,Raise a Ruckus,Secretariat,Respond
202606010104,9,ダート,1800,稍重,未勝利,コパノリッキー,テーオーキャンディ,ゴールドアリュール,コパノニキータ,エイシンフラッシュ,キャンディーストア,サンデーサイレンス,ニキーヤ,ティンバーカントリー,ニホンピロローズ,キングズベスト,ムーンレディ,スペシャルウィーク,フサイチハッスル,Halo,Wishing Well,Nureyev,Reluctant Guest,Woodman,Fall Aspen,トニービン,ウェディングブーケ,Kingmambo,Allegretta,Platini,Midnight Fever,サンデーサイレンス,キャンペンガール,トニービン,ダイナシュガー,Hail to Reason,Cosmah,Understanding,Mountain Flower,Northern Dancer,Special,Hostage,Vaguely Royal,Mr. Prospector,プレイメイト,Pretense,Change Water,カンパラ,Severn Bridge,リアルシャダイ,アリーウイン,Mr. Prospector,Miesque,Lombard,Anatevka,Surumu,Prairie Darling,Sure Blade,Majoritat,Halo,Wishing Well,マルゼンスキー,レディーシラオキ,カンパラ,Severn Bridge,ノーザンテースト,サンドラターフ
202606010104,10,ダート,1800,稍重,未勝利,アメリカンペイトリオット,マオノココロ,War Front,Life Well Lived,ヴァーミリアン,キスアンドクライ,Danzig,Starry Dreamer,Tiznow,Well Dressed,エルコンドルパサー,スカーレットレディ,タイキシャトル,ペリウィンクル,Northern Dancer,Pas de Nom,Rubiano,Lara's Star,Cee's Tizzy,Cee's Song,Notebook,Trithenia,Kingmambo,サドラーズギャル,サンデーサイレンス,スカーレットローズ,Devil's Bag,ウェルシュマフィン,フォーティナイナー,ダジルミージョリエ,Nearctic,Natalma,Admiral's Voyage,Petitioner,Fappiano,Ruby Slippers,Forli,True Reality,Relaunch,テイズリー,Seattle Song,Lonely Dancer,Well Decorated,Mobcap,Gold Meridian,Tri Argo,Mr. Prospector,Miesque,Sadler's Wells,Glenveagh,Halo,Wishing Well,ノーザンテースト,スカーレットインク,Halo,Ballade,Caerleon,Muffitys,Mr. Prospector,File,Carr de Naskra,Mawgrit
202606010104,11,ダート,1800,稍重,未勝利,アメリカンペイトリオット,アンシャンテ,War Front,Life Well Lived,エピファネイア,ハートフルデイズ,Danzig,Starry Dreamer,Tiznow,Well Dressed,シンボリクリスエス,シーザリオ,キングカメハメハ,グローリアスデイズ,Northern Dancer,Pas de Nom,Rubiano,Lara's Star,Cee's Tizzy,Cee's Song,Notebook,Trithenia,Kris S.,Tee Kay,スペシャルウィーク,キロフプリミエール,Kingmambo,マンファス,サンデーサイレンス,グレースアドマイヤ,Nearctic,Natalma,Admiral's Voyage,Petitioner,Fappiano,Ruby Slippers,Forli,True Reality,Relaunch,テイズリー,Seattle Song,Lonely Dancer,Well Decorated,Mobcap,Gold Meridian,Tri Argo,Roberto,Sharp Queen,Gold Meridian,Tri Argo,サンデーサイレンス,キャンペンガール,Sadler's Wells,Querida,Mr. Prospector,Miesque,ラストタイクーン,Pilot Bird,Halo,Wishing Well,トニービン,バレークイーン
202606010104,12,ダート,1800,稍重,未勝利,アメリカンペイトリオット,ユリカチャン,War Front,Life Well Lived,ゴールドアリュール,オージーカンパニー,Danzig,Starry Dreamer,Tiznow,Well Dressed,サンデーサイレンス,ニキーヤ,Catrail,Irish Company,Northern Dancer,Pas de Nom,Rubiano,Lara's Star,Cee's Tizzy,Cee's Song,Notebook,Trithenia,Halo,Wishing Well,Nureyev,Reluctant Guest,Storm Cat,Tough as Nails,Irish River,バブルカンパニー,Nearctic,Natalma,Admiral's Voyage,Petitioner,Fappiano,Ruby Slippers,Forli,True Reality,Relaunch,テイズリー,Seattle Song,Lonely Dancer,Well Decorated,Mobcap,Gold Meridian,Tri Argo,Hail to Reason,Cosmah,Understanding,Mountain Flower,Northern Dancer,Special,Hostage,Vaguely Royal,Storm Bird,Terlingua,Majestic Light,Hardliner,Riverman,Irish Star,Lyphard,Prodice
202606010105,1,芝,1600,良,未勝利,ミッキーアイル,ネオイリュージョン,ディープインパクト,スターアイル,ネオユニヴァース,マンファス,サンデーサイレンス,ウインドインハーヘア,ロックオブジブラルタル,アイルドフランス,サンデーサイレンス,ポインテッドパス,ラストタイクーン,Pilot Bird,Halo,Wishing Well,Alzao,Burghclere,デインヒル,Offshore Boom,Nureyev,ステラマドリッド,Halo,Wishing Well,Kris,Silken Way,トライマイベスト,Mill Princess,Blakeney,The Dancer,Hail to Reason,Cosmah,Understanding,Mountain Flower,Lyphard,Lady Rebecca,Busted,Highclere,Danzig,Razyana,Be My Guest,Push a Button,Northern Dancer,Special,Alydar,My Juliet,Hail to Reason,Cosmah,Understanding,Mountain Flower,Sharpen Up,Doubly Sure,Shantung,Boulevard,Northern Dancer,Sex Appeal,Mill Reef,Irish Lass,Hethersett,Windmill Girl,Green Dancer,Khazaeen
202606010105,2,芝,1600,良,未勝利,アドマイヤマーズ,エンジェルドンキ,ダイワメジャー,ヴィアメディチ,ディープインパクト,トレノエンジェル,サンデーサイレンス,スカーレットブーケ,Medicean,Via Milano,サンデーサイレンス,ウインドインハーヘア,タイキシャトル,アスクコマンダー,Halo,Wishing Well,ノーザンテースト,スカーレットインク,Machiavellian,Mystic Goddess,Singspiel,Salvinaxia,Halo,Wishing Well,Alzao,Burghclere,Devil's Bag,ウェルシュマフィン,コマンダーインチーフ,エイブルカグラ,Hail to Reason,Cosmah,Understanding,Mountain Flower,Northern Dancer,Lady Victoria,Crimson Satan,Consentida,Mr. Prospector,Coup de Folie,Storm Bird,Rose Goddess,In the Wings,Glorious Song,Linamix,Salve,Hail to Reason,Cosmah,Understanding,Mountain Flower,Lyphard,Lady Rebecca,Busted,Highclere,Halo,Ballade,Caerleon,Muffitys,ダンシングブレーヴ,Slightly Dangerous,ジェイドロバリー,シャダイカグラ
202606010105,3,芝,1600,良,未勝利,サングレーザー,スキャットレディビーダンシング,ディープインパクト,マンティスハント,Scat Daddy,La Violette,サンデーサイレンス,ウインドインハーヘア,Deputy Minister,ウィッチフルシンキング,ヨハネスブルグ,Love Style,コロナドズクエスト,Comical Cat,Halo,Wishing Well,Alzao,Burghclere,Vice Regent,Mint Copy,Lord Avie,Halloween Joy,ヘネシー,Myth,Mr. Prospector,Likeable Style,フォーティナイナー,Laughing Look,Exceller,Six Months Long,Hail to Reason,Cosmah,Understanding,Mountain Flower,Lyphard,Lady Rebecca,Busted,Highclere,Northern Dancer,Victoria Regina,Bunty's Flight,Shakney,Lord Gaylord,Avie,Exuberant,Halloween,Storm Cat,Island Kitty,オジジアン,Yarn,Raise a Native,Gold Digger,Nijinsky,Personable Lady,Mr. Prospector,File,Damascus,Laughter,Vaguely Noble,Too Bald,Northern Dancer,Prime Time
202606010105,4,芝,1600,良,未勝利,ダノンプレミアム,シーソルティキッス,ディープインパクト,インディアナギャル,キングカメハメハ,ソルティビッド,サンデーサイレンス,ウインドインハーヘア,Intikhab,Genial Jenny,Kingmambo,マンファス,Salt Lake,Piper Piper,Halo,Wishing Well,Alzao,Burghclere,Red Ransom,Crafty Example,デインヒル,Joma Kaanem,Mr. Prospector,Miesque,ラストタイクーン,Pilot Bird,Deputy Minister,Take Lady Anne,Spectacular Bid,Alvarada,Hail to Reason,Cosmah,Understanding,Mountain Flower,Lyphard,Lady Rebecca,Busted,Highclere,Roberto,アラビア,Crafty Prospector,Zienelle,Danzig,Razyana,Double Form,Ash Lawn,Raise a Native,Gold Digger,Nureyev,Pasadoble,トライマイベスト,Mill Princess,Blakeney,The Dancer,Vice Regent,Mint Copy,Queen City Lad,Lovita H.,Bold Bidder,Spectacular,Hard Work,Easterborn
202606010105,5,芝,1600,良,未勝利,レイデオロ,アシュリン,キングカメハメハ,ラドラーダ,マンハッタンカフェ,アンティックドール,Kingmambo,マンファス,シンボリクリスエス,レディブロンド,サンデーサイレンス,サトルチェンジ,Fusaichi Pegasus,Antique Auction,Mr. Prospector,Miesque,ラストタイクーン,Pilot Bird,Kris S.,Tee Kay,Seeking the Gold,ウインドインハーヘア,Halo,Wishing Well,Law Society,Santa Luciana,Mr. Prospector,Angel Fever,Geiger Counter,オールドスタッフ,Raise a Native,Gold Digger,Nureyev,Pasadoble,トライマイベスト,Mill Princess,Blakeney,The Dancer,Roberto,Sharp Queen,Gold Meridian,Tri Argo,Mr. Prospector,Con Game,Alzao,Burghclere,Hail to Reason,Cosmah,Understanding,Mountain Flower,Alleged,Bold Bikini,Luciano,Suleika,Raise a Native,Gold Digger,Danzig,Rowdy Angel,Mr. Prospector,Thong,Irish River,アンティックヴァリュー
202606010105,6,芝,1600,良,未勝利,ダノンプレミアム,クイーンオブハルカ,ディープインパクト,インディアナギャル,Singspiel,クイーンオブスターズ,サンデーサイレンス,ウインドインハーヘア,Intikhab,Genial Jenny,In the Wings  In The Wings,Glorious Song,Green Desert,Queen Catherine,Halo,Wishing Well,Alzao,Burghclere,Red Ransom,Crafty Example,デインヒル,Joma Kaanem,Sadler's Wells,High Hawk,Halo,Ballade,Danzig,Foreign Courier,Machiavellian,Russian Royal,Hail to Reason,Cosmah,Understanding,Mountain Flower,Lyphard,Lady Rebecca,Busted,Highclere,Roberto,アラビア,Crafty Prospector,Zienelle,Danzig,Razyana,Double Form,Ash Lawn,Northern Dancer,Fairy Bridge,Shirley Heights,Sunbittern,Hail to Reason,Cosmah,Herbager,Miss Swapsco,Northern Dancer,Pas de Nom,Sir Ivor,Courtly Dee,Mr. Prospector,Coup de Folie,Nureyev,Princess Karenda
202606010105,7,芝,1600,良,未勝利,ガルボ,アドリアーネ,マンハッタンカフェ,ヤマトダマシイ,アグネスデジタル,ダイイチサクラ,サンデーサイレンス,サトルチェンジ,ジェネラス,ハハゴゼン,Crafty Prospector,Chancey Squaw,サンデーサイレンス,ダイイチフローネ,Halo,Wishing Well,Law Society,Santa Luciana,Caerleon,Doff the Derby,ファストトパーズ,ケイテイルート,Mr. Prospector,Real Crafty Lady,Chief's Crown,Allicance,Halo,Wishing Well,リアルシャダイ,レガシーオブストレングス,Hail to Reason,Cosmah,Understanding,Mountain Flower,Alleged,Bold Bikini,Luciano,Suleika,Nijinsky,Foreseer,Master Derby,Margarethen,Far North,Pink Topaze,ダンディルート,タイズキ,Raise a Native,Gold Digger,In Reality,Princess Roycraft,Danzig,Six Crowns,Alleged,Runaway Bride,Hail to Reason,Cosmah,Understanding,Mountain Flower,Roberto,Desert Vixen,Affirmed,Katonka
202606010105,8,芝,1600,良,未勝利,アドマイヤマーズ,ハヴユーゴーンアウェイ,ダイワメジャー,ヴィアメディチ,Congrats,One Wise Cowgirl,サンデーサイレンス,スカーレットブーケ,Medicean,Via Milano,A.P. Indy,Praise,Wiseman's Ferry,Star One One,Halo,Wishing Well,ノーザンテースト,スカーレットインク,Machiavellian,Mystic Goddess,Singspiel,Salvinaxia,Seattle Slew,Weekend Surprise,Mr. Prospector,Wild Applause,ヘネシー,Emmaus,Caller I. D.,Majestic Karen,Hail to Reason,Cosmah,Understanding,Mountain Flower,Northern Dancer,Lady Victoria,Crimson Satan,Consentida,Mr. Prospector,Coup de Folie,Storm Bird,Rose Goddess,In the Wings,Glorious Song,Linamix,Salve,Bold Reasoning,My Charmer,Secretariat,Lassie Dear,Raise a Native,Gold Digger,Northern Dancer,Glowing Tribute,Storm Cat,Island Kitty,Silver Deputy,La Affirmed,Phone Trick,Plagiarizing,His Majesty,Karen R.
202606010105,9,芝,1600,良,未勝利,ダノンプレミアム,フルオブドリームズ,ディープインパクト,インディアナギャル,Dream Ahead,Leopoldine,サンデーサイレンス,ウインドインハーヘア,Intikhab,Genial Jenny,ディクタット,Land of Dreams,Desert Prince,Beaming,Halo,Wishing Well,Alzao,Burghclere,Red Ransom,Crafty Example,デインヒル,Joma Kaanem,ウォーニング,アルヴォラ,Cadeaux Genereux,Sahara Star,Green Desert,Flying Fairy,Mtoto,Glancing,Hail to Reason,Cosmah,Understanding,Mountain Flower,Lyphard,Lady Rebecca,Busted,Highclere,Roberto,アラビア,Crafty Prospector,Zienelle,Danzig,Razyana,Double Form,Ash Lawn,Known Fact,Slightly Dangerous,Sadler's Wells,Park Appeal,Young Generation,Smarten Up,Green Desert,Vaigly Star,Danzig,Foreign Courier,Bustino,Fairy Footsteps,Busted,Amazer,グランディ,Splashing
202606010105,10,芝,1600,良,未勝利,ヤマカツエース,フェアリーリング,キングカメハメハ,ヤマカツマリリン,ワールドエース,フォーモサマンボ,Kingmambo,マンファス,グラスワンダー,イクセプトフォーワンダ,ディープインパクト,マンデラ,ノボジャック,リアフォーモサ,Mr. Prospector,Miesque,ラストタイクーン,Pilot Bird,Silver Hawk,Ameriflora,Tejabo,Unique Gal,サンデーサイレンス,ウインドインハーヘア,Acatenango,Mandellicht,フレンチデピュティ,フライトオブエンジェルス,Nureyev,Sex Appeal,Raise a Native,Gold Digger,Nureyev,Pasadoble,トライマイベスト,Mill Princess,Blakeney,The Dancer,Roberto,Gris Vitesse,Danzig,Graceful Touch,Deputy Minister,Cutty,Bold Ruckus,Spin to Win,Halo,Wishing Well,Alzao,Burghclere,Surumu,Aggravate,Be My Guest,Mandelauge,Deputy Minister,Mitterand,アフリート,Intently,Northern Dancer,Special,Buckpasser,Best in Show
202606010105,11,芝,1600,良,未勝利,ヤングマンパワー,アプローズユウ,スニッツェル,スナップショット,ルーラーシップ,アユサン,Redoute's Choice,Snippets' Lass,サンデーサイレンス,ルフィーラ,キングカメハメハ,エアグルーヴ,ディープインパクト,バイザキャット,デインヒル,Shantha's Choice,Snippets,Snow Finch,Halo,Wishing Well,Nureyev,River Memories,Kingmambo,マンファス,トニービン,ダイナカール,サンデーサイレンス,ウインドインハーヘア,Storm Cat,Buy the Firm,Danzig,Razyana,Canny Lad,Dancing Show,Lunchtime,Easy Date,Storm Bird,A Realgirl,Hail to Reason,Cosmah,Understanding,Mountain Flower,Northern Dancer,Special,Riverman,Le Vague a l'Ame,Mr. Prospector,Miesque,ラストタイクーン,Pilot Bird,カンパラ,Severn Bridge,ノーザンテースト,シャダイフェザー,Halo,Wishing Well,Alzao,Burghclere,Storm Bird,Terlingua,Affirmed,By the Hand
202606010105,12,芝,1600,良,未勝利,ベンバトル,シンボリバーグ,Dubawi,Nahrain,ダイワメジャー,スポークンファー,Dubai Millennium,Zomaradah,Selkirk,Bahr,サンデーサイレンス,スカーレットブーケ,Notebook,Siberian Fur,Seeking the Gold,Colorado Dancer,Deploy,Jawaher,Sharpen Up,Annie Edge,ジェネラス,Lady of the Sea,Halo,Wishing Well,ノーザンテースト,スカーレットインク,Well Decorated,Mobcap,Siberian Express,Siksika,Mr. Prospector,Con Game,Shareef Dancer,Fall Aspen,Shirley Heights,Slightly Dangerous,ダンシングブレーヴ,High Tern,エタン,Rocchetta,Nebbiolo,Friendly Court,Caerleon,Doff the Derby,Mill Reef,La Mer,Hail to Reason,Cosmah,Understanding,Mountain Flower,Northern Dancer,Lady Victoria,Crimson Satan,Consentida,Raja Baba,Paris Breeze,Tom Rolfe,Cap and Bells,Caro,Indian Call,Quack,Salmon Lake
202606010105,13,芝,1600,良,未勝利,ミスターメロディ,チェリーシェル,Scat Daddy,Trusty Lady,サクラバクシンオー,キュートネス,ヨハネスブルグ,Love Style,Deputy Minister,Klassy Kim,サクラユタカオー,サクラハゴロモ,フォーティナイナー,Gana,ヘネシー,Myth,Mr. Prospector,Likeable Style,Vice Regent,Mint Copy,Silent Screen,クールアライヴァル,テスコボーイ,アンジェリカ,ノーザンテースト,クリアアンバー,Mr. Prospector,File,Smile,Gana Facil,Storm Cat,Island Kitty,オジジアン,Yarn,Raise a Native,Gold Digger,Nijinsky,Personable Lady,Northern Dancer,Victoria Regina,Bunty's Flight,Shakney,Prince John,Prayer Bell,Relaunch,Irish Arrival,Princely Gift,Suncourt,ネヴァービート,スターハイネス,Northern Dancer,Lady Victoria,Ambiopoise,One Clear Call,Raise a Native,Gold Digger,Tom Rolfe,Continue,In Reality,Sunny Smile,Le Fabuleux,Charedi
202606010105,14,芝,1600,良,未勝利,サトノダイヤモンド,トゥエルブナインズ,ディープインパクト,マルペンサ,ハービンジャー,ロスグラシアレス,サンデーサイレンス,ウインドインハーヘア,Orpen,Marsella,Dansili,Penang Pearl,シンボリクリスエス,ロスマリヌス,Halo,Wishing Well,Alzao,Burghclere,Lure,Bonita Francita,サザンヘイロー,Riviere,デインヒル,Hasili,Bering,Guapa,Kris S.,Tee Kay,サンデーサイレンス,アンブロジン,Hail to Reason,Cosmah,Understanding,Mountain Flower,Lyphard,Lady Rebecca,Busted,Highclere,Danzig,Endear,Devil's Bag,Raise the Standard,Halo,Northern Sea,Logical,Talonada,Danzig,Razyana,Kahyasi,Kerali,Arctic Tern,Beaune,Shareef Dancer,Sauceboat,Roberto,Sharp Queen,Gold Meridian,Tri Argo,Halo,Wishing Well,Mr. Prospector,バラダ
202606010105,15,芝,1600,良,未勝利,ゴールドシップ,ポップソング,ステイゴールド,ポイントフラッグ,New Approach,Lyric of Light,サンデーサイレンス,ゴールデンサッシュ,メジロマックイーン,パストラリズム,Galileo,Park Express,Street Cry,Suez,Halo,Wishing Well,ディクタス,ダイナサッシュ,メジロティターン,メジロオーロラ,プルラリズム,トクノエイティー,Sadler's Wells,Urban Sea,Ahonoora,Matcher,Machiavellian,Helen Street,Green Desert,Repeat Warning,Hail to Reason,Cosmah,Understanding,Mountain Flower,Sanctus,Doronic,ノーザンテースト,ロイヤルサッシュ,メジロアサマ,シエリル,リマンド,メジロアイリス,The Minstrel,Cambretta,トライバルチーフ,アイアンルビー,Northern Dancer,Fairy Bridge,Miswaki,Allegretta,Lorenzaccio,Helen Nichols,Match,Lachine,Mr. Prospector,Coup de Folie,Troy,Waterway,Danzig,Foreign Courier,ウォーニング,Reprocolor
202606010105,16,芝,1600,良,未勝利,スズカコーズウェイ,クラリティーエス,Giant's Causeway,フレンチリヴィエラ,シンボリクリスエス,キラリダイヤモンド,Storm Cat,Mariah's Storm,フレンチデピュティ,Actinella,Kris S.,Tee Kay,フジキセキ,ブリリアントカット,Storm Bird,Terlingua,Rahy,イメンス,Deputy Minister,Mitterand,Seattle Slew,Aerturas,Roberto,Sharp Queen,Gold Meridian,Tri Argo,サンデーサイレンス,ミルレーサー,ノーザンテースト,ジエヌインダイアモンド,Northern Dancer,South Ocean,Secretariat,Crimson Saint,Blushing Groom,Glorious Song,Roberto,Imsodear,Vice Regent,Mint Copy,Hold Your Peace,Laredo Lass,Bold Reasoning,My Charmer,マナード,Amiel,Hail to Reason,Bramalea,Princequillo,Bridgework,Seattle Slew,Queen Louie,Tri Jet,Hail Proudly,Halo,Wishing Well,Le Fabuleux,Marston's Mill,Northern Dancer,Lady Victoria,Irish Ruler,Diamonds for Dolly
202606010106,1,芝,2000,良,新馬,ドレフォン,ラスティングソング,Gio Ponti,Eltimaas,フジキセキ,ハルーワソング,Tale of the Cat,Chipeta Springs,Ghostzapper,Najecam,サンデーサイレンス,ミルレーサー,Nureyev,Morn of Song,Storm Cat,Yarn,Alydar,Salt Spring,Awesome Again,Baby Zip,Trempolino,Sue Warner,Halo,Wishing Well,Le Fabuleux,Marston's Mill,Northern Dancer,Special,Blushing Groom,Glorious Song,Storm Bird,Terlingua,Mr. Prospector,Narrate,Raise a Native,Sweet Tooth,Salt Marsh,Jungle Mythologic,Deputy Minister,Primal Force,Relaunch,Thirty Zip,Sharpen Up,Trephine,Forli,Bitty Girl,Hail to Reason,Cosmah,Understanding,Mountain Flower,Wild Risk,Anguar,In Reality,Millicent,Nearctic,Natalma,Forli,Thong,Red God,Runaway Bride,Halo,Ballade
202606010106,2,芝,2000,良,新馬,ディープブリランテ,ナムラメルシー,ディープインパクト,ラヴアンドバブルズ,エンパイアメーカー,ディアナムラ,サンデーサイレンス,ウインドインハーヘア,Loup Sauvage,バブルドリーム,Unbridled,Toussaud,ザッツザプレンティ,フローラルマジック,Halo,Wishing Well,Alzao,Burghclere,Riverman,Louveterie,Akarad,バブルプロスペクター,Fappiano,Gana Facil,El Gran Senor,Image of Reality,ダンスインザダーク,バブルプロスペクター,Affirmed,Rare Lady,Hail to Reason,Cosmah,Understanding,Mountain Flower,Lyphard,Lady Rebecca,Busted,Highclere,Never Bend,River Lady,Nureyev,Lupe,Labus,Licata,Miswaki,バブルカンパニー,Mr. Prospector,Killaloe,Le Fabuleux,Charedi,Northern Dancer,Sex Appeal,In Reality,Edee's Image,サンデーサイレンス,ダンシングキイ,Miswaki,バブルカンパニー,Exclusive Native,Won't Tell You,Never Bend,Double Agent
202606010106,3,芝,2000,良,新馬,リアルスティール,ノリミ,ディープインパクト,ラヴズオンリーミー,サマーバード,フローラルホーム,サンデーサイレンス,ウインドインハーヘア,Storm Cat,Monevassia,Birdstone,Hong Kong Squall,ケイムホーム,タイキフローラ,Halo,Wishing Well,Alzao,Burghclere,Storm Bird,Terlingua,Mr. Prospector,Miesque,Grindstone,Dear Birdie,Summer Squall,Hong Kong Jade,Gone West,Nice Assay,タイキシャトル,マリエドゥジュワン,Hail to Reason,Cosmah,Understanding,Mountain Flower,Lyphard,Lady Rebecca,Busted,Highclere,Northern Dancer,South Ocean,Secretariat,Crimson Saint,Raise a Native,Gold Digger,Nureyev,Pasadoble,Unbridled,Buzz My Bell,Storm Bird,Hush Dear,Storm Bird,Weekend Surprise,Alysheba,Ruby Slippers,Mr. Prospector,Secrettame,Clever Trick,インフルヴユー,Devil's Bag,ウェルシュマフィン,General Assembly,ロイコン
202606010106,4,芝,2000,良,新馬,ハービンジャー,ベラフォレスタ,Dansili,Penang Pearl,ゼンノロブロイ,ラスリングカプス,デインヒル,Hasili,Bering,Guapa,サンデーサイレンス,ローミンレイチェル,Woodman,フィールディ,Danzig,Razyana,Kahyasi,Kerali,Arctic Tern,Beaune,Shareef Dancer,Sauceboat,Halo,Wishing Well,マイニング,One Smart Lady,Mr. Prospector,プレイメイト,Northfields,Gramy,Northern Dancer,Pas de Nom,His Majesty,Spring Adieu,イルドブルボン,Kadissya,High Line,Sookera,Sea-Bird,Bubbling Beauty,Lyphard,Barbra,Northern Dancer,Sweet Alliance,Connaught,Cranberry Sauce,Hail to Reason,Cosmah,Understanding,Mountain Flower,Mr. Prospector,I Pass,Clever Trick,Pia's Lady,Raise a Native,Gold Digger,Buckpasser,Intriguing,Northern Dancer,Little Hut,Tapioca,Gracile
202606010106,5,芝,2000,良,新馬,ハービンジャー,ロジマギーゴー,Dansili,Penang Pearl,ハーツクライ,ゴーマギーゴー,デインヒル,Hasili,Bering,Guapa,サンデーサイレンス,アイリッシュダンス,Ghostzapper,Magibel,Danzig,Razyana,Kahyasi,Kerali,Arctic Tern,Beaune,Shareef Dancer,Sauceboat,Halo,Wishing Well,トニービン,ビューパーダンス,Awesome Again,Baby Zip,Tale of the Cat,Marquetry Road,Northern Dancer,Pas de Nom,His Majesty,Spring Adieu,イルドブルボン,Kadissya,High Line,Sookera,Sea-Bird,Bubbling Beauty,Lyphard,Barbra,Northern Dancer,Sweet Alliance,Connaught,Cranberry Sauce,Hail to Reason,Cosmah,Understanding,Mountain Flower,カンパラ,Severn Bridge,Lyphard,My Bupers,Deputy Minister,Primal Force,Relaunch,Thirty Zip,Storm Cat,Yarn,Marquetry,Road to Heaven
202606010106,6,芝,2000,良,新馬,コントレイル,アーデルワイゼ,ディープインパクト,ロードクロサイト,エイシンフラッシュ,アーデルハイト,サンデーサイレンス,ウインドインハーヘア,Unbridled's Song,Folklore,キングズベスト,ムーンレディ,アグネスタキオン,ビワハイジ,Halo,Wishing Well,Alzao,Burghclere,Unbridled,Trolley Song,Tiznow,Contrive,Kingmambo,Allegretta,Platini,Midnight Fever,サンデーサイレンス,アグネスフローラ,Caerleon,アグサン,Hail to Reason,Cosmah,Understanding,Mountain Flower,Lyphard,Lady Rebecca,Busted,Highclere,Fappiano,Gana Facil,Caro,Lucky Spell,Cee's Tizzy,Cee's Song,Storm Cat,Jeano,Mr. Prospector,Miesque,Lombard,Anatevka,Surumu,Prairie Darling,Sure Blade,Majoritat,Halo,Wishing Well,ロイヤルスキー,アグネスレディー,Nijinsky,Foreseer,Lord Gayle,Santa Luciana
202606010106,7,芝,2000,良,新馬,キタサンブラック,イストワールファム,ブラックタイド,シュガーハート,ローエングリン,ヒストリックレディ,サンデーサイレンス,ウインドインハーヘア,サクラバクシンオー,オトメゴコロ,Singspiel,カーリング,ネオユニヴァース,ヒストリックスター,Halo,Wishing Well,Alzao,Burghclere,サクラユタカオー,サクラハゴロモ,ジャッジアンジェルーチ,テイズリー,In the Wings,Glorious Song,Garde Royale,Corraleja,サンデーサイレンス,ポインテッドパス,ファルブラヴ,ベガ,Hail to Reason,Cosmah,Understanding,Mountain Flower,Lyphard,Lady Rebecca,Busted,Highclere,テスコボーイ,アンジェリカ,ノーザンテースト,クリアアンバー,Honest Pleasure,Victorian Queen,Lyphard,Tizna,Sadler's Wells,High Hawk,Halo,Ballade,Mill Reef,Royal Way,Carvin,Darling Dale,Halo,Wishing Well,Kris,Silken Way,Fairy King,Gift of the Night,トニービン,アンティックヴァリュー
202606010106,8,芝,2000,良,新馬,レイデオロ,アロマドゥルセ,キングカメハメハ,ラドラーダ,ディープインパクト,ジャッキーテースト,Kingmambo,マンファス,シンボリクリスエス,レディブロンド,サンデーサイレンス,ウインドインハーヘア,カーネギー,ジャッキーマックス,Mr. Prospector,Miesque,ラストタイクーン,Pilot Bird,Kris S.,Tee Kay,Seeking the Gold,ウインドインハーヘア,Halo,Wishing Well,Alzao,Burghclere,Sadler's Wells,Detroit,Sexton Blake,Silver Spring,Raise a Native,Gold Digger,Nureyev,Pasadoble,トライマイベスト,Mill Princess,Blakeney,The Dancer,Roberto,Sharp Queen,Gold Meridian,Tri Argo,Mr. Prospector,Con Game,Alzao,Burghclere,Hail to Reason,Cosmah,Understanding,Mountain Flower,Lyphard,Lady Rebecca,Busted,Highclere,Northern Dancer,Fairy Bridge,Riverman,Derna,Blakeney,Mayo Blues,Match,Solitude
202606010106,9,芝,2000,良,新馬,アメリカンペイトリオット,トーセンネフティス,War Front,Life Well Lived,ディープインパクト,トーセンマッハ,Danzig,Starry Dreamer,Tiznow,Well Dressed,サンデーサイレンス,ウインドインハーヘア,ブライアンズタイム,フサイチフェスタ,Northern Dancer,Pas de Nom,Rubiano,Lara's Star,Cee's Tizzy,Cee's Song,Notebook,Trithenia,Halo,Wishing Well,Alzao,Burghclere,Roberto,Kelley's Day,Zabeel,レートフォーブレックファスト,Nearctic,Natalma,Admiral's Voyage,Petitioner,Fappiano,Ruby Slippers,Forli,True Reality,Relaunch,テイズリー,Seattle Song,Lonely Dancer,Well Decorated,Mobcap,Gold Meridian,Tri Argo,Hail to Reason,Cosmah,Understanding,Mountain Flower,Lyphard,Lady Rebecca,Busted,Highclere,Hail to Reason,Bramalea,Graustark,Golden Trail,Sir Tristram,Lady Giselle,Conquistarose,Kerry Lane
202606010106,10,芝,2000,良,新馬,モーリス,カーロバンビーナ,スクリーンヒーロー,メジロフランシス,ディープインパクト,カンビーナ,グラスワンダー,ランニングヒロイン,カーネギー,メジロモントレー,サンデーサイレンス,ウインドインハーヘア,Hawk Wing,Await,Silver Hawk,Ameriflora,サンデーサイレンス,ダイナアクトレス,Sadler's Wells,Detroit,モガミ,メジロクインシー,Halo,Wishing Well,Alzao,Burghclere,Woodman,La Lorgnette,パントレセレブル,Starring Role,Roberto,Gris Vitesse,Danzig,Graceful Touch,Halo,Wishing Well,ノーザンテースト,モデルスポート,Northern Dancer,Fairy Bridge,Riverman,Derna,Lyphard,ノーラック,フィディオン,メジロボサツ,Hail to Reason,Cosmah,Understanding,Mountain Flower,Lyphard,Lady Rebecca,Busted,Highclere,Mr. Prospector,プレイメイト,Val de l'Orne,The Temptress,Nureyev,Peinture Bleue,Glenstal,Tough Lady
202606010106,11,芝,2000,良,新馬,ベンバトル,コスモメリー,Dubawi,Nahrain,アドマイヤジャパン,ダンシングメリー,Dubai Millennium,Zomaradah,Selkirk,Bahr,サンデーサイレンス,ビワハイジ,シンボリルドルフ,フジノダンサー,Seeking the Gold,Colorado Dancer,Deploy,Jawaher,Sharpen Up,Annie Edge,ジェネラス,Lady of the Sea,Halo,Wishing Well,Caerleon,アグサン,パーソロン,スイートルナ,ダンシングキャップ,フジノトルス,Mr. Prospector,Con Game,Shareef Dancer,Fall Aspen,Shirley Heights,Slightly Dangerous,ダンシングブレーヴ,High Tern,エタン,Rocchetta,Nebbiolo,Friendly Court,Caerleon,Doff the Derby,Mill Reef,La Mer,Hail to Reason,Cosmah,Understanding,Mountain Flower,Nijinsky,Foreseer,Lord Gayle,Santa Luciana,Milesian,Paleo,スピードシンボリ,ダンスタイム,Native Dancer,Merry Madcap,ファバージ,ボンドセブン
202606010106,12,芝,2000,良,新馬,ダノンキングリー,レッドマニッシュ,ディープインパクト,マイグッドネス,シンボリクリスエス,スティンガー,サンデーサイレンス,ウインドインハーヘア,Storm Cat,Caressing,Kris S.,Tee Kay,サンデーサイレンス,レガシーオブストレングス,Halo,Wishing Well,Alzao,Burghclere,Storm Bird,Terlingua,Honour and Glory,Lovin Touch,Roberto,Sharp Queen,Gold Meridian,Tri Argo,Halo,Wishing Well,Affirmed,Katonka,Hail to Reason,Cosmah,Understanding,Mountain Flower,Lyphard,Lady Rebecca,Busted,Highclere,Northern Dancer,South Ocean,Secretariat,Crimson Saint,Relaunch,Fair to All,Majestic Prince,Forest Princess,Hail to Reason,Bramalea,Princequillo,Bridgework,Seattle Slew,Queen Louie,Tri Jet,Hail Proudly,Hail to Reason,Cosmah,Understanding,Mountain Flower,Exclusive Native,Won't Tell You,Minnesota Mac,Minnetonka
202606010106,13,芝,2000,良,新馬,ベンバトル,アンネリース,Dubawi,Nahrain,ヴィクトワールピサ,マンバラ,Dubai Millennium,Zomaradah,Selkirk,Bahr,ネオユニヴァース,ホワイトウォーターアフェア,Linamix,Do the Mambo,Seeking the Gold,Colorado Dancer,Deploy,Jawaher,Sharpen Up,Annie Edge,ジェネラス,Lady of the Sea,サンデーサイレンス,ポインテッドパス,Machiavellian,Much Too Risky,メンデス,Lunadix,Kingmambo,Garza,Mr. Prospector,Con Game,Shareef Dancer,Fall Aspen,Shirley Heights,Slightly Dangerous,ダンシングブレーヴ,High Tern,エタン,Rocchetta,Nebbiolo,Friendly Court,Caerleon,Doff the Derby,Mill Reef,La Mer,Halo,Wishing Well,Kris,Silken Way,Mr. Prospector,Coup de Folie,Bustino,Short Rations,ベリファ,Miss Carina,Breton,Lutine,Mr. Prospector,Miesque,Kris,Gabina
202606010106,14,芝,2000,良,新馬,ルーラーシップ,ショウナンバビアナ,キングカメハメハ,エアグルーヴ,ディープインパクト,シェイクズセレナーデ,Kingmambo,マンファス,トニービン,ダイナカール,サンデーサイレンス,ウインドインハーヘア,Unbridled's Song,Desert Stormer,Mr. Prospector,Miesque,ラストタイクーン,Pilot Bird,カンパラ,Severn Bridge,ノーザンテースト,シャダイフェザー,Halo,Wishing Well,Alzao,Burghclere,Unbridled,Trolley Song,Storm Cat,Breezy Stories,Raise a Native,Gold Digger,Nureyev,Pasadoble,トライマイベスト,Mill Princess,Blakeney,The Dancer,Kalamoun,State Pension,Hornbeam,Priddy Fair,Northern Dancer,Lady Victoria,ガーサント,パロクサイド,Hail to Reason,Cosmah,Understanding,Mountain Flower,Lyphard,Lady Rebecca,Busted,Highclere,Fappiano,Gana Facil,Caro,Lucky Spell,Storm Bird,Terlingua,Damascus,New Tune
202606010106,15,芝,2000,良,新馬,コントレイル,シムシマー,ディープインパクト,ロードクロサイト,Poet's Voice,Aaraas,サンデーサイレンス,ウインドインハーヘア,Unbridled's Song,Folklore,Dubawi,Bright Tiara,Haafhd,Adaala,Halo,Wishing Well,Alzao,Burghclere,Unbridled,Trolley Song,Tiznow,Contrive,Dubai Millennium,Zomaradah,Chief's Crown,Expressive Dance,Alhaarth,Al Bahathri,Sahm,Alshoowg,Hail to Reason,Cosmah,Understanding,Mountain Flower,Lyphard,Lady Rebecca,Busted,Highclere,Fappiano,Gana Facil,Caro,Lucky Spell,Cee's Tizzy,Cee's Song,Storm Cat,Jeano,Seeking the Gold,Colorado Dancer,Deploy,Jawaher,Danzig,Six Crowns,Riva Ridge,Exclusive Dancer,Unfuwain,Irish Valley,Blushing Groom,Chain Store,Mr. Prospector,Salsabil,Riverman,Ghashtah
202606010106,16,芝,2000,良,新馬,フィエールマン,デンバーテソーロ,ディープインパクト,リュヌドール,Violence,Cloud of Smoke,サンデーサイレンス,ウインドインハーヘア,Green Tune,Luth d'Or,Medaglia d'Oro,Violent Beauty,Smoke Glacken,Clouds of Gold,Halo,Wishing Well,Alzao,Burghclere,Green Dancer,Soundings,Noir Et Or,Viole d'Amour,El Prado,Cappucino Bay,Gone West,Storming Beauty,Two Punch,Majesty's Crown,Strike the Gold,Cloudy Colors,Hail to Reason,Cosmah,Understanding,Mountain Flower,Lyphard,Lady Rebecca,Busted,Highclere,Nijinsky,Green Valley,Mr. Prospector,Ocean's Answer,ラインゴールド,Pomme Rose,Luthier,Mandolinette,Sadler's Wells,Lady Capulet,Bailjumper,Dubbed In,Mr. Prospector,Secrettame,Storm Cat,Sky Beauty,Mr. Prospector,Heavenly Cause,Magesterial,Queen's Crown,Alydar,Majestic Gold,Personal Flag,Getoffofmycloud
202606010106,17,芝,2000,良,新馬,ブリックスアンドモルタル,テラノヴァ,Giant's Causeway,Beyond the Waves,ヴィクトワールピサ,エアトゥーレ,Storm Cat,Mariah's Storm,Ocean Crest,Excedent,ネオユニヴァース,ホワイトウォーターアフェア,トニービン,スキーパラダイス,Storm Bird,Terlingua,Rahy,イメンス,Storm Bird,S.S.Aroma,Exceller,Broadway Lullaby,サンデーサイレンス,ポインテッドパス,Machiavellian,Much Too Risky,カンパラ,Severn Bridge,Lyphard,Ski Goggle,Northern Dancer,South Ocean,Secretariat,Crimson Saint,Blushing Groom,Glorious Song,Roberto,Imsodear,Northern Dancer,South Ocean,Seattle Slew,Rare Bouquet,Vaguely Noble,Too Bald,Stage Door Johnny,リットルブレツシング,Halo,Wishing Well,Kris,Silken Way,Mr. Prospector,Coup de Folie,Bustino,Short Rations,Kalamoun,State Pension,Hornbeam,Priddy Fair,Northern Dancer,Goofed,ロイヤルスキー,Mississippi Siren
202606010107,1,ダート,1800,稍重,1勝クラス,ナダル,アデレードヒル,Blame,Ascending Angel,ゴールドヘイロー,レディビーナス,Arch,Liable,Pulpit,Solar Colony,サンデーサイレンス,ニアーザゴールド,Kingmambo,ユーザーフレンドリー,Kris S.,Aurora,Seeking the Gold,Bound,A.P. Indy,Preach,Pleasant Colony,Meteor Stage,Halo,Wishing Well,Seeking the Gold,ニヤー,Mr. Prospector,Miesque,Slip Anchor,Rostova,Roberto,Sharp Queen,Danzig,Althea,Mr. Prospector,Con Game,Nijinsky,Special,Seattle Slew,Weekend Surprise,Mr. Prospector,Narrate,His Majesty,Sun Colony,Stage Door Johnny,Northern Meteor,Hail to Reason,Cosmah,Understanding,Mountain Flower,Mr. Prospector,Con Game,Northern Dancer,Far,Raise a Native,Gold Digger,Nureyev,Pasadoble,Shirley Heights,Sayonara,Blakeney,Poppy Day
202606010107,2,ダート,1800,稍重,1勝クラス,ドレフォン,メリーウィドウ,Gio Ponti,Eltimaas,ゴールドアリュール,ウエディングメリー,Tale of the Cat,Chipeta Springs,Ghostzapper,Najecam,サンデーサイレンス,ニキーヤ,アフリート,ジュエルダンサー,Storm Cat,Yarn,Alydar,Salt Spring,Awesome Again,Baby Zip,Trempolino,Sue Warner,Halo,Wishing Well,Nureyev,Reluctant Guest,Mr. Prospector,Polite Lady,Riverman,ジェミニスター,Storm Bird,Terlingua,Mr. Prospector,Narrate,Raise a Native,Sweet Tooth,Salt Marsh,Jungle Mythologic,Deputy Minister,Primal Force,Relaunch,Thirty Zip,Sharpen Up,Trephine,Forli,Bitty Girl,Hail to Reason,Cosmah,Understanding,Mountain Flower,Northern Dancer,Special,Hostage,Vaguely Royal,Raise a Native,Gold Digger,Venetian Jester,Friendly Ways,Never Bend,River Lady,Nijinsky,Laura's Star
202606010107,3,ダート,1800,稍重,1勝クラス,ディーマジェスティ,ディアレストトリックスキ,ディープインパクト,エルメスティアラ,Proudest Romeo,Trickski,サンデーサイレンス,ウインドインハーヘア,ブライアンズタイム,シンコウエルメス,Proud Truth,Dearest Indu,Peteski,Explosive Trick,Halo,Wishing Well,Alzao,Burghclere,Roberto,Kelley's Day,Sadler's Wells,Doff the Derby,Graustark,Wake Robin,Full Pocket,Capulet,Affirmed,ビベ,Phone Trick,Miss Rock Island,Hail to Reason,Cosmah,Understanding,Mountain Flower,Lyphard,Lady Rebecca,Busted,Highclere,Hail to Reason,Bramalea,Graustark,Golden Trail,Northern Dancer,Fairy Bridge,Master Derby,Margarethen,Ribot,Flower Bowl,Summer Tan,War Ribbon,Olden Times,Dearest Mommy,Gallant Romeo,Indaba,Exclusive Native,Won't Tell You,Nureyev,ビバレジナ,Clever Trick,Over the Phone,Explodent,Look Out Liz
202606010107,4,ダート,1800,稍重,1勝クラス,モーニン,トウカイネオ,ヘニーヒューズ,Giggly,ハービンジャー,トウカイパステル,ヘネシー,Meadow Flyer,Distorted Humor,Chaste,Dansili,Penang Pearl,サンデーサイレンス,トウカイミヤビ,Storm Cat,Island Kitty,Meadowlake,Shortley,フォーティナイナー,Danzig's Beauty,Cozzene,Purity,デインヒル,Hasili,Bering,Guapa,Halo,Wishing Well,マルゼンスキー,タイヨウスズラン,Storm Bird,Terlingua,Hawaii,T. C. Kitten,Hold Your Peace,Suspicious Native,Hagley,Short Winded,Mr. Prospector,File,Danzig,Sweetest Chant,Caro,Ride the Trails,Fappiano,Dame Mysterieuse,Danzig,Razyana,Kahyasi,Kerali,Arctic Tern,Beaune,Shareef Dancer,Sauceboat,Hail to Reason,Cosmah,Understanding,Mountain Flower,Nijinsky,シル,ファラモンド,シンスズラン
202606010107,5,ダート,1800,稍重,1勝クラス,サトノダイヤモンド,トールディクイント,ディープインパクト,マルペンサ,Sea The Stars Sea the Stars,Aquila D'oriente,サンデーサイレンス,ウインドインハーヘア,Orpen,Marsella,Cape Cross,Urban Sea,Dubawi,Fanofadiga,Halo,Wishing Well,Alzao,Burghclere,Lure,Bonita Francita,サザンヘイロー,Riviere,Green Desert,Park Appeal,Miswaki,Allegretta,Dubai Millennium,Zomaradah,Alzao,Gift of the Night,Hail to Reason,Cosmah,Understanding,Mountain Flower,Lyphard,Lady Rebecca,Busted,Highclere,Danzig,Endear,Devil's Bag,Raise the Standard,Halo,Northern Sea,Logical,Talonada,Danzig,Foreign Courier,Ahonoora,Balidaress,Mr. Prospector,Hopespringseternal,Lombard,Anatevka,Seeking the Gold,Colorado Dancer,Deploy,Jawaher,Lyphard,Lady Rebecca,Slewpy,Little Nana
202606010107,6,ダート,1800,稍重,1勝クラス,デクラレーションオブウォー,ミニョンレーヌ,War Front,Tempo West,ディープインパクト,ルンバブギー,Danzig,Starry Dreamer,Rahy,Tempo,サンデーサイレンス,ウインドインハーヘア,Rainbow Quest,キーフライヤー,Northern Dancer,Pas de Nom,Rubiano,Lara's Star,Blushing Groom,Glorious Song,Gone West,Terpsichorist,Halo,Wishing Well,Alzao,Burghclere,Blushing Groom,I Will Follow,Nijinsky,Key Partner,Nearctic,Natalma,Admiral's Voyage,Petitioner,Fappiano,Ruby Slippers,Forli,True Reality,Red God,Runaway Bride,Halo,Ballade,Mr. Prospector,Secrettame,Nijinsky,Glad Rags,Hail to Reason,Cosmah,Understanding,Mountain Flower,Lyphard,Lady Rebecca,Busted,Highclere,Red God,Runaway Bride,Herbager,Where You Lead,Northern Dancer,Flaming Page,Key to the Mint,Native Partner
202606010107,7,ダート,1800,稍重,1勝クラス,シルバーステート,アンシャンテルール,ディープインパクト,シルヴァースカヤ,キングヘイロー,エリモシューテング,サンデーサイレンス,ウインドインハーヘア,Silver Hawk,Boubskaia,ダンシングブレーヴ,グッバイヘイロー,テスコボーイ,デプグリーフ,Halo,Wishing Well,Alzao,Burghclere,Roberto,Gris Vitesse,Niniski,Frenetique,Lyphard,Navajo Princess,Halo,Pound Foolish,Princely Gift,Suncourt,Vaguely Noble,デプス,Hail to Reason,Cosmah,Understanding,Mountain Flower,Lyphard,Lady Rebecca,Busted,Highclere,Hail to Reason,Bramalea,Amerigo,Matchiche,Nijinsky,Virginia Hills,Tyrant,Femina,Northern Dancer,Goofed,Drone,Olmec,Hail to Reason,Cosmah,Sir Ivor,Squander,Nasrullah,Blue Gem,Hyperion,Inquisition,ヴィエナ,Noble Lassie,Buckpasser,Batteur
202606010107,8,ダート,1800,稍重,1勝クラス,ルーラーシップ,テンサイドカップ,キングカメハメハ,エアグルーヴ,スピルバーグ,レイクサイドカップ,Kingmambo,マンファス,トニービン,ダイナカール,ディープインパクト,プリンセスオリビア,Salt Lake,Tricki Mae,Mr. Prospector,Miesque,ラストタイクーン,Pilot Bird,カンパラ,Severn Bridge,ノーザンテースト,シャダイフェザー,サンデーサイレンス,ウインドインハーヘア,Lycius,Dance Image,Deputy Minister,Take Lady Anne,Phone Trick,Pamela Kay,Raise a Native,Gold Digger,Nureyev,Pasadoble,トライマイベスト,Mill Princess,Blakeney,The Dancer,Kalamoun,State Pension,Hornbeam,Priddy Fair,Northern Dancer,Lady Victoria,ガーサント,パロクサイド,Halo,Wishing Well,Alzao,Burghclere,Mr. Prospector,Lypatia,Sadler's Wells,Diamond Spring,Vice Regent,Mint Copy,Queen City Lad,Lovita H.,Clever Trick,Over the Phone,Hold Your Peace,Proven Right
202606010107,9,ダート,1800,稍重,1勝クラス,タリスマニック,ポーズ,Medaglia d'Oro,Magic Mission,ゼンノロブロイ,スプリングタイムロマンス,El Prado,Cappucino Bay,Machiavellian,Dream Ticket,サンデーサイレンス,ローミンレイチェル,Kris S.,Khamsin,Sadler's Wells,Lady Capulet,Bailjumper,Dubbed In,Mr. Prospector,Coup de Folie,Danzig,Capo Di Monte,Halo,Wishing Well,マイニング,One Smart Lady,Roberto,Sharp Queen,Mr. Prospector,Stormette,Northern Dancer,Fairy Bridge,Sir Ivor,Cap and Bells,Damascus,Court Circuit,Silent Screen,Society Singer,Raise a Native,Gold Digger,Halo,Raise the Standard,Northern Dancer,Pas de Nom,Final Straw,Burghclere,Hail to Reason,Cosmah,Understanding,Mountain Flower,Mr. Prospector,I Pass,Clever Trick,Pia's Lady,Hail to Reason,Bramalea,Princequillo,Bridgework,Raise a Native,Gold Digger,Assert,South Ocean
202606010107,10,ダート,1800,稍重,1勝クラス,シルバーステート,オーサムクイーン,ディープインパクト,シルヴァースカヤ,クロフネ,オーサムチャーム,サンデーサイレンス,ウインドインハーヘア,Silver Hawk,Boubskaia,フレンチデピュティ,ブルーアヴェニュー,Awesome Again,Reet Petite,Halo,Wishing Well,Alzao,Burghclere,Roberto,Gris Vitesse,Niniski,Frenetique,Deputy Minister,Mitterand,Classic Go Go,Eliza Blue,Deputy Minister,Primal Force,Maudlin,Nap Trap,Hail to Reason,Cosmah,Understanding,Mountain Flower,Lyphard,Lady Rebecca,Busted,Highclere,Hail to Reason,Bramalea,Amerigo,Matchiche,Nijinsky,Virginia Hills,Tyrant,Femina,Vice Regent,Mint Copy,Hold Your Peace,Laredo Lass,Pago Pago,Classic Perfection,Icecapade,コレラ,Vice Regent,Mint Copy,Blushing Groom,Prime Prospect,Foolish Pleasure,Zonta,Silent Screen,Encantadora
202606010107,11,ダート,1800,稍重,1勝クラス,ルヴァンスレーヴ,アグネスアーニャ,シンボリクリスエス,マエストラーレ,アグネスデジタル,アグネスラック,Kris S.,Tee Kay,ネオユニヴァース,オータムブリーズ,Crafty Prospector,Chancey Squaw,クロフネ,アグネスセレーネー,Roberto,Sharp Queen,Gold Meridian,Tri Argo,サンデーサイレンス,ポインテッドパス,ティンバーカントリー,セプテンバーソング,Mr. Prospector,Real Crafty Lady,Chief's Crown,Allicance,フレンチデピュティ,ブルーアヴェニュー,トニービン,アグネスフローラ,Hail to Reason,Bramalea,Princequillo,Bridgework,Seattle Slew,Queen Louie,Tri Jet,Hail Proudly,Halo,Wishing Well,Kris,Silken Way,Woodman,Fall Aspen,リアルシャダイ,ダイナフェアリー,Raise a Native,Gold Digger,In Reality,Princess Roycraft,Danzig,Six Crowns,Alleged,Runaway Bride,Deputy Minister,Mitterand,Classic Go Go,Eliza Blue,カンパラ,Severn Bridge,ロイヤルスキー,アグネスレディー
202606010107,12,ダート,1800,稍重,1勝クラス,スクリーンヒーロー,マイネテレジア,グラスワンダー,ランニングヒロイン,ロージズインメイ,マイネヌーヴェル,Silver Hawk,Ameriflora,サンデーサイレンス,ダイナアクトレス,Devil His Due,Tell a Secret,ブライアンズタイム,マイネプリテンダー,Roberto,Gris Vitesse,Danzig,Graceful Touch,Halo,Wishing Well,ノーザンテースト,モデルスポート,Devil's Bag,Plenty O'Toole,Speak John,Secret Retreat,Roberto,Kelley's Day,Zabeel,Giladah,Hail to Reason,Bramalea,Amerigo,Matchiche,Northern Dancer,Pas de Nom,His Majesty,Pi Phi Gal,Hail to Reason,Cosmah,Understanding,Mountain Flower,Northern Dancer,Lady Victoria,モデルフール,マジックゴデイス,Halo,Ballade,Raise a Cup,Li'l Puss,Prince John,Nuit de Folies,Clandestine,Retirement,Hail to Reason,Bramalea,Graustark,Golden Trail,Sir Tristram,Lady Giselle,Mill Reef,Nouvelle Star
202606010107,13,ダート,1800,稍重,1勝クラス,ミスターメロディ,ヒメベニサクラ,Scat Daddy,Trusty Lady,ディープブリランテ,サトノサクラ,ヨハネスブルグ,Love Style,Deputy Minister,Klassy Kim,ディープインパクト,ラヴアンドバブルズ,シンボリクリスエス,シジェームサン,ヘネシー,Myth,Mr. Prospector,Likeable Style,Vice Regent,Mint Copy,Silent Screen,クールアライヴァル,サンデーサイレンス,ウインドインハーヘア,Loup Sauvage,バブルドリーム,Kris S.,Tee Kay,Septieme Ciel,Samalex,Storm Cat,Island Kitty,オジジアン,Yarn,Raise a Native,Gold Digger,Nijinsky,Personable Lady,Northern Dancer,Victoria Regina,Bunty's Flight,Shakney,Prince John,Prayer Bell,Relaunch,Irish Arrival,Halo,Wishing Well,Alzao,Burghclere,Riverman,Louveterie,Akarad,バブルプロスペクター,Roberto,Sharp Queen,Gold Meridian,Tri Argo,Seattle Slew,Maximova,Ela-Mana-Mou,Pampas Miss
202606010107,14,ダート,1800,稍重,1勝クラス,ブリックスアンドモルタル,ビキニブロンド,Giant's Causeway,Beyond the Waves,キングカメハメハ,モンローブロンド,Storm Cat,Mariah's Storm,Ocean Crest,Excedent,Kingmambo,マンファス,アドマイヤベガ,ソニンク,Storm Bird,Terlingua,Rahy,イメンス,Storm Bird,S.S.Aroma,Exceller,Broadway Lullaby,Mr. Prospector,Miesque,ラストタイクーン,Pilot Bird,サンデーサイレンス,ベガ,Machiavellian,Sonic Lady,Northern Dancer,South Ocean,Secretariat,Crimson Saint,Blushing Groom,Glorious Song,Roberto,Imsodear,Northern Dancer,South Ocean,Seattle Slew,Rare Bouquet,Vaguely Noble,Too Bald,Stage Door Johnny,リットルブレツシング,Raise a Native,Gold Digger,Nureyev,Pasadoble,トライマイベスト,Mill Princess,Blakeney,The Dancer,Halo,Wishing Well,トニービン,アンティックヴァリュー,Mr. Prospector,Coup de Folie,Nureyev,Stumped
202606010107,15,ダート,1800,稍重,1勝クラス,ロジャーバローズ,ルヴァンクレール,ディープインパクト,リトルブック,Danehill Dancer,Loch Clair,サンデーサイレンス,ウインドインハーヘア,Librettist,Cal Norma's Lady,デインヒル,Mira Adonde,Lomond,Burghclere,Halo,Wishing Well,Alzao,Burghclere,Danzig,Mysterial,リファーズスペシャル,June Darling,Danzig,Razyana,Sharpen Up,Lettre d'Amour,Northern Dancer,My Charmer,Busted,Highclere,Hail to Reason,Cosmah,Understanding,Mountain Flower,Lyphard,Lady Rebecca,Busted,Highclere,Northern Dancer,Pas de Nom,Alleged,Mysteries,Lyphard,My Bupers,ジュニアス,Beau Darling,Northern Dancer,Pas de Nom,His Majesty,Spring Adieu,エタン,Rocchetta,Caro,Lianga,Nearctic,Natalma,Poker,Fair Charmer,Crepello,Sans le Sou,Queen's Hussar,Highlight
202606010107,16,ダート,1800,稍重,1勝クラス,キズナ,セレブデート,ディープインパクト,キャットクイル,キングカメハメハ,レインデート,サンデーサイレンス,ウインドインハーヘア,Storm Cat,Pacific Princess,Kingmambo,マンファス,Unbridled's Song,Missed the Storm,Halo,Wishing Well,Alzao,Burghclere,Storm Bird,Terlingua,Damascus,Fiji,Mr. Prospector,Miesque,ラストタイクーン,Pilot Bird,Unbridled,Trolley Song,Storm Cat,Missed the Wedding,Hail to Reason,Cosmah,Understanding,Mountain Flower,Lyphard,Lady Rebecca,Busted,Highclere,Northern Dancer,South Ocean,Secretariat,Crimson Saint,Sword Dancer,Kerala,Acropolis,Rififi,Raise a Native,Gold Digger,Nureyev,Pasadoble,トライマイベスト,Mill Princess,Blakeney,The Dancer,Fappiano,Gana Facil,Caro,Lucky Spell,Storm Bird,Terlingua,Blushing Groom,Miss Carmie
202606010108,1,ダート,1200,稍重,1勝クラス,ホッコータルマエ,ブロンズテーラー,キングカメハメハ,マダムチェロキー,ロージズインメイ,キョウエイトルース,Kingmambo,マンファス,Cherokee Run,アンフォイルド,Devil His Due,Tell a Secret,フジキセキ,キョウエイヨシノ,Mr. Prospector,Miesque,ラストタイクーン,Pilot Bird,Runaway Groom,Cherokee Dame,Unbridled,Bold Foil,Devil's Bag,Plenty O'Toole,Speak John,Secret Retreat,サンデーサイレンス,ミルレーサー,プラウドデボネア,キョウエイミート,Raise a Native,Gold Digger,Nureyev,Pasadoble,トライマイベスト,Mill Princess,Blakeney,The Dancer,Blushing Groom,Yonnie Girl,Silver Saber,Dame Francesca,Fappiano,Gana Facil,Bold Forbes,Perfect Foil,Halo,Ballade,Raise a Cup,Li'l Puss,Prince John,Nuit de Folies,Clandestine,Retirement,Halo,Wishing Well,Le Fabuleux,Marston's Mill,Lyphard,Proud Delta,クラウンドプリンス,キョウエイオリーブ
202606010108,2,ダート,1200,稍重,1勝クラス,トーセンラー,ゴールドリボン,ディープインパクト,プリンセスオリビア,スターキングマン,モープラ,サンデーサイレンス,ウインドインハーヘア,Lycius,Dance Image,Kingmambo,Princesse Timide,ブライアンズタイム,グラマラス,Halo,Wishing Well,Alzao,Burghclere,Mr. Prospector,Lypatia,Sadler's Wells,Diamond Spring,Mr. Prospector,Miesque,Blushing Groom,Rigid Princess,Roberto,Kelley's Day,Danzig,Gorgeous,Hail to Reason,Cosmah,Understanding,Mountain Flower,Lyphard,Lady Rebecca,Busted,Highclere,Raise a Native,Gold Digger,Lyphard,Hypatia,Northern Dancer,Fairy Bridge,Vaguely Noble,Dumfries,Raise a Native,Gold Digger,Nureyev,Pasadoble,Red God,Runaway Bride,Never Bend,Crowned Queen,Hail to Reason,Bramalea,Graustark,Golden Trail,Northern Dancer,Pas de Nom,Slew o' Gold,Kamar
202606010108,3,ダート,1200,稍重,1勝クラス,Quality Road,ホールハーテッド,Elusive Quality,Kobla,Awesome Again,My Baby Baby,Gone West,Touch of Greatness,Strawberry Road,Winglet,Deputy Minister,Primal Force,Bernstein,Sarah Darling,Mr. Prospector,Secrettame,Hero's Honor,Ivory Wand,Whiskey Road,Giftisa,Alydar,Highest Trump,Vice Regent,Mint Copy,Blushing Groom,Prime Prospect,Storm Cat,La Affirmed,Wavering Monarch,Essie's Maid,Raise a Native,Gold Digger,Secretariat,Tamerett,Northern Dancer,Glowing Tribute,Sir Ivor,Natashka,Nijinsky,Bowl of Flowers,Rich Gift,Wahkeena,Raise a Native,Sweet Tooth,Bold Bidder,Dear April,Northern Dancer,Victoria Regina,Bunty's Flight,Shakney,Red God,Runaway Bride,Mr. Prospector,Square Generation,Storm Bird,Terlingua,Affirmed,La Mesa,Majestic Light,Uncommitted,Linkage,Essie Bs Venture
202606010108,4,ダート,1200,稍重,1勝クラス,ドレフォン,スターズインヘヴン,Gio Ponti,Eltimaas,ワークフォース,ハンドレッドスコア,Tale of the Cat,Chipeta Springs,Ghostzapper,Najecam,キングズベスト,Soviet Moon,ホワイトマズル,サンデーエイコーン,Storm Cat,Yarn,Alydar,Salt Spring,Awesome Again,Baby Zip,Trempolino,Sue Warner,Kingmambo,Allegretta,Sadler's Wells,Eva Luna,ダンシングブレーヴ,Fair of the Furze,サンデーサイレンス,エイコーンカップ,Storm Bird,Terlingua,Mr. Prospector,Narrate,Raise a Native,Sweet Tooth,Salt Marsh,Jungle Mythologic,Deputy Minister,Primal Force,Relaunch,Thirty Zip,Sharpen Up,Trephine,Forli,Bitty Girl,Mr. Prospector,Miesque,Lombard,Anatevka,Northern Dancer,Fairy Bridge,Alleged,Media Luna,Lyphard,Navajo Princess,Ela-Mana-Mou,Autocratic,Halo,Wishing Well,ノーザンテースト,ダイナエイコーン
202606010108,5,ダート,1200,稍重,1勝クラス,ドレフォン,チャイナドール,Gio Ponti,Eltimaas,スペシャルウィーク,ダイナチャイナ,Tale of the Cat,Chipeta Springs,Ghostzapper,Najecam,サンデーサイレンス,キャンペンガール,ノーザンテースト,アスコツトラップ,Storm Cat,Yarn,Alydar,Salt Spring,Awesome Again,Baby Zip,Trempolino,Sue Warner,Halo,Wishing Well,マルゼンスキー,レディーシラオキ,Northern Dancer,Lady Victoria,エルセンタウロ,ディープデイーン,Storm Bird,Terlingua,Mr. Prospector,Narrate,Raise a Native,Sweet Tooth,Salt Marsh,Jungle Mythologic,Deputy Minister,Primal Force,Relaunch,Thirty Zip,Sharpen Up,Trephine,Forli,Bitty Girl,Hail to Reason,Cosmah,Understanding,Mountain Flower,Nijinsky,シル,セントクレスピン,ミスアシヤガワ,Nearctic,Natalma,Victoria Park,Lady Angela,Sideral,Planetaria,Bold Ruler,High Bid
202606010108,6,ダート,1200,稍重,1勝クラス,ディスクリートキャット,カジノスマイル,Forestry,Pretty Discreet,カジノドライヴ,コンペリングリーズン,Storm Cat,Shared Interest,Private Account,Pretty Persuasive,Mineshaft,Better Than Honour,Danzig,Compel,Storm Bird,Terlingua,Pleasant Colony,Surgery,Damascus,Numbered Account,Believe It,Bury the Hatchet,A.P. Indy,Prospector's Delite,Deputy Minister,Blush With Pride,Northern Dancer,Pas de Nom,Seeking the Gold,Slew and Easy,Northern Dancer,South Ocean,Secretariat,Crimson Saint,His Majesty,Sun Colony,Dr. Fager,Bold Sequence,Sword Dancer,Kerala,Buckpasser,Intriguing,In Reality,Breakfast Bell,Tom Rolfe,Christmas Whishes,Seattle Slew,Weekend Surprise,Mr. Prospector,Up the Flagpole,Vice Regent,Mint Copy,Blushing Groom,Best in Show,Nearctic,Natalma,Admiral's Voyage,Petitioner,Mr. Prospector,Con Game,Slew o' Gold,Fanfreluche
202606010108,7,ダート,1200,稍重,1勝クラス,コパノリッキー,メイショウアンデス,ゴールドアリュール,コパノニキータ,ダンスインザダーク,クィーンズダガー,サンデーサイレンス,ニキーヤ,ティンバーカントリー,ニホンピロローズ,サンデーサイレンス,ダンシングキイ,Rahy,ケイティーズファースト,Halo,Wishing Well,Nureyev,Reluctant Guest,Woodman,Fall Aspen,トニービン,ウェディングブーケ,Halo,Wishing Well,Nijinsky,Key Partner,Blushing Groom,Glorious Song,Kris,Katies,Hail to Reason,Cosmah,Understanding,Mountain Flower,Northern Dancer,Special,Hostage,Vaguely Royal,Mr. Prospector,プレイメイト,Pretense,Change Water,カンパラ,Severn Bridge,リアルシャダイ,アリーウイン,Hail to Reason,Cosmah,Understanding,Mountain Flower,Northern Dancer,Flaming Page,Key to the Mint,Native Partner,Red God,Runaway Bride,Halo,Ballade,Sharpen Up,Doubly Sure,ノノアルコ,Mortefontaine
202606010108,8,ダート,1200,稍重,1勝クラス,ニューイヤーズデイ,アドマイヤフッキー,Street Cry,Justwhistledixie,フジキセキ,トキオリアリティー,Machiavellian,Helen Street,Dixie Union,General Jeanne,サンデーサイレンス,ミルレーサー,Meadowlake,What a Reality,Mr. Prospector,Coup de Folie,Troy,Waterway,Dixieland Band,She's Tops,Honour and Glory,Ahpo Hel,Halo,Wishing Well,Le Fabuleux,Marston's Mill,Hold Your Peace,Suspicious Native,In Reality,What Will Be,Raise a Native,Gold Digger,Halo,Raise the Standard,Petingo,La Milo,Riverman,Boulevard,Northern Dancer,Mississippi Mud,Capote,She's a Talent,Relaunch,Fair to All,Mr. Leader,Tiy,Hail to Reason,Cosmah,Understanding,Mountain Flower,Wild Risk,Anguar,In Reality,Millicent,Speak John,Blue Moon,Raise a Native,Be Suspicious,Intentionally,My Dear Girl,Crozier,Solabar
202606010108,9,ダート,1200,稍重,1勝クラス,アポロキングダム,イエスオアノー,Lemon Drop Kid,Bella Gatto,サクラバクシンオー,コガネセンガン,Kingmambo,Charming Lassie,Storm Cat,Winter Sparkle,サクラユタカオー,サクラハゴロモ,クリスタルパレス,ハヤトダンサー,Mr. Prospector,Miesque,Seattle Slew,Lassie Dear,Storm Bird,Terlingua,Northjet,Turn to Talent,テスコボーイ,アンジェリカ,ノーザンテースト,クリアアンバー,Caro,Hermieres,フレアリングダンサー,カンタベリー,Raise a Native,Gold Digger,Nureyev,Pasadoble,Bold Reasoning,My Charmer,Buckpasser,Gay Missile,Northern Dancer,South Ocean,Secretariat,Crimson Saint,Northfields,Jellatina,Turn-to,Hidden Talent,Princely Gift,Suncourt,ネヴァービート,スターハイネス,Northern Dancer,Lady Victoria,Ambiopoise,One Clear Call,フォルティノ,Chambord,Sicambre,Vieille Pierre,Northern Dancer,Flaming Victress,トパーズ,トキツカゼ
202606010108,10,ダート,1200,稍重,1勝クラス,ルーラーシップ,ツボミ,キングカメハメハ,エアグルーヴ,スペシャルウィーク,メジロフォーナ,Kingmambo,マンファス,トニービン,ダイナカール,サンデーサイレンス,キャンペンガール,ナリタトップロード,メジロナターシャ,Mr. Prospector,Miesque,ラストタイクーン,Pilot Bird,カンパラ,Severn Bridge,ノーザンテースト,シャダイフェザー,Halo,Wishing Well,マルゼンスキー,レディーシラオキ,サッカーボーイ,フローラルマジック,フレイズ,メジロチェイサー,Raise a Native,Gold Digger,Nureyev,Pasadoble,トライマイベスト,Mill Princess,Blakeney,The Dancer,Kalamoun,State Pension,Hornbeam,Priddy Fair,Northern Dancer,Lady Victoria,ガーサント,パロクサイド,Hail to Reason,Cosmah,Understanding,Mountain Flower,Nijinsky,シル,セントクレスピン,ミスアシヤガワ,ディクタス,ダイナサッシュ,Affirmed,Rare Lady,Strawberry Road,Zalataia,メジロサンマン,シエリル
202606010108,11,ダート,1200,稍重,1勝クラス,ロードカナロア,アルスノヴァ,キングカメハメハ,レディブラッサム,ダンスインザダーク,オリエンタルアート,Kingmambo,マンファス,Storm Cat,サラトガデュー,サンデーサイレンス,ダンシングキイ,メジロマックイーン,エレクトロアート,Mr. Prospector,Miesque,ラストタイクーン,Pilot Bird,Storm Bird,Terlingua,Cormorant,Super Luna,Halo,Wishing Well,Nijinsky,Key Partner,メジロティターン,メジロオーロラ,ノーザンテースト,グランマスティーヴンス,Raise a Native,Gold Digger,Nureyev,Pasadoble,トライマイベスト,Mill Princess,Blakeney,The Dancer,Northern Dancer,South Ocean,Secretariat,Crimson Saint,His Majesty,Song Sparrow,In Reality,Alada,Hail to Reason,Cosmah,Understanding,Mountain Flower,Northern Dancer,Flaming Page,Key to the Mint,Native Partner,メジロアサマ,シエリル,リマンド,メジロアイリス,Northern Dancer,Lady Victoria,Lt. Stevens,Dhow
202606010108,12,ダート,1200,稍重,1勝クラス,メイショウボーラー,ヴェイグストーリー,タイキシャトル,ナイスレイズ,ゴールドアリュール,ウインドヴェイン,Devil's Bag,ウェルシュマフィン,Storm Cat,Nice Tradition,サンデーサイレンス,ニキーヤ,エリシオ,ラスリングカプス,Halo,Ballade,Caerleon,Muffitys,Storm Bird,Terlingua,Search Tradition,Nice Dancing,Halo,Wishing Well,Nureyev,Reluctant Guest,Fairy King,Helice,Woodman,フィールディ,Hail to Reason,Cosmah,Herbager,Miss Swapsco,Nijinsky,Foreseer,Thatch,Contrail,Northern Dancer,South Ocean,Secretariat,Crimson Saint,Nashua,Searching,Kazan,Nice,Hail to Reason,Cosmah,Understanding,Mountain Flower,Northern Dancer,Special,Hostage,Vaguely Royal,Northern Dancer,Fairy Bridge,Slewpy,Hirondelle,Mr. Prospector,プレイメイト,Northfields,Gramy
202606010108,13,ダート,1200,稍重,1勝クラス,ファインニードル,モリトシラユリ,アドマイヤムーン,ニードルクラフト,クロフネ,サイレントラヴ,エンドスウィープ,マイケイティーズ,Mark of Esteem,Sharp Point,フレンチデピュティ,ブルーアヴェニュー,サンデーサイレンス,ファーストラブ,フォーティナイナー,Broom Dance,サンデーサイレンス,ケイティーズファースト,Darshaan,Homage,ロイヤルアカデミー,Nice Point,Deputy Minister,Mitterand,Classic Go Go,Eliza Blue,Halo,Wishing Well,ナイスダンサー,レディーシラオキ,Mr. Prospector,File,Dance Spell,Witching Hour,Halo,Wishing Well,Kris,Katies,Shirley Heights,Delsy,Ajdal,Home Love,Nijinsky,Crimson Saint,Sharpen Up,Alpine Niece,Vice Regent,Mint Copy,Hold Your Peace,Laredo Lass,Pago Pago,Classic Perfection,Icecapade,コレラ,Hail to Reason,Cosmah,Understanding,Mountain Flower,Northern Dancer,Nice Princess,セントクレスピン,ミスアシヤガワ
202606010108,14,ダート,1200,稍重,1勝クラス,シニスターミニスター,スリーアロー,Old Trieste,Sweet Minister,アルデバラン,ピサノベネチアン,A.P. Indy,Lovlier Linda,The Prime Minister,Sweet Blue,Mr. Prospector,Chimes of Freedom,サンデーサイレンス,ストームザミント,Seattle Slew,Weekend Surprise,Vigors,Linda Summers,Deputy Minister,Stick to Beauty,Hurry Up Blue,Sugar Gold,Raise a Native,Gold Digger,Private Account,Aviance,Halo,Wishing Well,Storm Cat,Mint Cooler,Bold Reasoning,My Charmer,Secretariat,Lassie Dear,Grey Dawn,Relifordie,Crozier,Queenly Gift,Vice Regent,Mint Copy,Illustrious,Hail to Beauty,Mr. Leader,Blue Baroness,Mr. Prospector,Miss Ironside,Native Dancer,Raise You,Nashua,Sequence,Damascus,Numbered Account,Northfields,Minnie Hauk,Hail to Reason,Cosmah,Understanding,Mountain Flower,Storm Bird,Terlingua,Key to the Mint,Zippy Do
202606010108,15,ダート,1200,稍重,1勝クラス,マインドユアビスケッツ,メープルリキュール,Posse,Jazzmane,オルフェーヴル,レディオーカモア,Silver Deputy,Raska,Toccet,Alljazz,ステイゴールド,オリエンタルアート,Meadowlake,Explosive Kate,Deputy Minister,Silver Valley,Rahy,Borishka,Awesome Again,Cozzene's Angel,Stop the Music,Bounteous,サンデーサイレンス,ゴールデンサッシュ,メジロマックイーン,エレクトロアート,Hold Your Peace,Suspicious Native,Explodent,Katerina the Great,Vice Regent,Mint Copy,Mr. Prospector,Seven Valleys,Blushing Groom,Glorious Song,Roberto,Queen Maud,Deputy Minister,Primal Force,Cozzene,Charming Pan,Hail to Reason,Bebopper,Master Derby,Mlle. Quille,Halo,Wishing Well,ディクタス,ダイナサッシュ,メジロティターン,メジロオーロラ,ノーザンテースト,グランマスティーヴンス,Speak John,Blue Moon,Raise a Native,Be Suspicious,Nearctic,Venomous,Great Nephew,View Mistress
202606010108,16,ダート,1200,稍重,1勝クラス,サトノアラジン,アナスタシアブルー,ディープインパクト,マジックストーム,ファルブラヴ,ライラプス,サンデーサイレンス,ウインドインハーヘア,Storm Cat,Foppy Dancer,Fairy King,Gift of the Night,フレンチデピュティ,フサイチエアデール,Halo,Wishing Well,Alzao,Burghclere,Storm Bird,Terlingua,Fappiano,Water Dance,Northern Dancer,Fairy Bridge,Slewpy,Little Nana,Deputy Minister,Mitterand,サンデーサイレンス,ラスティックベル,Hail to Reason,Cosmah,Understanding,Mountain Flower,Lyphard,Lady Rebecca,Busted,Highclere,Northern Dancer,South Ocean,Secretariat,Crimson Saint,Mr. Prospector,Killaloe,Nijinsky,Luiana,Nearctic,Natalma,Bold Reason,Special,Seattle Slew,Rare Bouquet,Lithiot,Nenana Road,Vice Regent,Mint Copy,Hold Your Peace,Laredo Lass,Halo,Wishing Well,Mr. Prospector,Ragtime Girl
202606010109,1,ダート,1800,稍重,3勝クラス,マインドユアビスケッツ,アスクデピュティ,Posse,Jazzmane,フレンチデピュティ,マルカコマチ,Silver Deputy,Raska,Toccet,Alljazz,Deputy Minister,Mitterand,サンデーサイレンス,ナショナルフラッグ,Deputy Minister,Silver Valley,Rahy,Borishka,Awesome Again,Cozzene's Angel,Stop the Music,Bounteous,Vice Regent,Mint Copy,Hold Your Peace,Laredo Lass,Halo,Wishing Well,ディクタス,ダイナワールド,Vice Regent,Mint Copy,Mr. Prospector,Seven Valleys,Blushing Groom,Glorious Song,Roberto,Queen Maud,Deputy Minister,Primal Force,Cozzene,Charming Pan,Hail to Reason,Bebopper,Master Derby,Mlle. Quille,Northern Dancer,Victoria Regina,Bunty's Flight,Shakney,Speak John,Blue Moon,Bold Ruler,Fortunate Isle,Hail to Reason,Cosmah,Understanding,Mountain Flower,Sanctus,Doronic,ハンターコム,ハニードリーマー
202606010109,2,ダート,1800,稍重,3勝クラス,ドレフォン,ゴールドアクション,Gio Ponti,Eltimaas,ヘニーヒューズ,グローバルリーダー,Tale of the Cat,Chipeta Springs,Ghostzapper,Najecam,ヘネシー,Meadow Flyer,テンビー,ホクショウマリー,Storm Cat,Yarn,Alydar,Salt Spring,Awesome Again,Baby Zip,Trempolino,Sue Warner,Storm Cat,Island Kitty,Meadowlake,Shortley,Caerleon,Shining Water,テイオーソロン,レオナール,Storm Bird,Terlingua,Mr. Prospector,Narrate,Raise a Native,Sweet Tooth,Salt Marsh,Jungle Mythologic,Deputy Minister,Primal Force,Relaunch,Thirty Zip,Sharpen Up,Trephine,Forli,Bitty Girl,Storm Bird,Terlingua,Hawaii,T. C. Kitten,Hold Your Peace,Suspicious Native,Hagley,Short Winded,Nijinsky,Foreseer,Kalaglow,Idle Waters,パーソロン,リーダーシツプ,プルラリズム,ハーバーマドンナ
202606010109,3,ダート,1800,稍重,3勝クラス,ナダル,トーコーユズキ,Blame,Ascending Angel,ディープインパクト,ピンクプルメリア,Arch,Liable,Pulpit,Solar Colony,サンデーサイレンス,ウインドインハーヘア,Caerleon,ティグレスダムール,Kris S.,Aurora,Seeking the Gold,Bound,A.P. Indy,Preach,Pleasant Colony,Meteor Stage,Halo,Wishing Well,Alzao,Burghclere,Nijinsky,Foreseer,Stage Door Johnny,Aces Swinging,Roberto,Sharp Queen,Danzig,Althea,Mr. Prospector,Con Game,Nijinsky,Special,Seattle Slew,Weekend Surprise,Mr. Prospector,Narrate,His Majesty,Sun Colony,Stage Door Johnny,Northern Meteor,Hail to Reason,Cosmah,Understanding,Mountain Flower,Lyphard,Lady Rebecca,Busted,Highclere,Northern Dancer,Flaming Page,Round Table,Regal Gleam,Prince John,Peroxide Blonde,Native Dancer,Raise You
202606010109,4,ダート,1800,稍重,3勝クラス,ロードカナロア,ダリシア,キングカメハメハ,レディブラッサム,Acatenango,Dynamis,Kingmambo,マンファス,Storm Cat,サラトガデュー,Surumu,Aggravate,ダンシングブレーヴ,Diasprina,Mr. Prospector,Miesque,ラストタイクーン,Pilot Bird,Storm Bird,Terlingua,Cormorant,Super Luna,Literat,Surama,Aggressor,Raven Locks,Lyphard,Navajo Princess,Aspros,Dorle,Raise a Native,Gold Digger,Nureyev,Pasadoble,トライマイベスト,Mill Princess,Blakeney,The Dancer,Northern Dancer,South Ocean,Secretariat,Crimson Saint,His Majesty,Song Sparrow,In Reality,Alada,Birkhahn,Lis,Reliance,Suncourt,Combat,Phaetonia,Mr. Jinks,Gentlemen's Relish,Northern Dancer,Goofed,Drone,Olmec,Sparkler,Antwerpen,Rheffic,Diu
202606010109,5,ダート,1800,稍重,3勝クラス,マインドユアビスケッツ,エナチャン,Posse,Jazzmane,キンシャサノキセキ,エンジェルシード,Silver Deputy,Raska,Toccet,Alljazz,フジキセキ,ケルトシャーン,Broad Brush,Fara's Team,Deputy Minister,Silver Valley,Rahy,Borishka,Awesome Again,Cozzene's Angel,Stop the Music,Bounteous,サンデーサイレンス,ミルレーサー,Pleasant Colony,Featherhill,Ack Ack,Hay Patcher,Tunerup,Specialization,Vice Regent,Mint Copy,Mr. Prospector,Seven Valleys,Blushing Groom,Glorious Song,Roberto,Queen Maud,Deputy Minister,Primal Force,Cozzene,Charming Pan,Hail to Reason,Bebopper,Master Derby,Mlle. Quille,Halo,Wishing Well,Le Fabuleux,Marston's Mill,His Majesty,Sun Colony,Lyphard,Lady Berry,Battle Joined,Fast Turn,Hoist the Flag,Turn to Talent,The Pruner,Our Girl,Princely Native,Special Vintage
202606010109,6,ダート,1800,稍重,3勝クラス,レッドファルクス,フルオブグレース,スウェプトオーヴァーボード,ベルモット,ヴィクトワールピサ,エロージュ,エンドスウィープ,Sheer Ice,サンデーサイレンス,レガシーオブストレングス,ネオユニヴァース,ホワイトウォーターアフェア,フサイチコンコルド,フサイチエレガンス,フォーティナイナー,Broom Dance,Cutlass,Hey Dolly A.,Halo,Wishing Well,Affirmed,Katonka,サンデーサイレンス,ポインテッドパス,Machiavellian,Much Too Risky,Caerleon,バレークイーン,Rahy,Exclusive Bird,Mr. Prospector,File,Dance Spell,Witching Hour,Damascus,Aphonia,Ambehaving,Swift Deal,Hail to Reason,Cosmah,Understanding,Mountain Flower,Exclusive Native,Won't Tell You,Minnesota Mac,Minnetonka,Halo,Wishing Well,Kris,Silken Way,Mr. Prospector,Coup de Folie,Bustino,Short Rations,Nijinsky,Foreseer,Sadler's Wells,Sun Princess,Blushing Groom,Glorious Song,Storm Bird,Exclusive Moment
202606010109,7,ダート,1800,稍重,3勝クラス,イスラボニータ,リベルタンゴ,フジキセキ,イスラコジーン,Smart Strike,オジャグワ,サンデーサイレンス,ミルレーサー,Cozzene,Isla Mujeres,Mr. Prospector,Classy'n Smart,Pure Prize,Open Secrets,Halo,Wishing Well,Le Fabuleux,Marston's Mill,Caro,Ride the Trails,Crafty Prospector,Lido Isle,Raise a Native,Gold Digger,Smarten,No Class,Storm Cat,Heavenly Prize,West by West,Griffe de Paris,Hail to Reason,Cosmah,Understanding,Mountain Flower,Wild Risk,Anguar,In Reality,Millicent,フォルティノ,Chambord,Prince John,Wildwook,Mr. Prospector,Real Crafty Lady,Far North,She Is Gorgeous,Native Dancer,Raise You,Nashua,Sequence,Cyane,Smartaire,Nodouble,Classy Quillo,Storm Bird,Terlingua,Seeking the Gold,Oh What a Dance,Gone West,West Turn,Telescopico,April In Paris
202606010109,8,ダート,1800,稍重,3勝クラス,シニスターミニスター,アサケゴマ,Old Trieste,Sweet Minister,クロフネ,ソーラーヴィジョン,A.P. Indy,Lovlier Linda,The Prime Minister,Sweet Blue,フレンチデピュティ,ブルーアヴェニュー,タバスコキャット,ノーザンソーラー,Seattle Slew,Weekend Surprise,Vigors,Linda Summers,Deputy Minister,Stick to Beauty,Hurry Up Blue,Sugar Gold,Deputy Minister,Mitterand,Classic Go Go,Eliza Blue,Storm Cat,Barbicue Sauce,Northern Dancer,Solar,Bold Reasoning,My Charmer,Secretariat,Lassie Dear,Grey Dawn,Relifordie,Crozier,Queenly Gift,Vice Regent,Mint Copy,Illustrious,Hail to Beauty,Mr. Leader,Blue Baroness,Mr. Prospector,Miss Ironside,Vice Regent,Mint Copy,Hold Your Peace,Laredo Lass,Pago Pago,Classic Perfection,Icecapade,コレラ,Storm Bird,Terlingua,Sauce Boat,Lady Barbizon,Nearctic,Natalma,Halo,Sex Appeal
202606010109,9,ダート,1800,稍重,3勝クラス,ロゴタイプ,クルールヴィオラ,ローエングリン,ステレオタイプ,プリサイスエンド,ナナヨーストーム,シングスピール,カーリング,サンデーサイレンス,スターバレリーナ,エンドスウィープ,Precisely,セレスティアルストーム,ナナヨーアトラス,In the Wings,Glorious Song,Garde Royale,Corraleja,Halo,Wishing Well,Risen Star,ベリアーニ,フォーティナイナー,Broom Dance,Summing,Crisp 'n Clear,Roberto,Tobira Celeste,バンブーアトラス,ナナヨーモア,Sadler's Wells,High Hawk,Halo,Ballade,Mill Reef,Royal Way,Carvin,Darling Dale,Hail to Reason,Cosmah,Understanding,Mountain Flower,Secretariat,Ribbon,Nureyev,Eleven Pleasures,Mr. Prospector,File,Dance Spell,Witching Hour,Verbatim,Sumatra,Cold Reception,Ring O'Bells,Hail to Reason,Bramalea,Ribot,Heavenly Body,ジムフレンチ,バンブーシザラ,ネプテューヌス,ポリックモアー
202606010109,10,ダート,1800,稍重,3勝クラス,マクフィ,オクシペタルム,Dubawi,Dhelaal,シンボリクリスエス,エアウイングス,Dubai Millennium,Zomaradah,Green Desert,Irish Valley,Kris S.,Tee Kay,サンデーサイレンス,シークレットシェアラー,Seeking the Gold,Colorado Dancer,Deploy,Jawaher,Danzig,Foreign Courier,Irish River,Green Valley,Roberto,Sharp Queen,Gold Meridian,Tri Argo,Halo,Wishing Well,Secretariat,Nijana,Mr. Prospector,Con Game,Shareef Dancer,Fall Aspen,Shirley Heights,Slightly Dangerous,ダンシングブレーヴ,High Tern,Northern Dancer,Pas de Nom,Sir Ivor,Courtly Dee,Riverman,Irish Star,Val de Loir,Sly Pola,Hail to Reason,Bramalea,Princequillo,Bridgework,Seattle Slew,Queen Louie,Tri Jet,Hail Proudly,Hail to Reason,Cosmah,Understanding,Mountain Flower,Bold Ruler,Somethingroyal,Nijinsky,Prodana Neviesta
202606010109,11,ダート,1800,稍重,3勝クラス,Justify,ノットナウキャロライン,Scat Daddy,Stage Magic,Tapit,Maryfield,ヨハネスブルグ,Love Style,Ghostzapper,Magical Illusion,Pulpit,Tap Your Heels,Elusive Quality,Sly Maid,ヘネシー,Myth,Mr. Prospector,Likeable Style,Awesome Again,Baby Zip,Pulpit,Voodoo Lily,A.P. Indy,Preach,Unbridled,Ruby Slippers,Gone West,Touch of Greatness,Desert Wine,Sly Charmer,Storm Cat,Island Kitty,オジジアン,Yarn,Raise a Native,Gold Digger,Nijinsky,Personable Lady,Deputy Minister,Primal Force,Relaunch,Thirty Zip,A.P. Indy,Preach,Baldski,Cap the Moment,Seattle Slew,Weekend Surprise,Mr. Prospector,Narrate,Fappiano,Gana Facil,Nijinsky,Moon Glitter,Mr. Prospector,Secrettame,Hero's Honor,Ivory Wand,Damascus,Anne Campbell,Valdez,Miss Pele
202606010110,1,芝,1600,良,オープン,イスラボニータ,エディスバーグ,フジキセキ,イスラコジーン,Frankel,エディスワートン,サンデーサイレンス,ミルレーサー,Cozzene,Isla Mujeres,Galileo,Kind,Dubawi,Islington,Halo,Wishing Well,Le Fabuleux,Marston's Mill,Caro,Ride the Trails,Crafty Prospector,Lido Isle,Sadler's Wells,Urban Sea,デインヒル,Rainbow Lake,Dubai Millennium,Zomaradah,Sadler's Wells,Hellenic,Hail to Reason,Cosmah,Understanding,Mountain Flower,Wild Risk,Anguar,In Reality,Millicent,フォルティノ,Chambord,Prince John,Wildwook,Mr. Prospector,Real Crafty Lady,Far North,She Is Gorgeous,Northern Dancer,Fairy Bridge,Miswaki,Allegretta,Danzig,Razyana,Rainbow Quest,Rockfest,Seeking the Gold,Colorado Dancer,Deploy,Jawaher,Northern Dancer,Fairy Bridge,Darshaan,Grecian Sea
202606010110,2,芝,1600,良,オープン,エピファネイア,サラキア,シンボリクリスエス,シーザリオ,ディープインパクト,サロミナ,Kris S.,Tee Kay,スペシャルウィーク,キロフプリミエール,サンデーサイレンス,ウインドインハーヘア,Lomitas,Saldentigerin,Roberto,Sharp Queen,Gold Meridian,Tri Argo,サンデーサイレンス,キャンペンガール,Sadler's Wells,Querida,Halo,Wishing Well,Alzao,Burghclere,Niniski,La Colorada,Tiger Hill,Salde,Hail to Reason,Bramalea,Princequillo,Bridgework,Seattle Slew,Queen Louie,Tri Jet,Hail Proudly,Halo,Wishing Well,マルゼンスキー,レディーシラオキ,Northern Dancer,Fairy Bridge,Habitat,Principia,Hail to Reason,Cosmah,Understanding,Mountain Flower,Lyphard,Lady Rebecca,Busted,Highclere,Nijinsky,Virginia Hills,Surumu,La Dorada,デインヒル,The Filly,Alkalde,Saite
202606010110,3,芝,1600,良,オープン,オルフェーヴル,ヴァンゴーゴー,ステイゴールド,オリエンタルアート,Dutch Art,Baldovina,サンデーサイレンス,ゴールデンサッシュ,メジロマックイーン,エレクトロアート,Medicean,Halland Park Lass,Tale of the Cat,バルドウィナ,Halo,Wishing Well,ディクタス,ダイナサッシュ,メジロティターン,メジロオーロラ,ノーザンテースト,グランマスティーヴンス,Machiavellian,Mystic Goddess,Spectrum,Palacegate Episode,Storm Cat,Yarn,Pistolet Bleu,Balioka,Hail to Reason,Cosmah,Understanding,Mountain Flower,Sanctus,Doronic,ノーザンテースト,ロイヤルサッシュ,メジロアサマ,シエリル,リマンド,メジロアイリス,Northern Dancer,Lady Victoria,Lt. Stevens,Dhow,Mr. Prospector,Coup de Folie,Storm Bird,Rose Goddess,Rainbow Quest,River Dancer,Drumalis,Pasadena Lady,Storm Bird,Terlingua,Mr. Prospector,Narrate,Top Ville,Pampa Bella,Tourangeau,Bangalore
202606010110,4,芝,1600,良,オープン,モーリス,ハンティングシーズン,スクリーンヒーロー,メジロフランシス,Pioneerof the Nile,Flying Spur,グラスワンダー,ランニングヒロイン,カーネギー,メジロモントレー,エンパイアメーカー,Star of Goshen,Giant's Causeway,Lakeway,Silver Hawk,Ameriflora,サンデーサイレンス,ダイナアクトレス,Sadler's Wells,Detroit,モガミ,メジロクインシー,Unbridled,Toussaud,Lord at War,Castle Eight,Storm Cat,Mariah's Storm,Seattle Slew,Milliardaire,Roberto,Gris Vitesse,Danzig,Graceful Touch,Halo,Wishing Well,ノーザンテースト,モデルスポート,Northern Dancer,Fairy Bridge,Riverman,Derna,Lyphard,ノーラック,フィディオン,メジロボサツ,Fappiano,Gana Facil,El Gran Senor,Image of Reality,General,Luna de Miel,Key to the Kingdom,Her Native,Storm Bird,Terlingua,Rahy,イメンス,Bold Reasoning,My Charmer,Alydar,Priceless Fame
202606010110,5,芝,1600,良,オープン,ダノンバラード,ツウローゼズ,ディープインパクト,レディバラード,スターリングローズ,ローズホーラー,サンデーサイレンス,ウインドインハーヘア,Unbridled,Angelic Song,アフリート,コマーズ,トウショウボーイ,ミスティローズ,Halo,Wishing Well,Alzao,Burghclere,Fappiano,Gana Facil,Halo,Ballade,Mr. Prospector,Polite Lady,Danzig,ミドルマーチ,テスコボーイ,ソシアルバターフライ,サクラショウリ,サクラタニマサ,Hail to Reason,Cosmah,Understanding,Mountain Flower,Lyphard,Lady Rebecca,Busted,Highclere,Mr. Prospector,Killaloe,Le Fabuleux,Charedi,Hail to Reason,Cosmah,Herbager,Miss Swapsco,Raise a Native,Gold Digger,Venetian Jester,Friendly Ways,Northern Dancer,Pas de Nom,Buckpasser,Nice Princess,Princely Gift,Suncourt,Your Host,Wisteria,パーソロン,シリネラ,ネプテューヌス,スワンズウッドグローヴ
202606010110,6,芝,1600,良,オープン,ダノンキングリー,サラーバ,ディープインパクト,マイグッドネス,New Approach,Thamarat,サンデーサイレンス,ウインドインハーヘア,Storm Cat,Caressing,Galileo,Park Express,Anabaa,Al Ishq,Halo,Wishing Well,Alzao,Burghclere,Storm Bird,Terlingua,Honour and Glory,Lovin Touch,Sadler's Wells,Urban Sea,Ahonoora,Matcher,Danzig,Balbonella,Nureyev,Allez Les Trois,Hail to Reason,Cosmah,Understanding,Mountain Flower,Lyphard,Lady Rebecca,Busted,Highclere,Northern Dancer,South Ocean,Secretariat,Crimson Saint,Relaunch,Fair to All,Majestic Prince,Forest Princess,Northern Dancer,Fairy Bridge,Miswaki,Allegretta,Lorenzaccio,Helen Nichols,Match,Lachine,Northern Dancer,Pas de Nom,ゲイメセン,Bamieres,Northern Dancer,Special,Riverman,Allegretta
202606010110,7,芝,1600,良,オープン,Twirling Candy,タフイルマ,Candy Ride,House of Danzing,Stormy Atlantic,Dixieland Event,Ride the Rails,Candy Girl,Chester House,Danzing Crown,Storm Cat,Hail Atlantis,Wild Event,Pleasant Dixie,Cryptoclearance,Herbalesian,Candy Stripes,City Girl,Mr. Prospector,Toussaud,Danzig,Crownette,Storm Bird,Terlingua,Seattle Slew,Flippers,Wild Again,North Of Eden,Dixieland Band,Pleasant Jolie,Fappiano,Naval Orange,Herbager,Alanesian,Blushing Groom,バブルカンパニー,Farnesio,Cithara,Raise a Native,Gold Digger,El Gran Senor,Image of Reality,Northern Dancer,Pas de Nom,Seattle Slew,インメモリー,Northern Dancer,South Ocean,Secretariat,Crimson Saint,Bold Reasoning,My Charmer,Coastal,Moccasin,Icecapade,Bushel-n-Peck,Northfields,ツリーオブノレッジ,Northern Dancer,Mississippi Mud,Pleasant Colony,Jolie Jolie
202606010110,8,芝,1600,良,オープン,ビーチパトロール,フレンドパリ,Lemon Drop Kid,Bashful Bertie,アグネスデジタル,フェレット,Kingmambo,Charming Lassie,Quiet American,Clever Bertie,Crafty Prospector,Chancey Squaw,サンデーサイレンス,フェルモイ,Mr. Prospector,Miesque,Seattle Slew,Lassie Dear,Fappiano,Demure,Timeless Native,Clever But Costly,Mr. Prospector,Real Crafty Lady,Chief's Crown,Allicance,Halo,Wishing Well,Irish River,Victoress,Raise a Native,Gold Digger,Nureyev,Pasadoble,Bold Reasoning,My Charmer,Buckpasser,Gay Missile,Mr. Prospector,Killaloe,Dr. Fager,Quiet Charm,Timeless Moment,Head Off,Clever Trick,Swoonlow,Raise a Native,Gold Digger,In Reality,Princess Roycraft,Danzig,Six Crowns,Alleged,Runaway Bride,Hail to Reason,Cosmah,Understanding,Mountain Flower,Riverman,Irish Star,Conquistador Cielo,Royal Statute
202606010111,1,芝,2000,良,オープン,レイデオロ,ダンサール,キングカメハメハ,ラドラーダ,ハーツクライ,バラダセール,Kingmambo,マンファス,シンボリクリスエス,レディブロンド,サンデーサイレンス,アイリッシュダンス,Not For Sale,La Balada,Mr. Prospector,Miesque,ラストタイクーン,Pilot Bird,Kris S.,Tee Kay,Seeking the Gold,ウインドインハーヘア,Halo,Wishing Well,トニービン,ビューパーダンス,Parade Marshal,Love for Sale,Confidential Talk,La Baraca,Raise a Native,Gold Digger,Nureyev,Pasadoble,トライマイベスト,Mill Princess,Blakeney,The Dancer,Roberto,Sharp Queen,Gold Meridian,Tri Argo,Mr. Prospector,Con Game,Alzao,Burghclere,Hail to Reason,Cosmah,Understanding,Mountain Flower,カンパラ,Severn Bridge,Lyphard,My Bupers,Caro,Stepping High,Laramie Trail,Museliere,Damascus,Confidentiality,Mariache,La Bambuca
202606010111,2,芝,2000,良,オープン,キズナ,ブラックモリオン,ディープインパクト,キャットクイル,ルーラーシップ,モルガナイト,サンデーサイレンス,ウインドインハーヘア,Storm Cat,Pacific Princess,キングカメハメハ,エアグルーヴ,アグネスデジタル,タンザナイト,Halo,Wishing Well,Alzao,Burghclere,Storm Bird,Terlingua,Damascus,Fiji,Kingmambo,マンファス,トニービン,ダイナカール,Crafty Prospector,Chancey Squaw,サンデーサイレンス,キャサリーンパー,Hail to Reason,Cosmah,Understanding,Mountain Flower,Lyphard,Lady Rebecca,Busted,Highclere,Northern Dancer,South Ocean,Secretariat,Crimson Saint,Sword Dancer,Kerala,Acropolis,Rififi,Mr. Prospector,Miesque,ラストタイクーン,Pilot Bird,カンパラ,Severn Bridge,ノーザンテースト,シャダイフェザー,Mr. Prospector,Real Crafty Lady,Chief's Crown,Allicance,Halo,Wishing Well,Riverman,Regal Exception
202606010111,3,芝,2000,良,オープン,ハービンジャー,ディアデラノビア,Dansili,Penang Pearl,サンデーサイレンス,ポトリザリス,デインヒル,Hasili,Bering,Guapa,Halo,Wishing Well,Potrillazo,Chaldee,Danzig,Razyana,Kahyasi,Kerali,Arctic Tern,Beaune,Shareef Dancer,Sauceboat,Hail to Reason,Cosmah,Understanding,Mountain Flower,Ahmad,Azalee,Banner Sport,Gevar,Northern Dancer,Pas de Nom,His Majesty,Spring Adieu,イルドブルボン,Kadissya,High Line,Sookera,Sea-Bird,Bubbling Beauty,Lyphard,Barbra,Northern Dancer,Sweet Alliance,Connaught,Cranberry Sauce,Turn-to,Nothirdchance,Cosmic Bomb,Almahmoud,Promised Land,Pretty Ways,Montparnasse,Edelweiss,Good Manners,Azyade,Tropical Sun,Akinos,Raise a Native,La Dauphine,Right of Way,Zaris
202606010111,4,芝,2000,良,オープン,Frankel,ジョイカネラ,Galileo,Kind,Fortify,Stormy Catlike,Sadler's Wells,Urban Sea,デインヒル,Rainbow Lake,Distorted Humor,Kotuku,Bernstein,Forty Miau,Northern Dancer,Fairy Bridge,Miswaki,Allegretta,Danzig,Razyana,Rainbow Quest,Rockfest,フォーティナイナー,Danzig's Beauty,A.P. Indy,Flagbird,Storm Cat,La Affirmed,Roar,Ma Gatte,Nearctic,Natalma,Bold Reason,Special,Mr. Prospector,Hopespringseternal,Lombard,Anatevka,Northern Dancer,Pas de Nom,His Majesty,Spring Adieu,Blushing Groom,I Will Follow,Stage Door Johnny,Rock Garden,Mr. Prospector,File,Danzig,Sweetest Chant,Seattle Slew,Weekend Surprise,Nureyev,Up the Flagpole,Storm Bird,Terlingua,Affirmed,La Mesa,フォーティナイナー,Wild Applause,Mountdrago,Guendante
202606010111,5,芝,2000,良,オープン,グレーターロンドン,ピースワンオーレ,ディープインパクト,ロンドンブリッジ,ジャングルポケット,スカイウェー,サンデーサイレンス,ウインドインハーヘア,ドクターデヴィアス,オールフォーロンドン,トニービン,ダンスチャーマー,Trans Island,Zilayah,Halo,Wishing Well,Alzao,Burghclere,Ahonoora,Rose of Jericho,Danzig,Full Card,カンパラ,Severn Bridge,Nureyev,Skillful Joy,Selkirk,Khubza,Zilzal,Welsh Garden,Hail to Reason,Cosmah,Understanding,Mountain Flower,Lyphard,Lady Rebecca,Busted,Highclere,Lorenzaccio,Helen Nichols,Alleged,Rose Red,Northern Dancer,Pas de Nom,Damascus,Belle of the Ball,Kalamoun,State Pension,Hornbeam,Priddy Fair,Northern Dancer,Special,Nodouble,Skillful Miss,Sharpen Up,Annie Edge,Green Desert,Breadcrumb,Nureyev,French Charmer,Welsh Saint,Garden of Eden
202606010111,6,芝,2000,良,オープン,シルバーステート,アンブラッセモワ,ディープインパクト,シルヴァースカヤ,Zoffany,Ice Flower,サンデーサイレンス,ウインドインハーヘア,Silver Hawk,Boubskaia,Dansili,Tyranny,Pivotal,エジラール,Halo,Wishing Well,Alzao,Burghclere,Roberto,Gris Vitesse,Niniski,Frenetique,デインヒル,Hasili,Machiavellian,Dust Dancer,Polar Falcon,Fearless Revival,Caerleon,Genovefa,Hail to Reason,Cosmah,Understanding,Mountain Flower,Lyphard,Lady Rebecca,Busted,Highclere,Hail to Reason,Bramalea,Amerigo,Matchiche,Nijinsky,Virginia Hills,Tyrant,Femina,Danzig,Razyana,Kahyasi,Kerali,Mr. Prospector,Coup de Folie,Suave Dancer,Galaxie Dust,Nureyev,Marie d'Argonne,Cozzene,Stufida,Nijinsky,Foreseer,Woodman,Reigning Countess
202606010111,7,芝,2000,良,オープン,キングヘイロー,ヒーリング,ダンシングブレーヴ,グッバイヘイロー,バトルプラン,キャットニップ,Lyphard,Navajo Princess,Halo,Pound Foolish,エンパイアメーカー,Flanders,タバスコキャット,スウィートインディ,Northern Dancer,Goofed,Drone,Olmec,Hail to Reason,Cosmah,Sir Ivor,Squander,Unbridled,Toussaud,Seeking the Gold,Starlet Storm,Storm Cat,Barbicue Sauce,A.P. Indy,Sugar Nipper,Nearctic,Natalma,Court Martial,Barra,Sir Gaylord,Cap and Bells,Pago Pago,Chocolate Beau,Turn-to,Nothirdchance,Cosmic Bomb,Almahmoud,Sir Gaylord,Attica,Buckpasser,Discipline,Fappiano,Gana Facil,El Gran Senor,Image of Reality,Mr. Prospector,Con Game,Storm Bird,Cinegita,Storm Bird,Terlingua,Sauce Boat,Lady Barbizon,Seattle Slew,Weekend Surprise,Danzig,I'm Sweets
202606010111,8,芝,2000,良,オープン,ゴールドシップ,ゲッカコウ,ステイゴールド,ポイントフラッグ,ロージズインメイ,チューベローズ,サンデーサイレンス,ゴールデンサッシュ,メジロマックイーン,パストラリズム,Devil His Due,Tell a Secret,シンボリクリスエス,チューニー,Halo,Wishing Well,ディクタス,ダイナサッシュ,メジロティターン,メジロオーロラ,プルラリズム,トクノエイティー,Devil's Bag,Plenty O'Toole,Speak John,Secret Retreat,Kris S.,Tee Kay,サンデーサイレンス,フロムビヨンド,Hail to Reason,Cosmah,Understanding,Mountain Flower,Sanctus,Doronic,ノーザンテースト,ロイヤルサッシュ,メジロアサマ,シエリル,リマンド,メジロアイリス,The Minstrel,Cambretta,トライバルチーフ,アイアンルビー,Halo,Ballade,Raise a Cup,Li'l Puss,Prince John,Nuit de Folies,Clandestine,Retirement,Roberto,Sharp Queen,Gold Meridian,Tri Argo,Halo,Wishing Well,Kris,Magic of Life
202606010111,9,芝,2000,良,オープン,マクフィ,グローリールピナス,Dubawi,Dhelaal,マーベラスサンデー,グローリーゲイト,Dubai Millennium,Zomaradah,Green Desert,Irish Valley,サンデーサイレンス,モミジダンサー,ブライアンズタイム,ドーター,Seeking the Gold,Colorado Dancer,Deploy,Jawaher,Danzig,Foreign Courier,Irish River,Green Valley,Halo,Wishing Well,ヴァイスリーガル,モミジ,Roberto,Kelley's Day,Alydar,ムーンライトミラクル,Mr. Prospector,Con Game,Shareef Dancer,Fall Aspen,Shirley Heights,Slightly Dangerous,ダンシングブレーヴ,High Tern,Northern Dancer,Pas de Nom,Sir Ivor,Courtly Dee,Riverman,Irish Star,Val de Loir,Sly Pola,Hail to Reason,Cosmah,Understanding,Mountain Flower,Northern Dancer,Victoria Regina,Laugh Aloud,Hold Me Close,Hail to Reason,Bramalea,Graustark,Golden Trail,Raise a Native,Sweet Tooth,Northern Dancer,Blue Tepee
202606010111,10,芝,2000,良,オープン,ゴールドシップ,アメリオラシオン,ステイゴールド,ポイントフラッグ,ルーラーシップ,ローズシティ,サンデーサイレンス,ゴールデンサッシュ,メジロマックイーン,パストラリズム,キングカメハメハ,エアグルーヴ,フレンチデピュティ,ロゼダンジュ,Halo,Wishing Well,ディクタス,ダイナサッシュ,メジロティターン,メジロオーロラ,プルラリズム,トクノエイティー,Kingmambo,マンファス,トニービン,ダイナカール,Deputy Minister,Mitterand,サンデーサイレンス,ローザネイ,Hail to Reason,Cosmah,Understanding,Mountain Flower,Sanctus,Doronic,ノーザンテースト,ロイヤルサッシュ,メジロアサマ,シエリル,リマンド,メジロアイリス,The Minstrel,Cambretta,トライバルチーフ,アイアンルビー,Mr. Prospector,Miesque,ラストタイクーン,Pilot Bird,カンパラ,Severn Bridge,ノーザンテースト,シャダイフェザー,Vice Regent,Mint Copy,Hold Your Peace,Laredo Lass,Halo,Wishing Well,Lyphard,Riviere Doree
202606010111,11,芝,2000,良,オープン,キズナ,ファヴォーラ,ディープインパクト,キャットクイル,Frankel,グッドウッドマーチ,サンデーサイレンス,ウインドインハーヘア,Storm Cat,Pacific Princess,Galileo,Kind,Foxhound,Military Tune,Halo,Wishing Well,Alzao,Burghclere,Storm Bird,Terlingua,Damascus,Fiji,Sadler's Wells,Urban Sea,デインヒル,Rainbow Lake,Danzig,Lassie Dear,Nashwan,Martingale,Hail to Reason,Cosmah,Understanding,Mountain Flower,Lyphard,Lady Rebecca,Busted,Highclere,Northern Dancer,South Ocean,Secretariat,Crimson Saint,Sword Dancer,Kerala,Acropolis,Rififi,Northern Dancer,Fairy Bridge,Miswaki,Allegretta,Danzig,Razyana,Rainbow Quest,Rockfest,Northern Dancer,Pas de Nom,Buckpasser,Gay Missile,Blushing Groom,Height of Fashion,Luthier,Moonmadness
202606010111,12,芝,2000,良,オープン,ディープインパクト,ケイアイガーベラ,サンデーサイレンス,ウインドインハーヘア,Smarty Jones,アンナステルツ,Halo,Wishing Well,Alzao,Burghclere,Elusive Quality,I'll Get Along,Danzig,Edge,Hail to Reason,Cosmah,Understanding,Mountain Flower,Lyphard,Lady Rebecca,Busted,Highclere,Gone West,Touch of Greatness,Smile,Dont Worry Bout Me,Northern Dancer,Pas de Nom,Damascus,Ponte Vecchio,Turn-to,Nothirdchance,Cosmic Bomb,Almahmoud,Promised Land,Pretty Ways,Montparnasse,Edelweiss,Northern Dancer,Goofed,Sir Ivor,Pocahontas,Crepello,Sans le Sou,Queen's Hussar,Highlight,Mr. Prospector,Secrettame,Hero's Honor,Ivory Wand,In Reality,Sunny Smile,Foolish Pleasure,Stolen Base,Nearctic,Natalma,Admiral's Voyage,Petitioner,Sword Dancer,Kerala,Round Table,Terentia
202606010111,13,芝,2000,良,オープン,マクフィ,オールドフレイム,Dubawi,Dhelaal,ゼンノロブロイ,オーラオブザムーン,Dubai Millennium,Zomaradah,Green Desert,Irish Valley,サンデーサイレンス,ローミンレイチェル,Tiznow,レディジョアン,Seeking the Gold,Colorado Dancer,Deploy,Jawaher,Danzig,Foreign Courier,Irish River,Green Valley,Halo,Wishing Well,マイニング,One Smart Lady,Cee's Tizzy,Cee's Song,Orientate,Oatsee,Mr. Prospector,Con Game,Shareef Dancer,Fall Aspen,Shirley Heights,Slightly Dangerous,ダンシングブレーヴ,High Tern,Northern Dancer,Pas de Nom,Sir Ivor,Courtly Dee,Riverman,Irish Star,Val de Loir,Sly Pola,Hail to Reason,Cosmah,Understanding,Mountain Flower,Mr. Prospector,I Pass,Clever Trick,Pia's Lady,Relaunch,テイズリー,Seattle Song,Lonely Dancer,Mt. Livermore,Dream Team,Unbridled,With Every Wish
202606010111,14,芝,2000,良,オープン,イスラボニータ,ビクトリアスマイル,フジキセキ,イスラコジーン,ノヴェリスト,ジターナ,サンデーサイレンス,ミルレーサー,Cozzene,Isla Mujeres,Monsun,Night Lagoon,ダンスインザダーク,マルバイユ,Halo,Wishing Well,Le Fabuleux,Marston's Mill,Caro,Ride the Trails,Crafty Prospector,Lido Isle,Konigsstuhl,Mosella,Lagunas,Nenuphar,サンデーサイレンス,ダンシングキイ,Marju,Hambye,Hail to Reason,Cosmah,Understanding,Mountain Flower,Wild Risk,Anguar,In Reality,Millicent,フォルティノ,Chambord,Prince John,Wildwook,Mr. Prospector,Real Crafty Lady,Far North,She Is Gorgeous,Dschingis Khan,Konigskronung,Surumu,Monasia,イルドブルボン,Liranga,Night Shift,Narola,Halo,Wishing Well,Nijinsky,Key Partner,ラストタイクーン,Flame of Tara,Distant Relative,Paglietta Gener
202606010112,1,ダート,1200,稍重,2勝クラス,ミッキーアイル,ビバリーヒルズ,ディープインパクト,スターアイル,スニッツェル,ブリリアントベリー,サンデーサイレンス,ウインドインハーヘア,ロックオブジブラルタル,アイルドフランス,Redoute's Choice,Snippets' Lass,ノーザンテースト,クラフテイワイフ,Halo,Wishing Well,Alzao,Burghclere,デインヒル,Offshore Boom,Nureyev,ステラマドリッド,デインヒル,Shantha's Choice,Snippets,Snow Finch,Northern Dancer,Lady Victoria,Crafty Prospector,Wife Mistress,Hail to Reason,Cosmah,Understanding,Mountain Flower,Lyphard,Lady Rebecca,Busted,Highclere,Danzig,Razyana,Be My Guest,Push a Button,Northern Dancer,Special,Alydar,My Juliet,Danzig,Razyana,Canny Lad,Dancing Show,Lunchtime,Easy Date,Storm Bird,A Realgirl,Nearctic,Natalma,Victoria Park,Lady Angela,Mr. Prospector,Real Crafty Lady,Secretariat,Political Payoff
202606010112,2,ダート,1200,稍重,2勝クラス,Mitole,Hen Escape,エスケンデレヤ,Indian Miss,ヘニーヒューズ,Escape to Victory,Giant's Causeway,Aldebaran Light,Indian Charlie,Glacken's Gal,ヘネシー,Meadow Flyer,Salse,Gaijin,Storm Cat,Mariah's Storm,Seattle Slew,Altair,In Excess,Soviet Sojourn,Smoke Glacken,Lady Diplomat,Storm Cat,Island Kitty,Meadowlake,Shortley,Topsider,Carnival Princess,Caerleon,Resooka,Storm Bird,Terlingua,Rahy,イメンス,Bold Reasoning,My Charmer,Alydar,ステラーオデッセイ,Siberian Express,Kantado,Leo Castelli,Political Parfait,Two Punch,Majesty's Crown,Silver Deputy,Mercedes Miss,Storm Bird,Terlingua,Hawaii,T. C. Kitten,Hold Your Peace,Suspicious Native,Hagley,Short Winded,Northern Dancer,Drumtop,Prince John,Carnival Queen,Nijinsky,Foreseer,Godswalk,Sookera
202606010112,3,ダート,1200,稍重,2勝クラス,ダイワメジャー,ラッドルチェンド,サンデーサイレンス,スカーレットブーケ,Danehill Dancer,ラヴズオンリーミー,Halo,Wishing Well,ノーザンテースト,スカーレットインク,デインヒル,Mira Adonde,Storm Cat,Monevassia,Hail to Reason,Cosmah,Understanding,Mountain Flower,Northern Dancer,Lady Victoria,Crimson Satan,Consentida,Danzig,Razyana,Sharpen Up,Lettre d'Amour,Storm Bird,Terlingua,Mr. Prospector,Miesque,Turn-to,Nothirdchance,Cosmic Bomb,Almahmoud,Promised Land,Pretty Ways,Montparnasse,Edelweiss,Nearctic,Natalma,Victoria Park,Lady Angela,Spy Song,Papila,Beau Max,La Menina,Northern Dancer,Pas de Nom,His Majesty,Spring Adieu,エタン,Rocchetta,Caro,Lianga,Northern Dancer,South Ocean,Secretariat,Crimson Saint,Raise a Native,Gold Digger,Nureyev,Pasadoble
202606010112,4,ダート,1200,稍重,2勝クラス,ディスクリートキャット,タイセイクインス,Forestry,Pretty Discreet,ワイルドラッシュ,ジュンプリンセス,Storm Cat,Shared Interest,Private Account,Pretty Persuasive,Wild Again,Rose Park,タイキシャトル,マーゴーン,Storm Bird,Terlingua,Pleasant Colony,Surgery,Damascus,Numbered Account,Believe It,Bury the Hatchet,Icecapade,Bushel-n-Peck,Plugged Nickle,Hardship,Devil's Bag,ウェルシュマフィン,Dayjur,Whispered Secret,Northern Dancer,South Ocean,Secretariat,Crimson Saint,His Majesty,Sun Colony,Dr. Fager,Bold Sequence,Sword Dancer,Kerala,Buckpasser,Intriguing,In Reality,Breakfast Bell,Tom Rolfe,Christmas Whishes,Nearctic,Shenanigans,Khaled,Dama,Key to the Mint,Toll Booth,Drone,Hard and Fast,Halo,Ballade,Caerleon,Muffitys,Danzig,Gold Beauty,Secretariat,Classy'n Smart
202606010112,5,ダート,1200,稍重,2勝クラス,エスポワールシチー,ケープタウンシチー,ゴールドアリュール,エミネントシチー,シンボリクリスエス,キンバリーシチー,サンデーサイレンス,ニキーヤ,ブライアンズタイム,ヘップバーンシチー,Kris S.,Tee Kay,メジロマックイーン,シンデレラギャル,Halo,Wishing Well,Nureyev,Reluctant Guest,Roberto,Kelley's Day,ブレイヴェストローマン,コンパルシチー,Roberto,Sharp Queen,Gold Meridian,Tri Argo,メジロティターン,メジロオーロラ,ノーザンディクテイター,ハーバーローラー,Hail to Reason,Cosmah,Understanding,Mountain Flower,Northern Dancer,Special,Hostage,Vaguely Royal,Hail to Reason,Bramalea,Graustark,Golden Trail,Never Bend,Roman Song,トラフィック,リンネス,Hail to Reason,Bramalea,Princequillo,Bridgework,Seattle Slew,Queen Louie,Tri Jet,Hail Proudly,メジロアサマ,シエリル,リマンド,メジロアイリス,Northern Dancer,Dictates,ネルシウス,ハーバーメイジ
202606010112,6,ダート,1200,稍重,2勝クラス,ドレフォン,ラーナアズーラ,Gio Ponti,Eltimaas,パイロ,グロッタアズーラ,Tale of the Cat,Chipeta Springs,Ghostzapper,Najecam,Pulpit,Wild Vision,フジキセキ,サダムブルーアイズ,Storm Cat,Yarn,Alydar,Salt Spring,Awesome Again,Baby Zip,Trempolino,Sue Warner,A.P. Indy,Preach,Wild Again,Carol's Wonder,サンデーサイレンス,ミルレーサー,エルコンドルパサー,ミスティックアイズ,Storm Bird,Terlingua,Mr. Prospector,Narrate,Raise a Native,Sweet Tooth,Salt Marsh,Jungle Mythologic,Deputy Minister,Primal Force,Relaunch,Thirty Zip,Sharpen Up,Trephine,Forli,Bitty Girl,Seattle Slew,Weekend Surprise,Mr. Prospector,Narrate,Icecapade,Bushel-n-Peck,Pass the Tab,Carols Christmas,Halo,Wishing Well,Le Fabuleux,Marston's Mill,Kingmambo,サドラーズギャル,Eastern Echo,スキム
202606010112,7,ダート,1200,稍重,2勝クラス,リアルスティール,テセラレフィナード,ディープインパクト,ラヴズオンリーミー,ファルブラヴ,ティファニージェム,サンデーサイレンス,ウインドインハーヘア,Storm Cat,Monevassia,Fairy King,Gift of the Night,マンハッタンカフェ,ビューティフルジェム,Halo,Wishing Well,Alzao,Burghclere,Storm Bird,Terlingua,Mr. Prospector,Miesque,Northern Dancer,Fairy Bridge,Slewpy,Little Nana,サンデーサイレンス,サトルチェンジ,Mr. Prospector,Jeanne Jones,Hail to Reason,Cosmah,Understanding,Mountain Flower,Lyphard,Lady Rebecca,Busted,Highclere,Northern Dancer,South Ocean,Secretariat,Crimson Saint,Raise a Native,Gold Digger,Nureyev,Pasadoble,Nearctic,Natalma,Bold Reason,Special,Seattle Slew,Rare Bouquet,Lithiot,Nenana Road,Halo,Wishing Well,Law Society,Santa Luciana,Raise a Native,Gold Digger,Nijinsky,Beautiful Glass
202606010112,8,ダート,1200,稍重,2勝クラス,ロードカナロア,ファーゴ,キングカメハメハ,レディブラッサム,ハーツクライ,マチカネササメユキ,Kingmambo,マンファス,Storm Cat,サラトガデュー,サンデーサイレンス,アイリッシュダンス,Woodman,Russian Ballet,Mr. Prospector,Miesque,ラストタイクーン,Pilot Bird,Storm Bird,Terlingua,Cormorant,Super Luna,Halo,Wishing Well,トニービン,ビューパーダンス,Mr. Prospector,プレイメイト,Nijinsky,Sex Appeal,Raise a Native,Gold Digger,Nureyev,Pasadoble,トライマイベスト,Mill Princess,Blakeney,The Dancer,Northern Dancer,South Ocean,Secretariat,Crimson Saint,His Majesty,Song Sparrow,In Reality,Alada,Hail to Reason,Cosmah,Understanding,Mountain Flower,カンパラ,Severn Bridge,Lyphard,My Bupers,Raise a Native,Gold Digger,Buckpasser,Intriguing,Northern Dancer,Flaming Page,Buckpasser,Best in Show
202606010112,9,ダート,1200,稍重,2勝クラス,ミッキーロケット,ヒルダ,キングカメハメハ,マネーキャントバイミーラヴ,ダイワメジャー,バロネスサッチャー,Kingmambo,マンファス,Pivotal,Sabreon,サンデーサイレンス,スカーレットブーケ,ヨハネスブルグ,Natkeeta,Mr. Prospector,Miesque,ラストタイクーン,Pilot Bird,Polar Falcon,Fearless Revival,Caerleon,Sabria,Halo,Wishing Well,ノーザンテースト,スカーレットインク,ヘネシー,Myth,Gulch,Orchesis,Raise a Native,Gold Digger,Nureyev,Pasadoble,トライマイベスト,Mill Princess,Blakeney,The Dancer,Nureyev,Marie d'Argonne,Cozzene,Stufida,Nijinsky,Foreseer,Miswaki,Flood,Hail to Reason,Cosmah,Understanding,Mountain Flower,Northern Dancer,Lady Victoria,Crimson Satan,Consentida,Storm Cat,Island Kitty,オジジアン,Yarn,Mr. Prospector,Jameela,In Reality,Graceful Gal
202606010112,10,ダート,1200,稍重,2勝クラス,エスポワールシチー,ペルレストラーダ,ゴールドアリュール,エミネントシチー,アルデバラン,ドーニングストーム,サンデーサイレンス,ニキーヤ,ブライアンズタイム,ヘップバーンシチー,Mr. Prospector,Chimes of Freedom,Storm Cat,Triumph At Dawn,Halo,Wishing Well,Nureyev,Reluctant Guest,Roberto,Kelley's Day,ブレイヴェストローマン,コンパルシチー,Raise a Native,Gold Digger,Private Account,Aviance,Storm Bird,Terlingua,Alydar,Dawn's Curtsey,Hail to Reason,Cosmah,Understanding,Mountain Flower,Northern Dancer,Special,Hostage,Vaguely Royal,Hail to Reason,Bramalea,Graustark,Golden Trail,Never Bend,Roman Song,トラフィック,リンネス,Native Dancer,Raise You,Nashua,Sequence,Damascus,Numbered Account,Northfields,Minnie Hauk,Northern Dancer,South Ocean,Secretariat,Crimson Saint,Raise a Native,Sweet Tooth,Far North,Liberty Spirit
202606010112,11,ダート,1200,稍重,2勝クラス,エイシンヒカリ,エイシンカラット,ディープインパクト,キャタリナ,Tale of Ekati,Ellie's Moment,サンデーサイレンス,ウインドインハーヘア,Storm Cat,Carolina Saga,Tale of the Cat,サイレンスビューティ,Kris S.,Kelley's Day,Halo,Wishing Well,Alzao,Burghclere,Storm Bird,Terlingua,Caro,Key to the Saga,Storm Cat,Yarn,サンデーサイレンス,メイプルジンスキー,Roberto,Sharp Queen,Graustark,Golden Trail,Hail to Reason,Cosmah,Understanding,Mountain Flower,Lyphard,Lady Rebecca,Busted,Highclere,Northern Dancer,South Ocean,Secretariat,Crimson Saint,フォルティノ,Chambord,Key to the Mint,Sea Saga,Storm Bird,Terlingua,Mr. Prospector,Narrate,Halo,Wishing Well,Nijinsky,Gold Beauty,Hail to Reason,Bramalea,Princequillo,Bridgework,Ribot,Flower Bowl,Hasty Road,Sunny Vale
202606010112,12,ダート,1200,稍重,2勝クラス,Liam's Map,Cara Bella,Unbridled's Song,Miss Macy Sue,Ghostzapper,Cargo,Unbridled,Trolley Song,Trippi,Yada Yada,Awesome Again,Baby Zip,Caro,Aerturas,Fappiano,Gana Facil,Caro,Lucky Spell,エンドスウィープ,Jealous Appeal,Great Above,Stem,Deputy Minister,Primal Force,Relaunch,Thirty Zip,フォルティノ,Chambord,マナード,Amiel,Mr. Prospector,Killaloe,Le Fabuleux,Charedi,フォルティノ,Chambord,Lucky Mel,Incantation,フォーティナイナー,Broom Dance,Valid Appeal,Jealous Cat,Minnesota Mac,Ta Wee,Damascus,Tweak,Vice Regent,Mint Copy,Blushing Groom,Prime Prospect,In Reality,Foggy Note,Tri Jet,Sailaway,Grey Sovereign,Ranavalo,Chamossaire,Life Hill,Captain's Gig,Slipstream,ノノアルコ,Alea
202606010112,13,ダート,1200,稍重,2勝クラス,マクフィ,ニースセブンティン,Dubawi,Dhelaal,ナリタトップロード,バンブトンニース,Dubai Millennium,Zomaradah,Green Desert,Irish Valley,サッカーボーイ,フローラルマジック,バンブーアトラス,バンブトンリッチ,Seeking the Gold,Colorado Dancer,Deploy,Jawaher,Danzig,Foreign Courier,Irish River,Green Valley,ディクタス,ダイナサッシュ,Affirmed,Rare Lady,ジムフレンチ,バンブーシザラ,サーペンフロ,プロバンス,Mr. Prospector,Con Game,Shareef Dancer,Fall Aspen,Shirley Heights,Slightly Dangerous,ダンシングブレーヴ,High Tern,Northern Dancer,Pas de Nom,Sir Ivor,Courtly Dee,Riverman,Irish Star,Val de Loir,Sly Pola,Sanctus,Doronic,ノーザンテースト,ロイヤルサッシュ,Exclusive Native,Won't Tell You,Never Bend,Double Agent,Graustark,Dinner Partner,テスコボーイ,シザラ,Sir Ivor,Running Blue,プロント,イチバンブ
202606010112,14,ダート,1200,稍重,2勝クラス,ルヴァンスレーヴ,アイシークレット,シンボリクリスエス,マエストラーレ,ゴールドアリュール,ワンモアヒット,Kris S.,Tee Kay,ネオユニヴァース,オータムブリーズ,サンデーサイレンス,ニキーヤ,アサティス,ベイブルーム,Roberto,Sharp Queen,Gold Meridian,Tri Argo,サンデーサイレンス,ポインテッドパス,ティンバーカントリー,セプテンバーソング,Halo,Wishing Well,Nureyev,Reluctant Guest,Topsider,Secret Asset,ノーザンディクテイター,ノースケープ,Hail to Reason,Bramalea,Princequillo,Bridgework,Seattle Slew,Queen Louie,Tri Jet,Hail Proudly,Halo,Wishing Well,Kris,Silken Way,Woodman,Fall Aspen,リアルシャダイ,ダイナフェアリー,Hail to Reason,Cosmah,Understanding,Mountain Flower,Northern Dancer,Special,Hostage,Vaguely Royal,Northern Dancer,Drumtop,Graustark,Numbered Account,Northern Dancer,Dictates,クラウンドプリンス,イーグランド
202606010112,15,ダート,1200,稍重,2勝クラス,パイロ,ホウオウサファイア,Pulpit,Wild Vision,サウスヴィグラス,ワンモアヒット,A.P. Indy,Preach,Wild Again,Carol's Wonder,エンドスウィープ,ダーケストスター,アサティス,ベイブルーム,Seattle Slew,Weekend Surprise,Mr. Prospector,Narrate,Icecapade,Bushel-n-Peck,Pass the Tab,Carols Christmas,フォーティナイナー,Broom Dance,Star de Naskra,Minnie Riperton,Topsider,Secret Asset,ノーザンディクテイター,ノースケープ,Bold Reasoning,My Charmer,Secretariat,Lassie Dear,Raise a Native,Gold Digger,Honest Pleasure,State,Nearctic,Shenanigans,Khaled,Dama,Al Hattab,Dantina,Whitesburg,Light Verse,Mr. Prospector,File,Dance Spell,Witching Hour,Naskra,Candle Star,Cornish Prince,English Harbor,Northern Dancer,Drumtop,Graustark,Numbered Account,Northern Dancer,Dictates,クラウンドプリンス,イーグランド
202606010112,16,ダート,1200,稍重,2勝クラス,パイロ,タガノシムナ,Pulpit,Wild Vision,ロードカナロア,タガノディーバ,A.P. Indy,Preach,Wild Again,Carol's Wonder,キングカメハメハ,レディブラッサム,フジキセキ,ディーバ,Seattle Slew,Weekend Surprise,Mr. Prospector,Narrate,Icecapade,Bushel-n-Peck,Pass the Tab,Carols Christmas,Kingmambo,マンファス,Storm Cat,サラトガデュー,サンデーサイレンス,ミルレーサー,Crafty Prospector,ミスセクレト,Bold Reasoning,My Charmer,Secretariat,Lassie Dear,Raise a Native,Gold Digger,Honest Pleasure,State,Nearctic,Shenanigans,Khaled,Dama,Al Hattab,Dantina,Whitesburg,Light Verse,Mr. Prospector,Miesque,ラストタイクーン,Pilot Bird,Storm Bird,Terlingua,Cormorant,Super Luna,Halo,Wishing Well,Le Fabuleux,Marston's Mill,Mr. Prospector,Real Crafty Lady,セクレト,My First Fling
202606010201,1,ダート,1200,稍重,未勝利,リオンディーズ,トウカイシェーン,キングカメハメハ,シーザリオ,ダイワメジャー,トウカイポピー,Kingmambo,マンファス,スペシャルウィーク,キロフプリミエール,サンデーサイレンス,スカーレットブーケ,スピニングワールド,トウカイシャネル,Mr. Prospector,Miesque,ラストタイクーン,Pilot Bird,サンデーサイレンス,キャンペンガール,Sadler's Wells,Querida,Halo,Wishing Well,ノーザンテースト,スカーレットインク,Nureyev,Imperfect Circle,リアルシャダイ,アルパインスウィフト,Raise a Native,Gold Digger,Nureyev,Pasadoble,トライマイベスト,Mill Princess,Blakeney,The Dancer,Halo,Wishing Well,マルゼンスキー,レディーシラオキ,Northern Dancer,Fairy Bridge,Habitat,Principia,Hail to Reason,Cosmah,Understanding,Mountain Flower,Northern Dancer,Lady Victoria,Crimson Satan,Consentida,Northern Dancer,Special,Riverman,Aviance,Roberto,Desert Vixen,Storm Bird,La Dame Du Lac
202606010201,2,ダート,1200,稍重,未勝利,ジャスタウェイ,エルフィンコーブ,ハーツクライ,シビル,Adios Charlie,Siren Cove,サンデーサイレンス,アイリッシュダンス,Wild Again,シャロン,Indian Charlie,Teak Totem,Montbrook,Note to Mimi,Halo,Wishing Well,トニービン,ビューパーダンス,Icecapade,Bushel-n-Peck,Mo Exception,Double Wiggle,In Excess,Soviet Sojourn,Northern Afleet,Teaksberry Road,Buckaroo,Secret Papers,Notebook,Mimi La Sardine,Hail to Reason,Cosmah,Understanding,Mountain Flower,カンパラ,Severn Bridge,Lyphard,My Bupers,Nearctic,Shenanigans,Khaled,Dama,Hard Work,With Exception,Sir Wiggle,Blue Double,Siberian Express,Kantado,Leo Castelli,Political Parfait,アフリート,Nuryette,High Honors,Chieftain's Mark,Buckpasser,Stepping High,Jet Diplomacy,Attache Case,Well Decorated,Mobcap,Tank's Prospect,Fran Nasra
202606010201,3,ダート,1200,稍重,未勝利,フォーウィールドライブ,アイコニック,American Pharoah,Funfair,オルフェーヴル,ハイウェイトゥグローリー,Pioneerof the Nile,Littleprincessemma,More Than Ready,Fleuron,ステイゴールド,オリエンタルアート,Cape Cross,Anita Via,エンパイアメーカー,Star of Goshen,Yankee Gentleman,Exclusive Rosette,サザンヘイロー,Woodman's Girl,Distant View,Flamboyance,サンデーサイレンス,ゴールデンサッシュ,メジロマックイーン,エレクトロアート,Green Desert,Park Appeal,Anita's Prince,Seldovia,Unbridled,Toussaud,Lord at War,Castle Eight,Storm Cat,Key Phrase,Ecliptical,Zetta Jet,Halo,Northern Sea,Woodman,Becky Be Good,Mr. Prospector,Seven Springs,Zilzal,Bridal Wreath,Halo,Wishing Well,ディクタス,ダイナサッシュ,メジロティターン,メジロオーロラ,ノーザンテースト,グランマスティーヴンス,Danzig,Foreign Courier,Ahonoora,Balidaress,ストラダビンスキー,Get Ready,Charlottown,Sunol
202606010201,4,ダート,1200,稍重,未勝利,シャンハイボビー,カレンシェリーメイ,Harlan's Holiday,Steelin',ディープインパクト,スプリングチケット,Harlan,Christmas in Aiken,Orientate,Steel Band,サンデーサイレンス,ウインドインハーヘア,トニービン,カズミハルコマ,Storm Cat,Country Romance,Affirmed,Dowager,Mt. Livermore,Dream Team,Carson City,ウェディングバンド,Halo,Wishing Well,Alzao,Burghclere,カンパラ,Severn Bridge,マルゼンスキー,センシユータカラ,Storm Bird,Terlingua,Halo,Sweet Romance,Exclusive Native,Won't Tell You,Honest Pleasure,Princessnesian,Blushing Groom,Flama Ardiente,Cox's Ridge,Likely Double,Mr. Prospector,Blushing Promise,Mighty Appealing,Ring of Steel,Hail to Reason,Cosmah,Understanding,Mountain Flower,Lyphard,Lady Rebecca,Busted,Highclere,Kalamoun,State Pension,Hornbeam,Priddy Fair,Nijinsky,シル,ヴェンチア,シヤダイウイング
202606010201,5,ダート,1200,稍重,未勝利,マテラスカイ,ローザディアマント,Speightstown,Mostaqeleh,スペシャルウィーク,ピンクガーター,Gone West,Silken Cat,Rahy,Istiqlal,サンデーサイレンス,キャンペンガール,アフリート,オーピーキャット,Mr. Prospector,Secrettame,Storm Cat,Silken Doll,Blushing Groom,Glorious Song,Diesis,Wasnah,Halo,Wishing Well,マルゼンスキー,レディーシラオキ,Mr. Prospector,Polite Lady,Storm Cat,Princess S.,Raise a Native,Gold Digger,Secretariat,Tamerett,Storm Bird,Terlingua,Chieftain,Insilca,Red God,Runaway Bride,Halo,Ballade,Sharpen Up,Doubly Sure,Nijinsky,Highest Trump,Hail to Reason,Cosmah,Understanding,Mountain Flower,Nijinsky,シル,セントクレスピン,ミスアシヤガワ,Raise a Native,Gold Digger,Venetian Jester,Friendly Ways,Storm Bird,Terlingua,Assagai Jr.,Princess Thelma
202606010201,6,ダート,1200,稍重,未勝利,キャプテンキング,フルゴラ,ファスリエフ,ストロベリーパフェ,エイシンフラッシュ,デュークタイフーン,Nureyev,Mr. P's Princess,ブライアンズタイム,ワルツダンサー,キングズベスト,ムーンレディ,フジキセキ,テールトゥノーズ,Northern Dancer,Special,Mr. Prospector,Anne Campbell,Roberto,Kelley's Day,サンデーサイレンス,ウィシングフォーアスター,Kingmambo,Allegretta,プラティニ,Midnight Fever,サンデーサイレンス,ミルレーサー,ノーザンテースト,アスコツトラップ,Nearctic,Natalma,Forli,Thong,Raise a Native,Gold Digger,Never Bend,Repercussion,Hail to Reason,Bramalea,Graustark,Golden Trail,Halo,Wishing Well,Mr. Prospector,Barbs Dancer,Mr. Prospector,Miesque,Lombard,Anatevka,Surumu,Prairie Darling,Sure Blade,Majoritat,Halo,Wishing Well,Le Fabuleux,Marston's Mill,Northern Dancer,Lady Victoria,エルセンタウロ,ディープデイーン
202606010201,7,ダート,1200,稍重,未勝利,アジアエクスプレス,ヒルド,ヘニーヒューズ,ランニングボブキャッツ,ロードカナロア,ローズアダージョ,ヘネシー,Meadow Flyer,Running Stag,Backatem,キングカメハメハ,レディブラッサム,ディープインパクト,ファーストナイト,Storm Cat,Island Kitty,Meadowlake,Shortley,Cozzene,Fruhlingstag,Notebook,Deputy's Mistress,Kingmambo,マンファス,Storm Cat,サラトガデュー,サンデーサイレンス,ウインドインハーヘア,Sadler's Wells,Morning Devotion,Storm Bird,Terlingua,Hawaii,T. C. Kitten,Hold Your Peace,Suspicious Native,Hagley,Short Winded,Caro,Ride the Trails,Orsini,Revada,Well Decorated,Mobcap,Deputy Minister,River Crossing,Mr. Prospector,Miesque,ラストタイクーン,Pilot Bird,Storm Bird,Terlingua,Cormorant,Super Luna,Halo,Wishing Well,Alzao,Burghclere,Northern Dancer,Fairy Bridge,Affirmed,Morning Has Broken
202606010201,8,ダート,1200,稍重,未勝利,Daredevil,Emma's Encore,More Than Ready,Chasethewildwind,Congrats,French Opera,サザンヘイロー,Woodman's Girl,フォーティナイナー,Race the Wild Wind,A.P. Indy,Praise,Wild Again,Sentimental Saga,Halo,Northern Sea,Woodman,Becky Be Good,Mr. Prospector,File,Sunny's Halo,Redpath,Seattle Slew,Weekend Surprise,Mr. Prospector,Wild Applause,Icecapade,Bushel-n-Peck,Akureyri,La Reine Rouge,Hail to Reason,Cosmah,Northern Dancer,Sea Saga,Mr. Prospector,プレイメイト,Naskra,Good Landing,Raise a Native,Gold Digger,Tom Rolfe,Continue,Halo,Mostly Sunny,Indian Chief,Lady Marguery,Bold Reasoning,My Charmer,Secretariat,Lassie Dear,Raise a Native,Gold Digger,Northern Dancer,Glowing Tribute,Nearctic,Shenanigans,Khaled,Dama,Buckpasser,Royal Statute,King's Bishop,Silver Betsy
202606010201,9,ダート,1200,稍重,未勝利,ネロ,クノイチ,ヨハネスブルグ,ニシノタカラヅカ,アドマイヤムーン,ラファダリ,ヘネシー,Myth,サンデーサイレンス,デユプリシト,エンドスウィープ,マイケイティーズ,シングスピール,シシリー,Storm Cat,Island Kitty,オジジアン,Yarn,Halo,Wishing Well,Danzig,Fabulous Fraud,フォーティナイナー,Broom Dance,サンデーサイレンス,ケイティーズファースト,In the Wings,Glorious Song,Kris S.,Najecam,Storm Bird,Terlingua,Hawaii,T. C. Kitten,Damascus,Gonfalon,Mr. Prospector,Narrate,Hail to Reason,Cosmah,Understanding,Mountain Flower,Northern Dancer,Pas de Nom,Le Fabuleux,The Bride,Mr. Prospector,File,Dance Spell,Witching Hour,Halo,Wishing Well,Kris,Katies,Sadler's Wells,High Hawk,Halo,Ballade,Roberto,Sharp Queen,Trempolino,Sue Warner
202606010201,10,ダート,1200,稍重,未勝利,ホッコータルマエ,ピッパレジーナ,キングカメハメハ,マダムチェロキー,ゴールドアリュール,ファンドリオボッコ,Kingmambo,マンファス,Cherokee Run,アンフォイルド,サンデーサイレンス,ニキーヤ,ワッスルタッチ,ハギノオボッコー,Mr. Prospector,Miesque,ラストタイクーン,Pilot Bird,Runaway Groom,Cherokee Dame,Unbridled,Bold Foil,Halo,Wishing Well,Nureyev,Reluctant Guest,Northern Dancer,Queen Sucree,ゼダーン,ゼットスター,Raise a Native,Gold Digger,Nureyev,Pasadoble,トライマイベスト,Mill Princess,Blakeney,The Dancer,Blushing Groom,Yonnie Girl,Silver Saber,Dame Francesca,Fappiano,Gana Facil,Bold Forbes,Perfect Foil,Hail to Reason,Cosmah,Understanding,Mountain Flower,Northern Dancer,Special,Hostage,Vaguely Royal,Nearctic,Natalma,Ribot,Cosmah,Grey Sovereign,Vareta,テューダーペリオッド,モリアキ
202606010201,11,ダート,1200,稍重,未勝利,スマートファルコン,マヤチャン,ゴールドアリュール,ケイシュウハーブ,ロードカナロア,トランプクイーン,サンデーサイレンス,ニキーヤ,ミシシッピアン,キョウエイシラユキ,キングカメハメハ,レディブラッサム,ネオユニヴァース,バレークイーン,Halo,Wishing Well,Nureyev,Reluctant Guest,Vaguely Noble,Gazala,クラウンドプリンス,アリアーン,Kingmambo,マンファス,Storm Cat,サラトガデュー,サンデーサイレンス,ポインテッドパス,Sadler's Wells,Sun Princess,Hail to Reason,Cosmah,Understanding,Mountain Flower,Northern Dancer,Special,Hostage,Vaguely Royal,ヴィエナ,Noble Lassie,Dark Star,Belle Angevine,Raise a Native,Gay Hostess,シルバーシャーク,Nucciolina,Mr. Prospector,Miesque,ラストタイクーン,Pilot Bird,Storm Bird,Terlingua,Cormorant,Super Luna,Halo,Wishing Well,Kris,Silken Way,Northern Dancer,Fairy Bridge,イングリッシュプリンス,Sunny Valley
202606010201,12,ダート,1200,稍重,未勝利,パイロ,ハニーディスタフ,Pulpit,Wild Vision,ゴールドアリュール,ダッシングハニー,A.P. Indy,Preach,Wild Again,Carol's Wonder,サンデーサイレンス,ニキーヤ,アサティス,ラストヒット,Seattle Slew,Weekend Surprise,Mr. Prospector,Narrate,Icecapade,Bushel-n-Peck,Pass the Tab,Carols Christmas,Halo,Wishing Well,Nureyev,Reluctant Guest,Topsider,Secret Asset,スラヴィック,ゲートアンドフライ,Bold Reasoning,My Charmer,Secretariat,Lassie Dear,Raise a Native,Gold Digger,Honest Pleasure,State,Nearctic,Shenanigans,Khaled,Dama,Al Hattab,Dantina,Whitesburg,Light Verse,Hail to Reason,Cosmah,Understanding,Mountain Flower,Northern Dancer,Special,Hostage,Vaguely Royal,Northern Dancer,Drumtop,Graustark,Numbered Account,Danzig,Bamesian,クラウンドプリンス,ヤマノコトブキ
202606010201,13,ダート,1200,稍重,未勝利,Liam's Map,Take Ten,Unbridled's Song,Miss Macy Sue,Uncle Mo,Savviest,Unbridled,Trolley Song,Trippi,Yada Yada,Indian Charlie,Playa Maya,El Corredor,Terre Haute,Fappiano,Gana Facil,Caro,Lucky Spell,エンドスウィープ,Jealous Appeal,Great Above,Stem,In Excess,Soviet Sojourn,Arch,Dixie Slippers,Mr. Greeley,Silvery Swan,Caro,Mia Dancer,Mr. Prospector,Killaloe,Le Fabuleux,Charedi,フォルティノ,Chambord,Lucky Mel,Incantation,フォーティナイナー,Broom Dance,Valid Appeal,Jealous Cat,Minnesota Mac,Ta Wee,Damascus,Tweak,Siberian Express,Kantado,Leo Castelli,Political Parfait,Kris S.,Aurora,Dixieland Band,Cyane's Slippers,Gone West,Long Legend,Silver Deputy,Sociable Duck,フォルティノ,Chambord,Marshua's Dancer,Looks Promising
202606010201,14,ダート,1200,稍重,未勝利,ナダル,エイシンヴァニラ,Blame,Ascending Angel,ダイワメジャー,エーシンサスケハナ,Arch,Liable,Pulpit,Solar Colony,サンデーサイレンス,スカーレットブーケ,クロフネ,エイシンマッカレン,Kris S.,Aurora,Seeking the Gold,Bound,A.P. Indy,Preach,Pleasant Colony,Meteor Stage,Halo,Wishing Well,ノーザンテースト,スカーレットインク,フレンチデピュティ,ブルーアヴェニュー,Woodman,Ladanum,Roberto,Sharp Queen,Danzig,Althea,Mr. Prospector,Con Game,Nijinsky,Special,Seattle Slew,Weekend Surprise,Mr. Prospector,Narrate,His Majesty,Sun Colony,Stage Door Johnny,Northern Meteor,Hail to Reason,Cosmah,Understanding,Mountain Flower,Northern Dancer,Lady Victoria,Crimson Satan,Consentida,Deputy Minister,Mitterand,Classic Go Go,Eliza Blue,Mr. Prospector,プレイメイト,Green Dancer,Gay Style
202606010201,15,ダート,1200,稍重,未勝利,ヴァンゴッホ,ネオヴィクトリア,American Pharoah,Imagine,ディープインパクト,ピンクリップス,Pioneerof the Nile,Littleprincessemma,Sadler's Wells,Doff the Derby,サンデーサイレンス,ウインドインハーヘア,エンドスウィープ,マリスター,エンパイアメーカー,Star of Goshen,Yankee Gentleman,Exclusive Rosette,Northern Dancer,Fairy Bridge,Master Derby,Margarethen,Halo,Wishing Well,Alzao,Burghclere,フォーティナイナー,Broom Dance,Baldski,Pink Dove,Unbridled,Toussaud,Lord at War,Castle Eight,Storm Cat,Key Phrase,Ecliptical,Zetta Jet,Nearctic,Natalma,Bold Reason,Special,ダストコマンダー,Madam Jerry,Tulyar,Russ-Marie,Hail to Reason,Cosmah,Understanding,Mountain Flower,Lyphard,Lady Rebecca,Busted,Highclere,Mr. Prospector,File,Dance Spell,Witching Hour,Nijinsky,Too Bald,Argument,Perfect Pigeon
202606010201,16,ダート,1200,稍重,未勝利,アスクピーターパン,ローブディアンジェ,Frankel,ストレイトガール,ネオユニヴァース,ベルベットローブ,Galileo,Kind,フジキセキ,ネヴァーピリオド,サンデーサイレンス,ポインテッドパス,Gone West,Verbasle,Sadler's Wells,Urban Sea,デインヒル,Rainbow Lake,サンデーサイレンス,ミルレーサー,タイキシャトル,フューチャハッピー,Halo,Wishing Well,Kris,Silken Way,Mr. Prospector,Secrettame,Slewpy,Verbality,Northern Dancer,Fairy Bridge,Miswaki,Allegretta,Danzig,Razyana,Rainbow Quest,Rockfest,Halo,Wishing Well,Le Fabuleux,Marston's Mill,Devil's Bag,ウェルシュマフィン,デインヒル,タイセイカグラ,Hail to Reason,Cosmah,Understanding,Mountain Flower,Sharpen Up,Doubly Sure,Shantung,Boulevard,Raise a Native,Gold Digger,Secretariat,Tamerett,Seattle Slew,Rare Bouquet,Verbatim,One Sum
202606010202,1,ダート,1800,稍重,未勝利,キズナ,ウアラネージュ,ディープインパクト,キャットクイル,エイシンフラッシュ,ブラマンジェ,サンデーサイレンス,ウインドインハーヘア,Storm Cat,Pacific Princess,キングズベスト,ムーンレディ,クロフネ,シラユキヒメ,Halo,Wishing Well,Alzao,Burghclere,Storm Bird,Terlingua,Damascus,Fiji,Kingmambo,Allegretta,プラティニ,Midnight Fever,フレンチデピュティ,ブルーアヴェニュー,サンデーサイレンス,ウェイブウインド,Hail to Reason,Cosmah,Understanding,Mountain Flower,Lyphard,Lady Rebecca,Busted,Highclere,Northern Dancer,South Ocean,Secretariat,Crimson Saint,Sword Dancer,Kerala,Acropolis,Rififi,Mr. Prospector,Miesque,Lombard,Anatevka,Surumu,Prairie Darling,Sure Blade,Majoritat,Deputy Minister,Mitterand,Classic Go Go,Eliza Blue,Halo,Wishing Well,Topsider,Storm and Sunshine
202606010202,2,ダート,1800,稍重,未勝利,リオンディーズ,クインズオライリー,キングカメハメハ,シーザリオ,シンボリクリスエス,ケイアイベローナ,Kingmambo,マンファス,スペシャルウィーク,キロフプリミエール,Kris S.,Tee Kay,クロフネ,レディベローナ,Mr. Prospector,Miesque,ラストタイクーン,Pilot Bird,サンデーサイレンス,キャンペンガール,Sadler's Wells,Querida,Roberto,Sharp Queen,Gold Meridian,Tri Argo,フレンチデピュティ,ブルーアヴェニュー,サンデーサイレンス,シンコウラブリイ,Raise a Native,Gold Digger,Nureyev,Pasadoble,トライマイベスト,Mill Princess,Blakeney,The Dancer,Halo,Wishing Well,マルゼンスキー,レディーシラオキ,Northern Dancer,Fairy Bridge,Habitat,Principia,Hail to Reason,Bramalea,Princequillo,Bridgework,Seattle Slew,Queen Louie,Tri Jet,Hail Proudly,Deputy Minister,Mitterand,Classic Go Go,Eliza Blue,Halo,Wishing Well,Caerleon,ハッピートレイルズ
202606010202,3,ダート,1800,稍重,未勝利,ルヴァンスレーヴ,ユキチャン,シンボリクリスエス,マエストラーレ,クロフネ,シラユキヒメ,Kris S.,Tee Kay,ネオユニヴァース,オータムブリーズ,フレンチデピュティ,ブルーアヴェニュー,サンデーサイレンス,ウェイブウインド,Roberto,Sharp Queen,Gold Meridian,Tri Argo,サンデーサイレンス,ポインテッドパス,ティンバーカントリー,セプテンバーソング,Deputy Minister,Mitterand,Classic Go Go,Eliza Blue,Halo,Wishing Well,Topsider,Storm and Sunshine,Hail to Reason,Bramalea,Princequillo,Bridgework,Seattle Slew,Queen Louie,Tri Jet,Hail Proudly,Halo,Wishing Well,Kris,Silken Way,Woodman,Fall Aspen,リアルシャダイ,ダイナフェアリー,Vice Regent,Mint Copy,Hold Your Peace,Laredo Lass,Pago Pago,Classic Perfection,Icecapade,コレラ,Hail to Reason,Cosmah,Understanding,Mountain Flower,Northern Dancer,Drumtop,Star de Naskra,Sea Drone
202606010202,4,ダート,1800,稍重,未勝利,オルフェーヴル,カルマート,ステイゴールド,オリエンタルアート,シンボリクリスエス,キープクワイエット,サンデーサイレンス,ゴールデンサッシュ,メジロマックイーン,エレクトロアート,Kris S.,Tee Kay,エアジハード,ビーサイレント,Halo,Wishing Well,ディクタス,ダイナサッシュ,メジロティターン,メジロオーロラ,ノーザンテースト,グランマスティーヴンス,Roberto,Sharp Queen,Gold Meridian,Tri Argo,サクラユタカオー,アイシーゴーグル,サンデーサイレンス,グローバルダイナ,Hail to Reason,Cosmah,Understanding,Mountain Flower,Sanctus,Doronic,ノーザンテースト,ロイヤルサッシュ,メジロアサマ,シエリル,リマンド,メジロアイリス,Northern Dancer,Lady Victoria,Lt. Stevens,Dhow,Hail to Reason,Bramalea,Princequillo,Bridgework,Seattle Slew,Queen Louie,Tri Jet,Hail Proudly,テスコボーイ,アンジェリカ,ロイヤルスキー,シャダイアイバー,Halo,Wishing Well,ノーザンテースト,グローブターフ
202606010202,5,ダート,1800,稍重,未勝利,マインドユアビスケッツ,モードフランス,Posse,Jazzmane,アサクサキングス,モテック,Silver Deputy,Raska,Toccet,Alljazz,ホワイトマズル,クルーピアスター,ラストタイクーン,Sudaka,Deputy Minister,Silver Valley,Rahy,Borishka,Awesome Again,Cozzene's Angel,Stop the Music,Bounteous,ダンシングブレーヴ,Fair of the Furze,サンデーサイレンス,クルーピアレディー,トライマイベスト,Mill Princess,Garde Royale,Didia Clara,Vice Regent,Mint Copy,Mr. Prospector,Seven Valleys,Blushing Groom,Glorious Song,Roberto,Queen Maud,Deputy Minister,Primal Force,Cozzene,Charming Pan,Hail to Reason,Bebopper,Master Derby,Mlle. Quille,Lyphard,Navajo Princess,Ela-Mana-Mou,Autocratic,Halo,Wishing Well,What Luck,Question d'Argent,Northern Dancer,Sex Appeal,Mill Reef,Irish Lass,Mill Reef,Royal Way,Sea Break,Patria
202606010202,6,ダート,1800,稍重,未勝利,ルヴァンスレーヴ,シネマソングス,シンボリクリスエス,マエストラーレ,ハーツクライ,アースリヴィング,Kris S.,Tee Kay,ネオユニヴァース,オータムブリーズ,サンデーサイレンス,アイリッシュダンス,Yonaguska,Etoufee,Roberto,Sharp Queen,Gold Meridian,Tri Argo,サンデーサイレンス,ポインテッドパス,ティンバーカントリー,セプテンバーソング,Halo,Wishing Well,トニービン,ビューパーダンス,Cherokee Run,Marital Spook,タバスコキャット,Allouette,Hail to Reason,Bramalea,Princequillo,Bridgework,Seattle Slew,Queen Louie,Tri Jet,Hail Proudly,Halo,Wishing Well,Kris,Silken Way,Woodman,Fall Aspen,リアルシャダイ,ダイナフェアリー,Hail to Reason,Cosmah,Understanding,Mountain Flower,カンパラ,Severn Bridge,Lyphard,My Bupers,Runaway Groom,Cherokee Dame,Silver Ghost,Homewrecker,Storm Cat,Barbicue Sauce,Proud Birdie,Madame Defage
202606010202,7,ダート,1800,稍重,未勝利,レッドファルクス,ジャカランダテラス,スウェプトオーヴァーボード,ベルモット,Redoute's Choice,Unearthly,エンドスウィープ,Sheer Ice,サンデーサイレンス,レガシーオブストレングス,デインヒル,Shantha's Choice,Zabeel,Snippets' Crown,フォーティナイナー,Broom Dance,Cutlass,Hey Dolly A.,Halo,Wishing Well,Affirmed,Katonka,Danzig,Razyana,Canny Lad,Dancing Show,Sir Tristram,Lady Giselle,Snippets,Girl's Paradise,Mr. Prospector,File,Dance Spell,Witching Hour,Damascus,Aphonia,Ambehaving,Swift Deal,Hail to Reason,Cosmah,Understanding,Mountain Flower,Exclusive Native,Won't Tell You,Minnesota Mac,Minnetonka,Northern Dancer,Pas de Nom,His Majesty,Spring Adieu,Bletchingly,Jesmond Lass,Nijinsky,Show Lady,Sir Ivor,Isolt,Nureyev,Valderna,Lunchtime,Easy Date,Crown Jester,Queen Gypsy
202606010202,8,ダート,1800,稍重,未勝利,ダノンスマッシュ,イノセントデイズ,ロードカナロア,スピニングワイルドキャット,ダイワメジャー,レディハピネス,キングカメハメハ,レディブラッサム,Hard Spun,Hollywood Wildcat,サンデーサイレンス,スカーレットブーケ,モンジュー,レディパステル,Kingmambo,マンファス,Storm Cat,サラトガデュー,Danzig,Turkish Tryst,Kris S.,Miss Wildcatter,Halo,Wishing Well,ノーザンテースト,スカーレットインク,Sadler's Wells,Floripedes,トニービン,ピンクタートル,Mr. Prospector,Miesque,ラストタイクーン,Pilot Bird,Storm Bird,Terlingua,Cormorant,Super Luna,Northern Dancer,Pas de Nom,Turkoman,Darbyvail,Roberto,Sharp Queen,Mr. Prospector,Elizabeth K.,Hail to Reason,Cosmah,Understanding,Mountain Flower,Northern Dancer,Lady Victoria,Crimson Satan,Consentida,Northern Dancer,Fairy Bridge,Top Ville,Toute Cy,カンパラ,Severn Bridge,Blushing Groom,Turtle Cove
202606010202,9,ダート,1800,稍重,未勝利,カリフォルニアクローム,サドキンザン,Lucky Pulpit,Love the Chase,オルフェーヴル,サマナケイ,Pulpit,Lucky Soph,Not for Love,Chase It Down,ステイゴールド,オリエンタルアート,Authorized,Tessa Reef,A.P. Indy,Preach,Cozzene,Lucky Spell,Mr. Prospector,Dance Number,Polish Numbers,Chase the Dream,サンデーサイレンス,ゴールデンサッシュ,メジロマックイーン,エレクトロアート,Montjeu,Funsie,Mark of Esteem,Massaraat,Seattle Slew,Weekend Surprise,Mr. Prospector,Narrate,Caro,Ride the Trails,Lucky Mel,Incantation,Raise a Native,Gold Digger,Northern Dancer,Numbered Account,Danzig,Numbered Account,Sir Ivor,La Belle Fleur,Halo,Wishing Well,ディクタス,ダイナサッシュ,メジロティターン,メジロオーロラ,ノーザンテースト,グランマスティーヴンス,Sadler's Wells,Floripedes,Saumarez,Vallee Dansante,Darshaan,Homage,Nureyev,Pasadoble
202606010202,10,ダート,1800,稍重,未勝利,ニューイヤーズデイ,アメイジングライフ,Street Cry,Justwhistledixie,ハーツクライ,カフェブリリアント,Machiavellian,Helen Street,Dixie Union,General Jeanne,サンデーサイレンス,アイリッシュダンス,ブライアンズタイム,シンメイミネルバ,Mr. Prospector,Coup de Folie,Troy,Waterway,Dixieland Band,She's Tops,Honour and Glory,Ahpo Hel,Halo,Wishing Well,トニービン,ビューパーダンス,Roberto,Kelley's Day,Caerleon,フジャブ,Raise a Native,Gold Digger,Halo,Raise the Standard,Petingo,La Milo,Riverman,Boulevard,Northern Dancer,Mississippi Mud,Capote,She's a Talent,Relaunch,Fair to All,Mr. Leader,Tiy,Hail to Reason,Cosmah,Understanding,Mountain Flower,カンパラ,Severn Bridge,Lyphard,My Bupers,Hail to Reason,Bramalea,Graustark,Golden Trail,Nijinsky,Foreseer,Woodman,Winters' Love
202606010202,11,ダート,1800,稍重,未勝利,クリエイター,トチノタイヨー,Tapit,Morena,プリサイスエンド,フジヤマビジン,Pulpit,Tap Your Heels,Privately Held,Charytin,エンドスウィープ,Precisely,サンデーサイレンス,アメリカンメモリー,A.P. Indy,Preach,Unbridled,Ruby Slippers,Private Account,Aviance,Summing,Crownit,フォーティナイナー,Broom Dance,Summing,Crisp 'n Clear,Halo,Wishing Well,ノーザンテースト,ザツツマイパル,Seattle Slew,Weekend Surprise,Mr. Prospector,Narrate,Fappiano,Gana Facil,Nijinsky,Moon Glitter,Damascus,Numbered Account,Northfields,Minnie Hauk,Verbatim,Sumatra,King of Macedon,Queens Up,Mr. Prospector,File,Dance Spell,Witching Hour,Verbatim,Sumatra,Cold Reception,Ring O'Bells,Hail to Reason,Cosmah,Understanding,Mountain Flower,Northern Dancer,Lady Victoria,Key to the Mint,Beautiful Memory
202606010202,12,ダート,1800,稍重,未勝利,ダノンプレミアム,アルカンジュ,ディープインパクト,インディアナギャル,チチカステナンゴ,キャンディーストア,サンデーサイレンス,ウインドインハーヘア,Intikhab,Genial Jenny,Smadoun,スマラ,スペシャルウィーク,フサイチハッスル,Halo,Wishing Well,Alzao,Burghclere,Red Ransom,Crafty Example,デインヒル,Joma Kaanem,Kaldoun,Mossma,Antheus,Small Partie,サンデーサイレンス,キャンペンガール,トニービン,ダイナシュガー,Hail to Reason,Cosmah,Understanding,Mountain Flower,Lyphard,Lady Rebecca,Busted,Highclere,Roberto,アラビア,Crafty Prospector,Zienelle,Danzig,Razyana,Double Form,Ash Lawn,Caro,Katana,Tip Moss,Ticma,Northern Dancer,Apachee,Fabulous Dancer,Summer Parties,Halo,Wishing Well,マルゼンスキー,レディーシラオキ,カンパラ,Severn Bridge,ノーザンテースト,サンドラターフ
202606010202,13,ダート,1800,稍重,未勝利,ニューイヤーズデイ,メイクハッピー,Street Cry,Justwhistledixie,Square Eddie,Silar Rules,Machiavellian,Helen Street,Dixie Union,General Jeanne,Smart Strike,Forty Gran,Ten Most Wanted,Morning Meadow,Mr. Prospector,Coup de Folie,Troy,Waterway,Dixieland Band,She's Tops,Honour and Glory,Ahpo Hel,Mr. Prospector,Classy 'n Smart,El Gran Senor,Forty Weight,Deputy Commander,Wanted Again,Meadowlake,Morning Mirage,Raise a Native,Gold Digger,Halo,Raise the Standard,Petingo,La Milo,Riverman,Boulevard,Northern Dancer,Mississippi Mud,Capote,She's a Talent,Relaunch,Fair to All,Mr. Leader,Tiy,Raise a Native,Gold Digger,Smarten,No Class,Northern Dancer,Sex Appeal,Quadratic,Opec,Deputy Minister,Anka Germania,クリミナルタイプ,Landera,Hold Your Peace,Suspicious Native,Avatar,Sunny Dame
202606010202,14,ダート,1800,稍重,未勝利,サンダースノー,エメラルドスター,Helmet,Eastern Joy,Mount Nelson,Ares Vallis,Exceed And Excel,Accessories,Dubai Destination,Red Slippers,ロックオブジブラルタル,Independence,Caerleon,Hoedown Honey,デインヒル,Patrona,シングスピール,Anna Matrushka,Kingmambo,Mysterial,Nureyev,Morning Devotion,デインヒル,Offshore Boom,Selkirk,Yukon Hope,Nijinsky,Foreseer,Country Light,Noble Chick,Danzig,Razyana,Lomond,Gladiolus,In the Wings,Glorious Song,Mill Reef,Anna Paola,Mr. Prospector,Miesque,Alleged,Mysteries,Northern Dancer,Special,Affirmed,Morning Has Broken,Danzig,Razyana,Be My Guest,Push a Button,Sharpen Up,Annie Edge,フォーティナイナー,Sahara Forest,Northern Dancer,Flaming Page,Round Table,Regal Gleam,Majestic Light,Harbor Flag,Vaguely Noble,Margarethen
202606010202,15,ダート,1800,稍重,未勝利,ゴールドアクター,ゴールドプラネット,スクリーンヒーロー,ヘイロンシン,ケープブランコ,ビウイッチアス,グラスワンダー,ランニングヒロイン,キョウワアリシバ,ハッピーヒエン,Galileo,Laurel Delight,ダイワメジャー,フィールドソング,Silver Hawk,Ameriflora,サンデーサイレンス,ダイナアクトレス,Alysheba,Sulemeif,マナード,ブゼンフブキ,Sadler's Wells,Urban Sea,Presidium,Foudroyer,サンデーサイレンス,スカーレットブーケ,Gulch,A Kiss for Luck,Roberto,Gris Vitesse,Danzig,Graceful Touch,Halo,Wishing Well,ノーザンテースト,モデルスポート,Alydar,Bel Sheba,Northern Dancer,Barely Even,Captain's Gig,Slipstream,セダン,トサクイン,Northern Dancer,Fairy Bridge,Miswaki,Allegretta,General Assembly,Doubly Sure,アーテイアス,Foudre,Halo,Wishing Well,ノーザンテースト,スカーレットインク,Mr. Prospector,Jameela,Reflected Glory,Painted Flag
202606010202,16,ダート,1800,稍重,未勝利,ウインブライト,レッドルンバ,ステイゴールド,サマーエタニティ,Red Ransom,Rumba Azul,サンデーサイレンス,ゴールデンサッシュ,アドマイヤコジーン,オールフォーゲラン,Roberto,アラビア,Fabulous Dancer,Rare Sound,Halo,Wishing Well,ディクタス,ダイナサッシュ,Cozzene,アドマイヤマカディ,ジェイドロバリー,ミスゲラン,Hail to Reason,Bramalea,Damascus,Christmas Wind,Northern Dancer,Last of the Line,Rarity,Haunting,Hail to Reason,Cosmah,Understanding,Mountain Flower,Sanctus,Doronic,ノーザンテースト,ロイヤルサッシュ,Caro,Ride the Trails,ノーザンテースト,ミセスマカディー,Mr. Prospector,Number,マルゼンスキー,ゲラン,Turn-to,Nothirdchance,Nashua,Rarelea,Sword Dancer,Kerala,Nearctic,Bally Free,Nearctic,Natalma,The Axe,Bryonia,Hethersett,Who Can Tell,Lord Gayle,Grey Fleck
202606010203,1,ダート,1800,稍重,未勝利,カリフォルニアクローム,ルミエールカフェ,Lucky Pulpit,Love the Chase,マンハッタンカフェ,ファンシーカフェ,Pulpit,Lucky Soph,Not for Love,Chase It Down,サンデーサイレンス,サトルチェンジ,プレシャスカフェ,ファンシーオレンジ,A.P. Indy,Preach,Cozzene,Lucky Spell,Mr. Prospector,Dance Number,Polish Numbers,Chase the Dream,Halo,Wishing Well,Law Society,Santa Luciana,ハートレイク,エアインセンス,マイニング,ブランチリーヴス,Seattle Slew,Weekend Surprise,Mr. Prospector,Narrate,Caro,Ride the Trails,Lucky Mel,Incantation,Raise a Native,Gold Digger,Northern Dancer,Numbered Account,Danzig,Numbered Account,Sir Ivor,La Belle Fleur,Hail to Reason,Cosmah,Understanding,Mountain Flower,Alleged,Bold Bikini,Luciano,Suleika,Nureyev,My Darling One,サンデーサイレンス,ブラウンアイボリー,Mr. Prospector,I Pass,ミルジョージ,フラッグスターフ
202606010203,2,ダート,1800,稍重,未勝利,クリソベリル,スノーユニバンス,ゴールドアリュール,クリソプレーズ,ルーラーシップ,ラルーチェ,サンデーサイレンス,ニキーヤ,エルコンドルパサー,キャサリーンパー,キングカメハメハ,エアグルーヴ,クロフネ,アドマイヤセラヴィ,Halo,Wishing Well,Nureyev,Reluctant Guest,Kingmambo,サドラーズギャル,Riverman,Regal Exception,Kingmambo,マンファス,トニービン,ダイナカール,フレンチデピュティ,ブルーアヴェニュー,サンデーサイレンス,フランクアーギュメント,Hail to Reason,Cosmah,Understanding,Mountain Flower,Northern Dancer,Special,Hostage,Vaguely Royal,Mr. Prospector,Miesque,Sadler's Wells,Glenveagh,Never Bend,River Lady,Ribot,Rajput Princess,Mr. Prospector,Miesque,ラストタイクーン,Pilot Bird,カンパラ,Severn Bridge,ノーザンテースト,シャダイフェザー,Deputy Minister,Mitterand,Classic Go Go,Eliza Blue,Halo,Wishing Well,Argument,Franca
202606010203,3,ダート,1800,稍重,未勝利,ナダル,バニーテール,Blame,Ascending Angel,カネヒキリ,ウィンターコスモス,Arch,Liable,Pulpit,Solar Colony,フジキセキ,ライフアウトゼア,キングカメハメハ,ミスパスカリ,Kris S.,Aurora,Seeking the Gold,Bound,A.P. Indy,Preach,Pleasant Colony,Meteor Stage,サンデーサイレンス,ミルレーサー,Deputy Minister,Silver Valley,Kingmambo,マンファス,Mr. Greeley,ブルーアヴェニュー,Roberto,Sharp Queen,Danzig,Althea,Mr. Prospector,Con Game,Nijinsky,Special,Seattle Slew,Weekend Surprise,Mr. Prospector,Narrate,His Majesty,Sun Colony,Stage Door Johnny,Northern Meteor,Halo,Wishing Well,Le Fabuleux,Marston's Mill,Vice Regent,Mint Copy,Mr. Prospector,Seven Valleys,Mr. Prospector,Miesque,ラストタイクーン,Pilot Bird,Gone West,Long Legend,Classic Go Go,Eliza Blue
202606010203,4,ダート,1800,稍重,未勝利,クリソベリル,ワインレッドローズ,ゴールドアリュール,クリソプレーズ,ルーラーシップ,ダイワジャンヌ,サンデーサイレンス,ニキーヤ,エルコンドルパサー,キャサリーンパー,キングカメハメハ,エアグルーヴ,タニノギムレット,ケーキカット,Halo,Wishing Well,Nureyev,Reluctant Guest,Kingmambo,サドラーズギャル,Riverman,Regal Exception,Kingmambo,マンファス,トニービン,ダイナカール,ブライアンズタイム,タニノクリスタル,デヒア,トリムカット,Hail to Reason,Cosmah,Understanding,Mountain Flower,Northern Dancer,Special,Hostage,Vaguely Royal,Mr. Prospector,Miesque,Sadler's Wells,Glenveagh,Never Bend,River Lady,Ribot,Rajput Princess,Mr. Prospector,Miesque,ラストタイクーン,Pilot Bird,カンパラ,Severn Bridge,ノーザンテースト,シャダイフェザー,Roberto,Kelley's Day,クリスタルパレス,タニノシーバード,Deputy Minister,Sister Dot,Roberto,Trim Colony
202606010203,5,ダート,1800,稍重,未勝利,キセキ,シャンパンフルート,ルーラーシップ,ブリッツフィナーレ,クロフネ,トランシーフレーズ,キングカメハメハ,エアグルーヴ,ディープインパクト,ロンドンブリッジ,フレンチデピュティ,ブルーアヴェニュー,サンデーサイレンス,アンスチュアート,Kingmambo,マンファス,トニービン,ダイナカール,サンデーサイレンス,ウインドインハーヘア,ドクターデヴィアス,オールフォーロンドン,Deputy Minister,Mitterand,Classic Go Go,Eliza Blue,Halo,Wishing Well,Lyphard,Miss Carmie,Mr. Prospector,Miesque,ラストタイクーン,Pilot Bird,カンパラ,Severn Bridge,ノーザンテースト,シャダイフェザー,Halo,Wishing Well,Alzao,Burghclere,Ahonoora,Rose of Jericho,Danzig,Full Card,Vice Regent,Mint Copy,Hold Your Peace,Laredo Lass,Pago Pago,Classic Perfection,Icecapade,コレラ,Hail to Reason,Cosmah,Understanding,Mountain Flower,Northern Dancer,Goofed,T.V. Lark,Twice Over
202606010203,6,ダート,1800,稍重,未勝利,オルフェーヴル,アオイテソーロ,ステイゴールド,オリエンタルアート,ルーラーシップ,リアルナンバー,サンデーサイレンス,ゴールデンサッシュ,メジロマックイーン,エレクトロアート,キングカメハメハ,エアグルーヴ,Rainbow Corner,Numeraria,Halo,Wishing Well,ディクタス,ダイナサッシュ,メジロティターン,メジロオーロラ,ノーザンテースト,グランマスティーヴンス,Kingmambo,マンファス,トニービン,ダイナカール,Rainbow Quest,Kingscote,サザンヘイロー,Numismatica,Hail to Reason,Cosmah,Understanding,Mountain Flower,Sanctus,Doronic,ノーザンテースト,ロイヤルサッシュ,メジロアサマ,シエリル,リマンド,メジロアイリス,Northern Dancer,Lady Victoria,Lt. Stevens,Dhow,Mr. Prospector,Miesque,ラストタイクーン,Pilot Bird,カンパラ,Severn Bridge,ノーザンテースト,シャダイフェザー,Blushing Groom,I Will Follow,Kings Lake,Bold Fantasy,Halo,Northern Sea,Salt Marsh,Nut
202606010203,7,ダート,1800,稍重,未勝利,ルヴァンスレーヴ,ドリームバラード,シンボリクリスエス,マエストラーレ,タニノギムレット,フジャブ,Kris S.,Tee Kay,ネオユニヴァース,オータムブリーズ,ブライアンズタイム,タニノクリスタル,Woodman,Winters' Love,Roberto,Sharp Queen,Gold Meridian,Tri Argo,サンデーサイレンス,ポインテッドパス,ティンバーカントリー,セプテンバーソング,Roberto,Kelley's Day,クリスタルパレス,タニノシーバード,Mr. Prospector,プレイメイト,Danzig,Cold Hearted,Hail to Reason,Bramalea,Princequillo,Bridgework,Seattle Slew,Queen Louie,Tri Jet,Hail Proudly,Halo,Wishing Well,Kris,Silken Way,Woodman,Fall Aspen,リアルシャダイ,ダイナフェアリー,Hail to Reason,Bramalea,Graustark,Golden Trail,Caro,Hermieres,Sea-Bird,Flaxen,Raise a Native,Gold Digger,Buckpasser,Intriguing,Northern Dancer,Pas de Nom,The Axe,Turn to North
202606010203,8,ダート,1800,稍重,未勝利,アドマイヤマーズ,グロッタアズーラ,ダイワメジャー,ヴィアメディチ,フジキセキ,サダムブルーアイズ,サンデーサイレンス,スカーレットブーケ,Medicean,Via Milano,サンデーサイレンス,ミルレーサー,エルコンドルパサー,ミスティックアイズ,Halo,Wishing Well,ノーザンテースト,スカーレットインク,Machiavellian,Mystic Goddess,シングスピール,Salvinaxia,Halo,Wishing Well,Le Fabuleux,Marston's Mill,Kingmambo,サドラーズギャル,Eastern Echo,スキム,Hail to Reason,Cosmah,Understanding,Mountain Flower,Northern Dancer,Lady Victoria,Crimson Satan,Consentida,Mr. Prospector,Coup de Folie,Storm Bird,Rose Goddess,In the Wings,Glorious Song,Linamix,Salve,Hail to Reason,Cosmah,Understanding,Mountain Flower,Wild Risk,Anguar,In Reality,Millicent,Mr. Prospector,Miesque,Sadler's Wells,Glenveagh,Damascus,Wild Applause,Nijinsky,Pass a Glance
202606010203,9,ダート,1800,稍重,未勝利,Sottsass,Noblesse Oblige,Siyouni,Starlet's Sister,Myboycharlie,La Boisserie,Pivotal,Sichilla,Galileo,Premiere Creation,Danetime,Dulceata,Dansili,La Balagna,Polar Falcon,Fearless Revival,デインヒル,Slipstream Queen,Sadler's Wells,Urban Sea,Green Tune,Allwaki,デインヒル,Allegheny River,ルション,Snowtop,デインヒル,Hasili,Kris,Belle Tempete,Nureyev,Marie d'Argonne,Cozzene,Stufida,Danzig,Razyana,Conquistador Cielo,Country Queen,Northern Dancer,Fairy Bridge,Miswaki,Allegretta,Green Dancer,Soundings,Miswaki,Alloy,Danzig,Razyana,Lear Fan,Allesheny,Riverman,ベルドリーヌ,Thatching,Icing,Danzig,Razyana,Kahyasi,Kerali,Sharpen Up,Doubly Sure,Lovely Dancer,La Rafale
202606010203,10,ダート,1800,稍重,未勝利,ダノンキングリー,トップライセンス,ディープインパクト,マイグッドネス,キンシャサノキセキ,キャリアコレクション,サンデーサイレンス,ウインドインハーヘア,Storm Cat,Caressing,フジキセキ,ケルトシャーン,General Meeting,River of Stars,Halo,Wishing Well,Alzao,Burghclere,Storm Bird,Terlingua,Honour and Glory,Lovin Touch,サンデーサイレンス,ミルレーサー,Pleasant Colony,Featherhill,Seattle Slew,Alydar's Promise,Riverman,Star Fortune,Hail to Reason,Cosmah,Understanding,Mountain Flower,Lyphard,Lady Rebecca,Busted,Highclere,Northern Dancer,South Ocean,Secretariat,Crimson Saint,Relaunch,Fair to All,Majestic Prince,Forest Princess,Halo,Wishing Well,Le Fabuleux,Marston's Mill,His Majesty,Sun Colony,Lyphard,Lady Berry,Bold Reasoning,My Charmer,Alydar,Summertime Promise,Never Bend,River Lady,Pia Star,Flitter Flutter
202606010203,11,ダート,1800,稍重,未勝利,トーセンレーヴ,トーセンガーネット,ディープインパクト,ビワハイジ,アグネスデジタル,トーセンヴェール,サンデーサイレンス,ウインドインハーヘア,Caerleon,アグサン,Crafty Prospector,Chancey Squaw,クロフネ,ツィンクルヴェール,Halo,Wishing Well,Alzao,Burghclere,Nijinsky,Foreseer,Lord Gayle,Santa Luciana,Mr. Prospector,Real Crafty Lady,Chief's Crown,Allicance,フレンチデピュティ,ブルーアヴェニュー,サンデーサイレンス,ツィンクルブライド,Hail to Reason,Cosmah,Understanding,Mountain Flower,Lyphard,Lady Rebecca,Busted,Highclere,Northern Dancer,Flaming Page,Round Table,Regal Gleam,Sir Gaylord,Sticky Case,Luciano,Suleika,Raise a Native,Gold Digger,In Reality,Princess Roycraft,Danzig,Six Crowns,Alleged,Runaway Bride,Deputy Minister,Mitterand,Classic Go Go,Eliza Blue,Halo,Wishing Well,Lyphard,デビルズブライド
202606010203,12,ダート,1800,稍重,未勝利,シルバーステート,グロリエッテ,ディープインパクト,シルヴァースカヤ,アドマイヤムーン,アズワー,サンデーサイレンス,ウインドインハーヘア,Silver Hawk,Boubskaia,エンドスウィープ,マイケイティーズ,Danzig,Magic Slipper,Halo,Wishing Well,Alzao,Burghclere,Roberto,Gris Vitesse,Niniski,Frenetique,フォーティナイナー,Broom Dance,サンデーサイレンス,ケイティーズファースト,Northern Dancer,Pas de Nom,Habitat,Glass Slipper,Hail to Reason,Cosmah,Understanding,Mountain Flower,Lyphard,Lady Rebecca,Busted,Highclere,Hail to Reason,Bramalea,Amerigo,Matchiche,Nijinsky,Virginia Hills,Tyrant,Femina,Mr. Prospector,File,Dance Spell,Witching Hour,Halo,Wishing Well,Kris,Katies,Nearctic,Natalma,Admiral's Voyage,Petitioner,Sir Gaylord,Little Hut,Relko,Crystal Palace
202606010204,1,ダート,2400,稍重,1勝クラス,ルヴァンスレーヴ,キャストロメファ,シンボリクリスエス,マエストラーレ,トワイニング,ドラゴンマリーン,Kris S.,Tee Kay,ネオユニヴァース,オータムブリーズ,フォーティナイナー,Courtly Dee,リアルシャダイ,パーフェクトポイント,Roberto,Sharp Queen,Gold Meridian,Tri Argo,サンデーサイレンス,ポインテッドパス,ティンバーカントリー,セプテンバーソング,Mr. Prospector,File,Never Bend,Tulle,Roberto,Desert Vixen,Nijinsky,Charm School,Hail to Reason,Bramalea,Princequillo,Bridgework,Seattle Slew,Queen Louie,Tri Jet,Hail Proudly,Halo,Wishing Well,Kris,Silken Way,Woodman,Fall Aspen,リアルシャダイ,ダイナフェアリー,Raise a Native,Gold Digger,Tom Rolfe,Continue,Nasrullah,Lalun,War Admiral,Judy-Rae,Hail to Reason,Bramalea,In Reality,Desert Trial,Northern Dancer,Flaming Page,Dr. Fager,Sweet Folly
202606010204,2,ダート,2400,稍重,1勝クラス,オルフェーヴル,スマートアリシア,ステイゴールド,オリエンタルアート,ファルブラヴ,スマートダイス,サンデーサイレンス,ゴールデンサッシュ,メジロマックイーン,エレクトロアート,Fairy King,Gift of the Night,Point Given,Autumn Moon,Halo,Wishing Well,ディクタス,ダイナサッシュ,メジロティターン,メジロオーロラ,ノーザンテースト,グランマスティーヴンス,Northern Dancer,Fairy Bridge,Slewpy,Little Nana,サンダーガルチ,Turko's Turn,Mr. Prospector,Lypatia,Hail to Reason,Cosmah,Understanding,Mountain Flower,Sanctus,Doronic,ノーザンテースト,ロイヤルサッシュ,メジロアサマ,シエリル,リマンド,メジロアイリス,Northern Dancer,Lady Victoria,Lt. Stevens,Dhow,Nearctic,Natalma,Bold Reason,Special,Seattle Slew,Rare Bouquet,Lithiot,Nenana Road,Gulch,Line of Thunder,Turkoman,Turbo Launch,Raise a Native,Gold Digger,Lyphard,Hypatia
202606010204,3,ダート,2400,稍重,1勝クラス,ドレフォン,グロリアスブレイク,Gio Ponti,Eltimaas,Distorted Humor,Glorious Chant,Tale of the Cat,Chipeta Springs,Ghostzapper,Najecam,フォーティナイナー,Danzig's Beauty,Giant's Causeway,Ring of Music,Storm Cat,Yarn,Alydar,Salt Spring,Awesome Again,Baby Zip,Trempolino,Sue Warner,Mr. Prospector,File,Danzig,Sweetest Chant,Storm Cat,Mariah's Storm,Sadler's Wells,Glorious Song,Storm Bird,Terlingua,Mr. Prospector,Narrate,Raise a Native,Sweet Tooth,Salt Marsh,Jungle Mythologic,Deputy Minister,Primal Force,Relaunch,Thirty Zip,Sharpen Up,Trephine,Forli,Bitty Girl,Raise a Native,Gold Digger,Tom Rolfe,Continue,Northern Dancer,Pas de Nom,Mr. Leader,Gay Sonnet,Storm Bird,Terlingua,Rahy,イメンス,Northern Dancer,Fairy Bridge,Halo,Ballade
202606010204,4,ダート,2400,稍重,1勝クラス,ラニ,チェストケハーツ,Tapit,ヘヴンリーロマンス,ハーツクライ,アーチスト,Pulpit,Tap Your Heels,サンデーサイレンス,ファーストアクト,サンデーサイレンス,アイリッシュダンス,In the Wings,Grace Note,A.P. Indy,Preach,Unbridled,Ruby Slippers,Halo,Wishing Well,Sadler's Wells,Arkadina,Halo,Wishing Well,トニービン,ビューパーダンス,Sadler's Wells,High Hawk,Top Ville,Val de Grace,Seattle Slew,Weekend Surprise,Mr. Prospector,Narrate,Fappiano,Gana Facil,Nijinsky,Moon Glitter,Hail to Reason,Cosmah,Understanding,Mountain Flower,Northern Dancer,Fairy Bridge,Ribot,Natashka,Hail to Reason,Cosmah,Understanding,Mountain Flower,カンパラ,Severn Bridge,Lyphard,My Bupers,Northern Dancer,Fairy Bridge,Shirley Heights,Sunbittern,High Top,Sega Ville,Val de Loir,Pearly Queen
202606010204,5,ダート,2400,稍重,1勝クラス,ラニ,リボルトレイダー,Tapit,ヘヴンリーロマンス,ワイルドラッシュ,ネヴァカグラ,Pulpit,Tap Your Heels,サンデーサイレンス,ファーストアクト,Wild Again,Rose Park,アグネスタキオン,エイブルカグラ,A.P. Indy,Preach,Unbridled,Ruby Slippers,Halo,Wishing Well,Sadler's Wells,Arkadina,Icecapade,Bushel-n-Peck,Plugged Nickle,Hardship,サンデーサイレンス,アグネスフローラ,ジェイドロバリー,シャダイカグラ,Seattle Slew,Weekend Surprise,Mr. Prospector,Narrate,Fappiano,Gana Facil,Nijinsky,Moon Glitter,Hail to Reason,Cosmah,Understanding,Mountain Flower,Northern Dancer,Fairy Bridge,Ribot,Natashka,Nearctic,Shenanigans,Khaled,Dama,Key to the Mint,Toll Booth,Drone,Hard and Fast,Halo,Wishing Well,ロイヤルスキー,アグネスレディー,Mr. Prospector,Number,リアルシャダイ,ミリーバード
202606010204,6,ダート,2400,稍重,1勝クラス,ルヴァンスレーヴ,ワシントンレガシー,シンボリクリスエス,マエストラーレ,クロフネ,フロールデセレッソ,Kris S.,Tee Kay,ネオユニヴァース,オータムブリーズ,フレンチデピュティ,ブルーアヴェニュー,スウェプトオーヴァーボード,フローリッドコート,Roberto,Sharp Queen,Gold Meridian,Tri Argo,サンデーサイレンス,ポインテッドパス,ティンバーカントリー,セプテンバーソング,Deputy Minister,Mitterand,Classic Go Go,Eliza Blue,エンドスウィープ,Sheer Ice,サンデーサイレンス,スプリングコート,Hail to Reason,Bramalea,Princequillo,Bridgework,Seattle Slew,Queen Louie,Tri Jet,Hail Proudly,Halo,Wishing Well,Kris,Silken Way,Woodman,Fall Aspen,リアルシャダイ,ダイナフェアリー,Vice Regent,Mint Copy,Hold Your Peace,Laredo Lass,Pago Pago,Classic Perfection,Icecapade,コレラ,フォーティナイナー,Broom Dance,Cutlass,Hey Dolly A.,Halo,Wishing Well,トニービン,サクラハゴロモ
202606010204,7,ダート,2400,稍重,1勝クラス,キズナ,ティアーモ,ディープインパクト,キャットクイル,キングカメハメハ,レディチャーム,サンデーサイレンス,ウインドインハーヘア,Storm Cat,Pacific Princess,Kingmambo,マンファス,サンデーサイレンス,リンダスト,Halo,Wishing Well,Alzao,Burghclere,Storm Bird,Terlingua,Damascus,Fiji,Mr. Prospector,Miesque,ラストタイクーン,Pilot Bird,Halo,Wishing Well,Lyphard,Barger,Hail to Reason,Cosmah,Understanding,Mountain Flower,Lyphard,Lady Rebecca,Busted,Highclere,Northern Dancer,South Ocean,Secretariat,Crimson Saint,Sword Dancer,Kerala,Acropolis,Rififi,Raise a Native,Gold Digger,Nureyev,Pasadoble,トライマイベスト,Mill Princess,Blakeney,The Dancer,Hail to Reason,Cosmah,Understanding,Mountain Flower,Northern Dancer,Goofed,Riverman,Trillion
202606010204,8,ダート,2400,稍重,1勝クラス,ナダル,メジロミドウ,Blame,Ascending Angel,ステイゴールド,メジロサンドラ,Arch,Liable,Pulpit,Solar Colony,サンデーサイレンス,ゴールデンサッシュ,メジロマックイーン,カンパナ,Kris S.,Aurora,Seeking the Gold,Bound,A.P. Indy,Preach,Pleasant Colony,Meteor Stage,Halo,Wishing Well,ディクタス,ダイナサッシュ,メジロティターン,メジロオーロラ,Sadler's Wells,Two Rings,Roberto,Sharp Queen,Danzig,Althea,Mr. Prospector,Con Game,Nijinsky,Special,Seattle Slew,Weekend Surprise,Mr. Prospector,Narrate,His Majesty,Sun Colony,Stage Door Johnny,Northern Meteor,Hail to Reason,Cosmah,Understanding,Mountain Flower,Sanctus,Doronic,ノーザンテースト,ロイヤルサッシュ,メジロアサマ,シエリル,リマンド,メジロアイリス,Northern Dancer,Fairy Bridge,Round Table,Allofthem
202606010204,9,ダート,2400,稍重,1勝クラス,ルヴァンスレーヴ,ハートフルデイズ,シンボリクリスエス,マエストラーレ,キングカメハメハ,グローリアスデイズ,Kris S.,Tee Kay,ネオユニヴァース,オータムブリーズ,Kingmambo,マンファス,サンデーサイレンス,グレースアドマイヤ,Roberto,Sharp Queen,Gold Meridian,Tri Argo,サンデーサイレンス,ポインテッドパス,ティンバーカントリー,セプテンバーソング,Mr. Prospector,Miesque,ラストタイクーン,Pilot Bird,Halo,Wishing Well,トニービン,バレークイーン,Hail to Reason,Bramalea,Princequillo,Bridgework,Seattle Slew,Queen Louie,Tri Jet,Hail Proudly,Halo,Wishing Well,Kris,Silken Way,Woodman,Fall Aspen,リアルシャダイ,ダイナフェアリー,Raise a Native,Gold Digger,Nureyev,Pasadoble,トライマイベスト,Mill Princess,Blakeney,The Dancer,Hail to Reason,Cosmah,Understanding,Mountain Flower,カンパラ,Severn Bridge,Sadler's Wells,Sun Princess
202606010204,10,ダート,2400,稍重,1勝クラス,ダノンレジェンド,キャンティユッキ,Macho Uno,マイグッドネス,マヤノトップガン,サルール,Holy Bull,Primal Force,Storm Cat,Caressing,ブライアンズタイム,アルプミープリーズ,サンデーサイレンス,シャルウォーカミーズ,Great Above,Sharon Brown,Blushing Groom,Prime Prospect,Storm Bird,Terlingua,Honour and Glory,Lovin Touch,Roberto,Kelley's Day,Blushing Groom,Swiss,Halo,Wishing Well,Sadler's Wells,Sequel,Minnesota Mac,Ta Wee,Al Hattab,Agathea's Dawn,Red God,Runaway Bride,Mr. Prospector,Square Generation,Northern Dancer,South Ocean,Secretariat,Crimson Saint,Relaunch,Fair to All,Majestic Prince,Forest Princess,Hail to Reason,Bramalea,Graustark,Golden Trail,Red God,Runaway Bride,Vaguely Noble,Gala Host,Hail to Reason,Cosmah,Understanding,Mountain Flower,Northern Dancer,Fairy Bridge,Law Society,Where You Lead
202606010204,11,ダート,2400,稍重,1勝クラス,ブリックスアンドモルタル,ブリッジクライム,Giant's Causeway,Beyond the Waves,ゼンノロブロイ,リーチマイハーバー,Storm Cat,Mariah's Storm,Ocean Crest,Excedent,サンデーサイレンス,ローミンレイチェル,ボストンハーバー,Rezagante,Storm Bird,Terlingua,Rahy,イメンス,Storm Bird,S.S.Aroma,Exceller,Broadway Lullaby,Halo,Wishing Well,マイニング,One Smart Lady,Capote,Harbor Springs,Practicante,Rezumba,Northern Dancer,South Ocean,Secretariat,Crimson Saint,Blushing Groom,Glorious Song,Roberto,Imsodear,Northern Dancer,South Ocean,Seattle Slew,Rare Bouquet,Vaguely Noble,Too Bald,Stage Door Johnny,リットルブレツシング,Hail to Reason,Cosmah,Understanding,Mountain Flower,Mr. Prospector,I Pass,Clever Trick,Pia's Lady,Seattle Slew,Too Bald,Vice Regent,Tinnitus,Pronto,Extraneza,Resuello,Rumbatica
202606010204,12,ダート,2400,稍重,1勝クラス,サンダースノー,コスモネモシン,Helmet,Eastern Joy,ゼンノロブロイ,デュプレ,Exceed And Excel,Accessories,Dubai Destination,Red Slippers,サンデーサイレンス,ローミンレイチェル,シングスピール,Child Prodigy,デインヒル,Patrona,シングスピール,Anna Matrushka,Kingmambo,Mysterial,Nureyev,Morning Devotion,Halo,Wishing Well,マイニング,One Smart Lady,In the Wings,Glorious Song,Ballad Rock,Minnie Habit,Danzig,Razyana,Lomond,Gladiolus,In the Wings,Glorious Song,Mill Reef,Anna Paola,Mr. Prospector,Miesque,Alleged,Mysteries,Northern Dancer,Special,Affirmed,Morning Has Broken,Hail to Reason,Cosmah,Understanding,Mountain Flower,Mr. Prospector,I Pass,Clever Trick,Pia's Lady,Sadler's Wells,High Hawk,Halo,Ballade,Bold Lad,True Rocket,Habitat,Minnie Tudor
202606010204,13,ダート,2400,稍重,1勝クラス,マインドユアビスケッツ,オースミハナチャン,Posse,Jazzmane,ハーツクライ,オースミリンド,Silver Deputy,Raska,Toccet,Alljazz,サンデーサイレンス,アイリッシュダンス,Woodman,ダンシングアウンティー,Deputy Minister,Silver Valley,Rahy,Borishka,Awesome Again,Cozzene's Angel,Stop the Music,Bounteous,Halo,Wishing Well,トニービン,ビューパーダンス,Mr. Prospector,プレイメイト,Nureyev,Aunt Carol,Vice Regent,Mint Copy,Mr. Prospector,Seven Valleys,Blushing Groom,Glorious Song,Roberto,Queen Maud,Deputy Minister,Primal Force,Cozzene,Charming Pan,Hail to Reason,Bebopper,Master Derby,Mlle. Quille,Hail to Reason,Cosmah,Understanding,Mountain Flower,カンパラ,Severn Bridge,Lyphard,My Bupers,Raise a Native,Gold Digger,Buckpasser,Intriguing,Northern Dancer,Special,Big Spruce,Dinky Pinky
202606010205,1,芝,1600,良,新馬,インディチャンプ,プラチナブロンド,ステイゴールド,ウィルパワー,ジャングルポケット,モンローブロンド,サンデーサイレンス,ゴールデンサッシュ,キングカメハメハ,トキオリアリティー,トニービン,ダンスチャーマー,アドマイヤベガ,ソニンク,Halo,Wishing Well,ディクタス,ダイナサッシュ,Kingmambo,マンファス,Meadowlake,What a Reality,カンパラ,Severn Bridge,Nureyev,Skillful Joy,サンデーサイレンス,ベガ,Machiavellian,Sonic Lady,Hail to Reason,Cosmah,Understanding,Mountain Flower,Sanctus,Doronic,ノーザンテースト,ロイヤルサッシュ,Mr. Prospector,Miesque,ラストタイクーン,Pilot Bird,Hold Your Peace,Suspicious Native,In Reality,What Will Be,Kalamoun,State Pension,Hornbeam,Priddy Fair,Northern Dancer,Special,Nodouble,Skillful Miss,Halo,Wishing Well,トニービン,アンティックヴァリュー,Mr. Prospector,Coup de Folie,Nureyev,Stumped
202606010205,2,芝,1600,良,新馬,モーリス,カウアイレーン,スクリーンヒーロー,メジロフランシス,キングカメハメハ,シルバーレーン,グラスワンダー,ランニングヒロイン,カーネギー,メジロモントレー,Kingmambo,マンファス,Silver Hawk,Strait Lane,Silver Hawk,Ameriflora,サンデーサイレンス,ダイナアクトレス,Sadler's Wells,Detroit,モガミ,メジロクインシー,Mr. Prospector,Miesque,ラストタイクーン,Pilot Bird,Roberto,Gris Vitesse,Chieftain,Level Sands,Roberto,Gris Vitesse,Danzig,Graceful Touch,Halo,Wishing Well,ノーザンテースト,モデルスポート,Northern Dancer,Fairy Bridge,Riverman,Derna,Lyphard,ノーラック,フィディオン,メジロボサツ,Raise a Native,Gold Digger,Nureyev,Pasadoble,トライマイベスト,Mill Princess,Blakeney,The Dancer,Hail to Reason,Bramalea,Amerigo,Matchiche,Bold Ruler,Pocahontas,Mahmoud,Crawfish
202606010205,3,芝,1600,良,新馬,ドレフォン,エトピリカ,Gio Ponti,Eltimaas,キングカメハメハ,アフレイタス,Tale of the Cat,Chipeta Springs,Ghostzapper,Najecam,Kingmambo,マンファス,サンデーサイレンス,リボーズシークレット,Storm Cat,Yarn,Alydar,Salt Spring,Awesome Again,Baby Zip,Trempolino,Sue Warner,Mr. Prospector,Miesque,ラストタイクーン,Pilot Bird,Halo,Wishing Well,デインヒル,Glim,Storm Bird,Terlingua,Mr. Prospector,Narrate,Raise a Native,Sweet Tooth,Salt Marsh,Jungle Mythologic,Deputy Minister,Primal Force,Relaunch,Thirty Zip,Sharpen Up,Trephine,Forli,Bitty Girl,Raise a Native,Gold Digger,Nureyev,Pasadoble,トライマイベスト,Mill Princess,Blakeney,The Dancer,Hail to Reason,Cosmah,Understanding,Mountain Flower,Danzig,Razyana,Damascus,Glisk
202606010205,4,芝,1600,良,新馬,ヴァンゴッホ,ルフランエトワール,American Pharoah,Imagine,オルフェーヴル,スターズインハーアイズ,Pioneerof the Nile,Littleprincessemma,Sadler's Wells,Doff the Derby,ステイゴールド,オリエンタルアート,Woodman,ウインドインハーヘア,エンパイアメーカー,Star of Goshen,Yankee Gentleman,Exclusive Rosette,Northern Dancer,Fairy Bridge,Master Derby,Margarethen,サンデーサイレンス,ゴールデンサッシュ,メジロマックイーン,エレクトロアート,Mr. Prospector,プレイメイト,Alzao,Burghclere,Unbridled,Toussaud,Lord at War,Castle Eight,Storm Cat,Key Phrase,Ecliptical,Zetta Jet,Nearctic,Natalma,Bold Reason,Special,ダストコマンダー,Madam Jerry,Tulyar,Russ-Marie,Halo,Wishing Well,ディクタス,ダイナサッシュ,メジロティターン,メジロオーロラ,ノーザンテースト,グランマスティーヴンス,Raise a Native,Gold Digger,Buckpasser,Intriguing,Lyphard,Lady Rebecca,Busted,Highclere
202606010205,5,芝,1600,良,新馬,シュヴァルグラン,ティアレ,ハーツクライ,ハルーワスウィート,キングカメハメハ,ササファイヤー,サンデーサイレンス,アイリッシュダンス,Machiavellian,ハルーワソング,Kingmambo,マンファス,Saint Ballado,La Ice Queen,Halo,Wishing Well,トニービン,ビューパーダンス,Mr. Prospector,Coup de Folie,Nureyev,Morn of Song,Mr. Prospector,Miesque,ラストタイクーン,Pilot Bird,Halo,Ballade,Icecapade,La Queen Bina,Hail to Reason,Cosmah,Understanding,Mountain Flower,カンパラ,Severn Bridge,Lyphard,My Bupers,Raise a Native,Gold Digger,Halo,Raise the Standard,Northern Dancer,Special,Blushing Groom,Glorious Song,Raise a Native,Gold Digger,Nureyev,Pasadoble,トライマイベスト,Mill Princess,Blakeney,The Dancer,Hail to Reason,Cosmah,Herbager,Miss Swapsco,Nearctic,Shenanigans,Circle Home,La Queenie
202606010205,6,芝,1600,良,新馬,ファインニードル,レッドレネット,アドマイヤムーン,ニードルクラフト,キングカメハメハ,プリンセスルシータ,エンドスウィープ,マイケイティーズ,Mark of Esteem,Sharp Point,Kingmambo,マンファス,サンデーサイレンス,プリンセスリーマ,フォーティナイナー,Broom Dance,サンデーサイレンス,ケイティーズファースト,Darshaan,Homage,ロイヤルアカデミー,Nice Point,Mr. Prospector,Miesque,ラストタイクーン,Pilot Bird,Halo,Wishing Well,Affirmed,First Fling,Mr. Prospector,File,Dance Spell,Witching Hour,Halo,Wishing Well,Kris,Katies,Shirley Heights,Delsy,Ajdal,Home Love,Nijinsky,Crimson Saint,Sharpen Up,Alpine Niece,Raise a Native,Gold Digger,Nureyev,Pasadoble,トライマイベスト,Mill Princess,Blakeney,The Dancer,Hail to Reason,Cosmah,Understanding,Mountain Flower,Exclusive Native,Won't Tell You,Nijinsky,Fast Approach
202606010205,7,芝,1600,良,新馬,ゴールドシップ,チェストケリリー,ステイゴールド,ポイントフラッグ,Scat Daddy,Santa Rosalia,サンデーサイレンス,ゴールデンサッシュ,メジロマックイーン,パストラリズム,ヨハネスブルグ,Love Style,Saint Ballado,Sugar Is Gold,Halo,Wishing Well,ディクタス,ダイナサッシュ,メジロティターン,メジロオーロラ,プルラリズム,トクノエイティー,ヘネシー,Myth,Mr. Prospector,Likeable Style,Halo,Ballade,Slew o' Gold,Sugar's Image,Hail to Reason,Cosmah,Understanding,Mountain Flower,Sanctus,Doronic,ノーザンテースト,ロイヤルサッシュ,メジロアサマ,シエリル,リマンド,メジロアイリス,The Minstrel,Cambretta,トライバルチーフ,アイアンルビー,Storm Cat,Island Kitty,オジジアン,Yarn,Raise a Native,Gold Digger,Nijinsky,Personable Lady,Hail to Reason,Cosmah,Herbager,Miss Swapsco,Seattle Slew,Alluvial,Valid Appeal,Sugar Del
202606010205,8,芝,1600,良,新馬,サトノダイヤモンド,オリエンタルリリー,ディープインパクト,マルペンサ,ダイワメジャー,シーズインクルーデッド,サンデーサイレンス,ウインドインハーヘア,Orpen,Marsella,サンデーサイレンス,スカーレットブーケ,Include,Dancingonice,Halo,Wishing Well,Alzao,Burghclere,Lure,Bonita Francita,サザンヘイロー,Riviere,Halo,Wishing Well,ノーザンテースト,スカーレットインク,Broad Brush,Illeria,Robyn Dancer,Codallthetime,Hail to Reason,Cosmah,Understanding,Mountain Flower,Lyphard,Lady Rebecca,Busted,Highclere,Danzig,Endear,Devil's Bag,Raise the Standard,Halo,Northern Sea,Logical,Talonada,Hail to Reason,Cosmah,Understanding,Mountain Flower,Northern Dancer,Lady Victoria,Crimson Satan,Consentida,Ack Ack,Hay Patcher,Stop the Music,Baldski's Holiday,Crafty Prospector,Double Dancer,It's Freezing,Pass the Mums
202606010205,9,芝,1600,良,新馬,ウインブライト,タイプムーン,ステイゴールド,サマーエタニティ,アイルハヴアナザー,マイネサンサン,サンデーサイレンス,ゴールデンサッシュ,アドマイヤコジーン,オールフォーゲラン,Flower Alley,Arch's Gal Edith,スペシャルウィーク,スプライトパッサー,Halo,Wishing Well,ディクタス,ダイナサッシュ,Cozzene,アドマイヤマカディ,ジェイドロバリー,ミスゲラン,Distorted Humor,プリンセスオリビア,Arch,Force Five Gal,サンデーサイレンス,キャンペンガール,メイワパッサー,サンサン,Hail to Reason,Cosmah,Understanding,Mountain Flower,Sanctus,Doronic,ノーザンテースト,ロイヤルサッシュ,Caro,Ride the Trails,ノーザンテースト,ミセスマカディー,Mr. Prospector,Number,マルゼンスキー,ゲラン,フォーティナイナー,Danzig's Beauty,Lycius,Dance Image,Kris S.,Aurora,Pleasant Tap,Last Cause,Halo,Wishing Well,マルゼンスキー,レディーシラオキ,Buckpasser,バンバレラ,Bald Eagle,Sail Navy
202606010205,10,芝,1600,良,新馬,アルバート,フォレブルート,アドマイヤドン,フォルクローレ,ロードカナロア,プリームス,ティンバーカントリー,ベガ,ダンスインザダーク,アンデスレディー,キングカメハメハ,レディブラッサム,フジキセキ,レジェンドトレイル,Woodman,Fall Aspen,トニービン,アンティックヴァリュー,サンデーサイレンス,ダンシングキイ,ノーザンテースト,ペルースポート,Kingmambo,マンファス,Storm Cat,サラトガデュー,サンデーサイレンス,ミルレーサー,フレンチデピュティ,ハッピートレイルズ,Mr. Prospector,プレイメイト,Pretense,Change Water,カンパラ,Severn Bridge,Northern Dancer,Moonscape,Halo,Wishing Well,Nijinsky,Key Partner,Northern Dancer,Lady Victoria,ガーサント,グレートターフ,Mr. Prospector,Miesque,ラストタイクーン,Pilot Bird,Storm Bird,Terlingua,Cormorant,Super Luna,Halo,Wishing Well,Le Fabuleux,Marston's Mill,Deputy Minister,Mitterand,ポツセ,ロイコン
202606010205,11,芝,1600,良,新馬,ダノンキングリー,マジックフラッシュ,ディープインパクト,マイグッドネス,Air Force Blue,Satin Box,サンデーサイレンス,ウインドインハーヘア,Storm Cat,Caressing,War Front,Chatham,Manduro,Ventura,Halo,Wishing Well,Alzao,Burghclere,Storm Bird,Terlingua,Honour and Glory,Lovin Touch,Danzig,Starry Dreamer,Maria's Mon,Circle of Gold,Monsun,Mandellicht,Spectrum,Wedding Bouquet,Hail to Reason,Cosmah,Understanding,Mountain Flower,Lyphard,Lady Rebecca,Busted,Highclere,Northern Dancer,South Ocean,Secretariat,Crimson Saint,Relaunch,Fair to All,Majestic Prince,Forest Princess,Northern Dancer,Pas de Nom,Rubiano,Lara's Star,Wavering Monarch,Carlotta Maria,Seeking the Gold,Starlet Storm,Konigsstuhl,Mosella,Be My Guest,Mandelauge,Rainbow Quest,River Dancer,Kings Lake,Doff the Derby
202606010205,12,芝,1600,良,新馬,ラブリーデイ,ウェアレイ,キングカメハメハ,ポップコーンジャズ,アドマイヤオーラ,シルキーコースト,Kingmambo,マンファス,ダンスインザダーク,グレイスルーマー,アグネスタキオン,ビワハイジ,Giant's Causeway,Metal of Honor,Mr. Prospector,Miesque,ラストタイクーン,Pilot Bird,サンデーサイレンス,ダンシングキイ,トニービン,ディスクジョッキー,サンデーサイレンス,アグネスフローラ,Caerleon,アグサン,Storm Cat,Mariah's Storm,Conquistador Cielo,Badge of Courage,Raise a Native,Gold Digger,Nureyev,Pasadoble,トライマイベスト,Mill Princess,Blakeney,The Dancer,Halo,Wishing Well,Nijinsky,Key Partner,カンパラ,Severn Bridge,リアルシャダイ,シャダイチャッター,Halo,Wishing Well,ロイヤルスキー,アグネスレディー,Nijinsky,Foreseer,Lord Gayle,Santa Luciana,Storm Bird,Terlingua,Rahy,イメンス,Mr. Prospector,K D Princess,Well Decorated,Tamerett
202606010205,13,芝,1600,良,新馬,ベンバトル,ウインゼノビア,Dubawi,Nahrain,スクリーンヒーロー,ゴシップクイーン,Dubai Millennium,Zomaradah,Selkirk,Bahr,グラスワンダー,ランニングヒロイン,フレンチデピュティ,レディゴシップ,Seeking the Gold,Colorado Dancer,Deploy,Jawaher,Sharpen Up,Annie Edge,ジェネラス,Lady of the Sea,Silver Hawk,Ameriflora,サンデーサイレンス,ダイナアクトレス,Deputy Minister,Mitterand,ノーザンテースト,レディフランダーズ,Mr. Prospector,Con Game,Shareef Dancer,Fall Aspen,Shirley Heights,Slightly Dangerous,ダンシングブレーヴ,High Tern,エタン,Rocchetta,Nebbiolo,Friendly Court,Caerleon,Doff the Derby,Mill Reef,La Mer,Roberto,Gris Vitesse,Danzig,Graceful Touch,Halo,Wishing Well,ノーザンテースト,モデルスポート,Vice Regent,Mint Copy,Hold Your Peace,Laredo Lass,Northern Dancer,Lady Victoria,Chieftain,Moll Flanders
202606010205,14,芝,1600,良,新馬,モズアスコット,ゴールドゲッコー,Frankel,India,クロフネ,ディナシー,Galileo,Kind,ヘネシー,Misty Hour,フレンチデピュティ,ブルーアヴェニュー,キングカメハメハ,トゥザヴィクトリー,Sadler's Wells,Urban Sea,デインヒル,Rainbow Lake,Storm Cat,Island Kitty,Miswaki,Our Tina Marie,Deputy Minister,Mitterand,Classic Go Go,Eliza Blue,Kingmambo,マンファス,サンデーサイレンス,フェアリードール,Northern Dancer,Fairy Bridge,Miswaki,Allegretta,Danzig,Razyana,Rainbow Quest,Rockfest,Storm Bird,Terlingua,Hawaii,T. C. Kitten,Mr. Prospector,Hopespringseternal,Nijinsky,Java Moon,Vice Regent,Mint Copy,Hold Your Peace,Laredo Lass,Pago Pago,Classic Perfection,Icecapade,コレラ,Mr. Prospector,Miesque,ラストタイクーン,Pilot Bird,Halo,Wishing Well,Nureyev,Dream Deal
202606010205,15,芝,1600,良,新馬,マジェスティックウォリアー,エスシーハンコック,A.P. Indy,Dream Supreme,ダイワメジャー,アグネスカルミア,Seattle Slew,Weekend Surprise,Seeking the Gold,Spinning Round,サンデーサイレンス,スカーレットブーケ,ケイムホーム,Morning Star,Bold Reasoning,My Charmer,Secretariat,Lassie Dear,Mr. Prospector,Con Game,Dixieland Band,Take Heart,Halo,Wishing Well,ノーザンテースト,スカーレットインク,Gone West,Nice Assay,Shotiche,Little Star Vicky,Boldnesian,Reason to Earn,Poker,Fair Charmer,Bold Ruler,Somethingroyal,Buckpasser,Gay Missile,Raise a Native,Gold Digger,Buckpasser,Broadway,Northern Dancer,Mississippi Mud,Secretariat,Deck Stewardess,Hail to Reason,Cosmah,Understanding,Mountain Flower,Northern Dancer,Lady Victoria,Crimson Satan,Consentida,Mr. Prospector,Secrettame,Clever Trick,インフルヴユー,Northern Dancer,Nimble Folly,Bold Ruckus,Victorious Answer
202606010205,16,芝,1600,良,新馬,タリスマニック,ユーセイクインサー,Medaglia d'Oro,Magic Mission,タイムパラドックス,アルカネット,El Prado,Cappucino Bay,Machiavellian,Dream Ticket,ブライアンズタイム,ジョリーザザ,ダンスインザダーク,パーフェクション,Sadler's Wells,Lady Capulet,Bailjumper,Dubbed In,Mr. Prospector,Coup de Folie,Danzig,Capo Di Monte,Roberto,Kelley's Day,Alzao,Bold Lady,サンデーサイレンス,ダンシングキイ,Machiavellian,チーフオナメント,Northern Dancer,Fairy Bridge,Sir Ivor,Cap and Bells,Damascus,Court Circuit,Silent Screen,Society Singer,Raise a Native,Gold Digger,Halo,Raise the Standard,Northern Dancer,Pas de Nom,Final Straw,Burghclere,Hail to Reason,Bramalea,Graustark,Golden Trail,Lyphard,Lady Rebecca,ボールドラツド,Tredam,Halo,Wishing Well,Nijinsky,Key Partner,Mr. Prospector,Coup de Folie,Chief's Crown,Embellished
202606010206,1,芝,2000,良,未勝利,ミッキーロケット,シャルルヴォア,キングカメハメハ,マネーキャントバイミーラヴ,スペシャルウィーク,フリーヴァケイション,Kingmambo,マンファス,Pivotal,Sabreon,サンデーサイレンス,キャンペンガール,Fly So Free,Miami Vacation,Mr. Prospector,Miesque,ラストタイクーン,Pilot Bird,Polar Falcon,Fearless Revival,Caerleon,Sabria,Halo,Wishing Well,マルゼンスキー,レディーシラオキ,Time for a Change,Free to Fly,Far North,Decision,Raise a Native,Gold Digger,Nureyev,Pasadoble,トライマイベスト,Mill Princess,Blakeney,The Dancer,Nureyev,Marie d'Argonne,Cozzene,Stufida,Nijinsky,Foreseer,Miswaki,Flood,Hail to Reason,Cosmah,Understanding,Mountain Flower,Nijinsky,シル,セントクレスピン,ミスアシヤガワ,Damascus,Resolver,Stevward,Dancing Lark,Northern Dancer,Fleur,Resound,School Board
202606010206,2,芝,2000,良,未勝利,ラブリーデイ,クロウキャニオン,キングカメハメハ,ポップコーンジャズ,フレンチデピュティ,クロカミ,Kingmambo,マンファス,ダンスインザダーク,グレイスルーマー,Deputy Minister,Mitterand,Caerleon,ミルド,Mr. Prospector,Miesque,ラストタイクーン,Pilot Bird,サンデーサイレンス,ダンシングキイ,トニービン,ディスクジョッキー,Vice Regent,Mint Copy,Hold Your Peace,Laredo Lass,Nijinsky,Foreseer,Desert Wine,Margie Belle,Raise a Native,Gold Digger,Nureyev,Pasadoble,トライマイベスト,Mill Princess,Blakeney,The Dancer,Halo,Wishing Well,Nijinsky,Key Partner,カンパラ,Severn Bridge,リアルシャダイ,シャダイチャッター,Northern Dancer,Victoria Regina,Bunty's Flight,Shakney,Speak John,Blue Moon,Bold Ruler,Fortunate Isle,Northern Dancer,Flaming Page,Round Table,Regal Gleam,Damascus,Anne Campbell,Vaguely Noble,Margravine
202606010206,3,芝,2000,良,未勝利,ロードカナロア,サトノワルキューレ,キングカメハメハ,レディブラッサム,ディープインパクト,ヒアトゥウィン,Kingmambo,マンファス,Storm Cat,サラトガデュー,サンデーサイレンス,ウインドインハーヘア,Roi Normand,Ascot Belle,Mr. Prospector,Miesque,ラストタイクーン,Pilot Bird,Storm Bird,Terlingua,Cormorant,Super Luna,Halo,Wishing Well,Alzao,Burghclere,Exclusive Native,Luth de Saron,Falcon Jet,Indian Blossom,Raise a Native,Gold Digger,Nureyev,Pasadoble,トライマイベスト,Mill Princess,Blakeney,The Dancer,Northern Dancer,South Ocean,Secretariat,Crimson Saint,His Majesty,Song Sparrow,In Reality,Alada,Hail to Reason,Cosmah,Understanding,Mountain Flower,Lyphard,Lady Rebecca,Busted,Highclere,Raise a Native,Exclusive,Luthier,Rose de Saron,Ghadeer,Victress,Fred Astaire,Floral Blossom
202606010206,4,芝,2000,良,未勝利,コントレイル,サンタモニカ,ディープインパクト,ロードクロサイト,Mastercraftsman,Zacchera,サンデーサイレンス,ウインドインハーヘア,Unbridled's Song,Folklore,Danehill Dancer,Starlight Dreams,Zamindar,Palace Street,Halo,Wishing Well,Alzao,Burghclere,Unbridled,Trolley Song,Tiznow,Contrive,デインヒル,Mira Adonde,ブラックタイアフェアー,Reves Celestes,Gone West,Zaizafon,セクレト,Majestic Street,Hail to Reason,Cosmah,Understanding,Mountain Flower,Lyphard,Lady Rebecca,Busted,Highclere,Fappiano,Gana Facil,Caro,Lucky Spell,Cee's Tizzy,Cee's Song,Storm Cat,Jeano,Danzig,Razyana,Sharpen Up,Lettre d'Amour,Miswaki,Hat Tab Girl,Lyphard,Tobira Celeste,Mr. Prospector,Secrettame,The Minstrel,Mofida,Northern Dancer,Betty's Secret,Majestic Prince,Beaver Street
202606010206,5,芝,2000,良,未勝利,ダノンプレミアム,ハーフムーン,ディープインパクト,インディアナギャル,Duke of Marmalade,Quarter moon,サンデーサイレンス,ウインドインハーヘア,Intikhab,Genial Jenny,デインヒル,Love Me True,Sadler's Wells,Jude,Halo,Wishing Well,Alzao,Burghclere,Red Ransom,Crafty Example,デインヒル,Joma Kaanem,Danzig,Razyana,Kingmambo,Lassie's Lady,Northern Dancer,Fairy Bridge,Darshaan,Alruccaba,Hail to Reason,Cosmah,Understanding,Mountain Flower,Lyphard,Lady Rebecca,Busted,Highclere,Roberto,アラビア,Crafty Prospector,Zienelle,Danzig,Razyana,Double Form,Ash Lawn,Northern Dancer,Pas de Nom,His Majesty,Spring Adieu,Mr. Prospector,Miesque,Alydar,Lassie Dear,Nearctic,Natalma,Bold Reason,Special,Shirley Heights,Delsy,クリスタルパレス,Allara
202606010206,6,芝,2000,良,未勝利,キズナ,ダンスアミーガ,ディープインパクト,キャットクイル,サクラバクシンオー,ダンスオールナイト,サンデーサイレンス,ウインドインハーヘア,Storm Cat,Pacific Princess,サクラユタカオー,サクラハゴロモ,エルコンドルパサー,ダンスパートナー,Halo,Wishing Well,Alzao,Burghclere,Storm Bird,Terlingua,Damascus,Fiji,テスコボーイ,アンジェリカ,ノーザンテースト,クリアアンバー,Kingmambo,サドラーズギャル,サンデーサイレンス,ダンシングキイ,Hail to Reason,Cosmah,Understanding,Mountain Flower,Lyphard,Lady Rebecca,Busted,Highclere,Northern Dancer,South Ocean,Secretariat,Crimson Saint,Sword Dancer,Kerala,Acropolis,Rififi,Princely Gift,Suncourt,ネヴァービート,スターハイネス,Northern Dancer,Lady Victoria,Ambiopoise,One Clear Call,Mr. Prospector,Miesque,Sadler's Wells,Glenveagh,Halo,Wishing Well,Nijinsky,Key Partner
202606010206,7,芝,2000,良,未勝利,レイデオロ,シャンデリアハウス,キングカメハメハ,ラドラーダ,ヴァーミリアン,カーリーエンジェル,Kingmambo,マンファス,シンボリクリスエス,レディブロンド,エルコンドルパサー,スカーレットレディ,ジャッジアンジェルーチ,ダイナカール,Mr. Prospector,Miesque,ラストタイクーン,Pilot Bird,Kris S.,Tee Kay,Seeking the Gold,ウインドインハーヘア,Kingmambo,サドラーズギャル,サンデーサイレンス,スカーレットローズ,Honest Pleasure,Victorian Queen,ノーザンテースト,シャダイフェザー,Raise a Native,Gold Digger,Nureyev,Pasadoble,トライマイベスト,Mill Princess,Blakeney,The Dancer,Roberto,Sharp Queen,Gold Meridian,Tri Argo,Mr. Prospector,Con Game,Alzao,Burghclere,Mr. Prospector,Miesque,Sadler's Wells,Glenveagh,Halo,Wishing Well,ノーザンテースト,スカーレットインク,What a Pleasure,Tularia,Victoria Park,Willowfield,Northern Dancer,Lady Victoria,ガーサント,パロクサイド
202606010206,8,芝,2000,良,未勝利,サトノダイヤモンド,ブライトメッセージ,ディープインパクト,マルペンサ,シンボリクリスエス,エヴリウィスパー,サンデーサイレンス,ウインドインハーヘア,Orpen,Marsella,Kris S.,Tee Kay,ノーザンテースト,クラフテイワイフ,Halo,Wishing Well,Alzao,Burghclere,Lure,Bonita Francita,サザンヘイロー,Riviere,Roberto,Sharp Queen,Gold Meridian,Tri Argo,Northern Dancer,Lady Victoria,Crafty Prospector,Wife Mistress,Hail to Reason,Cosmah,Understanding,Mountain Flower,Lyphard,Lady Rebecca,Busted,Highclere,Danzig,Endear,Devil's Bag,Raise the Standard,Halo,Northern Sea,Logical,Talonada,Hail to Reason,Bramalea,Princequillo,Bridgework,Seattle Slew,Queen Louie,Tri Jet,Hail Proudly,Nearctic,Natalma,Victoria Park,Lady Angela,Mr. Prospector,Real Crafty Lady,Secretariat,Political Payoff
202606010206,9,芝,2000,良,未勝利,レイデオロ,ブリッジクライム,キングカメハメハ,ラドラーダ,ゼンノロブロイ,リーチマイハーバー,Kingmambo,マンファス,シンボリクリスエス,レディブロンド,サンデーサイレンス,ローミンレイチェル,ボストンハーバー,Rezagante,Mr. Prospector,Miesque,ラストタイクーン,Pilot Bird,Kris S.,Tee Kay,Seeking the Gold,ウインドインハーヘア,Halo,Wishing Well,マイニング,One Smart Lady,Capote,Harbor Springs,Practicante,Rezumba,Raise a Native,Gold Digger,Nureyev,Pasadoble,トライマイベスト,Mill Princess,Blakeney,The Dancer,Roberto,Sharp Queen,Gold Meridian,Tri Argo,Mr. Prospector,Con Game,Alzao,Burghclere,Hail to Reason,Cosmah,Understanding,Mountain Flower,Mr. Prospector,I Pass,Clever Trick,Pia's Lady,Seattle Slew,Too Bald,Vice Regent,Tinnitus,Pronto,Extraneza,Resuello,Rumbatica
202606010206,10,芝,2000,良,未勝利,サトノダイヤモンド,オープンウォーター,ディープインパクト,マルペンサ,Include,Biscayne Bay,サンデーサイレンス,ウインドインハーヘア,Orpen,Marsella,Broad Brush,Illeria,A.P. Indy,Flanders,Halo,Wishing Well,Alzao,Burghclere,Lure,Bonita Francita,サザンヘイロー,Riviere,Ack Ack,Hay Patcher,Stop the Music,Baldski's Holiday,Seattle Slew,Weekend Surprise,Seeking the Gold,Starlet Storm,Hail to Reason,Cosmah,Understanding,Mountain Flower,Lyphard,Lady Rebecca,Busted,Highclere,Danzig,Endear,Devil's Bag,Raise the Standard,Halo,Northern Sea,Logical,Talonada,Battle Joined,Fast Turn,Hoist the Flag,Turn to Talent,Hail to Reason,Bebopper,Baldski,Verset Holiday,Bold Reasoning,My Charmer,Secretariat,Lassie Dear,Mr. Prospector,Con Game,Storm Bird,Cinegita
202606010206,11,芝,2000,良,未勝利,ダノンバラード,マイネアルデュール,ディープインパクト,レディバラード,アドマイヤコジーン,コスモハーティネス,サンデーサイレンス,ウインドインハーヘア,Unbridled,Angelic Song,Cozzene,アドマイヤマカディ,タイトスポット,マキノハタ,Halo,Wishing Well,Alzao,Burghclere,Fappiano,Gana Facil,Halo,Ballade,Caro,Ride the Trails,ノーザンテースト,ミセスマカディー,His Majesty,Premium Win,ノーザリー,マキノスガタ,Hail to Reason,Cosmah,Understanding,Mountain Flower,Lyphard,Lady Rebecca,Busted,Highclere,Mr. Prospector,Killaloe,Le Fabuleux,Charedi,Hail to Reason,Cosmah,Herbager,Miss Swapsco,フォルティノ,Chambord,Prince John,Wildwook,Northern Dancer,Lady Victoria,トライバルチーフ,Hanina,Ribot,Flower Bowl,Lyphard,Classic Perfection,Northern Dancer,Politely,カリム,キクノハタ
202606010206,12,芝,2000,良,未勝利,ウインブライト,ブーケドロゼブルー,ステイゴールド,サマーエタニティ,ロージズインメイ,イセノトウショウ,サンデーサイレンス,ゴールデンサッシュ,アドマイヤコジーン,オールフォーゲラン,Devil His Due,Tell a Secret,トウショウボーイ,マルミチーフ,Halo,Wishing Well,ディクタス,ダイナサッシュ,Cozzene,アドマイヤマカディ,ジェイドロバリー,ミスゲラン,Devil's Bag,Plenty O'Toole,Speak John,Secret Retreat,テスコボーイ,ソシアルバターフライ,ビッグディザイアー,トキワアイゼン,Hail to Reason,Cosmah,Understanding,Mountain Flower,Sanctus,Doronic,ノーザンテースト,ロイヤルサッシュ,Caro,Ride the Trails,ノーザンテースト,ミセスマカディー,Mr. Prospector,Number,マルゼンスキー,ゲラン,Halo,Ballade,Raise a Cup,Li'l Puss,Prince John,Nuit de Folies,Clandestine,Retirement,Princely Gift,Suncourt,Your Host,Wisteria,トライバルチーフ,クリアヤメ,キタノカチドキ,トキノマサト
202606010206,13,芝,2000,良,未勝利,ベンバトル,クリスティロマンス,Dubawi,Nahrain,シンボリクリスエス,スターリーロマンス,Dubai Millennium,Zomaradah,Selkirk,Bahr,Kris S.,Tee Kay,サンデーサイレンス,ミルレーサー,Seeking the Gold,Colorado Dancer,Deploy,Jawaher,Sharpen Up,Annie Edge,ジェネラス,Lady of the Sea,Roberto,Sharp Queen,Gold Meridian,Tri Argo,Halo,Wishing Well,Le Fabuleux,Marston's Mill,Mr. Prospector,Con Game,Shareef Dancer,Fall Aspen,Shirley Heights,Slightly Dangerous,ダンシングブレーヴ,High Tern,エタン,Rocchetta,Nebbiolo,Friendly Court,Caerleon,Doff the Derby,Mill Reef,La Mer,Hail to Reason,Bramalea,Princequillo,Bridgework,Seattle Slew,Queen Louie,Tri Jet,Hail Proudly,Hail to Reason,Cosmah,Understanding,Mountain Flower,Wild Risk,Anguar,In Reality,Millicent
202606010206,14,芝,2000,良,未勝利,モーリス,メモリーズ,スクリーンヒーロー,メジロフランシス,ディープインパクト,フレンチリヴィエラ,グラスワンダー,ランニングヒロイン,カーネギー,メジロモントレー,サンデーサイレンス,ウインドインハーヘア,フレンチデピュティ,Actinella,Silver Hawk,Ameriflora,サンデーサイレンス,ダイナアクトレス,Sadler's Wells,Detroit,モガミ,メジロクインシー,Halo,Wishing Well,Alzao,Burghclere,Deputy Minister,Mitterand,Seattle Slew,Aerturas,Roberto,Gris Vitesse,Danzig,Graceful Touch,Halo,Wishing Well,ノーザンテースト,モデルスポート,Northern Dancer,Fairy Bridge,Riverman,Derna,Lyphard,ノーラック,フィディオン,メジロボサツ,Hail to Reason,Cosmah,Understanding,Mountain Flower,Lyphard,Lady Rebecca,Busted,Highclere,Vice Regent,Mint Copy,Hold Your Peace,Laredo Lass,Bold Reasoning,My Charmer,マナード,Amiel
202606010206,15,芝,2000,良,未勝利,ダノンバラード,ポポラリタ,ディープインパクト,レディバラード,ダンカーク,トシザユカ,サンデーサイレンス,ウインドインハーヘア,Unbridled,Angelic Song,Unbridled's Song,Secret Status,タイキシャトル,ソルトレイクブルー,Halo,Wishing Well,Alzao,Burghclere,Fappiano,Gana Facil,Halo,Ballade,Unbridled,Trolley Song,A.P. Indy,Private Status,Devil's Bag,ウェルシュマフィン,デインヒル,ラックオメガー,Hail to Reason,Cosmah,Understanding,Mountain Flower,Lyphard,Lady Rebecca,Busted,Highclere,Mr. Prospector,Killaloe,Le Fabuleux,Charedi,Hail to Reason,Cosmah,Herbager,Miss Swapsco,Fappiano,Gana Facil,Caro,Lucky Spell,Seattle Slew,Weekend Surprise,Alydar,Miss Eva,Halo,Ballade,Caerleon,Muffitys,Danzig,Razyana,トウショウボーイ,ヤマホマレ
202606010206,16,芝,2000,良,未勝利,ゴールドシップ,ゲハイムローゼ,ステイゴールド,ポイントフラッグ,ロージズインメイ,コスモエンドレス,サンデーサイレンス,ゴールデンサッシュ,メジロマックイーン,パストラリズム,Devil His Due,Tell a Secret,スターオブコジーン,マイネエクセル,Halo,Wishing Well,ディクタス,ダイナサッシュ,メジロティターン,メジロオーロラ,プルラリズム,トクノエイティー,Devil's Bag,Plenty O'Toole,Speak John,Secret Retreat,Cozzene,Star Gem,タマモクロス,オカノブルー,Hail to Reason,Cosmah,Understanding,Mountain Flower,Sanctus,Doronic,ノーザンテースト,ロイヤルサッシュ,メジロアサマ,シエリル,リマンド,メジロアイリス,The Minstrel,Cambretta,トライバルチーフ,アイアンルビー,Halo,Ballade,Raise a Cup,Li'l Puss,Prince John,Nuit de Folies,Clandestine,Retirement,Caro,Ride the Trails,Pia Star,Soonerland,シービークロス,グリーンシャトー,ネプテューヌス,ヒンドバース
202606010206,17,芝,2000,良,未勝利,インディチャンプ,ウェイクミーアップ,ステイゴールド,ウィルパワー,ロックオブジブラルタル,Hymn Of The Dawn,サンデーサイレンス,ゴールデンサッシュ,キングカメハメハ,トキオリアリティー,デインヒル,Offshore Boom,Phone Trick,Colonial Debut,Halo,Wishing Well,ディクタス,ダイナサッシュ,Kingmambo,マンファス,Meadowlake,What a Reality,Danzig,Razyana,Be My Guest,Push a Button,Clever Trick,Over the Phone,Pleasant Colony,Kittihawk Miss,Hail to Reason,Cosmah,Understanding,Mountain Flower,Sanctus,Doronic,ノーザンテースト,ロイヤルサッシュ,Mr. Prospector,Miesque,ラストタイクーン,Pilot Bird,Hold Your Peace,Suspicious Native,In Reality,What Will Be,Northern Dancer,Pas de Nom,His Majesty,Spring Adieu,Northern Dancer,What a Treat,Bold Lad,River Lady,Icecapade,Kankakee Miss,Finnegan,Prattle,His Majesty,Sun Colony,Alydar,Kittiwake
202606010206,18,芝,2000,良,未勝利,ダノンプレミアム,ダイストウショウ,ディープインパクト,インディアナギャル,サクラバクシンオー,メイトウショウ,サンデーサイレンス,ウインドインハーヘア,Intikhab,Genial Jenny,サクラユタカオー,サクラハゴロモ,ジェネラス,サマンサトウショウ,Halo,Wishing Well,Alzao,Burghclere,Red Ransom,Crafty Example,デインヒル,Joma Kaanem,テスコボーイ,アンジェリカ,ノーザンテースト,クリアアンバー,Caerleon,Doff the Derby,トウショウボーイ,マーブルトウショウ,Hail to Reason,Cosmah,Understanding,Mountain Flower,Lyphard,Lady Rebecca,Busted,Highclere,Roberto,アラビア,Crafty Prospector,Zienelle,Danzig,Razyana,Double Form,Ash Lawn,Princely Gift,Suncourt,ネヴァービート,スターハイネス,Northern Dancer,Lady Victoria,Ambiopoise,One Clear Call,Nijinsky,Foreseer,Master Derby,Margarethen,テスコボーイ,ソシアルバターフライ,ダンディルート,チヤイナトウショウ
202606010207,1,芝,2000,良,1勝クラス,レイデオロ,フィリポナ,キングカメハメハ,ラドラーダ,ブラックタイド,キラーグレイシス,Kingmambo,マンファス,シンボリクリスエス,レディブロンド,サンデーサイレンス,ウインドインハーヘア,Congaree,Heatherdoesntbluff,Mr. Prospector,Miesque,ラストタイクーン,Pilot Bird,Kris S.,Tee Kay,Seeking the Gold,ウインドインハーヘア,Halo,Wishing Well,Alzao,Burghclere,アラジ,Mari's Sheba,Old Trieste,Michigan Bluff,Raise a Native,Gold Digger,Nureyev,Pasadoble,トライマイベスト,Mill Princess,Blakeney,The Dancer,Roberto,Sharp Queen,Gold Meridian,Tri Argo,Mr. Prospector,Con Game,Alzao,Burghclere,Hail to Reason,Cosmah,Understanding,Mountain Flower,Lyphard,Lady Rebecca,Busted,Highclere,Blushing Groom,ダンスールファビュルー,Mari's Book,Sheba Little,A.P. Indy,Lovlier Linda,Skywalker,ミドルフォークラピッヅ
202606010207,2,芝,2000,良,1勝クラス,レイデオロ,クレアドール,キングカメハメハ,ラドラーダ,ハーツクライ,ホワットケイティーディド,Kingmambo,マンファス,シンボリクリスエス,レディブロンド,サンデーサイレンス,アイリッシュダンス,Nureyev,Katies,Mr. Prospector,Miesque,ラストタイクーン,Pilot Bird,Kris S.,Tee Kay,Seeking the Gold,ウインドインハーヘア,Halo,Wishing Well,トニービン,ビューパーダンス,Northern Dancer,Special,ノノアルコ,Mortefontaine,Raise a Native,Gold Digger,Nureyev,Pasadoble,トライマイベスト,Mill Princess,Blakeney,The Dancer,Roberto,Sharp Queen,Gold Meridian,Tri Argo,Mr. Prospector,Con Game,Alzao,Burghclere,Hail to Reason,Cosmah,Understanding,Mountain Flower,カンパラ,Severn Bridge,Lyphard,My Bupers,Nearctic,Natalma,Forli,Thong,Nearctic,Seximee,ポリック,Brabantia
202606010207,3,芝,2000,良,1勝クラス,キタサンブラック,ライジングクロス,ブラックタイド,シュガーハート,Cape Cross,Woodrising,サンデーサイレンス,ウインドインハーヘア,サクラバクシンオー,オトメゴコロ,Green Desert,Park Appeal,Nomination,Bodham,Halo,Wishing Well,Alzao,Burghclere,サクラユタカオー,サクラハゴロモ,ジャッジアンジェルーチ,テイズリー,Danzig,Foreign Courier,Ahonoora,Balidaress,Dominion,Rivers Maid,Bustino,Cley,Hail to Reason,Cosmah,Understanding,Mountain Flower,Lyphard,Lady Rebecca,Busted,Highclere,テスコボーイ,アンジェリカ,ノーザンテースト,クリアアンバー,Honest Pleasure,Victorian Queen,Lyphard,Tizna,Northern Dancer,Pas de Nom,Sir Ivor,Courtly Dee,Lorenzaccio,Helen Nichols,Balidar,Innocence,Derring-Do,Picture Palace,Rarity,Takette,Busted,Ship Yard,Exbury,Windmill Girl
202606010207,4,芝,2000,良,1勝クラス,ウインブライト,キーパップ,ステイゴールド,サマーエタニティ,フレンチデピュティ,サルール,サンデーサイレンス,ゴールデンサッシュ,アドマイヤコジーン,オールフォーゲラン,Deputy Minister,Mitterand,サンデーサイレンス,シャルウォーカミーズ,Halo,Wishing Well,ディクタス,ダイナサッシュ,Cozzene,アドマイヤマカディ,ジェイドロバリー,ミスゲラン,Vice Regent,Mint Copy,Hold Your Peace,Laredo Lass,Halo,Wishing Well,Sadler's Wells,Sequel,Hail to Reason,Cosmah,Understanding,Mountain Flower,Sanctus,Doronic,ノーザンテースト,ロイヤルサッシュ,Caro,Ride the Trails,ノーザンテースト,ミセスマカディー,Mr. Prospector,Number,マルゼンスキー,ゲラン,Northern Dancer,Victoria Regina,Bunty's Flight,Shakney,Speak John,Blue Moon,Bold Ruler,Fortunate Isle,Hail to Reason,Cosmah,Understanding,Mountain Flower,Northern Dancer,Fairy Bridge,Law Society,Where You Lead
202606010207,5,芝,2000,良,1勝クラス,コントレイル,アルティマウェポン,ディープインパクト,ロードクロサイト,ヨハネスブルグ,レインボーアーチ,サンデーサイレンス,ウインドインハーヘア,Unbridled's Song,Folklore,ヘネシー,Myth,アグネスタキオン,エキストラグリーン,Halo,Wishing Well,Alzao,Burghclere,Unbridled,Trolley Song,Tiznow,Contrive,Storm Cat,Island Kitty,オジジアン,Yarn,サンデーサイレンス,アグネスフローラ,リヴリア,ゴールデンテンプル,Hail to Reason,Cosmah,Understanding,Mountain Flower,Lyphard,Lady Rebecca,Busted,Highclere,Fappiano,Gana Facil,Caro,Lucky Spell,Cee's Tizzy,Cee's Song,Storm Cat,Jeano,Storm Bird,Terlingua,Hawaii,T. C. Kitten,Damascus,Gonfalon,Mr. Prospector,Narrate,Halo,Wishing Well,ロイヤルスキー,アグネスレディー,Riverman,Dahlia,Golden Fleece,Calandra
202606010207,6,芝,2000,良,1勝クラス,ダノンバラード,ヴァニティールールズ,ディープインパクト,レディバラード,New Approach,Miss Pinkerton,サンデーサイレンス,ウインドインハーヘア,Unbridled,Angelic Song,Galileo,Park Express,デインヒル,Rebecca Sharp,Halo,Wishing Well,Alzao,Burghclere,Fappiano,Gana Facil,Halo,Ballade,Sadler's Wells,Urban Sea,Ahonoora,Matcher,Danzig,Razyana,Machiavellian,Nuryana,Hail to Reason,Cosmah,Understanding,Mountain Flower,Lyphard,Lady Rebecca,Busted,Highclere,Mr. Prospector,Killaloe,Le Fabuleux,Charedi,Hail to Reason,Cosmah,Herbager,Miss Swapsco,Northern Dancer,Fairy Bridge,Miswaki,Allegretta,Lorenzaccio,Helen Nichols,Match,Lachine,Northern Dancer,Pas de Nom,His Majesty,Spring Adieu,Mr. Prospector,Coup de Folie,Nureyev,Loralane
202606010207,7,芝,2000,良,1勝クラス,サトノダイヤモンド,クインアマランサス,ディープインパクト,マルペンサ,キングカメハメハ,ヒカルアマランサス,サンデーサイレンス,ウインドインハーヘア,Orpen,Marsella,Kingmambo,マンファス,アグネスタキオン,スターミー,Halo,Wishing Well,Alzao,Burghclere,Lure,Bonita Francita,サザンヘイロー,Riviere,Mr. Prospector,Miesque,ラストタイクーン,Pilot Bird,サンデーサイレンス,アグネスフローラ,A.P. Indy,Caerlina,Hail to Reason,Cosmah,Understanding,Mountain Flower,Lyphard,Lady Rebecca,Busted,Highclere,Danzig,Endear,Devil's Bag,Raise the Standard,Halo,Northern Sea,Logical,Talonada,Raise a Native,Gold Digger,Nureyev,Pasadoble,トライマイベスト,Mill Princess,Blakeney,The Dancer,Halo,Wishing Well,ロイヤルスキー,アグネスレディー,Seattle Slew,Weekend Surprise,Caerleon,Dinalina
202606010207,8,芝,2000,良,1勝クラス,サートゥルナーリア,ソーメニーウェイズ,ロードカナロア,シーザリオ,Sightseeing,Happy Scene,キングカメハメハ,レディブラッサム,スペシャルウィーク,キロフプリミエール,Pulpit,Resort,デヒア,リアリーハッピー,Kingmambo,マンファス,Storm Cat,サラトガデュー,サンデーサイレンス,キャンペンガール,Sadler's Wells,Querida,A.P. Indy,Preach,Pleasant Colony,Extravagant Woman,Deputy Minister,Sister Dot,Avenue of Flags,Dear Laura,Mr. Prospector,Miesque,ラストタイクーン,Pilot Bird,Storm Bird,Terlingua,Cormorant,Super Luna,Halo,Wishing Well,マルゼンスキー,レディーシラオキ,Northern Dancer,Fairy Bridge,Habitat,Principia,Seattle Slew,Weekend Surprise,Mr. Prospector,Narrate,His Majesty,Sun Colony,Alydar,Squander,Vice Regent,Mint Copy,Secretariat,Sword Game,Seattle Slew,Beautiful Glass,Youth,Six Months Long
202606010207,9,芝,2000,良,1勝クラス,ロードカナロア,ハートフル,キングカメハメハ,レディブラッサム,Shamardal,Mad About You,Kingmambo,マンファス,Storm Cat,サラトガデュー,Giant's Causeway,Helsinki,Indian Ridge,Irresistible Jewel,Mr. Prospector,Miesque,ラストタイクーン,Pilot Bird,Storm Bird,Terlingua,Cormorant,Super Luna,Storm Cat,Mariah's Storm,Machiavellian,Helen Street,Ahonoora,Hillbrow,デインヒル,In Anticipation,Raise a Native,Gold Digger,Nureyev,Pasadoble,トライマイベスト,Mill Princess,Blakeney,The Dancer,Northern Dancer,South Ocean,Secretariat,Crimson Saint,His Majesty,Song Sparrow,In Reality,Alada,Storm Bird,Terlingua,Rahy,イメンス,Mr. Prospector,Coup de Folie,Troy,Waterway,Lorenzaccio,Helen Nichols,Swing Easy,Golden City,Danzig,Razyana,Sadler's Wells,Aptostar
202606010207,10,芝,2000,良,1勝クラス,ヤマカツエース,フラヴィニー,キングカメハメハ,ヤマカツマリリン,キンシャサノキセキ,キッスパシオン,Kingmambo,マンファス,グラスワンダー,イクセプトフォーワンダ,フジキセキ,ケルトシャーン,ジェイドロバリー,レツツキツス,Mr. Prospector,Miesque,ラストタイクーン,Pilot Bird,Silver Hawk,Ameriflora,Tejabo,Unique Gal,サンデーサイレンス,ミルレーサー,Pleasant Colony,Featherhill,Mr. Prospector,Number,Lyphard,Limoya,Raise a Native,Gold Digger,Nureyev,Pasadoble,トライマイベスト,Mill Princess,Blakeney,The Dancer,Roberto,Gris Vitesse,Danzig,Graceful Touch,Deputy Minister,Cutty,Bold Ruckus,Spin to Win,Halo,Wishing Well,Le Fabuleux,Marston's Mill,His Majesty,Sun Colony,Lyphard,Lady Berry,Raise a Native,Gold Digger,Nijinsky,Special,Northern Dancer,Goofed,Riva Ridge,Peronelle
202606010208,1,障害,3200,良,オープン,エピファネイア,ユッカマウンテン,シンボリクリスエス,シーザリオ,アグネスタキオン,ベガスナイト,Kris S.,Tee Kay,スペシャルウィーク,キロフプリミエール,サンデーサイレンス,アグネスフローラ,コロナドズクエスト,Words of War,Roberto,Sharp Queen,Gold Meridian,Tri Argo,サンデーサイレンス,キャンペンガール,Sadler's Wells,Querida,Halo,Wishing Well,ロイヤルスキー,アグネスレディー,フォーティナイナー,Laughing Look,Lord at War,Right Word,Hail to Reason,Bramalea,Princequillo,Bridgework,Seattle Slew,Queen Louie,Tri Jet,Hail Proudly,Halo,Wishing Well,マルゼンスキー,レディーシラオキ,Northern Dancer,Fairy Bridge,Habitat,Principia,Hail to Reason,Cosmah,Understanding,Mountain Flower,Raja Baba,Coz o'Nijinsky,リマンド,イコマエイカン,Mr. Prospector,File,Damascus,Laughter,General,Luna de Miel,Verbatim,Oratorio
202606010208,2,障害,3200,良,オープン,ドゥラメンテ,ラヴァリーノ,キングカメハメハ,アドマイヤグルーヴ,Unbridled's Song,Sous Entendu,Kingmambo,マンファス,サンデーサイレンス,エアグルーヴ,Unbridled,Trolley Song,Shadeed,It's in the Air,Mr. Prospector,Miesque,ラストタイクーン,Pilot Bird,Halo,Wishing Well,トニービン,ダイナカール,Fappiano,Gana Facil,Caro,Lucky Spell,Nijinsky,Continual,Mr. Prospector,A Wind Is Rising,Raise a Native,Gold Digger,Nureyev,Pasadoble,トライマイベスト,Mill Princess,Blakeney,The Dancer,Hail to Reason,Cosmah,Understanding,Mountain Flower,カンパラ,Severn Bridge,ノーザンテースト,シャダイフェザー,Mr. Prospector,Killaloe,Le Fabuleux,Charedi,フォルティノ,Chambord,Lucky Mel,Incantation,Northern Dancer,Flaming Page,Damascus,Continuation,Raise a Native,Gold Digger,Francis S.,Queen Nasra
202606010208,3,障害,3200,良,オープン,ブリックスアンドモルタル,リープオブフェイス,Giant's Causeway,Beyond the Waves,クロフネ,ラバヤデール,Storm Cat,Mariah's Storm,Ocean Crest,Excedent,フレンチデピュティ,ブルーアヴェニュー,サンデーサイレンス,ニキーヤ,Storm Bird,Terlingua,Rahy,イメンス,Storm Bird,S.S.Aroma,Exceller,Broadway Lullaby,Deputy Minister,Mitterand,Classic Go Go,Eliza Blue,Halo,Wishing Well,Nureyev,Reluctant Guest,Northern Dancer,South Ocean,Secretariat,Crimson Saint,Blushing Groom,Glorious Song,Roberto,Imsodear,Northern Dancer,South Ocean,Seattle Slew,Rare Bouquet,Vaguely Noble,Too Bald,Stage Door Johnny,リットルブレツシング,Vice Regent,Mint Copy,Hold Your Peace,Laredo Lass,Pago Pago,Classic Perfection,Icecapade,コレラ,Hail to Reason,Cosmah,Understanding,Mountain Flower,Northern Dancer,Special,Hostage,Vaguely Royal
202606010208,4,障害,3200,良,オープン,Golden Horn,Entertainment,Cape Cross,Fleche D'Or,Halling,Opera Comique,Green Desert,Park Appeal,Dubai Destination,Nuryana,Diesis,Dance Machine,シングスピール,Grace Note,Danzig,Foreign Courier,Ahonoora,Balidaress,Kingmambo,Mysterial,Nureyev,Loralane,Sharpen Up,Doubly Sure,Green Dancer,Never a Lady,In the Wings,Glorious Song,Top Ville,Val de Grace,Northern Dancer,Pas de Nom,Sir Ivor,Courtly Dee,Lorenzaccio,Helen Nichols,Balidar,Innocence,Mr. Prospector,Miesque,Alleged,Mysteries,Northern Dancer,Special,Habitat,Lora,エタン,Rocchetta,Reliance,Soft Angels,Nijinsky,Green Valley,Pontifex,Camogie,Sadler's Wells,High Hawk,Halo,Ballade,High Top,Sega Ville,Val de Loir,Pearly Queen
202606010208,5,障害,3200,良,オープン,リオンディーズ,アミカブルナンバー,キングカメハメハ,シーザリオ,ダイワメジャー,ヒシシルバーメイド,Kingmambo,マンファス,スペシャルウィーク,キロフプリミエール,サンデーサイレンス,スカーレットブーケ,Silver Deputy,ヒシアマゾン,Mr. Prospector,Miesque,ラストタイクーン,Pilot Bird,サンデーサイレンス,キャンペンガール,Sadler's Wells,Querida,Halo,Wishing Well,ノーザンテースト,スカーレットインク,Deputy Minister,Silver Valley,Theatrical,Katies,Raise a Native,Gold Digger,Nureyev,Pasadoble,トライマイベスト,Mill Princess,Blakeney,The Dancer,Halo,Wishing Well,マルゼンスキー,レディーシラオキ,Northern Dancer,Fairy Bridge,Habitat,Principia,Hail to Reason,Cosmah,Understanding,Mountain Flower,Northern Dancer,Lady Victoria,Crimson Satan,Consentida,Vice Regent,Mint Copy,Mr. Prospector,Seven Valleys,Nureyev,ツリーオブノレッジ,ノノアルコ,Mortefontaine
202606010208,6,障害,3200,良,オープン,バゴ,ラリエット,Nashwan,Moonlight's Box,メイショウボーラー,メイショウデンコー,Blushing Groom,Height of Fashion,Nureyev,Coup de Genie,タイキシャトル,ナイスレイズ,ジェイドロバリー,メイショウベローナ,Red God,Runaway Bride,Bustino,Highclere,Northern Dancer,Special,Mr. Prospector,Coup de Folie,Devil's Bag,ウェルシュマフィン,Storm Cat,Nice Tradition,Mr. Prospector,Number,ベルマン,ジユリエツタ,Nasrullah,Spring Run,Wild Risk,Aimee,Busted,Ship Yard,Queen's Hussar,Highlight,Nearctic,Natalma,Forli,Thong,Raise a Native,Gold Digger,Halo,Raise the Standard,Halo,Ballade,Caerleon,Muffitys,Storm Bird,Terlingua,Search Tradition,Nice Dancing,Raise a Native,Gold Digger,Nijinsky,Special,Riverman,Belga,ダイアトム,キタノスガタ
202606010208,7,障害,3200,良,オープン,コパノリッキー,ソフィアルージュ,ゴールドアリュール,コパノニキータ,クロフネ,ビツキーロイヤル,サンデーサイレンス,ニキーヤ,ティンバーカントリー,ニホンピロローズ,フレンチデピュティ,ブルーアヴェニュー,パラダイスクリーク,ニホンピロビッキー,Halo,Wishing Well,Nureyev,Reluctant Guest,Woodman,Fall Aspen,トニービン,ウェディングブーケ,Deputy Minister,Mitterand,Classic Go Go,Eliza Blue,Irish River,North Of Eden,トウショウボーイ,キヤデスター,Hail to Reason,Cosmah,Understanding,Mountain Flower,Northern Dancer,Special,Hostage,Vaguely Royal,Mr. Prospector,プレイメイト,Pretense,Change Water,カンパラ,Severn Bridge,リアルシャダイ,アリーウイン,Vice Regent,Mint Copy,Hold Your Peace,Laredo Lass,Pago Pago,Classic Perfection,Icecapade,コレラ,Riverman,Irish Star,Northfields,ツリーオブノレッジ,テスコボーイ,ソシアルバターフライ,ラヴァンダン,カデンザゼセカンド
202606010208,8,障害,3200,良,オープン,ワールドエース,アモーレヴォレ,ディープインパクト,マンデラ,アグネスデジタル,ダンシングハピネス,サンデーサイレンス,ウインドインハーヘア,Acatenango,Mandellicht,Crafty Prospector,Chancey Squaw,ダンスインザダーク,メイショウサチカゼ,Halo,Wishing Well,Alzao,Burghclere,Surumu,Aggravate,Be My Guest,Mandelauge,Mr. Prospector,Real Crafty Lady,Chief's Crown,Allicance,サンデーサイレンス,ダンシングキイ,クリスタルグリッターズ,シアトルダンサー,Hail to Reason,Cosmah,Understanding,Mountain Flower,Lyphard,Lady Rebecca,Busted,Highclere,Literat,Surama,Aggressor,Raven Locks,Northern Dancer,What a Treat,Elektrant,Mandriale,Raise a Native,Gold Digger,In Reality,Princess Roycraft,Danzig,Six Crowns,Alleged,Runaway Bride,Halo,Wishing Well,Nijinsky,Key Partner,Blushing Groom,Tales to Tell,ノーザンアンサー,サイレージ
202606010208,9,障害,3200,良,オープン,ストロングリターン,クラウンイヴ,シンボリクリスエス,コートアウト,ブラックタイド,ハイフレンドモア,Kris S.,Tee Kay,Smart Strike,アザール,サンデーサイレンス,ウインドインハーヘア,Mt. Livermore,ハイフレンドウォン,Roberto,Sharp Queen,Gold Meridian,Tri Argo,Mr. Prospector,Classy'n Smart,Nijinsky,Smart Heiress,Halo,Wishing Well,Alzao,Burghclere,Blushing Groom,Flama Ardiente,Alydar,Bronze Point,Hail to Reason,Bramalea,Princequillo,Bridgework,Seattle Slew,Queen Louie,Tri Jet,Hail Proudly,Raise a Native,Gold Digger,Smarten,No Class,Northern Dancer,Flaming Page,Vaguely Noble,Smartaire,Hail to Reason,Cosmah,Understanding,Mountain Flower,Lyphard,Lady Rebecca,Busted,Highclere,Red God,Runaway Bride,Crimson Satan,Royal Rafele,Raise a Native,Sweet Tooth,Tobin Bronze,Summer Point
202606010209,1,ダート,1800,稍重,2勝クラス,シニスターミニスター,セラファン,Old Trieste,Sweet Minister,ベーカバド,システィンチャペル,A.P. Indy,Lovlier Linda,The Prime Minister,Sweet Blue,Cape Cross,Behkara,サンデーサイレンス,サドラーズギャル,Seattle Slew,Weekend Surprise,Vigors,Linda Summers,Deputy Minister,Stick to Beauty,Hurry Up Blue,Sugar Gold,Green Desert,Park Appeal,Kris,Behera,Halo,Wishing Well,Sadler's Wells,Glenveagh,Bold Reasoning,My Charmer,Secretariat,Lassie Dear,Grey Dawn,Relifordie,Crozier,Queenly Gift,Vice Regent,Mint Copy,Illustrious,Hail to Beauty,Mr. Leader,Blue Baroness,Mr. Prospector,Miss Ironside,Danzig,Foreign Courier,Ahonoora,Balidaress,Sharpen Up,Doubly Sure,Mill Reef,Borushka,Hail to Reason,Cosmah,Understanding,Mountain Flower,Northern Dancer,Fairy Bridge,Seattle Slew,Lisadell
202606010209,2,ダート,1800,稍重,2勝クラス,ヘニーヒューズ,プレトリアン,ヘネシー,Meadow Flyer,キングヘイロー,フォースエネミー,Storm Cat,Island Kitty,Meadowlake,Shortley,ダンシングブレーヴ,グッバイヘイロー,ウォーニング,トリプルマッチ,Storm Bird,Terlingua,Hawaii,T. C. Kitten,Hold Your Peace,Suspicious Native,Hagley,Short Winded,Lyphard,Navajo Princess,Halo,Pound Foolish,Known Fact,Slightly Dangerous,Danzig,Doubles Partner,Northern Dancer,South Ocean,Secretariat,Crimson Saint,Utrillo,Ethane,Tom Cat,Needlebug,Speak John,Blue Moon,Raise a Native,Be Suspicious,Olden Times,Teo Pepi,Harvest Singing,Wild Cloud,Northern Dancer,Goofed,Drone,Olmec,Hail to Reason,Cosmah,Sir Ivor,Squander,In Reality,Tamerett,Roberto,Where You Lead,Northern Dancer,Pas de Nom,Damascus,Fabuleux Jane
202606010209,3,ダート,1800,稍重,2勝クラス,ドレフォン,ジュリーハーツ,Gio Ponti,Eltimaas,ハーツクライ,ラブジュリエット,Tale of the Cat,Chipeta Springs,Ghostzapper,Najecam,サンデーサイレンス,アイリッシュダンス,フサイチコンコルド,ホッコーオウカ,Storm Cat,Yarn,Alydar,Salt Spring,Awesome Again,Baby Zip,Trempolino,Sue Warner,Halo,Wishing Well,トニービン,ビューパーダンス,Caerleon,バレークイーン,リンドシェーバー,ランズプロント,Storm Bird,Terlingua,Mr. Prospector,Narrate,Raise a Native,Sweet Tooth,Salt Marsh,Jungle Mythologic,Deputy Minister,Primal Force,Relaunch,Thirty Zip,Sharpen Up,Trephine,Forli,Bitty Girl,Hail to Reason,Cosmah,Understanding,Mountain Flower,カンパラ,Severn Bridge,Lyphard,My Bupers,Nijinsky,Foreseer,Sadler's Wells,Sun Princess,Alydar,ベーシイド,プロント,トサモアー
202606010209,4,ダート,1800,稍重,2勝クラス,トゥザワールド,ディアテイスティー,キングカメハメハ,トゥザヴィクトリー,ジャングルポケット,エヌティミラクル,Kingmambo,マンファス,サンデーサイレンス,フェアリードール,トニービン,ダンスチャーマー,フジキセキ,バラダ,Mr. Prospector,Miesque,ラストタイクーン,Pilot Bird,Halo,Wishing Well,Nureyev,Dream Deal,カンパラ,Severn Bridge,Nureyev,Skillful Joy,サンデーサイレンス,ミルレーサー,Damascus,Courtly Dee,Raise a Native,Gold Digger,Nureyev,Pasadoble,トライマイベスト,Mill Princess,Blakeney,The Dancer,Hail to Reason,Cosmah,Understanding,Mountain Flower,Northern Dancer,Special,Sharpen Up,Likely Exchange,Kalamoun,State Pension,Hornbeam,Priddy Fair,Northern Dancer,Special,Nodouble,Skillful Miss,Halo,Wishing Well,Le Fabuleux,Marston's Mill,Sword Dancer,Kerala,Never Bend,Tulle
202606010209,5,ダート,1800,稍重,2勝クラス,ドレフォン,ダンツペンダント,Gio Ponti,Eltimaas,オレハマッテルゼ,ノースプリンセス,Tale of the Cat,Chipeta Springs,Ghostzapper,Najecam,サンデーサイレンス,カーリーエンジェル,アジュディケーティング,シーズプリンセス,Storm Cat,Yarn,Alydar,Salt Spring,Awesome Again,Baby Zip,Trempolino,Sue Warner,Halo,Wishing Well,ジャッジアンジェルーチ,ダイナカール,Danzig,Resolver,カコイーシーズ,ユーワキャンディー,Storm Bird,Terlingua,Mr. Prospector,Narrate,Raise a Native,Sweet Tooth,Salt Marsh,Jungle Mythologic,Deputy Minister,Primal Force,Relaunch,Thirty Zip,Sharpen Up,Trephine,Forli,Bitty Girl,Hail to Reason,Cosmah,Understanding,Mountain Flower,Honest Pleasure,Victorian Queen,ノーザンテースト,シャダイフェザー,Northern Dancer,Pas de Nom,Reviewer,Lovely Morning,Alydar,Careless Notion,ロングリート,メイジガルボ
202606010209,6,ダート,1800,稍重,2勝クラス,ルーラーシップ,シナノネージュ,キングカメハメハ,エアグルーヴ,フレンチデピュティ,コードネーム,Kingmambo,マンファス,トニービン,ダイナカール,Deputy Minister,Mitterand,サンデーサイレンス,トリッキーコード,Mr. Prospector,Miesque,ラストタイクーン,Pilot Bird,カンパラ,Severn Bridge,ノーザンテースト,シャダイフェザー,Vice Regent,Mint Copy,Hold Your Peace,Laredo Lass,Halo,Wishing Well,Lost Code,Dam Clever,Raise a Native,Gold Digger,Nureyev,Pasadoble,トライマイベスト,Mill Princess,Blakeney,The Dancer,Kalamoun,State Pension,Hornbeam,Priddy Fair,Northern Dancer,Lady Victoria,ガーサント,パロクサイド,Northern Dancer,Victoria Regina,Bunty's Flight,Shakney,Speak John,Blue Moon,Bold Ruler,Fortunate Isle,Hail to Reason,Cosmah,Understanding,Mountain Flower,Codex,Loss Or Gain,Damascus,Clever Bird
202606010209,7,ダート,1800,稍重,2勝クラス,アジアエクスプレス,ララエクレリゼ,ヘニーヒューズ,ランニングボブキャッツ,スペシャルウィーク,ローマンブリッジ,ヘネシー,Meadow Flyer,Running Stag,Backatem,サンデーサイレンス,キャンペンガール,ブライアンズタイム,メインリー,Storm Cat,Island Kitty,Meadowlake,Shortley,Cozzene,Fruhlingstag,Notebook,Deputy's Mistress,Halo,Wishing Well,マルゼンスキー,レディーシラオキ,Roberto,Kelley's Day,Wild Again,Primarily,Storm Bird,Terlingua,Hawaii,T. C. Kitten,Hold Your Peace,Suspicious Native,Hagley,Short Winded,Caro,Ride the Trails,Orsini,Revada,Well Decorated,Mobcap,Deputy Minister,River Crossing,Hail to Reason,Cosmah,Understanding,Mountain Flower,Nijinsky,シル,セントクレスピン,ミスアシヤガワ,Hail to Reason,Bramalea,Graustark,Golden Trail,Icecapade,Bushel-n-Peck,Lord at War,Mostly
202606010209,8,ダート,1800,稍重,2勝クラス,コパノリッキー,プレゼンスウーマン,ゴールドアリュール,コパノニキータ,サクラローレル,ステファーナ,サンデーサイレンス,ニキーヤ,ティンバーカントリー,ニホンピロローズ,Rainbow Quest,ローラローラ,リアルシャダイ,ダイナコマネチ,Halo,Wishing Well,Nureyev,Reluctant Guest,Woodman,Fall Aspen,トニービン,ウェディングブーケ,Blushing Groom,I Will Follow,Saint Cyrien,Bold Lady,Roberto,Desert Vixen,ノーザンテースト,シャダイリーズン,Hail to Reason,Cosmah,Understanding,Mountain Flower,Northern Dancer,Special,Hostage,Vaguely Royal,Mr. Prospector,プレイメイト,Pretense,Change Water,カンパラ,Severn Bridge,リアルシャダイ,アリーウイン,Red God,Runaway Bride,Herbager,Where You Lead,Luthier,Sevres,ボールドラツド,Tredam,Hail to Reason,Bramalea,In Reality,Desert Trial,Northern Dancer,Lady Victoria,マリーノ,ニアーリーズン
202606010209,9,ダート,1800,稍重,2勝クラス,リーチザクラウン,キトゥンズグレイス,スペシャルウィーク,クラウンピース,Kitten's Joy,イマーキュレイトキャット,サンデーサイレンス,キャンペンガール,Seattle Slew,クラシッククラウン,El Prado,Kitten's First,Storm Cat,Myhrr,Halo,Wishing Well,マルゼンスキー,レディーシラオキ,Bold Reasoning,My Charmer,Mr. Prospector,Six Crowns,Sadler's Wells,Lady Capulet,Lear Fan,That's My Hon,Storm Bird,Terlingua,Mr. Prospector,Miesque,Hail to Reason,Cosmah,Understanding,Mountain Flower,Nijinsky,シル,セントクレスピン,ミスアシヤガワ,Boldnesian,Reason to Earn,Poker,Fair Charmer,Raise a Native,Gold Digger,Secretariat,Chris Evert,Northern Dancer,Fairy Bridge,Sir Ivor,Cap and Bells,Roberto,Wac,L'Enjoleur,One Lane,Northern Dancer,South Ocean,Secretariat,Crimson Saint,Raise a Native,Gold Digger,Nureyev,Pasadoble
202606010209,10,ダート,1800,稍重,2勝クラス,ルヴァンスレーヴ,ハルマッタン,シンボリクリスエス,マエストラーレ,マンハッタンカフェ,マチカネハヤテ,Kris S.,Tee Kay,ネオユニヴァース,オータムブリーズ,サンデーサイレンス,サトルチェンジ,サクラバクシンオー,ベルセゾン,Roberto,Sharp Queen,Gold Meridian,Tri Argo,サンデーサイレンス,ポインテッドパス,ティンバーカントリー,セプテンバーソング,Halo,Wishing Well,Law Society,Santa Luciana,サクラユタカオー,サクラハゴロモ,ベリファ,ヴアインゴールド,Hail to Reason,Bramalea,Princequillo,Bridgework,Seattle Slew,Queen Louie,Tri Jet,Hail Proudly,Halo,Wishing Well,Kris,Silken Way,Woodman,Fall Aspen,リアルシャダイ,ダイナフェアリー,Hail to Reason,Cosmah,Understanding,Mountain Flower,Alleged,Bold Bikini,Luciano,Suleika,テスコボーイ,アンジェリカ,ノーザンテースト,クリアアンバー,Lyphard,Belga,Mr. Prospector,Chancy Dance
202606010209,11,ダート,1800,稍重,2勝クラス,レッドファルクス,ゼロカラノキセキ,スウェプトオーヴァーボード,ベルモット,キンシャサノキセキ,スイートマカロン,エンドスウィープ,Sheer Ice,サンデーサイレンス,レガシーオブストレングス,フジキセキ,ケルトシャーン,Tale of the Cat,Pastel Colour,フォーティナイナー,Broom Dance,Cutlass,Hey Dolly A.,Halo,Wishing Well,Affirmed,Katonka,サンデーサイレンス,ミルレーサー,Pleasant Colony,Featherhill,Storm Cat,Yarn,Distant View,ランセステューズ,Mr. Prospector,File,Dance Spell,Witching Hour,Damascus,Aphonia,Ambehaving,Swift Deal,Hail to Reason,Cosmah,Understanding,Mountain Flower,Exclusive Native,Won't Tell You,Minnesota Mac,Minnetonka,Halo,Wishing Well,Le Fabuleux,Marston's Mill,His Majesty,Sun Colony,Lyphard,Lady Berry,Storm Bird,Terlingua,Mr. Prospector,Narrate,Mr. Prospector,Seven Springs,リィフォー,Enthraller
202606010209,12,ダート,1800,稍重,2勝クラス,Kitten's Joy,サーレップティシャス,El Prado,Kitten's First,Speightstown,Hooh Why,Sadler's Wells,Lady Capulet,Lear Fan,That's My Hon,Gone West,Silken Cat,Cloud Hopping,Magic Merger,Northern Dancer,Fairy Bridge,Sir Ivor,Cap and Bells,Roberto,Wac,L'Enjoleur,One Lane,Mr. Prospector,Secrettame,Storm Cat,Silken Doll,Mr. Prospector,Skimble,Corporate Report,Wicked Ways,Nearctic,Natalma,Bold Reason,Special,Sir Gaylord,Attica,Tom Fool,Ghazni,Hail to Reason,Bramalea,Lt. Stevens,Belthazar,Buckpasser,Fanfreluche,Prince John,Danger Ahead,Raise a Native,Gold Digger,Secretariat,Tamerett,Storm Bird,Terlingua,Chieftain,Insilca,Raise a Native,Gold Digger,Lyphard,Nimble Folly,Private Account,Ten Cents a Kiss,Devil's Bag,Lien
202606010210,1,芝,2000,良,2勝クラス,ニューイヤーズデイ,ダブルファンタジー,Street Cry,Justwhistledixie,ジャイアントレッカー,ガーデンローズ,Machiavellian,Helen Street,Dixie Union,General Jeanne,Giant's Causeway,Homewrecker,トニービン,クイーンアドマイヤ,Mr. Prospector,Coup de Folie,Troy,Waterway,Dixieland Band,She's Tops,Honour and Glory,Ahpo Hel,Storm Cat,Mariah's Storm,Buckaroo,Execution,カンパラ,Severn Bridge,サンデーサイレンス,ダンスロマンス,Raise a Native,Gold Digger,Halo,Raise the Standard,Petingo,La Milo,Riverman,Boulevard,Northern Dancer,Mississippi Mud,Capote,She's a Talent,Relaunch,Fair to All,Mr. Leader,Tiy,Storm Bird,Terlingua,Rahy,イメンス,Buckpasser,Stepping High,The Axe,House of Cards,Kalamoun,State Pension,Hornbeam,Priddy Fair,Halo,Wishing Well,Northern Dancer,Blue Tepee
202606010210,2,芝,2000,良,2勝クラス,ゴールドシップ,プロディジー,ステイゴールド,ポイントフラッグ,ヴィクトワールピサ,ベストオブミー,サンデーサイレンス,ゴールデンサッシュ,メジロマックイーン,パストラリズム,ネオユニヴァース,ホワイトウォーターアフェア,ブライアンズタイム,フラワーアーチ,Halo,Wishing Well,ディクタス,ダイナサッシュ,メジロティターン,メジロオーロラ,プルラリズム,トクノエイティー,サンデーサイレンス,ポインテッドパス,Machiavellian,Much Too Risky,Roberto,Kelley's Day,Nashwan,Forest Flower,Hail to Reason,Cosmah,Understanding,Mountain Flower,Sanctus,Doronic,ノーザンテースト,ロイヤルサッシュ,メジロアサマ,シエリル,リマンド,メジロアイリス,The Minstrel,Cambretta,トライバルチーフ,アイアンルビー,Halo,Wishing Well,Kris,Silken Way,Mr. Prospector,Coup de Folie,Bustino,Short Rations,Hail to Reason,Bramalea,Graustark,Golden Trail,Blushing Groom,Height of Fashion,Green Forest,Leap Lively
202606010210,3,芝,2000,良,2勝クラス,レイデオロ,サラファン,キングカメハメハ,ラドラーダ,アグネスタキオン,ティリオブストラッフォード,Kingmambo,マンファス,シンボリクリスエス,レディブロンド,サンデーサイレンス,アグネスフローラ,Deputy Minister,Deviltante,Mr. Prospector,Miesque,ラストタイクーン,Pilot Bird,Kris S.,Tee Kay,Seeking the Gold,ウインドインハーヘア,Halo,Wishing Well,ロイヤルスキー,アグネスレディー,Vice Regent,Mint Copy,Devil's Bag,Born a Lady,Raise a Native,Gold Digger,Nureyev,Pasadoble,トライマイベスト,Mill Princess,Blakeney,The Dancer,Roberto,Sharp Queen,Gold Meridian,Tri Argo,Mr. Prospector,Con Game,Alzao,Burghclere,Hail to Reason,Cosmah,Understanding,Mountain Flower,Raja Baba,Coz o'Nijinsky,リマンド,イコマエイカン,Northern Dancer,Victoria Regina,Bunty's Flight,Shakney,Halo,Ballade,Tentam,Natalma
202606010210,4,芝,2000,良,2勝クラス,フィエールマン,エキナシア,ディープインパクト,リュヌドール,スニッツェル,ニシノマリア,サンデーサイレンス,ウインドインハーヘア,Green Tune,Luth d'Or,Redoute's Choice,Snippets' Lass,Take Me Out,セナリオ,Halo,Wishing Well,Alzao,Burghclere,Green Dancer,Soundings,Noir Et Or,Viole d'Amour,デインヒル,Shantha's Choice,Snippets,Snow Finch,Cure the Blues,White Feather,フォーティナイナー,Recital,Hail to Reason,Cosmah,Understanding,Mountain Flower,Lyphard,Lady Rebecca,Busted,Highclere,Nijinsky,Green Valley,Mr. Prospector,Ocean's Answer,ラインゴールド,Pomme Rose,Luthier,Mandolinette,Danzig,Razyana,Canny Lad,Dancing Show,Lunchtime,Easy Date,Storm Bird,A Realgirl,Stop the Music,Quick Cure,Tom Rolfe,Green Signal,Mr. Prospector,File,Danzig,Dancealot
202606010210,5,芝,2000,良,2勝クラス,ビーチパトロール,ジュリーハーツ,Lemon Drop Kid,Bashful Bertie,ハーツクライ,ラブジュリエット,Kingmambo,Charming Lassie,Quiet American,Clever Bertie,サンデーサイレンス,アイリッシュダンス,フサイチコンコルド,ホッコーオウカ,Mr. Prospector,Miesque,Seattle Slew,Lassie Dear,Fappiano,Demure,Timeless Native,Clever But Costly,Halo,Wishing Well,トニービン,ビューパーダンス,Caerleon,バレークイーン,リンドシェーバー,ランズプロント,Raise a Native,Gold Digger,Nureyev,Pasadoble,Bold Reasoning,My Charmer,Buckpasser,Gay Missile,Mr. Prospector,Killaloe,Dr. Fager,Quiet Charm,Timeless Moment,Head Off,Clever Trick,Swoonlow,Hail to Reason,Cosmah,Understanding,Mountain Flower,カンパラ,Severn Bridge,Lyphard,My Bupers,Nijinsky,Foreseer,Sadler's Wells,Sun Princess,Alydar,ベーシイド,プロント,トサモアー
202606010210,6,芝,2000,良,2勝クラス,レイデオロ,キャットコイン,キングカメハメハ,ラドラーダ,ステイゴールド,ストレイキャット,Kingmambo,マンファス,シンボリクリスエス,レディブロンド,サンデーサイレンス,ゴールデンサッシュ,Storm Cat,ローミンレイチェル,Mr. Prospector,Miesque,ラストタイクーン,Pilot Bird,Kris S.,Tee Kay,Seeking the Gold,ウインドインハーヘア,Halo,Wishing Well,ディクタス,ダイナサッシュ,Storm Bird,Terlingua,マイニング,One Smart Lady,Raise a Native,Gold Digger,Nureyev,Pasadoble,トライマイベスト,Mill Princess,Blakeney,The Dancer,Roberto,Sharp Queen,Gold Meridian,Tri Argo,Mr. Prospector,Con Game,Alzao,Burghclere,Hail to Reason,Cosmah,Understanding,Mountain Flower,Sanctus,Doronic,ノーザンテースト,ロイヤルサッシュ,Northern Dancer,South Ocean,Secretariat,Crimson Saint,Mr. Prospector,I Pass,Clever Trick,Pia's Lady
202606010210,7,芝,2000,良,2勝クラス,スピルバーグ,ミルシャイナー,ディープインパクト,プリンセスオリビア,シンボリクリスエス,ミルレーサー,サンデーサイレンス,ウインドインハーヘア,Lycius,Dance Image,Kris S.,Tee Kay,Le Fabuleux,Marston's Mill,Halo,Wishing Well,Alzao,Burghclere,Mr. Prospector,Lypatia,Sadler's Wells,Diamond Spring,Roberto,Sharp Queen,Gold Meridian,Tri Argo,Wild Risk,Anguar,In Reality,Millicent,Hail to Reason,Cosmah,Understanding,Mountain Flower,Lyphard,Lady Rebecca,Busted,Highclere,Raise a Native,Gold Digger,Lyphard,Hypatia,Northern Dancer,Fairy Bridge,Vaguely Noble,Dumfries,Hail to Reason,Bramalea,Princequillo,Bridgework,Seattle Slew,Queen Louie,Tri Jet,Hail Proudly,Rialto,Wild Violet,Verso,La Rochelle,Intentionally,My Dear Girl,Cornish Prince,Milan Mill
202606010210,8,芝,2000,良,2勝クラス,ダノンバラード,オピニオン,ディープインパクト,レディバラード,アイルハヴアナザー,アドマイヤオンリー,サンデーサイレンス,ウインドインハーヘア,Unbridled,Angelic Song,Flower Alley,Arch's Gal Edith,クロフネ,トウカイステラ,Halo,Wishing Well,Alzao,Burghclere,Fappiano,Gana Facil,Halo,Ballade,Distorted Humor,プリンセスオリビア,Arch,Force Five Gal,フレンチデピュティ,ブルーアヴェニュー,トウカイテイオー,ツジノダイアナ,Hail to Reason,Cosmah,Understanding,Mountain Flower,Lyphard,Lady Rebecca,Busted,Highclere,Mr. Prospector,Killaloe,Le Fabuleux,Charedi,Hail to Reason,Cosmah,Herbager,Miss Swapsco,フォーティナイナー,Danzig's Beauty,Lycius,Dance Image,Kris S.,Aurora,Pleasant Tap,Last Cause,Deputy Minister,Mitterand,Classic Go Go,Eliza Blue,シンボリルドルフ,トウカイナチュラル,マグニテュード,テツノアーク
202606010210,9,芝,2000,良,2勝クラス,ゴールドシップ,ラッフォルツァート,ステイゴールド,ポイントフラッグ,グラスワンダー,コスモベル,サンデーサイレンス,ゴールデンサッシュ,メジロマックイーン,パストラリズム,Silver Hawk,Ameriflora,Formal Dinner,Blue Sword,Halo,Wishing Well,ディクタス,ダイナサッシュ,メジロティターン,メジロオーロラ,プルラリズム,トクノエイティー,Roberto,Gris Vitesse,Danzig,Graceful Touch,Well Decorated,Fantastic Flyer,Crusader Sword,Blues Gal,Hail to Reason,Cosmah,Understanding,Mountain Flower,Sanctus,Doronic,ノーザンテースト,ロイヤルサッシュ,メジロアサマ,シエリル,リマンド,メジロアイリス,The Minstrel,Cambretta,トライバルチーフ,アイアンルビー,Hail to Reason,Bramalea,Amerigo,Matchiche,Northern Dancer,Pas de Nom,His Majesty,Pi Phi Gal,Raja Baba,Paris Breeze,Hoist the Flag,Bold Princess,Damascus,Copernica,Lt. Stevens,Basie Blues
202606010210,10,芝,2000,良,2勝クラス,モーリス,シャブリ,スクリーンヒーロー,メジロフランシス,ディープインパクト,スカイノダン,グラスワンダー,ランニングヒロイン,カーネギー,メジロモントレー,サンデーサイレンス,ウインドインハーヘア,サクラバクシンオー,シビル,Silver Hawk,Ameriflora,サンデーサイレンス,ダイナアクトレス,Sadler's Wells,Detroit,モガミ,メジロクインシー,Halo,Wishing Well,Alzao,Burghclere,サクラユタカオー,サクラハゴロモ,Wild Again,シャロン,Roberto,Gris Vitesse,Danzig,Graceful Touch,Halo,Wishing Well,ノーザンテースト,モデルスポート,Northern Dancer,Fairy Bridge,Riverman,Derna,Lyphard,ノーラック,フィディオン,メジロボサツ,Hail to Reason,Cosmah,Understanding,Mountain Flower,Lyphard,Lady Rebecca,Busted,Highclere,テスコボーイ,アンジェリカ,ノーザンテースト,クリアアンバー,Icecapade,Bushel-n-Peck,Mo Exception,Double Wiggle
202606010210,11,芝,2000,良,2勝クラス,ビッグアーサー,オービーレディー,サクラバクシンオー,シヤボナ,コマンダーインチーフ,デュークソブリン,サクラユタカオー,サクラハゴロモ,Kingmambo,Relish,ダンシングブレーヴ,Slightly Dangerous,ダイタクヘリオス,ソブリンテスコ,テスコボーイ,アンジェリカ,ノーザンテースト,クリアアンバー,Mr. Prospector,Miesque,Sadler's Wells,Reloy,Lyphard,Navajo Princess,Roberto,Where You Lead,ビゼンニシキ,ネヴアーイチバン,テスコボーイ,サクラビクトリー,Princely Gift,Suncourt,ネヴァービート,スターハイネス,Northern Dancer,Lady Victoria,Ambiopoise,One Clear Call,Raise a Native,Gold Digger,Nureyev,Pasadoble,Northern Dancer,Fairy Bridge,Liloy,Rescousse,Northern Dancer,Goofed,Drone,Olmec,Hail to Reason,Bramalea,Raise a Native,Noblesse,ダンディルート,ベニバナビゼン,ネヴァービート,ミスナンバイチバン,Princely Gift,Suncourt,シーホーク,スワンズウッドグローヴ
202606010210,取,芝,2000,良,2勝クラス,Kingman,ヌーヴォレコルト,Invincible Spirit,Zenda,ハーツクライ,オメガスピリット,Green Desert,Rafha,Zamindar,Hope,サンデーサイレンス,アイリッシュダンス,スピニングワールド,ファーガーズプロスペクト,Danzig,Foreign Courier,Kris,Eljazzi,Gone West,Zaizafon,ダンシングブレーヴ,Bahamian,Halo,Wishing Well,トニービン,ビューパーダンス,Nureyev,Imperfect Circle,Chief's Crown,Fager's Glory,Northern Dancer,Pas de Nom,Sir Ivor,Courtly Dee,Sharpen Up,Doubly Sure,アーテイアス,Border Bounty,Mr. Prospector,Secrettame,The Minstrel,Mofida,Lyphard,Navajo Princess,Mill Reef,Sorbus,Hail to Reason,Cosmah,Understanding,Mountain Flower,カンパラ,Severn Bridge,Lyphard,My Bupers,Northern Dancer,Special,Riverman,Aviance,Danzig,Six Crowns,Mr. Prospector,Street's Glory
202606010211,1,芝,1200,良,3勝クラス,スクリーンヒーロー,コスモクリスタル,グラスワンダー,ランニングヒロイン,マイネルラヴ,クリスチャンネーム,Silver Hawk,Ameriflora,サンデーサイレンス,ダイナアクトレス,Seeking the Gold,Heart of Joy,Cadeaux Genereux,Colorvista,Roberto,Gris Vitesse,Danzig,Graceful Touch,Halo,Wishing Well,ノーザンテースト,モデルスポート,Mr. Prospector,Con Game,リィフォー,Mythographer,Young Generation,Smarten Up,Shirley Heights,Reprocolor,Hail to Reason,Bramalea,Amerigo,Matchiche,Northern Dancer,Pas de Nom,His Majesty,Pi Phi Gal,Hail to Reason,Cosmah,Understanding,Mountain Flower,Northern Dancer,Lady Victoria,モデルフール,マジックゴデイス,Raise a Native,Gold Digger,Buckpasser,Broadway,Lyphard,Klaizia,Secretariat,Arachne,Balidar,Brig O'Doon,Sharpen Up,L'Anguissola,Mill Reef,Hardiemma,Jimmy Reppin,Blue Queen
202606010211,2,芝,1200,良,3勝クラス,イスラボニータ,アイカギ,フジキセキ,イスラコジーン,ファンタスティックライト,イシノアパトゥーラ,サンデーサイレンス,ミルレーサー,Cozzene,Isla Mujeres,Rahy,Jood,ウォーニング,リヴァーガール,Halo,Wishing Well,Le Fabuleux,Marston's Mill,Caro,Ride the Trails,Crafty Prospector,Lido Isle,Blushing Groom,Glorious Song,Nijinsky,Kamar,Known Fact,Slightly Dangerous,リヴリア,エルプス,Hail to Reason,Cosmah,Understanding,Mountain Flower,Wild Risk,Anguar,In Reality,Millicent,フォルティノ,Chambord,Prince John,Wildwook,Mr. Prospector,Real Crafty Lady,Far North,She Is Gorgeous,Red God,Runaway Bride,Halo,Ballade,Northern Dancer,Flaming Page,Key to the Mint,Square Angel,In Reality,Tamerett,Roberto,Where You Lead,Riverman,Dahlia,マグニテュード,ホクエイリボン
202606010211,3,芝,1200,良,3勝クラス,ディスクリートキャット,フォーミー,Forestry,Pretty Discreet,アドマイヤマックス,アンファテュエ,Storm Cat,Shared Interest,Private Account,Pretty Persuasive,サンデーサイレンス,ダイナシュート,マルゼンスキー,バンビファバー,Storm Bird,Terlingua,Pleasant Colony,Surgery,Damascus,Numbered Account,Believe It,Bury the Hatchet,Halo,Wishing Well,ノーザンテースト,シヤダイマイン,Nijinsky,シル,ファバージ,スイートボルガ,Northern Dancer,South Ocean,Secretariat,Crimson Saint,His Majesty,Sun Colony,Dr. Fager,Bold Sequence,Sword Dancer,Kerala,Buckpasser,Intriguing,In Reality,Breakfast Bell,Tom Rolfe,Christmas Whishes,Hail to Reason,Cosmah,Understanding,Mountain Flower,Northern Dancer,Lady Victoria,ヒッティングアウェー,ファンシミン,Northern Dancer,Flaming Page,Buckpasser,Quill,Princely Gift,Spring Offensive,バーボンプリンス,スイフトクイン
202606010211,4,芝,1200,良,3勝クラス,スニッツェル,River Serenade,Redoute's Choice,Snippets' Lass,Hurricane Sky,Ride The Rapids,デインヒル,Shantha's Choice,Snippets,Snow Finch,Star Watch,Dancing Show,River Rough,Kilmarie,Danzig,Razyana,Canny Lad,Dancing Show,Lunchtime,Easy Date,Storm Bird,A Realgirl,Bletchingly,Light Of Peace,Nijinsky,Show Lady,Brigand,Romantic Glory,Bletchingly,Sheeaun,Northern Dancer,Pas de Nom,His Majesty,Spring Adieu,Bletchingly,Jesmond Lass,Nijinsky,Show Lady,Silly Season,Great Occasion,Grand Chaudiere,Scampering,Northern Dancer,South Ocean,In Reality,Secret Verdict,Biscay,Coogee,Light Wind,Flag Of Peace,Northern Dancer,Flaming Page,Sir Ivor,Best in Show,Noholme,Lady Sybil,Romantic,Snow Glory,Biscay,Coogee,Continuation,Sliprullah
202606010211,5,芝,1200,良,3勝クラス,No Nay Never,キャントバイミーラヴ,Scat Daddy,Cat's Eye Witness,War Front,Together,ヨハネスブルグ,Love Style,Elusive Quality,Comical Cat,Danzig,Starry Dreamer,Galileo,Shadow Song,ヘネシー,Myth,Mr. Prospector,Likeable Style,Gone West,Touch of Greatness,Exceller,Six Months Long,Northern Dancer,Pas de Nom,Rubiano,Lara's Star,Sadler's Wells,Urban Sea,Pennekamp,イブニングエアー,Storm Cat,Island Kitty,オジジアン,Yarn,Raise a Native,Gold Digger,Nijinsky,Personable Lady,Mr. Prospector,Secrettame,Hero's Honor,Ivory Wand,Vaguely Noble,Too Bald,Northern Dancer,Prime Time,Nearctic,Natalma,Admiral's Voyage,Petitioner,Fappiano,Ruby Slippers,Forli,True Reality,Northern Dancer,Fairy Bridge,Miswaki,Allegretta,Bering,Coral Dance,J.O. Tobin,Nellie Forbes
202606010211,6,芝,1200,良,3勝クラス,Blue Point,Euthenia,Shamardal,Scarlett Rose,Winker Watson,Funny Girl,Giant's Causeway,Helsinki,Royal Applause,Billie Blue,Piccolo,Bonica,Darshaan,Just for Fun,Storm Cat,Mariah's Storm,Machiavellian,Helen Street,ワージブ,Flying Melody,Ballad Rock,Blue Nose,ウォーニング,Woodwind,ルション,Flaming Rose,Shirley Heights,Delsy,Lead On Time,Audition,Storm Bird,Terlingua,Rahy,イメンス,Mr. Prospector,Coup de Folie,Troy,Waterway,トライマイベスト,Coryana,Auction Ring,Whispering Star,Bold Lad,True Rocket,Windjammer,Hill Slipper,Known Fact,Slightly Dangerous,ホイスリングウインド,Garden Green,Riverman,ベルドリーヌ,Upper Nile,Papamiento,Mill Reef,Hardiemma,Abdos,Kelty,Nureyev,Alathea,Dara Monarch,Autocratic
202606010211,7,芝,1200,良,3勝クラス,ディーマジェスティ,タカラジェニファ,ディープインパクト,エルメスティアラ,ヨハネスブルグ,ホワイトピクシイ,サンデーサイレンス,ウインドインハーヘア,ブライアンズタイム,シンコウエルメス,ヘネシー,Myth,ホワイトマズル,ダイナコマネチ,Halo,Wishing Well,Alzao,Burghclere,Roberto,Kelley's Day,Sadler's Wells,Doff the Derby,Storm Cat,Island Kitty,オジジアン,Yarn,ダンシングブレーヴ,Fair of the Furze,ノーザンテースト,シャダイリーズン,Hail to Reason,Cosmah,Understanding,Mountain Flower,Lyphard,Lady Rebecca,Busted,Highclere,Hail to Reason,Bramalea,Graustark,Golden Trail,Northern Dancer,Fairy Bridge,Master Derby,Margarethen,Storm Bird,Terlingua,Hawaii,T. C. Kitten,Damascus,Gonfalon,Mr. Prospector,Narrate,Lyphard,Navajo Princess,Ela-Mana-Mou,Autocratic,Northern Dancer,Lady Victoria,マリーノ,ニアーリーズン
202606010211,8,芝,1200,良,3勝クラス,アメリカンペイトリオット,ビクトリーチャンス,War Front,Life Well Lived,ステイゴールド,キタサンバースデー,Danzig,Starry Dreamer,Tiznow,Well Dressed,サンデーサイレンス,ゴールデンサッシュ,マリエンバード,ダンスチャーマー,Northern Dancer,Pas de Nom,Rubiano,Lara's Star,Cee's Tizzy,Cee's Song,Notebook,Trithenia,Halo,Wishing Well,ディクタス,ダイナサッシュ,Caerleon,マリエンバド,Nureyev,Skillful Joy,Nearctic,Natalma,Admiral's Voyage,Petitioner,Fappiano,Ruby Slippers,Forli,True Reality,Relaunch,テイズリー,Seattle Song,Lonely Dancer,Well Decorated,Mobcap,Gold Meridian,Tri Argo,Hail to Reason,Cosmah,Understanding,Mountain Flower,Sanctus,Doronic,ノーザンテースト,ロイヤルサッシュ,Nijinsky,Foreseer,Darshaan,Marie de Fontenoy,Northern Dancer,Special,Nodouble,Skillful Miss
202606010211,9,芝,1200,良,3勝クラス,ビッグアーサー,ラスパジャサーダス,サクラバクシンオー,シヤボナ,スウェプトオーヴァーボード,ハケイマ,サクラユタカオー,サクラハゴロモ,Kingmambo,Relish,エンドスウィープ,Sheer Ice,Gone West,United Kingdom,テスコボーイ,アンジェリカ,ノーザンテースト,クリアアンバー,Mr. Prospector,Miesque,Sadler's Wells,Reloy,フォーティナイナー,Broom Dance,Cutlass,Hey Dolly A.,Mr. Prospector,Secrettame,Danzig,Unite,Princely Gift,Suncourt,ネヴァービート,スターハイネス,Northern Dancer,Lady Victoria,Ambiopoise,One Clear Call,Raise a Native,Gold Digger,Nureyev,Pasadoble,Northern Dancer,Fairy Bridge,Liloy,Rescousse,Mr. Prospector,File,Dance Spell,Witching Hour,Damascus,Aphonia,Ambehaving,Swift Deal,Raise a Native,Gold Digger,Secretariat,Tamerett,Northern Dancer,Pas de Nom,Kris,Pro Patria
202606010211,10,芝,1200,良,3勝クラス,ダイワメジャー,プリンセスオブザスターズ,サンデーサイレンス,スカーレットブーケ,Sea The Stars Sea the Stars,Wadud,Halo,Wishing Well,ノーザンテースト,スカーレットインク,Cape Cross,Urban Sea,Nashwan,The Perfect Life,Hail to Reason,Cosmah,Understanding,Mountain Flower,Northern Dancer,Lady Victoria,Crimson Satan,Consentida,Green Desert,Park Appeal,Miswaki,Allegretta,Blushing Groom,Height of Fashion,トライマイベスト,Mill Princess,Turn-to,Nothirdchance,Cosmic Bomb,Almahmoud,Promised Land,Pretty Ways,Montparnasse,Edelweiss,Nearctic,Natalma,Victoria Park,Lady Angela,Spy Song,Papila,Beau Max,La Menina,Danzig,Foreign Courier,Ahonoora,Balidaress,Mr. Prospector,Hopespringseternal,Lombard,Anatevka,Red God,Runaway Bride,Bustino,Highclere,Northern Dancer,Sex Appeal,Mill Reef,Irish Lass
202606010211,11,芝,1200,良,3勝クラス,ドゥラメンテ,スターズインハーアイズ,キングカメハメハ,アドマイヤグルーヴ,Woodman,ウインドインハーヘア,Kingmambo,マンファス,サンデーサイレンス,エアグルーヴ,Mr. Prospector,プレイメイト,Alzao,Burghclere,Mr. Prospector,Miesque,ラストタイクーン,Pilot Bird,Halo,Wishing Well,トニービン,ダイナカール,Raise a Native,Gold Digger,Buckpasser,Intriguing,Lyphard,Lady Rebecca,Busted,Highclere,Raise a Native,Gold Digger,Nureyev,Pasadoble,トライマイベスト,Mill Princess,Blakeney,The Dancer,Hail to Reason,Cosmah,Understanding,Mountain Flower,カンパラ,Severn Bridge,ノーザンテースト,シャダイフェザー,Native Dancer,Raise You,Nashua,Sequence,Tom Fool,Busanda,Swaps,Glamour,Northern Dancer,Goofed,Sir Ivor,Pocahontas,Crepello,Sans le Sou,Queen's Hussar,Highlight
202606010211,12,芝,1200,良,3勝クラス,ロードカナロア,サイレントソニック,キングカメハメハ,レディブラッサム,ディープインパクト,ムーンライトガーデンズ,Kingmambo,マンファス,Storm Cat,サラトガデュー,サンデーサイレンス,ウインドインハーヘア,Unbridled's Song,Bee My Vision,Mr. Prospector,Miesque,ラストタイクーン,Pilot Bird,Storm Bird,Terlingua,Cormorant,Super Luna,Halo,Wishing Well,Alzao,Burghclere,Unbridled,Trolley Song,Silver Ghost,Nifty Fifty,Raise a Native,Gold Digger,Nureyev,Pasadoble,トライマイベスト,Mill Princess,Blakeney,The Dancer,Northern Dancer,South Ocean,Secretariat,Crimson Saint,His Majesty,Song Sparrow,In Reality,Alada,Hail to Reason,Cosmah,Understanding,Mountain Flower,Lyphard,Lady Rebecca,Busted,Highclere,Fappiano,Gana Facil,Caro,Lucky Spell,Mr. Prospector,Misty Gallore,Honey Jay,Illgotten Gains
202606010211,13,芝,1200,良,3勝クラス,デクラレーションオブウォー,カレンステイシー,War Front,Tempo West,アドマイヤジャパン,カレンママ,Danzig,Starry Dreamer,Rahy,Tempo,サンデーサイレンス,ビワハイジ,エンドスウィープ,アズウィロー,Northern Dancer,Pas de Nom,Rubiano,Lara's Star,Blushing Groom,Glorious Song,Gone West,Terpsichorist,Halo,Wishing Well,Caerleon,アグサン,フォーティナイナー,Broom Dance,Alwasmi,Willow Flight,Nearctic,Natalma,Admiral's Voyage,Petitioner,Fappiano,Ruby Slippers,Forli,True Reality,Red God,Runaway Bride,Halo,Ballade,Mr. Prospector,Secrettame,Nijinsky,Glad Rags,Hail to Reason,Cosmah,Understanding,Mountain Flower,Nijinsky,Foreseer,Lord Gayle,Santa Luciana,Mr. Prospector,File,Dance Spell,Witching Hour,Northern Dancer,Height of Fashion,Lend Lease,Calico Flight
202606010211,14,芝,1200,良,3勝クラス,ファインニードル,ハートノイヤリング,アドマイヤムーン,ニードルクラフト,ハーツクライ,サワヤカプリンセス,エンドスウィープ,マイケイティーズ,Mark of Esteem,Sharp Point,サンデーサイレンス,アイリッシュダンス,ノーザンテースト,スコッチプリンセス,フォーティナイナー,Broom Dance,サンデーサイレンス,ケイティーズファースト,Darshaan,Homage,ロイヤルアカデミー,Nice Point,Halo,Wishing Well,トニービン,ビューパーダンス,Northern Dancer,Lady Victoria,Creme dela Creme,Meadow Saffron,Mr. Prospector,File,Dance Spell,Witching Hour,Halo,Wishing Well,Kris,Katies,Shirley Heights,Delsy,Ajdal,Home Love,Nijinsky,Crimson Saint,Sharpen Up,Alpine Niece,Hail to Reason,Cosmah,Understanding,Mountain Flower,カンパラ,Severn Bridge,Lyphard,My Bupers,Nearctic,Natalma,Victoria Park,Lady Angela,Olympia,Judy Rullah,High Perch,Meadow Music
202606010212,1,ダート,1200,稍重,1勝クラス,タリスマニック,タマモペンライト,Medaglia d'Oro,Magic Mission,ブラックタイド,チャームライト,El Prado,Cappucino Bay,Machiavellian,Dream Ticket,サンデーサイレンス,ウインドインハーヘア,ワイルドラッシュ,ジャビラバ,Sadler's Wells,Lady Capulet,Bailjumper,Dubbed In,Mr. Prospector,Coup de Folie,Danzig,Capo Di Monte,Halo,Wishing Well,Alzao,Burghclere,Wild Again,Rose Park,Majestic Light,コマーズ,Northern Dancer,Fairy Bridge,Sir Ivor,Cap and Bells,Damascus,Court Circuit,Silent Screen,Society Singer,Raise a Native,Gold Digger,Halo,Raise the Standard,Northern Dancer,Pas de Nom,Final Straw,Burghclere,Hail to Reason,Cosmah,Understanding,Mountain Flower,Lyphard,Lady Rebecca,Busted,Highclere,Icecapade,Bushel-n-Peck,Plugged Nickle,Hardship,Majestic Prince,Irradiate,Danzig,ミドルマーチ
202606010212,2,ダート,1200,稍重,1勝クラス,ジャスタウェイ,ヴィクトリアマンボ,ハーツクライ,シビル,ヴィクトワールピサ,マンボスルー,サンデーサイレンス,アイリッシュダンス,Wild Again,シャロン,ネオユニヴァース,ホワイトウォーターアフェア,Kingmambo,Slew Boyera,Halo,Wishing Well,トニービン,ビューパーダンス,Icecapade,Bushel-n-Peck,Mo Exception,Double Wiggle,サンデーサイレンス,ポインテッドパス,Machiavellian,Much Too Risky,Mr. Prospector,Miesque,Seattle Slew,Boyera,Hail to Reason,Cosmah,Understanding,Mountain Flower,カンパラ,Severn Bridge,Lyphard,My Bupers,Nearctic,Shenanigans,Khaled,Dama,Hard Work,With Exception,Sir Wiggle,Blue Double,Halo,Wishing Well,Kris,Silken Way,Mr. Prospector,Coup de Folie,Bustino,Short Rations,Raise a Native,Gold Digger,Nureyev,Pasadoble,Bold Reasoning,My Charmer,Pastiche,Braulia
202606010212,3,ダート,1200,稍重,1勝クラス,ジャスタウェイ,ラズールリッキー,ハーツクライ,シビル,スタチューオブリバティ,コリンズグラス,サンデーサイレンス,アイリッシュダンス,Wild Again,シャロン,Storm Cat,Charming Lassie,グラスワンダー,ユキミザケ,Halo,Wishing Well,トニービン,ビューパーダンス,Icecapade,Bushel-n-Peck,Mo Exception,Double Wiggle,Storm Bird,Terlingua,Seattle Slew,Lassie Dear,Silver Hawk,Ameriflora,アレミロード,サムライクイーン,Hail to Reason,Cosmah,Understanding,Mountain Flower,カンパラ,Severn Bridge,Lyphard,My Bupers,Nearctic,Shenanigans,Khaled,Dama,Hard Work,With Exception,Sir Wiggle,Blue Double,Northern Dancer,South Ocean,Secretariat,Crimson Saint,Bold Reasoning,My Charmer,Buckpasser,Gay Missile,Roberto,Gris Vitesse,Danzig,Graceful Touch,Tom Rolfe,Why Me Lord,Wajima,Our Lady Queen
202606010212,4,ダート,1200,稍重,1勝クラス,ディーマジェスティ,クニコチャン,ディープインパクト,エルメスティアラ,ゴールドアリュール,クバター,サンデーサイレンス,ウインドインハーヘア,ブライアンズタイム,シンコウエルメス,サンデーサイレンス,ニキーヤ,De Ramiro,Golden Relic,Halo,Wishing Well,Alzao,Burghclere,Roberto,Kelley's Day,Sadler's Wells,Doff the Derby,Halo,Wishing Well,Nureyev,Reluctant Guest,Kasteel,Cassel,Relko,Golden Girdle,Hail to Reason,Cosmah,Understanding,Mountain Flower,Lyphard,Lady Rebecca,Busted,Highclere,Hail to Reason,Bramalea,Graustark,Golden Trail,Northern Dancer,Fairy Bridge,Master Derby,Margarethen,Hail to Reason,Cosmah,Understanding,Mountain Flower,Northern Dancer,Special,Hostage,Vaguely Royal,King of the Castle,Esme,Irmak,Tabea,Tanerko,Relance,Ballymoss,Chaste and Fair
202606010212,5,ダート,1200,稍重,1勝クラス,シルバーステート,コウザンティアラ,ディープインパクト,シルヴァースカヤ,サウスヴィグラス,ツクバノーブル,サンデーサイレンス,ウインドインハーヘア,Silver Hawk,Boubskaia,エンドスウィープ,ダーケストスター,アサティス,ハンキダイヤ,Halo,Wishing Well,Alzao,Burghclere,Roberto,Gris Vitesse,Niniski,Frenetique,フォーティナイナー,Broom Dance,Star de Naskra,Minnie Riperton,Topsider,Secret Asset,ヴェンチア,ホンマルクイン,Hail to Reason,Cosmah,Understanding,Mountain Flower,Lyphard,Lady Rebecca,Busted,Highclere,Hail to Reason,Bramalea,Amerigo,Matchiche,Nijinsky,Virginia Hills,Tyrant,Femina,Mr. Prospector,File,Dance Spell,Witching Hour,Naskra,Candle Star,Cornish Prince,English Harbor,Northern Dancer,Drumtop,Graustark,Numbered Account,Relic,Rose O'Lynn,ソロナウェー,クリゾノ
202606010212,6,ダート,1200,稍重,1勝クラス,バトルプラン,ティンタジェル,エンパイアメーカー,Flanders,キングカメハメハ,メジロシェダー,Unbridled,Toussaud,Seeking the Gold,Starlet Storm,Kingmambo,マンファス,アグネスタキオン,ニーニャデガルチ,Fappiano,Gana Facil,El Gran Senor,Image of Reality,Mr. Prospector,Con Game,Storm Bird,Cinegita,Mr. Prospector,Miesque,ラストタイクーン,Pilot Bird,サンデーサイレンス,アグネスフローラ,Gulch,Diva's Debut,Mr. Prospector,Killaloe,Le Fabuleux,Charedi,Northern Dancer,Sex Appeal,In Reality,Edee's Image,Raise a Native,Gold Digger,Buckpasser,Broadway,Northern Dancer,South Ocean,Secretariat,Wanika,Raise a Native,Gold Digger,Nureyev,Pasadoble,トライマイベスト,Mill Princess,Blakeney,The Dancer,Halo,Wishing Well,ロイヤルスキー,アグネスレディー,Mr. Prospector,Jameela,Deputy Minister,Prima Maria
202606010212,7,ダート,1200,稍重,1勝クラス,ダノンレジェンド,ゴールドフェスタ,Macho Uno,マイグッドネス,Medaglia d'Oro,フェスティバル,Holy Bull,Primal Force,Storm Cat,Caressing,El Prado,Cappucino Bay,アサティス,ノースケープ,Great Above,Sharon Brown,Blushing Groom,Prime Prospect,Storm Bird,Terlingua,Honour and Glory,Lovin Touch,Sadler's Wells,Lady Capulet,Bailjumper,Dubbed In,Topsider,Secret Asset,クラウンドプリンス,イーグランド,Minnesota Mac,Ta Wee,Al Hattab,Agathea's Dawn,Red God,Runaway Bride,Mr. Prospector,Square Generation,Northern Dancer,South Ocean,Secretariat,Crimson Saint,Relaunch,Fair to All,Majestic Prince,Forest Princess,Northern Dancer,Fairy Bridge,Sir Ivor,Cap and Bells,Damascus,Court Circuit,Silent Screen,Society Singer,Northern Dancer,Drumtop,Graustark,Numbered Account,Raise a Native,Gay Hostess,ヴェンチア,アマリテュード
202606010212,8,ダート,1200,稍重,1勝クラス,Justify,Lightstream,Scat Daddy,Stage Magic,Harlan's Holiday,North Beach,ヨハネスブルグ,Love Style,Ghostzapper,Magical Illusion,Harlan,Christmas in Aiken,Arch,Port Roberto,ヘネシー,Myth,Mr. Prospector,Likeable Style,Awesome Again,Baby Zip,Pulpit,Voodoo Lily,Storm Cat,Country Romance,Affirmed,Dowager,Kris S.,Aurora,Dynaformer,Portuguese,Storm Cat,Island Kitty,オジジアン,Yarn,Raise a Native,Gold Digger,Nijinsky,Personable Lady,Deputy Minister,Primal Force,Relaunch,Thirty Zip,A.P. Indy,Preach,Baldski,Cap the Moment,Storm Bird,Terlingua,Halo,Sweet Romance,Exclusive Native,Won't Tell You,Honest Pleasure,Princessnesian,Roberto,Sharp Queen,Danzig,Althea,Roberto,Andover Way,Jacinto,Gaylord's Touch
202606010212,9,ダート,1200,稍重,1勝クラス,ホッコータルマエ,チクタクボンボン,キングカメハメハ,マダムチェロキー,ゴールドアリュール,ティコティコタック,Kingmambo,マンファス,Cherokee Run,アンフォイルド,サンデーサイレンス,ニキーヤ,サッカーボーイ,ワンアイドバンブー,Mr. Prospector,Miesque,ラストタイクーン,Pilot Bird,Runaway Groom,Cherokee Dame,Unbridled,Bold Foil,Halo,Wishing Well,Nureyev,Reluctant Guest,ディクタス,ダイナサッシュ,ブライアンズタイム,ドロレスバンブー,Raise a Native,Gold Digger,Nureyev,Pasadoble,トライマイベスト,Mill Princess,Blakeney,The Dancer,Blushing Groom,Yonnie Girl,Silver Saber,Dame Francesca,Fappiano,Gana Facil,Bold Forbes,Perfect Foil,Hail to Reason,Cosmah,Understanding,Mountain Flower,Northern Dancer,Special,Hostage,Vaguely Royal,Sanctus,Doronic,ノーザンテースト,ロイヤルサッシュ,Roberto,Kelley's Day,ジョンティオンブル,シエンバンブー
202606010212,10,ダート,1200,稍重,1勝クラス,フォーウィールドライブ,シャンパンサーベル,American Pharoah,Funfair,キンシャサノキセキ,フェアリーバニヤン,Pioneerof the Nile,Littleprincessemma,More Than Ready,Fleuron,フジキセキ,ケルトシャーン,Honour and Glory,キャタラクト,エンパイアメーカー,Star of Goshen,Yankee Gentleman,Exclusive Rosette,サザンヘイロー,Woodman's Girl,Distant View,Flamboyance,サンデーサイレンス,ミルレーサー,Pleasant Colony,Featherhill,Relaunch,Fair to All,Storm Cat,Queen Tutta,Unbridled,Toussaud,Lord at War,Castle Eight,Storm Cat,Key Phrase,Ecliptical,Zetta Jet,Halo,Northern Sea,Woodman,Becky Be Good,Mr. Prospector,Seven Springs,Zilzal,Bridal Wreath,Halo,Wishing Well,Le Fabuleux,Marston's Mill,His Majesty,Sun Colony,Lyphard,Lady Berry,In Reality,Foggy Note,Al Nasr,Gonfalon,Storm Bird,Terlingua,Kris S.,Tutta
202606010212,11,ダート,1200,稍重,1勝クラス,ミスターメロディ,コイクレナイ,Scat Daddy,Trusty Lady,タイキシャトル,ワイルドリリー,ヨハネスブルグ,Love Style,Deputy Minister,Klassy Kim,Devil's Bag,ウェルシュマフィン,Wild Again,クリヨン,ヘネシー,Myth,Mr. Prospector,Likeable Style,Vice Regent,Mint Copy,Silent Screen,クールアライヴァル,Halo,Ballade,Caerleon,Muffitys,Icecapade,Bushel-n-Peck,Caerleon,リターントゥパリ,Storm Cat,Island Kitty,オジジアン,Yarn,Raise a Native,Gold Digger,Nijinsky,Personable Lady,Northern Dancer,Victoria Regina,Bunty's Flight,Shakney,Prince John,Prayer Bell,Relaunch,Irish Arrival,Hail to Reason,Cosmah,Herbager,Miss Swapsco,Nijinsky,Foreseer,Thatch,Contrail,Nearctic,Shenanigans,Khaled,Dama,Nijinsky,Foreseer,Riverman,Two to Paris
202606010212,12,ダート,1200,稍重,1勝クラス,アイルハヴアナザー,ギャラクシーセレブ,Flower Alley,Arch's Gal Edith,ブラックタイド,セレブレイト,Distorted Humor,プリンセスオリビア,Arch,Force Five Gal,サンデーサイレンス,ウインドインハーヘア,パントレセレブル,エリモファンタジー,フォーティナイナー,Danzig's Beauty,Lycius,Dance Image,Kris S.,Aurora,Pleasant Tap,Last Cause,Halo,Wishing Well,Alzao,Burghclere,Nureyev,Peinture Bleue,Riverman,Share the Fantasy,Mr. Prospector,File,Danzig,Sweetest Chant,Mr. Prospector,Lypatia,Sadler's Wells,Diamond Spring,Roberto,Sharp Queen,Danzig,Althea,Pleasant Colony,Never Knock,Caucasus,Last Bird,Hail to Reason,Cosmah,Understanding,Mountain Flower,Lyphard,Lady Rebecca,Busted,Highclere,Northern Dancer,Special,Alydar,Petroleuse,Never Bend,River Lady,Exclusive Native,Misukaw
202606010212,13,ダート,1200,稍重,1勝クラス,オルフェーヴル,ミセスワタナベ,ステイゴールド,オリエンタルアート,Tapizar,Foxy Friend,サンデーサイレンス,ゴールデンサッシュ,メジロマックイーン,エレクトロアート,Tapit,Winning Call,Crafty Friend,Gerri n Jo Go,Halo,Wishing Well,ディクタス,ダイナサッシュ,メジロティターン,メジロオーロラ,ノーザンテースト,グランマスティーヴンス,Pulpit,Tap Your Heels,Deputy Minister,Call Now,Crafty Prospector,Companionship,Top Command,Sweeping Beauty,Hail to Reason,Cosmah,Understanding,Mountain Flower,Sanctus,Doronic,ノーザンテースト,ロイヤルサッシュ,メジロアサマ,シエリル,リマンド,メジロアイリス,Northern Dancer,Lady Victoria,Lt. Stevens,Dhow,A.P. Indy,Preach,Unbridled,Ruby Slippers,Vice Regent,Mint Copy,Wild Again,Carols Christmas,Mr. Prospector,Real Crafty Lady,Princely Native,Lifelong Friend,Bold Ruler,Polly Girl,Eddie Schmidt,Gold Crest
202606010212,14,ダート,1200,稍重,1勝クラス,シルバーステート,ハワイアンスマイル,ディープインパクト,シルヴァースカヤ,キングカメハメハ,ワシントンシティ,サンデーサイレンス,ウインドインハーヘア,Silver Hawk,Boubskaia,Kingmambo,マンファス,Wagon Master,Tallahassee,Halo,Wishing Well,Alzao,Burghclere,Roberto,Gris Vitesse,Niniski,Frenetique,Mr. Prospector,Miesque,ラストタイクーン,Pilot Bird,Rainbow Quest,Sunny Flower,Thornton Hill,Meditada,Hail to Reason,Cosmah,Understanding,Mountain Flower,Lyphard,Lady Rebecca,Busted,Highclere,Hail to Reason,Bramalea,Amerigo,Matchiche,Nijinsky,Virginia Hills,Tyrant,Femina,Raise a Native,Gold Digger,Nureyev,Pasadoble,トライマイベスト,Mill Princess,Blakeney,The Dancer,Blushing Groom,I Will Follow,Dom Racine,Sunland,Sir Ivor,Santa Paula,Tetracordio,Miss Pazuko
202606010212,15,ダート,1200,稍重,1勝クラス,アドマイヤムーン,キタノリツメイ,エンドスウィープ,マイケイティーズ,アイルハヴアナザー,リーベストラウム,フォーティナイナー,Broom Dance,サンデーサイレンス,ケイティーズファースト,Flower Alley,Arch's Gal Edith,ゼンノエルシド,マウントモガミ,Mr. Prospector,File,Dance Spell,Witching Hour,Halo,Wishing Well,Kris,Katies,Distorted Humor,プリンセスオリビア,Arch,Force Five Gal,Caerleon,エンブラ,モガミ,マウントソブリン,Raise a Native,Gold Digger,Tom Rolfe,Continue,Northern Dancer,Obeah,Thinking Cap,Enchanted Eve,Hail to Reason,Cosmah,Understanding,Mountain Flower,Sharpen Up,Doubly Sure,ノノアルコ,Mortefontaine,フォーティナイナー,Danzig's Beauty,Lycius,Dance Image,Kris S.,Aurora,Pleasant Tap,Last Cause,Nijinsky,Foreseer,Dominion,Kaftan,Lyphard,ノーラック,ラッキーソブリン,マルイチアサコ
202606010212,16,ダート,1200,稍重,1勝クラス,Maclean's Music,Elarose,Distorted Humor,Forest Music,Storm Cat,Take Charge Lady,フォーティナイナー,Danzig's Beauty,Unbridled's Song,Defer West,Storm Bird,Terlingua,デヒア,Felicita,Mr. Prospector,File,Danzig,Sweetest Chant,Unbridled,Trolley Song,Gone West,Defer,Northern Dancer,South Ocean,Secretariat,Crimson Saint,Deputy Minister,Sister Dot,Rubiano,Grand Bonheur,Raise a Native,Gold Digger,Tom Rolfe,Continue,Northern Dancer,Pas de Nom,Mr. Leader,Gay Sonnet,Fappiano,Gana Facil,Caro,Lucky Spell,Mr. Prospector,Secrettame,Damascus,I Pass,Nearctic,Natalma,New Providence,Shining Sun,Bold Ruler,Somethingroyal,Crimson Satan,Bolero Rose,Vice Regent,Mint Copy,Secretariat,Sword Game,Fappiano,Ruby Slippers,Blushing Groom,Director
202606010301,1,ダート,1200,良,未勝利,ベストウォーリア,レッドパラス,マジェスティックウォリアー,フラーテイシャスミス,クロフネ,レッドソンブレロ,A.P. Indy,Dream Supreme,Mr. Greeley,Seductive Smile,フレンチデピュティ,ブルーアヴェニュー,キングカメハメハ,スカーレットレディ,Seattle Slew,Weekend Surprise,Seeking the Gold,Spinning Round,Gone West,Long Legend,Silver Hawk,Exit Smiling,Deputy Minister,Mitterand,Classic Go Go,Eliza Blue,Kingmambo,マンファス,サンデーサイレンス,スカーレットローズ,Bold Reasoning,My Charmer,Secretariat,Lassie Dear,Mr. Prospector,Con Game,Dixieland Band,Take Heart,Mr. Prospector,Secrettame,Reviewer,Lianga,Roberto,Gris Vitesse,Stage Door Johnny,Chandelier,Vice Regent,Mint Copy,Hold Your Peace,Laredo Lass,Pago Pago,Classic Perfection,Icecapade,コレラ,Mr. Prospector,Miesque,ラストタイクーン,Pilot Bird,Halo,Wishing Well,ノーザンテースト,スカーレットインク
202606010301,2,ダート,1200,良,未勝利,シスキン,ナスノカツラ,First Defence,Bird Flown,ヴィクトワールピサ,ナスノフィオナ,Unbridled's Song,Honest Lady,Oasis Dream,Silver Star,ネオユニヴァース,ホワイトウォーターアフェア,ホワイトマズル,ナスノフローラ,Unbridled,Trolley Song,Seattle Slew,Toussaud,Green Desert,Hope,Zafonic,Monroe,サンデーサイレンス,ポインテッドパス,Machiavellian,Much Too Risky,ダンシングブレーヴ,Fair of the Furze,タイトスポット,ナスノアロマ,Fappiano,Gana Facil,Caro,Lucky Spell,Bold Reasoning,My Charmer,El Gran Senor,Image of Reality,Danzig,Foreign Courier,ダンシングブレーヴ,Bahamian,Gone West,Zaizafon,Sir Ivor,Best in Show,Halo,Wishing Well,Kris,Silken Way,Mr. Prospector,Coup de Folie,Bustino,Short Rations,Lyphard,Navajo Princess,Ela-Mana-Mou,Autocratic,His Majesty,Premium Win,ラディガ,ナスノカオリ
202606010301,3,ダート,1200,良,未勝利,ドレフォン,シフォンカール,Gio Ponti,Eltimaas,クロフネ,カールファターレ,Tale of the Cat,Chipeta Springs,Ghostzapper,Najecam,フレンチデピュティ,ブルーアヴェニュー,キングカメハメハ,エルフィンフェザー,Storm Cat,Yarn,Alydar,Salt Spring,Awesome Again,Baby Zip,Trempolino,Sue Warner,Deputy Minister,Mitterand,Classic Go Go,Eliza Blue,Kingmambo,マンファス,サンデーサイレンス,ダイナカール,Storm Bird,Terlingua,Mr. Prospector,Narrate,Raise a Native,Sweet Tooth,Salt Marsh,Jungle Mythologic,Deputy Minister,Primal Force,Relaunch,Thirty Zip,Sharpen Up,Trephine,Forli,Bitty Girl,Vice Regent,Mint Copy,Hold Your Peace,Laredo Lass,Pago Pago,Classic Perfection,Icecapade,コレラ,Mr. Prospector,Miesque,ラストタイクーン,Pilot Bird,Halo,Wishing Well,ノーザンテースト,シャダイフェザー
202606010301,4,ダート,1200,良,未勝利,スワーヴリチャード,リフタスフェルト,ハーツクライ,ピラミマ,ヨハネスブルグ,アドマイヤレッド,サンデーサイレンス,アイリッシュダンス,Unbridled's Song,キャリアコレクション,ヘネシー,Myth,ストラヴィンスキー,プリンシピウム,Halo,Wishing Well,トニービン,ビューパーダンス,Unbridled,Trolley Song,General Meeting,River of Stars,Storm Cat,Island Kitty,オジジアン,Yarn,Nureyev,Fire the Groom,ハンセル,Nazoo,Hail to Reason,Cosmah,Understanding,Mountain Flower,カンパラ,Severn Bridge,Lyphard,My Bupers,Fappiano,Gana Facil,Caro,Lucky Spell,Seattle Slew,Alydar's Promise,Riverman,Star Fortune,Storm Bird,Terlingua,Hawaii,T. C. Kitten,Damascus,Gonfalon,Mr. Prospector,Narrate,Northern Dancer,Special,Blushing Groom,Prospector's Fire,Woodman,Count On Bonnie,Nijinsky,La Dame Du Lac
202606010301,5,ダート,1200,良,未勝利,ダノンレジェンド,ハルシュタット,Macho Uno,マイグッドネス,ファスリエフ,フェリーク,Holy Bull,Primal Force,Storm Cat,Caressing,Nureyev,Mr. P's Princess,サンデーサイレンス,ジェドゥーザムール,Great Above,Sharon Brown,Blushing Groom,Prime Prospect,Storm Bird,Terlingua,Honour and Glory,Lovin Touch,Northern Dancer,Special,Mr. Prospector,Anne Campbell,Halo,Wishing Well,Top Ville,Pollenka,Minnesota Mac,Ta Wee,Al Hattab,Agathea's Dawn,Red God,Runaway Bride,Mr. Prospector,Square Generation,Northern Dancer,South Ocean,Secretariat,Crimson Saint,Relaunch,Fair to All,Majestic Prince,Forest Princess,Nearctic,Natalma,Forli,Thong,Raise a Native,Gold Digger,Never Bend,Repercussion,Hail to Reason,Cosmah,Understanding,Mountain Flower,High Top,Sega Ville,Reliance,Polana
202606010301,6,ダート,1200,良,未勝利,トランセンド,キョウエイボサツ,ワイルドラッシュ,シネマスコープ,オレハマッテルゼ,ランディスティニー,Wild Again,Rose Park,トニービン,ブルーハワイ,サンデーサイレンス,カーリーエンジェル,サクラバクシンオー,キャロットウイン,Icecapade,Bushel-n-Peck,Plugged Nickle,Hardship,カンパラ,Severn Bridge,スリルショー,サニースワップス,Halo,Wishing Well,ジャッジアンジェルーチ,ダイナカール,サクラユタカオー,サクラハゴロモ,マルゼンスキー,フェアーリンダ,Nearctic,Shenanigans,Khaled,Dama,Key to the Mint,Toll Booth,Drone,Hard and Fast,Kalamoun,State Pension,Hornbeam,Priddy Fair,Northern Baby,Splendid Girl,Hawaii,アイアンエイジ,Hail to Reason,Cosmah,Understanding,Mountain Flower,Honest Pleasure,Victorian Queen,ノーザンテースト,シャダイフェザー,テスコボーイ,アンジェリカ,ノーザンテースト,クリアアンバー,Nijinsky,シル,カウアイキング,ケンシユク
202606010301,7,ダート,1200,良,未勝利,ヴァンゴッホ,シャンパンルージュ,American Pharoah,Imagine,ファスリエフ,ペルサントクリール,Pioneerof the Nile,Littleprincessemma,Sadler's Wells,Doff the Derby,Nureyev,Mr. P's Princess,Point Given,Try N Sue,エンパイアメーカー,Star of Goshen,Yankee Gentleman,Exclusive Rosette,Northern Dancer,Fairy Bridge,Master Derby,Margarethen,Northern Dancer,Special,Mr. Prospector,Anne Campbell,サンダーガルチ,Turko's Turn,Sir Harry Lewis,Final Accord,Unbridled,Toussaud,Lord at War,Castle Eight,Storm Cat,Key Phrase,Ecliptical,Zetta Jet,Nearctic,Natalma,Bold Reason,Special,ダストコマンダー,Madam Jerry,Tulyar,Russ-Marie,Nearctic,Natalma,Forli,Thong,Raise a Native,Gold Digger,Never Bend,Repercussion,Gulch,Line of Thunder,Turkoman,Turbo Launch,Alleged,Sue Babe,D'Accord,Adelaide's Lament
202606010301,8,ダート,1200,良,未勝利,ブリックスアンドモルタル,エルディアマンテ,Giant's Causeway,Beyond the Waves,キングカメハメハ,ディアデラノビア,Storm Cat,Mariah's Storm,Ocean Crest,Excedent,Kingmambo,マンファス,サンデーサイレンス,ポトリザリス,Storm Bird,Terlingua,Rahy,イメンス,Storm Bird,S.S.Aroma,Exceller,Broadway Lullaby,Mr. Prospector,Miesque,ラストタイクーン,Pilot Bird,Halo,Wishing Well,Potrillazo,Chaldee,Northern Dancer,South Ocean,Secretariat,Crimson Saint,Blushing Groom,Glorious Song,Roberto,Imsodear,Northern Dancer,South Ocean,Seattle Slew,Rare Bouquet,Vaguely Noble,Too Bald,Stage Door Johnny,リットルブレツシング,Raise a Native,Gold Digger,Nureyev,Pasadoble,トライマイベスト,Mill Princess,Blakeney,The Dancer,Hail to Reason,Cosmah,Understanding,Mountain Flower,Ahmad,Azalee,Banner Sport,Gevar
202606010301,9,ダート,1200,良,未勝利,ダノンスマッシュ,ミッキーローズ,ロードカナロア,スピニングワイルドキャット,ディープインパクト,サファリミス,キングカメハメハ,レディブラッサム,Hard Spun,Hollywood Wildcat,サンデーサイレンス,ウインドインハーヘア,Not For Sale,Safari Girl,Kingmambo,マンファス,Storm Cat,サラトガデュー,Danzig,Turkish Tryst,Kris S.,Miss Wildcatter,Halo,Wishing Well,Alzao,Burghclere,Parade Marshal,Love for Sale,Sonus,Sally Girl,Mr. Prospector,Miesque,ラストタイクーン,Pilot Bird,Storm Bird,Terlingua,Cormorant,Super Luna,Northern Dancer,Pas de Nom,Turkoman,Darbyvail,Roberto,Sharp Queen,Mr. Prospector,Elizabeth K.,Hail to Reason,Cosmah,Understanding,Mountain Flower,Lyphard,Lady Rebecca,Busted,Highclere,Caro,Stepping High,Laramie Trail,Museliere,Sadler's Wells,Sound of Success,Fain,Sly Sarah
202606010301,10,ダート,1200,良,未勝利,ベストウォーリア,マルティプライ,マジェスティックウォリアー,フラーテイシャスミス,Fusaichi Pegasus,マイティーダンサー,A.P. Indy,Dream Supreme,Mr. Greeley,Seductive Smile,Mr. Prospector,Angel Fever,Alzao,Molto In Gamba,Seattle Slew,Weekend Surprise,Seeking the Gold,Spinning Round,Gone West,Long Legend,Silver Hawk,Exit Smiling,Raise a Native,Gold Digger,Danzig,Rowdy Angel,Lyphard,Lady Rebecca,Surumu,Mole,Bold Reasoning,My Charmer,Secretariat,Lassie Dear,Mr. Prospector,Con Game,Dixieland Band,Take Heart,Mr. Prospector,Secrettame,Reviewer,Lianga,Roberto,Gris Vitesse,Stage Door Johnny,Chandelier,Native Dancer,Raise You,Nashua,Sequence,Northern Dancer,Pas de Nom,Halo,Ramhyde,Northern Dancer,Goofed,Sir Ivor,Pocahontas,Literat,Surama,Espresso,Maas
202606010301,11,ダート,1200,良,未勝利,セイウンコウセイ,アートシュアリー,アドマイヤムーン,オブザーヴァント,ハービンジャー,ミスアルダント,エンドスウィープ,マイケイティーズ,Capote,パテントリークリア,Dansili,Penang Pearl,サンデーサイレンス,マガロ,フォーティナイナー,Broom Dance,サンデーサイレンス,ケイティーズファースト,Seattle Slew,Too Bald,Miswaki,Badge of Courage,デインヒル,Hasili,Bering,Guapa,Halo,Wishing Well,Caro,Magic,Mr. Prospector,File,Dance Spell,Witching Hour,Halo,Wishing Well,Kris,Katies,Bold Reasoning,My Charmer,Bald Eagle,Hidden Talent,Mr. Prospector,Hopespringseternal,Well Decorated,Tamerett,Danzig,Razyana,Kahyasi,Kerali,Arctic Tern,Beaune,Shareef Dancer,Sauceboat,Hail to Reason,Cosmah,Understanding,Mountain Flower,フォルティノ,Chambord,Buckpasser,Aspidistra
202606010301,12,ダート,1200,良,未勝利,ベストウォーリア,リスクオン,マジェスティックウォリアー,フラーテイシャスミス,マツリダゴッホ,アドマイヤヒラリー,A.P. Indy,Dream Supreme,Mr. Greeley,Seductive Smile,サンデーサイレンス,ペイパーレイン,Nashwan,ダリンダ,Seattle Slew,Weekend Surprise,Seeking the Gold,Spinning Round,Gone West,Long Legend,Silver Hawk,Exit Smiling,Halo,Wishing Well,Bel Bolide,フローラルマジック,Blushing Groom,Height of Fashion,Nureyev,Daloma,Bold Reasoning,My Charmer,Secretariat,Lassie Dear,Mr. Prospector,Con Game,Dixieland Band,Take Heart,Mr. Prospector,Secrettame,Reviewer,Lianga,Roberto,Gris Vitesse,Stage Door Johnny,Chandelier,Hail to Reason,Cosmah,Understanding,Mountain Flower,Bold Bidder,Lady Graustark,Affirmed,Rare Lady,Red God,Runaway Bride,Bustino,Highclere,Northern Dancer,Special,ベリファ,Ricabie
202606010301,13,ダート,1200,良,未勝利,マテラスカイ,ヴィルヌーヴ,Speightstown,Mostaqeleh,ディープインパクト,アビラ,Gone West,Silken Cat,Rahy,Istiqlal,サンデーサイレンス,ウインドインハーヘア,ロックオブジブラルタル,Animatrice,Mr. Prospector,Secrettame,Storm Cat,Silken Doll,Blushing Groom,Glorious Song,Diesis,Wasnah,Halo,Wishing Well,Alzao,Burghclere,デインヒル,Offshore Boom,Alleged,Alexandrie,Raise a Native,Gold Digger,Secretariat,Tamerett,Storm Bird,Terlingua,Chieftain,Insilca,Red God,Runaway Bride,Halo,Ballade,Sharpen Up,Doubly Sure,Nijinsky,Highest Trump,Hail to Reason,Cosmah,Understanding,Mountain Flower,Lyphard,Lady Rebecca,Busted,Highclere,Danzig,Razyana,Be My Guest,Push a Button,Hoist the Flag,Princess Pout,Val de l'Orne,Apachee
202606010301,14,ダート,1200,良,未勝利,マジェスティックウォリアー,カレイドスコープ,A.P. Indy,Dream Supreme,エスポワールシチー,シンワクイーン,Seattle Slew,Weekend Surprise,Seeking the Gold,Spinning Round,ゴールドアリュール,エミネントシチー,フサイチコンコルド,シンワロバリー,Bold Reasoning,My Charmer,Secretariat,Lassie Dear,Mr. Prospector,Con Game,Dixieland Band,Take Heart,サンデーサイレンス,ニキーヤ,ブライアンズタイム,ヘップバーンシチー,Caerleon,バレークイーン,ジェイドロバリー,スワンプキャット,Boldnesian,Reason to Earn,Poker,Fair Charmer,Bold Ruler,Somethingroyal,Buckpasser,Gay Missile,Raise a Native,Gold Digger,Buckpasser,Broadway,Northern Dancer,Mississippi Mud,Secretariat,Deck Stewardess,Halo,Wishing Well,Nureyev,Reluctant Guest,Roberto,Kelley's Day,ブレイヴェストローマン,コンパルシチー,Nijinsky,Foreseer,Sadler's Wells,Sun Princess,Mr. Prospector,Number,Storm Cat,Vogue Folks
202606010301,15,ダート,1200,良,未勝利,アメリカンペイトリオット,バンボッシュ,War Front,Life Well Lived,Tapit,Diplomat Lady,Danzig,Starry Dreamer,Tiznow,Well Dressed,Pulpit,Tap Your Heels,Forestry,Playcaller,Northern Dancer,Pas de Nom,Rubiano,Lara's Star,Cee's Tizzy,Cee's Song,Notebook,Trithenia,A.P. Indy,Preach,Unbridled,Ruby Slippers,Storm Cat,Shared Interest,Saratoga Six,Delice,Nearctic,Natalma,Admiral's Voyage,Petitioner,Fappiano,Ruby Slippers,Forli,True Reality,Relaunch,テイズリー,Seattle Song,Lonely Dancer,Well Decorated,Mobcap,Gold Meridian,Tri Argo,Seattle Slew,Weekend Surprise,Mr. Prospector,Narrate,Fappiano,Gana Facil,Nijinsky,Moon Glitter,Storm Bird,Terlingua,Pleasant Colony,Surgery,Alydar,Priceless Fame,What a Pleasure,Swoonalong
202606010301,16,ダート,1200,良,未勝利,ミッキーアイル,スマートエリス,ディープインパクト,スターアイル,サウスヴィグラス,バーニントウショウ,サンデーサイレンス,ウインドインハーヘア,ロックオブジブラルタル,アイルドフランス,エンドスウィープ,ダーケストスター,バブルガムフェロー,サマンサトウショウ,Halo,Wishing Well,Alzao,Burghclere,デインヒル,Offshore Boom,Nureyev,ステラマドリッド,フォーティナイナー,Broom Dance,Star de Naskra,Minnie Riperton,サンデーサイレンス,バブルカンパニー,トウショウボーイ,マーブルトウショウ,Hail to Reason,Cosmah,Understanding,Mountain Flower,Lyphard,Lady Rebecca,Busted,Highclere,Danzig,Razyana,Be My Guest,Push a Button,Northern Dancer,Special,Alydar,My Juliet,Mr. Prospector,File,Dance Spell,Witching Hour,Naskra,Candle Star,Cornish Prince,English Harbor,Halo,Wishing Well,Lyphard,Prodice,テスコボーイ,ソシアルバターフライ,ダンディルート,チヤイナトウショウ
202606010302,1,ダート,1800,良,未勝利,マジェスティックウォリアー,アオイシチフク,A.P. Indy,Dream Supreme,ドゥラメンテ,マダムチェロキー,Seattle Slew,Weekend Surprise,Seeking the Gold,Spinning Round,キングカメハメハ,アドマイヤグルーヴ,Cherokee Run,アンフォイルド,Bold Reasoning,My Charmer,Secretariat,Lassie Dear,Mr. Prospector,Con Game,Dixieland Band,Take Heart,Kingmambo,マンファス,サンデーサイレンス,エアグルーヴ,Runaway Groom,Cherokee Dame,Unbridled,Bold Foil,Boldnesian,Reason to Earn,Poker,Fair Charmer,Bold Ruler,Somethingroyal,Buckpasser,Gay Missile,Raise a Native,Gold Digger,Buckpasser,Broadway,Northern Dancer,Mississippi Mud,Secretariat,Deck Stewardess,Mr. Prospector,Miesque,ラストタイクーン,Pilot Bird,Halo,Wishing Well,トニービン,ダイナカール,Blushing Groom,Yonnie Girl,Silver Saber,Dame Francesca,Fappiano,Gana Facil,Bold Forbes,Perfect Foil
202606010302,2,ダート,1800,良,未勝利,アニマルキングダム,タキオンメーカー,Leroidesanimaux,ダリシア,エンパイアメーカー,タッキーナ,Candy Stripes,Dissemble,Acatenango,Dynamis,Unbridled,Toussaud,アグネスタキオン,ビアンキ,Blushing Groom,バブルカンパニー,Ahonoora,Kerali,Surumu,Aggravate,ダンシングブレーヴ,Diasprina,Fappiano,Gana Facil,El Gran Senor,Image of Reality,サンデーサイレンス,アグネスフローラ,Gulch,Northern Trick,Red God,Runaway Bride,Lyphard,Prodice,Lorenzaccio,Helen Nichols,High Line,Sookera,Literat,Surama,Aggressor,Raven Locks,Lyphard,Navajo Princess,Aspros,Dorle,Mr. Prospector,Killaloe,Le Fabuleux,Charedi,Northern Dancer,Sex Appeal,In Reality,Edee's Image,Halo,Wishing Well,ロイヤルスキー,アグネスレディー,Mr. Prospector,Jameela,Northern Dancer,Trick Chick
202606010302,3,ダート,1800,良,未勝利,コパノリッキー,ルナマティーノ,ゴールドアリュール,コパノニキータ,キンシャサノキセキ,ロザージュ,サンデーサイレンス,ニキーヤ,ティンバーカントリー,ニホンピロローズ,フジキセキ,ケルトシャーン,Giant's Causeway,Adieu,Halo,Wishing Well,Nureyev,Reluctant Guest,Woodman,Fall Aspen,トニービン,ウェディングブーケ,サンデーサイレンス,ミルレーサー,Pleasant Colony,Featherhill,Storm Cat,Mariah's Storm,El Corredor,Irene's Talkin,Hail to Reason,Cosmah,Understanding,Mountain Flower,Northern Dancer,Special,Hostage,Vaguely Royal,Mr. Prospector,プレイメイト,Pretense,Change Water,カンパラ,Severn Bridge,リアルシャダイ,アリーウイン,Halo,Wishing Well,Le Fabuleux,Marston's Mill,His Majesty,Sun Colony,Lyphard,Lady Berry,Storm Bird,Terlingua,Rahy,イメンス,Mr. Greeley,Silvery Swan,At the Threshold,Classy Irene
202606010302,4,ダート,1800,良,未勝利,シスキン,デュアルネイチャー,First Defence,Bird Flown,ゴールドシップ,インコグニート,Unbridled's Song,Honest Lady,Oasis Dream,Silver Star,ステイゴールド,ポイントフラッグ,Gone West,デインスカヤ,Unbridled,Trolley Song,Seattle Slew,Toussaud,Green Desert,Hope,Zafonic,Monroe,サンデーサイレンス,ゴールデンサッシュ,メジロマックイーン,パストラリズム,Mr. Prospector,Secrettame,デインヒル,Boubskaia,Fappiano,Gana Facil,Caro,Lucky Spell,Bold Reasoning,My Charmer,El Gran Senor,Image of Reality,Danzig,Foreign Courier,ダンシングブレーヴ,Bahamian,Gone West,Zaizafon,Sir Ivor,Best in Show,Halo,Wishing Well,ディクタス,ダイナサッシュ,メジロティターン,メジロオーロラ,プルラリズム,トクノエイティー,Raise a Native,Gold Digger,Secretariat,Tamerett,Danzig,Razyana,Niniski,Frenetique
202606010302,5,ダート,1800,良,未勝利,ゴールドシップ,モハー,ステイゴールド,ポイントフラッグ,バトルプラン,サイタ,サンデーサイレンス,ゴールデンサッシュ,メジロマックイーン,パストラリズム,エンパイアメーカー,Flanders,ネオユニヴァース,プレイザフィールド,Halo,Wishing Well,ディクタス,ダイナサッシュ,メジロティターン,メジロオーロラ,プルラリズム,トクノエイティー,Unbridled,Toussaud,Seeking the Gold,Starlet Storm,サンデーサイレンス,ポインテッドパス,スキャン,エンジェルマインド,Hail to Reason,Cosmah,Understanding,Mountain Flower,Sanctus,Doronic,ノーザンテースト,ロイヤルサッシュ,メジロアサマ,シエリル,リマンド,メジロアイリス,The Minstrel,Cambretta,トライバルチーフ,アイアンルビー,Fappiano,Gana Facil,El Gran Senor,Image of Reality,Mr. Prospector,Con Game,Storm Bird,Cinegita,Halo,Wishing Well,Kris,Silken Way,Mr. Prospector,Video,Rahy,ウェルデン
202606010302,6,ダート,1800,良,未勝利,ポエティックフレア,ラナンキュラス,Dawn Approach,Maria Lee,スペシャルウィーク,ファレノプシス,New Approach,Hymn Of The Dawn,ロックオブジブラルタル,Elida,サンデーサイレンス,キャンペンガール,ブライアンズタイム,キャットクイル,Galileo,Park Express,Phone Trick,Colonial Debut,デインヒル,Offshore Boom,ロイヤルアカデミー,Saviour,Halo,Wishing Well,マルゼンスキー,レディーシラオキ,Roberto,Kelley's Day,Storm Cat,Pacific Princess,Sadler's Wells,Urban Sea,Ahonoora,Matcher,Clever Trick,Over the Phone,Pleasant Colony,Kittihawk Miss,Danzig,Razyana,Be My Guest,Push a Button,Nijinsky,Crimson Saint,Majestic Light,Victorian Queen,Hail to Reason,Cosmah,Understanding,Mountain Flower,Nijinsky,シル,セントクレスピン,ミスアシヤガワ,Hail to Reason,Bramalea,Graustark,Golden Trail,Storm Bird,Terlingua,Damascus,Fiji
202606010302,7,ダート,1800,良,未勝利,リーチザクラウン,ニシノミウ,スペシャルウィーク,クラウンピース,スマートファルコン,ニシノマドカ,サンデーサイレンス,キャンペンガール,Seattle Slew,クラシッククラウン,ゴールドアリュール,ケイシュウハーブ,ジャングルポケット,ニシノプロミネンス,Halo,Wishing Well,マルゼンスキー,レディーシラオキ,Bold Reasoning,My Charmer,Mr. Prospector,Six Crowns,サンデーサイレンス,ニキーヤ,ミシシッピアン,キョウエイシラユキ,トニービン,ダンスチャーマー,ブライアンズタイム,ブランドノーブル,Hail to Reason,Cosmah,Understanding,Mountain Flower,Nijinsky,シル,セントクレスピン,ミスアシヤガワ,Boldnesian,Reason to Earn,Poker,Fair Charmer,Raise a Native,Gold Digger,Secretariat,Chris Evert,Halo,Wishing Well,Nureyev,Reluctant Guest,Vaguely Noble,Gazala,クラウンドプリンス,アリアーン,カンパラ,Severn Bridge,Nureyev,Skillful Joy,Roberto,Kelley's Day,シェルシュールドール,ニシノマッサリア
202606010302,8,ダート,1800,良,未勝利,ロードカナロア,ラフレーズカフェ,キングカメハメハ,レディブラッサム,マンハッタンカフェ,ロリポップガール,Kingmambo,マンファス,Storm Cat,サラトガデュー,サンデーサイレンス,サトルチェンジ,Trempolino,Icy Pop,Mr. Prospector,Miesque,ラストタイクーン,Pilot Bird,Storm Bird,Terlingua,Cormorant,Super Luna,Halo,Wishing Well,Law Society,Santa Luciana,Sharpen Up,Trephine,Icecapade,Calaki,Raise a Native,Gold Digger,Nureyev,Pasadoble,トライマイベスト,Mill Princess,Blakeney,The Dancer,Northern Dancer,South Ocean,Secretariat,Crimson Saint,His Majesty,Song Sparrow,In Reality,Alada,Hail to Reason,Cosmah,Understanding,Mountain Flower,Alleged,Bold Bikini,Luciano,Suleika,エタン,Rocchetta,ヴァイスリーガル,Quiriquina,Nearctic,Shenanigans,T.V. Lark,Miss Jr.
202606010302,9,ダート,1800,良,未勝利,ロードカナロア,アクアリング,キングカメハメハ,レディブラッサム,Anabaa,シーリング,Kingmambo,マンファス,Storm Cat,サラトガデュー,Danzig,Balbonella,Bering,Blue River,Mr. Prospector,Miesque,ラストタイクーン,Pilot Bird,Storm Bird,Terlingua,Cormorant,Super Luna,Northern Dancer,Pas de Nom,ゲイメセン,Bamieres,Arctic Tern,Beaune,Riverman,Azurella,Raise a Native,Gold Digger,Nureyev,Pasadoble,トライマイベスト,Mill Princess,Blakeney,The Dancer,Northern Dancer,South Ocean,Secretariat,Crimson Saint,His Majesty,Song Sparrow,In Reality,Alada,Nearctic,Natalma,Admiral's Voyage,Petitioner,Vaguely Noble,Gay Missile,Riverman,Bergamasque,Sea-Bird,Bubbling Beauty,Lyphard,Barbra,Never Bend,River Lady,ハイハット,Azorelle
202606010302,10,ダート,1800,良,未勝利,ルーラーシップ,ジーナアイリス,キングカメハメハ,エアグルーヴ,ゴールドアリュール,ディアジーナ,Kingmambo,マンファス,トニービン,ダイナカール,サンデーサイレンス,ニキーヤ,メジロマックイーン,アイネスターキン,Mr. Prospector,Miesque,ラストタイクーン,Pilot Bird,カンパラ,Severn Bridge,ノーザンテースト,シャダイフェザー,Halo,Wishing Well,Nureyev,Reluctant Guest,メジロティターン,メジロオーロラ,ビショップボブ,ジュウジターキン,Raise a Native,Gold Digger,Nureyev,Pasadoble,トライマイベスト,Mill Princess,Blakeney,The Dancer,Kalamoun,State Pension,Hornbeam,Priddy Fair,Northern Dancer,Lady Victoria,ガーサント,パロクサイド,Hail to Reason,Cosmah,Understanding,Mountain Flower,Northern Dancer,Special,Hostage,Vaguely Royal,メジロアサマ,シエリル,リマンド,メジロアイリス,Clever Trick,Screen Shot,ハンターコム,シヤダイターキン
202606010302,11,ダート,1800,良,未勝利,ベンバトル,ダイワベスパー,Dubawi,Nahrain,ダイワメジャー,ダイワリプルス,Dubai Millennium,Zomaradah,Selkirk,Bahr,サンデーサイレンス,スカーレットブーケ,Gone West,Silken Ripples,Seeking the Gold,Colorado Dancer,Deploy,Jawaher,Sharpen Up,Annie Edge,ジェネラス,Lady of the Sea,Halo,Wishing Well,ノーザンテースト,スカーレットインク,Mr. Prospector,Secrettame,Roberto,Minnetonka,Mr. Prospector,Con Game,Shareef Dancer,Fall Aspen,Shirley Heights,Slightly Dangerous,ダンシングブレーヴ,High Tern,エタン,Rocchetta,Nebbiolo,Friendly Court,Caerleon,Doff the Derby,Mill Reef,La Mer,Hail to Reason,Cosmah,Understanding,Mountain Flower,Northern Dancer,Lady Victoria,Crimson Satan,Consentida,Raise a Native,Gold Digger,Secretariat,Tamerett,Hail to Reason,Bramalea,Chieftain,Heliolight
202606010302,12,ダート,1800,良,未勝利,シルバーステート,テイコフトウショウ,ディープインパクト,シルヴァースカヤ,タイキシャトル,マロトウショウ,サンデーサイレンス,ウインドインハーヘア,Silver Hawk,Boubskaia,Devil's Bag,ウェルシュマフィン,ワイルドラッシュ,ロゼトウショウ,Halo,Wishing Well,Alzao,Burghclere,Roberto,Gris Vitesse,Niniski,Frenetique,Halo,Ballade,Caerleon,Muffitys,Wild Again,Rose Park,サクラバクシンオー,コーニストウショウ,Hail to Reason,Cosmah,Understanding,Mountain Flower,Lyphard,Lady Rebecca,Busted,Highclere,Hail to Reason,Bramalea,Amerigo,Matchiche,Nijinsky,Virginia Hills,Tyrant,Femina,Hail to Reason,Cosmah,Herbager,Miss Swapsco,Nijinsky,Foreseer,Thatch,Contrail,Icecapade,Bushel-n-Peck,Plugged Nickle,Hardship,サクラユタカオー,サクラハゴロモ,ダンディルート,ローズトウショウ
202606010302,13,ダート,1800,良,未勝利,リーチザクラウン,リュポメルー,スペシャルウィーク,クラウンピース,Dubawi,Star of Akkar,サンデーサイレンス,キャンペンガール,Seattle Slew,クラシッククラウン,Dubai Millennium,Zomaradah,Distant Relative,Donna Star,Halo,Wishing Well,マルゼンスキー,レディーシラオキ,Bold Reasoning,My Charmer,Mr. Prospector,Six Crowns,Seeking the Gold,Colorado Dancer,Deploy,Jawaher,Habitat,Royal Sister,ステートリードン,Prospector's Star,Hail to Reason,Cosmah,Understanding,Mountain Flower,Nijinsky,シル,セントクレスピン,ミスアシヤガワ,Boldnesian,Reason to Earn,Poker,Fair Charmer,Raise a Native,Gold Digger,Secretariat,Chris Evert,Mr. Prospector,Con Game,Shareef Dancer,Fall Aspen,Shirley Heights,Slightly Dangerous,ダンシングブレーヴ,High Tern,Sir Gaylord,Little Hut,Claude,Ribasha,Nureyev,Dona Ysidra,Mr. Prospector,Astrious
202606010302,14,ダート,1800,良,未勝利,キセキ,ホワイトヴェール,ルーラーシップ,ブリッツフィナーレ,クロフネ,ネガノ,キングカメハメハ,エアグルーヴ,ディープインパクト,ロンドンブリッジ,フレンチデピュティ,ブルーアヴェニュー,Miswaki,Madame Treasurer,Kingmambo,マンファス,トニービン,ダイナカール,サンデーサイレンス,ウインドインハーヘア,ドクターデヴィアス,オールフォーロンドン,Deputy Minister,Mitterand,Classic Go Go,Eliza Blue,Mr. Prospector,Hopespringseternal,Key to the Mint,Halo Dancer,Mr. Prospector,Miesque,ラストタイクーン,Pilot Bird,カンパラ,Severn Bridge,ノーザンテースト,シャダイフェザー,Halo,Wishing Well,Alzao,Burghclere,Ahonoora,Rose of Jericho,Danzig,Full Card,Vice Regent,Mint Copy,Hold Your Peace,Laredo Lass,Pago Pago,Classic Perfection,Icecapade,コレラ,Raise a Native,Gold Digger,Buckpasser,Rose Bower,Graustark,Key Bridge,Halo,Slight Deception
202606010302,15,ダート,1800,良,未勝利,キセキ,ネイチャーガイド,ルーラーシップ,ブリッツフィナーレ,エルコンドルパサー,ホワイトウォーターレディ,キングカメハメハ,エアグルーヴ,ディープインパクト,ロンドンブリッジ,Kingmambo,サドラーズギャル,Riverman,Waterloo,Kingmambo,マンファス,トニービン,ダイナカール,サンデーサイレンス,ウインドインハーヘア,ドクターデヴィアス,オールフォーロンドン,Mr. Prospector,Miesque,Sadler's Wells,Glenveagh,Never Bend,River Lady,Bold Lad,Lakewoods,Mr. Prospector,Miesque,ラストタイクーン,Pilot Bird,カンパラ,Severn Bridge,ノーザンテースト,シャダイフェザー,Halo,Wishing Well,Alzao,Burghclere,Ahonoora,Rose of Jericho,Danzig,Full Card,Raise a Native,Gold Digger,Nureyev,Pasadoble,Northern Dancer,Fairy Bridge,Seattle Slew,Lisadell,Nasrullah,Lalun,Prince John,Nile Lily,Bold Ruler,Barn Pride,Hyperion,Holwood
202606010302,16,ダート,1800,良,未勝利,シュヴァルグラン,ジューンブライド,ハーツクライ,ハルーワスウィート,アフリート,リファールニース,サンデーサイレンス,アイリッシュダンス,Machiavellian,ハルーワソング,Mr. Prospector,Polite Lady,Greinton,バーブスボールド,Halo,Wishing Well,トニービン,ビューパーダンス,Mr. Prospector,Coup de Folie,Nureyev,Morn of Song,Raise a Native,Gold Digger,Venetian Jester,Friendly Ways,Green Dancer,Crystal Queen,Bold Forbes,Goofed,Hail to Reason,Cosmah,Understanding,Mountain Flower,カンパラ,Severn Bridge,Lyphard,My Bupers,Raise a Native,Gold Digger,Halo,Raise the Standard,Northern Dancer,Special,Blushing Groom,Glorious Song,Native Dancer,Raise You,Nashua,Sequence,Tom Fool,Venice,Green Ticket,Ways to Learn,Nijinsky,Green Valley,High Top,Crystal Drop,Irish Castle,Comely Nell,Court Martial,Barra
202606010303,1,ダート,1200,良,未勝利,ドレフォン,ベラポーサ,Gio Ponti,Eltimaas,Tapit,Livin Lovin,Tale of the Cat,Chipeta Springs,Ghostzapper,Najecam,Pulpit,Tap Your Heels,Birdstone,Nurse Margaret,Storm Cat,Yarn,Alydar,Salt Spring,Awesome Again,Baby Zip,Trempolino,Sue Warner,A.P. Indy,Preach,Unbridled,Ruby Slippers,Grindstone,Dear Birdie,Captain Bodgit,McLean,Storm Bird,Terlingua,Mr. Prospector,Narrate,Raise a Native,Sweet Tooth,Salt Marsh,Jungle Mythologic,Deputy Minister,Primal Force,Relaunch,Thirty Zip,Sharpen Up,Trephine,Forli,Bitty Girl,Seattle Slew,Weekend Surprise,Mr. Prospector,Narrate,Fappiano,Gana Facil,Nijinsky,Moon Glitter,Unbridled,Buzz My Bell,Storm Bird,Hush Dear,Saint Ballado,Answering Echo,Hostage,Opposite Number
202606010303,2,ダート,1200,良,未勝利,Mo Town,Breezing Bye,Uncle Mo,Grazie Mille,City Zip,French Breeze,Indian Charlie,Playa Maya,Bernardini,Molto Vita,Carson City,Baby Zip,Elusive Quality,Di's Delight,In Excess,Soviet Sojourn,Arch,Dixie Slippers,A.P. Indy,Cara Rafaela,Carson City,Princess Polonia,Mr. Prospector,Blushing Promise,Relaunch,Thirty Zip,Gone West,Touch of Greatness,フレンチデピュティ,Orrefor,Siberian Express,Kantado,Leo Castelli,Political Parfait,Kris S.,Aurora,Dixieland Band,Cyane's Slippers,Seattle Slew,Weekend Surprise,Quiet American,Oil Fable,Mr. Prospector,Blushing Promise,Danzig,My Celebrity,Raise a Native,Gold Digger,Blushing Groom,Summertime Promise,In Reality,Foggy Note,Tri Jet,Sailaway,Mr. Prospector,Secrettame,Hero's Honor,Ivory Wand,Deputy Minister,Mitterand,Our Native,Forced to Fly
202606010303,3,ダート,1200,良,未勝利,ヘニーヒューズ,コーラルビュー,ヘネシー,Meadow Flyer,キングヘイロー,ホウヨウマリン,Storm Cat,Island Kitty,Meadowlake,Shortley,ダンシングブレーヴ,グッバイヘイロー,アレミロード,ベジンスキー,Storm Bird,Terlingua,Hawaii,T. C. Kitten,Hold Your Peace,Suspicious Native,Hagley,Short Winded,Lyphard,Navajo Princess,Halo,Pound Foolish,Tom Rolfe,Why Me Lord,Nijinsky,Belonging,Northern Dancer,South Ocean,Secretariat,Crimson Saint,Utrillo,Ethane,Tom Cat,Needlebug,Speak John,Blue Moon,Raise a Native,Be Suspicious,Olden Times,Teo Pepi,Harvest Singing,Wild Cloud,Northern Dancer,Goofed,Drone,Olmec,Hail to Reason,Cosmah,Sir Ivor,Squander,Ribot,Pocahontas,Bold Reasoning,Tomorrowland,Northern Dancer,Flaming Page,Exclusive Native,Straight Deal
202606010303,4,ダート,1200,良,未勝利,ダノンスマッシュ,アゴベイ,ロードカナロア,スピニングワイルドキャット,ハーツクライ,コージーベイ,キングカメハメハ,レディブラッサム,Hard Spun,Hollywood Wildcat,サンデーサイレンス,アイリッシュダンス,Storm Cat,Composure,Kingmambo,マンファス,Storm Cat,サラトガデュー,Danzig,Turkish Tryst,Kris S.,Miss Wildcatter,Halo,Wishing Well,トニービン,ビューパーダンス,Storm Bird,Terlingua,Touch Gold,Party Cited,Mr. Prospector,Miesque,ラストタイクーン,Pilot Bird,Storm Bird,Terlingua,Cormorant,Super Luna,Northern Dancer,Pas de Nom,Turkoman,Darbyvail,Roberto,Sharp Queen,Mr. Prospector,Elizabeth K.,Hail to Reason,Cosmah,Understanding,Mountain Flower,カンパラ,Severn Bridge,Lyphard,My Bupers,Northern Dancer,South Ocean,Secretariat,Crimson Saint,Deputy Minister,Passing Mood,Alleged,Dream Play
202606010303,5,ダート,1200,良,未勝利,ニューイヤーズデイ,シャルロワ,Street Cry,Justwhistledixie,ハーツクライ,フェリシア,Machiavellian,Helen Street,Dixie Union,General Jeanne,サンデーサイレンス,アイリッシュダンス,グラスワンダー,フェルモイ,Mr. Prospector,Coup de Folie,Troy,Waterway,Dixieland Band,She's Tops,Honour and Glory,Ahpo Hel,Halo,Wishing Well,トニービン,ビューパーダンス,Silver Hawk,Ameriflora,Irish River,Victoress,Raise a Native,Gold Digger,Halo,Raise the Standard,Petingo,La Milo,Riverman,Boulevard,Northern Dancer,Mississippi Mud,Capote,She's a Talent,Relaunch,Fair to All,Mr. Leader,Tiy,Hail to Reason,Cosmah,Understanding,Mountain Flower,カンパラ,Severn Bridge,Lyphard,My Bupers,Roberto,Gris Vitesse,Danzig,Graceful Touch,Riverman,Irish Star,Conquistador Cielo,Royal Statute
202606010303,6,ダート,1200,良,未勝利,アジアエクスプレス,オーネットサクセス,ヘニーヒューズ,ランニングボブキャッツ,アドマイヤボス,グローリタイアン,ヘネシー,Meadow Flyer,Running Stag,Backatem,サンデーサイレンス,ベガ,ナイスダンサー,ジャンボタイアン,Storm Cat,Island Kitty,Meadowlake,Shortley,Cozzene,Fruhlingstag,Notebook,Deputy's Mistress,Halo,Wishing Well,トニービン,アンティックヴァリュー,Northern Dancer,Nice Princess,ノノアルコ,サスケマドンナ,Storm Bird,Terlingua,Hawaii,T. C. Kitten,Hold Your Peace,Suspicious Native,Hagley,Short Winded,Caro,Ride the Trails,Orsini,Revada,Well Decorated,Mobcap,Deputy Minister,River Crossing,Hail to Reason,Cosmah,Understanding,Mountain Flower,カンパラ,Severn Bridge,Northern Dancer,Moonscape,Nearctic,Natalma,Le Beau Prince,Happy Night,Nearctic,Seximee,カシム,サスケワイズ
202606010303,7,ダート,1200,良,未勝利,フォーウィールドライブ,ビップコルベット,American Pharoah,Funfair,シニスターミニスター,ピユカンタービレ,Pioneerof the Nile,Littleprincessemma,More Than Ready,Fleuron,Old Trieste,Sweet Minister,スペシャルウィーク,エアラグドール,エンパイアメーカー,Star of Goshen,Yankee Gentleman,Exclusive Rosette,サザンヘイロー,Woodman's Girl,Distant View,Flamboyance,A.P. Indy,Lovlier Linda,The Prime Minister,Sweet Blue,サンデーサイレンス,キャンペンガール,Storm Cat,ステラマドリッド,Unbridled,Toussaud,Lord at War,Castle Eight,Storm Cat,Key Phrase,Ecliptical,Zetta Jet,Halo,Northern Sea,Woodman,Becky Be Good,Mr. Prospector,Seven Springs,Zilzal,Bridal Wreath,Seattle Slew,Weekend Surprise,Vigors,Linda Summers,Deputy Minister,Stick to Beauty,Hurry Up Blue,Sugar Gold,Halo,Wishing Well,マルゼンスキー,レディーシラオキ,Storm Bird,Terlingua,Alydar,My Juliet
202606010303,8,ダート,1200,良,未勝利,シャンハイボビー,デヒアバーズ,Harlan's Holiday,Steelin',デヒア,バーズウイング,Harlan,Christmas in Aiken,Orientate,Steel Band,Deputy Minister,Sister Dot,Bluebird,Welsh Love,Storm Cat,Country Romance,Affirmed,Dowager,Mt. Livermore,Dream Team,Carson City,ウェディングバンド,Vice Regent,Mint Copy,Secretariat,Sword Game,Storm Bird,Ivory Dawn,Ela-Mana-Mou,Welsh Flame,Storm Bird,Terlingua,Halo,Sweet Romance,Exclusive Native,Won't Tell You,Honest Pleasure,Princessnesian,Blushing Groom,Flama Ardiente,Cox's Ridge,Likely Double,Mr. Prospector,Blushing Promise,Mighty Appealing,Ring of Steel,Northern Dancer,Victoria Regina,Bunty's Flight,Shakney,Bold Ruler,Somethingroyal,Damascus,Bill and I,Northern Dancer,South Ocean,Sir Ivor,Dusky Evening,ピットカーン,Rose Bertin,Welsh Pageant,Electric Flash
202606010303,9,ダート,1200,良,未勝利,アジアエクスプレス,コウセイエリザベス,ヘニーヒューズ,ランニングボブキャッツ,アイルハヴアナザー,マイネカプリース,ヘネシー,Meadow Flyer,Running Stag,Backatem,Flower Alley,Arch's Gal Edith,タヤスツヨシ,ダイナカプリ,Storm Cat,Island Kitty,Meadowlake,Shortley,Cozzene,Fruhlingstag,Notebook,Deputy's Mistress,Distorted Humor,プリンセスオリビア,Arch,Force Five Gal,サンデーサイレンス,マガロ,サウスアトランティック,ダイナギフト,Storm Bird,Terlingua,Hawaii,T. C. Kitten,Hold Your Peace,Suspicious Native,Hagley,Short Winded,Caro,Ride the Trails,Orsini,Revada,Well Decorated,Mobcap,Deputy Minister,River Crossing,フォーティナイナー,Danzig's Beauty,Lycius,Dance Image,Kris S.,Aurora,Pleasant Tap,Last Cause,Halo,Wishing Well,Caro,Magic,Mill Reef,Arkadina,エルセンタウロ,ロイヤルサッシュ
202606010303,10,ダート,1200,良,未勝利,ダノンプレミアム,グラナダ,ディープインパクト,インディアナギャル,Galileo,キャサリンオブアラゴン,サンデーサイレンス,ウインドインハーヘア,Intikhab,Genial Jenny,Sadler's Wells,Urban Sea,Holy Roman Emperor,Monevassia,Halo,Wishing Well,Alzao,Burghclere,Red Ransom,Crafty Example,デインヒル,Joma Kaanem,Northern Dancer,Fairy Bridge,Miswaki,Allegretta,デインヒル,L'On Vite,Mr. Prospector,Miesque,Hail to Reason,Cosmah,Understanding,Mountain Flower,Lyphard,Lady Rebecca,Busted,Highclere,Roberto,アラビア,Crafty Prospector,Zienelle,Danzig,Razyana,Double Form,Ash Lawn,Nearctic,Natalma,Bold Reason,Special,Mr. Prospector,Hopespringseternal,Lombard,Anatevka,Danzig,Razyana,Secretariat,Fanfreluche,Raise a Native,Gold Digger,Nureyev,Pasadoble
202606010303,11,ダート,1200,良,未勝利,コパノリッキー,グラスベローナ,ゴールドアリュール,コパノニキータ,ゼンノロブロイ,グラスルビー,サンデーサイレンス,ニキーヤ,ティンバーカントリー,ニホンピロローズ,サンデーサイレンス,ローミンレイチェル,Singspiel,ルビー,Halo,Wishing Well,Nureyev,Reluctant Guest,Woodman,Fall Aspen,トニービン,ウェディングブーケ,Halo,Wishing Well,マイニング,One Smart Lady,In the Wings,Glorious Song,デインヒル,Offshore Boom,Hail to Reason,Cosmah,Understanding,Mountain Flower,Northern Dancer,Special,Hostage,Vaguely Royal,Mr. Prospector,プレイメイト,Pretense,Change Water,カンパラ,Severn Bridge,リアルシャダイ,アリーウイン,Hail to Reason,Cosmah,Understanding,Mountain Flower,Mr. Prospector,I Pass,Clever Trick,Pia's Lady,Sadler's Wells,High Hawk,Halo,Ballade,Danzig,Razyana,Be My Guest,Push a Button
202606010303,12,ダート,1200,良,未勝利,ジャスタウェイ,グラマラススカイ,ハーツクライ,シビル,カネヒキリ,レッドフィオーレ,サンデーサイレンス,アイリッシュダンス,Wild Again,シャロン,フジキセキ,ライフアウトゼア,バゴ,ゴーンスペクター,Halo,Wishing Well,トニービン,ビューパーダンス,Icecapade,Bushel-n-Peck,Mo Exception,Double Wiggle,サンデーサイレンス,ミルレーサー,Deputy Minister,Silver Valley,Nashwan,Moonlight's Box,Gone West,Angelic Note,Hail to Reason,Cosmah,Understanding,Mountain Flower,カンパラ,Severn Bridge,Lyphard,My Bupers,Nearctic,Shenanigans,Khaled,Dama,Hard Work,With Exception,Sir Wiggle,Blue Double,Halo,Wishing Well,Le Fabuleux,Marston's Mill,Vice Regent,Mint Copy,Mr. Prospector,Seven Valleys,Blushing Groom,Height of Fashion,Nureyev,Coup de Genie,Mr. Prospector,Secrettame,The Minstrel,Sateen
202606010303,13,ダート,1200,良,未勝利,フィレンツェファイア,ルレシャンテ,Poseidon's Warrior,My Every Wish,ヴィクトワールピサ,トレアンサンブル,Speightstown,Poised to Pounce,Langfuhr,Mille Lacs,ネオユニヴァース,ホワイトウォーターアフェア,トニービン,ダイナアクトレス,Gone West,Silken Cat,Smarten,Lady Lyndy,Danzig,Sweet Briar Too,Unbridled,With Every Wish,サンデーサイレンス,ポインテッドパス,Machiavellian,Much Too Risky,カンパラ,Severn Bridge,ノーザンテースト,モデルスポート,Mr. Prospector,Secrettame,Storm Cat,Silken Doll,Cyane,Smartaire,Bold Favorite,Counterflight,Northern Dancer,Pas de Nom,Briartic,Prima Babu Gum,Fappiano,Gana Facil,Lear Fan,Amo,Halo,Wishing Well,Kris,Silken Way,Mr. Prospector,Coup de Folie,Bustino,Short Rations,Kalamoun,State Pension,Hornbeam,Priddy Fair,Northern Dancer,Lady Victoria,モデルフール,マジックゴデイス
202606010303,14,ダート,1200,良,未勝利,バゴ,ミサコ,Nashwan,Moonlight's Box,クロフネ,リミックスアルバム,Blushing Groom,Height of Fashion,Nureyev,Coup de Genie,フレンチデピュティ,ブルーアヴェニュー,キングカメハメハ,トゥハーモニー,Red God,Runaway Bride,Bustino,Highclere,Northern Dancer,Special,Mr. Prospector,Coup de Folie,Deputy Minister,Mitterand,Classic Go Go,Eliza Blue,Kingmambo,マンファス,サンデーサイレンス,エアレジェーロ,Nasrullah,Spring Run,Wild Risk,Aimee,Busted,Ship Yard,Queen's Hussar,Highlight,Nearctic,Natalma,Forli,Thong,Raise a Native,Gold Digger,Halo,Raise the Standard,Vice Regent,Mint Copy,Hold Your Peace,Laredo Lass,Pago Pago,Classic Perfection,Icecapade,コレラ,Mr. Prospector,Miesque,ラストタイクーン,Pilot Bird,Halo,Wishing Well,アレミロード,アルパインスウィフト
202606010303,15,ダート,1200,良,未勝利,サートゥルナーリア,ラストワルツ,ロードカナロア,シーザリオ,ゼンノロブロイ,パーフェクトサークル,キングカメハメハ,レディブラッサム,スペシャルウィーク,キロフプリミエール,サンデーサイレンス,ローミンレイチェル,Caerleon,Fair Salinia,Kingmambo,マンファス,Storm Cat,サラトガデュー,サンデーサイレンス,キャンペンガール,Sadler's Wells,Querida,Halo,Wishing Well,マイニング,One Smart Lady,Nijinsky,Foreseer,Petingo,Fair Arabella,Mr. Prospector,Miesque,ラストタイクーン,Pilot Bird,Storm Bird,Terlingua,Cormorant,Super Luna,Halo,Wishing Well,マルゼンスキー,レディーシラオキ,Northern Dancer,Fairy Bridge,Habitat,Principia,Hail to Reason,Cosmah,Understanding,Mountain Flower,Mr. Prospector,I Pass,Clever Trick,Pia's Lady,Northern Dancer,Flaming Page,Round Table,Regal Gleam,Petition,Alcazar,シャトーゲイ,Locust Time
202606010303,16,ダート,1200,良,未勝利,ダイワメジャー,ドロミティ,サンデーサイレンス,スカーレットブーケ,Pure Prize,Doubt Fire,Halo,Wishing Well,ノーザンテースト,スカーレットインク,Storm Cat,Heavenly Prize,Ski Champ,My Little Life,Hail to Reason,Cosmah,Understanding,Mountain Flower,Northern Dancer,Lady Victoria,Crimson Satan,Consentida,Storm Bird,Terlingua,Seeking the Gold,Oh What a Dance,Icecapade,Ski Goggle,Ghadeer,Dimane,Turn-to,Nothirdchance,Cosmic Bomb,Almahmoud,Promised Land,Pretty Ways,Montparnasse,Edelweiss,Nearctic,Natalma,Victoria Park,Lady Angela,Spy Song,Papila,Beau Max,La Menina,Northern Dancer,South Ocean,Secretariat,Crimson Saint,Mr. Prospector,Con Game,Nijinsky,Blitey,Nearctic,Shenanigans,ロイヤルスキー,Mississippi Siren,Lyphard,Swanilda,Janus,Oscilacao
202606010304,1,ダート,1800,良,新馬,ブリックスアンドモルタル,レイズアベール,Giant's Causeway,Beyond the Waves,ハーツクライ,ヴェイルオブアヴァロン,Storm Cat,Mariah's Storm,Ocean Crest,Excedent,サンデーサイレンス,アイリッシュダンス,サンダーガルチ,ウインドインハーヘア,Storm Bird,Terlingua,Rahy,イメンス,Storm Bird,S.S.Aroma,Exceller,Broadway Lullaby,Halo,Wishing Well,トニービン,ビューパーダンス,Gulch,Line of Thunder,Alzao,Burghclere,Northern Dancer,South Ocean,Secretariat,Crimson Saint,Blushing Groom,Glorious Song,Roberto,Imsodear,Northern Dancer,South Ocean,Seattle Slew,Rare Bouquet,Vaguely Noble,Too Bald,Stage Door Johnny,リットルブレツシング,Hail to Reason,Cosmah,Understanding,Mountain Flower,カンパラ,Severn Bridge,Lyphard,My Bupers,Mr. Prospector,Jameela,Storm Bird,Shoot a Line,Lyphard,Lady Rebecca,Busted,Highclere
202606010304,2,ダート,1800,良,新馬,クリソベリル,アンジュジョリー,ゴールドアリュール,クリソプレーズ,タートルボウル,マクシマール,サンデーサイレンス,ニキーヤ,エルコンドルパサー,キャサリーンパー,Dyhim Diamond,Clara Bow,アグネスタキオン,マックスジーン,Halo,Wishing Well,Nureyev,Reluctant Guest,Kingmambo,サドラーズギャル,Riverman,Regal Exception,Night Shift,Happy Landing,Top Ville,Kamiya,サンデーサイレンス,アグネスフローラ,Cozzene,ジャッキーマックス,Hail to Reason,Cosmah,Understanding,Mountain Flower,Northern Dancer,Special,Hostage,Vaguely Royal,Mr. Prospector,Miesque,Sadler's Wells,Glenveagh,Never Bend,River Lady,Ribot,Rajput Princess,Northern Dancer,Ciboulette,Homing,Laughing Goddess,High Top,Sega Ville,Kalamoun,Shahinaaz,Halo,Wishing Well,ロイヤルスキー,アグネスレディー,Caro,Ride the Trails,Sexton Blake,Silver Spring
202606010304,3,ダート,1800,良,新馬,ドレフォン,クロノロジスト,Gio Ponti,Eltimaas,クロフネ,インディスユニゾン,Tale of the Cat,Chipeta Springs,Ghostzapper,Najecam,フレンチデピュティ,ブルーアヴェニュー,サンデーサイレンス,ラスティックベル,Storm Cat,Yarn,Alydar,Salt Spring,Awesome Again,Baby Zip,Trempolino,Sue Warner,Deputy Minister,Mitterand,Classic Go Go,Eliza Blue,Halo,Wishing Well,Mr. Prospector,Ragtime Girl,Storm Bird,Terlingua,Mr. Prospector,Narrate,Raise a Native,Sweet Tooth,Salt Marsh,Jungle Mythologic,Deputy Minister,Primal Force,Relaunch,Thirty Zip,Sharpen Up,Trephine,Forli,Bitty Girl,Vice Regent,Mint Copy,Hold Your Peace,Laredo Lass,Pago Pago,Classic Perfection,Icecapade,コレラ,Hail to Reason,Cosmah,Understanding,Mountain Flower,Raise a Native,Gold Digger,Francis S.,Swinging Doll
202606010304,4,ダート,1800,良,新馬,ロージズインメイ,ファミリーズオナー,Devil His Due,Tell a Secret,デュランダル,エリザベススイート,Devil's Bag,Plenty O'Toole,Speak John,Secret Retreat,サンデーサイレンス,サワヤカプリンセス,ティンバーカントリー,スイートイブン,Halo,Ballade,Raise a Cup,Li'l Puss,Prince John,Nuit de Folies,Clandestine,Retirement,Halo,Wishing Well,ノーザンテースト,スコッチプリンセス,Woodman,Fall Aspen,イブンベイ,スイートイベット,Hail to Reason,Cosmah,Herbager,Miss Swapsco,Raise a Native,Spring Sunshine,Noble Jay,Li'l Sis,Princequillo,Not Afraid,Tornado,Folle Nuit,Double Jay,Conniver,Royal Gem,Marie J.,Hail to Reason,Cosmah,Understanding,Mountain Flower,Northern Dancer,Lady Victoria,Creme dela Creme,Meadow Saffron,Mr. Prospector,プレイメイト,Pretense,Change Water,Mill Reef,Rosia Bay,モガミ,スイートローラン
202606010304,5,ダート,1800,良,新馬,ドレフォン,シーリア,Gio Ponti,Eltimaas,キングカメハメハ,シーザリオ,Tale of the Cat,Chipeta Springs,Ghostzapper,Najecam,Kingmambo,マンファス,スペシャルウィーク,キロフプリミエール,Storm Cat,Yarn,Alydar,Salt Spring,Awesome Again,Baby Zip,Trempolino,Sue Warner,Mr. Prospector,Miesque,ラストタイクーン,Pilot Bird,サンデーサイレンス,キャンペンガール,Sadler's Wells,Querida,Storm Bird,Terlingua,Mr. Prospector,Narrate,Raise a Native,Sweet Tooth,Salt Marsh,Jungle Mythologic,Deputy Minister,Primal Force,Relaunch,Thirty Zip,Sharpen Up,Trephine,Forli,Bitty Girl,Raise a Native,Gold Digger,Nureyev,Pasadoble,トライマイベスト,Mill Princess,Blakeney,The Dancer,Halo,Wishing Well,マルゼンスキー,レディーシラオキ,Northern Dancer,Fairy Bridge,Habitat,Principia
202606010304,6,ダート,1800,良,新馬,ロジャーバローズ,ハイデンガールズ,ディープインパクト,リトルブック,サウスヴィグラス,チーキーガールズ,サンデーサイレンス,ウインドインハーヘア,Librettist,Cal Norma's Lady,エンドスウィープ,ダーケストスター,トワイニング,ブルーベイブリッジ,Halo,Wishing Well,Alzao,Burghclere,Danzig,Mysterial,リファーズスペシャル,June Darling,フォーティナイナー,Broom Dance,Star de Naskra,Minnie Riperton,フォーティナイナー,Courtly Dee,リーファーマッドネス,オオミリーガル,Hail to Reason,Cosmah,Understanding,Mountain Flower,Lyphard,Lady Rebecca,Busted,Highclere,Northern Dancer,Pas de Nom,Alleged,Mysteries,Lyphard,My Bupers,ジュニアス,Beau Darling,Mr. Prospector,File,Dance Spell,Witching Hour,Naskra,Candle Star,Cornish Prince,English Harbor,Mr. Prospector,File,Never Bend,Tulle,Mill Reef,Parsimony,ヴァイスリーガル,フライングシヤツトル
202606010304,7,ダート,1800,良,新馬,ルヴァンスレーヴ,エンパイアブルー,シンボリクリスエス,マエストラーレ,エンパイアメーカー,レフィナーダ,Kris S.,Tee Kay,ネオユニヴァース,オータムブリーズ,Unbridled,Toussaud,サンデーサイレンス,モザーティアナ,Roberto,Sharp Queen,Gold Meridian,Tri Argo,サンデーサイレンス,ポインテッドパス,ティンバーカントリー,セプテンバーソング,Fappiano,Gana Facil,El Gran Senor,Image of Reality,Halo,Wishing Well,Nijinsky,Sex Appeal,Hail to Reason,Bramalea,Princequillo,Bridgework,Seattle Slew,Queen Louie,Tri Jet,Hail Proudly,Halo,Wishing Well,Kris,Silken Way,Woodman,Fall Aspen,リアルシャダイ,ダイナフェアリー,Mr. Prospector,Killaloe,Le Fabuleux,Charedi,Northern Dancer,Sex Appeal,In Reality,Edee's Image,Hail to Reason,Cosmah,Understanding,Mountain Flower,Northern Dancer,Flaming Page,Buckpasser,Best in Show
202606010304,8,ダート,1800,良,新馬,タニノフランケル,ルーシーイズマイン,Frankel,ウオッカ,ネオユニヴァース,ライカート,Galileo,Kind,タニノギムレット,タニノシスター,サンデーサイレンス,ポインテッドパス,スウェプトオーヴァーボード,ウェディングバンド,Sadler's Wells,Urban Sea,デインヒル,Rainbow Lake,ブライアンズタイム,タニノクリスタル,ルション,エナジートウショウ,Halo,Wishing Well,Kris,Silken Way,エンドスウィープ,Sheer Ice,Mighty Appealing,Ring of Steel,Northern Dancer,Fairy Bridge,Miswaki,Allegretta,Danzig,Razyana,Rainbow Quest,Rockfest,Roberto,Kelley's Day,クリスタルパレス,タニノシーバード,Riverman,ベルドリーヌ,トウショウボーイ,コーニストウショウ,Hail to Reason,Cosmah,Understanding,Mountain Flower,Sharpen Up,Doubly Sure,Shantung,Boulevard,フォーティナイナー,Broom Dance,Cutlass,Hey Dolly A.,Valid Appeal,Patsy's Lil Girl,Assagai,Spinning Reel
202606010304,9,ダート,1800,良,新馬,ナカヤマフェスタ,ローズギフト,ステイゴールド,ディアウィンク,Siyouni,キズナ,サンデーサイレンス,ゴールデンサッシュ,タイトスポット,セイレイ,Pivotal,Sichilla,Hurricane Run,Al Amlah,Halo,Wishing Well,ディクタス,ダイナサッシュ,His Majesty,Premium Win,デインヒル,センスオブリズム,Polar Falcon,Fearless Revival,デインヒル,Slipstream Queen,Montjeu,Hold On,Riverman,Saffaanh,Hail to Reason,Cosmah,Understanding,Mountain Flower,Sanctus,Doronic,ノーザンテースト,ロイヤルサッシュ,Ribot,Flower Bowl,Lyphard,Classic Perfection,Danzig,Razyana,Cure the Blues,Sensibility,Nureyev,Marie d'Argonne,Cozzene,Stufida,Danzig,Razyana,Conquistador Cielo,Country Queen,Sadler's Wells,Floripedes,Surumu,Hone,Never Bend,River Lady,Shareef Dancer,Give Thanks
202606010304,10,ダート,1800,良,新馬,クリソベリル,スターペスミツコ,ゴールドアリュール,クリソプレーズ,カーネギー,マーチンミユキ,サンデーサイレンス,ニキーヤ,エルコンドルパサー,キャサリーンパー,Sadler's Wells,Detroit,マルゼンスキー,ミユキカマダ,Halo,Wishing Well,Nureyev,Reluctant Guest,Kingmambo,サドラーズギャル,Riverman,Regal Exception,Northern Dancer,Fairy Bridge,Riverman,Derna,Nijinsky,シル,ダイアトム,ヤヨイカマダ,Hail to Reason,Cosmah,Understanding,Mountain Flower,Northern Dancer,Special,Hostage,Vaguely Royal,Mr. Prospector,Miesque,Sadler's Wells,Glenveagh,Never Bend,River Lady,Ribot,Rajput Princess,Nearctic,Natalma,Bold Reason,Special,Never Bend,River Lady,Sunny Boy,Miss Barberie,Northern Dancer,Flaming Page,Buckpasser,Quill,Sicambre,Dictaway,チャイナロック,コランディア
202606010304,11,ダート,1800,良,新馬,ジャスタウェイ,ゴールデンメロディ,ハーツクライ,シビル,ディープブリランテ,ガンダーラプソディ,サンデーサイレンス,アイリッシュダンス,Wild Again,シャロン,ディープインパクト,ラヴアンドバブルズ,ジェイドロバリー,プロミネントカット,Halo,Wishing Well,トニービン,ビューパーダンス,Icecapade,Bushel-n-Peck,Mo Exception,Double Wiggle,サンデーサイレンス,ウインドインハーヘア,Loup Sauvage,バブルドリーム,Mr. Prospector,Number,トニービン,カッティングエッジ,Hail to Reason,Cosmah,Understanding,Mountain Flower,カンパラ,Severn Bridge,Lyphard,My Bupers,Nearctic,Shenanigans,Khaled,Dama,Hard Work,With Exception,Sir Wiggle,Blue Double,Halo,Wishing Well,Alzao,Burghclere,Riverman,Louveterie,Akarad,バブルプロスペクター,Raise a Native,Gold Digger,Nijinsky,Special,カンパラ,Severn Bridge,ファバージ,メルドスポート
202606010304,12,ダート,1800,良,新馬,ニューイヤーズデイ,トーコーニーケ,Street Cry,Justwhistledixie,キングカメハメハ,ナリタフローラ,Machiavellian,Helen Street,Dixie Union,General Jeanne,Kingmambo,マンファス,サンデーサイレンス,ナリタレッドバード,Mr. Prospector,Coup de Folie,Troy,Waterway,Dixieland Band,She's Tops,Honour and Glory,Ahpo Hel,Mr. Prospector,Miesque,ラストタイクーン,Pilot Bird,Halo,Wishing Well,マルゼンスキー,ビューティマリヤ,Raise a Native,Gold Digger,Halo,Raise the Standard,Petingo,La Milo,Riverman,Boulevard,Northern Dancer,Mississippi Mud,Capote,She's a Talent,Relaunch,Fair to All,Mr. Leader,Tiy,Raise a Native,Gold Digger,Nureyev,Pasadoble,トライマイベスト,Mill Princess,Blakeney,The Dancer,Hail to Reason,Cosmah,Understanding,Mountain Flower,Nijinsky,シル,トライバルチーフ,チュウオーマリヤ
202606010305,1,芝,2000,良,新馬,コントレイル,ビッグワールド,ディープインパクト,ロードクロサイト,Custom for Carlos,Tensas Wedding Joy,サンデーサイレンス,ウインドインハーヘア,Unbridled's Song,Folklore,More Than Ready,Meadow Oaks,Broken Vow,Xylophone,Halo,Wishing Well,Alzao,Burghclere,Unbridled,Trolley Song,Tiznow,Contrive,サザンヘイロー,Woodman's Girl,Meadowlake,Peggy Slew,Unbridled,Wedding Vow,デヒア,Joyous Melody,Hail to Reason,Cosmah,Understanding,Mountain Flower,Lyphard,Lady Rebecca,Busted,Highclere,Fappiano,Gana Facil,Caro,Lucky Spell,Cee's Tizzy,Cee's Song,Storm Cat,Jeano,Halo,Northern Sea,Woodman,Becky Be Good,Hold Your Peace,Suspicious Native,Seattle Slew,Plankton,Fappiano,Gana Facil,Nijinsky,Wedding Picture,Deputy Minister,Sister Dot,Phone Trick,Hear a Rhapsody
202606010305,2,芝,2000,良,新馬,キタサンブラック,プレシャスライフ,ブラックタイド,シュガーハート,タイキシャトル,スターマイライフ,サンデーサイレンス,ウインドインハーヘア,サクラバクシンオー,オトメゴコロ,Devil's Bag,ウェルシュマフィン,Storm Cat,Great Lady M.,Halo,Wishing Well,Alzao,Burghclere,サクラユタカオー,サクラハゴロモ,ジャッジアンジェルーチ,テイズリー,Halo,Ballade,Caerleon,Muffitys,Storm Bird,Terlingua,Icecapade,Sovereign Lady,Hail to Reason,Cosmah,Understanding,Mountain Flower,Lyphard,Lady Rebecca,Busted,Highclere,テスコボーイ,アンジェリカ,ノーザンテースト,クリアアンバー,Honest Pleasure,Victorian Queen,Lyphard,Tizna,Hail to Reason,Cosmah,Herbager,Miss Swapsco,Nijinsky,Foreseer,Thatch,Contrail,Northern Dancer,South Ocean,Secretariat,Crimson Saint,Nearctic,Shenanigans,Young Emperor,Sweety Kid
202606010305,3,芝,2000,良,新馬,シルバーステート,アンブラッセモワ,ディープインパクト,シルヴァースカヤ,Zoffany,Ice Flower,サンデーサイレンス,ウインドインハーヘア,Silver Hawk,Boubskaia,Dansili,Tyranny,Pivotal,エジラール,Halo,Wishing Well,Alzao,Burghclere,Roberto,Gris Vitesse,Niniski,Frenetique,デインヒル,Hasili,Machiavellian,Dust Dancer,Polar Falcon,Fearless Revival,Caerleon,Genovefa,Hail to Reason,Cosmah,Understanding,Mountain Flower,Lyphard,Lady Rebecca,Busted,Highclere,Hail to Reason,Bramalea,Amerigo,Matchiche,Nijinsky,Virginia Hills,Tyrant,Femina,Danzig,Razyana,Kahyasi,Kerali,Mr. Prospector,Coup de Folie,Suave Dancer,Galaxie Dust,Nureyev,Marie d'Argonne,Cozzene,Stufida,Nijinsky,Foreseer,Woodman,Reigning Countess
202606010305,4,芝,2000,良,新馬,キセキ,アイワナシーユー,ルーラーシップ,ブリッツフィナーレ,ステイゴールド,ワナダンス,キングカメハメハ,エアグルーヴ,ディープインパクト,ロンドンブリッジ,サンデーサイレンス,ゴールデンサッシュ,The Leopard,Wannabe,Kingmambo,マンファス,トニービン,ダイナカール,サンデーサイレンス,ウインドインハーヘア,ドクターデヴィアス,オールフォーロンドン,Halo,Wishing Well,ディクタス,ダイナサッシュ,Storm Cat,Moon Safari,Mutakddim,Wally,Mr. Prospector,Miesque,ラストタイクーン,Pilot Bird,カンパラ,Severn Bridge,ノーザンテースト,シャダイフェザー,Halo,Wishing Well,Alzao,Burghclere,Ahonoora,Rose of Jericho,Danzig,Full Card,Hail to Reason,Cosmah,Understanding,Mountain Flower,Sanctus,Doronic,ノーザンテースト,ロイヤルサッシュ,Storm Bird,Terlingua,Mr. Prospector,Video,Seeking the Gold,Oscillate,サザンヘイロー,Welcome
202606010305,5,芝,2000,良,新馬,レイデオロ,ジェラシー,キングカメハメハ,ラドラーダ,ハービンジャー,グローリアスデイズ,Kingmambo,マンファス,シンボリクリスエス,レディブロンド,Dansili,Penang Pearl,サンデーサイレンス,グレースアドマイヤ,Mr. Prospector,Miesque,ラストタイクーン,Pilot Bird,Kris S.,Tee Kay,Seeking the Gold,ウインドインハーヘア,デインヒル,Hasili,Bering,Guapa,Halo,Wishing Well,トニービン,バレークイーン,Raise a Native,Gold Digger,Nureyev,Pasadoble,トライマイベスト,Mill Princess,Blakeney,The Dancer,Roberto,Sharp Queen,Gold Meridian,Tri Argo,Mr. Prospector,Con Game,Alzao,Burghclere,Danzig,Razyana,Kahyasi,Kerali,Arctic Tern,Beaune,Shareef Dancer,Sauceboat,Hail to Reason,Cosmah,Understanding,Mountain Flower,カンパラ,Severn Bridge,Sadler's Wells,Sun Princess
202606010305,6,芝,2000,良,新馬,リオンリオン,アドマイヤルミナス,ルーラーシップ,アゲヒバリ,エピファネイア,ルミナスグルーヴ,キングカメハメハ,エアグルーヴ,クロフネ,トゥザヴィクトリー,シンボリクリスエス,シーザリオ,アグネスタキオン,ソニックグルーヴ,Kingmambo,マンファス,トニービン,ダイナカール,フレンチデピュティ,ブルーアヴェニュー,サンデーサイレンス,フェアリードール,Kris S.,Tee Kay,スペシャルウィーク,キロフプリミエール,サンデーサイレンス,アグネスフローラ,フレンチデピュティ,エアグルーヴ,Mr. Prospector,Miesque,ラストタイクーン,Pilot Bird,カンパラ,Severn Bridge,ノーザンテースト,シャダイフェザー,Deputy Minister,Mitterand,Classic Go Go,Eliza Blue,Halo,Wishing Well,Nureyev,Dream Deal,Roberto,Sharp Queen,Gold Meridian,Tri Argo,サンデーサイレンス,キャンペンガール,Sadler's Wells,Querida,Halo,Wishing Well,ロイヤルスキー,アグネスレディー,Deputy Minister,Mitterand,トニービン,ダイナカール
202606010305,7,芝,2000,良,新馬,キタサンブラック,エルヴァス,ブラックタイド,シュガーハート,Catcher In The Rye,Gran Oleada,サンデーサイレンス,ウインドインハーヘア,サクラバクシンオー,オトメゴコロ,デインヒル,Truly a Dream,Grand Slam,Ondina,Halo,Wishing Well,Alzao,Burghclere,サクラユタカオー,サクラハゴロモ,ジャッジアンジェルーチ,テイズリー,Danzig,Razyana,Darshaan,Truly Special,Gone West,Bright Candles,サザンヘイロー,Orsa,Hail to Reason,Cosmah,Understanding,Mountain Flower,Lyphard,Lady Rebecca,Busted,Highclere,テスコボーイ,アンジェリカ,ノーザンテースト,クリアアンバー,Honest Pleasure,Victorian Queen,Lyphard,Tizna,Northern Dancer,Pas de Nom,His Majesty,Spring Adieu,Shirley Heights,Delsy,Caerleon,Arctique Royale,Mr. Prospector,Secrettame,El Gran Senor,Christmas Bonus,Halo,Northern Sea,Senor Pete,Oh'Sun
202606010305,8,芝,2000,良,新馬,ベンバトル,クラウンロゼ,Dubawi,Nahrain,ロサード,ヒシアスカ,Dubai Millennium,Zomaradah,Selkirk,Bahr,サンデーサイレンス,ローザネイ,ヒシアケボノ,ヒシカデイーナ,Seeking the Gold,Colorado Dancer,Deploy,Jawaher,Sharpen Up,Annie Edge,ジェネラス,Lady of the Sea,Halo,Wishing Well,Lyphard,Riviere Doree,Woodman,Mysteries,サウスアトランティック,チェリーセフト,Mr. Prospector,Con Game,Shareef Dancer,Fall Aspen,Shirley Heights,Slightly Dangerous,ダンシングブレーヴ,High Tern,エタン,Rocchetta,Nebbiolo,Friendly Court,Caerleon,Doff the Derby,Mill Reef,La Mer,Hail to Reason,Cosmah,Understanding,Mountain Flower,Northern Dancer,Goofed,Secretariat,Riverqueen,Mr. Prospector,プレイメイト,Seattle Slew,Phydilla,Mill Reef,Arkadina,テスコボーイ,ソロナフォード
202606010305,9,芝,2000,良,新馬,レイデオロ,リュウノシャンソン,キングカメハメハ,ラドラーダ,トーセンラー,ハッピービーチ,Kingmambo,マンファス,シンボリクリスエス,レディブロンド,ディープインパクト,プリンセスオリビア,タイキシャトル,ナギサ,Mr. Prospector,Miesque,ラストタイクーン,Pilot Bird,Kris S.,Tee Kay,Seeking the Gold,ウインドインハーヘア,サンデーサイレンス,ウインドインハーヘア,Lycius,Dance Image,Devil's Bag,ウェルシュマフィン,マークオブディスティンクション,ミデオンルビー,Raise a Native,Gold Digger,Nureyev,Pasadoble,トライマイベスト,Mill Princess,Blakeney,The Dancer,Roberto,Sharp Queen,Gold Meridian,Tri Argo,Mr. Prospector,Con Game,Alzao,Burghclere,Halo,Wishing Well,Alzao,Burghclere,Mr. Prospector,Lypatia,Sadler's Wells,Diamond Spring,Halo,Ballade,Caerleon,Muffitys,Known Fact,Ghislaine,ノーザリー,ワールドソロン
202606010305,10,芝,2000,良,新馬,シルバーステート,セルフィーバイブス,ディープインパクト,シルヴァースカヤ,キングカメハメハ,ミリオンセラー,サンデーサイレンス,ウインドインハーヘア,Silver Hawk,Boubskaia,Kingmambo,マンファス,A.P. Indy,ミリオンギフト,Halo,Wishing Well,Alzao,Burghclere,Roberto,Gris Vitesse,Niniski,Frenetique,Mr. Prospector,Miesque,ラストタイクーン,Pilot Bird,Seattle Slew,Weekend Surprise,サンデーサイレンス,メイプルジンスキー,Hail to Reason,Cosmah,Understanding,Mountain Flower,Lyphard,Lady Rebecca,Busted,Highclere,Hail to Reason,Bramalea,Amerigo,Matchiche,Nijinsky,Virginia Hills,Tyrant,Femina,Raise a Native,Gold Digger,Nureyev,Pasadoble,トライマイベスト,Mill Princess,Blakeney,The Dancer,Bold Reasoning,My Charmer,Secretariat,Lassie Dear,Halo,Wishing Well,Nijinsky,Gold Beauty
202606010305,11,芝,2000,良,新馬,サトノクラウン,ジョイズエターナル,Marju,ジョコンダ,ディープブリランテ,フロイデタンツェン,ラストタイクーン,Flame of Tara,Rossini,La Joconde,ディープインパクト,ラヴアンドバブルズ,ストローズクリーク,ターフサルート,トライマイベスト,Mill Princess,アーテイアス,Welsh Flame,Miswaki,Touch of Greatness,Vettori,Lust,サンデーサイレンス,ウインドインハーヘア,Loup Sauvage,バブルドリーム,Halo,Bottle Top,Lord at War,Wanda Kaye,Northern Dancer,Sex Appeal,Mill Reef,Irish Lass,Round Table,Stylish Pattern,Welsh Pageant,Electric Flash,Mr. Prospector,Hopespringseternal,Hero's Honor,Ivory Wand,Machiavellian,Air Distingue,Pursuit of Love,Pato,Halo,Wishing Well,Alzao,Burghclere,Riverman,Louveterie,Akarad,バブルプロスペクター,Hail to Reason,Cosmah,Topsider,Rhubarb,General,Luna de Miel,Timeless Native,Wings of Night
202606010305,12,芝,2000,良,新馬,カリフォルニアクローム,スーパーマダム,Lucky Pulpit,Love the Chase,タニノギムレット,オメガフォーチュン,Pulpit,Lucky Soph,Not for Love,Chase It Down,ブライアンズタイム,タニノクリスタル,フジキセキ,エリンバード,A.P. Indy,Preach,Cozzene,Lucky Spell,Mr. Prospector,Dance Number,Polish Numbers,Chase the Dream,Roberto,Kelley's Day,クリスタルパレス,タニノシーバード,サンデーサイレンス,ミルレーサー,Bluebird,Maid of Erin,Seattle Slew,Weekend Surprise,Mr. Prospector,Narrate,Caro,Ride the Trails,Lucky Mel,Incantation,Raise a Native,Gold Digger,Northern Dancer,Numbered Account,Danzig,Numbered Account,Sir Ivor,La Belle Fleur,Hail to Reason,Bramalea,Graustark,Golden Trail,Caro,Hermieres,Sea-Bird,Flaxen,Halo,Wishing Well,Le Fabuleux,Marston's Mill,Storm Bird,Ivory Dawn,Irish River,Dancing Shadow
202606010305,13,芝,2000,良,新馬,マテラスカイ,リリカルドリーム,Speightstown,Mostaqeleh,Hard Spun,ドリームキセキ,Gone West,Silken Cat,Rahy,Istiqlal,Danzig,Turkish Tryst,フジキセキ,ドリームロッチ,Mr. Prospector,Secrettame,Storm Cat,Silken Doll,Blushing Groom,Glorious Song,Diesis,Wasnah,Northern Dancer,Pas de Nom,Turkoman,Darbyvail,サンデーサイレンス,ミルレーサー,アンシェントタイム,シバドリーム,Raise a Native,Gold Digger,Secretariat,Tamerett,Storm Bird,Terlingua,Chieftain,Insilca,Red God,Runaway Bride,Halo,Ballade,Sharpen Up,Doubly Sure,Nijinsky,Highest Trump,Nearctic,Natalma,Admiral's Voyage,Petitioner,Alydar,Taba,Roberto,Luiana,Halo,Wishing Well,Le Fabuleux,Marston's Mill,Nijinsky,Nellie Forbes,スティールハート,ロッチホーク
202606010305,14,芝,2000,良,新馬,リアルスティール,ルヴァンクレール,ディープインパクト,ラヴズオンリーミー,Danehill Dancer,Loch Clair,サンデーサイレンス,ウインドインハーヘア,Storm Cat,Monevassia,デインヒル,Mira Adonde,Lomond,Burghclere,Halo,Wishing Well,Alzao,Burghclere,Storm Bird,Terlingua,Mr. Prospector,Miesque,Danzig,Razyana,Sharpen Up,Lettre d'Amour,Northern Dancer,My Charmer,Busted,Highclere,Hail to Reason,Cosmah,Understanding,Mountain Flower,Lyphard,Lady Rebecca,Busted,Highclere,Northern Dancer,South Ocean,Secretariat,Crimson Saint,Raise a Native,Gold Digger,Nureyev,Pasadoble,Northern Dancer,Pas de Nom,His Majesty,Spring Adieu,エタン,Rocchetta,Caro,Lianga,Nearctic,Natalma,Poker,Fair Charmer,Crepello,Sans le Sou,Queen's Hussar,Highlight
202606010305,15,芝,2000,良,新馬,モーリス,アルメーリヒ,スクリーンヒーロー,メジロフランシス,ネオユニヴァース,プアプー,グラスワンダー,ランニングヒロイン,カーネギー,メジロモントレー,サンデーサイレンス,ポインテッドパス,Dashing Blade,Plains Indian,Silver Hawk,Ameriflora,サンデーサイレンス,ダイナアクトレス,Sadler's Wells,Detroit,モガミ,メジロクインシー,Halo,Wishing Well,Kris,Silken Way,Elegant Air,Sharp Castan,ダンシングブレーヴ,Prairie Venus,Roberto,Gris Vitesse,Danzig,Graceful Touch,Halo,Wishing Well,ノーザンテースト,モデルスポート,Northern Dancer,Fairy Bridge,Riverman,Derna,Lyphard,ノーラック,フィディオン,メジロボサツ,Hail to Reason,Cosmah,Understanding,Mountain Flower,Sharpen Up,Doubly Sure,Shantung,Boulevard,Shirley Heights,Elegant Tern,Sharpen Up,Sultry One,Lyphard,Navajo Princess,Surumu,Prairie Stella
202606010306,1,ダート,1800,良,1勝クラス,シルバーステート,ニシノステディー,ディープインパクト,シルヴァースカヤ,グランデラ,セイウンタカコ,サンデーサイレンス,ウインドインハーヘア,Silver Hawk,Boubskaia,Grand Lodge,Bordighera,ジェイドロバリー,ヘイセイイブ,Halo,Wishing Well,Alzao,Burghclere,Roberto,Gris Vitesse,Niniski,Frenetique,Chief's Crown,La Papagena,Alysheba,Blue Tip,Mr. Prospector,Number,ノーザンテースト,イコノクラスト,Hail to Reason,Cosmah,Understanding,Mountain Flower,Lyphard,Lady Rebecca,Busted,Highclere,Hail to Reason,Bramalea,Amerigo,Matchiche,Nijinsky,Virginia Hills,Tyrant,Femina,Danzig,Six Crowns,Habitat,Magic Flute,Alydar,Bel Sheba,Tip Moss,As Blue,Raise a Native,Gold Digger,Nijinsky,Special,Northern Dancer,Lady Victoria,New Chapter,Agujita
202606010306,2,ダート,1800,良,1勝クラス,タリスマニック,ポーズ,Medaglia d'Oro,Magic Mission,ゼンノロブロイ,スプリングタイムロマンス,El Prado,Cappucino Bay,Machiavellian,Dream Ticket,サンデーサイレンス,ローミンレイチェル,Kris S.,Khamsin,Sadler's Wells,Lady Capulet,Bailjumper,Dubbed In,Mr. Prospector,Coup de Folie,Danzig,Capo Di Monte,Halo,Wishing Well,マイニング,One Smart Lady,Roberto,Sharp Queen,Mr. Prospector,Stormette,Northern Dancer,Fairy Bridge,Sir Ivor,Cap and Bells,Damascus,Court Circuit,Silent Screen,Society Singer,Raise a Native,Gold Digger,Halo,Raise the Standard,Northern Dancer,Pas de Nom,Final Straw,Burghclere,Hail to Reason,Cosmah,Understanding,Mountain Flower,Mr. Prospector,I Pass,Clever Trick,Pia's Lady,Hail to Reason,Bramalea,Princequillo,Bridgework,Raise a Native,Gold Digger,Assert,South Ocean
202606010306,3,ダート,1800,良,1勝クラス,ゴールドシップ,ストライクルート,ステイゴールド,ポイントフラッグ,Smart Strike,Tadwiga,サンデーサイレンス,ゴールデンサッシュ,メジロマックイーン,パストラリズム,Mr. Prospector,Classy'n Smart,Fairy King,Euromill,Halo,Wishing Well,ディクタス,ダイナサッシュ,メジロティターン,メジロオーロラ,プルラリズム,トクノエイティー,Raise a Native,Gold Digger,Smarten,No Class,Northern Dancer,Fairy Bridge,Shirley Heights,Green Lucia,Hail to Reason,Cosmah,Understanding,Mountain Flower,Sanctus,Doronic,ノーザンテースト,ロイヤルサッシュ,メジロアサマ,シエリル,リマンド,メジロアイリス,The Minstrel,Cambretta,トライバルチーフ,アイアンルビー,Native Dancer,Raise You,Nashua,Sequence,Cyane,Smartaire,Nodouble,Classy Quillo,Nearctic,Natalma,Bold Reason,Special,Mill Reef,Hardiemma,Green Dancer,Cockade
202606010306,4,ダート,1800,良,1勝クラス,エスケンデレヤ,ゲッカビジン,Giant's Causeway,Aldebaran Light,ヨハネスブルグ,オクシペタルム,Storm Cat,Mariah's Storm,Seattle Slew,Altair,ヘネシー,Myth,シンボリクリスエス,エアウイングス,Storm Bird,Terlingua,Rahy,イメンス,Bold Reasoning,My Charmer,Alydar,ステラーオデッセイ,Storm Cat,Island Kitty,オジジアン,Yarn,Kris S.,Tee Kay,サンデーサイレンス,シークレットシェアラー,Northern Dancer,South Ocean,Secretariat,Crimson Saint,Blushing Groom,Glorious Song,Roberto,Imsodear,Boldnesian,Reason to Earn,Poker,Fair Charmer,Raise a Native,Sweet Tooth,Northern Dancer,Queen Sucree,Storm Bird,Terlingua,Hawaii,T. C. Kitten,Damascus,Gonfalon,Mr. Prospector,Narrate,Roberto,Sharp Queen,Gold Meridian,Tri Argo,Halo,Wishing Well,Secretariat,Nijana
202606010306,5,ダート,1800,良,1勝クラス,サトノアラジン,コーリンブリリアン,ディープインパクト,マジックストーム,キングカメハメハ,コーリンピュア,サンデーサイレンス,ウインドインハーヘア,Storm Cat,Foppy Dancer,Kingmambo,マンファス,サクラバクシンオー,キャッチザナイト,Halo,Wishing Well,Alzao,Burghclere,Storm Bird,Terlingua,Fappiano,Water Dance,Mr. Prospector,Miesque,ラストタイクーン,Pilot Bird,サクラユタカオー,サクラハゴロモ,マルゼンスキー,セントフォード,Hail to Reason,Cosmah,Understanding,Mountain Flower,Lyphard,Lady Rebecca,Busted,Highclere,Northern Dancer,South Ocean,Secretariat,Crimson Saint,Mr. Prospector,Killaloe,Nijinsky,Luiana,Raise a Native,Gold Digger,Nureyev,Pasadoble,トライマイベスト,Mill Princess,Blakeney,The Dancer,テスコボーイ,アンジェリカ,ノーザンテースト,クリアアンバー,Nijinsky,シル,セントクレスピン,ホウシュウスタン
202606010306,6,ダート,1800,良,1勝クラス,キズナ,ラブリーベルナデット,ディープインパクト,キャットクイル,Wilburn,Inlovewithlove,サンデーサイレンス,ウインドインハーヘア,Storm Cat,Pacific Princess,Bernardini,Moonlight Sonata,Bernstein,Not a Solution,Halo,Wishing Well,Alzao,Burghclere,Storm Bird,Terlingua,Damascus,Fiji,A.P. Indy,Cara Rafaela,Carson City,Wheatly Way,Storm Cat,La Affirmed,Grand Slam,Popol Vuh,Hail to Reason,Cosmah,Understanding,Mountain Flower,Lyphard,Lady Rebecca,Busted,Highclere,Northern Dancer,South Ocean,Secretariat,Crimson Saint,Sword Dancer,Kerala,Acropolis,Rififi,Seattle Slew,Weekend Surprise,Quiet American,Oil Fable,Mr. Prospector,Blushing Promise,Wheatly Hall,Family Way,Storm Bird,Terlingua,Affirmed,La Mesa,Gone West,Bright Candles,Czaravich,Tiy
202606010306,7,ダート,1800,良,1勝クラス,モーニン,ナムラアピア,ヘニーヒューズ,Giggly,クロフネ,ストロングソレイユ,ヘネシー,Meadow Flyer,Distorted Humor,Chaste,フレンチデピュティ,ブルーアヴェニュー,ニホンピロウイナー,リミウッド,Storm Cat,Island Kitty,Meadowlake,Shortley,フォーティナイナー,Danzig's Beauty,Cozzene,Purity,Deputy Minister,Mitterand,Classic Go Go,Eliza Blue,スティールハート,ニホンピロエバート,Woodman,Dictina,Storm Bird,Terlingua,Hawaii,T. C. Kitten,Hold Your Peace,Suspicious Native,Hagley,Short Winded,Mr. Prospector,File,Danzig,Sweetest Chant,Caro,Ride the Trails,Fappiano,Dame Mysterieuse,Vice Regent,Mint Copy,Hold Your Peace,Laredo Lass,Pago Pago,Classic Perfection,Icecapade,コレラ,Habitat,A.,チャイナロック,ライトフレーム,Mr. Prospector,プレイメイト,ディクタス,Cesarina
202606010306,8,ダート,1800,良,1勝クラス,タリスマニック,クロエチャン,Medaglia d'Oro,Magic Mission,スパイキュール,トレローニー,El Prado,Cappucino Bay,Machiavellian,Dream Ticket,サンデーサイレンス,クラフテイワイフ,ミスターダンディ,リトルバンデーラ,Sadler's Wells,Lady Capulet,Bailjumper,Dubbed In,Mr. Prospector,Coup de Folie,Danzig,Capo Di Monte,Halo,Wishing Well,Crafty Prospector,Wife Mistress,オランテ,ダンディライアン,ダイゼンキング,ラバンデーラ,Northern Dancer,Fairy Bridge,Sir Ivor,Cap and Bells,Damascus,Court Circuit,Silent Screen,Society Singer,Raise a Native,Gold Digger,Halo,Raise the Standard,Northern Dancer,Pas de Nom,Final Straw,Burghclere,Hail to Reason,Cosmah,Understanding,Mountain Flower,Mr. Prospector,Real Crafty Lady,Secretariat,Political Payoff,Bold Bidder,Mock Orange,マツカゼオー,ミサキクラブ,トウショウボーイ,ブライヤア,Morston,Patois
202606010306,9,ダート,1800,良,1勝クラス,サトノアラジン,ショウナンカガリビ,ディープインパクト,マジックストーム,フレンチデピュティ,ショウナンアクシア,サンデーサイレンス,ウインドインハーヘア,Storm Cat,Foppy Dancer,Deputy Minister,Mitterand,ヘクタープロテクター,ショウナンプリティ,Halo,Wishing Well,Alzao,Burghclere,Storm Bird,Terlingua,Fappiano,Water Dance,Vice Regent,Mint Copy,Hold Your Peace,Laredo Lass,Woodman,Korveya,ウォロー,メジロハリマ,Hail to Reason,Cosmah,Understanding,Mountain Flower,Lyphard,Lady Rebecca,Busted,Highclere,Northern Dancer,South Ocean,Secretariat,Crimson Saint,Mr. Prospector,Killaloe,Nijinsky,Luiana,Northern Dancer,Victoria Regina,Bunty's Flight,Shakney,Speak John,Blue Moon,Bold Ruler,Fortunate Isle,Mr. Prospector,プレイメイト,Riverman,Konafa,Wolver Hollow,Wichuraiana,ネヴァービート,アサマユリ
202606010306,10,ダート,1800,良,1勝クラス,デクラレーションオブウォー,スティルウォーター,War Front,Tempo West,キングカメハメハ,ソリッドプラチナム,Danzig,Starry Dreamer,Rahy,Tempo,Kingmambo,マンファス,ステイゴールド,リザーブシート,Northern Dancer,Pas de Nom,Rubiano,Lara's Star,Blushing Groom,Glorious Song,Gone West,Terpsichorist,Mr. Prospector,Miesque,ラストタイクーン,Pilot Bird,サンデーサイレンス,ゴールデンサッシュ,クリエイター,インヴァイト,Nearctic,Natalma,Admiral's Voyage,Petitioner,Fappiano,Ruby Slippers,Forli,True Reality,Red God,Runaway Bride,Halo,Ballade,Mr. Prospector,Secrettame,Nijinsky,Glad Rags,Raise a Native,Gold Digger,Nureyev,Pasadoble,トライマイベスト,Mill Princess,Blakeney,The Dancer,Halo,Wishing Well,ディクタス,ダイナサッシュ,Mill Reef,Chalon,Be My Guest,Burghclere
202606010306,11,ダート,1800,良,1勝クラス,ルーラーシップ,シェリール,キングカメハメハ,エアグルーヴ,サンデーサイレンス,ジェドゥーザムール,Kingmambo,マンファス,トニービン,ダイナカール,Halo,Wishing Well,Top Ville,Pollenka,Mr. Prospector,Miesque,ラストタイクーン,Pilot Bird,カンパラ,Severn Bridge,ノーザンテースト,シャダイフェザー,Hail to Reason,Cosmah,Understanding,Mountain Flower,High Top,Sega Ville,Reliance,Polana,Raise a Native,Gold Digger,Nureyev,Pasadoble,トライマイベスト,Mill Princess,Blakeney,The Dancer,Kalamoun,State Pension,Hornbeam,Priddy Fair,Northern Dancer,Lady Victoria,ガーサント,パロクサイド,Turn-to,Nothirdchance,Cosmic Bomb,Almahmoud,Promised Land,Pretty Ways,Montparnasse,Edelweiss,Derring-Do,Camenae,Charlottesville,La Sega,Tantieme,Relance,Botticelli,Parabola
202606010306,12,ダート,1800,良,1勝クラス,マインドユアビスケッツ,ダンサーズブロンド,Posse,Jazzmane,ゴールドアリュール,ティエッチダンサー,Silver Deputy,Raska,Toccet,Alljazz,サンデーサイレンス,ニキーヤ,Dixieland Band,ブロートツウマインド,Deputy Minister,Silver Valley,Rahy,Borishka,Awesome Again,Cozzene's Angel,Stop the Music,Bounteous,Halo,Wishing Well,Nureyev,Reluctant Guest,Northern Dancer,Mississippi Mud,Ruthie's Native,Eliza Blue,Vice Regent,Mint Copy,Mr. Prospector,Seven Valleys,Blushing Groom,Glorious Song,Roberto,Queen Maud,Deputy Minister,Primal Force,Cozzene,Charming Pan,Hail to Reason,Bebopper,Master Derby,Mlle. Quille,Hail to Reason,Cosmah,Understanding,Mountain Flower,Northern Dancer,Special,Hostage,Vaguely Royal,Nearctic,Natalma,Delta Judge,Sand Buggy,Native Royalty,Right About,Icecapade,コレラ
202606010306,13,ダート,1800,良,1勝クラス,ノーブルミッション,ワンダービリーヴ,Galileo,Kind,ディープインパクト,シルバーバレーガール,Sadler's Wells,Urban Sea,デインヒル,Rainbow Lake,サンデーサイレンス,ウインドインハーヘア,Deputy Minister,Silver Valley,Northern Dancer,Fairy Bridge,Miswaki,Allegretta,Danzig,Razyana,Rainbow Quest,Rockfest,Halo,Wishing Well,Alzao,Burghclere,Vice Regent,Mint Copy,Mr. Prospector,Seven Valleys,Nearctic,Natalma,Bold Reason,Special,Mr. Prospector,Hopespringseternal,Lombard,Anatevka,Northern Dancer,Pas de Nom,His Majesty,Spring Adieu,Blushing Groom,I Will Follow,Stage Door Johnny,Rock Garden,Hail to Reason,Cosmah,Understanding,Mountain Flower,Lyphard,Lady Rebecca,Busted,Highclere,Northern Dancer,Victoria Regina,Bunty's Flight,Shakney,Raise a Native,Gold Digger,Road At Sea,Proud Pied
202606010306,14,ダート,1800,良,1勝クラス,ブリックスアンドモルタル,リモニウム,Giant's Causeway,Beyond the Waves,ハーツクライ,カヴァートラブ,Storm Cat,Mariah's Storm,Ocean Crest,Excedent,サンデーサイレンス,アイリッシュダンス,Azamour,ウイングステルス,Storm Bird,Terlingua,Rahy,イメンス,Storm Bird,S.S.Aroma,Exceller,Broadway Lullaby,Halo,Wishing Well,トニービン,ビューパーダンス,Night Shift,Asmara,Hawk Wing,Starlight Smile,Northern Dancer,South Ocean,Secretariat,Crimson Saint,Blushing Groom,Glorious Song,Roberto,Imsodear,Northern Dancer,South Ocean,Seattle Slew,Rare Bouquet,Vaguely Noble,Too Bald,Stage Door Johnny,リットルブレツシング,Hail to Reason,Cosmah,Understanding,Mountain Flower,カンパラ,Severn Bridge,Lyphard,My Bupers,Northern Dancer,Ciboulette,Lear Fan,Anaza,Woodman,La Lorgnette,Green Dancer,Bubinka
202606010306,15,ダート,1800,良,1勝クラス,ウインブライト,ブーケドロゼブルー,ステイゴールド,サマーエタニティ,ロージズインメイ,イセノトウショウ,サンデーサイレンス,ゴールデンサッシュ,アドマイヤコジーン,オールフォーゲラン,Devil His Due,Tell a Secret,トウショウボーイ,マルミチーフ,Halo,Wishing Well,ディクタス,ダイナサッシュ,Cozzene,アドマイヤマカディ,ジェイドロバリー,ミスゲラン,Devil's Bag,Plenty O'Toole,Speak John,Secret Retreat,テスコボーイ,ソシアルバターフライ,ビッグディザイアー,トキワアイゼン,Hail to Reason,Cosmah,Understanding,Mountain Flower,Sanctus,Doronic,ノーザンテースト,ロイヤルサッシュ,Caro,Ride the Trails,ノーザンテースト,ミセスマカディー,Mr. Prospector,Number,マルゼンスキー,ゲラン,Halo,Ballade,Raise a Cup,Li'l Puss,Prince John,Nuit de Folies,Clandestine,Retirement,Princely Gift,Suncourt,Your Host,Wisteria,トライバルチーフ,クリアヤメ,キタノカチドキ,トキノマサト
202606010306,16,ダート,1800,良,1勝クラス,リオンディーズ,ウインファビラス,キングカメハメハ,シーザリオ,ステイゴールド,サマーエタニティ,Kingmambo,マンファス,スペシャルウィーク,キロフプリミエール,サンデーサイレンス,ゴールデンサッシュ,アドマイヤコジーン,オールフォーゲラン,Mr. Prospector,Miesque,ラストタイクーン,Pilot Bird,サンデーサイレンス,キャンペンガール,Sadler's Wells,Querida,Halo,Wishing Well,ディクタス,ダイナサッシュ,Cozzene,アドマイヤマカディ,ジェイドロバリー,ミスゲラン,Raise a Native,Gold Digger,Nureyev,Pasadoble,トライマイベスト,Mill Princess,Blakeney,The Dancer,Halo,Wishing Well,マルゼンスキー,レディーシラオキ,Northern Dancer,Fairy Bridge,Habitat,Principia,Hail to Reason,Cosmah,Understanding,Mountain Flower,Sanctus,Doronic,ノーザンテースト,ロイヤルサッシュ,Caro,Ride the Trails,ノーザンテースト,ミセスマカディー,Mr. Prospector,Number,マルゼンスキー,ゲラン
202606010307,1,芝,1600,良,未勝利,イスラボニータ,アームズレングス,フジキセキ,イスラコジーン,ホワイトマズル,ノットユアビジネス,サンデーサイレンス,ミルレーサー,Cozzene,Isla Mujeres,ダンシングブレーヴ,Fair of the Furze,エンドスウィープ,ニフティディード,Halo,Wishing Well,Le Fabuleux,Marston's Mill,Caro,Ride the Trails,Crafty Prospector,Lido Isle,Lyphard,Navajo Princess,Ela-Mana-Mou,Autocratic,フォーティナイナー,Broom Dance,サンデーサイレンス,ニフティニース,Hail to Reason,Cosmah,Understanding,Mountain Flower,Wild Risk,Anguar,In Reality,Millicent,フォルティノ,Chambord,Prince John,Wildwook,Mr. Prospector,Real Crafty Lady,Far North,She Is Gorgeous,Northern Dancer,Goofed,Drone,Olmec,ピットカーン,Rose Bertin,Tyrant,Flight Table,Mr. Prospector,File,Dance Spell,Witching Hour,Halo,Wishing Well,Raise a Native,ニフテイアンドニート
202606010307,2,芝,1600,良,未勝利,スワーヴリチャード,ファータグリーン,ハーツクライ,ピラミマ,タニノギムレット,レディーダービー,サンデーサイレンス,アイリッシュダンス,Unbridled's Song,キャリアコレクション,ブライアンズタイム,タニノクリスタル,スペシャルウィーク,ウメノファイバー,Halo,Wishing Well,トニービン,ビューパーダンス,Unbridled,Trolley Song,General Meeting,River of Stars,Roberto,Kelley's Day,クリスタルパレス,タニノシーバード,サンデーサイレンス,キャンペンガール,サクラユタカオー,ウメノローザ,Hail to Reason,Cosmah,Understanding,Mountain Flower,カンパラ,Severn Bridge,Lyphard,My Bupers,Fappiano,Gana Facil,Caro,Lucky Spell,Seattle Slew,Alydar's Promise,Riverman,Star Fortune,Hail to Reason,Bramalea,Graustark,Golden Trail,Caro,Hermieres,Sea-Bird,Flaxen,Halo,Wishing Well,マルゼンスキー,レディーシラオキ,テスコボーイ,アンジェリカ,ノーザンディクテイター,ウメノシルバー
202606010307,3,芝,1600,良,未勝利,エピファネイア,レジーナドーロ,シンボリクリスエス,シーザリオ,キングカメハメハ,レジネッタ,Kris S.,Tee Kay,スペシャルウィーク,キロフプリミエール,Kingmambo,マンファス,フレンチデピュティ,アスペンリーフ,Roberto,Sharp Queen,Gold Meridian,Tri Argo,サンデーサイレンス,キャンペンガール,Sadler's Wells,Querida,Mr. Prospector,Miesque,ラストタイクーン,Pilot Bird,Deputy Minister,Mitterand,サンデーサイレンス,マクダヴィア,Hail to Reason,Bramalea,Princequillo,Bridgework,Seattle Slew,Queen Louie,Tri Jet,Hail Proudly,Halo,Wishing Well,マルゼンスキー,レディーシラオキ,Northern Dancer,Fairy Bridge,Habitat,Principia,Raise a Native,Gold Digger,Nureyev,Pasadoble,トライマイベスト,Mill Princess,Blakeney,The Dancer,Vice Regent,Mint Copy,Hold Your Peace,Laredo Lass,Halo,Wishing Well,ブラッシングジョン,Northern Aspen
202606010307,4,芝,1600,良,未勝利,クラウンレガーロ,マリノルシアーナ,グラスワンダー,エクストラニュース,エピファネイア,クラウンフォルテ,Silver Hawk,Ameriflora,エンドスウィープ,スケアヘッドライン,シンボリクリスエス,シーザリオ,ハービンジャー,ピンクリップス,Roberto,Gris Vitesse,Danzig,Graceful Touch,フォーティナイナー,Broom Dance,パドスール,シャダイチャッター,Kris S.,Tee Kay,スペシャルウィーク,キロフプリミエール,Dansili,Penang Pearl,エンドスウィープ,マリスター,Hail to Reason,Bramalea,Amerigo,Matchiche,Northern Dancer,Pas de Nom,His Majesty,Pi Phi Gal,Mr. Prospector,File,Dance Spell,Witching Hour,Mill Reef,Thereby,ノーザンテースト,ペルースポート,Roberto,Sharp Queen,Gold Meridian,Tri Argo,サンデーサイレンス,キャンペンガール,Sadler's Wells,Querida,デインヒル,Hasili,Bering,Guapa,フォーティナイナー,Broom Dance,Baldski,Pink Dove
202606010307,5,芝,1600,良,未勝利,ダノンキングリー,レローヴ,ディープインパクト,マイグッドネス,ヴィクトワールピサ,アイアムラヴィング,サンデーサイレンス,ウインドインハーヘア,Storm Cat,Caressing,ネオユニヴァース,ホワイトウォーターアフェア,ファルブラヴ,プラウドウイングス,Halo,Wishing Well,Alzao,Burghclere,Storm Bird,Terlingua,Honour and Glory,Lovin Touch,サンデーサイレンス,ポインテッドパス,Machiavellian,Much Too Risky,Fairy King,Gift of the Night,Dashing Blade,Peraja,Hail to Reason,Cosmah,Understanding,Mountain Flower,Lyphard,Lady Rebecca,Busted,Highclere,Northern Dancer,South Ocean,Secretariat,Crimson Saint,Relaunch,Fair to All,Majestic Prince,Forest Princess,Halo,Wishing Well,Kris,Silken Way,Mr. Prospector,Coup de Folie,Bustino,Short Rations,Northern Dancer,Fairy Bridge,Slewpy,Little Nana,Elegant Air,Sharp Castan,Kaiseradler,Perette
202606010307,6,芝,1600,良,未勝利,キズナ,マジックファウンテン,ディープインパクト,キャットクイル,War Front,Bracelet,サンデーサイレンス,ウインドインハーヘア,Storm Cat,Pacific Princess,Danzig,Starry Dreamer,Montjeu,Cherry Hinton,Halo,Wishing Well,Alzao,Burghclere,Storm Bird,Terlingua,Damascus,Fiji,Northern Dancer,Pas de Nom,Rubiano,Lara's Star,Sadler's Wells,Floripedes,Green Desert,Urban Sea,Hail to Reason,Cosmah,Understanding,Mountain Flower,Lyphard,Lady Rebecca,Busted,Highclere,Northern Dancer,South Ocean,Secretariat,Crimson Saint,Sword Dancer,Kerala,Acropolis,Rififi,Nearctic,Natalma,Admiral's Voyage,Petitioner,Fappiano,Ruby Slippers,Forli,True Reality,Northern Dancer,Fairy Bridge,Top Ville,Toute Cy,Danzig,Foreign Courier,Miswaki,Allegretta
202606010307,7,芝,1600,良,未勝利,ミッキーアイル,エフティイーリス,ディープインパクト,スターアイル,ルーラーシップ,エフティマイア,サンデーサイレンス,ウインドインハーヘア,ロックオブジブラルタル,アイルドフランス,キングカメハメハ,エアグルーヴ,フジキセキ,カツラドライバー,Halo,Wishing Well,Alzao,Burghclere,デインヒル,Offshore Boom,Nureyev,ステラマドリッド,Kingmambo,マンファス,トニービン,ダイナカール,サンデーサイレンス,ミルレーサー,ニホンピロウイナー,ノーザンマイア,Hail to Reason,Cosmah,Understanding,Mountain Flower,Lyphard,Lady Rebecca,Busted,Highclere,Danzig,Razyana,Be My Guest,Push a Button,Northern Dancer,Special,Alydar,My Juliet,Mr. Prospector,Miesque,ラストタイクーン,Pilot Bird,カンパラ,Severn Bridge,ノーザンテースト,シャダイフェザー,Halo,Wishing Well,Le Fabuleux,Marston's Mill,スティールハート,ニホンピロエバート,ノーザンテースト,マイア
202606010307,8,芝,1600,良,未勝利,サトノダイヤモンド,シェイラトス,ディープインパクト,マルペンサ,Galileo,Palacoona,サンデーサイレンス,ウインドインハーヘア,Orpen,Marsella,Sadler's Wells,Urban Sea,ラストタイクーン,Palavera,Halo,Wishing Well,Alzao,Burghclere,Lure,Bonita Francita,サザンヘイロー,Riviere,Northern Dancer,Fairy Bridge,Miswaki,Allegretta,トライマイベスト,Mill Princess,Bikala,ポーリスタナ,Hail to Reason,Cosmah,Understanding,Mountain Flower,Lyphard,Lady Rebecca,Busted,Highclere,Danzig,Endear,Devil's Bag,Raise the Standard,Halo,Northern Sea,Logical,Talonada,Nearctic,Natalma,Bold Reason,Special,Mr. Prospector,Hopespringseternal,Lombard,Anatevka,Northern Dancer,Sex Appeal,Mill Reef,Irish Lass,Kalamoun,Irish Bird,Pretense,Near Me Now
202606010307,9,芝,1600,良,未勝利,ミッキーアイル,ビートゴーズオン,ディープインパクト,スターアイル,Curlin,Tadwiga,サンデーサイレンス,ウインドインハーヘア,ロックオブジブラルタル,アイルドフランス,Smart Strike,Sherriff's Deputy,Fairy King,Euromill,Halo,Wishing Well,Alzao,Burghclere,デインヒル,Offshore Boom,Nureyev,ステラマドリッド,Mr. Prospector,Classy 'n Smart,Deputy Minister,Barbarika,Northern Dancer,Fairy Bridge,Shirley Heights,Green Lucia,Hail to Reason,Cosmah,Understanding,Mountain Flower,Lyphard,Lady Rebecca,Busted,Highclere,Danzig,Razyana,Be My Guest,Push a Button,Northern Dancer,Special,Alydar,My Juliet,Raise a Native,Gold Digger,Smarten,No Class,Vice Regent,Mint Copy,Bates Motel,War Exchange,Nearctic,Natalma,Bold Reason,Special,Mill Reef,Hardiemma,Green Dancer,Cockade
202606010307,10,芝,1600,良,未勝利,グレーターロンドン,レーヌユニヴェール,ディープインパクト,ロンドンブリッジ,タイキシャトル,ペプチドネオパレス,サンデーサイレンス,ウインドインハーヘア,ドクターデヴィアス,オールフォーロンドン,Devil's Bag,ウェルシュマフィン,ネオユニヴァース,タクリーム,Halo,Wishing Well,Alzao,Burghclere,Ahonoora,Rose of Jericho,Danzig,Full Card,Halo,Ballade,Caerleon,Muffitys,サンデーサイレンス,ポインテッドパス,Mr. Prospector,Thaidah,Hail to Reason,Cosmah,Understanding,Mountain Flower,Lyphard,Lady Rebecca,Busted,Highclere,Lorenzaccio,Helen Nichols,Alleged,Rose Red,Northern Dancer,Pas de Nom,Damascus,Belle of the Ball,Hail to Reason,Cosmah,Herbager,Miss Swapsco,Nijinsky,Foreseer,Thatch,Contrail,Halo,Wishing Well,Kris,Silken Way,Raise a Native,Gold Digger,Vice Regent,Ballade
202606010307,11,芝,1600,良,未勝利,アジアエクスプレス,タカミツリリー,ヘニーヒューズ,ランニングボブキャッツ,エンパイアメーカー,アラマサスナイパー,ヘネシー,Meadow Flyer,Running Stag,Backatem,Unbridled,Toussaud,ステイゴールド,ターミナルフラワー,Storm Cat,Island Kitty,Meadowlake,Shortley,Cozzene,Fruhlingstag,Notebook,Deputy's Mistress,Fappiano,Gana Facil,El Gran Senor,Image of Reality,サンデーサイレンス,ゴールデンサッシュ,Salt Lake,Positioned,Storm Bird,Terlingua,Hawaii,T. C. Kitten,Hold Your Peace,Suspicious Native,Hagley,Short Winded,Caro,Ride the Trails,Orsini,Revada,Well Decorated,Mobcap,Deputy Minister,River Crossing,Mr. Prospector,Killaloe,Le Fabuleux,Charedi,Northern Dancer,Sex Appeal,In Reality,Edee's Image,Halo,Wishing Well,ディクタス,ダイナサッシュ,Deputy Minister,Take Lady Anne,Cannonade,Logistic
202606010307,12,芝,1600,良,未勝利,ホークビル,エクレアオール,Kitten's Joy,Trensa,ゴールドアリュール,ゴーファイトウィン,El Prado,Kitten's First,Giant's Causeway,Serape,サンデーサイレンス,ニキーヤ,エンドスウィープ,ライラアラウィ,Sadler's Wells,Lady Capulet,Lear Fan,That's My Hon,Storm Cat,Mariah's Storm,Fappiano,Mochila,Halo,Wishing Well,Nureyev,Reluctant Guest,フォーティナイナー,Broom Dance,Mtoto,Rowa,Northern Dancer,Fairy Bridge,Sir Ivor,Cap and Bells,Roberto,Wac,L'Enjoleur,One Lane,Storm Bird,Terlingua,Rahy,イメンス,Mr. Prospector,Killaloe,In Reality,Ride the Trails,Hail to Reason,Cosmah,Understanding,Mountain Flower,Northern Dancer,Special,Hostage,Vaguely Royal,Mr. Prospector,File,Dance Spell,Witching Hour,Busted,Amazer,Great Nephew,Oh So Fair
202606010307,13,芝,1600,良,未勝利,ファインニードル,シンダーズ,アドマイヤムーン,ニードルクラフト,パイロ,キュームレイト,エンドスウィープ,マイケイティーズ,Mark of Esteem,Sharp Point,Pulpit,Wild Vision,Gone West,Honoria,フォーティナイナー,Broom Dance,サンデーサイレンス,ケイティーズファースト,Darshaan,Homage,ロイヤルアカデミー,Nice Point,A.P. Indy,Preach,Wild Again,Carol's Wonder,Mr. Prospector,Secrettame,Danzig,Royal Honoree,Mr. Prospector,File,Dance Spell,Witching Hour,Halo,Wishing Well,Kris,Katies,Shirley Heights,Delsy,Ajdal,Home Love,Nijinsky,Crimson Saint,Sharpen Up,Alpine Niece,Seattle Slew,Weekend Surprise,Mr. Prospector,Narrate,Icecapade,Bushel-n-Peck,Pass the Tab,Carols Christmas,Raise a Native,Gold Digger,Secretariat,Tamerett,Northern Dancer,Pas de Nom,Round Table,Matriarch
202606010307,14,芝,1600,良,未勝利,エポカドーロ,ユニヴァースパール,オルフェーヴル,ダイワパッション,ネオユニヴァース,アロングザシー,ステイゴールド,オリエンタルアート,フォーティナイナー,サンルージュ,サンデーサイレンス,ポインテッドパス,Anees,Russian Flight,サンデーサイレンス,ゴールデンサッシュ,メジロマックイーン,エレクトロアート,Mr. Prospector,File,シェイディハイツ,チカノヴァ,Halo,Wishing Well,Kris,Silken Way,Unbridled,Ivory Idol,Siberian Express,Rozala,Halo,Wishing Well,ディクタス,ダイナサッシュ,メジロティターン,メジロオーロラ,ノーザンテースト,グランマスティーヴンス,Raise a Native,Gold Digger,Tom Rolfe,Continue,Shirley Heights,Vaguely,Northern Dancer,Cairn Rouge,Hail to Reason,Cosmah,Understanding,Mountain Flower,Sharpen Up,Doubly Sure,Shantung,Boulevard,Fappiano,Gana Facil,Alydar,Ivory Wand,Caro,Indian Call,Roberto,Golden Highlights
202606010307,15,芝,1600,良,未勝利,ベンバトル,サルヴェレジーナ,Dubawi,Nahrain,スクリーンヒーロー,トドロキエンジェル,Dubai Millennium,Zomaradah,Selkirk,Bahr,グラスワンダー,ランニングヒロイン,ステイゴールド,テンシノウタ,Seeking the Gold,Colorado Dancer,Deploy,Jawaher,Sharpen Up,Annie Edge,ジェネラス,Lady of the Sea,Silver Hawk,Ameriflora,サンデーサイレンス,ダイナアクトレス,サンデーサイレンス,ゴールデンサッシュ,シャンハイ,クリスタルウインズ,Mr. Prospector,Con Game,Shareef Dancer,Fall Aspen,Shirley Heights,Slightly Dangerous,ダンシングブレーヴ,High Tern,エタン,Rocchetta,Nebbiolo,Friendly Court,Caerleon,Doff the Derby,Mill Reef,La Mer,Roberto,Gris Vitesse,Danzig,Graceful Touch,Halo,Wishing Well,ノーザンテースト,モデルスポート,Halo,Wishing Well,ディクタス,ダイナサッシュ,Procida,Korveya,クリスタルパレス,トップジヨー
202606010307,16,芝,1600,良,未勝利,マクフィ,アラフネ,Dubawi,Dhelaal,クロフネ,サイレンスマンボウ,Dubai Millennium,Zomaradah,Green Desert,Irish Valley,フレンチデピュティ,ブルーアヴェニュー,サンデーサイレンス,アサカマンボウ,Seeking the Gold,Colorado Dancer,Deploy,Jawaher,Danzig,Foreign Courier,Irish River,Green Valley,Deputy Minister,Mitterand,Classic Go Go,Eliza Blue,Halo,Wishing Well,Kingmambo,Lassie's Lady,Mr. Prospector,Con Game,Shareef Dancer,Fall Aspen,Shirley Heights,Slightly Dangerous,ダンシングブレーヴ,High Tern,Northern Dancer,Pas de Nom,Sir Ivor,Courtly Dee,Riverman,Irish Star,Val de Loir,Sly Pola,Vice Regent,Mint Copy,Hold Your Peace,Laredo Lass,Pago Pago,Classic Perfection,Icecapade,コレラ,Hail to Reason,Cosmah,Understanding,Mountain Flower,Mr. Prospector,Miesque,Alydar,Lassie Dear
202606010308,1,ダート,1800,良,2勝クラス,シニスターミニスター,キングベイビー,Old Trieste,Sweet Minister,マンハッタンカフェ,シネマスコープ,A.P. Indy,Lovlier Linda,The Prime Minister,Sweet Blue,サンデーサイレンス,サトルチェンジ,トニービン,ブルーハワイ,Seattle Slew,Weekend Surprise,Vigors,Linda Summers,Deputy Minister,Stick to Beauty,Hurry Up Blue,Sugar Gold,Halo,Wishing Well,Law Society,Santa Luciana,カンパラ,Severn Bridge,スリルショー,サニースワップス,Bold Reasoning,My Charmer,Secretariat,Lassie Dear,Grey Dawn,Relifordie,Crozier,Queenly Gift,Vice Regent,Mint Copy,Illustrious,Hail to Beauty,Mr. Leader,Blue Baroness,Mr. Prospector,Miss Ironside,Hail to Reason,Cosmah,Understanding,Mountain Flower,Alleged,Bold Bikini,Luciano,Suleika,Kalamoun,State Pension,Hornbeam,Priddy Fair,Northern Baby,Splendid Girl,Hawaii,アイアンエイジ
202606010308,2,ダート,1800,良,2勝クラス,ホッコータルマエ,パイクーニャン,キングカメハメハ,マダムチェロキー,フレンチデピュティ,パイアン,Kingmambo,マンファス,Cherokee Run,アンフォイルド,Deputy Minister,Mitterand,Cozzene,ウッドマンズシック,Mr. Prospector,Miesque,ラストタイクーン,Pilot Bird,Runaway Groom,Cherokee Dame,Unbridled,Bold Foil,Vice Regent,Mint Copy,Hold Your Peace,Laredo Lass,Caro,Ride the Trails,Woodman,ラディカルチック,Raise a Native,Gold Digger,Nureyev,Pasadoble,トライマイベスト,Mill Princess,Blakeney,The Dancer,Blushing Groom,Yonnie Girl,Silver Saber,Dame Francesca,Fappiano,Gana Facil,Bold Forbes,Perfect Foil,Northern Dancer,Victoria Regina,Bunty's Flight,Shakney,Speak John,Blue Moon,Bold Ruler,Fortunate Isle,フォルティノ,Chambord,Prince John,Wildwook,Mr. Prospector,プレイメイト,Sadler's Wells,Santa Roseanna
202606010308,3,ダート,1800,良,2勝クラス,エイシンフラッシュ,ブランシェール,キングズベスト,ムーンレディ,ディープインパクト,アドヴァーシティ,Kingmambo,Allegretta,プラティニ,Midnight Fever,サンデーサイレンス,ウインドインハーヘア,Seeking the Gold,Dispute,Mr. Prospector,Miesque,Lombard,Anatevka,Surumu,Prairie Darling,Sure Blade,Majoritat,Halo,Wishing Well,Alzao,Burghclere,Mr. Prospector,Con Game,Danzig,Resolver,Raise a Native,Gold Digger,Nureyev,Pasadoble,Agio,Promised Lady,Espresso,Almyra,Literat,Surama,Stanford,Prairie Belle,Kris,Double Lock,Konigsstuhl,Monacchia,Hail to Reason,Cosmah,Understanding,Mountain Flower,Lyphard,Lady Rebecca,Busted,Highclere,Raise a Native,Gold Digger,Buckpasser,Broadway,Northern Dancer,Pas de Nom,Reviewer,Lovely Morning
202606010308,4,ダート,1800,良,2勝クラス,サトノダイヤモンド,アヴァール,ディープインパクト,マルペンサ,キングカメハメハ,ミッションヒルズ,サンデーサイレンス,ウインドインハーヘア,Orpen,Marsella,Kingmambo,マンファス,アグネスデジタル,タイキダイヤ,Halo,Wishing Well,Alzao,Burghclere,Lure,Bonita Francita,サザンヘイロー,Riviere,Mr. Prospector,Miesque,ラストタイクーン,Pilot Bird,Crafty Prospector,Chancey Squaw,オジジアン,パテントリークリア,Hail to Reason,Cosmah,Understanding,Mountain Flower,Lyphard,Lady Rebecca,Busted,Highclere,Danzig,Endear,Devil's Bag,Raise the Standard,Halo,Northern Sea,Logical,Talonada,Raise a Native,Gold Digger,Nureyev,Pasadoble,トライマイベスト,Mill Princess,Blakeney,The Dancer,Mr. Prospector,Real Crafty Lady,Chief's Crown,Allicance,Damascus,Gonfalon,Miswaki,Badge of Courage
202606010308,5,ダート,1800,良,2勝クラス,シニスターミニスター,プーカ,Old Trieste,Sweet Minister,キングカメハメハ,ペニーホイッスル,A.P. Indy,Lovlier Linda,The Prime Minister,Sweet Blue,Kingmambo,マンファス,サンデーサイレンス,ラークホイッスル,Seattle Slew,Weekend Surprise,Vigors,Linda Summers,Deputy Minister,Stick to Beauty,Hurry Up Blue,Sugar Gold,Mr. Prospector,Miesque,ラストタイクーン,Pilot Bird,Halo,Wishing Well,Silver Deputy,Find Happiness,Bold Reasoning,My Charmer,Secretariat,Lassie Dear,Grey Dawn,Relifordie,Crozier,Queenly Gift,Vice Regent,Mint Copy,Illustrious,Hail to Beauty,Mr. Leader,Blue Baroness,Mr. Prospector,Miss Ironside,Raise a Native,Gold Digger,Nureyev,Pasadoble,トライマイベスト,Mill Princess,Blakeney,The Dancer,Hail to Reason,Cosmah,Understanding,Mountain Flower,Deputy Minister,Silver Valley,Buckfinder,Very Very Happy
202606010308,6,ダート,1800,良,2勝クラス,シニスターミニスター,スマートバベル,Old Trieste,Sweet Minister,サウスヴィグラス,ユアカラー,A.P. Indy,Lovlier Linda,The Prime Minister,Sweet Blue,エンドスウィープ,ダーケストスター,ジェイドロバリー,Fayre,Seattle Slew,Weekend Surprise,Vigors,Linda Summers,Deputy Minister,Stick to Beauty,Hurry Up Blue,Sugar Gold,フォーティナイナー,Broom Dance,Star de Naskra,Minnie Riperton,Mr. Prospector,Number,Indian Ridge,Felitza,Bold Reasoning,My Charmer,Secretariat,Lassie Dear,Grey Dawn,Relifordie,Crozier,Queenly Gift,Vice Regent,Mint Copy,Illustrious,Hail to Beauty,Mr. Leader,Blue Baroness,Mr. Prospector,Miss Ironside,Mr. Prospector,File,Dance Spell,Witching Hour,Naskra,Candle Star,Cornish Prince,English Harbor,Raise a Native,Gold Digger,Nijinsky,Special,Ahonoora,Hillbrow,ソヴィエトスター,Oh So Sharp
202606010308,7,ダート,1800,良,2勝クラス,トーホウジャッカル,トーホウドルチェ,スペシャルウィーク,トーホウガイア,サウスヴィグラス,トーホウウインド,サンデーサイレンス,キャンペンガール,Unbridled's Song,Agami,エンドスウィープ,ダーケストスター,ブライアンズタイム,テルノビクトリ,Halo,Wishing Well,マルゼンスキー,レディーシラオキ,Unbridled,Trolley Song,Nureyev,Agacerie,フォーティナイナー,Broom Dance,Star de Naskra,Minnie Riperton,Roberto,Kelley's Day,Junction,Nefarius Gal,Hail to Reason,Cosmah,Understanding,Mountain Flower,Nijinsky,シル,セントクレスピン,ミスアシヤガワ,Fappiano,Gana Facil,Caro,Lucky Spell,Northern Dancer,Special,Exclusive Native,Quiet Charm,Mr. Prospector,File,Dance Spell,Witching Hour,Naskra,Candle Star,Cornish Prince,English Harbor,Hail to Reason,Bramalea,Graustark,Golden Trail,Never Bend,Peaceful Union,ヴァイスリーガル,Flora Rica
202606010308,8,ダート,1800,良,2勝クラス,デクラレーションオブウォー,ブルザンインディゴ,War Front,Tempo West,フジキセキ,セイランクイーン,Danzig,Starry Dreamer,Rahy,Tempo,サンデーサイレンス,ミルレーサー,メジロマックイーン,ケイシュウミリオン,Northern Dancer,Pas de Nom,Rubiano,Lara's Star,Blushing Groom,Glorious Song,Gone West,Terpsichorist,Halo,Wishing Well,Le Fabuleux,Marston's Mill,メジロティターン,メジロオーロラ,マグニテュード,マーサリンドン,Nearctic,Natalma,Admiral's Voyage,Petitioner,Fappiano,Ruby Slippers,Forli,True Reality,Red God,Runaway Bride,Halo,Ballade,Mr. Prospector,Secrettame,Nijinsky,Glad Rags,Hail to Reason,Cosmah,Understanding,Mountain Flower,Wild Risk,Anguar,In Reality,Millicent,メジロアサマ,シエリル,リマンド,メジロアイリス,Mill Reef,Altesse Royale,リマンド,セイランホーク
202606010308,9,ダート,1800,良,2勝クラス,シニスターミニスター,ハヤブサエミネンス,Old Trieste,Sweet Minister,Medaglia d'Oro,プリエミネンス,A.P. Indy,Lovlier Linda,The Prime Minister,Sweet Blue,El Prado,Cappucino Bay,アフリート,アジテーション,Seattle Slew,Weekend Surprise,Vigors,Linda Summers,Deputy Minister,Stick to Beauty,Hurry Up Blue,Sugar Gold,Sadler's Wells,Lady Capulet,Bailjumper,Dubbed In,Mr. Prospector,Polite Lady,Caerleon,ランザリスク,Bold Reasoning,My Charmer,Secretariat,Lassie Dear,Grey Dawn,Relifordie,Crozier,Queenly Gift,Vice Regent,Mint Copy,Illustrious,Hail to Beauty,Mr. Leader,Blue Baroness,Mr. Prospector,Miss Ironside,Northern Dancer,Fairy Bridge,Sir Ivor,Cap and Bells,Damascus,Court Circuit,Silent Screen,Society Singer,Raise a Native,Gold Digger,Venetian Jester,Friendly Ways,Nijinsky,Foreseer,Run the Gantlet,Siliciana
202606010308,10,ダート,1800,良,2勝クラス,オンファイア,デルマトモエゴゼン,サンデーサイレンス,ウインドインハーヘア,キングカメハメハ,シルバーネックレス,Halo,Wishing Well,Alzao,Burghclere,Kingmambo,マンファス,サンデーサイレンス,シルバードシルク,Hail to Reason,Cosmah,Understanding,Mountain Flower,Lyphard,Lady Rebecca,Busted,Highclere,Mr. Prospector,Miesque,ラストタイクーン,Pilot Bird,Halo,Wishing Well,Fire Dancer,Princess Young,Turn-to,Nothirdchance,Cosmic Bomb,Almahmoud,Promised Land,Pretty Ways,Montparnasse,Edelweiss,Northern Dancer,Goofed,Sir Ivor,Pocahontas,Crepello,Sans le Sou,Queen's Hussar,Highlight,Raise a Native,Gold Digger,Nureyev,Pasadoble,トライマイベスト,Mill Princess,Blakeney,The Dancer,Hail to Reason,Cosmah,Understanding,Mountain Flower,Northern Dancer,Forward Gal,Young Emperor,Princess Taj
202606010308,11,ダート,1800,良,2勝クラス,ゴールドアリュール,テスティコ,サンデーサイレンス,ニキーヤ,Tiznow,Last Crown,Halo,Wishing Well,Nureyev,Reluctant Guest,Cee's Tizzy,Cee's Song,El Prado,Six Crowns,Hail to Reason,Cosmah,Understanding,Mountain Flower,Northern Dancer,Special,Hostage,Vaguely Royal,Relaunch,テイズリー,Seattle Song,Lonely Dancer,Sadler's Wells,Lady Capulet,Secretariat,Chris Evert,Turn-to,Nothirdchance,Cosmic Bomb,Almahmoud,Promised Land,Pretty Ways,Montparnasse,Edelweiss,Nearctic,Natalma,Forli,Thong,Nijinsky,Entente,Vaguely Noble,Shoshanna,In Reality,Foggy Note,Lyphard,Tizna,Seattle Slew,Incantation,ナイスダンサー,Sleep Lonely,Northern Dancer,Fairy Bridge,Sir Ivor,Cap and Bells,Bold Ruler,Somethingroyal,Swoon's Son,Miss Carmie
202606010308,12,ダート,1800,良,2勝クラス,マインドユアビスケッツ,スルージエアー,Posse,Jazzmane,ダンスインザダーク,ライクザウインド,Silver Deputy,Raska,Toccet,Alljazz,サンデーサイレンス,ダンシングキイ,デインヒル,ウインドインハーヘア,Deputy Minister,Silver Valley,Rahy,Borishka,Awesome Again,Cozzene's Angel,Stop the Music,Bounteous,Halo,Wishing Well,Nijinsky,Key Partner,Danzig,Razyana,Alzao,Burghclere,Vice Regent,Mint Copy,Mr. Prospector,Seven Valleys,Blushing Groom,Glorious Song,Roberto,Queen Maud,Deputy Minister,Primal Force,Cozzene,Charming Pan,Hail to Reason,Bebopper,Master Derby,Mlle. Quille,Hail to Reason,Cosmah,Understanding,Mountain Flower,Northern Dancer,Flaming Page,Key to the Mint,Native Partner,Northern Dancer,Pas de Nom,His Majesty,Spring Adieu,Lyphard,Lady Rebecca,Busted,Highclere
202606010308,13,ダート,1800,良,2勝クラス,サトノダイヤモンド,トレサンセール,ディープインパクト,マルペンサ,Rip Van Winkle,トレラピッド,サンデーサイレンス,ウインドインハーヘア,Orpen,Marsella,Galileo,Looking Back,Anabaa Blue,Tres Ravi,Halo,Wishing Well,Alzao,Burghclere,Lure,Bonita Francita,サザンヘイロー,Riviere,Sadler's Wells,Urban Sea,ストラヴィンスキー,Mustique Dream,Anabaa,Allez Les Trois,Monsun,Tres Magnifique,Hail to Reason,Cosmah,Understanding,Mountain Flower,Lyphard,Lady Rebecca,Busted,Highclere,Danzig,Endear,Devil's Bag,Raise the Standard,Halo,Northern Sea,Logical,Talonada,Northern Dancer,Fairy Bridge,Miswaki,Allegretta,Nureyev,Fire the Groom,Don't Forget Me,Jamaican Punch,Danzig,Balbonella,Riverman,Allegretta,Konigsstuhl,Mosella,Gay Fandango,Toscadora
202606010309,1,ダート,1800,良,1勝クラス,ロードカナロア,アイリッシュシー,キングカメハメハ,レディブラッサム,Galileo,Fire Lily,Kingmambo,マンファス,Storm Cat,サラトガデュー,Sadler's Wells,Urban Sea,Dansili,Beauty Is Truth,Mr. Prospector,Miesque,ラストタイクーン,Pilot Bird,Storm Bird,Terlingua,Cormorant,Super Luna,Northern Dancer,Fairy Bridge,Miswaki,Allegretta,デインヒル,Hasili,Pivotal,Zelding,Raise a Native,Gold Digger,Nureyev,Pasadoble,トライマイベスト,Mill Princess,Blakeney,The Dancer,Northern Dancer,South Ocean,Secretariat,Crimson Saint,His Majesty,Song Sparrow,In Reality,Alada,Nearctic,Natalma,Bold Reason,Special,Mr. Prospector,Hopespringseternal,Lombard,Anatevka,Danzig,Razyana,Kahyasi,Kerali,Polar Falcon,Fearless Revival,ウォーニング,Zelda
202606010309,2,ダート,1800,良,1勝クラス,ナダル,スズカグラーテ,Blame,Ascending Angel,サウスヴィグラス,グーテデロワ,Arch,Liable,Pulpit,Solar Colony,エンドスウィープ,ダーケストスター,スペシャルウィーク,シャーパリ,Kris S.,Aurora,Seeking the Gold,Bound,A.P. Indy,Preach,Pleasant Colony,Meteor Stage,フォーティナイナー,Broom Dance,Star de Naskra,Minnie Riperton,サンデーサイレンス,キャンペンガール,Winning,Shapur,Roberto,Sharp Queen,Danzig,Althea,Mr. Prospector,Con Game,Nijinsky,Special,Seattle Slew,Weekend Surprise,Mr. Prospector,Narrate,His Majesty,Sun Colony,Stage Door Johnny,Northern Meteor,Mr. Prospector,File,Dance Spell,Witching Hour,Naskra,Candle Star,Cornish Prince,English Harbor,Halo,Wishing Well,マルゼンスキー,レディーシラオキ,Nijinsky,Little Happiness,Sharp-Eyed Quillo,Propulsiva
202606010309,3,ダート,1800,良,1勝クラス,パイロ,マリスレーン,Pulpit,Wild Vision,ストリートセンス,プリムローズレーン,A.P. Indy,Preach,Wild Again,Carol's Wonder,Street Cry,Bedazzle,サンデーサイレンス,オエノセラ,Seattle Slew,Weekend Surprise,Mr. Prospector,Narrate,Icecapade,Bushel-n-Peck,Pass the Tab,Carols Christmas,Machiavellian,Helen Street,Dixieland Band,Majestic Legend,Halo,Wishing Well,Night Shift,Fruition,Bold Reasoning,My Charmer,Secretariat,Lassie Dear,Raise a Native,Gold Digger,Honest Pleasure,State,Nearctic,Shenanigans,Khaled,Dama,Al Hattab,Dantina,Whitesburg,Light Verse,Mr. Prospector,Coup de Folie,Troy,Waterway,Northern Dancer,Mississippi Mud,His Majesty,Long Legend,Hail to Reason,Cosmah,Understanding,Mountain Flower,Northern Dancer,Ciboulette,ラインゴールド,Welsh Flame
202606010309,4,ダート,1800,良,1勝クラス,リアルスティール,エーティーロゼッタ,ディープインパクト,ラヴズオンリーミー,ディープスカイ,ヒカルカリーナ,サンデーサイレンス,ウインドインハーヘア,Storm Cat,Monevassia,アグネスタキオン,アビ,メジロマックイーン,ヒカルパッション,Halo,Wishing Well,Alzao,Burghclere,Storm Bird,Terlingua,Mr. Prospector,Miesque,サンデーサイレンス,アグネスフローラ,Chief's Crown,Carmelized,メジロティターン,メジロオーロラ,マルゼンスキー,ゴールデンローズ,Hail to Reason,Cosmah,Understanding,Mountain Flower,Lyphard,Lady Rebecca,Busted,Highclere,Northern Dancer,South Ocean,Secretariat,Crimson Saint,Raise a Native,Gold Digger,Nureyev,Pasadoble,Halo,Wishing Well,ロイヤルスキー,アグネスレディー,Danzig,Six Crowns,Key to the Mint,Carmelize,メジロアサマ,シエリル,リマンド,メジロアイリス,Nijinsky,シル,サーペンフロ,サンマロ
202606010309,5,ダート,1800,良,1勝クラス,ニューイヤーズデイ,クリムゾンルージュ,Street Cry,Justwhistledixie,エンドスウィープ,クリキャノン,Machiavellian,Helen Street,Dixie Union,General Jeanne,フォーティナイナー,Broom Dance,サンデーサイレンス,リアルタイム,Mr. Prospector,Coup de Folie,Troy,Waterway,Dixieland Band,She's Tops,Honour and Glory,Ahpo Hel,Mr. Prospector,File,Dance Spell,Witching Hour,Halo,Wishing Well,リアルシャダイ,フアットウイーゼル,Raise a Native,Gold Digger,Halo,Raise the Standard,Petingo,La Milo,Riverman,Boulevard,Northern Dancer,Mississippi Mud,Capote,She's a Talent,Relaunch,Fair to All,Mr. Leader,Tiy,Raise a Native,Gold Digger,Tom Rolfe,Continue,Northern Dancer,Obeah,Thinking Cap,Enchanted Eve,Hail to Reason,Cosmah,Understanding,Mountain Flower,Roberto,Desert Vixen,フランキンセンス,クリマロン
202606010309,6,ダート,1800,良,1勝クラス,ディスクリートキャット,フラマブル,Forestry,Pretty Discreet,パイロ,モケット,Storm Cat,Shared Interest,Private Account,Pretty Persuasive,Pulpit,Wild Vision,Maria's Mon,エターナルレーヴ,Storm Bird,Terlingua,Pleasant Colony,Surgery,Damascus,Numbered Account,Believe It,Bury the Hatchet,A.P. Indy,Preach,Wild Again,Carol's Wonder,Wavering Monarch,Carlotta Maria,Diesis,Northern Eternity,Northern Dancer,South Ocean,Secretariat,Crimson Saint,His Majesty,Sun Colony,Dr. Fager,Bold Sequence,Sword Dancer,Kerala,Buckpasser,Intriguing,In Reality,Breakfast Bell,Tom Rolfe,Christmas Whishes,Seattle Slew,Weekend Surprise,Mr. Prospector,Narrate,Icecapade,Bushel-n-Peck,Pass the Tab,Carols Christmas,Majestic Light,Uncommitted,Caro,Water Malone,Sharpen Up,Doubly Sure,Northern Dancer,Hopespringseternal
202606010309,7,ダート,1800,良,1勝クラス,リアルスティール,マニクール,ディープインパクト,ラヴズオンリーミー,ヘニーヒューズ,フェミニンガール,サンデーサイレンス,ウインドインハーヘア,Storm Cat,Monevassia,ヘネシー,Meadow Flyer,Kingmambo,Money Madam,Halo,Wishing Well,Alzao,Burghclere,Storm Bird,Terlingua,Mr. Prospector,Miesque,Storm Cat,Island Kitty,Meadowlake,Shortley,Mr. Prospector,Miesque,A.P. Indy,Mesabi,Hail to Reason,Cosmah,Understanding,Mountain Flower,Lyphard,Lady Rebecca,Busted,Highclere,Northern Dancer,South Ocean,Secretariat,Crimson Saint,Raise a Native,Gold Digger,Nureyev,Pasadoble,Storm Bird,Terlingua,Hawaii,T. C. Kitten,Hold Your Peace,Suspicious Native,Hagley,Short Winded,Raise a Native,Gold Digger,Nureyev,Pasadoble,Seattle Slew,Weekend Surprise,Minnesota Mac,Ride the Trails
202606010309,8,ダート,1800,良,1勝クラス,クリソベリル,スイートザザ,ゴールドアリュール,クリソプレーズ,スウェプトオーヴァーボード,スイートケンメア,サンデーサイレンス,ニキーヤ,エルコンドルパサー,キャサリーンパー,エンドスウィープ,Sheer Ice,Kenmare,スイートテイタニア,Halo,Wishing Well,Nureyev,Reluctant Guest,Kingmambo,サドラーズギャル,Riverman,Regal Exception,フォーティナイナー,Broom Dance,Cutlass,Hey Dolly A.,Kalamoun,Belle of Ireland,Fabulous Dancer,Contestation,Hail to Reason,Cosmah,Understanding,Mountain Flower,Northern Dancer,Special,Hostage,Vaguely Royal,Mr. Prospector,Miesque,Sadler's Wells,Glenveagh,Never Bend,River Lady,Ribot,Rajput Princess,Mr. Prospector,File,Dance Spell,Witching Hour,Damascus,Aphonia,Ambehaving,Swift Deal,ゼダーン,Khairunissa,Milesian,Belle of the Ball,Northern Dancer,Last of the Line,Abdos,Norma
202606010309,9,ダート,1800,良,1勝クラス,ゴールドドリーム,マウロア,ゴールドアリュール,モンヴェール,キングカメハメハ,レースドール,サンデーサイレンス,ニキーヤ,フレンチデピュティ,スペシャルジェイド,Kingmambo,マンファス,クロフネ,ビスクドール,Halo,Wishing Well,Nureyev,Reluctant Guest,Deputy Minister,Mitterand,Cox's Ridge,Statistic,Mr. Prospector,Miesque,ラストタイクーン,Pilot Bird,フレンチデピュティ,ブルーアヴェニュー,サンデーサイレンス,フェアリードール,Hail to Reason,Cosmah,Understanding,Mountain Flower,Northern Dancer,Special,Hostage,Vaguely Royal,Vice Regent,Mint Copy,Hold Your Peace,Laredo Lass,Best Turn,Our Martha,Mr. Prospector,Number,Raise a Native,Gold Digger,Nureyev,Pasadoble,トライマイベスト,Mill Princess,Blakeney,The Dancer,Deputy Minister,Mitterand,Classic Go Go,Eliza Blue,Halo,Wishing Well,Nureyev,Dream Deal
202606010309,10,ダート,1800,良,1勝クラス,アジアエクスプレス,ディスティンダリア,ヘニーヒューズ,ランニングボブキャッツ,ショウナンカンプ,マルカデスティニー,ヘネシー,Meadow Flyer,Running Stag,Backatem,サクラバクシンオー,ショウナングレイス,サンデーサイレンス,ラミリテア,Storm Cat,Island Kitty,Meadowlake,Shortley,Cozzene,Fruhlingstag,Notebook,Deputy's Mistress,サクラユタカオー,サクラハゴロモ,ラッキーソブリン,ヤセイコーソ,Halo,Wishing Well,General Holme,Tanz,Storm Bird,Terlingua,Hawaii,T. C. Kitten,Hold Your Peace,Suspicious Native,Hagley,Short Winded,Caro,Ride the Trails,Orsini,Revada,Well Decorated,Mobcap,Deputy Minister,River Crossing,テスコボーイ,アンジェリカ,ノーザンテースト,クリアアンバー,Nijinsky,Sovereign,タケシバオー,メジロチドリ,Hail to Reason,Cosmah,Understanding,Mountain Flower,Noholme,Generals Sister,Sadler's Wells,Gull Nook
202606010310,1,芝,1600,良,2勝クラス,モーリス,トリニティプレイス,スクリーンヒーロー,メジロフランシス,マンハッタンカフェ,カーラパワー,グラスワンダー,ランニングヒロイン,カーネギー,メジロモントレー,サンデーサイレンス,サトルチェンジ,Caerleon,Jabali,Silver Hawk,Ameriflora,サンデーサイレンス,ダイナアクトレス,Sadler's Wells,Detroit,モガミ,メジロクインシー,Halo,Wishing Well,Law Society,Santa Luciana,Nijinsky,Foreseer,Shirley Heights,Toute Cy,Roberto,Gris Vitesse,Danzig,Graceful Touch,Halo,Wishing Well,ノーザンテースト,モデルスポート,Northern Dancer,Fairy Bridge,Riverman,Derna,Lyphard,ノーラック,フィディオン,メジロボサツ,Hail to Reason,Cosmah,Understanding,Mountain Flower,Alleged,Bold Bikini,Luciano,Suleika,Northern Dancer,Flaming Page,Round Table,Regal Gleam,Mill Reef,Hardiemma,Tennyson,Adele Toumignon
202606010310,2,芝,1600,良,2勝クラス,ロードカナロア,フローレスダンサー,キングカメハメハ,レディブラッサム,ハービンジャー,ダンスインザムード,Kingmambo,マンファス,Storm Cat,サラトガデュー,Dansili,Penang Pearl,サンデーサイレンス,ダンシングキイ,Mr. Prospector,Miesque,ラストタイクーン,Pilot Bird,Storm Bird,Terlingua,Cormorant,Super Luna,デインヒル,Hasili,Bering,Guapa,Halo,Wishing Well,Nijinsky,Key Partner,Raise a Native,Gold Digger,Nureyev,Pasadoble,トライマイベスト,Mill Princess,Blakeney,The Dancer,Northern Dancer,South Ocean,Secretariat,Crimson Saint,His Majesty,Song Sparrow,In Reality,Alada,Danzig,Razyana,Kahyasi,Kerali,Arctic Tern,Beaune,Shareef Dancer,Sauceboat,Hail to Reason,Cosmah,Understanding,Mountain Flower,Northern Dancer,Flaming Page,Key to the Mint,Native Partner
202606010310,3,芝,1600,良,2勝クラス,ファインニードル,トークショウ,アドマイヤムーン,ニードルクラフト,ディクタット,High Hawk,エンドスウィープ,マイケイティーズ,Mark of Esteem,Sharp Point,ウォーニング,アルヴォラ,Shirley Heights,Sunbittern,フォーティナイナー,Broom Dance,サンデーサイレンス,ケイティーズファースト,Darshaan,Homage,ロイヤルアカデミー,Nice Point,Known Fact,Slightly Dangerous,Sadler's Wells,Park Appeal,Mill Reef,Hardiemma,シーホーク,Pantoufle,Mr. Prospector,File,Dance Spell,Witching Hour,Halo,Wishing Well,Kris,Katies,Shirley Heights,Delsy,Ajdal,Home Love,Nijinsky,Crimson Saint,Sharpen Up,Alpine Niece,In Reality,Tamerett,Roberto,Where You Lead,Northern Dancer,Fairy Bridge,Ahonoora,Balidaress,Never Bend,Milan Mill,ハーディカヌート,Grand Cross,Herbager,Sea Nymph,パナスリッパー,Etoile de France
202606010310,4,芝,1600,良,2勝クラス,オルフェーヴル,インヴィンシブルタッチ,ステイゴールド,オリエンタルアート,Invincible Spirit,Najmat Alshemaal,サンデーサイレンス,ゴールデンサッシュ,メジロマックイーン,エレクトロアート,Green Desert,Rafha,ダンシングブレーヴ,Noretta,Halo,Wishing Well,ディクタス,ダイナサッシュ,メジロティターン,メジロオーロラ,ノーザンテースト,グランマスティーヴンス,Danzig,Foreign Courier,Kris,Eljazzi,Lyphard,Navajo Princess,Cortez,Ninivetta,Hail to Reason,Cosmah,Understanding,Mountain Flower,Sanctus,Doronic,ノーザンテースト,ロイヤルサッシュ,メジロアサマ,シエリル,リマンド,メジロアイリス,Northern Dancer,Lady Victoria,Lt. Stevens,Dhow,Northern Dancer,Pas de Nom,Sir Ivor,Courtly Dee,Sharpen Up,Doubly Sure,アーテイアス,Border Bounty,Northern Dancer,Goofed,Drone,Olmec,Orsini,Costa Brava,Caro,Napolitana
202606010310,5,芝,1600,良,2勝クラス,シルバーステート,レーヌユニヴェール,ディープインパクト,シルヴァースカヤ,タイキシャトル,ペプチドネオパレス,サンデーサイレンス,ウインドインハーヘア,Silver Hawk,Boubskaia,Devil's Bag,ウェルシュマフィン,ネオユニヴァース,タクリーム,Halo,Wishing Well,Alzao,Burghclere,Roberto,Gris Vitesse,Niniski,Frenetique,Halo,Ballade,Caerleon,Muffitys,サンデーサイレンス,ポインテッドパス,Mr. Prospector,Thaidah,Hail to Reason,Cosmah,Understanding,Mountain Flower,Lyphard,Lady Rebecca,Busted,Highclere,Hail to Reason,Bramalea,Amerigo,Matchiche,Nijinsky,Virginia Hills,Tyrant,Femina,Hail to Reason,Cosmah,Herbager,Miss Swapsco,Nijinsky,Foreseer,Thatch,Contrail,Halo,Wishing Well,Kris,Silken Way,Raise a Native,Gold Digger,Vice Regent,Ballade
202606010310,6,芝,1600,良,2勝クラス,ハービンジャー,エトワールドパリ,Dansili,Penang Pearl,クロフネ,マドモアゼルドパリ,デインヒル,Hasili,Bering,Guapa,フレンチデピュティ,ブルーアヴェニュー,サンデーサイレンス,アドマイス,Danzig,Razyana,Kahyasi,Kerali,Arctic Tern,Beaune,Shareef Dancer,Sauceboat,Deputy Minister,Mitterand,Classic Go Go,Eliza Blue,Halo,Wishing Well,Highest Honor,Admiration,Northern Dancer,Pas de Nom,His Majesty,Spring Adieu,イルドブルボン,Kadissya,High Line,Sookera,Sea-Bird,Bubbling Beauty,Lyphard,Barbra,Northern Dancer,Sweet Alliance,Connaught,Cranberry Sauce,Vice Regent,Mint Copy,Hold Your Peace,Laredo Lass,Pago Pago,Classic Perfection,Icecapade,コレラ,Hail to Reason,Cosmah,Understanding,Mountain Flower,Kenmare,High River,Kashmir,Prue
202606010310,7,芝,1600,良,2勝クラス,キズナ,ラビルキン,ディープインパクト,キャットクイル,Indygo Shiner,La Margot,サンデーサイレンス,ウインドインハーヘア,Storm Cat,Pacific Princess,A.P. Indy,Navarra,サザンヘイロー,La Loren,Halo,Wishing Well,Alzao,Burghclere,Storm Bird,Terlingua,Damascus,Fiji,Seattle Slew,Weekend Surprise,El Gran Senor,Image of Reality,Halo,Northern Sea,Rainbow Corner,La Bozan,Hail to Reason,Cosmah,Understanding,Mountain Flower,Lyphard,Lady Rebecca,Busted,Highclere,Northern Dancer,South Ocean,Secretariat,Crimson Saint,Sword Dancer,Kerala,Acropolis,Rififi,Bold Reasoning,My Charmer,Secretariat,Lassie Dear,Northern Dancer,Sex Appeal,In Reality,Edee's Image,Hail to Reason,Cosmah,Northern Dancer,Sea Saga,Rainbow Quest,Kingscote,Good Manners,Mado
202606010310,8,芝,1600,良,2勝クラス,エピファネイア,ウインシャトレーヌ,シンボリクリスエス,シーザリオ,ダイワメジャー,タニノハイクレア,Kris S.,Tee Kay,スペシャルウィーク,キロフプリミエール,サンデーサイレンス,スカーレットブーケ,クロフネ,インヴァイト,Roberto,Sharp Queen,Gold Meridian,Tri Argo,サンデーサイレンス,キャンペンガール,Sadler's Wells,Querida,Halo,Wishing Well,ノーザンテースト,スカーレットインク,フレンチデピュティ,ブルーアヴェニュー,Be My Guest,Burghclere,Hail to Reason,Bramalea,Princequillo,Bridgework,Seattle Slew,Queen Louie,Tri Jet,Hail Proudly,Halo,Wishing Well,マルゼンスキー,レディーシラオキ,Northern Dancer,Fairy Bridge,Habitat,Principia,Hail to Reason,Cosmah,Understanding,Mountain Flower,Northern Dancer,Lady Victoria,Crimson Satan,Consentida,Deputy Minister,Mitterand,Classic Go Go,Eliza Blue,Northern Dancer,What a Treat,Busted,Highclere
202606010310,9,芝,1600,良,2勝クラス,ウインブライト,クリスティロマンス,ステイゴールド,サマーエタニティ,シンボリクリスエス,スターリーロマンス,サンデーサイレンス,ゴールデンサッシュ,アドマイヤコジーン,オールフォーゲラン,Kris S.,Tee Kay,サンデーサイレンス,ミルレーサー,Halo,Wishing Well,ディクタス,ダイナサッシュ,Cozzene,アドマイヤマカディ,ジェイドロバリー,ミスゲラン,Roberto,Sharp Queen,Gold Meridian,Tri Argo,Halo,Wishing Well,Le Fabuleux,Marston's Mill,Hail to Reason,Cosmah,Understanding,Mountain Flower,Sanctus,Doronic,ノーザンテースト,ロイヤルサッシュ,Caro,Ride the Trails,ノーザンテースト,ミセスマカディー,Mr. Prospector,Number,マルゼンスキー,ゲラン,Hail to Reason,Bramalea,Princequillo,Bridgework,Seattle Slew,Queen Louie,Tri Jet,Hail Proudly,Hail to Reason,Cosmah,Understanding,Mountain Flower,Wild Risk,Anguar,In Reality,Millicent
202606010310,10,芝,1600,良,2勝クラス,リアルスティール,ワシントンレガシー,ディープインパクト,ラヴズオンリーミー,クロフネ,フロールデセレッソ,サンデーサイレンス,ウインドインハーヘア,Storm Cat,Monevassia,フレンチデピュティ,ブルーアヴェニュー,スウェプトオーヴァーボード,フローリッドコート,Halo,Wishing Well,Alzao,Burghclere,Storm Bird,Terlingua,Mr. Prospector,Miesque,Deputy Minister,Mitterand,Classic Go Go,Eliza Blue,エンドスウィープ,Sheer Ice,サンデーサイレンス,スプリングコート,Hail to Reason,Cosmah,Understanding,Mountain Flower,Lyphard,Lady Rebecca,Busted,Highclere,Northern Dancer,South Ocean,Secretariat,Crimson Saint,Raise a Native,Gold Digger,Nureyev,Pasadoble,Vice Regent,Mint Copy,Hold Your Peace,Laredo Lass,Pago Pago,Classic Perfection,Icecapade,コレラ,フォーティナイナー,Broom Dance,Cutlass,Hey Dolly A.,Halo,Wishing Well,トニービン,サクラハゴロモ
202606010310,11,芝,1600,良,2勝クラス,ブリックスアンドモルタル,ワントゥワン,Giant's Causeway,Beyond the Waves,ディープインパクト,ワンカラット,Storm Cat,Mariah's Storm,Ocean Crest,Excedent,サンデーサイレンス,ウインドインハーヘア,ファルブラヴ,バルドウィナ,Storm Bird,Terlingua,Rahy,イメンス,Storm Bird,S.S.Aroma,Exceller,Broadway Lullaby,Halo,Wishing Well,Alzao,Burghclere,Fairy King,Gift of the Night,Pistolet Bleu,Balioka,Northern Dancer,South Ocean,Secretariat,Crimson Saint,Blushing Groom,Glorious Song,Roberto,Imsodear,Northern Dancer,South Ocean,Seattle Slew,Rare Bouquet,Vaguely Noble,Too Bald,Stage Door Johnny,リットルブレツシング,Hail to Reason,Cosmah,Understanding,Mountain Flower,Lyphard,Lady Rebecca,Busted,Highclere,Northern Dancer,Fairy Bridge,Slewpy,Little Nana,Top Ville,Pampa Bella,Tourangeau,Bangalore
202606010310,12,芝,1600,良,2勝クラス,エピファネイア,ノームコア,シンボリクリスエス,シーザリオ,ハービンジャー,クロノロジスト,Kris S.,Tee Kay,スペシャルウィーク,キロフプリミエール,Dansili,Penang Pearl,クロフネ,インディスユニゾン,Roberto,Sharp Queen,Gold Meridian,Tri Argo,サンデーサイレンス,キャンペンガール,Sadler's Wells,Querida,デインヒル,Hasili,Bering,Guapa,フレンチデピュティ,ブルーアヴェニュー,サンデーサイレンス,ラスティックベル,Hail to Reason,Bramalea,Princequillo,Bridgework,Seattle Slew,Queen Louie,Tri Jet,Hail Proudly,Halo,Wishing Well,マルゼンスキー,レディーシラオキ,Northern Dancer,Fairy Bridge,Habitat,Principia,Danzig,Razyana,Kahyasi,Kerali,Arctic Tern,Beaune,Shareef Dancer,Sauceboat,Deputy Minister,Mitterand,Classic Go Go,Eliza Blue,Halo,Wishing Well,Mr. Prospector,Ragtime Girl
202606010310,13,芝,1600,良,2勝クラス,ロードカナロア,キストゥヘヴン,キングカメハメハ,レディブラッサム,アドマイヤベガ,ロングバージン,Kingmambo,マンファス,Storm Cat,サラトガデュー,サンデーサイレンス,ベガ,ノーザンテースト,スイーブ,Mr. Prospector,Miesque,ラストタイクーン,Pilot Bird,Storm Bird,Terlingua,Cormorant,Super Luna,Halo,Wishing Well,トニービン,アンティックヴァリュー,Northern Dancer,Lady Victoria,テューダーペリオッド,ゴールデンドラゴン,Raise a Native,Gold Digger,Nureyev,Pasadoble,トライマイベスト,Mill Princess,Blakeney,The Dancer,Northern Dancer,South Ocean,Secretariat,Crimson Saint,His Majesty,Song Sparrow,In Reality,Alada,Hail to Reason,Cosmah,Understanding,Mountain Flower,カンパラ,Severn Bridge,Northern Dancer,Moonscape,Nearctic,Natalma,Victoria Park,Lady Angela,Owen Tudor,Cornice,ヒンドスタン,第五カナデアンガール
202606010310,14,芝,1600,良,2勝クラス,グレーターロンドン,サンドスラッシュ,ディープインパクト,ロンドンブリッジ,Holy Roman Emperor,Slap Shot,サンデーサイレンス,ウインドインハーヘア,ドクターデヴィアス,オールフォーロンドン,デインヒル,L'On Vite,Lycius,Katanning,Halo,Wishing Well,Alzao,Burghclere,Ahonoora,Rose of Jericho,Danzig,Full Card,Danzig,Razyana,Secretariat,Fanfreluche,Mr. Prospector,Lypatia,Green Desert,カタカナ,Hail to Reason,Cosmah,Understanding,Mountain Flower,Lyphard,Lady Rebecca,Busted,Highclere,Lorenzaccio,Helen Nichols,Alleged,Rose Red,Northern Dancer,Pas de Nom,Damascus,Belle of the Ball,Northern Dancer,Pas de Nom,His Majesty,Spring Adieu,Bold Ruler,Somethingroyal,Northern Dancer,Ciboulette,Raise a Native,Gold Digger,Lyphard,Hypatia,Danzig,Foreign Courier,Diesis,Winds Aloft
202606010310,15,芝,1600,良,2勝クラス,ホークビル,カラフルロマンス,Kitten's Joy,Trensa,タイキシャトル,クィーンロマンス,El Prado,Kitten's First,Giant's Causeway,Serape,Devil's Bag,ウェルシュマフィン,ティンバーカントリー,オグリロマンス,Sadler's Wells,Lady Capulet,Lear Fan,That's My Hon,Storm Cat,Mariah's Storm,Fappiano,Mochila,Halo,Ballade,Caerleon,Muffitys,Woodman,Fall Aspen,ノーザンテースト,オグリローマン,Northern Dancer,Fairy Bridge,Sir Ivor,Cap and Bells,Roberto,Wac,L'Enjoleur,One Lane,Storm Bird,Terlingua,Rahy,イメンス,Mr. Prospector,Killaloe,In Reality,Ride the Trails,Hail to Reason,Cosmah,Herbager,Miss Swapsco,Nijinsky,Foreseer,Thatch,Contrail,Mr. Prospector,プレイメイト,Pretense,Change Water,Northern Dancer,Lady Victoria,ブレイヴェストローマン,ホワイトナルビー
202606010310,16,芝,1600,良,2勝クラス,スワーヴリチャード,リリレフア,ハーツクライ,ピラミマ,ロードカナロア,リリサイド,サンデーサイレンス,アイリッシュダンス,Unbridled's Song,キャリアコレクション,キングカメハメハ,レディブラッサム,American Post,Miller's Lily,Halo,Wishing Well,トニービン,ビューパーダンス,Unbridled,Trolley Song,General Meeting,River of Stars,Kingmambo,マンファス,Storm Cat,サラトガデュー,Bering,Wells Fargo,ミラーズメイト,Lymara,Hail to Reason,Cosmah,Understanding,Mountain Flower,カンパラ,Severn Bridge,Lyphard,My Bupers,Fappiano,Gana Facil,Caro,Lucky Spell,Seattle Slew,Alydar's Promise,Riverman,Star Fortune,Mr. Prospector,Miesque,ラストタイクーン,Pilot Bird,Storm Bird,Terlingua,Cormorant,Super Luna,Arctic Tern,Beaune,Sadler's Wells,Cruising Height,Mill Reef,Primatie,Lyphard,Maradadi
202606010311,1,芝,2200,良,3勝クラス,シルバーステート,ケンブリッジヒカリ,ディープインパクト,シルヴァースカヤ,アドマイヤムーン,ドバイソプラノ,サンデーサイレンス,ウインドインハーヘア,Silver Hawk,Boubskaia,エンドスウィープ,マイケイティーズ,Zafonic,Ring of Music,Halo,Wishing Well,Alzao,Burghclere,Roberto,Gris Vitesse,Niniski,Frenetique,フォーティナイナー,Broom Dance,サンデーサイレンス,ケイティーズファースト,Gone West,Zaizafon,Sadler's Wells,Glorious Song,Hail to Reason,Cosmah,Understanding,Mountain Flower,Lyphard,Lady Rebecca,Busted,Highclere,Hail to Reason,Bramalea,Amerigo,Matchiche,Nijinsky,Virginia Hills,Tyrant,Femina,Mr. Prospector,File,Dance Spell,Witching Hour,Halo,Wishing Well,Kris,Katies,Mr. Prospector,Secrettame,The Minstrel,Mofida,Northern Dancer,Fairy Bridge,Halo,Ballade
202606010311,2,芝,2200,良,3勝クラス,レイデオロ,チャーチクワイア,キングカメハメハ,ラドラーダ,ネオユニヴァース,ロレットチャペル,Kingmambo,マンファス,シンボリクリスエス,レディブロンド,サンデーサイレンス,ポインテッドパス,フレンチデピュティ,サンタフェトレイル,Mr. Prospector,Miesque,ラストタイクーン,Pilot Bird,Kris S.,Tee Kay,Seeking the Gold,ウインドインハーヘア,Halo,Wishing Well,Kris,Silken Way,Deputy Minister,Mitterand,ノーザンテースト,ハッピートレイルズ,Raise a Native,Gold Digger,Nureyev,Pasadoble,トライマイベスト,Mill Princess,Blakeney,The Dancer,Roberto,Sharp Queen,Gold Meridian,Tri Argo,Mr. Prospector,Con Game,Alzao,Burghclere,Hail to Reason,Cosmah,Understanding,Mountain Flower,Sharpen Up,Doubly Sure,Shantung,Boulevard,Vice Regent,Mint Copy,Hold Your Peace,Laredo Lass,Northern Dancer,Lady Victoria,ポツセ,ロイコン
202606010311,3,芝,2200,良,3勝クラス,メイショウサムソン,ギャラクティコ,オペラハウス,マイヴィヴィアン,マンハッタンカフェ,ティコティコタック,Sadler's Wells,Colorspin,ダンシングブレーヴ,ウイルプリンセス,サンデーサイレンス,サトルチェンジ,サッカーボーイ,ワンアイドバンブー,Northern Dancer,Fairy Bridge,High Top,Reprocolor,Lyphard,Navajo Princess,サンプリンス,エール,Halo,Wishing Well,Law Society,Santa Luciana,ディクタス,ダイナサッシュ,ブライアンズタイム,ドロレスバンブー,Nearctic,Natalma,Bold Reason,Special,Derring-Do,Camenae,Jimmy Reppin,Blue Queen,Northern Dancer,Goofed,Drone,Olmec,Princely Gift,Costa Sola,フォルティノ,ガーネツト,Hail to Reason,Cosmah,Understanding,Mountain Flower,Alleged,Bold Bikini,Luciano,Suleika,Sanctus,Doronic,ノーザンテースト,ロイヤルサッシュ,Roberto,Kelley's Day,ジョンティオンブル,シエンバンブー
202606010311,4,芝,2200,良,3勝クラス,キズナ,エアシンフォニー,ディープインパクト,キャットクイル,ルーラーシップ,エアデジャヴー,サンデーサイレンス,ウインドインハーヘア,Storm Cat,Pacific Princess,キングカメハメハ,エアグルーヴ,ノーザンテースト,アイドリームドアドリーム,Halo,Wishing Well,Alzao,Burghclere,Storm Bird,Terlingua,Damascus,Fiji,Kingmambo,マンファス,トニービン,ダイナカール,Northern Dancer,Lady Victoria,Well Decorated,Hidden Trail,Hail to Reason,Cosmah,Understanding,Mountain Flower,Lyphard,Lady Rebecca,Busted,Highclere,Northern Dancer,South Ocean,Secretariat,Crimson Saint,Sword Dancer,Kerala,Acropolis,Rififi,Mr. Prospector,Miesque,ラストタイクーン,Pilot Bird,カンパラ,Severn Bridge,ノーザンテースト,シャダイフェザー,Nearctic,Natalma,Victoria Park,Lady Angela,Raja Baba,Paris Breeze,Gleaming,Tobacco Trail
202606010311,5,芝,2200,良,3勝クラス,ダノンバラード,オーミチェリッシュ,ディープインパクト,レディバラード,キャプテンスティーヴ,メイショウユキカゼ,サンデーサイレンス,ウインドインハーヘア,Unbridled,Angelic Song,Fly So Free,Sparkling Delite,ダイナガリバー,セブンレットウ,Halo,Wishing Well,Alzao,Burghclere,Fappiano,Gana Facil,Halo,Ballade,Time for a Change,Free to Fly,Vice Regent,Sparkling Topaz,ノーザンテースト,ユアースポート,パーソロン,ホクセーミドリ,Hail to Reason,Cosmah,Understanding,Mountain Flower,Lyphard,Lady Rebecca,Busted,Highclere,Mr. Prospector,Killaloe,Le Fabuleux,Charedi,Hail to Reason,Cosmah,Herbager,Miss Swapsco,Damascus,Resolver,Stevward,Dancing Lark,Northern Dancer,Victoria Regina,Jacinto,Alotoffun,Northern Dancer,Lady Victoria,バウンティアス,ファインサラ,Milesian,Paleo,ヴェンチア,フェアリーテイル
202606010311,6,芝,2200,良,3勝クラス,リアルスティール,シーソルティキッス,ディープインパクト,ラヴズオンリーミー,キングカメハメハ,ソルティビッド,サンデーサイレンス,ウインドインハーヘア,Storm Cat,Monevassia,Kingmambo,マンファス,Salt Lake,Piper Piper,Halo,Wishing Well,Alzao,Burghclere,Storm Bird,Terlingua,Mr. Prospector,Miesque,Mr. Prospector,Miesque,ラストタイクーン,Pilot Bird,Deputy Minister,Take Lady Anne,Spectacular Bid,Alvarada,Hail to Reason,Cosmah,Understanding,Mountain Flower,Lyphard,Lady Rebecca,Busted,Highclere,Northern Dancer,South Ocean,Secretariat,Crimson Saint,Raise a Native,Gold Digger,Nureyev,Pasadoble,Raise a Native,Gold Digger,Nureyev,Pasadoble,トライマイベスト,Mill Princess,Blakeney,The Dancer,Vice Regent,Mint Copy,Queen City Lad,Lovita H.,Bold Bidder,Spectacular,Hard Work,Easterborn
202606010311,7,芝,2200,良,3勝クラス,ゴールドシップ,マイネボヌール,ステイゴールド,ポイントフラッグ,ロージズインメイ,コスモフォーチュン,サンデーサイレンス,ゴールデンサッシュ,メジロマックイーン,パストラリズム,Devil His Due,Tell a Secret,マイネルラヴ,グレースマリヤ,Halo,Wishing Well,ディクタス,ダイナサッシュ,メジロティターン,メジロオーロラ,プルラリズム,トクノエイティー,Devil's Bag,Plenty O'Toole,Speak John,Secret Retreat,Seeking the Gold,Heart of Joy,グルームダンサー,ミホグレース,Hail to Reason,Cosmah,Understanding,Mountain Flower,Sanctus,Doronic,ノーザンテースト,ロイヤルサッシュ,メジロアサマ,シエリル,リマンド,メジロアイリス,The Minstrel,Cambretta,トライバルチーフ,アイアンルビー,Halo,Ballade,Raise a Cup,Li'l Puss,Prince John,Nuit de Folies,Clandestine,Retirement,Mr. Prospector,Con Game,リィフォー,Mythographer,Blushing Groom,Featherhill,アスワン,ビューティマリヤ
202606010311,8,芝,2200,良,3勝クラス,ハーツクライ,スピニングワイルドキャット,サンデーサイレンス,アイリッシュダンス,ハードスパン,Hollywood Wildcat,Halo,Wishing Well,トニービン,ビューパーダンス,Danzig,Turkish Tryst,Kris S.,Miss Wildcatter,Hail to Reason,Cosmah,Understanding,Mountain Flower,カンパラ,Severn Bridge,Lyphard,My Bupers,Northern Dancer,Pas de Nom,Turkoman,Darbyvail,Roberto,Sharp Queen,Mr. Prospector,Elizabeth K.,Turn-to,Nothirdchance,Cosmic Bomb,Almahmoud,Promised Land,Pretty Ways,Montparnasse,Edelweiss,Kalamoun,State Pension,Hornbeam,Priddy Fair,Northern Dancer,Goofed,Bupers,Princess Revoked,Nearctic,Natalma,Admiral's Voyage,Petitioner,Alydar,Taba,Roberto,Luiana,Hail to Reason,Bramalea,Princequillo,Bridgework,Raise a Native,Gold Digger,Third Martini,Baked Apple
202606010311,9,芝,2200,良,3勝クラス,ラブリーデイ,オーキッドレイ,キングカメハメハ,ポップコーンジャズ,ディープインパクト,シェルズレイ,Kingmambo,マンファス,ダンスインザダーク,グレイスルーマー,サンデーサイレンス,ウインドインハーヘア,クロフネ,オイスターチケット,Mr. Prospector,Miesque,ラストタイクーン,Pilot Bird,サンデーサイレンス,ダンシングキイ,トニービン,ディスクジョッキー,Halo,Wishing Well,Alzao,Burghclere,フレンチデピュティ,ブルーアヴェニュー,ウイニングチケット,ナムラピアリス,Raise a Native,Gold Digger,Nureyev,Pasadoble,トライマイベスト,Mill Princess,Blakeney,The Dancer,Halo,Wishing Well,Nijinsky,Key Partner,カンパラ,Severn Bridge,リアルシャダイ,シャダイチャッター,Hail to Reason,Cosmah,Understanding,Mountain Flower,Lyphard,Lady Rebecca,Busted,Highclere,Deputy Minister,Mitterand,Classic Go Go,Eliza Blue,トニービン,パワフルレディ,トウショウボーイ,ヤマニサクラ
202606010311,10,芝,2200,良,3勝クラス,ミッキーロケット,フリップフロップ,キングカメハメハ,マネーキャントバイミーラヴ,リンカーン,ケイアイメモリー,Kingmambo,マンファス,Pivotal,Sabreon,サンデーサイレンス,グレースアドマイヤ,フォーティナイナー,カシワズプリンセス,Mr. Prospector,Miesque,ラストタイクーン,Pilot Bird,Polar Falcon,Fearless Revival,Caerleon,Sabria,Halo,Wishing Well,トニービン,バレークイーン,Mr. Prospector,File,ロイヤルスキー,シヤドウ,Raise a Native,Gold Digger,Nureyev,Pasadoble,トライマイベスト,Mill Princess,Blakeney,The Dancer,Nureyev,Marie d'Argonne,Cozzene,Stufida,Nijinsky,Foreseer,Miswaki,Flood,Hail to Reason,Cosmah,Understanding,Mountain Flower,カンパラ,Severn Bridge,Sadler's Wells,Sun Princess,Raise a Native,Gold Digger,Tom Rolfe,Continue,Raja Baba,Coz o'Nijinsky,ウエンセスラス,レツドシャドウ
202606010311,10,芝,2200,良,3勝クラス,スワーヴリチャード,スパークオンアイス,ハーツクライ,ピラミマ,シンボリクリスエス,アゲヒバリ,サンデーサイレンス,アイリッシュダンス,Unbridled's Song,キャリアコレクション,Kris S.,Tee Kay,クロフネ,トゥザヴィクトリー,Halo,Wishing Well,トニービン,ビューパーダンス,Unbridled,Trolley Song,General Meeting,River of Stars,Roberto,Sharp Queen,Gold Meridian,Tri Argo,フレンチデピュティ,ブルーアヴェニュー,サンデーサイレンス,フェアリードール,Hail to Reason,Cosmah,Understanding,Mountain Flower,カンパラ,Severn Bridge,Lyphard,My Bupers,Fappiano,Gana Facil,Caro,Lucky Spell,Seattle Slew,Alydar's Promise,Riverman,Star Fortune,Hail to Reason,Bramalea,Princequillo,Bridgework,Seattle Slew,Queen Louie,Tri Jet,Hail Proudly,Deputy Minister,Mitterand,Classic Go Go,Eliza Blue,Halo,Wishing Well,Nureyev,Dream Deal
202606010311,12,芝,2200,良,3勝クラス,ニューイヤーズデイ,キャットコイン,Street Cry,Justwhistledixie,ステイゴールド,ストレイキャット,Machiavellian,Helen Street,Dixie Union,General Jeanne,サンデーサイレンス,ゴールデンサッシュ,Storm Cat,ローミンレイチェル,Mr. Prospector,Coup de Folie,Troy,Waterway,Dixieland Band,She's Tops,Honour and Glory,Ahpo Hel,Halo,Wishing Well,ディクタス,ダイナサッシュ,Storm Bird,Terlingua,マイニング,One Smart Lady,Raise a Native,Gold Digger,Halo,Raise the Standard,Petingo,La Milo,Riverman,Boulevard,Northern Dancer,Mississippi Mud,Capote,She's a Talent,Relaunch,Fair to All,Mr. Leader,Tiy,Hail to Reason,Cosmah,Understanding,Mountain Flower,Sanctus,Doronic,ノーザンテースト,ロイヤルサッシュ,Northern Dancer,South Ocean,Secretariat,Crimson Saint,Mr. Prospector,I Pass,Clever Trick,Pia's Lady
202606010311,13,芝,2200,良,3勝クラス,ブリックスアンドモルタル,マイネカンナ,Giant's Causeway,Beyond the Waves,アグネスタキオン,タカラカンナ,Storm Cat,Mariah's Storm,Ocean Crest,Excedent,サンデーサイレンス,アグネスフローラ,サッカーボーイ,クリムゾンラトラー,Storm Bird,Terlingua,Rahy,イメンス,Storm Bird,S.S.Aroma,Exceller,Broadway Lullaby,Halo,Wishing Well,ロイヤルスキー,アグネスレディー,ディクタス,ダイナサッシュ,Crimson Satan,Falina's Dancer,Northern Dancer,South Ocean,Secretariat,Crimson Saint,Blushing Groom,Glorious Song,Roberto,Imsodear,Northern Dancer,South Ocean,Seattle Slew,Rare Bouquet,Vaguely Noble,Too Bald,Stage Door Johnny,リットルブレツシング,Hail to Reason,Cosmah,Understanding,Mountain Flower,Raja Baba,Coz o'Nijinsky,リマンド,イコマエイカン,Sanctus,Doronic,ノーザンテースト,ロイヤルサッシュ,Spy Song,Papila,Rattle Dancer,Falina
202606010311,14,芝,2200,良,3勝クラス,イスラボニータ,ゴージャスランチ,フジキセキ,イスラコジーン,マンハッタンカフェ,シーキングマイラブ,サンデーサイレンス,ミルレーサー,Cozzene,Isla Mujeres,サンデーサイレンス,サトルチェンジ,Seeking the Gold,クイーンモード,Halo,Wishing Well,Le Fabuleux,Marston's Mill,Caro,Ride the Trails,Crafty Prospector,Lido Isle,Halo,Wishing Well,Law Society,Santa Luciana,Mr. Prospector,Con Game,Akarad,Modiyna,Hail to Reason,Cosmah,Understanding,Mountain Flower,Wild Risk,Anguar,In Reality,Millicent,フォルティノ,Chambord,Prince John,Wildwook,Mr. Prospector,Real Crafty Lady,Far North,She Is Gorgeous,Hail to Reason,Cosmah,Understanding,Mountain Flower,Alleged,Bold Bikini,Luciano,Suleika,Raise a Native,Gold Digger,Buckpasser,Broadway,Labus,Licata,Nishapour,Monique
202606010311,15,芝,2200,良,3勝クラス,ワールドエース,ラスリーズ,ディープインパクト,マンデラ,ブライアンズタイム,マチカネヒザクラ,サンデーサイレンス,ウインドインハーヘア,Acatenango,Mandellicht,Roberto,Kelley's Day,デインヒル,マチカネアイーダ,Halo,Wishing Well,Alzao,Burghclere,Surumu,Aggravate,Be My Guest,Mandelauge,Hail to Reason,Bramalea,Graustark,Golden Trail,Danzig,Razyana,Alydar,Lady's Secret,Hail to Reason,Cosmah,Understanding,Mountain Flower,Lyphard,Lady Rebecca,Busted,Highclere,Literat,Surama,Aggressor,Raven Locks,Northern Dancer,What a Treat,Elektrant,Mandriale,Turn-to,Nothirdchance,Nashua,Rarelea,Ribot,Flower Bowl,Hasty Road,Sunny Vale,Northern Dancer,Pas de Nom,His Majesty,Spring Adieu,Raise a Native,Sweet Tooth,Secretariat,Great Lady M.
202606010311,16,芝,2200,良,3勝クラス,グレーターロンドン,ムーンハウリング,ディープインパクト,ロンドンブリッジ,メジロマックイーン,アスカシーズ,サンデーサイレンス,ウインドインハーヘア,ドクターデヴィアス,オールフォーロンドン,メジロティターン,メジロオーロラ,カコイーシーズ,ポイントメーカー,Halo,Wishing Well,Alzao,Burghclere,Ahonoora,Rose of Jericho,Danzig,Full Card,メジロアサマ,シエリル,リマンド,メジロアイリス,Alydar,Careless Notion,ボールドラツド,クリヒデ,Hail to Reason,Cosmah,Understanding,Mountain Flower,Lyphard,Lady Rebecca,Busted,Highclere,Lorenzaccio,Helen Nichols,Alleged,Rose Red,Northern Dancer,Pas de Nom,Damascus,Belle of the Ball,パーソロン,スヰート,スノッブ,Chanel,Alcide,Admonish,ヒンドスタン,アサマユリ,Raise a Native,Sweet Tooth,Jester,Miss Uppity,Bold Ruler,Misty Morn,クリノハナ,ケンタツキー
202606010311,17,芝,2200,良,3勝クラス,ヴィクトワールピサ,エーソングフォー,ネオユニヴァース,ホワイトウォーターアフェア,More Than Ready,Miss Garland,サンデーサイレンス,ポインテッドパス,Machiavellian,Much Too Risky,サザンヘイロー,Woodman's Girl,パレスミュージック,Miss Actress,Halo,Wishing Well,Kris,Silken Way,Mr. Prospector,Coup de Folie,Bustino,Short Rations,Halo,Northern Sea,Woodman,Becky Be Good,The Minstrel,Come My Prince,Mr. Cockatoo,T. V. Actress,Hail to Reason,Cosmah,Understanding,Mountain Flower,Sharpen Up,Doubly Sure,Shantung,Boulevard,Raise a Native,Gold Digger,Halo,Raise the Standard,Busted,Ship Yard,Lorenzaccio,Short Commons,Hail to Reason,Cosmah,Northern Dancer,Sea Saga,Mr. Prospector,プレイメイト,Naskra,Good Landing,Northern Dancer,Fleur,Prince John,Come Hither Look,Windy Sands,Miss Zenoda,T.V. Lark,Petite Patootie
202606010312,1,ダート,1200,良,1勝クラス,ロードカナロア,アイアムカミノマゴ,キングカメハメハ,レディブラッサム,アグネスタキオン,アイアムザウィナー,Kingmambo,マンファス,Storm Cat,サラトガデュー,サンデーサイレンス,アグネスフローラ,Danzig Connection,ブルージーンベイビー,Mr. Prospector,Miesque,ラストタイクーン,Pilot Bird,Storm Bird,Terlingua,Cormorant,Super Luna,Halo,Wishing Well,ロイヤルスキー,アグネスレディー,Danzig,Gdynia,Mr. Prospector,Jones Time Machine,Raise a Native,Gold Digger,Nureyev,Pasadoble,トライマイベスト,Mill Princess,Blakeney,The Dancer,Northern Dancer,South Ocean,Secretariat,Crimson Saint,His Majesty,Song Sparrow,In Reality,Alada,Hail to Reason,Cosmah,Understanding,Mountain Flower,Raja Baba,Coz o'Nijinsky,リマンド,イコマエイカン,Northern Dancer,Pas de Nom,Sir Ivor,Classicist,Raise a Native,Gold Digger,Current Concept,Daunt's Girl
202606010312,2,ダート,1200,良,1勝クラス,ヘニーヒューズ,シーイズチャンプ,ヘネシー,Meadow Flyer,ダノンシャンティ,シーイズトウショウ,Storm Cat,Island Kitty,Meadowlake,Shortley,フジキセキ,シャンソネット,サクラバクシンオー,ジェーントウショウ,Storm Bird,Terlingua,Hawaii,T. C. Kitten,Hold Your Peace,Suspicious Native,Hagley,Short Winded,サンデーサイレンス,ミルレーサー,Mark of Esteem,Glorious Song,サクラユタカオー,サクラハゴロモ,トウショウフリート,コーニストウショウ,Northern Dancer,South Ocean,Secretariat,Crimson Saint,Utrillo,Ethane,Tom Cat,Needlebug,Speak John,Blue Moon,Raise a Native,Be Suspicious,Olden Times,Teo Pepi,Harvest Singing,Wild Cloud,Halo,Wishing Well,Le Fabuleux,Marston's Mill,Darshaan,Homage,Halo,Ballade,テスコボーイ,アンジェリカ,ノーザンテースト,クリアアンバー,トウショウペガサス,リバーストウショウ,ダンディルート,ローズトウショウ
202606010312,3,ダート,1200,良,1勝クラス,フォーウィールドライブ,エレディア,American Pharoah,Funfair,キングカメハメハ,ウッドランドドリーム,Pioneerof the Nile,Littleprincessemma,More Than Ready,Fleuron,Kingmambo,マンファス,Charnwood Forest,Fantasy Girl,エンパイアメーカー,Star of Goshen,Yankee Gentleman,Exclusive Rosette,サザンヘイロー,Woodman's Girl,Distant View,Flamboyance,Mr. Prospector,Miesque,ラストタイクーン,Pilot Bird,ウォーニング,Dance of Leaves,Marju,Persian Fantasy,Unbridled,Toussaud,Lord at War,Castle Eight,Storm Cat,Key Phrase,Ecliptical,Zetta Jet,Halo,Northern Sea,Woodman,Becky Be Good,Mr. Prospector,Seven Springs,Zilzal,Bridal Wreath,Raise a Native,Gold Digger,Nureyev,Pasadoble,トライマイベスト,Mill Princess,Blakeney,The Dancer,Known Fact,Slightly Dangerous,Sadler's Wells,Fall Aspen,ラストタイクーン,Flame of Tara,Persian Bold,Gay Fantasy
202606010312,4,ダート,1200,良,1勝クラス,エピファネイア,ハッピーノリチャン,シンボリクリスエス,シーザリオ,サクラバクシンオー,ラストワルツ,Kris S.,Tee Kay,スペシャルウィーク,キロフプリミエール,サクラユタカオー,サクラハゴロモ,ゼンノロブロイ,パーフェクトサークル,Roberto,Sharp Queen,Gold Meridian,Tri Argo,サンデーサイレンス,キャンペンガール,Sadler's Wells,Querida,テスコボーイ,アンジェリカ,ノーザンテースト,クリアアンバー,サンデーサイレンス,ローミンレイチェル,Caerleon,Fair Salinia,Hail to Reason,Bramalea,Princequillo,Bridgework,Seattle Slew,Queen Louie,Tri Jet,Hail Proudly,Halo,Wishing Well,マルゼンスキー,レディーシラオキ,Northern Dancer,Fairy Bridge,Habitat,Principia,Princely Gift,Suncourt,ネヴァービート,スターハイネス,Northern Dancer,Lady Victoria,Ambiopoise,One Clear Call,Halo,Wishing Well,マイニング,One Smart Lady,Nijinsky,Foreseer,Petingo,Fair Arabella
202606010312,5,ダート,1200,良,1勝クラス,シルバーステート,ラッシュカッター,ディープインパクト,シルヴァースカヤ,Red Ransom,Elizabeth Bay,サンデーサイレンス,ウインドインハーヘア,Silver Hawk,Boubskaia,Roberto,アラビア,Mr. Prospector,Life At the Top,Halo,Wishing Well,Alzao,Burghclere,Roberto,Gris Vitesse,Niniski,Frenetique,Hail to Reason,Bramalea,Damascus,Christmas Wind,Raise a Native,Gold Digger,Seattle Slew,See You At the Top,Hail to Reason,Cosmah,Understanding,Mountain Flower,Lyphard,Lady Rebecca,Busted,Highclere,Hail to Reason,Bramalea,Amerigo,Matchiche,Nijinsky,Virginia Hills,Tyrant,Femina,Turn-to,Nothirdchance,Nashua,Rarelea,Sword Dancer,Kerala,Nearctic,Bally Free,Native Dancer,Raise You,Nashua,Sequence,Bold Reasoning,My Charmer,Riva Ridge,Comely Nell
202606010312,6,ダート,1200,良,1勝クラス,エスポワールシチー,シャプレドサクレ,ゴールドアリュール,エミネントシチー,タートルボウル,ピュアチャプレット,サンデーサイレンス,ニキーヤ,ブライアンズタイム,ヘップバーンシチー,Dyhim Diamond,Clara Bow,クロフネ,バプティスタ,Halo,Wishing Well,Nureyev,Reluctant Guest,Roberto,Kelley's Day,ブレイヴェストローマン,コンパルシチー,Night Shift,Happy Landing,Top Ville,Kamiya,フレンチデピュティ,ブルーアヴェニュー,サンデーサイレンス,ビーバップ,Hail to Reason,Cosmah,Understanding,Mountain Flower,Northern Dancer,Special,Hostage,Vaguely Royal,Hail to Reason,Bramalea,Graustark,Golden Trail,Never Bend,Roman Song,トラフィック,リンネス,Northern Dancer,Ciboulette,Homing,Laughing Goddess,High Top,Sega Ville,Kalamoun,Shahinaaz,Deputy Minister,Mitterand,Classic Go Go,Eliza Blue,Halo,Wishing Well,アンバーシャダイ,ビバールクイン
202606010312,7,ダート,1200,良,1勝クラス,アドマイヤマーズ,セイウンメテオ,ダイワメジャー,ヴィアメディチ,Acclamation,Lixirova,サンデーサイレンス,スカーレットブーケ,Medicean,Via Milano,Royal Applause,Princess Athena,Slickly,Linorova,Halo,Wishing Well,ノーザンテースト,スカーレットインク,Machiavellian,Mystic Goddess,シングスピール,Salvinaxia,ワージブ,Flying Melody,Ahonoora,Shopping Wise,Linamix,Slipstream Queen,Trempolino,Gontcharova,Hail to Reason,Cosmah,Understanding,Mountain Flower,Northern Dancer,Lady Victoria,Crimson Satan,Consentida,Mr. Prospector,Coup de Folie,Storm Bird,Rose Goddess,In the Wings,Glorious Song,Linamix,Salve,トライマイベスト,Coryana,Auction Ring,Whispering Star,Lorenzaccio,Helen Nichols,フロリバンダ,Sea Melody,メンデス,Lunadix,Conquistador Cielo,Country Queen,Sharpen Up,Trephine,Zafonic,Luth de Saron
202606010312,8,ダート,1200,良,1勝クラス,リアルスティール,ミヤコノユメ,ディープインパクト,ラヴズオンリーミー,ロードカナロア,ミヤコマンハッタン,サンデーサイレンス,ウインドインハーヘア,Storm Cat,Monevassia,キングカメハメハ,レディブラッサム,マンハッタンカフェ,ハッピースキャット,Halo,Wishing Well,Alzao,Burghclere,Storm Bird,Terlingua,Mr. Prospector,Miesque,Kingmambo,マンファス,Storm Cat,サラトガデュー,サンデーサイレンス,サトルチェンジ,ドクターデヴィアス,シンミスチーフ,Hail to Reason,Cosmah,Understanding,Mountain Flower,Lyphard,Lady Rebecca,Busted,Highclere,Northern Dancer,South Ocean,Secretariat,Crimson Saint,Raise a Native,Gold Digger,Nureyev,Pasadoble,Mr. Prospector,Miesque,ラストタイクーン,Pilot Bird,Storm Bird,Terlingua,Cormorant,Super Luna,Halo,Wishing Well,Law Society,Santa Luciana,Ahonoora,Rose of Jericho,トライバルチーフ,ケンキヨウ
202606010312,9,ダート,1200,良,1勝クラス,トゥザグローリー,ムサ,キングカメハメハ,トゥザヴィクトリー,フレンチデピュティ,ラブリープリンセス,Kingmambo,マンファス,サンデーサイレンス,フェアリードール,Deputy Minister,Mitterand,エンドスウィープ,ラブリーサンライズ,Mr. Prospector,Miesque,ラストタイクーン,Pilot Bird,Halo,Wishing Well,Nureyev,Dream Deal,Vice Regent,Mint Copy,Hold Your Peace,Laredo Lass,フォーティナイナー,Broom Dance,ノーザンテースト,ナイトブリーズ,Raise a Native,Gold Digger,Nureyev,Pasadoble,トライマイベスト,Mill Princess,Blakeney,The Dancer,Hail to Reason,Cosmah,Understanding,Mountain Flower,Northern Dancer,Special,Sharpen Up,Likely Exchange,Northern Dancer,Victoria Regina,Bunty's Flight,Shakney,Speak John,Blue Moon,Bold Ruler,Fortunate Isle,Mr. Prospector,File,Dance Spell,Witching Hour,Northern Dancer,Lady Victoria,パーソロン,コサージターフ
202606010312,10,ダート,1200,良,1勝クラス,コパノリッキー,サイモンドルチェ,ゴールドアリュール,コパノニキータ,ジャングルポケット,フェアリーワルツ,サンデーサイレンス,ニキーヤ,ティンバーカントリー,ニホンピロローズ,トニービン,ダンスチャーマー,Lear Fan,Quick and Smooth,Halo,Wishing Well,Nureyev,Reluctant Guest,Woodman,Fall Aspen,トニービン,ウェディングブーケ,カンパラ,Severn Bridge,Nureyev,Skillful Joy,Roberto,Wac,Crafty Prospector,Ms. Balding,Hail to Reason,Cosmah,Understanding,Mountain Flower,Northern Dancer,Special,Hostage,Vaguely Royal,Mr. Prospector,プレイメイト,Pretense,Change Water,カンパラ,Severn Bridge,リアルシャダイ,アリーウイン,Kalamoun,State Pension,Hornbeam,Priddy Fair,Northern Dancer,Special,Nodouble,Skillful Miss,Hail to Reason,Bramalea,Lt. Stevens,Belthazar,Mr. Prospector,Real Crafty Lady,Sir Ivor,Vanilla
202606010312,11,ダート,1200,良,1勝クラス,ゴールドドリーム,フラニーフロイド,ゴールドアリュール,モンヴェール,Freud,Frankly Fran,サンデーサイレンス,ニキーヤ,フレンチデピュティ,スペシャルジェイド,Storm Cat,Mariah's Storm,D'Accord,Las Manitas,Halo,Wishing Well,Nureyev,Reluctant Guest,Deputy Minister,Mitterand,Cox's Ridge,Statistic,Storm Bird,Terlingua,Rahy,イメンス,Secretariat,Fanfreluche,Faraway Son,Maimiti,Hail to Reason,Cosmah,Understanding,Mountain Flower,Northern Dancer,Special,Hostage,Vaguely Royal,Vice Regent,Mint Copy,Hold Your Peace,Laredo Lass,Best Turn,Our Martha,Mr. Prospector,Number,Northern Dancer,South Ocean,Secretariat,Crimson Saint,Blushing Groom,Glorious Song,Roberto,Imsodear,Bold Ruler,Somethingroyal,Northern Dancer,Ciboulette,Ambiopoise,Locust Time,Never Bend,Hula Girl
202606010312,12,ダート,1200,良,1勝クラス,Frankel,キャシーズソング,Galileo,Kind,Candy Ride,Strawberry Sense,Sadler's Wells,Urban Sea,デインヒル,Rainbow Lake,Ride the Rails,Candy Girl,A.P. Indy,Strawberry Reason,Northern Dancer,Fairy Bridge,Miswaki,Allegretta,Danzig,Razyana,Rainbow Quest,Rockfest,Cryptoclearance,Herbalesian,Candy Stripes,City Girl,Seattle Slew,Weekend Surprise,Strawberry Road,Pretty Reason,Nearctic,Natalma,Bold Reason,Special,Mr. Prospector,Hopespringseternal,Lombard,Anatevka,Northern Dancer,Pas de Nom,His Majesty,Spring Adieu,Blushing Groom,I Will Follow,Stage Door Johnny,Rock Garden,Fappiano,Naval Orange,Herbager,Alanesian,Blushing Groom,バブルカンパニー,Farnesio,Cithara,Bold Reasoning,My Charmer,Secretariat,Lassie Dear,Whiskey Road,Giftisa,Hail to Reason,Mysore
202606010312,13,ダート,1200,良,1勝クラス,コパノリッキー,トーワフォーチュン,ゴールドアリュール,コパノニキータ,エンドスウィープ,グリーングッズ,サンデーサイレンス,ニキーヤ,ティンバーカントリー,ニホンピロローズ,フォーティナイナー,Broom Dance,Clever Trick,Bare Essence,Halo,Wishing Well,Nureyev,Reluctant Guest,Woodman,Fall Aspen,トニービン,ウェディングブーケ,Mr. Prospector,File,Dance Spell,Witching Hour,Icecapade,Kankakee Miss,Youth,Bold Example,Hail to Reason,Cosmah,Understanding,Mountain Flower,Northern Dancer,Special,Hostage,Vaguely Royal,Mr. Prospector,プレイメイト,Pretense,Change Water,カンパラ,Severn Bridge,リアルシャダイ,アリーウイン,Raise a Native,Gold Digger,Tom Rolfe,Continue,Northern Dancer,Obeah,Thinking Cap,Enchanted Eve,Nearctic,Shenanigans,Better Bee,Golden Beach,Ack Ack,Gazala,ボールドラツド,Lady Be Good
202606010312,14,ダート,1200,良,1勝クラス,ルヴァンスレーヴ,ソロダンサー,シンボリクリスエス,マエストラーレ,ゴールドアリュール,ドリーボンズレガシー,Kris S.,Tee Kay,ネオユニヴァース,オータムブリーズ,サンデーサイレンス,ニキーヤ,Proud Citizen,Kelly Amber,Roberto,Sharp Queen,Gold Meridian,Tri Argo,サンデーサイレンス,ポインテッドパス,ティンバーカントリー,セプテンバーソング,Halo,Wishing Well,Nureyev,Reluctant Guest,Gone West,Drums Of Freedom,Highland Park,Pamela Kay,Hail to Reason,Bramalea,Princequillo,Bridgework,Seattle Slew,Queen Louie,Tri Jet,Hail Proudly,Halo,Wishing Well,Kris,Silken Way,Woodman,Fall Aspen,リアルシャダイ,ダイナフェアリー,Hail to Reason,Cosmah,Understanding,Mountain Flower,Northern Dancer,Special,Hostage,Vaguely Royal,Mr. Prospector,Secrettame,Green Forest,Danseuse Etoile,Raise a Native,Old Goat,Hold Your Peace,Proven Right
202606010312,15,ダート,1200,良,1勝クラス,サトノアラジン,ダイストウショウ,ディープインパクト,マジックストーム,サクラバクシンオー,メイトウショウ,サンデーサイレンス,ウインドインハーヘア,Storm Cat,Foppy Dancer,サクラユタカオー,サクラハゴロモ,ジェネラス,サマンサトウショウ,Halo,Wishing Well,Alzao,Burghclere,Storm Bird,Terlingua,Fappiano,Water Dance,テスコボーイ,アンジェリカ,ノーザンテースト,クリアアンバー,Caerleon,Doff the Derby,トウショウボーイ,マーブルトウショウ,Hail to Reason,Cosmah,Understanding,Mountain Flower,Lyphard,Lady Rebecca,Busted,Highclere,Northern Dancer,South Ocean,Secretariat,Crimson Saint,Mr. Prospector,Killaloe,Nijinsky,Luiana,Princely Gift,Suncourt,ネヴァービート,スターハイネス,Northern Dancer,Lady Victoria,Ambiopoise,One Clear Call,Nijinsky,Foreseer,Master Derby,Margarethen,テスコボーイ,ソシアルバターフライ,ダンディルート,チヤイナトウショウ
202606010312,16,ダート,1200,良,1勝クラス,サトノアラジン,ピリカクル,ディープインパクト,マジックストーム,オルフェーヴル,Pirika,サンデーサイレンス,ウインドインハーヘア,Storm Cat,Foppy Dancer,ステイゴールド,オリエンタルアート,Monsun,パイタ,Halo,Wishing Well,Alzao,Burghclere,Storm Bird,Terlingua,Fappiano,Water Dance,サンデーサイレンス,ゴールデンサッシュ,メジロマックイーン,エレクトロアート,Konigsstuhl,Mosella,Intikhab,Prada,Hail to Reason,Cosmah,Understanding,Mountain Flower,Lyphard,Lady Rebecca,Busted,Highclere,Northern Dancer,South Ocean,Secretariat,Crimson Saint,Mr. Prospector,Killaloe,Nijinsky,Luiana,Halo,Wishing Well,ディクタス,ダイナサッシュ,メジロティターン,メジロオーロラ,ノーザンテースト,グランマスティーヴンス,Dschingis Khan,Konigskronung,Surumu,Monasia,Red Ransom,Crafty Example,Lagunas,Pradera
202606010401,1,ダート,1200,良,未勝利,モズアスコット,ラッキーペニー,Frankel,India,ダイワメジャー,クイックセイコー,Galileo,Kind,ヘネシー,Misty Hour,サンデーサイレンス,スカーレットブーケ,エルコンドルパサー,スコールイ,Sadler's Wells,Urban Sea,デインヒル,Rainbow Lake,Storm Cat,Island Kitty,Miswaki,Our Tina Marie,Halo,Wishing Well,ノーザンテースト,スカーレットインク,Kingmambo,サドラーズギャル,Seeking the Gold,Premier Playmate,Northern Dancer,Fairy Bridge,Miswaki,Allegretta,Danzig,Razyana,Rainbow Quest,Rockfest,Storm Bird,Terlingua,Hawaii,T. C. Kitten,Mr. Prospector,Hopespringseternal,Nijinsky,Java Moon,Hail to Reason,Cosmah,Understanding,Mountain Flower,Northern Dancer,Lady Victoria,Crimson Satan,Consentida,Mr. Prospector,Miesque,Sadler's Wells,Glenveagh,Mr. Prospector,Con Game,Pass Catcher,Bedtime Toy
202606010401,2,ダート,1200,良,未勝利,ディスクリートキャット,ハウリング,Forestry,Pretty Discreet,Hard Spun,アースソング,Storm Cat,Shared Interest,Private Account,Pretty Persuasive,Danzig,Turkish Tryst,アグネスタキオン,ワールドミュージック,Storm Bird,Terlingua,Pleasant Colony,Surgery,Damascus,Numbered Account,Believe It,Bury the Hatchet,Northern Dancer,Pas de Nom,Turkoman,Darbyvail,サンデーサイレンス,アグネスフローラ,Dixieland Band,Headline,Northern Dancer,South Ocean,Secretariat,Crimson Saint,His Majesty,Sun Colony,Dr. Fager,Bold Sequence,Sword Dancer,Kerala,Buckpasser,Intriguing,In Reality,Breakfast Bell,Tom Rolfe,Christmas Whishes,Nearctic,Natalma,Admiral's Voyage,Petitioner,Alydar,Taba,Roberto,Luiana,Halo,Wishing Well,ロイヤルスキー,アグネスレディー,Northern Dancer,Mississippi Mud,Machiavellian,Priceless Fame
202606010401,3,ダート,1200,良,未勝利,リオンディーズ,ダラニ,キングカメハメハ,シーザリオ,サクラバクシンオー,パーフェクトブルー,Kingmambo,マンファス,スペシャルウィーク,キロフプリミエール,サクラユタカオー,サクラハゴロモ,サンデーサイレンス,ビューティークロス,Mr. Prospector,Miesque,ラストタイクーン,Pilot Bird,サンデーサイレンス,キャンペンガール,Sadler's Wells,Querida,テスコボーイ,アンジェリカ,ノーザンテースト,クリアアンバー,Halo,Wishing Well,タマモクロス,ミヤマビューティー,Raise a Native,Gold Digger,Nureyev,Pasadoble,トライマイベスト,Mill Princess,Blakeney,The Dancer,Halo,Wishing Well,マルゼンスキー,レディーシラオキ,Northern Dancer,Fairy Bridge,Habitat,Principia,Princely Gift,Suncourt,ネヴァービート,スターハイネス,Northern Dancer,Lady Victoria,Ambiopoise,One Clear Call,Hail to Reason,Cosmah,Understanding,Mountain Flower,シービークロス,グリーンシャトー,ノーザンテースト,ホウヨウクイン
202606010401,4,ダート,1200,良,未勝利,ダノンプレミアム,サリーバランセ,ディープインパクト,インディアナギャル,ヘニーヒューズ,マヤノマヤ,サンデーサイレンス,ウインドインハーヘア,Intikhab,Genial Jenny,ヘネシー,Meadow Flyer,タイキシャトル,ナリタフローラ,Halo,Wishing Well,Alzao,Burghclere,Red Ransom,Crafty Example,デインヒル,Joma Kaanem,Storm Cat,Island Kitty,Meadowlake,Shortley,Devil's Bag,ウェルシュマフィン,サンデーサイレンス,ナリタレッドバード,Hail to Reason,Cosmah,Understanding,Mountain Flower,Lyphard,Lady Rebecca,Busted,Highclere,Roberto,アラビア,Crafty Prospector,Zienelle,Danzig,Razyana,Double Form,Ash Lawn,Storm Bird,Terlingua,Hawaii,T. C. Kitten,Hold Your Peace,Suspicious Native,Hagley,Short Winded,Halo,Ballade,Caerleon,Muffitys,Halo,Wishing Well,マルゼンスキー,ビューティマリヤ
202606010401,5,ダート,1200,良,未勝利,ダノンプレミアム,ピアレジーナ,ディープインパクト,インディアナギャル,タイキシャトル,アッシュベリー,サンデーサイレンス,ウインドインハーヘア,Intikhab,Genial Jenny,Devil's Bag,ウェルシュマフィン,Any Given Saturday,アシェラフ,Halo,Wishing Well,Alzao,Burghclere,Red Ransom,Crafty Example,デインヒル,Joma Kaanem,Halo,Ballade,Caerleon,Muffitys,Distorted Humor,Weekend in Indy,Deputy Minister,Cinnamon Sugar,Hail to Reason,Cosmah,Understanding,Mountain Flower,Lyphard,Lady Rebecca,Busted,Highclere,Roberto,アラビア,Crafty Prospector,Zienelle,Danzig,Razyana,Double Form,Ash Lawn,Hail to Reason,Cosmah,Herbager,Miss Swapsco,Nijinsky,Foreseer,Thatch,Contrail,フォーティナイナー,Danzig's Beauty,A.P. Indy,Whow,Vice Regent,Mint Copy,Wild Again,Sugar and Spice
202606010401,6,ダート,1200,良,未勝利,フィレンツェファイア,フェアレディ,Poseidon's Warrior,My Every Wish,ハーツクライ,レディインディ,Speightstown,Poised to Pounce,Langfuhr,Mille Lacs,サンデーサイレンス,アイリッシュダンス,A.P. Indy,Fiji,Gone West,Silken Cat,Smarten,Lady Lyndy,Danzig,Sweet Briar Too,Unbridled,With Every Wish,Halo,Wishing Well,トニービン,ビューパーダンス,Seattle Slew,Weekend Surprise,Rainbow Quest,Island Jamboree,Mr. Prospector,Secrettame,Storm Cat,Silken Doll,Cyane,Smartaire,Bold Favorite,Counterflight,Northern Dancer,Pas de Nom,Briartic,Prima Babu Gum,Fappiano,Gana Facil,Lear Fan,Amo,Hail to Reason,Cosmah,Understanding,Mountain Flower,カンパラ,Severn Bridge,Lyphard,My Bupers,Bold Reasoning,My Charmer,Secretariat,Lassie Dear,Blushing Groom,I Will Follow,Explodent,Careless Virgin
202606010401,7,ダート,1200,良,未勝利,アポロケンタッキー,カンタベリーセーラ,Langfuhr,Dixiana Delight,スクリーンヒーロー,レヴェトン,Danzig,Sweet Briar Too,Gone West,Lake Lady,グラスワンダー,ランニングヒロイン,Malibu Moon,イフティラース,Northern Dancer,Pas de Nom,Briartic,Prima Babu Gum,Mr. Prospector,Secrettame,Salt Lake,Slinkylady,Silver Hawk,Ameriflora,サンデーサイレンス,ダイナアクトレス,A.P. Indy,Macoumba,Distant Relative,Ideal Home,Nearctic,Natalma,Admiral's Voyage,Petitioner,Nearctic,Sweet Lady Briar,Gummo,Princess Babu,Raise a Native,Gold Digger,Secretariat,Tamerett,Deputy Minister,Take Lady Anne,What a Hoist,Don't Call Debi,Roberto,Gris Vitesse,Danzig,Graceful Touch,Halo,Wishing Well,ノーザンテースト,モデルスポート,Seattle Slew,Weekend Surprise,Mr. Prospector,Maximova,Habitat,Royal Sister,Home Guard,Milk and Honey
202606010401,8,ダート,1200,良,未勝利,ノヴェリスト,ユキノサンブライト,Monsun,Night Lagoon,ブラックタイド,ユキノシンデレラ,Konigsstuhl,Mosella,Lagunas,Nenuphar,サンデーサイレンス,ウインドインハーヘア,サンダーガルチ,ユキノグランベル,Dschingis Khan,Konigskronung,Surumu,Monasia,イルドブルボン,Liranga,Night Shift,Narola,Halo,Wishing Well,Alzao,Burghclere,Gulch,Line of Thunder,サクラユタカオー,ハイエストビッド,Tamerlane,Donna Diana,Tiepoletto,Kronung,Literat,Surama,Authi,Monacensia,Nijinsky,Roseliere,Literat,Love In,Northern Dancer,Ciboulette,Nebos,Nubia,Hail to Reason,Cosmah,Understanding,Mountain Flower,Lyphard,Lady Rebecca,Busted,Highclere,Mr. Prospector,Jameela,Storm Bird,Shoot a Line,テスコボーイ,アンジェリカ,ノーザンテースト,アスコツトラップ
202606010401,9,ダート,1200,良,未勝利,ミスターメロディ,グリンテソーロ,Scat Daddy,Trusty Lady,カジノドライヴ,サトノアーチ,ヨハネスブルグ,Love Style,Deputy Minister,Klassy Kim,Mineshaft,Better Than Honour,マンハッタンカフェ,フラワーアーチ,ヘネシー,Myth,Mr. Prospector,Likeable Style,Vice Regent,Mint Copy,Silent Screen,クールアライヴァル,A.P. Indy,Prospector's Delite,Deputy Minister,Blush With Pride,サンデーサイレンス,サトルチェンジ,Nashwan,Forest Flower,Storm Cat,Island Kitty,オジジアン,Yarn,Raise a Native,Gold Digger,Nijinsky,Personable Lady,Northern Dancer,Victoria Regina,Bunty's Flight,Shakney,Prince John,Prayer Bell,Relaunch,Irish Arrival,Seattle Slew,Weekend Surprise,Mr. Prospector,Up the Flagpole,Vice Regent,Mint Copy,Blushing Groom,Best in Show,Halo,Wishing Well,Law Society,Santa Luciana,Blushing Groom,Height of Fashion,Green Forest,Leap Lively
202606010401,10,ダート,1200,良,未勝利,ドレフォン,ウインフロレゾン,Gio Ponti,Eltimaas,フジキセキ,ブランシェリー,Tale of the Cat,Chipeta Springs,Ghostzapper,Najecam,サンデーサイレンス,ミルレーサー,トニービン,メゾンブランシュ,Storm Cat,Yarn,Alydar,Salt Spring,Awesome Again,Baby Zip,Trempolino,Sue Warner,Halo,Wishing Well,Le Fabuleux,Marston's Mill,カンパラ,Severn Bridge,Alleged,ブランシユレイン,Storm Bird,Terlingua,Mr. Prospector,Narrate,Raise a Native,Sweet Tooth,Salt Marsh,Jungle Mythologic,Deputy Minister,Primal Force,Relaunch,Thirty Zip,Sharpen Up,Trephine,Forli,Bitty Girl,Hail to Reason,Cosmah,Understanding,Mountain Flower,Wild Risk,Anguar,In Reality,Millicent,Kalamoun,State Pension,Hornbeam,Priddy Fair,Hoist the Flag,Princess Pout,Nureyev,Belga
202606010401,11,ダート,1200,良,未勝利,ミスチヴィアスアレックス,ジャストザハピネス,Into Mischief,White Pants Night,ハーツクライ,エレガントトーク,Harlan's Holiday,Leslie's Lady,Speightstown,More d'Amour,サンデーサイレンス,アイリッシュダンス,Machiavellian,Sheena's Gold,Harlan,Christmas in Aiken,Tricky Creek,Crystal Lady,Gone West,Silken Cat,Tour d'Or,Love Connection,Halo,Wishing Well,トニービン,ビューパーダンス,Mr. Prospector,Coup de Folie,Fast Gold,Afasheen,Storm Cat,Country Romance,Affirmed,Dowager,Clever Trick,Battle Creek Girl,Stop the Music,One Last Bird,Mr. Prospector,Secrettame,Storm Cat,Silken Doll,Medaille d'Or,Debby's Turn,Master Derby,Perfect Connection,Hail to Reason,Cosmah,Understanding,Mountain Flower,カンパラ,Severn Bridge,Lyphard,My Bupers,Raise a Native,Gold Digger,Halo,Raise the Standard,Mr. Prospector,Flack Attack,Sheshoon,Aimee
202606010401,12,ダート,1200,良,未勝利,カリフォルニアクローム,ワディアルヒタン,Lucky Pulpit,Love the Chase,タイキシャトル,ワディラム,Pulpit,Lucky Soph,Not for Love,Chase It Down,Devil's Bag,ウェルシュマフィン,サンデーサイレンス,ワディア,A.P. Indy,Preach,Cozzene,Lucky Spell,Mr. Prospector,Dance Number,Polish Numbers,Chase the Dream,Halo,Ballade,Caerleon,Muffitys,Halo,Wishing Well,Lyphard,Histoire,Seattle Slew,Weekend Surprise,Mr. Prospector,Narrate,Caro,Ride the Trails,Lucky Mel,Incantation,Raise a Native,Gold Digger,Northern Dancer,Numbered Account,Danzig,Numbered Account,Sir Ivor,La Belle Fleur,Hail to Reason,Cosmah,Herbager,Miss Swapsco,Nijinsky,Foreseer,Thatch,Contrail,Hail to Reason,Cosmah,Understanding,Mountain Flower,Northern Dancer,Goofed,Riverman,Helvetie
202606010401,13,ダート,1200,良,未勝利,アメリカンペイトリオット,アイスウィッチ,War Front,Life Well Lived,シンボリクリスエス,アイスドール,Danzig,Starry Dreamer,Tiznow,Well Dressed,Kris S.,Tee Kay,キャプテンスティーヴ,ビスクドール,Northern Dancer,Pas de Nom,Rubiano,Lara's Star,Cee's Tizzy,Cee's Song,Notebook,Trithenia,Roberto,Sharp Queen,Gold Meridian,Tri Argo,Fly So Free,Sparkling Delite,サンデーサイレンス,フェアリードール,Nearctic,Natalma,Admiral's Voyage,Petitioner,Fappiano,Ruby Slippers,Forli,True Reality,Relaunch,テイズリー,Seattle Song,Lonely Dancer,Well Decorated,Mobcap,Gold Meridian,Tri Argo,Hail to Reason,Bramalea,Princequillo,Bridgework,Seattle Slew,Queen Louie,Tri Jet,Hail Proudly,Time for a Change,Free to Fly,Vice Regent,Sparkling Topaz,Halo,Wishing Well,Nureyev,Dream Deal
202606010401,14,ダート,1200,良,未勝利,ミッキーグローリー,アテナブルー,ディープインパクト,メリッサ,ジャングルポケット,セイントセーラ,サンデーサイレンス,ウインドインハーヘア,ホワイトマズル,ストーミーラン,トニービン,ダンスチャーマー,Caerleon,マラブー,Halo,Wishing Well,Alzao,Burghclere,ダンシングブレーヴ,Fair of the Furze,トニービン,ウインドオブサマー,カンパラ,Severn Bridge,Nureyev,Skillful Joy,Nijinsky,Foreseer,Roberto,Last Feather,Hail to Reason,Cosmah,Understanding,Mountain Flower,Lyphard,Lady Rebecca,Busted,Highclere,Lyphard,Navajo Princess,Ela-Mana-Mou,Autocratic,カンパラ,Severn Bridge,ノーザリー,アイレバース,Kalamoun,State Pension,Hornbeam,Priddy Fair,Northern Dancer,Special,Nodouble,Skillful Miss,Northern Dancer,Flaming Page,Round Table,Regal Gleam,Hail to Reason,Bramalea,Vaguely Noble,Quill
202606010401,15,ダート,1200,良,未勝利,フォーウィールドライブ,タガノシムナ,American Pharoah,Funfair,ロードカナロア,タガノディーバ,Pioneerof the Nile,Littleprincessemma,More Than Ready,Fleuron,キングカメハメハ,レディブラッサム,フジキセキ,ディーバ,エンパイアメーカー,Star of Goshen,Yankee Gentleman,Exclusive Rosette,サザンヘイロー,Woodman's Girl,Distant View,Flamboyance,Kingmambo,マンファス,Storm Cat,サラトガデュー,サンデーサイレンス,ミルレーサー,Crafty Prospector,ミスセクレト,Unbridled,Toussaud,Lord at War,Castle Eight,Storm Cat,Key Phrase,Ecliptical,Zetta Jet,Halo,Northern Sea,Woodman,Becky Be Good,Mr. Prospector,Seven Springs,Zilzal,Bridal Wreath,Mr. Prospector,Miesque,ラストタイクーン,Pilot Bird,Storm Bird,Terlingua,Cormorant,Super Luna,Halo,Wishing Well,Le Fabuleux,Marston's Mill,Mr. Prospector,Real Crafty Lady,セクレト,My First Fling
202606010401,16,ダート,1200,良,未勝利,エスケンデレヤ,マリノピュアハート,Giant's Causeway,Aldebaran Light,スマートファルコン,シルクピュアハート,Storm Cat,Mariah's Storm,Seattle Slew,Altair,ゴールドアリュール,ケイシュウハーブ,マヤノトップガン,シルキーグランス,Storm Bird,Terlingua,Rahy,イメンス,Bold Reasoning,My Charmer,Alydar,ステラーオデッセイ,サンデーサイレンス,ニキーヤ,ミシシッピアン,キョウエイシラユキ,ブライアンズタイム,アルプミープリーズ,Kingmambo,Northern Glance,Northern Dancer,South Ocean,Secretariat,Crimson Saint,Blushing Groom,Glorious Song,Roberto,Imsodear,Boldnesian,Reason to Earn,Poker,Fair Charmer,Raise a Native,Sweet Tooth,Northern Dancer,Queen Sucree,Halo,Wishing Well,Nureyev,Reluctant Guest,Vaguely Noble,Gazala,クラウンドプリンス,アリアーン,Roberto,Kelley's Day,Blushing Groom,Swiss,Mr. Prospector,Miesque,Nijinsky,Pass a Glance
202606010402,1,ダート,1800,良,未勝利,カレンブラックヒル,ノーブルスノー,ダイワメジャー,チャールストンハーバー,クロフネ,ピサノルビー,サンデーサイレンス,スカーレットブーケ,Grindstone,Penny's Valentine,フレンチデピュティ,ブルーアヴェニュー,ブライアンズタイム,ペルヴィア,Halo,Wishing Well,ノーザンテースト,スカーレットインク,Unbridled,Buzz My Bell,Storm Cat,Mrs. Penny,Deputy Minister,Mitterand,Classic Go Go,Eliza Blue,Roberto,Kelley's Day,Seeking the Gold,Valthea,Hail to Reason,Cosmah,Understanding,Mountain Flower,Northern Dancer,Lady Victoria,Crimson Satan,Consentida,Fappiano,Gana Facil,Drone,Chateaupavia,Storm Bird,Terlingua,Great Nephew,Tananarive,Vice Regent,Mint Copy,Hold Your Peace,Laredo Lass,Pago Pago,Classic Perfection,Icecapade,コレラ,Hail to Reason,Bramalea,Graustark,Golden Trail,Mr. Prospector,Con Game,Antheus,Green Valley
202606010402,2,ダート,1800,良,未勝利,ベンバトル,ポップアイコン,Dubawi,Nahrain,ダイワメジャー,ピンクタートル,Dubai Millennium,Zomaradah,Selkirk,Bahr,サンデーサイレンス,スカーレットブーケ,Blushing Groom,Turtle Cove,Seeking the Gold,Colorado Dancer,Deploy,Jawaher,Sharpen Up,Annie Edge,ジェネラス,Lady of the Sea,Halo,Wishing Well,ノーザンテースト,スカーレットインク,Red God,Runaway Bride,Dr. Fager,Sunny Cove,Mr. Prospector,Con Game,Shareef Dancer,Fall Aspen,Shirley Heights,Slightly Dangerous,ダンシングブレーヴ,High Tern,エタン,Rocchetta,Nebbiolo,Friendly Court,Caerleon,Doff the Derby,Mill Reef,La Mer,Hail to Reason,Cosmah,Understanding,Mountain Flower,Northern Dancer,Lady Victoria,Crimson Satan,Consentida,Nasrullah,Spring Run,Wild Risk,Aimee,Rough'n Tumble,Aspidistra,Nearco,Sunny Gulf
202606010402,3,ダート,1800,良,未勝利,ヘンリーバローズ,チアズスワロー,ディープインパクト,シルヴァースカヤ,フレンチデピュティ,チアズダンサー,サンデーサイレンス,ウインドインハーヘア,Silver Hawk,Boubskaia,Deputy Minister,Mitterand,アンバーシャダイ,シャトーフォモサ,Halo,Wishing Well,Alzao,Burghclere,Roberto,Gris Vitesse,Niniski,Frenetique,Vice Regent,Mint Copy,Hold Your Peace,Laredo Lass,ノーザンテースト,クリアアンバー,シャトーゲイ,ネロリ,Hail to Reason,Cosmah,Understanding,Mountain Flower,Lyphard,Lady Rebecca,Busted,Highclere,Hail to Reason,Bramalea,Amerigo,Matchiche,Nijinsky,Virginia Hills,Tyrant,Femina,Northern Dancer,Victoria Regina,Bunty's Flight,Shakney,Speak John,Blue Moon,Bold Ruler,Fortunate Isle,Northern Dancer,Lady Victoria,Ambiopoise,One Clear Call,Swaps,Banquet Bell,Dan Cupid,Aurada
202606010402,4,ダート,1800,良,未勝利,マクフィ,エイシンエトワール,Dubawi,Dhelaal,ディープインパクト,エーシンマダムジー,Dubai Millennium,Zomaradah,Green Desert,Irish Valley,サンデーサイレンス,ウインドインハーヘア,Giant's Causeway,ミッションガール,Seeking the Gold,Colorado Dancer,Deploy,Jawaher,Danzig,Foreign Courier,Irish River,Green Valley,Halo,Wishing Well,Alzao,Burghclere,Storm Cat,Mariah's Storm,Deputy Minister,Triple Strike,Mr. Prospector,Con Game,Shareef Dancer,Fall Aspen,Shirley Heights,Slightly Dangerous,ダンシングブレーヴ,High Tern,Northern Dancer,Pas de Nom,Sir Ivor,Courtly Dee,Riverman,Irish Star,Val de Loir,Sly Pola,Hail to Reason,Cosmah,Understanding,Mountain Flower,Lyphard,Lady Rebecca,Busted,Highclere,Storm Bird,Terlingua,Rahy,イメンス,Vice Regent,Mint Copy,Secretariat,Seeker's Gold
202606010402,5,ダート,1800,良,未勝利,オルフェーヴル,タイキオードリー,ステイゴールド,オリエンタルアート,キングカメハメハ,エスカニア,サンデーサイレンス,ゴールデンサッシュ,メジロマックイーン,エレクトロアート,Kingmambo,マンファス,Edgy Diplomat,Carezza,Halo,Wishing Well,ディクタス,ダイナサッシュ,メジロティターン,メジロオーロラ,ノーザンテースト,グランマスティーヴンス,Mr. Prospector,Miesque,ラストタイクーン,Pilot Bird,Deputy Minister,Excitable Gal,Card Game,Romantica,Hail to Reason,Cosmah,Understanding,Mountain Flower,Sanctus,Doronic,ノーザンテースト,ロイヤルサッシュ,メジロアサマ,シエリル,リマンド,メジロアイリス,Northern Dancer,Lady Victoria,Lt. Stevens,Dhow,Raise a Native,Gold Digger,Nureyev,Pasadoble,トライマイベスト,Mill Princess,Blakeney,The Dancer,Vice Regent,Mint Copy,Secretariat,Magazine,Thatch,Fortunal,Rigel,Fanatica
202606010402,6,ダート,1800,良,未勝利,ホークビル,トゥルヴァーユ,Kitten's Joy,Trensa,ダイワメジャー,グランバザール,El Prado,Kitten's First,Giant's Causeway,Serape,サンデーサイレンス,スカーレットブーケ,タマモクロス,マルゼンカーニバル,Sadler's Wells,Lady Capulet,Lear Fan,That's My Hon,Storm Cat,Mariah's Storm,Fappiano,Mochila,Halo,Wishing Well,ノーザンテースト,スカーレットインク,シービークロス,グリーンシャトー,マルゼンスキー,カーニバル,Northern Dancer,Fairy Bridge,Sir Ivor,Cap and Bells,Roberto,Wac,L'Enjoleur,One Lane,Storm Bird,Terlingua,Rahy,イメンス,Mr. Prospector,Killaloe,In Reality,Ride the Trails,Hail to Reason,Cosmah,Understanding,Mountain Flower,Northern Dancer,Lady Victoria,Crimson Satan,Consentida,フォルティノ,ズイシヨウ,シャトーゲイ,クインビー,Nijinsky,シル,Racing Is Fun,Malt
202606010402,7,ダート,1800,良,未勝利,ダノンプレミアム,アグアアスール,ディープインパクト,インディアナギャル,ロードカナロア,レディマーメイド,サンデーサイレンス,ウインドインハーヘア,Intikhab,Genial Jenny,キングカメハメハ,レディブラッサム,Fusaichi Pegasus,Mother of Pearl,Halo,Wishing Well,Alzao,Burghclere,Red Ransom,Crafty Example,デインヒル,Joma Kaanem,Kingmambo,マンファス,Storm Cat,サラトガデュー,Mr. Prospector,Angel Fever,Sadler's Wells,Sisania,Hail to Reason,Cosmah,Understanding,Mountain Flower,Lyphard,Lady Rebecca,Busted,Highclere,Roberto,アラビア,Crafty Prospector,Zienelle,Danzig,Razyana,Double Form,Ash Lawn,Mr. Prospector,Miesque,ラストタイクーン,Pilot Bird,Storm Bird,Terlingua,Cormorant,Super Luna,Raise a Native,Gold Digger,Danzig,Rowdy Angel,Northern Dancer,Fairy Bridge,High Top,Targos Delight
202606010402,8,ダート,1800,良,未勝利,カリフォルニアクローム,アルスノヴァ,Lucky Pulpit,Love the Chase,ダンスインザダーク,オリエンタルアート,Pulpit,Lucky Soph,Not for Love,Chase It Down,サンデーサイレンス,ダンシングキイ,メジロマックイーン,エレクトロアート,A.P. Indy,Preach,Cozzene,Lucky Spell,Mr. Prospector,Dance Number,Polish Numbers,Chase the Dream,Halo,Wishing Well,Nijinsky,Key Partner,メジロティターン,メジロオーロラ,ノーザンテースト,グランマスティーヴンス,Seattle Slew,Weekend Surprise,Mr. Prospector,Narrate,Caro,Ride the Trails,Lucky Mel,Incantation,Raise a Native,Gold Digger,Northern Dancer,Numbered Account,Danzig,Numbered Account,Sir Ivor,La Belle Fleur,Hail to Reason,Cosmah,Understanding,Mountain Flower,Northern Dancer,Flaming Page,Key to the Mint,Native Partner,メジロアサマ,シエリル,リマンド,メジロアイリス,Northern Dancer,Lady Victoria,Lt. Stevens,Dhow
202606010402,9,ダート,1800,良,未勝利,ルーラーシップ,ベッキー,キングカメハメハ,エアグルーヴ,ブラックタイド,ネネグース,Kingmambo,マンファス,トニービン,ダイナカール,サンデーサイレンス,ウインドインハーヘア,クロフネ,サンスプリング,Mr. Prospector,Miesque,ラストタイクーン,Pilot Bird,カンパラ,Severn Bridge,ノーザンテースト,シャダイフェザー,Halo,Wishing Well,Alzao,Burghclere,フレンチデピュティ,ブルーアヴェニュー,サザンヘイロー,Spring Light,Raise a Native,Gold Digger,Nureyev,Pasadoble,トライマイベスト,Mill Princess,Blakeney,The Dancer,Kalamoun,State Pension,Hornbeam,Priddy Fair,Northern Dancer,Lady Victoria,ガーサント,パロクサイド,Hail to Reason,Cosmah,Understanding,Mountain Flower,Lyphard,Lady Rebecca,Busted,Highclere,Deputy Minister,Mitterand,Classic Go Go,Eliza Blue,Halo,Northern Sea,More Light,Song of Spring
202606010402,10,ダート,1800,良,未勝利,モズアスコット,ライトフェアリー,Frankel,India,サムライハート,フラワーフェアリー,Galileo,Kind,ヘネシー,Misty Hour,サンデーサイレンス,エアグルーヴ,アルカセット,フリーフォーギブン,Sadler's Wells,Urban Sea,デインヒル,Rainbow Lake,Storm Cat,Island Kitty,Miswaki,Our Tina Marie,Halo,Wishing Well,トニービン,ダイナカール,Kingmambo,チェサプラナ,Unbridled,Redeemer,Northern Dancer,Fairy Bridge,Miswaki,Allegretta,Danzig,Razyana,Rainbow Quest,Rockfest,Storm Bird,Terlingua,Hawaii,T. C. Kitten,Mr. Prospector,Hopespringseternal,Nijinsky,Java Moon,Hail to Reason,Cosmah,Understanding,Mountain Flower,カンパラ,Severn Bridge,ノーザンテースト,シャダイフェザー,Mr. Prospector,Miesque,Niniski,Top of The League,Fappiano,Gana Facil,Dixieland Band,Printing Press
202606010402,11,ダート,1800,良,未勝利,アジアエクスプレス,フロリール,ヘニーヒューズ,ランニングボブキャッツ,クロフネ,キャトルセゾン,ヘネシー,Meadow Flyer,Running Stag,Backatem,フレンチデピュティ,ブルーアヴェニュー,サンデーサイレンス,エミネントガール,Storm Cat,Island Kitty,Meadowlake,Shortley,Cozzene,Fruhlingstag,Notebook,Deputy's Mistress,Deputy Minister,Mitterand,Classic Go Go,Eliza Blue,Halo,Wishing Well,Nashwan,タレンティドガール,Storm Bird,Terlingua,Hawaii,T. C. Kitten,Hold Your Peace,Suspicious Native,Hagley,Short Winded,Caro,Ride the Trails,Orsini,Revada,Well Decorated,Mobcap,Deputy Minister,River Crossing,Vice Regent,Mint Copy,Hold Your Peace,Laredo Lass,Pago Pago,Classic Perfection,Icecapade,コレラ,Hail to Reason,Cosmah,Understanding,Mountain Flower,Blushing Groom,Height of Fashion,リマンド,チヨダマサコ
202606010402,12,ダート,1800,良,未勝利,アドマイヤマーズ,ロサグラウカ,ダイワメジャー,ヴィアメディチ,ルーラーシップ,ローザブランカ,サンデーサイレンス,スカーレットブーケ,Medicean,Via Milano,キングカメハメハ,エアグルーヴ,クロフネ,ローズバド,Halo,Wishing Well,ノーザンテースト,スカーレットインク,Machiavellian,Mystic Goddess,シングスピール,Salvinaxia,Kingmambo,マンファス,トニービン,ダイナカール,フレンチデピュティ,ブルーアヴェニュー,サンデーサイレンス,ロゼカラー,Hail to Reason,Cosmah,Understanding,Mountain Flower,Northern Dancer,Lady Victoria,Crimson Satan,Consentida,Mr. Prospector,Coup de Folie,Storm Bird,Rose Goddess,In the Wings,Glorious Song,Linamix,Salve,Mr. Prospector,Miesque,ラストタイクーン,Pilot Bird,カンパラ,Severn Bridge,ノーザンテースト,シャダイフェザー,Deputy Minister,Mitterand,Classic Go Go,Eliza Blue,Halo,Wishing Well,Shirley Heights,ローザネイ
202606010402,13,ダート,1800,良,未勝利,エポカドーロ,フローレススカイ,オルフェーヴル,ダイワパッション,クロフネ,フローレス,ステイゴールド,オリエンタルアート,フォーティナイナー,サンルージュ,フレンチデピュティ,ブルーアヴェニュー,サンデーサイレンス,シジェームサン,サンデーサイレンス,ゴールデンサッシュ,メジロマックイーン,エレクトロアート,Mr. Prospector,File,シェイディハイツ,チカノヴァ,Deputy Minister,Mitterand,Classic Go Go,Eliza Blue,Halo,Wishing Well,Septieme Ciel,Samalex,Halo,Wishing Well,ディクタス,ダイナサッシュ,メジロティターン,メジロオーロラ,ノーザンテースト,グランマスティーヴンス,Raise a Native,Gold Digger,Tom Rolfe,Continue,Shirley Heights,Vaguely,Northern Dancer,Cairn Rouge,Vice Regent,Mint Copy,Hold Your Peace,Laredo Lass,Pago Pago,Classic Perfection,Icecapade,コレラ,Hail to Reason,Cosmah,Understanding,Mountain Flower,Seattle Slew,Maximova,Ela-Mana-Mou,Pampas Miss
202606010402,14,ダート,1800,良,未勝利,ダノンプレミアム,ショーハイウェイ,ディープインパクト,インディアナギャル,パイロ,リアルメンテ,サンデーサイレンス,ウインドインハーヘア,Intikhab,Genial Jenny,Pulpit,Wild Vision,フジキセキ,トキオリアリティー,Halo,Wishing Well,Alzao,Burghclere,Red Ransom,Crafty Example,デインヒル,Joma Kaanem,A.P. Indy,Preach,Wild Again,Carol's Wonder,サンデーサイレンス,ミルレーサー,Meadowlake,What a Reality,Hail to Reason,Cosmah,Understanding,Mountain Flower,Lyphard,Lady Rebecca,Busted,Highclere,Roberto,アラビア,Crafty Prospector,Zienelle,Danzig,Razyana,Double Form,Ash Lawn,Seattle Slew,Weekend Surprise,Mr. Prospector,Narrate,Icecapade,Bushel-n-Peck,Pass the Tab,Carols Christmas,Halo,Wishing Well,Le Fabuleux,Marston's Mill,Hold Your Peace,Suspicious Native,In Reality,What Will Be
202606010402,15,ダート,1800,良,未勝利,マインドユアビスケッツ,サンヴァンサン,Posse,Jazzmane,クロフネ,ルミネンス,Silver Deputy,Raska,Toccet,Alljazz,フレンチデピュティ,ブルーアヴェニュー,ジェイドロバリー,チャンジイ,Deputy Minister,Silver Valley,Rahy,Borishka,Awesome Again,Cozzene's Angel,Stop the Music,Bounteous,Deputy Minister,Mitterand,Classic Go Go,Eliza Blue,Mr. Prospector,Number,El Gran Senor,Ghaiya,Vice Regent,Mint Copy,Mr. Prospector,Seven Valleys,Blushing Groom,Glorious Song,Roberto,Queen Maud,Deputy Minister,Primal Force,Cozzene,Charming Pan,Hail to Reason,Bebopper,Master Derby,Mlle. Quille,Vice Regent,Mint Copy,Hold Your Peace,Laredo Lass,Pago Pago,Classic Perfection,Icecapade,コレラ,Raise a Native,Gold Digger,Nijinsky,Special,Northern Dancer,Sex Appeal,Alleged,Proud Pattie
202606010402,16,ダート,1800,良,未勝利,イスラボニータ,シセイイワイ,フジキセキ,イスラコジーン,ヴィクトワールピサ,ブライアンズイブ,サンデーサイレンス,ミルレーサー,Cozzene,Isla Mujeres,ネオユニヴァース,ホワイトウォーターアフェア,ブライアンズタイム,シーヴィーナス,Halo,Wishing Well,Le Fabuleux,Marston's Mill,Caro,Ride the Trails,Crafty Prospector,Lido Isle,サンデーサイレンス,ポインテッドパス,Machiavellian,Much Too Risky,Roberto,Kelley's Day,Dayjur,アサーティブプリンセス,Hail to Reason,Cosmah,Understanding,Mountain Flower,Wild Risk,Anguar,In Reality,Millicent,フォルティノ,Chambord,Prince John,Wildwook,Mr. Prospector,Real Crafty Lady,Far North,She Is Gorgeous,Halo,Wishing Well,Kris,Silken Way,Mr. Prospector,Coup de Folie,Bustino,Short Rations,Hail to Reason,Bramalea,Graustark,Golden Trail,Danzig,Gold Beauty,Assert,Pacific Princess
202606010403,1,ダート,1800,良,未勝利,デクラレーションオブウォー,オムニプレゼンス,War Front,Tempo West,ディープインパクト,ヴァレリカ,Danzig,Starry Dreamer,Rahy,Tempo,サンデーサイレンス,ウインドインハーヘア,Dynaformer,マンデラ,Northern Dancer,Pas de Nom,Rubiano,Lara's Star,Blushing Groom,Glorious Song,Gone West,Terpsichorist,Halo,Wishing Well,Alzao,Burghclere,Roberto,Andover Way,Acatenango,Mandellicht,Nearctic,Natalma,Admiral's Voyage,Petitioner,Fappiano,Ruby Slippers,Forli,True Reality,Red God,Runaway Bride,Halo,Ballade,Mr. Prospector,Secrettame,Nijinsky,Glad Rags,Hail to Reason,Cosmah,Understanding,Mountain Flower,Lyphard,Lady Rebecca,Busted,Highclere,Hail to Reason,Bramalea,His Majesty,On the Trail,Surumu,Aggravate,Be My Guest,Mandelauge
202606010403,2,ダート,1800,良,未勝利,クリソベリル,ミトス,ゴールドアリュール,クリソプレーズ,エンパイアメーカー,リベラノ,サンデーサイレンス,ニキーヤ,エルコンドルパサー,キャサリーンパー,Unbridled,Toussaud,Rubiano,Skillful Joy,Halo,Wishing Well,Nureyev,Reluctant Guest,Kingmambo,サドラーズギャル,Riverman,Regal Exception,Fappiano,Gana Facil,El Gran Senor,Image of Reality,Fappiano,Ruby Slippers,Nodouble,Skillful Miss,Hail to Reason,Cosmah,Understanding,Mountain Flower,Northern Dancer,Special,Hostage,Vaguely Royal,Mr. Prospector,Miesque,Sadler's Wells,Glenveagh,Never Bend,River Lady,Ribot,Rajput Princess,Mr. Prospector,Killaloe,Le Fabuleux,Charedi,Northern Dancer,Sex Appeal,In Reality,Edee's Image,Mr. Prospector,Killaloe,Nijinsky,Moon Glitter,Noholme,Abla-Jay,Daryl's Joy,Poliniss
202606010403,3,ダート,1800,良,未勝利,ダノンプレミアム,エーシンベタラネリ,ディープインパクト,インディアナギャル,Elusive Quality,バーモントガール,サンデーサイレンス,ウインドインハーヘア,Intikhab,Genial Jenny,Gone West,Touch of Greatness,ミシエロ,Raging Apalachee,Halo,Wishing Well,Alzao,Burghclere,Red Ransom,Crafty Example,デインヒル,Joma Kaanem,Mr. Prospector,Secrettame,Hero's Honor,Ivory Wand,Conquistador Cielo,My Inheritance,Apalachee,Fagers Charisma,Hail to Reason,Cosmah,Understanding,Mountain Flower,Lyphard,Lady Rebecca,Busted,Highclere,Roberto,アラビア,Crafty Prospector,Zienelle,Danzig,Razyana,Double Form,Ash Lawn,Raise a Native,Gold Digger,Secretariat,Tamerett,Northern Dancer,Glowing Tribute,Sir Ivor,Natashka,Mr. Prospector,K D Princess,Thatch,Edies Double,Round Table,Moccasin,Dr. Fager,Charisma Magic
202606010403,4,ダート,1800,良,未勝利,シニスターミニスター,サルサドゥーラ,Old Trieste,Sweet Minister,ゴールドアリュール,タイムトゥダンス,A.P. Indy,Lovlier Linda,The Prime Minister,Sweet Blue,サンデーサイレンス,ニキーヤ,Nijinsky,Moment to Buy,Seattle Slew,Weekend Surprise,Vigors,Linda Summers,Deputy Minister,Stick to Beauty,Hurry Up Blue,Sugar Gold,Halo,Wishing Well,Nureyev,Reluctant Guest,Northern Dancer,Flaming Page,Timeless Moment,Had to Buy,Bold Reasoning,My Charmer,Secretariat,Lassie Dear,Grey Dawn II,Relifordie,Crozier,Queenly Gift,Vice Regent,Mint Copy,Illustrious,Hail to Beauty,Mr. Leader,Blue Baroness,Mr. Prospector,Miss Ironside,Hail to Reason,Cosmah,Understanding,Mountain Flower,Northern Dancer,Special,Hostage,Vaguely Royal,Nearctic,Natalma,Bull Page,Flaring Top,Damascus,Hour of Parting,Sadair,Had Gadya
202606010403,5,ダート,1800,良,未勝利,クリソベリル,ビキニブロンド,ゴールドアリュール,クリソプレーズ,キングカメハメハ,モンローブロンド,サンデーサイレンス,ニキーヤ,エルコンドルパサー,キャサリーンパー,Kingmambo,マンファス,アドマイヤベガ,ソニンク,Halo,Wishing Well,Nureyev,Reluctant Guest,Kingmambo,サドラーズギャル,Riverman,Regal Exception,Mr. Prospector,Miesque,ラストタイクーン,Pilot Bird,サンデーサイレンス,ベガ,Machiavellian,Sonic Lady,Hail to Reason,Cosmah,Understanding,Mountain Flower,Northern Dancer,Special,Hostage,Vaguely Royal,Mr. Prospector,Miesque,Sadler's Wells,Glenveagh,Never Bend,River Lady,Ribot,Rajput Princess,Raise a Native,Gold Digger,Nureyev,Pasadoble,トライマイベスト,Mill Princess,Blakeney,The Dancer,Halo,Wishing Well,トニービン,アンティックヴァリュー,Mr. Prospector,Coup de Folie,Nureyev,Stumped
202606010403,6,ダート,1800,良,未勝利,アポロケンタッキー,エンパイアライン,Langfuhr,Dixiana Delight,エンパイアメーカー,サクセスビスケット,Danzig,Sweet Briar Too,Gone West,Lake Lady,Unbridled,Toussaud,サンデーサイレンス,アワーミスレッグス,Northern Dancer,Pas de Nom,Briartic,Prima Babu Gum,Mr. Prospector,Secrettame,Salt Lake,Slinkylady,Fappiano,Gana Facil,El Gran Senor,Image of Reality,Halo,Wishing Well,Deputy Minister,Colonial Waters,Nearctic,Natalma,Admiral's Voyage,Petitioner,Nearctic,Sweet Lady Briar,Gummo,Princess Babu,Raise a Native,Gold Digger,Secretariat,Tamerett,Deputy Minister,Take Lady Anne,What a Hoist,Don't Call Debi,Mr. Prospector,Killaloe,Le Fabuleux,Charedi,Northern Dancer,Sex Appeal,In Reality,Edee's Image,Hail to Reason,Cosmah,Understanding,Mountain Flower,Vice Regent,Mint Copy,Pleasant Colony,Water Cress
202606010403,7,ダート,1800,良,未勝利,リオンディーズ,カウントオンイット,キングカメハメハ,シーザリオ,クロフネ,グローバルピース,Kingmambo,マンファス,スペシャルウィーク,キロフプリミエール,フレンチデピュティ,ブルーアヴェニュー,サンデーサイレンス,エミネントガール,Mr. Prospector,Miesque,ラストタイクーン,Pilot Bird,サンデーサイレンス,キャンペンガール,Sadler's Wells,Querida,Deputy Minister,Mitterand,Classic Go Go,Eliza Blue,Halo,Wishing Well,Nashwan,タレンティドガール,Raise a Native,Gold Digger,Nureyev,Pasadoble,トライマイベスト,Mill Princess,Blakeney,The Dancer,Halo,Wishing Well,マルゼンスキー,レディーシラオキ,Northern Dancer,Fairy Bridge,Habitat,Principia,Vice Regent,Mint Copy,Hold Your Peace,Laredo Lass,Pago Pago,Classic Perfection,Icecapade,コレラ,Hail to Reason,Cosmah,Understanding,Mountain Flower,Blushing Groom,Height of Fashion,リマンド,チヨダマサコ
202606010403,8,ダート,1800,良,未勝利,ベンバトル,ドクトルコスモ,Dubawi,Nahrain,オレハマッテルゼ,ウォーターセレブ,Dubai Millennium,Zomaradah,Selkirk,Bahr,サンデーサイレンス,カーリーエンジェル,サクラローレル,スウイーテストタブー,Seeking the Gold,Colorado Dancer,Deploy,Jawaher,Sharpen Up,Annie Edge,ジェネラス,Lady of the Sea,Halo,Wishing Well,ジャッジアンジェルーチ,ダイナカール,Rainbow Quest,ローラローラ,Sharpman,Sweetly,Mr. Prospector,Con Game,Shareef Dancer,Fall Aspen,Shirley Heights,Slightly Dangerous,ダンシングブレーヴ,High Tern,エタン,Rocchetta,Nebbiolo,Friendly Court,Caerleon,Doff the Derby,Mill Reef,La Mer,Hail to Reason,Cosmah,Understanding,Mountain Flower,Honest Pleasure,Victorian Queen,ノーザンテースト,シャダイフェザー,Blushing Groom,I Will Follow,Saint Cyrien,Bold Lady,Sharpen Up,Miss Manon,Lyphard,Sweet and Lovely
202606010403,9,ダート,1800,良,未勝利,パイロ,フローズンムーン,Pulpit,Wild Vision,アドマイヤムーン,アークティックミスト,A.P. Indy,Preach,Wild Again,Carol's Wonder,エンドスウィープ,マイケイティーズ,Seeking the Gold,Tee Kay,Seattle Slew,Weekend Surprise,Mr. Prospector,Narrate,Icecapade,Bushel-n-Peck,Pass the Tab,Carols Christmas,フォーティナイナー,Broom Dance,サンデーサイレンス,ケイティーズファースト,Mr. Prospector,Con Game,Gold Meridian,Tri Argo,Bold Reasoning,My Charmer,Secretariat,Lassie Dear,Raise a Native,Gold Digger,Honest Pleasure,State,Nearctic,Shenanigans,Khaled,Dama,Al Hattab,Dantina,Whitesburg,Light Verse,Mr. Prospector,File,Dance Spell,Witching Hour,Halo,Wishing Well,Kris,Katies,Raise a Native,Gold Digger,Buckpasser,Broadway,Seattle Slew,Queen Louie,Tri Jet,Hail Proudly
202606010403,10,ダート,1800,良,未勝利,マジェスティックウォリアー,ジュンレンカ,A.P. Indy,Dream Supreme,ネオユニヴァース,シャイニンレーサー,Seattle Slew,Weekend Surprise,Seeking the Gold,Spinning Round,サンデーサイレンス,ポインテッドパス,ノーザンテースト,ミルレーサー,Bold Reasoning,My Charmer,Secretariat,Lassie Dear,Mr. Prospector,Con Game,Dixieland Band,Take Heart,Halo,Wishing Well,Kris,Silken Way,Northern Dancer,Lady Victoria,Le Fabuleux,Marston's Mill,Boldnesian,Reason to Earn,Poker,Fair Charmer,Bold Ruler,Somethingroyal,Buckpasser,Gay Missile,Raise a Native,Gold Digger,Buckpasser,Broadway,Northern Dancer,Mississippi Mud,Secretariat,Deck Stewardess,Hail to Reason,Cosmah,Understanding,Mountain Flower,Sharpen Up,Doubly Sure,Shantung,Boulevard,Nearctic,Natalma,Victoria Park,Lady Angela,Wild Risk,Anguar,In Reality,Millicent
202606010403,11,ダート,1800,良,未勝利,レイデオロ,ウェストレー,キングカメハメハ,ラドラーダ,オルフェーヴル,ヴェイルオブアヴァロン,Kingmambo,マンファス,シンボリクリスエス,レディブロンド,ステイゴールド,オリエンタルアート,サンダーガルチ,ウインドインハーヘア,Mr. Prospector,Miesque,ラストタイクーン,Pilot Bird,Kris S.,Tee Kay,Seeking the Gold,ウインドインハーヘア,サンデーサイレンス,ゴールデンサッシュ,メジロマックイーン,エレクトロアート,Gulch,Line of Thunder,Alzao,Burghclere,Raise a Native,Gold Digger,Nureyev,Pasadoble,トライマイベスト,Mill Princess,Blakeney,The Dancer,Roberto,Sharp Queen,Gold Meridian,Tri Argo,Mr. Prospector,Con Game,Alzao,Burghclere,Halo,Wishing Well,ディクタス,ダイナサッシュ,メジロティターン,メジロオーロラ,ノーザンテースト,グランマスティーヴンス,Mr. Prospector,Jameela,Storm Bird,Shoot a Line,Lyphard,Lady Rebecca,Busted,Highclere
202606010403,12,ダート,1800,良,未勝利,リオンディーズ,アイリッシュビート,キングカメハメハ,シーザリオ,ハーツクライ,ヒラボクビジン,Kingmambo,マンファス,スペシャルウィーク,キロフプリミエール,サンデーサイレンス,アイリッシュダンス,ブライアンズタイム,オリジナルスピン,Mr. Prospector,Miesque,ラストタイクーン,Pilot Bird,サンデーサイレンス,キャンペンガール,Sadler's Wells,Querida,Halo,Wishing Well,トニービン,ビューパーダンス,Roberto,Kelley's Day,Machiavellian,Not Before Time,Raise a Native,Gold Digger,Nureyev,Pasadoble,トライマイベスト,Mill Princess,Blakeney,The Dancer,Halo,Wishing Well,マルゼンスキー,レディーシラオキ,Northern Dancer,Fairy Bridge,Habitat,Principia,Hail to Reason,Cosmah,Understanding,Mountain Flower,カンパラ,Severn Bridge,Lyphard,My Bupers,Hail to Reason,Bramalea,Graustark,Golden Trail,Mr. Prospector,Coup de Folie,Polish Precedent,Time Charter
202606010403,13,ダート,1800,良,未勝利,ヘニーヒューズ,キャラメライズ,ヘネシー,Meadow Flyer,キングカメハメハ,ライムキャンディ,Storm Cat,Island Kitty,Meadowlake,Shortley,Kingmambo,マンファス,タニノギムレット,マルカキャンディ,Storm Bird,Terlingua,Hawaii,T. C. Kitten,Hold Your Peace,Suspicious Native,Hagley,Short Winded,Mr. Prospector,Miesque,ラストタイクーン,Pilot Bird,ブライアンズタイム,タニノクリスタル,サンデーサイレンス,ジーナロマンティカ,Northern Dancer,South Ocean,Secretariat,Crimson Saint,Utrillo,Ethane,Tom Cat,Needlebug,Speak John,Blue Moon,Raise a Native,Be Suspicious,Olden Times,Teo Pepi,Harvest Singing,Wild Cloud,Raise a Native,Gold Digger,Nureyev,Pasadoble,トライマイベスト,Mill Princess,Blakeney,The Dancer,Roberto,Kelley's Day,クリスタルパレス,タニノシーバード,Halo,Wishing Well,セクレト,Waya
202606010403,14,ダート,1800,良,未勝利,リアルスティール,オリオンムーン,ディープインパクト,ラヴズオンリーミー,Manduro,Okocha,サンデーサイレンス,ウインドインハーヘア,Storm Cat,Monevassia,Monsun,Mandellicht,Platini,Ochoa,Halo,Wishing Well,Alzao,Burghclere,Storm Bird,Terlingua,Mr. Prospector,Miesque,Konigsstuhl,Mosella,Be My Guest,Mandelauge,Surumu,Prairie Darling,Lagunas,Omnica,Hail to Reason,Cosmah,Understanding,Mountain Flower,Lyphard,Lady Rebecca,Busted,Highclere,Northern Dancer,South Ocean,Secretariat,Crimson Saint,Raise a Native,Gold Digger,Nureyev,Pasadoble,Dschingis Khan,Konigskronung,Surumu,Monasia,Northern Dancer,What a Treat,Elektrant,Mandriale,Literat,Surama,Stanford,Prairie Belle,イルドブルボン,Liranga,Windwurf,Order
202606010403,15,ダート,1800,良,未勝利,Bolt d'Oro,ホーリーリーガル,Medaglia d'Oro,Globe Trot,Holy Roman Emperor,Hora Legal,El Prado,Cappucino Bay,A.P. Indy,Trip,デインヒル,L'On Vite,Minstrel Glory,Refletida,Sadler's Wells,Lady Capulet,Bailjumper,Dubbed In,Seattle Slew,Weekend Surprise,Lord at War,Tour,Danzig,Razyana,Secretariat,Fanfreluche,The Minstrel,Raise Old Glory,Clackson,Miracle Hill,Northern Dancer,Fairy Bridge,Sir Ivor,Cap and Bells,Damascus,Court Circuit,Silent Screen,Society Singer,Bold Reasoning,My Charmer,Secretariat,Lassie Dear,General,Luna de Miel,フォーティナイナー,Fun Flight,Northern Dancer,Pas de Nom,His Majesty,Spring Adieu,Bold Ruler,Somethingroyal,Northern Dancer,Ciboulette,Northern Dancer,Fleur,Hoist the Flag,Rhubarb,I Say,Quarana,Hang Ten,Haw
202606010403,16,ダート,1800,良,未勝利,American Pharoah,Happy Now,Pioneerof the Nile,Littleprincessemma,Mr. Greeley,Meghan's Joy,エンパイアメーカー,Star of Goshen,Yankee Gentleman,Exclusive Rosette,Gone West,Long Legend,A.P. Indy,Queens Wild,Unbridled,Toussaud,Lord at War,Castle Eight,Storm Cat,Key Phrase,Ecliptical,Zetta Jet,Mr. Prospector,Secrettame,Reviewer,Lianga,Seattle Slew,Weekend Surprise,Spectacular Bid,Wild Applause,Fappiano,Gana Facil,El Gran Senor,Image of Reality,General,Luna de Miel,Key to the Kingdom,Her Native,Storm Bird,Terlingua,Flying Paster,Sown,Exclusive Native,Minnetonka,Tri Jet,Queen Zetta,Raise a Native,Gold Digger,Secretariat,Tamerett,Bold Ruler,Broadway,ダンサーズイメージ,Leven Ones,Bold Reasoning,My Charmer,Secretariat,Lassie Dear,Bold Bidder,Spectacular,Northern Dancer,Glowing Tribute
202606010404,1,ダート,1200,良,1勝クラス,Adios Charlie,Baby Sister,Indian Charlie,Teak Totem,Uncaptured,Western Tornado,In Excess,Soviet Sojourn,Northern Afleet,Teaksberry Road,Lion Heart,Captivating,Proud Citizen,Critical Cat,Siberian Express,Kantado,Leo Castelli,Political Parfait,アフリート,Nuryette,High Honors,Chieftain's Mark,Tale of the Cat,Satin Sunrise,Arch,Andrea Ruckus,Gone West,Drums Of Freedom,Tactical Cat,Critical Crew,Caro,Indian Call,Saulingo,Vi,Sovereign Dancer,Suspicious Native,Diplomat Way,Peach Butter,Mr. Prospector,Polite Lady,Nureyev,Stellarette,Graustark,Cum Laude Laurie,Chieftain,Miss Marker,Storm Cat,Yarn,Mr. Leader,Logic,Kris S.,Aurora,Bold Ruckus,Do's Melody,Mr. Prospector,Secrettame,Green Forest,Danseuse Etoile,Storm Cat,Terre Haute,Dr. Blum,Sounding Off
202606010404,2,ダート,1200,良,1勝クラス,レッドファルクス,マレーナ,スウェプトオーヴァーボード,ベルモット,ダイワメジャー,ウィストラム,エンドスウィープ,Sheer Ice,サンデーサイレンス,レガシーオブストレングス,サンデーサイレンス,スカーレットブーケ,フレンチデピュティ,リュドゥパーム,フォーティナイナー,Broom Dance,Cutlass,Hey Dolly A.,Halo,Wishing Well,Affirmed,Katonka,Halo,Wishing Well,ノーザンテースト,スカーレットインク,Deputy Minister,Mitterand,Icecapade,Am Reasonable,Mr. Prospector,File,Dance Spell,Witching Hour,Damascus,Aphonia,Ambehaving,Swift Deal,Hail to Reason,Cosmah,Understanding,Mountain Flower,Exclusive Native,Won't Tell You,Minnesota Mac,Minnetonka,Hail to Reason,Cosmah,Understanding,Mountain Flower,Northern Dancer,Lady Victoria,Crimson Satan,Consentida,Vice Regent,Mint Copy,Hold Your Peace,Laredo Lass,Nearctic,Shenanigans,Turn to Reason,Ampart
202606010404,3,ダート,1200,良,1勝クラス,スワーヴリチャード,クイーンズテソーロ,ハーツクライ,ピラミマ,ヘニーヒューズ,クイーンオブハルカ,サンデーサイレンス,アイリッシュダンス,Unbridled's Song,キャリアコレクション,ヘネシー,Meadow Flyer,シングスピール,クイーンオブスターズ,Halo,Wishing Well,トニービン,ビューパーダンス,Unbridled,Trolley Song,General Meeting,River of Stars,Storm Cat,Island Kitty,Meadowlake,Shortley,In the Wings,Glorious Song,Green Desert,Queen Catherine,Hail to Reason,Cosmah,Understanding,Mountain Flower,カンパラ,Severn Bridge,Lyphard,My Bupers,Fappiano,Gana Facil,Caro,Lucky Spell,Seattle Slew,Alydar's Promise,Riverman,Star Fortune,Storm Bird,Terlingua,Hawaii,T. C. Kitten,Hold Your Peace,Suspicious Native,Hagley,Short Winded,Sadler's Wells,High Hawk,Halo,Ballade,Danzig,Foreign Courier,Machiavellian,Russian Royal
202606010404,4,ダート,1200,良,1勝クラス,パイロ,ノーブルライラック,Pulpit,Wild Vision,キンシャサノキセキ,シルククインビー,A.P. Indy,Preach,Wild Again,Carol's Wonder,フジキセキ,ケルトシャーン,キングカメハメハ,ユウサンポリッシュ,Seattle Slew,Weekend Surprise,Mr. Prospector,Narrate,Icecapade,Bushel-n-Peck,Pass the Tab,Carols Christmas,サンデーサイレンス,ミルレーサー,Pleasant Colony,Featherhill,Kingmambo,マンファス,エルセニョール,エルゼビアー,Bold Reasoning,My Charmer,Secretariat,Lassie Dear,Raise a Native,Gold Digger,Honest Pleasure,State,Nearctic,Shenanigans,Khaled,Dama,Al Hattab,Dantina,Whitesburg,Light Verse,Halo,Wishing Well,Le Fabuleux,Marston's Mill,His Majesty,Sun Colony,Lyphard,Lady Berry,Mr. Prospector,Miesque,ラストタイクーン,Pilot Bird,Valdez,Sunrise Sue,Elocutionist,Friendly Relations
202606010404,5,ダート,1200,良,1勝クラス,Munnings,Nutcracker Suite,Speightstown,La Comete,Fastnet Rock,Dietrich,Gone West,Silken Cat,Holy Bull,La Gueriere,デインヒル,Piccadilly Circus,Storm Cat,Piquetnol,Mr. Prospector,Secrettame,Storm Cat,Silken Doll,Great Above,Sharon Brown,Lord at War,Lady Winborne,Danzig,Razyana,ロイヤルアカデミー,Gatana,Storm Bird,Terlingua,Private Account,Aviance,Raise a Native,Gold Digger,Secretariat,Tamerett,Storm Bird,Terlingua,Chieftain,Insilca,Minnesota Mac,Ta Wee,Al Hattab,Agathea's Dawn,General,Luna de Miel,Secretariat,Priceless Gem,Northern Dancer,Pas de Nom,His Majesty,Spring Adieu,Nijinsky,Crimson Saint,Marauding,Twigalae,Northern Dancer,South Ocean,Secretariat,Crimson Saint,Damascus,Numbered Account,Northfields,Minnie Hauk
202606010404,6,ダート,1200,良,1勝クラス,ミスターメロディ,スマートニンバス,Scat Daddy,Trusty Lady,スマートファルコン,レッドターキー,ヨハネスブルグ,Love Style,Deputy Minister,Klassy Kim,ゴールドアリュール,ケイシュウハーブ,トワイニング,レッドレターデイ,ヘネシー,Myth,Mr. Prospector,Likeable Style,Vice Regent,Mint Copy,Silent Screen,クールアライヴァル,サンデーサイレンス,ニキーヤ,ミシシッピアン,キョウエイシラユキ,フォーティナイナー,Courtly Dee,サンデーサイレンス,ターキーレッド,Storm Cat,Island Kitty,オジジアン,Yarn,Raise a Native,Gold Digger,Nijinsky,Personable Lady,Northern Dancer,Victoria Regina,Bunty's Flight,Shakney,Prince John,Prayer Bell,Relaunch,Irish Arrival,Halo,Wishing Well,Nureyev,Reluctant Guest,Vaguely Noble,Gazala,クラウンドプリンス,アリアーン,Mr. Prospector,File,Never Bend,Tulle,Halo,Wishing Well,ノーザンテースト,ハマナス
202606010404,7,ダート,1200,良,1勝クラス,ディスクリートキャット,トーホウドルチェ,Forestry,Pretty Discreet,サウスヴィグラス,トーホウウインド,Storm Cat,Shared Interest,Private Account,Pretty Persuasive,エンドスウィープ,ダーケストスター,ブライアンズタイム,テルノビクトリ,Storm Bird,Terlingua,Pleasant Colony,Surgery,Damascus,Numbered Account,Believe It,Bury the Hatchet,フォーティナイナー,Broom Dance,Star de Naskra,Minnie Riperton,Roberto,Kelley's Day,Junction,Nefarius Gal,Northern Dancer,South Ocean,Secretariat,Crimson Saint,His Majesty,Sun Colony,Dr. Fager,Bold Sequence,Sword Dancer,Kerala,Buckpasser,Intriguing,In Reality,Breakfast Bell,Tom Rolfe,Christmas Whishes,Mr. Prospector,File,Dance Spell,Witching Hour,Naskra,Candle Star,Cornish Prince,English Harbor,Hail to Reason,Bramalea,Graustark,Golden Trail,Never Bend,Peaceful Union,ヴァイスリーガル,Flora Rica
202606010404,8,ダート,1200,良,1勝クラス,シルバーステート,ウインアンジェラス,ディープインパクト,シルヴァースカヤ,Bertolini,エシュクアルバー,サンデーサイレンス,ウインドインハーヘア,Silver Hawk,Boubskaia,Danzig,Aquilegia,Riverman,Equate,Halo,Wishing Well,Alzao,Burghclere,Roberto,Gris Vitesse,Niniski,Frenetique,Northern Dancer,Pas de Nom,Alydar,Courtly Dee,Never Bend,River Lady,Raja Baba,Bank On Love,Hail to Reason,Cosmah,Understanding,Mountain Flower,Lyphard,Lady Rebecca,Busted,Highclere,Hail to Reason,Bramalea,Amerigo,Matchiche,Nijinsky,Virginia Hills,Tyrant,Femina,Nearctic,Natalma,Admiral's Voyage,Petitioner,Raise a Native,Sweet Tooth,Never Bend,Tulle,Nasrullah,Lalun,Prince John,Nile Lily,Bold Ruler,Missy Baba,Gallant Romeo,Special Account
202606010404,9,ダート,1200,良,1勝クラス,ダノンプレミアム,アイポステリー,ディープインパクト,インディアナギャル,ロードカナロア,スピニングワイルドキャット,サンデーサイレンス,ウインドインハーヘア,Intikhab,Genial Jenny,キングカメハメハ,レディブラッサム,Hard Spun,Hollywood Wildcat,Halo,Wishing Well,Alzao,Burghclere,Red Ransom,Crafty Example,デインヒル,Joma Kaanem,Kingmambo,マンファス,Storm Cat,サラトガデュー,Danzig,Turkish Tryst,Kris S.,Miss Wildcatter,Hail to Reason,Cosmah,Understanding,Mountain Flower,Lyphard,Lady Rebecca,Busted,Highclere,Roberto,アラビア,Crafty Prospector,Zienelle,Danzig,Razyana,Double Form,Ash Lawn,Mr. Prospector,Miesque,ラストタイクーン,Pilot Bird,Storm Bird,Terlingua,Cormorant,Super Luna,Northern Dancer,Pas de Nom,Turkoman,Darbyvail,Roberto,Sharp Queen,Mr. Prospector,Elizabeth K.
202606010404,10,ダート,1200,良,1勝クラス,カラヴァッジオ,オリンピックラスパルマス,Scat Daddy,Mekko Hokte,アグネスゴールド,Ulaya,ヨハネスブルグ,Love Style,Holy Bull,Aerosilver,サンデーサイレンス,エリザベスローズ,Wild Event,Special Lady,ヘネシー,Myth,Mr. Prospector,Likeable Style,Great Above,Sharon Brown,Relaunch,Silver in Flight,Halo,Wishing Well,ノーザンテースト,ノーベンバーローズ,Wild Again,North Of Eden,Lode,Sport Lady,Storm Cat,Island Kitty,オジジアン,Yarn,Raise a Native,Gold Digger,Nijinsky,Personable Lady,Minnesota Mac,Ta Wee,Al Hattab,Agathea's Dawn,In Reality,Foggy Note,Silver Series,Winter Wren,Hail to Reason,Cosmah,Understanding,Mountain Flower,Northern Dancer,Lady Victoria,Caro,Jedina,Icecapade,Bushel-n-Peck,Northfields,ツリーオブノレッジ,Mr. Prospector,Grand Luxe,Banner Sport,Perusa
202606010404,11,ダート,1200,良,1勝クラス,アルアイン,ココナッツパルム,ディープインパクト,ドバイマジェスティ,フレンチデピュティ,ココパシオン,サンデーサイレンス,ウインドインハーヘア,Essence of Dubai,Great Majesty,Deputy Minister,Mitterand,グルームダンサー,ゲートドクール,Halo,Wishing Well,Alzao,Burghclere,Pulpit,Epitome,Great Above,Mistic Majesty,Vice Regent,Mint Copy,Hold Your Peace,Laredo Lass,Blushing Groom,Featherhill,Lomond,Gay Apparel,Hail to Reason,Cosmah,Understanding,Mountain Flower,Lyphard,Lady Rebecca,Busted,Highclere,A.P. Indy,Preach,Summing,Honest and True,Minnesota Mac,Ta Wee,His Majesty,Necaras Miss,Northern Dancer,Victoria Regina,Bunty's Flight,Shakney,Speak John,Blue Moon,Bold Ruler,Fortunate Isle,Red God,Runaway Bride,Lyphard,Lady Berry,Northern Dancer,My Charmer,Up Spirits,Brief Attire
202606010404,12,ダート,1200,良,1勝クラス,マジェスティックウォリアー,アルデンテ,A.P. Indy,Dream Supreme,エンパイアメーカー,イタリアンレッド,Seattle Slew,Weekend Surprise,Seeking the Gold,Spinning Round,Unbridled,Toussaud,ネオユニヴァース,バルドネキア,Bold Reasoning,My Charmer,Secretariat,Lassie Dear,Mr. Prospector,Con Game,Dixieland Band,Take Heart,Fappiano,Gana Facil,El Gran Senor,Image of Reality,サンデーサイレンス,ポインテッドパス,Indian Ridge,Rosa de Caerleon,Boldnesian,Reason to Earn,Poker,Fair Charmer,Bold Ruler,Somethingroyal,Buckpasser,Gay Missile,Raise a Native,Gold Digger,Buckpasser,Broadway,Northern Dancer,Mississippi Mud,Secretariat,Deck Stewardess,Mr. Prospector,Killaloe,Le Fabuleux,Charedi,Northern Dancer,Sex Appeal,In Reality,Edee's Image,Halo,Wishing Well,Kris,Silken Way,Ahonoora,Hillbrow,Caerleon,Carose
202606010404,13,ダート,1200,良,1勝クラス,Yaupon,Buy Me a Rose,Uncle Mo,Modification,Violence,Foxy Friend,Indian Charlie,Playa Maya,Vindication,Swift Alliance,Medaglia d'Oro,Violent Beauty,Crafty Friend,Gerri n Jo Go,In Excess,Soviet Sojourn,Arch,Dixie Slippers,Seattle Slew,Strawberry Reason,アフリート,Stately Bride,El Prado,Cappucino Bay,Gone West,Storming Beauty,Crafty Prospector,Companionship,Top Command,Sweeping Beauty,Siberian Express,Kantado,Leo Castelli,Political Parfait,Kris S.,Aurora,Dixieland Band,Cyane's Slippers,Bold Reasoning,My Charmer,Strawberry Road,Pretty Reason,Mr. Prospector,Polite Lady,Tom Rolfe,Go On With It,Sadler's Wells,Lady Capulet,Bailjumper,Dubbed In,Mr. Prospector,Secrettame,Storm Cat,Sky Beauty,Mr. Prospector,Real Crafty Lady,Princely Native,Lifelong Friend,Bold Ruler,Polly Girl,Eddie Schmidt,Gold Crest
202606010404,14,ダート,1200,良,1勝クラス,ビッグアーサー,ナオミエキスプレス,サクラバクシンオー,シヤボナ,リアルインパクト,ナオミノユメ,サクラユタカオー,サクラハゴロモ,Kingmambo,Relish,ディープインパクト,トキオリアリティー,ジャングルポケット,クロノロジスト,テスコボーイ,アンジェリカ,ノーザンテースト,クリアアンバー,Mr. Prospector,Miesque,Sadler's Wells,Reloy,サンデーサイレンス,ウインドインハーヘア,Meadowlake,What a Reality,トニービン,ダンスチャーマー,クロフネ,インディスユニゾン,Princely Gift,Suncourt,ネヴァービート,スターハイネス,Northern Dancer,Lady Victoria,Ambiopoise,One Clear Call,Raise a Native,Gold Digger,Nureyev,Pasadoble,Northern Dancer,Fairy Bridge,Liloy,Rescousse,Halo,Wishing Well,Alzao,Burghclere,Hold Your Peace,Suspicious Native,In Reality,What Will Be,カンパラ,Severn Bridge,Nureyev,Skillful Joy,フレンチデピュティ,ブルーアヴェニュー,サンデーサイレンス,ラスティックベル
202606010404,15,ダート,1200,良,1勝クラス,フォーウィールドライブ,セイウンミツコ,American Pharoah,Funfair,ベーカバド,ニシノメルモ,Pioneerof the Nile,Littleprincessemma,More Than Ready,Fleuron,Cape Cross,Behkara,スペシャルウィーク,ナドラ,エンパイアメーカー,Star of Goshen,Yankee Gentleman,Exclusive Rosette,サザンヘイロー,Woodman's Girl,Distant View,Flamboyance,Green Desert,Park Appeal,Kris,Behera,サンデーサイレンス,キャンペンガール,Sadler's Wells,Bint Pasha,Unbridled,Toussaud,Lord at War,Castle Eight,Storm Cat,Key Phrase,Ecliptical,Zetta Jet,Halo,Northern Sea,Woodman,Becky Be Good,Mr. Prospector,Seven Springs,Zilzal,Bridal Wreath,Danzig,Foreign Courier,Ahonoora,Balidaress,Sharpen Up,Doubly Sure,Mill Reef,Borushka,Halo,Wishing Well,マルゼンスキー,レディーシラオキ,Northern Dancer,Fairy Bridge,Affirmed,Icely Polite
202606010404,16,ダート,1200,良,1勝クラス,フィレンツェファイア,ディヴァインクレア,Poseidon's Warrior,My Every Wish,ディープインパクト,ペトラ,Speightstown,Poised to Pounce,Langfuhr,Mille Lacs,サンデーサイレンス,ウインドインハーヘア,ヘクタープロテクター,ドレスデン,Gone West,Silken Cat,Smarten,Lady Lyndy,Danzig,Sweet Briar Too,Unbridled,With Every Wish,Halo,Wishing Well,Alzao,Burghclere,Woodman,Korveya,Lomond,Burghclere,Mr. Prospector,Secrettame,Storm Cat,Silken Doll,Cyane,Smartaire,Bold Favorite,Counterflight,Northern Dancer,Pas de Nom,Briartic,Prima Babu Gum,Fappiano,Gana Facil,Lear Fan,Amo,Hail to Reason,Cosmah,Understanding,Mountain Flower,Lyphard,Lady Rebecca,Busted,Highclere,Mr. Prospector,プレイメイト,Riverman,Konafa,Northern Dancer,My Charmer,Busted,Highclere
202606010405,1,ダート,1800,良,新馬,マクフィ,リアライズキボンヌ,Dubawi,Dhelaal,アフリート,ジョウノボレロ,Dubai Millennium,Zomaradah,Green Desert,Irish Valley,Mr. Prospector,Polite Lady,ブライアンズタイム,ザンゼ,Seeking the Gold,Colorado Dancer,Deploy,Jawaher,Danzig,Foreign Courier,Irish River,Green Valley,Raise a Native,Gold Digger,Venetian Jester,Friendly Ways,Roberto,Kelley's Day,Dixieland Band,Charming Tiara,Mr. Prospector,Con Game,Shareef Dancer,Fall Aspen,Shirley Heights,Slightly Dangerous,ダンシングブレーヴ,High Tern,Northern Dancer,Pas de Nom,Sir Ivor,Courtly Dee,Riverman,Irish Star,Val de Loir,Sly Pola,Native Dancer,Raise You,Nashua,Sequence,Tom Fool,Venice,Green Ticket,Ways to Learn,Hail to Reason,Bramalea,Graustark,Golden Trail,Northern Dancer,Mississippi Mud,Alydar,My Charmer
202606010405,2,ダート,1800,良,新馬,シニスターミニスター,サンレーン,Old Trieste,Sweet Minister,Oasis Dream,プリムローズレーン,A.P. Indy,Lovlier Linda,The Prime Minister,Sweet Blue,Green Desert,Hope,サンデーサイレンス,オエノセラ,Seattle Slew,Weekend Surprise,Vigors,Linda Summers,Deputy Minister,Stick to Beauty,Hurry Up Blue,Sugar Gold,Danzig,Foreign Courier,ダンシングブレーヴ,Bahamian,Halo,Wishing Well,Night Shift,Fruition,Bold Reasoning,My Charmer,Secretariat,Lassie Dear,Grey Dawn II,Relifordie,Crozier,Queenly Gift,Vice Regent,Mint Copy,Illustrious,Hail to Beauty,Mr. Leader,Blue Baroness,Mr. Prospector,Miss Ironside,Northern Dancer,Pas de Nom,Sir Ivor,Courtly Dee,Lyphard,Navajo Princess,Mill Reef,Sorbus,Hail to Reason,Cosmah,Understanding,Mountain Flower,Northern Dancer,Ciboulette,ラインゴールド,Welsh Flame
202606010405,3,ダート,1800,良,新馬,レイデオロ,ファシネートダイア,キングカメハメハ,ラドラーダ,アグネスタキオン,トコア,Kingmambo,マンファス,シンボリクリスエス,レディブロンド,サンデーサイレンス,アグネスフローラ,カーネギー,パーソナルファイル,Mr. Prospector,Miesque,ラストタイクーン,Pilot Bird,Kris S.,Tee Kay,Seeking the Gold,ウインドインハーヘア,Halo,Wishing Well,ロイヤルスキー,アグネスレディー,Sadler's Wells,Detroit,Private Account,ベーシイド,Raise a Native,Gold Digger,Nureyev,Pasadoble,トライマイベスト,Mill Princess,Blakeney,The Dancer,Roberto,Sharp Queen,Gold Meridian,Tri Argo,Mr. Prospector,Con Game,Alzao,Burghclere,Hail to Reason,Cosmah,Understanding,Mountain Flower,Raja Baba,Coz o'Nijinsky,リマンド,イコマエイカン,Northern Dancer,Fairy Bridge,Riverman,Derna,Damascus,Numbered Account,Cool Moon,Polondra
202606010405,4,ダート,1800,良,新馬,ルヴァンスレーヴ,アドマイヤマリリン,シンボリクリスエス,マエストラーレ,アグネスタキオン,アドマイヤラピス,Kris S.,Tee Kay,ネオユニヴァース,オータムブリーズ,サンデーサイレンス,アグネスフローラ,Be My Guest,Elevate,Roberto,Sharp Queen,Gold Meridian,Tri Argo,サンデーサイレンス,ポインテッドパス,ティンバーカントリー,セプテンバーソング,Halo,Wishing Well,ロイヤルスキー,アグネスレディー,Northern Dancer,What a Treat,Ela-Mana-Mou,Sunny Valley,Hail to Reason,Bramalea,Princequillo,Bridgework,Seattle Slew,Queen Louie,Tri Jet,Hail Proudly,Halo,Wishing Well,Kris,Silken Way,Woodman,Fall Aspen,リアルシャダイ,ダイナフェアリー,Hail to Reason,Cosmah,Understanding,Mountain Flower,Raja Baba,Coz o'Nijinsky,リマンド,イコマエイカン,Nearctic,Natalma,Tudor Minstrel,Rare Treat,ピットカーン,Rose Bertin,Val de Loir,Sunland
202606010405,5,ダート,1800,良,新馬,ゴールドドリーム,ペルシャンジュエル,ゴールドアリュール,モンヴェール,アサクサキングス,マンデーデライト,サンデーサイレンス,ニキーヤ,フレンチデピュティ,スペシャルジェイド,ホワイトマズル,クルーピアスター,リアルシャダイ,オーナーズデライト,Halo,Wishing Well,Nureyev,Reluctant Guest,Deputy Minister,Mitterand,Cox's Ridge,Statistic,ダンシングブレーヴ,Fair of the Furze,サンデーサイレンス,クルーピアレディー,Roberto,Desert Vixen,Gulch,Weekend Delight,Hail to Reason,Cosmah,Understanding,Mountain Flower,Northern Dancer,Special,Hostage,Vaguely Royal,Vice Regent,Mint Copy,Hold Your Peace,Laredo Lass,Best Turn,Our Martha,Mr. Prospector,Number,Lyphard,Navajo Princess,Ela-Mana-Mou,Autocratic,Halo,Wishing Well,What Luck,Question d'Argent,Hail to Reason,Bramalea,In Reality,Desert Trial,Mr. Prospector,Jameela,Clever Trick,Udder Delight
202606010405,6,ダート,1800,良,新馬,デクラレーションオブウォー,サトノフラリッシュ,War Front,Tempo West,エンパイアメーカー,ピサノベネチアン,Danzig,Starry Dreamer,Rahy,Tempo,Unbridled,Toussaud,サンデーサイレンス,ストームザミント,Northern Dancer,Pas de Nom,Rubiano,Lara's Star,Blushing Groom,Glorious Song,Gone West,Terpsichorist,Fappiano,Gana Facil,El Gran Senor,Image of Reality,Halo,Wishing Well,Storm Cat,Mint Cooler,Nearctic,Natalma,Admiral's Voyage,Petitioner,Fappiano,Ruby Slippers,Forli,True Reality,Red God,Runaway Bride,Halo,Ballade,Mr. Prospector,Secrettame,Nijinsky,Glad Rags,Mr. Prospector,Killaloe,Le Fabuleux,Charedi,Northern Dancer,Sex Appeal,In Reality,Edee's Image,Hail to Reason,Cosmah,Understanding,Mountain Flower,Storm Bird,Terlingua,Key to the Mint,Zippy Do
202606010405,7,ダート,1800,良,新馬,ゴールドドリーム,ウインメディウム,ゴールドアリュール,モンヴェール,ヘニーヒューズ,アラマササンデー,サンデーサイレンス,ニキーヤ,フレンチデピュティ,スペシャルジェイド,ヘネシー,Meadow Flyer,フジキセキ,アラマサダンサー,Halo,Wishing Well,Nureyev,Reluctant Guest,Deputy Minister,Mitterand,Cox's Ridge,Statistic,Storm Cat,Island Kitty,Meadowlake,Shortley,サンデーサイレンス,ミルレーサー,ダンシングブレーヴ,アラホウトク,Hail to Reason,Cosmah,Understanding,Mountain Flower,Northern Dancer,Special,Hostage,Vaguely Royal,Vice Regent,Mint Copy,Hold Your Peace,Laredo Lass,Best Turn,Our Martha,Mr. Prospector,Number,Storm Bird,Terlingua,Hawaii,T. C. Kitten,Hold Your Peace,Suspicious Native,Hagley,Short Winded,Halo,Wishing Well,Le Fabuleux,Marston's Mill,Lyphard,Navajo Princess,トウショウボーイ,ビンゴモレロ
202606010405,8,ダート,1800,良,新馬,ニューイヤーズデイ,キャットコイン,Street Cry,Justwhistledixie,ステイゴールド,ストレイキャット,Machiavellian,Helen Street,Dixie Union,General Jeanne,サンデーサイレンス,ゴールデンサッシュ,Storm Cat,ローミンレイチェル,Mr. Prospector,Coup de Folie,Troy,Waterway,Dixieland Band,She's Tops,Honour and Glory,Ahpo Hel,Halo,Wishing Well,ディクタス,ダイナサッシュ,Storm Bird,Terlingua,マイニング,One Smart Lady,Raise a Native,Gold Digger,Halo,Raise the Standard,Petingo,La Milo,Riverman,Boulevard,Northern Dancer,Mississippi Mud,Capote,She's a Talent,Relaunch,Fair to All,Mr. Leader,Tiy,Hail to Reason,Cosmah,Understanding,Mountain Flower,Sanctus,Doronic,ノーザンテースト,ロイヤルサッシュ,Northern Dancer,South Ocean,Secretariat,Crimson Saint,Mr. Prospector,I Pass,Clever Trick,Pia's Lady
202606010405,9,ダート,1800,良,新馬,インカンテーション,パワポケエリ,シニスターミニスター,オリジナルスピン,ローエングリン,ベガフライト,Old Trieste,Sweet Minister,Machiavellian,Not Before Time,Singspiel,カーリング,クロフネ,エスフライト,A.P. Indy,Lovlier Linda,The Prime Minister,Sweet Blue,Mr. Prospector,Coup de Folie,Polish Precedent,Time Charter,In the Wings,Glorious Song,Garde Royale,Corraleja,フレンチデピュティ,ブルーアヴェニュー,サンデーサイレンス,ノースフライト,Seattle Slew,Weekend Surprise,Vigors,Linda Summers,Deputy Minister,Stick to Beauty,Hurry Up Blue,Sugar Gold,Raise a Native,Gold Digger,Halo,Raise the Standard,Danzig,Past Example,Saritamer,Centrocon,Sadler's Wells,High Hawk,Halo,Ballade,Mill Reef,Royal Way,Carvin,Darling Dale,Deputy Minister,Mitterand,Classic Go Go,Eliza Blue,Halo,Wishing Well,トニービン,シヤダイフライト
202606010405,10,ダート,1800,良,新馬,ダノンバラード,ハイタップ,ディープインパクト,レディバラード,Tapit,Don'tellmichelle,サンデーサイレンス,ウインドインハーヘア,Unbridled,Angelic Song,Pulpit,Tap Your Heels,Regal Classic,Linsatiable,Halo,Wishing Well,Alzao,Burghclere,Fappiano,Gana Facil,Halo,Ballade,A.P. Indy,Preach,Unbridled,Ruby Slippers,Vice Regent,No Class,Northern Dancer,Stalina,Hail to Reason,Cosmah,Understanding,Mountain Flower,Lyphard,Lady Rebecca,Busted,Highclere,Mr. Prospector,Killaloe,Le Fabuleux,Charedi,Hail to Reason,Cosmah,Herbager,Miss Swapsco,Seattle Slew,Weekend Surprise,Mr. Prospector,Narrate,Fappiano,Gana Facil,Nijinsky,Moon Glitter,Northern Dancer,Victoria Regina,Nodouble,Classy Quillo,Nearctic,Natalma,Stalino,Boscabell
202606010405,11,ダート,1800,良,新馬,モーニン,ティヴォリオベーネ,ヘニーヒューズ,Giggly,ローエングリン,アムールレジェンド,ヘネシー,Meadow Flyer,Distorted Humor,Chaste,Singspiel,カーリング,ディープインパクト,パーソナルレジェンド,Storm Cat,Island Kitty,Meadowlake,Shortley,フォーティナイナー,Danzig's Beauty,Cozzene,Purity,In the Wings,Glorious Song,Garde Royale,Corraleja,サンデーサイレンス,ウインドインハーヘア,Awesome Again,Highland Legend,Storm Bird,Terlingua,Hawaii,T. C. Kitten,Hold Your Peace,Suspicious Native,Hagley,Short Winded,Mr. Prospector,File,Danzig,Sweetest Chant,Caro,Ride the Trails,Fappiano,Dame Mysterieuse,Sadler's Wells,High Hawk,Halo,Ballade,Mill Reef,Royal Way,Carvin,Darling Dale,Halo,Wishing Well,Alzao,Burghclere,Deputy Minister,Primal Force,Storm Bird,Santella
202606010405,12,ダート,1800,良,新馬,ナダル,ランズエッジ,Blame,Ascending Angel,ダンスインザダーク,ウインドインハーヘア,Arch,Liable,Pulpit,Solar Colony,サンデーサイレンス,ダンシングキイ,Alzao,Burghclere,Kris S.,Aurora,Seeking the Gold,Bound,A.P. Indy,Preach,Pleasant Colony,Meteor Stage,Halo,Wishing Well,Nijinsky,Key Partner,Lyphard,Lady Rebecca,Busted,Highclere,Roberto,Sharp Queen,Danzig,Althea,Mr. Prospector,Con Game,Nijinsky,Special,Seattle Slew,Weekend Surprise,Mr. Prospector,Narrate,His Majesty,Sun Colony,Stage Door Johnny,Northern Meteor,Hail to Reason,Cosmah,Understanding,Mountain Flower,Northern Dancer,Flaming Page,Key to the Mint,Native Partner,Northern Dancer,Goofed,Sir Ivor,Pocahontas,Crepello,Sans le Sou,Queen's Hussar,Highlight
202606010405,13,ダート,1800,良,新馬,オルフェーヴル,ニイガッタメール,ステイゴールド,オリエンタルアート,シンボリクリスエス,ロイヤルティアラ,サンデーサイレンス,ゴールデンサッシュ,メジロマックイーン,エレクトロアート,Kris S.,Tee Kay,ノーザンテースト,ロイヤルコスマー,Halo,Wishing Well,ディクタス,ダイナサッシュ,メジロティターン,メジロオーロラ,ノーザンテースト,グランマスティーヴンス,Roberto,Sharp Queen,Gold Meridian,Tri Argo,Northern Dancer,Lady Victoria,ロイヤルスキー,マツチレスネイティヴ,Hail to Reason,Cosmah,Understanding,Mountain Flower,Sanctus,Doronic,ノーザンテースト,ロイヤルサッシュ,メジロアサマ,シエリル,リマンド,メジロアイリス,Northern Dancer,Lady Victoria,Lt. Stevens,Dhow,Hail to Reason,Bramalea,Princequillo,Bridgework,Seattle Slew,Queen Louie,Tri Jet,Hail Proudly,Nearctic,Natalma,Victoria Park,Lady Angela,Raja Baba,Coz o'Nijinsky,Raise a Native,Royal Match
202606010405,14,ダート,1800,良,新馬,モズアスコット,サクラユニヴァース,Frankel,India,ネオユニヴァース,サクラレーヌ,Galileo,Kind,ヘネシー,Misty Hour,サンデーサイレンス,ポインテッドパス,シンボリクリスエス,セダンフォーエバー,Sadler's Wells,Urban Sea,デインヒル,Rainbow Lake,Storm Cat,Island Kitty,Miswaki,Our Tina Marie,Halo,Wishing Well,Kris,Silken Way,Kris S.,Tee Kay,マルゼンスキー,サクラセダン,Northern Dancer,Fairy Bridge,Miswaki,Allegretta,Danzig,Razyana,Rainbow Quest,Rockfest,Storm Bird,Terlingua,Hawaii,T. C. Kitten,Mr. Prospector,Hopespringseternal,Nijinsky,Java Moon,Hail to Reason,Cosmah,Understanding,Mountain Flower,Sharpen Up,Doubly Sure,Shantung,Boulevard,Roberto,Sharp Queen,Gold Meridian,Tri Argo,Nijinsky,シル,セダン,スワンズウッドグローヴ
202606010405,15,ダート,1800,良,新馬,ホッコータルマエ,ニシノヘレンド,キングカメハメハ,マダムチェロキー,Oasis Dream,パラディナ,Kingmambo,マンファス,Cherokee Run,アンフォイルド,Green Desert,Hope,Rahy,Khumba Mela,Mr. Prospector,Miesque,ラストタイクーン,Pilot Bird,Runaway Groom,Cherokee Dame,Unbridled,Bold Foil,Danzig,Foreign Courier,ダンシングブレーヴ,Bahamian,Blushing Groom,Glorious Song,Hero's Honor,Luth de Crystal,Raise a Native,Gold Digger,Nureyev,Pasadoble,トライマイベスト,Mill Princess,Blakeney,The Dancer,Blushing Groom,Yonnie Girl,Silver Saber,Dame Francesca,Fappiano,Gana Facil,Bold Forbes,Perfect Foil,Northern Dancer,Pas de Nom,Sir Ivor,Courtly Dee,Lyphard,Navajo Princess,Mill Reef,Sorbus,Red God,Runaway Bride,Halo,Ballade,Northern Dancer,Glowing Tribute,クリスタルグリッターズ,Luth Enchantee
202606010405,16,ダート,1800,良,新馬,トビーズコーナー,タカラインディ,Bellamy Road,Brandon's Ride,エンパイアメーカー,インディアンファイル,Concerto,Hurry Home Hillary,Mister Frisky,Mrs. Bumble,Unbridled,Toussaud,A.P. Indy,Kafhanee,Chief's Crown,Undeniably,Deputed Testamony,Ten Cents a Turn,Marsayas,Frisky Flyer,Restivo,Bumble,Fappiano,Gana Facil,El Gran Senor,Image of Reality,Seattle Slew,Weekend Surprise,Seeking the Gold,Baya,Danzig,Six Crowns,In Reality,Past Forgetting,Traffic Cop,Proof Requested,Cozzene,Rub al Khali,Damascus,Extra Place,Highest Tide,Eager Nymph,Restless Native,Jaffa,Poker,Distant Scene,Mr. Prospector,Killaloe,Le Fabuleux,Charedi,Northern Dancer,Sex Appeal,In Reality,Edee's Image,Bold Reasoning,My Charmer,Secretariat,Lassie Dear,Mr. Prospector,Con Game,Nureyev,Barger
202606010406,1,芝,2200,良,未勝利,ワールドプレミア,ハクモクレン,ディープインパクト,マンデラ,シャンハイボビー,Conway Two Step,サンデーサイレンス,ウインドインハーヘア,Acatenango,Mandellicht,Harlan's Holiday,Steelin',Spanish Steps,Nancy's Glitter,Halo,Wishing Well,Alzao,Burghclere,Surumu,Aggravate,Be My Guest,Mandelauge,Harlan,Christmas in Aiken,Orientate,Steel Band,Unbridled,Trolley Song,Glitterman,Starfire Voyage,Hail to Reason,Cosmah,Understanding,Mountain Flower,Lyphard,Lady Rebecca,Busted,Highclere,Literat,Surama,Aggressor,Raven Locks,Northern Dancer,What a Treat,Elektrant,Mandriale,Storm Cat,Country Romance,Affirmed,Dowager,Mt. Livermore,Dream Team,Carson City,ウェディングバンド,Fappiano,Gana Facil,Caro,Lucky Spell,Dewan,Moon Glitter,Fire Dancer,Distant Voyage
202606010406,2,芝,2200,良,未勝利,レイデオロ,ヒストリックレディ,キングカメハメハ,ラドラーダ,ネオユニヴァース,ヒストリックスター,Kingmambo,マンファス,シンボリクリスエス,レディブロンド,サンデーサイレンス,ポインテッドパス,ファルブラヴ,ベガ,Mr. Prospector,Miesque,ラストタイクーン,Pilot Bird,Kris S.,Tee Kay,Seeking the Gold,ウインドインハーヘア,Halo,Wishing Well,Kris,Silken Way,Fairy King,Gift of the Night,トニービン,アンティックヴァリュー,Raise a Native,Gold Digger,Nureyev,Pasadoble,トライマイベスト,Mill Princess,Blakeney,The Dancer,Roberto,Sharp Queen,Gold Meridian,Tri Argo,Mr. Prospector,Con Game,Alzao,Burghclere,Hail to Reason,Cosmah,Understanding,Mountain Flower,Sharpen Up,Doubly Sure,Shantung,Boulevard,Northern Dancer,Fairy Bridge,Slewpy,Little Nana,カンパラ,Severn Bridge,Northern Dancer,Moonscape
202606010406,3,芝,2200,良,未勝利,ハービンジャー,フェータルローズ,Dansili,Penang Pearl,タニノギムレット,プリムローズイヴ,デインヒル,Hasili,Bering,Guapa,ブライアンズタイム,タニノクリスタル,サンデーサイレンス,オエノセラ,Danzig,Razyana,Kahyasi,Kerali,Arctic Tern,Beaune,Shareef Dancer,Sauceboat,Roberto,Kelley's Day,クリスタルパレス,タニノシーバード,Halo,Wishing Well,Night Shift,Fruition,Northern Dancer,Pas de Nom,His Majesty,Spring Adieu,イルドブルボン,Kadissya,High Line,Sookera,Sea-Bird,Bubbling Beauty,Lyphard,Barbra,Northern Dancer,Sweet Alliance,Connaught,Cranberry Sauce,Hail to Reason,Bramalea,Graustark,Golden Trail,Caro,Hermieres,Sea-Bird,Flaxen,Hail to Reason,Cosmah,Understanding,Mountain Flower,Northern Dancer,Ciboulette,ラインゴールド,Welsh Flame
202606010406,4,芝,2200,良,未勝利,ルーラーシップ,ニシノアカツキ,キングカメハメハ,エアグルーヴ,オペラハウス,ニシノシルエット,Kingmambo,マンファス,トニービン,ダイナカール,Sadler's Wells,Colorspin,アグネスタキオン,クランチーカ,Mr. Prospector,Miesque,ラストタイクーン,Pilot Bird,カンパラ,Severn Bridge,ノーザンテースト,シャダイフェザー,Northern Dancer,Fairy Bridge,High Top,Reprocolor,サンデーサイレンス,アグネスフローラ,Caerleon,カルニオラ,Raise a Native,Gold Digger,Nureyev,Pasadoble,トライマイベスト,Mill Princess,Blakeney,The Dancer,Kalamoun,State Pension,Hornbeam,Priddy Fair,Northern Dancer,Lady Victoria,ガーサント,パロクサイド,Nearctic,Natalma,Bold Reason,Special,Derring-Do,Camenae,Jimmy Reppin,Blue Queen,Halo,Wishing Well,ロイヤルスキー,アグネスレディー,Nijinsky,Foreseer,Rainbow Quest,Carnival Spirit
202606010406,5,芝,2200,良,未勝利,ブリックスアンドモルタル,イタリアンホワイト,Giant's Causeway,Beyond the Waves,ステイゴールド,リリウム,Storm Cat,Mariah's Storm,Ocean Crest,Excedent,サンデーサイレンス,ゴールデンサッシュ,クロフネ,ベゴニア,Storm Bird,Terlingua,Rahy,イメンス,Storm Bird,S.S.Aroma,Exceller,Broadway Lullaby,Halo,Wishing Well,ディクタス,ダイナサッシュ,フレンチデピュティ,ブルーアヴェニュー,Plugged Nickle,Dahlia,Northern Dancer,South Ocean,Secretariat,Crimson Saint,Blushing Groom,Glorious Song,Roberto,Imsodear,Northern Dancer,South Ocean,Seattle Slew,Rare Bouquet,Vaguely Noble,Too Bald,Stage Door Johnny,リットルブレツシング,Hail to Reason,Cosmah,Understanding,Mountain Flower,Sanctus,Doronic,ノーザンテースト,ロイヤルサッシュ,Deputy Minister,Mitterand,Classic Go Go,Eliza Blue,Key to the Mint,Toll Booth,Vaguely Noble,Charming Alibi
202606010406,6,芝,2200,良,未勝利,コントレイル,ゼラスキャット,ディープインパクト,ロードクロサイト,Storm Cat,Trail Robbery,サンデーサイレンス,ウインドインハーヘア,Unbridled's Song,Folklore,Storm Bird,Terlingua,Alydar,Track Robbery,Halo,Wishing Well,Alzao,Burghclere,Unbridled,Trolley Song,Tiznow,Contrive,Northern Dancer,South Ocean,Secretariat,Crimson Saint,Raise a Native,Sweet Tooth,No Robbery,Left At Home,Hail to Reason,Cosmah,Understanding,Mountain Flower,Lyphard,Lady Rebecca,Busted,Highclere,Fappiano,Gana Facil,Caro,Lucky Spell,Cee's Tizzy,Cee's Song,Storm Cat,Jeano,Nearctic,Natalma,New Providence,Shining Sun,Bold Ruler,Somethingroyal,Crimson Satan,Bolero Rose,Native Dancer,Raise You,On-And-On,Plum Cake,Swaps,Bimlette,Run For Nurse,Scoreless
202606010406,7,芝,2200,良,未勝利,バゴ,スカイノーヴァ,Nashwan,Moonlight's Box,ステイゴールド,スカイディーバ,Blushing Groom,Height of Fashion,Nureyev,Coup de Genie,サンデーサイレンス,ゴールデンサッシュ,Sky Mesa,Swift Girl,Red God,Runaway Bride,Bustino,Highclere,Northern Dancer,Special,Mr. Prospector,Coup de Folie,Halo,Wishing Well,ディクタス,ダイナサッシュ,Pulpit,Caress,Unbridled,Gather The Clan,Nasrullah,Spring Run,Wild Risk,Aimee,Busted,Ship Yard,Queen's Hussar,Highlight,Nearctic,Natalma,Forli,Thong,Raise a Native,Gold Digger,Halo,Raise the Standard,Hail to Reason,Cosmah,Understanding,Mountain Flower,Sanctus,Doronic,ノーザンテースト,ロイヤルサッシュ,A.P. Indy,Preach,Storm Cat,La Affirmed,Fappiano,Gana Facil,General Assembly,What a Summer
202606010406,8,芝,2200,良,未勝利,ブリックスアンドモルタル,ラセレシオン,Giant's Causeway,Beyond the Waves,ゼンノロブロイ,アルゼンチンスター,Storm Cat,Mariah's Storm,Ocean Crest,Excedent,サンデーサイレンス,ローミンレイチェル,Candy Stripes,ディフェレンテ,Storm Bird,Terlingua,Rahy,イメンス,Storm Bird,S.S.Aroma,Exceller,Broadway Lullaby,Halo,Wishing Well,マイニング,One Smart Lady,Blushing Groom,バブルカンパニー,Propicio,Derepente,Northern Dancer,South Ocean,Secretariat,Crimson Saint,Blushing Groom,Glorious Song,Roberto,Imsodear,Northern Dancer,South Ocean,Seattle Slew,Rare Bouquet,Vaguely Noble,Too Bald,Stage Door Johnny,リットルブレツシング,Hail to Reason,Cosmah,Understanding,Mountain Flower,Mr. Prospector,I Pass,Clever Trick,Pia's Lady,Red God,Runaway Bride,Lyphard,Prodice,Dorileo,Prontisima,Samos,Desalmada
202606010406,9,芝,2200,良,未勝利,ワールドプレミア,リブエターナル,ディープインパクト,マンデラ,クロフネ,ジョリブロンド,サンデーサイレンス,ウインドインハーヘア,Acatenango,Mandellicht,フレンチデピュティ,ブルーアヴェニュー,トニービン,ブラッシングブロンド,Halo,Wishing Well,Alzao,Burghclere,Surumu,Aggravate,Be My Guest,Mandelauge,Deputy Minister,Mitterand,Classic Go Go,Eliza Blue,カンパラ,Severn Bridge,Al Nasr,Dynamite Blond,Hail to Reason,Cosmah,Understanding,Mountain Flower,Lyphard,Lady Rebecca,Busted,Highclere,Literat,Surama,Aggressor,Raven Locks,Northern Dancer,What a Treat,Elektrant,Mandriale,Vice Regent,Mint Copy,Hold Your Peace,Laredo Lass,Pago Pago,Classic Perfection,Icecapade,コレラ,Kalamoun,State Pension,Hornbeam,Priddy Fair,Lyphard,Caretta,Halo,All Things New
202606010406,10,芝,2200,良,未勝利,ビーチパトロール,ワルキューレ,Lemon Drop Kid,Bashful Bertie,ステイゴールド,キョウエイセオリー,Kingmambo,Charming Lassie,Quiet American,Clever Bertie,サンデーサイレンス,ゴールデンサッシュ,ジェネラス,アップザアパラッチ,Mr. Prospector,Miesque,Seattle Slew,Lassie Dear,Fappiano,Demure,Timeless Native,Clever But Costly,Halo,Wishing Well,ディクタス,ダイナサッシュ,Caerleon,Doff the Derby,Apalachee,Party Up,Raise a Native,Gold Digger,Nureyev,Pasadoble,Bold Reasoning,My Charmer,Buckpasser,Gay Missile,Mr. Prospector,Killaloe,Dr. Fager,Quiet Charm,Timeless Moment,Head Off,Clever Trick,Swoonlow,Hail to Reason,Cosmah,Understanding,Mountain Flower,Sanctus,Doronic,ノーザンテースト,ロイヤルサッシュ,Nijinsky,Foreseer,Master Derby,Margarethen,Round Table,Moccasin,Malicious,Judy Jump-up
202606010406,11,芝,2200,良,未勝利,サトノダイヤモンド,ホットスウェル,ディープインパクト,マルペンサ,Fusaichi Pegasus,New Meaning,サンデーサイレンス,ウインドインハーヘア,Orpen,Marsella,Mr. Prospector,Angel Fever,General Meeting,Big Spirit,Halo,Wishing Well,Alzao,Burghclere,Lure,Bonita Francita,サザンヘイロー,Riviere,Raise a Native,Gold Digger,Danzig,Rowdy Angel,Seattle Slew,Alydar's Promise,Big Spruce,Beautiful Spirit,Hail to Reason,Cosmah,Understanding,Mountain Flower,Lyphard,Lady Rebecca,Busted,Highclere,Danzig,Endear,Devil's Bag,Raise the Standard,Halo,Northern Sea,Logical,Talonada,Native Dancer,Raise You,Nashua,Sequence,Northern Dancer,Pas de Nom,Halo,Ramhyde,Bold Reasoning,My Charmer,Alydar,Summertime Promise,Herbager,Silver Sari,Bold Bidder,Baby La
202606010406,12,芝,2200,良,未勝利,ウインブライト,アースヴィグラス,ステイゴールド,サマーエタニティ,サウスヴィグラス,アースシンボル,サンデーサイレンス,ゴールデンサッシュ,アドマイヤコジーン,オールフォーゲラン,エンドスウィープ,ダーケストスター,トウカイテイオー,トリプルタイム,Halo,Wishing Well,ディクタス,ダイナサッシュ,Cozzene,アドマイヤマカディ,ジェイドロバリー,ミスゲラン,フォーティナイナー,Broom Dance,Star de Naskra,Minnie Riperton,シンボリルドルフ,トウカイナチュラル,リアルシャダイ,シェナンドアワルツ,Hail to Reason,Cosmah,Understanding,Mountain Flower,Sanctus,Doronic,ノーザンテースト,ロイヤルサッシュ,Caro,Ride the Trails,ノーザンテースト,ミセスマカディー,Mr. Prospector,Number,マルゼンスキー,ゲラン,Mr. Prospector,File,Dance Spell,Witching Hour,Naskra,Candle Star,Cornish Prince,English Harbor,パーソロン,スイートルナ,ナイスダンサー,トウカイミドリ,Roberto,Desert Vixen,マルゼンスキー,ホースメンテスコ
202606010406,13,芝,2200,良,未勝利,サートゥルナーリア,レッドベルフィーユ,ロードカナロア,シーザリオ,アグネスタキオン,マンダララ,キングカメハメハ,レディブラッサム,スペシャルウィーク,キロフプリミエール,サンデーサイレンス,アグネスフローラ,Lahib,Madiriya,Kingmambo,マンファス,Storm Cat,サラトガデュー,サンデーサイレンス,キャンペンガール,Sadler's Wells,Querida,Halo,Wishing Well,ロイヤルスキー,アグネスレディー,Riverman,Lady Cutlass,Diesis,Majanada,Mr. Prospector,Miesque,ラストタイクーン,Pilot Bird,Storm Bird,Terlingua,Cormorant,Super Luna,Halo,Wishing Well,マルゼンスキー,レディーシラオキ,Northern Dancer,Fairy Bridge,Habitat,Principia,Hail to Reason,Cosmah,Understanding,Mountain Flower,Raja Baba,Coz o'Nijinsky,リマンド,イコマエイカン,Never Bend,River Lady,Cutlass,Generals Sister,Sharpen Up,Doubly Sure,タップオンウッド,Mounayn
202606010406,14,芝,2200,良,未勝利,ゴールドシップ,アメリオラシオン,ステイゴールド,ポイントフラッグ,ルーラーシップ,ローズシティ,サンデーサイレンス,ゴールデンサッシュ,メジロマックイーン,パストラリズム,キングカメハメハ,エアグルーヴ,フレンチデピュティ,ロゼダンジュ,Halo,Wishing Well,ディクタス,ダイナサッシュ,メジロティターン,メジロオーロラ,プルラリズム,トクノエイティー,Kingmambo,マンファス,トニービン,ダイナカール,Deputy Minister,Mitterand,サンデーサイレンス,ローザネイ,Hail to Reason,Cosmah,Understanding,Mountain Flower,Sanctus,Doronic,ノーザンテースト,ロイヤルサッシュ,メジロアサマ,シエリル,リマンド,メジロアイリス,The Minstrel,Cambretta,トライバルチーフ,アイアンルビー,Mr. Prospector,Miesque,ラストタイクーン,Pilot Bird,カンパラ,Severn Bridge,ノーザンテースト,シャダイフェザー,Vice Regent,Mint Copy,Hold Your Peace,Laredo Lass,Halo,Wishing Well,Lyphard,Riviere Doree
202606010406,15,芝,2200,良,未勝利,タニノフランケル,ニシノミチシルベ,Frankel,ウオッカ,タイキシャトル,ニシノミライ,Galileo,Kind,タニノギムレット,タニノシスター,Devil's Bag,ウェルシュマフィン,セイウンスカイ,ニシノフラワー,Sadler's Wells,Urban Sea,デインヒル,Rainbow Lake,ブライアンズタイム,タニノクリスタル,ルション,エナジートウショウ,Halo,Ballade,Caerleon,Muffitys,シェリフズスター,シスターミル,Majestic Light,デユプリシト,Northern Dancer,Fairy Bridge,Miswaki,Allegretta,Danzig,Razyana,Rainbow Quest,Rockfest,Roberto,Kelley's Day,クリスタルパレス,タニノシーバード,Riverman,ベルドリーヌ,トウショウボーイ,コーニストウショウ,Hail to Reason,Cosmah,Herbager,Miss Swapsco,Nijinsky,Foreseer,Thatch,Contrail,ポツセ,Castle Moon,ミルジョージ,スイトアンジュレ,Majestic Prince,Irradiate,Danzig,Fabulous Fraud
202606010406,16,芝,2200,良,未勝利,オルフェーヴル,アヴォンリー,ステイゴールド,オリエンタルアート,ヘニーヒューズ,ラヴァーズレーン,サンデーサイレンス,ゴールデンサッシュ,メジロマックイーン,エレクトロアート,ヘネシー,Meadow Flyer,メジロライアン,モガミヒメ,Halo,Wishing Well,ディクタス,ダイナサッシュ,メジロティターン,メジロオーロラ,ノーザンテースト,グランマスティーヴンス,Storm Cat,Island Kitty,Meadowlake,Shortley,アンバーシャダイ,メジロチェイサー,カコイーシーズ,モガミポイント,Hail to Reason,Cosmah,Understanding,Mountain Flower,Sanctus,Doronic,ノーザンテースト,ロイヤルサッシュ,メジロアサマ,シエリル,リマンド,メジロアイリス,Northern Dancer,Lady Victoria,Lt. Stevens,Dhow,Storm Bird,Terlingua,Hawaii,T. C. Kitten,Hold Your Peace,Suspicious Native,Hagley,Short Winded,ノーザンテースト,クリアアンバー,メジロサンマン,シエリル,Alydar,Careless Notion,マルゼンスキー,ポイントメーカー
202606010406,17,芝,2200,良,未勝利,スワーヴリチャード,ラントゥザリード,ハーツクライ,ピラミマ,タニノギムレット,ランニングヒロイン,サンデーサイレンス,アイリッシュダンス,Unbridled's Song,キャリアコレクション,ブライアンズタイム,タニノクリスタル,サンデーサイレンス,ダイナアクトレス,Halo,Wishing Well,トニービン,ビューパーダンス,Unbridled,Trolley Song,General Meeting,River of Stars,Roberto,Kelley's Day,クリスタルパレス,タニノシーバード,Halo,Wishing Well,ノーザンテースト,モデルスポート,Hail to Reason,Cosmah,Understanding,Mountain Flower,カンパラ,Severn Bridge,Lyphard,My Bupers,Fappiano,Gana Facil,Caro,Lucky Spell,Seattle Slew,Alydar's Promise,Riverman,Star Fortune,Hail to Reason,Bramalea,Graustark,Golden Trail,Caro,Hermieres,Sea-Bird,Flaxen,Hail to Reason,Cosmah,Understanding,Mountain Flower,Northern Dancer,Lady Victoria,モデルフール,マジックゴデイス
202606010406,除,芝,2200,良,未勝利,ヴァンセンヌ,ヤマサラグランジュ,ディープインパクト,フラワーパーク,サクラバクシンオー,キョウエイアン,サンデーサイレンス,ウインドインハーヘア,ニホンピロウイナー,ノーザンフラワー,サクラユタカオー,サクラハゴロモ,フォーティナイナー,インターソリスト,Halo,Wishing Well,Alzao,Burghclere,スティールハート,ニホンピロエバート,ノーザンテースト,ファイアフラワー,テスコボーイ,アンジェリカ,ノーザンテースト,クリアアンバー,Mr. Prospector,File,クリスタルパレス,インターグロリア,Hail to Reason,Cosmah,Understanding,Mountain Flower,Lyphard,Lady Rebecca,Busted,Highclere,Habitat,A.,チャイナロック,ライトフレーム,Northern Dancer,Lady Victoria,Dike,Pascha,Princely Gift,Suncourt,ネヴァービート,スターハイネス,Northern Dancer,Lady Victoria,Ambiopoise,One Clear Call,Raise a Native,Gold Digger,Tom Rolfe,Continue,Caro,Hermieres,ネヴァービート,ヒダカチェリー
202606010407,1,ダート,1800,良,1勝クラス,マインドユアビスケッツ,アーキタイプ,Posse,Jazzmane,ディープインパクト,ウィステリアアーチ,Silver Deputy,Raska,Toccet,Alljazz,サンデーサイレンス,ウインドインハーヘア,キングカメハメハ,バービキャット,Deputy Minister,Silver Valley,Rahy,Borishka,Awesome Again,Cozzene's Angel,Stop the Music,Bounteous,Halo,Wishing Well,Alzao,Burghclere,Kingmambo,マンファス,Storm Cat,Barbarika,Vice Regent,Mint Copy,Mr. Prospector,Seven Valleys,Blushing Groom,Glorious Song,Roberto,Queen Maud,Deputy Minister,Primal Force,Cozzene,Charming Pan,Hail to Reason,Bebopper,Master Derby,Mlle. Quille,Hail to Reason,Cosmah,Understanding,Mountain Flower,Lyphard,Lady Rebecca,Busted,Highclere,Mr. Prospector,Miesque,ラストタイクーン,Pilot Bird,Storm Bird,Terlingua,Bates Motel,War Exchange
202606010407,2,ダート,1800,良,1勝クラス,ドゥラメンテ,バスラットアマル,キングカメハメハ,アドマイヤグルーヴ,New Approach,ザミリア,Kingmambo,マンファス,サンデーサイレンス,エアグルーヴ,Galileo,Park Express,Cape Cross,Angelic Sounds,Mr. Prospector,Miesque,ラストタイクーン,Pilot Bird,Halo,Wishing Well,トニービン,ダイナカール,Sadler's Wells,Urban Sea,Ahonoora,Matcher,Green Desert,Park Appeal,The Noble Player,Twany Angel,Raise a Native,Gold Digger,Nureyev,Pasadoble,トライマイベスト,Mill Princess,Blakeney,The Dancer,Hail to Reason,Cosmah,Understanding,Mountain Flower,カンパラ,Severn Bridge,ノーザンテースト,シャダイフェザー,Northern Dancer,Fairy Bridge,Miswaki,Allegretta,Lorenzaccio,Helen Nichols,Match,Lachine,Danzig,Foreign Courier,Ahonoora,Balidaress,The Minstrel,Noble Mark,Double Form,Athy Angel
202606010407,3,ダート,1800,良,1勝クラス,ドレフォン,ロゼラニ,Gio Ponti,Eltimaas,ブラックタイド,ジュバリー,Tale of the Cat,Chipeta Springs,Ghostzapper,Najecam,サンデーサイレンス,ウインドインハーヘア,ブライアンズタイム,アクイテイン,Storm Cat,Yarn,Alydar,Salt Spring,Awesome Again,Baby Zip,Trempolino,Sue Warner,Halo,Wishing Well,Alzao,Burghclere,Roberto,Kelley's Day,Nureyev,オールアロング,Storm Bird,Terlingua,Mr. Prospector,Narrate,Raise a Native,Sweet Tooth,Salt Marsh,Jungle Mythologic,Deputy Minister,Primal Force,Relaunch,Thirty Zip,Sharpen Up,Trephine,Forli,Bitty Girl,Hail to Reason,Cosmah,Understanding,Mountain Flower,Lyphard,Lady Rebecca,Busted,Highclere,Hail to Reason,Bramalea,Graustark,Golden Trail,Northern Dancer,Special,ターゴワイス,Agujita
202606010407,4,ダート,1800,良,1勝クラス,サトノアラジン,プードルデコール,ディープインパクト,マジックストーム,New Approach,ミセススノー,サンデーサイレンス,ウインドインハーヘア,Storm Cat,Foppy Dancer,Galileo,Park Express,シングスピール,Shining Vale,Halo,Wishing Well,Alzao,Burghclere,Storm Bird,Terlingua,Fappiano,Water Dance,Sadler's Wells,Urban Sea,Ahonoora,Matcher,In the Wings,Glorious Song,Twilight Agenda,Great Revival,Hail to Reason,Cosmah,Understanding,Mountain Flower,Lyphard,Lady Rebecca,Busted,Highclere,Northern Dancer,South Ocean,Secretariat,Crimson Saint,Mr. Prospector,Killaloe,Nijinsky,Luiana,Northern Dancer,Fairy Bridge,Miswaki,Allegretta,Lorenzaccio,Helen Nichols,Match,Lachine,Sadler's Wells,High Hawk,Halo,Ballade,Devil's Bag,Grenzen,Keen,Prudent Girl
202606010407,5,ダート,1800,良,1勝クラス,リオンディーズ,エンジェリックレイ,キングカメハメハ,シーザリオ,ダイワメジャー,レディバラード,Kingmambo,マンファス,スペシャルウィーク,キロフプリミエール,サンデーサイレンス,スカーレットブーケ,Unbridled,Angelic Song,Mr. Prospector,Miesque,ラストタイクーン,Pilot Bird,サンデーサイレンス,キャンペンガール,Sadler's Wells,Querida,Halo,Wishing Well,ノーザンテースト,スカーレットインク,Fappiano,Gana Facil,Halo,Ballade,Raise a Native,Gold Digger,Nureyev,Pasadoble,トライマイベスト,Mill Princess,Blakeney,The Dancer,Halo,Wishing Well,マルゼンスキー,レディーシラオキ,Northern Dancer,Fairy Bridge,Habitat,Principia,Hail to Reason,Cosmah,Understanding,Mountain Flower,Northern Dancer,Lady Victoria,Crimson Satan,Consentida,Mr. Prospector,Killaloe,Le Fabuleux,Charedi,Hail to Reason,Cosmah,Herbager,Miss Swapsco
202606010407,6,ダート,1800,良,1勝クラス,シニスターミニスター,ナンヨークイーン,Old Trieste,Sweet Minister,トワイニング,ラフィカ,A.P. Indy,Lovlier Linda,The Prime Minister,Sweet Blue,フォーティナイナー,Courtly Dee,サンデーサイレンス,オーピーキャット,Seattle Slew,Weekend Surprise,Vigors,Linda Summers,Deputy Minister,Stick to Beauty,Hurry Up Blue,Sugar Gold,Mr. Prospector,File,Never Bend,Tulle,Halo,Wishing Well,Storm Cat,Princess S.,Bold Reasoning,My Charmer,Secretariat,Lassie Dear,Grey Dawn,Relifordie,Crozier,Queenly Gift,Vice Regent,Mint Copy,Illustrious,Hail to Beauty,Mr. Leader,Blue Baroness,Mr. Prospector,Miss Ironside,Raise a Native,Gold Digger,Tom Rolfe,Continue,Nasrullah,Lalun,War Admiral,Judy-Rae,Hail to Reason,Cosmah,Understanding,Mountain Flower,Storm Bird,Terlingua,Assagai Jr.,Princess Thelma
202606010407,7,ダート,1800,良,1勝クラス,ディーマジェスティ,エペルネ,ディープインパクト,エルメスティアラ,ルーラーシップ,ブレンダ,サンデーサイレンス,ウインドインハーヘア,ブライアンズタイム,シンコウエルメス,キングカメハメハ,エアグルーヴ,ロックオブジブラルタル,フェアリーバラード,Halo,Wishing Well,Alzao,Burghclere,Roberto,Kelley's Day,Sadler's Wells,Doff the Derby,Kingmambo,マンファス,トニービン,ダイナカール,デインヒル,Offshore Boom,Sadler's Wells,Angelic Song,Hail to Reason,Cosmah,Understanding,Mountain Flower,Lyphard,Lady Rebecca,Busted,Highclere,Hail to Reason,Bramalea,Graustark,Golden Trail,Northern Dancer,Fairy Bridge,Master Derby,Margarethen,Mr. Prospector,Miesque,ラストタイクーン,Pilot Bird,カンパラ,Severn Bridge,ノーザンテースト,シャダイフェザー,Danzig,Razyana,Be My Guest,Push a Button,Northern Dancer,Fairy Bridge,Halo,Ballade
202606010407,8,ダート,1800,良,1勝クラス,リオンディーズ,ヴィスビー,キングカメハメハ,シーザリオ,ネオユニヴァース,アルヴィス,Kingmambo,マンファス,スペシャルウィーク,キロフプリミエール,サンデーサイレンス,ポインテッドパス,Mr. Greeley,Extraterrestral,Mr. Prospector,Miesque,ラストタイクーン,Pilot Bird,サンデーサイレンス,キャンペンガール,Sadler's Wells,Querida,Halo,Wishing Well,Kris,Silken Way,Gone West,Long Legend,Storm Bird,Victorian Queen,Raise a Native,Gold Digger,Nureyev,Pasadoble,トライマイベスト,Mill Princess,Blakeney,The Dancer,Halo,Wishing Well,マルゼンスキー,レディーシラオキ,Northern Dancer,Fairy Bridge,Habitat,Principia,Hail to Reason,Cosmah,Understanding,Mountain Flower,Sharpen Up,Doubly Sure,Shantung,Boulevard,Mr. Prospector,Secrettame,Reviewer,Lianga,Northern Dancer,South Ocean,Victoria Park,Willowfield
202606010407,9,ダート,1800,良,1勝クラス,ドレフォン,ショウナンマシェリ,Gio Ponti,Eltimaas,キンシャサノキセキ,ショウナンカッサイ,Tale of the Cat,Chipeta Springs,Ghostzapper,Najecam,フジキセキ,ケルトシャーン,ショウナンカンプ,ショウナンマドンナ,Storm Cat,Yarn,Alydar,Salt Spring,Awesome Again,Baby Zip,Trempolino,Sue Warner,サンデーサイレンス,ミルレーサー,Pleasant Colony,Featherhill,サクラバクシンオー,ショウナングレイス,サンダーガルチ,ショウナンサンサン,Storm Bird,Terlingua,Mr. Prospector,Narrate,Raise a Native,Sweet Tooth,Salt Marsh,Jungle Mythologic,Deputy Minister,Primal Force,Relaunch,Thirty Zip,Sharpen Up,Trephine,Forli,Bitty Girl,Halo,Wishing Well,Le Fabuleux,Marston's Mill,His Majesty,Sun Colony,Lyphard,Lady Berry,サクラユタカオー,サクラハゴロモ,ラッキーソブリン,ヤセイコーソ,Gulch,Line of Thunder,アイネスフウジン,メジロフィーシャー
202606010407,10,ダート,1800,良,1勝クラス,ブリックスアンドモルタル,ジャドール,Giant's Causeway,Beyond the Waves,フジキセキ,イージーラヴァー,Storm Cat,Mariah's Storm,Ocean Crest,Excedent,サンデーサイレンス,ミルレーサー,Alwasmi,Colors Inthe Storm,Storm Bird,Terlingua,Rahy,イメンス,Storm Bird,S.S.Aroma,Exceller,Broadway Lullaby,Halo,Wishing Well,Le Fabuleux,Marston's Mill,Northern Dancer,Height of Fashion,Relaunch,Color Me Beautiful,Northern Dancer,South Ocean,Secretariat,Crimson Saint,Blushing Groom,Glorious Song,Roberto,Imsodear,Northern Dancer,South Ocean,Seattle Slew,Rare Bouquet,Vaguely Noble,Too Bald,Stage Door Johnny,リットルブレツシング,Hail to Reason,Cosmah,Understanding,Mountain Flower,Wild Risk,Anguar,In Reality,Millicent,Nearctic,Natalma,Bustino,Highclere,In Reality,Foggy Note,Vice Regent,Floral Victory
202606010407,11,ダート,1800,良,1勝クラス,ブリックスアンドモルタル,ハッピーグラス,Giant's Causeway,Beyond the Waves,ディープインパクト,ビッグハッピー,Storm Cat,Mariah's Storm,Ocean Crest,Excedent,サンデーサイレンス,ウインドインハーヘア,アフリート,モルゲンロート,Storm Bird,Terlingua,Rahy,イメンス,Storm Bird,S.S.Aroma,Exceller,Broadway Lullaby,Halo,Wishing Well,Alzao,Burghclere,Mr. Prospector,Polite Lady,マルゼンスキー,サンライトリバー,Northern Dancer,South Ocean,Secretariat,Crimson Saint,Blushing Groom,Glorious Song,Roberto,Imsodear,Northern Dancer,South Ocean,Seattle Slew,Rare Bouquet,Vaguely Noble,Too Bald,Stage Door Johnny,リットルブレツシング,Hail to Reason,Cosmah,Understanding,Mountain Flower,Lyphard,Lady Rebecca,Busted,Highclere,Raise a Native,Gold Digger,Venetian Jester,Friendly Ways,Nijinsky,シル,ダストコマンダー,サンパス
202606010407,12,ダート,1800,良,1勝クラス,デクラレーションオブウォー,ジーニマジック,War Front,Tempo West,ダイワメジャー,ベッラベリッシモ,Danzig,Starry Dreamer,Rahy,Tempo,サンデーサイレンス,スカーレットブーケ,Alzao,Bella Vitessa,Northern Dancer,Pas de Nom,Rubiano,Lara's Star,Blushing Groom,Glorious Song,Gone West,Terpsichorist,Halo,Wishing Well,ノーザンテースト,スカーレットインク,Lyphard,Lady Rebecca,Thatching,Burghclere,Nearctic,Natalma,Admiral's Voyage,Petitioner,Fappiano,Ruby Slippers,Forli,True Reality,Red God,Runaway Bride,Halo,Ballade,Mr. Prospector,Secrettame,Nijinsky,Glad Rags,Hail to Reason,Cosmah,Understanding,Mountain Flower,Northern Dancer,Lady Victoria,Crimson Satan,Consentida,Northern Dancer,Goofed,Sir Ivor,Pocahontas,Thatch,Abella,Busted,Highclere
202606010407,13,ダート,1800,良,1勝クラス,ダノンレジェンド,キャンティユッキ,Macho Uno,マイグッドネス,マヤノトップガン,サルール,Holy Bull,Primal Force,Storm Cat,Caressing,ブライアンズタイム,アルプミープリーズ,サンデーサイレンス,シャルウォーカミーズ,Great Above,Sharon Brown,Blushing Groom,Prime Prospect,Storm Bird,Terlingua,Honour and Glory,Lovin Touch,Roberto,Kelley's Day,Blushing Groom,Swiss,Halo,Wishing Well,Sadler's Wells,Sequel,Minnesota Mac,Ta Wee,Al Hattab,Agathea's Dawn,Red God,Runaway Bride,Mr. Prospector,Square Generation,Northern Dancer,South Ocean,Secretariat,Crimson Saint,Relaunch,Fair to All,Majestic Prince,Forest Princess,Hail to Reason,Bramalea,Graustark,Golden Trail,Red God,Runaway Bride,Vaguely Noble,Gala Host,Hail to Reason,Cosmah,Understanding,Mountain Flower,Northern Dancer,Fairy Bridge,Law Society,Where You Lead
202606010407,14,ダート,1800,良,1勝クラス,マクフィ,リサプシュケ,Dubawi,Dhelaal,ワイルドラッシュ,バレーダンシング,Dubai Millennium,Zomaradah,Green Desert,Irish Valley,Wild Again,Rose Park,Giant's Causeway,Soltura,Seeking the Gold,Colorado Dancer,Deploy,Jawaher,Danzig,Foreign Courier,Irish River,Green Valley,Icecapade,Bushel-n-Peck,Plugged Nickle,Hardship,Storm Cat,Mariah's Storm,Sadler's Wells,Rosa Mundi,Mr. Prospector,Con Game,Shareef Dancer,Fall Aspen,Shirley Heights,Slightly Dangerous,ダンシングブレーヴ,High Tern,Northern Dancer,Pas de Nom,Sir Ivor,Courtly Dee,Riverman,Irish Star,Val de Loir,Sly Pola,Nearctic,Shenanigans,Khaled,Dama,Key to the Mint,Toll Booth,Drone,Hard and Fast,Storm Bird,Terlingua,Rahy,イメンス,Northern Dancer,Fairy Bridge,Secretariat,Lisadell
202606010407,15,ダート,1800,良,1勝クラス,Vino Rosso,Philadelphia Gold,Curlin,Mythical Bride,Touch Gold,Philadelphia Blues,Smart Strike,Sherriff's Deputy,Street Cry,Flaming Heart,Deputy Minister,Passing Mood,Wild Again,I Love the Blues,Mr. Prospector,Classy 'n Smart,Deputy Minister,Barbarika,Machiavellian,Helen Street,Touch Gold,Hot Lear,Vice Regent,Mint Copy,Buckpasser,Cool Mood,Icecapade,Bushel-n-Peck,Cure the Blues,Inkblot,Raise a Native,Gold Digger,Smarten,No Class,Vice Regent,Mint Copy,Bates Motel,War Exchange,Mr. Prospector,Coup de Folie,Troy,Waterway,Deputy Minister,Passing Mood,Lear Fan,Medicine Woman,Northern Dancer,Victoria Regina,Bunty's Flight,Shakney,Tom Fool,Busanda,Northern Dancer,Happy Mood,Nearctic,Shenanigans,Khaled,Dama,Stop the Music,Quick Cure,Secretariat,Big Mistake
202606010407,16,ダート,1800,良,1勝クラス,サートゥルナーリア,ラスヴェンチュラス,ロードカナロア,シーザリオ,ディープインパクト,ジョセット,キングカメハメハ,レディブラッサム,スペシャルウィーク,キロフプリミエール,サンデーサイレンス,ウインドインハーヘア,デインヒル,Loure,Kingmambo,マンファス,Storm Cat,サラトガデュー,サンデーサイレンス,キャンペンガール,Sadler's Wells,Querida,Halo,Wishing Well,Alzao,Burghclere,Danzig,Razyana,Lyphard,Allicance,Mr. Prospector,Miesque,ラストタイクーン,Pilot Bird,Storm Bird,Terlingua,Cormorant,Super Luna,Halo,Wishing Well,マルゼンスキー,レディーシラオキ,Northern Dancer,Fairy Bridge,Habitat,Principia,Hail to Reason,Cosmah,Understanding,Mountain Flower,Lyphard,Lady Rebecca,Busted,Highclere,Northern Dancer,Pas de Nom,His Majesty,Spring Adieu,Northern Dancer,Goofed,Alleged,Runaway Bride
202606010408,1,芝,1600,良,1勝クラス,サートゥルナーリア,シユーマ,ロードカナロア,シーザリオ,Medicean,Sichilla,キングカメハメハ,レディブラッサム,スペシャルウィーク,キロフプリミエール,Machiavellian,Mystic Goddess,デインヒル,Slipstream Queen,Kingmambo,マンファス,Storm Cat,サラトガデュー,サンデーサイレンス,キャンペンガール,Sadler's Wells,Querida,Mr. Prospector,Coup de Folie,Storm Bird,Rose Goddess,Danzig,Razyana,Conquistador Cielo,Country Queen,Mr. Prospector,Miesque,ラストタイクーン,Pilot Bird,Storm Bird,Terlingua,Cormorant,Super Luna,Halo,Wishing Well,マルゼンスキー,レディーシラオキ,Northern Dancer,Fairy Bridge,Habitat,Principia,Raise a Native,Gold Digger,Halo,Raise the Standard,Northern Dancer,South Ocean,Sassafras,Cocarde,Northern Dancer,Pas de Nom,His Majesty,Spring Adieu,Mr. Prospector,K D Princess,Explodent,Carrie's Rough
202606010408,2,芝,1600,良,1勝クラス,キタサンブラック,ウェルアウェイ,ブラックタイド,シュガーハート,Monsun,Wells Present,サンデーサイレンス,ウインドインハーヘア,サクラバクシンオー,オトメゴコロ,Konigsstuhl,Mosella,Cadeaux Genereux,Wells Whisper,Halo,Wishing Well,Alzao,Burghclere,サクラユタカオー,サクラハゴロモ,ジャッジアンジェルーチ,テイズリー,Dschingis Khan,Konigskronung,Surumu,Monasia,Young Generation,Smarten Up,Sadler's Wells,Whakilyric,Hail to Reason,Cosmah,Understanding,Mountain Flower,Lyphard,Lady Rebecca,Busted,Highclere,テスコボーイ,アンジェリカ,ノーザンテースト,クリアアンバー,Honest Pleasure,Victorian Queen,Lyphard,Tizna,Tamerlane,Donna Diana,Tiepoletto,Kronung,Literat,Surama,Authi,Monacensia,Balidar,Brig O'Doon,Sharpen Up,L'Anguissola,Northern Dancer,Fairy Bridge,Miswaki,リリズム
202606010408,3,芝,1600,良,1勝クラス,デクラレーションオブウォー,リボンフラワー,War Front,Tempo West,ディープインパクト,バディーラ,Danzig,Starry Dreamer,Rahy,Tempo,サンデーサイレンス,ウインドインハーヘア,Unbridled's Song,Magical Allure,Northern Dancer,Pas de Nom,Rubiano,Lara's Star,Blushing Groom,Glorious Song,Gone West,Terpsichorist,Halo,Wishing Well,Alzao,Burghclere,Unbridled,Trolley Song,General Meeting,Rare Lady,Nearctic,Natalma,Admiral's Voyage,Petitioner,Fappiano,Ruby Slippers,Forli,True Reality,Red God,Runaway Bride,Halo,Ballade,Mr. Prospector,Secrettame,Nijinsky,Glad Rags,Hail to Reason,Cosmah,Understanding,Mountain Flower,Lyphard,Lady Rebecca,Busted,Highclere,Fappiano,Gana Facil,Caro,Lucky Spell,Seattle Slew,Alydar's Promise,Never Bend,Double Agent
202606010408,4,芝,1600,良,1勝クラス,ドゥラメンテ,スウィッチインタイム,キングカメハメハ,アドマイヤグルーヴ,Galileo,Switch,Kingmambo,マンファス,サンデーサイレンス,エアグルーヴ,Sadler's Wells,Urban Sea,Quiet American,Antoniette,Mr. Prospector,Miesque,ラストタイクーン,Pilot Bird,Halo,Wishing Well,トニービン,ダイナカール,Northern Dancer,Fairy Bridge,Miswaki,Allegretta,Fappiano,Demure,Nicholas,Queen of Women,Raise a Native,Gold Digger,Nureyev,Pasadoble,トライマイベスト,Mill Princess,Blakeney,The Dancer,Hail to Reason,Cosmah,Understanding,Mountain Flower,カンパラ,Severn Bridge,ノーザンテースト,シャダイフェザー,Nearctic,Natalma,Bold Reason,Special,Mr. Prospector,Hopespringseternal,Lombard,Anatevka,Mr. Prospector,Killaloe,Dr. Fager,Quiet Charm,Danzig,Lulu Mon Amour,Sharpen Up,Tash
202606010408,5,芝,1600,良,1勝クラス,ディープブリランテ,オフェーリアシチー,ディープインパクト,ラヴアンドバブルズ,アドマイヤコジーン,ツーソックス,サンデーサイレンス,ウインドインハーヘア,Loup Sauvage,バブルドリーム,Cozzene,アドマイヤマカディ,ファルブラヴ,ダンジグウィズウルヴス,Halo,Wishing Well,Alzao,Burghclere,Riverman,Louveterie,Akarad,バブルプロスペクター,Caro,Ride the Trails,ノーザンテースト,ミセスマカディー,Fairy King,Gift of the Night,Danzig,Strategic Maneuver,Hail to Reason,Cosmah,Understanding,Mountain Flower,Lyphard,Lady Rebecca,Busted,Highclere,Never Bend,River Lady,Nureyev,Lupe,Labus,Licata,Miswaki,バブルカンパニー,フォルティノ,Chambord,Prince John,Wildwook,Northern Dancer,Lady Victoria,トライバルチーフ,Hanina,Northern Dancer,Fairy Bridge,Slewpy,Little Nana,Northern Dancer,Pas de Nom,Cryptoclearance,プレイヤーホイール
202606010408,6,芝,1600,良,1勝クラス,ジョーカプチーノ,フライングメリッサ,マンハッタンカフェ,ジョープシケ,ダンスインザダーク,ウイングオブラック,サンデーサイレンス,サトルチェンジ,フサイチコンコルド,ジョーユーチャリス,サンデーサイレンス,ダンシングキイ,ブライアンズタイム,バブルウイングス,Halo,Wishing Well,Law Society,Santa Luciana,Caerleon,バレークイーン,トウショウボーイ,ジョーバブーン,Halo,Wishing Well,Nijinsky,Key Partner,Roberto,Kelley's Day,In the Wings,バブルプロスペクター,Hail to Reason,Cosmah,Understanding,Mountain Flower,Alleged,Bold Bikini,Luciano,Suleika,Nijinsky,Foreseer,Sadler's Wells,Sun Princess,テスコボーイ,ソシアルバターフライ,フォルティノ,ハードゲイ,Hail to Reason,Cosmah,Understanding,Mountain Flower,Northern Dancer,Flaming Page,Key to the Mint,Native Partner,Hail to Reason,Bramalea,Graustark,Golden Trail,Sadler's Wells,High Hawk,Miswaki,バブルカンパニー
202606010408,7,芝,1600,良,1勝クラス,モズアスコット,グリエルマ,Frankel,India,ロードカナロア,アズマサンダース,Galileo,Kind,ヘネシー,Misty Hour,キングカメハメハ,レディブラッサム,サンデーサイレンス,オースミシャイン,Sadler's Wells,Urban Sea,デインヒル,Rainbow Lake,Storm Cat,Island Kitty,Miswaki,Our Tina Marie,Kingmambo,マンファス,Storm Cat,サラトガデュー,Halo,Wishing Well,シンボリルドルフ,コランデアガール,Northern Dancer,Fairy Bridge,Miswaki,Allegretta,Danzig,Razyana,Rainbow Quest,Rockfest,Storm Bird,Terlingua,Hawaii,T. C. Kitten,Mr. Prospector,Hopespringseternal,Nijinsky,Java Moon,Mr. Prospector,Miesque,ラストタイクーン,Pilot Bird,Storm Bird,Terlingua,Cormorant,Super Luna,Hail to Reason,Cosmah,Understanding,Mountain Flower,パーソロン,スイートルナ,ネヴァービート,ヤヨイカマダ
202606010408,8,芝,1600,良,1勝クラス,ルーラーシップ,リリックドラマ,キングカメハメハ,エアグルーヴ,ステイゴールド,ヴェルヴェットクイーン,Kingmambo,マンファス,トニービン,ダイナカール,サンデーサイレンス,ゴールデンサッシュ,シングスピール,Velvet Moon,Mr. Prospector,Miesque,ラストタイクーン,Pilot Bird,カンパラ,Severn Bridge,ノーザンテースト,シャダイフェザー,Halo,Wishing Well,ディクタス,ダイナサッシュ,In the Wings,Glorious Song,シャーディー,Park Special,Raise a Native,Gold Digger,Nureyev,Pasadoble,トライマイベスト,Mill Princess,Blakeney,The Dancer,Kalamoun,State Pension,Hornbeam,Priddy Fair,Northern Dancer,Lady Victoria,ガーサント,パロクサイド,Hail to Reason,Cosmah,Understanding,Mountain Flower,Sanctus,Doronic,ノーザンテースト,ロイヤルサッシュ,Sadler's Wells,High Hawk,Halo,Ballade,Danzig,Unfurled,Relkino,Balilla
202606010408,9,芝,1600,良,1勝クラス,キズナ,キャリサガ,ディープインパクト,キャットクイル,Sageburg,Qualita,サンデーサイレンス,ウインドインハーヘア,Storm Cat,Pacific Princess,ヨハネスブルグ,Sage Et Jolie,Konigstiger,Quetena,Halo,Wishing Well,Alzao,Burghclere,Storm Bird,Terlingua,Damascus,Fiji,ヘネシー,Myth,Linamix,Saganeca,Tiger Hill,Kittiwake,Acatenango,Quebrada,Hail to Reason,Cosmah,Understanding,Mountain Flower,Lyphard,Lady Rebecca,Busted,Highclere,Northern Dancer,South Ocean,Secretariat,Crimson Saint,Sword Dancer,Kerala,Acropolis,Rififi,Storm Cat,Island Kitty,オジジアン,Yarn,メンデス,Lunadix,Sagace,Haglette,デインヒル,The Filly,Barathea,Gull Nook,Surumu,Aggravate,Devil's Bag,Queen to Conquer
202606010408,10,芝,1600,良,1勝クラス,シルバーステート,アガルタ,ディープインパクト,シルヴァースカヤ,キングカメハメハ,ブロードアピール,サンデーサイレンス,ウインドインハーヘア,Silver Hawk,Boubskaia,Kingmambo,マンファス,Broad Brush,Valid Allure,Halo,Wishing Well,Alzao,Burghclere,Roberto,Gris Vitesse,Niniski,Frenetique,Mr. Prospector,Miesque,ラストタイクーン,Pilot Bird,Ack Ack,Hay Patcher,Valid Appeal,Alluring Girl,Hail to Reason,Cosmah,Understanding,Mountain Flower,Lyphard,Lady Rebecca,Busted,Highclere,Hail to Reason,Bramalea,Amerigo,Matchiche,Nijinsky,Virginia Hills,Tyrant,Femina,Raise a Native,Gold Digger,Nureyev,Pasadoble,トライマイベスト,Mill Princess,Blakeney,The Dancer,Battle Joined,Fast Turn,Hoist the Flag,Turn to Talent,In Reality,Desert Trial,Secretariat,Water Cress
202606010408,11,芝,1600,良,1勝クラス,デクラレーションオブウォー,レッドヴォーグ,War Front,Tempo West,シンボリクリスエス,ディクシージャズ,Danzig,Starry Dreamer,Rahy,Tempo,Kris S.,Tee Kay,トニービン,ディクシースプラッシュ,Northern Dancer,Pas de Nom,Rubiano,Lara's Star,Blushing Groom,Glorious Song,Gone West,Terpsichorist,Roberto,Sharp Queen,Gold Meridian,Tri Argo,カンパラ,Severn Bridge,Dixieland Band,Ocean Jewel,Nearctic,Natalma,Admiral's Voyage,Petitioner,Fappiano,Ruby Slippers,Forli,True Reality,Red God,Runaway Bride,Halo,Ballade,Mr. Prospector,Secrettame,Nijinsky,Glad Rags,Hail to Reason,Bramalea,Princequillo,Bridgework,Seattle Slew,Queen Louie,Tri Jet,Hail Proudly,Kalamoun,State Pension,Hornbeam,Priddy Fair,Northern Dancer,Mississippi Mud,Alleged,Lady Offshore
202606010408,12,芝,1600,良,1勝クラス,バゴ,リーサルウェポン,Nashwan,Moonlight's Box,ディープインパクト,クイックコマンド,Blushing Groom,Height of Fashion,Nureyev,Coup de Genie,サンデーサイレンス,ウインドインハーヘア,Gold Legend,Jet Route,Red God,Runaway Bride,Bustino,Highclere,Northern Dancer,Special,Mr. Prospector,Coup de Folie,Halo,Wishing Well,Alzao,Burghclere,Seattle Slew,Gold Beauty,Alydar,Katies,Nasrullah,Spring Run,Wild Risk,Aimee,Busted,Ship Yard,Queen's Hussar,Highlight,Nearctic,Natalma,Forli,Thong,Raise a Native,Gold Digger,Halo,Raise the Standard,Hail to Reason,Cosmah,Understanding,Mountain Flower,Lyphard,Lady Rebecca,Busted,Highclere,Bold Reasoning,My Charmer,Mr. Prospector,Stick to Beauty,Raise a Native,Sweet Tooth,ノノアルコ,Mortefontaine
202606010408,13,芝,1600,良,1勝クラス,リアルスティール,ショウナンハイル,ディープインパクト,ラヴズオンリーミー,ハーツクライ,ショウナンラノビア,サンデーサイレンス,ウインドインハーヘア,Storm Cat,Monevassia,サンデーサイレンス,アイリッシュダンス,フレンチデピュティ,ショウナンアクシア,Halo,Wishing Well,Alzao,Burghclere,Storm Bird,Terlingua,Mr. Prospector,Miesque,Halo,Wishing Well,トニービン,ビューパーダンス,Deputy Minister,Mitterand,ヘクタープロテクター,ショウナンプリティ,Hail to Reason,Cosmah,Understanding,Mountain Flower,Lyphard,Lady Rebecca,Busted,Highclere,Northern Dancer,South Ocean,Secretariat,Crimson Saint,Raise a Native,Gold Digger,Nureyev,Pasadoble,Hail to Reason,Cosmah,Understanding,Mountain Flower,カンパラ,Severn Bridge,Lyphard,My Bupers,Vice Regent,Mint Copy,Hold Your Peace,Laredo Lass,Woodman,Korveya,ウォロー,メジロハリマ
202606010408,14,芝,1600,良,1勝クラス,エピファネイア,ブリスフルデイズ,シンボリクリスエス,シーザリオ,キングカメハメハ,アドマイヤハッピー,Kris S.,Tee Kay,スペシャルウィーク,キロフプリミエール,Kingmambo,マンファス,トニービン,カーリーエンジェル,Roberto,Sharp Queen,Gold Meridian,Tri Argo,サンデーサイレンス,キャンペンガール,Sadler's Wells,Querida,Mr. Prospector,Miesque,ラストタイクーン,Pilot Bird,カンパラ,Severn Bridge,ジャッジアンジェルーチ,ダイナカール,Hail to Reason,Bramalea,Princequillo,Bridgework,Seattle Slew,Queen Louie,Tri Jet,Hail Proudly,Halo,Wishing Well,マルゼンスキー,レディーシラオキ,Northern Dancer,Fairy Bridge,Habitat,Principia,Raise a Native,Gold Digger,Nureyev,Pasadoble,トライマイベスト,Mill Princess,Blakeney,The Dancer,Kalamoun,State Pension,Hornbeam,Priddy Fair,Honest Pleasure,Victorian Queen,ノーザンテースト,シャダイフェザー
202606010408,15,芝,1600,良,1勝クラス,モーリス,コスモネモシン,スクリーンヒーロー,メジロフランシス,ゼンノロブロイ,デュプレ,グラスワンダー,ランニングヒロイン,カーネギー,メジロモントレー,サンデーサイレンス,ローミンレイチェル,シングスピール,Child Prodigy,Silver Hawk,Ameriflora,サンデーサイレンス,ダイナアクトレス,Sadler's Wells,Detroit,モガミ,メジロクインシー,Halo,Wishing Well,マイニング,One Smart Lady,In the Wings,Glorious Song,Ballad Rock,Minnie Habit,Roberto,Gris Vitesse,Danzig,Graceful Touch,Halo,Wishing Well,ノーザンテースト,モデルスポート,Northern Dancer,Fairy Bridge,Riverman,Derna,Lyphard,ノーラック,フィディオン,メジロボサツ,Hail to Reason,Cosmah,Understanding,Mountain Flower,Mr. Prospector,I Pass,Clever Trick,Pia's Lady,Sadler's Wells,High Hawk,Halo,Ballade,Bold Lad,True Rocket,Habitat,Minnie Tudor
202606010408,16,芝,1600,良,1勝クラス,ミッキーロケット,アイアムカガヤキ,キングカメハメハ,マネーキャントバイミーラヴ,モーリス,アイアムカミノマゴ,Kingmambo,マンファス,Pivotal,Sabreon,スクリーンヒーロー,メジロフランシス,アグネスタキオン,アイアムザウィナー,Mr. Prospector,Miesque,ラストタイクーン,Pilot Bird,Polar Falcon,Fearless Revival,Caerleon,Sabria,グラスワンダー,ランニングヒロイン,カーネギー,メジロモントレー,サンデーサイレンス,アグネスフローラ,Danzig Connection,ブルージーンベイビー,Raise a Native,Gold Digger,Nureyev,Pasadoble,トライマイベスト,Mill Princess,Blakeney,The Dancer,Nureyev,Marie d'Argonne,Cozzene,Stufida,Nijinsky,Foreseer,Miswaki,Flood,Silver Hawk,Ameriflora,サンデーサイレンス,ダイナアクトレス,Sadler's Wells,Detroit,モガミ,メジロクインシー,Halo,Wishing Well,ロイヤルスキー,アグネスレディー,Danzig,Gdynia,Mr. Prospector,Jones Time Machine
202606010409,1,芝,1800,良,2勝クラス,フォーウィールドライブ,ボリード,American Pharoah,Funfair,ディープインパクト,ヴィクトリアズワイルドキャット,Pioneerof the Nile,Littleprincessemma,More Than Ready,Fleuron,サンデーサイレンス,ウインドインハーヘア,Bellamy Road,Flaming Mirage,エンパイアメーカー,Star of Goshen,Yankee Gentleman,Exclusive Rosette,サザンヘイロー,Woodman's Girl,Distant View,Flamboyance,Halo,Wishing Well,Alzao,Burghclere,Concerto,Hurry Home Hillary,Woodman,Flaming Leaves,Unbridled,Toussaud,Lord at War,Castle Eight,Storm Cat,Key Phrase,Ecliptical,Zetta Jet,Halo,Northern Sea,Woodman,Becky Be Good,Mr. Prospector,Seven Springs,Zilzal,Bridal Wreath,Hail to Reason,Cosmah,Understanding,Mountain Flower,Lyphard,Lady Rebecca,Busted,Highclere,Chief's Crown,Undeniably,Deputed Testamony,Ten Cents a Turn,Mr. Prospector,プレイメイト,Olden Times,Distaff Decider
202606010409,2,芝,1800,良,2勝クラス,ブリックスアンドモルタル,コム,Giant's Causeway,Beyond the Waves,Le Havre,Leaupartie,Storm Cat,Mariah's Storm,Ocean Crest,Excedent,Noverre,Marie Rheinberg,Stormy River,Kansa,Storm Bird,Terlingua,Rahy,イメンス,Storm Bird,S.S.Aroma,Exceller,Broadway Lullaby,Rahy,ダンスールファビュルー,Surako,Marie d'Argonne,Verglas,Miss Bio,Linamix,Kartabula,Northern Dancer,South Ocean,Secretariat,Crimson Saint,Blushing Groom,Glorious Song,Roberto,Imsodear,Northern Dancer,South Ocean,Seattle Slew,Rare Bouquet,Vaguely Noble,Too Bald,Stage Door Johnny,リットルブレツシング,Blushing Groom,Glorious Song,Northern Dancer,Fabuleux Jane,Konigsstuhl,Surata,Jefferson,Mohair,Highest Honor,Rahaam,River Mist,River Sans Retour,メンデス,Lunadix,Fabulous Dancer,Karmisyn
202606010409,3,芝,1800,良,2勝クラス,ルーラーシップ,アンソロジー,キングカメハメハ,エアグルーヴ,サクラバクシンオー,ポップス,Kingmambo,マンファス,トニービン,ダイナカール,サクラユタカオー,サクラハゴロモ,サンデーサイレンス,ポップシンガー,Mr. Prospector,Miesque,ラストタイクーン,Pilot Bird,カンパラ,Severn Bridge,ノーザンテースト,シャダイフェザー,テスコボーイ,アンジェリカ,ノーザンテースト,クリアアンバー,Halo,Wishing Well,Secretariat,Icy Pop,Raise a Native,Gold Digger,Nureyev,Pasadoble,トライマイベスト,Mill Princess,Blakeney,The Dancer,Kalamoun,State Pension,Hornbeam,Priddy Fair,Northern Dancer,Lady Victoria,ガーサント,パロクサイド,Princely Gift,Suncourt,ネヴァービート,スターハイネス,Northern Dancer,Lady Victoria,Ambiopoise,One Clear Call,Hail to Reason,Cosmah,Understanding,Mountain Flower,Bold Ruler,Somethingroyal,Icecapade,Calaki
202606010409,4,芝,1800,良,2勝クラス,サトノクラウン,グレイトフルレガロ,Marju,ジョコンダ,ステイゴールド,グレイトフルデイ,ラストタイクーン,Flame of Tara,Rossini,La Joconde,サンデーサイレンス,ゴールデンサッシュ,Seeking the Gold,Czar Dancer,トライマイベスト,Mill Princess,アーテイアス,Welsh Flame,Miswaki,Touch of Greatness,Vettori,Lust,Halo,Wishing Well,ディクタス,ダイナサッシュ,Mr. Prospector,Con Game,Czaravich,Barbs Dancer,Northern Dancer,Sex Appeal,Mill Reef,Irish Lass,Round Table,Stylish Pattern,Welsh Pageant,Electric Flash,Mr. Prospector,Hopespringseternal,Hero's Honor,Ivory Wand,Machiavellian,Air Distingue,Pursuit of Love,Pato,Hail to Reason,Cosmah,Understanding,Mountain Flower,Sanctus,Doronic,ノーザンテースト,ロイヤルサッシュ,Raise a Native,Gold Digger,Buckpasser,Broadway,Nijinsky,Black Satin,Northern Dancer,Periodista
202606010409,5,芝,1800,良,2勝クラス,エピファネイア,フサイチジェット,シンボリクリスエス,シーザリオ,Gilded Time,Long Distance,Kris S.,Tee Kay,スペシャルウィーク,キロフプリミエール,Timeless Moment,Gilded Lilly,Expensive Decision,Reverse the Call,Roberto,Sharp Queen,Gold Meridian,Tri Argo,サンデーサイレンス,キャンペンガール,Sadler's Wells,Querida,Damascus,Hour of Parting,What a Pleasure,Luquillo,Explosive Bid,Third Wife,Phone Trick,Pontresina,Hail to Reason,Bramalea,Princequillo,Bridgework,Seattle Slew,Queen Louie,Tri Jet,Hail Proudly,Halo,Wishing Well,マルゼンスキー,レディーシラオキ,Northern Dancer,Fairy Bridge,Habitat,Principia,Sword Dancer,Kerala,Native Dancer,Sweet Sorrow,Bold Ruler,Grey Flight,Princequillo,Lulalu,Explodent,Golden Way,Hydrologist,Thetis,Clever Trick,Over the Phone,Prove Out,Princess Dare
202606010409,6,芝,1800,良,2勝クラス,キズナ,メジロスプレンダー,ディープインパクト,キャットクイル,シンボリクリスエス,クライウィズジョイ,サンデーサイレンス,ウインドインハーヘア,Storm Cat,Pacific Princess,Kris S.,Tee Kay,トニービン,クライングフォーモア,Halo,Wishing Well,Alzao,Burghclere,Storm Bird,Terlingua,Damascus,Fiji,Roberto,Sharp Queen,Gold Meridian,Tri Argo,カンパラ,Severn Bridge,Always Run Lucky,オールドスタッフ,Hail to Reason,Cosmah,Understanding,Mountain Flower,Lyphard,Lady Rebecca,Busted,Highclere,Northern Dancer,South Ocean,Secretariat,Crimson Saint,Sword Dancer,Kerala,Acropolis,Rififi,Hail to Reason,Bramalea,Princequillo,Bridgework,Seattle Slew,Queen Louie,Tri Jet,Hail Proudly,Kalamoun,State Pension,Hornbeam,Priddy Fair,What Luck,Big Puddles,Irish River,アンティックヴァリュー
202606010409,7,芝,1800,良,2勝クラス,アドマイヤマーズ,ヘアキティー,ダイワメジャー,ヴィアメディチ,Wildcat Heir,Be Silver,サンデーサイレンス,スカーレットブーケ,Medicean,Via Milano,Forest Wildcat,Penniless Heiress,Silver Buck,Beafleet,Halo,Wishing Well,ノーザンテースト,スカーレットインク,Machiavellian,Mystic Goddess,シングスピール,Salvinaxia,Storm Cat,Victoria Beauty,Pentelicus,Royal Ties,Buckpasser,Silver True,アフリート,Leave It Be,Hail to Reason,Cosmah,Understanding,Mountain Flower,Northern Dancer,Lady Victoria,Crimson Satan,Consentida,Mr. Prospector,Coup de Folie,Storm Bird,Rose Goddess,In the Wings,Glorious Song,Linamix,Salve,Storm Bird,Terlingua,Bold Native,Abifaith,Fappiano,Charedi,Distinctive,New Love,Tom Fool,Busanda,Hail to Reason,Silver Fog,Mr. Prospector,Polite Lady,Lawmaker,Bold Linstar
202606010409,8,芝,1800,良,2勝クラス,リアルインパクト,トレラピッド,ディープインパクト,トキオリアリティー,Anabaa Blue,Tres Ravi,サンデーサイレンス,ウインドインハーヘア,Meadowlake,What a Reality,Anabaa,Allez Les Trois,Monsun,Tres Magnifique,Halo,Wishing Well,Alzao,Burghclere,Hold Your Peace,Suspicious Native,In Reality,What Will Be,Danzig,Balbonella,Riverman,Allegretta,Konigsstuhl,Mosella,Gay Fandango,Toscadora,Hail to Reason,Cosmah,Understanding,Mountain Flower,Lyphard,Lady Rebecca,Busted,Highclere,Speak John,Blue Moon,Raise a Native,Be Suspicious,Intentionally,My Dear Girl,Crozier,Solabar,Northern Dancer,Pas de Nom,ゲイメセン,Bamieres,Never Bend,River Lady,Lombard,Anatevka,Dschingis Khan,Konigskronung,Surumu,Monasia,Forli,Gay Violin,Orsini,Tosca Bella
202606010409,9,芝,1800,良,2勝クラス,ディープインパクト,ヤンキーローズ,サンデーサイレンス,ウインドインハーヘア,All American,Condesaar,Halo,Wishing Well,Alzao,Burghclere,Red Ransom,Milva,ザール,Condescendance,Hail to Reason,Cosmah,Understanding,Mountain Flower,Lyphard,Lady Rebecca,Busted,Highclere,Roberto,アラビア,Strawberry Road,Tersa,Zafonic,Monroe,El Gran Senor,Condessa,Turn-to,Nothirdchance,Cosmic Bomb,Almahmoud,Promised Land,Pretty Ways,Montparnasse,Edelweiss,Northern Dancer,Goofed,Sir Ivor,Pocahontas,Crepello,Sans le Sou,Queen's Hussar,Highlight,Hail to Reason,Bramalea,Damascus,Christmas Wind,Whiskey Road,Giftisa,Mr. Prospector,Peacefully,Gone West,Zaizafon,Sir Ivor,Best in Show,Northern Dancer,Sex Appeal,Condorcet,Varinessa
202606010409,10,芝,1800,良,2勝クラス,ゴールドシップ,マイネヌーヴェル,ステイゴールド,ポイントフラッグ,ブライアンズタイム,マイネプリテンダー,サンデーサイレンス,ゴールデンサッシュ,メジロマックイーン,パストラリズム,Roberto,Kelley's Day,Zabeel,Giladah,Halo,Wishing Well,ディクタス,ダイナサッシュ,メジロティターン,メジロオーロラ,プルラリズム,トクノエイティー,Hail to Reason,Bramalea,Graustark,Golden Trail,Sir Tristram,Lady Giselle,Mill Reef,Nouvelle Star,Hail to Reason,Cosmah,Understanding,Mountain Flower,Sanctus,Doronic,ノーザンテースト,ロイヤルサッシュ,メジロアサマ,シエリル,リマンド,メジロアイリス,The Minstrel,Cambretta,トライバルチーフ,アイアンルビー,Turn-to,Nothirdchance,Nashua,Rarelea,Ribot,Flower Bowl,Hasty Road,Sunny Vale,Sir Ivor,Isolt,Nureyev,Valderna,Never Bend,Milan Mill,Luskin Star,Bonne Nouvelle
202606010409,11,芝,1800,良,2勝クラス,リアルスティール,パンカティリオ,ディープインパクト,ラヴズオンリーミー,Kingmambo,Punctilious,サンデーサイレンス,ウインドインハーヘア,Storm Cat,Monevassia,Mr. Prospector,Miesque,デインヒル,Robertet,Halo,Wishing Well,Alzao,Burghclere,Storm Bird,Terlingua,Mr. Prospector,Miesque,Raise a Native,Gold Digger,Nureyev,Pasadoble,Danzig,Razyana,Roberto,Ethics,Hail to Reason,Cosmah,Understanding,Mountain Flower,Lyphard,Lady Rebecca,Busted,Highclere,Northern Dancer,South Ocean,Secretariat,Crimson Saint,Raise a Native,Gold Digger,Nureyev,Pasadoble,Native Dancer,Raise You,Nashua,Sequence,Northern Dancer,Special,Prove Out,Santa Quilla,Northern Dancer,Pas de Nom,His Majesty,Spring Adieu,Hail to Reason,Bramalea,Nijinsky,Fairness
202606010409,12,芝,1800,良,2勝クラス,ゴールドシップ,ピッツネイル,ステイゴールド,ポイントフラッグ,クロフネ,スヴレッタ,サンデーサイレンス,ゴールデンサッシュ,メジロマックイーン,パストラリズム,フレンチデピュティ,ブルーアヴェニュー,Nureyev,Naughty Nana,Halo,Wishing Well,ディクタス,ダイナサッシュ,メジロティターン,メジロオーロラ,プルラリズム,トクノエイティー,Deputy Minister,Mitterand,Classic Go Go,Eliza Blue,Northern Dancer,Special,Houston,Georgia Power,Hail to Reason,Cosmah,Understanding,Mountain Flower,Sanctus,Doronic,ノーザンテースト,ロイヤルサッシュ,メジロアサマ,シエリル,リマンド,メジロアイリス,The Minstrel,Cambretta,トライバルチーフ,アイアンルビー,Vice Regent,Mint Copy,Hold Your Peace,Laredo Lass,Pago Pago,Classic Perfection,Icecapade,コレラ,Nearctic,Natalma,Forli,Thong,Seattle Slew,Smart Angle,Our Native,Beanery
202606010409,13,芝,1800,良,2勝クラス,リアルスティール,エインセル,ディープインパクト,ラヴズオンリーミー,メイショウサムソン,ピクシーダスト,サンデーサイレンス,ウインドインハーヘア,Storm Cat,Monevassia,オペラハウス,マイヴィヴィアン,サンデーサイレンス,シャンクシー,Halo,Wishing Well,Alzao,Burghclere,Storm Bird,Terlingua,Mr. Prospector,Miesque,Sadler's Wells,Colorspin,ダンシングブレーヴ,ウイルプリンセス,Halo,Wishing Well,Zilzal,Rich and Riotous,Hail to Reason,Cosmah,Understanding,Mountain Flower,Lyphard,Lady Rebecca,Busted,Highclere,Northern Dancer,South Ocean,Secretariat,Crimson Saint,Raise a Native,Gold Digger,Nureyev,Pasadoble,Northern Dancer,Fairy Bridge,High Top,Reprocolor,Lyphard,Navajo Princess,サンプリンス,エール,Hail to Reason,Cosmah,Understanding,Mountain Flower,Nureyev,French Charmer,エンペリー,Carnauba
202606010410,1,ダート,1800,良,オープン,キズナ,ヴァイセフラウ,ディープインパクト,キャットクイル,キングカメハメハ,ラティール,サンデーサイレンス,ウインドインハーヘア,Storm Cat,Pacific Princess,Kingmambo,マンファス,タマモクロス,ソルティーレディー,Halo,Wishing Well,Alzao,Burghclere,Storm Bird,Terlingua,Damascus,Fiji,Mr. Prospector,Miesque,ラストタイクーン,Pilot Bird,シービークロス,グリーンシャトー,ニホンピロウイナー,ダイナバーディ,Hail to Reason,Cosmah,Understanding,Mountain Flower,Lyphard,Lady Rebecca,Busted,Highclere,Northern Dancer,South Ocean,Secretariat,Crimson Saint,Sword Dancer,Kerala,Acropolis,Rififi,Raise a Native,Gold Digger,Nureyev,Pasadoble,トライマイベスト,Mill Princess,Blakeney,The Dancer,フォルティノ,ズイシヨウ,シャトーゲイ,クインビー,スティールハート,ニホンピロエバート,ノーザンテースト,タミーズターン
202606010410,2,ダート,1800,良,オープン,マクフィ,バイカターキン,Dubawi,Dhelaal,エンパイアメーカー,アブラシオ,Dubai Millennium,Zomaradah,Green Desert,Irish Valley,Unbridled,Toussaud,グラスワンダー,ジュウジホウセキ,Seeking the Gold,Colorado Dancer,Deploy,Jawaher,Danzig,Foreign Courier,Irish River,Green Valley,Fappiano,Gana Facil,El Gran Senor,Image of Reality,Silver Hawk,Ameriflora,マルゼンスキー,ジュウジターキン,Mr. Prospector,Con Game,Shareef Dancer,Fall Aspen,Shirley Heights,Slightly Dangerous,ダンシングブレーヴ,High Tern,Northern Dancer,Pas de Nom,Sir Ivor,Courtly Dee,Riverman,Irish Star,Val de Loir,Sly Pola,Mr. Prospector,Killaloe,Le Fabuleux,Charedi,Northern Dancer,Sex Appeal,In Reality,Edee's Image,Roberto,Gris Vitesse,Danzig,Graceful Touch,Nijinsky,シル,ハンターコム,シヤダイターキン
202606010410,3,ダート,1800,良,オープン,キングカメハメハ,メイデイローズ,Kingmambo,マンファス,Rockport Harbor,May Day Bluff,Mr. Prospector,Miesque,ラストタイクーン,Pilot Bird,Unbridled's Song,Regal Miss Copelan,Pine Bluff,May Day Ninety,Raise a Native,Gold Digger,Nureyev,Pasadoble,トライマイベスト,Mill Princess,Blakeney,The Dancer,Unbridled,Trolley Song,Copelan,Regal Pennant,Danzig,Rowdy Angel,Alydar,May Day Eighty,Native Dancer,Raise You,Nashua,Sequence,Northern Dancer,Special,Prove Out,Santa Quilla,Northern Dancer,Sex Appeal,Mill Reef,Irish Lass,Hethersett,Windmill Girl,Green Dancer,Khazaeen,Fappiano,Gana Facil,Caro,Lucky Spell,Tri Jet,Susan's Girl,Banner Bob,Regal Relation,Northern Dancer,Pas de Nom,Halo,Ramhyde,Raise a Native,Sweet Tooth,Hoist the Flag,Jeffo
202606010410,4,ダート,1800,良,オープン,サトノダイヤモンド,ハギノエスカーダ,ディープインパクト,マルペンサ,タートルボウル,ルミナスグルーヴ,サンデーサイレンス,ウインドインハーヘア,Orpen,Marsella,Dyhim Diamond,Clara Bow,アグネスタキオン,ソニックグルーヴ,Halo,Wishing Well,Alzao,Burghclere,Lure,Bonita Francita,サザンヘイロー,Riviere,Night Shift,Happy Landing,Top Ville,Kamiya,サンデーサイレンス,アグネスフローラ,フレンチデピュティ,エアグルーヴ,Hail to Reason,Cosmah,Understanding,Mountain Flower,Lyphard,Lady Rebecca,Busted,Highclere,Danzig,Endear,Devil's Bag,Raise the Standard,Halo,Northern Sea,Logical,Talonada,Northern Dancer,Ciboulette,Homing,Laughing Goddess,High Top,Sega Ville,Kalamoun,Shahinaaz,Halo,Wishing Well,ロイヤルスキー,アグネスレディー,Deputy Minister,Mitterand,トニービン,ダイナカール
202606010410,5,ダート,1800,良,オープン,ヘニーヒューズ,トモトモリバー,ヘネシー,Meadow Flyer,ブラックタイド,ローズエンジェル,Storm Cat,Island Kitty,Meadowlake,Shortley,サンデーサイレンス,ウインドインハーヘア,アグネスデジタル,シュガースポット,Storm Bird,Terlingua,Hawaii,T. C. Kitten,Hold Your Peace,Suspicious Native,Hagley,Short Winded,Halo,Wishing Well,Alzao,Burghclere,Crafty Prospector,Chancey Squaw,Lear Fan,トゥースフェアリー,Northern Dancer,South Ocean,Secretariat,Crimson Saint,Utrillo,Ethane,Tom Cat,Needlebug,Speak John,Blue Moon,Raise a Native,Be Suspicious,Olden Times,Teo Pepi,Harvest Singing,Wild Cloud,Hail to Reason,Cosmah,Understanding,Mountain Flower,Lyphard,Lady Rebecca,Busted,Highclere,Mr. Prospector,Real Crafty Lady,Chief's Crown,Allicance,Roberto,Wac,Sadler's Wells,'N Everything Nice
202606010410,6,ダート,1800,良,オープン,Arrogate,Folklore,Unbridled's Song,Bubbler,Tiznow,Contrive,Unbridled,Trolley Song,Distorted Humor,Grechelle,Cee's Tizzy,Cee's Song,Storm Cat,Jeano,Fappiano,Gana Facil,Caro,Lucky Spell,フォーティナイナー,Danzig's Beauty,Deputy Minister,Meadow Star,Relaunch,テイズリー,Seattle Song,Lonely Dancer,Storm Bird,Terlingua,Fappiano,バジー,Mr. Prospector,Killaloe,Le Fabuleux,Charedi,フォルティノ,Chambord,Lucky Mel,Incantation,Mr. Prospector,File,Danzig,Sweetest Chant,Vice Regent,Mint Copy,Meadowlake,Inreality Star,In Reality,Foggy Note,Lyphard,Tizna,Seattle Slew,Incantation,ナイスダンサー,Sleep Lonely,Northern Dancer,South Ocean,Secretariat,Crimson Saint,Mr. Prospector,Killaloe,In Reality,Stolen Base
202606010410,7,ダート,1800,良,オープン,ロゴタイプ,スクラッタ,ローエングリン,ステレオタイプ,キングカメハメハ,エミーズスマイル,シングスピール,カーリング,サンデーサイレンス,スターバレリーナ,Kingmambo,マンファス,アグネスタキオン,エミスフェール,In the Wings,Glorious Song,Garde Royale,Corraleja,Halo,Wishing Well,Risen Star,ベリアーニ,Mr. Prospector,Miesque,ラストタイクーン,Pilot Bird,サンデーサイレンス,アグネスフローラ,ホワイトマズル,グレイエミネンス,Sadler's Wells,High Hawk,Halo,Ballade,Mill Reef,Royal Way,Carvin,Darling Dale,Hail to Reason,Cosmah,Understanding,Mountain Flower,Secretariat,Ribbon,Nureyev,Eleven Pleasures,Raise a Native,Gold Digger,Nureyev,Pasadoble,トライマイベスト,Mill Princess,Blakeney,The Dancer,Halo,Wishing Well,ロイヤルスキー,アグネスレディー,ダンシングブレーヴ,Fair of the Furze,トニービン,グレイキル
202606010410,8,ダート,1800,良,オープン,ビーチパトロール,サンマルアリュール,Lemon Drop Kid,Bashful Bertie,ゴールドアリュール,ミスサイベリア,Kingmambo,Charming Lassie,Quiet American,Clever Bertie,サンデーサイレンス,ニキーヤ,Giant's Causeway,Miss Tobacco,Mr. Prospector,Miesque,Seattle Slew,Lassie Dear,Fappiano,Demure,Timeless Native,Clever But Costly,Halo,Wishing Well,Nureyev,Reluctant Guest,Storm Cat,Mariah's Storm,フォーティナイナー,Lisaleen,Raise a Native,Gold Digger,Nureyev,Pasadoble,Bold Reasoning,My Charmer,Buckpasser,Gay Missile,Mr. Prospector,Killaloe,Dr. Fager,Quiet Charm,Timeless Moment,Head Off,Clever Trick,Swoonlow,Hail to Reason,Cosmah,Understanding,Mountain Flower,Northern Dancer,Special,Hostage,Vaguely Royal,Storm Bird,Terlingua,Rahy,イメンス,Mr. Prospector,File,Northern Dancer,Lisadell
202606010410,9,ダート,1800,良,オープン,ロードカナロア,デアレガーロ,キングカメハメハ,レディブラッサム,マンハッタンカフェ,スーヴェニアギフト,Kingmambo,マンファス,Storm Cat,サラトガデュー,サンデーサイレンス,サトルチェンジ,Souvenir Copy,Alleged Gift,Mr. Prospector,Miesque,ラストタイクーン,Pilot Bird,Storm Bird,Terlingua,Cormorant,Super Luna,Halo,Wishing Well,Law Society,Santa Luciana,Mr. Prospector,Dancing Tribute,Alleged,エクセレントギフト,Raise a Native,Gold Digger,Nureyev,Pasadoble,トライマイベスト,Mill Princess,Blakeney,The Dancer,Northern Dancer,South Ocean,Secretariat,Crimson Saint,His Majesty,Song Sparrow,In Reality,Alada,Hail to Reason,Cosmah,Understanding,Mountain Flower,Alleged,Bold Bikini,Luciano,Suleika,Raise a Native,Gold Digger,Nureyev,Sophisticated Girl,Hoist the Flag,Princess Pout,Seattle Slew,Rose Red
202606010410,10,ダート,1800,良,オープン,パイロ,クラウンミストラル,Pulpit,Wild Vision,フジキセキ,プロヴァンス,A.P. Indy,Preach,Wild Again,Carol's Wonder,サンデーサイレンス,ミルレーサー,サッカーボーイ,キャッチマイラブ,Seattle Slew,Weekend Surprise,Mr. Prospector,Narrate,Icecapade,Bushel-n-Peck,Pass the Tab,Carols Christmas,Halo,Wishing Well,Le Fabuleux,Marston's Mill,ディクタス,ダイナサッシュ,シンボリルドルフ,カランドララーク,Bold Reasoning,My Charmer,Secretariat,Lassie Dear,Raise a Native,Gold Digger,Honest Pleasure,State,Nearctic,Shenanigans,Khaled,Dama,Al Hattab,Dantina,Whitesburg,Light Verse,Hail to Reason,Cosmah,Understanding,Mountain Flower,Wild Risk,Anguar,In Reality,Millicent,Sanctus,Doronic,ノーザンテースト,ロイヤルサッシュ,パーソロン,スイートルナ,Storm Bird,Calandra
202606010410,11,ダート,1800,良,オープン,マジェスティックウォリアー,ウィッシュハピネス,A.P. Indy,Dream Supreme,ゴールドアリュール,フロムスクラッチ,Seattle Slew,Weekend Surprise,Seeking the Gold,Spinning Round,サンデーサイレンス,ニキーヤ,Grand Slam,Snow Dance,Bold Reasoning,My Charmer,Secretariat,Lassie Dear,Mr. Prospector,Con Game,Dixieland Band,Take Heart,Halo,Wishing Well,Nureyev,Reluctant Guest,Gone West,Bright Candles,Forest Wildcat,Northern Pageant,Boldnesian,Reason to Earn,Poker,Fair Charmer,Bold Ruler,Somethingroyal,Buckpasser,Gay Missile,Raise a Native,Gold Digger,Buckpasser,Broadway,Northern Dancer,Mississippi Mud,Secretariat,Deck Stewardess,Hail to Reason,Cosmah,Understanding,Mountain Flower,Northern Dancer,Special,Hostage,Vaguely Royal,Mr. Prospector,Secrettame,El Gran Senor,Christmas Bonus,Storm Cat,Victoria Beauty,Spectacular Bid,Northern Sea
202606010410,12,ダート,1800,良,オープン,Lea,オールインファン,First Samurai,Greenery,Tapit,Devils Humor,Giant's Causeway,Freddie Frisson,Galileo,High Savannah,Pulpit,Tap Your Heels,Distorted Humor,Fleet Renee,Storm Cat,Mariah's Storm,Dixieland Band,Frisson,Sadler's Wells,Urban Sea,ルション,Stinging Nettle,A.P. Indy,Preach,Unbridled,Ruby Slippers,フォーティナイナー,Danzig's Beauty,Seattle Slew,Darien Miss,Storm Bird,Terlingua,Rahy,イメンス,Northern Dancer,Mississippi Mud,Fappiano,Mavera,Northern Dancer,Fairy Bridge,Miswaki,Allegretta,Riverman,ベルドリーヌ,Sharpen Up,Nettlebed,Seattle Slew,Weekend Surprise,Mr. Prospector,Narrate,Fappiano,Gana Facil,Nijinsky,Moon Glitter,Mr. Prospector,File,Danzig,Sweetest Chant,Bold Reasoning,My Charmer,Mr. Leader,Gronas
202606010410,13,ダート,1800,良,オープン,コパノリッキー,リントス,ゴールドアリュール,コパノニキータ,ウォーエンブレム,コニャックレディ,サンデーサイレンス,ニキーヤ,ティンバーカントリー,ニホンピロローズ,Our Emblem,Sweetest Lady,Olympio,Carmanetta,Halo,Wishing Well,Nureyev,Reluctant Guest,Woodman,Fall Aspen,トニービン,ウェディングブーケ,Mr. Prospector,Personal Ensign,Lord at War,Sweetest Roman,Naskra,Carols Christmas,Roberto,True Native,Hail to Reason,Cosmah,Understanding,Mountain Flower,Northern Dancer,Special,Hostage,Vaguely Royal,Mr. Prospector,プレイメイト,Pretense,Change Water,カンパラ,Severn Bridge,リアルシャダイ,アリーウイン,Raise a Native,Gold Digger,Private Account,Grecian Banner,General,Luna de Miel,The Pruner,I Also,Nasram,Iskra,Whitesburg,Light Verse,Hail to Reason,Bramalea,Raise a Native,Fleeting Doll
202606010410,14,ダート,1800,良,オープン,キタサンブラック,ダノンコスモス,ブラックタイド,シュガーハート,アイルハヴアナザー,グリーリーレイ,サンデーサイレンス,ウインドインハーヘア,サクラバクシンオー,オトメゴコロ,Flower Alley,Arch's Gal Edith,Mr. Greeley,コーレイ,Halo,Wishing Well,Alzao,Burghclere,サクラユタカオー,サクラハゴロモ,ジャッジアンジェルーチ,テイズリー,Distorted Humor,プリンセスオリビア,Arch,Force Five Gal,Gone West,Long Legend,Know Heights,Pacatyba,Hail to Reason,Cosmah,Understanding,Mountain Flower,Lyphard,Lady Rebecca,Busted,Highclere,テスコボーイ,アンジェリカ,ノーザンテースト,クリアアンバー,Honest Pleasure,Victorian Queen,Lyphard,Tizna,フォーティナイナー,Danzig's Beauty,Lycius,Dance Image,Kris S.,Aurora,Pleasant Tap,Last Cause,Mr. Prospector,Secrettame,Reviewer,Lianga,Shirley Heights,Unknown Lady,Itajara,Scarginski
202606010410,15,ダート,1800,良,オープン,シニスターミニスター,ファーストレディ,Old Trieste,Sweet Minister,スマートボーイ,ラストヒット,A.P. Indy,Lovlier Linda,The Prime Minister,Sweet Blue,アサティス,アンラブル,スラヴィック,ゲートアンドフライ,Seattle Slew,Weekend Surprise,Vigors,Linda Summers,Deputy Minister,Stick to Beauty,Hurry Up Blue,Sugar Gold,Topsider,Secret Asset,ノーリュート,アラート,Danzig,Bamesian,クラウンドプリンス,ヤマノコトブキ,Bold Reasoning,My Charmer,Secretariat,Lassie Dear,Grey Dawn,Relifordie,Crozier,Queenly Gift,Vice Regent,Mint Copy,Illustrious,Hail to Beauty,Mr. Leader,Blue Baroness,Mr. Prospector,Miss Ironside,Northern Dancer,Drumtop,Graustark,Numbered Account,Luthier,Prudent Miss,ノーザンディクテイター,クイングランド,Northern Dancer,Pas de Nom,Buckpasser,Amalesian,Raise a Native,Gay Hostess,ミンシオ,パツシングクラウド
202606010410,16,ダート,1800,良,オープン,トーセンジョーダン,フェリスホイール,ジャングルポケット,エヴリウィスパー,ダンスインザダーク,プレイヤーホイール,トニービン,ダンスチャーマー,ノーザンテースト,クラフテイワイフ,サンデーサイレンス,ダンシングキイ,Conquistador Cielo,Halo Reply,カンパラ,Severn Bridge,Nureyev,Skillful Joy,Northern Dancer,Lady Victoria,Crafty Prospector,Wife Mistress,Halo,Wishing Well,Nijinsky,Key Partner,Mr. Prospector,K D Princess,Halo,Cold Reply,Kalamoun,State Pension,Hornbeam,Priddy Fair,Northern Dancer,Special,Nodouble,Skillful Miss,Nearctic,Natalma,Victoria Park,Lady Angela,Mr. Prospector,Real Crafty Lady,Secretariat,Political Payoff,Hail to Reason,Cosmah,Understanding,Mountain Flower,Northern Dancer,Flaming Page,Key to the Mint,Native Partner,Raise a Native,Gold Digger,Bold Commander,タミーズターン,Hail to Reason,Cosmah,Northern Dancer,Respond
202606010411,1,芝,1600,良,オープン,キタサンブラック,ゴールドチャリス,ブラックタイド,シュガーハート,トゥザワールド,シルバーチャリス,サンデーサイレンス,ウインドインハーヘア,サクラバクシンオー,オトメゴコロ,キングカメハメハ,トゥザヴィクトリー,Rainbow Quest,シルバーレーン,Halo,Wishing Well,Alzao,Burghclere,サクラユタカオー,サクラハゴロモ,ジャッジアンジェルーチ,テイズリー,Kingmambo,マンファス,サンデーサイレンス,フェアリードール,Blushing Groom,I Will Follow,Silver Hawk,Strait Lane,Hail to Reason,Cosmah,Understanding,Mountain Flower,Lyphard,Lady Rebecca,Busted,Highclere,テスコボーイ,アンジェリカ,ノーザンテースト,クリアアンバー,Honest Pleasure,Victorian Queen,Lyphard,Tizna,Mr. Prospector,Miesque,ラストタイクーン,Pilot Bird,Halo,Wishing Well,Nureyev,Dream Deal,Red God,Runaway Bride,Herbager,Where You Lead,Roberto,Gris Vitesse,Chieftain,Level Sands
202606010411,2,芝,1600,良,オープン,アメリカンペイトリオット,シルクナデシコ,War Front,Life Well Lived,フジキセキ,ピサノヒビキ,Danzig,Starry Dreamer,Tiznow,Well Dressed,サンデーサイレンス,ミルレーサー,ラムタラ,ブラッセルフラウ,Northern Dancer,Pas de Nom,Rubiano,Lara's Star,Cee's Tizzy,Cee's Song,Notebook,Trithenia,Halo,Wishing Well,Le Fabuleux,Marston's Mill,Nijinsky,Snow Bride,Alydar,Belga,Nearctic,Natalma,Admiral's Voyage,Petitioner,Fappiano,Ruby Slippers,Forli,True Reality,Relaunch,テイズリー,Seattle Song,Lonely Dancer,Well Decorated,Mobcap,Gold Meridian,Tri Argo,Hail to Reason,Cosmah,Understanding,Mountain Flower,Wild Risk,Anguar,In Reality,Millicent,Northern Dancer,Flaming Page,Blushing Groom,Awaasif,Raise a Native,Sweet Tooth,Le Fabuleux,Belle de Retz
202606010411,3,芝,1600,良,オープン,ダノンスマッシュ,レオフラッパー,ロードカナロア,スピニングワイルドキャット,ステイゴールド,レオソレイユ,キングカメハメハ,レディブラッサム,Hard Spun,Hollywood Wildcat,サンデーサイレンス,ゴールデンサッシュ,オペラハウス,ホマレノプリンセス,Kingmambo,マンファス,Storm Cat,サラトガデュー,Danzig,Turkish Tryst,Kris S.,Miss Wildcatter,Halo,Wishing Well,ディクタス,ダイナサッシュ,Sadler's Wells,Colorspin,プリンスオブバーズ,フクショウカマダ,Mr. Prospector,Miesque,ラストタイクーン,Pilot Bird,Storm Bird,Terlingua,Cormorant,Super Luna,Northern Dancer,Pas de Nom,Turkoman,Darbyvail,Roberto,Sharp Queen,Mr. Prospector,Elizabeth K.,Hail to Reason,Cosmah,Understanding,Mountain Flower,Sanctus,Doronic,ノーザンテースト,ロイヤルサッシュ,Northern Dancer,Fairy Bridge,High Top,Reprocolor,Storm Bird,Special Key,コインドシルバー,サチカマダ
202606010411,4,芝,1600,良,オープン,キズナ,ハウメア,ディープインパクト,キャットクイル,キングカメハメハ,ダイヤモンドディーバ,サンデーサイレンス,ウインドインハーヘア,Storm Cat,Pacific Princess,Kingmambo,マンファス,Dansili,Vivianna,Halo,Wishing Well,Alzao,Burghclere,Storm Bird,Terlingua,Damascus,Fiji,Mr. Prospector,Miesque,ラストタイクーン,Pilot Bird,デインヒル,Hasili,Indian Ridge,Kundalini,Hail to Reason,Cosmah,Understanding,Mountain Flower,Lyphard,Lady Rebecca,Busted,Highclere,Northern Dancer,South Ocean,Secretariat,Crimson Saint,Sword Dancer,Kerala,Acropolis,Rififi,Raise a Native,Gold Digger,Nureyev,Pasadoble,トライマイベスト,Mill Princess,Blakeney,The Dancer,Danzig,Razyana,Kahyasi,Kerali,Ahonoora,Hillbrow,El Gran Senor,Hatton Gardens
202606010411,5,芝,1600,良,オープン,ドレフォン,サンティール,Gio Ponti,Eltimaas,ハービンジャー,サンヴィクトワール,Tale of the Cat,Chipeta Springs,Ghostzapper,Najecam,Dansili,Penang Pearl,サンデーサイレンス,ヴィクトリーバンク,Storm Cat,Yarn,Alydar,Salt Spring,Awesome Again,Baby Zip,Trempolino,Sue Warner,デインヒル,Hasili,Bering,Guapa,Halo,Wishing Well,ドクターデヴィアス,ライトバンク,Storm Bird,Terlingua,Mr. Prospector,Narrate,Raise a Native,Sweet Tooth,Salt Marsh,Jungle Mythologic,Deputy Minister,Primal Force,Relaunch,Thirty Zip,Sharpen Up,Trephine,Forli,Bitty Girl,Danzig,Razyana,Kahyasi,Kerali,Arctic Tern,Beaune,Shareef Dancer,Sauceboat,Hail to Reason,Cosmah,Understanding,Mountain Flower,Ahonoora,Rose of Jericho,Luthier,Ask Gloria
202606010411,6,芝,1600,良,オープン,インディチャンプ,アビラ,ステイゴールド,ウィルパワー,ロックオブジブラルタル,Animatrice,サンデーサイレンス,ゴールデンサッシュ,キングカメハメハ,トキオリアリティー,デインヒル,Offshore Boom,Alleged,Alexandrie,Halo,Wishing Well,ディクタス,ダイナサッシュ,Kingmambo,マンファス,Meadowlake,What a Reality,Danzig,Razyana,Be My Guest,Push a Button,Hoist the Flag,Princess Pout,Val de l'Orne,Apachee,Hail to Reason,Cosmah,Understanding,Mountain Flower,Sanctus,Doronic,ノーザンテースト,ロイヤルサッシュ,Mr. Prospector,Miesque,ラストタイクーン,Pilot Bird,Hold Your Peace,Suspicious Native,In Reality,What Will Be,Northern Dancer,Pas de Nom,His Majesty,Spring Adieu,Northern Dancer,What a Treat,Bold Lad,River Lady,Tom Rolfe,Wavy Navy,Prince John,Determined Lady,Val de Loir,Aglae,Sir Gaylord,Americaine
202606010411,7,芝,1600,良,オープン,リオンディーズ,イニシャルダブル,キングカメハメハ,シーザリオ,ウォーエンブレム,ウォートルベリー,Kingmambo,マンファス,スペシャルウィーク,キロフプリミエール,Our Emblem,Sweetest Lady,Starborough,Rotina,Mr. Prospector,Miesque,ラストタイクーン,Pilot Bird,サンデーサイレンス,キャンペンガール,Sadler's Wells,Querida,Mr. Prospector,Personal Ensign,Lord at War,Sweetest Roman,ソヴィエトスター,Flamenco Wave,クリスタルグリッターズ,Rudolfina,Raise a Native,Gold Digger,Nureyev,Pasadoble,トライマイベスト,Mill Princess,Blakeney,The Dancer,Halo,Wishing Well,マルゼンスキー,レディーシラオキ,Northern Dancer,Fairy Bridge,Habitat,Principia,Raise a Native,Gold Digger,Private Account,Grecian Banner,General,Luna de Miel,The Pruner,I Also,Nureyev,Veruschka,Desert Wine,Armada Way,Blushing Groom,Tales to Tell,Pharly,Rojanya
202606010411,8,芝,1600,良,オープン,モーリス,オーサムウインド,スクリーンヒーロー,メジロフランシス,ディープインパクト,オーサムフェザー,グラスワンダー,ランニングヒロイン,カーネギー,メジロモントレー,サンデーサイレンス,ウインドインハーヘア,Awesome of Course,Precious Feather,Silver Hawk,Ameriflora,サンデーサイレンス,ダイナアクトレス,Sadler's Wells,Detroit,モガミ,メジロクインシー,Halo,Wishing Well,Alzao,Burghclere,Awesome Again,Mais Oui,Gone West,Last Feather,Roberto,Gris Vitesse,Danzig,Graceful Touch,Halo,Wishing Well,ノーザンテースト,モデルスポート,Northern Dancer,Fairy Bridge,Riverman,Derna,Lyphard,ノーラック,フィディオン,メジロボサツ,Hail to Reason,Cosmah,Understanding,Mountain Flower,Lyphard,Lady Rebecca,Busted,Highclere,Deputy Minister,Primal Force,Lyphard,Affirmatively,Mr. Prospector,Secrettame,Vaguely Noble,Quill
202606010411,9,芝,1600,良,オープン,アドマイヤマーズ,エレクトラレーン,ダイワメジャー,ヴィアメディチ,Dubawi,Imperialistic,サンデーサイレンス,スカーレットブーケ,Medicean,Via Milano,Dubai Millennium,Zomaradah,Imperial Ballet,Shefoog,Halo,Wishing Well,ノーザンテースト,スカーレットインク,Machiavellian,Mystic Goddess,Singspiel,Salvinaxia,Seeking the Gold,Colorado Dancer,Deploy,Jawaher,Sadler's Wells,Amaranda,Kefaah,Masarrah,Hail to Reason,Cosmah,Understanding,Mountain Flower,Northern Dancer,Lady Victoria,Crimson Satan,Consentida,Mr. Prospector,Coup de Folie,Storm Bird,Rose Goddess,In the Wings,Glorious Song,Linamix,Salve,Mr. Prospector,Con Game,Shareef Dancer,Fall Aspen,Shirley Heights,Slightly Dangerous,ダンシングブレーヴ,High Tern,Northern Dancer,Fairy Bridge,Bold Lad,Favoletta,Blushing Groom,Tertiary,Formidable,Iceni Star
202606010411,10,芝,1600,良,オープン,エピファネイア,トロワゼトワル,シンボリクリスエス,シーザリオ,ロードカナロア,セコンドピアット,Kris S.,Tee Kay,スペシャルウィーク,キロフプリミエール,キングカメハメハ,レディブラッサム,ハーツクライ,エービーヌードル,Roberto,Sharp Queen,Gold Meridian,Tri Argo,サンデーサイレンス,キャンペンガール,Sadler's Wells,Querida,Kingmambo,マンファス,Storm Cat,サラトガデュー,サンデーサイレンス,アイリッシュダンス,Alphabet Soup,Rasant,Hail to Reason,Bramalea,Princequillo,Bridgework,Seattle Slew,Queen Louie,Tri Jet,Hail Proudly,Halo,Wishing Well,マルゼンスキー,レディーシラオキ,Northern Dancer,Fairy Bridge,Habitat,Principia,Mr. Prospector,Miesque,ラストタイクーン,Pilot Bird,Storm Bird,Terlingua,Cormorant,Super Luna,Halo,Wishing Well,トニービン,ビューパーダンス,Cozzene,Illiterate,Assert,Ratifia
202606010411,11,芝,1600,良,オープン,ダノンスマッシュ,ジャルディナージュ,ロードカナロア,スピニングワイルドキャット,Bernardini,ジャルダン,キングカメハメハ,レディブラッサム,Hard Spun,Hollywood Wildcat,A.P. Indy,Cara Rafaela,Montbrook,Unlimited Pleasure,Kingmambo,マンファス,Storm Cat,サラトガデュー,Danzig,Turkish Tryst,Kris S.,Miss Wildcatter,Seattle Slew,Weekend Surprise,Quiet American,Oil Fable,Buckaroo,Secret Papers,Valid Appeal,Cricket Box,Mr. Prospector,Miesque,ラストタイクーン,Pilot Bird,Storm Bird,Terlingua,Cormorant,Super Luna,Northern Dancer,Pas de Nom,Turkoman,Darbyvail,Roberto,Sharp Queen,Mr. Prospector,Elizabeth K.,Bold Reasoning,My Charmer,Secretariat,Lassie Dear,Fappiano,Demure,Spectacular Bid,Northern Fable,Buckpasser,Stepping High,Jet Diplomacy,Attache Case,In Reality,Desert Trial,Notebook,Patsy's Lil Girl
202606010411,12,芝,1600,良,オープン,ビーチパトロール,レイトブルーマー,Lemon Drop Kid,Bashful Bertie,ジャングルポケット,ブルーミングスノー,Kingmambo,Charming Lassie,Quiet American,Clever Bertie,トニービン,ダンスチャーマー,サンデーサイレンス,タヤスブルーム,Mr. Prospector,Miesque,Seattle Slew,Lassie Dear,Fappiano,Demure,Timeless Native,Clever But Costly,カンパラ,Severn Bridge,Nureyev,Skillful Joy,Halo,Wishing Well,Caerleon,ゲイロレンヌ,Raise a Native,Gold Digger,Nureyev,Pasadoble,Bold Reasoning,My Charmer,Buckpasser,Gay Missile,Mr. Prospector,Killaloe,Dr. Fager,Quiet Charm,Timeless Moment,Head Off,Clever Trick,Swoonlow,Kalamoun,State Pension,Hornbeam,Priddy Fair,Northern Dancer,Special,Nodouble,Skillful Miss,Hail to Reason,Cosmah,Understanding,Mountain Flower,Nijinsky,Foreseer,Fabulous Dancer,Gay Spring
202606010411,13,芝,1600,良,オープン,エピファネイア,フロアクラフト,シンボリクリスエス,シーザリオ,フジキセキ,リッチダンサー,Kris S.,Tee Kay,スペシャルウィーク,キロフプリミエール,サンデーサイレンス,ミルレーサー,Halling,Fairy Flight,Roberto,Sharp Queen,Gold Meridian,Tri Argo,サンデーサイレンス,キャンペンガール,Sadler's Wells,Querida,Halo,Wishing Well,Le Fabuleux,Marston's Mill,Diesis,Dance Machine,Fairy King,Rising Tide,Hail to Reason,Bramalea,Princequillo,Bridgework,Seattle Slew,Queen Louie,Tri Jet,Hail Proudly,Halo,Wishing Well,マルゼンスキー,レディーシラオキ,Northern Dancer,Fairy Bridge,Habitat,Principia,Hail to Reason,Cosmah,Understanding,Mountain Flower,Wild Risk,Anguar,In Reality,Millicent,Sharpen Up,Doubly Sure,Green Dancer,Never a Lady,Northern Dancer,Fairy Bridge,レッドアラート,Naiad Queen
202606010411,14,芝,1600,良,オープン,シルバーステート,マルケッサ,ディープインパクト,シルヴァースカヤ,オルフェーヴル,マルペンサ,サンデーサイレンス,ウインドインハーヘア,Silver Hawk,Boubskaia,ステイゴールド,オリエンタルアート,Orpen,Marsella,Halo,Wishing Well,Alzao,Burghclere,Roberto,Gris Vitesse,Niniski,Frenetique,サンデーサイレンス,ゴールデンサッシュ,メジロマックイーン,エレクトロアート,Lure,Bonita Francita,サザンヘイロー,Riviere,Hail to Reason,Cosmah,Understanding,Mountain Flower,Lyphard,Lady Rebecca,Busted,Highclere,Hail to Reason,Bramalea,Amerigo,Matchiche,Nijinsky,Virginia Hills,Tyrant,Femina,Halo,Wishing Well,ディクタス,ダイナサッシュ,メジロティターン,メジロオーロラ,ノーザンテースト,グランマスティーヴンス,Danzig,Endear,Devil's Bag,Raise the Standard,Halo,Northern Sea,Logical,Talonada
202606010411,15,芝,1600,良,オープン,シルバーステート,トーセンハーディ,ディープインパクト,シルヴァースカヤ,Compton Place,ペナンクライ,サンデーサイレンス,ウインドインハーヘア,Silver Hawk,Boubskaia,Indian Ridge,Nosey,Barathea,Penang Pearl,Halo,Wishing Well,Alzao,Burghclere,Roberto,Gris Vitesse,Niniski,Frenetique,Ahonoora,Hillbrow,Nebbiolo,Little Cynthia,Sadler's Wells,Brocade,Bering,Guapa,Hail to Reason,Cosmah,Understanding,Mountain Flower,Lyphard,Lady Rebecca,Busted,Highclere,Hail to Reason,Bramalea,Amerigo,Matchiche,Nijinsky,Virginia Hills,Tyrant,Femina,Lorenzaccio,Helen Nichols,Swing Easy,Golden City,イエローゴッド,Novara,Wolver Hollow,Fazilka,Northern Dancer,Fairy Bridge,Habitat,Canton Silk,Arctic Tern,Beaune,Shareef Dancer,Sauceboat
202606010411,16,芝,1600,良,オープン,ミスチヴィアスアレックス,グッドレインボー,Into Mischief,White Pants Night,ステイゴールド,ネオカラー,Harlan's Holiday,Leslie's Lady,Speightstown,More d'Amour,サンデーサイレンス,ゴールデンサッシュ,クロフネ,ナギサ,Harlan,Christmas in Aiken,Tricky Creek,Crystal Lady,Gone West,Silken Cat,Tour d'Or,Love Connection,Halo,Wishing Well,ディクタス,ダイナサッシュ,フレンチデピュティ,ブルーアヴェニュー,マークオブディスティンクション,ミデオンルビー,Storm Cat,Country Romance,Affirmed,Dowager,Clever Trick,Battle Creek Girl,Stop the Music,One Last Bird,Mr. Prospector,Secrettame,Storm Cat,Silken Doll,Medaille d'Or,Debby's Turn,Master Derby,Perfect Connection,Hail to Reason,Cosmah,Understanding,Mountain Flower,Sanctus,Doronic,ノーザンテースト,ロイヤルサッシュ,Deputy Minister,Mitterand,Classic Go Go,Eliza Blue,Known Fact,Ghislaine,ノーザリー,ワールドソロン
202606010412,1,ダート,1200,良,2勝クラス,シルバーステート,チェリーシェル,ディープインパクト,シルヴァースカヤ,サクラバクシンオー,キュートネス,サンデーサイレンス,ウインドインハーヘア,Silver Hawk,Boubskaia,サクラユタカオー,サクラハゴロモ,フォーティナイナー,Gana,Halo,Wishing Well,Alzao,Burghclere,Roberto,Gris Vitesse,Niniski,Frenetique,テスコボーイ,アンジェリカ,ノーザンテースト,クリアアンバー,Mr. Prospector,File,Smile,Gana Facil,Hail to Reason,Cosmah,Understanding,Mountain Flower,Lyphard,Lady Rebecca,Busted,Highclere,Hail to Reason,Bramalea,Amerigo,Matchiche,Nijinsky,Virginia Hills,Tyrant,Femina,Princely Gift,Suncourt,ネヴァービート,スターハイネス,Northern Dancer,Lady Victoria,Ambiopoise,One Clear Call,Raise a Native,Gold Digger,Tom Rolfe,Continue,In Reality,Sunny Smile,Le Fabuleux,Charedi
202606010412,2,ダート,1200,良,2勝クラス,イスラボニータ,ハウオリ,フジキセキ,イスラコジーン,キングカメハメハ,ノースフライト,サンデーサイレンス,ミルレーサー,Cozzene,Isla Mujeres,Kingmambo,マンファス,トニービン,シヤダイフライト,Halo,Wishing Well,Le Fabuleux,Marston's Mill,Caro,Ride the Trails,Crafty Prospector,Lido Isle,Mr. Prospector,Miesque,ラストタイクーン,Pilot Bird,カンパラ,Severn Bridge,ヒッティングアウェー,フォーワードフライト,Hail to Reason,Cosmah,Understanding,Mountain Flower,Wild Risk,Anguar,In Reality,Millicent,フォルティノ,Chambord,Prince John,Wildwook,Mr. Prospector,Real Crafty Lady,Far North,She Is Gorgeous,Raise a Native,Gold Digger,Nureyev,Pasadoble,トライマイベスト,Mill Princess,Blakeney,The Dancer,Kalamoun,State Pension,Hornbeam,Priddy Fair,Ambiorix,Striking,Porterhouse,Bashful Girl
202606010412,3,ダート,1200,良,2勝クラス,ロードカナロア,キープセイク,キングカメハメハ,レディブラッサム,Sea The Stars Sea the Stars,Suisun,Kingmambo,マンファス,Storm Cat,サラトガデュー,Cape Cross,Urban Sea,Monsun,Suivez,Mr. Prospector,Miesque,ラストタイクーン,Pilot Bird,Storm Bird,Terlingua,Cormorant,Super Luna,Green Desert,Park Appeal,Miswaki,Allegretta,Konigsstuhl,Mosella,Fioravanti,Sea Symphony,Raise a Native,Gold Digger,Nureyev,Pasadoble,トライマイベスト,Mill Princess,Blakeney,The Dancer,Northern Dancer,South Ocean,Secretariat,Crimson Saint,His Majesty,Song Sparrow,In Reality,Alada,Danzig,Foreign Courier,Ahonoora,Balidaress,Mr. Prospector,Hopespringseternal,Lombard,Anatevka,Dschingis Khan,Konigskronung,Surumu,Monasia,Northern Dancer,Pitasia,Faraway Son,Southern Seas
202606010412,4,ダート,1200,良,2勝クラス,サンダースノー,ハッシュ,Helmet,Eastern Joy,コマンズ,サイレント,Exceed And Excel,Accessories,Dubai Destination,Red Slippers,デインヒル,Cotehele House,サンデーサイレンス,ライール,デインヒル,Patrona,シングスピール,Anna Matrushka,Kingmambo,Mysterial,Nureyev,Morning Devotion,Danzig,Razyana,My Swanee,Eight Carat,Halo,Wishing Well,Nureyev,Alydaress,Danzig,Razyana,Lomond,Gladiolus,In the Wings,Glorious Song,Mill Reef,Anna Paola,Mr. Prospector,Miesque,Alleged,Mysteries,Northern Dancer,Special,Affirmed,Morning Has Broken,Northern Dancer,Pas de Nom,His Majesty,Spring Adieu,Petition,Grey Rhythm,Pieces of Eight,Klairessa,Hail to Reason,Cosmah,Understanding,Mountain Flower,Northern Dancer,Special,Alydar,Balidaress
202606010412,5,ダート,1200,良,2勝クラス,ドレフォン,エフティマイア,Gio Ponti,Eltimaas,フジキセキ,カツラドライバー,Tale of the Cat,Chipeta Springs,Ghostzapper,Najecam,サンデーサイレンス,ミルレーサー,ニホンピロウイナー,ノーザンマイア,Storm Cat,Yarn,Alydar,Salt Spring,Awesome Again,Baby Zip,Trempolino,Sue Warner,Halo,Wishing Well,Le Fabuleux,Marston's Mill,スティールハート,ニホンピロエバート,ノーザンテースト,マイア,Storm Bird,Terlingua,Mr. Prospector,Narrate,Raise a Native,Sweet Tooth,Salt Marsh,Jungle Mythologic,Deputy Minister,Primal Force,Relaunch,Thirty Zip,Sharpen Up,Trephine,Forli,Bitty Girl,Hail to Reason,Cosmah,Understanding,Mountain Flower,Wild Risk,Anguar,In Reality,Millicent,Habitat,A.,チャイナロック,ライトフレーム,Northern Dancer,Lady Victoria,Cipol,Leandra
202606010412,6,ダート,1200,良,2勝クラス,デクラレーションオブウォー,クィーンオブシバ,War Front,Tempo West,ファスリエフ,コンキスタドレス,Danzig,Starry Dreamer,Rahy,Tempo,Nureyev,Mr. P's Princess,Seeking the Gold,Bless You,Northern Dancer,Pas de Nom,Rubiano,Lara's Star,Blushing Groom,Glorious Song,Gone West,Terpsichorist,Northern Dancer,Special,Mr. Prospector,Anne Campbell,Mr. Prospector,Con Game,Halo,Wedding Party,Nearctic,Natalma,Admiral's Voyage,Petitioner,Fappiano,Ruby Slippers,Forli,True Reality,Red God,Runaway Bride,Halo,Ballade,Mr. Prospector,Secrettame,Nijinsky,Glad Rags,Nearctic,Natalma,Forli,Thong,Raise a Native,Gold Digger,Never Bend,Repercussion,Raise a Native,Gold Digger,Buckpasser,Broadway,Hail to Reason,Cosmah,Hoist the Flag,Betrothed
202606010412,7,ダート,1200,良,2勝クラス,フォーウィールドライブ,メイショウセレーノ,American Pharoah,Funfair,アイルハヴアナザー,パーソナルブレーン,Pioneerof the Nile,Littleprincessemma,More Than Ready,Fleuron,Flower Alley,Arch's Gal Edith,マンハッタンカフェ,シルヴァーキャップ,エンパイアメーカー,Star of Goshen,Yankee Gentleman,Exclusive Rosette,サザンヘイロー,Woodman's Girl,Distant View,Flamboyance,Distorted Humor,プリンセスオリビア,Arch,Force Five Gal,サンデーサイレンス,サトルチェンジ,Zilzal,Over Your Shoulder,Unbridled,Toussaud,Lord at War,Castle Eight,Storm Cat,Key Phrase,Ecliptical,Zetta Jet,Halo,Northern Sea,Woodman,Becky Be Good,Mr. Prospector,Seven Springs,Zilzal,Bridal Wreath,フォーティナイナー,Danzig's Beauty,Lycius,Dance Image,Kris S.,Aurora,Pleasant Tap,Last Cause,Halo,Wishing Well,Law Society,Santa Luciana,Nureyev,French Charmer,Graustark,Overpowering
202606010412,8,ダート,1200,良,2勝クラス,イスラボニータ,ラベンダーメモリー,フジキセキ,イスラコジーン,ナカヤマフェスタ,ケイアイステルス,サンデーサイレンス,ミルレーサー,Cozzene,Isla Mujeres,ステイゴールド,ディアウィンク,マヤノトップガン,コガネパーク,Halo,Wishing Well,Le Fabuleux,Marston's Mill,Caro,Ride the Trails,Crafty Prospector,Lido Isle,サンデーサイレンス,ゴールデンサッシュ,タイトスポット,セイレイ,ブライアンズタイム,アルプミープリーズ,イルドブルボン,デイオブレコニング,Hail to Reason,Cosmah,Understanding,Mountain Flower,Wild Risk,Anguar,In Reality,Millicent,フォルティノ,Chambord,Prince John,Wildwook,Mr. Prospector,Real Crafty Lady,Far North,She Is Gorgeous,Halo,Wishing Well,ディクタス,ダイナサッシュ,His Majesty,Premium Win,デインヒル,センスオブリズム,Roberto,Kelley's Day,Blushing Groom,Swiss,Nijinsky,Roseliere,Busted,Atonement
202606010412,9,ダート,1200,良,2勝クラス,アルアイン,ラピーダシャリナ,ディープインパクト,ドバイマジェスティ,Vicar,Barbarika,サンデーサイレンス,ウインドインハーヘア,Essence of Dubai,Great Majesty,Wild Again,Escrow Agent,Bates Motel,War Exchange,Halo,Wishing Well,Alzao,Burghclere,Pulpit,Epitome,Great Above,Mistic Majesty,Icecapade,Bushel-n-Peck,El Gran Senor,Viva Sec,Sir Ivor,Sunday Purchase,Wise Exchange,Jungle War,Hail to Reason,Cosmah,Understanding,Mountain Flower,Lyphard,Lady Rebecca,Busted,Highclere,A.P. Indy,Preach,Summing,Honest and True,Minnesota Mac,Ta Wee,His Majesty,Necaras Miss,Nearctic,Shenanigans,Khaled,Dama,Northern Dancer,Sex Appeal,Secretariat,Viva La Vivi,Sir Gaylord,Attica,T.V. Lark,Dame Fritchie,Promised Land,Coastal Trade,Battle Joined,Jota Jota
202606010412,10,ダート,1200,良,2勝クラス,ジョーカプチーノ,アスターヒューモア,マンハッタンカフェ,ジョープシケ,More Than Ready,Saratoga Humor,サンデーサイレンス,サトルチェンジ,フサイチコンコルド,ジョーユーチャリス,サザンヘイロー,Woodman's Girl,Distorted Humor,Saratoga Ack,Halo,Wishing Well,Law Society,Santa Luciana,Caerleon,バレークイーン,トウショウボーイ,ジョーバブーン,Halo,Northern Sea,Woodman,Becky Be Good,フォーティナイナー,Danzig's Beauty,Saratoga Six,Fleeting Ack,Hail to Reason,Cosmah,Understanding,Mountain Flower,Alleged,Bold Bikini,Luciano,Suleika,Nijinsky,Foreseer,Sadler's Wells,Sun Princess,テスコボーイ,ソシアルバターフライ,フォルティノ,ハードゲイ,Hail to Reason,Cosmah,Northern Dancer,Sea Saga,Mr. Prospector,プレイメイト,Naskra,Good Landing,Mr. Prospector,File,Danzig,Sweetest Chant,Alydar,Priceless Fame,Ack Ack,Fleeting North
202606010412,11,ダート,1200,良,2勝クラス,ハーツクライ,レツィーナ,サンデーサイレンス,アイリッシュダンス,キャプテンスティーヴ,タニウインドタイム,Halo,Wishing Well,トニービン,ビューパーダンス,Fly So Free,Sparkling Delite,ブライアンズタイム,ウインドシアー,Hail to Reason,Cosmah,Understanding,Mountain Flower,カンパラ,Severn Bridge,Lyphard,My Bupers,Time for a Change,Free to Fly,Vice Regent,Sparkling Topaz,Roberto,Kelley's Day,Fappiano,Ellie Milove,Turn-to,Nothirdchance,Cosmic Bomb,Almahmoud,Promised Land,Pretty Ways,Montparnasse,Edelweiss,Kalamoun,State Pension,Hornbeam,Priddy Fair,Northern Dancer,Goofed,Bupers,Princess Revoked,Damascus,Resolver,Stevward,Dancing Lark,Northern Dancer,Victoria Regina,Jacinto,Alotoffun,Hail to Reason,Bramalea,Graustark,Golden Trail,Mr. Prospector,Killaloe,Dr. Fager,Barbs Dancer
202606010412,12,ダート,1200,良,2勝クラス,ドレフォン,ハイノリッジ,Gio Ponti,Eltimaas,マンハッタンカフェ,ゴールドグレース,Tale of the Cat,Chipeta Springs,Ghostzapper,Najecam,サンデーサイレンス,サトルチェンジ,エリシオ,グレースウーマン,Storm Cat,Yarn,Alydar,Salt Spring,Awesome Again,Baby Zip,Trempolino,Sue Warner,Halo,Wishing Well,Law Society,Santa Luciana,Fairy King,Helice,マルゼンスキー,ランズプロント,Storm Bird,Terlingua,Mr. Prospector,Narrate,Raise a Native,Sweet Tooth,Salt Marsh,Jungle Mythologic,Deputy Minister,Primal Force,Relaunch,Thirty Zip,Sharpen Up,Trephine,Forli,Bitty Girl,Hail to Reason,Cosmah,Understanding,Mountain Flower,Alleged,Bold Bikini,Luciano,Suleika,Northern Dancer,Fairy Bridge,Slewpy,Hirondelle,Nijinsky,シル,プロント,トサモアー
202606010412,13,ダート,1200,良,2勝クラス,サンダースノー,ゴールドマリキヤ,Helmet,Eastern Joy,ゴールドアリュール,マイチャン,Exceed And Excel,Accessories,Dubai Destination,Red Slippers,サンデーサイレンス,ニキーヤ,フォーティナイナー,ウメノローザ,デインヒル,Patrona,シングスピール,Anna Matrushka,Kingmambo,Mysterial,Nureyev,Morning Devotion,Halo,Wishing Well,Nureyev,Reluctant Guest,Mr. Prospector,File,ノーザンディクテイター,ウメノシルバー,Danzig,Razyana,Lomond,Gladiolus,In the Wings,Glorious Song,Mill Reef,Anna Paola,Mr. Prospector,Miesque,Alleged,Mysteries,Northern Dancer,Special,Affirmed,Morning Has Broken,Hail to Reason,Cosmah,Understanding,Mountain Flower,Northern Dancer,Special,Hostage,Vaguely Royal,Raise a Native,Gold Digger,Tom Rolfe,Continue,Northern Dancer,Dictates,シルバーシャーク,ストロングベビー
202606010412,14,ダート,1200,良,2勝クラス,ヘニーヒューズ,レッドソンブレロ,ヘネシー,Meadow Flyer,キングカメハメハ,スカーレットレディ,Storm Cat,Island Kitty,Meadowlake,Shortley,Kingmambo,マンファス,サンデーサイレンス,スカーレットローズ,Storm Bird,Terlingua,Hawaii,T. C. Kitten,Hold Your Peace,Suspicious Native,Hagley,Short Winded,Mr. Prospector,Miesque,ラストタイクーン,Pilot Bird,Halo,Wishing Well,ノーザンテースト,スカーレットインク,Northern Dancer,South Ocean,Secretariat,Crimson Saint,Utrillo,Ethane,Tom Cat,Needlebug,Speak John,Blue Moon,Raise a Native,Be Suspicious,Olden Times,Teo Pepi,Harvest Singing,Wild Cloud,Raise a Native,Gold Digger,Nureyev,Pasadoble,トライマイベスト,Mill Princess,Blakeney,The Dancer,Hail to Reason,Cosmah,Understanding,Mountain Flower,Northern Dancer,Lady Victoria,Crimson Satan,Consentida
202606010412,15,ダート,1200,良,2勝クラス,カレンブラックヒル,ドナプリモ,ダイワメジャー,チャールストンハーバー,フリオーソ,ドナビジュー,サンデーサイレンス,スカーレットブーケ,Grindstone,Penny's Valentine,ブライアンズタイム,ファーザ,スペシャルウィーク,ダンジグダンザグ,Halo,Wishing Well,ノーザンテースト,スカーレットインク,Unbridled,Buzz My Bell,Storm Cat,Mrs. Penny,Roberto,Kelley's Day,Mr. Prospector,Baya,サンデーサイレンス,キャンペンガール,Danzig,Thatsallshewrote,Hail to Reason,Cosmah,Understanding,Mountain Flower,Northern Dancer,Lady Victoria,Crimson Satan,Consentida,Fappiano,Gana Facil,Drone,Chateaupavia,Storm Bird,Terlingua,Great Nephew,Tananarive,Hail to Reason,Bramalea,Graustark,Golden Trail,Raise a Native,Gold Digger,Nureyev,Barger,Halo,Wishing Well,マルゼンスキー,レディーシラオキ,Northern Dancer,Pas de Nom,Graustark,Dinner Partner
202606010412,16,ダート,1200,良,2勝クラス,リオンディーズ,モンローブロンド,キングカメハメハ,シーザリオ,アドマイヤベガ,ソニンク,Kingmambo,マンファス,スペシャルウィーク,キロフプリミエール,サンデーサイレンス,ベガ,Machiavellian,Sonic Lady,Mr. Prospector,Miesque,ラストタイクーン,Pilot Bird,サンデーサイレンス,キャンペンガール,Sadler's Wells,Querida,Halo,Wishing Well,トニービン,アンティックヴァリュー,Mr. Prospector,Coup de Folie,Nureyev,Stumped,Raise a Native,Gold Digger,Nureyev,Pasadoble,トライマイベスト,Mill Princess,Blakeney,The Dancer,Halo,Wishing Well,マルゼンスキー,レディーシラオキ,Northern Dancer,Fairy Bridge,Habitat,Principia,Hail to Reason,Cosmah,Understanding,Mountain Flower,カンパラ,Severn Bridge,Northern Dancer,Moonscape,Raise a Native,Gold Digger,Halo,Raise the Standard,Northern Dancer,Special,Owen Anthony,Luckhurst
202606010501,1,ダート,1200,良,未勝利,サンダースノー,ラルティスタ,Helmet,Eastern Joy,マイネルラヴ,セクシーココナッツ,Exceed And Excel,Accessories,Dubai Destination,Red Slippers,Seeking the Gold,Heart of Joy,ダンスインザダーク,ココパシオン,デインヒル,Patrona,Singspiel,Anna Matrushka,Kingmambo,Mysterial,Nureyev,Morning Devotion,Mr. Prospector,Con Game,リィフォー,Mythographer,サンデーサイレンス,ダンシングキイ,グルームダンサー,ゲートドクール,Danzig,Razyana,Lomond,Gladiolus,In the Wings,Glorious Song,Mill Reef,Anna Paola,Mr. Prospector,Miesque,Alleged,Mysteries,Northern Dancer,Special,Affirmed,Morning Has Broken,Raise a Native,Gold Digger,Buckpasser,Broadway,Lyphard,Klaizia,Secretariat,Arachne,Halo,Wishing Well,Nijinsky,Key Partner,Blushing Groom,Featherhill,Lomond,Gay Apparel
202606010501,2,ダート,1200,良,未勝利,ドレフォン,ミチャチスインテンタ,Gio Ponti,Eltimaas,Paynter,Miss Moon,Tale of the Cat,Chipeta Springs,Ghostzapper,Najecam,Awesome Again,Tizso,Malibu Moon,Folklore,Storm Cat,Yarn,Alydar,Salt Spring,Awesome Again,Baby Zip,Trempolino,Sue Warner,Deputy Minister,Primal Force,Cee's Tizzy,Cee's Song,A.P. Indy,Macoumba,Tiznow,Contrive,Storm Bird,Terlingua,Mr. Prospector,Narrate,Raise a Native,Sweet Tooth,Salt Marsh,Jungle Mythologic,Deputy Minister,Primal Force,Relaunch,Thirty Zip,Sharpen Up,Trephine,Forli,Bitty Girl,Vice Regent,Mint Copy,Blushing Groom,Prime Prospect,Relaunch,テイズリー,Seattle Song,Lonely Dancer,Seattle Slew,Weekend Surprise,Mr. Prospector,Maximova,Cee's Tizzy,Cee's Song,Storm Cat,Jeano
202606010501,3,ダート,1200,良,未勝利,インディチャンプ,アルビアーノ,ステイゴールド,ウィルパワー,Harlan's Holiday,Antics,サンデーサイレンス,ゴールデンサッシュ,キングカメハメハ,トキオリアリティー,Harlan,Christmas in Aiken,Unbridled,Aurora,Halo,Wishing Well,ディクタス,ダイナサッシュ,Kingmambo,マンファス,Meadowlake,What a Reality,Storm Cat,Country Romance,Affirmed,Dowager,Fappiano,Gana Facil,Danzig,Althea,Hail to Reason,Cosmah,Understanding,Mountain Flower,Sanctus,Doronic,ノーザンテースト,ロイヤルサッシュ,Mr. Prospector,Miesque,ラストタイクーン,Pilot Bird,Hold Your Peace,Suspicious Native,In Reality,What Will Be,Storm Bird,Terlingua,Halo,Sweet Romance,Exclusive Native,Won't Tell You,Honest Pleasure,Princessnesian,Mr. Prospector,Killaloe,Le Fabuleux,Charedi,Northern Dancer,Pas de Nom,Alydar,Courtly Dee
202606010501,4,ダート,1200,良,未勝利,ミッキーアイル,ディアデム,ディープインパクト,スターアイル,シンボリクリスエス,ハーレムスウィング,サンデーサイレンス,ウインドインハーヘア,ロックオブジブラルタル,アイルドフランス,Kris S.,Tee Kay,マンハッタンカフェ,コールミースーン,Halo,Wishing Well,Alzao,Burghclere,デインヒル,Offshore Boom,Nureyev,ステラマドリッド,Roberto,Sharp Queen,Gold Meridian,Tri Argo,サンデーサイレンス,サトルチェンジ,リファーズウィッシュ,コールミーネイム,Hail to Reason,Cosmah,Understanding,Mountain Flower,Lyphard,Lady Rebecca,Busted,Highclere,Danzig,Razyana,Be My Guest,Push a Button,Northern Dancer,Special,Alydar,My Juliet,Hail to Reason,Bramalea,Princequillo,Bridgework,Seattle Slew,Queen Louie,Tri Jet,Hail Proudly,Halo,Wishing Well,Law Society,Santa Luciana,Lyphard,Sally's Wish,アレミロード,ミスティコール
202606010501,5,ダート,1200,良,未勝利,グレーターロンドン,セイカハルカゼ,ディープインパクト,ロンドンブリッジ,グラスワンダー,セイカカロブ,サンデーサイレンス,ウインドインハーヘア,ドクターデヴィアス,オールフォーロンドン,Silver Hawk,Ameriflora,Sadler's Wells,サンデーズシス,Halo,Wishing Well,Alzao,Burghclere,Ahonoora,Rose of Jericho,Danzig,Full Card,Roberto,Gris Vitesse,Danzig,Graceful Touch,Northern Dancer,Fairy Bridge,Halo,Wishing Well,Hail to Reason,Cosmah,Understanding,Mountain Flower,Lyphard,Lady Rebecca,Busted,Highclere,Lorenzaccio,Helen Nichols,Alleged,Rose Red,Northern Dancer,Pas de Nom,Damascus,Belle of the Ball,Hail to Reason,Bramalea,Amerigo,Matchiche,Northern Dancer,Pas de Nom,His Majesty,Pi Phi Gal,Nearctic,Natalma,Bold Reason,Special,Hail to Reason,Cosmah,Understanding,Mountain Flower
202606010501,6,ダート,1200,良,未勝利,キタサンブラック,リメンバーユー,ブラックタイド,シュガーハート,Invincible Spirit,Miss Dela,サンデーサイレンス,ウインドインハーヘア,サクラバクシンオー,オトメゴコロ,Green Desert,Rafha,キングズベスト,Miss Mistletoes,Halo,Wishing Well,Alzao,Burghclere,サクラユタカオー,サクラハゴロモ,ジャッジアンジェルーチ,テイズリー,Danzig,Foreign Courier,Kris,Eljazzi,Kingmambo,Allegretta,The Minstrel,December Blossom,Hail to Reason,Cosmah,Understanding,Mountain Flower,Lyphard,Lady Rebecca,Busted,Highclere,テスコボーイ,アンジェリカ,ノーザンテースト,クリアアンバー,Honest Pleasure,Victorian Queen,Lyphard,Tizna,Northern Dancer,Pas de Nom,Sir Ivor,Courtly Dee,Sharpen Up,Doubly Sure,アーテイアス,Border Bounty,Mr. Prospector,Miesque,Lombard,Anatevka,Northern Dancer,Fleur,Condorcet,Feemoss
202606010501,7,ダート,1200,良,未勝利,ミッキーグローリー,アマレット,ディープインパクト,メリッサ,スウェプトオーヴァーボード,アドベンチャーオン,サンデーサイレンス,ウインドインハーヘア,ホワイトマズル,ストーミーラン,エンドスウィープ,Sheer Ice,Relaunch,Why Me Lord,Halo,Wishing Well,Alzao,Burghclere,ダンシングブレーヴ,Fair of the Furze,トニービン,ウインドオブサマー,フォーティナイナー,Broom Dance,Cutlass,Hey Dolly A.,In Reality,Foggy Note,Bold Reasoning,Tomorrowland,Hail to Reason,Cosmah,Understanding,Mountain Flower,Lyphard,Lady Rebecca,Busted,Highclere,Lyphard,Navajo Princess,Ela-Mana-Mou,Autocratic,カンパラ,Severn Bridge,ノーザリー,アイレバース,Mr. Prospector,File,Dance Spell,Witching Hour,Damascus,Aphonia,Ambehaving,Swift Deal,Intentionally,My Dear Girl,The Axe,Silver Song,Boldnesian,Reason to Earn,Pappa Fourway,Gleam
202606010501,8,ダート,1200,良,未勝利,スズカコーズウェイ,スズカローラー,Giant's Causeway,フレンチリヴィエラ,スズカマンボ,ローマンスズカ,Storm Cat,Mariah's Storm,フレンチデピュティ,Actinella,サンデーサイレンス,スプリングマンボ,Seattle Slew,ローズオブスズカ,Storm Bird,Terlingua,Rahy,イメンス,Deputy Minister,Mitterand,Seattle Slew,Aerturas,Halo,Wishing Well,Kingmambo,キーフライヤー,Bold Reasoning,My Charmer,Fairy King,Rose of Jericho,Northern Dancer,South Ocean,Secretariat,Crimson Saint,Blushing Groom,Glorious Song,Roberto,Imsodear,Vice Regent,Mint Copy,Hold Your Peace,Laredo Lass,Bold Reasoning,My Charmer,マナード,Amiel,Hail to Reason,Cosmah,Understanding,Mountain Flower,Mr. Prospector,Miesque,Nijinsky,Key Partner,Boldnesian,Reason to Earn,Poker,Fair Charmer,Northern Dancer,Fairy Bridge,Alleged,Rose Red
202606010501,9,ダート,1200,良,未勝利,ホークビル,カプリースレディー,Kitten's Joy,Trensa,ジャングルポケット,フェアリージェム,El Prado,Kitten's First,Giant's Causeway,Serape,トニービン,ダンスチャーマー,Fairy King,Cajo,Sadler's Wells,Lady Capulet,Lear Fan,That's My Hon,Storm Cat,Mariah's Storm,Fappiano,Mochila,カンパラ,Severn Bridge,Nureyev,Skillful Joy,Northern Dancer,Fairy Bridge,Tirol,In the Clover,Northern Dancer,Fairy Bridge,Sir Ivor,Cap and Bells,Roberto,Wac,L'Enjoleur,One Lane,Storm Bird,Terlingua,Rahy,イメンス,Mr. Prospector,Killaloe,In Reality,Ride the Trails,Kalamoun,State Pension,Hornbeam,Priddy Fair,Northern Dancer,Special,Nodouble,Skillful Miss,Nearctic,Natalma,Bold Reason,Special,Thatching,Alpine Niece,Meadow Mint,Darling Daisy
202606010501,10,ダート,1200,良,未勝利,ダノンレジェンド,カステヘルミ,Macho Uno,マイグッドネス,ブラックタイド,ハンドスター,Holy Bull,Primal Force,Storm Cat,Caressing,サンデーサイレンス,ウインドインハーヘア,パラダイスクリーク,ビーフレグラント,Great Above,Sharon Brown,Blushing Groom,Prime Prospect,Storm Bird,Terlingua,Honour and Glory,Lovin Touch,Halo,Wishing Well,Alzao,Burghclere,Irish River,North Of Eden,ダイタクヘリオス,コンサートダイナ,Minnesota Mac,Ta Wee,Al Hattab,Agathea's Dawn,Red God,Runaway Bride,Mr. Prospector,Square Generation,Northern Dancer,South Ocean,Secretariat,Crimson Saint,Relaunch,Fair to All,Majestic Prince,Forest Princess,Hail to Reason,Cosmah,Understanding,Mountain Flower,Lyphard,Lady Rebecca,Busted,Highclere,Riverman,Irish Star,Northfields,ツリーオブノレッジ,ビゼンニシキ,ネヴアーイチバン,ハンターコム,コンサーテイスト
202606010501,11,ダート,1200,良,未勝利,ポエティックフレア,ヴァイオリンソナタ,Dawn Approach,Maria Lee,ディープインパクト,ファーストバイオリン,New Approach,Hymn Of The Dawn,ロックオブジブラルタル,Elida,サンデーサイレンス,ウインドインハーヘア,Dixieland Band,Sunrise Symphony,Galileo,Park Express,Phone Trick,Colonial Debut,デインヒル,Offshore Boom,ロイヤルアカデミー,Saviour,Halo,Wishing Well,Alzao,Burghclere,Northern Dancer,Mississippi Mud,Secretariat,Wimbledon Star,Sadler's Wells,Urban Sea,Ahonoora,Matcher,Clever Trick,Over the Phone,Pleasant Colony,Kittihawk Miss,Danzig,Razyana,Be My Guest,Push a Button,Nijinsky,Crimson Saint,Majestic Light,Victorian Queen,Hail to Reason,Cosmah,Understanding,Mountain Flower,Lyphard,Lady Rebecca,Busted,Highclere,Nearctic,Natalma,Delta Judge,Sand Buggy,Bold Ruler,Somethingroyal,Hoist the Flag,Chris Evert
202606010501,12,ダート,1200,良,未勝利,デクラレーションオブウォー,コハクトウ,War Front,Tempo West,ルーラーシップ,マルカキャンディ,Danzig,Starry Dreamer,Rahy,Tempo,キングカメハメハ,エアグルーヴ,サンデーサイレンス,ジーナロマンティカ,Northern Dancer,Pas de Nom,Rubiano,Lara's Star,Blushing Groom,Glorious Song,Gone West,Terpsichorist,Kingmambo,マンファス,トニービン,ダイナカール,Halo,Wishing Well,セクレト,Waya,Nearctic,Natalma,Admiral's Voyage,Petitioner,Fappiano,Ruby Slippers,Forli,True Reality,Red God,Runaway Bride,Halo,Ballade,Mr. Prospector,Secrettame,Nijinsky,Glad Rags,Mr. Prospector,Miesque,ラストタイクーン,Pilot Bird,カンパラ,Severn Bridge,ノーザンテースト,シャダイフェザー,Hail to Reason,Cosmah,Understanding,Mountain Flower,Northern Dancer,Betty's Secret,Faraway Son,War Path
202606010501,13,ダート,1200,良,未勝利,フィエールマン,ヨークテソーロ,ディープインパクト,リュヌドール,Kingman,Masaya,サンデーサイレンス,ウインドインハーヘア,Green Tune,Luth d'Or,Invincible Spirit,Zenda,Dansili,Anbella,Halo,Wishing Well,Alzao,Burghclere,Green Dancer,Soundings,Noir Et Or,Viole d'Amour,Green Desert,Rafha,Zamindar,Hope,デインヒル,Hasili,Common Grounds,Tolga,Hail to Reason,Cosmah,Understanding,Mountain Flower,Lyphard,Lady Rebecca,Busted,Highclere,Nijinsky,Green Valley,Mr. Prospector,Ocean's Answer,ラインゴールド,Pomme Rose,Luthier,Mandolinette,Danzig,Foreign Courier,Kris,Eljazzi,Gone West,Zaizafon,ダンシングブレーヴ,Bahamian,Danzig,Razyana,Kahyasi,Kerali,Kris,Sweetly,Irish River,Light of Realm
202606010501,14,ダート,1200,良,未勝利,フォーウィールドライブ,クールユリア,American Pharoah,Funfair,ケイムホーム,レディピーチ,Pioneerof the Nile,Littleprincessemma,More Than Ready,Fleuron,Gone West,Nice Assay,Mujtahid,ジェニーレイク,エンパイアメーカー,Star of Goshen,Yankee Gentleman,Exclusive Rosette,サザンヘイロー,Woodman's Girl,Distant View,Flamboyance,Mr. Prospector,Secrettame,Clever Trick,インフルヴユー,Woodman,Mesmerize,Lomond,Park Appeal,Unbridled,Toussaud,Lord at War,Castle Eight,Storm Cat,Key Phrase,Ecliptical,Zetta Jet,Halo,Northern Sea,Woodman,Becky Be Good,Mr. Prospector,Seven Springs,Zilzal,Bridal Wreath,Raise a Native,Gold Digger,Secretariat,Tamerett,Icecapade,Kankakee Miss,Full Out,Turn n'See,Mr. Prospector,プレイメイト,Mill Reef,Jeanie Duff,Northern Dancer,My Charmer,Ahonoora,Balidaress
202606010501,15,ダート,1200,良,未勝利,マテラスカイ,ロシアンブルー,Speightstown,Mostaqeleh,スクリーンヒーロー,ヒシレーシー,Gone West,Silken Cat,Rahy,Istiqlal,グラスワンダー,ランニングヒロイン,タイキシャトル,ヒシカポーテ,Mr. Prospector,Secrettame,Storm Cat,Silken Doll,Blushing Groom,Glorious Song,Diesis,Wasnah,Silver Hawk,Ameriflora,サンデーサイレンス,ダイナアクトレス,Devil's Bag,ウェルシュマフィン,Capote,Bridal Cup,Raise a Native,Gold Digger,Secretariat,Tamerett,Storm Bird,Terlingua,Chieftain,Insilca,Red God,Runaway Bride,Halo,Ballade,Sharpen Up,Doubly Sure,Nijinsky,Highest Trump,Roberto,Gris Vitesse,Danzig,Graceful Touch,Halo,Wishing Well,ノーザンテースト,モデルスポート,Halo,Ballade,Caerleon,Muffitys,Seattle Slew,Too Bald,Raise a Cup,Bride of Note
202606010501,16,ダート,1200,良,未勝利,エピファネイア,トゥアーニー,シンボリクリスエス,シーザリオ,Country Reel,Maka,Kris S.,Tee Kay,スペシャルウィーク,キロフプリミエール,Danzig,Country Belle,Slickly,Carneia,Roberto,Sharp Queen,Gold Meridian,Tri Argo,サンデーサイレンス,キャンペンガール,Sadler's Wells,Querida,Northern Dancer,Pas de Nom,Seattle Slew,Balbonella,Linamix,Slipstream Queen,Funambule,Sally's Room,Hail to Reason,Bramalea,Princequillo,Bridgework,Seattle Slew,Queen Louie,Tri Jet,Hail Proudly,Halo,Wishing Well,マルゼンスキー,レディーシラオキ,Northern Dancer,Fairy Bridge,Habitat,Principia,Nearctic,Natalma,Admiral's Voyage,Petitioner,Bold Reasoning,My Charmer,ゲイメセン,Bamieres,メンデス,Lunadix,Conquistador Cielo,Country Queen,Lyphard,Sonoma,Kendor,Square Room
202606010502,1,ダート,1800,良,未勝利,ダノンスマッシュ,デイオブジョイ,ロードカナロア,スピニングワイルドキャット,オルフェーヴル,レディバラード,キングカメハメハ,レディブラッサム,Hard Spun,Hollywood Wildcat,ステイゴールド,オリエンタルアート,Unbridled,Angelic Song,Kingmambo,マンファス,Storm Cat,サラトガデュー,Danzig,Turkish Tryst,Kris S.,Miss Wildcatter,サンデーサイレンス,ゴールデンサッシュ,メジロマックイーン,エレクトロアート,Fappiano,Gana Facil,Halo,Ballade,Mr. Prospector,Miesque,ラストタイクーン,Pilot Bird,Storm Bird,Terlingua,Cormorant,Super Luna,Northern Dancer,Pas de Nom,Turkoman,Darbyvail,Roberto,Sharp Queen,Mr. Prospector,Elizabeth K.,Halo,Wishing Well,ディクタス,ダイナサッシュ,メジロティターン,メジロオーロラ,ノーザンテースト,グランマスティーヴンス,Mr. Prospector,Killaloe,Le Fabuleux,Charedi,Hail to Reason,Cosmah,Herbager,Miss Swapsco
202606010502,2,ダート,1800,良,未勝利,アメリカンペイトリオット,エアショウ,War Front,Life Well Lived,ディープスカイ,トークショウ,Danzig,Starry Dreamer,Tiznow,Well Dressed,アグネスタキオン,アビ,ディクタット,High Hawk,Northern Dancer,Pas de Nom,Rubiano,Lara's Star,Cee's Tizzy,Cee's Song,Notebook,Trithenia,サンデーサイレンス,アグネスフローラ,Chief's Crown,Carmelized,ウォーニング,アルヴォラ,Shirley Heights,Sunbittern,Nearctic,Natalma,Admiral's Voyage,Petitioner,Fappiano,Ruby Slippers,Forli,True Reality,Relaunch,テイズリー,Seattle Song,Lonely Dancer,Well Decorated,Mobcap,Gold Meridian,Tri Argo,Halo,Wishing Well,ロイヤルスキー,アグネスレディー,Danzig,Six Crowns,Key to the Mint,Carmelize,Known Fact,Slightly Dangerous,Sadler's Wells,Park Appeal,Mill Reef,Hardiemma,シーホーク,Pantoufle
202606010502,3,ダート,1800,良,未勝利,ドレフォン,ハワイアンローズ,Gio Ponti,Eltimaas,キングカメハメハ,サンタローズ,Tale of the Cat,Chipeta Springs,Ghostzapper,Najecam,Kingmambo,マンファス,パントレセレブル,ユキノローズ,Storm Cat,Yarn,Alydar,Salt Spring,Awesome Again,Baby Zip,Trempolino,Sue Warner,Mr. Prospector,Miesque,ラストタイクーン,Pilot Bird,Nureyev,Peinture Bleue,ミルジョージ,バンブーネラ,Storm Bird,Terlingua,Mr. Prospector,Narrate,Raise a Native,Sweet Tooth,Salt Marsh,Jungle Mythologic,Deputy Minister,Primal Force,Relaunch,Thirty Zip,Sharpen Up,Trephine,Forli,Bitty Girl,Raise a Native,Gold Digger,Nureyev,Pasadoble,トライマイベスト,Mill Princess,Blakeney,The Dancer,Northern Dancer,Special,Alydar,Petroleuse,Mill Reef,Miss Charisma,ポリック,クインバンブー
202606010502,4,ダート,1800,良,未勝利,リオンディーズ,ベーリーオクルス,キングカメハメハ,シーザリオ,キズナ,セレスティアルキャット,Kingmambo,マンファス,スペシャルウィーク,キロフプリミエール,ディープインパクト,キャットクイル,Tale of the Cat,Mayan Maiden,Mr. Prospector,Miesque,ラストタイクーン,Pilot Bird,サンデーサイレンス,キャンペンガール,Sadler's Wells,Querida,サンデーサイレンス,ウインドインハーヘア,Storm Cat,Pacific Princess,Storm Cat,Yarn,Lyphard,Chic Shirine,Raise a Native,Gold Digger,Nureyev,Pasadoble,トライマイベスト,Mill Princess,Blakeney,The Dancer,Halo,Wishing Well,マルゼンスキー,レディーシラオキ,Northern Dancer,Fairy Bridge,Habitat,Principia,Halo,Wishing Well,Alzao,Burghclere,Storm Bird,Terlingua,Damascus,Fiji,Storm Bird,Terlingua,Mr. Prospector,Narrate,Northern Dancer,Goofed,Mr. Prospector,Too Chic
202606010502,5,ダート,1800,良,未勝利,ダノンプレミアム,ミルキーハート,ディープインパクト,インディアナギャル,キングカメハメハ,ミルキーブロード,サンデーサイレンス,ウインドインハーヘア,Intikhab,Genial Jenny,Kingmambo,マンファス,クロフネ,グラスブロード,Halo,Wishing Well,Alzao,Burghclere,Red Ransom,Crafty Example,デインヒル,Joma Kaanem,Mr. Prospector,Miesque,ラストタイクーン,Pilot Bird,フレンチデピュティ,ブルーアヴェニュー,Fusaichi Pegasus,Magic Broad,Hail to Reason,Cosmah,Understanding,Mountain Flower,Lyphard,Lady Rebecca,Busted,Highclere,Roberto,アラビア,Crafty Prospector,Zienelle,Danzig,Razyana,Double Form,Ash Lawn,Raise a Native,Gold Digger,Nureyev,Pasadoble,トライマイベスト,Mill Princess,Blakeney,The Dancer,Deputy Minister,Mitterand,Classic Go Go,Eliza Blue,Mr. Prospector,Angel Fever,Broad Brush,Illeria
202606010502,6,ダート,1800,良,未勝利,リオンディーズ,アリストライン,キングカメハメハ,シーザリオ,ハーツクライ,アディクティド,Kingmambo,マンファス,スペシャルウィーク,キロフプリミエール,サンデーサイレンス,アイリッシュダンス,ディクタット,Astica,Mr. Prospector,Miesque,ラストタイクーン,Pilot Bird,サンデーサイレンス,キャンペンガール,Sadler's Wells,Querida,Halo,Wishing Well,トニービン,ビューパーダンス,ウォーニング,アルヴォラ,Surumu,Auenliebe,Raise a Native,Gold Digger,Nureyev,Pasadoble,トライマイベスト,Mill Princess,Blakeney,The Dancer,Halo,Wishing Well,マルゼンスキー,レディーシラオキ,Northern Dancer,Fairy Bridge,Habitat,Principia,Hail to Reason,Cosmah,Understanding,Mountain Flower,カンパラ,Severn Bridge,Lyphard,My Bupers,Known Fact,Slightly Dangerous,Sadler's Wells,Park Appeal,Literat,Surama,Pentathlon,Allergie
202606010502,7,ダート,1800,良,未勝利,キズナ,アドマイヤローザ,ディープインパクト,キャットクイル,ハービンジャー,アドマイヤテンバ,サンデーサイレンス,ウインドインハーヘア,Storm Cat,Pacific Princess,Dansili,Penang Pearl,クロフネ,アドマイヤグルーヴ,Halo,Wishing Well,Alzao,Burghclere,Storm Bird,Terlingua,Damascus,Fiji,デインヒル,Hasili,Bering,Guapa,フレンチデピュティ,ブルーアヴェニュー,サンデーサイレンス,エアグルーヴ,Hail to Reason,Cosmah,Understanding,Mountain Flower,Lyphard,Lady Rebecca,Busted,Highclere,Northern Dancer,South Ocean,Secretariat,Crimson Saint,Sword Dancer,Kerala,Acropolis,Rififi,Danzig,Razyana,Kahyasi,Kerali,Arctic Tern,Beaune,Shareef Dancer,Sauceboat,Deputy Minister,Mitterand,Classic Go Go,Eliza Blue,Halo,Wishing Well,トニービン,ダイナカール
202606010502,8,ダート,1800,良,未勝利,マクフィ,ボーントゥブーギー,Dubawi,Dhelaal,Tobougg,Braissim,Dubai Millennium,Zomaradah,Green Desert,Irish Valley,Barathea,Lacovia,ダンシングブレーヴ,Barari,Seeking the Gold,Colorado Dancer,Deploy,Jawaher,Danzig,Foreign Courier,Irish River,Green Valley,Sadler's Wells,Brocade,Majestic Light,Hope for All,Lyphard,Navajo Princess,Blushing Groom,Rainbow Connection,Mr. Prospector,Con Game,Shareef Dancer,Fall Aspen,Shirley Heights,Slightly Dangerous,ダンシングブレーヴ,High Tern,Northern Dancer,Pas de Nom,Sir Ivor,Courtly Dee,Riverman,Irish Star,Val de Loir,Sly Pola,Northern Dancer,Fairy Bridge,Habitat,Canton Silk,Majestic Prince,Irradiate,Secretariat,Hopespringseternal,Northern Dancer,Goofed,Drone,Olmec,Red God,Runaway Bride,Halo,Hangin Round
202606010502,9,ダート,1800,良,未勝利,ダノンバラード,ヴォカツィオーネ,ディープインパクト,レディバラード,カジノドライヴ,アントワープ,サンデーサイレンス,ウインドインハーヘア,Unbridled,Angelic Song,Mineshaft,Better Than Honour,キングカメハメハ,フランダース,Halo,Wishing Well,Alzao,Burghclere,Fappiano,Gana Facil,Halo,Ballade,A.P. Indy,Prospector's Delite,Deputy Minister,Blush With Pride,Kingmambo,マンファス,サンデーサイレンス,グレートクリスティーヌ,Hail to Reason,Cosmah,Understanding,Mountain Flower,Lyphard,Lady Rebecca,Busted,Highclere,Mr. Prospector,Killaloe,Le Fabuleux,Charedi,Hail to Reason,Cosmah,Herbager,Miss Swapsco,Seattle Slew,Weekend Surprise,Mr. Prospector,Up the Flagpole,Vice Regent,Mint Copy,Blushing Groom,Best in Show,Mr. Prospector,Miesque,ラストタイクーン,Pilot Bird,Halo,Wishing Well,Danzig,Great Lady M.
202606010502,10,ダート,1800,良,未勝利,リオンリオン,スイートメドゥーサ,ルーラーシップ,アゲヒバリ,アグネスタキオン,ローブデコルテ,キングカメハメハ,エアグルーヴ,クロフネ,トゥザヴィクトリー,サンデーサイレンス,アグネスフローラ,Cozzene,Color of Gold,Kingmambo,マンファス,トニービン,ダイナカール,フレンチデピュティ,ブルーアヴェニュー,サンデーサイレンス,フェアリードール,Halo,Wishing Well,ロイヤルスキー,アグネスレディー,Caro,Ride the Trails,Seeking the Gold,Sulemeif,Mr. Prospector,Miesque,ラストタイクーン,Pilot Bird,カンパラ,Severn Bridge,ノーザンテースト,シャダイフェザー,Deputy Minister,Mitterand,Classic Go Go,Eliza Blue,Halo,Wishing Well,Nureyev,Dream Deal,Hail to Reason,Cosmah,Understanding,Mountain Flower,Raja Baba,Coz o'Nijinsky,リマンド,イコマエイカン,フォルティノ,Chambord,Prince John,Wildwook,Mr. Prospector,Con Game,Northern Dancer,Barely Even
202606010502,11,ダート,1800,良,未勝利,フィレンツェファイア,クアルティエーレ,Poseidon's Warrior,My Every Wish,ネオユニヴァース,オスティエンセ,Speightstown,Poised to Pounce,Langfuhr,Mille Lacs,サンデーサイレンス,ポインテッドパス,エリシオ,オステアアンティカ,Gone West,Silken Cat,Smarten,Lady Lyndy,Danzig,Sweet Briar Too,Unbridled,With Every Wish,Halo,Wishing Well,Kris,Silken Way,Fairy King,Helice,A.P. Indy,Antique Auction,Mr. Prospector,Secrettame,Storm Cat,Silken Doll,Cyane,Smartaire,Bold Favorite,Counterflight,Northern Dancer,Pas de Nom,Briartic,Prima Babu Gum,Fappiano,Gana Facil,Lear Fan,Amo,Hail to Reason,Cosmah,Understanding,Mountain Flower,Sharpen Up,Doubly Sure,Shantung,Boulevard,Northern Dancer,Fairy Bridge,Slewpy,Hirondelle,Seattle Slew,Weekend Surprise,Geiger Counter,オールドスタッフ
202606010502,12,ダート,1800,良,未勝利,ジャスタウェイ,フィオーレカフェ,ハーツクライ,シビル,アイルハヴアナザー,ラフレーズカフェ,サンデーサイレンス,アイリッシュダンス,Wild Again,シャロン,Flower Alley,Arch's Gal Edith,マンハッタンカフェ,ロリポップガール,Halo,Wishing Well,トニービン,ビューパーダンス,Icecapade,Bushel-n-Peck,Mo Exception,Double Wiggle,Distorted Humor,プリンセスオリビア,Arch,Force Five Gal,サンデーサイレンス,サトルチェンジ,Trempolino,Icy Pop,Hail to Reason,Cosmah,Understanding,Mountain Flower,カンパラ,Severn Bridge,Lyphard,My Bupers,Nearctic,Shenanigans,Khaled,Dama,Hard Work,With Exception,Sir Wiggle,Blue Double,フォーティナイナー,Danzig's Beauty,Lycius,Dance Image,Kris S.,Aurora,Pleasant Tap,Last Cause,Halo,Wishing Well,Law Society,Santa Luciana,Sharpen Up,Trephine,Icecapade,Calaki
202606010502,13,ダート,1800,良,未勝利,No Nay Never,ジャストイマジニング,Scat Daddy,Cat's Eye Witness,War Front,Imagine,ヨハネスブルグ,Love Style,Elusive Quality,Comical Cat,Danzig,Starry Dreamer,Sadler's Wells,Doff the Derby,ヘネシー,Myth,Mr. Prospector,Likeable Style,Gone West,Touch of Greatness,Exceller,Six Months Long,Northern Dancer,Pas de Nom,Rubiano,Lara's Star,Northern Dancer,Fairy Bridge,Master Derby,Margarethen,Storm Cat,Island Kitty,オジジアン,Yarn,Raise a Native,Gold Digger,Nijinsky,Personable Lady,Mr. Prospector,Secrettame,Hero's Honor,Ivory Wand,Vaguely Noble,Too Bald,Northern Dancer,Prime Time,Nearctic,Natalma,Admiral's Voyage,Petitioner,Fappiano,Ruby Slippers,Forli,True Reality,Nearctic,Natalma,Bold Reason,Special,ダストコマンダー,Madam Jerry,Tulyar,Russ-Marie
202606010502,14,ダート,1800,良,未勝利,インディチャンプ,ダンシングクイーン,ステイゴールド,ウィルパワー,Giant's Causeway,パーフェクトワールド,サンデーサイレンス,ゴールデンサッシュ,キングカメハメハ,トキオリアリティー,Storm Cat,Mariah's Storm,Gone West,Possibly Perfect,Halo,Wishing Well,ディクタス,ダイナサッシュ,Kingmambo,マンファス,Meadowlake,What a Reality,Storm Bird,Terlingua,Rahy,イメンス,Mr. Prospector,Secrettame,Northern Baby,Avasand,Hail to Reason,Cosmah,Understanding,Mountain Flower,Sanctus,Doronic,ノーザンテースト,ロイヤルサッシュ,Mr. Prospector,Miesque,ラストタイクーン,Pilot Bird,Hold Your Peace,Suspicious Native,In Reality,What Will Be,Northern Dancer,South Ocean,Secretariat,Crimson Saint,Blushing Groom,Glorious Song,Roberto,Imsodear,Raise a Native,Gold Digger,Secretariat,Tamerett,Northern Dancer,Two Rings,Avatar,Sandy Blue
202606010502,15,ダート,1800,良,未勝利,ドレフォン,ナンヨーインディゴ,Gio Ponti,Eltimaas,キングカメハメハ,ウィーミスフランキー,Tale of the Cat,Chipeta Springs,Ghostzapper,Najecam,Kingmambo,マンファス,Sunriver,Starinthemeadow,Storm Cat,Yarn,Alydar,Salt Spring,Awesome Again,Baby Zip,Trempolino,Sue Warner,Mr. Prospector,Miesque,ラストタイクーン,Pilot Bird,Saint Ballado,Goulash,Meadowlake,Lite a Star,Storm Bird,Terlingua,Mr. Prospector,Narrate,Raise a Native,Sweet Tooth,Salt Marsh,Jungle Mythologic,Deputy Minister,Primal Force,Relaunch,Thirty Zip,Sharpen Up,Trephine,Forli,Bitty Girl,Raise a Native,Gold Digger,Nureyev,Pasadoble,トライマイベスト,Mill Princess,Blakeney,The Dancer,Halo,Ballade,Mari's Book,Wise Bride,Hold Your Peace,Suspicious Native,Our Michael,Twist a Star
202606010502,16,ダート,1800,良,未勝利,サトノダイヤモンド,ソワー,ディープインパクト,マルペンサ,Flatter,Enth,サンデーサイレンス,ウインドインハーヘア,Orpen,Marsella,A.P. Indy,Praise,Seeking the Gold,Limit,Halo,Wishing Well,Alzao,Burghclere,Lure,Bonita Francita,サザンヘイロー,Riviere,Seattle Slew,Weekend Surprise,Mr. Prospector,Wild Applause,Mr. Prospector,Con Game,Cox's Ridge,Bound,Hail to Reason,Cosmah,Understanding,Mountain Flower,Lyphard,Lady Rebecca,Busted,Highclere,Danzig,Endear,Devil's Bag,Raise the Standard,Halo,Northern Sea,Logical,Talonada,Bold Reasoning,My Charmer,Secretariat,Lassie Dear,Raise a Native,Gold Digger,Northern Dancer,Glowing Tribute,Raise a Native,Gold Digger,Buckpasser,Broadway,Best Turn,Our Martha,Nijinsky,Special
202606010503,1,ダート,1800,良,未勝利,デクラレーションオブウォー,ジェイエルノブレス,War Front,Tempo West,ヨハネスブルグ,ホウライサンデー,Danzig,Starry Dreamer,Rahy,Tempo,ヘネシー,Myth,サンデーサイレンス,ホウライコメット,Northern Dancer,Pas de Nom,Rubiano,Lara's Star,Blushing Groom,Glorious Song,Gone West,Terpsichorist,Storm Cat,Island Kitty,オジジアン,Yarn,Halo,Wishing Well,Woodman,Catopetl,Nearctic,Natalma,Admiral's Voyage,Petitioner,Fappiano,Ruby Slippers,Forli,True Reality,Red God,Runaway Bride,Halo,Ballade,Mr. Prospector,Secrettame,Nijinsky,Glad Rags,Storm Bird,Terlingua,Hawaii,T. C. Kitten,Damascus,Gonfalon,Mr. Prospector,Narrate,Hail to Reason,Cosmah,Understanding,Mountain Flower,Mr. Prospector,プレイメイト,Northern Dancer,Betty's Secret
202606010503,2,ダート,1800,良,未勝利,ナダル,ベルキューティ,Blame,Ascending Angel,ロードカナロア,ラッキーレディ,Arch,Liable,Pulpit,Solar Colony,キングカメハメハ,レディブラッサム,ネオユニヴァース,ネヴァーピリオド,Kris S.,Aurora,Seeking the Gold,Bound,A.P. Indy,Preach,Pleasant Colony,Meteor Stage,Kingmambo,マンファス,Storm Cat,サラトガデュー,サンデーサイレンス,ポインテッドパス,タイキシャトル,フューチャハッピー,Roberto,Sharp Queen,Danzig,Althea,Mr. Prospector,Con Game,Nijinsky,Special,Seattle Slew,Weekend Surprise,Mr. Prospector,Narrate,His Majesty,Sun Colony,Stage Door Johnny,Northern Meteor,Mr. Prospector,Miesque,ラストタイクーン,Pilot Bird,Storm Bird,Terlingua,Cormorant,Super Luna,Halo,Wishing Well,Kris,Silken Way,Devil's Bag,ウェルシュマフィン,デインヒル,タイセイカグラ
202606010503,3,ダート,1800,良,未勝利,アルアイン,ラヴファンシフル,ディープインパクト,ドバイマジェスティ,ハービンジャー,デアリングハート,サンデーサイレンス,ウインドインハーヘア,Essence of Dubai,Great Majesty,Dansili,Penang Pearl,サンデーサイレンス,デアリングダンジグ,Halo,Wishing Well,Alzao,Burghclere,Pulpit,Epitome,Great Above,Mistic Majesty,デインヒル,Hasili,Bering,Guapa,Halo,Wishing Well,Danzig,Impetuous Gal,Hail to Reason,Cosmah,Understanding,Mountain Flower,Lyphard,Lady Rebecca,Busted,Highclere,A.P. Indy,Preach,Summing,Honest and True,Minnesota Mac,Ta Wee,His Majesty,Necaras Miss,Danzig,Razyana,Kahyasi,Kerali,Arctic Tern,Beaune,Shareef Dancer,Sauceboat,Hail to Reason,Cosmah,Understanding,Mountain Flower,Northern Dancer,Pas de Nom,Briartic,Impetuous Lady
202606010503,4,ダート,1800,良,未勝利,ドレフォン,レスペランス,Gio Ponti,Eltimaas,キングカメハメハ,ウインドインハーヘア,Tale of the Cat,Chipeta Springs,Ghostzapper,Najecam,Kingmambo,マンファス,Alzao,Burghclere,Storm Cat,Yarn,Alydar,Salt Spring,Awesome Again,Baby Zip,Trempolino,Sue Warner,Mr. Prospector,Miesque,ラストタイクーン,Pilot Bird,Lyphard,Lady Rebecca,Busted,Highclere,Storm Bird,Terlingua,Mr. Prospector,Narrate,Raise a Native,Sweet Tooth,Salt Marsh,Jungle Mythologic,Deputy Minister,Primal Force,Relaunch,Thirty Zip,Sharpen Up,Trephine,Forli,Bitty Girl,Raise a Native,Gold Digger,Nureyev,Pasadoble,トライマイベスト,Mill Princess,Blakeney,The Dancer,Northern Dancer,Goofed,Sir Ivor,Pocahontas,Crepello,Sans le Sou,Queen's Hussar,Highlight
202606010503,5,ダート,1800,良,未勝利,スクリーンヒーロー,マイネオレンジ,グラスワンダー,ランニングヒロイン,ロージズインメイ,コスモバレンシア,Silver Hawk,Ameriflora,サンデーサイレンス,ダイナアクトレス,Devil His Due,Tell a Secret,ティンバーカントリー,スナークバンダム,Roberto,Gris Vitesse,Danzig,Graceful Touch,Halo,Wishing Well,ノーザンテースト,モデルスポート,Devil's Bag,Plenty O'Toole,Speak John,Secret Retreat,Woodman,Fall Aspen,ホリスキー,スナークコトブキ,Hail to Reason,Bramalea,Amerigo,Matchiche,Northern Dancer,Pas de Nom,His Majesty,Pi Phi Gal,Hail to Reason,Cosmah,Understanding,Mountain Flower,Northern Dancer,Lady Victoria,モデルフール,マジックゴデイス,Halo,Ballade,Raise a Cup,Li'l Puss,Prince John,Nuit de Folies,Clandestine,Retirement,Mr. Prospector,プレイメイト,Pretense,Change Water,マルゼンスキー,オキノバンダ,ノーザンテースト,ニューシルバーイン
202606010503,6,ダート,1800,良,未勝利,キセキ,カノン,ルーラーシップ,ブリッツフィナーレ,フォーティナイナーズサン,ピアノレッスン,キングカメハメハ,エアグルーヴ,ディープインパクト,ロンドンブリッジ,Distorted Humor,Cindazanno,メジロティターン,サングリーン,Kingmambo,マンファス,トニービン,ダイナカール,サンデーサイレンス,ウインドインハーヘア,ドクターデヴィアス,オールフォーロンドン,フォーティナイナー,Danzig's Beauty,Alleged,Venus Bound,メジロアサマ,シエリル,サンオーイ,アラビアングリーン,Mr. Prospector,Miesque,ラストタイクーン,Pilot Bird,カンパラ,Severn Bridge,ノーザンテースト,シャダイフェザー,Halo,Wishing Well,Alzao,Burghclere,Ahonoora,Rose of Jericho,Danzig,Full Card,Mr. Prospector,File,Danzig,Sweetest Chant,Hoist the Flag,Princess Pout,Conquistador Cielo,Rokeby Venus,パーソロン,スヰート,スノッブ,Chanel,リマンド,サンオーオク,グスタフ,アトランタ
202606010503,7,ダート,1800,良,未勝利,ダイワメジャー,セレスティアルキャット,サンデーサイレンス,スカーレットブーケ,Tale of the Cat,Mayan Maiden,Halo,Wishing Well,ノーザンテースト,スカーレットインク,Storm Cat,Yarn,Lyphard,Chic Shirine,Hail to Reason,Cosmah,Understanding,Mountain Flower,Northern Dancer,Lady Victoria,Crimson Satan,Consentida,Storm Bird,Terlingua,Mr. Prospector,Narrate,Northern Dancer,Goofed,Mr. Prospector,Too Chic,Turn-to,Nothirdchance,Cosmic Bomb,Almahmoud,Promised Land,Pretty Ways,Montparnasse,Edelweiss,Nearctic,Natalma,Victoria Park,Lady Angela,Spy Song,Papila,Beau Max,La Menina,Northern Dancer,South Ocean,Secretariat,Crimson Saint,Raise a Native,Gold Digger,Honest Pleasure,State,Nearctic,Natalma,Court Martial,Barra,Raise a Native,Gold Digger,Blushing Groom,Remedia
202606010503,8,ダート,1800,良,未勝利,サトノジェネシス,ワールドツアラー,ディープインパクト,マルペンサ,ウインクリューガー,フィジークルーズ,サンデーサイレンス,ウインドインハーヘア,Orpen,Marsella,タイキシャトル,インヴァイト,スピードワールド,スピードハミング,Halo,Wishing Well,Alzao,Burghclere,Lure,Bonita Francita,サザンヘイロー,Riviere,Devil's Bag,ウェルシュマフィン,Be My Guest,Burghclere,Woodman,Gray Tab,アジュディケーティング,スルーシーツー,Hail to Reason,Cosmah,Understanding,Mountain Flower,Lyphard,Lady Rebecca,Busted,Highclere,Danzig,Endear,Devil's Bag,Raise the Standard,Halo,Northern Sea,Logical,Talonada,Halo,Ballade,Caerleon,Muffitys,Northern Dancer,What a Treat,Busted,Highclere,Mr. Prospector,プレイメイト,Zulu Tom,Pro Tab,Danzig,Resolver,Seattle Slew,Lucie Manet
202606010503,9,ダート,1800,良,未勝利,モーニン,ソロフライト,ヘニーヒューズ,Giggly,ミスキャスト,アリーテ,ヘネシー,Meadow Flyer,Distorted Humor,Chaste,サンデーサイレンス,ノースフライト,サンダーガルチ,プリンセスターフ,Storm Cat,Island Kitty,Meadowlake,Shortley,フォーティナイナー,Danzig's Beauty,Cozzene,Purity,Halo,Wishing Well,トニービン,シヤダイフライト,Gulch,Line of Thunder,Danzig,Princess Alydar,Storm Bird,Terlingua,Hawaii,T. C. Kitten,Hold Your Peace,Suspicious Native,Hagley,Short Winded,Mr. Prospector,File,Danzig,Sweetest Chant,Caro,Ride the Trails,Fappiano,Dame Mysterieuse,Hail to Reason,Cosmah,Understanding,Mountain Flower,カンパラ,Severn Bridge,ヒッティングアウェー,フォーワードフライト,Mr. Prospector,Jameela,Storm Bird,Shoot a Line,Northern Dancer,Pas de Nom,Alydar,Sunny Morning
202606010503,10,ダート,1800,良,未勝利,ベストウォーリア,リクエストアワー,マジェスティックウォリアー,フラーテイシャスミス,ネオユニヴァース,ハッピーリクエスト,A.P. Indy,Dream Supreme,Mr. Greeley,Seductive Smile,サンデーサイレンス,ポインテッドパス,トニービン,エイプリルソネット,Seattle Slew,Weekend Surprise,Seeking the Gold,Spinning Round,Gone West,Long Legend,Silver Hawk,Exit Smiling,Halo,Wishing Well,Kris,Silken Way,カンパラ,Severn Bridge,Dike,Pass Me,Bold Reasoning,My Charmer,Secretariat,Lassie Dear,Mr. Prospector,Con Game,Dixieland Band,Take Heart,Mr. Prospector,Secrettame,Reviewer,Lianga,Roberto,Gris Vitesse,Stage Door Johnny,Chandelier,Hail to Reason,Cosmah,Understanding,Mountain Flower,Sharpen Up,Doubly Sure,Shantung,Boulevard,Kalamoun,State Pension,Hornbeam,Priddy Fair,Herbager,Delta,Pass,Schooner
202606010503,11,ダート,1800,良,未勝利,リオンディーズ,クレーンズラヴァー,キングカメハメハ,シーザリオ,ゼンノロブロイ,ギャラントハウス,Kingmambo,マンファス,スペシャルウィーク,キロフプリミエール,サンデーサイレンス,ローミンレイチェル,キャロルハウス,ギャラントルックス,Mr. Prospector,Miesque,ラストタイクーン,Pilot Bird,サンデーサイレンス,キャンペンガール,Sadler's Wells,Querida,Halo,Wishing Well,マイニング,One Smart Lady,Lord Gayle,Tuna,ノーザンテースト,シヤダイギヤラント,Raise a Native,Gold Digger,Nureyev,Pasadoble,トライマイベスト,Mill Princess,Blakeney,The Dancer,Halo,Wishing Well,マルゼンスキー,レディーシラオキ,Northern Dancer,Fairy Bridge,Habitat,Principia,Hail to Reason,Cosmah,Understanding,Mountain Flower,Mr. Prospector,I Pass,Clever Trick,Pia's Lady,Sir Gaylord,Sticky Case,シルバーシャーク,Vimelette,Northern Dancer,Lady Victoria,ボールドアンドエイブル,ギャラントノラリーン
202606010503,12,ダート,1800,良,未勝利,サトノクラウン,フィールザプリティ,Marju,ジョコンダ,ブラックタイド,フィールザビュウ,ラストタイクーン,Flame of Tara,Rossini,La Joconde,サンデーサイレンス,ウインドインハーヘア,Distant View,Feel the Capote,トライマイベスト,Mill Princess,アーテイアス,Welsh Flame,Miswaki,Touch of Greatness,Vettori,Lust,Halo,Wishing Well,Alzao,Burghclere,Mr. Prospector,Seven Springs,Capote,Feel the Beat,Northern Dancer,Sex Appeal,Mill Reef,Irish Lass,Round Table,Stylish Pattern,Welsh Pageant,Electric Flash,Mr. Prospector,Hopespringseternal,Hero's Honor,Ivory Wand,Machiavellian,Air Distingue,Pursuit of Love,Pato,Hail to Reason,Cosmah,Understanding,Mountain Flower,Lyphard,Lady Rebecca,Busted,Highclere,Raise a Native,Gold Digger,Irish River,La Trinite,Seattle Slew,Too Bald,Shimatoree,Hinterland
202606010503,13,ダート,1800,良,未勝利,ベストウォーリア,アビシーナ,マジェスティックウォリアー,フラーテイシャスミス,Pivotal,Massomah,A.P. Indy,Dream Supreme,Mr. Greeley,Seductive Smile,Polar Falcon,Fearless Revival,Seeking the Gold,Kerenza,Seattle Slew,Weekend Surprise,Seeking the Gold,Spinning Round,Gone West,Long Legend,Silver Hawk,Exit Smiling,Nureyev,Marie d'Argonne,Cozzene,Stufida,Mr. Prospector,Con Game,シアトルダンサー,Home Love,Bold Reasoning,My Charmer,Secretariat,Lassie Dear,Mr. Prospector,Con Game,Dixieland Band,Take Heart,Mr. Prospector,Secrettame,Reviewer,Lianga,Roberto,Gris Vitesse,Stage Door Johnny,Chandelier,Northern Dancer,Special,Jefferson,Mohair,Caro,Ride the Trails,Bustino,Zerbinetta,Raise a Native,Gold Digger,Buckpasser,Broadway,Nijinsky,My Charmer,Vaguely Noble,Homespun
202606010503,14,ダート,1800,良,未勝利,パドトロワ,レトロフィット,スウェプトオーヴァーボード,グランパドドゥ,エンパイアメーカー,オフジオールドブロック,エンドスウィープ,Sheer Ice,フジキセキ,スターバレリーナ,Unbridled,Toussaud,A.P. Indy,Chip,フォーティナイナー,Broom Dance,Cutlass,Hey Dolly A.,サンデーサイレンス,ミルレーサー,Risen Star,ベリアーニ,Fappiano,Gana Facil,El Gran Senor,Image of Reality,Seattle Slew,Weekend Surprise,Norquestor,Big Pride,Mr. Prospector,File,Dance Spell,Witching Hour,Damascus,Aphonia,Ambehaving,Swift Deal,Halo,Wishing Well,Le Fabuleux,Marston's Mill,Secretariat,Ribbon,Nureyev,Eleven Pleasures,Mr. Prospector,Killaloe,Le Fabuleux,Charedi,Northern Dancer,Sex Appeal,In Reality,Edee's Image,Bold Reasoning,My Charmer,Secretariat,Lassie Dear,Conquistador Cielo,Linda North,Bet Big,Alto Pride
202606010503,15,ダート,1800,良,未勝利,ミッキーグローリー,キタノリツメイ,ディープインパクト,メリッサ,アイルハヴアナザー,リーベストラウム,サンデーサイレンス,ウインドインハーヘア,ホワイトマズル,ストーミーラン,Flower Alley,Arch's Gal Edith,ゼンノエルシド,マウントモガミ,Halo,Wishing Well,Alzao,Burghclere,ダンシングブレーヴ,Fair of the Furze,トニービン,ウインドオブサマー,Distorted Humor,プリンセスオリビア,Arch,Force Five Gal,Caerleon,エンブラ,モガミ,マウントソブリン,Hail to Reason,Cosmah,Understanding,Mountain Flower,Lyphard,Lady Rebecca,Busted,Highclere,Lyphard,Navajo Princess,Ela-Mana-Mou,Autocratic,カンパラ,Severn Bridge,ノーザリー,アイレバース,フォーティナイナー,Danzig's Beauty,Lycius,Dance Image,Kris S.,Aurora,Pleasant Tap,Last Cause,Nijinsky,Foreseer,Dominion,Kaftan,Lyphard,ノーラック,ラッキーソブリン,マルイチアサコ
202606010503,16,ダート,1800,良,未勝利,ゴールドドリーム,ニジノムコウ,ゴールドアリュール,モンヴェール,Flatter,Good Talk,サンデーサイレンス,ニキーヤ,フレンチデピュティ,スペシャルジェイド,A.P. Indy,Praise,Private Terms,Freedom of Speech,Halo,Wishing Well,Nureyev,Reluctant Guest,Deputy Minister,Mitterand,Cox's Ridge,Statistic,Seattle Slew,Weekend Surprise,Mr. Prospector,Wild Applause,Private Account,Laughter,Danzig,Fantastic Find,Hail to Reason,Cosmah,Understanding,Mountain Flower,Northern Dancer,Special,Hostage,Vaguely Royal,Vice Regent,Mint Copy,Hold Your Peace,Laredo Lass,Best Turn,Our Martha,Mr. Prospector,Number,Bold Reasoning,My Charmer,Secretariat,Lassie Dear,Raise a Native,Gold Digger,Northern Dancer,Glowing Tribute,Damascus,Numbered Account,Bold Ruler,Shenanigans,Northern Dancer,Pas de Nom,Mr. Prospector,Blitey
202606010504,1,障害,2880,良,未勝利,ブリックスアンドモルタル,エオリアンハープ,Giant's Causeway,Beyond the Waves,キングカメハメハ,エアウイングス,Storm Cat,Mariah's Storm,Ocean Crest,Excedent,Kingmambo,マンファス,サンデーサイレンス,シークレットシェアラー,Storm Bird,Terlingua,Rahy,イメンス,Storm Bird,S.S.Aroma,Exceller,Broadway Lullaby,Mr. Prospector,Miesque,ラストタイクーン,Pilot Bird,Halo,Wishing Well,Secretariat,Nijana,Northern Dancer,South Ocean,Secretariat,Crimson Saint,Blushing Groom,Glorious Song,Roberto,Imsodear,Northern Dancer,South Ocean,Seattle Slew,Rare Bouquet,Vaguely Noble,Too Bald,Stage Door Johnny,リットルブレツシング,Raise a Native,Gold Digger,Nureyev,Pasadoble,トライマイベスト,Mill Princess,Blakeney,The Dancer,Hail to Reason,Cosmah,Understanding,Mountain Flower,Bold Ruler,Somethingroyal,Nijinsky,Prodana Neviesta
202606010504,2,障害,2880,良,未勝利,サトノダイヤモンド,アガルタ,ディープインパクト,マルペンサ,キングカメハメハ,ブロードアピール,サンデーサイレンス,ウインドインハーヘア,Orpen,Marsella,Kingmambo,マンファス,Broad Brush,Valid Allure,Halo,Wishing Well,Alzao,Burghclere,Lure,Bonita Francita,サザンヘイロー,Riviere,Mr. Prospector,Miesque,ラストタイクーン,Pilot Bird,Ack Ack,Hay Patcher,Valid Appeal,Alluring Girl,Hail to Reason,Cosmah,Understanding,Mountain Flower,Lyphard,Lady Rebecca,Busted,Highclere,Danzig,Endear,Devil's Bag,Raise the Standard,Halo,Northern Sea,Logical,Talonada,Raise a Native,Gold Digger,Nureyev,Pasadoble,トライマイベスト,Mill Princess,Blakeney,The Dancer,Battle Joined,Fast Turn,Hoist the Flag,Turn to Talent,In Reality,Desert Trial,Secretariat,Water Cress
202606010504,3,障害,2880,良,未勝利,キタサンブラック,タガノレヴェントン,ブラックタイド,シュガーハート,キングカメハメハ,フィバリッシュ,サンデーサイレンス,ウインドインハーヘア,サクラバクシンオー,オトメゴコロ,Kingmambo,マンファス,トニービン,ヘバ,Halo,Wishing Well,Alzao,Burghclere,サクラユタカオー,サクラハゴロモ,ジャッジアンジェルーチ,テイズリー,Mr. Prospector,Miesque,ラストタイクーン,Pilot Bird,カンパラ,Severn Bridge,Nureyev,Likely Exchange,Hail to Reason,Cosmah,Understanding,Mountain Flower,Lyphard,Lady Rebecca,Busted,Highclere,テスコボーイ,アンジェリカ,ノーザンテースト,クリアアンバー,Honest Pleasure,Victorian Queen,Lyphard,Tizna,Raise a Native,Gold Digger,Nureyev,Pasadoble,トライマイベスト,Mill Princess,Blakeney,The Dancer,Kalamoun,State Pension,Hornbeam,Priddy Fair,Northern Dancer,Special,Terrible Tiger,Likely Swap
202606010504,4,障害,2880,良,未勝利,ハービンジャー,グッディー,Dansili,Penang Pearl,キングカメハメハ,ゴッドダンシング,デインヒル,Hasili,Bering,Guapa,Kingmambo,マンファス,ダンスインザダーク,ゴッドインチーフ,Danzig,Razyana,Kahyasi,Kerali,Arctic Tern,Beaune,Shareef Dancer,Sauceboat,Mr. Prospector,Miesque,ラストタイクーン,Pilot Bird,サンデーサイレンス,ダンシングキイ,コマンダーインチーフ,ファーガーズプロスペクト,Northern Dancer,Pas de Nom,His Majesty,Spring Adieu,イルドブルボン,Kadissya,High Line,Sookera,Sea-Bird,Bubbling Beauty,Lyphard,Barbra,Northern Dancer,Sweet Alliance,Connaught,Cranberry Sauce,Raise a Native,Gold Digger,Nureyev,Pasadoble,トライマイベスト,Mill Princess,Blakeney,The Dancer,Halo,Wishing Well,Nijinsky,Key Partner,ダンシングブレーヴ,Slightly Dangerous,Chief's Crown,Fager's Glory
202606010504,5,障害,2880,良,未勝利,マインドユアビスケッツ,デザートオブムーン,Posse,Jazzmane,ゼンノロブロイ,グラッブユアハート,Silver Deputy,Raska,Toccet,Alljazz,サンデーサイレンス,ローミンレイチェル,Deputy Commander,Kelly Amber,Deputy Minister,Silver Valley,Rahy,Borishka,Awesome Again,Cozzene's Angel,Stop the Music,Bounteous,Halo,Wishing Well,マイニング,One Smart Lady,Deputy Minister,Anka Germania,Highland Park,Pamela Kay,Vice Regent,Mint Copy,Mr. Prospector,Seven Valleys,Blushing Groom,Glorious Song,Roberto,Queen Maud,Deputy Minister,Primal Force,Cozzene,Charming Pan,Hail to Reason,Bebopper,Master Derby,Mlle. Quille,Hail to Reason,Cosmah,Understanding,Mountain Flower,Mr. Prospector,I Pass,Clever Trick,Pia's Lady,Vice Regent,Mint Copy,Malinowski,Affaire d'Amour,Raise a Native,Old Goat,Hold Your Peace,Proven Right
202606010504,6,障害,2880,良,未勝利,ドゥラメンテ,ゼフィランサス,キングカメハメハ,アドマイヤグルーヴ,キングヘイロー,モガミヒメ,Kingmambo,マンファス,サンデーサイレンス,エアグルーヴ,ダンシングブレーヴ,グッバイヘイロー,カコイーシーズ,モガミポイント,Mr. Prospector,Miesque,ラストタイクーン,Pilot Bird,Halo,Wishing Well,トニービン,ダイナカール,Lyphard,Navajo Princess,Halo,Pound Foolish,Alydar,Careless Notion,マルゼンスキー,ポイントメーカー,Raise a Native,Gold Digger,Nureyev,Pasadoble,トライマイベスト,Mill Princess,Blakeney,The Dancer,Hail to Reason,Cosmah,Understanding,Mountain Flower,カンパラ,Severn Bridge,ノーザンテースト,シャダイフェザー,Northern Dancer,Goofed,Drone,Olmec,Hail to Reason,Cosmah,Sir Ivor,Squander,Raise a Native,Sweet Tooth,Jester,Miss Uppity,Nijinsky,シル,ボールドラツド,クリヒデ
202606010504,7,障害,2880,良,未勝利,ニューイヤーズデイ,スクエアゴールド,Street Cry,Justwhistledixie,ステイゴールド,タッチフォーゴールド,Machiavellian,Helen Street,Dixie Union,General Jeanne,サンデーサイレンス,ゴールデンサッシュ,Mr. Prospector,Daijin,Mr. Prospector,Coup de Folie,Troy,Waterway,Dixieland Band,She's Tops,Honour and Glory,Ahpo Hel,Halo,Wishing Well,ディクタス,ダイナサッシュ,Raise a Native,Gold Digger,Deputy Minister,Passing Mood,Raise a Native,Gold Digger,Halo,Raise the Standard,Petingo,La Milo,Riverman,Boulevard,Northern Dancer,Mississippi Mud,Capote,She's a Talent,Relaunch,Fair to All,Mr. Leader,Tiy,Hail to Reason,Cosmah,Understanding,Mountain Flower,Sanctus,Doronic,ノーザンテースト,ロイヤルサッシュ,Native Dancer,Raise You,Nashua,Sequence,Vice Regent,Mint Copy,Buckpasser,Cool Mood
202606010504,8,障害,2880,良,未勝利,カレンブラックヒル,キシャリ,ダイワメジャー,チャールストンハーバー,Kris,Reema,サンデーサイレンス,スカーレットブーケ,Grindstone,Penny's Valentine,Sharpen Up,Doubly Sure,Nashwan,Reem Albaraari,Halo,Wishing Well,ノーザンテースト,スカーレットインク,Unbridled,Buzz My Bell,Storm Cat,Mrs. Penny,エタン,Rocchetta,Reliance,Soft Angels,Blushing Groom,Height of Fashion,Sadler's Wells,Habibti,Hail to Reason,Cosmah,Understanding,Mountain Flower,Northern Dancer,Lady Victoria,Crimson Satan,Consentida,Fappiano,Gana Facil,Drone,Chateaupavia,Storm Bird,Terlingua,Great Nephew,Tananarive,Native Dancer,Mixed Marriage,Rockefella,Chambiges,Tantieme,Relance,Crepello,Sweet Angel,Red God,Runaway Bride,Bustino,Highclere,Northern Dancer,Fairy Bridge,Habitat,Klairessa
202606010504,9,障害,2880,良,未勝利,マジェスティックウォリアー,セイユウヴィーナス,A.P. Indy,Dream Supreme,ハーツクライ,ラスティックベル,Seattle Slew,Weekend Surprise,Seeking the Gold,Spinning Round,サンデーサイレンス,アイリッシュダンス,Mr. Prospector,Ragtime Girl,Bold Reasoning,My Charmer,Secretariat,Lassie Dear,Mr. Prospector,Con Game,Dixieland Band,Take Heart,Halo,Wishing Well,トニービン,ビューパーダンス,Raise a Native,Gold Digger,Francis S.,Swinging Doll,Boldnesian,Reason to Earn,Poker,Fair Charmer,Bold Ruler,Somethingroyal,Buckpasser,Gay Missile,Raise a Native,Gold Digger,Buckpasser,Broadway,Northern Dancer,Mississippi Mud,Secretariat,Deck Stewardess,Hail to Reason,Cosmah,Understanding,Mountain Flower,カンパラ,Severn Bridge,Lyphard,My Bupers,Native Dancer,Raise You,Nashua,Sequence,Royal Charger,Blue Eyed Momo,Raise a Native,Doll Ina
202606010504,10,障害,2880,良,未勝利,リオンディーズ,ニシノリコルディ,キングカメハメハ,シーザリオ,ハーツクライ,ニシノブルームーン,Kingmambo,マンファス,スペシャルウィーク,キロフプリミエール,サンデーサイレンス,アイリッシュダンス,タニノギムレット,カプリッチョーサ,Mr. Prospector,Miesque,ラストタイクーン,Pilot Bird,サンデーサイレンス,キャンペンガール,Sadler's Wells,Querida,Halo,Wishing Well,トニービン,ビューパーダンス,ブライアンズタイム,タニノクリスタル,Alzao,Clanjingle,Raise a Native,Gold Digger,Nureyev,Pasadoble,トライマイベスト,Mill Princess,Blakeney,The Dancer,Halo,Wishing Well,マルゼンスキー,レディーシラオキ,Northern Dancer,Fairy Bridge,Habitat,Principia,Hail to Reason,Cosmah,Understanding,Mountain Flower,カンパラ,Severn Bridge,Lyphard,My Bupers,Roberto,Kelley's Day,クリスタルパレス,タニノシーバード,Lyphard,Lady Rebecca,Tumble Wind,Fille Sifflante
202606010504,11,障害,2880,良,未勝利,ロゴタイプ,ディオベルタ,ローエングリン,ステレオタイプ,フジキセキ,ディオニージア,シングスピール,カーリング,サンデーサイレンス,スターバレリーナ,サンデーサイレンス,ミルレーサー,Tejano Run,Essie's Maid,In the Wings,Glorious Song,Garde Royale,Corraleja,Halo,Wishing Well,Risen Star,ベリアーニ,Halo,Wishing Well,Le Fabuleux,Marston's Mill,Tejano,Royal Run,Linkage,Essie Bs Venture,Sadler's Wells,High Hawk,Halo,Ballade,Mill Reef,Royal Way,Carvin,Darling Dale,Hail to Reason,Cosmah,Understanding,Mountain Flower,Secretariat,Ribbon,Nureyev,Eleven Pleasures,Hail to Reason,Cosmah,Understanding,Mountain Flower,Wild Risk,Anguar,In Reality,Millicent,Caro,アンファンテ,Wavering Monarch,Kazadancoa,Hoist the Flag,Unity Hall,Intentionally,Choke Point
202606010504,12,障害,2880,良,未勝利,ヴィクトワールピサ,アンナミルト,ネオユニヴァース,ホワイトウォーターアフェア,マンハッタンカフェ,アンナモンダ,サンデーサイレンス,ポインテッドパス,Machiavellian,Much Too Risky,サンデーサイレンス,サトルチェンジ,Monsun,Anna of Kiev,Halo,Wishing Well,Kris,Silken Way,Mr. Prospector,Coup de Folie,Bustino,Short Rations,Halo,Wishing Well,Law Society,Santa Luciana,Konigsstuhl,Mosella,Salse,Anna Matrushka,Hail to Reason,Cosmah,Understanding,Mountain Flower,Sharpen Up,Doubly Sure,Shantung,Boulevard,Raise a Native,Gold Digger,Halo,Raise the Standard,Busted,Ship Yard,Lorenzaccio,Short Commons,Hail to Reason,Cosmah,Understanding,Mountain Flower,Alleged,Bold Bikini,Luciano,Suleika,Dschingis Khan,Konigskronung,Surumu,Monasia,Topsider,Carnival Princess,Mill Reef,Anna Paola
202606010504,13,障害,2880,良,未勝利,フィエールマン,ロンギングエレン,ディープインパクト,リュヌドール,ロードカナロア,ダイワパッション,サンデーサイレンス,ウインドインハーヘア,Green Tune,Luth d'Or,キングカメハメハ,レディブラッサム,フォーティナイナー,サンルージュ,Halo,Wishing Well,Alzao,Burghclere,Green Dancer,Soundings,Noir Et Or,Viole d'Amour,Kingmambo,マンファス,Storm Cat,サラトガデュー,Mr. Prospector,File,シェイディハイツ,チカノヴァ,Hail to Reason,Cosmah,Understanding,Mountain Flower,Lyphard,Lady Rebecca,Busted,Highclere,Nijinsky,Green Valley,Mr. Prospector,Ocean's Answer,ラインゴールド,Pomme Rose,Luthier,Mandolinette,Mr. Prospector,Miesque,ラストタイクーン,Pilot Bird,Storm Bird,Terlingua,Cormorant,Super Luna,Raise a Native,Gold Digger,Tom Rolfe,Continue,Shirley Heights,Vaguely,Northern Dancer,Cairn Rouge
202606010504,14,障害,2880,良,未勝利,ヴィクトワールピサ,ブラッキーピサ,ネオユニヴァース,ホワイトウォーターアフェア,タイキシャトル,サヤカ,サンデーサイレンス,ポインテッドパス,Machiavellian,Much Too Risky,Devil's Bag,ウェルシュマフィン,A.P. Indy,Spectacular Sue,Halo,Wishing Well,Kris,Silken Way,Mr. Prospector,Coup de Folie,Bustino,Short Rations,Halo,Ballade,Caerleon,Muffitys,Seattle Slew,Weekend Surprise,Spectacular Bid,In Concert,Hail to Reason,Cosmah,Understanding,Mountain Flower,Sharpen Up,Doubly Sure,Shantung,Boulevard,Raise a Native,Gold Digger,Halo,Raise the Standard,Busted,Ship Yard,Lorenzaccio,Short Commons,Hail to Reason,Cosmah,Herbager,Miss Swapsco,Nijinsky,Foreseer,Thatch,Contrail,Bold Reasoning,My Charmer,Secretariat,Lassie Dear,Bold Bidder,Spectacular,Riverman,What Charisma
202606010505,1,ダート,1200,良,新馬,ミスチヴィアスアレックス,ルーナクオーレ,Into Mischief,White Pants Night,ディープインパクト,ルアーズストリート,Harlan's Holiday,Leslie's Lady,Speightstown,More d'Amour,サンデーサイレンス,ウインドインハーヘア,キングカメハメハ,フィラストリート,Harlan,Christmas in Aiken,Tricky Creek,Crystal Lady,Gone West,Silken Cat,Tour d'Or,Love Connection,Halo,Wishing Well,Alzao,Burghclere,Kingmambo,マンファス,Cozzene,Phydilla,Storm Cat,Country Romance,Affirmed,Dowager,Clever Trick,Battle Creek Girl,Stop the Music,One Last Bird,Mr. Prospector,Secrettame,Storm Cat,Silken Doll,Medaille d'Or,Debby's Turn,Master Derby,Perfect Connection,Hail to Reason,Cosmah,Understanding,Mountain Flower,Lyphard,Lady Rebecca,Busted,Highclere,Mr. Prospector,Miesque,ラストタイクーン,Pilot Bird,Caro,Ride the Trails,Lyphard,Godzilla
202606010505,2,ダート,1200,良,新馬,ルヴァンスレーヴ,キティ,シンボリクリスエス,マエストラーレ,Northern Afleet,フォレストキティ,Kris S.,Tee Kay,ネオユニヴァース,オータムブリーズ,アフリート,Nuryette,Forestry,Haleakala,Roberto,Sharp Queen,Gold Meridian,Tri Argo,サンデーサイレンス,ポインテッドパス,ティンバーカントリー,セプテンバーソング,Mr. Prospector,Polite Lady,Nureyev,Stellarette,Storm Cat,Shared Interest,Kris,Haiati,Hail to Reason,Bramalea,Princequillo,Bridgework,Seattle Slew,Queen Louie,Tri Jet,Hail Proudly,Halo,Wishing Well,Kris,Silken Way,Woodman,Fall Aspen,リアルシャダイ,ダイナフェアリー,Raise a Native,Gold Digger,Venetian Jester,Friendly Ways,Northern Dancer,Special,Tentam,Square Angel,Storm Bird,Terlingua,Pleasant Colony,Surgery,Sharpen Up,Doubly Sure,Alydar,Northern Fable
202606010505,3,ダート,1200,良,新馬,ゴールドドリーム,ラフィンナ,ゴールドアリュール,モンヴェール,ハーツクライ,インコンパス,サンデーサイレンス,ニキーヤ,フレンチデピュティ,スペシャルジェイド,サンデーサイレンス,アイリッシュダンス,Sadler's Wells,Totality,Halo,Wishing Well,Nureyev,Reluctant Guest,Deputy Minister,Mitterand,Cox's Ridge,Statistic,Halo,Wishing Well,トニービン,ビューパーダンス,Northern Dancer,Fairy Bridge,ダンシングブレーヴ,Slightly Dangerous,Hail to Reason,Cosmah,Understanding,Mountain Flower,Northern Dancer,Special,Hostage,Vaguely Royal,Vice Regent,Mint Copy,Hold Your Peace,Laredo Lass,Best Turn,Our Martha,Mr. Prospector,Number,Hail to Reason,Cosmah,Understanding,Mountain Flower,カンパラ,Severn Bridge,Lyphard,My Bupers,Nearctic,Natalma,Bold Reason,Special,Lyphard,Navajo Princess,Roberto,Where You Lead
202606010505,4,ダート,1200,良,新馬,ミッキーロケット,マーケットレイズン,キングカメハメハ,マネーキャントバイミーラヴ,フサイチリシャール,トミノラブラドール,Kingmambo,マンファス,Pivotal,Sabreon,クロフネ,フサイチエアデール,ハンティングホーク,ジョリフィーユ,Mr. Prospector,Miesque,ラストタイクーン,Pilot Bird,Polar Falcon,Fearless Revival,Caerleon,Sabria,フレンチデピュティ,ブルーアヴェニュー,サンデーサイレンス,ラスティックベル,Sadler's Wells,High Hawk,マルゼンスキー,トミアルコ,Raise a Native,Gold Digger,Nureyev,Pasadoble,トライマイベスト,Mill Princess,Blakeney,The Dancer,Nureyev,Marie d'Argonne,Cozzene,Stufida,Nijinsky,Foreseer,Miswaki,Flood,Deputy Minister,Mitterand,Classic Go Go,Eliza Blue,Halo,Wishing Well,Mr. Prospector,Ragtime Girl,Northern Dancer,Fairy Bridge,Shirley Heights,Sunbittern,Nijinsky,シル,ノノアルコ,ヒトミフラッシュ
202606010505,5,ダート,1200,良,新馬,ドレフォン,インバウンド,Gio Ponti,Eltimaas,ロードカナロア,ハイドバウンド,Tale of the Cat,Chipeta Springs,Ghostzapper,Najecam,キングカメハメハ,レディブラッサム,Grand Slam,Hidden Dreams,Storm Cat,Yarn,Alydar,Salt Spring,Awesome Again,Baby Zip,Trempolino,Sue Warner,Kingmambo,マンファス,Storm Cat,サラトガデュー,Gone West,Bright Candles,ソヴィエトスター,Secret Asset,Storm Bird,Terlingua,Mr. Prospector,Narrate,Raise a Native,Sweet Tooth,Salt Marsh,Jungle Mythologic,Deputy Minister,Primal Force,Relaunch,Thirty Zip,Sharpen Up,Trephine,Forli,Bitty Girl,Mr. Prospector,Miesque,ラストタイクーン,Pilot Bird,Storm Bird,Terlingua,Cormorant,Super Luna,Mr. Prospector,Secrettame,El Gran Senor,Christmas Bonus,Nureyev,Veruschka,Graustark,Numbered Account
202606010505,6,ダート,1200,良,新馬,フィレンツェファイア,エリンアクトレス,Poseidon's Warrior,My Every Wish,スクリーンヒーロー,エリンズハープ,Speightstown,Poised to Pounce,Langfuhr,Mille Lacs,グラスワンダー,ランニングヒロイン,ネオユニヴァース,エリンバード,Gone West,Silken Cat,Smarten,Lady Lyndy,Danzig,Sweet Briar Too,Unbridled,With Every Wish,Silver Hawk,Ameriflora,サンデーサイレンス,ダイナアクトレス,サンデーサイレンス,ポインテッドパス,Bluebird,Maid of Erin,Mr. Prospector,Secrettame,Storm Cat,Silken Doll,Cyane,Smartaire,Bold Favorite,Counterflight,Northern Dancer,Pas de Nom,Briartic,Prima Babu Gum,Fappiano,Gana Facil,Lear Fan,Amo,Roberto,Gris Vitesse,Danzig,Graceful Touch,Halo,Wishing Well,ノーザンテースト,モデルスポート,Halo,Wishing Well,Kris,Silken Way,Storm Bird,Ivory Dawn,Irish River,Dancing Shadow
202606010505,7,ダート,1200,良,新馬,シルバーステート,デュアラブル,ディープインパクト,シルヴァースカヤ,Curlin,ハリケーンフラッグ,サンデーサイレンス,ウインドインハーヘア,Silver Hawk,Boubskaia,Smart Strike,Sherriff's Deputy,Storm Cat,Pennant Champion,Halo,Wishing Well,Alzao,Burghclere,Roberto,Gris Vitesse,Niniski,Frenetique,Mr. Prospector,Classy 'n Smart,Deputy Minister,Barbarika,Storm Bird,Terlingua,Mr. Prospector,Personal Ensign,Hail to Reason,Cosmah,Understanding,Mountain Flower,Lyphard,Lady Rebecca,Busted,Highclere,Hail to Reason,Bramalea,Amerigo,Matchiche,Nijinsky,Virginia Hills,Tyrant,Femina,Raise a Native,Gold Digger,Smarten,No Class,Vice Regent,Mint Copy,Bates Motel,War Exchange,Northern Dancer,South Ocean,Secretariat,Crimson Saint,Raise a Native,Gold Digger,Private Account,Grecian Banner
202606010505,8,ダート,1200,良,新馬,ダノンレジェンド,トリンカファイブ,Macho Uno,マイグッドネス,ステイゴールド,レイドフラワー,Holy Bull,Primal Force,Storm Cat,Caressing,サンデーサイレンス,ゴールデンサッシュ,コマンダーインチーフ,グロリエラ,Great Above,Sharon Brown,Blushing Groom,Prime Prospect,Storm Bird,Terlingua,Honour and Glory,Lovin Touch,Halo,Wishing Well,ディクタス,ダイナサッシュ,ダンシングブレーヴ,Slightly Dangerous,Caerleon,Gironde,Minnesota Mac,Ta Wee,Al Hattab,Agathea's Dawn,Red God,Runaway Bride,Mr. Prospector,Square Generation,Northern Dancer,South Ocean,Secretariat,Crimson Saint,Relaunch,Fair to All,Majestic Prince,Forest Princess,Hail to Reason,Cosmah,Understanding,Mountain Flower,Sanctus,Doronic,ノーザンテースト,ロイヤルサッシュ,Lyphard,Navajo Princess,Roberto,Where You Lead,Nijinsky,Foreseer,Raise a Native,Go On Dreaming
202606010505,9,ダート,1200,良,新馬,エスポワールシチー,サブノイナズマ,ゴールドアリュール,エミネントシチー,カコイーシーズ,サブノアフロディア,サンデーサイレンス,ニキーヤ,ブライアンズタイム,ヘップバーンシチー,Alydar,Careless Notion,フジキセキ,サニーモーニング,Halo,Wishing Well,Nureyev,Reluctant Guest,Roberto,Kelley's Day,ブレイヴェストローマン,コンパルシチー,Raise a Native,Sweet Tooth,Jester,Miss Uppity,サンデーサイレンス,ミルレーサー,Law Society,Golden Oriole,Hail to Reason,Cosmah,Understanding,Mountain Flower,Northern Dancer,Special,Hostage,Vaguely Royal,Hail to Reason,Bramalea,Graustark,Golden Trail,Never Bend,Roman Song,トラフィック,リンネス,Native Dancer,Raise You,On-And-On,Plum Cake,Tom Fool,Golden Apple,Nasrullah,Nursery School,Halo,Wishing Well,Le Fabuleux,Marston's Mill,Alleged,Bold Bikini,Northern Dancer,Sex Appeal
202606010505,10,ダート,1200,良,新馬,レイデオロ,ホウオウマルゴー,キングカメハメハ,ラドラーダ,ディープインパクト,ハヴユーゴーンアウェイ,Kingmambo,マンファス,シンボリクリスエス,レディブロンド,サンデーサイレンス,ウインドインハーヘア,Congrats,One Wise Cowgirl,Mr. Prospector,Miesque,ラストタイクーン,Pilot Bird,Kris S.,Tee Kay,Seeking the Gold,ウインドインハーヘア,Halo,Wishing Well,Alzao,Burghclere,A.P. Indy,Praise,Wiseman's Ferry,Star One One,Raise a Native,Gold Digger,Nureyev,Pasadoble,トライマイベスト,Mill Princess,Blakeney,The Dancer,Roberto,Sharp Queen,Gold Meridian,Tri Argo,Mr. Prospector,Con Game,Alzao,Burghclere,Hail to Reason,Cosmah,Understanding,Mountain Flower,Lyphard,Lady Rebecca,Busted,Highclere,Seattle Slew,Weekend Surprise,Mr. Prospector,Wild Applause,ヘネシー,Emmaus,Caller I. D.,Majestic Karen
202606010505,11,ダート,1200,良,新馬,タニノフランケル,ルミナスコースト,Frankel,ウオッカ,ハービンジャー,ルミナスハーバー,Galileo,Kind,タニノギムレット,タニノシスター,Dansili,Penang Pearl,アグネスタキオン,タックスヘイブン,Sadler's Wells,Urban Sea,デインヒル,Rainbow Lake,ブライアンズタイム,タニノクリスタル,ルション,エナジートウショウ,デインヒル,Hasili,Bering,Guapa,サンデーサイレンス,アグネスフローラ,Alydar,タックスペイヤーズフォリー,Northern Dancer,Fairy Bridge,Miswaki,Allegretta,Danzig,Razyana,Rainbow Quest,Rockfest,Roberto,Kelley's Day,クリスタルパレス,タニノシーバード,Riverman,ベルドリーヌ,トウショウボーイ,コーニストウショウ,Danzig,Razyana,Kahyasi,Kerali,Arctic Tern,Beaune,Shareef Dancer,Sauceboat,Halo,Wishing Well,ロイヤルスキー,アグネスレディー,Raise a Native,Sweet Tooth,Lt. Stevens,Party's On Me
202606010505,12,ダート,1200,良,新馬,マジェスティックウォリアー,ヨドノスマイル,A.P. Indy,Dream Supreme,タイキシャトル,ヴィデオレター,Seattle Slew,Weekend Surprise,Seeking the Gold,Spinning Round,Devil's Bag,ウェルシュマフィン,スキャン,ホーマンマルサ,Bold Reasoning,My Charmer,Secretariat,Lassie Dear,Mr. Prospector,Con Game,Dixieland Band,Take Heart,Halo,Ballade,Caerleon,Muffitys,Mr. Prospector,Video,プリンスオブバーズ,ブラックレター,Boldnesian,Reason to Earn,Poker,Fair Charmer,Bold Ruler,Somethingroyal,Buckpasser,Gay Missile,Raise a Native,Gold Digger,Buckpasser,Broadway,Northern Dancer,Mississippi Mud,Secretariat,Deck Stewardess,Hail to Reason,Cosmah,Herbager,Miss Swapsco,Nijinsky,Foreseer,Thatch,Contrail,Raise a Native,Gold Digger,Nijinsky,Foreseer,Storm Bird,Special Key,ハードツービート,デユニラ
202606010505,13,ダート,1200,良,新馬,マインドユアビスケッツ,コスモラパン,Posse,Jazzmane,スクリーンヒーロー,スプラッシュビート,Silver Deputy,Raska,Toccet,Alljazz,グラスワンダー,ランニングヒロイン,タイキブリザード,トリプルマッチ,Deputy Minister,Silver Valley,Rahy,Borishka,Awesome Again,Cozzene's Angel,Stop the Music,Bounteous,Silver Hawk,Ameriflora,サンデーサイレンス,ダイナアクトレス,Seattle Slew,ツリーオブノレッジ,Danzig,Doubles Partner,Vice Regent,Mint Copy,Mr. Prospector,Seven Valleys,Blushing Groom,Glorious Song,Roberto,Queen Maud,Deputy Minister,Primal Force,Cozzene,Charming Pan,Hail to Reason,Bebopper,Master Derby,Mlle. Quille,Roberto,Gris Vitesse,Danzig,Graceful Touch,Halo,Wishing Well,ノーザンテースト,モデルスポート,Bold Reasoning,My Charmer,Sassafras,Sensibility,Northern Dancer,Pas de Nom,Damascus,Fabuleux Jane
202606010505,14,ダート,1200,良,新馬,マテラスカイ,ミルフィアタッチ,Speightstown,Mostaqeleh,キングカメハメハ,シジェームサン,Gone West,Silken Cat,Rahy,Istiqlal,Kingmambo,マンファス,Septieme Ciel,Samalex,Mr. Prospector,Secrettame,Storm Cat,Silken Doll,Blushing Groom,Glorious Song,Diesis,Wasnah,Mr. Prospector,Miesque,ラストタイクーン,Pilot Bird,Seattle Slew,Maximova,Ela-Mana-Mou,Pampas Miss,Raise a Native,Gold Digger,Secretariat,Tamerett,Storm Bird,Terlingua,Chieftain,Insilca,Red God,Runaway Bride,Halo,Ballade,Sharpen Up,Doubly Sure,Nijinsky,Highest Trump,Raise a Native,Gold Digger,Nureyev,Pasadoble,トライマイベスト,Mill Princess,Blakeney,The Dancer,Bold Reasoning,My Charmer,Green Dancer,Baracala,ピットカーン,Rose Bertin,Pronto,Bayou
202606010505,15,ダート,1200,良,新馬,カレンブラックヒル,サッキーシフター,ダイワメジャー,チャールストンハーバー,サウスヴィグラス,サンディシフター,サンデーサイレンス,スカーレットブーケ,Grindstone,Penny's Valentine,エンドスウィープ,ダーケストスター,Crafty Prospector,Tide,Halo,Wishing Well,ノーザンテースト,スカーレットインク,Unbridled,Buzz My Bell,Storm Cat,Mrs. Penny,フォーティナイナー,Broom Dance,Star de Naskra,Minnie Riperton,Mr. Prospector,Real Crafty Lady,Coastal,Go On With It,Hail to Reason,Cosmah,Understanding,Mountain Flower,Northern Dancer,Lady Victoria,Crimson Satan,Consentida,Fappiano,Gana Facil,Drone,Chateaupavia,Storm Bird,Terlingua,Great Nephew,Tananarive,Mr. Prospector,File,Dance Spell,Witching Hour,Naskra,Candle Star,Cornish Prince,English Harbor,Raise a Native,Gold Digger,In Reality,Princess Roycraft,Majestic Prince,Alluvial,Dewan,Bride of Note
202606010505,中,ダート,1200,良,新馬,ウインブライト,メイショウクローバ,ステイゴールド,サマーエタニティ,メイショウサムソン,チアズグレイス,サンデーサイレンス,ゴールデンサッシュ,アドマイヤコジーン,オールフォーゲラン,オペラハウス,マイヴィヴィアン,サンデーサイレンス,チアズフラワー,Halo,Wishing Well,ディクタス,ダイナサッシュ,Cozzene,アドマイヤマカディ,ジェイドロバリー,ミスゲラン,Sadler's Wells,Colorspin,ダンシングブレーヴ,ウイルプリンセス,Halo,Wishing Well,Al Nasr,デュカイナ,Hail to Reason,Cosmah,Understanding,Mountain Flower,Sanctus,Doronic,ノーザンテースト,ロイヤルサッシュ,Caro,Ride the Trails,ノーザンテースト,ミセスマカディー,Mr. Prospector,Number,マルゼンスキー,ゲラン,Northern Dancer,Fairy Bridge,High Top,Reprocolor,Lyphard,Navajo Princess,サンプリンス,エール,Hail to Reason,Cosmah,Understanding,Mountain Flower,Lyphard,Caretta,Northfields,Dumka
202606010506,1,芝,2000,良,未勝利,エピファネイア,キャッチザカクテル,シンボリクリスエス,シーザリオ,Catcher In The Rye,Cocktail Attire,Kris S.,Tee Kay,スペシャルウィーク,キロフプリミエール,デインヒル,Truly a Dream,Distorted Humor,Seventh Choice,Roberto,Sharp Queen,Gold Meridian,Tri Argo,サンデーサイレンス,キャンペンガール,Sadler's Wells,Querida,Danzig,Razyana,Darshaan,Truly Special,フォーティナイナー,Danzig's Beauty,El Prado,Personal Choice,Hail to Reason,Bramalea,Princequillo,Bridgework,Seattle Slew,Queen Louie,Tri Jet,Hail Proudly,Halo,Wishing Well,マルゼンスキー,レディーシラオキ,Northern Dancer,Fairy Bridge,Habitat,Principia,Northern Dancer,Pas de Nom,His Majesty,Spring Adieu,Shirley Heights,Delsy,Caerleon,Arctique Royale,Mr. Prospector,File,Danzig,Sweetest Chant,Sadler's Wells,Lady Capulet,Tank's Prospect,Seven Valleys
202606010506,2,芝,2000,良,未勝利,エピファネイア,ダイワクンナナ,シンボリクリスエス,シーザリオ,ノヴェリスト,ダイワスカーレット,Kris S.,Tee Kay,スペシャルウィーク,キロフプリミエール,Monsun,Night Lagoon,アグネスタキオン,スカーレットブーケ,Roberto,Sharp Queen,Gold Meridian,Tri Argo,サンデーサイレンス,キャンペンガール,Sadler's Wells,Querida,Konigsstuhl,Mosella,Lagunas,Nenuphar,サンデーサイレンス,アグネスフローラ,ノーザンテースト,スカーレットインク,Hail to Reason,Bramalea,Princequillo,Bridgework,Seattle Slew,Queen Louie,Tri Jet,Hail Proudly,Halo,Wishing Well,マルゼンスキー,レディーシラオキ,Northern Dancer,Fairy Bridge,Habitat,Principia,Dschingis Khan,Konigskronung,Surumu,Monasia,イルドブルボン,Liranga,Night Shift,Narola,Halo,Wishing Well,ロイヤルスキー,アグネスレディー,Northern Dancer,Lady Victoria,Crimson Satan,Consentida
202606010506,3,芝,2000,良,未勝利,ハービンジャー,フェイブルネージュ,Dansili,Penang Pearl,ディープインパクト,ミセススノー,デインヒル,Hasili,Bering,Guapa,サンデーサイレンス,ウインドインハーヘア,シングスピール,Shining Vale,Danzig,Razyana,Kahyasi,Kerali,Arctic Tern,Beaune,Shareef Dancer,Sauceboat,Halo,Wishing Well,Alzao,Burghclere,In the Wings,Glorious Song,Twilight Agenda,Great Revival,Northern Dancer,Pas de Nom,His Majesty,Spring Adieu,イルドブルボン,Kadissya,High Line,Sookera,Sea-Bird,Bubbling Beauty,Lyphard,Barbra,Northern Dancer,Sweet Alliance,Connaught,Cranberry Sauce,Hail to Reason,Cosmah,Understanding,Mountain Flower,Lyphard,Lady Rebecca,Busted,Highclere,Sadler's Wells,High Hawk,Halo,Ballade,Devil's Bag,Grenzen,Keen,Prudent Girl
202606010506,4,芝,2000,良,未勝利,カレンブラックヒル,ラックアサイン,ダイワメジャー,チャールストンハーバー,ハービンジャー,サウスティーダ,サンデーサイレンス,スカーレットブーケ,Grindstone,Penny's Valentine,Dansili,Penang Pearl,アドマイヤベガ,キョウエイコロナ,Halo,Wishing Well,ノーザンテースト,スカーレットインク,Unbridled,Buzz My Bell,Storm Cat,Mrs. Penny,デインヒル,Hasili,Bering,Guapa,サンデーサイレンス,ベガ,ノーパスノーセール,キョウエイシラユキ,Hail to Reason,Cosmah,Understanding,Mountain Flower,Northern Dancer,Lady Victoria,Crimson Satan,Consentida,Fappiano,Gana Facil,Drone,Chateaupavia,Storm Bird,Terlingua,Great Nephew,Tananarive,Danzig,Razyana,Kahyasi,Kerali,Arctic Tern,Beaune,Shareef Dancer,Sauceboat,Halo,Wishing Well,トニービン,アンティックヴァリュー,Northfields,No Disgrace,クラウンドプリンス,アリアーン
202606010506,5,芝,2000,良,未勝利,リアルスティール,シングルゲイズ,ディープインパクト,ラヴズオンリーミー,Not A Single Doubt,Redaluca's Gaze,サンデーサイレンス,ウインドインハーヘア,Storm Cat,Monevassia,Redoute's Choice,シングルズバー,Intergaze,Crying In The Rain,Halo,Wishing Well,Alzao,Burghclere,Storm Bird,Terlingua,Mr. Prospector,Miesque,デインヒル,Shantha's Choice,Rory's Jester,Easy Date,Integra,Tempergaze,Sanction,Maudlin,Hail to Reason,Cosmah,Understanding,Mountain Flower,Lyphard,Lady Rebecca,Busted,Highclere,Northern Dancer,South Ocean,Secretariat,Crimson Saint,Raise a Native,Gold Digger,Nureyev,Pasadoble,Danzig,Razyana,Canny Lad,Dancing Show,Crown Jester,Rory's Rocket,Grand Chaudiere,Scampering,Lunchtime,Sing Again,Temperence Hill,Secregaze,Biscay,Sasha,Whiskey Road,Forgive Me
202606010506,6,芝,2000,良,未勝利,ビーチパトロール,コスモレティクルム,Lemon Drop Kid,Bashful Bertie,ダノンシャンティ,ゴールドリーフ,Kingmambo,Charming Lassie,Quiet American,Clever Bertie,フジキセキ,シャンソネット,ダイナガリバー,ヴアインゴールド,Mr. Prospector,Miesque,Seattle Slew,Lassie Dear,Fappiano,Demure,Timeless Native,Clever But Costly,サンデーサイレンス,ミルレーサー,Mark of Esteem,Glorious Song,ノーザンテースト,ユアースポート,Mr. Prospector,Chancy Dance,Raise a Native,Gold Digger,Nureyev,Pasadoble,Bold Reasoning,My Charmer,Buckpasser,Gay Missile,Mr. Prospector,Killaloe,Dr. Fager,Quiet Charm,Timeless Moment,Head Off,Clever Trick,Swoonlow,Halo,Wishing Well,Le Fabuleux,Marston's Mill,Darshaan,Homage,Halo,Ballade,Northern Dancer,Lady Victoria,バウンティアス,ファインサラ,Raise a Native,Gold Digger,Bold Reason,Hasty Hitter
202606010506,7,芝,2000,良,未勝利,アルアイン,レーヴドカナロア,ディープインパクト,ドバイマジェスティ,ロードカナロア,レーヴドスカー,サンデーサイレンス,ウインドインハーヘア,Essence of Dubai,Great Majesty,キングカメハメハ,レディブラッサム,Highest Honor,Numidie,Halo,Wishing Well,Alzao,Burghclere,Pulpit,Epitome,Great Above,Mistic Majesty,Kingmambo,マンファス,Storm Cat,サラトガデュー,Kenmare,High River,バイアモン,Yamuna,Hail to Reason,Cosmah,Understanding,Mountain Flower,Lyphard,Lady Rebecca,Busted,Highclere,A.P. Indy,Preach,Summing,Honest and True,Minnesota Mac,Ta Wee,His Majesty,Necaras Miss,Mr. Prospector,Miesque,ラストタイクーン,Pilot Bird,Storm Bird,Terlingua,Cormorant,Super Luna,Kalamoun,Belle of Ireland,Riverman,Hairbrush,Blushing Groom,Lodeve,Green Dancer,Yeovil
202606010506,8,芝,2000,良,未勝利,イスラボニータ,シナノネージュ,フジキセキ,イスラコジーン,フレンチデピュティ,コードネーム,サンデーサイレンス,ミルレーサー,Cozzene,Isla Mujeres,Deputy Minister,Mitterand,サンデーサイレンス,トリッキーコード,Halo,Wishing Well,Le Fabuleux,Marston's Mill,Caro,Ride the Trails,Crafty Prospector,Lido Isle,Vice Regent,Mint Copy,Hold Your Peace,Laredo Lass,Halo,Wishing Well,Lost Code,Dam Clever,Hail to Reason,Cosmah,Understanding,Mountain Flower,Wild Risk,Anguar,In Reality,Millicent,フォルティノ,Chambord,Prince John,Wildwook,Mr. Prospector,Real Crafty Lady,Far North,She Is Gorgeous,Northern Dancer,Victoria Regina,Bunty's Flight,Shakney,Speak John,Blue Moon,Bold Ruler,Fortunate Isle,Hail to Reason,Cosmah,Understanding,Mountain Flower,Codex,Loss Or Gain,Damascus,Clever Bird
202606010506,9,芝,2000,良,未勝利,サトノダイヤモンド,ノーブルプルート,ディープインパクト,マルペンサ,キングズベスト,フラワーロック,サンデーサイレンス,ウインドインハーヘア,Orpen,Marsella,Kingmambo,Allegretta,アッミラーレ,カシオペアレディ,Halo,Wishing Well,Alzao,Burghclere,Lure,Bonita Francita,サザンヘイロー,Riviere,Mr. Prospector,Miesque,Lombard,Anatevka,サンデーサイレンス,ダジルミージョリエ,デインヒル,タケノファルコン,Hail to Reason,Cosmah,Understanding,Mountain Flower,Lyphard,Lady Rebecca,Busted,Highclere,Danzig,Endear,Devil's Bag,Raise the Standard,Halo,Northern Sea,Logical,Talonada,Raise a Native,Gold Digger,Nureyev,Pasadoble,Agio,Promised Lady,Espresso,Almyra,Halo,Wishing Well,Carr de Naskra,Mawgrit,Danzig,Razyana,フィリップオブスペイン,クールフェアー
202606010506,10,芝,2000,良,未勝利,ウインブライト,リゲイン,ステイゴールド,サマーエタニティ,ショウナンカンプ,ダイイチコパン,サンデーサイレンス,ゴールデンサッシュ,アドマイヤコジーン,オールフォーゲラン,サクラバクシンオー,ショウナングレイス,サンデーサイレンス,ダイイチアレキ,Halo,Wishing Well,ディクタス,ダイナサッシュ,Cozzene,アドマイヤマカディ,ジェイドロバリー,ミスゲラン,サクラユタカオー,サクラハゴロモ,ラッキーソブリン,ヤセイコーソ,Halo,Wishing Well,Kenmare,プリンセスリダ,Hail to Reason,Cosmah,Understanding,Mountain Flower,Sanctus,Doronic,ノーザンテースト,ロイヤルサッシュ,Caro,Ride the Trails,ノーザンテースト,ミセスマカディー,Mr. Prospector,Number,マルゼンスキー,ゲラン,テスコボーイ,アンジェリカ,ノーザンテースト,クリアアンバー,Nijinsky,Sovereign,タケシバオー,メジロチドリ,Hail to Reason,Cosmah,Understanding,Mountain Flower,Kalamoun,Belle of Ireland,Nijinsky,Princesse Lee
202606010506,11,芝,2000,良,未勝利,サトノダイヤモンド,ルミナスパレード,ディープインパクト,マルペンサ,シンボリクリスエス,ルミナスポイント,サンデーサイレンス,ウインドインハーヘア,Orpen,Marsella,Kris S.,Tee Kay,アグネスタキオン,ソニンク,Halo,Wishing Well,Alzao,Burghclere,Lure,Bonita Francita,サザンヘイロー,Riviere,Roberto,Sharp Queen,Gold Meridian,Tri Argo,サンデーサイレンス,アグネスフローラ,Machiavellian,Sonic Lady,Hail to Reason,Cosmah,Understanding,Mountain Flower,Lyphard,Lady Rebecca,Busted,Highclere,Danzig,Endear,Devil's Bag,Raise the Standard,Halo,Northern Sea,Logical,Talonada,Hail to Reason,Bramalea,Princequillo,Bridgework,Seattle Slew,Queen Louie,Tri Jet,Hail Proudly,Halo,Wishing Well,ロイヤルスキー,アグネスレディー,Mr. Prospector,Coup de Folie,Nureyev,Stumped
202606010506,12,芝,2000,良,未勝利,エイシンフラッシュ,アースリーチャンス,キングズベスト,ムーンレディ,ネオユニヴァース,パーフェクトチャンス,Kingmambo,Allegretta,プラティニ,Midnight Fever,サンデーサイレンス,ポインテッドパス,Unbridled's Song,Win Crafty Lady,Mr. Prospector,Miesque,Lombard,Anatevka,Surumu,Prairie Darling,Sure Blade,Majoritat,Halo,Wishing Well,Kris,Silken Way,Unbridled,Trolley Song,Crafty Prospector,Honeytab,Raise a Native,Gold Digger,Nureyev,Pasadoble,Agio,Promised Lady,Espresso,Almyra,Literat,Surama,Stanford,Prairie Belle,Kris,Double Lock,Konigsstuhl,Monacchia,Hail to Reason,Cosmah,Understanding,Mountain Flower,Sharpen Up,Doubly Sure,Shantung,Boulevard,Fappiano,Gana Facil,Caro,Lucky Spell,Mr. Prospector,Real Crafty Lady,Al Hattab,Get Up Honey
202606010506,13,芝,2000,良,未勝利,エピファネイア,コスモチェーロ,シンボリクリスエス,シーザリオ,Fusaichi Pegasus,Shorwon,Kris S.,Tee Kay,スペシャルウィーク,キロフプリミエール,Mr. Prospector,Angel Fever,Buena Shore,April Wonder,Roberto,Sharp Queen,Gold Meridian,Tri Argo,サンデーサイレンス,キャンペンガール,Sadler's Wells,Querida,Raise a Native,Gold Digger,Danzig,Rowdy Angel,George Lewis,Full View,Newtown Wonder,April Flower,Hail to Reason,Bramalea,Princequillo,Bridgework,Seattle Slew,Queen Louie,Tri Jet,Hail Proudly,Halo,Wishing Well,マルゼンスキー,レディーシラオキ,Northern Dancer,Fairy Bridge,Habitat,Principia,Native Dancer,Raise You,Nashua,Sequence,Northern Dancer,Pas de Nom,Halo,Ramhyde,Envoy,Bell's Lark,ナディア,Kerala,Fair Trial,Clarapple,Pherozshah,Knockfin
202606010506,14,芝,2000,良,未勝利,リオンディーズ,アドマイヤシーマ,キングカメハメハ,シーザリオ,ディープインパクト,ショアー,Kingmambo,マンファス,スペシャルウィーク,キロフプリミエール,サンデーサイレンス,ウインドインハーヘア,Acatenango,So Sedulous,Mr. Prospector,Miesque,ラストタイクーン,Pilot Bird,サンデーサイレンス,キャンペンガール,Sadler's Wells,Querida,Halo,Wishing Well,Alzao,Burghclere,Surumu,Aggravate,The Minstrel,Sedulous,Raise a Native,Gold Digger,Nureyev,Pasadoble,トライマイベスト,Mill Princess,Blakeney,The Dancer,Halo,Wishing Well,マルゼンスキー,レディーシラオキ,Northern Dancer,Fairy Bridge,Habitat,Principia,Hail to Reason,Cosmah,Understanding,Mountain Flower,Lyphard,Lady Rebecca,Busted,Highclere,Literat,Surama,Aggressor,Raven Locks,Northern Dancer,Fleur,タップオンウッド,Pendulina
202606010506,15,芝,2000,良,未勝利,デクラレーションオブウォー,ジオパーククイーン,War Front,Tempo West,バトルプラン,アドマイヤパンチ,Danzig,Starry Dreamer,Rahy,Tempo,エンパイアメーカー,Flanders,ワイルドラッシュ,ロイヤルカード,Northern Dancer,Pas de Nom,Rubiano,Lara's Star,Blushing Groom,Glorious Song,Gone West,Terpsichorist,Unbridled,Toussaud,Seeking the Gold,Starlet Storm,Wild Again,Rose Park,サンデーサイレンス,アドマイヤラピス,Nearctic,Natalma,Admiral's Voyage,Petitioner,Fappiano,Ruby Slippers,Forli,True Reality,Red God,Runaway Bride,Halo,Ballade,Mr. Prospector,Secrettame,Nijinsky,Glad Rags,Fappiano,Gana Facil,El Gran Senor,Image of Reality,Mr. Prospector,Con Game,Storm Bird,Cinegita,Icecapade,Bushel-n-Peck,Plugged Nickle,Hardship,Halo,Wishing Well,Be My Guest,Elevate
202606010506,16,芝,2000,良,未勝利,マクマホン,ラデビーナ,Ramonti,Miss Sultin,Southdale,Tossa de Mar,Martino Alonso,Fosca,Celtic Swing,Miss Caerleon,Street Cry,Pinafores Pride,Indygo Shiner,Andromeda,Marju,Cheerful Note,El Gran Senor,La Locandiera,ダミスター,Celtic Ring,Caerleon,Satin Pointe,Machiavellian,Helen Street,Saint Ballado,Pinafore Park,A.P. Indy,Navarra,Luhuk,Stellaire,ラストタイクーン,Flame of Tara,Cure the Blues,Strident Note,Northern Dancer,Sex Appeal,Alleged,Moon Ingraver,Mr. Prospector,Batucada,Welsh Pageant,Pencuik Jewel,Nijinsky,Foreseer,Sadler's Wells,Jalapa,Mr. Prospector,Coup de Folie,Troy,Waterway,Halo,Ballade,Ascot Knight,Fleet Courage,Seattle Slew,Weekend Surprise,El Gran Senor,Image of Reality,フォーティナイナー,Royal Stance,サザンヘイロー,Sesig
202606010506,17,芝,2000,良,未勝利,ウインブライト,ブリッサ,ステイゴールド,サマーエタニティ,ブラックホーク,ツクバノーブル,サンデーサイレンス,ゴールデンサッシュ,アドマイヤコジーン,オールフォーゲラン,Nureyev,シルバーレーン,アサティス,ハンキダイヤ,Halo,Wishing Well,ディクタス,ダイナサッシュ,Cozzene,アドマイヤマカディ,ジェイドロバリー,ミスゲラン,Northern Dancer,Special,Silver Hawk,Strait Lane,Topsider,Secret Asset,ヴェンチア,ホンマルクイン,Hail to Reason,Cosmah,Understanding,Mountain Flower,Sanctus,Doronic,ノーザンテースト,ロイヤルサッシュ,Caro,Ride the Trails,ノーザンテースト,ミセスマカディー,Mr. Prospector,Number,マルゼンスキー,ゲラン,Nearctic,Natalma,Forli,Thong,Roberto,Gris Vitesse,Chieftain,Level Sands,Northern Dancer,Drumtop,Graustark,Numbered Account,Relic,Rose O'Lynn,ソロナウェー,クリゾノ
202606010506,18,芝,2000,良,未勝利,シルバーステート,コンフォータブル,ディープインパクト,シルヴァースカヤ,ザール,ローズホーラー,サンデーサイレンス,ウインドインハーヘア,Silver Hawk,Boubskaia,Zafonic,Monroe,トウショウボーイ,ミスティローズ,Halo,Wishing Well,Alzao,Burghclere,Roberto,Gris Vitesse,Niniski,Frenetique,Gone West,Zaizafon,Sir Ivor,Best in Show,テスコボーイ,ソシアルバターフライ,サクラショウリ,サクラタニマサ,Hail to Reason,Cosmah,Understanding,Mountain Flower,Lyphard,Lady Rebecca,Busted,Highclere,Hail to Reason,Bramalea,Amerigo,Matchiche,Nijinsky,Virginia Hills,Tyrant,Femina,Mr. Prospector,Secrettame,The Minstrel,Mofida,Sir Gaylord,Attica,Traffic Judge,Stolen Hour,Princely Gift,Suncourt,Your Host,Wisteria,パーソロン,シリネラ,ネプテューヌス,スワンズウッドグローヴ
202606010507,1,ダート,1800,良,1勝クラス,ルヴァンスレーヴ,フィールザプリティ,シンボリクリスエス,マエストラーレ,ブラックタイド,フィールザビュウ,Kris S.,Tee Kay,ネオユニヴァース,オータムブリーズ,サンデーサイレンス,ウインドインハーヘア,Distant View,Feel the Capote,Roberto,Sharp Queen,Gold Meridian,Tri Argo,サンデーサイレンス,ポインテッドパス,ティンバーカントリー,セプテンバーソング,Halo,Wishing Well,Alzao,Burghclere,Mr. Prospector,Seven Springs,Capote,Feel the Beat,Hail to Reason,Bramalea,Princequillo,Bridgework,Seattle Slew,Queen Louie,Tri Jet,Hail Proudly,Halo,Wishing Well,Kris,Silken Way,Woodman,Fall Aspen,リアルシャダイ,ダイナフェアリー,Hail to Reason,Cosmah,Understanding,Mountain Flower,Lyphard,Lady Rebecca,Busted,Highclere,Raise a Native,Gold Digger,Irish River,La Trinite,Seattle Slew,Too Bald,Shimatoree,Hinterland
202606010507,2,ダート,1800,良,1勝クラス,サトノクラウン,ケイティバローズ,Marju,ジョコンダ,マンハッタンカフェ,ホットマンボ,ラストタイクーン,Flame of Tara,Rossini,La Joconde,サンデーサイレンス,サトルチェンジ,Kingmambo,A. O. L. Hayes,トライマイベスト,Mill Princess,アーテイアス,Welsh Flame,Miswaki,Touch of Greatness,Vettori,Lust,Halo,Wishing Well,Law Society,Santa Luciana,Mr. Prospector,Miesque,A.P. Indy,Possible Mate,Northern Dancer,Sex Appeal,Mill Reef,Irish Lass,Round Table,Stylish Pattern,Welsh Pageant,Electric Flash,Mr. Prospector,Hopespringseternal,Hero's Honor,Ivory Wand,Machiavellian,Air Distingue,Pursuit of Love,Pato,Hail to Reason,Cosmah,Understanding,Mountain Flower,Alleged,Bold Bikini,Luciano,Suleika,Raise a Native,Gold Digger,Nureyev,Pasadoble,Seattle Slew,Weekend Surprise,King's Bishop,Execution
202606010507,3,ダート,1800,良,1勝クラス,ハービンジャー,ロイヤルライン,Dansili,Penang Pearl,クロフネ,ロイヤルパートナー,デインヒル,Hasili,Bering,Guapa,フレンチデピュティ,ブルーアヴェニュー,エリシオ,ダンスパートナー,Danzig,Razyana,Kahyasi,Kerali,Arctic Tern,Beaune,Shareef Dancer,Sauceboat,Deputy Minister,Mitterand,Classic Go Go,Eliza Blue,Fairy King,Helice,サンデーサイレンス,ダンシングキイ,Northern Dancer,Pas de Nom,His Majesty,Spring Adieu,イルドブルボン,Kadissya,High Line,Sookera,Sea-Bird,Bubbling Beauty,Lyphard,Barbra,Northern Dancer,Sweet Alliance,Connaught,Cranberry Sauce,Vice Regent,Mint Copy,Hold Your Peace,Laredo Lass,Pago Pago,Classic Perfection,Icecapade,コレラ,Northern Dancer,Fairy Bridge,Slewpy,Hirondelle,Halo,Wishing Well,Nijinsky,Key Partner
202606010507,4,ダート,1800,良,1勝クラス,ルヴァンスレーヴ,レセディラローナ,シンボリクリスエス,マエストラーレ,エンパイアメーカー,ゴールドオアシス,Kris S.,Tee Kay,ネオユニヴァース,オータムブリーズ,Unbridled,Toussaud,アフリート,ヴェルシエンカ,Roberto,Sharp Queen,Gold Meridian,Tri Argo,サンデーサイレンス,ポインテッドパス,ティンバーカントリー,セプテンバーソング,Fappiano,Gana Facil,El Gran Senor,Image of Reality,Mr. Prospector,Polite Lady,Nijinsky,Veruschka,Hail to Reason,Bramalea,Princequillo,Bridgework,Seattle Slew,Queen Louie,Tri Jet,Hail Proudly,Halo,Wishing Well,Kris,Silken Way,Woodman,Fall Aspen,リアルシャダイ,ダイナフェアリー,Mr. Prospector,Killaloe,Le Fabuleux,Charedi,Northern Dancer,Sex Appeal,In Reality,Edee's Image,Raise a Native,Gold Digger,Venetian Jester,Friendly Ways,Northern Dancer,Flaming Page,ヴェンチア,Marie d'Anjou
202606010507,5,ダート,1800,良,1勝クラス,リオンディーズ,ナルハヤ,キングカメハメハ,シーザリオ,サクラプレジデント,カルナアヴァンセ,Kingmambo,マンファス,スペシャルウィーク,キロフプリミエール,サンデーサイレンス,セダンフォーエバー,キングヘイロー,エスピヨン,Mr. Prospector,Miesque,ラストタイクーン,Pilot Bird,サンデーサイレンス,キャンペンガール,Sadler's Wells,Querida,Halo,Wishing Well,マルゼンスキー,サクラセダン,ダンシングブレーヴ,グッバイヘイロー,Unbridled's Song,トリッキーコード,Raise a Native,Gold Digger,Nureyev,Pasadoble,トライマイベスト,Mill Princess,Blakeney,The Dancer,Halo,Wishing Well,マルゼンスキー,レディーシラオキ,Northern Dancer,Fairy Bridge,Habitat,Principia,Hail to Reason,Cosmah,Understanding,Mountain Flower,Nijinsky,シル,セダン,スワンズウッドグローヴ,Lyphard,Navajo Princess,Halo,Pound Foolish,Unbridled,Trolley Song,Lost Code,Dam Clever
202606010507,6,ダート,1800,良,1勝クラス,オルフェーヴル,プペフラッシュ,ステイゴールド,オリエンタルアート,Elusive Quality,Modesty Blaise,サンデーサイレンス,ゴールデンサッシュ,メジロマックイーン,エレクトロアート,Gone West,Touch of Greatness,A.P. Indy,Chimes of Freedom,Halo,Wishing Well,ディクタス,ダイナサッシュ,メジロティターン,メジロオーロラ,ノーザンテースト,グランマスティーヴンス,Mr. Prospector,Secrettame,Hero's Honor,Ivory Wand,Seattle Slew,Weekend Surprise,Private Account,Aviance,Hail to Reason,Cosmah,Understanding,Mountain Flower,Sanctus,Doronic,ノーザンテースト,ロイヤルサッシュ,メジロアサマ,シエリル,リマンド,メジロアイリス,Northern Dancer,Lady Victoria,Lt. Stevens,Dhow,Raise a Native,Gold Digger,Secretariat,Tamerett,Northern Dancer,Glowing Tribute,Sir Ivor,Natashka,Bold Reasoning,My Charmer,Secretariat,Lassie Dear,Damascus,Numbered Account,Northfields,Minnie Hauk
202606010507,7,ダート,1800,良,1勝クラス,ジャスタウェイ,アドアード,ハーツクライ,シビル,Galileo,Sudden Hope,サンデーサイレンス,アイリッシュダンス,Wild Again,シャロン,Sadler's Wells,Urban Sea,Darshaan,Sudden Glory,Halo,Wishing Well,トニービン,ビューパーダンス,Icecapade,Bushel-n-Peck,Mo Exception,Double Wiggle,Northern Dancer,Fairy Bridge,Miswaki,Allegretta,Shirley Heights,Delsy,Luthier,Sauce Supreme,Hail to Reason,Cosmah,Understanding,Mountain Flower,カンパラ,Severn Bridge,Lyphard,My Bupers,Nearctic,Shenanigans,Khaled,Dama,Hard Work,With Exception,Sir Wiggle,Blue Double,Nearctic,Natalma,Bold Reason,Special,Mr. Prospector,Hopespringseternal,Lombard,Anatevka,Mill Reef,Hardiemma,Abdos,Kelty,Klairon,Flute Enchantee,Hard Sauce,Miss Justice
202606010507,8,ダート,1800,良,1勝クラス,リオンディーズ,テルヌーラ,キングカメハメハ,シーザリオ,ディープインパクト,ドントテルソフィア,Kingmambo,マンファス,スペシャルウィーク,キロフプリミエール,サンデーサイレンス,ウインドインハーヘア,Congaree,Lost Expectations,Mr. Prospector,Miesque,ラストタイクーン,Pilot Bird,サンデーサイレンス,キャンペンガール,Sadler's Wells,Querida,Halo,Wishing Well,Alzao,Burghclere,アラジ,Mari's Sheba,Valid Expectations,Lost Leaf,Raise a Native,Gold Digger,Nureyev,Pasadoble,トライマイベスト,Mill Princess,Blakeney,The Dancer,Halo,Wishing Well,マルゼンスキー,レディーシラオキ,Northern Dancer,Fairy Bridge,Habitat,Principia,Hail to Reason,Cosmah,Understanding,Mountain Flower,Lyphard,Lady Rebecca,Busted,Highclere,Blushing Groom,ダンスールファビュルー,Mari's Book,Sheba Little,Valid Appeal,Mepache,Lost Code,Heartleaf
202606010507,9,ダート,1800,良,1勝クラス,パイロ,クリスタルキャノン,Pulpit,Wild Vision,クロフネ,ダイワジャンヌ,A.P. Indy,Preach,Wild Again,Carol's Wonder,フレンチデピュティ,ブルーアヴェニュー,タニノギムレット,ケーキカット,Seattle Slew,Weekend Surprise,Mr. Prospector,Narrate,Icecapade,Bushel-n-Peck,Pass the Tab,Carols Christmas,Deputy Minister,Mitterand,Classic Go Go,Eliza Blue,ブライアンズタイム,タニノクリスタル,デヒア,トリムカット,Bold Reasoning,My Charmer,Secretariat,Lassie Dear,Raise a Native,Gold Digger,Honest Pleasure,State,Nearctic,Shenanigans,Khaled,Dama,Al Hattab,Dantina,Whitesburg,Light Verse,Vice Regent,Mint Copy,Hold Your Peace,Laredo Lass,Pago Pago,Classic Perfection,Icecapade,コレラ,Roberto,Kelley's Day,クリスタルパレス,タニノシーバード,Deputy Minister,Sister Dot,Roberto,Trim Colony
202606010507,10,ダート,1800,良,1勝クラス,ゴールドアクター,パテオドバテール,スクリーンヒーロー,ヘイロンシン,Shirocco,Kuesta Ragazza,グラスワンダー,ランニングヒロイン,キョウワアリシバ,ハッピーヒエン,Monsun,So Sedulous,Hibernian Rhapsody,Talia Fighter,Silver Hawk,Ameriflora,サンデーサイレンス,ダイナアクトレス,Alysheba,Sulemeif,マナード,ブゼンフブキ,Konigsstuhl,Mosella,The Minstrel,Sedulous,Darshaan,Elegance in Design,Irish Fighter,Saguenay,Roberto,Gris Vitesse,Danzig,Graceful Touch,Halo,Wishing Well,ノーザンテースト,モデルスポート,Alydar,Bel Sheba,Northern Dancer,Barely Even,Captain's Gig,Slipstream,セダン,トサクイン,Dschingis Khan,Konigskronung,Surumu,Monasia,Northern Dancer,Fleur,タップオンウッド,Pendulina,Shirley Heights,Delsy,Habitat,Areola,Irish River,Go On Dreaming,Sham,Flyover
202606010507,11,ダート,1800,良,1勝クラス,ドゥラメンテ,メジロツボネ,キングカメハメハ,アドマイヤグルーヴ,スウェプトオーヴァーボード,メジロルバート,Kingmambo,マンファス,サンデーサイレンス,エアグルーヴ,エンドスウィープ,Sheer Ice,メジロライアン,メジロラモーヌ,Mr. Prospector,Miesque,ラストタイクーン,Pilot Bird,Halo,Wishing Well,トニービン,ダイナカール,フォーティナイナー,Broom Dance,Cutlass,Hey Dolly A.,アンバーシャダイ,メジロチェイサー,モガミ,メジロヒリュウ,Raise a Native,Gold Digger,Nureyev,Pasadoble,トライマイベスト,Mill Princess,Blakeney,The Dancer,Hail to Reason,Cosmah,Understanding,Mountain Flower,カンパラ,Severn Bridge,ノーザンテースト,シャダイフェザー,Mr. Prospector,File,Dance Spell,Witching Hour,Damascus,Aphonia,Ambehaving,Swift Deal,ノーザンテースト,クリアアンバー,メジロサンマン,シエリル,Lyphard,ノーラック,ネヴァービート,アマゾンウォリアー
202606010507,12,ダート,1800,良,1勝クラス,マジェスティックウォリアー,サイモンガーランド,A.P. Indy,Dream Supreme,ロージズインメイ,メアリーステラ,Seattle Slew,Weekend Surprise,Seeking the Gold,Spinning Round,Devil His Due,Tell a Secret,マイネルラヴ,ラシアンメアリー,Bold Reasoning,My Charmer,Secretariat,Lassie Dear,Mr. Prospector,Con Game,Dixieland Band,Take Heart,Devil's Bag,Plenty O'Toole,Speak John,Secret Retreat,Seeking the Gold,Heart of Joy,ラシアンルーブル,ラシャール,Boldnesian,Reason to Earn,Poker,Fair Charmer,Bold Ruler,Somethingroyal,Buckpasser,Gay Missile,Raise a Native,Gold Digger,Buckpasser,Broadway,Northern Dancer,Mississippi Mud,Secretariat,Deck Stewardess,Halo,Ballade,Raise a Cup,Li'l Puss,Prince John,Nuit de Folies,Clandestine,Retirement,Mr. Prospector,Con Game,リィフォー,Mythographer,Nijinsky,Squander,パーソロン,スイシユン
202606010507,13,ダート,1800,良,1勝クラス,アルアイン,キャットタング,ディープインパクト,ドバイマジェスティ,Tapit,Wile Cat,サンデーサイレンス,ウインドインハーヘア,Essence of Dubai,Great Majesty,Pulpit,Tap Your Heels,Storm Cat,Strategic Maneuver,Halo,Wishing Well,Alzao,Burghclere,Pulpit,Epitome,Great Above,Mistic Majesty,A.P. Indy,Preach,Unbridled,Ruby Slippers,Storm Bird,Terlingua,Cryptoclearance,プレイヤーホイール,Hail to Reason,Cosmah,Understanding,Mountain Flower,Lyphard,Lady Rebecca,Busted,Highclere,A.P. Indy,Preach,Summing,Honest and True,Minnesota Mac,Ta Wee,His Majesty,Necaras Miss,Seattle Slew,Weekend Surprise,Mr. Prospector,Narrate,Fappiano,Gana Facil,Nijinsky,Moon Glitter,Northern Dancer,South Ocean,Secretariat,Crimson Saint,Fappiano,Naval Orange,Conquistador Cielo,Halo Reply
202606010507,14,ダート,1800,良,1勝クラス,Medaglia d'Oro,ラッキーダイム,El Prado,Cappucino Bay,Creative Cause,Indian Miss,Sadler's Wells,Lady Capulet,Bailjumper,Dubbed In,Giant's Causeway,Dream of Summer,Indian Charlie,Glacken's Gal,Northern Dancer,Fairy Bridge,Sir Ivor,Cap and Bells,Damascus,Court Circuit,Silent Screen,Society Singer,Storm Cat,Mariah's Storm,Siberian Summer,Mary's Dream,In Excess,Soviet Sojourn,Smoke Glacken,Lady Diplomat,Nearctic,Natalma,Bold Reason,Special,Sir Gaylord,Attica,Tom Fool,Ghazni,Sword Dancer,Kerala,Royal Vale,Cycle,Prince John,Prayer Bell,Restless Wind,Social Position,Storm Bird,Terlingua,Rahy,イメンス,Siberian Express,Mia Karina,Skywalker,Proper Mary,Siberian Express,Kantado,Leo Castelli,Political Parfait,Two Punch,Majesty's Crown,Silver Deputy,Mercedes Miss
202606010507,中,ダート,1800,良,1勝クラス,サートゥルナーリア,パシフィックギャル,ロードカナロア,シーザリオ,ゼンノロブロイ,アイランドファッション,キングカメハメハ,レディブラッサム,スペシャルウィーク,キロフプリミエール,サンデーサイレンス,ローミンレイチェル,Petionville,Danzigs Fashion,Kingmambo,マンファス,Storm Cat,サラトガデュー,サンデーサイレンス,キャンペンガール,Sadler's Wells,Querida,Halo,Wishing Well,マイニング,One Smart Lady,Seeking the Gold,Vana Turns,A Native Danzig,High View Fashion,Mr. Prospector,Miesque,ラストタイクーン,Pilot Bird,Storm Bird,Terlingua,Cormorant,Super Luna,Halo,Wishing Well,マルゼンスキー,レディーシラオキ,Northern Dancer,Fairy Bridge,Habitat,Principia,Hail to Reason,Cosmah,Understanding,Mountain Flower,Mr. Prospector,I Pass,Clever Trick,Pia's Lady,Mr. Prospector,Con Game,Wavering Monarch,The Wheel Turns,Danzig,Lucy Belle,Bold Tropic,Fleet Fashion
202606010508,1,芝,1200,良,1勝クラス,モーリス,ジングルベルロック,スクリーンヒーロー,メジロフランシス,ロックオブジブラルタル,Puggy,グラスワンダー,ランニングヒロイン,カーネギー,メジロモントレー,デインヒル,Offshore Boom,Mark of Esteem,Jakarta,Silver Hawk,Ameriflora,サンデーサイレンス,ダイナアクトレス,Sadler's Wells,Detroit,モガミ,メジロクインシー,Danzig,Razyana,Be My Guest,Push a Button,Darshaan,Homage,Machiavellian,Lunda,Roberto,Gris Vitesse,Danzig,Graceful Touch,Halo,Wishing Well,ノーザンテースト,モデルスポート,Northern Dancer,Fairy Bridge,Riverman,Derna,Lyphard,ノーラック,フィディオン,メジロボサツ,Northern Dancer,Pas de Nom,His Majesty,Spring Adieu,Northern Dancer,What a Treat,Bold Lad,River Lady,Shirley Heights,Delsy,Ajdal,Home Love,Mr. Prospector,Coup de Folie,ソヴィエトスター,Lucayan Princess
202606010508,2,芝,1200,良,1勝クラス,ファインニードル,ミッドサマーハウス,アドマイヤムーン,ニードルクラフト,ハーツクライ,ミッドサマーフェア,エンドスウィープ,マイケイティーズ,Mark of Esteem,Sharp Point,サンデーサイレンス,アイリッシュダンス,タニノギムレット,ストロベリーフェア,フォーティナイナー,Broom Dance,サンデーサイレンス,ケイティーズファースト,Darshaan,Homage,ロイヤルアカデミー,Nice Point,Halo,Wishing Well,トニービン,ビューパーダンス,ブライアンズタイム,タニノクリスタル,Kingmambo,ストームソング,Mr. Prospector,File,Dance Spell,Witching Hour,Halo,Wishing Well,Kris,Katies,Shirley Heights,Delsy,Ajdal,Home Love,Nijinsky,Crimson Saint,Sharpen Up,Alpine Niece,Hail to Reason,Cosmah,Understanding,Mountain Flower,カンパラ,Severn Bridge,Lyphard,My Bupers,Roberto,Kelley's Day,クリスタルパレス,タニノシーバード,Mr. Prospector,Miesque,Summer Squall,Hum Along
202606010508,3,芝,1200,良,1勝クラス,サートゥルナーリア,ラブローレル,ロードカナロア,シーザリオ,ブライアンズタイム,ローレルポラリス,キングカメハメハ,レディブラッサム,スペシャルウィーク,キロフプリミエール,Roberto,Kelley's Day,サクラユタカオー,セブンレットウ,Kingmambo,マンファス,Storm Cat,サラトガデュー,サンデーサイレンス,キャンペンガール,Sadler's Wells,Querida,Hail to Reason,Bramalea,Graustark,Golden Trail,テスコボーイ,アンジェリカ,パーソロン,ホクセーミドリ,Mr. Prospector,Miesque,ラストタイクーン,Pilot Bird,Storm Bird,Terlingua,Cormorant,Super Luna,Halo,Wishing Well,マルゼンスキー,レディーシラオキ,Northern Dancer,Fairy Bridge,Habitat,Principia,Turn-to,Nothirdchance,Nashua,Rarelea,Ribot,Flower Bowl,Hasty Road,Sunny Vale,Princely Gift,Suncourt,ネヴァービート,スターハイネス,Milesian,Paleo,ヴェンチア,フェアリーテイル
202606010508,4,芝,1200,良,1勝クラス,ストロングリターン,ディランディラン,シンボリクリスエス,コートアウト,サクラプレジデント,ラブディラン,Kris S.,Tee Kay,Smart Strike,アザール,サンデーサイレンス,セダンフォーエバー,Dylan Thomas,ゴンチャローワ,Roberto,Sharp Queen,Gold Meridian,Tri Argo,Mr. Prospector,Classy 'n Smart,Nijinsky,Smart Heiress,Halo,Wishing Well,マルゼンスキー,サクラセダン,デインヒル,Lagrion,Gone West,Pure Grain,Hail to Reason,Bramalea,Princequillo,Bridgework,Seattle Slew,Queen Louie,Tri Jet,Hail Proudly,Raise a Native,Gold Digger,Smarten,No Class,Northern Dancer,Flaming Page,Vaguely Noble,Smartaire,Hail to Reason,Cosmah,Understanding,Mountain Flower,Nijinsky,シル,セダン,スワンズウッドグローヴ,Danzig,Razyana,Diesis,Wrap It Up,Mr. Prospector,Secrettame,Polish Precedent,Mill Line
202606010508,4,芝,1200,良,1勝クラス,コントレイル,カーレッサ,ディープインパクト,ロードクロサイト,Uncle Mo,Iplaytricks,サンデーサイレンス,ウインドインハーヘア,Unbridled's Song,Folklore,Indian Charlie,Playa Maya,Desert God,I Like Tricks,Halo,Wishing Well,Alzao,Burghclere,Unbridled,Trolley Song,Tiznow,Contrive,In Excess,Soviet Sojourn,Arch,Dixie Slippers,Fappiano,Blush With Pride,Tricky Fun,Iliketodance,Hail to Reason,Cosmah,Understanding,Mountain Flower,Lyphard,Lady Rebecca,Busted,Highclere,Fappiano,Gana Facil,Caro,Lucky Spell,Cee's Tizzy,Cee's Song,Storm Cat,Jeano,Siberian Express,Kantado,Leo Castelli,Political Parfait,Kris S.,Aurora,Dixieland Band,Cyane's Slippers,Mr. Prospector,Killaloe,Blushing Groom,Best in Show,Phone Trick,Fun and Tears,Country Manor,Dratahni's Dance
202606010508,6,芝,1200,良,1勝クラス,アルアイン,モルジアナ,ディープインパクト,ドバイマジェスティ,Dubawi,サマーハ,サンデーサイレンス,ウインドインハーヘア,Essence of Dubai,Great Majesty,Dubai Millennium,Zomaradah,シングスピール,Genovefa,Halo,Wishing Well,Alzao,Burghclere,Pulpit,Epitome,Great Above,Mistic Majesty,Seeking the Gold,Colorado Dancer,Deploy,Jawaher,In the Wings,Glorious Song,Woodman,Reigning Countess,Hail to Reason,Cosmah,Understanding,Mountain Flower,Lyphard,Lady Rebecca,Busted,Highclere,A.P. Indy,Preach,Summing,Honest and True,Minnesota Mac,Ta Wee,His Majesty,Necaras Miss,Mr. Prospector,Con Game,Shareef Dancer,Fall Aspen,Shirley Heights,Slightly Dangerous,ダンシングブレーヴ,High Tern,Sadler's Wells,High Hawk,Halo,Ballade,Mr. Prospector,プレイメイト,Far North,Countess Fager
202606010508,7,芝,1200,良,1勝クラス,タワーオブロンドン,マリナーズコンパス,Raven's Pass,スノーパイン,ディープインパクト,フサイチエイブル,Elusive Quality,Ascutney,Dalakhani,シンコウエルメス,サンデーサイレンス,ウインドインハーヘア,Deputy Minister,Stardusk,Gone West,Touch of Greatness,Lord at War,Right Word,Darshaan,Daltawa,Sadler's Wells,Doff the Derby,Halo,Wishing Well,Alzao,Burghclere,Vice Regent,Mint Copy,Stage Door Johnny,Dusk,Mr. Prospector,Secrettame,Hero's Honor,Ivory Wand,General,Luna de Miel,Verbatim,Oratorio,Shirley Heights,Delsy,Miswaki,Damana,Northern Dancer,Fairy Bridge,Master Derby,Margarethen,Hail to Reason,Cosmah,Understanding,Mountain Flower,Lyphard,Lady Rebecca,Busted,Highclere,Northern Dancer,Victoria Regina,Bunty's Flight,Shakney,Prince John,Peroxide Blonde,Olden Times,Tropic Star
202606010508,8,芝,1200,良,1勝クラス,サートゥルナーリア,ヴァルドワーズ,ロードカナロア,シーザリオ,ダノンシャンティ,ウィストラム,キングカメハメハ,レディブラッサム,スペシャルウィーク,キロフプリミエール,フジキセキ,シャンソネット,フレンチデピュティ,リュドゥパーム,Kingmambo,マンファス,Storm Cat,サラトガデュー,サンデーサイレンス,キャンペンガール,Sadler's Wells,Querida,サンデーサイレンス,ミルレーサー,Mark of Esteem,Glorious Song,Deputy Minister,Mitterand,Icecapade,Am Reasonable,Mr. Prospector,Miesque,ラストタイクーン,Pilot Bird,Storm Bird,Terlingua,Cormorant,Super Luna,Halo,Wishing Well,マルゼンスキー,レディーシラオキ,Northern Dancer,Fairy Bridge,Habitat,Principia,Halo,Wishing Well,Le Fabuleux,Marston's Mill,Darshaan,Homage,Halo,Ballade,Vice Regent,Mint Copy,Hold Your Peace,Laredo Lass,Nearctic,Shenanigans,Turn to Reason,Ampart
202606010508,9,芝,1200,良,1勝クラス,タニノフランケル,ラブミーブルー,Frankel,ウオッカ,サウスヴィグラス,イゾラトウショウ,Galileo,Kind,タニノギムレット,タニノシスター,エンドスウィープ,ダーケストスター,ティンバーカントリー,ブリストウショウ,Sadler's Wells,Urban Sea,デインヒル,Rainbow Lake,ブライアンズタイム,タニノクリスタル,ルション,エナジートウショウ,フォーティナイナー,Broom Dance,Star de Naskra,Minnie Riperton,Woodman,Fall Aspen,ビゼンニシキ,ガールトウショウ,Northern Dancer,Fairy Bridge,Miswaki,Allegretta,Danzig,Razyana,Rainbow Quest,Rockfest,Roberto,Kelley's Day,クリスタルパレス,タニノシーバード,Riverman,ベルドリーヌ,トウショウボーイ,コーニストウショウ,Mr. Prospector,File,Dance Spell,Witching Hour,Naskra,Candle Star,Cornish Prince,English Harbor,Mr. Prospector,プレイメイト,Pretense,Change Water,ダンディルート,ベニバナビゼン,チャイナロック,ソシアルバターフライ
202606010508,10,芝,1200,良,1勝クラス,フォーウィールドライブ,ゴールドオーク,American Pharoah,Funfair,エイシンフラッシュ,クエルクス,Pioneerof the Nile,Littleprincessemma,More Than Ready,Fleuron,キングズベスト,ムーンレディ,フジキセキ,ダイアゴネル,エンパイアメーカー,Star of Goshen,Yankee Gentleman,Exclusive Rosette,サザンヘイロー,Woodman's Girl,Distant View,Flamboyance,Kingmambo,Allegretta,Platini,Midnight Fever,サンデーサイレンス,ミルレーサー,Darshaan,Dance of Leaves,Unbridled,Toussaud,Lord at War,Castle Eight,Storm Cat,Key Phrase,Ecliptical,Zetta Jet,Halo,Northern Sea,Woodman,Becky Be Good,Mr. Prospector,Seven Springs,Zilzal,Bridal Wreath,Mr. Prospector,Miesque,Lombard,Anatevka,Surumu,Prairie Darling,Sure Blade,Majoritat,Halo,Wishing Well,Le Fabuleux,Marston's Mill,Shirley Heights,Delsy,Sadler's Wells,Fall Aspen
202606010508,11,芝,1200,良,1勝クラス,ウインブライト,コスモミール,ステイゴールド,サマーエタニティ,ヘクタープロテクター,トリプルタイム,サンデーサイレンス,ゴールデンサッシュ,アドマイヤコジーン,オールフォーゲラン,Woodman,Korveya,リアルシャダイ,シェナンドアワルツ,Halo,Wishing Well,ディクタス,ダイナサッシュ,Cozzene,アドマイヤマカディ,ジェイドロバリー,ミスゲラン,Mr. Prospector,プレイメイト,Riverman,Konafa,Roberto,Desert Vixen,マルゼンスキー,ホースメンテスコ,Hail to Reason,Cosmah,Understanding,Mountain Flower,Sanctus,Doronic,ノーザンテースト,ロイヤルサッシュ,Caro,Ride the Trails,ノーザンテースト,ミセスマカディー,Mr. Prospector,Number,マルゼンスキー,ゲラン,Raise a Native,Gold Digger,Buckpasser,Intriguing,Never Bend,River Lady,Damascus,Royal Statute,Hail to Reason,Bramalea,In Reality,Desert Trial,Nijinsky,シル,テスコボーイ,エーバンブ
202606010509,1,ダート,2400,良,2勝クラス,ミッキーグローリー,ジェイケイカルミア,ディープインパクト,メリッサ,キングカメハメハ,ジェイケイクリス,サンデーサイレンス,ウインドインハーヘア,ホワイトマズル,ストーミーラン,Kingmambo,マンファス,シンボリクリスエス,ジェイケイコマンダ,Halo,Wishing Well,Alzao,Burghclere,ダンシングブレーヴ,Fair of the Furze,トニービン,ウインドオブサマー,Mr. Prospector,Miesque,ラストタイクーン,Pilot Bird,Kris S.,Tee Kay,コマンダーインチーフ,オギロートレック,Hail to Reason,Cosmah,Understanding,Mountain Flower,Lyphard,Lady Rebecca,Busted,Highclere,Lyphard,Navajo Princess,Ela-Mana-Mou,Autocratic,カンパラ,Severn Bridge,ノーザリー,アイレバース,Raise a Native,Gold Digger,Nureyev,Pasadoble,トライマイベスト,Mill Princess,Blakeney,The Dancer,Roberto,Sharp Queen,Gold Meridian,Tri Argo,ダンシングブレーヴ,Slightly Dangerous,マルゼンスキー,ウメノフーリン
202606010509,2,ダート,2400,良,2勝クラス,ハーツクライ,シーヴ,サンデーサイレンス,アイリッシュダンス,Mineshaft,Belterra,Halo,Wishing Well,トニービン,ビューパーダンス,A.P. Indy,Prospectors Delite,Unbridled,Cruising Haven,Hail to Reason,Cosmah,Understanding,Mountain Flower,カンパラ,Severn Bridge,Lyphard,My Bupers,Seattle Slew,Weekend Surprise,Mr. Prospector,Up the Flagpole,Fappiano,Gana Facil,Shelter Half,Sailing Leader,Turn-to,Nothirdchance,Cosmic Bomb,Almahmoud,Promised Land,Pretty Ways,Montparnasse,Edelweiss,Kalamoun,State Pension,Hornbeam,Priddy Fair,Northern Dancer,Goofed,Bupers,Princess Revoked,Bold Reasoning,My Charmer,Secretariat,Lassie Dear,Raise a Native,Gold Digger,Hoist the Flag,The Garden Club,Mr. Prospector,Killaloe,Le Fabuleux,Charedi,Tentam,Gay Matelda,Mr. Leader,Sailor Town
202606010509,3,ダート,2400,良,2勝クラス,ルヴァンスレーヴ,チェス,シンボリクリスエス,マエストラーレ,フリオーソ,スズオリヅル,Kris S.,Tee Kay,ネオユニヴァース,オータムブリーズ,ブライアンズタイム,ファーザ,フサイチコンコルド,スズマイヒメ,Roberto,Sharp Queen,Gold Meridian,Tri Argo,サンデーサイレンス,ポインテッドパス,ティンバーカントリー,セプテンバーソング,Roberto,Kelley's Day,Mr. Prospector,Baya,Caerleon,バレークイーン,ハウスバスター,ポップアート,Hail to Reason,Bramalea,Princequillo,Bridgework,Seattle Slew,Queen Louie,Tri Jet,Hail Proudly,Halo,Wishing Well,Kris,Silken Way,Woodman,Fall Aspen,リアルシャダイ,ダイナフェアリー,Hail to Reason,Bramalea,Graustark,Golden Trail,Raise a Native,Gold Digger,Nureyev,Barger,Nijinsky,Foreseer,Sadler's Wells,Sun Princess,Mt. Livermore,Big Dreams,Relaunch,Popachee
202606010509,4,ダート,2400,良,2勝クラス,シニスターミニスター,ツインキャンドル,Old Trieste,Sweet Minister,キングカメハメハ,モンローライン,A.P. Indy,Lovlier Linda,The Prime Minister,Sweet Blue,Kingmambo,マンファス,ダンスインザダーク,ビッグモンロー,Seattle Slew,Weekend Surprise,Vigors,Linda Summers,Deputy Minister,Stick to Beauty,Hurry Up Blue,Sugar Gold,Mr. Prospector,Miesque,ラストタイクーン,Pilot Bird,サンデーサイレンス,ダンシングキイ,トニービン,モルゲンロート,Bold Reasoning,My Charmer,Secretariat,Lassie Dear,Grey Dawn,Relifordie,Crozier,Queenly Gift,Vice Regent,Mint Copy,Illustrious,Hail to Beauty,Mr. Leader,Blue Baroness,Mr. Prospector,Miss Ironside,Raise a Native,Gold Digger,Nureyev,Pasadoble,トライマイベスト,Mill Princess,Blakeney,The Dancer,Halo,Wishing Well,Nijinsky,Key Partner,カンパラ,Severn Bridge,マルゼンスキー,サンライトリバー
202606010509,5,ダート,2400,良,2勝クラス,ホッコータルマエ,プライムウィッシュ,キングカメハメハ,マダムチェロキー,シンボリクリスエス,プライムオブユース,Kingmambo,マンファス,Cherokee Run,アンフォイルド,Kris S.,Tee Kay,Deputy Minister,Miss Ra He Ra,Mr. Prospector,Miesque,ラストタイクーン,Pilot Bird,Runaway Groom,Cherokee Dame,Unbridled,Bold Foil,Roberto,Sharp Queen,Gold Meridian,Tri Argo,Vice Regent,Mint Copy,Rahy,Glimmer of Gold,Raise a Native,Gold Digger,Nureyev,Pasadoble,トライマイベスト,Mill Princess,Blakeney,The Dancer,Blushing Groom,Yonnie Girl,Silver Saber,Dame Francesca,Fappiano,Gana Facil,Bold Forbes,Perfect Foil,Hail to Reason,Bramalea,Princequillo,Bridgework,Seattle Slew,Queen Louie,Tri Jet,Hail Proudly,Northern Dancer,Victoria Regina,Bunty's Flight,Shakney,Blushing Groom,Glorious Song,Slew o' Gold,Prime Prospect
202606010509,6,ダート,2400,良,2勝クラス,ホッコータルマエ,ジョーイロンデル,キングカメハメハ,マダムチェロキー,クロフネ,ジョーテンオン,Kingmambo,マンファス,Cherokee Run,アンフォイルド,フレンチデピュティ,ブルーアヴェニュー,サンデーサイレンス,サクラギャル,Mr. Prospector,Miesque,ラストタイクーン,Pilot Bird,Runaway Groom,Cherokee Dame,Unbridled,Bold Foil,Deputy Minister,Mitterand,Classic Go Go,Eliza Blue,Halo,Wishing Well,ノーザンテースト,シヤダイアンブリー,Raise a Native,Gold Digger,Nureyev,Pasadoble,トライマイベスト,Mill Princess,Blakeney,The Dancer,Blushing Groom,Yonnie Girl,Silver Saber,Dame Francesca,Fappiano,Gana Facil,Bold Forbes,Perfect Foil,Vice Regent,Mint Copy,Hold Your Peace,Laredo Lass,Pago Pago,Classic Perfection,Icecapade,コレラ,Hail to Reason,Cosmah,Understanding,Mountain Flower,Northern Dancer,Lady Victoria,モデルフール,アンブリー
202606010509,7,ダート,2400,良,2勝クラス,タリスマニック,ドラゴンホマレ,Medaglia d'Oro,Magic Mission,トーセンホマレボシ,プラチナチャリス,El Prado,Cappucino Bay,Machiavellian,Dream Ticket,ディープインパクト,エヴリウィスパー,ロックオブジブラルタル,シルバーチャリス,Sadler's Wells,Lady Capulet,Bailjumper,Dubbed In,Mr. Prospector,Coup de Folie,Danzig,Capo Di Monte,サンデーサイレンス,ウインドインハーヘア,ノーザンテースト,クラフテイワイフ,デインヒル,Offshore Boom,Rainbow Quest,シルバーレーン,Northern Dancer,Fairy Bridge,Sir Ivor,Cap and Bells,Damascus,Court Circuit,Silent Screen,Society Singer,Raise a Native,Gold Digger,Halo,Raise the Standard,Northern Dancer,Pas de Nom,Final Straw,Burghclere,Halo,Wishing Well,Alzao,Burghclere,Northern Dancer,Lady Victoria,Crafty Prospector,Wife Mistress,Danzig,Razyana,Be My Guest,Push a Button,Blushing Groom,I Will Follow,Silver Hawk,Strait Lane
202606010509,8,ダート,2400,良,2勝クラス,ルーラーシップ,エバーキュート,キングカメハメハ,エアグルーヴ,チチカステナンゴ,フレジェール,Kingmambo,マンファス,トニービン,ダイナカール,Smadoun,スマラ,アグネスタキオン,スキーパラダイス,Mr. Prospector,Miesque,ラストタイクーン,Pilot Bird,カンパラ,Severn Bridge,ノーザンテースト,シャダイフェザー,Kaldoun,Mossma,Antheus,Small Partie,サンデーサイレンス,アグネスフローラ,Lyphard,Ski Goggle,Raise a Native,Gold Digger,Nureyev,Pasadoble,トライマイベスト,Mill Princess,Blakeney,The Dancer,Kalamoun,State Pension,Hornbeam,Priddy Fair,Northern Dancer,Lady Victoria,ガーサント,パロクサイド,Caro,Katana,Tip Moss,Ticma,Northern Dancer,Apachee,Fabulous Dancer,Summer Parties,Halo,Wishing Well,ロイヤルスキー,アグネスレディー,Northern Dancer,Goofed,ロイヤルスキー,Mississippi Siren
202606010509,9,ダート,2400,良,2勝クラス,ニューイヤーズデイ,イルーシヴゴールド,Street Cry,Justwhistledixie,ステイゴールド,プンタステラ,Machiavellian,Helen Street,Dixie Union,General Jeanne,サンデーサイレンス,ゴールデンサッシュ,Elusive City,Eroica,Mr. Prospector,Coup de Folie,Troy,Waterway,Dixieland Band,She's Tops,Honour and Glory,Ahpo Hel,Halo,Wishing Well,ディクタス,ダイナサッシュ,Elusive Quality,Star of Paris,Highest Honor,Eirehill,Raise a Native,Gold Digger,Halo,Raise the Standard,Petingo,La Milo,Riverman,Boulevard,Northern Dancer,Mississippi Mud,Capote,She's a Talent,Relaunch,Fair to All,Mr. Leader,Tiy,Hail to Reason,Cosmah,Understanding,Mountain Flower,Sanctus,Doronic,ノーザンテースト,ロイヤルサッシュ,Gone West,Touch of Greatness,Dayjur,Liturgism,Kenmare,High River,デインヒル,Elegie
202606010509,10,ダート,2400,良,2勝クラス,サンダースノー,リアライズノユメ,Helmet,Eastern Joy,アフリート,ジョウノカトリーヌ,Exceed And Excel,Accessories,Dubai Destination,Red Slippers,Mr. Prospector,Polite Lady,サンデーサイレンス,ジョウノカオルコ,デインヒル,Patrona,シングスピール,Anna Matrushka,Kingmambo,Mysterial,Nureyev,Morning Devotion,Raise a Native,Gold Digger,Venetian Jester,Friendly Ways,Halo,Wishing Well,シンボリルドルフ,オンワードウイッチ,Danzig,Razyana,Lomond,Gladiolus,In the Wings,Glorious Song,Mill Reef,Anna Paola,Mr. Prospector,Miesque,Alleged,Mysteries,Northern Dancer,Special,Affirmed,Morning Has Broken,Native Dancer,Raise You,Nashua,Sequence,Tom Fool,Venice,Green Ticket,Ways to Learn,Hail to Reason,Cosmah,Understanding,Mountain Flower,パーソロン,スイートルナ,ノーザンテースト,スズカケ
202606010509,11,ダート,2400,良,2勝クラス,ホッコータルマエ,ソリッドリーズン,キングカメハメハ,マダムチェロキー,ジャングルポケット,レディーダービー,Kingmambo,マンファス,Cherokee Run,アンフォイルド,トニービン,ダンスチャーマー,スペシャルウィーク,ウメノファイバー,Mr. Prospector,Miesque,ラストタイクーン,Pilot Bird,Runaway Groom,Cherokee Dame,Unbridled,Bold Foil,カンパラ,Severn Bridge,Nureyev,Skillful Joy,サンデーサイレンス,キャンペンガール,サクラユタカオー,ウメノローザ,Raise a Native,Gold Digger,Nureyev,Pasadoble,トライマイベスト,Mill Princess,Blakeney,The Dancer,Blushing Groom,Yonnie Girl,Silver Saber,Dame Francesca,Fappiano,Gana Facil,Bold Forbes,Perfect Foil,Kalamoun,State Pension,Hornbeam,Priddy Fair,Northern Dancer,Special,Nodouble,Skillful Miss,Halo,Wishing Well,マルゼンスキー,レディーシラオキ,テスコボーイ,アンジェリカ,ノーザンディクテイター,ウメノシルバー
202606010509,12,ダート,2400,良,2勝クラス,マジェスティックウォリアー,コパノレヴィーン,A.P. Indy,Dream Supreme,ゴールドアリュール,コパノニキータ,Seattle Slew,Weekend Surprise,Seeking the Gold,Spinning Round,サンデーサイレンス,ニキーヤ,ティンバーカントリー,ニホンピロローズ,Bold Reasoning,My Charmer,Secretariat,Lassie Dear,Mr. Prospector,Con Game,Dixieland Band,Take Heart,Halo,Wishing Well,Nureyev,Reluctant Guest,Woodman,Fall Aspen,トニービン,ウェディングブーケ,Boldnesian,Reason to Earn,Poker,Fair Charmer,Bold Ruler,Somethingroyal,Buckpasser,Gay Missile,Raise a Native,Gold Digger,Buckpasser,Broadway,Northern Dancer,Mississippi Mud,Secretariat,Deck Stewardess,Hail to Reason,Cosmah,Understanding,Mountain Flower,Northern Dancer,Special,Hostage,Vaguely Royal,Mr. Prospector,プレイメイト,Pretense,Change Water,カンパラ,Severn Bridge,リアルシャダイ,アリーウイン
202606010509,13,ダート,2400,良,2勝クラス,Liam's Map,アイスクリームサイレンス,Unbridled's Song,Miss Macy Sue,ストリートセンス,Double Scoop,Unbridled,Trolley Song,Trippi,Yada Yada,Street Cry,Bedazzle,Seeking the Gold,Golden Treat,Fappiano,Gana Facil,Caro,Lucky Spell,エンドスウィープ,Jealous Appeal,Great Above,Stem,Machiavellian,Helen Street,Dixieland Band,Majestic Legend,Mr. Prospector,Con Game,Theatrical,Golden Dust,Mr. Prospector,Killaloe,Le Fabuleux,Charedi,フォルティノ,Chambord,Lucky Mel,Incantation,フォーティナイナー,Broom Dance,Valid Appeal,Jealous Cat,Minnesota Mac,Ta Wee,Damascus,Tweak,Mr. Prospector,Coup de Folie,Troy,Waterway,Northern Dancer,Mississippi Mud,His Majesty,Long Legend,Raise a Native,Gold Digger,Buckpasser,Broadway,Nureyev,ツリーオブノレッジ,Dusty Canyon,Turn to Joy
202606010509,14,ダート,2400,良,2勝クラス,ドレフォン,コウヨウマリア,Gio Ponti,Eltimaas,ダンスインザダーク,フォーティース,Tale of the Cat,Chipeta Springs,Ghostzapper,Najecam,サンデーサイレンス,ダンシングキイ,フォーティナイナー,Book Collector,Storm Cat,Yarn,Alydar,Salt Spring,Awesome Again,Baby Zip,Trempolino,Sue Warner,Halo,Wishing Well,Nijinsky,Key Partner,Mr. Prospector,File,Irish River,Lypatia,Storm Bird,Terlingua,Mr. Prospector,Narrate,Raise a Native,Sweet Tooth,Salt Marsh,Jungle Mythologic,Deputy Minister,Primal Force,Relaunch,Thirty Zip,Sharpen Up,Trephine,Forli,Bitty Girl,Hail to Reason,Cosmah,Understanding,Mountain Flower,Northern Dancer,Flaming Page,Key to the Mint,Native Partner,Raise a Native,Gold Digger,Tom Rolfe,Continue,Riverman,Irish Star,Lyphard,Hypatia
202606010509,15,ダート,2400,良,2勝クラス,タリスマニック,ベストピクチャー,Medaglia d'Oro,Magic Mission,Dubawi,ゴールデングローブ,El Prado,Cappucino Bay,Machiavellian,Dream Ticket,Dubai Millennium,Zomaradah,Shamardal,Gold Sunrise,Sadler's Wells,Lady Capulet,Bailjumper,Dubbed In,Mr. Prospector,Coup de Folie,Danzig,Capo Di Monte,Seeking the Gold,Colorado Dancer,Deploy,Jawaher,Giant's Causeway,Helsinki,フォーティナイナー,Seattle Dawn,Northern Dancer,Fairy Bridge,Sir Ivor,Cap and Bells,Damascus,Court Circuit,Silent Screen,Society Singer,Raise a Native,Gold Digger,Halo,Raise the Standard,Northern Dancer,Pas de Nom,Final Straw,Burghclere,Mr. Prospector,Con Game,Shareef Dancer,Fall Aspen,Shirley Heights,Slightly Dangerous,ダンシングブレーヴ,High Tern,Storm Cat,Mariah's Storm,Machiavellian,Helen Street,Mr. Prospector,File,Grey Dawn,Embellished
202606010509,16,ダート,2400,良,2勝クラス,ハーツクライ,タイタンクイーン,サンデーサイレンス,アイリッシュダンス,Tiznow,Ensnare,Halo,Wishing Well,トニービン,ビューパーダンス,Cee's Tizzy,Cee's Song,Seeking the Gold,トラップパス,Hail to Reason,Cosmah,Understanding,Mountain Flower,カンパラ,Severn Bridge,Lyphard,My Bupers,Relaunch,テイズリー,Seattle Song,Lonely Dancer,Mr. Prospector,Con Game,Danzig,I Pass,Turn-to,Nothirdchance,Cosmic Bomb,Almahmoud,Promised Land,Pretty Ways,Montparnasse,Edelweiss,Kalamoun,State Pension,Hornbeam,Priddy Fair,Northern Dancer,Goofed,Bupers,Princess Revoked,In Reality,Foggy Note,Lyphard,Tizna,Seattle Slew,Incantation,ナイスダンサー,Sleep Lonely,Raise a Native,Gold Digger,Buckpasser,Broadway,Northern Dancer,Pas de Nom,Buckpasser,Impish
202606010510,1,ダート,1200,良,3勝クラス,Frosted,Little Dipper,Tapit,Fast Cookie,エスケンデレヤ,Eternal Grace,Pulpit,Tap Your Heels,Deputy Minister,Fleet Lady,Giant's Causeway,Aldebaran Light,Gilded Time,One Fit Lady,A.P. Indy,Preach,Unbridled,Ruby Slippers,Vice Regent,Mint Copy,Avenue of Flags,ディアーミミ,Storm Cat,Mariah's Storm,Seattle Slew,Altair,Timeless Moment,Gilded Lilly,Fit to Fight,Elgin Lady,Seattle Slew,Weekend Surprise,Mr. Prospector,Narrate,Fappiano,Gana Facil,Nijinsky,Moon Glitter,Northern Dancer,Victoria Regina,Bunty's Flight,Shakney,Seattle Slew,Beautiful Glass,Roberto,Carnival Princess,Storm Bird,Terlingua,Rahy,イメンス,Bold Reasoning,My Charmer,Alydar,ステラーオデッセイ,Damascus,Hour of Parting,What a Pleasure,Luquillo,Chieftain,Hasty Queen,Valid Appeal,Lady Portia
202606010510,2,ダート,1200,良,3勝クラス,ディスクリートキャット,ドナリサ,Forestry,Pretty Discreet,サウスヴィグラス,シャトーサファイア,Storm Cat,Shared Interest,Private Account,Pretty Persuasive,エンドスウィープ,ダーケストスター,ジェイドロバリー,コロラドブルー,Storm Bird,Terlingua,Pleasant Colony,Surgery,Damascus,Numbered Account,Believe It,Bury the Hatchet,フォーティナイナー,Broom Dance,Star de Naskra,Minnie Riperton,Mr. Prospector,Number,Halo,Blue Fences,Northern Dancer,South Ocean,Secretariat,Crimson Saint,His Majesty,Sun Colony,Dr. Fager,Bold Sequence,Sword Dancer,Kerala,Buckpasser,Intriguing,In Reality,Breakfast Bell,Tom Rolfe,Christmas Whishes,Mr. Prospector,File,Dance Spell,Witching Hour,Naskra,Candle Star,Cornish Prince,English Harbor,Raise a Native,Gold Digger,Nijinsky,Special,Hail to Reason,Cosmah,Third Martini,Blue Blur
202606010510,3,ダート,1200,良,3勝クラス,パイロ,プレシャスエルフ,Pulpit,Wild Vision,コロナドズクエスト,プレシャスフラワー,A.P. Indy,Preach,Wild Again,Carol's Wonder,フォーティナイナー,Laughing Look,サンデーサイレンス,プレシャスキール,Seattle Slew,Weekend Surprise,Mr. Prospector,Narrate,Icecapade,Bushel-n-Peck,Pass the Tab,Carols Christmas,Mr. Prospector,File,Damascus,Laughter,Halo,Wishing Well,ノーザンテースト,マルゼンキール,Bold Reasoning,My Charmer,Secretariat,Lassie Dear,Raise a Native,Gold Digger,Honest Pleasure,State,Nearctic,Shenanigans,Khaled,Dama,Al Hattab,Dantina,Whitesburg,Light Verse,Raise a Native,Gold Digger,Tom Rolfe,Continue,Sword Dancer,Kerala,Bold Ruler,Shenanigans,Hail to Reason,Cosmah,Understanding,Mountain Flower,Northern Dancer,Lady Victoria,ボールドラツド,シル
202606010510,4,ダート,1200,良,3勝クラス,トランセンド,カフジティアラ,ワイルドラッシュ,シネマスコープ,カネヒキリ,テイクザケイク,Wild Again,Rose Park,トニービン,ブルーハワイ,フジキセキ,ライフアウトゼア,スキャン,エビスマイ,Icecapade,Bushel-n-Peck,Plugged Nickle,Hardship,カンパラ,Severn Bridge,スリルショー,サニースワップス,サンデーサイレンス,ミルレーサー,Deputy Minister,Silver Valley,Mr. Prospector,Video,ラシアンルーブル,ローレルハッピー,Nearctic,Shenanigans,Khaled,Dama,Key to the Mint,Toll Booth,Drone,Hard and Fast,Kalamoun,State Pension,Hornbeam,Priddy Fair,Northern Baby,Splendid Girl,Hawaii,アイアンエイジ,Halo,Wishing Well,Le Fabuleux,Marston's Mill,Vice Regent,Mint Copy,Mr. Prospector,Seven Valleys,Raise a Native,Gold Digger,Nijinsky,Foreseer,Nijinsky,Squander,トウショウボーイ,リュウローレル
202606010510,5,ダート,1200,良,3勝クラス,ヘニーヒューズ,チャームポット,ヘネシー,Meadow Flyer,フジキセキ,ホットプレイ,Storm Cat,Island Kitty,Meadowlake,Shortley,サンデーサイレンス,ミルレーサー,ノーザンテースト,ダイナホット,Storm Bird,Terlingua,Hawaii,T. C. Kitten,Hold Your Peace,Suspicious Native,Hagley,Short Winded,Halo,Wishing Well,Le Fabuleux,Marston's Mill,Northern Dancer,Lady Victoria,ディクタス,ロイヤルサッシュ,Northern Dancer,South Ocean,Secretariat,Crimson Saint,Utrillo,Ethane,Tom Cat,Needlebug,Speak John,Blue Moon,Raise a Native,Be Suspicious,Olden Times,Teo Pepi,Harvest Singing,Wild Cloud,Hail to Reason,Cosmah,Understanding,Mountain Flower,Wild Risk,Anguar,In Reality,Millicent,Nearctic,Natalma,Victoria Park,Lady Angela,Sanctus,Doronic,Princely Gift,Sash of Honour
202606010510,6,ダート,1200,良,3勝クラス,ダノンレジェンド,インマイラヴ,Macho Uno,マイグッドネス,ダンスインザダーク,ラヴリーエリ,Holy Bull,Primal Force,Storm Cat,Caressing,サンデーサイレンス,ダンシングキイ,ジェイドロバリー,プリティゲラン,Great Above,Sharon Brown,Blushing Groom,Prime Prospect,Storm Bird,Terlingua,Honour and Glory,Lovin Touch,Halo,Wishing Well,Nijinsky,Key Partner,Mr. Prospector,Number,ネヴァービート,スイートゲラン,Minnesota Mac,Ta Wee,Al Hattab,Agathea's Dawn,Red God,Runaway Bride,Mr. Prospector,Square Generation,Northern Dancer,South Ocean,Secretariat,Crimson Saint,Relaunch,Fair to All,Majestic Prince,Forest Princess,Hail to Reason,Cosmah,Understanding,Mountain Flower,Northern Dancer,Flaming Page,Key to the Mint,Native Partner,Raise a Native,Gold Digger,Nijinsky,Special,Never Say Die,Bride Elect,ファラモンド,ゲラン
202606010510,7,ダート,1200,良,3勝クラス,トゥザワールド,チャームラブ,キングカメハメハ,トゥザヴィクトリー,フレンチデピュティ,ラブソーリー,Kingmambo,マンファス,サンデーサイレンス,フェアリードール,Deputy Minister,Mitterand,ウォーニング,ソワレ,Mr. Prospector,Miesque,ラストタイクーン,Pilot Bird,Halo,Wishing Well,Nureyev,Dream Deal,Vice Regent,Mint Copy,Hold Your Peace,Laredo Lass,Known Fact,Slightly Dangerous,Sadler's Wells,Seminar,Raise a Native,Gold Digger,Nureyev,Pasadoble,トライマイベスト,Mill Princess,Blakeney,The Dancer,Hail to Reason,Cosmah,Understanding,Mountain Flower,Northern Dancer,Special,Sharpen Up,Likely Exchange,Northern Dancer,Victoria Regina,Bunty's Flight,Shakney,Speak John,Blue Moon,Bold Ruler,Fortunate Isle,In Reality,Tamerett,Roberto,Where You Lead,Northern Dancer,Fairy Bridge,ドン,Solar Echo
202606010510,8,ダート,1200,良,3勝クラス,ザファクター,トゥモローズライト,War Front,Greyciousness,アフリート,オースミサツキ,Danzig,Starry Dreamer,Miswaki,Skatingonthinice,Mr. Prospector,Polite Lady,ブライアンズタイム,ルナパーク,Northern Dancer,Pas de Nom,Rubiano,Lara's Star,Mr. Prospector,Hopespringseternal,Icecapade,Rain Shower,Raise a Native,Gold Digger,Venetian Jester,Friendly Ways,Roberto,Kelley's Day,ノーザンテースト,サイクラス,Nearctic,Natalma,Admiral's Voyage,Petitioner,Fappiano,Ruby Slippers,Forli,True Reality,Raise a Native,Gold Digger,Buckpasser,Rose Bower,Nearctic,Shenanigans,Bold Forbes,Right as Rain,Native Dancer,Raise You,Nashua,Sequence,Tom Fool,Venice,Green Ticket,Ways to Learn,Hail to Reason,Bramalea,Graustark,Golden Trail,Northern Dancer,Lady Victoria,Sword Dancer,Cycle
202606010510,9,ダート,1200,良,3勝クラス,ルーラーシップ,レディバード,キングカメハメハ,エアグルーヴ,スマートファルコン,シーズインポッシブル,Kingmambo,マンファス,トニービン,ダイナカール,ゴールドアリュール,ケイシュウハーブ,Yankee Victor,ディフィカルト,Mr. Prospector,Miesque,ラストタイクーン,Pilot Bird,カンパラ,Severn Bridge,ノーザンテースト,シャダイフェザー,サンデーサイレンス,ニキーヤ,ミシシッピアン,キョウエイシラユキ,Saint Ballado,Highest Carol,Concern,Wings of Jove,Raise a Native,Gold Digger,Nureyev,Pasadoble,トライマイベスト,Mill Princess,Blakeney,The Dancer,Kalamoun,State Pension,Hornbeam,Priddy Fair,Northern Dancer,Lady Victoria,ガーサント,パロクサイド,Halo,Wishing Well,Nureyev,Reluctant Guest,Vaguely Noble,Gazala,クラウンドプリンス,アリアーン,Halo,Ballade,Caro,Tokyo Princess,Broad Brush,Fara's Team,Northern Jove,Regatela
202606010510,10,ダート,1200,良,3勝クラス,ルーラーシップ,アンナヴァン,キングカメハメハ,エアグルーヴ,エンドスウィープ,フサイチミニヨン,Kingmambo,マンファス,トニービン,ダイナカール,フォーティナイナー,Broom Dance,サンデーサイレンス,バレークイーン,Mr. Prospector,Miesque,ラストタイクーン,Pilot Bird,カンパラ,Severn Bridge,ノーザンテースト,シャダイフェザー,Mr. Prospector,File,Dance Spell,Witching Hour,Halo,Wishing Well,Sadler's Wells,Sun Princess,Raise a Native,Gold Digger,Nureyev,Pasadoble,トライマイベスト,Mill Princess,Blakeney,The Dancer,Kalamoun,State Pension,Hornbeam,Priddy Fair,Northern Dancer,Lady Victoria,ガーサント,パロクサイド,Raise a Native,Gold Digger,Tom Rolfe,Continue,Northern Dancer,Obeah,Thinking Cap,Enchanted Eve,Hail to Reason,Cosmah,Understanding,Mountain Flower,Northern Dancer,Fairy Bridge,イングリッシュプリンス,Sunny Valley
202606010510,11,ダート,1200,良,3勝クラス,プリサイスエンド,オーミチェリッシュ,エンドスウィープ,Precisely,キャプテンスティーヴ,メイショウユキカゼ,フォーティナイナー,Broom Dance,Summing,Crisp 'n Clear,Fly So Free,Sparkling Delite,ダイナガリバー,セブンレットウ,Mr. Prospector,File,Dance Spell,Witching Hour,Verbatim,Sumatra,Cold Reception,Ring O'Bells,Time for a Change,Free to Fly,Vice Regent,Sparkling Topaz,ノーザンテースト,ユアースポート,パーソロン,ホクセーミドリ,Raise a Native,Gold Digger,Tom Rolfe,Continue,Northern Dancer,Obeah,Thinking Cap,Enchanted Eve,Speak John,Well Kept,Groton,Sunda Strait,Secretariat,Cold Comfort,Grey Dawn,Aldonza,Damascus,Resolver,Stevward,Dancing Lark,Northern Dancer,Victoria Regina,Jacinto,Alotoffun,Northern Dancer,Lady Victoria,バウンティアス,ファインサラ,Milesian,Paleo,ヴェンチア,フェアリーテイル
202606010510,12,ダート,1200,良,3勝クラス,アイファーソング,エスケイティアラ,ソングオブウインド,アイファーペガサス,スズカマンボ,テイクザケイク,エルコンドルパサー,メモリアルサマー,デヒア,アストライアー,サンデーサイレンス,スプリングマンボ,スキャン,エビスマイ,Kingmambo,サドラーズギャル,サンデーサイレンス,サマーワイン,Deputy Minister,Sister Dot,リアルシャダイ,ジュウジアロー,Halo,Wishing Well,Kingmambo,キーフライヤー,Mr. Prospector,Video,ラシアンルーブル,ローレルハッピー,Mr. Prospector,Miesque,Sadler's Wells,Glenveagh,Halo,Wishing Well,トニービン,シヤダイマイン,Vice Regent,Mint Copy,Secretariat,Sword Game,Roberto,Desert Vixen,アローエクスプレス,ヒメテンコウリュウ,Hail to Reason,Cosmah,Understanding,Mountain Flower,Mr. Prospector,Miesque,Nijinsky,Key Partner,Raise a Native,Gold Digger,Nijinsky,Foreseer,Nijinsky,Squander,トウショウボーイ,リュウローレル
202606010510,13,ダート,1200,良,3勝クラス,ロードカナロア,フラーティングアウェイ,キングカメハメハ,レディブラッサム,Distorted Humor,Sherriff's Deputy,Kingmambo,マンファス,Storm Cat,サラトガデュー,フォーティナイナー,Danzig's Beauty,Deputy Minister,Barbarika,Mr. Prospector,Miesque,ラストタイクーン,Pilot Bird,Storm Bird,Terlingua,Cormorant,Super Luna,Mr. Prospector,File,Danzig,Sweetest Chant,Vice Regent,Mint Copy,Bates Motel,War Exchange,Raise a Native,Gold Digger,Nureyev,Pasadoble,トライマイベスト,Mill Princess,Blakeney,The Dancer,Northern Dancer,South Ocean,Secretariat,Crimson Saint,His Majesty,Song Sparrow,In Reality,Alada,Raise a Native,Gold Digger,Tom Rolfe,Continue,Northern Dancer,Pas de Nom,Mr. Leader,Gay Sonnet,Northern Dancer,Victoria Regina,Bunty's Flight,Shakney,Sir Ivor,Sunday Purchase,Wise Exchange,Jungle War
202606010510,14,ダート,1200,良,3勝クラス,カリフォルニアクローム,イチリュウ,Lucky Pulpit,Love the Chase,キングヘイロー,キハク,Pulpit,Lucky Soph,Not for Love,Chase It Down,ダンシングブレーヴ,グッバイヘイロー,アサティス,ウイニングベット,A.P. Indy,Preach,Cozzene,Lucky Spell,Mr. Prospector,Dance Number,Polish Numbers,Chase the Dream,Lyphard,Navajo Princess,Halo,Pound Foolish,Topsider,Secret Asset,アローエクスプレス,ノースフェイス,Seattle Slew,Weekend Surprise,Mr. Prospector,Narrate,Caro,Ride the Trails,Lucky Mel,Incantation,Raise a Native,Gold Digger,Northern Dancer,Numbered Account,Danzig,Numbered Account,Sir Ivor,La Belle Fleur,Northern Dancer,Goofed,Drone,Olmec,Hail to Reason,Cosmah,Sir Ivor,Squander,Northern Dancer,Drumtop,Graustark,Numbered Account,スパニッシュイクスプレス,ソーダストリーム,マルゼンスキー,グランドターキン
202606010510,15,ダート,1200,良,3勝クラス,ディープブリランテ,ヘヴンリークルーズ,ディープインパクト,ラヴアンドバブルズ,ファルブラヴ,タックスシェルター,サンデーサイレンス,ウインドインハーヘア,Loup Sauvage,バブルドリーム,Fairy King,Gift of the Night,フジキセキ,タックスヘイブン,Halo,Wishing Well,Alzao,Burghclere,Riverman,Louveterie,Akarad,バブルプロスペクター,Northern Dancer,Fairy Bridge,Slewpy,Little Nana,サンデーサイレンス,ミルレーサー,Alydar,タックスペイヤーズフォリー,Hail to Reason,Cosmah,Understanding,Mountain Flower,Lyphard,Lady Rebecca,Busted,Highclere,Never Bend,River Lady,Nureyev,Lupe,Labus,Licata,Miswaki,バブルカンパニー,Nearctic,Natalma,Bold Reason,Special,Seattle Slew,Rare Bouquet,Lithiot,Nenana Road,Halo,Wishing Well,Le Fabuleux,Marston's Mill,Raise a Native,Sweet Tooth,Lt. Stevens,Party's On Me
202606010510,16,ダート,1200,良,3勝クラス,モーニン,カプリースレディー,ヘニーヒューズ,Giggly,ジャングルポケット,フェアリージェム,ヘネシー,Meadow Flyer,Distorted Humor,Chaste,トニービン,ダンスチャーマー,Fairy King,Cajo,Storm Cat,Island Kitty,Meadowlake,Shortley,フォーティナイナー,Danzig's Beauty,Cozzene,Purity,カンパラ,Severn Bridge,Nureyev,Skillful Joy,Northern Dancer,Fairy Bridge,Tirol,In the Clover,Storm Bird,Terlingua,Hawaii,T. C. Kitten,Hold Your Peace,Suspicious Native,Hagley,Short Winded,Mr. Prospector,File,Danzig,Sweetest Chant,Caro,Ride the Trails,Fappiano,Dame Mysterieuse,Kalamoun,State Pension,Hornbeam,Priddy Fair,Northern Dancer,Special,Nodouble,Skillful Miss,Nearctic,Natalma,Bold Reason,Special,Thatching,Alpine Niece,Meadow Mint,Darling Daisy
202606010511,1,芝,1600,良,オープン,ダンカーク,ライトリーチューン,Unbridled's Song,Secret Status,マンハッタンカフェ,リーインフォースト,Unbridled,Trolley Song,A.P. Indy,Private Status,サンデーサイレンス,サトルチェンジ,トニービン,ティアラ,Fappiano,Gana Facil,Caro,Lucky Spell,Seattle Slew,Weekend Surprise,Alydar,Miss Eva,Halo,Wishing Well,Law Society,Santa Luciana,カンパラ,Severn Bridge,ノーザンテースト,シヤダイサイクル,Mr. Prospector,Killaloe,Le Fabuleux,Charedi,フォルティノ,Chambord,Lucky Mel,Incantation,Bold Reasoning,My Charmer,Secretariat,Lassie Dear,Raise a Native,Sweet Tooth,Con Brio,Apolinea,Hail to Reason,Cosmah,Understanding,Mountain Flower,Alleged,Bold Bikini,Luciano,Suleika,Kalamoun,State Pension,Hornbeam,Priddy Fair,Northern Dancer,Lady Victoria,ヒッティングアウェー,サイクラス
202606010511,2,芝,1600,良,オープン,モーリス,モシーン,スクリーンヒーロー,メジロフランシス,Fastnet Rock,Sumehra,グラスワンダー,ランニングヒロイン,カーネギー,メジロモントレー,デインヒル,Piccadilly Circus,ストラヴィンスキー,Miss Priority,Silver Hawk,Ameriflora,サンデーサイレンス,ダイナアクトレス,Sadler's Wells,Detroit,モガミ,メジロクインシー,Danzig,Razyana,ロイヤルアカデミー,Gatana,Nureyev,Fire the Groom,Kaapstad,Benediction,Roberto,Gris Vitesse,Danzig,Graceful Touch,Halo,Wishing Well,ノーザンテースト,モデルスポート,Northern Dancer,Fairy Bridge,Riverman,Derna,Lyphard,ノーラック,フィディオン,メジロボサツ,Northern Dancer,Pas de Nom,His Majesty,Spring Adieu,Nijinsky,Crimson Saint,Marauding,Twigalae,Northern Dancer,Special,Blushing Groom,Prospector's Fire,Sir Tristram,Eight Carat,Day Is Done,Cathedra
202606010511,3,芝,1600,良,オープン,サートゥルナーリア,ファナティック,ロードカナロア,シーザリオ,ジャスタウェイ,グレイトフィーヴァー,キングカメハメハ,レディブラッサム,スペシャルウィーク,キロフプリミエール,ハーツクライ,シビル,Kaldoun,My Great Hope,Kingmambo,マンファス,Storm Cat,サラトガデュー,サンデーサイレンス,キャンペンガール,Sadler's Wells,Querida,サンデーサイレンス,アイリッシュダンス,Wild Again,シャロン,Caro,Katana,Simply Great,Martingale,Mr. Prospector,Miesque,ラストタイクーン,Pilot Bird,Storm Bird,Terlingua,Cormorant,Super Luna,Halo,Wishing Well,マルゼンスキー,レディーシラオキ,Northern Dancer,Fairy Bridge,Habitat,Principia,Halo,Wishing Well,トニービン,ビューパーダンス,Icecapade,Bushel-n-Peck,Mo Exception,Double Wiggle,フォルティノ,Chambord,Le Haar,Embellie,Mill Reef,Seneca,Luthier,Moonmadness
202606010511,4,芝,1600,良,オープン,ロードカナロア,キネオダンサー,キングカメハメハ,レディブラッサム,ディープインパクト,オールアイキャンセイイズワウ,Kingmambo,マンファス,Storm Cat,サラトガデュー,サンデーサイレンス,ウインドインハーヘア,Street Cry,Crown of Jewels,Mr. Prospector,Miesque,ラストタイクーン,Pilot Bird,Storm Bird,Terlingua,Cormorant,Super Luna,Halo,Wishing Well,Alzao,Burghclere,Machiavellian,Helen Street,Half a Year,Fitted Crown,Raise a Native,Gold Digger,Nureyev,Pasadoble,トライマイベスト,Mill Princess,Blakeney,The Dancer,Northern Dancer,South Ocean,Secretariat,Crimson Saint,His Majesty,Song Sparrow,In Reality,Alada,Hail to Reason,Cosmah,Understanding,Mountain Flower,Lyphard,Lady Rebecca,Busted,Highclere,Mr. Prospector,Coup de Folie,Troy,Waterway,Riverman,Six Months Long,Chief's Crown,Close Control
202606010511,5,芝,1600,良,オープン,ブラックタイド,サトノラミア,サンデーサイレンス,ウインドインハーヘア,ブライアンズタイム,ホームスイートホーム,Halo,Wishing Well,Alzao,Burghclere,Roberto,Kelley's Day,Seeking the Gold,Our Country Place,Hail to Reason,Cosmah,Understanding,Mountain Flower,Lyphard,Lady Rebecca,Busted,Highclere,Hail to Reason,Bramalea,Graustark,Golden Trail,Mr. Prospector,Con Game,Pleasant Colony,メイプルジンスキー,Turn-to,Nothirdchance,Cosmic Bomb,Almahmoud,Promised Land,Pretty Ways,Montparnasse,Edelweiss,Northern Dancer,Goofed,Sir Ivor,Pocahontas,Crepello,Sans le Sou,Queen's Hussar,Highlight,Turn-to,Nothirdchance,Nashua,Rarelea,Ribot,Flower Bowl,Hasty Road,Sunny Vale,Raise a Native,Gold Digger,Buckpasser,Broadway,His Majesty,Sun Colony,Nijinsky,Gold Beauty
202606010511,6,芝,1600,良,オープン,ラブリーデイ,エンドレスノット,キングカメハメハ,ポップコーンジャズ,ディープインパクト,ウィキウィキ,Kingmambo,マンファス,ダンスインザダーク,グレイスルーマー,サンデーサイレンス,ウインドインハーヘア,フレンチデピュティ,リアルナンバー,Mr. Prospector,Miesque,ラストタイクーン,Pilot Bird,サンデーサイレンス,ダンシングキイ,トニービン,ディスクジョッキー,Halo,Wishing Well,Alzao,Burghclere,Deputy Minister,Mitterand,Rainbow Corner,Numeraria,Raise a Native,Gold Digger,Nureyev,Pasadoble,トライマイベスト,Mill Princess,Blakeney,The Dancer,Halo,Wishing Well,Nijinsky,Key Partner,カンパラ,Severn Bridge,リアルシャダイ,シャダイチャッター,Hail to Reason,Cosmah,Understanding,Mountain Flower,Lyphard,Lady Rebecca,Busted,Highclere,Vice Regent,Mint Copy,Hold Your Peace,Laredo Lass,Rainbow Quest,Kingscote,サザンヘイロー,Numismatica
202606010511,7,芝,1600,良,オープン,ブリックスアンドモルタル,アッフィラート,Giant's Causeway,Beyond the Waves,ディープインパクト,レディオブヴェニス,Storm Cat,Mariah's Storm,Ocean Crest,Excedent,サンデーサイレンス,ウインドインハーヘア,Loup Solitaire,Lacewings,Storm Bird,Terlingua,Rahy,イメンス,Storm Bird,S.S.Aroma,Exceller,Broadway Lullaby,Halo,Wishing Well,Alzao,Burghclere,Lear Fan,Louveterie,フォーティナイナー,リフカ,Northern Dancer,South Ocean,Secretariat,Crimson Saint,Blushing Groom,Glorious Song,Roberto,Imsodear,Northern Dancer,South Ocean,Seattle Slew,Rare Bouquet,Vaguely Noble,Too Bald,Stage Door Johnny,リットルブレツシング,Hail to Reason,Cosmah,Understanding,Mountain Flower,Lyphard,Lady Rebecca,Busted,Highclere,Roberto,Wac,Nureyev,Lupe,Mr. Prospector,File,Lyphard,Veruschka
202606010511,8,芝,1600,良,オープン,エイシンフラッシュ,シャリオドール,キングズベスト,ムーンレディ,ヴィクトワールピサ,サプレザ,Kingmambo,Allegretta,プラティニ,Midnight Fever,ネオユニヴァース,ホワイトウォーターアフェア,Sahm,Sorpresa,Mr. Prospector,Miesque,Lombard,Anatevka,Surumu,Prairie Darling,Sure Blade,Majoritat,サンデーサイレンス,ポインテッドパス,Machiavellian,Much Too Risky,Mr. Prospector,Salsabil,Pleasant Tap,Dubiously,Raise a Native,Gold Digger,Nureyev,Pasadoble,Agio,Promised Lady,Espresso,Almyra,Literat,Surama,Stanford,Prairie Belle,Kris,Double Lock,Konigsstuhl,Monacchia,Halo,Wishing Well,Kris,Silken Way,Mr. Prospector,Coup de Folie,Bustino,Short Rations,Raise a Native,Gold Digger,Sadler's Wells,Flame of Tara,Pleasant Colony,Never Knock,Jolie Jo,Skeptic Lady
202606010511,9,芝,1600,良,オープン,スクリーンヒーロー,ネイティヴコード,グラスワンダー,ランニングヒロイン,アグネスデジタル,クラックコード,Silver Hawk,Ameriflora,サンデーサイレンス,ダイナアクトレス,Crafty Prospector,Chancey Squaw,ダンスインザダーク,マジックコード,Roberto,Gris Vitesse,Danzig,Graceful Touch,Halo,Wishing Well,ノーザンテースト,モデルスポート,Mr. Prospector,Real Crafty Lady,Chief's Crown,Allicance,サンデーサイレンス,ダンシングキイ,Lost Code,Beautiful Pet,Hail to Reason,Bramalea,Amerigo,Matchiche,Northern Dancer,Pas de Nom,His Majesty,Pi Phi Gal,Hail to Reason,Cosmah,Understanding,Mountain Flower,Northern Dancer,Lady Victoria,モデルフール,マジックゴデイス,Raise a Native,Gold Digger,In Reality,Princess Roycraft,Danzig,Six Crowns,Alleged,Runaway Bride,Halo,Wishing Well,Nijinsky,Key Partner,Codex,Loss Or Gain,Flying Paster,Album
202606010511,10,芝,1600,良,オープン,ヤマカツエース,ダイシンパーティー,キングカメハメハ,ヤマカツマリリン,ブライアンズタイム,ダイシンシルビア,Kingmambo,マンファス,グラスワンダー,イクセプトフォーワンダ,Roberto,Kelley's Day,デヒア,Castle Creek,Mr. Prospector,Miesque,ラストタイクーン,Pilot Bird,Silver Hawk,Ameriflora,Tejabo,Unique Gal,Hail to Reason,Bramalea,Graustark,Golden Trail,Deputy Minister,Sister Dot,Sharpen Up,Godetia,Raise a Native,Gold Digger,Nureyev,Pasadoble,トライマイベスト,Mill Princess,Blakeney,The Dancer,Roberto,Gris Vitesse,Danzig,Graceful Touch,Deputy Minister,Cutty,Bold Ruckus,Spin to Win,Turn-to,Nothirdchance,Nashua,Rarelea,Ribot,Flower Bowl,Hasty Road,Sunny Vale,Vice Regent,Mint Copy,Secretariat,Sword Game,エタン,Rocchetta,Sir Ivor,Native Glitter
202606010511,11,芝,1600,良,オープン,スクリーンヒーロー,シンメイミヤビ,グラスワンダー,ランニングヒロイン,Langfuhr,ドーンランサム,Silver Hawk,Ameriflora,サンデーサイレンス,ダイナアクトレス,Danzig,Sweet Briar Too,Red Ransom,Eastern Dawn,Roberto,Gris Vitesse,Danzig,Graceful Touch,Halo,Wishing Well,ノーザンテースト,モデルスポート,Northern Dancer,Pas de Nom,Briartic,Prima Babu Gum,Roberto,アラビア,Damascus,Euryanthe,Hail to Reason,Bramalea,Amerigo,Matchiche,Northern Dancer,Pas de Nom,His Majesty,Pi Phi Gal,Hail to Reason,Cosmah,Understanding,Mountain Flower,Northern Dancer,Lady Victoria,モデルフール,マジックゴデイス,Nearctic,Natalma,Admiral's Voyage,Petitioner,Nearctic,Sweet Lady Briar,Gummo,Princess Babu,Hail to Reason,Bramalea,Damascus,Christmas Wind,Sword Dancer,Kerala,Nijinsky,Quill
202606010511,12,芝,1600,良,オープン,ハクサンムーン,ハクサンサマー,アドマイヤムーン,チリエージェ,サマーバード,メンブランツァ,エンドスウィープ,マイケイティーズ,サクラバクシンオー,メガミゲラン,Birdstone,Hong Kong Squall,タイキシャトル,ダンツライラック,フォーティナイナー,Broom Dance,サンデーサイレンス,ケイティーズファースト,サクラユタカオー,サクラハゴロモ,シェイディハイツ,モガミゲラン,Grindstone,Dear Birdie,Summer Squall,Hong Kong Jade,Devil's Bag,ウェルシュマフィン,Barathea,Dixie Eyes Blazing,Mr. Prospector,File,Dance Spell,Witching Hour,Halo,Wishing Well,Kris,Katies,テスコボーイ,アンジェリカ,ノーザンテースト,クリアアンバー,Shirley Heights,Vaguely,モガミ,ミスゲラン,Unbridled,Buzz My Bell,Storm Bird,Hush Dear,Storm Bird,Weekend Surprise,Alysheba,Ruby Slippers,Halo,Ballade,Caerleon,Muffitys,Sadler's Wells,Brocade,Gone West,Mariakova
202606010511,13,芝,1600,良,オープン,トーセンラー,パリージョ,ディープインパクト,プリンセスオリビア,タイキシャトル,アレグリアス,サンデーサイレンス,ウインドインハーヘア,Lycius,Dance Image,Devil's Bag,ウェルシュマフィン,フォーティナイナー,インヴァイト,Halo,Wishing Well,Alzao,Burghclere,Mr. Prospector,Lypatia,Sadler's Wells,Diamond Spring,Halo,Ballade,Caerleon,Muffitys,Mr. Prospector,File,Be My Guest,Burghclere,Hail to Reason,Cosmah,Understanding,Mountain Flower,Lyphard,Lady Rebecca,Busted,Highclere,Raise a Native,Gold Digger,Lyphard,Hypatia,Northern Dancer,Fairy Bridge,Vaguely Noble,Dumfries,Hail to Reason,Cosmah,Herbager,Miss Swapsco,Nijinsky,Foreseer,Thatch,Contrail,Raise a Native,Gold Digger,Tom Rolfe,Continue,Northern Dancer,What a Treat,Busted,Highclere
202606010511,14,芝,1600,良,オープン,シルバーステート,シルクヴィーナス,ディープインパクト,シルヴァースカヤ,ティンバーカントリー,シルクフレアー,サンデーサイレンス,ウインドインハーヘア,Silver Hawk,Boubskaia,Woodman,Fall Aspen,Danzig,Jet Route,Halo,Wishing Well,Alzao,Burghclere,Roberto,Gris Vitesse,Niniski,Frenetique,Mr. Prospector,プレイメイト,Pretense,Change Water,Northern Dancer,Pas de Nom,Alydar,Katies,Hail to Reason,Cosmah,Understanding,Mountain Flower,Lyphard,Lady Rebecca,Busted,Highclere,Hail to Reason,Bramalea,Amerigo,Matchiche,Nijinsky,Virginia Hills,Tyrant,Femina,Raise a Native,Gold Digger,Buckpasser,Intriguing,Endeavour,Imitation,Swaps,Portage,Nearctic,Natalma,Admiral's Voyage,Petitioner,Raise a Native,Sweet Tooth,ノノアルコ,Mortefontaine
202606010512,1,芝,2000,良,1勝クラス,オルフェーヴル,オークヒルパーク,ステイゴールド,オリエンタルアート,アグネスタキオン,サビアーレ,サンデーサイレンス,ゴールデンサッシュ,メジロマックイーン,エレクトロアート,サンデーサイレンス,アグネスフローラ,Capote,Sakura Fabulous,Halo,Wishing Well,ディクタス,ダイナサッシュ,メジロティターン,メジロオーロラ,ノーザンテースト,グランマスティーヴンス,Halo,Wishing Well,ロイヤルスキー,アグネスレディー,Seattle Slew,Too Bald,Fabulous Dancer,ローラローラ,Hail to Reason,Cosmah,Understanding,Mountain Flower,Sanctus,Doronic,ノーザンテースト,ロイヤルサッシュ,メジロアサマ,シエリル,リマンド,メジロアイリス,Northern Dancer,Lady Victoria,Lt. Stevens,Dhow,Hail to Reason,Cosmah,Understanding,Mountain Flower,Raja Baba,Coz o'Nijinsky,リマンド,イコマエイカン,Bold Reasoning,My Charmer,Bald Eagle,Hidden Talent,Northern Dancer,Last of the Line,Saint Cyrien,Bold Lady
202606010512,2,芝,2000,良,1勝クラス,ドゥラメンテ,マルケッサ,キングカメハメハ,アドマイヤグルーヴ,オルフェーヴル,マルペンサ,Kingmambo,マンファス,サンデーサイレンス,エアグルーヴ,ステイゴールド,オリエンタルアート,Orpen,Marsella,Mr. Prospector,Miesque,ラストタイクーン,Pilot Bird,Halo,Wishing Well,トニービン,ダイナカール,サンデーサイレンス,ゴールデンサッシュ,メジロマックイーン,エレクトロアート,Lure,Bonita Francita,サザンヘイロー,Riviere,Raise a Native,Gold Digger,Nureyev,Pasadoble,トライマイベスト,Mill Princess,Blakeney,The Dancer,Hail to Reason,Cosmah,Understanding,Mountain Flower,カンパラ,Severn Bridge,ノーザンテースト,シャダイフェザー,Halo,Wishing Well,ディクタス,ダイナサッシュ,メジロティターン,メジロオーロラ,ノーザンテースト,グランマスティーヴンス,Danzig,Endear,Devil's Bag,Raise the Standard,Halo,Northern Sea,Logical,Talonada
202606010512,3,芝,2000,良,1勝クラス,オルフェーヴル,トレサンセール,ステイゴールド,オリエンタルアート,Rip Van Winkle,トレラピッド,サンデーサイレンス,ゴールデンサッシュ,メジロマックイーン,エレクトロアート,Galileo,Looking Back,Anabaa Blue,Tres Ravi,Halo,Wishing Well,ディクタス,ダイナサッシュ,メジロティターン,メジロオーロラ,ノーザンテースト,グランマスティーヴンス,Sadler's Wells,Urban Sea,ストラヴィンスキー,Mustique Dream,Anabaa,Allez Les Trois,Monsun,Tres Magnifique,Hail to Reason,Cosmah,Understanding,Mountain Flower,Sanctus,Doronic,ノーザンテースト,ロイヤルサッシュ,メジロアサマ,シエリル,リマンド,メジロアイリス,Northern Dancer,Lady Victoria,Lt. Stevens,Dhow,Northern Dancer,Fairy Bridge,Miswaki,Allegretta,Nureyev,Fire the Groom,Don't Forget Me,Jamaican Punch,Danzig,Balbonella,Riverman,Allegretta,Konigsstuhl,Mosella,Gay Fandango,Toscadora
202606010512,4,芝,2000,良,1勝クラス,Kingman,ファハンムーラ,Invincible Spirit,Zenda,English Channel,Celtic Cross,Green Desert,Rafha,Zamindar,Hope,Smart Strike,Belva,Giant's Causeway,Symbolic,Danzig,Foreign Courier,Kris,Eljazzi,Gone West,Zaizafon,ダンシングブレーヴ,Bahamian,Mr. Prospector,Classy 'n Smart,Theatrical,Committed,Storm Cat,Mariah's Storm,Silver Deputy,Symbolically,Northern Dancer,Pas de Nom,Sir Ivor,Courtly Dee,Sharpen Up,Doubly Sure,アーテイアス,Border Bounty,Mr. Prospector,Secrettame,The Minstrel,Mofida,Lyphard,Navajo Princess,Mill Reef,Sorbus,Raise a Native,Gold Digger,Smarten,No Class,Nureyev,ツリーオブノレッジ,Hagley,Minstinguette,Storm Bird,Terlingua,Rahy,イメンス,Deputy Minister,Silver Valley,Flying Paster,Hail to the Queen
202606010512,5,芝,2000,良,1勝クラス,エピファネイア,ミッキークイーン,シンボリクリスエス,シーザリオ,ディープインパクト,ミュージカルウェイ,Kris S.,Tee Kay,スペシャルウィーク,キロフプリミエール,サンデーサイレンス,ウインドインハーヘア,Gold Away,Mulika,Roberto,Sharp Queen,Gold Meridian,Tri Argo,サンデーサイレンス,キャンペンガール,Sadler's Wells,Querida,Halo,Wishing Well,Alzao,Burghclere,Goldneyev,Blushing Away,Procida,Gazelia,Hail to Reason,Bramalea,Princequillo,Bridgework,Seattle Slew,Queen Louie,Tri Jet,Hail Proudly,Halo,Wishing Well,マルゼンスキー,レディーシラオキ,Northern Dancer,Fairy Bridge,Habitat,Principia,Hail to Reason,Cosmah,Understanding,Mountain Flower,Lyphard,Lady Rebecca,Busted,Highclere,Nureyev,Gold River,Blushing Groom,スイートリベンジ,Mr. Prospector,With Distinction,Icecapade,Dols Jaminque
202606010512,6,芝,2000,良,1勝クラス,サトノダイヤモンド,ペルヴィアンリリー,ディープインパクト,マルペンサ,フレンチデピュティ,ラスティックベル,サンデーサイレンス,ウインドインハーヘア,Orpen,Marsella,Deputy Minister,Mitterand,Mr. Prospector,Ragtime Girl,Halo,Wishing Well,Alzao,Burghclere,Lure,Bonita Francita,サザンヘイロー,Riviere,Vice Regent,Mint Copy,Hold Your Peace,Laredo Lass,Raise a Native,Gold Digger,Francis S.,Swinging Doll,Hail to Reason,Cosmah,Understanding,Mountain Flower,Lyphard,Lady Rebecca,Busted,Highclere,Danzig,Endear,Devil's Bag,Raise the Standard,Halo,Northern Sea,Logical,Talonada,Northern Dancer,Victoria Regina,Bunty's Flight,Shakney,Speak John,Blue Moon,Bold Ruler,Fortunate Isle,Native Dancer,Raise You,Nashua,Sequence,Royal Charger,Blue Eyed Momo,Raise a Native,Doll Ina
202606010512,7,芝,2000,良,1勝クラス,ノヴェリスト,デルマチャチャ,Monsun,Night Lagoon,サムライハート,サバクノバラ,Konigsstuhl,Mosella,Lagunas,Nenuphar,サンデーサイレンス,エアグルーヴ,フレンチデピュティ,ワイルドフラワー,Dschingis Khan,Konigskronung,Surumu,Monasia,イルドブルボン,Liranga,Night Shift,Narola,Halo,Wishing Well,トニービン,ダイナカール,Deputy Minister,Mitterand,Wild Again,アリレディー,Tamerlane,Donna Diana,Tiepoletto,Kronung,Literat,Surama,Authi,Monacensia,Nijinsky,Roseliere,Literat,Love In,Northern Dancer,Ciboulette,Nebos,Nubia,Hail to Reason,Cosmah,Understanding,Mountain Flower,カンパラ,Severn Bridge,ノーザンテースト,シャダイフェザー,Vice Regent,Mint Copy,Hold Your Peace,Laredo Lass,Icecapade,Bushel-n-Peck,Alydar,Sally's Ride
202606010512,8,芝,2000,良,1勝クラス,シルバーステート,クリッパールート,ディープインパクト,シルヴァースカヤ,シンボリクリスエス,ロイヤルクリッパー,サンデーサイレンス,ウインドインハーヘア,Silver Hawk,Boubskaia,Kris S.,Tee Kay,アグネスタキオン,ティークリッパー,Halo,Wishing Well,Alzao,Burghclere,Roberto,Gris Vitesse,Niniski,Frenetique,Roberto,Sharp Queen,Gold Meridian,Tri Argo,サンデーサイレンス,アグネスフローラ,トニービン,ティーブレーク,Hail to Reason,Cosmah,Understanding,Mountain Flower,Lyphard,Lady Rebecca,Busted,Highclere,Hail to Reason,Bramalea,Amerigo,Matchiche,Nijinsky,Virginia Hills,Tyrant,Femina,Hail to Reason,Bramalea,Princequillo,Bridgework,Seattle Slew,Queen Louie,Tri Jet,Hail Proudly,Halo,Wishing Well,ロイヤルスキー,アグネスレディー,カンパラ,Severn Bridge,ノーザンテースト,リセス
202606010512,9,芝,2000,良,1勝クラス,エピファネイア,グレイシア,シンボリクリスエス,シーザリオ,ダイワメジャー,クーデグレイス,Kris S.,Tee Kay,スペシャルウィーク,キロフプリミエール,サンデーサイレンス,スカーレットブーケ,ホワイトマズル,グレイスルーマー,Roberto,Sharp Queen,Gold Meridian,Tri Argo,サンデーサイレンス,キャンペンガール,Sadler's Wells,Querida,Halo,Wishing Well,ノーザンテースト,スカーレットインク,ダンシングブレーヴ,Fair of the Furze,トニービン,ディスクジョッキー,Hail to Reason,Bramalea,Princequillo,Bridgework,Seattle Slew,Queen Louie,Tri Jet,Hail Proudly,Halo,Wishing Well,マルゼンスキー,レディーシラオキ,Northern Dancer,Fairy Bridge,Habitat,Principia,Hail to Reason,Cosmah,Understanding,Mountain Flower,Northern Dancer,Lady Victoria,Crimson Satan,Consentida,Lyphard,Navajo Princess,Ela-Mana-Mou,Autocratic,カンパラ,Severn Bridge,リアルシャダイ,シャダイチャッター
202606010512,10,芝,2000,良,1勝クラス,ゴールドシップ,ヴィーヴァブーケ,ステイゴールド,ポイントフラッグ,キングカメハメハ,ブルーリッジリバー,サンデーサイレンス,ゴールデンサッシュ,メジロマックイーン,パストラリズム,Kingmambo,マンファス,フジキセキ,スカーレットブルー,Halo,Wishing Well,ディクタス,ダイナサッシュ,メジロティターン,メジロオーロラ,プルラリズム,トクノエイティー,Mr. Prospector,Miesque,ラストタイクーン,Pilot Bird,サンデーサイレンス,ミルレーサー,ノーザンテースト,スカーレットインク,Hail to Reason,Cosmah,Understanding,Mountain Flower,Sanctus,Doronic,ノーザンテースト,ロイヤルサッシュ,メジロアサマ,シエリル,リマンド,メジロアイリス,The Minstrel,Cambretta,トライバルチーフ,アイアンルビー,Raise a Native,Gold Digger,Nureyev,Pasadoble,トライマイベスト,Mill Princess,Blakeney,The Dancer,Halo,Wishing Well,Le Fabuleux,Marston's Mill,Northern Dancer,Lady Victoria,Crimson Satan,Consentida
202606010512,11,芝,2000,良,1勝クラス,レイデオロ,ラユロット,キングカメハメハ,ラドラーダ,エンパイアメーカー,ユメノオーラ,Kingmambo,マンファス,シンボリクリスエス,レディブロンド,Unbridled,Toussaud,マイネルラヴ,レッダンゴールド,Mr. Prospector,Miesque,ラストタイクーン,Pilot Bird,Kris S.,Tee Kay,Seeking the Gold,ウインドインハーヘア,Fappiano,Gana Facil,El Gran Senor,Image of Reality,Seeking the Gold,Heart of Joy,サンデーサイレンス,ホクトペンダント,Raise a Native,Gold Digger,Nureyev,Pasadoble,トライマイベスト,Mill Princess,Blakeney,The Dancer,Roberto,Sharp Queen,Gold Meridian,Tri Argo,Mr. Prospector,Con Game,Alzao,Burghclere,Mr. Prospector,Killaloe,Le Fabuleux,Charedi,Northern Dancer,Sex Appeal,In Reality,Edee's Image,Mr. Prospector,Con Game,リィフォー,Mythographer,Halo,Wishing Well,パークリージェント,ホクトビーナス
202606010512,12,芝,2000,良,1勝クラス,ミッキースワロー,スコルピオンキッス,トーセンホマレボシ,マドレボニータ,フレンチデピュティ,スティンガー,ディープインパクト,エヴリウィスパー,ジャングルポケット,ツィンクルブライド,Deputy Minister,Mitterand,サンデーサイレンス,レガシーオブストレングス,サンデーサイレンス,ウインドインハーヘア,ノーザンテースト,クラフテイワイフ,トニービン,ダンスチャーマー,Lyphard,デビルズブライド,Vice Regent,Mint Copy,Hold Your Peace,Laredo Lass,Halo,Wishing Well,Affirmed,Katonka,Halo,Wishing Well,Alzao,Burghclere,Northern Dancer,Lady Victoria,Crafty Prospector,Wife Mistress,カンパラ,Severn Bridge,Nureyev,Skillful Joy,Northern Dancer,Goofed,Caro,Satan's Pride,Northern Dancer,Victoria Regina,Bunty's Flight,Shakney,Speak John,Blue Moon,Bold Ruler,Fortunate Isle,Hail to Reason,Cosmah,Understanding,Mountain Flower,Exclusive Native,Won't Tell You,Minnesota Mac,Minnetonka
202606010512,13,芝,2000,良,1勝クラス,ハーツクライ,マジカルシェイプ,サンデーサイレンス,アイリッシュダンス,Street Cry,モーメンツオブマジック,Halo,Wishing Well,トニービン,ビューパーダンス,Machiavellian,Helen Street,Danzig,Cabiria,Hail to Reason,Cosmah,Understanding,Mountain Flower,カンパラ,Severn Bridge,Lyphard,My Bupers,Mr. Prospector,Coup de Folie,Troy,Waterway,Northern Dancer,Pas de Nom,Raise a Native,Out Cold,Turn-to,Nothirdchance,Cosmic Bomb,Almahmoud,Promised Land,Pretty Ways,Montparnasse,Edelweiss,Kalamoun,State Pension,Hornbeam,Priddy Fair,Northern Dancer,Goofed,Bupers,Princess Revoked,Raise a Native,Gold Digger,Halo,Raise the Standard,Petingo,La Milo,Riverman,Boulevard,Nearctic,Natalma,Admiral's Voyage,Petitioner,Native Dancer,Raise You,Etonian,Articana
202606010512,14,芝,2000,良,1勝クラス,アルアイン,ベッラレイア,ディープインパクト,ドバイマジェスティ,ナリタトップロード,マリスター,サンデーサイレンス,ウインドインハーヘア,Essence of Dubai,Great Majesty,サッカーボーイ,フローラルマジック,Baldski,Pink Dove,Halo,Wishing Well,Alzao,Burghclere,Pulpit,Epitome,Great Above,Mistic Majesty,ディクタス,ダイナサッシュ,Affirmed,Rare Lady,Nijinsky,Too Bald,Argument,Perfect Pigeon,Hail to Reason,Cosmah,Understanding,Mountain Flower,Lyphard,Lady Rebecca,Busted,Highclere,A.P. Indy,Preach,Summing,Honest and True,Minnesota Mac,Ta Wee,His Majesty,Necaras Miss,Sanctus,Doronic,ノーザンテースト,ロイヤルサッシュ,Exclusive Native,Won't Tell You,Never Bend,Double Agent,Northern Dancer,Flaming Page,Bald Eagle,Hidden Talent,Kautokeino,Arantelle,Round Table,Pink Pigeon
202606010512,15,芝,2000,良,1勝クラス,ブリックスアンドモルタル,ニシノミストレス,Giant's Causeway,Beyond the Waves,ルーラーシップ,ニシノシルエット,Storm Cat,Mariah's Storm,Ocean Crest,Excedent,キングカメハメハ,エアグルーヴ,アグネスタキオン,クランチーカ,Storm Bird,Terlingua,Rahy,イメンス,Storm Bird,S.S.Aroma,Exceller,Broadway Lullaby,Kingmambo,マンファス,トニービン,ダイナカール,サンデーサイレンス,アグネスフローラ,Caerleon,カルニオラ,Northern Dancer,South Ocean,Secretariat,Crimson Saint,Blushing Groom,Glorious Song,Roberto,Imsodear,Northern Dancer,South Ocean,Seattle Slew,Rare Bouquet,Vaguely Noble,Too Bald,Stage Door Johnny,リットルブレツシング,Mr. Prospector,Miesque,ラストタイクーン,Pilot Bird,カンパラ,Severn Bridge,ノーザンテースト,シャダイフェザー,Halo,Wishing Well,ロイヤルスキー,アグネスレディー,Nijinsky,Foreseer,Rainbow Quest,Carnival Spirit
202606010512,16,芝,2000,良,1勝クラス,マクマホン,トーセンベニザクラ,Ramonti,Miss Sultin,ダイワメジャー,トーセンブリリアン,Martino Alonso,Fosca,Celtic Swing,Miss Caerleon,サンデーサイレンス,スカーレットブーケ,ホワイトマズル,パルセイト,Marju,Cheerful Note,El Gran Senor,La Locandiera,ダミスター,Celtic Ring,Caerleon,Satin Pointe,Halo,Wishing Well,ノーザンテースト,スカーレットインク,ダンシングブレーヴ,Fair of the Furze,リアルシャダイ,サウンド,ラストタイクーン,Flame of Tara,Cure the Blues,Strident Note,Northern Dancer,Sex Appeal,Alleged,Moon Ingraver,Mr. Prospector,Batucada,Welsh Pageant,Pencuik Jewel,Nijinsky,Foreseer,Sadler's Wells,Jalapa,Hail to Reason,Cosmah,Understanding,Mountain Flower,Northern Dancer,Lady Victoria,Crimson Satan,Consentida,Lyphard,Navajo Princess,Ela-Mana-Mou,Autocratic,Roberto,Desert Vixen,Danzig,Din
202606010512,17,芝,2000,良,1勝クラス,ゴールドシップ,ゲハイムローゼ,ステイゴールド,ポイントフラッグ,ロージズインメイ,コスモエンドレス,サンデーサイレンス,ゴールデンサッシュ,メジロマックイーン,パストラリズム,Devil His Due,Tell a Secret,スターオブコジーン,マイネエクセル,Halo,Wishing Well,ディクタス,ダイナサッシュ,メジロティターン,メジロオーロラ,プルラリズム,トクノエイティー,Devil's Bag,Plenty O'Toole,Speak John,Secret Retreat,Cozzene,Star Gem,タマモクロス,オカノブルー,Hail to Reason,Cosmah,Understanding,Mountain Flower,Sanctus,Doronic,ノーザンテースト,ロイヤルサッシュ,メジロアサマ,シエリル,リマンド,メジロアイリス,The Minstrel,Cambretta,トライバルチーフ,アイアンルビー,Halo,Ballade,Raise a Cup,Li'l Puss,Prince John,Nuit de Folies,Clandestine,Retirement,Caro,Ride the Trails,Pia Star,Soonerland,シービークロス,グリーンシャトー,ネプテューヌス,ヒンドバース
202606010512,18,芝,2000,良,1勝クラス,エピファネイア,スリーアロー,シンボリクリスエス,シーザリオ,アルデバラン,ピサノベネチアン,Kris S.,Tee Kay,スペシャルウィーク,キロフプリミエール,Mr. Prospector,Chimes of Freedom,サンデーサイレンス,ストームザミント,Roberto,Sharp Queen,Gold Meridian,Tri Argo,サンデーサイレンス,キャンペンガール,Sadler's Wells,Querida,Raise a Native,Gold Digger,Private Account,Aviance,Halo,Wishing Well,Storm Cat,Mint Cooler,Hail to Reason,Bramalea,Princequillo,Bridgework,Seattle Slew,Queen Louie,Tri Jet,Hail Proudly,Halo,Wishing Well,マルゼンスキー,レディーシラオキ,Northern Dancer,Fairy Bridge,Habitat,Principia,Native Dancer,Raise You,Nashua,Sequence,Damascus,Numbered Account,Northfields,Minnie Hauk,Hail to Reason,Cosmah,Understanding,Mountain Flower,Storm Bird,Terlingua,Key to the Mint,Zippy Do
202606010601,1,ダート,1200,良,未勝利,ロードカナロア,リミニ,キングカメハメハ,レディブラッサム,ディープインパクト,ポルトフィーノ,Kingmambo,マンファス,Storm Cat,サラトガデュー,サンデーサイレンス,ウインドインハーヘア,クロフネ,エアグルーヴ,Mr. Prospector,Miesque,ラストタイクーン,Pilot Bird,Storm Bird,Terlingua,Cormorant,Super Luna,Halo,Wishing Well,Alzao,Burghclere,フレンチデピュティ,ブルーアヴェニュー,トニービン,ダイナカール,Raise a Native,Gold Digger,Nureyev,Pasadoble,トライマイベスト,Mill Princess,Blakeney,The Dancer,Northern Dancer,South Ocean,Secretariat,Crimson Saint,His Majesty,Song Sparrow,In Reality,Alada,Hail to Reason,Cosmah,Understanding,Mountain Flower,Lyphard,Lady Rebecca,Busted,Highclere,Deputy Minister,Mitterand,Classic Go Go,Eliza Blue,カンパラ,Severn Bridge,ノーザンテースト,シャダイフェザー
202606010601,2,ダート,1200,良,未勝利,ビッグアーサー,シゲルアンドロメダ,サクラバクシンオー,シヤボナ,Birdstone,Our Family Jewel,サクラユタカオー,サクラハゴロモ,Kingmambo,Relish,Grindstone,Dear Birdie,General Meeting,Bountiful V,テスコボーイ,アンジェリカ,ノーザンテースト,クリアアンバー,Mr. Prospector,Miesque,Sadler's Wells,Reloy,Unbridled,Buzz My Bell,Storm Bird,Hush Dear,Seattle Slew,Alydar's Promise,Tejano,Sipe Springs,Princely Gift,Suncourt,ネヴァービート,スターハイネス,Northern Dancer,Lady Victoria,Ambiopoise,One Clear Call,Raise a Native,Gold Digger,Nureyev,Pasadoble,Northern Dancer,Fairy Bridge,Liloy,Rescousse,Fappiano,Gana Facil,Drone,Chateaupavia,Northern Dancer,South Ocean,Silent Screen,You All,Bold Reasoning,My Charmer,Alydar,Summertime Promise,Caro,アンファンテ,Super Concorde,Sandy Blue
202606010601,3,ダート,1200,良,未勝利,モズアスコット,スニップ,Frankel,India,エピファネイア,アソルータ,Galileo,Kind,ヘネシー,Misty Hour,シンボリクリスエス,シーザリオ,ゼンノロブロイ,フレンチバレリーナ,Sadler's Wells,Urban Sea,デインヒル,Rainbow Lake,Storm Cat,Island Kitty,Miswaki,Our Tina Marie,Kris S.,Tee Kay,スペシャルウィーク,キロフプリミエール,サンデーサイレンス,ローミンレイチェル,フレンチデピュティ,バレークイーン,Northern Dancer,Fairy Bridge,Miswaki,Allegretta,Danzig,Razyana,Rainbow Quest,Rockfest,Storm Bird,Terlingua,Hawaii,T. C. Kitten,Mr. Prospector,Hopespringseternal,Nijinsky,Java Moon,Roberto,Sharp Queen,Gold Meridian,Tri Argo,サンデーサイレンス,キャンペンガール,Sadler's Wells,Querida,Halo,Wishing Well,マイニング,One Smart Lady,Deputy Minister,Mitterand,Sadler's Wells,Sun Princess
202606010601,4,ダート,1200,良,未勝利,ミスチヴィアスアレックス,ドリームデュネット,Into Mischief,White Pants Night,ディープインパクト,ドリームカムカム,Harlan's Holiday,Leslie's Lady,Speightstown,More d'Amour,サンデーサイレンス,ウインドインハーヘア,メジロライアン,ドリーミングガール,Harlan,Christmas in Aiken,Tricky Creek,Crystal Lady,Gone West,Silken Cat,Tour d'Or,Love Connection,Halo,Wishing Well,Alzao,Burghclere,アンバーシャダイ,メジロチェイサー,Lomond,デユネット,Storm Cat,Country Romance,Affirmed,Dowager,Clever Trick,Battle Creek Girl,Stop the Music,One Last Bird,Mr. Prospector,Secrettame,Storm Cat,Silken Doll,Medaille d'Or,Debby's Turn,Master Derby,Perfect Connection,Hail to Reason,Cosmah,Understanding,Mountain Flower,Lyphard,Lady Rebecca,Busted,Highclere,ノーザンテースト,クリアアンバー,メジロサンマン,シエリル,Northern Dancer,My Charmer,ハードツービート,Pram
202606010601,5,ダート,1200,良,未勝利,ミスターメロディ,インダルジミー,Scat Daddy,Trusty Lady,Shamardal,トリート,ヨハネスブルグ,Love Style,Deputy Minister,Klassy Kim,Giant's Causeway,Helsinki,Barathea,Cream Tease,ヘネシー,Myth,Mr. Prospector,Likeable Style,Vice Regent,Mint Copy,Silent Screen,クールアライヴァル,Storm Cat,Mariah's Storm,Machiavellian,Helen Street,Sadler's Wells,Brocade,Pursuit of Love,Contralto,Storm Cat,Island Kitty,オジジアン,Yarn,Raise a Native,Gold Digger,Nijinsky,Personable Lady,Northern Dancer,Victoria Regina,Bunty's Flight,Shakney,Prince John,Prayer Bell,Relaunch,Irish Arrival,Storm Bird,Terlingua,Rahy,イメンス,Mr. Prospector,Coup de Folie,Troy,Waterway,Northern Dancer,Fairy Bridge,Habitat,Canton Silk,グルームダンサー,Dance Quest,Busted,Lyrical
202606010601,6,ダート,1200,良,未勝利,フォーウィールドライブ,アイコニック,American Pharoah,Funfair,オルフェーヴル,ハイウェイトゥグローリー,Pioneerof the Nile,Littleprincessemma,More Than Ready,Fleuron,ステイゴールド,オリエンタルアート,Cape Cross,Anita Via,エンパイアメーカー,Star of Goshen,Yankee Gentleman,Exclusive Rosette,サザンヘイロー,Woodman's Girl,Distant View,Flamboyance,サンデーサイレンス,ゴールデンサッシュ,メジロマックイーン,エレクトロアート,Green Desert,Park Appeal,Anita's Prince,Seldovia,Unbridled,Toussaud,Lord at War,Castle Eight,Storm Cat,Key Phrase,Ecliptical,Zetta Jet,Halo,Northern Sea,Woodman,Becky Be Good,Mr. Prospector,Seven Springs,Zilzal,Bridal Wreath,Halo,Wishing Well,ディクタス,ダイナサッシュ,メジロティターン,メジロオーロラ,ノーザンテースト,グランマスティーヴンス,Danzig,Foreign Courier,Ahonoora,Balidaress,ストラダビンスキー,Get Ready,Charlottown,Sunol
202606010601,7,ダート,1200,良,未勝利,タワーオブロンドン,アニムス,Raven's Pass,スノーパイン,ゴールドアリュール,ヒシアニマ,Elusive Quality,Ascutney,Dalakhani,シンコウエルメス,サンデーサイレンス,ニキーヤ,Sinndar,アニマ,Gone West,Touch of Greatness,Lord at War,Right Word,Darshaan,Daltawa,Sadler's Wells,Doff the Derby,Halo,Wishing Well,Nureyev,Reluctant Guest,Grand Lodge,Sinntara,Ajdal,Cocotte,Mr. Prospector,Secrettame,Hero's Honor,Ivory Wand,General,Luna de Miel,Verbatim,Oratorio,Shirley Heights,Delsy,Miswaki,Damana,Northern Dancer,Fairy Bridge,Master Derby,Margarethen,Hail to Reason,Cosmah,Understanding,Mountain Flower,Northern Dancer,Special,Hostage,Vaguely Royal,Chief's Crown,La Papagena,Lashkari,Sidama,Northern Dancer,Native Partner,Troy,Gay Milly
202606010601,8,ダート,1200,良,未勝利,ダノンプレミアム,シンメイフジ,ディープインパクト,インディアナギャル,フジキセキ,レディミューズ,サンデーサイレンス,ウインドインハーヘア,Intikhab,Genial Jenny,サンデーサイレンス,ミルレーサー,ティンバーカントリー,シンコウラブリイ,Halo,Wishing Well,Alzao,Burghclere,Red Ransom,Crafty Example,デインヒル,Joma Kaanem,Halo,Wishing Well,Le Fabuleux,Marston's Mill,Woodman,Fall Aspen,Caerleon,ハッピートレイルズ,Hail to Reason,Cosmah,Understanding,Mountain Flower,Lyphard,Lady Rebecca,Busted,Highclere,Roberto,アラビア,Crafty Prospector,Zienelle,Danzig,Razyana,Double Form,Ash Lawn,Hail to Reason,Cosmah,Understanding,Mountain Flower,Wild Risk,Anguar,In Reality,Millicent,Mr. Prospector,プレイメイト,Pretense,Change Water,Nijinsky,Foreseer,ポツセ,ロイコン
202606010601,9,ダート,1200,良,未勝利,ミスチヴィアスアレックス,マドリガルスコア,Into Mischief,White Pants Night,ダンスインザダーク,フサイチワールド,Harlan's Holiday,Leslie's Lady,Speightstown,More d'Amour,サンデーサイレンス,ダンシングキイ,ラストタイクーン,ロイヤルコスマー,Harlan,Christmas in Aiken,Tricky Creek,Crystal Lady,Gone West,Silken Cat,Tour d'Or,Love Connection,Halo,Wishing Well,Nijinsky,Key Partner,トライマイベスト,Mill Princess,ロイヤルスキー,マツチレスネイティヴ,Storm Cat,Country Romance,Affirmed,Dowager,Clever Trick,Battle Creek Girl,Stop the Music,One Last Bird,Mr. Prospector,Secrettame,Storm Cat,Silken Doll,Medaille d'Or,Debby's Turn,Master Derby,Perfect Connection,Hail to Reason,Cosmah,Understanding,Mountain Flower,Northern Dancer,Flaming Page,Key to the Mint,Native Partner,Northern Dancer,Sex Appeal,Mill Reef,Irish Lass,Raja Baba,Coz o'Nijinsky,Raise a Native,Royal Match
202606010601,10,ダート,1200,良,未勝利,シニスターミニスター,アシャカダイキ,Old Trieste,Sweet Minister,スマートファルコン,レツィーナ,A.P. Indy,Lovlier Linda,The Prime Minister,Sweet Blue,ゴールドアリュール,ケイシュウハーブ,キャプテンスティーヴ,タニウインドタイム,Seattle Slew,Weekend Surprise,Vigors,Linda Summers,Deputy Minister,Stick to Beauty,Hurry Up Blue,Sugar Gold,サンデーサイレンス,ニキーヤ,ミシシッピアン,キョウエイシラユキ,Fly So Free,Sparkling Delite,ブライアンズタイム,ウインドシアー,Bold Reasoning,My Charmer,Secretariat,Lassie Dear,Grey Dawn,Relifordie,Crozier,Queenly Gift,Vice Regent,Mint Copy,Illustrious,Hail to Beauty,Mr. Leader,Blue Baroness,Mr. Prospector,Miss Ironside,Halo,Wishing Well,Nureyev,Reluctant Guest,Vaguely Noble,Gazala,クラウンドプリンス,アリアーン,Time for a Change,Free to Fly,Vice Regent,Sparkling Topaz,Roberto,Kelley's Day,Fappiano,Ellie Milove
202606010601,11,ダート,1200,良,未勝利,ベストウォーリア,アタックガール,マジェスティックウォリアー,フラーテイシャスミス,パイロ,アールヴィストーゾ,A.P. Indy,Dream Supreme,Mr. Greeley,Seductive Smile,Pulpit,Wild Vision,ダンスインザダーク,バーミスキャット,Seattle Slew,Weekend Surprise,Seeking the Gold,Spinning Round,Gone West,Long Legend,Silver Hawk,Exit Smiling,A.P. Indy,Preach,Wild Again,Carol's Wonder,サンデーサイレンス,ダンシングキイ,Storm Cat,Timely Broad,Bold Reasoning,My Charmer,Secretariat,Lassie Dear,Mr. Prospector,Con Game,Dixieland Band,Take Heart,Mr. Prospector,Secrettame,Reviewer,Lianga,Roberto,Gris Vitesse,Stage Door Johnny,Chandelier,Seattle Slew,Weekend Surprise,Mr. Prospector,Narrate,Icecapade,Bushel-n-Peck,Pass the Tab,Carols Christmas,Halo,Wishing Well,Nijinsky,Key Partner,Storm Bird,Terlingua,Broad Brush,Timely Times
202606010601,12,ダート,1200,良,未勝利,スマートファルコン,ブルーパラダイス,ゴールドアリュール,ケイシュウハーブ,ロードカナロア,レディクローリス,サンデーサイレンス,ニキーヤ,ミシシッピアン,キョウエイシラユキ,キングカメハメハ,レディブラッサム,フォーティナイナー,シンコウラブリイ,Halo,Wishing Well,Nureyev,Reluctant Guest,Vaguely Noble,Gazala,クラウンドプリンス,アリアーン,Kingmambo,マンファス,Storm Cat,サラトガデュー,Mr. Prospector,File,Caerleon,ハッピートレイルズ,Hail to Reason,Cosmah,Understanding,Mountain Flower,Northern Dancer,Special,Hostage,Vaguely Royal,ヴィエナ,Noble Lassie,Dark Star,Belle Angevine,Raise a Native,Gay Hostess,シルバーシャーク,Nucciolina,Mr. Prospector,Miesque,ラストタイクーン,Pilot Bird,Storm Bird,Terlingua,Cormorant,Super Luna,Raise a Native,Gold Digger,Tom Rolfe,Continue,Nijinsky,Foreseer,ポツセ,ロイコン
202606010601,13,ダート,1200,良,未勝利,リオンディーズ,アイアムビューティ,キングカメハメハ,シーザリオ,ディープインパクト,アイアムエンジェル,Kingmambo,マンファス,スペシャルウィーク,キロフプリミエール,サンデーサイレンス,ウインドインハーヘア,ボストンハーバー,アイアムザウィナー,Mr. Prospector,Miesque,ラストタイクーン,Pilot Bird,サンデーサイレンス,キャンペンガール,Sadler's Wells,Querida,Halo,Wishing Well,Alzao,Burghclere,Capote,Harbor Springs,Danzig Connection,ブルージーンベイビー,Raise a Native,Gold Digger,Nureyev,Pasadoble,トライマイベスト,Mill Princess,Blakeney,The Dancer,Halo,Wishing Well,マルゼンスキー,レディーシラオキ,Northern Dancer,Fairy Bridge,Habitat,Principia,Hail to Reason,Cosmah,Understanding,Mountain Flower,Lyphard,Lady Rebecca,Busted,Highclere,Seattle Slew,Too Bald,Vice Regent,Tinnitus,Danzig,Gdynia,Mr. Prospector,Jones Time Machine
202606010601,14,ダート,1200,良,未勝利,モーニン,アイワナスマイル,ヘニーヒューズ,Giggly,ハーツクライ,ワナダンス,ヘネシー,Meadow Flyer,Distorted Humor,Chaste,サンデーサイレンス,アイリッシュダンス,The Leopard,Wannabe,Storm Cat,Island Kitty,Meadowlake,Shortley,フォーティナイナー,Danzig's Beauty,Cozzene,Purity,Halo,Wishing Well,トニービン,ビューパーダンス,Storm Cat,Moon Safari,Mutakddim,Wally,Storm Bird,Terlingua,Hawaii,T. C. Kitten,Hold Your Peace,Suspicious Native,Hagley,Short Winded,Mr. Prospector,File,Danzig,Sweetest Chant,Caro,Ride the Trails,Fappiano,Dame Mysterieuse,Hail to Reason,Cosmah,Understanding,Mountain Flower,カンパラ,Severn Bridge,Lyphard,My Bupers,Storm Bird,Terlingua,Mr. Prospector,Video,Seeking the Gold,Oscillate,サザンヘイロー,Welcome
202606010601,15,ダート,1200,良,未勝利,ゴールドドリーム,ヴンダーゾンネ,ゴールドアリュール,モンヴェール,グラスワンダー,キョウエイタイヨウ,サンデーサイレンス,ニキーヤ,フレンチデピュティ,スペシャルジェイド,Silver Hawk,Ameriflora,フォーティナイナー,West Turn,Halo,Wishing Well,Nureyev,Reluctant Guest,Deputy Minister,Mitterand,Cox's Ridge,Statistic,Roberto,Gris Vitesse,Danzig,Graceful Touch,Mr. Prospector,File,Cox's Ridge,Win Nona,Hail to Reason,Cosmah,Understanding,Mountain Flower,Northern Dancer,Special,Hostage,Vaguely Royal,Vice Regent,Mint Copy,Hold Your Peace,Laredo Lass,Best Turn,Our Martha,Mr. Prospector,Number,Hail to Reason,Bramalea,Amerigo,Matchiche,Northern Dancer,Pas de Nom,His Majesty,Pi Phi Gal,Raise a Native,Gold Digger,Tom Rolfe,Continue,Best Turn,Our Martha,Jacinto,Constance Black
202606010601,16,ダート,1200,良,未勝利,ノーブルミッション,グリーンシュート,Galileo,Kind,キズナ,ヒントオブスプリング,Sadler's Wells,Urban Sea,デインヒル,Rainbow Lake,ディープインパクト,キャットクイル,Seeking the Gold,チェロキーローズ,Northern Dancer,Fairy Bridge,Miswaki,Allegretta,Danzig,Razyana,Rainbow Quest,Rockfest,サンデーサイレンス,ウインドインハーヘア,Storm Cat,Pacific Princess,Mr. Prospector,Con Game,ダンシングブレーヴ,Celtic Assembly,Nearctic,Natalma,Bold Reason,Special,Mr. Prospector,Hopespringseternal,Lombard,Anatevka,Northern Dancer,Pas de Nom,His Majesty,Spring Adieu,Blushing Groom,I Will Follow,Stage Door Johnny,Rock Garden,Halo,Wishing Well,Alzao,Burghclere,Storm Bird,Terlingua,Damascus,Fiji,Raise a Native,Gold Digger,Buckpasser,Broadway,Lyphard,Navajo Princess,Secretariat,Welsh Garden
202606010602,1,ダート,1800,良,未勝利,ルヴァンスレーヴ,ヌチバナ,シンボリクリスエス,マエストラーレ,キングカメハメハ,ラバヤデール,Kris S.,Tee Kay,ネオユニヴァース,オータムブリーズ,Kingmambo,マンファス,サンデーサイレンス,ニキーヤ,Roberto,Sharp Queen,Gold Meridian,Tri Argo,サンデーサイレンス,ポインテッドパス,ティンバーカントリー,セプテンバーソング,Mr. Prospector,Miesque,ラストタイクーン,Pilot Bird,Halo,Wishing Well,Nureyev,Reluctant Guest,Hail to Reason,Bramalea,Princequillo,Bridgework,Seattle Slew,Queen Louie,Tri Jet,Hail Proudly,Halo,Wishing Well,Kris,Silken Way,Woodman,Fall Aspen,リアルシャダイ,ダイナフェアリー,Raise a Native,Gold Digger,Nureyev,Pasadoble,トライマイベスト,Mill Princess,Blakeney,The Dancer,Hail to Reason,Cosmah,Understanding,Mountain Flower,Northern Dancer,Special,Hostage,Vaguely Royal
202606010602,2,ダート,1800,良,未勝利,エイシンフラッシュ,ウェディングベール,キングズベスト,ムーンレディ,タートルボウル,プラチナベール,Kingmambo,Allegretta,Platini,Midnight Fever,Dyhim Diamond,Clara Bow,アグネスタキオン,オーベルゲイド,Mr. Prospector,Miesque,Lombard,Anatevka,Surumu,Prairie Darling,Sure Blade,Majoritat,Night Shift,Happy Landing,Top Ville,Kamiya,サンデーサイレンス,アグネスフローラ,Kaldoun,Anna Edes,Raise a Native,Gold Digger,Nureyev,Pasadoble,Agio,Promised Lady,Espresso,Almyra,Literat,Surama,Stanford,Prairie Belle,Kris,Double Lock,Konigsstuhl,Monacchia,Northern Dancer,Ciboulette,Homing,Laughing Goddess,High Top,Sega Ville,Kalamoun,Shahinaaz,Halo,Wishing Well,ロイヤルスキー,アグネスレディー,Caro,Katana,Fabulous Dancer,Abbey
202606010602,3,ダート,1800,良,未勝利,キセキ,シャンパンフルート,ルーラーシップ,ブリッツフィナーレ,クロフネ,トランシーフレーズ,キングカメハメハ,エアグルーヴ,ディープインパクト,ロンドンブリッジ,フレンチデピュティ,ブルーアヴェニュー,サンデーサイレンス,アンスチュアート,Kingmambo,マンファス,トニービン,ダイナカール,サンデーサイレンス,ウインドインハーヘア,ドクターデヴィアス,オールフォーロンドン,Deputy Minister,Mitterand,Classic Go Go,Eliza Blue,Halo,Wishing Well,Lyphard,Miss Carmie,Mr. Prospector,Miesque,ラストタイクーン,Pilot Bird,カンパラ,Severn Bridge,ノーザンテースト,シャダイフェザー,Halo,Wishing Well,Alzao,Burghclere,Ahonoora,Rose of Jericho,Danzig,Full Card,Vice Regent,Mint Copy,Hold Your Peace,Laredo Lass,Pago Pago,Classic Perfection,Icecapade,コレラ,Hail to Reason,Cosmah,Understanding,Mountain Flower,Northern Dancer,Goofed,T.V. Lark,Twice Over
202606010602,4,ダート,1800,良,未勝利,モズアスコット,ライトフェアリー,Frankel,India,サムライハート,フラワーフェアリー,Galileo,Kind,ヘネシー,Misty Hour,サンデーサイレンス,エアグルーヴ,アルカセット,フリーフォーギブン,Sadler's Wells,Urban Sea,デインヒル,Rainbow Lake,Storm Cat,Island Kitty,Miswaki,Our Tina Marie,Halo,Wishing Well,トニービン,ダイナカール,Kingmambo,チェサプラナ,Unbridled,Redeemer,Northern Dancer,Fairy Bridge,Miswaki,Allegretta,Danzig,Razyana,Rainbow Quest,Rockfest,Storm Bird,Terlingua,Hawaii,T. C. Kitten,Mr. Prospector,Hopespringseternal,Nijinsky,Java Moon,Hail to Reason,Cosmah,Understanding,Mountain Flower,カンパラ,Severn Bridge,ノーザンテースト,シャダイフェザー,Mr. Prospector,Miesque,Niniski,Top of The League,Fappiano,Gana Facil,Dixieland Band,Printing Press
202606010602,5,ダート,1800,良,未勝利,アドマイヤマーズ,リアアントニア,ダイワメジャー,ヴィアメディチ,Rockport Harbor,Beer Baroness,サンデーサイレンス,スカーレットブーケ,Medicean,Via Milano,Unbridled's Song,Regal Miss Copelan,Mr. Greeley,Lavish Numbers,Halo,Wishing Well,ノーザンテースト,スカーレットインク,Machiavellian,Mystic Goddess,Singspiel,Salvinaxia,Unbridled,Trolley Song,Copelan,Regal Pennant,Gone West,Long Legend,Polish Numbers,Timeleighness,Hail to Reason,Cosmah,Understanding,Mountain Flower,Northern Dancer,Lady Victoria,Crimson Satan,Consentida,Mr. Prospector,Coup de Folie,Storm Bird,Rose Goddess,In the Wings,Glorious Song,Linamix,Salve,Fappiano,Gana Facil,Caro,Lucky Spell,Tri Jet,Susan's Girl,Banner Bob,Regal Relation,Mr. Prospector,Secrettame,Reviewer,Lianga,Danzig,Numbered Account,Sir Raleigh,Pleasure Moment
202606010602,6,ダート,1800,良,未勝利,オルフェーヴル,アオイテソーロ,ステイゴールド,オリエンタルアート,ルーラーシップ,リアルナンバー,サンデーサイレンス,ゴールデンサッシュ,メジロマックイーン,エレクトロアート,キングカメハメハ,エアグルーヴ,Rainbow Corner,Numeraria,Halo,Wishing Well,ディクタス,ダイナサッシュ,メジロティターン,メジロオーロラ,ノーザンテースト,グランマスティーヴンス,Kingmambo,マンファス,トニービン,ダイナカール,Rainbow Quest,Kingscote,サザンヘイロー,Numismatica,Hail to Reason,Cosmah,Understanding,Mountain Flower,Sanctus,Doronic,ノーザンテースト,ロイヤルサッシュ,メジロアサマ,シエリル,リマンド,メジロアイリス,Northern Dancer,Lady Victoria,Lt. Stevens,Dhow,Mr. Prospector,Miesque,ラストタイクーン,Pilot Bird,カンパラ,Severn Bridge,ノーザンテースト,シャダイフェザー,Blushing Groom,I Will Follow,Kings Lake,Bold Fantasy,Halo,Northern Sea,Salt Marsh,Nut
202606010602,7,ダート,1800,良,未勝利,サトノアラジン,シャンスイ,ディープインパクト,マジックストーム,スウェプトオーヴァーボード,ダイナチャイナ,サンデーサイレンス,ウインドインハーヘア,Storm Cat,Foppy Dancer,エンドスウィープ,Sheer Ice,ノーザンテースト,アスコツトラップ,Halo,Wishing Well,Alzao,Burghclere,Storm Bird,Terlingua,Fappiano,Water Dance,フォーティナイナー,Broom Dance,Cutlass,Hey Dolly A.,Northern Dancer,Lady Victoria,エルセンタウロ,ディープデイーン,Hail to Reason,Cosmah,Understanding,Mountain Flower,Lyphard,Lady Rebecca,Busted,Highclere,Northern Dancer,South Ocean,Secretariat,Crimson Saint,Mr. Prospector,Killaloe,Nijinsky,Luiana,Mr. Prospector,File,Dance Spell,Witching Hour,Damascus,Aphonia,Ambehaving,Swift Deal,Nearctic,Natalma,Victoria Park,Lady Angela,Sideral,Planetaria,Bold Ruler,High Bid
202606010602,8,ダート,1800,良,未勝利,ウインバリアシオン,パールレディ,ハーツクライ,スーパーバレリーナ,クロフネ,ミスワカウエイ,サンデーサイレンス,アイリッシュダンス,Storm Bird,カウントオンアチェンジ,フレンチデピュティ,ブルーアヴェニュー,Miswaki,Galway Song,Halo,Wishing Well,トニービン,ビューパーダンス,Northern Dancer,South Ocean,Time for a Change,Count On Kathy,Deputy Minister,Mitterand,Classic Go Go,Eliza Blue,Mr. Prospector,Hopespringseternal,Irish Tower,Soprano Miss,Hail to Reason,Cosmah,Understanding,Mountain Flower,カンパラ,Severn Bridge,Lyphard,My Bupers,Nearctic,Natalma,New Providence,Shining Sun,Damascus,Resolver,Dancing Count,War Exchange,Vice Regent,Mint Copy,Hold Your Peace,Laredo Lass,Pago Pago,Classic Perfection,Icecapade,コレラ,Raise a Native,Gold Digger,Buckpasser,Rose Bower,Irish Castle,Royal Loom,Ruritania,Theme Song
202606010602,9,ダート,1800,良,未勝利,サートゥルナーリア,レッドアルジーヌ,ロードカナロア,シーザリオ,ハーツクライ,ショウダウン,キングカメハメハ,レディブラッサム,スペシャルウィーク,キロフプリミエール,サンデーサイレンス,アイリッシュダンス,Darshaan,Last Second,Kingmambo,マンファス,Storm Cat,サラトガデュー,サンデーサイレンス,キャンペンガール,Sadler's Wells,Querida,Halo,Wishing Well,トニービン,ビューパーダンス,Shirley Heights,Delsy,Alzao,Alruccaba,Mr. Prospector,Miesque,ラストタイクーン,Pilot Bird,Storm Bird,Terlingua,Cormorant,Super Luna,Halo,Wishing Well,マルゼンスキー,レディーシラオキ,Northern Dancer,Fairy Bridge,Habitat,Principia,Hail to Reason,Cosmah,Understanding,Mountain Flower,カンパラ,Severn Bridge,Lyphard,My Bupers,Mill Reef,Hardiemma,Abdos,Kelty,Lyphard,Lady Rebecca,クリスタルパレス,Allara
202606010602,10,ダート,1800,良,未勝利,アドマイヤマーズ,サムロマンス,ダイワメジャー,ヴィアメディチ,Galileo,Withorwithoutyou,サンデーサイレンス,スカーレットブーケ,Medicean,Via Milano,Sadler's Wells,Urban Sea,デインヒル,Morningsurprice,Halo,Wishing Well,ノーザンテースト,スカーレットインク,Machiavellian,Mystic Goddess,Singspiel,Salvinaxia,Northern Dancer,Fairy Bridge,Miswaki,Allegretta,Danzig,Razyana,Future Storm,Morning Has Broken,Hail to Reason,Cosmah,Understanding,Mountain Flower,Northern Dancer,Lady Victoria,Crimson Satan,Consentida,Mr. Prospector,Coup de Folie,Storm Bird,Rose Goddess,In the Wings,Glorious Song,Linamix,Salve,Nearctic,Natalma,Bold Reason,Special,Mr. Prospector,Hopespringseternal,Lombard,Anatevka,Northern Dancer,Pas de Nom,His Majesty,Spring Adieu,Storm Cat,Sea Sands,Prince John,A Wind Is Rising
202606010602,11,ダート,1800,良,未勝利,リアルスティール,レッドアクトレス,ディープインパクト,ラヴズオンリーミー,スクリーンヒーロー,トゥーピー,サンデーサイレンス,ウインドインハーヘア,Storm Cat,Monevassia,グラスワンダー,ランニングヒロイン,Intikhab,Turpitude,Halo,Wishing Well,Alzao,Burghclere,Storm Bird,Terlingua,Mr. Prospector,Miesque,Silver Hawk,Ameriflora,サンデーサイレンス,ダイナアクトレス,Red Ransom,Crafty Example,Caerleon,Canaletto,Hail to Reason,Cosmah,Understanding,Mountain Flower,Lyphard,Lady Rebecca,Busted,Highclere,Northern Dancer,South Ocean,Secretariat,Crimson Saint,Raise a Native,Gold Digger,Nureyev,Pasadoble,Roberto,Gris Vitesse,Danzig,Graceful Touch,Halo,Wishing Well,ノーザンテースト,モデルスポート,Roberto,アラビア,Crafty Prospector,Zienelle,Nijinsky,Foreseer,Iron Duke,Charming Doll
202606010602,12,ダート,1800,良,未勝利,ヤマカツエース,フェアリーリング,キングカメハメハ,ヤマカツマリリン,ワールドエース,フォーモサマンボ,Kingmambo,マンファス,グラスワンダー,イクセプトフォーワンダ,ディープインパクト,マンデラ,ノボジャック,リアフォーモサ,Mr. Prospector,Miesque,ラストタイクーン,Pilot Bird,Silver Hawk,Ameriflora,Tejabo,Unique Gal,サンデーサイレンス,ウインドインハーヘア,Acatenango,Mandellicht,フレンチデピュティ,フライトオブエンジェルス,Nureyev,Sex Appeal,Raise a Native,Gold Digger,Nureyev,Pasadoble,トライマイベスト,Mill Princess,Blakeney,The Dancer,Roberto,Gris Vitesse,Danzig,Graceful Touch,Deputy Minister,Cutty,Bold Ruckus,Spin to Win,Halo,Wishing Well,Alzao,Burghclere,Surumu,Aggravate,Be My Guest,Mandelauge,Deputy Minister,Mitterand,アフリート,Intently,Northern Dancer,Special,Buckpasser,Best in Show
202606010602,13,ダート,1800,良,未勝利,ハッピースプリント,タカンナ,アッミラーレ,マーゴーン,スピルバーグ,テンイムホウ,サンデーサイレンス,ダジルミージョリエ,Dayjur,Whispered Secret,ディープインパクト,プリンセスオリビア,ラムタラ,ラッキーダイアリー,Halo,Wishing Well,Carr de Naskra,Mawgrit,Danzig,Gold Beauty,Secretariat,Classy 'n Smart,サンデーサイレンス,ウインドインハーヘア,Lycius,Dance Image,Nijinsky,Snow Bride,ジャッジアンジェルーチ,ダイナシュペール,Hail to Reason,Cosmah,Understanding,Mountain Flower,Star de Naskra,Cornish Runner,Hoist the Flag,Spring Sunshine,Northern Dancer,Pas de Nom,Mr. Prospector,Stick to Beauty,Bold Ruler,Somethingroyal,Smarten,No Class,Halo,Wishing Well,Alzao,Burghclere,Mr. Prospector,Lypatia,Sadler's Wells,Diamond Spring,Northern Dancer,Flaming Page,Blushing Groom,Awaasif,Honest Pleasure,Victorian Queen,ノーザンテースト,カレンダーメイド
202606010602,14,ダート,1800,良,未勝利,ストーミーシー,イオ,アドマイヤムーン,リーベストラウム,タイキシャトル,クラウンガルチ,エンドスウィープ,マイケイティーズ,ゼンノエルシド,マウントモガミ,Devil's Bag,ウェルシュマフィン,Gulch,モムズクラウン,フォーティナイナー,Broom Dance,サンデーサイレンス,ケイティーズファースト,Caerleon,エンブラ,モガミ,マウントソブリン,Halo,Ballade,Caerleon,Muffitys,Mr. Prospector,Jameela,Chief's Crown,Mom's Command,Mr. Prospector,File,Dance Spell,Witching Hour,Halo,Wishing Well,Kris,Katies,Nijinsky,Foreseer,Dominion,Kaftan,Lyphard,ノーラック,ラッキーソブリン,マルイチアサコ,Hail to Reason,Cosmah,Herbager,Miss Swapsco,Nijinsky,Foreseer,Thatch,Contrail,Raise a Native,Gold Digger,Rambunctious,Asbury Mary,Danzig,Six Crowns,Top Command,Star Mommy
202606010602,15,ダート,1800,良,未勝利,アメリカンペイトリオット,ユリカチャン,War Front,Life Well Lived,ゴールドアリュール,オージーカンパニー,Danzig,Starry Dreamer,Tiznow,Well Dressed,サンデーサイレンス,ニキーヤ,Catrail,Irish Company,Northern Dancer,Pas de Nom,Rubiano,Lara's Star,Cee's Tizzy,Cee's Song,Notebook,Trithenia,Halo,Wishing Well,Nureyev,Reluctant Guest,Storm Cat,Tough as Nails,Irish River,バブルカンパニー,Nearctic,Natalma,Admiral's Voyage,Petitioner,Fappiano,Ruby Slippers,Forli,True Reality,Relaunch,テイズリー,Seattle Song,Lonely Dancer,Well Decorated,Mobcap,Gold Meridian,Tri Argo,Hail to Reason,Cosmah,Understanding,Mountain Flower,Northern Dancer,Special,Hostage,Vaguely Royal,Storm Bird,Terlingua,Majestic Light,Hardliner,Riverman,Irish Star,Lyphard,Prodice
202606010602,中,ダート,1800,良,未勝利,ダノンスマッシュ,フュージョン,ロードカナロア,スピニングワイルドキャット,クロフネ,リンガスマドンナ,キングカメハメハ,レディブラッサム,Hard Spun,Hollywood Wildcat,フレンチデピュティ,ブルーアヴェニュー,トウショウボーイ,ロードマドンナ,Kingmambo,マンファス,Storm Cat,サラトガデュー,Danzig,Turkish Tryst,Kris S.,Miss Wildcatter,Deputy Minister,Mitterand,Classic Go Go,Eliza Blue,テスコボーイ,ソシアルバターフライ,シルバーシャーク,チヨウセイ,Mr. Prospector,Miesque,ラストタイクーン,Pilot Bird,Storm Bird,Terlingua,Cormorant,Super Luna,Northern Dancer,Pas de Nom,Turkoman,Darbyvail,Roberto,Sharp Queen,Mr. Prospector,Elizabeth K.,Vice Regent,Mint Copy,Hold Your Peace,Laredo Lass,Pago Pago,Classic Perfection,Icecapade,コレラ,Princely Gift,Suncourt,Your Host,Wisteria,Buisson Ardent,Palsaka,リンボー,スマートクイン
202606010603,1,ダート,1800,良,新馬,サンダースノー,ヴィスビー,Helmet,Eastern Joy,ネオユニヴァース,アルヴィス,Exceed And Excel,Accessories,Dubai Destination,Red Slippers,サンデーサイレンス,ポインテッドパス,Mr. Greeley,Extraterrestral,デインヒル,Patrona,Singspiel,Anna Matrushka,Kingmambo,Mysterial,Nureyev,Morning Devotion,Halo,Wishing Well,Kris,Silken Way,Gone West,Long Legend,Storm Bird,Victorian Queen,Danzig,Razyana,Lomond,Gladiolus,In the Wings,Glorious Song,Mill Reef,Anna Paola,Mr. Prospector,Miesque,Alleged,Mysteries,Northern Dancer,Special,Affirmed,Morning Has Broken,Hail to Reason,Cosmah,Understanding,Mountain Flower,Sharpen Up,Doubly Sure,Shantung,Boulevard,Mr. Prospector,Secrettame,Reviewer,Lianga,Northern Dancer,South Ocean,Victoria Park,Willowfield
202606010603,2,ダート,1800,良,新馬,インディチャンプ,ソーディヴァイン,ステイゴールド,ウィルパワー,キンシャサノキセキ,ソーアラート,サンデーサイレンス,ゴールデンサッシュ,キングカメハメハ,トキオリアリティー,フジキセキ,ケルトシャーン,エリシオ,スペシャルアラート,Halo,Wishing Well,ディクタス,ダイナサッシュ,Kingmambo,マンファス,Meadowlake,What a Reality,サンデーサイレンス,ミルレーサー,Pleasant Colony,Featherhill,Fairy King,Helice,Gulch,So Cozy,Hail to Reason,Cosmah,Understanding,Mountain Flower,Sanctus,Doronic,ノーザンテースト,ロイヤルサッシュ,Mr. Prospector,Miesque,ラストタイクーン,Pilot Bird,Hold Your Peace,Suspicious Native,In Reality,What Will Be,Halo,Wishing Well,Le Fabuleux,Marston's Mill,His Majesty,Sun Colony,Lyphard,Lady Berry,Northern Dancer,Fairy Bridge,Slewpy,Hirondelle,Mr. Prospector,Jameela,Lyphard,Special Warmth
202606010603,3,ダート,1800,良,新馬,ゴールドドリーム,グレイスキッパー,ゴールドアリュール,モンヴェール,カレンブラックヒル,スモーキークォーツ,サンデーサイレンス,ニキーヤ,フレンチデピュティ,スペシャルジェイド,ダイワメジャー,チャールストンハーバー,ヘクタープロテクター,エイシンフリスキー,Halo,Wishing Well,Nureyev,Reluctant Guest,Deputy Minister,Mitterand,Cox's Ridge,Statistic,サンデーサイレンス,スカーレットブーケ,Grindstone,Penny's Valentine,Woodman,Korveya,ジャッジアンジェルーチ,ダムグリス,Hail to Reason,Cosmah,Understanding,Mountain Flower,Northern Dancer,Special,Hostage,Vaguely Royal,Vice Regent,Mint Copy,Hold Your Peace,Laredo Lass,Best Turn,Our Martha,Mr. Prospector,Number,Halo,Wishing Well,ノーザンテースト,スカーレットインク,Unbridled,Buzz My Bell,Storm Cat,Mrs. Penny,Mr. Prospector,プレイメイト,Riverman,Konafa,Honest Pleasure,Victorian Queen,Grey Dawn II,Bessie's Mother
202606010603,4,ダート,1800,良,新馬,ナダル,バケットリスト,Blame,Ascending Angel,シンボリクリスエス,レチャーダ,Arch,Liable,Pulpit,Solar Colony,Kris S.,Tee Kay,ディープインパクト,ドゥルセデレーチェ,Kris S.,Aurora,Seeking the Gold,Bound,A.P. Indy,Preach,Pleasant Colony,Meteor Stage,Roberto,Sharp Queen,Gold Meridian,Tri Argo,サンデーサイレンス,ウインドインハーヘア,フレンチデピュティ,ポトリザリス,Roberto,Sharp Queen,Danzig,Althea,Mr. Prospector,Con Game,Nijinsky,Special,Seattle Slew,Weekend Surprise,Mr. Prospector,Narrate,His Majesty,Sun Colony,Stage Door Johnny,Northern Meteor,Hail to Reason,Bramalea,Princequillo,Bridgework,Seattle Slew,Queen Louie,Tri Jet,Hail Proudly,Halo,Wishing Well,Alzao,Burghclere,Deputy Minister,Mitterand,Potrillazo,Chaldee
202606010603,5,ダート,1800,良,新馬,キタサンブラック,マイウェイアムール,ブラックタイド,シュガーハート,ロードカナロア,レイズユアグラス,サンデーサイレンス,ウインドインハーヘア,サクラバクシンオー,オトメゴコロ,キングカメハメハ,レディブラッサム,アジュディケーティング,レイズアプランサー,Halo,Wishing Well,Alzao,Burghclere,サクラユタカオー,サクラハゴロモ,ジャッジアンジェルーチ,テイズリー,Kingmambo,マンファス,Storm Cat,サラトガデュー,Danzig,Resolver,Raise a Native,Dancing Hostess,Hail to Reason,Cosmah,Understanding,Mountain Flower,Lyphard,Lady Rebecca,Busted,Highclere,テスコボーイ,アンジェリカ,ノーザンテースト,クリアアンバー,Honest Pleasure,Victorian Queen,Lyphard,Tizna,Mr. Prospector,Miesque,ラストタイクーン,Pilot Bird,Storm Bird,Terlingua,Cormorant,Super Luna,Northern Dancer,Pas de Nom,Reviewer,Lovely Morning,Native Dancer,Raise You,Sword Dancer,Your Hostess
202606010603,6,ダート,1800,良,新馬,マテラスカイ,クイーンズシアター,Speightstown,Mostaqeleh,ディープインパクト,センボンザクラ,Gone West,Silken Cat,Rahy,Istiqlal,サンデーサイレンス,ウインドインハーヘア,サクラユタカオー,ダイナフランダース,Mr. Prospector,Secrettame,Storm Cat,Silken Doll,Blushing Groom,Glorious Song,Diesis,Wasnah,Halo,Wishing Well,Alzao,Burghclere,テスコボーイ,アンジェリカ,ノーザンテースト,レディフランダーズ,Raise a Native,Gold Digger,Secretariat,Tamerett,Storm Bird,Terlingua,Chieftain,Insilca,Red God,Runaway Bride,Halo,Ballade,Sharpen Up,Doubly Sure,Nijinsky,Highest Trump,Hail to Reason,Cosmah,Understanding,Mountain Flower,Lyphard,Lady Rebecca,Busted,Highclere,Princely Gift,Suncourt,ネヴァービート,スターハイネス,Northern Dancer,Lady Victoria,Chieftain,Moll Flanders
202606010603,7,ダート,1800,良,新馬,ナダル,フランジヴェント,Blame,Ascending Angel,キンシャサノキセキ,ライクザウインド,Arch,Liable,Pulpit,Solar Colony,フジキセキ,ケルトシャーン,デインヒル,ウインドインハーヘア,Kris S.,Aurora,Seeking the Gold,Bound,A.P. Indy,Preach,Pleasant Colony,Meteor Stage,サンデーサイレンス,ミルレーサー,Pleasant Colony,Featherhill,Danzig,Razyana,Alzao,Burghclere,Roberto,Sharp Queen,Danzig,Althea,Mr. Prospector,Con Game,Nijinsky,Special,Seattle Slew,Weekend Surprise,Mr. Prospector,Narrate,His Majesty,Sun Colony,Stage Door Johnny,Northern Meteor,Halo,Wishing Well,Le Fabuleux,Marston's Mill,His Majesty,Sun Colony,Lyphard,Lady Berry,Northern Dancer,Pas de Nom,His Majesty,Spring Adieu,Lyphard,Lady Rebecca,Busted,Highclere
202606010603,8,ダート,1800,良,新馬,ホッコータルマエ,ファニーヒロイン,キングカメハメハ,マダムチェロキー,ゴールドアリュール,ファニーストーリー,Kingmambo,マンファス,Cherokee Run,アンフォイルド,サンデーサイレンス,ニキーヤ,Distorted Humor,チケットトゥダンス,Mr. Prospector,Miesque,ラストタイクーン,Pilot Bird,Runaway Groom,Cherokee Dame,Unbridled,Bold Foil,Halo,Wishing Well,Nureyev,Reluctant Guest,フォーティナイナー,Danzig's Beauty,Sadler's Wells,River Missy,Raise a Native,Gold Digger,Nureyev,Pasadoble,トライマイベスト,Mill Princess,Blakeney,The Dancer,Blushing Groom,Yonnie Girl,Silver Saber,Dame Francesca,Fappiano,Gana Facil,Bold Forbes,Perfect Foil,Hail to Reason,Cosmah,Understanding,Mountain Flower,Northern Dancer,Special,Hostage,Vaguely Royal,Mr. Prospector,File,Danzig,Sweetest Chant,Northern Dancer,Fairy Bridge,Riverman,Quilloquick
202606010603,9,ダート,1800,良,新馬,ニューイヤーズデイ,センショウレイナ,Street Cry,Justwhistledixie,ハービンジャー,ブルーリッジリバー,Machiavellian,Helen Street,Dixie Union,General Jeanne,Dansili,Penang Pearl,フジキセキ,スカーレットブルー,Mr. Prospector,Coup de Folie,Troy,Waterway,Dixieland Band,She's Tops,Honour and Glory,Ahpo Hel,デインヒル,Hasili,Bering,Guapa,サンデーサイレンス,ミルレーサー,ノーザンテースト,スカーレットインク,Raise a Native,Gold Digger,Halo,Raise the Standard,Petingo,La Milo,Riverman,Boulevard,Northern Dancer,Mississippi Mud,Capote,She's a Talent,Relaunch,Fair to All,Mr. Leader,Tiy,Danzig,Razyana,Kahyasi,Kerali,Arctic Tern,Beaune,Shareef Dancer,Sauceboat,Halo,Wishing Well,Le Fabuleux,Marston's Mill,Northern Dancer,Lady Victoria,Crimson Satan,Consentida
202606010603,10,ダート,1800,良,新馬,サンライズソア,イエロータキオン,シンボリクリスエス,アメーリア,アグネスタキオン,イエローサンライズ,Kris S.,Tee Kay,スペシャルウィーク,ビハインドザマスク,サンデーサイレンス,アグネスフローラ,デイヴィッズバード,ラブリーサンライズ,Roberto,Sharp Queen,Gold Meridian,Tri Argo,サンデーサイレンス,キャンペンガール,ホワイトマズル,ヴアインゴールド,Halo,Wishing Well,ロイヤルスキー,アグネスレディー,Storm Bird,Splendid Girl,ノーザンテースト,ナイトブリーズ,Hail to Reason,Bramalea,Princequillo,Bridgework,Seattle Slew,Queen Louie,Tri Jet,Hail Proudly,Halo,Wishing Well,マルゼンスキー,レディーシラオキ,ダンシングブレーヴ,Fair of the Furze,Mr. Prospector,Chancy Dance,Hail to Reason,Cosmah,Understanding,Mountain Flower,Raja Baba,Coz o'Nijinsky,リマンド,イコマエイカン,Northern Dancer,South Ocean,Golden Eagle,Coccinea,Northern Dancer,Lady Victoria,パーソロン,コサージターフ
202606010603,11,ダート,1800,良,新馬,ビッグアーサー,トップノート,サクラバクシンオー,シヤボナ,ダイワメジャー,カルチャートップ,サクラユタカオー,サクラハゴロモ,Kingmambo,Relish,サンデーサイレンス,スカーレットブーケ,マヤノトップガン,ジャパン,テスコボーイ,アンジェリカ,ノーザンテースト,クリアアンバー,Mr. Prospector,Miesque,Sadler's Wells,Reloy,Halo,Wishing Well,ノーザンテースト,スカーレットインク,ブライアンズタイム,アルプミープリーズ,Caerleon,Culture Vulture,Princely Gift,Suncourt,ネヴァービート,スターハイネス,Northern Dancer,Lady Victoria,Ambiopoise,One Clear Call,Raise a Native,Gold Digger,Nureyev,Pasadoble,Northern Dancer,Fairy Bridge,Liloy,Rescousse,Hail to Reason,Cosmah,Understanding,Mountain Flower,Northern Dancer,Lady Victoria,Crimson Satan,Consentida,Roberto,Kelley's Day,Blushing Groom,Swiss,Nijinsky,Foreseer,Timeless Moment,Perfect Example
202606010603,12,ダート,1800,良,新馬,ルヴァンスレーヴ,セトウチソーラー,シンボリクリスエス,マエストラーレ,スペシャルウィーク,サマーヴォヤージュ,Kris S.,Tee Kay,ネオユニヴァース,オータムブリーズ,サンデーサイレンス,キャンペンガール,Summer Squall,La Voyageuse,Roberto,Sharp Queen,Gold Meridian,Tri Argo,サンデーサイレンス,ポインテッドパス,ティンバーカントリー,セプテンバーソング,Halo,Wishing Well,マルゼンスキー,レディーシラオキ,Storm Bird,Weekend Surprise,Tentam,Fanfreluche,Hail to Reason,Bramalea,Princequillo,Bridgework,Seattle Slew,Queen Louie,Tri Jet,Hail Proudly,Halo,Wishing Well,Kris,Silken Way,Woodman,Fall Aspen,リアルシャダイ,ダイナフェアリー,Hail to Reason,Cosmah,Understanding,Mountain Flower,Nijinsky,シル,セントクレスピン,ミスアシヤガワ,Northern Dancer,South Ocean,Secretariat,Lassie Dear,Intentionally,Tamerett,Northern Dancer,Ciboulette
202606010603,13,ダート,1800,良,新馬,サンダースノー,アスールダリア,Helmet,Eastern Joy,エスポワールシチー,アスール,Exceed And Excel,Accessories,Dubai Destination,Red Slippers,ゴールドアリュール,エミネントシチー,フォーティナイナー,アローム,デインヒル,Patrona,Singspiel,Anna Matrushka,Kingmambo,Mysterial,Nureyev,Morning Devotion,サンデーサイレンス,ニキーヤ,ブライアンズタイム,ヘップバーンシチー,Mr. Prospector,File,ノーザンテースト,ストロークト,Danzig,Razyana,Lomond,Gladiolus,In the Wings,Glorious Song,Mill Reef,Anna Paola,Mr. Prospector,Miesque,Alleged,Mysteries,Northern Dancer,Special,Affirmed,Morning Has Broken,Halo,Wishing Well,Nureyev,Reluctant Guest,Roberto,Kelley's Day,ブレイヴェストローマン,コンパルシチー,Raise a Native,Gold Digger,Tom Rolfe,Continue,Northern Dancer,Lady Victoria,Riverman,Her B.
202606010603,14,ダート,1800,良,新馬,エスポワールシチー,エメンタールベルン,ゴールドアリュール,エミネントシチー,ディープスカイ,シンバル,サンデーサイレンス,ニキーヤ,ブライアンズタイム,ヘップバーンシチー,アグネスタキオン,アビ,Singspiel,Valdara,Halo,Wishing Well,Nureyev,Reluctant Guest,Roberto,Kelley's Day,ブレイヴェストローマン,コンパルシチー,サンデーサイレンス,アグネスフローラ,Chief's Crown,Carmelized,In the Wings,Glorious Song,Darshaan,Valverda,Hail to Reason,Cosmah,Understanding,Mountain Flower,Northern Dancer,Special,Hostage,Vaguely Royal,Hail to Reason,Bramalea,Graustark,Golden Trail,Never Bend,Roman Song,トラフィック,リンネス,Halo,Wishing Well,ロイヤルスキー,アグネスレディー,Danzig,Six Crowns,Key to the Mint,Carmelize,Sadler's Wells,High Hawk,Halo,Ballade,Shirley Heights,Delsy,Irish River,Via Venise
202606010603,15,ダート,1800,良,新馬,マインドユアビスケッツ,プロヴェルビオ,Posse,Jazzmane,ステイゴールド,マイネテレジア,Silver Deputy,Raska,Toccet,Alljazz,サンデーサイレンス,ゴールデンサッシュ,ロージズインメイ,マイネヌーヴェル,Deputy Minister,Silver Valley,Rahy,Borishka,Awesome Again,Cozzene's Angel,Stop the Music,Bounteous,Halo,Wishing Well,ディクタス,ダイナサッシュ,Devil His Due,Tell a Secret,ブライアンズタイム,マイネプリテンダー,Vice Regent,Mint Copy,Mr. Prospector,Seven Valleys,Blushing Groom,Glorious Song,Roberto,Queen Maud,Deputy Minister,Primal Force,Cozzene,Charming Pan,Hail to Reason,Bebopper,Master Derby,Mlle. Quille,Hail to Reason,Cosmah,Understanding,Mountain Flower,Sanctus,Doronic,ノーザンテースト,ロイヤルサッシュ,Devil's Bag,Plenty O'Toole,Speak John,Secret Retreat,Roberto,Kelley's Day,Zabeel,Giladah
202606010603,16,ダート,1800,良,新馬,リアルインパクト,ピーエムルッカ,ディープインパクト,トキオリアリティー,キンシャサノキセキ,ルカダンス,サンデーサイレンス,ウインドインハーヘア,Meadowlake,What a Reality,フジキセキ,ケルトシャーン,ヘクタープロテクター,ダンスダンスダンス,Halo,Wishing Well,Alzao,Burghclere,Hold Your Peace,Suspicious Native,In Reality,What Will Be,サンデーサイレンス,ミルレーサー,Pleasant Colony,Featherhill,Woodman,Korveya,ナイスダンサー,リセス,Hail to Reason,Cosmah,Understanding,Mountain Flower,Lyphard,Lady Rebecca,Busted,Highclere,Speak John,Blue Moon,Raise a Native,Be Suspicious,Intentionally,My Dear Girl,Crozier,Solabar,Halo,Wishing Well,Le Fabuleux,Marston's Mill,His Majesty,Sun Colony,Lyphard,Lady Berry,Mr. Prospector,プレイメイト,Riverman,Konafa,Northern Dancer,Nice Princess,Stop the Music,Parlor Game
202606010604,1,障害,2880,良,未勝利,Collected,ダンスウィズキトゥン,City Zip,Helena Bay,Kitten's Joy,Madame Du Lac,Carson City,Baby Zip,ヨハネスブルグ,ジョセット,El Prado,Kitten's First,Lemon Drop Kid,Geisha Girl,Mr. Prospector,Blushing Promise,Relaunch,Thirty Zip,ヘネシー,Myth,デインヒル,Loure,Sadler's Wells,Lady Capulet,Lear Fan,That's My Hon,Kingmambo,Charming Lassie,Nashwan,Miznah,Raise a Native,Gold Digger,Blushing Groom,Summertime Promise,In Reality,Foggy Note,Tri Jet,Sailaway,Storm Cat,Island Kitty,オジジアン,Yarn,Danzig,Razyana,Lyphard,Allicance,Northern Dancer,Fairy Bridge,Sir Ivor,Cap and Bells,Roberto,Wac,L'Enjoleur,One Lane,Mr. Prospector,Miesque,Seattle Slew,Lassie Dear,Blushing Groom,Height of Fashion,Sadler's Wells,La Dame Du Lac
202606010604,2,障害,2880,良,未勝利,シルバーステート,ラサンバ,ディープインパクト,シルヴァースカヤ,Orientate,La Bamba,サンデーサイレンス,ウインドインハーヘア,Silver Hawk,Boubskaia,Mt. Livermore,Dream Team,ラストタイクーン,Party,Halo,Wishing Well,Alzao,Burghclere,Roberto,Gris Vitesse,Niniski,Frenetique,Blushing Groom,Flama Ardiente,Cox's Ridge,Likely Double,トライマイベスト,Mill Princess,Lunchtime,Waltz,Hail to Reason,Cosmah,Understanding,Mountain Flower,Lyphard,Lady Rebecca,Busted,Highclere,Hail to Reason,Bramalea,Amerigo,Matchiche,Nijinsky,Virginia Hills,Tyrant,Femina,Red God,Runaway Bride,Crimson Satan,Royal Rafele,Best Turn,Our Martha,Nodouble,Likely Lark,Northern Dancer,Sex Appeal,Mill Reef,Irish Lass,Silly Season,Great Occasion,Adamastor,Lady Pirouette
202606010604,3,障害,2880,良,未勝利,ナムラタイタン,エイシンドナウ,サウスヴィグラス,ネクストタイム,グラスワンダー,エイシンビーナス,エンドスウィープ,ダーケストスター,アフリート,ジャビラバ,Silver Hawk,Ameriflora,サンデーサイレンス,ブランシユレイン,フォーティナイナー,Broom Dance,Star de Naskra,Minnie Riperton,Mr. Prospector,Polite Lady,Majestic Light,コマーズ,Roberto,Gris Vitesse,Danzig,Graceful Touch,Halo,Wishing Well,Nureyev,Belga,Mr. Prospector,File,Dance Spell,Witching Hour,Naskra,Candle Star,Cornish Prince,English Harbor,Raise a Native,Gold Digger,Venetian Jester,Friendly Ways,Majestic Prince,Irradiate,Danzig,ミドルマーチ,Hail to Reason,Bramalea,Amerigo,Matchiche,Northern Dancer,Pas de Nom,His Majesty,Pi Phi Gal,Hail to Reason,Cosmah,Understanding,Mountain Flower,Northern Dancer,Special,Le Fabuleux,Belle de Retz
202606010604,4,障害,2880,良,未勝利,ヤマニンセラフィム,ティフィン,サンデーサイレンス,ヤマニンパラダイス,トワイニング,エラティス,Halo,Wishing Well,Danzig,Althea,フォーティナイナー,Courtly Dee,El Gran Senor,Summer Review,Hail to Reason,Cosmah,Understanding,Mountain Flower,Northern Dancer,Pas de Nom,Alydar,Courtly Dee,Mr. Prospector,File,Never Bend,Tulle,Northern Dancer,Sex Appeal,Graustark,Raise a Baby,Turn-to,Nothirdchance,Cosmic Bomb,Almahmoud,Promised Land,Pretty Ways,Montparnasse,Edelweiss,Nearctic,Natalma,Admiral's Voyage,Petitioner,Raise a Native,Sweet Tooth,Never Bend,Tulle,Raise a Native,Gold Digger,Tom Rolfe,Continue,Nasrullah,Lalun,War Admiral,Judy-Rae,Nearctic,Natalma,Buckpasser,Best in Show,Ribot,Flower Bowl,Raise a Native,Bambola
202606010604,5,障害,2880,良,未勝利,ゴールドシップ,ホウオウサブリナ,ステイゴールド,ポイントフラッグ,ルーラーシップ,トラヴェシーア,サンデーサイレンス,ゴールデンサッシュ,メジロマックイーン,パストラリズム,キングカメハメハ,エアグルーヴ,ディープインパクト,マンファス,Halo,Wishing Well,ディクタス,ダイナサッシュ,メジロティターン,メジロオーロラ,プルラリズム,トクノエイティー,Kingmambo,マンファス,トニービン,ダイナカール,サンデーサイレンス,ウインドインハーヘア,ラストタイクーン,Pilot Bird,Hail to Reason,Cosmah,Understanding,Mountain Flower,Sanctus,Doronic,ノーザンテースト,ロイヤルサッシュ,メジロアサマ,シエリル,リマンド,メジロアイリス,The Minstrel,Cambretta,トライバルチーフ,アイアンルビー,Mr. Prospector,Miesque,ラストタイクーン,Pilot Bird,カンパラ,Severn Bridge,ノーザンテースト,シャダイフェザー,Halo,Wishing Well,Alzao,Burghclere,トライマイベスト,Mill Princess,Blakeney,The Dancer
202606010604,6,障害,2880,良,未勝利,American Pharoah,Chocolate Pop,Pioneerof the Nile,Littleprincessemma,Cuvee,White Chocolate,エンパイアメーカー,Star of Goshen,Yankee Gentleman,Exclusive Rosette,Carson City,Christmas Star,With Approval,Cee Knows,Unbridled,Toussaud,Lord at War,Castle Eight,Storm Cat,Key Phrase,Ecliptical,Zetta Jet,Mr. Prospector,Blushing Promise,Star de Naskra,Carols Christmas,Caro,Passing Mood,Known Fact,Hattab Gal,Fappiano,Gana Facil,El Gran Senor,Image of Reality,General,Luna de Miel,Key to the Kingdom,Her Native,Storm Bird,Terlingua,Flying Paster,Sown,Exclusive Native,Minnetonka,Tri Jet,Queen Zetta,Raise a Native,Gold Digger,Blushing Groom,Summertime Promise,Naskra,Candle Star,Whitesburg,Light Verse,フォルティノ,Chambord,Buckpasser,Cool Mood,In Reality,Tamerett,Al Hattab,Forest Princess
202606010604,7,障害,2880,良,未勝利,メイショウボーラー,コウユーヒカリママ,タイキシャトル,ナイスレイズ,ロックオブジブラルタル,クーチュア,Devil's Bag,ウェルシュマフィン,Storm Cat,Nice Tradition,デインヒル,Offshore Boom,Capote,Madeleine's Dream,Halo,Ballade,Caerleon,Muffitys,Storm Bird,Terlingua,Search Tradition,Nice Dancing,Danzig,Razyana,Be My Guest,Push a Button,Seattle Slew,Too Bald,Theatrical,L'Attrayante,Hail to Reason,Cosmah,Herbager,Miss Swapsco,Nijinsky,Foreseer,Thatch,Contrail,Northern Dancer,South Ocean,Secretariat,Crimson Saint,Nashua,Searching,Kazan,Nice,Northern Dancer,Pas de Nom,His Majesty,Spring Adieu,Northern Dancer,What a Treat,Bold Lad,River Lady,Bold Reasoning,My Charmer,Bald Eagle,Hidden Talent,Nureyev,ツリーオブノレッジ,Tyrant,Camerata
202606010604,8,障害,2880,良,未勝利,ドレフォン,ディアマイダーリン,Gio Ponti,Eltimaas,ハーツクライ,オネストリーダーリン,Tale of the Cat,Chipeta Springs,Ghostzapper,Najecam,サンデーサイレンス,アイリッシュダンス,Kingmambo,Reluctant Guest,Storm Cat,Yarn,Alydar,Salt Spring,Awesome Again,Baby Zip,Trempolino,Sue Warner,Halo,Wishing Well,トニービン,ビューパーダンス,Mr. Prospector,Miesque,Hostage,Vaguely Royal,Storm Bird,Terlingua,Mr. Prospector,Narrate,Raise a Native,Sweet Tooth,Salt Marsh,Jungle Mythologic,Deputy Minister,Primal Force,Relaunch,Thirty Zip,Sharpen Up,Trephine,Forli,Bitty Girl,Hail to Reason,Cosmah,Understanding,Mountain Flower,カンパラ,Severn Bridge,Lyphard,My Bupers,Raise a Native,Gold Digger,Nureyev,Pasadoble,Nijinsky,Entente,Vaguely Noble,Shoshanna
202606010604,9,障害,2880,良,未勝利,ハーツクライ,タマユラ,サンデーサイレンス,アイリッシュダンス,Tamayuz,Laureldean Express,Halo,Wishing Well,トニービン,ビューパーダンス,Nayef,Al Ishq,Inchinor,Triple Sharp,Hail to Reason,Cosmah,Understanding,Mountain Flower,カンパラ,Severn Bridge,Lyphard,My Bupers,Gulch,Height of Fashion,Nureyev,Allez Les Trois,Ahonoora,Inchmurrin,Selkirk,Drei,Turn-to,Nothirdchance,Cosmic Bomb,Almahmoud,Promised Land,Pretty Ways,Montparnasse,Edelweiss,Kalamoun,State Pension,Hornbeam,Priddy Fair,Northern Dancer,Goofed,Bupers,Princess Revoked,Mr. Prospector,Jameela,Bustino,Highclere,Northern Dancer,Special,Riverman,Allegretta,Lorenzaccio,Helen Nichols,Lomond,On Show,Sharpen Up,Annie Edge,Lyphard,Triple Tipple
202606010604,10,障害,2880,良,未勝利,トウケイヘイロー,トウケイスペシャル,ゴールドヘイロー,ダンスクィーン,スペシャルウィーク,ホーリーグレイル,サンデーサイレンス,ニアーザゴールド,ミルジョージ,ハイネスポート,サンデーサイレンス,キャンペンガール,ブライアンズタイム,アンブロジン,Halo,Wishing Well,Seeking the Gold,ニヤー,Mill Reef,Miss Charisma,ノーザンテースト,ファンシミン,Halo,Wishing Well,マルゼンスキー,レディーシラオキ,Roberto,Kelley's Day,Mr. Prospector,バラダ,Hail to Reason,Cosmah,Understanding,Mountain Flower,Mr. Prospector,Con Game,Northern Dancer,Far,Never Bend,Milan Mill,Ragusa,マタテイナ,Northern Dancer,Lady Victoria,Determine,Fanciful Miss,Hail to Reason,Cosmah,Understanding,Mountain Flower,Nijinsky,シル,セントクレスピン,ミスアシヤガワ,Hail to Reason,Bramalea,Graustark,Golden Trail,Raise a Native,Gold Digger,Damascus,Courtly Dee
202606010604,11,障害,2880,良,未勝利,サトノアラジン,トレジャーステイト,ディープインパクト,マジックストーム,Oasis Dream,ワイオラ,サンデーサイレンス,ウインドインハーヘア,Storm Cat,Foppy Dancer,Green Desert,Hope,Sadler's Wells,Rubies From Burma,Halo,Wishing Well,Alzao,Burghclere,Storm Bird,Terlingua,Fappiano,Water Dance,Danzig,Foreign Courier,ダンシングブレーヴ,Bahamian,Northern Dancer,Fairy Bridge,フォーティナイナー,Perfect Example,Hail to Reason,Cosmah,Understanding,Mountain Flower,Lyphard,Lady Rebecca,Busted,Highclere,Northern Dancer,South Ocean,Secretariat,Crimson Saint,Mr. Prospector,Killaloe,Nijinsky,Luiana,Northern Dancer,Pas de Nom,Sir Ivor,Courtly Dee,Lyphard,Navajo Princess,Mill Reef,Sorbus,Nearctic,Natalma,Bold Reason,Special,Mr. Prospector,File,Far North,Bold Example
202606010604,12,障害,2880,良,未勝利,ガルボ,ブセナ,マンハッタンカフェ,ヤマトダマシイ,マイネルセレクト,パールフレイヤ,サンデーサイレンス,サトルチェンジ,ジェネラス,ハハゴゼン,フォーティナイナー,ウメノアスコット,アドマイヤベガ,シーズシャイニング,Halo,Wishing Well,Law Society,Santa Luciana,Caerleon,Doff the Derby,ファストトパーズ,ケイテイルート,Mr. Prospector,File,ラッキーソブリン,ハギノトップレディ,サンデーサイレンス,ベガ,ラムタラ,シーズオレア,Hail to Reason,Cosmah,Understanding,Mountain Flower,Alleged,Bold Bikini,Luciano,Suleika,Nijinsky,Foreseer,Master Derby,Margarethen,Far North,Pink Topaze,ダンディルート,タイズキ,Raise a Native,Gold Digger,Tom Rolfe,Continue,Nijinsky,Sovereign,サンシー,イツトー,Halo,Wishing Well,トニービン,アンティックヴァリュー,Nijinsky,Snow Bride,Mr. Prospector,Ataire
202606010605,1,芝,2000,良,未勝利,リアルスティール,アトミカオロ,ディープインパクト,ラヴズオンリーミー,Orpen,Stormy Atorranta,サンデーサイレンス,ウインドインハーヘア,Storm Cat,Monevassia,Lure,Bonita Francita,Bernstein,La Vagoneta,Halo,Wishing Well,Alzao,Burghclere,Storm Bird,Terlingua,Mr. Prospector,Miesque,Danzig,Endear,Devil's Bag,Raise the Standard,Storm Cat,La Affirmed,Luhuk,Vaga Toss,Hail to Reason,Cosmah,Understanding,Mountain Flower,Lyphard,Lady Rebecca,Busted,Highclere,Northern Dancer,South Ocean,Secretariat,Crimson Saint,Raise a Native,Gold Digger,Nureyev,Pasadoble,Northern Dancer,Pas de Nom,Alydar,Chappaquiddick,Halo,Ballade,Hoist the Flag,Natalma,Storm Bird,Terlingua,Affirmed,La Mesa,フォーティナイナー,Royal Stance,Egg Toss,Vacacionante
202606010605,2,芝,2000,良,未勝利,サートゥルナーリア,サムシングジャスト,ロードカナロア,シーザリオ,ヴィクトワールピサ,ツルマルオトメ,キングカメハメハ,レディブラッサム,スペシャルウィーク,キロフプリミエール,ネオユニヴァース,ホワイトウォーターアフェア,タイキシャトル,メモリーズオブロニー,Kingmambo,マンファス,Storm Cat,サラトガデュー,サンデーサイレンス,キャンペンガール,Sadler's Wells,Querida,サンデーサイレンス,ポインテッドパス,Machiavellian,Much Too Risky,Devil's Bag,ウェルシュマフィン,Storm Cat,Pass Away,Mr. Prospector,Miesque,ラストタイクーン,Pilot Bird,Storm Bird,Terlingua,Cormorant,Super Luna,Halo,Wishing Well,マルゼンスキー,レディーシラオキ,Northern Dancer,Fairy Bridge,Habitat,Principia,Halo,Wishing Well,Kris,Silken Way,Mr. Prospector,Coup de Folie,Bustino,Short Rations,Halo,Ballade,Caerleon,Muffitys,Storm Bird,Terlingua,Swing Pass,Reelaway
202606010605,3,芝,2000,良,未勝利,インディチャンプ,イナズマアマリリス,ステイゴールド,ウィルパワー,スエヒロコマンダー,イナズマラム,サンデーサイレンス,ゴールデンサッシュ,キングカメハメハ,トキオリアリティー,コマンダーインチーフ,スエヒロジョウオー,ラムタラ,イナズマクロス,Halo,Wishing Well,ディクタス,ダイナサッシュ,Kingmambo,マンファス,Meadowlake,What a Reality,ダンシングブレーヴ,Slightly Dangerous,トウショウペガサス,イセスズカ,Nijinsky,Snow Bride,シービークロス,ポーロニアオリオン,Hail to Reason,Cosmah,Understanding,Mountain Flower,Sanctus,Doronic,ノーザンテースト,ロイヤルサッシュ,Mr. Prospector,Miesque,ラストタイクーン,Pilot Bird,Hold Your Peace,Suspicious Native,In Reality,What Will Be,Lyphard,Navajo Princess,Roberto,Where You Lead,ダンディルート,ソシアルトウショウ,マルゼンスキー,サリュウエイシヨン,Northern Dancer,Flaming Page,Blushing Groom,Awaasif,フォルティノ,ズイシヨウ,セダン,ミスオリオン
202606010605,4,芝,2000,良,未勝利,キズナ,シークレットスパイス,ディープインパクト,キャットクイル,ディスクリートキャット,Chimayo,サンデーサイレンス,ウインドインハーヘア,Storm Cat,Pacific Princess,Forestry,Pretty Discreet,A.P. Indy,Chimichurri,Halo,Wishing Well,Alzao,Burghclere,Storm Bird,Terlingua,Damascus,Fiji,Storm Cat,Shared Interest,Private Account,Pretty Persuasive,Seattle Slew,Weekend Surprise,Elusive Quality,Hard Knocker,Hail to Reason,Cosmah,Understanding,Mountain Flower,Lyphard,Lady Rebecca,Busted,Highclere,Northern Dancer,South Ocean,Secretariat,Crimson Saint,Sword Dancer,Kerala,Acropolis,Rififi,Storm Bird,Terlingua,Pleasant Colony,Surgery,Damascus,Numbered Account,Believe It,Bury the Hatchet,Bold Reasoning,My Charmer,Secretariat,Lassie Dear,Gone West,Touch of Greatness,Raja Baba,Homespun
202606010605,5,芝,2000,良,未勝利,エピファネイア,アフランシール,シンボリクリスエス,シーザリオ,ハーツクライ,ルシュクル,Kris S.,Tee Kay,スペシャルウィーク,キロフプリミエール,サンデーサイレンス,アイリッシュダンス,サクラバクシンオー,アジアンミーティア,Roberto,Sharp Queen,Gold Meridian,Tri Argo,サンデーサイレンス,キャンペンガール,Sadler's Wells,Querida,Halo,Wishing Well,トニービン,ビューパーダンス,サクラユタカオー,サクラハゴロモ,Unbridled,Trolley Song,Hail to Reason,Bramalea,Princequillo,Bridgework,Seattle Slew,Queen Louie,Tri Jet,Hail Proudly,Halo,Wishing Well,マルゼンスキー,レディーシラオキ,Northern Dancer,Fairy Bridge,Habitat,Principia,Hail to Reason,Cosmah,Understanding,Mountain Flower,カンパラ,Severn Bridge,Lyphard,My Bupers,テスコボーイ,アンジェリカ,ノーザンテースト,クリアアンバー,Fappiano,Gana Facil,Caro,Lucky Spell
202606010605,6,芝,2000,良,未勝利,ブラックタイド,マッチレスギフト,サンデーサイレンス,ウインドインハーヘア,Frankel,ミノレット,Halo,Wishing Well,Alzao,Burghclere,Galileo,Kind,Smart Strike,Silk And Scarlet,Hail to Reason,Cosmah,Understanding,Mountain Flower,Lyphard,Lady Rebecca,Busted,Highclere,Sadler's Wells,Urban Sea,デインヒル,Rainbow Lake,Mr. Prospector,Classy 'n Smart,Sadler's Wells,Danilova,Turn-to,Nothirdchance,Cosmic Bomb,Almahmoud,Promised Land,Pretty Ways,Montparnasse,Edelweiss,Northern Dancer,Goofed,Sir Ivor,Pocahontas,Crepello,Sans le Sou,Queen's Hussar,Highlight,Northern Dancer,Fairy Bridge,Miswaki,Allegretta,Danzig,Razyana,Rainbow Quest,Rockfest,Raise a Native,Gold Digger,Smarten,No Class,Northern Dancer,Fairy Bridge,Lyphard,Ballinderry
202606010605,7,芝,2000,良,未勝利,キズナ,シングフォーユー,ディープインパクト,キャットクイル,ジャスタウェイ,シングライクバード,サンデーサイレンス,ウインドインハーヘア,Storm Cat,Pacific Princess,ハーツクライ,シビル,シンボリクリスエス,シングライクトーク,Halo,Wishing Well,Alzao,Burghclere,Storm Bird,Terlingua,Damascus,Fiji,サンデーサイレンス,アイリッシュダンス,Wild Again,シャロン,Kris S.,Tee Kay,ノーザンテースト,フリートーク,Hail to Reason,Cosmah,Understanding,Mountain Flower,Lyphard,Lady Rebecca,Busted,Highclere,Northern Dancer,South Ocean,Secretariat,Crimson Saint,Sword Dancer,Kerala,Acropolis,Rififi,Halo,Wishing Well,トニービン,ビューパーダンス,Icecapade,Bushel-n-Peck,Mo Exception,Double Wiggle,Roberto,Sharp Queen,Gold Meridian,Tri Argo,Northern Dancer,Lady Victoria,リアルシャダイ,ダイナフリート
202606010605,8,芝,2000,良,未勝利,ロードカナロア,サトノワルキューレ,キングカメハメハ,レディブラッサム,ディープインパクト,ヒアトゥウィン,Kingmambo,マンファス,Storm Cat,サラトガデュー,サンデーサイレンス,ウインドインハーヘア,Roi Normand,Ascot Belle,Mr. Prospector,Miesque,ラストタイクーン,Pilot Bird,Storm Bird,Terlingua,Cormorant,Super Luna,Halo,Wishing Well,Alzao,Burghclere,Exclusive Native,Luth de Saron,Falcon Jet,Indian Blossom,Raise a Native,Gold Digger,Nureyev,Pasadoble,トライマイベスト,Mill Princess,Blakeney,The Dancer,Northern Dancer,South Ocean,Secretariat,Crimson Saint,His Majesty,Song Sparrow,In Reality,Alada,Hail to Reason,Cosmah,Understanding,Mountain Flower,Lyphard,Lady Rebecca,Busted,Highclere,Raise a Native,Exclusive,Luthier,Rose de Saron,Ghadeer,Victress,Fred Astaire,Floral Blossom
202606010605,9,芝,2000,良,未勝利,サートゥルナーリア,ハイタッチクイーン,ロードカナロア,シーザリオ,キングヘイロー,オペラレディ,キングカメハメハ,レディブラッサム,スペシャルウィーク,キロフプリミエール,ダンシングブレーヴ,グッバイヘイロー,オペラハウス,レディステラ,Kingmambo,マンファス,Storm Cat,サラトガデュー,サンデーサイレンス,キャンペンガール,Sadler's Wells,Querida,Lyphard,Navajo Princess,Halo,Pound Foolish,Sadler's Wells,Colorspin,Crafty Prospector,Maggie J. Jones,Mr. Prospector,Miesque,ラストタイクーン,Pilot Bird,Storm Bird,Terlingua,Cormorant,Super Luna,Halo,Wishing Well,マルゼンスキー,レディーシラオキ,Northern Dancer,Fairy Bridge,Habitat,Principia,Northern Dancer,Goofed,Drone,Olmec,Hail to Reason,Cosmah,Sir Ivor,Squander,Northern Dancer,Fairy Bridge,High Top,Reprocolor,Mr. Prospector,Real Crafty Lady,Angle Light,Two Bidders
202606010605,10,芝,2000,良,未勝利,サートゥルナーリア,ディープラヴ,ロードカナロア,シーザリオ,ディープインパクト,シーズインクルーデッド,キングカメハメハ,レディブラッサム,スペシャルウィーク,キロフプリミエール,サンデーサイレンス,ウインドインハーヘア,Include,Dancingonice,Kingmambo,マンファス,Storm Cat,サラトガデュー,サンデーサイレンス,キャンペンガール,Sadler's Wells,Querida,Halo,Wishing Well,Alzao,Burghclere,Broad Brush,Illeria,Robyn Dancer,Codallthetime,Mr. Prospector,Miesque,ラストタイクーン,Pilot Bird,Storm Bird,Terlingua,Cormorant,Super Luna,Halo,Wishing Well,マルゼンスキー,レディーシラオキ,Northern Dancer,Fairy Bridge,Habitat,Principia,Hail to Reason,Cosmah,Understanding,Mountain Flower,Lyphard,Lady Rebecca,Busted,Highclere,Ack Ack,Hay Patcher,Stop the Music,Baldski's Holiday,Crafty Prospector,Double Dancer,It's Freezing,Pass the Mums
202606010605,11,芝,2000,良,未勝利,シスキン,パラレルキャリア,First Defence,Bird Flown,シンボリクリスエス,シュペリユール,Unbridled's Song,Honest Lady,Oasis Dream,Silver Star,Kris S.,Tee Kay,サンデーサイレンス,ファビラスラフイン,Unbridled,Trolley Song,Seattle Slew,Toussaud,Green Desert,Hope,Zafonic,Monroe,Roberto,Sharp Queen,Gold Meridian,Tri Argo,Halo,Wishing Well,Fabulous Dancer,Mercalle,Fappiano,Gana Facil,Caro,Lucky Spell,Bold Reasoning,My Charmer,El Gran Senor,Image of Reality,Danzig,Foreign Courier,ダンシングブレーヴ,Bahamian,Gone West,Zaizafon,Sir Ivor,Best in Show,Hail to Reason,Bramalea,Princequillo,Bridgework,Seattle Slew,Queen Louie,Tri Jet,Hail Proudly,Hail to Reason,Cosmah,Understanding,Mountain Flower,Northern Dancer,Last of the Line,Kaldoun,Eole des Mers
202606010605,12,芝,2000,良,未勝利,ディーマジェスティ,カエデ,ディープインパクト,エルメスティアラ,タイキシャトル,メイプルウィリング,サンデーサイレンス,ウインドインハーヘア,ブライアンズタイム,シンコウエルメス,Devil's Bag,ウェルシュマフィン,カコイーシーズ,ラブファイター,Halo,Wishing Well,Alzao,Burghclere,Roberto,Kelley's Day,Sadler's Wells,Doff the Derby,Halo,Ballade,Caerleon,Muffitys,Alydar,Careless Notion,ジェネラス,ドミナスローズ,Hail to Reason,Cosmah,Understanding,Mountain Flower,Lyphard,Lady Rebecca,Busted,Highclere,Hail to Reason,Bramalea,Graustark,Golden Trail,Northern Dancer,Fairy Bridge,Master Derby,Margarethen,Hail to Reason,Cosmah,Herbager,Miss Swapsco,Nijinsky,Foreseer,Thatch,Contrail,Raise a Native,Sweet Tooth,Jester,Miss Uppity,Caerleon,Doff the Derby,トウショウボーイ,オフエル
202606010605,13,芝,2000,良,未勝利,ドレフォン,クイーングラス,Gio Ponti,Eltimaas,ルーラーシップ,パイクスピーク,Tale of the Cat,Chipeta Springs,Ghostzapper,Najecam,キングカメハメハ,エアグルーヴ,アグネスタキオン,アルヴァーダ,Storm Cat,Yarn,Alydar,Salt Spring,Awesome Again,Baby Zip,Trempolino,Sue Warner,Kingmambo,マンファス,トニービン,ダイナカール,サンデーサイレンス,アグネスフローラ,エルナンド,Lalindi,Storm Bird,Terlingua,Mr. Prospector,Narrate,Raise a Native,Sweet Tooth,Salt Marsh,Jungle Mythologic,Deputy Minister,Primal Force,Relaunch,Thirty Zip,Sharpen Up,Trephine,Forli,Bitty Girl,Mr. Prospector,Miesque,ラストタイクーン,Pilot Bird,カンパラ,Severn Bridge,ノーザンテースト,シャダイフェザー,Halo,Wishing Well,ロイヤルスキー,アグネスレディー,Niniski,Whakilyric,Cadeaux Genereux,Soemba
202606010605,14,芝,2000,良,未勝利,キタサンブラック,パドックシアトル,ブラックタイド,シュガーハート,Seattle Fitz,Capadocia Gulch,サンデーサイレンス,ウインドインハーヘア,サクラバクシンオー,オトメゴコロ,Fitzcarraldo,Hug a Slew,サンダーガルチ,Cia Parade,Halo,Wishing Well,Alzao,Burghclere,サクラユタカオー,サクラハゴロモ,ジャッジアンジェルーチ,テイズリー,Cipayo,Stall Only,Seattle Slew,Huggle Duggle,Gulch,Line of Thunder,Parade Marshal,Capadocia,Hail to Reason,Cosmah,Understanding,Mountain Flower,Lyphard,Lady Rebecca,Busted,Highclere,テスコボーイ,アンジェリカ,ノーザンテースト,クリアアンバー,Honest Pleasure,Victorian Queen,Lyphard,Tizna,Lacydon,Tsarina,Stallwood,Broadcast,Bold Reasoning,My Charmer,Never Bend,Crown the Queen,Mr. Prospector,Jameela,Storm Bird,Shoot a Line,Caro,Stepping High,Kasteel,Aquilonia
202606010605,15,芝,2000,良,未勝利,ブリックスアンドモルタル,アカンサス,Giant's Causeway,Beyond the Waves,フジキセキ,センスオブアート,Storm Cat,Mariah's Storm,Ocean Crest,Excedent,サンデーサイレンス,ミルレーサー,Unbridled's Song,Bishop's Mate,Storm Bird,Terlingua,Rahy,イメンス,Storm Bird,S.S.Aroma,Exceller,Broadway Lullaby,Halo,Wishing Well,Le Fabuleux,Marston's Mill,Unbridled,Trolley Song,Lyphard,Possible Mate,Northern Dancer,South Ocean,Secretariat,Crimson Saint,Blushing Groom,Glorious Song,Roberto,Imsodear,Northern Dancer,South Ocean,Seattle Slew,Rare Bouquet,Vaguely Noble,Too Bald,Stage Door Johnny,リットルブレツシング,Hail to Reason,Cosmah,Understanding,Mountain Flower,Wild Risk,Anguar,In Reality,Millicent,Fappiano,Gana Facil,Caro,Lucky Spell,Northern Dancer,Goofed,King's Bishop,Execution
202606010605,16,芝,2000,良,未勝利,サトノジェネシス,ハートヴァイン,ディープインパクト,マルペンサ,スピードワールド,スピードビクトリア,サンデーサイレンス,ウインドインハーヘア,Orpen,Marsella,Woodman,Gray Tab,ミスターシービー,ダイナセンチュリー,Halo,Wishing Well,Alzao,Burghclere,Lure,Bonita Francita,サザンヘイロー,Riviere,Mr. Prospector,プレイメイト,Zulu Tom,Pro Tab,トウショウボーイ,シービークイン,ノーザンテースト,シヤパネーズ,Hail to Reason,Cosmah,Understanding,Mountain Flower,Lyphard,Lady Rebecca,Busted,Highclere,Danzig,Endear,Devil's Bag,Raise the Standard,Halo,Northern Sea,Logical,Talonada,Raise a Native,Gold Digger,Buckpasser,Intriguing,Tom Rolfe,Zulu Dancer,Al Hattab,Prologue,テスコボーイ,ソシアルバターフライ,トピオ,メイドウ,Northern Dancer,Lady Victoria,スノッブ,ラシアマード
202606010605,17,芝,2000,良,未勝利,キズナ,ユーロナイトメア,ディープインパクト,キャットクイル,Kodiac,Kilakey,サンデーサイレンス,ウインドインハーヘア,Storm Cat,Pacific Princess,デインヒル,Rafha,Key of Luck,Amankila,Halo,Wishing Well,Alzao,Burghclere,Storm Bird,Terlingua,Damascus,Fiji,Danzig,Razyana,Kris,Eljazzi,Chief's Crown,Balbonella,Revoque,Steel Habit,Hail to Reason,Cosmah,Understanding,Mountain Flower,Lyphard,Lady Rebecca,Busted,Highclere,Northern Dancer,South Ocean,Secretariat,Crimson Saint,Sword Dancer,Kerala,Acropolis,Rififi,Northern Dancer,Pas de Nom,His Majesty,Spring Adieu,Sharpen Up,Doubly Sure,アーテイアス,Border Bounty,Danzig,Six Crowns,ゲイメセン,Bamieres,Fairy King,La Bella Fontana,Habitat,Ampulla
202606010605,18,芝,2000,良,未勝利,エタリオウ,タオヤメ,ステイゴールド,ホットチャチャ,ルーラーシップ,エンプレスティアラ,サンデーサイレンス,ゴールデンサッシュ,Cactus Ridge,Reduced Sentence,キングカメハメハ,エアグルーヴ,クロフネ,ゴールドティアラ,Halo,Wishing Well,ディクタス,ダイナサッシュ,ヘネシー,Double Park,Broad Brush,Long Term,Kingmambo,マンファス,トニービン,ダイナカール,フレンチデピュティ,ブルーアヴェニュー,Seeking the Gold,Bright Tiara,Hail to Reason,Cosmah,Understanding,Mountain Flower,Sanctus,Doronic,ノーザンテースト,ロイヤルサッシュ,Storm Cat,Island Kitty,Lycius,Just Pretty,Ack Ack,Hay Patcher,Private Account,Infinite,Mr. Prospector,Miesque,ラストタイクーン,Pilot Bird,カンパラ,Severn Bridge,ノーザンテースト,シャダイフェザー,Deputy Minister,Mitterand,Classic Go Go,Eliza Blue,Mr. Prospector,Con Game,Chief's Crown,Expressive Dance
202606010606,1,ダート,1200,良,1勝クラス,エスポワールシチー,ビーナストリック,ゴールドアリュール,エミネントシチー,キングヘイロー,ゴーゴーナイナー,サンデーサイレンス,ニキーヤ,ブライアンズタイム,ヘップバーンシチー,ダンシングブレーヴ,グッバイヘイロー,フォーティナイナー,プラスマチョン,Halo,Wishing Well,Nureyev,Reluctant Guest,Roberto,Kelley's Day,ブレイヴェストローマン,コンパルシチー,Lyphard,Navajo Princess,Halo,Pound Foolish,Mr. Prospector,File,Super Concorde,Perfect Example,Hail to Reason,Cosmah,Understanding,Mountain Flower,Northern Dancer,Special,Hostage,Vaguely Royal,Hail to Reason,Bramalea,Graustark,Golden Trail,Never Bend,Roman Song,トラフィック,リンネス,Northern Dancer,Goofed,Drone,Olmec,Hail to Reason,Cosmah,Sir Ivor,Squander,Raise a Native,Gold Digger,Tom Rolfe,Continue,Bold Reasoning,Prime Abord,Far North,Bold Example
202606010606,2,ダート,1200,良,1勝クラス,マルターズアポジー,メルティーキス,ゴスホークケン,マルターズヒート,ブライアンズタイム,ワルツダンサー,Bernstein,オールザウェイベイビー,Old Trieste,Heat Is On,Roberto,Kelley's Day,サンデーサイレンス,ウィシングフォーアスター,Storm Cat,La Affirmed,Grand Slam,Lustily,A.P. Indy,Lovlier Linda,サンシャインフォーエヴァー,Barbs Dancer,Hail to Reason,Bramalea,Graustark,Golden Trail,Halo,Wishing Well,Mr. Prospector,Barbs Dancer,Storm Bird,Terlingua,Affirmed,La Mesa,Gone West,Bright Candles,Kris S.,Shahriza,Seattle Slew,Weekend Surprise,Vigors,Linda Summers,Roberto,Outward Sunshine,Northern Dancer,Periodista,Turn-to,Nothirdchance,Nashua,Rarelea,Ribot,Flower Bowl,Hasty Road,Sunny Vale,Hail to Reason,Cosmah,Understanding,Mountain Flower,Raise a Native,Gold Digger,Northern Dancer,Periodista
202606010606,3,ダート,1200,良,1勝クラス,デクラレーションオブウォー,ケイアイエーデル,War Front,Tempo West,トワイニング,ケイアイワールド,Danzig,Starry Dreamer,Rahy,Tempo,フォーティナイナー,Courtly Dee,ロドリゴデトリアーノ,サラトガワールド,Northern Dancer,Pas de Nom,Rubiano,Lara's Star,Blushing Groom,Glorious Song,Gone West,Terpsichorist,Mr. Prospector,File,Never Bend,Tulle,El Gran Senor,Hot Princess,Saratoga Six,Go March,Nearctic,Natalma,Admiral's Voyage,Petitioner,Fappiano,Ruby Slippers,Forli,True Reality,Red God,Runaway Bride,Halo,Ballade,Mr. Prospector,Secrettame,Nijinsky,Glad Rags,Raise a Native,Gold Digger,Tom Rolfe,Continue,Nasrullah,Lalun,War Admiral,Judy-Rae,Northern Dancer,Sex Appeal,ホットスパーク,Aspara,Alydar,Priceless Fame,ゴーマーチング,Mark-Ye-Maid
202606010606,4,ダート,1200,良,1勝クラス,シャンハイボビー,ステラーホープ,Harlan's Holiday,Steelin',グラスワンダー,サンデーワールド,Harlan,Christmas in Aiken,Orientate,Steel Band,Silver Hawk,Ameriflora,サンデーサイレンス,シャドーワールド,Storm Cat,Country Romance,Affirmed,Dowager,Mt. Livermore,Dream Team,Carson City,ウェディングバンド,Roberto,Gris Vitesse,Danzig,Graceful Touch,Halo,Wishing Well,Nijinsky,Rare Mint,Storm Bird,Terlingua,Halo,Sweet Romance,Exclusive Native,Won't Tell You,Honest Pleasure,Princessnesian,Blushing Groom,Flama Ardiente,Cox's Ridge,Likely Double,Mr. Prospector,Blushing Promise,Mighty Appealing,Ring of Steel,Hail to Reason,Bramalea,Amerigo,Matchiche,Northern Dancer,Pas de Nom,His Majesty,Pi Phi Gal,Hail to Reason,Cosmah,Understanding,Mountain Flower,Northern Dancer,Flaming Page,Key to the Mint,Another Treat
202606010606,5,ダート,1200,良,1勝クラス,マクフィ,ラブリランテ,Dubawi,Dhelaal,ディープブリランテ,シャインプレジャー,Dubai Millennium,Zomaradah,Green Desert,Irish Valley,ディープインパクト,ラヴアンドバブルズ,アグネスデジタル,ウィンヒストリー,Seeking the Gold,Colorado Dancer,Deploy,Jawaher,Danzig,Foreign Courier,Irish River,Green Valley,サンデーサイレンス,ウインドインハーヘア,Loup Sauvage,バブルドリーム,Crafty Prospector,Chancey Squaw,ダンシングブレーヴ,タレンティドガール,Mr. Prospector,Con Game,Shareef Dancer,Fall Aspen,Shirley Heights,Slightly Dangerous,ダンシングブレーヴ,High Tern,Northern Dancer,Pas de Nom,Sir Ivor,Courtly Dee,Riverman,Irish Star,Val de Loir,Sly Pola,Halo,Wishing Well,Alzao,Burghclere,Riverman,Louveterie,Akarad,バブルプロスペクター,Mr. Prospector,Real Crafty Lady,Chief's Crown,Allicance,Lyphard,Navajo Princess,リマンド,チヨダマサコ
202606010606,6,ダート,1200,良,1勝クラス,ニューイヤーズデイ,ローレライ,Street Cry,Justwhistledixie,ゴールドアリュール,アルデュイナ,Machiavellian,Helen Street,Dixie Union,General Jeanne,サンデーサイレンス,ニキーヤ,クロフネ,アクイレジア,Mr. Prospector,Coup de Folie,Troy,Waterway,Dixieland Band,She's Tops,Honour and Glory,Ahpo Hel,Halo,Wishing Well,Nureyev,Reluctant Guest,フレンチデピュティ,ブルーアヴェニュー,フォーティナイナー,ロジータ,Raise a Native,Gold Digger,Halo,Raise the Standard,Petingo,La Milo,Riverman,Boulevard,Northern Dancer,Mississippi Mud,Capote,She's a Talent,Relaunch,Fair to All,Mr. Leader,Tiy,Hail to Reason,Cosmah,Understanding,Mountain Flower,Northern Dancer,Special,Hostage,Vaguely Royal,Deputy Minister,Mitterand,Classic Go Go,Eliza Blue,Mr. Prospector,File,ミルジョージ,メロウマダング
202606010606,7,ダート,1200,良,1勝クラス,ドレフォン,プラトリーナ,Gio Ponti,Eltimaas,ディープインパクト,フラニーフロイド,Tale of the Cat,Chipeta Springs,Ghostzapper,Najecam,サンデーサイレンス,ウインドインハーヘア,Freud,Frankly Fran,Storm Cat,Yarn,Alydar,Salt Spring,Awesome Again,Baby Zip,Trempolino,Sue Warner,Halo,Wishing Well,Alzao,Burghclere,Storm Cat,Mariah's Storm,D'Accord,Las Manitas,Storm Bird,Terlingua,Mr. Prospector,Narrate,Raise a Native,Sweet Tooth,Salt Marsh,Jungle Mythologic,Deputy Minister,Primal Force,Relaunch,Thirty Zip,Sharpen Up,Trephine,Forli,Bitty Girl,Hail to Reason,Cosmah,Understanding,Mountain Flower,Lyphard,Lady Rebecca,Busted,Highclere,Storm Bird,Terlingua,Rahy,イメンス,Secretariat,Fanfreluche,Faraway Son,Maimiti
202606010606,8,ダート,1200,良,1勝クラス,シルバーステート,コウザンティアラ,ディープインパクト,シルヴァースカヤ,サウスヴィグラス,ツクバノーブル,サンデーサイレンス,ウインドインハーヘア,Silver Hawk,Boubskaia,エンドスウィープ,ダーケストスター,アサティス,ハンキダイヤ,Halo,Wishing Well,Alzao,Burghclere,Roberto,Gris Vitesse,Niniski,Frenetique,フォーティナイナー,Broom Dance,Star de Naskra,Minnie Riperton,Topsider,Secret Asset,ヴェンチア,ホンマルクイン,Hail to Reason,Cosmah,Understanding,Mountain Flower,Lyphard,Lady Rebecca,Busted,Highclere,Hail to Reason,Bramalea,Amerigo,Matchiche,Nijinsky,Virginia Hills,Tyrant,Femina,Mr. Prospector,File,Dance Spell,Witching Hour,Naskra,Candle Star,Cornish Prince,English Harbor,Northern Dancer,Drumtop,Graustark,Numbered Account,Relic,Rose O'Lynn,ソロナウェー,クリゾノ
202606010606,9,ダート,1200,良,1勝クラス,アロマカフェ,カフェララルー,マンハッタンカフェ,カリーノカフェ,ストラヴィンスキー,Careless Kitten,サンデーサイレンス,サトルチェンジ,ハートレイク,ジャカード,Nureyev,Fire the Groom,Caro,T. C. Kitten,Halo,Wishing Well,Law Society,Santa Luciana,Nureyev,My Darling One,サンシャインボーイ,マリンエクスプレス,Northern Dancer,Special,Blushing Groom,Prospector's Fire,フォルティノ,Chambord,Tom Cat,Needlebug,Hail to Reason,Cosmah,Understanding,Mountain Flower,Alleged,Bold Bikini,Luciano,Suleika,Northern Dancer,Special,Exclusive Native,Princess Marshua,テスコボーイ,ソーダストリーム,スパニッシュイクスプレス,アンジェラス,Nearctic,Natalma,Forli,Thong,Red God,Runaway Bride,Mr. Prospector,Native Street,Grey Sovereign,Ranavalo,Chamossaire,Life Hill,Tom Fool,Jazz Baby,Needles,Flynet
202606010606,10,ダート,1200,良,1勝クラス,Quality Road,ホールハーテッド,Elusive Quality,Kobla,Awesome Again,My Baby Baby,Gone West,Touch of Greatness,Strawberry Road,Winglet,Deputy Minister,Primal Force,Bernstein,Sarah Darling,Mr. Prospector,Secrettame,Hero's Honor,Ivory Wand,Whiskey Road,Giftisa,Alydar,Highest Trump,Vice Regent,Mint Copy,Blushing Groom,Prime Prospect,Storm Cat,La Affirmed,Wavering Monarch,Essie's Maid,Raise a Native,Gold Digger,Secretariat,Tamerett,Northern Dancer,Glowing Tribute,Sir Ivor,Natashka,Nijinsky,Bowl of Flowers,Rich Gift,Wahkeena,Raise a Native,Sweet Tooth,Bold Bidder,Dear April,Northern Dancer,Victoria Regina,Bunty's Flight,Shakney,Red God,Runaway Bride,Mr. Prospector,Square Generation,Storm Bird,Terlingua,Affirmed,La Mesa,Majestic Light,Uncommitted,Linkage,Essie Bs Venture
202606010606,11,ダート,1200,良,1勝クラス,トーセンラー,ゴールドリボン,ディープインパクト,プリンセスオリビア,スターキングマン,モープラ,サンデーサイレンス,ウインドインハーヘア,Lycius,Dance Image,Kingmambo,Princesse Timide,ブライアンズタイム,グラマラス,Halo,Wishing Well,Alzao,Burghclere,Mr. Prospector,Lypatia,Sadler's Wells,Diamond Spring,Mr. Prospector,Miesque,Blushing Groom,Rigid Princess,Roberto,Kelley's Day,Danzig,Gorgeous,Hail to Reason,Cosmah,Understanding,Mountain Flower,Lyphard,Lady Rebecca,Busted,Highclere,Raise a Native,Gold Digger,Lyphard,Hypatia,Northern Dancer,Fairy Bridge,Vaguely Noble,Dumfries,Raise a Native,Gold Digger,Nureyev,Pasadoble,Red God,Runaway Bride,Never Bend,Crowned Queen,Hail to Reason,Bramalea,Graustark,Golden Trail,Northern Dancer,Pas de Nom,Slew o' Gold,Kamar
202606010606,12,ダート,1200,良,1勝クラス,ロジャーバローズ,デスティニーラブ,ディープインパクト,リトルブック,アグネスデジタル,スローアキッス,サンデーサイレンス,ウインドインハーヘア,Librettist,Cal Norma's Lady,Crafty Prospector,Chancey Squaw,スペシャルウィーク,ケイシー,Halo,Wishing Well,Alzao,Burghclere,Danzig,Mysterial,リファーズスペシャル,June Darling,Mr. Prospector,Real Crafty Lady,Chief's Crown,Allicance,サンデーサイレンス,キャンペンガール,Caerleon,Kiss,Hail to Reason,Cosmah,Understanding,Mountain Flower,Lyphard,Lady Rebecca,Busted,Highclere,Northern Dancer,Pas de Nom,Alleged,Mysteries,Lyphard,My Bupers,ジュニアス,Beau Darling,Raise a Native,Gold Digger,In Reality,Princess Roycraft,Danzig,Six Crowns,Alleged,Runaway Bride,Halo,Wishing Well,マルゼンスキー,レディーシラオキ,Nijinsky,Foreseer,Habitat,Miss Petard
202606010606,13,ダート,1200,良,1勝クラス,サトノアラジン,クエストフォーワンダー,ディープインパクト,マジックストーム,マクフィ,Sinndiya,サンデーサイレンス,ウインドインハーヘア,Storm Cat,Foppy Dancer,Dubawi,Dhelaal,Pharly,Sinntara,Halo,Wishing Well,Alzao,Burghclere,Storm Bird,Terlingua,Fappiano,Water Dance,Dubai Millennium,Zomaradah,Green Desert,Irish Valley,Lyphard,Comely,Lashkari,Sidama,Hail to Reason,Cosmah,Understanding,Mountain Flower,Lyphard,Lady Rebecca,Busted,Highclere,Northern Dancer,South Ocean,Secretariat,Crimson Saint,Mr. Prospector,Killaloe,Nijinsky,Luiana,Seeking the Gold,Colorado Dancer,Deploy,Jawaher,Danzig,Foreign Courier,Irish River,Green Valley,Northern Dancer,Goofed,Boran,Princesse Comnene,Mill Reef,Larannda,Top Ville,Stoyana
202606010606,14,ダート,1200,良,1勝クラス,リアルスティール,ストライクショット,ディープインパクト,ラヴズオンリーミー,ファルブラヴ,タイトルパート,サンデーサイレンス,ウインドインハーヘア,Storm Cat,Monevassia,Fairy King,Gift of the Night,アグネスタキオン,タイトルド,Halo,Wishing Well,Alzao,Burghclere,Storm Bird,Terlingua,Mr. Prospector,Miesque,Northern Dancer,Fairy Bridge,Slewpy,Little Nana,サンデーサイレンス,アグネスフローラ,Rainbow Quest,Her Ladyship,Hail to Reason,Cosmah,Understanding,Mountain Flower,Lyphard,Lady Rebecca,Busted,Highclere,Northern Dancer,South Ocean,Secretariat,Crimson Saint,Raise a Native,Gold Digger,Nureyev,Pasadoble,Nearctic,Natalma,Bold Reason,Special,Seattle Slew,Rare Bouquet,Lithiot,Nenana Road,Halo,Wishing Well,ロイヤルスキー,アグネスレディー,Blushing Groom,I Will Follow,Polish Precedent,Upper Strata
202606010606,15,ダート,1200,良,1勝クラス,モーニン,スレドボ,ヘニーヒューズ,Giggly,コマンズ,アークティックミスト,ヘネシー,Meadow Flyer,Distorted Humor,Chaste,デインヒル,Cotehele House,Seeking the Gold,Tee Kay,Storm Cat,Island Kitty,Meadowlake,Shortley,フォーティナイナー,Danzig's Beauty,Cozzene,Purity,Danzig,Razyana,My Swanee,Eight Carat,Mr. Prospector,Con Game,Gold Meridian,Tri Argo,Storm Bird,Terlingua,Hawaii,T. C. Kitten,Hold Your Peace,Suspicious Native,Hagley,Short Winded,Mr. Prospector,File,Danzig,Sweetest Chant,Caro,Ride the Trails,Fappiano,Dame Mysterieuse,Northern Dancer,Pas de Nom,His Majesty,Spring Adieu,Petition,Grey Rhythm,Pieces of Eight,Klairessa,Raise a Native,Gold Digger,Buckpasser,Broadway,Seattle Slew,Queen Louie,Tri Jet,Hail Proudly
202606010606,16,ダート,1200,良,1勝クラス,トゥザグローリー,レッドピアノ,キングカメハメハ,トゥザヴィクトリー,オレハマッテルゼ,レディーノパンチ,Kingmambo,マンファス,サンデーサイレンス,フェアリードール,サンデーサイレンス,カーリーエンジェル,フレンチデピュティ,レイサッシュ,Mr. Prospector,Miesque,ラストタイクーン,Pilot Bird,Halo,Wishing Well,Nureyev,Dream Deal,Halo,Wishing Well,ジャッジアンジェルーチ,ダイナカール,Deputy Minister,Mitterand,パラダイスクリーク,ゴールデンサッシュ,Raise a Native,Gold Digger,Nureyev,Pasadoble,トライマイベスト,Mill Princess,Blakeney,The Dancer,Hail to Reason,Cosmah,Understanding,Mountain Flower,Northern Dancer,Special,Sharpen Up,Likely Exchange,Hail to Reason,Cosmah,Understanding,Mountain Flower,Honest Pleasure,Victorian Queen,ノーザンテースト,シャダイフェザー,Vice Regent,Mint Copy,Hold Your Peace,Laredo Lass,Irish River,North Of Eden,ディクタス,ダイナサッシュ
202606010607,1,芝,2200,良,1勝クラス,ルーラーシップ,リリックドラマ,キングカメハメハ,エアグルーヴ,ステイゴールド,ヴェルヴェットクイーン,Kingmambo,マンファス,トニービン,ダイナカール,サンデーサイレンス,ゴールデンサッシュ,シングスピール,Velvet Moon,Mr. Prospector,Miesque,ラストタイクーン,Pilot Bird,カンパラ,Severn Bridge,ノーザンテースト,シャダイフェザー,Halo,Wishing Well,ディクタス,ダイナサッシュ,In the Wings,Glorious Song,シャーディー,Park Special,Raise a Native,Gold Digger,Nureyev,Pasadoble,トライマイベスト,Mill Princess,Blakeney,The Dancer,Kalamoun,State Pension,Hornbeam,Priddy Fair,Northern Dancer,Lady Victoria,ガーサント,パロクサイド,Hail to Reason,Cosmah,Understanding,Mountain Flower,Sanctus,Doronic,ノーザンテースト,ロイヤルサッシュ,Sadler's Wells,High Hawk,Halo,Ballade,Danzig,Unfurled,Relkino,Balilla
202606010607,2,芝,2200,良,1勝クラス,レイデオロ,リラヴァティ,キングカメハメハ,ラドラーダ,ゼンノロブロイ,シンハリーズ,Kingmambo,マンファス,シンボリクリスエス,レディブロンド,サンデーサイレンス,ローミンレイチェル,シングスピール,Baize,Mr. Prospector,Miesque,ラストタイクーン,Pilot Bird,Kris S.,Tee Kay,Seeking the Gold,ウインドインハーヘア,Halo,Wishing Well,マイニング,One Smart Lady,In the Wings,Glorious Song,Efisio,Bayonne,Raise a Native,Gold Digger,Nureyev,Pasadoble,トライマイベスト,Mill Princess,Blakeney,The Dancer,Roberto,Sharp Queen,Gold Meridian,Tri Argo,Mr. Prospector,Con Game,Alzao,Burghclere,Hail to Reason,Cosmah,Understanding,Mountain Flower,Mr. Prospector,I Pass,Clever Trick,Pia's Lady,Sadler's Wells,High Hawk,Halo,Ballade,Formidable,Eldoret,Bay Express,Lambay
202606010607,3,芝,2200,良,1勝クラス,トーセンラー,コスモメソッド,ディープインパクト,プリンセスオリビア,ヴィクトワールピサ,アイアイサクラ,サンデーサイレンス,ウインドインハーヘア,Lycius,Dance Image,ネオユニヴァース,ホワイトウォーターアフェア,ペンタイア,ラウレルシーダー,Halo,Wishing Well,Alzao,Burghclere,Mr. Prospector,Lypatia,Sadler's Wells,Diamond Spring,サンデーサイレンス,ポインテッドパス,Machiavellian,Much Too Risky,Be My Guest,Gull Nook,サクラショウリ,ギフトベンチ,Hail to Reason,Cosmah,Understanding,Mountain Flower,Lyphard,Lady Rebecca,Busted,Highclere,Raise a Native,Gold Digger,Lyphard,Hypatia,Northern Dancer,Fairy Bridge,Vaguely Noble,Dumfries,Halo,Wishing Well,Kris,Silken Way,Mr. Prospector,Coup de Folie,Bustino,Short Rations,Northern Dancer,What a Treat,Mill Reef,Bempton,パーソロン,シリネラ,ディバインギフト,マスベンチ
202606010607,4,芝,2200,良,1勝クラス,フィエールマン,コロナシオン,ディープインパクト,リュヌドール,キングカメハメハ,ブエナビスタ,サンデーサイレンス,ウインドインハーヘア,Green Tune,Luth d'Or,Kingmambo,マンファス,スペシャルウィーク,ビワハイジ,Halo,Wishing Well,Alzao,Burghclere,Green Dancer,Soundings,Noir Et Or,Viole d'Amour,Mr. Prospector,Miesque,ラストタイクーン,Pilot Bird,サンデーサイレンス,キャンペンガール,Caerleon,アグサン,Hail to Reason,Cosmah,Understanding,Mountain Flower,Lyphard,Lady Rebecca,Busted,Highclere,Nijinsky,Green Valley,Mr. Prospector,Ocean's Answer,ラインゴールド,Pomme Rose,Luthier,Mandolinette,Raise a Native,Gold Digger,Nureyev,Pasadoble,トライマイベスト,Mill Princess,Blakeney,The Dancer,Halo,Wishing Well,マルゼンスキー,レディーシラオキ,Nijinsky,Foreseer,Lord Gayle,Santa Luciana
202606010607,5,芝,2200,良,1勝クラス,トーセンラー,キョウエイトリガー,ディープインパクト,プリンセスオリビア,イーグルカフェ,ハイフレンドソウル,サンデーサイレンス,ウインドインハーヘア,Lycius,Dance Image,Gulch,Net Dancer,コマンダーインチーフ,トキファイター,Halo,Wishing Well,Alzao,Burghclere,Mr. Prospector,Lypatia,Sadler's Wells,Diamond Spring,Mr. Prospector,Jameela,Nureyev,Doubles Partner,ダンシングブレーヴ,Slightly Dangerous,カツラギエース,ダンシングファイタ,Hail to Reason,Cosmah,Understanding,Mountain Flower,Lyphard,Lady Rebecca,Busted,Highclere,Raise a Native,Gold Digger,Lyphard,Hypatia,Northern Dancer,Fairy Bridge,Vaguely Noble,Dumfries,Raise a Native,Gold Digger,Rambunctious,Asbury Mary,Northern Dancer,Special,Damascus,Fabuleux Jane,Lyphard,Navajo Princess,Roberto,Where You Lead,ボイズィーボーイ,タニノベンチヤ,ダンシングキャップ,キシューファイター
202606010607,6,芝,2200,良,1勝クラス,トゥザグローリー,アウグスタ,キングカメハメハ,トゥザヴィクトリー,エイシンフラッシュ,オーバーザウォール,Kingmambo,マンファス,サンデーサイレンス,フェアリードール,キングズベスト,ムーンレディ,ドクターデヴィアス,アンデスレディー,Mr. Prospector,Miesque,ラストタイクーン,Pilot Bird,Halo,Wishing Well,Nureyev,Dream Deal,Kingmambo,Allegretta,プラティニ,Midnight Fever,Ahonoora,Rose of Jericho,ノーザンテースト,ペルースポート,Raise a Native,Gold Digger,Nureyev,Pasadoble,トライマイベスト,Mill Princess,Blakeney,The Dancer,Hail to Reason,Cosmah,Understanding,Mountain Flower,Northern Dancer,Special,Sharpen Up,Likely Exchange,Mr. Prospector,Miesque,Lombard,Anatevka,Surumu,Prairie Darling,Sure Blade,Majoritat,Lorenzaccio,Helen Nichols,Alleged,Rose Red,Northern Dancer,Lady Victoria,ガーサント,グレートターフ
202606010607,7,芝,2200,良,1勝クラス,ディープインパクト,ウィキッドリーパーフェクト,サンデーサイレンス,ウインドインハーヘア,Congrats,Wickedly Wise,Halo,Wishing Well,Alzao,Burghclere,A.P. Indy,Praise,Tactical Cat,Winter Display,Hail to Reason,Cosmah,Understanding,Mountain Flower,Lyphard,Lady Rebecca,Busted,Highclere,Seattle Slew,Weekend Surprise,Mr. Prospector,Wild Applause,Storm Cat,Terre Haute,Cold Reception,Show Off,Turn-to,Nothirdchance,Cosmic Bomb,Almahmoud,Promised Land,Pretty Ways,Montparnasse,Edelweiss,Northern Dancer,Goofed,Sir Ivor,Pocahontas,Crepello,Sans le Sou,Queen's Hussar,Highlight,Bold Reasoning,My Charmer,Secretariat,Lassie Dear,Raise a Native,Gold Digger,Northern Dancer,Glowing Tribute,Storm Bird,Terlingua,Caro,Mia Dancer,Secretariat,Cold Comfort,Olympia,Look Ma
202606010607,8,芝,2200,良,1勝クラス,キズナ,マイダイアリー,ディープインパクト,キャットクイル,Frankel,Diary,サンデーサイレンス,ウインドインハーヘア,Storm Cat,Pacific Princess,Galileo,Kind,Green Desert,ダレリー,Halo,Wishing Well,Alzao,Burghclere,Storm Bird,Terlingua,Damascus,Fiji,Sadler's Wells,Urban Sea,デインヒル,Rainbow Lake,Danzig,Foreign Courier,Darshaan,Flamenco,Hail to Reason,Cosmah,Understanding,Mountain Flower,Lyphard,Lady Rebecca,Busted,Highclere,Northern Dancer,South Ocean,Secretariat,Crimson Saint,Sword Dancer,Kerala,Acropolis,Rififi,Northern Dancer,Fairy Bridge,Miswaki,Allegretta,Danzig,Razyana,Rainbow Quest,Rockfest,Northern Dancer,Pas de Nom,Sir Ivor,Courtly Dee,Shirley Heights,Delsy,Dance Spell,Santiago Sweetie
202606010607,9,芝,2200,良,1勝クラス,ブラックタイド,シナル,サンデーサイレンス,ウインドインハーヘア,キングカメハメハ,イブキスタイリスト,Halo,Wishing Well,Alzao,Burghclere,Kingmambo,マンファス,トニービン,アンバーネックレス,Hail to Reason,Cosmah,Understanding,Mountain Flower,Lyphard,Lady Rebecca,Busted,Highclere,Mr. Prospector,Miesque,ラストタイクーン,Pilot Bird,カンパラ,Severn Bridge,ノーザンテースト,シヤダイマリア,Turn-to,Nothirdchance,Cosmic Bomb,Almahmoud,Promised Land,Pretty Ways,Montparnasse,Edelweiss,Northern Dancer,Goofed,Sir Ivor,Pocahontas,Crepello,Sans le Sou,Queen's Hussar,Highlight,Raise a Native,Gold Digger,Nureyev,Pasadoble,トライマイベスト,Mill Princess,Blakeney,The Dancer,Kalamoun,State Pension,Hornbeam,Priddy Fair,Northern Dancer,Lady Victoria,マリーノ,クリアアンバー
202606010607,10,芝,2200,良,1勝クラス,レイデオロ,ナスノシンフォニー,キングカメハメハ,ラドラーダ,ハーツクライ,ナスノシベリウス,Kingmambo,マンファス,シンボリクリスエス,レディブロンド,サンデーサイレンス,アイリッシュダンス,Unbridled's Song,Cradlesong,Mr. Prospector,Miesque,ラストタイクーン,Pilot Bird,Kris S.,Tee Kay,Seeking the Gold,ウインドインハーヘア,Halo,Wishing Well,トニービン,ビューパーダンス,Unbridled,Trolley Song,Pine Bluff,Happy Tune,Raise a Native,Gold Digger,Nureyev,Pasadoble,トライマイベスト,Mill Princess,Blakeney,The Dancer,Roberto,Sharp Queen,Gold Meridian,Tri Argo,Mr. Prospector,Con Game,Alzao,Burghclere,Hail to Reason,Cosmah,Understanding,Mountain Flower,カンパラ,Severn Bridge,Lyphard,My Bupers,Fappiano,Gana Facil,Caro,Lucky Spell,Danzig,Rowdy Angel,A.P. Indy,Hum Along
202606010607,11,芝,2200,良,1勝クラス,キタサンブラック,ホワイトウインド,ブラックタイド,シュガーハート,スウェプトオーヴァーボード,ウインドローズ,サンデーサイレンス,ウインドインハーヘア,サクラバクシンオー,オトメゴコロ,エンドスウィープ,Sheer Ice,スペシャルウィーク,ベルシャルマンテ,Halo,Wishing Well,Alzao,Burghclere,サクラユタカオー,サクラハゴロモ,ジャッジアンジェルーチ,テイズリー,フォーティナイナー,Broom Dance,Cutlass,Hey Dolly A.,サンデーサイレンス,キャンペンガール,ヤマニンスキー,ベルトップレディ,Hail to Reason,Cosmah,Understanding,Mountain Flower,Lyphard,Lady Rebecca,Busted,Highclere,テスコボーイ,アンジェリカ,ノーザンテースト,クリアアンバー,Honest Pleasure,Victorian Queen,Lyphard,Tizna,Mr. Prospector,File,Dance Spell,Witching Hour,Damascus,Aphonia,Ambehaving,Swift Deal,Halo,Wishing Well,マルゼンスキー,レディーシラオキ,Nijinsky,アンメンシヨナブル,トウショウボーイ,アイレバース
202606010607,12,芝,2200,良,1勝クラス,デクラレーションオブウォー,タッシーエルモ,War Front,Tempo West,エピファネイア,ストロングレダ,Danzig,Starry Dreamer,Rahy,Tempo,シンボリクリスエス,シーザリオ,マンハッタンカフェ,ハートオンウェーブ,Northern Dancer,Pas de Nom,Rubiano,Lara's Star,Blushing Groom,Glorious Song,Gone West,Terpsichorist,Kris S.,Tee Kay,スペシャルウィーク,キロフプリミエール,サンデーサイレンス,サトルチェンジ,Storm Cat,Fairy Heights,Nearctic,Natalma,Admiral's Voyage,Petitioner,Fappiano,Ruby Slippers,Forli,True Reality,Red God,Runaway Bride,Halo,Ballade,Mr. Prospector,Secrettame,Nijinsky,Glad Rags,Roberto,Sharp Queen,Gold Meridian,Tri Argo,サンデーサイレンス,キャンペンガール,Sadler's Wells,Querida,Halo,Wishing Well,Law Society,Santa Luciana,Storm Bird,Terlingua,Fairy King,Commanche Belle
202606010608,1,ダート,1200,良,2勝クラス,ミスターメロディ,フレッシビレ,Scat Daddy,Trusty Lady,スズカコーズウェイ,デラモーレ,ヨハネスブルグ,Love Style,Deputy Minister,Klassy Kim,Giant's Causeway,フレンチリヴィエラ,ディープインパクト,ベラミアモーレ,ヘネシー,Myth,Mr. Prospector,Likeable Style,Vice Regent,Mint Copy,Silent Screen,クールアライヴァル,Storm Cat,Mariah's Storm,フレンチデピュティ,Actinella,サンデーサイレンス,ウインドインハーヘア,Storm Cat,Claxton's Slew,Storm Cat,Island Kitty,オジジアン,Yarn,Raise a Native,Gold Digger,Nijinsky,Personable Lady,Northern Dancer,Victoria Regina,Bunty's Flight,Shakney,Prince John,Prayer Bell,Relaunch,Irish Arrival,Storm Bird,Terlingua,Rahy,イメンス,Deputy Minister,Mitterand,Seattle Slew,Aerturas,Halo,Wishing Well,Alzao,Burghclere,Storm Bird,Terlingua,Seattle Slew,Nutmeg Native
202606010608,2,ダート,1200,良,2勝クラス,アジアエクスプレス,クラシカルレディ,ヘニーヒューズ,ランニングボブキャッツ,キングズベスト,レディクラシック,ヘネシー,Meadow Flyer,Running Stag,Backatem,Kingmambo,Allegretta,ブライアンズタイム,タケバンザイ,Storm Cat,Island Kitty,Meadowlake,Shortley,Cozzene,Fruhlingstag,Notebook,Deputy's Mistress,Mr. Prospector,Miesque,Lombard,Anatevka,Roberto,Kelley's Day,パーソナリティ,タケフブキ,Storm Bird,Terlingua,Hawaii,T. C. Kitten,Hold Your Peace,Suspicious Native,Hagley,Short Winded,Caro,Ride the Trails,Orsini,Revada,Well Decorated,Mobcap,Deputy Minister,River Crossing,Raise a Native,Gold Digger,Nureyev,Pasadoble,Agio,Promised Lady,Espresso,Almyra,Hail to Reason,Bramalea,Graustark,Golden Trail,Hail to Reason,Affectionately,パーソロン,ハヤフブキ
202606010608,3,ダート,1200,良,2勝クラス,ディスクリートキャット,タイセイクインス,Forestry,Pretty Discreet,ワイルドラッシュ,ジュンプリンセス,Storm Cat,Shared Interest,Private Account,Pretty Persuasive,Wild Again,Rose Park,タイキシャトル,マーゴーン,Storm Bird,Terlingua,Pleasant Colony,Surgery,Damascus,Numbered Account,Believe It,Bury the Hatchet,Icecapade,Bushel-n-Peck,Plugged Nickle,Hardship,Devil's Bag,ウェルシュマフィン,Dayjur,Whispered Secret,Northern Dancer,South Ocean,Secretariat,Crimson Saint,His Majesty,Sun Colony,Dr. Fager,Bold Sequence,Sword Dancer,Kerala,Buckpasser,Intriguing,In Reality,Breakfast Bell,Tom Rolfe,Christmas Whishes,Nearctic,Shenanigans,Khaled,Dama,Key to the Mint,Toll Booth,Drone,Hard and Fast,Halo,Ballade,Caerleon,Muffitys,Danzig,Gold Beauty,Secretariat,Classy'n Smart
202606010608,4,ダート,1200,良,2勝クラス,シニスターミニスター,プティトシャンティ,Old Trieste,Sweet Minister,ダノンシャンティ,チャームダンス,A.P. Indy,Lovlier Linda,The Prime Minister,Sweet Blue,フジキセキ,シャンソネット,アフリート,ダンシングゴッデス,Seattle Slew,Weekend Surprise,Vigors,Linda Summers,Deputy Minister,Stick to Beauty,Hurry Up Blue,Sugar Gold,サンデーサイレンス,ミルレーサー,Mark of Esteem,Glorious Song,Mr. Prospector,Polite Lady,Nijinsky,Producer,Bold Reasoning,My Charmer,Secretariat,Lassie Dear,Grey Dawn,Relifordie,Crozier,Queenly Gift,Vice Regent,Mint Copy,Illustrious,Hail to Beauty,Mr. Leader,Blue Baroness,Mr. Prospector,Miss Ironside,Halo,Wishing Well,Le Fabuleux,Marston's Mill,Darshaan,Homage,Halo,Ballade,Raise a Native,Gold Digger,Venetian Jester,Friendly Ways,Northern Dancer,Flaming Page,Nashua,Marion
202606010608,5,ダート,1200,良,2勝クラス,リオンディーズ,イトハユリ,キングカメハメハ,シーザリオ,ゼンノロブロイ,リリウム,Kingmambo,マンファス,スペシャルウィーク,キロフプリミエール,サンデーサイレンス,ローミンレイチェル,クロフネ,ベゴニア,Mr. Prospector,Miesque,ラストタイクーン,Pilot Bird,サンデーサイレンス,キャンペンガール,Sadler's Wells,Querida,Halo,Wishing Well,マイニング,One Smart Lady,フレンチデピュティ,ブルーアヴェニュー,Plugged Nickle,Dahlia,Raise a Native,Gold Digger,Nureyev,Pasadoble,トライマイベスト,Mill Princess,Blakeney,The Dancer,Halo,Wishing Well,マルゼンスキー,レディーシラオキ,Northern Dancer,Fairy Bridge,Habitat,Principia,Hail to Reason,Cosmah,Understanding,Mountain Flower,Mr. Prospector,I Pass,Clever Trick,Pia's Lady,Deputy Minister,Mitterand,Classic Go Go,Eliza Blue,Key to the Mint,Toll Booth,Vaguely Noble,Charming Alibi
202606010608,6,ダート,1200,良,2勝クラス,Gun Runner,ステラエージェント,Candy Ride,Quiet Giant,More Than Ready,Lawn Party,Ride the Rails,Candy Girl,Giant's Causeway,Quiet Dance,サザンヘイロー,Woodman's Girl,Medaglia d'Oro,Fiery Pursuit,Cryptoclearance,Herbalesian,Candy Stripes,City Girl,Storm Cat,Mariah's Storm,Quiet American,Misty Dancer,Halo,Northern Sea,Woodman,Becky Be Good,El Prado,Cappucino Bay,Carson City,Engaging,Fappiano,Naval Orange,Herbager,Alanesian,Blushing Groom,バブルカンパニー,Farnesio,Cithara,Storm Bird,Terlingua,Rahy,イメンス,Fappiano,Demure,Lyphard,Flight Dancer,Hail to Reason,Cosmah,Northern Dancer,Sea Saga,Mr. Prospector,プレイメイト,Naskra,Good Landing,Sadler's Wells,Lady Capulet,Bailjumper,Dubbed In,Mr. Prospector,Blushing Promise,Private Account,Starlet Storm
202606010608,7,ダート,1200,良,2勝クラス,ヘニーヒューズ,ハンナリト,ヘネシー,Meadow Flyer,ネオユニヴァース,イシノアパトゥーラ,Storm Cat,Island Kitty,Meadowlake,Shortley,サンデーサイレンス,ポインテッドパス,ウォーニング,リヴァーガール,Storm Bird,Terlingua,Hawaii,T. C. Kitten,Hold Your Peace,Suspicious Native,Hagley,Short Winded,Halo,Wishing Well,Kris,Silken Way,Known Fact,Slightly Dangerous,リヴリア,エルプス,Northern Dancer,South Ocean,Secretariat,Crimson Saint,Utrillo,Ethane,Tom Cat,Needlebug,Speak John,Blue Moon,Raise a Native,Be Suspicious,Olden Times,Teo Pepi,Harvest Singing,Wild Cloud,Hail to Reason,Cosmah,Understanding,Mountain Flower,Sharpen Up,Doubly Sure,Shantung,Boulevard,In Reality,Tamerett,Roberto,Where You Lead,Riverman,Dahlia,マグニテュード,ホクエイリボン
202606010608,8,ダート,1200,良,2勝クラス,ビッグアーサー,アンナペレンナ,サクラバクシンオー,シヤボナ,Tale of Ekati,Maria's Storm,サクラユタカオー,サクラハゴロモ,Kingmambo,Relish,Tale of the Cat,サイレンスビューティ,Maria's Mon,バイユーストーム,テスコボーイ,アンジェリカ,ノーザンテースト,クリアアンバー,Mr. Prospector,Miesque,Sadler's Wells,Reloy,Storm Cat,Yarn,サンデーサイレンス,メイプルジンスキー,Wavering Monarch,Carlotta Maria,Storm Cat,At the Half,Princely Gift,Suncourt,ネヴァービート,スターハイネス,Northern Dancer,Lady Victoria,Ambiopoise,One Clear Call,Raise a Native,Gold Digger,Nureyev,Pasadoble,Northern Dancer,Fairy Bridge,Liloy,Rescousse,Storm Bird,Terlingua,Mr. Prospector,Narrate,Halo,Wishing Well,Nijinsky,Gold Beauty,Majestic Light,Uncommitted,Caro,Water Malone,Storm Bird,Terlingua,Seeking the Gold,Knitted Gloves
202606010608,9,ダート,1200,良,2勝クラス,ミッキーアイル,カレドニアレディ,ディープインパクト,スターアイル,Firebreak,Granuaile O'Malley,サンデーサイレンス,ウインドインハーヘア,ロックオブジブラルタル,アイルドフランス,Charnwood Forest,Breakaway,Mark of Esteem,Dame Laura,Halo,Wishing Well,Alzao,Burghclere,デインヒル,Offshore Boom,Nureyev,ステラマドリッド,ウォーニング,Dance of Leaves,Song,Catherine Howard,Darshaan,Homage,ロイヤルアカデミー,Aunty,Hail to Reason,Cosmah,Understanding,Mountain Flower,Lyphard,Lady Rebecca,Busted,Highclere,Danzig,Razyana,Be My Guest,Push a Button,Northern Dancer,Special,Alydar,My Juliet,Known Fact,Slightly Dangerous,Sadler's Wells,Fall Aspen,Sing Sing,Intent,Tower Walk,Righteous Girl,Shirley Heights,Delsy,Ajdal,Home Love,Nijinsky,Crimson Saint,Riverman,Aunt Zara
202606010608,10,ダート,1200,良,2勝クラス,ビッグアーサー,トロピカルガーデン,サクラバクシンオー,シヤボナ,ハイアーゲーム,ウディバードソング,サクラユタカオー,サクラハゴロモ,Kingmambo,Relish,サンデーサイレンス,ファンジカ,Woodman,All for Erika,テスコボーイ,アンジェリカ,ノーザンテースト,クリアアンバー,Mr. Prospector,Miesque,Sadler's Wells,Reloy,Halo,Wishing Well,Law Society,Florie,Mr. Prospector,プレイメイト,Capote,Weber City Miss,Princely Gift,Suncourt,ネヴァービート,スターハイネス,Northern Dancer,Lady Victoria,Ambiopoise,One Clear Call,Raise a Native,Gold Digger,Nureyev,Pasadoble,Northern Dancer,Fairy Bridge,Liloy,Rescousse,Hail to Reason,Cosmah,Understanding,Mountain Flower,Alleged,Bold Bikini,ゲイメセン,Figure Libre,Raise a Native,Gold Digger,Buckpasser,Intriguing,Seattle Slew,Too Bald,Berkley Prince,Esirnus
202606010608,11,ダート,1200,良,2勝クラス,レッドファルクス,アイシークレット,スウェプトオーヴァーボード,ベルモット,ゴールドアリュール,ワンモアヒット,エンドスウィープ,Sheer Ice,サンデーサイレンス,レガシーオブストレングス,サンデーサイレンス,ニキーヤ,アサティス,ベイブルーム,フォーティナイナー,Broom Dance,Cutlass,Hey Dolly A.,Halo,Wishing Well,Affirmed,Katonka,Halo,Wishing Well,Nureyev,Reluctant Guest,Topsider,Secret Asset,ノーザンディクテイター,ノースケープ,Mr. Prospector,File,Dance Spell,Witching Hour,Damascus,Aphonia,Ambehaving,Swift Deal,Hail to Reason,Cosmah,Understanding,Mountain Flower,Exclusive Native,Won't Tell You,Minnesota Mac,Minnetonka,Hail to Reason,Cosmah,Understanding,Mountain Flower,Northern Dancer,Special,Hostage,Vaguely Royal,Northern Dancer,Drumtop,Graustark,Numbered Account,Northern Dancer,Dictates,クラウンドプリンス,イーグランド
202606010608,12,ダート,1200,良,2勝クラス,エスポワールシチー,ケープタウンシチー,ゴールドアリュール,エミネントシチー,シンボリクリスエス,キンバリーシチー,サンデーサイレンス,ニキーヤ,ブライアンズタイム,ヘップバーンシチー,Kris S.,Tee Kay,メジロマックイーン,シンデレラギャル,Halo,Wishing Well,Nureyev,Reluctant Guest,Roberto,Kelley's Day,ブレイヴェストローマン,コンパルシチー,Roberto,Sharp Queen,Gold Meridian,Tri Argo,メジロティターン,メジロオーロラ,ノーザンディクテイター,ハーバーローラー,Hail to Reason,Cosmah,Understanding,Mountain Flower,Northern Dancer,Special,Hostage,Vaguely Royal,Hail to Reason,Bramalea,Graustark,Golden Trail,Never Bend,Roman Song,トラフィック,リンネス,Hail to Reason,Bramalea,Princequillo,Bridgework,Seattle Slew,Queen Louie,Tri Jet,Hail Proudly,メジロアサマ,シエリル,リマンド,メジロアイリス,Northern Dancer,Dictates,ネルシウス,ハーバーメイジ
202606010608,13,ダート,1200,良,2勝クラス,リアルインパクト,レディオブフレイム,ディープインパクト,トキオリアリティー,パイロ,レディミドルトン,サンデーサイレンス,ウインドインハーヘア,Meadowlake,What a Reality,Pulpit,Wild Vision,Kingmambo,Danuta,Halo,Wishing Well,Alzao,Burghclere,Hold Your Peace,Suspicious Native,In Reality,What Will Be,A.P. Indy,Preach,Wild Again,Carol's Wonder,Mr. Prospector,Miesque,サンデーサイレンス,ポリッシュスタイル,Hail to Reason,Cosmah,Understanding,Mountain Flower,Lyphard,Lady Rebecca,Busted,Highclere,Speak John,Blue Moon,Raise a Native,Be Suspicious,Intentionally,My Dear Girl,Crozier,Solabar,Seattle Slew,Weekend Surprise,Mr. Prospector,Narrate,Icecapade,Bushel-n-Peck,Pass the Tab,Carols Christmas,Raise a Native,Gold Digger,Nureyev,Pasadoble,Halo,Wishing Well,Danzig,Family Style
202606010608,14,ダート,1200,良,2勝クラス,ゴールドアクター,エリーフェアリー,スクリーンヒーロー,ヘイロンシン,アルデバラン,キセキスティール,グラスワンダー,ランニングヒロイン,キョウワアリシバ,ハッピーヒエン,Mr. Prospector,Chimes of Freedom,フジキセキ,シンワスティール,Silver Hawk,Ameriflora,サンデーサイレンス,ダイナアクトレス,Alysheba,Sulemeif,マナード,ブゼンフブキ,Raise a Native,Gold Digger,Private Account,Aviance,サンデーサイレンス,ミルレーサー,クリスタルグリッターズ,ベストスティール,Roberto,Gris Vitesse,Danzig,Graceful Touch,Halo,Wishing Well,ノーザンテースト,モデルスポート,Alydar,Bel Sheba,Northern Dancer,Barely Even,Captain's Gig,Slipstream,セダン,トサクイン,Native Dancer,Raise You,Nashua,Sequence,Damascus,Numbered Account,Northfields,Minnie Hauk,Halo,Wishing Well,Le Fabuleux,Marston's Mill,Blushing Groom,Tales to Tell,スティールハート,エチゼンシプリア
202606010608,15,ダート,1200,良,2勝クラス,ドレフォン,メジャータイフーン,Gio Ponti,Eltimaas,ダイワメジャー,マザイ,Tale of the Cat,Chipeta Springs,Ghostzapper,Najecam,サンデーサイレンス,スカーレットブーケ,ファスリエフ,ムーンレディ,Storm Cat,Yarn,Alydar,Salt Spring,Awesome Again,Baby Zip,Trempolino,Sue Warner,Halo,Wishing Well,ノーザンテースト,スカーレットインク,Nureyev,Mr. P's Princess,プラティニ,Midnight Fever,Storm Bird,Terlingua,Mr. Prospector,Narrate,Raise a Native,Sweet Tooth,Salt Marsh,Jungle Mythologic,Deputy Minister,Primal Force,Relaunch,Thirty Zip,Sharpen Up,Trephine,Forli,Bitty Girl,Hail to Reason,Cosmah,Understanding,Mountain Flower,Northern Dancer,Lady Victoria,Crimson Satan,Consentida,Northern Dancer,Special,Mr. Prospector,Anne Campbell,Surumu,Prairie Darling,Sure Blade,Majoritat
202606010608,16,ダート,1200,良,2勝クラス,アドマイヤムーン,ツーデイズノーチス,エンドスウィープ,マイケイティーズ,ヘクタープロテクター,ユニバース,フォーティナイナー,Broom Dance,サンデーサイレンス,ケイティーズファースト,Woodman,Korveya,ダンシングブレーヴ,ベルシェリー,Mr. Prospector,File,Dance Spell,Witching Hour,Halo,Wishing Well,Kris,Katies,Mr. Prospector,プレイメイト,Riverman,Konafa,Lyphard,Navajo Princess,Sovereign Edition,Mia Bella,Raise a Native,Gold Digger,Tom Rolfe,Continue,Northern Dancer,Obeah,Thinking Cap,Enchanted Eve,Hail to Reason,Cosmah,Understanding,Mountain Flower,Sharpen Up,Doubly Sure,ノノアルコ,Mortefontaine,Raise a Native,Gold Digger,Buckpasser,Intriguing,Never Bend,River Lady,Damascus,Royal Statute,Northern Dancer,Goofed,Drone,Olmec,Sovereign Path,Latest Edition,Le Filou,Dulcie
202606010609,1,芝,1600,良,1勝クラス,キタサンブラック,ティアーモ,ブラックタイド,シュガーハート,キングカメハメハ,レディチャーム,サンデーサイレンス,ウインドインハーヘア,サクラバクシンオー,オトメゴコロ,Kingmambo,マンファス,サンデーサイレンス,リンダスト,Halo,Wishing Well,Alzao,Burghclere,サクラユタカオー,サクラハゴロモ,ジャッジアンジェルーチ,テイズリー,Mr. Prospector,Miesque,ラストタイクーン,Pilot Bird,Halo,Wishing Well,Lyphard,Barger,Hail to Reason,Cosmah,Understanding,Mountain Flower,Lyphard,Lady Rebecca,Busted,Highclere,テスコボーイ,アンジェリカ,ノーザンテースト,クリアアンバー,Honest Pleasure,Victorian Queen,Lyphard,Tizna,Raise a Native,Gold Digger,Nureyev,Pasadoble,トライマイベスト,Mill Princess,Blakeney,The Dancer,Hail to Reason,Cosmah,Understanding,Mountain Flower,Northern Dancer,Goofed,Riverman,Trillion
202606010609,2,芝,1600,良,1勝クラス,アルアイン,アミカブルナンバー,ディープインパクト,ドバイマジェスティ,ダイワメジャー,ヒシシルバーメイド,サンデーサイレンス,ウインドインハーヘア,Essence of Dubai,Great Majesty,サンデーサイレンス,スカーレットブーケ,Silver Deputy,ヒシアマゾン,Halo,Wishing Well,Alzao,Burghclere,Pulpit,Epitome,Great Above,Mistic Majesty,Halo,Wishing Well,ノーザンテースト,スカーレットインク,Deputy Minister,Silver Valley,Theatrical,Katies,Hail to Reason,Cosmah,Understanding,Mountain Flower,Lyphard,Lady Rebecca,Busted,Highclere,A.P. Indy,Preach,Summing,Honest and True,Minnesota Mac,Ta Wee,His Majesty,Necaras Miss,Hail to Reason,Cosmah,Understanding,Mountain Flower,Northern Dancer,Lady Victoria,Crimson Satan,Consentida,Vice Regent,Mint Copy,Mr. Prospector,Seven Valleys,Nureyev,ツリーオブノレッジ,ノノアルコ,Mortefontaine
202606010609,3,芝,1600,良,1勝クラス,モーリス,パセンジャーシップ,スクリーンヒーロー,メジロフランシス,ダイワメジャー,パナマックス,グラスワンダー,ランニングヒロイン,カーネギー,メジロモントレー,サンデーサイレンス,スカーレットブーケ,クロフネ,マキシマムデニール,Silver Hawk,Ameriflora,サンデーサイレンス,ダイナアクトレス,Sadler's Wells,Detroit,モガミ,メジロクインシー,Halo,Wishing Well,ノーザンテースト,スカーレットインク,フレンチデピュティ,ブルーアヴェニュー,ノーザンテースト,ダイナセレナード,Roberto,Gris Vitesse,Danzig,Graceful Touch,Halo,Wishing Well,ノーザンテースト,モデルスポート,Northern Dancer,Fairy Bridge,Riverman,Derna,Lyphard,ノーラック,フィディオン,メジロボサツ,Hail to Reason,Cosmah,Understanding,Mountain Flower,Northern Dancer,Lady Victoria,Crimson Satan,Consentida,Deputy Minister,Mitterand,Classic Go Go,Eliza Blue,Northern Dancer,Lady Victoria,エルセンタウロ,フリソデ
202606010609,4,芝,1600,良,1勝クラス,アドマイヤマーズ,スターズアンドクラウズ,ダイワメジャー,ヴィアメディチ,マクフィ,Ventura,サンデーサイレンス,スカーレットブーケ,Medicean,Via Milano,Dubawi,Dhelaal,Spectrum,Wedding Bouquet,Halo,Wishing Well,ノーザンテースト,スカーレットインク,Machiavellian,Mystic Goddess,Singspiel,Salvinaxia,Dubai Millennium,Zomaradah,Green Desert,Irish Valley,Rainbow Quest,River Dancer,Kings Lake,Doff the Derby,Hail to Reason,Cosmah,Understanding,Mountain Flower,Northern Dancer,Lady Victoria,Crimson Satan,Consentida,Mr. Prospector,Coup de Folie,Storm Bird,Rose Goddess,In the Wings,Glorious Song,Linamix,Salve,Seeking the Gold,Colorado Dancer,Deploy,Jawaher,Danzig,Foreign Courier,Irish River,Green Valley,Blushing Groom,I Will Follow,Irish River,Dancing Shadow,Nijinsky,Fish-Bar,Master Derby,Margarethen
202606010609,5,芝,1600,良,1勝クラス,アドマイヤマーズ,ジューヌエコール,ダイワメジャー,ヴィアメディチ,クロフネ,ルミナスポイント,サンデーサイレンス,スカーレットブーケ,Medicean,Via Milano,フレンチデピュティ,ブルーアヴェニュー,アグネスタキオン,ソニンク,Halo,Wishing Well,ノーザンテースト,スカーレットインク,Machiavellian,Mystic Goddess,シングスピール,Salvinaxia,Deputy Minister,Mitterand,Classic Go Go,Eliza Blue,サンデーサイレンス,アグネスフローラ,Machiavellian,Sonic Lady,Hail to Reason,Cosmah,Understanding,Mountain Flower,Northern Dancer,Lady Victoria,Crimson Satan,Consentida,Mr. Prospector,Coup de Folie,Storm Bird,Rose Goddess,In the Wings,Glorious Song,Linamix,Salve,Vice Regent,Mint Copy,Hold Your Peace,Laredo Lass,Pago Pago,Classic Perfection,Icecapade,コレラ,Halo,Wishing Well,ロイヤルスキー,アグネスレディー,Mr. Prospector,Coup de Folie,Nureyev,Stumped
202606010609,6,芝,1600,良,1勝クラス,ディーマジェスティ,ディアレストトリックスキ,ディープインパクト,エルメスティアラ,Proudest Romeo,Trickski,サンデーサイレンス,ウインドインハーヘア,ブライアンズタイム,シンコウエルメス,Proud Truth,Dearest Indu,Peteski,Explosive Trick,Halo,Wishing Well,Alzao,Burghclere,Roberto,Kelley's Day,Sadler's Wells,Doff the Derby,Graustark,Wake Robin,Full Pocket,Capulet,Affirmed,ビベ,Phone Trick,Miss Rock Island,Hail to Reason,Cosmah,Understanding,Mountain Flower,Lyphard,Lady Rebecca,Busted,Highclere,Hail to Reason,Bramalea,Graustark,Golden Trail,Northern Dancer,Fairy Bridge,Master Derby,Margarethen,Ribot,Flower Bowl,Summer Tan,War Ribbon,Olden Times,Dearest Mommy,Gallant Romeo,Indaba,Exclusive Native,Won't Tell You,Nureyev,ビバレジナ,Clever Trick,Over the Phone,Explodent,Look Out Liz
202606010609,7,芝,1600,良,1勝クラス,サトノクラウン,プティシュシュ,Marju,ジョコンダ,エピファネイア,ラブフール,ラストタイクーン,Flame of Tara,Rossini,La Joconde,シンボリクリスエス,シーザリオ,ゼンノロブロイ,サブリナシューズ,トライマイベスト,Mill Princess,アーテイアス,Welsh Flame,Miswaki,Touch of Greatness,Vettori,Lust,Kris S.,Tee Kay,スペシャルウィーク,キロフプリミエール,サンデーサイレンス,ローミンレイチェル,エルコンドルパサー,リトルハーモニー,Northern Dancer,Sex Appeal,Mill Reef,Irish Lass,Round Table,Stylish Pattern,Welsh Pageant,Electric Flash,Mr. Prospector,Hopespringseternal,Hero's Honor,Ivory Wand,Machiavellian,Air Distingue,Pursuit of Love,Pato,Roberto,Sharp Queen,Gold Meridian,Tri Argo,サンデーサイレンス,キャンペンガール,Sadler's Wells,Querida,Halo,Wishing Well,マイニング,One Smart Lady,Kingmambo,サドラーズギャル,コマンダーインチーフ,ルイジアナピット
202606010609,8,芝,1600,良,1勝クラス,ゴールドシップ,プリティカリーナ,ステイゴールド,ポイントフラッグ,Seeking the Gold,Ile de France,サンデーサイレンス,ゴールデンサッシュ,メジロマックイーン,パストラリズム,Mr. Prospector,Con Game,Storm Cat,Cara Rafaela,Halo,Wishing Well,ディクタス,ダイナサッシュ,メジロティターン,メジロオーロラ,プルラリズム,トクノエイティー,Raise a Native,Gold Digger,Buckpasser,Broadway,Storm Bird,Terlingua,Quiet American,Oil Fable,Hail to Reason,Cosmah,Understanding,Mountain Flower,Sanctus,Doronic,ノーザンテースト,ロイヤルサッシュ,メジロアサマ,シエリル,リマンド,メジロアイリス,The Minstrel,Cambretta,トライバルチーフ,アイアンルビー,Native Dancer,Raise You,Nashua,Sequence,Tom Fool,Busanda,Hasty Road,Flitabout,Northern Dancer,South Ocean,Secretariat,Crimson Saint,Fappiano,Demure,Spectacular Bid,Northern Fable
202606010610,1,ダート,1800,良,3勝クラス,ルヴァンスレーヴ,チュウワベイビー,シンボリクリスエス,マエストラーレ,サウスヴィグラス,ベルネージュ,Kris S.,Tee Kay,ネオユニヴァース,オータムブリーズ,エンドスウィープ,ダーケストスター,サクラバクシンオー,ボーテ,Roberto,Sharp Queen,Gold Meridian,Tri Argo,サンデーサイレンス,ポインテッドパス,ティンバーカントリー,セプテンバーソング,フォーティナイナー,Broom Dance,Star de Naskra,Minnie Riperton,サクラユタカオー,サクラハゴロモ,Highest Honor,Gold Peble,Hail to Reason,Bramalea,Princequillo,Bridgework,Seattle Slew,Queen Louie,Tri Jet,Hail Proudly,Halo,Wishing Well,Kris,Silken Way,Woodman,Fall Aspen,リアルシャダイ,ダイナフェアリー,Mr. Prospector,File,Dance Spell,Witching Hour,Naskra,Candle Star,Cornish Prince,English Harbor,テスコボーイ,アンジェリカ,ノーザンテースト,クリアアンバー,Kenmare,High River,Glint of Gold,Toute Cy
202606010610,2,ダート,1800,良,3勝クラス,ジョーカプチーノ,バアゼルローズ,マンハッタンカフェ,ジョープシケ,サンダーガルチ,スターセレッソ,サンデーサイレンス,サトルチェンジ,フサイチコンコルド,ジョーユーチャリス,Gulch,Line of Thunder,ミスターシービー,ユニバーサルダイナ,Halo,Wishing Well,Law Society,Santa Luciana,Caerleon,バレークイーン,トウショウボーイ,ジョーバブーン,Mr. Prospector,Jameela,Storm Bird,Shoot a Line,トウショウボーイ,シービークイン,ノーザンテースト,リンデンプリンセス,Hail to Reason,Cosmah,Understanding,Mountain Flower,Alleged,Bold Bikini,Luciano,Suleika,Nijinsky,Foreseer,Sadler's Wells,Sun Princess,テスコボーイ,ソシアルバターフライ,フォルティノ,ハードゲイ,Raise a Native,Gold Digger,Rambunctious,Asbury Mary,Northern Dancer,South Ocean,High Line,Death Ray,テスコボーイ,ソシアルバターフライ,トピオ,メイドウ,Northern Dancer,Lady Victoria,Prince John,Linden Heights
202606010610,3,ダート,1800,良,3勝クラス,ハーツクライ,シアードラマ,サンデーサイレンス,アイリッシュダンス,Burning Roma,Riveting Drama,Halo,Wishing Well,トニービン,ビューパーダンス,Rubiano,While Rome Burns,Notebook,Special Token,Hail to Reason,Cosmah,Understanding,Mountain Flower,カンパラ,Severn Bridge,Lyphard,My Bupers,Fappiano,Ruby Slippers,Overskate,Fiddlesticks,Well Decorated,Mobcap,Hyperborean,Accept My Token,Turn-to,Nothirdchance,Cosmic Bomb,Almahmoud,Promised Land,Pretty Ways,Montparnasse,Edelweiss,Kalamoun,State Pension,Hornbeam,Priddy Fair,Northern Dancer,Goofed,Bupers,Princess Revoked,Mr. Prospector,Killaloe,Nijinsky,Moon Glitter,Nodouble,Overstate,Northern Dancer,Discipline,Raja Baba,Paris Breeze,Tom Rolfe,Cap and Bells,Icecapade,La Queenie,Accipiter,Betoken
202606010610,4,ダート,1800,良,3勝クラス,ダンカーク,カジノスマイル,Unbridled's Song,Secret Status,カジノドライヴ,コンペリングリーズン,Unbridled,Trolley Song,A.P. Indy,Private Status,Mineshaft,Better Than Honour,Danzig,Compel,Fappiano,Gana Facil,Caro,Lucky Spell,Seattle Slew,Weekend Surprise,Alydar,Miss Eva,A.P. Indy,Prospectors Delite,Deputy Minister,Blush With Pride,Northern Dancer,Pas de Nom,Seeking the Gold,Slew and Easy,Mr. Prospector,Killaloe,Le Fabuleux,Charedi,フォルティノ,Chambord,Lucky Mel,Incantation,Bold Reasoning,My Charmer,Secretariat,Lassie Dear,Raise a Native,Sweet Tooth,Con Brio,Apolinea,Seattle Slew,Weekend Surprise,Mr. Prospector,Up the Flagpole,Vice Regent,Mint Copy,Blushing Groom,Best in Show,Nearctic,Natalma,Admiral's Voyage,Petitioner,Mr. Prospector,Con Game,Slew o' Gold,Fanfreluche
202606010610,5,ダート,1800,良,3勝クラス,ケープブランコ,クサナギノツルギ,Galileo,Laurel Delight,デュランダル,センボンザクラ,Sadler's Wells,Urban Sea,Presidium,Foudroyer,サンデーサイレンス,サワヤカプリンセス,サクラユタカオー,ダイナフランダース,Northern Dancer,Fairy Bridge,Miswaki,Allegretta,General Assembly,Doubly Sure,アーテイアス,Foudre,Halo,Wishing Well,ノーザンテースト,スコッチプリンセス,テスコボーイ,アンジェリカ,ノーザンテースト,レディフランダーズ,Nearctic,Natalma,Bold Reason,Special,Mr. Prospector,Hopespringseternal,Lombard,Anatevka,Secretariat,Exclusive Dancer,Reliance,Soft Angels,Round Table,Stylish Pattern,Petingo,Lighted Lamp,Hail to Reason,Cosmah,Understanding,Mountain Flower,Northern Dancer,Lady Victoria,Creme dela Creme,Meadow Saffron,Princely Gift,Suncourt,ネヴァービート,スターハイネス,Northern Dancer,Lady Victoria,Chieftain,Moll Flanders
202606010610,6,ダート,1800,良,3勝クラス,モズアスコット,セラミックアート,Frankel,India,フジキセキ,ヴァインドレッサー,Galileo,Kind,ヘネシー,Misty Hour,サンデーサイレンス,ミルレーサー,エンドスウィープ,ヴァイオレットラブ,Sadler's Wells,Urban Sea,デインヒル,Rainbow Lake,Storm Cat,Island Kitty,Miswaki,Our Tina Marie,Halo,Wishing Well,Le Fabuleux,Marston's Mill,フォーティナイナー,Broom Dance,ドクターデヴィアス,ヴアインゴールド,Northern Dancer,Fairy Bridge,Miswaki,Allegretta,Danzig,Razyana,Rainbow Quest,Rockfest,Storm Bird,Terlingua,Hawaii,T. C. Kitten,Mr. Prospector,Hopespringseternal,Nijinsky,Java Moon,Hail to Reason,Cosmah,Understanding,Mountain Flower,Wild Risk,Anguar,In Reality,Millicent,Mr. Prospector,File,Dance Spell,Witching Hour,Ahonoora,Rose of Jericho,Mr. Prospector,Chancy Dance
202606010610,7,ダート,1800,良,3勝クラス,ダイワメジャー,ビービーバーレル,サンデーサイレンス,スカーレットブーケ,パイロ,ファインディンプル,Halo,Wishing Well,ノーザンテースト,スカーレットインク,Pulpit,Wild Vision,Silver Hawk,ファインディッシュ,Hail to Reason,Cosmah,Understanding,Mountain Flower,Northern Dancer,Lady Victoria,Crimson Satan,Consentida,A.P. Indy,Preach,Wild Again,Carol's Wonder,Roberto,Gris Vitesse,Devil's Bag,Connecting Link,Turn-to,Nothirdchance,Cosmic Bomb,Almahmoud,Promised Land,Pretty Ways,Montparnasse,Edelweiss,Nearctic,Natalma,Victoria Park,Lady Angela,Spy Song,Papila,Beau Max,La Menina,Seattle Slew,Weekend Surprise,Mr. Prospector,Narrate,Icecapade,Bushel-n-Peck,Pass the Tab,Carols Christmas,Hail to Reason,Bramalea,Amerigo,Matchiche,Halo,Ballade,Linkage,Bev Bev
202606010610,8,ダート,1800,良,3勝クラス,レッドファルクス,フルオブグレース,スウェプトオーヴァーボード,ベルモット,ヴィクトワールピサ,エロージュ,エンドスウィープ,Sheer Ice,サンデーサイレンス,レガシーオブストレングス,ネオユニヴァース,ホワイトウォーターアフェア,フサイチコンコルド,フサイチエレガンス,フォーティナイナー,Broom Dance,Cutlass,Hey Dolly A.,Halo,Wishing Well,Affirmed,Katonka,サンデーサイレンス,ポインテッドパス,Machiavellian,Much Too Risky,Caerleon,バレークイーン,Rahy,Exclusive Bird,Mr. Prospector,File,Dance Spell,Witching Hour,Damascus,Aphonia,Ambehaving,Swift Deal,Hail to Reason,Cosmah,Understanding,Mountain Flower,Exclusive Native,Won't Tell You,Minnesota Mac,Minnetonka,Halo,Wishing Well,Kris,Silken Way,Mr. Prospector,Coup de Folie,Bustino,Short Rations,Nijinsky,Foreseer,Sadler's Wells,Sun Princess,Blushing Groom,Glorious Song,Storm Bird,Exclusive Moment
202606010610,9,ダート,1800,良,3勝クラス,ダイワメジャー,ファルネーゼ,サンデーサイレンス,スカーレットブーケ,フレンチデピュティ,ユーキャンドゥイット,Halo,Wishing Well,ノーザンテースト,スカーレットインク,Deputy Minister,Mitterand,Gold Alert,Royal Fit,Hail to Reason,Cosmah,Understanding,Mountain Flower,Northern Dancer,Lady Victoria,Crimson Satan,Consentida,Vice Regent,Mint Copy,Hold Your Peace,Laredo Lass,Mr. Prospector,Croquis,Native Royalty,Harcoo,Turn-to,Nothirdchance,Cosmic Bomb,Almahmoud,Promised Land,Pretty Ways,Montparnasse,Edelweiss,Nearctic,Natalma,Victoria Park,Lady Angela,Spy Song,Papila,Beau Max,La Menina,Northern Dancer,Victoria Regina,Bunty's Flight,Shakney,Speak John,Blue Moon,Bold Ruler,Fortunate Isle,Raise a Native,Gold Digger,Arts and Letters,Unity Hall,Raise a Native,Queen Nasra,Harvard Man,Cool Serenade
202606010610,10,ダート,1800,良,3勝クラス,モズアスコット,シネマソングス,Frankel,India,ハーツクライ,アースリヴィング,Galileo,Kind,ヘネシー,Misty Hour,サンデーサイレンス,アイリッシュダンス,Yonaguska,Etoufee,Sadler's Wells,Urban Sea,デインヒル,Rainbow Lake,Storm Cat,Island Kitty,Miswaki,Our Tina Marie,Halo,Wishing Well,トニービン,ビューパーダンス,Cherokee Run,Marital Spook,タバスコキャット,Allouette,Northern Dancer,Fairy Bridge,Miswaki,Allegretta,Danzig,Razyana,Rainbow Quest,Rockfest,Storm Bird,Terlingua,Hawaii,T. C. Kitten,Mr. Prospector,Hopespringseternal,Nijinsky,Java Moon,Hail to Reason,Cosmah,Understanding,Mountain Flower,カンパラ,Severn Bridge,Lyphard,My Bupers,Runaway Groom,Cherokee Dame,Silver Ghost,Homewrecker,Storm Cat,Barbicue Sauce,Proud Birdie,Madame Defage
202606010610,11,ダート,1800,良,3勝クラス,サトノダイヤモンド,ヤマニンリップル,ディープインパクト,マルペンサ,スペシャルウィーク,ヤマニンプラシード,サンデーサイレンス,ウインドインハーヘア,Orpen,Marsella,サンデーサイレンス,キャンペンガール,サクラユタカオー,ヤマニンポリシー,Halo,Wishing Well,Alzao,Burghclere,Lure,Bonita Francita,サザンヘイロー,Riviere,Halo,Wishing Well,マルゼンスキー,レディーシラオキ,テスコボーイ,アンジェリカ,Blushing Groom,ヤマホウユウ,Hail to Reason,Cosmah,Understanding,Mountain Flower,Lyphard,Lady Rebecca,Busted,Highclere,Danzig,Endear,Devil's Bag,Raise the Standard,Halo,Northern Sea,Logical,Talonada,Hail to Reason,Cosmah,Understanding,Mountain Flower,Nijinsky,シル,セントクレスピン,ミスアシヤガワ,Princely Gift,Suncourt,ネヴァービート,スターハイネス,Red God,Runaway Bride,ガーサント,ミスタルマエ
202606010610,12,ダート,1800,良,3勝クラス,リアルスティール,リアリサトリス,ディープインパクト,ラヴズオンリーミー,Numerous,Riziere,サンデーサイレンス,ウインドインハーヘア,Storm Cat,Monevassia,Mr. Prospector,Number,グルームダンサー,Rive Du Sud,Halo,Wishing Well,Alzao,Burghclere,Storm Bird,Terlingua,Mr. Prospector,Miesque,Raise a Native,Gold Digger,Nijinsky,Special,Blushing Groom,Featherhill,Nureyev,Riviere Doree,Hail to Reason,Cosmah,Understanding,Mountain Flower,Lyphard,Lady Rebecca,Busted,Highclere,Northern Dancer,South Ocean,Secretariat,Crimson Saint,Raise a Native,Gold Digger,Nureyev,Pasadoble,Native Dancer,Raise You,Nashua,Sequence,Northern Dancer,Flaming Page,Forli,Thong,Red God,Runaway Bride,Lyphard,Lady Berry,Northern Dancer,Special,Secretariat,Riverqueen
202606010610,13,ダート,1800,良,3勝クラス,コパノリッキー,ブライアンズレター,ゴールドアリュール,コパノニキータ,ナリタブライアン,パーソナルレター,サンデーサイレンス,ニキーヤ,ティンバーカントリー,ニホンピロローズ,ブライアンズタイム,パシフィカス,Mr. Prospector,Tea At Five,Halo,Wishing Well,Nureyev,Reluctant Guest,Woodman,Fall Aspen,トニービン,ウェディングブーケ,Roberto,Kelley's Day,Northern Dancer,Pacific Princess,Raise a Native,Gold Digger,Olden Times,Lady Attica,Hail to Reason,Cosmah,Understanding,Mountain Flower,Northern Dancer,Special,Hostage,Vaguely Royal,Mr. Prospector,プレイメイト,Pretense,Change Water,カンパラ,Severn Bridge,リアルシャダイ,アリーウイン,Hail to Reason,Bramalea,Graustark,Golden Trail,Nearctic,Natalma,Damascus,Fiji,Native Dancer,Raise You,Nashua,Sequence,Relic,Djenne,Spy Song,Attica
202606010610,14,ダート,1800,良,3勝クラス,ルーラーシップ,ピュアマインド,キングカメハメハ,エアグルーヴ,ティンバーカントリー,スプリングアマイン,Kingmambo,マンファス,トニービン,ダイナカール,Woodman,Fall Aspen,タヤスツヨシ,ダイナマイン,Mr. Prospector,Miesque,ラストタイクーン,Pilot Bird,カンパラ,Severn Bridge,ノーザンテースト,シャダイフェザー,Mr. Prospector,プレイメイト,Pretense,Change Water,サンデーサイレンス,マガロ,ノーザンテースト,シヤダイマイン,Raise a Native,Gold Digger,Nureyev,Pasadoble,トライマイベスト,Mill Princess,Blakeney,The Dancer,Kalamoun,State Pension,Hornbeam,Priddy Fair,Northern Dancer,Lady Victoria,ガーサント,パロクサイド,Raise a Native,Gold Digger,Buckpasser,Intriguing,Endeavour,Imitation,Swaps,Portage,Halo,Wishing Well,Caro,Magic,Northern Dancer,Lady Victoria,ヒッティングアウェー,ファンシミン
202606010610,15,ダート,1800,良,3勝クラス,サウスヴィグラス,グレイスフルアート,エンドスウィープ,ダーケストスター,ダイワメジャー,アーティストチョイス,フォーティナイナー,Broom Dance,Star de Naskra,Minnie Riperton,サンデーサイレンス,スカーレットブーケ,Giant's Causeway,Astorg,Mr. Prospector,File,Dance Spell,Witching Hour,Naskra,Candle Star,Cornish Prince,English Harbor,Halo,Wishing Well,ノーザンテースト,スカーレットインク,Storm Cat,Mariah's Storm,Lear Fan,Action Francaise,Raise a Native,Gold Digger,Tom Rolfe,Continue,Northern Dancer,Obeah,Thinking Cap,Enchanted Eve,Nasram,Iskra,Clandestine,Star Minstrel,Bold Ruler,Teleran,War Admiral,Level Sands,Hail to Reason,Cosmah,Understanding,Mountain Flower,Northern Dancer,Lady Victoria,Crimson Satan,Consentida,Storm Bird,Terlingua,Rahy,イメンス,Roberto,Wac,Nureyev,Allez France
202606010610,16,ダート,1800,良,3勝クラス,シニスターミニスター,セラファン,Old Trieste,Sweet Minister,ベーカバド,システィンチャペル,A.P. Indy,Lovlier Linda,The Prime Minister,Sweet Blue,Cape Cross,Behkara,サンデーサイレンス,サドラーズギャル,Seattle Slew,Weekend Surprise,Vigors,Linda Summers,Deputy Minister,Stick to Beauty,Hurry Up Blue,Sugar Gold,Green Desert,Park Appeal,Kris,Behera,Halo,Wishing Well,Sadler's Wells,Glenveagh,Bold Reasoning,My Charmer,Secretariat,Lassie Dear,Grey Dawn,Relifordie,Crozier,Queenly Gift,Vice Regent,Mint Copy,Illustrious,Hail to Beauty,Mr. Leader,Blue Baroness,Mr. Prospector,Miss Ironside,Danzig,Foreign Courier,Ahonoora,Balidaress,Sharpen Up,Doubly Sure,Mill Reef,Borushka,Hail to Reason,Cosmah,Understanding,Mountain Flower,Northern Dancer,Fairy Bridge,Seattle Slew,Lisadell
202606010611,1,芝,1200,良,オープン,スクリーンヒーロー,グレートキャティ,グラスワンダー,ランニングヒロイン,サクラユタカオー,ルーシームーン,Silver Hawk,Ameriflora,サンデーサイレンス,ダイナアクトレス,テスコボーイ,アンジェリカ,Blushing Groom,Chic Belle,Roberto,Gris Vitesse,Danzig,Graceful Touch,Halo,Wishing Well,ノーザンテースト,モデルスポート,Princely Gift,Suncourt,ネヴァービート,スターハイネス,Red God,Runaway Bride,Mr. Prospector,Sleek Belle,Hail to Reason,Bramalea,Amerigo,Matchiche,Northern Dancer,Pas de Nom,His Majesty,Pi Phi Gal,Hail to Reason,Cosmah,Understanding,Mountain Flower,Northern Dancer,Lady Victoria,モデルフール,マジックゴデイス,Nasrullah,Blue Gem,Hyperion,Inquisition,Never Say Die,Bride Elect,ユアハイネス,スターロツチ,Nasrullah,Spring Run,Wild Risk,Aimee,Raise a Native,Gold Digger,Vaguely Noble,Sleek Dancer
202606010611,2,芝,1200,良,オープン,シルバーステート,スサーナトウショウ,ディープインパクト,シルヴァースカヤ,ロックオブジブラルタル,シーイズトウショウ,サンデーサイレンス,ウインドインハーヘア,Silver Hawk,Boubskaia,デインヒル,Offshore Boom,サクラバクシンオー,ジェーントウショウ,Halo,Wishing Well,Alzao,Burghclere,Roberto,Gris Vitesse,Niniski,Frenetique,Danzig,Razyana,Be My Guest,Push a Button,サクラユタカオー,サクラハゴロモ,トウショウフリート,コーニストウショウ,Hail to Reason,Cosmah,Understanding,Mountain Flower,Lyphard,Lady Rebecca,Busted,Highclere,Hail to Reason,Bramalea,Amerigo,Matchiche,Nijinsky,Virginia Hills,Tyrant,Femina,Northern Dancer,Pas de Nom,His Majesty,Spring Adieu,Northern Dancer,What a Treat,Bold Lad,River Lady,テスコボーイ,アンジェリカ,ノーザンテースト,クリアアンバー,トウショウペガサス,リバーストウショウ,ダンディルート,ローズトウショウ
202606010611,3,芝,1200,良,オープン,ルーラーシップ,スナッチマインド,キングカメハメハ,エアグルーヴ,ディープインパクト,スナッチド,Kingmambo,マンファス,トニービン,ダイナカール,サンデーサイレンス,ウインドインハーヘア,Cat Thief,Christmas Star,Mr. Prospector,Miesque,ラストタイクーン,Pilot Bird,カンパラ,Severn Bridge,ノーザンテースト,シャダイフェザー,Halo,Wishing Well,Alzao,Burghclere,Storm Cat,Train Robbery,Star de Naskra,Carols Christmas,Raise a Native,Gold Digger,Nureyev,Pasadoble,トライマイベスト,Mill Princess,Blakeney,The Dancer,Kalamoun,State Pension,Hornbeam,Priddy Fair,Northern Dancer,Lady Victoria,ガーサント,パロクサイド,Hail to Reason,Cosmah,Understanding,Mountain Flower,Lyphard,Lady Rebecca,Busted,Highclere,Storm Bird,Terlingua,Alydar,Track Robbery,Naskra,Candle Star,Whitesburg,Light Verse
202606010611,4,芝,1200,良,オープン,モーリス,グロリエッテ,スクリーンヒーロー,メジロフランシス,アドマイヤムーン,アズワー,グラスワンダー,ランニングヒロイン,カーネギー,メジロモントレー,エンドスウィープ,マイケイティーズ,Danzig,Magic Slipper,Silver Hawk,Ameriflora,サンデーサイレンス,ダイナアクトレス,Sadler's Wells,Detroit,モガミ,メジロクインシー,フォーティナイナー,Broom Dance,サンデーサイレンス,ケイティーズファースト,Northern Dancer,Pas de Nom,Habitat,Glass Slipper,Roberto,Gris Vitesse,Danzig,Graceful Touch,Halo,Wishing Well,ノーザンテースト,モデルスポート,Northern Dancer,Fairy Bridge,Riverman,Derna,Lyphard,ノーラック,フィディオン,メジロボサツ,Mr. Prospector,File,Dance Spell,Witching Hour,Halo,Wishing Well,Kris,Katies,Nearctic,Natalma,Admiral's Voyage,Petitioner,Sir Gaylord,Little Hut,Relko,Crystal Palace
202606010611,5,芝,1200,良,オープン,アドマイヤマーズ,レッドアネラ,ダイワメジャー,ヴィアメディチ,カジノドライヴ,ウォンビーロング,サンデーサイレンス,スカーレットブーケ,Medicean,Via Milano,Mineshaft,Better Than Honour,ストラヴィンスキー,タイフウジョオー,Halo,Wishing Well,ノーザンテースト,スカーレットインク,Machiavellian,Mystic Goddess,シングスピール,Salvinaxia,A.P. Indy,Prospector's Delite,Deputy Minister,Blush With Pride,Nureyev,Fire the Groom,サンデーサイレンス,ラッキーゲスト,Hail to Reason,Cosmah,Understanding,Mountain Flower,Northern Dancer,Lady Victoria,Crimson Satan,Consentida,Mr. Prospector,Coup de Folie,Storm Bird,Rose Goddess,In the Wings,Glorious Song,Linamix,Salve,Seattle Slew,Weekend Surprise,Mr. Prospector,Up the Flagpole,Vice Regent,Mint Copy,Blushing Groom,Best in Show,Northern Dancer,Special,Blushing Groom,Prospector's Fire,Halo,Wishing Well,ラッキーソブリン,ハッピートウメイ
202606010611,6,芝,1200,良,オープン,モーリス,シーズアウーマン,スクリーンヒーロー,メジロフランシス,ネオユニヴァース,フレンチリヴィエラ,グラスワンダー,ランニングヒロイン,カーネギー,メジロモントレー,サンデーサイレンス,ポインテッドパス,フレンチデピュティ,Actinella,Silver Hawk,Ameriflora,サンデーサイレンス,ダイナアクトレス,Sadler's Wells,Detroit,モガミ,メジロクインシー,Halo,Wishing Well,Kris,Silken Way,Deputy Minister,Mitterand,Seattle Slew,Aerturas,Roberto,Gris Vitesse,Danzig,Graceful Touch,Halo,Wishing Well,ノーザンテースト,モデルスポート,Northern Dancer,Fairy Bridge,Riverman,Derna,Lyphard,ノーラック,フィディオン,メジロボサツ,Hail to Reason,Cosmah,Understanding,Mountain Flower,Sharpen Up,Doubly Sure,Shantung,Boulevard,Vice Regent,Mint Copy,Hold Your Peace,Laredo Lass,Bold Reasoning,My Charmer,マナード,Amiel
202606010611,7,芝,1200,良,オープン,レッドファルクス,ハイドバウンド,スウェプトオーヴァーボード,ベルモット,Grand Slam,Hidden Dreams,エンドスウィープ,Sheer Ice,サンデーサイレンス,レガシーオブストレングス,Gone West,Bright Candles,ソヴィエトスター,Secret Asset,フォーティナイナー,Broom Dance,Cutlass,Hey Dolly A.,Halo,Wishing Well,Affirmed,Katonka,Mr. Prospector,Secrettame,El Gran Senor,Christmas Bonus,Nureyev,Veruschka,Graustark,Numbered Account,Mr. Prospector,File,Dance Spell,Witching Hour,Damascus,Aphonia,Ambehaving,Swift Deal,Hail to Reason,Cosmah,Understanding,Mountain Flower,Exclusive Native,Won't Tell You,Minnesota Mac,Minnetonka,Raise a Native,Gold Digger,Secretariat,Tamerett,Northern Dancer,Sex Appeal,Key to the Mint,Sugar Plum Time,Northern Dancer,Special,ヴェンチア,Marie d'Anjou,Ribot,Flower Bowl,Buckpasser,Intriguing
202606010611,8,芝,1200,良,オープン,アルアイン,スネガエクスプレス,ディープインパクト,ドバイマジェスティ,ウォーエンブレム,サンスプリング,サンデーサイレンス,ウインドインハーヘア,Essence of Dubai,Great Majesty,Our Emblem,Sweetest Lady,サザンヘイロー,Spring Light,Halo,Wishing Well,Alzao,Burghclere,Pulpit,Epitome,Great Above,Mistic Majesty,Mr. Prospector,Personal Ensign,Lord at War,Sweetest Roman,Halo,Northern Sea,More Light,Song of Spring,Hail to Reason,Cosmah,Understanding,Mountain Flower,Lyphard,Lady Rebecca,Busted,Highclere,A.P. Indy,Preach,Summing,Honest and True,Minnesota Mac,Ta Wee,His Majesty,Necaras Miss,Raise a Native,Gold Digger,Private Account,Grecian Banner,General,Luna de Miel,The Pruner,I Also,Hail to Reason,Cosmah,Northern Dancer,Sea Saga,Morston,Death Ray,Tudor Melody,Primonia
202606010611,9,芝,1200,良,オープン,グレーターロンドン,キニナルーイ,ディープインパクト,ロンドンブリッジ,シニスターミニスター,レミニセントリー,サンデーサイレンス,ウインドインハーヘア,ドクターデヴィアス,オールフォーロンドン,Old Trieste,Sweet Minister,Affirmed,エンディアーリングリー,Halo,Wishing Well,Alzao,Burghclere,Ahonoora,Rose of Jericho,Danzig,Full Card,A.P. Indy,Lovlier Linda,The Prime Minister,Sweet Blue,Exclusive Native,Won't Tell You,Lyphard,So Endearing,Hail to Reason,Cosmah,Understanding,Mountain Flower,Lyphard,Lady Rebecca,Busted,Highclere,Lorenzaccio,Helen Nichols,Alleged,Rose Red,Northern Dancer,Pas de Nom,Damascus,Belle of the Ball,Seattle Slew,Weekend Surprise,Vigors,Linda Summers,Deputy Minister,Stick to Beauty,Hurry Up Blue,Sugar Gold,Raise a Native,Exclusive,Crafty Admiral,Scarlet Ribbon,Northern Dancer,Goofed,Raise a Native,Straight Deal
202606010611,10,芝,1200,良,オープン,アメリカンペイトリオット,ハーズシャドウ,War Front,Life Well Lived,オルフェーヴル,アスピリンスノー,Danzig,Starry Dreamer,Tiznow,Well Dressed,ステイゴールド,オリエンタルアート,エルコンドルパサー,スキーパラダイス,Northern Dancer,Pas de Nom,Rubiano,Lara's Star,Cee's Tizzy,Cee's Song,Notebook,Trithenia,サンデーサイレンス,ゴールデンサッシュ,メジロマックイーン,エレクトロアート,Kingmambo,サドラーズギャル,Lyphard,Ski Goggle,Nearctic,Natalma,Admiral's Voyage,Petitioner,Fappiano,Ruby Slippers,Forli,True Reality,Relaunch,テイズリー,Seattle Song,Lonely Dancer,Well Decorated,Mobcap,Gold Meridian,Tri Argo,Halo,Wishing Well,ディクタス,ダイナサッシュ,メジロティターン,メジロオーロラ,ノーザンテースト,グランマスティーヴンス,Mr. Prospector,Miesque,Sadler's Wells,Glenveagh,Northern Dancer,Goofed,ロイヤルスキー,Mississippi Siren
202606010611,11,芝,1200,良,オープン,ディスクリートキャット,デイドリーマー,Forestry,Pretty Discreet,ネオユニヴァース,ドリームスキーム,Storm Cat,Shared Interest,Private Account,Pretty Persuasive,サンデーサイレンス,ポインテッドパス,Machiavellian,Dream Ticket,Storm Bird,Terlingua,Pleasant Colony,Surgery,Damascus,Numbered Account,Believe It,Bury the Hatchet,Halo,Wishing Well,Kris,Silken Way,Mr. Prospector,Coup de Folie,Danzig,Capo Di Monte,Northern Dancer,South Ocean,Secretariat,Crimson Saint,His Majesty,Sun Colony,Dr. Fager,Bold Sequence,Sword Dancer,Kerala,Buckpasser,Intriguing,In Reality,Breakfast Bell,Tom Rolfe,Christmas Whishes,Hail to Reason,Cosmah,Understanding,Mountain Flower,Sharpen Up,Doubly Sure,Shantung,Boulevard,Raise a Native,Gold Digger,Halo,Raise the Standard,Northern Dancer,Pas de Nom,Final Straw,Burghclere
202606010611,12,芝,1200,良,オープン,ロードカナロア,スウィートリーズン,キングカメハメハ,レディブラッサム,ストリートセンス,Livermore Leslie,Kingmambo,マンファス,Storm Cat,サラトガデュー,Street Cry,Bedazzle,Mt. Livermore,Whitesburg Express,Mr. Prospector,Miesque,ラストタイクーン,Pilot Bird,Storm Bird,Terlingua,Cormorant,Super Luna,Machiavellian,Helen Street,Dixieland Band,Majestic Legend,Blushing Groom,Flama Ardiente,Whitesburg,Frozen Expression,Raise a Native,Gold Digger,Nureyev,Pasadoble,トライマイベスト,Mill Princess,Blakeney,The Dancer,Northern Dancer,South Ocean,Secretariat,Crimson Saint,His Majesty,Song Sparrow,In Reality,Alada,Mr. Prospector,Coup de Folie,Troy,Waterway,Northern Dancer,Mississippi Mud,His Majesty,Long Legend,Red God,Runaway Bride,Crimson Satan,Royal Rafele,Crimson Satan,Mirabio,In a Trance,Winter Breeze
202606010611,13,芝,1200,良,オープン,Frankel,フォローアドリーム,Galileo,Kind,Giant's Causeway,Dream of Summer,Sadler's Wells,Urban Sea,デインヒル,Rainbow Lake,Storm Cat,Mariah's Storm,Siberian Summer,Mary's Dream,Northern Dancer,Fairy Bridge,Miswaki,Allegretta,Danzig,Razyana,Rainbow Quest,Rockfest,Storm Bird,Terlingua,Rahy,イメンス,Siberian Express,Mia Karina,Skywalker,Proper Mary,Nearctic,Natalma,Bold Reason,Special,Mr. Prospector,Hopespringseternal,Lombard,Anatevka,Northern Dancer,Pas de Nom,His Majesty,Spring Adieu,Blushing Groom,I Will Follow,Stage Door Johnny,Rock Garden,Northern Dancer,South Ocean,Secretariat,Crimson Saint,Blushing Groom,Glorious Song,Roberto,Imsodear,Caro,Indian Call,Icecapade,Basin,Relaunch,Bold Captive,Properantes,My Mary
202606010611,14,芝,1200,良,オープン,マインドユアビスケッツ,ツインクルスター,Posse,Jazzmane,サクラバクシンオー,キョウエイトルース,Silver Deputy,Raska,Toccet,Alljazz,サクラユタカオー,サクラハゴロモ,フジキセキ,キョウエイヨシノ,Deputy Minister,Silver Valley,Rahy,Borishka,Awesome Again,Cozzene's Angel,Stop the Music,Bounteous,テスコボーイ,アンジェリカ,ノーザンテースト,クリアアンバー,サンデーサイレンス,ミルレーサー,プラウドデボネア,キョウエイミート,Vice Regent,Mint Copy,Mr. Prospector,Seven Valleys,Blushing Groom,Glorious Song,Roberto,Queen Maud,Deputy Minister,Primal Force,Cozzene,Charming Pan,Hail to Reason,Bebopper,Master Derby,Mlle. Quille,Princely Gift,Suncourt,ネヴァービート,スターハイネス,Northern Dancer,Lady Victoria,Ambiopoise,One Clear Call,Halo,Wishing Well,Le Fabuleux,Marston's Mill,Lyphard,Proud Delta,クラウンドプリンス,キョウエイオリーブ
202606010611,15,芝,1200,良,オープン,ヴィクトワールピサ,フギン,ネオユニヴァース,ホワイトウォーターアフェア,ストリートセンス,アリアプーラ,サンデーサイレンス,ポインテッドパス,Machiavellian,Much Too Risky,Street Cry,Bedazzle,Flying Spur,Fortunata,Halo,Wishing Well,Kris,Silken Way,Mr. Prospector,Coup de Folie,Bustino,Short Rations,Machiavellian,Helen Street,Dixieland Band,Majestic Legend,デインヒル,Rolls,Dr. Grace,Extradite,Hail to Reason,Cosmah,Understanding,Mountain Flower,Sharpen Up,Doubly Sure,Shantung,Boulevard,Raise a Native,Gold Digger,Halo,Raise the Standard,Busted,Ship Yard,Lorenzaccio,Short Commons,Mr. Prospector,Coup de Folie,Troy,Waterway,Northern Dancer,Mississippi Mud,His Majesty,Long Legend,Danzig,Razyana,Mr. Prospector,Grand Luxe,Sir Tristram,English Wonder,Bletchingly,Expulsion
202606010611,16,芝,1200,良,オープン,ビッグアーサー,コスモメリー,サクラバクシンオー,シヤボナ,アドマイヤジャパン,ダンシングメリー,サクラユタカオー,サクラハゴロモ,Kingmambo,Relish,サンデーサイレンス,ビワハイジ,シンボリルドルフ,フジノダンサー,テスコボーイ,アンジェリカ,ノーザンテースト,クリアアンバー,Mr. Prospector,Miesque,Sadler's Wells,Reloy,Halo,Wishing Well,Caerleon,アグサン,パーソロン,スイートルナ,ダンシングキャップ,フジノトルス,Princely Gift,Suncourt,ネヴァービート,スターハイネス,Northern Dancer,Lady Victoria,Ambiopoise,One Clear Call,Raise a Native,Gold Digger,Nureyev,Pasadoble,Northern Dancer,Fairy Bridge,Liloy,Rescousse,Hail to Reason,Cosmah,Understanding,Mountain Flower,Nijinsky,Foreseer,Lord Gayle,Santa Luciana,Milesian,Paleo,スピードシンボリ,ダンスタイム,Native Dancer,Merry Madcap,ファバージ,ボンドセブン
202606010612,1,芝,1200,良,2勝クラス,ビッグアーサー,コスモダリア,サクラバクシンオー,シヤボナ,ディープインパクト,レインボーダリア,サクラユタカオー,サクラハゴロモ,Kingmambo,Relish,サンデーサイレンス,ウインドインハーヘア,ブライアンズタイム,アローム,テスコボーイ,アンジェリカ,ノーザンテースト,クリアアンバー,Mr. Prospector,Miesque,Sadler's Wells,Reloy,Halo,Wishing Well,Alzao,Burghclere,Roberto,Kelley's Day,ノーザンテースト,ストロークト,Princely Gift,Suncourt,ネヴァービート,スターハイネス,Northern Dancer,Lady Victoria,Ambiopoise,One Clear Call,Raise a Native,Gold Digger,Nureyev,Pasadoble,Northern Dancer,Fairy Bridge,Liloy,Rescousse,Hail to Reason,Cosmah,Understanding,Mountain Flower,Lyphard,Lady Rebecca,Busted,Highclere,Hail to Reason,Bramalea,Graustark,Golden Trail,Northern Dancer,Lady Victoria,Riverman,Her B.
202606010612,2,芝,1200,良,2勝クラス,ダイワメジャー,サンドスラッシュ,サンデーサイレンス,スカーレットブーケ,Holy Roman Emperor,Slap Shot,Halo,Wishing Well,ノーザンテースト,スカーレットインク,デインヒル,L'On Vite,Lycius,Katanning,Hail to Reason,Cosmah,Understanding,Mountain Flower,Northern Dancer,Lady Victoria,Crimson Satan,Consentida,Danzig,Razyana,Secretariat,Fanfreluche,Mr. Prospector,Lypatia,Green Desert,カタカナ,Turn-to,Nothirdchance,Cosmic Bomb,Almahmoud,Promised Land,Pretty Ways,Montparnasse,Edelweiss,Nearctic,Natalma,Victoria Park,Lady Angela,Spy Song,Papila,Beau Max,La Menina,Northern Dancer,Pas de Nom,His Majesty,Spring Adieu,Bold Ruler,Somethingroyal,Northern Dancer,Ciboulette,Raise a Native,Gold Digger,Lyphard,Hypatia,Danzig,Foreign Courier,Diesis,Winds Aloft
202606010612,3,芝,1200,良,2勝クラス,ディスクリートキャット,ローブドヴルール,Forestry,Pretty Discreet,サウスヴィグラス,エアカボッション,Storm Cat,Shared Interest,Private Account,Pretty Persuasive,エンドスウィープ,ダーケストスター,ジェイドロバリー,ブリリアントカット,Storm Bird,Terlingua,Pleasant Colony,Surgery,Damascus,Numbered Account,Believe It,Bury the Hatchet,フォーティナイナー,Broom Dance,Star de Naskra,Minnie Riperton,Mr. Prospector,Number,ノーザンテースト,ジエヌインダイアモンド,Northern Dancer,South Ocean,Secretariat,Crimson Saint,His Majesty,Sun Colony,Dr. Fager,Bold Sequence,Sword Dancer,Kerala,Buckpasser,Intriguing,In Reality,Breakfast Bell,Tom Rolfe,Christmas Whishes,Mr. Prospector,File,Dance Spell,Witching Hour,Naskra,Candle Star,Cornish Prince,English Harbor,Raise a Native,Gold Digger,Nijinsky,Special,Northern Dancer,Lady Victoria,Irish Ruler,Diamonds for Dolly
202606010612,4,芝,1200,良,2勝クラス,サンダースノー,ナオミマリア,Helmet,Eastern Joy,キングカメハメハ,メジロオードリー,Exceed And Excel,Accessories,Dubai Destination,Red Slippers,Kingmambo,マンファス,スペシャルウィーク,メジロドーベル,デインヒル,Patrona,シングスピール,Anna Matrushka,Kingmambo,Mysterial,Nureyev,Morning Devotion,Mr. Prospector,Miesque,ラストタイクーン,Pilot Bird,サンデーサイレンス,キャンペンガール,メジロライアン,メジロビューティー,Danzig,Razyana,Lomond,Gladiolus,In the Wings,Glorious Song,Mill Reef,Anna Paola,Mr. Prospector,Miesque,Alleged,Mysteries,Northern Dancer,Special,Affirmed,Morning Has Broken,Raise a Native,Gold Digger,Nureyev,Pasadoble,トライマイベスト,Mill Princess,Blakeney,The Dancer,Halo,Wishing Well,マルゼンスキー,レディーシラオキ,アンバーシャダイ,メジロチェイサー,パーソロン,メジロナガサキ
202606010612,5,芝,1200,良,2勝クラス,フィエールマン,アミカブルナンバー,ディープインパクト,リュヌドール,ダイワメジャー,ヒシシルバーメイド,サンデーサイレンス,ウインドインハーヘア,Green Tune,Luth d'Or,サンデーサイレンス,スカーレットブーケ,Silver Deputy,ヒシアマゾン,Halo,Wishing Well,Alzao,Burghclere,Green Dancer,Soundings,Noir Et Or,Viole d'Amour,Halo,Wishing Well,ノーザンテースト,スカーレットインク,Deputy Minister,Silver Valley,Theatrical,Katies,Hail to Reason,Cosmah,Understanding,Mountain Flower,Lyphard,Lady Rebecca,Busted,Highclere,Nijinsky,Green Valley,Mr. Prospector,Ocean's Answer,ラインゴールド,Pomme Rose,Luthier,Mandolinette,Hail to Reason,Cosmah,Understanding,Mountain Flower,Northern Dancer,Lady Victoria,Crimson Satan,Consentida,Vice Regent,Mint Copy,Mr. Prospector,Seven Valleys,Nureyev,ツリーオブノレッジ,ノノアルコ,Mortefontaine
202606010612,6,芝,1200,良,2勝クラス,Iffraaj,エクストラマイル,Zafonic,Pastorale,Frankel,Marie de Medici,Gone West,Zaizafon,Nureyev,Park Appeal,Galileo,Kind,Medicean,Mare Nostrum,Mr. Prospector,Secrettame,The Minstrel,Mofida,Northern Dancer,Special,Ahonoora,Balidaress,Sadler's Wells,Urban Sea,デインヒル,Rainbow Lake,Machiavellian,Mystic Goddess,Caerleon,Salvora,Raise a Native,Gold Digger,Secretariat,Tamerett,Northern Dancer,Fleur,Right Tack,Wold Lass,Nearctic,Natalma,Forli,Thong,Lorenzaccio,Helen Nichols,Balidar,Innocence,Northern Dancer,Fairy Bridge,Miswaki,Allegretta,Danzig,Razyana,Rainbow Quest,Rockfest,Mr. Prospector,Coup de Folie,Storm Bird,Rose Goddess,Nijinsky,Foreseer,Spectacular Bid,Grand Luxe
202606010612,7,芝,1200,良,2勝クラス,シルバーステート,ララサンタフェーズ,ディープインパクト,シルヴァースカヤ,スペシャルウィーク,スパークルジュエル,サンデーサイレンス,ウインドインハーヘア,Silver Hawk,Boubskaia,サンデーサイレンス,キャンペンガール,Unbridled's Song,Golden Jewel Box,Halo,Wishing Well,Alzao,Burghclere,Roberto,Gris Vitesse,Niniski,Frenetique,Halo,Wishing Well,マルゼンスキー,レディーシラオキ,Unbridled,Trolley Song,Slew o' Gold,Miss Storm Bird,Hail to Reason,Cosmah,Understanding,Mountain Flower,Lyphard,Lady Rebecca,Busted,Highclere,Hail to Reason,Bramalea,Amerigo,Matchiche,Nijinsky,Virginia Hills,Tyrant,Femina,Hail to Reason,Cosmah,Understanding,Mountain Flower,Nijinsky,シル,セントクレスピン,ミスアシヤガワ,Fappiano,Gana Facil,Caro,Lucky Spell,Seattle Slew,Alluvial,Storm Bird,Sun Lover
202606010612,8,芝,1200,良,2勝クラス,ブリックスアンドモルタル,イェーガーオレンジ,Giant's Causeway,Beyond the Waves,ダイワメジャー,ラタフィア,Storm Cat,Mariah's Storm,Ocean Crest,Excedent,サンデーサイレンス,スカーレットブーケ,Cozzene,Sakura Fabulous,Storm Bird,Terlingua,Rahy,イメンス,Storm Bird,S.S.Aroma,Exceller,Broadway Lullaby,Halo,Wishing Well,ノーザンテースト,スカーレットインク,Caro,Ride the Trails,Fabulous Dancer,ローラローラ,Northern Dancer,South Ocean,Secretariat,Crimson Saint,Blushing Groom,Glorious Song,Roberto,Imsodear,Northern Dancer,South Ocean,Seattle Slew,Rare Bouquet,Vaguely Noble,Too Bald,Stage Door Johnny,リットルブレツシング,Hail to Reason,Cosmah,Understanding,Mountain Flower,Northern Dancer,Lady Victoria,Crimson Satan,Consentida,フォルティノ,Chambord,Prince John,Wildwook,Northern Dancer,Last of the Line,Saint Cyrien,Bold Lady
202606010612,9,芝,1200,良,2勝クラス,Kingman,Assurance,Invincible Spirit,Zenda,Teofilo,Gearanai,Green Desert,Rafha,Zamindar,Hope,Galileo,Speirbhean,Toccet,Plaintiff,Danzig,Foreign Courier,Kris,Eljazzi,Gone West,Zaizafon,ダンシングブレーヴ,Bahamian,Sadler's Wells,Urban Sea,デインヒル,Saviour,Awesome Again,Cozzene's Angel,Seeking the Gold,Dispute,Northern Dancer,Pas de Nom,Sir Ivor,Courtly Dee,Sharpen Up,Doubly Sure,アーテイアス,Border Bounty,Mr. Prospector,Secrettame,The Minstrel,Mofida,Lyphard,Navajo Princess,Mill Reef,Sorbus,Northern Dancer,Fairy Bridge,Miswaki,Allegretta,Danzig,Razyana,Majestic Light,Victorian Queen,Deputy Minister,Primal Force,Cozzene,Charming Pan,Mr. Prospector,Con Game,Danzig,Resolver
202606010612,10,芝,1200,良,2勝クラス,ミッキーアイル,アンフィトリテ,ディープインパクト,スターアイル,ロードカナロア,アドマイヤフッキー,サンデーサイレンス,ウインドインハーヘア,ロックオブジブラルタル,アイルドフランス,キングカメハメハ,レディブラッサム,フジキセキ,トキオリアリティー,Halo,Wishing Well,Alzao,Burghclere,デインヒル,Offshore Boom,Nureyev,ステラマドリッド,Kingmambo,マンファス,Storm Cat,サラトガデュー,サンデーサイレンス,ミルレーサー,Meadowlake,What a Reality,Hail to Reason,Cosmah,Understanding,Mountain Flower,Lyphard,Lady Rebecca,Busted,Highclere,Danzig,Razyana,Be My Guest,Push a Button,Northern Dancer,Special,Alydar,My Juliet,Mr. Prospector,Miesque,ラストタイクーン,Pilot Bird,Storm Bird,Terlingua,Cormorant,Super Luna,Halo,Wishing Well,Le Fabuleux,Marston's Mill,Hold Your Peace,Suspicious Native,In Reality,What Will Be
202606010612,11,芝,1200,良,2勝クラス,ゴールドアクター,エリーティアラ,スクリーンヒーロー,ヘイロンシン,ケイムホーム,ペイルローズ,グラスワンダー,ランニングヒロイン,キョウワアリシバ,ハッピーヒエン,Gone West,Nice Assay,フジキセキ,オレンジカラー,Silver Hawk,Ameriflora,サンデーサイレンス,ダイナアクトレス,Alysheba,Sulemeif,マナード,ブゼンフブキ,Mr. Prospector,Secrettame,Clever Trick,インフルヴユー,サンデーサイレンス,ミルレーサー,サクラユタカオー,ノーザンハマナス,Roberto,Gris Vitesse,Danzig,Graceful Touch,Halo,Wishing Well,ノーザンテースト,モデルスポート,Alydar,Bel Sheba,Northern Dancer,Barely Even,Captain's Gig,Slipstream,セダン,トサクイン,Raise a Native,Gold Digger,Secretariat,Tamerett,Icecapade,Kankakee Miss,Full Out,Turn n'See,Halo,Wishing Well,Le Fabuleux,Marston's Mill,テスコボーイ,アンジェリカ,ノーザンテースト,ハマナス
202606010612,12,芝,1200,良,2勝クラス,トーセンラー,オーガンディー,ディープインパクト,プリンセスオリビア,フレンチデピュティ,ラソーミュロワーズ,サンデーサイレンス,ウインドインハーヘア,Lycius,Dance Image,Deputy Minister,Mitterand,Kendor,Mercalle,Halo,Wishing Well,Alzao,Burghclere,Mr. Prospector,Lypatia,Sadler's Wells,Diamond Spring,Vice Regent,Mint Copy,Hold Your Peace,Laredo Lass,Kenmare,Belle Mecene,Kaldoun,Eole des Mers,Hail to Reason,Cosmah,Understanding,Mountain Flower,Lyphard,Lady Rebecca,Busted,Highclere,Raise a Native,Gold Digger,Lyphard,Hypatia,Northern Dancer,Fairy Bridge,Vaguely Noble,Dumfries,Northern Dancer,Victoria Regina,Bunty's Flight,Shakney,Speak John,Blue Moon,Bold Ruler,Fortunate Isle,Kalamoun,Belle of Ireland,ゲイメセン,Djaka Belle,Caro,Katana,Carvin,Deesse des Mers
202606010612,13,芝,1200,良,2勝クラス,アメリカンペイトリオット,グッドイヴニング,War Front,Life Well Lived,コマンズ,イブニングアフェア,Danzig,Starry Dreamer,Tiznow,Well Dressed,デインヒル,Cotehele House,Kingmambo,Neptune's Bride,Northern Dancer,Pas de Nom,Rubiano,Lara's Star,Cee's Tizzy,Cee's Song,Notebook,Trithenia,Danzig,Razyana,My Swanee,Eight Carat,Mr. Prospector,Miesque,Bering,Wedding of the Sea,Nearctic,Natalma,Admiral's Voyage,Petitioner,Fappiano,Ruby Slippers,Forli,True Reality,Relaunch,テイズリー,Seattle Song,Lonely Dancer,Well Decorated,Mobcap,Gold Meridian,Tri Argo,Northern Dancer,Pas de Nom,His Majesty,Spring Adieu,Petition,Grey Rhythm,Pieces of Eight,Klairessa,Raise a Native,Gold Digger,Nureyev,Pasadoble,Arctic Tern,Beaune,Blushing Groom,Sweet Mover
202606010612,14,芝,1200,良,2勝クラス,Kingman,コスモポリタンクイーン,Invincible Spirit,Zenda,Dubawi,Barshiba,Green Desert,Rafha,Zamindar,Hope,Dubai Millennium,Zomaradah,Barathea,Dashiba,Danzig,Foreign Courier,Kris,Eljazzi,Gone West,Zaizafon,ダンシングブレーヴ,Bahamian,Seeking the Gold,Colorado Dancer,Deploy,Jawaher,Sadler's Wells,Brocade,Dashing Blade,Alsiba,Northern Dancer,Pas de Nom,Sir Ivor,Courtly Dee,Sharpen Up,Doubly Sure,アーテイアス,Border Bounty,Mr. Prospector,Secrettame,The Minstrel,Mofida,Lyphard,Navajo Princess,Mill Reef,Sorbus,Mr. Prospector,Con Game,Shareef Dancer,Fall Aspen,Shirley Heights,Slightly Dangerous,ダンシングブレーヴ,High Tern,Northern Dancer,Fairy Bridge,Habitat,Canton Silk,Elegant Air,Sharp Castan,Northfields,Etoile Grise
202606010612,15,芝,1200,良,2勝クラス,ロードカナロア,ラクレソニエール,キングカメハメハ,レディブラッサム,Le Havre,アブソリュートレディ,Kingmambo,マンファス,Storm Cat,サラトガデュー,Noverre,Marie Rheinberg,Galileo,Lil's Jessy,Mr. Prospector,Miesque,ラストタイクーン,Pilot Bird,Storm Bird,Terlingua,Cormorant,Super Luna,Rahy,ダンスールファビュルー,Surako,Marie d'Argonne,Sadler's Wells,Urban Sea,Kris,Lobmille,Raise a Native,Gold Digger,Nureyev,Pasadoble,トライマイベスト,Mill Princess,Blakeney,The Dancer,Northern Dancer,South Ocean,Secretariat,Crimson Saint,His Majesty,Song Sparrow,In Reality,Alada,Blushing Groom,Glorious Song,Northern Dancer,Fabuleux Jane,Konigsstuhl,Surata,Jefferson,Mohair,Northern Dancer,Fairy Bridge,Miswaki,Allegretta,Sharpen Up,Doubly Sure,Mill Reef,Light o'Battle
202606010612,16,芝,1200,良,2勝クラス,キズナ,レイカーラ,ディープインパクト,キャットクイル,キングカメハメハ,カーラパワー,サンデーサイレンス,ウインドインハーヘア,Storm Cat,Pacific Princess,Kingmambo,マンファス,Caerleon,Jabali,Halo,Wishing Well,Alzao,Burghclere,Storm Bird,Terlingua,Damascus,Fiji,Mr. Prospector,Miesque,ラストタイクーン,Pilot Bird,Nijinsky,Foreseer,Shirley Heights,Toute Cy,Hail to Reason,Cosmah,Understanding,Mountain Flower,Lyphard,Lady Rebecca,Busted,Highclere,Northern Dancer,South Ocean,Secretariat,Crimson Saint,Sword Dancer,Kerala,Acropolis,Rififi,Raise a Native,Gold Digger,Nureyev,Pasadoble,トライマイベスト,Mill Princess,Blakeney,The Dancer,Northern Dancer,Flaming Page,Round Table,Regal Gleam,Mill Reef,Hardiemma,Tennyson,Adele Toumignon
202606010701,1,ダート,1200,良,未勝利,ミスチヴィアスアレックス,マーガレットスカイ,Into Mischief,White Pants Night,ディープブリランテ,カミヒコーキ,Harlan's Holiday,Leslie's Lady,Speightstown,More d'Amour,ディープインパクト,ラヴアンドバブルズ,マイネルラヴ,オリガミ,Harlan,Christmas in Aiken,Tricky Creek,Crystal Lady,Gone West,Silken Cat,Tour d'Or,Love Connection,サンデーサイレンス,ウインドインハーヘア,Loup Sauvage,バブルドリーム,Seeking the Gold,Heart of Joy,シャンハイ,ラプソディスター,Storm Cat,Country Romance,Affirmed,Dowager,Clever Trick,Battle Creek Girl,Stop the Music,One Last Bird,Mr. Prospector,Secrettame,Storm Cat,Silken Doll,Medaille d'Or,Debby's Turn,Master Derby,Perfect Connection,Halo,Wishing Well,Alzao,Burghclere,Riverman,Louveterie,Akarad,バブルプロスペクター,Mr. Prospector,Con Game,リィフォー,Mythographer,Procida,Korveya,アスワン,キョクトウルンルン
202606010701,2,ダート,1200,良,未勝利,Mendelssohn,Pioneer Queen,Scat Daddy,Leslie's Lady,Pioneerof the Nile,Expanse,ヨハネスブルグ,Love Style,Tricky Creek,Crystal Lady,エンパイアメーカー,Star of Goshen,Distant View,Dial a Trick,ヘネシー,Myth,Mr. Prospector,Likeable Style,Clever Trick,Battle Creek Girl,Stop the Music,One Last Bird,Unbridled,Toussaud,Lord at War,Castle Eight,Mr. Prospector,Seven Springs,Phone Trick,Ice Fantasy,Storm Cat,Island Kitty,オジジアン,Yarn,Raise a Native,Gold Digger,Nijinsky,Personable Lady,Icecapade,Kankakee Miss,His Majesty,Far Beyond,Hail to Reason,Bebopper,One for All,Last Bird,Fappiano,Gana Facil,El Gran Senor,Image of Reality,General,Luna de Miel,Key to the Kingdom,Her Native,Raise a Native,Gold Digger,Irish River,La Trinite,Clever Trick,Over the Phone,It's Freezing,Donna's Answer
202606010701,3,ダート,1200,良,未勝利,ロードカナロア,オースオブゴールド,キングカメハメハ,レディブラッサム,オルフェーヴル,ティッカーテープ,Kingmambo,マンファス,Storm Cat,サラトガデュー,ステイゴールド,オリエンタルアート,Royal Applause,Argent Du Bois,Mr. Prospector,Miesque,ラストタイクーン,Pilot Bird,Storm Bird,Terlingua,Cormorant,Super Luna,サンデーサイレンス,ゴールデンサッシュ,メジロマックイーン,エレクトロアート,ワージブ,Flying Melody,Silver Hawk,Wiener Wald,Raise a Native,Gold Digger,Nureyev,Pasadoble,トライマイベスト,Mill Princess,Blakeney,The Dancer,Northern Dancer,South Ocean,Secretariat,Crimson Saint,His Majesty,Song Sparrow,In Reality,Alada,Halo,Wishing Well,ディクタス,ダイナサッシュ,メジロティターン,メジロオーロラ,ノーザンテースト,グランマスティーヴンス,トライマイベスト,Coryana,Auction Ring,Whispering Star,Roberto,Gris Vitesse,Woodman,Chapel of Dreams
202606010701,4,ダート,1200,良,未勝利,リーチザクラウン,キャプテンガール,スペシャルウィーク,クラウンピース,キャプテンスティーヴ,ツーツーエイプリル,サンデーサイレンス,キャンペンガール,Seattle Slew,クラシッククラウン,Fly So Free,Sparkling Delite,グラスワンダー,モガミポイント,Halo,Wishing Well,マルゼンスキー,レディーシラオキ,Bold Reasoning,My Charmer,Mr. Prospector,Six Crowns,Time for a Change,Free to Fly,Vice Regent,Sparkling Topaz,Silver Hawk,Ameriflora,マルゼンスキー,ポイントメーカー,Hail to Reason,Cosmah,Understanding,Mountain Flower,Nijinsky,シル,セントクレスピン,ミスアシヤガワ,Boldnesian,Reason to Earn,Poker,Fair Charmer,Raise a Native,Gold Digger,Secretariat,Chris Evert,Damascus,Resolver,Stevward,Dancing Lark,Northern Dancer,Victoria Regina,Jacinto,Alotoffun,Roberto,Gris Vitesse,Danzig,Graceful Touch,Nijinsky,シル,ボールドラツド,クリヒデ
202606010701,5,ダート,1200,良,未勝利,ゴールドシップ,ドゥモワゼル,ステイゴールド,ポイントフラッグ,ショウナンカンプ,ステキプレゼント,サンデーサイレンス,ゴールデンサッシュ,メジロマックイーン,パストラリズム,サクラバクシンオー,ショウナングレイス,ジェニュイン,アララットサン,Halo,Wishing Well,ディクタス,ダイナサッシュ,メジロティターン,メジロオーロラ,プルラリズム,トクノエイティー,サクラユタカオー,サクラハゴロモ,ラッキーソブリン,ヤセイコーソ,サンデーサイレンス,クルーピアレディー,リアルシャダイ,ダイナフェザー,Hail to Reason,Cosmah,Understanding,Mountain Flower,Sanctus,Doronic,ノーザンテースト,ロイヤルサッシュ,メジロアサマ,シエリル,リマンド,メジロアイリス,The Minstrel,Cambretta,トライバルチーフ,アイアンルビー,テスコボーイ,アンジェリカ,ノーザンテースト,クリアアンバー,Nijinsky,Sovereign,タケシバオー,メジロチドリ,Halo,Wishing Well,What Luck,Question d'Argent,Roberto,Desert Vixen,ノーザンテースト,シャダイフェザー
202606010701,6,ダート,1200,良,未勝利,モーリス,グレイシア,スクリーンヒーロー,メジロフランシス,ダイワメジャー,クーデグレイス,グラスワンダー,ランニングヒロイン,カーネギー,メジロモントレー,サンデーサイレンス,スカーレットブーケ,ホワイトマズル,グレイスルーマー,Silver Hawk,Ameriflora,サンデーサイレンス,ダイナアクトレス,Sadler's Wells,Detroit,モガミ,メジロクインシー,Halo,Wishing Well,ノーザンテースト,スカーレットインク,ダンシングブレーヴ,Fair of the Furze,トニービン,ディスクジョッキー,Roberto,Gris Vitesse,Danzig,Graceful Touch,Halo,Wishing Well,ノーザンテースト,モデルスポート,Northern Dancer,Fairy Bridge,Riverman,Derna,Lyphard,ノーラック,フィディオン,メジロボサツ,Hail to Reason,Cosmah,Understanding,Mountain Flower,Northern Dancer,Lady Victoria,Crimson Satan,Consentida,Lyphard,Navajo Princess,Ela-Mana-Mou,Autocratic,カンパラ,Severn Bridge,リアルシャダイ,シャダイチャッター
202606010701,7,ダート,1200,良,未勝利,ダノンバラード,オクリモノ,ディープインパクト,レディバラード,ゴールドアリュール,エバープレゼント,サンデーサイレンス,ウインドインハーヘア,Unbridled,Angelic Song,サンデーサイレンス,ニキーヤ,タイキシャトル,エヴァーバンダム,Halo,Wishing Well,Alzao,Burghclere,Fappiano,Gana Facil,Halo,Ballade,Halo,Wishing Well,Nureyev,Reluctant Guest,Devil's Bag,ウェルシュマフィン,Theatrical,パテントリークリア,Hail to Reason,Cosmah,Understanding,Mountain Flower,Lyphard,Lady Rebecca,Busted,Highclere,Mr. Prospector,Killaloe,Le Fabuleux,Charedi,Hail to Reason,Cosmah,Herbager,Miss Swapsco,Hail to Reason,Cosmah,Understanding,Mountain Flower,Northern Dancer,Special,Hostage,Vaguely Royal,Halo,Ballade,Caerleon,Muffitys,Nureyev,ツリーオブノレッジ,Miswaki,Badge of Courage
202606010701,8,ダート,1200,良,未勝利,アドマイヤムーン,ヴァレリカ,エンドスウィープ,マイケイティーズ,Dynaformer,マンデラ,フォーティナイナー,Broom Dance,サンデーサイレンス,ケイティーズファースト,Roberto,Andover Way,Acatenango,Mandellicht,Mr. Prospector,File,Dance Spell,Witching Hour,Halo,Wishing Well,Kris,Katies,Hail to Reason,Bramalea,His Majesty,On the Trail,Surumu,Aggravate,Be My Guest,Mandelauge,Raise a Native,Gold Digger,Tom Rolfe,Continue,Northern Dancer,Obeah,Thinking Cap,Enchanted Eve,Hail to Reason,Cosmah,Understanding,Mountain Flower,Sharpen Up,Doubly Sure,ノノアルコ,Mortefontaine,Turn-to,Nothirdchance,Nashua,Rarelea,Ribot,Flower Bowl,Olympia,Golden Trail,Literat,Surama,Aggressor,Raven Locks,Northern Dancer,What a Treat,Elektrant,Mandriale
202606010701,9,ダート,1200,良,未勝利,サトノジェネシス,シモーヌ,ディープインパクト,マルペンサ,タイキシャトル,インデポジット,サンデーサイレンス,ウインドインハーヘア,Orpen,Marsella,Devil's Bag,ウェルシュマフィン,Nureyev,タイムデポジット,Halo,Wishing Well,Alzao,Burghclere,Lure,Bonita Francita,サザンヘイロー,Riviere,Halo,Ballade,Caerleon,Muffitys,Northern Dancer,Special,Halo,Special Account,Hail to Reason,Cosmah,Understanding,Mountain Flower,Lyphard,Lady Rebecca,Busted,Highclere,Danzig,Endear,Devil's Bag,Raise the Standard,Halo,Northern Sea,Logical,Talonada,Hail to Reason,Cosmah,Herbager,Miss Swapsco,Nijinsky,Foreseer,Thatch,Contrail,Nearctic,Natalma,Forli,Thong,Hail to Reason,Cosmah,Buckpasser,Intriguing
202606010701,10,ダート,1200,良,未勝利,ダノンスマッシュ,エポキシ,ロードカナロア,スピニングワイルドキャット,ディープインパクト,シーズアン,キングカメハメハ,レディブラッサム,Hard Spun,Hollywood Wildcat,サンデーサイレンス,ウインドインハーヘア,Zieten,Sunset Cafe,Kingmambo,マンファス,Storm Cat,サラトガデュー,Danzig,Turkish Tryst,Kris S.,Miss Wildcatter,Halo,Wishing Well,Alzao,Burghclere,Danzig,Blue Note,Red Sunset,Cafe Au Lait,Mr. Prospector,Miesque,ラストタイクーン,Pilot Bird,Storm Bird,Terlingua,Cormorant,Super Luna,Northern Dancer,Pas de Nom,Turkoman,Darbyvail,Roberto,Sharp Queen,Mr. Prospector,Elizabeth K.,Hail to Reason,Cosmah,Understanding,Mountain Flower,Lyphard,Lady Rebecca,Busted,Highclere,Northern Dancer,Pas de Nom,Habitat,Balsamique,Red God,Centre Piece,Espresso,Blue Sash
202606010701,11,ダート,1200,良,未勝利,ダノンスマッシュ,ステラグレイス,ロードカナロア,スピニングワイルドキャット,クロフネ,エリモエトワール,キングカメハメハ,レディブラッサム,Hard Spun,Hollywood Wildcat,フレンチデピュティ,ブルーアヴェニュー,マンハッタンカフェ,ステラーオデッセイ,Kingmambo,マンファス,Storm Cat,サラトガデュー,Danzig,Turkish Tryst,Kris S.,Miss Wildcatter,Deputy Minister,Mitterand,Classic Go Go,Eliza Blue,サンデーサイレンス,サトルチェンジ,Northern Dancer,Queen Sucree,Mr. Prospector,Miesque,ラストタイクーン,Pilot Bird,Storm Bird,Terlingua,Cormorant,Super Luna,Northern Dancer,Pas de Nom,Turkoman,Darbyvail,Roberto,Sharp Queen,Mr. Prospector,Elizabeth K.,Vice Regent,Mint Copy,Hold Your Peace,Laredo Lass,Pago Pago,Classic Perfection,Icecapade,コレラ,Halo,Wishing Well,Law Society,Santa Luciana,Nearctic,Natalma,Ribot,Cosmah
202606010701,12,ダート,1200,良,未勝利,アメリカンペイトリオット,ローザンヌ,War Front,Life Well Lived,ハーツクライ,ツインテール,Danzig,Starry Dreamer,Tiznow,Well Dressed,サンデーサイレンス,アイリッシュダンス,Tale of the Cat,ゲイリーレディ,Northern Dancer,Pas de Nom,Rubiano,Lara's Star,Cee's Tizzy,Cee's Song,Notebook,Trithenia,Halo,Wishing Well,トニービン,ビューパーダンス,Storm Cat,Yarn,Silver Hawk,Gaily Gaily,Nearctic,Natalma,Admiral's Voyage,Petitioner,Fappiano,Ruby Slippers,Forli,True Reality,Relaunch,テイズリー,Seattle Song,Lonely Dancer,Well Decorated,Mobcap,Gold Meridian,Tri Argo,Hail to Reason,Cosmah,Understanding,Mountain Flower,カンパラ,Severn Bridge,Lyphard,My Bupers,Storm Bird,Terlingua,Mr. Prospector,Narrate,Roberto,Gris Vitesse,Cure the Blues,Gayshuka
202606010701,13,ダート,1200,良,未勝利,デクラレーションオブウォー,レッドフォーチュン,War Front,Tempo West,クロフネ,スギノフォルモーザ,Danzig,Starry Dreamer,Rahy,Tempo,フレンチデピュティ,ブルーアヴェニュー,サンデーサイレンス,スカーレットローズ,Northern Dancer,Pas de Nom,Rubiano,Lara's Star,Blushing Groom,Glorious Song,Gone West,Terpsichorist,Deputy Minister,Mitterand,Classic Go Go,Eliza Blue,Halo,Wishing Well,ノーザンテースト,スカーレットインク,Nearctic,Natalma,Admiral's Voyage,Petitioner,Fappiano,Ruby Slippers,Forli,True Reality,Red God,Runaway Bride,Halo,Ballade,Mr. Prospector,Secrettame,Nijinsky,Glad Rags,Vice Regent,Mint Copy,Hold Your Peace,Laredo Lass,Pago Pago,Classic Perfection,Icecapade,コレラ,Hail to Reason,Cosmah,Understanding,Mountain Flower,Northern Dancer,Lady Victoria,Crimson Satan,Consentida
202606010701,14,ダート,1200,良,未勝利,ゴールドドリーム,スノークラフト,ゴールドアリュール,モンヴェール,アグネスデジタル,スノースタイル,サンデーサイレンス,ニキーヤ,フレンチデピュティ,スペシャルジェイド,Crafty Prospector,Chancey Squaw,ホワイトマズル,シャルムダンサー,Halo,Wishing Well,Nureyev,Reluctant Guest,Deputy Minister,Mitterand,Cox's Ridge,Statistic,Mr. Prospector,Real Crafty Lady,Chief's Crown,Allicance,ダンシングブレーヴ,Fair of the Furze,グルームダンサー,ダムスペクタキュラー,Hail to Reason,Cosmah,Understanding,Mountain Flower,Northern Dancer,Special,Hostage,Vaguely Royal,Vice Regent,Mint Copy,Hold Your Peace,Laredo Lass,Best Turn,Our Martha,Mr. Prospector,Number,Raise a Native,Gold Digger,In Reality,Princess Roycraft,Danzig,Six Crowns,Alleged,Runaway Bride,Lyphard,Navajo Princess,Ela-Mana-Mou,Autocratic,Blushing Groom,Featherhill,Spectacular Bid,Damascening
202606010701,15,ダート,1200,良,未勝利,ストーミーシー,ピカピカ,アドマイヤムーン,リーベストラウム,トーセンホマレボシ,ダンゼロゴールド,エンドスウィープ,マイケイティーズ,ゼンノエルシド,マウントモガミ,ディープインパクト,エヴリウィスパー,Danzero,Minegold,フォーティナイナー,Broom Dance,サンデーサイレンス,ケイティーズファースト,Caerleon,エンブラ,モガミ,マウントソブリン,サンデーサイレンス,ウインドインハーヘア,ノーザンテースト,クラフテイワイフ,デインヒル,Confidentially,Geiger Counter,Ginseng,Mr. Prospector,File,Dance Spell,Witching Hour,Halo,Wishing Well,Kris,Katies,Nijinsky,Foreseer,Dominion,Kaftan,Lyphard,ノーラック,ラッキーソブリン,マルイチアサコ,Halo,Wishing Well,Alzao,Burghclere,Northern Dancer,Lady Victoria,Crafty Prospector,Wife Mistress,Danzig,Razyana,Kaoru Star,Idesa,Mr. Prospector,Thong,Luskin Star,Hippety Hop
202606010701,16,ダート,1200,良,未勝利,シルバーステート,グランシャルム,ディープインパクト,シルヴァースカヤ,Dylan Thomas,ロイヤルファンタジー,サンデーサイレンス,ウインドインハーヘア,Silver Hawk,Boubskaia,デインヒル,Lagrion,Monsun,Rudolfina,Halo,Wishing Well,Alzao,Burghclere,Roberto,Gris Vitesse,Niniski,Frenetique,Danzig,Razyana,Diesis,Wrap It Up,Konigsstuhl,Mosella,Pleasant Colony,Robertina,Hail to Reason,Cosmah,Understanding,Mountain Flower,Lyphard,Lady Rebecca,Busted,Highclere,Hail to Reason,Bramalea,Amerigo,Matchiche,Nijinsky,Virginia Hills,Tyrant,Femina,Northern Dancer,Pas de Nom,His Majesty,Spring Adieu,Sharpen Up,Doubly Sure,Mount Hagen,Doc Nan,Dschingis Khan,Konigskronung,Surumu,Monasia,His Majesty,Sun Colony,Roberto,Bring Out the Band
202606010702,1,ダート,1800,良,未勝利,ブリックスアンドモルタル,デルマサリーチャン,Giant's Causeway,Beyond the Waves,ホワイトマズル,ローザロッサ,Storm Cat,Mariah's Storm,Ocean Crest,Excedent,ダンシングブレーヴ,Fair of the Furze,ダンスインザダーク,マンボステップ,Storm Bird,Terlingua,Rahy,イメンス,Storm Bird,S.S.Aroma,Exceller,Broadway Lullaby,Lyphard,Navajo Princess,Ela-Mana-Mou,Autocratic,サンデーサイレンス,ダンシングキイ,Kingmambo,Diva's Debut,Northern Dancer,South Ocean,Secretariat,Crimson Saint,Blushing Groom,Glorious Song,Roberto,Imsodear,Northern Dancer,South Ocean,Seattle Slew,Rare Bouquet,Vaguely Noble,Too Bald,Stage Door Johnny,リットルブレツシング,Northern Dancer,Goofed,Drone,Olmec,ピットカーン,Rose Bertin,Tyrant,Flight Table,Halo,Wishing Well,Nijinsky,Key Partner,Mr. Prospector,Miesque,Deputy Minister,Prima Maria
202606010702,2,ダート,1800,良,未勝利,ダノンスマッシュ,スズカエンジェル,ロードカナロア,スピニングワイルドキャット,High Yield,イルグンスエンジェル,キングカメハメハ,レディブラッサム,Hard Spun,Hollywood Wildcat,Storm Cat,Scoop the Gold,Irgun,November Morn,Kingmambo,マンファス,Storm Cat,サラトガデュー,Danzig,Turkish Tryst,Kris S.,Miss Wildcatter,Storm Bird,Terlingua,フォーティナイナー,Leap Lively,Sunny's Halo,Late From Lunch,Capote,Roving Girl,Mr. Prospector,Miesque,ラストタイクーン,Pilot Bird,Storm Bird,Terlingua,Cormorant,Super Luna,Northern Dancer,Pas de Nom,Turkoman,Darbyvail,Roberto,Sharp Queen,Mr. Prospector,Elizabeth K.,Northern Dancer,South Ocean,Secretariat,Crimson Saint,Mr. Prospector,File,Nijinsky,Quilloquick,Halo,Mostly Sunny,Secretariat,Kankam,Seattle Slew,Too Bald,Olden Times,Black Eyed Lucy
202606010702,3,ダート,1800,良,未勝利,ロージズインメイ,カメチャン,Devil His Due,Tell a Secret,タートルボウル,ダンスオンザルーフ,Devil's Bag,Plenty O'Toole,Speak John,Secret Retreat,Dyhim Diamond,Clara Bow,シンボリクリスエス,ダンシングサンデー,Halo,Ballade,Raise a Cup,Li'l Puss,Prince John,Nuit de Folies,Clandestine,Retirement,Night Shift,Happy Landing,Top Ville,Kamiya,Kris S.,Tee Kay,サンデーサイレンス,ダンシングキイ,Hail to Reason,Cosmah,Herbager,Miss Swapsco,Raise a Native,Spring Sunshine,Noble Jay,Li'l Sis,Princequillo,Not Afraid,Tornado,Folle Nuit,Double Jay,Conniver,Royal Gem,Marie J.,Northern Dancer,Ciboulette,Homing,Laughing Goddess,High Top,Sega Ville,Kalamoun,Shahinaaz,Roberto,Sharp Queen,Gold Meridian,Tri Argo,Halo,Wishing Well,Nijinsky,Key Partner
202606010702,4,ダート,1800,良,未勝利,オルフェーヴル,タイキオードリー,ステイゴールド,オリエンタルアート,キングカメハメハ,エスカニア,サンデーサイレンス,ゴールデンサッシュ,メジロマックイーン,エレクトロアート,Kingmambo,マンファス,Edgy Diplomat,Carezza,Halo,Wishing Well,ディクタス,ダイナサッシュ,メジロティターン,メジロオーロラ,ノーザンテースト,グランマスティーヴンス,Mr. Prospector,Miesque,ラストタイクーン,Pilot Bird,Deputy Minister,Excitable Gal,Card Game,Romantica,Hail to Reason,Cosmah,Understanding,Mountain Flower,Sanctus,Doronic,ノーザンテースト,ロイヤルサッシュ,メジロアサマ,シエリル,リマンド,メジロアイリス,Northern Dancer,Lady Victoria,Lt. Stevens,Dhow,Raise a Native,Gold Digger,Nureyev,Pasadoble,トライマイベスト,Mill Princess,Blakeney,The Dancer,Vice Regent,Mint Copy,Secretariat,Magazine,Thatch,Fortunal,Rigel,Fanatica
202606010702,5,ダート,1800,良,未勝利,リオンディーズ,クインズオライリー,キングカメハメハ,シーザリオ,シンボリクリスエス,ケイアイベローナ,Kingmambo,マンファス,スペシャルウィーク,キロフプリミエール,Kris S.,Tee Kay,クロフネ,レディベローナ,Mr. Prospector,Miesque,ラストタイクーン,Pilot Bird,サンデーサイレンス,キャンペンガール,Sadler's Wells,Querida,Roberto,Sharp Queen,Gold Meridian,Tri Argo,フレンチデピュティ,ブルーアヴェニュー,サンデーサイレンス,シンコウラブリイ,Raise a Native,Gold Digger,Nureyev,Pasadoble,トライマイベスト,Mill Princess,Blakeney,The Dancer,Halo,Wishing Well,マルゼンスキー,レディーシラオキ,Northern Dancer,Fairy Bridge,Habitat,Principia,Hail to Reason,Bramalea,Princequillo,Bridgework,Seattle Slew,Queen Louie,Tri Jet,Hail Proudly,Deputy Minister,Mitterand,Classic Go Go,Eliza Blue,Halo,Wishing Well,Caerleon,ハッピートレイルズ
202606010702,6,ダート,1800,良,未勝利,カレンブラックヒル,メルティングポット,ダイワメジャー,チャールストンハーバー,Hard Spun,コスモポリタン,サンデーサイレンス,スカーレットブーケ,Grindstone,Penny's Valentine,Danzig,Turkish Tryst,Cadeaux Genereux,Parisian Elegance,Halo,Wishing Well,ノーザンテースト,スカーレットインク,Unbridled,Buzz My Bell,Storm Cat,Mrs. Penny,Northern Dancer,Pas de Nom,Turkoman,Darbyvail,Young Generation,Smarten Up,Zilzal,Tshusick,Hail to Reason,Cosmah,Understanding,Mountain Flower,Northern Dancer,Lady Victoria,Crimson Satan,Consentida,Fappiano,Gana Facil,Drone,Chateaupavia,Storm Bird,Terlingua,Great Nephew,Tananarive,Nearctic,Natalma,Admiral's Voyage,Petitioner,Alydar,Taba,Roberto,Luiana,Balidar,Brig O'Doon,Sharpen Up,L'Anguissola,Nureyev,French Charmer,ダンシングブレーヴ,Infanta Real
202606010702,7,ダート,1800,良,未勝利,サンダースノー,ベルフロレゾン,Helmet,Eastern Joy,クロフネ,ウインフロレゾン,Exceed And Excel,Accessories,Dubai Destination,Red Slippers,フレンチデピュティ,ブルーアヴェニュー,フジキセキ,ブランシェリー,デインヒル,Patrona,Singspiel,Anna Matrushka,Kingmambo,Mysterial,Nureyev,Morning Devotion,Deputy Minister,Mitterand,Classic Go Go,Eliza Blue,サンデーサイレンス,ミルレーサー,トニービン,メゾンブランシュ,Danzig,Razyana,Lomond,Gladiolus,In the Wings,Glorious Song,Mill Reef,Anna Paola,Mr. Prospector,Miesque,Alleged,Mysteries,Northern Dancer,Special,Affirmed,Morning Has Broken,Vice Regent,Mint Copy,Hold Your Peace,Laredo Lass,Pago Pago,Classic Perfection,Icecapade,コレラ,Halo,Wishing Well,Le Fabuleux,Marston's Mill,カンパラ,Severn Bridge,Alleged,ブランシユレイン
202606010702,8,ダート,1800,良,未勝利,ダノンスマッシュ,キリエ,ロードカナロア,スピニングワイルドキャット,ブライアンズタイム,チャペルコンサート,キングカメハメハ,レディブラッサム,Hard Spun,Hollywood Wildcat,Roberto,Kelley's Day,サンデーサイレンス,リープフォージョイ,Kingmambo,マンファス,Storm Cat,サラトガデュー,Danzig,Turkish Tryst,Kris S.,Miss Wildcatter,Hail to Reason,Bramalea,Graustark,Golden Trail,Halo,Wishing Well,Sharpo,Humble Pie,Mr. Prospector,Miesque,ラストタイクーン,Pilot Bird,Storm Bird,Terlingua,Cormorant,Super Luna,Northern Dancer,Pas de Nom,Turkoman,Darbyvail,Roberto,Sharp Queen,Mr. Prospector,Elizabeth K.,Turn-to,Nothirdchance,Nashua,Rarelea,Ribot,Flower Bowl,Hasty Road,Sunny Vale,Hail to Reason,Cosmah,Understanding,Mountain Flower,Sharpen Up,Moiety Bird,Known Fact,Scarcely Blessed
202606010702,9,ダート,1800,良,未勝利,エイシンヒカリ,エイシンポラリス,ディープインパクト,キャタリナ,Unbridled's Song,Binya,サンデーサイレンス,ウインドインハーヘア,Storm Cat,Carolina Saga,Unbridled,Trolley Song,Royal Solo,Beaconaire,Halo,Wishing Well,Alzao,Burghclere,Storm Bird,Terlingua,Caro,Key to the Saga,Fappiano,Gana Facil,Caro,Lucky Spell,Sadler's Wells,Sharp Castan,Vaguely Noble,Ole Liz,Hail to Reason,Cosmah,Understanding,Mountain Flower,Lyphard,Lady Rebecca,Busted,Highclere,Northern Dancer,South Ocean,Secretariat,Crimson Saint,フォルティノ,Chambord,Key to the Mint,Sea Saga,Mr. Prospector,Killaloe,Le Fabuleux,Charedi,フォルティノ,Chambord,Lucky Mel,Incantation,Northern Dancer,Fairy Bridge,Sharpen Up,Sultry One,ヴィエナ,Noble Lassie,Double Jay,Islay Mist
202606010702,10,ダート,1800,良,未勝利,キセキ,ウルトラブレンド,ルーラーシップ,ブリッツフィナーレ,Richly Blended,Ankha,キングカメハメハ,エアグルーヴ,ディープインパクト,ロンドンブリッジ,Rizzi,Valid Blend,Desert Classic,Distant Runner,Kingmambo,マンファス,トニービン,ダイナカール,サンデーサイレンス,ウインドインハーヘア,ドクターデヴィアス,オールフォーロンドン,アフリート,トップウィッシュ,Valid Appeal,Blend of Poetry,Damascus,Classic Perfection,Distant Day,Mat Mit,Mr. Prospector,Miesque,ラストタイクーン,Pilot Bird,カンパラ,Severn Bridge,ノーザンテースト,シャダイフェザー,Halo,Wishing Well,Alzao,Burghclere,Ahonoora,Rose of Jericho,Danzig,Full Card,Mr. Prospector,Polite Lady,Topsider,Winsome,In Reality,Desert Trial,Iron Constitution,Light Face,Sword Dancer,Kerala,Never Bend,Mira Femme,Fleet Nasrullah,Golden Days,Tim Tam,Miss Patty Bee
202606010702,11,ダート,1800,良,未勝利,コントレイル,ミスチヴァスミスティ,ディープインパクト,ロードクロサイト,Into Mischief,Kona Kat,サンデーサイレンス,ウインドインハーヘア,Unbridled's Song,Folklore,Harlan's Holiday,Leslie's Lady,Mountain Cat,Double Sunrise,Halo,Wishing Well,Alzao,Burghclere,Unbridled,Trolley Song,Tiznow,Contrive,Harlan,Christmas in Aiken,Tricky Creek,Crystal Lady,Storm Cat,Always Mint,Slew o' Gold,How High the Moon,Hail to Reason,Cosmah,Understanding,Mountain Flower,Lyphard,Lady Rebecca,Busted,Highclere,Fappiano,Gana Facil,Caro,Lucky Spell,Cee's Tizzy,Cee's Song,Storm Cat,Jeano,Storm Cat,Country Romance,Affirmed,Dowager,Clever Trick,Battle Creek Girl,Stop the Music,One Last Bird,Storm Bird,Terlingua,Key to the Mint,Always a Princess,Seattle Slew,Alluvial,Majestic Light,Clear Ceiling
202606010702,12,ダート,1800,良,未勝利,クリエイター,トチノタイヨー,Tapit,Morena,プリサイスエンド,フジヤマビジン,Pulpit,Tap Your Heels,Privately Held,Charytin,エンドスウィープ,Precisely,サンデーサイレンス,アメリカンメモリー,A.P. Indy,Preach,Unbridled,Ruby Slippers,Private Account,Aviance,Summing,Crownit,フォーティナイナー,Broom Dance,Summing,Crisp 'n Clear,Halo,Wishing Well,ノーザンテースト,ザツツマイパル,Seattle Slew,Weekend Surprise,Mr. Prospector,Narrate,Fappiano,Gana Facil,Nijinsky,Moon Glitter,Damascus,Numbered Account,Northfields,Minnie Hauk,Verbatim,Sumatra,King of Macedon,Queens Up,Mr. Prospector,File,Dance Spell,Witching Hour,Verbatim,Sumatra,Cold Reception,Ring O'Bells,Hail to Reason,Cosmah,Understanding,Mountain Flower,Northern Dancer,Lady Victoria,Key to the Mint,Beautiful Memory
202606010702,13,ダート,1800,良,未勝利,サンダースノー,ドナパフューム,Helmet,Eastern Joy,Bertolini,Cal Norma's Lady,Exceed And Excel,Accessories,Dubai Destination,Red Slippers,Danzig,Aquilegia,リファーズスペシャル,June Darling,デインヒル,Patrona,Singspiel,Anna Matrushka,Kingmambo,Mysterial,Nureyev,Morning Devotion,Northern Dancer,Pas de Nom,Alydar,Courtly Dee,Lyphard,My Bupers,ジュニアス,Beau Darling,Danzig,Razyana,Lomond,Gladiolus,In the Wings,Glorious Song,Mill Reef,Anna Paola,Mr. Prospector,Miesque,Alleged,Mysteries,Northern Dancer,Special,Affirmed,Morning Has Broken,Nearctic,Natalma,Admiral's Voyage,Petitioner,Raise a Native,Sweet Tooth,Never Bend,Tulle,Northern Dancer,Goofed,Bupers,Princess Revoked,Raja Baba,Solid Thought,Darling Boy,Fair Astronomer
202606010702,14,ダート,1800,良,未勝利,フィエールマン,デンバーテソーロ,ディープインパクト,リュヌドール,Violence,Cloud of Smoke,サンデーサイレンス,ウインドインハーヘア,Green Tune,Luth d'Or,Medaglia d'Oro,Violent Beauty,Smoke Glacken,Clouds of Gold,Halo,Wishing Well,Alzao,Burghclere,Green Dancer,Soundings,Noir Et Or,Viole d'Amour,El Prado,Cappucino Bay,Gone West,Storming Beauty,Two Punch,Majesty's Crown,Strike the Gold,Cloudy Colors,Hail to Reason,Cosmah,Understanding,Mountain Flower,Lyphard,Lady Rebecca,Busted,Highclere,Nijinsky,Green Valley,Mr. Prospector,Ocean's Answer,ラインゴールド,Pomme Rose,Luthier,Mandolinette,Sadler's Wells,Lady Capulet,Bailjumper,Dubbed In,Mr. Prospector,Secrettame,Storm Cat,Sky Beauty,Mr. Prospector,Heavenly Cause,Magesterial,Queen's Crown,Alydar,Majestic Gold,Personal Flag,Getoffofmycloud
202606010702,15,ダート,1800,良,未勝利,ウインブライト,レッドルンバ,ステイゴールド,サマーエタニティ,Red Ransom,Rumba Azul,サンデーサイレンス,ゴールデンサッシュ,アドマイヤコジーン,オールフォーゲラン,Roberto,アラビア,Fabulous Dancer,Rare Sound,Halo,Wishing Well,ディクタス,ダイナサッシュ,Cozzene,アドマイヤマカディ,ジェイドロバリー,ミスゲラン,Hail to Reason,Bramalea,Damascus,Christmas Wind,Northern Dancer,Last of the Line,Rarity,Haunting,Hail to Reason,Cosmah,Understanding,Mountain Flower,Sanctus,Doronic,ノーザンテースト,ロイヤルサッシュ,Caro,Ride the Trails,ノーザンテースト,ミセスマカディー,Mr. Prospector,Number,マルゼンスキー,ゲラン,Turn-to,Nothirdchance,Nashua,Rarelea,Sword Dancer,Kerala,Nearctic,Bally Free,Nearctic,Natalma,The Axe,Bryonia,Hethersett,Who Can Tell,Lord Gayle,Grey Fleck
202606010702,16,ダート,1800,良,未勝利,ロジャーバローズ,ヘルメット,ディープインパクト,リトルブック,タイキシャトル,ハッピーヴァリュー,サンデーサイレンス,ウインドインハーヘア,Librettist,Cal Norma's Lady,Devil's Bag,ウェルシュマフィン,ゼンノロブロイ,ネームヴァリュー,Halo,Wishing Well,Alzao,Burghclere,Danzig,Mysterial,リファーズスペシャル,June Darling,Halo,Ballade,Caerleon,Muffitys,サンデーサイレンス,ローミンレイチェル,Honour and Glory,マジソンカウンティ,Hail to Reason,Cosmah,Understanding,Mountain Flower,Lyphard,Lady Rebecca,Busted,Highclere,Northern Dancer,Pas de Nom,Alleged,Mysteries,Lyphard,My Bupers,ジュニアス,Beau Darling,Hail to Reason,Cosmah,Herbager,Miss Swapsco,Nijinsky,Foreseer,Thatch,Contrail,Halo,Wishing Well,マイニング,One Smart Lady,Relaunch,Fair to All,Seattle Slew,Steal a Kiss
202606010703,1,ダート,1800,良,未勝利,クリソベリル,セレナズヴォイス,ゴールドアリュール,クリソプレーズ,オナーコード,ザガールインザットソング,サンデーサイレンス,ニキーヤ,エルコンドルパサー,キャサリーンパー,A.P. Indy,Serena's Cat,My Golden Song,Belle of the Band,Halo,Wishing Well,Nureyev,Reluctant Guest,Kingmambo,サドラーズギャル,Riverman,Regal Exception,Seattle Slew,Weekend Surprise,Storm Cat,Serena's Tune,Unbridled's Song,Golden Par,Dixieland Band,Alysbelle,Hail to Reason,Cosmah,Understanding,Mountain Flower,Northern Dancer,Special,Hostage,Vaguely Royal,Mr. Prospector,Miesque,Sadler's Wells,Glenveagh,Never Bend,River Lady,Ribot,Rajput Princess,Bold Reasoning,My Charmer,Secretariat,Lassie Dear,Storm Bird,Terlingua,Mr. Prospector,Serena's Song,Unbridled,Trolley Song,Gold Meridian,Par Three,Northern Dancer,Mississippi Mud,Alydar,Bel Sheba
202606010703,2,ダート,1800,良,未勝利,ルーラーシップ,ピュリティゴールド,キングカメハメハ,エアグルーヴ,ゴールドアリュール,トリッキーコード,Kingmambo,マンファス,トニービン,ダイナカール,サンデーサイレンス,ニキーヤ,Lost Code,Dam Clever,Mr. Prospector,Miesque,ラストタイクーン,Pilot Bird,カンパラ,Severn Bridge,ノーザンテースト,シャダイフェザー,Halo,Wishing Well,Nureyev,Reluctant Guest,Codex,Loss Or Gain,Damascus,Clever Bird,Raise a Native,Gold Digger,Nureyev,Pasadoble,トライマイベスト,Mill Princess,Blakeney,The Dancer,Kalamoun,State Pension,Hornbeam,Priddy Fair,Northern Dancer,Lady Victoria,ガーサント,パロクサイド,Hail to Reason,Cosmah,Understanding,Mountain Flower,Northern Dancer,Special,Hostage,Vaguely Royal,Arts and Letters,Roundup Rose,Ack Ack,Gain Or Loss,Sword Dancer,Kerala,Swoon's Son,Sally Catbird
202606010703,3,ダート,1800,良,未勝利,エスポワールシチー,ステージトリック,ゴールドアリュール,エミネントシチー,Distorted Humor,Engaging,サンデーサイレンス,ニキーヤ,ブライアンズタイム,ヘップバーンシチー,フォーティナイナー,Danzig's Beauty,Private Account,Starlet Storm,Halo,Wishing Well,Nureyev,Reluctant Guest,Roberto,Kelley's Day,ブレイヴェストローマン,コンパルシチー,Mr. Prospector,File,Danzig,Sweetest Chant,Damascus,Numbered Account,Storm Bird,Cinegita,Hail to Reason,Cosmah,Understanding,Mountain Flower,Northern Dancer,Special,Hostage,Vaguely Royal,Hail to Reason,Bramalea,Graustark,Golden Trail,Never Bend,Roman Song,トラフィック,リンネス,Raise a Native,Gold Digger,Tom Rolfe,Continue,Northern Dancer,Pas de Nom,Mr. Leader,Gay Sonnet,Sword Dancer,Kerala,Buckpasser,Intriguing,Northern Dancer,South Ocean,Secretariat,Wanika
202606010703,4,ダート,1800,良,未勝利,ゴールドドリーム,ハイエストクイーン,ゴールドアリュール,モンヴェール,シンボリクリスエス,タニノハイクレア,サンデーサイレンス,ニキーヤ,フレンチデピュティ,スペシャルジェイド,Kris S.,Tee Kay,クロフネ,インヴァイト,Halo,Wishing Well,Nureyev,Reluctant Guest,Deputy Minister,Mitterand,Cox's Ridge,Statistic,Roberto,Sharp Queen,Gold Meridian,Tri Argo,フレンチデピュティ,ブルーアヴェニュー,Be My Guest,Burghclere,Hail to Reason,Cosmah,Understanding,Mountain Flower,Northern Dancer,Special,Hostage,Vaguely Royal,Vice Regent,Mint Copy,Hold Your Peace,Laredo Lass,Best Turn,Our Martha,Mr. Prospector,Number,Hail to Reason,Bramalea,Princequillo,Bridgework,Seattle Slew,Queen Louie,Tri Jet,Hail Proudly,Deputy Minister,Mitterand,Classic Go Go,Eliza Blue,Northern Dancer,What a Treat,Busted,Highclere
202606010703,5,ダート,1800,良,未勝利,ブリックスアンドモルタル,ジュリエットシアトル,Giant's Causeway,Beyond the Waves,Seattle Fitz,Giulie-Halo,Storm Cat,Mariah's Storm,Ocean Crest,Excedent,Fitzcarraldo,Hug a Slew,サザンヘイロー,Giulietta,Storm Bird,Terlingua,Rahy,イメンス,Storm Bird,S.S.Aroma,Exceller,Broadway Lullaby,Cipayo,Stall Only,Seattle Slew,Huggle Duggle,Halo,Northern Sea,Saint Sever,La Fornarina,Northern Dancer,South Ocean,Secretariat,Crimson Saint,Blushing Groom,Glorious Song,Roberto,Imsodear,Northern Dancer,South Ocean,Seattle Slew,Rare Bouquet,Vaguely Noble,Too Bald,Stage Door Johnny,リットルブレツシング,Lacydon,Tsarina,Stallwood,Broadcast,Bold Reasoning,My Charmer,Never Bend,Crown the Queen,Hail to Reason,Cosmah,Northern Dancer,Sea Saga,Lyphard,Suffisante,Good Manners,La Farnesina
202606010703,6,ダート,1800,良,未勝利,ダノンスマッシュ,コウエイオトメ,ロードカナロア,スピニングワイルドキャット,ハーツクライ,ホットマンボ,キングカメハメハ,レディブラッサム,Hard Spun,Hollywood Wildcat,サンデーサイレンス,アイリッシュダンス,Kingmambo,A. O. L. Hayes,Kingmambo,マンファス,Storm Cat,サラトガデュー,Danzig,Turkish Tryst,Kris S.,Miss Wildcatter,Halo,Wishing Well,トニービン,ビューパーダンス,Mr. Prospector,Miesque,A.P. Indy,Possible Mate,Mr. Prospector,Miesque,ラストタイクーン,Pilot Bird,Storm Bird,Terlingua,Cormorant,Super Luna,Northern Dancer,Pas de Nom,Turkoman,Darbyvail,Roberto,Sharp Queen,Mr. Prospector,Elizabeth K.,Hail to Reason,Cosmah,Understanding,Mountain Flower,カンパラ,Severn Bridge,Lyphard,My Bupers,Raise a Native,Gold Digger,Nureyev,Pasadoble,Seattle Slew,Weekend Surprise,King's Bishop,Execution
202606010703,7,ダート,1800,良,未勝利,モズアスコット,メイオール,Frankel,India,オルフェーヴル,メイシャイン,Galileo,Kind,ヘネシー,Misty Hour,ステイゴールド,オリエンタルアート,シンボリクリスエス,スターアルファ,Sadler's Wells,Urban Sea,デインヒル,Rainbow Lake,Storm Cat,Island Kitty,Miswaki,Our Tina Marie,サンデーサイレンス,ゴールデンサッシュ,メジロマックイーン,エレクトロアート,Kris S.,Tee Kay,サンデーサイレンス,アンティックヴァリュー,Northern Dancer,Fairy Bridge,Miswaki,Allegretta,Danzig,Razyana,Rainbow Quest,Rockfest,Storm Bird,Terlingua,Hawaii,T. C. Kitten,Mr. Prospector,Hopespringseternal,Nijinsky,Java Moon,Halo,Wishing Well,ディクタス,ダイナサッシュ,メジロティターン,メジロオーロラ,ノーザンテースト,グランマスティーヴンス,Roberto,Sharp Queen,Gold Meridian,Tri Argo,Halo,Wishing Well,Northern Dancer,Moonscape
202606010703,8,ダート,1800,良,未勝利,ニューイヤーズデイ,アメイジングライフ,Street Cry,Justwhistledixie,ハーツクライ,カフェブリリアント,Machiavellian,Helen Street,Dixie Union,General Jeanne,サンデーサイレンス,アイリッシュダンス,ブライアンズタイム,シンメイミネルバ,Mr. Prospector,Coup de Folie,Troy,Waterway,Dixieland Band,She's Tops,Honour and Glory,Ahpo Hel,Halo,Wishing Well,トニービン,ビューパーダンス,Roberto,Kelley's Day,Caerleon,フジャブ,Raise a Native,Gold Digger,Halo,Raise the Standard,Petingo,La Milo,Riverman,Boulevard,Northern Dancer,Mississippi Mud,Capote,She's a Talent,Relaunch,Fair to All,Mr. Leader,Tiy,Hail to Reason,Cosmah,Understanding,Mountain Flower,カンパラ,Severn Bridge,Lyphard,My Bupers,Hail to Reason,Bramalea,Graustark,Golden Trail,Nijinsky,Foreseer,Woodman,Winters' Love
202606010703,9,ダート,1800,良,未勝利,レッドファルクス,チェス,スウェプトオーヴァーボード,ベルモット,フリオーソ,スズオリヅル,エンドスウィープ,Sheer Ice,サンデーサイレンス,レガシーオブストレングス,ブライアンズタイム,ファーザ,フサイチコンコルド,スズマイヒメ,フォーティナイナー,Broom Dance,Cutlass,Hey Dolly A.,Halo,Wishing Well,Affirmed,Katonka,Roberto,Kelley's Day,Mr. Prospector,Baya,Caerleon,バレークイーン,ハウスバスター,ポップアート,Mr. Prospector,File,Dance Spell,Witching Hour,Damascus,Aphonia,Ambehaving,Swift Deal,Hail to Reason,Cosmah,Understanding,Mountain Flower,Exclusive Native,Won't Tell You,Minnesota Mac,Minnetonka,Hail to Reason,Bramalea,Graustark,Golden Trail,Raise a Native,Gold Digger,Nureyev,Barger,Nijinsky,Foreseer,Sadler's Wells,Sun Princess,Mt. Livermore,Big Dreams,Relaunch,Popachee
202606010703,10,ダート,1800,良,未勝利,ディープブリランテ,リゼブルー,ディープインパクト,ラヴアンドバブルズ,ダンカーク,ジョリファム,サンデーサイレンス,ウインドインハーヘア,Loup Sauvage,バブルドリーム,Unbridled's Song,Secret Status,スペシャルウィーク,メジロアニマート,Halo,Wishing Well,Alzao,Burghclere,Riverman,Louveterie,Akarad,バブルプロスペクター,Unbridled,Trolley Song,A.P. Indy,Private Status,サンデーサイレンス,キャンペンガール,フレンチデピュティ,コロンバイト,Hail to Reason,Cosmah,Understanding,Mountain Flower,Lyphard,Lady Rebecca,Busted,Highclere,Never Bend,River Lady,Nureyev,Lupe,Labus,Licata,Miswaki,バブルカンパニー,Fappiano,Gana Facil,Caro,Lucky Spell,Seattle Slew,Weekend Surprise,Alydar,Miss Eva,Halo,Wishing Well,マルゼンスキー,レディーシラオキ,Deputy Minister,Mitterand,Caerleon,Graphite
202606010703,11,ダート,1800,良,未勝利,マジェスティックウォリアー,ヨドノスマイル,A.P. Indy,Dream Supreme,タイキシャトル,ヴィデオレター,Seattle Slew,Weekend Surprise,Seeking the Gold,Spinning Round,Devil's Bag,ウェルシュマフィン,スキャン,ホーマンマルサ,Bold Reasoning,My Charmer,Secretariat,Lassie Dear,Mr. Prospector,Con Game,Dixieland Band,Take Heart,Halo,Ballade,Caerleon,Muffitys,Mr. Prospector,Video,プリンスオブバーズ,ブラックレター,Boldnesian,Reason to Earn,Poker,Fair Charmer,Bold Ruler,Somethingroyal,Buckpasser,Gay Missile,Raise a Native,Gold Digger,Buckpasser,Broadway,Northern Dancer,Mississippi Mud,Secretariat,Deck Stewardess,Hail to Reason,Cosmah,Herbager,Miss Swapsco,Nijinsky,Foreseer,Thatch,Contrail,Raise a Native,Gold Digger,Nijinsky,Foreseer,Storm Bird,Special Key,ハードツービート,デユニラ
202606010703,12,ダート,1800,良,未勝利,ベストウォーリア,アビシーナ,マジェスティックウォリアー,フラーテイシャスミス,Pivotal,Massomah,A.P. Indy,Dream Supreme,Mr. Greeley,Seductive Smile,Polar Falcon,Fearless Revival,Seeking the Gold,Kerenza,Seattle Slew,Weekend Surprise,Seeking the Gold,Spinning Round,Gone West,Long Legend,Silver Hawk,Exit Smiling,Nureyev,Marie d'Argonne,Cozzene,Stufida,Mr. Prospector,Con Game,シアトルダンサー,Home Love,Bold Reasoning,My Charmer,Secretariat,Lassie Dear,Mr. Prospector,Con Game,Dixieland Band,Take Heart,Mr. Prospector,Secrettame,Reviewer,Lianga,Roberto,Gris Vitesse,Stage Door Johnny,Chandelier,Northern Dancer,Special,Jefferson,Mohair,Caro,Ride the Trails,Bustino,Zerbinetta,Raise a Native,Gold Digger,Buckpasser,Broadway,Nijinsky,My Charmer,Vaguely Noble,Homespun
202606010703,13,ダート,1800,良,未勝利,クリソベリル,アンズチャン,ゴールドアリュール,クリソプレーズ,フレンチデピュティ,パラダイスバード,サンデーサイレンス,ニキーヤ,エルコンドルパサー,キャサリーンパー,Deputy Minister,Mitterand,エルコンドルパサー,サイレントハピネス,Halo,Wishing Well,Nureyev,Reluctant Guest,Kingmambo,サドラーズギャル,Riverman,Regal Exception,Vice Regent,Mint Copy,Hold Your Peace,Laredo Lass,Kingmambo,サドラーズギャル,サンデーサイレンス,レガシーオブストレングス,Hail to Reason,Cosmah,Understanding,Mountain Flower,Northern Dancer,Special,Hostage,Vaguely Royal,Mr. Prospector,Miesque,Sadler's Wells,Glenveagh,Never Bend,River Lady,Ribot,Rajput Princess,Northern Dancer,Victoria Regina,Bunty's Flight,Shakney,Speak John,Blue Moon,Bold Ruler,Fortunate Isle,Mr. Prospector,Miesque,Sadler's Wells,Glenveagh,Halo,Wishing Well,Affirmed,Katonka
202606010704,1,障害,2880,良,未勝利,ディープインパクト,カラズマッチポイント,サンデーサイレンス,ウインドインハーヘア,Curlin,Home Court,Halo,Wishing Well,Alzao,Burghclere,Smart Strike,Sherriff's Deputy,Storm Cat,Jewel Princess,Hail to Reason,Cosmah,Understanding,Mountain Flower,Lyphard,Lady Rebecca,Busted,Highclere,Mr. Prospector,Classy'n Smart,Deputy Minister,Barbarika,Storm Bird,Terlingua,Key to the Mint,Jewell Ridge,Turn-to,Nothirdchance,Cosmic Bomb,Almahmoud,Promised Land,Pretty Ways,Montparnasse,Edelweiss,Northern Dancer,Goofed,Sir Ivor,Pocahontas,Crepello,Sans le Sou,Queen's Hussar,Highlight,Raise a Native,Gold Digger,Smarten,No Class,Vice Regent,Mint Copy,Bates Motel,War Exchange,Northern Dancer,South Ocean,Secretariat,Crimson Saint,Graustark,Key Bridge,Melyno,Say What You Mean
202606010704,2,障害,2880,良,未勝利,ブリックスアンドモルタル,ルミナスレッド,Giant's Causeway,Beyond the Waves,トーセンダンス,マンジュデンレッド,Storm Cat,Mariah's Storm,Ocean Crest,Excedent,サンデーサイレンス,ダンシングキイ,ヘクタープロテクター,マンジュデンレディ,Storm Bird,Terlingua,Rahy,イメンス,Storm Bird,S.S.Aroma,Exceller,Broadway Lullaby,Halo,Wishing Well,Nijinsky,Key Partner,Woodman,Korveya,イエローゴッド,クイーンズネヴアーベンド,Northern Dancer,South Ocean,Secretariat,Crimson Saint,Blushing Groom,Glorious Song,Roberto,Imsodear,Northern Dancer,South Ocean,Seattle Slew,Rare Bouquet,Vaguely Noble,Too Bald,Stage Door Johnny,リットルブレツシング,Hail to Reason,Cosmah,Understanding,Mountain Flower,Northern Dancer,Flaming Page,Key to the Mint,Native Partner,Mr. Prospector,プレイメイト,Riverman,Konafa,Red God,Sally Deans,Never Bend,Queen Gallant
202606010704,3,障害,2880,良,未勝利,スクリーンヒーロー,トウカイクルーク,グラスワンダー,ランニングヒロイン,エンパイアメーカー,トウカイティアラ,Silver Hawk,Ameriflora,サンデーサイレンス,ダイナアクトレス,Unbridled,Toussaud,サンデーサイレンス,トウカイナチュラル,Roberto,Gris Vitesse,Danzig,Graceful Touch,Halo,Wishing Well,ノーザンテースト,モデルスポート,Fappiano,Gana Facil,El Gran Senor,Image of Reality,Halo,Wishing Well,ナイスダンサー,トウカイミドリ,Hail to Reason,Bramalea,Amerigo,Matchiche,Northern Dancer,Pas de Nom,His Majesty,Pi Phi Gal,Hail to Reason,Cosmah,Understanding,Mountain Flower,Northern Dancer,Lady Victoria,モデルフール,マジックゴデイス,Mr. Prospector,Killaloe,Le Fabuleux,Charedi,Northern Dancer,Sex Appeal,In Reality,Edee's Image,Hail to Reason,Cosmah,Understanding,Mountain Flower,Northern Dancer,Nice Princess,ファバージ,トウカイクイン
202606010704,4,障害,2880,良,未勝利,Study of Man,ヴァニティールールズ,ディープインパクト,セカンドハピネス,New Approach,Miss Pinkerton,サンデーサイレンス,ウインドインハーヘア,Storm Cat,Miesque,Galileo,Park Express,デインヒル,Rebecca Sharp,Halo,Wishing Well,Alzao,Burghclere,Storm Bird,Terlingua,Nureyev,Pasadoble,Sadler's Wells,Urban Sea,Ahonoora,Matcher,Danzig,Razyana,Machiavellian,Nuryana,Hail to Reason,Cosmah,Understanding,Mountain Flower,Lyphard,Lady Rebecca,Busted,Highclere,Northern Dancer,South Ocean,Secretariat,Crimson Saint,Northern Dancer,Special,Prove Out,Santa Quilla,Northern Dancer,Fairy Bridge,Miswaki,Allegretta,Lorenzaccio,Helen Nichols,Match,Lachine,Northern Dancer,Pas de Nom,His Majesty,Spring Adieu,Mr. Prospector,Coup de Folie,Nureyev,Loralane
202606010704,5,障害,2880,良,未勝利,ディープブリランテ,ビジュートウショウ,ディープインパクト,ラヴアンドバブルズ,ディープスカイ,スイープトウショウ,サンデーサイレンス,ウインドインハーヘア,Loup Sauvage,バブルドリーム,アグネスタキオン,アビ,エンドスウィープ,タバサトウショウ,Halo,Wishing Well,Alzao,Burghclere,Riverman,Louveterie,Akarad,バブルプロスペクター,サンデーサイレンス,アグネスフローラ,Chief's Crown,Carmelized,フォーティナイナー,Broom Dance,ダンシングブレーヴ,サマンサトウショウ,Hail to Reason,Cosmah,Understanding,Mountain Flower,Lyphard,Lady Rebecca,Busted,Highclere,Never Bend,River Lady,Nureyev,Lupe,Labus,Licata,Miswaki,バブルカンパニー,Halo,Wishing Well,ロイヤルスキー,アグネスレディー,Danzig,Six Crowns,Key to the Mint,Carmelize,Mr. Prospector,File,Dance Spell,Witching Hour,Lyphard,Navajo Princess,トウショウボーイ,マーブルトウショウ
202606010704,6,障害,2880,良,未勝利,キタサンブラック,ランドオーバーシー,ブラックタイド,シュガーハート,Bellamy Road,Belle Watling,サンデーサイレンス,ウインドインハーヘア,サクラバクシンオー,オトメゴコロ,Concerto,Hurry Home Hillary,Pulpit,Polly Adler,Halo,Wishing Well,Alzao,Burghclere,サクラユタカオー,サクラハゴロモ,ジャッジアンジェルーチ,テイズリー,Chief's Crown,Undeniably,Deputed Testamony,Ten Cents a Turn,A.P. Indy,Preach,ハウスバスター,Honest and True,Hail to Reason,Cosmah,Understanding,Mountain Flower,Lyphard,Lady Rebecca,Busted,Highclere,テスコボーイ,アンジェリカ,ノーザンテースト,クリアアンバー,Honest Pleasure,Victorian Queen,Lyphard,Tizna,Danzig,Six Crowns,In Reality,Past Forgetting,Traffic Cop,Proof Requested,Cozzene,Rub al Khali,Seattle Slew,Weekend Surprise,Mr. Prospector,Narrate,Mt. Livermore,Big Dreams,Mr. Leader,Tell Meno Lies
202606010704,7,障害,2880,良,未勝利,マジェスティックウォリアー,ブラウンテヌート,A.P. Indy,Dream Supreme,シンボリクリスエス,ベイルリ,Seattle Slew,Weekend Surprise,Seeking the Gold,Spinning Round,Kris S.,Tee Kay,スペシャルウィーク,アミティエ,Bold Reasoning,My Charmer,Secretariat,Lassie Dear,Mr. Prospector,Con Game,Dixieland Band,Take Heart,Roberto,Sharp Queen,Gold Meridian,Tri Argo,サンデーサイレンス,キャンペンガール,Sadler's Wells,Charming Life,Boldnesian,Reason to Earn,Poker,Fair Charmer,Bold Ruler,Somethingroyal,Buckpasser,Gay Missile,Raise a Native,Gold Digger,Buckpasser,Broadway,Northern Dancer,Mississippi Mud,Secretariat,Deck Stewardess,Hail to Reason,Bramalea,Princequillo,Bridgework,Seattle Slew,Queen Louie,Tri Jet,Hail Proudly,Halo,Wishing Well,マルゼンスキー,レディーシラオキ,Northern Dancer,Fairy Bridge,Habitat,Fighting
202606010704,8,障害,2880,良,未勝利,バゴ,ナスノカツラ,Nashwan,Moonlight's Box,ヴィクトワールピサ,ナスノフィオナ,Blushing Groom,Height of Fashion,Nureyev,Coup de Genie,ネオユニヴァース,ホワイトウォーターアフェア,ホワイトマズル,ナスノフローラ,Red God,Runaway Bride,Bustino,Highclere,Northern Dancer,Special,Mr. Prospector,Coup de Folie,サンデーサイレンス,ポインテッドパス,Machiavellian,Much Too Risky,ダンシングブレーヴ,Fair of the Furze,タイトスポット,ナスノアロマ,Nasrullah,Spring Run,Wild Risk,Aimee,Busted,Ship Yard,Queen's Hussar,Highlight,Nearctic,Natalma,Forli,Thong,Raise a Native,Gold Digger,Halo,Raise the Standard,Halo,Wishing Well,Kris,Silken Way,Mr. Prospector,Coup de Folie,Bustino,Short Rations,Lyphard,Navajo Princess,Ela-Mana-Mou,Autocratic,His Majesty,Premium Win,ラディガ,ナスノカオリ
202606010704,9,障害,2880,良,未勝利,ゴールドシップ,アルデグロリア,ステイゴールド,ポイントフラッグ,アルデバラン,イースタンロマン,サンデーサイレンス,ゴールデンサッシュ,メジロマックイーン,パストラリズム,Mr. Prospector,Chimes of Freedom,ブライアンズタイム,スズノグロリア,Halo,Wishing Well,ディクタス,ダイナサッシュ,メジロティターン,メジロオーロラ,プルラリズム,トクノエイティー,Raise a Native,Gold Digger,Private Account,Aviance,Roberto,Kelley's Day,マルゼンスキー,キリハヤテ,Hail to Reason,Cosmah,Understanding,Mountain Flower,Sanctus,Doronic,ノーザンテースト,ロイヤルサッシュ,メジロアサマ,シエリル,リマンド,メジロアイリス,The Minstrel,Cambretta,トライバルチーフ,アイアンルビー,Native Dancer,Raise You,Nashua,Sequence,Damascus,Numbered Account,Northfields,Minnie Hauk,Hail to Reason,Bramalea,Graustark,Golden Trail,Nijinsky,シル,テスコボーイ,ミスカツツエリ
202606010704,10,障害,2880,良,未勝利,タワーオブロンドン,クリアソウル,Raven's Pass,スノーパイン,アグネスデジタル,キャトルセゾン,Elusive Quality,Ascutney,Dalakhani,シンコウエルメス,Crafty Prospector,Chancey Squaw,サンデーサイレンス,エミネントガール,Gone West,Touch of Greatness,Lord at War,Right Word,Darshaan,Daltawa,Sadler's Wells,Doff the Derby,Mr. Prospector,Real Crafty Lady,Chief's Crown,Allicance,Halo,Wishing Well,Nashwan,タレンティドガール,Mr. Prospector,Secrettame,Hero's Honor,Ivory Wand,General,Luna de Miel,Verbatim,Oratorio,Shirley Heights,Delsy,Miswaki,Damana,Northern Dancer,Fairy Bridge,Master Derby,Margarethen,Raise a Native,Gold Digger,In Reality,Princess Roycraft,Danzig,Six Crowns,Alleged,Runaway Bride,Hail to Reason,Cosmah,Understanding,Mountain Flower,Blushing Groom,Height of Fashion,リマンド,チヨダマサコ
202606010704,11,障害,2880,良,未勝利,トーセンラー,ナイキアムール,ディープインパクト,プリンセスオリビア,マヤノトップガン,スリーフェアリー,サンデーサイレンス,ウインドインハーヘア,Lycius,Dance Image,ブライアンズタイム,アルプミープリーズ,リアルシャダイ,スリードーター,Halo,Wishing Well,Alzao,Burghclere,Mr. Prospector,Lypatia,Sadler's Wells,Diamond Spring,Roberto,Kelley's Day,Blushing Groom,Swiss,Roberto,Desert Vixen,サンプリンス,チヨダマサコ,Hail to Reason,Cosmah,Understanding,Mountain Flower,Lyphard,Lady Rebecca,Busted,Highclere,Raise a Native,Gold Digger,Lyphard,Hypatia,Northern Dancer,Fairy Bridge,Vaguely Noble,Dumfries,Hail to Reason,Bramalea,Graustark,Golden Trail,Red God,Runaway Bride,Vaguely Noble,Gala Host,Hail to Reason,Bramalea,In Reality,Desert Trial,Princely Gift,Costa Sola,ラバージョン,ミスオーハヤブサ
202606010704,12,障害,2880,良,未勝利,ケープブランコ,アニムス,Galileo,Laurel Delight,ゴールドアリュール,ヒシアニマ,Sadler's Wells,Urban Sea,Presidium,Foudroyer,サンデーサイレンス,ニキーヤ,Sinndar,アニマ,Northern Dancer,Fairy Bridge,Miswaki,Allegretta,General Assembly,Doubly Sure,アーテイアス,Foudre,Halo,Wishing Well,Nureyev,Reluctant Guest,Grand Lodge,Sinntara,Ajdal,Cocotte,Nearctic,Natalma,Bold Reason,Special,Mr. Prospector,Hopespringseternal,Lombard,Anatevka,Secretariat,Exclusive Dancer,Reliance,Soft Angels,Round Table,Stylish Pattern,Petingo,Lighted Lamp,Hail to Reason,Cosmah,Understanding,Mountain Flower,Northern Dancer,Special,Hostage,Vaguely Royal,Chief's Crown,La Papagena,Lashkari,Sidama,Northern Dancer,Native Partner,Troy,Gay Milly
202606010704,13,障害,2880,良,未勝利,ワールドエース,ティンタジェル,ディープインパクト,マンデラ,キングカメハメハ,メジロシェダー,サンデーサイレンス,ウインドインハーヘア,Acatenango,Mandellicht,Kingmambo,マンファス,アグネスタキオン,ニーニャデガルチ,Halo,Wishing Well,Alzao,Burghclere,Surumu,Aggravate,Be My Guest,Mandelauge,Mr. Prospector,Miesque,ラストタイクーン,Pilot Bird,サンデーサイレンス,アグネスフローラ,Gulch,Diva's Debut,Hail to Reason,Cosmah,Understanding,Mountain Flower,Lyphard,Lady Rebecca,Busted,Highclere,Literat,Surama,Aggressor,Raven Locks,Northern Dancer,What a Treat,Elektrant,Mandriale,Raise a Native,Gold Digger,Nureyev,Pasadoble,トライマイベスト,Mill Princess,Blakeney,The Dancer,Halo,Wishing Well,ロイヤルスキー,アグネスレディー,Mr. Prospector,Jameela,Deputy Minister,Prima Maria
202606010704,14,障害,2880,良,未勝利,シュヴァルグラン,タマユラ,ハーツクライ,ハルーワスウィート,Tamayuz,Laureldean Express,サンデーサイレンス,アイリッシュダンス,Machiavellian,ハルーワソング,Nayef,Al Ishq,Inchinor,Triple Sharp,Halo,Wishing Well,トニービン,ビューパーダンス,Mr. Prospector,Coup de Folie,Nureyev,Morn of Song,Gulch,Height of Fashion,Nureyev,Allez Les Trois,Ahonoora,Inchmurrin,Selkirk,Drei,Hail to Reason,Cosmah,Understanding,Mountain Flower,カンパラ,Severn Bridge,Lyphard,My Bupers,Raise a Native,Gold Digger,Halo,Raise the Standard,Northern Dancer,Special,Blushing Groom,Glorious Song,Mr. Prospector,Jameela,Bustino,Highclere,Northern Dancer,Special,Riverman,Allegretta,Lorenzaccio,Helen Nichols,Lomond,On Show,Sharpen Up,Annie Edge,Lyphard,Triple Tipple
202606010705,1,芝,1600,良,新馬,シルバーステート,トロシュナ,ディープインパクト,シルヴァースカヤ,スクリーンヒーロー,スーヴェニアギフト,サンデーサイレンス,ウインドインハーヘア,Silver Hawk,Boubskaia,グラスワンダー,ランニングヒロイン,Souvenir Copy,Alleged Gift,Halo,Wishing Well,Alzao,Burghclere,Roberto,Gris Vitesse,Niniski,Frenetique,Silver Hawk,Ameriflora,サンデーサイレンス,ダイナアクトレス,Mr. Prospector,Dancing Tribute,Alleged,エクセレントギフト,Hail to Reason,Cosmah,Understanding,Mountain Flower,Lyphard,Lady Rebecca,Busted,Highclere,Hail to Reason,Bramalea,Amerigo,Matchiche,Nijinsky,Virginia Hills,Tyrant,Femina,Roberto,Gris Vitesse,Danzig,Graceful Touch,Halo,Wishing Well,ノーザンテースト,モデルスポート,Raise a Native,Gold Digger,Nureyev,Sophisticated Girl,Hoist the Flag,Princess Pout,Seattle Slew,Rose Red
202606010705,2,芝,1600,良,新馬,ウインブライト,コスモアクセス,ステイゴールド,サマーエタニティ,ロージズインメイ,コスモスカイライン,サンデーサイレンス,ゴールデンサッシュ,アドマイヤコジーン,オールフォーゲラン,Devil His Due,Tell a Secret,グラスワンダー,レーシングスパイス,Halo,Wishing Well,ディクタス,ダイナサッシュ,Cozzene,アドマイヤマカディ,ジェイドロバリー,ミスゲラン,Devil's Bag,Plenty O'Toole,Speak John,Secret Retreat,Silver Hawk,Ameriflora,グルームダンサー,トリプルエンコア,Hail to Reason,Cosmah,Understanding,Mountain Flower,Sanctus,Doronic,ノーザンテースト,ロイヤルサッシュ,Caro,Ride the Trails,ノーザンテースト,ミセスマカディー,Mr. Prospector,Number,マルゼンスキー,ゲラン,Halo,Ballade,Raise a Cup,Li'l Puss,Prince John,Nuit de Folies,Clandestine,Retirement,Roberto,Gris Vitesse,Danzig,Graceful Touch,Blushing Groom,Featherhill,Stop the Music,Tash
202606010705,3,芝,1600,良,新馬,サートゥルナーリア,ダノングレース,ロードカナロア,シーザリオ,ディープインパクト,チェリーコレクト,キングカメハメハ,レディブラッサム,スペシャルウィーク,キロフプリミエール,サンデーサイレンス,ウインドインハーヘア,Oratorio,Holy Moon,Kingmambo,マンファス,Storm Cat,サラトガデュー,サンデーサイレンス,キャンペンガール,Sadler's Wells,Querida,Halo,Wishing Well,Alzao,Burghclere,デインヒル,Mahrah,エルナンド,Centinela,Mr. Prospector,Miesque,ラストタイクーン,Pilot Bird,Storm Bird,Terlingua,Cormorant,Super Luna,Halo,Wishing Well,マルゼンスキー,レディーシラオキ,Northern Dancer,Fairy Bridge,Habitat,Principia,Hail to Reason,Cosmah,Understanding,Mountain Flower,Lyphard,Lady Rebecca,Busted,Highclere,Danzig,Razyana,Vaguely Noble,Montage,Niniski,Whakilyric,Caerleon,New Generation
202606010705,4,芝,1600,良,新馬,ポエティックフレア,リバースシンキング,Dawn Approach,Maria Lee,ディープブリランテ,スタンドオンエンド,New Approach,Hymn of the Dawn,ロックオブジブラルタル,Elida,ディープインパクト,ラヴアンドバブルズ,エンドスウィープ,Delaware Country,Galileo,Park Express,Phone Trick,Colonial Debut,デインヒル,Offshore Boom,ロイヤルアカデミー,Saviour,サンデーサイレンス,ウインドインハーヘア,Loup Sauvage,バブルドリーム,フォーティナイナー,Broom Dance,Pancho Villa,Missile Belle,Sadler's Wells,Urban Sea,Ahonoora,Matcher,Clever Trick,Over the Phone,Pleasant Colony,Kittihawk Miss,Danzig,Razyana,Be My Guest,Push a Button,Nijinsky,Crimson Saint,Majestic Light,Victorian Queen,Halo,Wishing Well,Alzao,Burghclere,Riverman,Louveterie,Akarad,バブルプロスペクター,Mr. Prospector,File,Dance Spell,Witching Hour,Secretariat,Crimson Saint,Missile,River Princess
202606010705,5,芝,1600,良,新馬,ジャスタウェイ,シャイニングスカイ,ハーツクライ,シビル,ディープインパクト,シャイニングエナジー,サンデーサイレンス,アイリッシュダンス,Wild Again,シャロン,サンデーサイレンス,ウインドインハーヘア,Rahy,Miss Universal,Halo,Wishing Well,トニービン,ビューパーダンス,Icecapade,Bushel-n-Peck,Mo Exception,Double Wiggle,Halo,Wishing Well,Alzao,Burghclere,Blushing Groom,Glorious Song,Lycius,Madame Nureyev,Hail to Reason,Cosmah,Understanding,Mountain Flower,カンパラ,Severn Bridge,Lyphard,My Bupers,Nearctic,Shenanigans,Khaled,Dama,Hard Work,With Exception,Sir Wiggle,Blue Double,Hail to Reason,Cosmah,Understanding,Mountain Flower,Lyphard,Lady Rebecca,Busted,Highclere,Red God,Runaway Bride,Halo,Ballade,Mr. Prospector,Lypatia,Nureyev,Miss Derby
202606010705,6,芝,1600,良,新馬,マインドユアビスケッツ,オヒア,Posse,Jazzmane,ブラックタイド,ギガンティア,Silver Deputy,Raska,Toccet,Alljazz,サンデーサイレンス,ウインドインハーヘア,Fusaichi Pegasus,ベストブート,Deputy Minister,Silver Valley,Rahy,Borishka,Awesome Again,Cozzene's Angel,Stop the Music,Bounteous,Halo,Wishing Well,Alzao,Burghclere,Mr. Prospector,Angel Fever,Storm Boot,Bright Tiara,Vice Regent,Mint Copy,Mr. Prospector,Seven Valleys,Blushing Groom,Glorious Song,Roberto,Queen Maud,Deputy Minister,Primal Force,Cozzene,Charming Pan,Hail to Reason,Bebopper,Master Derby,Mlle. Quille,Hail to Reason,Cosmah,Understanding,Mountain Flower,Lyphard,Lady Rebecca,Busted,Highclere,Raise a Native,Gold Digger,Danzig,Rowdy Angel,Storm Cat,Aliata,Chief's Crown,Expressive Dance
202606010705,7,芝,1600,良,新馬,ディーマジェスティ,イタリアンフェッテ,ディープインパクト,エルメスティアラ,ヨハネスブルグ,インカルネ,サンデーサイレンス,ウインドインハーヘア,ブライアンズタイム,シンコウエルメス,ヘネシー,Myth,フレンチデピュティ,フラワーガーデン,Halo,Wishing Well,Alzao,Burghclere,Roberto,Kelley's Day,Sadler's Wells,Doff the Derby,Storm Cat,Island Kitty,オジジアン,Yarn,Deputy Minister,Mitterand,テリオス,ノーザンフラワー,Hail to Reason,Cosmah,Understanding,Mountain Flower,Lyphard,Lady Rebecca,Busted,Highclere,Hail to Reason,Bramalea,Graustark,Golden Trail,Northern Dancer,Fairy Bridge,Master Derby,Margarethen,Storm Bird,Terlingua,Hawaii,T. C. Kitten,Damascus,Gonfalon,Mr. Prospector,Narrate,Vice Regent,Mint Copy,Hold Your Peace,Laredo Lass,Mill Reef,Stilvi,ノーザンテースト,ファイアフラワー
202606010705,8,芝,1600,良,新馬,ファインニードル,ラペーシュ,アドマイヤムーン,ニードルクラフト,バゴ,イイデエース,エンドスウィープ,マイケイティーズ,Mark of Esteem,Sharp Point,Nashwan,Moonlight's Box,スペシャルウィーク,ウージャ,フォーティナイナー,Broom Dance,サンデーサイレンス,ケイティーズファースト,Darshaan,Homage,ロイヤルアカデミー,Nice Point,Blushing Groom,Height of Fashion,Nureyev,Coup de Genie,サンデーサイレンス,キャンペンガール,Woodman,Cinegita,Mr. Prospector,File,Dance Spell,Witching Hour,Halo,Wishing Well,Kris,Katies,Shirley Heights,Delsy,Ajdal,Home Love,Nijinsky,Crimson Saint,Sharpen Up,Alpine Niece,Red God,Runaway Bride,Bustino,Highclere,Northern Dancer,Special,Mr. Prospector,Coup de Folie,Halo,Wishing Well,マルゼンスキー,レディーシラオキ,Mr. Prospector,プレイメイト,Secretariat,Wanika
202606010705,9,芝,1600,良,新馬,サートゥルナーリア,グランデセーヌ,ロードカナロア,シーザリオ,ゼンノロブロイ,リッチダンサー,キングカメハメハ,レディブラッサム,スペシャルウィーク,キロフプリミエール,サンデーサイレンス,ローミンレイチェル,Halling,Fairy Flight,Kingmambo,マンファス,Storm Cat,サラトガデュー,サンデーサイレンス,キャンペンガール,Sadler's Wells,Querida,Halo,Wishing Well,マイニング,One Smart Lady,Diesis,Dance Machine,Fairy King,Rising Tide,Mr. Prospector,Miesque,ラストタイクーン,Pilot Bird,Storm Bird,Terlingua,Cormorant,Super Luna,Halo,Wishing Well,マルゼンスキー,レディーシラオキ,Northern Dancer,Fairy Bridge,Habitat,Principia,Hail to Reason,Cosmah,Understanding,Mountain Flower,Mr. Prospector,I Pass,Clever Trick,Pia's Lady,Sharpen Up,Doubly Sure,Green Dancer,Never a Lady,Northern Dancer,Fairy Bridge,レッドアラート,Naiad Queen
202606010705,10,芝,1600,良,新馬,エピファネイア,ケーピーパーゴリシャス,シンボリクリスエス,シーザリオ,デクラレーションオブウォー,Inkling,Kris S.,Tee Kay,スペシャルウィーク,キロフプリミエール,War Front,Tempo West,Seeking the Gold,Number,Roberto,Sharp Queen,Gold Meridian,Tri Argo,サンデーサイレンス,キャンペンガール,Sadler's Wells,Querida,Danzig,Starry Dreamer,Rahy,Tempo,Mr. Prospector,Con Game,Nijinsky,Special,Hail to Reason,Bramalea,Princequillo,Bridgework,Seattle Slew,Queen Louie,Tri Jet,Hail Proudly,Halo,Wishing Well,マルゼンスキー,レディーシラオキ,Northern Dancer,Fairy Bridge,Habitat,Principia,Northern Dancer,Pas de Nom,Rubiano,Lara's Star,Blushing Groom,Glorious Song,Gone West,Terpsichorist,Raise a Native,Gold Digger,Buckpasser,Broadway,Northern Dancer,Flaming Page,Forli,Thong
202606010705,11,芝,1600,良,新馬,ブリックスアンドモルタル,チャリティーライン,Giant's Causeway,Beyond the Waves,Manduro,Holy Moon,Storm Cat,Mariah's Storm,Ocean Crest,Excedent,Monsun,Mandellicht,エルナンド,Centinela,Storm Bird,Terlingua,Rahy,イメンス,Storm Bird,S.S.Aroma,Exceller,Broadway Lullaby,Konigsstuhl,Mosella,Be My Guest,Mandelauge,Niniski,Whakilyric,Caerleon,New Generation,Northern Dancer,South Ocean,Secretariat,Crimson Saint,Blushing Groom,Glorious Song,Roberto,Imsodear,Northern Dancer,South Ocean,Seattle Slew,Rare Bouquet,Vaguely Noble,Too Bald,Stage Door Johnny,リットルブレツシング,Dschingis Khan,Konigskronung,Surumu,Monasia,Northern Dancer,What a Treat,Elektrant,Mandriale,Nijinsky,Virginia Hills,Miswaki,リリズム,Nijinsky,Foreseer,Young Generation,Madina
202606010705,12,芝,1600,良,新馬,モーリス,Jellicles,スクリーンヒーロー,メジロフランシス,Tale of the Cat,Songfest,グラスワンダー,ランニングヒロイン,カーネギー,メジロモントレー,Storm Cat,Yarn,Unbridled's Song,Bedimpled,Silver Hawk,Ameriflora,サンデーサイレンス,ダイナアクトレス,Sadler's Wells,Detroit,モガミ,メジロクインシー,Storm Bird,Terlingua,Mr. Prospector,Narrate,Unbridled,Trolley Song,ステートリードン,Beribboned,Roberto,Gris Vitesse,Danzig,Graceful Touch,Halo,Wishing Well,ノーザンテースト,モデルスポート,Northern Dancer,Fairy Bridge,Riverman,Derna,Lyphard,ノーラック,フィディオン,メジロボサツ,Northern Dancer,South Ocean,Secretariat,Crimson Saint,Raise a Native,Gold Digger,Honest Pleasure,State,Fappiano,Gana Facil,Caro,Lucky Spell,Nureyev,Dona Ysidra,Well Decorated,Battle Creek Girl
202606010705,13,芝,1600,良,新馬,Earthlight,アシーアビューティ,Shamardal,Winters Moon,Dabirsim,Anabasis,Giant's Causeway,Helsinki,New Approach,Summertime Legacy,ハットトリック,Rumored,High Chaparral,Allure,Storm Cat,Mariah's Storm,Machiavellian,Helen Street,Galileo,Park Express,Darshaan,Zawaahy,サンデーサイレンス,トリッキーコード,ロイヤルアカデミー,Bright Generation,Sadler's Wells,Kasora,Konigsstuhl,Adjani,Storm Bird,Terlingua,Rahy,イメンス,Mr. Prospector,Coup de Folie,Troy,Waterway,Sadler's Wells,Urban Sea,Ahonoora,Matcher,Shirley Heights,Delsy,El Gran Senor,Exotic Treat,Halo,Wishing Well,Lost Code,Dam Clever,Nijinsky,Crimson Saint,Rainbow Quest,New Generation,Northern Dancer,Fairy Bridge,Darshaan,Kozana,Dschingis Khan,Konigskronung,Surumu,Annaberta
202606010705,14,芝,1600,良,新馬,Ocean Park,Toffee Nose,Thorn Park,Sayyida,Toorak Toff,Majestic Girl,スピニングワールド,Joy,Zabeel,Eastern Princess,Show a Heart,Orong,Galileo,Joie,Nureyev,Imperfect Circle,Bluebird,Christmas Spirit,Sir Tristram,Lady Giselle,Pompeii Court,Benazir,Brave Warrior,Miss Sadman,Grand Lodge,Blixen,Sadler's Wells,Urban Sea,Geiger Counter,ジョワデニース,Northern Dancer,Special,Riverman,Aviance,Storm Bird,Ivory Dawn,Bletchingly,Joy And Fun,Sir Ivor,Isolt,Nureyev,Valderna,Tell,Port Damascus,Vice Regal,Hunza,Cossack Warrior,Nothing to Do,Regal Advice,Misty Morning,Chief's Crown,La Papagena,Mighty Avalanche,Swahili Princess,Northern Dancer,Fairy Bridge,Miswaki,Allegretta,Mr. Prospector,Thong,デインヒル,Denise's Joy
202606010705,15,芝,1600,良,新馬,キタサンブラック,ハニージェイド,ブラックタイド,シュガーハート,Harlan's Holiday,Hard Hat,サンデーサイレンス,ウインドインハーヘア,サクラバクシンオー,オトメゴコロ,Harlan,Christmas in Aiken,Hard Spun,Bright Feather,Halo,Wishing Well,Alzao,Burghclere,サクラユタカオー,サクラハゴロモ,ジャッジアンジェルーチ,テイズリー,Storm Cat,Country Romance,Affirmed,Dowager,Danzig,Turkish Tryst,Fappiano,インマイキャップ,Hail to Reason,Cosmah,Understanding,Mountain Flower,Lyphard,Lady Rebecca,Busted,Highclere,テスコボーイ,アンジェリカ,ノーザンテースト,クリアアンバー,Honest Pleasure,Victorian Queen,Lyphard,Tizna,Storm Bird,Terlingua,Halo,Sweet Romance,Exclusive Native,Won't Tell You,Honest Pleasure,Princessnesian,Northern Dancer,Pas de Nom,Turkoman,Darbyvail,Mr. Prospector,Killaloe,Vice Regent,Passing Look
202606010705,16,芝,1600,良,新馬,シルバーステート,ディレクタ,ディープインパクト,シルヴァースカヤ,Anodin,Misdirect,サンデーサイレンス,ウインドインハーヘア,Silver Hawk,Boubskaia,Anabaa,Born Gold,Darshaan,Miscast,Halo,Wishing Well,Alzao,Burghclere,Roberto,Gris Vitesse,Niniski,Frenetique,Danzig,Balbonella,Blushing Groom,Riviere D'or,Shirley Heights,Delsy,Kenmare,Mistreat,Hail to Reason,Cosmah,Understanding,Mountain Flower,Lyphard,Lady Rebecca,Busted,Highclere,Hail to Reason,Bramalea,Amerigo,Matchiche,Nijinsky,Virginia Hills,Tyrant,Femina,Northern Dancer,Pas de Nom,ゲイメセン,Bamieres,Red God,Runaway Bride,Lyphard,Gold River,Mill Reef,Hardiemma,Abdos,Kelty,Kalamoun,Belle of Ireland,ゲイメセン,Mirea
202606010706,1,ダート,1800,良,1勝クラス,ブリックスアンドモルタル,シルヴァーコード,Giant's Causeway,Beyond the Waves,スウェプトオーヴァーボード,クラックコード,Storm Cat,Mariah's Storm,Ocean Crest,Excedent,エンドスウィープ,Sheer Ice,ダンスインザダーク,マジックコード,Storm Bird,Terlingua,Rahy,イメンス,Storm Bird,S.S.Aroma,Exceller,Broadway Lullaby,フォーティナイナー,Broom Dance,Cutlass,Hey Dolly A.,サンデーサイレンス,ダンシングキイ,Lost Code,Beautiful Pet,Northern Dancer,South Ocean,Secretariat,Crimson Saint,Blushing Groom,Glorious Song,Roberto,Imsodear,Northern Dancer,South Ocean,Seattle Slew,Rare Bouquet,Vaguely Noble,Too Bald,Stage Door Johnny,リットルブレツシング,Mr. Prospector,File,Dance Spell,Witching Hour,Damascus,Aphonia,Ambehaving,Swift Deal,Halo,Wishing Well,Nijinsky,Key Partner,Codex,Loss Or Gain,Flying Paster,Album
202606010706,2,ダート,1800,良,1勝クラス,ハービンジャー,エトワールドパリ,Dansili,Penang Pearl,クロフネ,マドモアゼルドパリ,デインヒル,Hasili,Bering,Guapa,フレンチデピュティ,ブルーアヴェニュー,サンデーサイレンス,アドマイス,Danzig,Razyana,Kahyasi,Kerali,Arctic Tern,Beaune,Shareef Dancer,Sauceboat,Deputy Minister,Mitterand,Classic Go Go,Eliza Blue,Halo,Wishing Well,Highest Honor,Admiration,Northern Dancer,Pas de Nom,His Majesty,Spring Adieu,イルドブルボン,Kadissya,High Line,Sookera,Sea-Bird,Bubbling Beauty,Lyphard,Barbra,Northern Dancer,Sweet Alliance,Connaught,Cranberry Sauce,Vice Regent,Mint Copy,Hold Your Peace,Laredo Lass,Pago Pago,Classic Perfection,Icecapade,コレラ,Hail to Reason,Cosmah,Understanding,Mountain Flower,Kenmare,High River,Kashmir,Prue
202606010706,3,ダート,1800,良,1勝クラス,モーニン,トウカイネオ,ヘニーヒューズ,Giggly,ハービンジャー,トウカイパステル,ヘネシー,Meadow Flyer,Distorted Humor,Chaste,Dansili,Penang Pearl,サンデーサイレンス,トウカイミヤビ,Storm Cat,Island Kitty,Meadowlake,Shortley,フォーティナイナー,Danzig's Beauty,Cozzene,Purity,デインヒル,Hasili,Bering,Guapa,Halo,Wishing Well,マルゼンスキー,タイヨウスズラン,Storm Bird,Terlingua,Hawaii,T. C. Kitten,Hold Your Peace,Suspicious Native,Hagley,Short Winded,Mr. Prospector,File,Danzig,Sweetest Chant,Caro,Ride the Trails,Fappiano,Dame Mysterieuse,Danzig,Razyana,Kahyasi,Kerali,Arctic Tern,Beaune,Shareef Dancer,Sauceboat,Hail to Reason,Cosmah,Understanding,Mountain Flower,Nijinsky,シル,ファラモンド,シンスズラン
202606010706,4,ダート,1800,良,1勝クラス,エポカドーロ,カルカリーナ,オルフェーヴル,ダイワパッション,オウケンブルースリ,ジェネスタキオン,ステイゴールド,オリエンタルアート,フォーティナイナー,サンルージュ,ジャングルポケット,シルバージョイ,アグネスタキオン,コミラス,サンデーサイレンス,ゴールデンサッシュ,メジロマックイーン,エレクトロアート,Mr. Prospector,File,シェイディハイツ,チカノヴァ,トニービン,ダンスチャーマー,Silver Deputy,Joy of Myrtlewood,サンデーサイレンス,アグネスフローラ,Kaldoun,Rive Du Sud,Halo,Wishing Well,ディクタス,ダイナサッシュ,メジロティターン,メジロオーロラ,ノーザンテースト,グランマスティーヴンス,Raise a Native,Gold Digger,Tom Rolfe,Continue,Shirley Heights,Vaguely,Northern Dancer,Cairn Rouge,カンパラ,Severn Bridge,Nureyev,Skillful Joy,Deputy Minister,Silver Valley,Northern Jove,Myrtlewood Lass,Halo,Wishing Well,ロイヤルスキー,アグネスレディー,Caro,Katana,Nureyev,Riviere Doree
202606010706,5,ダート,1800,良,1勝クラス,ディーマジェスティ,ディアレストトリックスキ,ディープインパクト,エルメスティアラ,Proudest Romeo,Trickski,サンデーサイレンス,ウインドインハーヘア,ブライアンズタイム,シンコウエルメス,Proud Truth,Dearest Indu,Peteski,Explosive Trick,Halo,Wishing Well,Alzao,Burghclere,Roberto,Kelley's Day,Sadler's Wells,Doff the Derby,Graustark,Wake Robin,Full Pocket,Capulet,Affirmed,ビベ,Phone Trick,Miss Rock Island,Hail to Reason,Cosmah,Understanding,Mountain Flower,Lyphard,Lady Rebecca,Busted,Highclere,Hail to Reason,Bramalea,Graustark,Golden Trail,Northern Dancer,Fairy Bridge,Master Derby,Margarethen,Ribot,Flower Bowl,Summer Tan,War Ribbon,Olden Times,Dearest Mommy,Gallant Romeo,Indaba,Exclusive Native,Won't Tell You,Nureyev,ビバレジナ,Clever Trick,Over the Phone,Explodent,Look Out Liz
202606010706,6,ダート,1800,良,1勝クラス,キズナ,アンジェリック,ディープインパクト,キャットクイル,シンボリクリスエス,タガノアイリス,サンデーサイレンス,ウインドインハーヘア,Storm Cat,Pacific Princess,Kris S.,Tee Kay,トニービン,マルカアイリス,Halo,Wishing Well,Alzao,Burghclere,Storm Bird,Terlingua,Damascus,Fiji,Roberto,Sharp Queen,Gold Meridian,Tri Argo,カンパラ,Severn Bridge,ブレイヴェストローマン,イカホゲレン,Hail to Reason,Cosmah,Understanding,Mountain Flower,Lyphard,Lady Rebecca,Busted,Highclere,Northern Dancer,South Ocean,Secretariat,Crimson Saint,Sword Dancer,Kerala,Acropolis,Rififi,Hail to Reason,Bramalea,Princequillo,Bridgework,Seattle Slew,Queen Louie,Tri Jet,Hail Proudly,Kalamoun,State Pension,Hornbeam,Priddy Fair,Never Bend,Roman Song,ハイハット,バンバレラ
202606010706,7,ダート,1800,良,1勝クラス,ヴァンセンヌ,シーデイライト,ディープインパクト,フラワーパーク,ヘニーヒューズ,グリーンヒルマック,サンデーサイレンス,ウインドインハーヘア,ニホンピロウイナー,ノーザンフラワー,ヘネシー,Meadow Flyer,ダンシングブレーヴ,マックスフリート,Halo,Wishing Well,Alzao,Burghclere,スティールハート,ニホンピロエバート,ノーザンテースト,ファイアフラワー,Storm Cat,Island Kitty,Meadowlake,Shortley,Lyphard,Navajo Princess,ダンサーズイメージ,ヒカリホマレ,Hail to Reason,Cosmah,Understanding,Mountain Flower,Lyphard,Lady Rebecca,Busted,Highclere,Habitat,A.,チャイナロック,ライトフレーム,Northern Dancer,Lady Victoria,Dike,Pascha,Storm Bird,Terlingua,Hawaii,T. C. Kitten,Hold Your Peace,Suspicious Native,Hagley,Short Winded,Northern Dancer,Goofed,Drone,Olmec,Native Dancer,Noors Image,テスコボーイ,ヒカルオーバー
202606010706,8,ダート,1800,良,1勝クラス,キタサンブラック,リントス,ブラックタイド,シュガーハート,ウォーエンブレム,コニャックレディ,サンデーサイレンス,ウインドインハーヘア,サクラバクシンオー,オトメゴコロ,Our Emblem,Sweetest Lady,Olympio,Carmanetta,Halo,Wishing Well,Alzao,Burghclere,サクラユタカオー,サクラハゴロモ,ジャッジアンジェルーチ,テイズリー,Mr. Prospector,Personal Ensign,Lord at War,Sweetest Roman,Naskra,Carols Christmas,Roberto,True Native,Hail to Reason,Cosmah,Understanding,Mountain Flower,Lyphard,Lady Rebecca,Busted,Highclere,テスコボーイ,アンジェリカ,ノーザンテースト,クリアアンバー,Honest Pleasure,Victorian Queen,Lyphard,Tizna,Raise a Native,Gold Digger,Private Account,Grecian Banner,General,Luna de Miel,The Pruner,I Also,Nasram,Iskra,Whitesburg,Light Verse,Hail to Reason,Bramalea,Raise a Native,Fleeting Doll
202606010706,9,ダート,1800,良,1勝クラス,アポロキングダム,ナムラミステリー,Lemon Drop Kid,Bella Gatto,ジェニュイン,タイキミステリー,Kingmambo,Charming Lassie,Storm Cat,Winter Sparkle,サンデーサイレンス,クルーピアレディー,Green Forest,Certain Secret,Mr. Prospector,Miesque,Seattle Slew,Lassie Dear,Storm Bird,Terlingua,Northjet,Turn to Talent,Halo,Wishing Well,What Luck,Question d'Argent,Shecky Greene,Tell Meno Lies,Known Fact,フリーズザシークレット,Raise a Native,Gold Digger,Nureyev,Pasadoble,Bold Reasoning,My Charmer,Buckpasser,Gay Missile,Northern Dancer,South Ocean,Secretariat,Crimson Saint,Northfields,Jellatina,Turn-to,Hidden Talent,Hail to Reason,Cosmah,Understanding,Mountain Flower,Bold Ruler,Irish Jay,Tentam,Cold Reply,Noholme,Lester's Pride,The Axe,Filatonga,In Reality,Tamerett,Nearctic,Secret Practice
202606010706,10,ダート,1800,良,1勝クラス,マインドユアビスケッツ,オースミハナチャン,Posse,Jazzmane,ハーツクライ,オースミリンド,Silver Deputy,Raska,Toccet,Alljazz,サンデーサイレンス,アイリッシュダンス,Woodman,ダンシングアウンティー,Deputy Minister,Silver Valley,Rahy,Borishka,Awesome Again,Cozzene's Angel,Stop the Music,Bounteous,Halo,Wishing Well,トニービン,ビューパーダンス,Mr. Prospector,プレイメイト,Nureyev,Aunt Carol,Vice Regent,Mint Copy,Mr. Prospector,Seven Valleys,Blushing Groom,Glorious Song,Roberto,Queen Maud,Deputy Minister,Primal Force,Cozzene,Charming Pan,Hail to Reason,Bebopper,Master Derby,Mlle. Quille,Hail to Reason,Cosmah,Understanding,Mountain Flower,カンパラ,Severn Bridge,Lyphard,My Bupers,Raise a Native,Gold Digger,Buckpasser,Intriguing,Northern Dancer,Special,Big Spruce,Dinky Pinky
202606010706,11,ダート,1800,良,1勝クラス,サトノアラジン,ショウナンカガリビ,ディープインパクト,マジックストーム,フレンチデピュティ,ショウナンアクシア,サンデーサイレンス,ウインドインハーヘア,Storm Cat,Foppy Dancer,Deputy Minister,Mitterand,ヘクタープロテクター,ショウナンプリティ,Halo,Wishing Well,Alzao,Burghclere,Storm Bird,Terlingua,Fappiano,Water Dance,Vice Regent,Mint Copy,Hold Your Peace,Laredo Lass,Woodman,Korveya,ウォロー,メジロハリマ,Hail to Reason,Cosmah,Understanding,Mountain Flower,Lyphard,Lady Rebecca,Busted,Highclere,Northern Dancer,South Ocean,Secretariat,Crimson Saint,Mr. Prospector,Killaloe,Nijinsky,Luiana,Northern Dancer,Victoria Regina,Bunty's Flight,Shakney,Speak John,Blue Moon,Bold Ruler,Fortunate Isle,Mr. Prospector,プレイメイト,Riverman,Konafa,Wolver Hollow,Wichuraiana,ネヴァービート,アサマユリ
202606010706,12,ダート,1800,良,1勝クラス,キタサンブラック,ノーバザー,ブラックタイド,シュガーハート,Scat Daddy,Hoh Buzzard,サンデーサイレンス,ウインドインハーヘア,サクラバクシンオー,オトメゴコロ,ヨハネスブルグ,Love Style,Alhaarth,Indian Express,Halo,Wishing Well,Alzao,Burghclere,サクラユタカオー,サクラハゴロモ,ジャッジアンジェルーチ,テイズリー,ヘネシー,Myth,Mr. Prospector,Likeable Style,Unfuwain,Irish Valley,Indian Ridge,Bazaar Promise,Hail to Reason,Cosmah,Understanding,Mountain Flower,Lyphard,Lady Rebecca,Busted,Highclere,テスコボーイ,アンジェリカ,ノーザンテースト,クリアアンバー,Honest Pleasure,Victorian Queen,Lyphard,Tizna,Storm Cat,Island Kitty,オジジアン,Yarn,Raise a Native,Gold Digger,Nijinsky,Personable Lady,Northern Dancer,Height of Fashion,Irish River,Green Valley,Ahonoora,Hillbrow,Native Bazaar,Woodland Promise
202606010706,13,ダート,1800,良,1勝クラス,ヴィクトワールピサ,イージーウィン,ネオユニヴァース,ホワイトウォーターアフェア,Invincible Spirit,Malyana,サンデーサイレンス,ポインテッドパス,Machiavellian,Much Too Risky,Green Desert,Rafha,Mtoto,Pass the Peace,Halo,Wishing Well,Kris,Silken Way,Mr. Prospector,Coup de Folie,Bustino,Short Rations,Danzig,Foreign Courier,Kris,Eljazzi,Busted,Amazer,Alzao,Lover's Rose,Hail to Reason,Cosmah,Understanding,Mountain Flower,Sharpen Up,Doubly Sure,Shantung,Boulevard,Raise a Native,Gold Digger,Halo,Raise the Standard,Busted,Ship Yard,Lorenzaccio,Short Commons,Northern Dancer,Pas de Nom,Sir Ivor,Courtly Dee,Sharpen Up,Doubly Sure,アーテイアス,Border Bounty,Crepello,Sans le Sou,ミンシオ,Alzara,Lyphard,Lady Rebecca,King Emperor,Nonnie
202606010706,14,ダート,1800,良,1勝クラス,フリオーソ,タイキラナキラ,ブライアンズタイム,ファーザ,フジキセキ,リンクスオブタイム,Roberto,Kelley's Day,Mr. Prospector,Baya,サンデーサイレンス,ミルレーサー,ジェイドロバリー,リンクスオブゴールド,Hail to Reason,Bramalea,Graustark,Golden Trail,Raise a Native,Gold Digger,Nureyev,Barger,Halo,Wishing Well,Le Fabuleux,Marston's Mill,Mr. Prospector,Number,Linkage,State Treasure,Turn-to,Nothirdchance,Nashua,Rarelea,Ribot,Flower Bowl,Hasty Road,Sunny Vale,Native Dancer,Raise You,Nashua,Sequence,Northern Dancer,Special,Riverman,Trillion,Hail to Reason,Cosmah,Understanding,Mountain Flower,Wild Risk,Anguar,In Reality,Millicent,Raise a Native,Gold Digger,Nijinsky,Special,Hoist the Flag,Unity Hall,Secretariat,Diomedia
202606010707,1,芝,2200,良,2勝クラス,キタサンブラック,レーヴドゥラメール,ブラックタイド,シュガーハート,ロードカナロア,レーヴディソール,サンデーサイレンス,ウインドインハーヘア,サクラバクシンオー,オトメゴコロ,キングカメハメハ,レディブラッサム,アグネスタキオン,レーヴドスカー,Halo,Wishing Well,Alzao,Burghclere,サクラユタカオー,サクラハゴロモ,ジャッジアンジェルーチ,テイズリー,Kingmambo,マンファス,Storm Cat,サラトガデュー,サンデーサイレンス,アグネスフローラ,Highest Honor,Numidie,Hail to Reason,Cosmah,Understanding,Mountain Flower,Lyphard,Lady Rebecca,Busted,Highclere,テスコボーイ,アンジェリカ,ノーザンテースト,クリアアンバー,Honest Pleasure,Victorian Queen,Lyphard,Tizna,Mr. Prospector,Miesque,ラストタイクーン,Pilot Bird,Storm Bird,Terlingua,Cormorant,Super Luna,Halo,Wishing Well,ロイヤルスキー,アグネスレディー,Kenmare,High River,バイアモン,Yamuna
202606010707,2,芝,2200,良,2勝クラス,スクリーンヒーロー,ピュアコンチェルト,グラスワンダー,ランニングヒロイン,キンシャサノキセキ,ミスコンチェルト,Silver Hawk,Ameriflora,サンデーサイレンス,ダイナアクトレス,フジキセキ,ケルトシャーン,Concerto,Miss Gaybeddard,Roberto,Gris Vitesse,Danzig,Graceful Touch,Halo,Wishing Well,ノーザンテースト,モデルスポート,サンデーサイレンス,ミルレーサー,Pleasant Colony,Featherhill,Chief's Crown,Undeniably,Lord Gaylord,Lady Beddard,Hail to Reason,Bramalea,Amerigo,Matchiche,Northern Dancer,Pas de Nom,His Majesty,Pi Phi Gal,Hail to Reason,Cosmah,Understanding,Mountain Flower,Northern Dancer,Lady Victoria,モデルフール,マジックゴデイス,Halo,Wishing Well,Le Fabuleux,Marston's Mill,His Majesty,Sun Colony,Lyphard,Lady Berry,Danzig,Six Crowns,In Reality,Past Forgetting,Sir Gaylord,Miss Glamour Gal,Beddard,Lady King
202606010707,3,芝,2200,良,2勝クラス,キズナ,ヴァリディオル,ディープインパクト,キャットクイル,Dynaformer,ヴァレラ,サンデーサイレンス,ウインドインハーヘア,Storm Cat,Pacific Princess,Roberto,Andover Way,Monsun,Val d'Etoile,Halo,Wishing Well,Alzao,Burghclere,Storm Bird,Terlingua,Damascus,Fiji,Hail to Reason,Bramalea,His Majesty,On the Trail,Konigsstuhl,Mosella,Big Shuffle,Vilette,Hail to Reason,Cosmah,Understanding,Mountain Flower,Lyphard,Lady Rebecca,Busted,Highclere,Northern Dancer,South Ocean,Secretariat,Crimson Saint,Sword Dancer,Kerala,Acropolis,Rififi,Turn-to,Nothirdchance,Nashua,Rarelea,Ribot,Flower Bowl,Olympia,Golden Trail,Dschingis Khan,Konigskronung,Surumu,Monasia,Super Concorde,Raise Your Skirts,Luciano,Vitesse
202606010707,4,芝,2200,良,2勝クラス,リアルスティール,ロザリンド,ディープインパクト,ラヴズオンリーミー,シンボリクリスエス,シーザリオ,サンデーサイレンス,ウインドインハーヘア,Storm Cat,Monevassia,Kris S.,Tee Kay,スペシャルウィーク,キロフプリミエール,Halo,Wishing Well,Alzao,Burghclere,Storm Bird,Terlingua,Mr. Prospector,Miesque,Roberto,Sharp Queen,Gold Meridian,Tri Argo,サンデーサイレンス,キャンペンガール,Sadler's Wells,Querida,Hail to Reason,Cosmah,Understanding,Mountain Flower,Lyphard,Lady Rebecca,Busted,Highclere,Northern Dancer,South Ocean,Secretariat,Crimson Saint,Raise a Native,Gold Digger,Nureyev,Pasadoble,Hail to Reason,Bramalea,Princequillo,Bridgework,Seattle Slew,Queen Louie,Tri Jet,Hail Proudly,Halo,Wishing Well,マルゼンスキー,レディーシラオキ,Northern Dancer,Fairy Bridge,Habitat,Principia
202606010707,5,芝,2200,良,2勝クラス,キズナ,フィオドラ,ディープインパクト,キャットクイル,Lord of England,Forever Nice,サンデーサイレンス,ウインドインハーヘア,Storm Cat,Pacific Princess,Dashing Blade,Loveria,Greinton,Fox for Gold,Halo,Wishing Well,Alzao,Burghclere,Storm Bird,Terlingua,Damascus,Fiji,Elegant Air,Sharp Castan,Los Santos,Liranga,Green Dancer,Crystal Queen,Glint of Gold,Little Bittern,Hail to Reason,Cosmah,Understanding,Mountain Flower,Lyphard,Lady Rebecca,Busted,Highclere,Northern Dancer,South Ocean,Secretariat,Crimson Saint,Sword Dancer,Kerala,Acropolis,Rififi,Shirley Heights,Elegant Tern,Sharpen Up,Sultry One,Caracol,Loanda,Literat,Love In,Nijinsky,Green Valley,High Top,Crystal Drop,Mill Reef,Crown Treasure,Riva Ridge,Spray
202606010707,6,芝,2200,良,2勝クラス,シュヴァルグラン,ブルーインザスカイ,ハーツクライ,ハルーワスウィート,チチカステナンゴ,レンデフルール,サンデーサイレンス,アイリッシュダンス,Machiavellian,ハルーワソング,Smadoun,スマラ,ブライアンズタイム,フローラルマジック,Halo,Wishing Well,トニービン,ビューパーダンス,Mr. Prospector,Coup de Folie,Nureyev,Morn of Song,Kaldoun,Mossma,Antheus,Small Partie,Roberto,Kelley's Day,Affirmed,Rare Lady,Hail to Reason,Cosmah,Understanding,Mountain Flower,カンパラ,Severn Bridge,Lyphard,My Bupers,Raise a Native,Gold Digger,Halo,Raise the Standard,Northern Dancer,Special,Blushing Groom,Glorious Song,Caro,Katana,Tip Moss,Ticma,Northern Dancer,Apachee,Fabulous Dancer,Summer Parties,Hail to Reason,Bramalea,Graustark,Golden Trail,Exclusive Native,Won't Tell You,Never Bend,Double Agent
202606010707,7,芝,2200,良,2勝クラス,ゴールドシップ,コスモネモシン,ステイゴールド,ポイントフラッグ,ゼンノロブロイ,デュプレ,サンデーサイレンス,ゴールデンサッシュ,メジロマックイーン,パストラリズム,サンデーサイレンス,ローミンレイチェル,シングスピール,Child Prodigy,Halo,Wishing Well,ディクタス,ダイナサッシュ,メジロティターン,メジロオーロラ,プルラリズム,トクノエイティー,Halo,Wishing Well,マイニング,One Smart Lady,In the Wings,Glorious Song,Ballad Rock,Minnie Habit,Hail to Reason,Cosmah,Understanding,Mountain Flower,Sanctus,Doronic,ノーザンテースト,ロイヤルサッシュ,メジロアサマ,シエリル,リマンド,メジロアイリス,The Minstrel,Cambretta,トライバルチーフ,アイアンルビー,Hail to Reason,Cosmah,Understanding,Mountain Flower,Mr. Prospector,I Pass,Clever Trick,Pia's Lady,Sadler's Wells,High Hawk,Halo,Ballade,Bold Lad,True Rocket,Habitat,Minnie Tudor
202606010707,8,芝,2200,良,2勝クラス,ゴールドシップ,ラッフォルツァート,ステイゴールド,ポイントフラッグ,グラスワンダー,コスモベル,サンデーサイレンス,ゴールデンサッシュ,メジロマックイーン,パストラリズム,Silver Hawk,Ameriflora,Formal Dinner,Blue Sword,Halo,Wishing Well,ディクタス,ダイナサッシュ,メジロティターン,メジロオーロラ,プルラリズム,トクノエイティー,Roberto,Gris Vitesse,Danzig,Graceful Touch,Well Decorated,Fantastic Flyer,Crusader Sword,Blues Gal,Hail to Reason,Cosmah,Understanding,Mountain Flower,Sanctus,Doronic,ノーザンテースト,ロイヤルサッシュ,メジロアサマ,シエリル,リマンド,メジロアイリス,The Minstrel,Cambretta,トライバルチーフ,アイアンルビー,Hail to Reason,Bramalea,Amerigo,Matchiche,Northern Dancer,Pas de Nom,His Majesty,Pi Phi Gal,Raja Baba,Paris Breeze,Hoist the Flag,Bold Princess,Damascus,Copernica,Lt. Stevens,Basie Blues
202606010707,9,芝,2200,良,2勝クラス,レイデオロ,カンデラ,キングカメハメハ,ラドラーダ,ダイワメジャー,リアルナンバー,Kingmambo,マンファス,シンボリクリスエス,レディブロンド,サンデーサイレンス,スカーレットブーケ,Rainbow Corner,Numeraria,Mr. Prospector,Miesque,ラストタイクーン,Pilot Bird,Kris S.,Tee Kay,Seeking the Gold,ウインドインハーヘア,Halo,Wishing Well,ノーザンテースト,スカーレットインク,Rainbow Quest,Kingscote,サザンヘイロー,Numismatica,Raise a Native,Gold Digger,Nureyev,Pasadoble,トライマイベスト,Mill Princess,Blakeney,The Dancer,Roberto,Sharp Queen,Gold Meridian,Tri Argo,Mr. Prospector,Con Game,Alzao,Burghclere,Hail to Reason,Cosmah,Understanding,Mountain Flower,Northern Dancer,Lady Victoria,Crimson Satan,Consentida,Blushing Groom,I Will Follow,Kings Lake,Bold Fantasy,Halo,Northern Sea,Salt Marsh,Nut
202606010707,10,芝,2200,良,2勝クラス,ドゥラメンテ,プリオバーン,キングカメハメハ,アドマイヤグルーヴ,Galileo,Tropical Lake,Kingmambo,マンファス,サンデーサイレンス,エアグルーヴ,Sadler's Wells,Urban Sea,Lomond,Star Cream,Mr. Prospector,Miesque,ラストタイクーン,Pilot Bird,Halo,Wishing Well,トニービン,ダイナカール,Northern Dancer,Fairy Bridge,Miswaki,Allegretta,Northern Dancer,My Charmer,Star Appeal,Tropical Cream,Raise a Native,Gold Digger,Nureyev,Pasadoble,トライマイベスト,Mill Princess,Blakeney,The Dancer,Hail to Reason,Cosmah,Understanding,Mountain Flower,カンパラ,Severn Bridge,ノーザンテースト,シャダイフェザー,Nearctic,Natalma,Bold Reason,Special,Mr. Prospector,Hopespringseternal,Lombard,Anatevka,Nearctic,Natalma,Poker,Fair Charmer,Appiani,Sterna,Creme dela Creme,Tropic Star
202606010707,11,芝,2200,良,2勝クラス,ゴールドシップ,イクスキューズ,ステイゴールド,ポイントフラッグ,ボストンハーバー,クリスティキャット,サンデーサイレンス,ゴールデンサッシュ,メジロマックイーン,パストラリズム,Capote,Harbor Springs,Majestic Light,Toll Booth,Halo,Wishing Well,ディクタス,ダイナサッシュ,メジロティターン,メジロオーロラ,プルラリズム,トクノエイティー,Seattle Slew,Too Bald,Vice Regent,Tinnitus,Majestic Prince,Irradiate,Buckpasser,Missy Baba,Hail to Reason,Cosmah,Understanding,Mountain Flower,Sanctus,Doronic,ノーザンテースト,ロイヤルサッシュ,メジロアサマ,シエリル,リマンド,メジロアイリス,The Minstrel,Cambretta,トライバルチーフ,アイアンルビー,Bold Reasoning,My Charmer,Bald Eagle,Hidden Talent,Northern Dancer,Victoria Regina,Restless Wind,Dors,Raise a Native,Gay Hostess,Ribot,High Voltage,Tom Fool,Busanda,My Babu,Uvira
202606010707,12,芝,2200,良,2勝クラス,ディープインパクト,ワイ,サンデーサイレンス,ウインドインハーヘア,Galileo,Rumplestiltskin,Halo,Wishing Well,Alzao,Burghclere,Sadler's Wells,Urban Sea,デインヒル,Monevassia,Hail to Reason,Cosmah,Understanding,Mountain Flower,Lyphard,Lady Rebecca,Busted,Highclere,Northern Dancer,Fairy Bridge,Miswaki,Allegretta,Danzig,Razyana,Mr. Prospector,Miesque,Turn-to,Nothirdchance,Cosmic Bomb,Almahmoud,Promised Land,Pretty Ways,Montparnasse,Edelweiss,Northern Dancer,Goofed,Sir Ivor,Pocahontas,Crepello,Sans le Sou,Queen's Hussar,Highlight,Nearctic,Natalma,Bold Reason,Special,Mr. Prospector,Hopespringseternal,Lombard,Anatevka,Northern Dancer,Pas de Nom,His Majesty,Spring Adieu,Raise a Native,Gold Digger,Nureyev,Pasadoble
202606010707,13,芝,2200,良,2勝クラス,フェノーメノ,オウケンサクラブ,ステイゴールド,ディラローシェ,オウケンブルースリ,オウケンサクラ,サンデーサイレンス,ゴールデンサッシュ,デインヒル,Sea Port,ジャングルポケット,シルバージョイ,バゴ,ランフォザドリーム,Halo,Wishing Well,ディクタス,ダイナサッシュ,Danzig,Razyana,Averof,Anchor,トニービン,ダンスチャーマー,Silver Deputy,Joy of Myrtlewood,Nashwan,Moonlight's Box,リアルシャダイ,ミルフォードスルー,Hail to Reason,Cosmah,Understanding,Mountain Flower,Sanctus,Doronic,ノーザンテースト,ロイヤルサッシュ,Northern Dancer,Pas de Nom,His Majesty,Spring Adieu,Sing Sing,Argentina,Major Portion,Ripeck,カンパラ,Severn Bridge,Nureyev,Skillful Joy,Deputy Minister,Silver Valley,Northern Jove,Myrtlewood Lass,Blushing Groom,Height of Fashion,Nureyev,Coup de Genie,Roberto,Desert Vixen,スルーザドラゴン,スピードキヨフジ
202606010707,14,芝,2200,良,2勝クラス,ドゥラメンテ,スクールミストレス,キングカメハメハ,アドマイヤグルーヴ,Equal Stripes,Stellify,Kingmambo,マンファス,サンデーサイレンス,エアグルーヴ,Candy Stripes,Equity,サザンヘイロー,Other Star,Mr. Prospector,Miesque,ラストタイクーン,Pilot Bird,Halo,Wishing Well,トニービン,ダイナカール,Blushing Groom,バブルカンパニー,Equalize,Elysee,Halo,Northern Sea,Logical,Off Limits,Raise a Native,Gold Digger,Nureyev,Pasadoble,トライマイベスト,Mill Princess,Blakeney,The Dancer,Hail to Reason,Cosmah,Understanding,Mountain Flower,カンパラ,Severn Bridge,ノーザンテースト,シャダイフェザー,Red God,Runaway Bride,Lyphard,Prodice,Northern Jove,Zonta,El Gran Capitan,Empiric,Hail to Reason,Cosmah,Northern Dancer,Sea Saga,Buckpasser,Smart Deb,Make Tracks,Orizaba
202606010707,15,芝,2200,良,2勝クラス,ハーツクライ,シーソルティキッス,サンデーサイレンス,アイリッシュダンス,キングカメハメハ,ソルティビッド,Halo,Wishing Well,トニービン,ビューパーダンス,Kingmambo,マンファス,Salt Lake,Piper Piper,Hail to Reason,Cosmah,Understanding,Mountain Flower,カンパラ,Severn Bridge,Lyphard,My Bupers,Mr. Prospector,Miesque,ラストタイクーン,Pilot Bird,Deputy Minister,Take Lady Anne,Spectacular Bid,Alvarada,Turn-to,Nothirdchance,Cosmic Bomb,Almahmoud,Promised Land,Pretty Ways,Montparnasse,Edelweiss,Kalamoun,State Pension,Hornbeam,Priddy Fair,Northern Dancer,Goofed,Bupers,Princess Revoked,Raise a Native,Gold Digger,Nureyev,Pasadoble,トライマイベスト,Mill Princess,Blakeney,The Dancer,Vice Regent,Mint Copy,Queen City Lad,Lovita H.,Bold Bidder,Spectacular,Hard Work,Easterborn
202606010707,16,芝,2200,良,2勝クラス,ブラックタイド,ソングライティング,サンデーサイレンス,ウインドインハーヘア,Giant's Causeway,Embur's Song,Halo,Wishing Well,Alzao,Burghclere,Storm Cat,Mariah's Storm,Unbridled's Song,Embur Sunshine,Hail to Reason,Cosmah,Understanding,Mountain Flower,Lyphard,Lady Rebecca,Busted,Highclere,Storm Bird,Terlingua,Rahy,イメンス,Unbridled,Trolley Song,Bold Ruckus,Vevila,Turn-to,Nothirdchance,Cosmic Bomb,Almahmoud,Promised Land,Pretty Ways,Montparnasse,Edelweiss,Northern Dancer,Goofed,Sir Ivor,Pocahontas,Crepello,Sans le Sou,Queen's Hussar,Highlight,Northern Dancer,South Ocean,Secretariat,Crimson Saint,Blushing Groom,Glorious Song,Roberto,Imsodear,Fappiano,Gana Facil,Caro,Lucky Spell,Boldnesian,Raise a Ruckus,The Minstrel,Bon Debarras
202606010708,1,ダート,1800,良,2勝クラス,オルフェーヴル,アンブルサイド,ステイゴールド,オリエンタルアート,ウォーエンブレム,レイクサイドカップ,サンデーサイレンス,ゴールデンサッシュ,メジロマックイーン,エレクトロアート,Our Emblem,Sweetest Lady,Salt Lake,Tricki Mae,Halo,Wishing Well,ディクタス,ダイナサッシュ,メジロティターン,メジロオーロラ,ノーザンテースト,グランマスティーヴンス,Mr. Prospector,Personal Ensign,Lord at War,Sweetest Roman,Deputy Minister,Take Lady Anne,Phone Trick,Pamela Kay,Hail to Reason,Cosmah,Understanding,Mountain Flower,Sanctus,Doronic,ノーザンテースト,ロイヤルサッシュ,メジロアサマ,シエリル,リマンド,メジロアイリス,Northern Dancer,Lady Victoria,Lt. Stevens,Dhow,Raise a Native,Gold Digger,Private Account,Grecian Banner,General,Luna de Miel,The Pruner,I Also,Vice Regent,Mint Copy,Queen City Lad,Lovita H.,Clever Trick,Over the Phone,Hold Your Peace,Proven Right
202606010708,2,ダート,1800,良,2勝クラス,リアルスティール,センショウレイナ,ディープインパクト,ラヴズオンリーミー,ハービンジャー,ブルーリッジリバー,サンデーサイレンス,ウインドインハーヘア,Storm Cat,Monevassia,Dansili,Penang Pearl,フジキセキ,スカーレットブルー,Halo,Wishing Well,Alzao,Burghclere,Storm Bird,Terlingua,Mr. Prospector,Miesque,デインヒル,Hasili,Bering,Guapa,サンデーサイレンス,ミルレーサー,ノーザンテースト,スカーレットインク,Hail to Reason,Cosmah,Understanding,Mountain Flower,Lyphard,Lady Rebecca,Busted,Highclere,Northern Dancer,South Ocean,Secretariat,Crimson Saint,Raise a Native,Gold Digger,Nureyev,Pasadoble,Danzig,Razyana,Kahyasi,Kerali,Arctic Tern,Beaune,Shareef Dancer,Sauceboat,Halo,Wishing Well,Le Fabuleux,Marston's Mill,Northern Dancer,Lady Victoria,Crimson Satan,Consentida
202606010708,3,ダート,1800,良,2勝クラス,ブラックタイド,ショウリノウタゲ,サンデーサイレンス,ウインドインハーヘア,プリサイスエンド,ワンアンドオール,Halo,Wishing Well,Alzao,Burghclere,エンドスウィープ,Precisely,Arch,アッファビリティー,Hail to Reason,Cosmah,Understanding,Mountain Flower,Lyphard,Lady Rebecca,Busted,Highclere,フォーティナイナー,Broom Dance,Summing,Crisp 'n Clear,Kris S.,Aurora,Unbridled,Galletto,Turn-to,Nothirdchance,Cosmic Bomb,Almahmoud,Promised Land,Pretty Ways,Montparnasse,Edelweiss,Northern Dancer,Goofed,Sir Ivor,Pocahontas,Crepello,Sans le Sou,Queen's Hussar,Highlight,Mr. Prospector,File,Dance Spell,Witching Hour,Verbatim,Sumatra,Cold Reception,Ring O'Bells,Roberto,Sharp Queen,Danzig,Althea,Fappiano,Gana Facil,Nijinsky,Gaia
202606010708,4,ダート,1800,良,2勝クラス,ロージズインメイ,コスモキララ,Devil His Due,Tell a Secret,タマモクロス,ローズオブダイヤ,Devil's Bag,Plenty O'Toole,Speak John,Secret Retreat,シービークロス,グリーンシャトー,サンデーサイレンス,ダイナアンバー,Halo,Ballade,Raise a Cup,Li'l Puss,Prince John,Nuit de Folies,Clandestine,Retirement,フォルティノ,ズイシヨウ,シャトーゲイ,クインビー,Halo,Wishing Well,ノーザンテースト,クリアアンバー,Hail to Reason,Cosmah,Herbager,Miss Swapsco,Raise a Native,Spring Sunshine,Noble Jay,Li'l Sis,Princequillo,Not Afraid,Tornado,Folle Nuit,Double Jay,Conniver,Royal Gem,Marie J.,Grey Sovereign,Ranavalo,パーソロン,キムラス,Swaps,Banquet Bell,テューダーペリオッド,コーサ,Hail to Reason,Cosmah,Understanding,Mountain Flower,Northern Dancer,Lady Victoria,Ambiopoise,One Clear Call
202606010708,5,ダート,1800,良,2勝クラス,リアルインパクト,サダムグランジュテ,ディープインパクト,トキオリアリティー,キングカメハメハ,シーズライクリオ,サンデーサイレンス,ウインドインハーヘア,Meadowlake,What a Reality,Kingmambo,マンファス,Boundary,Leading Rhyme,Halo,Wishing Well,Alzao,Burghclere,Hold Your Peace,Suspicious Native,In Reality,What Will Be,Mr. Prospector,Miesque,ラストタイクーン,Pilot Bird,Danzig,Edge,Mr. Leader,Gay Sonnet,Hail to Reason,Cosmah,Understanding,Mountain Flower,Lyphard,Lady Rebecca,Busted,Highclere,Speak John,Blue Moon,Raise a Native,Be Suspicious,Intentionally,My Dear Girl,Crozier,Solabar,Raise a Native,Gold Digger,Nureyev,Pasadoble,トライマイベスト,Mill Princess,Blakeney,The Dancer,Northern Dancer,Pas de Nom,Damascus,Ponte Vecchio,Hail to Reason,Jolie Deja,Sailor,Gay Rig
202606010708,6,ダート,1800,良,2勝クラス,サトノクラウン,ロフティーエイム,Marju,ジョコンダ,サンデーサイレンス,ウィッチフルシンキング,ラストタイクーン,Flame of Tara,Rossini,La Joconde,Halo,Wishing Well,Lord Avie,Halloween Joy,トライマイベスト,Mill Princess,アーテイアス,Welsh Flame,Miswaki,Touch of Greatness,Vettori,Lust,Hail to Reason,Cosmah,Understanding,Mountain Flower,Lord Gaylord,Avie,Exuberant,Halloween,Northern Dancer,Sex Appeal,Mill Reef,Irish Lass,Round Table,Stylish Pattern,Welsh Pageant,Electric Flash,Mr. Prospector,Hopespringseternal,Hero's Honor,Ivory Wand,Machiavellian,Air Distingue,Pursuit of Love,Pato,Turn-to,Nothirdchance,Cosmic Bomb,Almahmoud,Promised Land,Pretty Ways,Montparnasse,Edelweiss,Sir Gaylord,Miss Glamour Gal,Gallant Man,Evilone,What a Pleasure,Out in the Cold,Wardlaw,Ask for the Moon
202606010708,7,ダート,1800,良,2勝クラス,ミッキーアイル,ティフィン,ディープインパクト,スターアイル,トワイニング,エラティス,サンデーサイレンス,ウインドインハーヘア,ロックオブジブラルタル,アイルドフランス,フォーティナイナー,Courtly Dee,El Gran Senor,Summer Review,Halo,Wishing Well,Alzao,Burghclere,デインヒル,Offshore Boom,Nureyev,ステラマドリッド,Mr. Prospector,File,Never Bend,Tulle,Northern Dancer,Sex Appeal,Graustark,Raise a Baby,Hail to Reason,Cosmah,Understanding,Mountain Flower,Lyphard,Lady Rebecca,Busted,Highclere,Danzig,Razyana,Be My Guest,Push a Button,Northern Dancer,Special,Alydar,My Juliet,Raise a Native,Gold Digger,Tom Rolfe,Continue,Nasrullah,Lalun,War Admiral,Judy-Rae,Nearctic,Natalma,Buckpasser,Best in Show,Ribot,Flower Bowl,Raise a Native,Bambola
202606010708,8,ダート,1800,良,2勝クラス,リアルスティール,ジェイケイオジョウ,ディープインパクト,ラヴズオンリーミー,ハービンジャー,ツルマルオジョウ,サンデーサイレンス,ウインドインハーヘア,Storm Cat,Monevassia,Dansili,Penang Pearl,ダンスインザダーク,ツルマルガール,Halo,Wishing Well,Alzao,Burghclere,Storm Bird,Terlingua,Mr. Prospector,Miesque,デインヒル,Hasili,Bering,Guapa,サンデーサイレンス,ダンシングキイ,サッカーボーイ,エプソムガール,Hail to Reason,Cosmah,Understanding,Mountain Flower,Lyphard,Lady Rebecca,Busted,Highclere,Northern Dancer,South Ocean,Secretariat,Crimson Saint,Raise a Native,Gold Digger,Nureyev,Pasadoble,Danzig,Razyana,Kahyasi,Kerali,Arctic Tern,Beaune,Shareef Dancer,Sauceboat,Halo,Wishing Well,Nijinsky,Key Partner,ディクタス,ダイナサッシュ,アローエクスプレス,ゲシー
202606010708,9,ダート,1800,良,2勝クラス,ドレフォン,プリマレジェンド,Gio Ponti,Eltimaas,ヴィクトワールピサ,パーソナルレジェンド,Tale of the Cat,Chipeta Springs,Ghostzapper,Najecam,ネオユニヴァース,ホワイトウォーターアフェア,Awesome Again,Highland Legend,Storm Cat,Yarn,Alydar,Salt Spring,Awesome Again,Baby Zip,Trempolino,Sue Warner,サンデーサイレンス,ポインテッドパス,Machiavellian,Much Too Risky,Deputy Minister,Primal Force,Storm Bird,Santella,Storm Bird,Terlingua,Mr. Prospector,Narrate,Raise a Native,Sweet Tooth,Salt Marsh,Jungle Mythologic,Deputy Minister,Primal Force,Relaunch,Thirty Zip,Sharpen Up,Trephine,Forli,Bitty Girl,Halo,Wishing Well,Kris,Silken Way,Mr. Prospector,Coup de Folie,Bustino,Short Rations,Vice Regent,Mint Copy,Blushing Groom,Prime Prospect,Northern Dancer,South Ocean,Coastal,Santa Quilla
202606010708,10,ダート,1800,良,2勝クラス,レイデオロ,マルシアーノ,キングカメハメハ,ラドラーダ,フジキセキ,ケルトシャーン,Kingmambo,マンファス,シンボリクリスエス,レディブロンド,サンデーサイレンス,ミルレーサー,Pleasant Colony,Featherhill,Mr. Prospector,Miesque,ラストタイクーン,Pilot Bird,Kris S.,Tee Kay,Seeking the Gold,ウインドインハーヘア,Halo,Wishing Well,Le Fabuleux,Marston's Mill,His Majesty,Sun Colony,Lyphard,Lady Berry,Raise a Native,Gold Digger,Nureyev,Pasadoble,トライマイベスト,Mill Princess,Blakeney,The Dancer,Roberto,Sharp Queen,Gold Meridian,Tri Argo,Mr. Prospector,Con Game,Alzao,Burghclere,Hail to Reason,Cosmah,Understanding,Mountain Flower,Wild Risk,Anguar,In Reality,Millicent,Ribot,Flower Bowl,Sunrise Flight,Colonia,Northern Dancer,Goofed,Violon d'Ingres,Moss Rose
202606010708,11,ダート,1800,良,2勝クラス,ミッキーグローリー,マイスクエアワン,ディープインパクト,メリッサ,Giant's Causeway,シビサーバ,サンデーサイレンス,ウインドインハーヘア,ホワイトマズル,ストーミーラン,Storm Cat,Mariah's Storm,Dixieland Band,Dancing Mirage,Halo,Wishing Well,Alzao,Burghclere,ダンシングブレーヴ,Fair of the Furze,トニービン,ウインドオブサマー,Storm Bird,Terlingua,Rahy,イメンス,Northern Dancer,Mississippi Mud,Alleged,Flaming Leaves,Hail to Reason,Cosmah,Understanding,Mountain Flower,Lyphard,Lady Rebecca,Busted,Highclere,Lyphard,Navajo Princess,Ela-Mana-Mou,Autocratic,カンパラ,Severn Bridge,ノーザリー,アイレバース,Northern Dancer,South Ocean,Secretariat,Crimson Saint,Blushing Groom,Glorious Song,Roberto,Imsodear,Nearctic,Natalma,Delta Judge,Sand Buggy,Hoist the Flag,Princess Pout,Olden Times,Distaff Decider
202606010708,12,ダート,1800,良,2勝クラス,サトノクラウン,ケイティーズハート,Marju,ジョコンダ,ハーツクライ,ケイティーズファースト,ラストタイクーン,Flame of Tara,Rossini,La Joconde,サンデーサイレンス,アイリッシュダンス,Kris,Katies,トライマイベスト,Mill Princess,アーテイアス,Welsh Flame,Miswaki,Touch of Greatness,Vettori,Lust,Halo,Wishing Well,トニービン,ビューパーダンス,Sharpen Up,Doubly Sure,ノノアルコ,Mortefontaine,Northern Dancer,Sex Appeal,Mill Reef,Irish Lass,Round Table,Stylish Pattern,Welsh Pageant,Electric Flash,Mr. Prospector,Hopespringseternal,Hero's Honor,Ivory Wand,Machiavellian,Air Distingue,Pursuit of Love,Pato,Hail to Reason,Cosmah,Understanding,Mountain Flower,カンパラ,Severn Bridge,Lyphard,My Bupers,エタン,Rocchetta,Reliance,Soft Angels,Nearctic,Seximee,ポリック,Brabantia
202606010708,13,ダート,1800,良,2勝クラス,ドレフォン,タイニーダンサー,Gio Ponti,Eltimaas,サウスヴィグラス,キハク,Tale of the Cat,Chipeta Springs,Ghostzapper,Najecam,エンドスウィープ,ダーケストスター,アサティス,ウイニングベット,Storm Cat,Yarn,Alydar,Salt Spring,Awesome Again,Baby Zip,Trempolino,Sue Warner,フォーティナイナー,Broom Dance,Star de Naskra,Minnie Riperton,Topsider,Secret Asset,アローエクスプレス,ノースフェイス,Storm Bird,Terlingua,Mr. Prospector,Narrate,Raise a Native,Sweet Tooth,Salt Marsh,Jungle Mythologic,Deputy Minister,Primal Force,Relaunch,Thirty Zip,Sharpen Up,Trephine,Forli,Bitty Girl,Mr. Prospector,File,Dance Spell,Witching Hour,Naskra,Candle Star,Cornish Prince,English Harbor,Northern Dancer,Drumtop,Graustark,Numbered Account,スパニッシュイクスプレス,ソーダストリーム,マルゼンスキー,グランドターキン
202606010708,14,ダート,1800,良,2勝クラス,ダンカーク,カフェローレル,Unbridled's Song,Secret Status,マンハッタンカフェ,ローレルウィッチ,Unbridled,Trolley Song,A.P. Indy,Private Status,サンデーサイレンス,サトルチェンジ,エルコンドルパサー,マイサクセション,Fappiano,Gana Facil,Caro,Lucky Spell,Seattle Slew,Weekend Surprise,Alydar,Miss Eva,Halo,Wishing Well,Law Society,Santa Luciana,Kingmambo,サドラーズギャル,クリミナルタイプ,My Juliet,Mr. Prospector,Killaloe,Le Fabuleux,Charedi,フォルティノ,Chambord,Lucky Mel,Incantation,Bold Reasoning,My Charmer,Secretariat,Lassie Dear,Raise a Native,Sweet Tooth,Con Brio,Apolinea,Hail to Reason,Cosmah,Understanding,Mountain Flower,Alleged,Bold Bikini,Luciano,Suleika,Mr. Prospector,Miesque,Sadler's Wells,Glenveagh,Alydar,Klepto,Gallant Romeo,My Bupers
202606010708,15,ダート,1800,良,2勝クラス,オルフェーヴル,フレンズ,ステイゴールド,オリエンタルアート,クロフネ,フォーント,サンデーサイレンス,ゴールデンサッシュ,メジロマックイーン,エレクトロアート,フレンチデピュティ,ブルーアヴェニュー,Kris S.,Salt Spring,Halo,Wishing Well,ディクタス,ダイナサッシュ,メジロティターン,メジロオーロラ,ノーザンテースト,グランマスティーヴンス,Deputy Minister,Mitterand,Classic Go Go,Eliza Blue,Roberto,Sharp Queen,Salt Marsh,Jungle Mythologic,Hail to Reason,Cosmah,Understanding,Mountain Flower,Sanctus,Doronic,ノーザンテースト,ロイヤルサッシュ,メジロアサマ,シエリル,リマンド,メジロアイリス,Northern Dancer,Lady Victoria,Lt. Stevens,Dhow,Vice Regent,Mint Copy,Hold Your Peace,Laredo Lass,Pago Pago,Classic Perfection,Icecapade,コレラ,Hail to Reason,Bramalea,Princequillo,Bridgework,Tom Rolfe,Saline,Mount Athos,Jungle Queen
202606010708,16,ダート,1800,良,2勝クラス,モズアスコット,ヒアーズトウショウ,Frankel,India,フジキセキ,シーイズトウショウ,Galileo,Kind,ヘネシー,Misty Hour,サンデーサイレンス,ミルレーサー,サクラバクシンオー,ジェーントウショウ,Sadler's Wells,Urban Sea,デインヒル,Rainbow Lake,Storm Cat,Island Kitty,Miswaki,Our Tina Marie,Halo,Wishing Well,Le Fabuleux,Marston's Mill,サクラユタカオー,サクラハゴロモ,トウショウフリート,コーニストウショウ,Northern Dancer,Fairy Bridge,Miswaki,Allegretta,Danzig,Razyana,Rainbow Quest,Rockfest,Storm Bird,Terlingua,Hawaii,T. C. Kitten,Mr. Prospector,Hopespringseternal,Nijinsky,Java Moon,Hail to Reason,Cosmah,Understanding,Mountain Flower,Wild Risk,Anguar,In Reality,Millicent,テスコボーイ,アンジェリカ,ノーザンテースト,クリアアンバー,トウショウペガサス,リバーストウショウ,ダンディルート,ローズトウショウ
202606010709,1,芝,1600,良,3勝クラス,ロードカナロア,フロアクラフト,キングカメハメハ,レディブラッサム,フジキセキ,リッチダンサー,Kingmambo,マンファス,Storm Cat,サラトガデュー,サンデーサイレンス,ミルレーサー,Halling,Fairy Flight,Mr. Prospector,Miesque,ラストタイクーン,Pilot Bird,Storm Bird,Terlingua,Cormorant,Super Luna,Halo,Wishing Well,Le Fabuleux,Marston's Mill,Diesis,Dance Machine,Fairy King,Rising Tide,Raise a Native,Gold Digger,Nureyev,Pasadoble,トライマイベスト,Mill Princess,Blakeney,The Dancer,Northern Dancer,South Ocean,Secretariat,Crimson Saint,His Majesty,Song Sparrow,In Reality,Alada,Hail to Reason,Cosmah,Understanding,Mountain Flower,Wild Risk,Anguar,In Reality,Millicent,Sharpen Up,Doubly Sure,Green Dancer,Never a Lady,Northern Dancer,Fairy Bridge,レッドアラート,Naiad Queen
202606010709,2,芝,1600,良,3勝クラス,サートゥルナーリア,コートシャルマン,ロードカナロア,シーザリオ,ハーツクライ,コートアウト,キングカメハメハ,レディブラッサム,スペシャルウィーク,キロフプリミエール,サンデーサイレンス,アイリッシュダンス,Smart Strike,アザール,Kingmambo,マンファス,Storm Cat,サラトガデュー,サンデーサイレンス,キャンペンガール,Sadler's Wells,Querida,Halo,Wishing Well,トニービン,ビューパーダンス,Mr. Prospector,Classy 'n Smart,Nijinsky,Smart Heiress,Mr. Prospector,Miesque,ラストタイクーン,Pilot Bird,Storm Bird,Terlingua,Cormorant,Super Luna,Halo,Wishing Well,マルゼンスキー,レディーシラオキ,Northern Dancer,Fairy Bridge,Habitat,Principia,Hail to Reason,Cosmah,Understanding,Mountain Flower,カンパラ,Severn Bridge,Lyphard,My Bupers,Raise a Native,Gold Digger,Smarten,No Class,Northern Dancer,Flaming Page,Vaguely Noble,Smartaire
202606010709,3,芝,1600,良,3勝クラス,キズナ,ブリッジオーヴァー,ディープインパクト,キャットクイル,エンパイアメーカー,ロンドンブリッジ,サンデーサイレンス,ウインドインハーヘア,Storm Cat,Pacific Princess,Unbridled,Toussaud,ドクターデヴィアス,オールフォーロンドン,Halo,Wishing Well,Alzao,Burghclere,Storm Bird,Terlingua,Damascus,Fiji,Fappiano,Gana Facil,El Gran Senor,Image of Reality,Ahonoora,Rose of Jericho,Danzig,Full Card,Hail to Reason,Cosmah,Understanding,Mountain Flower,Lyphard,Lady Rebecca,Busted,Highclere,Northern Dancer,South Ocean,Secretariat,Crimson Saint,Sword Dancer,Kerala,Acropolis,Rififi,Mr. Prospector,Killaloe,Le Fabuleux,Charedi,Northern Dancer,Sex Appeal,In Reality,Edee's Image,Lorenzaccio,Helen Nichols,Alleged,Rose Red,Northern Dancer,Pas de Nom,Damascus,Belle of the Ball
202606010709,4,芝,1600,良,3勝クラス,ロードカナロア,ラストグルーヴ,キングカメハメハ,レディブラッサム,ディープインパクト,エアグルーヴ,Kingmambo,マンファス,Storm Cat,サラトガデュー,サンデーサイレンス,ウインドインハーヘア,トニービン,ダイナカール,Mr. Prospector,Miesque,ラストタイクーン,Pilot Bird,Storm Bird,Terlingua,Cormorant,Super Luna,Halo,Wishing Well,Alzao,Burghclere,カンパラ,Severn Bridge,ノーザンテースト,シャダイフェザー,Raise a Native,Gold Digger,Nureyev,Pasadoble,トライマイベスト,Mill Princess,Blakeney,The Dancer,Northern Dancer,South Ocean,Secretariat,Crimson Saint,His Majesty,Song Sparrow,In Reality,Alada,Hail to Reason,Cosmah,Understanding,Mountain Flower,Lyphard,Lady Rebecca,Busted,Highclere,Kalamoun,State Pension,Hornbeam,Priddy Fair,Northern Dancer,Lady Victoria,ガーサント,パロクサイド
202606010709,5,芝,1600,良,3勝クラス,スワーヴリチャード,ストロベリーズ,ハーツクライ,ピラミマ,コマンズ,ストロベリーフェア,サンデーサイレンス,アイリッシュダンス,Unbridled's Song,キャリアコレクション,デインヒル,Cotehele House,Kingmambo,ストームソング,Halo,Wishing Well,トニービン,ビューパーダンス,Unbridled,Trolley Song,General Meeting,River of Stars,Danzig,Razyana,My Swanee,Eight Carat,Mr. Prospector,Miesque,Summer Squall,Hum Along,Hail to Reason,Cosmah,Understanding,Mountain Flower,カンパラ,Severn Bridge,Lyphard,My Bupers,Fappiano,Gana Facil,Caro,Lucky Spell,Seattle Slew,Alydar's Promise,Riverman,Star Fortune,Northern Dancer,Pas de Nom,His Majesty,Spring Adieu,Petition,Grey Rhythm,Pieces of Eight,Klairessa,Raise a Native,Gold Digger,Nureyev,Pasadoble,Storm Bird,Weekend Surprise,Fappiano,Minstress
202606010709,6,芝,1600,良,3勝クラス,ジャスタウェイ,ハピネスダンサー,ハーツクライ,シビル,メイショウサムソン,クロノロジスト,サンデーサイレンス,アイリッシュダンス,Wild Again,シャロン,オペラハウス,マイヴィヴィアン,クロフネ,インディスユニゾン,Halo,Wishing Well,トニービン,ビューパーダンス,Icecapade,Bushel-n-Peck,Mo Exception,Double Wiggle,Sadler's Wells,Colorspin,ダンシングブレーヴ,ウイルプリンセス,フレンチデピュティ,ブルーアヴェニュー,サンデーサイレンス,ラスティックベル,Hail to Reason,Cosmah,Understanding,Mountain Flower,カンパラ,Severn Bridge,Lyphard,My Bupers,Nearctic,Shenanigans,Khaled,Dama,Hard Work,With Exception,Sir Wiggle,Blue Double,Northern Dancer,Fairy Bridge,High Top,Reprocolor,Lyphard,Navajo Princess,サンプリンス,エール,Deputy Minister,Mitterand,Classic Go Go,Eliza Blue,Halo,Wishing Well,Mr. Prospector,Ragtime Girl
202606010709,7,芝,1600,良,3勝クラス,マジェスティックウォリアー,ヤマカツセイレーン,A.P. Indy,Dream Supreme,グラスワンダー,ヤマカツサクラ,Seattle Slew,Weekend Surprise,Seeking the Gold,Spinning Round,Silver Hawk,Ameriflora,フジキセキ,ローズサッシュ,Bold Reasoning,My Charmer,Secretariat,Lassie Dear,Mr. Prospector,Con Game,Dixieland Band,Take Heart,Roberto,Gris Vitesse,Danzig,Graceful Touch,サンデーサイレンス,ミルレーサー,ドクターデヴィアス,ゴールデンサッシュ,Boldnesian,Reason to Earn,Poker,Fair Charmer,Bold Ruler,Somethingroyal,Buckpasser,Gay Missile,Raise a Native,Gold Digger,Buckpasser,Broadway,Northern Dancer,Mississippi Mud,Secretariat,Deck Stewardess,Hail to Reason,Bramalea,Amerigo,Matchiche,Northern Dancer,Pas de Nom,His Majesty,Pi Phi Gal,Halo,Wishing Well,Le Fabuleux,Marston's Mill,Ahonoora,Rose of Jericho,ディクタス,ダイナサッシュ
202606010709,8,芝,1600,良,3勝クラス,シルバーステート,ウインアルテミス,ディープインパクト,シルヴァースカヤ,Arch,Walker's Gal,サンデーサイレンス,ウインドインハーヘア,Silver Hawk,Boubskaia,Kris S.,Aurora,Woodman,Korveya,Halo,Wishing Well,Alzao,Burghclere,Roberto,Gris Vitesse,Niniski,Frenetique,Roberto,Sharp Queen,Danzig,Althea,Mr. Prospector,プレイメイト,Riverman,Konafa,Hail to Reason,Cosmah,Understanding,Mountain Flower,Lyphard,Lady Rebecca,Busted,Highclere,Hail to Reason,Bramalea,Amerigo,Matchiche,Nijinsky,Virginia Hills,Tyrant,Femina,Hail to Reason,Bramalea,Princequillo,Bridgework,Northern Dancer,Pas de Nom,Alydar,Courtly Dee,Raise a Native,Gold Digger,Buckpasser,Intriguing,Never Bend,River Lady,Damascus,Royal Statute
202606010709,9,芝,1600,良,3勝クラス,ラブリーデイ,ミオリチャン,キングカメハメハ,ポップコーンジャズ,スウェプトオーヴァーボード,ミスアルダント,Kingmambo,マンファス,ダンスインザダーク,グレイスルーマー,エンドスウィープ,Sheer Ice,サンデーサイレンス,マガロ,Mr. Prospector,Miesque,ラストタイクーン,Pilot Bird,サンデーサイレンス,ダンシングキイ,トニービン,ディスクジョッキー,フォーティナイナー,Broom Dance,Cutlass,Hey Dolly A.,Halo,Wishing Well,Caro,Magic,Raise a Native,Gold Digger,Nureyev,Pasadoble,トライマイベスト,Mill Princess,Blakeney,The Dancer,Halo,Wishing Well,Nijinsky,Key Partner,カンパラ,Severn Bridge,リアルシャダイ,シャダイチャッター,Mr. Prospector,File,Dance Spell,Witching Hour,Damascus,Aphonia,Ambehaving,Swift Deal,Hail to Reason,Cosmah,Understanding,Mountain Flower,フォルティノ,Chambord,Buckpasser,Aspidistra
202606010709,10,芝,1600,良,3勝クラス,マクフィ,グローリールピナス,Dubawi,Dhelaal,マーベラスサンデー,グローリーゲイト,Dubai Millennium,Zomaradah,Green Desert,Irish Valley,サンデーサイレンス,モミジダンサー,ブライアンズタイム,ドーター,Seeking the Gold,Colorado Dancer,Deploy,Jawaher,Danzig,Foreign Courier,Irish River,Green Valley,Halo,Wishing Well,ヴァイスリーガル,モミジ,Roberto,Kelley's Day,Alydar,ムーンライトミラクル,Mr. Prospector,Con Game,Shareef Dancer,Fall Aspen,Shirley Heights,Slightly Dangerous,ダンシングブレーヴ,High Tern,Northern Dancer,Pas de Nom,Sir Ivor,Courtly Dee,Riverman,Irish Star,Val de Loir,Sly Pola,Hail to Reason,Cosmah,Understanding,Mountain Flower,Northern Dancer,Victoria Regina,Laugh Aloud,Hold Me Close,Hail to Reason,Bramalea,Graustark,Golden Trail,Raise a Native,Sweet Tooth,Northern Dancer,Blue Tepee
202606010709,11,芝,1600,良,3勝クラス,ロードカナロア,インダクティ,キングカメハメハ,レディブラッサム,ハーツクライ,ホールオブフェーム,Kingmambo,マンファス,Storm Cat,サラトガデュー,サンデーサイレンス,アイリッシュダンス,アレミロード,ベルベットサッシュ,Mr. Prospector,Miesque,ラストタイクーン,Pilot Bird,Storm Bird,Terlingua,Cormorant,Super Luna,Halo,Wishing Well,トニービン,ビューパーダンス,Tom Rolfe,Why Me Lord,ディクタス,ダイナサッシュ,Raise a Native,Gold Digger,Nureyev,Pasadoble,トライマイベスト,Mill Princess,Blakeney,The Dancer,Northern Dancer,South Ocean,Secretariat,Crimson Saint,His Majesty,Song Sparrow,In Reality,Alada,Hail to Reason,Cosmah,Understanding,Mountain Flower,カンパラ,Severn Bridge,Lyphard,My Bupers,Ribot,Pocahontas,Bold Reasoning,Tomorrowland,Sanctus,Doronic,ノーザンテースト,ロイヤルサッシュ
202606010709,12,芝,1600,良,3勝クラス,ディーマジェスティ,ユキノクイーン,ディープインパクト,エルメスティアラ,タイキシャトル,ラスターゲイン,サンデーサイレンス,ウインドインハーヘア,ブライアンズタイム,シンコウエルメス,Devil's Bag,ウェルシュマフィン,ホリスキー,カランボラ,Halo,Wishing Well,Alzao,Burghclere,Roberto,Kelley's Day,Sadler's Wells,Doff the Derby,Halo,Ballade,Caerleon,Muffitys,マルゼンスキー,オキノバンダ,Alleged,Dusk,Hail to Reason,Cosmah,Understanding,Mountain Flower,Lyphard,Lady Rebecca,Busted,Highclere,Hail to Reason,Bramalea,Graustark,Golden Trail,Northern Dancer,Fairy Bridge,Master Derby,Margarethen,Hail to Reason,Cosmah,Herbager,Miss Swapsco,Nijinsky,Foreseer,Thatch,Contrail,Nijinsky,シル,オンリーフォアライフ,メジロビーナス,Hoist the Flag,Princess Pout,Olden Times,Tropic Star
202606010709,13,芝,1600,良,3勝クラス,ハーツクライ,ローズカットダイヤ,サンデーサイレンス,アイリッシュダンス,フレンチデピュティ,ダイヤモンドジェム,Halo,Wishing Well,トニービン,ビューパーダンス,Deputy Minister,Mitterand,ドクターデヴィアス,ブリリアントカット,Hail to Reason,Cosmah,Understanding,Mountain Flower,カンパラ,Severn Bridge,Lyphard,My Bupers,Vice Regent,Mint Copy,Hold Your Peace,Laredo Lass,Ahonoora,Rose of Jericho,ノーザンテースト,ジエヌインダイアモンド,Turn-to,Nothirdchance,Cosmic Bomb,Almahmoud,Promised Land,Pretty Ways,Montparnasse,Edelweiss,Kalamoun,State Pension,Hornbeam,Priddy Fair,Northern Dancer,Goofed,Bupers,Princess Revoked,Northern Dancer,Victoria Regina,Bunty's Flight,Shakney,Speak John,Blue Moon,Bold Ruler,Fortunate Isle,Lorenzaccio,Helen Nichols,Alleged,Rose Red,Northern Dancer,Lady Victoria,Irish Ruler,Diamonds for Dolly
202606010709,14,芝,1600,良,3勝クラス,Dark Angel,ブギーダモーレ,Acclamation,Midnight Angel,Rail Link,Asmita,Royal Applause,Princess Athena,Machiavellian,Night At Sea,Dansili,Docklands,Efisio,Astorga,ワージブ,Flying Melody,Ahonoora,Shopping Wise,Mr. Prospector,Coup de Folie,Night Shift,Into Harbour,デインヒル,Hasili,Theatrical,Dockage,Formidable,Eldoret,Relko,Aldenize,トライマイベスト,Coryana,Auction Ring,Whispering Star,Lorenzaccio,Helen Nichols,フロリバンダ,Sea Melody,Raise a Native,Gold Digger,Halo,Raise the Standard,Northern Dancer,Ciboulette,Right Tack,Headland,Danzig,Razyana,Kahyasi,Kerali,Nureyev,ツリーオブノレッジ,Riverman,Golden Alibi,Forli,Native Partner,High Top,Bamburi,Tanerko,Relance,ソーブレスド,Anguilla
202606010709,15,芝,1600,良,3勝クラス,シルバーステート,マイビビアーヌ,ディープインパクト,シルヴァースカヤ,Shamardal,My,サンデーサイレンス,ウインドインハーヘア,Silver Hawk,Boubskaia,Giant's Causeway,Helsinki,キングズベスト,Maskunah,Halo,Wishing Well,Alzao,Burghclere,Roberto,Gris Vitesse,Niniski,Frenetique,Storm Cat,Mariah's Storm,Machiavellian,Helen Street,Kingmambo,Allegretta,Sadler's Wells,Lucayan Princess,Hail to Reason,Cosmah,Understanding,Mountain Flower,Lyphard,Lady Rebecca,Busted,Highclere,Hail to Reason,Bramalea,Amerigo,Matchiche,Nijinsky,Virginia Hills,Tyrant,Femina,Storm Bird,Terlingua,Rahy,イメンス,Mr. Prospector,Coup de Folie,Troy,Waterway,Mr. Prospector,Miesque,Lombard,Anatevka,Northern Dancer,Fairy Bridge,High Line,Gay France
202606010710,1,ダート,1200,良,オープン,サトノダイヤモンド,エリモフェザー,ディープインパクト,マルペンサ,シニスターミニスター,リトルマーメード,サンデーサイレンス,ウインドインハーヘア,Orpen,Marsella,Old Trieste,Sweet Minister,トワイニング,エリモドリーム,Halo,Wishing Well,Alzao,Burghclere,Lure,Bonita Francita,サザンヘイロー,Riviere,A.P. Indy,Lovlier Linda,The Prime Minister,Sweet Blue,フォーティナイナー,Courtly Dee,ブライアンズタイム,エリモキリコ,Hail to Reason,Cosmah,Understanding,Mountain Flower,Lyphard,Lady Rebecca,Busted,Highclere,Danzig,Endear,Devil's Bag,Raise the Standard,Halo,Northern Sea,Logical,Talonada,Seattle Slew,Weekend Surprise,Vigors,Linda Summers,Deputy Minister,Stick to Beauty,Hurry Up Blue,Sugar Gold,Mr. Prospector,File,Never Bend,Tulle,Roberto,Kelley's Day,マルゼンスキー,サニーエンゼル
202606010710,2,ダート,1200,良,オープン,Shancelot,Cicada's Song,シャンハイボビー,True Kiss,Twirling Candy,Money for Makeup,Harlan's Holiday,Steelin',Is It True,Kissin Rene,Candy Ride,House of Danzing,Forestry,Tango for Tips,Harlan,Christmas in Aiken,Orientate,Steel Band,Raja Baba,Roman Rockette,Kissin Kris,Monique Rene,Ride the Rails,Candy Girl,Chester House,Danzing Crown,Storm Cat,Shared Interest,Seeking the Gold,American Tango,Storm Cat,Country Romance,Affirmed,Dowager,Mt. Livermore,Dream Team,Carson City,ウェディングバンド,Bold Ruler,Missy Baba,Proudest Roman,Kitchen Window,Kris S.,Toes Forward,Prince of Ascot,Party Date,Cryptoclearance,Herbalesian,Candy Stripes,City Girl,Mr. Prospector,Toussaud,Danzig,Crownette,Storm Bird,Terlingua,Pleasant Colony,Surgery,Mr. Prospector,Con Game,Quiet American,Brazilian Beat
202606010710,3,ダート,1200,良,オープン,ダノンレジェンド,ジョーカルーア,Macho Uno,マイグッドネス,ジョーカプチーノ,ジョーイロンデル,Holy Bull,Primal Force,Storm Cat,Caressing,マンハッタンカフェ,ジョープシケ,クロフネ,ジョーテンオン,Great Above,Sharon Brown,Blushing Groom,Prime Prospect,Storm Bird,Terlingua,Honour and Glory,Lovin Touch,サンデーサイレンス,サトルチェンジ,フサイチコンコルド,ジョーユーチャリス,フレンチデピュティ,ブルーアヴェニュー,サンデーサイレンス,サクラギャル,Minnesota Mac,Ta Wee,Al Hattab,Agathea's Dawn,Red God,Runaway Bride,Mr. Prospector,Square Generation,Northern Dancer,South Ocean,Secretariat,Crimson Saint,Relaunch,Fair to All,Majestic Prince,Forest Princess,Halo,Wishing Well,Law Society,Santa Luciana,Caerleon,バレークイーン,トウショウボーイ,ジョーバブーン,Deputy Minister,Mitterand,Classic Go Go,Eliza Blue,Halo,Wishing Well,ノーザンテースト,シヤダイアンブリー
202606010710,3,ダート,1200,良,オープン,ミッキーアイル,ナムラヒラリー,ディープインパクト,スターアイル,クロフネ,ティアドロップス,サンデーサイレンス,ウインドインハーヘア,ロックオブジブラルタル,アイルドフランス,フレンチデピュティ,ブルーアヴェニュー,サンデーサイレンス,パイナップルスター,Halo,Wishing Well,Alzao,Burghclere,デインヒル,Offshore Boom,Nureyev,ステラマドリッド,Deputy Minister,Mitterand,Classic Go Go,Eliza Blue,Halo,Wishing Well,ニホンピロウイナー,ダイナスワップス,Hail to Reason,Cosmah,Understanding,Mountain Flower,Lyphard,Lady Rebecca,Busted,Highclere,Danzig,Razyana,Be My Guest,Push a Button,Northern Dancer,Special,Alydar,My Juliet,Vice Regent,Mint Copy,Hold Your Peace,Laredo Lass,Pago Pago,Classic Perfection,Icecapade,コレラ,Hail to Reason,Cosmah,Understanding,Mountain Flower,スティールハート,ニホンピロエバート,ノーザンテースト,サニースワップス
202606010710,5,ダート,1200,良,オープン,ミッキーアイル,ラブミーニキータ,ディープインパクト,スターアイル,クロフネ,コパノニキータ,サンデーサイレンス,ウインドインハーヘア,ロックオブジブラルタル,アイルドフランス,フレンチデピュティ,ブルーアヴェニュー,ティンバーカントリー,ニホンピロローズ,Halo,Wishing Well,Alzao,Burghclere,デインヒル,Offshore Boom,Nureyev,ステラマドリッド,Deputy Minister,Mitterand,Classic Go Go,Eliza Blue,Woodman,Fall Aspen,トニービン,ウェディングブーケ,Hail to Reason,Cosmah,Understanding,Mountain Flower,Lyphard,Lady Rebecca,Busted,Highclere,Danzig,Razyana,Be My Guest,Push a Button,Northern Dancer,Special,Alydar,My Juliet,Vice Regent,Mint Copy,Hold Your Peace,Laredo Lass,Pago Pago,Classic Perfection,Icecapade,コレラ,Mr. Prospector,プレイメイト,Pretense,Change Water,カンパラ,Severn Bridge,リアルシャダイ,アリーウイン
202606010710,6,ダート,1200,良,オープン,マジェスティックウォリアー,メジェルダ,A.P. Indy,Dream Supreme,ディープインパクト,メリュジーヌ,Seattle Slew,Weekend Surprise,Seeking the Gold,Spinning Round,サンデーサイレンス,ウインドインハーヘア,フレンチデピュティ,メジェール,Bold Reasoning,My Charmer,Secretariat,Lassie Dear,Mr. Prospector,Con Game,Dixieland Band,Take Heart,Halo,Wishing Well,Alzao,Burghclere,Deputy Minister,Mitterand,タバスコキャット,カスパースカイゴールド,Boldnesian,Reason to Earn,Poker,Fair Charmer,Bold Ruler,Somethingroyal,Buckpasser,Gay Missile,Raise a Native,Gold Digger,Buckpasser,Broadway,Northern Dancer,Mississippi Mud,Secretariat,Deck Stewardess,Hail to Reason,Cosmah,Understanding,Mountain Flower,Lyphard,Lady Rebecca,Busted,Highclere,Vice Regent,Mint Copy,Hold Your Peace,Laredo Lass,Storm Cat,Barbicue Sauce,Seeking the Gold,ビベ
202606010710,7,ダート,1200,良,オープン,ジャスタウェイ,エミレーツガール,ハーツクライ,シビル,Lizard Island,Embrasable,サンデーサイレンス,アイリッシュダンス,Wild Again,シャロン,Danehill Dancer,Add,Equalize,Embrasser,Halo,Wishing Well,トニービン,ビューパーダンス,Icecapade,Bushel-n-Peck,Mo Exception,Double Wiggle,デインヒル,Mira Adonde,Spectacular Bid,Number,Northern Jove,Zonta,Candy Stripes,Embouche,Hail to Reason,Cosmah,Understanding,Mountain Flower,カンパラ,Severn Bridge,Lyphard,My Bupers,Nearctic,Shenanigans,Khaled,Dama,Hard Work,With Exception,Sir Wiggle,Blue Double,Danzig,Razyana,Sharpen Up,Lettre d'Amour,Bold Bidder,Spectacular,Nijinsky,Special,Northern Dancer,Junonia,Dr. Fager,Santa Tina,Blushing Groom,バブルカンパニー,Ringaro,Emboscada
202606010710,8,ダート,1200,良,オープン,ロードカナロア,パーフェクトトリビュート,キングカメハメハ,レディブラッサム,Dubawi,Perfect Spirit,Kingmambo,マンファス,Storm Cat,サラトガデュー,Dubai Millennium,Zomaradah,Invincible Spirit,Ballet Society,Mr. Prospector,Miesque,ラストタイクーン,Pilot Bird,Storm Bird,Terlingua,Cormorant,Super Luna,Seeking the Gold,Colorado Dancer,Deploy,Jawaher,Green Desert,Rafha,Sadler's Wells,Gwydion,Raise a Native,Gold Digger,Nureyev,Pasadoble,トライマイベスト,Mill Princess,Blakeney,The Dancer,Northern Dancer,South Ocean,Secretariat,Crimson Saint,His Majesty,Song Sparrow,In Reality,Alada,Mr. Prospector,Con Game,Shareef Dancer,Fall Aspen,Shirley Heights,Slightly Dangerous,ダンシングブレーヴ,High Tern,Danzig,Foreign Courier,Kris,Eljazzi,Northern Dancer,Fairy Bridge,Raise a Cup,Papamiento
202606010710,9,ダート,1200,良,オープン,カレンブラックヒル,ゴッドカリビアン,ダイワメジャー,チャールストンハーバー,ベーカバド,オメガカリビアン,サンデーサイレンス,スカーレットブーケ,Grindstone,Penny's Valentine,Cape Cross,Behkara,フレンチデピュティ,ゴッドインチーフ,Halo,Wishing Well,ノーザンテースト,スカーレットインク,Unbridled,Buzz My Bell,Storm Cat,Mrs. Penny,Green Desert,Park Appeal,Kris,Behera,Deputy Minister,Mitterand,コマンダーインチーフ,ファーガーズプロスペクト,Hail to Reason,Cosmah,Understanding,Mountain Flower,Northern Dancer,Lady Victoria,Crimson Satan,Consentida,Fappiano,Gana Facil,Drone,Chateaupavia,Storm Bird,Terlingua,Great Nephew,Tananarive,Danzig,Foreign Courier,Ahonoora,Balidaress,Sharpen Up,Doubly Sure,Mill Reef,Borushka,Vice Regent,Mint Copy,Hold Your Peace,Laredo Lass,ダンシングブレーヴ,Slightly Dangerous,Chief's Crown,Fager's Glory
202606010710,10,ダート,1200,良,オープン,Into Mischief,Carolina Bertie,Harlan's Holiday,Leslie's Lady,Speightstown,Bashful Bertie,Harlan,Christmas in Aiken,Tricky Creek,Crystal Lady,Gone West,Silken Cat,Quiet American,Clever Bertie,Storm Cat,Country Romance,Affirmed,Dowager,Clever Trick,Battle Creek Girl,Stop the Music,One Last Bird,Mr. Prospector,Secrettame,Storm Cat,Silken Doll,Fappiano,Demure,Timeless Native,Clever But Costly,Storm Bird,Terlingua,Halo,Sweet Romance,Exclusive Native,Won't Tell You,Honest Pleasure,Princessnesian,Icecapade,Kankakee Miss,His Majesty,Far Beyond,Hail to Reason,Bebopper,One for All,Last Bird,Raise a Native,Gold Digger,Secretariat,Tamerett,Storm Bird,Terlingua,Chieftain,Insilca,Mr. Prospector,Killaloe,Dr. Fager,Quiet Charm,Timeless Moment,Head Off,Clever Trick,Swoonlow
202606010710,11,ダート,1200,良,オープン,Into Mischief,Bonita Mia,Harlan's Holiday,Leslie's Lady,Warrior's Reward,Miss Simpatia,Harlan,Christmas in Aiken,Tricky Creek,Crystal Lady,Medaglia d'Oro,For All You Do,サザンヘイロー,Miss Peggy,Storm Cat,Country Romance,Affirmed,Dowager,Clever Trick,Battle Creek Girl,Stop the Music,One Last Bird,El Prado,Cappucino Bay,Seeking the Gold,Salina Cookie,Halo,Northern Sea,Fitzcarraldo,Miss Bimba,Storm Bird,Terlingua,Halo,Sweet Romance,Exclusive Native,Won't Tell You,Honest Pleasure,Princessnesian,Icecapade,Kankakee Miss,His Majesty,Far Beyond,Hail to Reason,Bebopper,One for All,Last Bird,Sadler's Wells,Lady Capulet,Bailjumper,Dubbed In,Mr. Prospector,Con Game,シアトルダンサー,Quilloquick,Hail to Reason,Cosmah,Northern Dancer,Sea Saga,Cipayo,Stall Only,Our Talisman,Miss Venecia
202606010710,12,ダート,1200,良,オープン,キズナ,サウンドリアーナ,ディープインパクト,キャットクイル,ケイムホーム,オテンバコマチ,サンデーサイレンス,ウインドインハーヘア,Storm Cat,Pacific Princess,Gone West,Nice Assay,ダンシングブレーヴ,ボールドワン,Halo,Wishing Well,Alzao,Burghclere,Storm Bird,Terlingua,Damascus,Fiji,Mr. Prospector,Secrettame,Clever Trick,インフルヴユー,Lyphard,Navajo Princess,ボールドリック,トシオカンノン,Hail to Reason,Cosmah,Understanding,Mountain Flower,Lyphard,Lady Rebecca,Busted,Highclere,Northern Dancer,South Ocean,Secretariat,Crimson Saint,Sword Dancer,Kerala,Acropolis,Rififi,Raise a Native,Gold Digger,Secretariat,Tamerett,Icecapade,Kankakee Miss,Full Out,Turn n'See,Northern Dancer,Goofed,Drone,Olmec,Round Table,Two Cities,ボンモー,メジロカンノン
202606010710,13,ダート,1200,良,オープン,トーセンラー,マチカネハヤテ,ディープインパクト,プリンセスオリビア,サクラバクシンオー,ベルセゾン,サンデーサイレンス,ウインドインハーヘア,Lycius,Dance Image,サクラユタカオー,サクラハゴロモ,ベリファ,ヴアインゴールド,Halo,Wishing Well,Alzao,Burghclere,Mr. Prospector,Lypatia,Sadler's Wells,Diamond Spring,テスコボーイ,アンジェリカ,ノーザンテースト,クリアアンバー,Lyphard,Belga,Mr. Prospector,Chancy Dance,Hail to Reason,Cosmah,Understanding,Mountain Flower,Lyphard,Lady Rebecca,Busted,Highclere,Raise a Native,Gold Digger,Lyphard,Hypatia,Northern Dancer,Fairy Bridge,Vaguely Noble,Dumfries,Princely Gift,Suncourt,ネヴァービート,スターハイネス,Northern Dancer,Lady Victoria,Ambiopoise,One Clear Call,Northern Dancer,Goofed,Le Fabuleux,Belle de Retz,Raise a Native,Gold Digger,Bold Reason,Hasty Hitter
202606010710,14,ダート,1200,良,オープン,Into Mischief,Separationofpowers,Harlan's Holiday,Leslie's Lady,Candy Ride,Shehadmefromhello,Harlan,Christmas in Aiken,Tricky Creek,Crystal Lady,Ride the Rails,Candy Girl,エンパイアメーカー,Lasting Code,Storm Cat,Country Romance,Affirmed,Dowager,Clever Trick,Battle Creek Girl,Stop the Music,One Last Bird,Cryptoclearance,Herbalesian,Candy Stripes,City Girl,Unbridled,Toussaud,Lost Code,Cajun Nite Lady,Storm Bird,Terlingua,Halo,Sweet Romance,Exclusive Native,Won't Tell You,Honest Pleasure,Princessnesian,Icecapade,Kankakee Miss,His Majesty,Far Beyond,Hail to Reason,Bebopper,One for All,Last Bird,Fappiano,Naval Orange,Herbager,Alanesian,Blushing Groom,バブルカンパニー,Farnesio,Cithara,Fappiano,Gana Facil,El Gran Senor,Image of Reality,Codex,Loss Or Gain,オジジアン,Lady Hardwick
202606010710,15,ダート,1200,良,オープン,デクラレーションオブウォー,メイショウユウゼン,War Front,Tempo West,タイキシャトル,ローマステーション,Danzig,Starry Dreamer,Rahy,Tempo,Devil's Bag,ウェルシュマフィン,Law Society,アルパインスウィフト,Northern Dancer,Pas de Nom,Rubiano,Lara's Star,Blushing Groom,Glorious Song,Gone West,Terpsichorist,Halo,Ballade,Caerleon,Muffitys,Alleged,Bold Bikini,Storm Bird,La Dame Du Lac,Nearctic,Natalma,Admiral's Voyage,Petitioner,Fappiano,Ruby Slippers,Forli,True Reality,Red God,Runaway Bride,Halo,Ballade,Mr. Prospector,Secrettame,Nijinsky,Glad Rags,Hail to Reason,Cosmah,Herbager,Miss Swapsco,Nijinsky,Foreseer,Thatch,Contrail,Hoist the Flag,Princess Pout,Boldnesian,Ran-Tan,Northern Dancer,South Ocean,Round Table,Cosmah
202606010710,16,ダート,1200,良,オープン,War Front,Elizabeth Browning,Danzig,Starry Dreamer,Galileo,Inca Princess,Northern Dancer,Pas de Nom,Rubiano,Lara's Star,Sadler's Wells,Urban Sea,Holy Roman Emperor,Miletrian,Nearctic,Natalma,Admiral's Voyage,Petitioner,Fappiano,Ruby Slippers,Forli,True Reality,Northern Dancer,Fairy Bridge,Miswaki,Allegretta,デインヒル,L'On Vite,Marju,Warg,Nearco,Lady Angela,Native Dancer,Almahmoud,Crafty Admiral,Olympia Lou,Petition,Steady Aim,Mr. Prospector,Killaloe,Nijinsky,Moon Glitter,Aristophanes,Trevisa,Round Table,Secret Promise,Nearctic,Natalma,Bold Reason,Special,Mr. Prospector,Hopespringseternal,Lombard,Anatevka,Danzig,Razyana,Secretariat,Fanfreluche,ラストタイクーン,Flame of Tara,ダンシングブレーヴ,Um Lardaff
202606010711,1,芝,2000,良,オープン,スワーヴリチャード,シンバル,ハーツクライ,ピラミマ,シングスピール,Valdara,サンデーサイレンス,アイリッシュダンス,Unbridled's Song,キャリアコレクション,In the Wings In The Wings,Glorious Song,Darshaan,Valverda,Halo,Wishing Well,トニービン,ビューパーダンス,Unbridled,Trolley Song,General Meeting,River of Stars,Sadler's Wells,High Hawk,Halo,Ballade,Shirley Heights,Delsy,Irish River,Via Venise,Hail to Reason,Cosmah,Understanding,Mountain Flower,カンパラ,Severn Bridge,Lyphard,My Bupers,Fappiano,Gana Facil,Caro,Lucky Spell,Seattle Slew,Alydar's Promise,Riverman,Star Fortune,Northern Dancer,Fairy Bridge,Shirley Heights,Sunbittern,Hail to Reason,Cosmah,Herbager,Miss Swapsco,Mill Reef,Hardiemma,Abdos,Kelty,Riverman,Irish Star,Shoemaker,Vassilissa
202606010711,2,芝,2000,良,オープン,エピファネイア,デザートライド,シンボリクリスエス,シーザリオ,Candy Ride,Fun in the Desert,Kris S.,Tee Kay,スペシャルウィーク,キロフプリミエール,Ride the Rails,Candy Girl,Distorted Humor,Eye of the Sphynx,Roberto,Sharp Queen,Gold Meridian,Tri Argo,サンデーサイレンス,キャンペンガール,Sadler's Wells,Querida,Cryptoclearance,Herbalesian,Candy Stripes,City Girl,フォーティナイナー,Danzig's Beauty,Smart Strike,Queen of Egypt,Hail to Reason,Bramalea,Princequillo,Bridgework,Seattle Slew,Queen Louie,Tri Jet,Hail Proudly,Halo,Wishing Well,マルゼンスキー,レディーシラオキ,Northern Dancer,Fairy Bridge,Habitat,Principia,Fappiano,Naval Orange,Herbager,Alanesian,Blushing Groom,バブルカンパニー,Farnesio,Cithara,Mr. Prospector,File,Danzig,Sweetest Chant,Mr. Prospector,Classy 'n Smart,Vice Regent,Forleana
202606010711,3,芝,2000,良,オープン,フィエールマン,ソシアルクラブ,ディープインパクト,リュヌドール,キングカメハメハ,ブエナビスタ,サンデーサイレンス,ウインドインハーヘア,Green Tune,Luth d'Or,Kingmambo,マンファス,スペシャルウィーク,ビワハイジ,Halo,Wishing Well,Alzao,Burghclere,Green Dancer,Soundings,Noir Et Or,Viole d'Amour,Mr. Prospector,Miesque,ラストタイクーン,Pilot Bird,サンデーサイレンス,キャンペンガール,Caerleon,アグサン,Hail to Reason,Cosmah,Understanding,Mountain Flower,Lyphard,Lady Rebecca,Busted,Highclere,Nijinsky,Green Valley,Mr. Prospector,Ocean's Answer,ラインゴールド,Pomme Rose,Luthier,Mandolinette,Raise a Native,Gold Digger,Nureyev,Pasadoble,トライマイベスト,Mill Princess,Blakeney,The Dancer,Halo,Wishing Well,マルゼンスキー,レディーシラオキ,Nijinsky,Foreseer,Lord Gayle,Santa Luciana
202606010711,4,芝,2000,良,オープン,モーリス,アースライズ,スクリーンヒーロー,メジロフランシス,マンハッタンカフェ,ライジングクロス,グラスワンダー,ランニングヒロイン,カーネギー,メジロモントレー,サンデーサイレンス,サトルチェンジ,Cape Cross,Woodrising,Silver Hawk,Ameriflora,サンデーサイレンス,ダイナアクトレス,Sadler's Wells,Detroit,モガミ,メジロクインシー,Halo,Wishing Well,Law Society,Santa Luciana,Green Desert,Park Appeal,Nomination,Bodham,Roberto,Gris Vitesse,Danzig,Graceful Touch,Halo,Wishing Well,ノーザンテースト,モデルスポート,Northern Dancer,Fairy Bridge,Riverman,Derna,Lyphard,ノーラック,フィディオン,メジロボサツ,Hail to Reason,Cosmah,Understanding,Mountain Flower,Alleged,Bold Bikini,Luciano,Suleika,Danzig,Foreign Courier,Ahonoora,Balidaress,Dominion,Rivers Maid,Bustino,Cley
202606010711,5,芝,2000,良,オープン,レイデオロ,フィリポナ,キングカメハメハ,ラドラーダ,ブラックタイド,キラーグレイシス,Kingmambo,マンファス,シンボリクリスエス,レディブロンド,サンデーサイレンス,ウインドインハーヘア,Congaree,Heatherdoesntbluff,Mr. Prospector,Miesque,ラストタイクーン,Pilot Bird,Kris S.,Tee Kay,Seeking the Gold,ウインドインハーヘア,Halo,Wishing Well,Alzao,Burghclere,アラジ,Mari's Sheba,Old Trieste,Michigan Bluff,Raise a Native,Gold Digger,Nureyev,Pasadoble,トライマイベスト,Mill Princess,Blakeney,The Dancer,Roberto,Sharp Queen,Gold Meridian,Tri Argo,Mr. Prospector,Con Game,Alzao,Burghclere,Hail to Reason,Cosmah,Understanding,Mountain Flower,Lyphard,Lady Rebecca,Busted,Highclere,Blushing Groom,ダンスールファビュルー,Mari's Book,Sheba Little,A.P. Indy,Lovlier Linda,Skywalker,ミドルフォークラピッヅ
202606010711,6,芝,2000,良,オープン,レイデオロ,メジロマリアン,キングカメハメハ,ラドラーダ,メジロベイリー,メジロサンドラ,Kingmambo,マンファス,シンボリクリスエス,レディブロンド,サンデーサイレンス,レールデュタン,メジロマックイーン,カンパナ,Mr. Prospector,Miesque,ラストタイクーン,Pilot Bird,Kris S.,Tee Kay,Seeking the Gold,ウインドインハーヘア,Halo,Wishing Well,マルゼンスキー,ケイツナミ,メジロティターン,メジロオーロラ,Sadler's Wells,Two Rings,Raise a Native,Gold Digger,Nureyev,Pasadoble,トライマイベスト,Mill Princess,Blakeney,The Dancer,Roberto,Sharp Queen,Gold Meridian,Tri Argo,Mr. Prospector,Con Game,Alzao,Burghclere,Hail to Reason,Cosmah,Understanding,Mountain Flower,Nijinsky,シル,ラディガ,ハイビスカス,メジロアサマ,シエリル,リマンド,メジロアイリス,Northern Dancer,Fairy Bridge,Round Table,Allofthem
202606010711,7,芝,2000,良,オープン,ダノンバラード,ミチビキ,ディープインパクト,レディバラード,ナカヤマフェスタ,コスモクラッベ,サンデーサイレンス,ウインドインハーヘア,Unbridled,Angelic Song,ステイゴールド,ディアウィンク,マイネルラヴ,ビンゴハナコ,Halo,Wishing Well,Alzao,Burghclere,Fappiano,Gana Facil,Halo,Ballade,サンデーサイレンス,ゴールデンサッシュ,タイトスポット,セイレイ,Seeking the Gold,Heart of Joy,パークリージェント,ビンゴストーク,Hail to Reason,Cosmah,Understanding,Mountain Flower,Lyphard,Lady Rebecca,Busted,Highclere,Mr. Prospector,Killaloe,Le Fabuleux,Charedi,Hail to Reason,Cosmah,Herbager,Miss Swapsco,Halo,Wishing Well,ディクタス,ダイナサッシュ,His Majesty,Premium Win,デインヒル,センスオブリズム,Mr. Prospector,Con Game,リィフォー,Mythographer,Vice Regent,Miss Attractive,ブレイヴェストローマン,フラワースウイース
202606010711,8,芝,2000,良,オープン,サートゥルナーリア,メガン,ロードカナロア,シーザリオ,ディープインパクト,ベルロワイヤル,キングカメハメハ,レディブラッサム,スペシャルウィーク,キロフプリミエール,サンデーサイレンス,ウインドインハーヘア,Val Royal,Kahyasi Moll,Kingmambo,マンファス,Storm Cat,サラトガデュー,サンデーサイレンス,キャンペンガール,Sadler's Wells,Querida,Halo,Wishing Well,Alzao,Burghclere,ロイヤルアカデミー,Vadlava,Brief Truce,Deydarika,Mr. Prospector,Miesque,ラストタイクーン,Pilot Bird,Storm Bird,Terlingua,Cormorant,Super Luna,Halo,Wishing Well,マルゼンスキー,レディーシラオキ,Northern Dancer,Fairy Bridge,Habitat,Principia,Hail to Reason,Cosmah,Understanding,Mountain Flower,Lyphard,Lady Rebecca,Busted,Highclere,Nijinsky,Crimson Saint,Bikala,Vadsa,Irish River,Falafel,Kahyasi,Dedara
202606010711,9,芝,2000,良,オープン,キセキ,トリニティプレイス,ルーラーシップ,ブリッツフィナーレ,マンハッタンカフェ,カーラパワー,キングカメハメハ,エアグルーヴ,ディープインパクト,ロンドンブリッジ,サンデーサイレンス,サトルチェンジ,Caerleon,Jabali,Kingmambo,マンファス,トニービン,ダイナカール,サンデーサイレンス,ウインドインハーヘア,ドクターデヴィアス,オールフォーロンドン,Halo,Wishing Well,Law Society,Santa Luciana,Nijinsky,Foreseer,Shirley Heights,Toute Cy,Mr. Prospector,Miesque,ラストタイクーン,Pilot Bird,カンパラ,Severn Bridge,ノーザンテースト,シャダイフェザー,Halo,Wishing Well,Alzao,Burghclere,Ahonoora,Rose of Jericho,Danzig,Full Card,Hail to Reason,Cosmah,Understanding,Mountain Flower,Alleged,Bold Bikini,Luciano,Suleika,Northern Dancer,Flaming Page,Round Table,Regal Gleam,Mill Reef,Hardiemma,Tennyson,Adele Toumignon
202606010711,10,芝,2000,良,オープン,コントレイル,セカンダリーマーケット,ディープインパクト,ロードクロサイト,Into Mischief,Starspangledbertie,サンデーサイレンス,ウインドインハーヘア,Unbridled's Song,Folklore,Harlan's Holiday,Leslie's Lady,Dixie Union,De Bertie,Halo,Wishing Well,Alzao,Burghclere,Unbridled,Trolley Song,Tiznow,Contrive,Harlan,Christmas in Aiken,Tricky Creek,Crystal Lady,Dixieland Band,She's Tops,De Niro,Pigeon Pea,Hail to Reason,Cosmah,Understanding,Mountain Flower,Lyphard,Lady Rebecca,Busted,Highclere,Fappiano,Gana Facil,Caro,Lucky Spell,Cee's Tizzy,Cee's Song,Storm Cat,Jeano,Storm Cat,Country Romance,Affirmed,Dowager,Clever Trick,Battle Creek Girl,Stop the Music,One Last Bird,Northern Dancer,Mississippi Mud,Capote,She's a Talent,Gulch,Waya,Topsider,Run Come See
202606010711,11,芝,2000,良,オープン,レイデオロ,ダイワミランダ,キングカメハメハ,ラドラーダ,ハービンジャー,ダイワスカーレット,Kingmambo,マンファス,シンボリクリスエス,レディブロンド,Dansili,Penang Pearl,アグネスタキオン,スカーレットブーケ,Mr. Prospector,Miesque,ラストタイクーン,Pilot Bird,Kris S.,Tee Kay,Seeking the Gold,ウインドインハーヘア,デインヒル,Hasili,Bering,Guapa,サンデーサイレンス,アグネスフローラ,ノーザンテースト,スカーレットインク,Raise a Native,Gold Digger,Nureyev,Pasadoble,トライマイベスト,Mill Princess,Blakeney,The Dancer,Roberto,Sharp Queen,Gold Meridian,Tri Argo,Mr. Prospector,Con Game,Alzao,Burghclere,Danzig,Razyana,Kahyasi,Kerali,Arctic Tern,Beaune,Shareef Dancer,Sauceboat,Halo,Wishing Well,ロイヤルスキー,アグネスレディー,Northern Dancer,Lady Victoria,Crimson Satan,Consentida
202606010711,12,芝,2000,良,オープン,サトノダイヤモンド,ライラックローズ,ディープインパクト,マルペンサ,Henrythenavigator,ライラックスアンドレース,サンデーサイレンス,ウインドインハーヘア,Orpen,Marsella,Kingmambo,Sequoyah,Flower Alley,Refinement,Halo,Wishing Well,Alzao,Burghclere,Lure,Bonita Francita,サザンヘイロー,Riviere,Mr. Prospector,Miesque,Sadler's Wells,Brigid,Distorted Humor,プリンセスオリビア,Seattle Slew,ステラマドリッド,Hail to Reason,Cosmah,Understanding,Mountain Flower,Lyphard,Lady Rebecca,Busted,Highclere,Danzig,Endear,Devil's Bag,Raise the Standard,Halo,Northern Sea,Logical,Talonada,Raise a Native,Gold Digger,Nureyev,Pasadoble,Northern Dancer,Fairy Bridge,Irish River,Luv Luvin',フォーティナイナー,Danzig's Beauty,Lycius,Dance Image,Bold Reasoning,My Charmer,Alydar,My Juliet
202606010711,13,芝,2000,良,オープン,スワーヴリチャード,ナオミノユメ,ハーツクライ,ピラミマ,ジャングルポケット,クロノロジスト,サンデーサイレンス,アイリッシュダンス,Unbridled's Song,キャリアコレクション,トニービン,ダンスチャーマー,クロフネ,インディスユニゾン,Halo,Wishing Well,トニービン,ビューパーダンス,Unbridled,Trolley Song,General Meeting,River of Stars,カンパラ,Severn Bridge,Nureyev,Skillful Joy,フレンチデピュティ,ブルーアヴェニュー,サンデーサイレンス,ラスティックベル,Hail to Reason,Cosmah,Understanding,Mountain Flower,カンパラ,Severn Bridge,Lyphard,My Bupers,Fappiano,Gana Facil,Caro,Lucky Spell,Seattle Slew,Alydar's Promise,Riverman,Star Fortune,Kalamoun,State Pension,Hornbeam,Priddy Fair,Northern Dancer,Special,Nodouble,Skillful Miss,Deputy Minister,Mitterand,Classic Go Go,Eliza Blue,Halo,Wishing Well,Mr. Prospector,Ragtime Girl
202606010711,14,芝,2000,良,オープン,レイデオロ,ステラリード,キングカメハメハ,ラドラーダ,スペシャルウィーク,ウェルシュステラ,Kingmambo,マンファス,シンボリクリスエス,レディブロンド,サンデーサイレンス,キャンペンガール,Zafonic,カタリスト,Mr. Prospector,Miesque,ラストタイクーン,Pilot Bird,Kris S.,Tee Kay,Seeking the Gold,ウインドインハーヘア,Halo,Wishing Well,マルゼンスキー,レディーシラオキ,Gone West,Zaizafon,Sadler's Wells,Welsh Love,Raise a Native,Gold Digger,Nureyev,Pasadoble,トライマイベスト,Mill Princess,Blakeney,The Dancer,Roberto,Sharp Queen,Gold Meridian,Tri Argo,Mr. Prospector,Con Game,Alzao,Burghclere,Hail to Reason,Cosmah,Understanding,Mountain Flower,Nijinsky,シル,セントクレスピン,ミスアシヤガワ,Mr. Prospector,Secrettame,The Minstrel,Mofida,Northern Dancer,Fairy Bridge,Ela-Mana-Mou,Welsh Flame
202606010711,15,芝,2000,良,オープン,ホークビル,シティリズム,Kitten's Joy,Trensa,エイシンフラッシュ,サトノジュエル,El Prado,Kitten's First,Giant's Causeway,Serape,キングズベスト,ムーンレディ,アグネスタキオン,スパークルジュエル,Sadler's Wells,Lady Capulet,Lear Fan,That's My Hon,Storm Cat,Mariah's Storm,Fappiano,Mochila,Kingmambo,Allegretta,プラティニ,Midnight Fever,サンデーサイレンス,アグネスフローラ,Unbridled's Song,Golden Jewel Box,Northern Dancer,Fairy Bridge,Sir Ivor,Cap and Bells,Roberto,Wac,L'Enjoleur,One Lane,Storm Bird,Terlingua,Rahy,イメンス,Mr. Prospector,Killaloe,In Reality,Ride the Trails,Mr. Prospector,Miesque,Lombard,Anatevka,Surumu,Prairie Darling,Sure Blade,Majoritat,Halo,Wishing Well,ロイヤルスキー,アグネスレディー,Unbridled,Trolley Song,Slew o' Gold,Miss Storm Bird
202606010712,1,芝,1600,良,未勝利,ポエティックフレア,ナスノシンフォニー,Dawn Approach,Maria Lee,ハーツクライ,ナスノシベリウス,New Approach,Hymn Of The Dawn,ロックオブジブラルタル,Elida,サンデーサイレンス,アイリッシュダンス,Unbridled's Song,Cradlesong,Galileo,Park Express,Phone Trick,Colonial Debut,デインヒル,Offshore Boom,ロイヤルアカデミー,Saviour,Halo,Wishing Well,トニービン,ビューパーダンス,Unbridled,Trolley Song,Pine Bluff,Happy Tune,Sadler's Wells,Urban Sea,Ahonoora,Matcher,Clever Trick,Over the Phone,Pleasant Colony,Kittihawk Miss,Danzig,Razyana,Be My Guest,Push a Button,Nijinsky,Crimson Saint,Majestic Light,Victorian Queen,Hail to Reason,Cosmah,Understanding,Mountain Flower,カンパラ,Severn Bridge,Lyphard,My Bupers,Fappiano,Gana Facil,Caro,Lucky Spell,Danzig,Rowdy Angel,A.P. Indy,Hum Along
202606010712,2,芝,1600,良,未勝利,イスラボニータ,シルヴァーコード,フジキセキ,イスラコジーン,スウェプトオーヴァーボード,クラックコード,サンデーサイレンス,ミルレーサー,Cozzene,Isla Mujeres,エンドスウィープ,Sheer Ice,ダンスインザダーク,マジックコード,Halo,Wishing Well,Le Fabuleux,Marston's Mill,Caro,Ride the Trails,Crafty Prospector,Lido Isle,フォーティナイナー,Broom Dance,Cutlass,Hey Dolly A.,サンデーサイレンス,ダンシングキイ,Lost Code,Beautiful Pet,Hail to Reason,Cosmah,Understanding,Mountain Flower,Wild Risk,Anguar,In Reality,Millicent,フォルティノ,Chambord,Prince John,Wildwook,Mr. Prospector,Real Crafty Lady,Far North,She Is Gorgeous,Mr. Prospector,File,Dance Spell,Witching Hour,Damascus,Aphonia,Ambehaving,Swift Deal,Halo,Wishing Well,Nijinsky,Key Partner,Codex,Loss Or Gain,Flying Paster,Album
202606010712,3,芝,1600,良,未勝利,サングレーザー,スキャットレディビーダンシング,ディープインパクト,マンティスハント,Scat Daddy,La Violette,サンデーサイレンス,ウインドインハーヘア,Deputy Minister,ウィッチフルシンキング,ヨハネスブルグ,Love Style,コロナドズクエスト,Comical Cat,Halo,Wishing Well,Alzao,Burghclere,Vice Regent,Mint Copy,Lord Avie,Halloween Joy,ヘネシー,Myth,Mr. Prospector,Likeable Style,フォーティナイナー,Laughing Look,Exceller,Six Months Long,Hail to Reason,Cosmah,Understanding,Mountain Flower,Lyphard,Lady Rebecca,Busted,Highclere,Northern Dancer,Victoria Regina,Bunty's Flight,Shakney,Lord Gaylord,Avie,Exuberant,Halloween,Storm Cat,Island Kitty,オジジアン,Yarn,Raise a Native,Gold Digger,Nijinsky,Personable Lady,Mr. Prospector,File,Damascus,Laughter,Vaguely Noble,Too Bald,Northern Dancer,Prime Time
202606010712,4,芝,1600,良,未勝利,ブリックスアンドモルタル,ペイドメルヴェイユ,Giant's Causeway,Beyond the Waves,ローエングリン,ミスティックリバー,Storm Cat,Mariah's Storm,Ocean Crest,Excedent,Singspiel,カーリング,サンデーサイレンス,ホワイトウォーターアフェア,Storm Bird,Terlingua,Rahy,イメンス,Storm Bird,S.S.Aroma,Exceller,Broadway Lullaby,In the Wings,Glorious Song,Garde Royale,Corraleja,Halo,Wishing Well,Machiavellian,Much Too Risky,Northern Dancer,South Ocean,Secretariat,Crimson Saint,Blushing Groom,Glorious Song,Roberto,Imsodear,Northern Dancer,South Ocean,Seattle Slew,Rare Bouquet,Vaguely Noble,Too Bald,Stage Door Johnny,リットルブレツシング,Sadler's Wells,High Hawk,Halo,Ballade,Mill Reef,Royal Way,Carvin,Darling Dale,Hail to Reason,Cosmah,Understanding,Mountain Flower,Mr. Prospector,Coup de Folie,Bustino,Short Rations
202606010712,5,芝,1600,良,未勝利,サートゥルナーリア,ファーストチェア,ロードカナロア,シーザリオ,ジャングルポケット,マイケイティーズ,キングカメハメハ,レディブラッサム,スペシャルウィーク,キロフプリミエール,トニービン,ダンスチャーマー,サンデーサイレンス,ケイティーズファースト,Kingmambo,マンファス,Storm Cat,サラトガデュー,サンデーサイレンス,キャンペンガール,Sadler's Wells,Querida,カンパラ,Severn Bridge,Nureyev,Skillful Joy,Halo,Wishing Well,Kris,Katies,Mr. Prospector,Miesque,ラストタイクーン,Pilot Bird,Storm Bird,Terlingua,Cormorant,Super Luna,Halo,Wishing Well,マルゼンスキー,レディーシラオキ,Northern Dancer,Fairy Bridge,Habitat,Principia,Kalamoun,State Pension,Hornbeam,Priddy Fair,Northern Dancer,Special,Nodouble,Skillful Miss,Hail to Reason,Cosmah,Understanding,Mountain Flower,Sharpen Up,Doubly Sure,ノノアルコ,Mortefontaine
202606010712,6,芝,1600,良,未勝利,ダノンプレミアム,シーソルティキッス,ディープインパクト,インディアナギャル,キングカメハメハ,ソルティビッド,サンデーサイレンス,ウインドインハーヘア,Intikhab,Genial Jenny,Kingmambo,マンファス,Salt Lake,Piper Piper,Halo,Wishing Well,Alzao,Burghclere,Red Ransom,Crafty Example,デインヒル,Joma Kaanem,Mr. Prospector,Miesque,ラストタイクーン,Pilot Bird,Deputy Minister,Take Lady Anne,Spectacular Bid,Alvarada,Hail to Reason,Cosmah,Understanding,Mountain Flower,Lyphard,Lady Rebecca,Busted,Highclere,Roberto,アラビア,Crafty Prospector,Zienelle,Danzig,Razyana,Double Form,Ash Lawn,Raise a Native,Gold Digger,Nureyev,Pasadoble,トライマイベスト,Mill Princess,Blakeney,The Dancer,Vice Regent,Mint Copy,Queen City Lad,Lovita H.,Bold Bidder,Spectacular,Hard Work,Easterborn
202606010712,7,芝,1600,良,未勝利,マクマホン,トーセンリラ,Ramonti,Miss Sultin,トーセンブライト,トーセンデイジー,Martino Alonso,Fosca,Celtic Swing,Miss Caerleon,ブライアンズタイム,アサヒブライト,サンデーサイレンス,イレイシャ,Marju,Cheerful Note,El Gran Senor,La Locandiera,ダミスター,Celtic Ring,Caerleon,Satin Pointe,Roberto,Kelley's Day,ジェイドロバリー,コスモローマン,Halo,Wishing Well,Gulch,キーフライヤー,ラストタイクーン,Flame of Tara,Cure the Blues,Strident Note,Northern Dancer,Sex Appeal,Alleged,Moon Ingraver,Mr. Prospector,Batucada,Welsh Pageant,Pencuik Jewel,Nijinsky,Foreseer,Sadler's Wells,Jalapa,Hail to Reason,Bramalea,Graustark,Golden Trail,Mr. Prospector,Number,ナイスダンサー,ジェラルレツド,Hail to Reason,Cosmah,Understanding,Mountain Flower,Mr. Prospector,Jameela,Nijinsky,Key Partner
202606010712,8,芝,1600,良,未勝利,シルバーステート,クイーンオブトロイ,ディープインパクト,シルヴァースカヤ,Storm Cat,Warrior Queen,サンデーサイレンス,ウインドインハーヘア,Silver Hawk,Boubskaia,Storm Bird,Terlingua,Quiet American,Call Me Fleet,Halo,Wishing Well,Alzao,Burghclere,Roberto,Gris Vitesse,Niniski,Frenetique,Northern Dancer,South Ocean,Secretariat,Crimson Saint,Fappiano,Demure,アフリート,Ocean's Answer,Hail to Reason,Cosmah,Understanding,Mountain Flower,Lyphard,Lady Rebecca,Busted,Highclere,Hail to Reason,Bramalea,Amerigo,Matchiche,Nijinsky,Virginia Hills,Tyrant,Femina,Nearctic,Natalma,New Providence,Shining Sun,Bold Ruler,Somethingroyal,Crimson Satan,Bolero Rose,Mr. Prospector,Killaloe,Dr. Fager,Quiet Charm,Mr. Prospector,Polite Lady,ノーザンアンサー,South Ocean
202606010712,9,芝,1600,良,未勝利,コントレイル,スウィートリーズン,ディープインパクト,ロードクロサイト,ストリートセンス,Livermore Leslie,サンデーサイレンス,ウインドインハーヘア,Unbridled's Song,Folklore,Street Cry,Bedazzle,Mt. Livermore,Whitesburg Express,Halo,Wishing Well,Alzao,Burghclere,Unbridled,Trolley Song,Tiznow,Contrive,Machiavellian,Helen Street,Dixieland Band,Majestic Legend,Blushing Groom,Flama Ardiente,Whitesburg,Frozen Expression,Hail to Reason,Cosmah,Understanding,Mountain Flower,Lyphard,Lady Rebecca,Busted,Highclere,Fappiano,Gana Facil,Caro,Lucky Spell,Cee's Tizzy,Cee's Song,Storm Cat,Jeano,Mr. Prospector,Coup de Folie,Troy,Waterway,Northern Dancer,Mississippi Mud,His Majesty,Long Legend,Red God,Runaway Bride,Crimson Satan,Royal Rafele,Crimson Satan,Mirabio,In a Trance,Winter Breeze
202606010712,10,芝,1600,良,未勝利,ダノンキングリー,ラホーヤビーチ,ディープインパクト,マイグッドネス,タイキシャトル,エアラホーヤ,サンデーサイレンス,ウインドインハーヘア,Storm Cat,Caressing,Devil's Bag,ウェルシュマフィン,ボストンハーバー,テンザンストーム,Halo,Wishing Well,Alzao,Burghclere,Storm Bird,Terlingua,Honour and Glory,Lovin Touch,Halo,Ballade,Caerleon,Muffitys,Capote,Harbor Springs,Storm Cat,Rythmical,Hail to Reason,Cosmah,Understanding,Mountain Flower,Lyphard,Lady Rebecca,Busted,Highclere,Northern Dancer,South Ocean,Secretariat,Crimson Saint,Relaunch,Fair to All,Majestic Prince,Forest Princess,Hail to Reason,Cosmah,Herbager,Miss Swapsco,Nijinsky,Foreseer,Thatch,Contrail,Seattle Slew,Too Bald,Vice Regent,Tinnitus,Storm Bird,Terlingua,Fappiano,Graceful Gal
202606010712,11,芝,1600,良,未勝利,キセキ,ゴールドカルラ,ルーラーシップ,ブリッツフィナーレ,ゼンノロブロイ,ハッピーマキシマム,キングカメハメハ,エアグルーヴ,ディープインパクト,ロンドンブリッジ,サンデーサイレンス,ローミンレイチェル,サクラバクシンオー,カタクラヒメ,Kingmambo,マンファス,トニービン,ダイナカール,サンデーサイレンス,ウインドインハーヘア,ドクターデヴィアス,オールフォーロンドン,Halo,Wishing Well,マイニング,One Smart Lady,サクラユタカオー,サクラハゴロモ,タケシバオー,ライトミツコ,Mr. Prospector,Miesque,ラストタイクーン,Pilot Bird,カンパラ,Severn Bridge,ノーザンテースト,シャダイフェザー,Halo,Wishing Well,Alzao,Burghclere,Ahonoora,Rose of Jericho,Danzig,Full Card,Hail to Reason,Cosmah,Understanding,Mountain Flower,Mr. Prospector,I Pass,Clever Trick,Pia's Lady,テスコボーイ,アンジェリカ,ノーザンテースト,クリアアンバー,チャイナロック,タカツナミ,ロイヤルタタン,ライトパレー
202606010712,12,芝,1600,良,未勝利,シャンハイボビー,ナムラジュエル,Harlan's Holiday,Steelin',マーベラスサンデー,ネクストタイム,Harlan,Christmas in Aiken,Orientate,Steel Band,サンデーサイレンス,モミジダンサー,アフリート,ジャビラバ,Storm Cat,Country Romance,Affirmed,Dowager,Mt. Livermore,Dream Team,Carson City,ウェディングバンド,Halo,Wishing Well,ヴァイスリーガル,モミジ,Mr. Prospector,Polite Lady,Majestic Light,コマーズ,Storm Bird,Terlingua,Halo,Sweet Romance,Exclusive Native,Won't Tell You,Honest Pleasure,Princessnesian,Blushing Groom,Flama Ardiente,Cox's Ridge,Likely Double,Mr. Prospector,Blushing Promise,Mighty Appealing,Ring of Steel,Hail to Reason,Cosmah,Understanding,Mountain Flower,Northern Dancer,Victoria Regina,Laugh Aloud,Hold Me Close,Raise a Native,Gold Digger,Venetian Jester,Friendly Ways,Majestic Prince,Irradiate,Danzig,ミドルマーチ
202606010712,13,芝,1600,良,未勝利,スワーヴリチャード,オピュレンス,ハーツクライ,ピラミマ,Giant's Causeway,Rags to Riches,サンデーサイレンス,アイリッシュダンス,Unbridled's Song,キャリアコレクション,Storm Cat,Mariah's Storm,A.P. Indy,Better Than Honour,Halo,Wishing Well,トニービン,ビューパーダンス,Unbridled,Trolley Song,General Meeting,River of Stars,Storm Bird,Terlingua,Rahy,イメンス,Seattle Slew,Weekend Surprise,Deputy Minister,Blush With Pride,Hail to Reason,Cosmah,Understanding,Mountain Flower,カンパラ,Severn Bridge,Lyphard,My Bupers,Fappiano,Gana Facil,Caro,Lucky Spell,Seattle Slew,Alydar's Promise,Riverman,Star Fortune,Northern Dancer,South Ocean,Secretariat,Crimson Saint,Blushing Groom,Glorious Song,Roberto,Imsodear,Bold Reasoning,My Charmer,Secretariat,Lassie Dear,Vice Regent,Mint Copy,Blushing Groom,Best in Show
202606010712,14,芝,1600,良,未勝利,タワーオブロンドン,ウエスタンレベッカ,Raven's Pass,スノーパイン,ゼンノロブロイ,ウエスタンデンコー,Elusive Quality,Ascutney,Dalakhani,シンコウエルメス,サンデーサイレンス,ローミンレイチェル,ジェネラス,ミュージカルラーク,Gone West,Touch of Greatness,Lord at War,Right Word,Darshaan,Daltawa,Sadler's Wells,Doff the Derby,Halo,Wishing Well,マイニング,One Smart Lady,Caerleon,Doff the Derby,Cure the Blues,Sparkalark,Mr. Prospector,Secrettame,Hero's Honor,Ivory Wand,General,Luna de Miel,Verbatim,Oratorio,Shirley Heights,Delsy,Miswaki,Damana,Northern Dancer,Fairy Bridge,Master Derby,Margarethen,Hail to Reason,Cosmah,Understanding,Mountain Flower,Mr. Prospector,I Pass,Clever Trick,Pia's Lady,Nijinsky,Foreseer,Master Derby,Margarethen,Stop the Music,Quick Cure,Cornish Prince,Diamond Ring
202606010712,15,芝,1600,良,未勝利,モーリス,レッドアウローラ,スクリーンヒーロー,メジロフランシス,ディープインパクト,レジュールダムール,グラスワンダー,ランニングヒロイン,カーネギー,メジロモントレー,サンデーサイレンス,ウインドインハーヘア,Kingmambo,フェアリーバラード,Silver Hawk,Ameriflora,サンデーサイレンス,ダイナアクトレス,Sadler's Wells,Detroit,モガミ,メジロクインシー,Halo,Wishing Well,Alzao,Burghclere,Mr. Prospector,Miesque,Sadler's Wells,Angelic Song,Roberto,Gris Vitesse,Danzig,Graceful Touch,Halo,Wishing Well,ノーザンテースト,モデルスポート,Northern Dancer,Fairy Bridge,Riverman,Derna,Lyphard,ノーラック,フィディオン,メジロボサツ,Hail to Reason,Cosmah,Understanding,Mountain Flower,Lyphard,Lady Rebecca,Busted,Highclere,Raise a Native,Gold Digger,Nureyev,Pasadoble,Northern Dancer,Fairy Bridge,Halo,Ballade
202606010712,16,芝,1600,良,未勝利,ダノンスマッシュ,ラファエラ,ロードカナロア,スピニングワイルドキャット,ジャングルポケット,カーリーエンジェル,キングカメハメハ,レディブラッサム,Hard Spun,Hollywood Wildcat,トニービン,ダンスチャーマー,ジャッジアンジェルーチ,ダイナカール,Kingmambo,マンファス,Storm Cat,サラトガデュー,Danzig,Turkish Tryst,Kris S.,Miss Wildcatter,カンパラ,Severn Bridge,Nureyev,Skillful Joy,Honest Pleasure,Victorian Queen,ノーザンテースト,シャダイフェザー,Mr. Prospector,Miesque,ラストタイクーン,Pilot Bird,Storm Bird,Terlingua,Cormorant,Super Luna,Northern Dancer,Pas de Nom,Turkoman,Darbyvail,Roberto,Sharp Queen,Mr. Prospector,Elizabeth K.,Kalamoun,State Pension,Hornbeam,Priddy Fair,Northern Dancer,Special,Nodouble,Skillful Miss,What a Pleasure,Tularia,Victoria Park,Willowfield,Northern Dancer,Lady Victoria,ガーサント,パロクサイド
