index,着順,race_type,course_len,ground_state,class,peds_0,peds_1,peds_2,peds_3,peds_4,peds_5,peds_6,peds_7,peds_8,peds_9,peds_10,peds_11,peds_12,peds_13,peds_14,peds_15,peds_16,peds_17,peds_18,peds_19,peds_20,peds_21,peds_22,peds_23,peds_24,peds_25,peds_26,peds_27,peds_28,peds_29,peds_30,peds_31,peds_32,peds_33,peds_34,peds_35,peds_36,peds_37,peds_38,peds_39,peds_40,peds_41,peds_42,peds_43,peds_44,peds_45,peds_46,peds_47,peds_48,peds_49,peds_50,peds_51,peds_52,peds_53,peds_54,peds_55,peds_56,peds_57,peds_58,peds_59,peds_60,peds_61
202603010101,,,,,,マジェスティックウォリアー,キナウ,A.P. Indy,Dream Supreme,キングカメハメハ,リンガフランカ,Seattle Slew,Weekend Surprise,Seeking the Gold,Spinning Round,Kingmambo,マンファス,サンデーサイレンス,フランクアーギュメント,Bold Reasoning,My Charmer,Secretariat,Lassie Dear,Mr. Prospector,Con Game,Dixieland Band,Take Heart,Mr. Prospector,Miesque,ラストタイクーン,Pilot Bird,Halo,Wishing Well,Argument,Franca,Boldnesian,Reason to Earn,Poker,Fair Charmer,Bold Ruler,Somethingroyal,Buckpasser,Gay Missile,Raise a Native,Gold Digger,Buckpasser,Broadway,Northern Dancer,Mississippi Mud,Secretariat,Deck Stewardess,Raise a Native,Gold Digger,Nureyev,Pasadoble,トライマイベスト,Mill Princess,Blakeney,The Dancer,Hail to Reason,Cosmah,Understanding,Mountain Flower,Kautokeino,Arantelle,ヴァイスリーガル,Tudor Gwen
202603010101,,,,,,ニューイヤーズデイ,キネオダンサー,Street Cry,Justwhistledixie,ディープインパクト,オールアイキャンセイイズワウ,Machiavellian,Helen Street,Dixie Union,General Jeanne,サンデーサイレンス,ウインドインハーヘア,Street Cry,Crown of Jewels,Mr. Prospector,Coup de Folie,Troy,Waterway,Dixieland Band,She's Tops,Honour and Glory,Ahpo Hel,Halo,Wishing Well,Alzao,Burghclere,Machiavellian,Helen Street,Half a Year,Fitted Crown,Raise a Native,Gold Digger,Halo,Raise the Standard,Petingo,La Milo,Riverman,Boulevard,Northern Dancer,Mississippi Mud,Capote,She's a Talent,Relaunch,Fair to All,Mr. Leader,Tiy,Hail to Reason,Cosmah,Understanding,Mountain Flower,Lyphard,Lady Rebecca,Busted,Highclere,Mr. Prospector,Coup de Folie,Troy,Waterway,Riverman,Six Months Long,Chief's Crown,Close Control
202603010101,,,,,,キセキ,トーホウロゼリア,ルーラーシップ,ブリッツフィナーレ,ハーツクライ,トーホウガイア,キングカメハメハ,エアグルーヴ,ディープインパクト,ロンドンブリッジ,サンデーサイレンス,アイリッシュダンス,Unbridled's Song,Agami,Kingmambo,マンファス,トニービン,ダイナカール,サンデーサイレンス,ウインドインハーヘア,ドクターデヴィアス,オールフォーロンドン,Halo,Wishing Well,トニービン,ビューパーダンス,Unbridled,Trolley Song,Nureyev,Agacerie,Mr. Prospector,Miesque,ラストタイクーン,Pilot Bird,カンパラ,Severn Bridge,ノーザンテースト,シャダイフェザー,Halo,Wishing Well,Alzao,Burghclere,Ahonoora,Rose of Jericho,Danzig,Full Card,Hail to Reason,Cosmah,Understanding,Mountain Flower,カンパラ,Severn Bridge,Lyphard,My Bupers,Fappiano,Gana Facil,Caro,Lucky Spell,Northern Dancer,Special,Exclusive Native,Quiet Charm
202603010101,,,,,,イスラボニータ,エンドーツダ,フジキセキ,イスラコジーン,タートルボウル,ウィッシュ,サンデーサイレンス,ミルレーサー,Cozzene,Isla Mujeres,Dyhim Diamond,Clara Bow,ディープインパクト,コマーサント,Halo,Wishing Well,Le Fabuleux,Marston's Mill,Caro,Ride the Trails,Crafty Prospector,Lido Isle,Night Shift,Happy Landing,Top Ville,Kamiya,サンデーサイレンス,ウインドインハーヘア,Marchand de Sable,Deception,Hail to Reason,Cosmah,Understanding,Mountain Flower,Wild Risk,Anguar,In Reality,Millicent,フォルティノ,Chambord,Prince John,Wildwook,Mr. Prospector,Real Crafty Lady,Far North,She Is Gorgeous,Northern Dancer,Ciboulette,Homing,Laughing Goddess,High Top,Sega Ville,Kalamoun,Shahinaaz,Halo,Wishing Well,Alzao,Burghclere,Theatrical,Mercantile,Tropular,Blushing Oak
202603010101,,,,,,シュヴァルグラン,ラリズ,ハーツクライ,ハルーワスウィート,Bernstein,La Marlene,サンデーサイレンス,アイリッシュダンス,Machiavellian,ハルーワソング,Storm Cat,La Affirmed,Rainbow Corner,La Cardinale,Halo,Wishing Well,トニービン,ビューパーダンス,Mr. Prospector,Coup de Folie,Nureyev,Morn of Song,Storm Bird,Terlingua,Affirmed,La Mesa,Rainbow Quest,Kingscote,サザンヘイロー,La Bozan,Hail to Reason,Cosmah,Understanding,Mountain Flower,カンパラ,Severn Bridge,Lyphard,My Bupers,Raise a Native,Gold Digger,Halo,Raise the Standard,Northern Dancer,Special,Blushing Groom,Glorious Song,Northern Dancer,South Ocean,Secretariat,Crimson Saint,Exclusive Native,Won't Tell You,Round Table,Finance,Blushing Groom,I Will Follow,Kings Lake,Bold Fantasy,Halo,Northern Sea,Good Manners,Mado
202603010101,,,,,,ロジャーバローズ,セシャルマン,ディープインパクト,リトルブック,ワークフォース,フローレンスガール,サンデーサイレンス,ウインドインハーヘア,Librettist,Cal Norma's Lady,キングズベスト,Soviet Moon,El Corredor,Launch Site,Halo,Wishing Well,Alzao,Burghclere,Danzig,Mysterial,リファーズスペシャル,June Darling,Kingmambo,Allegretta,Sadler's Wells,Eva Luna,Mr. Greeley,Silvery Swan,Relaunch,Insight to Cope,Hail to Reason,Cosmah,Understanding,Mountain Flower,Lyphard,Lady Rebecca,Busted,Highclere,Northern Dancer,Pas de Nom,Alleged,Mysteries,Lyphard,My Bupers,ジュニアス,Beau Darling,Mr. Prospector,Miesque,Lombard,Anatevka,Northern Dancer,Fairy Bridge,Alleged,Media Luna,Gone West,Long Legend,Silver Deputy,Sociable Duck,In Reality,Foggy Note,Copelan,Precise Vision
202603010101,,,,,,ナダル,ベルキューティ,Blame,Ascending Angel,ロードカナロア,ラッキーレディ,Arch,Liable,Pulpit,Solar Colony,キングカメハメハ,レディブラッサム,ネオユニヴァース,ネヴァーピリオド,Kris S.,Aurora,Seeking the Gold,Bound,A.P. Indy,Preach,Pleasant Colony,Meteor Stage,Kingmambo,マンファス,Storm Cat,サラトガデュー,サンデーサイレンス,ポインテッドパス,タイキシャトル,フューチャハッピー,Roberto,Sharp Queen,Danzig,Althea,Mr. Prospector,Con Game,Nijinsky,Special,Seattle Slew,Weekend Surprise,Mr. Prospector,Narrate,His Majesty,Sun Colony,Stage Door Johnny,Northern Meteor,Mr. Prospector,Miesque,ラストタイクーン,Pilot Bird,Storm Bird,Terlingua,Cormorant,Super Luna,Halo,Wishing Well,Kris,Silken Way,Devil's Bag,ウェルシュマフィン,デインヒル,タイセイカグラ
202603010101,,,,,,バンドワゴン,ハッピーロングラン,ホワイトマズル,ピラミマ,ネオユニヴァース,ハッピーラン,ダンシングブレーヴ,Fair of the Furze,Unbridled's Song,キャリアコレクション,サンデーサイレンス,ポインテッドパス,フレンチデピュティ,カタリスト,Lyphard,Navajo Princess,Ela-Mana-Mou,Autocratic,Unbridled,Trolley Song,General Meeting,River of Stars,Halo,Wishing Well,Kris,Silken Way,Deputy Minister,Mitterand,Sadler's Wells,Welsh Love,Northern Dancer,Goofed,Drone,Olmec,ピットカーン,Rose Bertin,Tyrant,Flight Table,Fappiano,Gana Facil,Caro,Lucky Spell,Seattle Slew,Alydar's Promise,Riverman,Star Fortune,Hail to Reason,Cosmah,Understanding,Mountain Flower,Sharpen Up,Doubly Sure,Shantung,Boulevard,Vice Regent,Mint Copy,Hold Your Peace,Laredo Lass,Northern Dancer,Fairy Bridge,Ela-Mana-Mou,Welsh Flame
202603010101,,,,,,ニューイヤーズデイ,センショウレイナ,Street Cry,Justwhistledixie,ハービンジャー,ブルーリッジリバー,Machiavellian,Helen Street,Dixie Union,General Jeanne,Dansili,Penang Pearl,フジキセキ,スカーレットブルー,Mr. Prospector,Coup de Folie,Troy,Waterway,Dixieland Band,She's Tops,Honour and Glory,Ahpo Hel,デインヒル,Hasili,Bering,Guapa,サンデーサイレンス,ミルレーサー,ノーザンテースト,スカーレットインク,Raise a Native,Gold Digger,Halo,Raise the Standard,Petingo,La Milo,Riverman,Boulevard,Northern Dancer,Mississippi Mud,Capote,She's a Talent,Relaunch,Fair to All,Mr. Leader,Tiy,Danzig,Razyana,Kahyasi,Kerali,Arctic Tern,Beaune,Shareef Dancer,Sauceboat,Halo,Wishing Well,Le Fabuleux,Marston's Mill,Northern Dancer,Lady Victoria,Crimson Satan,Consentida
202603010101,,,,,,ウインバリアシオン,アイーダ,ハーツクライ,スーパーバレリーナ,デビッドジュニア,ローレルアイ,サンデーサイレンス,アイリッシュダンス,Storm Bird,カウントオンアチェンジ,Pleasant Tap,Paradise River,フサイチコンコルド,ミスメイバン,Halo,Wishing Well,トニービン,ビューパーダンス,Northern Dancer,South Ocean,Time for a Change,Count On Kathy,Pleasant Colony,Never Knock,Irish River,North Of Eden,Caerleon,バレークイーン,トレボロ,シルクハッピー,Hail to Reason,Cosmah,Understanding,Mountain Flower,カンパラ,Severn Bridge,Lyphard,My Bupers,Nearctic,Natalma,New Providence,Shining Sun,Damascus,Resolver,Dancing Count,War Exchange,His Majesty,Sun Colony,Stage Door Johnny,Never Hula,Riverman,Irish Star,Northfields,ツリーオブノレッジ,Nijinsky,Foreseer,Sadler's Wells,Sun Princess,Roberto,Costly Dream,ダイハード,チヨダハッピー
202603010101,,,,,,ゴールドドリーム,ハートオブマイン,ゴールドアリュール,モンヴェール,ルーラーシップ,ラブミーテンダー,サンデーサイレンス,ニキーヤ,フレンチデピュティ,スペシャルジェイド,キングカメハメハ,エアグルーヴ,ゼンノロブロイ,フォーチュンワード,Halo,Wishing Well,Nureyev,Reluctant Guest,Deputy Minister,Mitterand,Cox's Ridge,Statistic,Kingmambo,マンファス,トニービン,ダイナカール,サンデーサイレンス,ローミンレイチェル,デヒア,コパノオマモリ,Hail to Reason,Cosmah,Understanding,Mountain Flower,Northern Dancer,Special,Hostage,Vaguely Royal,Vice Regent,Mint Copy,Hold Your Peace,Laredo Lass,Best Turn,Our Martha,Mr. Prospector,Number,Mr. Prospector,Miesque,ラストタイクーン,Pilot Bird,カンパラ,Severn Bridge,ノーザンテースト,シャダイフェザー,Halo,Wishing Well,マイニング,One Smart Lady,Deputy Minister,Sister Dot,エリシオ,ビクトリアクラウン
202603010101,,,,,,ホッコータルマエ,インファクト,キングカメハメハ,マダムチェロキー,ダイワメジャー,ゴーンクレージー,Kingmambo,マンファス,Cherokee Run,アンフォイルド,サンデーサイレンス,スカーレットブーケ,Gone West,Nutcase,Mr. Prospector,Miesque,ラストタイクーン,Pilot Bird,Runaway Groom,Cherokee Dame,Unbridled,Bold Foil,Halo,Wishing Well,ノーザンテースト,スカーレットインク,Mr. Prospector,Secrettame,Forest Wildcat,Raise the Standard,Raise a Native,Gold Digger,Nureyev,Pasadoble,トライマイベスト,Mill Princess,Blakeney,The Dancer,Blushing Groom,Yonnie Girl,Silver Saber,Dame Francesca,Fappiano,Gana Facil,Bold Forbes,Perfect Foil,Hail to Reason,Cosmah,Understanding,Mountain Flower,Northern Dancer,Lady Victoria,Crimson Satan,Consentida,Raise a Native,Gold Digger,Secretariat,Tamerett,Storm Cat,Victoria Beauty,Hoist the Flag,Natalma
202603010101,,,,,,ウォータービルド,ウォーターボヌール,ディープインパクト,ウォーターエナン,ロードカナロア,アクロスザライト,サンデーサイレンス,ウインドインハーヘア,ボストンハーバー,Scrape,キングカメハメハ,レディブラッサム,ネオユニヴァース,イクスペクトトゥシャイン,Halo,Wishing Well,Alzao,Burghclere,Capote,Harbor Springs,Mr. Prospector,File,Kingmambo,マンファス,Storm Cat,サラトガデュー,サンデーサイレンス,ポインテッドパス,Mr. Prospector,Frankova,Hail to Reason,Cosmah,Understanding,Mountain Flower,Lyphard,Lady Rebecca,Busted,Highclere,Seattle Slew,Too Bald,Vice Regent,Tinnitus,Raise a Native,Gold Digger,Tom Rolfe,Continue,Mr. Prospector,Miesque,ラストタイクーン,Pilot Bird,Storm Bird,Terlingua,Cormorant,Super Luna,Halo,Wishing Well,Kris,Silken Way,Raise a Native,Gold Digger,Nureyev,Secret Asset
202603010101,,,,,,アメリカンペイトリオット,アールパシオン,War Front,Life Well Lived,ゴールドアリュール,エクスラヴィータ,Danzig,Starry Dreamer,Tiznow,Well Dressed,サンデーサイレンス,ニキーヤ,キングカメハメハ,シンシンパッション,Northern Dancer,Pas de Nom,Rubiano,Lara's Star,Cee's Tizzy,Cee's Song,Notebook,Trithenia,Halo,Wishing Well,Nureyev,Reluctant Guest,Kingmambo,マンファス,ヘクタープロテクター,ビューチフルロマン,Nearctic,Natalma,Admiral's Voyage,Petitioner,Fappiano,Ruby Slippers,Forli,True Reality,Relaunch,テイズリー,Seattle Song,Lonely Dancer,Well Decorated,Mobcap,Gold Meridian,Tri Argo,Hail to Reason,Cosmah,Understanding,Mountain Flower,Northern Dancer,Special,Hostage,Vaguely Royal,Mr. Prospector,Miesque,ラストタイクーン,Pilot Bird,Woodman,Korveya,ノノアルコ,ビクトリアクラウン
202603010101,,,,,,マジェスティックウォリアー,スースー,A.P. Indy,Dream Supreme,ジャングルポケット,ナムラエラン,Seattle Slew,Weekend Surprise,Seeking the Gold,Spinning Round,トニービン,ダンスチャーマー,アグネスタキオン,アンバロビン,Bold Reasoning,My Charmer,Secretariat,Lassie Dear,Mr. Prospector,Con Game,Dixieland Band,Take Heart,カンパラ,Severn Bridge,Nureyev,Skillful Joy,サンデーサイレンス,アグネスフローラ,ジェネラス,ダイナアンバー,Boldnesian,Reason to Earn,Poker,Fair Charmer,Bold Ruler,Somethingroyal,Buckpasser,Gay Missile,Raise a Native,Gold Digger,Buckpasser,Broadway,Northern Dancer,Mississippi Mud,Secretariat,Deck Stewardess,Kalamoun,State Pension,Hornbeam,Priddy Fair,Northern Dancer,Special,Nodouble,Skillful Miss,Halo,Wishing Well,ロイヤルスキー,アグネスレディー,Caerleon,Doff the Derby,ノーザンテースト,クリアアンバー
202603010102,,,,,,ビッグアーサー,フラミンゴ,サクラバクシンオー,シヤボナ,マルカシェンク,エーシンアクセント,サクラユタカオー,サクラハゴロモ,Kingmambo,Relish,サンデーサイレンス,シェンク,Cozzene,Above the Salt,テスコボーイ,アンジェリカ,ノーザンテースト,クリアアンバー,Mr. Prospector,Miesque,Sadler's Wells,Reloy,Halo,Wishing Well,Zafonic,Buckwig,Caro,Ride the Trails,Master Derby,Salt In My Stew,Princely Gift,Suncourt,ネヴァービート,スターハイネス,Northern Dancer,Lady Victoria,Ambiopoise,One Clear Call,Raise a Native,Gold Digger,Nureyev,Pasadoble,Northern Dancer,Fairy Bridge,Liloy,Rescousse,Hail to Reason,Cosmah,Understanding,Mountain Flower,Gone West,Zaizafon,Buckfinder,Dickie Ludwig,フォルティノ,Chambord,Prince John,Wildwook,ダストコマンダー,Madam Jerry,Dr. Blum,Cream in My Coffee
202603010102,,,,,,トーセンレーヴ,トーセンロザリオ,ディープインパクト,ビワハイジ,Galileo,Dance For Fun,サンデーサイレンス,ウインドインハーヘア,Caerleon,アグサン,Sadler's Wells,Urban Sea,Anabaa,Hilaris,Halo,Wishing Well,Alzao,Burghclere,Nijinsky,Foreseer,Lord Gayle,Santa Luciana,Northern Dancer,Fairy Bridge,Miswaki,Allegretta,Danzig,Balbonella,アラジ,Carnival Spirit,Hail to Reason,Cosmah,Understanding,Mountain Flower,Lyphard,Lady Rebecca,Busted,Highclere,Northern Dancer,Flaming Page,Round Table,Regal Gleam,Sir Gaylord,Sticky Case,Luciano,Suleika,Nearctic,Natalma,Bold Reason,Special,Mr. Prospector,Hopespringseternal,Lombard,Anatevka,Northern Dancer,Pas de Nom,ゲイメセン,Bamieres,Blushing Groom,ダンスールファビュルー,Kris,Fiesta Fun
202603010102,,,,,,ダノンスマッシュ,ダノンポピー,ロードカナロア,スピニングワイルドキャット,ダイワメジャー,マネーキャントバイミーラヴ,キングカメハメハ,レディブラッサム,Hard Spun,Hollywood Wildcat,サンデーサイレンス,スカーレットブーケ,Pivotal,Sabreon,Kingmambo,マンファス,Storm Cat,サラトガデュー,Danzig,Turkish Tryst,Kris S.,Miss Wildcatter,Halo,Wishing Well,ノーザンテースト,スカーレットインク,Polar Falcon,Fearless Revival,Caerleon,Sabria,Mr. Prospector,Miesque,ラストタイクーン,Pilot Bird,Storm Bird,Terlingua,Cormorant,Super Luna,Northern Dancer,Pas de Nom,Turkoman,Darbyvail,Roberto,Sharp Queen,Mr. Prospector,Elizabeth K.,Hail to Reason,Cosmah,Understanding,Mountain Flower,Northern Dancer,Lady Victoria,Crimson Satan,Consentida,Nureyev,Marie d'Argonne,Cozzene,Stufida,Nijinsky,Foreseer,Miswaki,Flood
202603010102,,,,,,ミッキーアイル,レインボークォーツ,ディープインパクト,スターアイル,Mr. Greeley,マンデラ,サンデーサイレンス,ウインドインハーヘア,ロックオブジブラルタル,アイルドフランス,Gone West,Long Legend,Acatenango,Mandellicht,Halo,Wishing Well,Alzao,Burghclere,デインヒル,Offshore Boom,Nureyev,ステラマドリッド,Mr. Prospector,Secrettame,Reviewer,Lianga,Surumu,Aggravate,Be My Guest,Mandelauge,Hail to Reason,Cosmah,Understanding,Mountain Flower,Lyphard,Lady Rebecca,Busted,Highclere,Danzig,Razyana,Be My Guest,Push a Button,Northern Dancer,Special,Alydar,My Juliet,Raise a Native,Gold Digger,Secretariat,Tamerett,Bold Ruler,Broadway,ダンサーズイメージ,Leven Ones,Literat,Surama,Aggressor,Raven Locks,Northern Dancer,What a Treat,Elektrant,Mandriale
202603010102,,,,,,アメリカンペイトリオット,トーセンウィズダム,War Front,Life Well Lived,トーセンロレンス,トーセンムンク,Danzig,Starry Dreamer,Tiznow,Well Dressed,ダイワメジャー,ウインドインハーヘア,キングカメハメハ,トーセンアート,Northern Dancer,Pas de Nom,Rubiano,Lara's Star,Cee's Tizzy,Cee's Song,Notebook,Trithenia,サンデーサイレンス,スカーレットブーケ,Alzao,Burghclere,Kingmambo,マンファス,Woodman,チェサプラナ,Nearctic,Natalma,Admiral's Voyage,Petitioner,Fappiano,Ruby Slippers,Forli,True Reality,Relaunch,テイズリー,Seattle Song,Lonely Dancer,Well Decorated,Mobcap,Gold Meridian,Tri Argo,Halo,Wishing Well,ノーザンテースト,スカーレットインク,Lyphard,Lady Rebecca,Busted,Highclere,Mr. Prospector,Miesque,ラストタイクーン,Pilot Bird,Mr. Prospector,プレイメイト,Niniski,Top of The League
202603010102,,,,,,モズアスコット,グッドジュエリー,Frankel,India,ハーツクライ,グッドルッキング,Galileo,Kind,ヘネシー,Misty Hour,サンデーサイレンス,アイリッシュダンス,クロフネ,オリエンタルアート,Sadler's Wells,Urban Sea,デインヒル,Rainbow Lake,Storm Cat,Island Kitty,Miswaki,Our Tina Marie,Halo,Wishing Well,トニービン,ビューパーダンス,フレンチデピュティ,ブルーアヴェニュー,メジロマックイーン,エレクトロアート,Northern Dancer,Fairy Bridge,Miswaki,Allegretta,Danzig,Razyana,Rainbow Quest,Rockfest,Storm Bird,Terlingua,Hawaii,T. C. Kitten,Mr. Prospector,Hopespringseternal,Nijinsky,Java Moon,Hail to Reason,Cosmah,Understanding,Mountain Flower,カンパラ,Severn Bridge,Lyphard,My Bupers,Deputy Minister,Mitterand,Classic Go Go,Eliza Blue,メジロティターン,メジロオーロラ,ノーザンテースト,グランマスティーヴンス
202603010102,,,,,,ダノンスマッシュ,キープセイク,ロードカナロア,スピニングワイルドキャット,Sea The Stars  Sea the Stars,Suisun,キングカメハメハ,レディブラッサム,Hard Spun,Hollywood Wildcat,Cape Cross,Urban Sea,Monsun,Suivez,Kingmambo,マンファス,Storm Cat,サラトガデュー,Danzig,Turkish Tryst,Kris S.,Miss Wildcatter,Green Desert,Park Appeal,Miswaki,Allegretta,Konigsstuhl,Mosella,Fioravanti,Sea Symphony,Mr. Prospector,Miesque,ラストタイクーン,Pilot Bird,Storm Bird,Terlingua,Cormorant,Super Luna,Northern Dancer,Pas de Nom,Turkoman,Darbyvail,Roberto,Sharp Queen,Mr. Prospector,Elizabeth K.,Danzig,Foreign Courier,Ahonoora,Balidaress,Mr. Prospector,Hopespringseternal,Lombard,Anatevka,Dschingis Khan,Konigskronung,Surumu,Monasia,Northern Dancer,Pitasia,Faraway Son,Southern Seas
202603010102,,,,,,ミスターメロディ,チェリーシェル,Scat Daddy,Trusty Lady,サクラバクシンオー,キュートネス,ヨハネスブルグ,Love Style,Deputy Minister,Klassy Kim,サクラユタカオー,サクラハゴロモ,フォーティナイナー,Gana,ヘネシー,Myth,Mr. Prospector,Likeable Style,Vice Regent,Mint Copy,Silent Screen,クールアライヴァル,テスコボーイ,アンジェリカ,ノーザンテースト,クリアアンバー,Mr. Prospector,File,Smile,Gana Facil,Storm Cat,Island Kitty,オジジアン,Yarn,Raise a Native,Gold Digger,Nijinsky,Personable Lady,Northern Dancer,Victoria Regina,Bunty's Flight,Shakney,Prince John,Prayer Bell,Relaunch,Irish Arrival,Princely Gift,Suncourt,ネヴァービート,スターハイネス,Northern Dancer,Lady Victoria,Ambiopoise,One Clear Call,Raise a Native,Gold Digger,Tom Rolfe,Continue,In Reality,Sunny Smile,Le Fabuleux,Charedi
202603010102,,,,,,ウインブライト,ティファイファイ,ステイゴールド,サマーエタニティ,スターリングローズ,メジロティファニー,サンデーサイレンス,ゴールデンサッシュ,アドマイヤコジーン,オールフォーゲラン,アフリート,コマーズ,モガミ,メジロビューティー,Halo,Wishing Well,ディクタス,ダイナサッシュ,Cozzene,アドマイヤマカディ,ジェイドロバリー,ミスゲラン,Mr. Prospector,Polite Lady,Danzig,ミドルマーチ,Lyphard,ノーラック,パーソロン,メジロナガサキ,Hail to Reason,Cosmah,Understanding,Mountain Flower,Sanctus,Doronic,ノーザンテースト,ロイヤルサッシュ,Caro,Ride the Trails,ノーザンテースト,ミセスマカディー,Mr. Prospector,Number,マルゼンスキー,ゲラン,Raise a Native,Gold Digger,Venetian Jester,Friendly Ways,Northern Dancer,Pas de Nom,Buckpasser,Nice Princess,Northern Dancer,Goofed,Lucky Debonair,No Teasing,Milesian,Paleo,ネヴァービート,メジロボサツ
202603010102,,,,,,フィレンツェファイア,ヘーザ,Poseidon's Warrior,My Every Wish,フレンチデピュティ,ゼリービーン,Speightstown,Poised to Pounce,Langfuhr,Mille Lacs,Deputy Minister,Mitterand,タイキシャトル,ジュエルヒル,Gone West,Silken Cat,Smarten,Lady Lyndy,Danzig,Sweet Briar Too,Unbridled,With Every Wish,Vice Regent,Mint Copy,Hold Your Peace,Laredo Lass,Devil's Bag,ウェルシュマフィン,Danzig,Funistrada,Mr. Prospector,Secrettame,Storm Cat,Silken Doll,Cyane,Smartaire,Bold Favorite,Counterflight,Northern Dancer,Pas de Nom,Briartic,Prima Babu Gum,Fappiano,Gana Facil,Lear Fan,Amo,Northern Dancer,Victoria Regina,Bunty's Flight,Shakney,Speak John,Blue Moon,Bold Ruler,Fortunate Isle,Halo,Ballade,Caerleon,Muffitys,Northern Dancer,Pas de Nom,Fappiano,Mesabi
202603010102,,,,,,サトノダイヤモンド,ソワー,ディープインパクト,マルペンサ,Flatter,Enth,サンデーサイレンス,ウインドインハーヘア,Orpen,Marsella,A.P. Indy,Praise,Seeking the Gold,Limit,Halo,Wishing Well,Alzao,Burghclere,Lure,Bonita Francita,サザンヘイロー,Riviere,Seattle Slew,Weekend Surprise,Mr. Prospector,Wild Applause,Mr. Prospector,Con Game,Cox's Ridge,Bound,Hail to Reason,Cosmah,Understanding,Mountain Flower,Lyphard,Lady Rebecca,Busted,Highclere,Danzig,Endear,Devil's Bag,Raise the Standard,Halo,Northern Sea,Logical,Talonada,Bold Reasoning,My Charmer,Secretariat,Lassie Dear,Raise a Native,Gold Digger,Northern Dancer,Glowing Tribute,Raise a Native,Gold Digger,Buckpasser,Broadway,Best Turn,Our Martha,Nijinsky,Special
202603010102,,,,,,ロードカナロア,アイリーグレイ,キングカメハメハ,レディブラッサム,クロフネ,ジョリブロンド,Kingmambo,マンファス,Storm Cat,サラトガデュー,フレンチデピュティ,ブルーアヴェニュー,トニービン,ブラッシングブロンド,Mr. Prospector,Miesque,ラストタイクーン,Pilot Bird,Storm Bird,Terlingua,Cormorant,Super Luna,Deputy Minister,Mitterand,Classic Go Go,Eliza Blue,カンパラ,Severn Bridge,Al Nasr,Dynamite Blond,Raise a Native,Gold Digger,Nureyev,Pasadoble,トライマイベスト,Mill Princess,Blakeney,The Dancer,Northern Dancer,South Ocean,Secretariat,Crimson Saint,His Majesty,Song Sparrow,In Reality,Alada,Vice Regent,Mint Copy,Hold Your Peace,Laredo Lass,Pago Pago,Classic Perfection,Icecapade,コレラ,Kalamoun,State Pension,Hornbeam,Priddy Fair,Lyphard,Caretta,Halo,All Things New
202603010102,,,,,,グロリアスノア,サヤネエ,プリサイスエンド,ラヴロバリー,ファルブラヴ,ミユキ,エンドスウィープ,Precisely,ジェイドロバリー,クリスタルレイル,Fairy King,Gift of the Night,アドマイヤベガ,ハルガスミ,フォーティナイナー,Broom Dance,Summing,Crisp 'n Clear,Mr. Prospector,Number,Great Above,T. V. Actress,Northern Dancer,Fairy Bridge,Slewpy,Little Nana,サンデーサイレンス,ベガ,ヤマニンゼファー,カズミハルコマ,Mr. Prospector,File,Dance Spell,Witching Hour,Verbatim,Sumatra,Cold Reception,Ring O'Bells,Raise a Native,Gold Digger,Nijinsky,Special,Minnesota Mac,Ta Wee,T.V. Lark,Petite Patootie,Nearctic,Natalma,Bold Reason,Special,Seattle Slew,Rare Bouquet,Lithiot,Nenana Road,Halo,Wishing Well,トニービン,アンティックヴァリュー,ニホンピロウイナー,ヤマニンポリシー,マルゼンスキー,センシユータカラ
202603010102,,,,,,イスラボニータ,オモイデヲノセテ,フジキセキ,イスラコジーン,アドマイヤムーン,メルセダリオ,サンデーサイレンス,ミルレーサー,Cozzene,Isla Mujeres,エンドスウィープ,マイケイティーズ,タニノギムレット,アンデスレディー,Halo,Wishing Well,Le Fabuleux,Marston's Mill,Caro,Ride the Trails,Crafty Prospector,Lido Isle,フォーティナイナー,Broom Dance,サンデーサイレンス,ケイティーズファースト,ブライアンズタイム,タニノクリスタル,ノーザンテースト,ペルースポート,Hail to Reason,Cosmah,Understanding,Mountain Flower,Wild Risk,Anguar,In Reality,Millicent,フォルティノ,Chambord,Prince John,Wildwook,Mr. Prospector,Real Crafty Lady,Far North,She Is Gorgeous,Mr. Prospector,File,Dance Spell,Witching Hour,Halo,Wishing Well,Kris,Katies,Roberto,Kelley's Day,クリスタルパレス,タニノシーバード,Northern Dancer,Lady Victoria,ガーサント,グレートターフ
202603010102,,,,,,イスラボニータ,タニノハイクレア,フジキセキ,イスラコジーン,クロフネ,インヴァイト,サンデーサイレンス,ミルレーサー,Cozzene,Isla Mujeres,フレンチデピュティ,ブルーアヴェニュー,Be My Guest,Burghclere,Halo,Wishing Well,Le Fabuleux,Marston's Mill,Caro,Ride the Trails,Crafty Prospector,Lido Isle,Deputy Minister,Mitterand,Classic Go Go,Eliza Blue,Northern Dancer,What a Treat,Busted,Highclere,Hail to Reason,Cosmah,Understanding,Mountain Flower,Wild Risk,Anguar,In Reality,Millicent,フォルティノ,Chambord,Prince John,Wildwook,Mr. Prospector,Real Crafty Lady,Far North,She Is Gorgeous,Vice Regent,Mint Copy,Hold Your Peace,Laredo Lass,Pago Pago,Classic Perfection,Icecapade,コレラ,Nearctic,Natalma,Tudor Minstrel,Rare Treat,Crepello,Sans le Sou,Queen's Hussar,Highlight
202603010102,,,,,,シルバーステート,レジュールダムール,ディープインパクト,シルヴァースカヤ,Kingmambo,フェアリーバラード,サンデーサイレンス,ウインドインハーヘア,Silver Hawk,Boubskaia,Mr. Prospector,Miesque,Sadler's Wells,Angelic Song,Halo,Wishing Well,Alzao,Burghclere,Roberto,Gris Vitesse,Niniski,Frenetique,Raise a Native,Gold Digger,Nureyev,Pasadoble,Northern Dancer,Fairy Bridge,Halo,Ballade,Hail to Reason,Cosmah,Understanding,Mountain Flower,Lyphard,Lady Rebecca,Busted,Highclere,Hail to Reason,Bramalea,Amerigo,Matchiche,Nijinsky,Virginia Hills,Tyrant,Femina,Native Dancer,Raise You,Nashua,Sequence,Northern Dancer,Special,Prove Out,Santa Quilla,Nearctic,Natalma,Bold Reason,Special,Hail to Reason,Cosmah,Herbager,Miss Swapsco
202603010103,,,,,,ワールドプレミア,サフランハーモニー,ディープインパクト,マンデラ,グラスワンダー,サフランパートナー,サンデーサイレンス,ウインドインハーヘア,Acatenango,Mandellicht,Silver Hawk,Ameriflora,アドマイヤボス,サフランキセキ,Halo,Wishing Well,Alzao,Burghclere,Surumu,Aggravate,Be My Guest,Mandelauge,Roberto,Gris Vitesse,Danzig,Graceful Touch,サンデーサイレンス,ベガ,トウカイテイオー,ヨドノサフラン,Hail to Reason,Cosmah,Understanding,Mountain Flower,Lyphard,Lady Rebecca,Busted,Highclere,Literat,Surama,Aggressor,Raven Locks,Northern Dancer,What a Treat,Elektrant,Mandriale,Hail to Reason,Bramalea,Amerigo,Matchiche,Northern Dancer,Pas de Nom,His Majesty,Pi Phi Gal,Halo,Wishing Well,トニービン,アンティックヴァリュー,シンボリルドルフ,トウカイナチュラル,ミスターシービー,イングリッシュホーマー
202603010103,,,,,,ドレフォン,スクラッタ,Gio Ponti,Eltimaas,キングカメハメハ,エミーズスマイル,Tale of the Cat,Chipeta Springs,Ghostzapper,Najecam,Kingmambo,マンファス,アグネスタキオン,エミスフェール,Storm Cat,Yarn,Alydar,Salt Spring,Awesome Again,Baby Zip,Trempolino,Sue Warner,Mr. Prospector,Miesque,ラストタイクーン,Pilot Bird,サンデーサイレンス,アグネスフローラ,ホワイトマズル,グレイエミネンス,Storm Bird,Terlingua,Mr. Prospector,Narrate,Raise a Native,Sweet Tooth,Salt Marsh,Jungle Mythologic,Deputy Minister,Primal Force,Relaunch,Thirty Zip,Sharpen Up,Trephine,Forli,Bitty Girl,Raise a Native,Gold Digger,Nureyev,Pasadoble,トライマイベスト,Mill Princess,Blakeney,The Dancer,Halo,Wishing Well,ロイヤルスキー,アグネスレディー,ダンシングブレーヴ,Fair of the Furze,トニービン,グレイキル
202603010103,,,,,,シスキン,メッシーナ,First Defence,Bird Flown,ディープインパクト,シユーマ,Unbridled's Song,Honest Lady,Oasis Dream,Silver Star,サンデーサイレンス,ウインドインハーヘア,Medicean,Sichilla,Unbridled,Trolley Song,Seattle Slew,Toussaud,Green Desert,Hope,Zafonic,Monroe,Halo,Wishing Well,Alzao,Burghclere,Machiavellian,Mystic Goddess,デインヒル,Slipstream Queen,Fappiano,Gana Facil,Caro,Lucky Spell,Bold Reasoning,My Charmer,El Gran Senor,Image of Reality,Danzig,Foreign Courier,ダンシングブレーヴ,Bahamian,Gone West,Zaizafon,Sir Ivor,Best in Show,Hail to Reason,Cosmah,Understanding,Mountain Flower,Lyphard,Lady Rebecca,Busted,Highclere,Mr. Prospector,Coup de Folie,Storm Bird,Rose Goddess,Danzig,Razyana,Conquistador Cielo,Country Queen
202603010103,,,,,,ハービンジャー,ゴーノニゴー,Dansili,Penang Pearl,Get Stormy,Lady Larkspur,デインヒル,Hasili,Bering,Guapa,Stormy Atlantic,Foolish Gal,Perfect Soul,Ale Eight Woman,Danzig,Razyana,Kahyasi,Kerali,Arctic Tern,Beaune,Shareef Dancer,Sauceboat,Storm Cat,Hail Atlantis,Kiri's Clown,Galaxy North,Sadler's Wells,Ball Chairman,Gone West,Solid Eight,Northern Dancer,Pas de Nom,His Majesty,Spring Adieu,イルドブルボン,Kadissya,High Line,Sookera,Sea-Bird,Bubbling Beauty,Lyphard,Barbra,Northern Dancer,Sweet Alliance,Connaught,Cranberry Sauce,Storm Bird,Terlingua,Seattle Slew,Flippers,Foolish Pleasure,Kiri,Far North,Hayley Nicole,Northern Dancer,Fairy Bridge,Secretariat,A Status Symbol,Mr. Prospector,Secrettame,Fit to Fight,Greenness
202603010103,,,,,,キセキ,ウルトラブレンド,ルーラーシップ,ブリッツフィナーレ,Richly Blended,Ankha,キングカメハメハ,エアグルーヴ,ディープインパクト,ロンドンブリッジ,Rizzi,Valid Blend,Desert Classic,Distant Runner,Kingmambo,マンファス,トニービン,ダイナカール,サンデーサイレンス,ウインドインハーヘア,ドクターデヴィアス,オールフォーロンドン,アフリート,トップウィッシュ,Valid Appeal,Blend of Poetry,Damascus,Classic Perfection,Distant Day,Mat Mit,Mr. Prospector,Miesque,ラストタイクーン,Pilot Bird,カンパラ,Severn Bridge,ノーザンテースト,シャダイフェザー,Halo,Wishing Well,Alzao,Burghclere,Ahonoora,Rose of Jericho,Danzig,Full Card,Mr. Prospector,Polite Lady,Topsider,Winsome,In Reality,Desert Trial,Iron Constitution,Light Face,Sword Dancer,Kerala,Never Bend,Mira Femme,Fleet Nasrullah,Golden Days,Tim Tam,Miss Patty Bee
202603010103,,,,,,ゴールドシップ,クリアーウェイ,ステイゴールド,ポイントフラッグ,ダノンシャンティ,ランウェイスナップ,サンデーサイレンス,ゴールデンサッシュ,メジロマックイーン,パストラリズム,フジキセキ,シャンソネット,Distant View,クリアーパス,Halo,Wishing Well,ディクタス,ダイナサッシュ,メジロティターン,メジロオーロラ,プルラリズム,トクノエイティー,サンデーサイレンス,ミルレーサー,Mark of Esteem,Glorious Song,Mr. Prospector,Seven Springs,A.P. Indy,Masake,Hail to Reason,Cosmah,Understanding,Mountain Flower,Sanctus,Doronic,ノーザンテースト,ロイヤルサッシュ,メジロアサマ,シエリル,リマンド,メジロアイリス,The Minstrel,Cambretta,トライバルチーフ,アイアンルビー,Halo,Wishing Well,Le Fabuleux,Marston's Mill,Darshaan,Homage,Halo,Ballade,Raise a Native,Gold Digger,Irish River,La Trinite,Seattle Slew,Weekend Surprise,Master Willie,Northern Lake
202603010103,,,,,,アルアイン,インランジェリー,ディープインパクト,ドバイマジェスティ,エンパイアメーカー,Cat Chat,サンデーサイレンス,ウインドインハーヘア,Essence of Dubai,Great Majesty,Unbridled,Toussaud,Storm Cat,Phone Chatter,Halo,Wishing Well,Alzao,Burghclere,Pulpit,Epitome,Great Above,Mistic Majesty,Fappiano,Gana Facil,El Gran Senor,Image of Reality,Storm Bird,Terlingua,Phone Trick,Passing My Way,Hail to Reason,Cosmah,Understanding,Mountain Flower,Lyphard,Lady Rebecca,Busted,Highclere,A.P. Indy,Preach,Summing,Honest and True,Minnesota Mac,Ta Wee,His Majesty,Necaras Miss,Mr. Prospector,Killaloe,Le Fabuleux,Charedi,Northern Dancer,Sex Appeal,In Reality,Edee's Image,Northern Dancer,South Ocean,Secretariat,Crimson Saint,Clever Trick,Over the Phone,Pass the Glass,Hooplah
202603010103,,,,,,マテラスカイ,メイショウキラリ,Speightstown,Mostaqeleh,マンハッタンカフェ,ウッドスペル,Gone West,Silken Cat,Rahy,Istiqlal,サンデーサイレンス,サトルチェンジ,Woodman,Beat,Mr. Prospector,Secrettame,Storm Cat,Silken Doll,Blushing Groom,Glorious Song,Diesis,Wasnah,Halo,Wishing Well,Law Society,Santa Luciana,Mr. Prospector,プレイメイト,Nijinsky,Remedia,Raise a Native,Gold Digger,Secretariat,Tamerett,Storm Bird,Terlingua,Chieftain,Insilca,Red God,Runaway Bride,Halo,Ballade,Sharpen Up,Doubly Sure,Nijinsky,Highest Trump,Hail to Reason,Cosmah,Understanding,Mountain Flower,Alleged,Bold Bikini,Luciano,Suleika,Raise a Native,Gold Digger,Buckpasser,Intriguing,Northern Dancer,Flaming Page,Dr. Fager,Monade
202603010103,,,,,,ハービンジャー,ギンザヴィクトリア,Dansili,Penang Pearl,ゼンノロブロイ,タイムフェアレディ,デインヒル,Hasili,Bering,Guapa,サンデーサイレンス,ローミンレイチェル,メジロマックイーン,トキファイター,Danzig,Razyana,Kahyasi,Kerali,Arctic Tern,Beaune,Shareef Dancer,Sauceboat,Halo,Wishing Well,マイニング,One Smart Lady,メジロティターン,メジロオーロラ,カツラギエース,ダンシングファイタ,Northern Dancer,Pas de Nom,His Majesty,Spring Adieu,イルドブルボン,Kadissya,High Line,Sookera,Sea-Bird,Bubbling Beauty,Lyphard,Barbra,Northern Dancer,Sweet Alliance,Connaught,Cranberry Sauce,Hail to Reason,Cosmah,Understanding,Mountain Flower,Mr. Prospector,I Pass,Clever Trick,Pia's Lady,メジロアサマ,シエリル,リマンド,メジロアイリス,ボイズィーボーイ,タニノベンチヤ,ダンシングキャップ,キシューファイター
202603010103,,,,,,コントレイル,スウィートマナ,ディープインパクト,ロードクロサイト,Easing Along,Marialalinda,サンデーサイレンス,ウインドインハーヘア,Unbridled's Song,Folklore,Storm Cat,Cadillacing,Lode,Marca Registrada,Halo,Wishing Well,Alzao,Burghclere,Unbridled,Trolley Song,Tiznow,Contrive,Storm Bird,Terlingua,Alydar,Relaxing,Mr. Prospector,Grand Luxe,Candy Stripes,Go for Win,Hail to Reason,Cosmah,Understanding,Mountain Flower,Lyphard,Lady Rebecca,Busted,Highclere,Fappiano,Gana Facil,Caro,Lucky Spell,Cee's Tizzy,Cee's Song,Storm Cat,Jeano,Northern Dancer,South Ocean,Secretariat,Crimson Saint,Raise a Native,Sweet Tooth,Buckpasser,Marking Time,Raise a Native,Gold Digger,Sir Ivor,Fanfreluche,Blushing Groom,バブルカンパニー,Egg Toss,La Taquilla
202603010103,,,,,,レイデオロ,ヴィエナブロー,キングカメハメハ,ラドラーダ,Camelot,Danish Delight,Kingmambo,マンファス,シンボリクリスエス,レディブロンド,Montjeu,Tarfah,Danehill Dancer,Premiere Creation,Mr. Prospector,Miesque,ラストタイクーン,Pilot Bird,Kris S.,Tee Kay,Seeking the Gold,ウインドインハーヘア,Sadler's Wells,Floripedes,Kingmambo,Fickle,デインヒル,Mira Adonde,Green Tune,Allwaki,Raise a Native,Gold Digger,Nureyev,Pasadoble,トライマイベスト,Mill Princess,Blakeney,The Dancer,Roberto,Sharp Queen,Gold Meridian,Tri Argo,Mr. Prospector,Con Game,Alzao,Burghclere,Northern Dancer,Fairy Bridge,Top Ville,Toute Cy,Mr. Prospector,Miesque,デインヒル,Fade,Danzig,Razyana,Sharpen Up,Lettre d'Amour,Green Dancer,Soundings,Miswaki,Alloy
202603010103,,,,,,サートゥルナーリア,サクセスベルーナ,ロードカナロア,シーザリオ,シンボリクリスエス,サクセスビューティ,キングカメハメハ,レディブラッサム,スペシャルウィーク,キロフプリミエール,Kris S.,Tee Kay,サンデーサイレンス,アワーミスレッグス,Kingmambo,マンファス,Storm Cat,サラトガデュー,サンデーサイレンス,キャンペンガール,Sadler's Wells,Querida,Roberto,Sharp Queen,Gold Meridian,Tri Argo,Halo,Wishing Well,Deputy Minister,Colonial Waters,Mr. Prospector,Miesque,ラストタイクーン,Pilot Bird,Storm Bird,Terlingua,Cormorant,Super Luna,Halo,Wishing Well,マルゼンスキー,レディーシラオキ,Northern Dancer,Fairy Bridge,Habitat,Principia,Hail to Reason,Bramalea,Princequillo,Bridgework,Seattle Slew,Queen Louie,Tri Jet,Hail Proudly,Hail to Reason,Cosmah,Understanding,Mountain Flower,Vice Regent,Mint Copy,Pleasant Colony,Water Cress
202603010103,,,,,,サートゥルナーリア,クロンヌデトワール,ロードカナロア,シーザリオ,オルフェーヴル,スターズインハーアイズ,キングカメハメハ,レディブラッサム,スペシャルウィーク,キロフプリミエール,ステイゴールド,オリエンタルアート,Woodman,ウインドインハーヘア,Kingmambo,マンファス,Storm Cat,サラトガデュー,サンデーサイレンス,キャンペンガール,Sadler's Wells,Querida,サンデーサイレンス,ゴールデンサッシュ,メジロマックイーン,エレクトロアート,Mr. Prospector,プレイメイト,Alzao,Burghclere,Mr. Prospector,Miesque,ラストタイクーン,Pilot Bird,Storm Bird,Terlingua,Cormorant,Super Luna,Halo,Wishing Well,マルゼンスキー,レディーシラオキ,Northern Dancer,Fairy Bridge,Habitat,Principia,Halo,Wishing Well,ディクタス,ダイナサッシュ,メジロティターン,メジロオーロラ,ノーザンテースト,グランマスティーヴンス,Raise a Native,Gold Digger,Buckpasser,Intriguing,Lyphard,Lady Rebecca,Busted,Highclere
202603010103,,,,,,マクフィ,ショウナンタレント,Dubawi,Dhelaal,アグネスタキオン,シャンラン,Dubai Millennium,Zomaradah,Green Desert,Irish Valley,サンデーサイレンス,アグネスフローラ,Great Commotion,Down the Line,Seeking the Gold,Colorado Dancer,Deploy,Jawaher,Danzig,Foreign Courier,Irish River,Green Valley,Halo,Wishing Well,ロイヤルスキー,アグネスレディー,Nureyev,Alathea,Brigadier Gerard,Sizzler,Mr. Prospector,Con Game,Shareef Dancer,Fall Aspen,Shirley Heights,Slightly Dangerous,ダンシングブレーヴ,High Tern,Northern Dancer,Pas de Nom,Sir Ivor,Courtly Dee,Riverman,Irish Star,Val de Loir,Sly Pola,Hail to Reason,Cosmah,Understanding,Mountain Flower,Raja Baba,Coz o'Nijinsky,リマンド,イコマエイカン,Northern Dancer,Special,Lorenzaccio,Vive La Reine,Queen's Hussar,La Paiva,Blakeney,Death Ray
202603010103,,,,,,ディーマジェスティ,クォーク,ディープインパクト,エルメスティアラ,ネオユニヴァース,ファーディーン,サンデーサイレンス,ウインドインハーヘア,ブライアンズタイム,シンコウエルメス,サンデーサイレンス,ポインテッドパス,ファーディナンド,Conquisto,Halo,Wishing Well,Alzao,Burghclere,Roberto,Kelley's Day,Sadler's Wells,Doff the Derby,Halo,Wishing Well,Kris,Silken Way,Nijinsky,Banja Luka,Conquistador Cielo,Gauri,Hail to Reason,Cosmah,Understanding,Mountain Flower,Lyphard,Lady Rebecca,Busted,Highclere,Hail to Reason,Bramalea,Graustark,Golden Trail,Northern Dancer,Fairy Bridge,Master Derby,Margarethen,Hail to Reason,Cosmah,Understanding,Mountain Flower,Sharpen Up,Doubly Sure,Shantung,Boulevard,Northern Dancer,Flaming Page,Double Jay,Legato,Mr. Prospector,K D Princess,Sir Ivor,Durga
202603010103,,,,,,アルアイン,クレーリッチェ,ディープインパクト,ドバイマジェスティ,キングカメハメハ,マイネイサベル,サンデーサイレンス,ウインドインハーヘア,Essence of Dubai,Great Majesty,Kingmambo,マンファス,テレグノシス,マイネレジーナ,Halo,Wishing Well,Alzao,Burghclere,Pulpit,Epitome,Great Above,Mistic Majesty,Mr. Prospector,Miesque,ラストタイクーン,Pilot Bird,トニービン,メイクアウイッシュ,サンデーサイレンス,フミノスキー,Hail to Reason,Cosmah,Understanding,Mountain Flower,Lyphard,Lady Rebecca,Busted,Highclere,A.P. Indy,Preach,Summing,Honest and True,Minnesota Mac,Ta Wee,His Majesty,Necaras Miss,Raise a Native,Gold Digger,Nureyev,Pasadoble,トライマイベスト,Mill Princess,Blakeney,The Dancer,カンパラ,Severn Bridge,ノーザンテースト,メツシーナ,Halo,Wishing Well,マルゼンスキー,ベンドユウホウ
202603010104,,,,,,オーヴァルエース,マリーンウィナー,ヘニーヒューズ,アブラシオ,フジキセキ,ドバイソプラノ,ヘネシー,Meadow Flyer,グラスワンダー,ジュウジホウセキ,サンデーサイレンス,ミルレーサー,Zafonic,Ring of Music,Storm Cat,Island Kitty,Meadowlake,Shortley,Silver Hawk,Ameriflora,マルゼンスキー,ジュウジターキン,Halo,Wishing Well,Le Fabuleux,Marston's Mill,Gone West,Zaizafon,Sadler's Wells,Glorious Song,Storm Bird,Terlingua,Hawaii,T. C. Kitten,Hold Your Peace,Suspicious Native,Hagley,Short Winded,Roberto,Gris Vitesse,Danzig,Graceful Touch,Nijinsky,シル,ハンターコム,シヤダイターキン,Hail to Reason,Cosmah,Understanding,Mountain Flower,Wild Risk,Anguar,In Reality,Millicent,Mr. Prospector,Secrettame,The Minstrel,Mofida,Northern Dancer,Fairy Bridge,Halo,Ballade
202603010104,,,,,,タワーオブロンドン,ジェントルヴァウ,Raven's Pass,スノーパイン,Broken Vow,Ranter,Elusive Quality,Ascutney,Dalakhani,シンコウエルメス,Unbridled,Wedding Vow,Storm Cat,Preach,Gone West,Touch of Greatness,Lord at War,Right Word,Darshaan,Daltawa,Sadler's Wells,Doff the Derby,Fappiano,Gana Facil,Nijinsky,Wedding Picture,Storm Bird,Terlingua,Mr. Prospector,Narrate,Mr. Prospector,Secrettame,Hero's Honor,Ivory Wand,General,Luna de Miel,Verbatim,Oratorio,Shirley Heights,Delsy,Miswaki,Damana,Northern Dancer,Fairy Bridge,Master Derby,Margarethen,Mr. Prospector,Killaloe,Le Fabuleux,Charedi,Northern Dancer,Flaming Page,Blushing Groom,Strike a Pose,Northern Dancer,South Ocean,Secretariat,Crimson Saint,Raise a Native,Gold Digger,Honest Pleasure,State
202603010104,,,,,,フォーウィールドライブ,メイショウミソラ,American Pharoah,Funfair,ハーツクライ,エーシンアクセント,Pioneerof the Nile,Littleprincessemma,More Than Ready,Fleuron,サンデーサイレンス,アイリッシュダンス,Cozzene,Above the Salt,エンパイアメーカー,Star of Goshen,Yankee Gentleman,Exclusive Rosette,サザンヘイロー,Woodman's Girl,Distant View,Flamboyance,Halo,Wishing Well,トニービン,ビューパーダンス,Caro,Ride the Trails,Master Derby,Salt In My Stew,Unbridled,Toussaud,Lord at War,Castle Eight,Storm Cat,Key Phrase,Ecliptical,Zetta Jet,Halo,Northern Sea,Woodman,Becky Be Good,Mr. Prospector,Seven Springs,Zilzal,Bridal Wreath,Hail to Reason,Cosmah,Understanding,Mountain Flower,カンパラ,Severn Bridge,Lyphard,My Bupers,フォルティノ,Chambord,Prince John,Wildwook,ダストコマンダー,Madam Jerry,Dr. Blum,Cream in My Coffee
202603010104,,,,,,セイウンコウセイ,エテ,アドマイヤムーン,オブザーヴァント,Congrats,Forestier,エンドスウィープ,マイケイティーズ,Capote,パテントリークリア,A.P. Indy,Praise,Forestry,D'Youville Nurse,フォーティナイナー,Broom Dance,サンデーサイレンス,ケイティーズファースト,Seattle Slew,Too Bald,Miswaki,Badge of Courage,Seattle Slew,Weekend Surprise,Mr. Prospector,Wild Applause,Storm Cat,Shared Interest,Dr. Blum,Field Point Road,Mr. Prospector,File,Dance Spell,Witching Hour,Halo,Wishing Well,Kris,Katies,Bold Reasoning,My Charmer,Bald Eagle,Hidden Talent,Mr. Prospector,Hopespringseternal,Well Decorated,Tamerett,Bold Reasoning,My Charmer,Secretariat,Lassie Dear,Raise a Native,Gold Digger,Northern Dancer,Glowing Tribute,Storm Bird,Terlingua,Pleasant Colony,Surgery,Dr. Fager,Due Dilly,Raja Baba,Len's Determined
202603010104,,,,,,シスキン,フィネス,First Defence,Bird Flown,ディープインパクト,ディアマンティナ,Unbridled's Song,Honest Lady,Oasis Dream,Silver Star,サンデーサイレンス,ウインドインハーヘア,Seeking the Gold,Yousefia,Unbridled,Trolley Song,Seattle Slew,Toussaud,Green Desert,Hope,Zafonic,Monroe,Halo,Wishing Well,Alzao,Burghclere,Mr. Prospector,Con Game,Danzig,Foreign Courier,Fappiano,Gana Facil,Caro,Lucky Spell,Bold Reasoning,My Charmer,El Gran Senor,Image of Reality,Danzig,Foreign Courier,ダンシングブレーヴ,Bahamian,Gone West,Zaizafon,Sir Ivor,Best in Show,Hail to Reason,Cosmah,Understanding,Mountain Flower,Lyphard,Lady Rebecca,Busted,Highclere,Raise a Native,Gold Digger,Buckpasser,Broadway,Northern Dancer,Pas de Nom,Sir Ivor,Courtly Dee
202603010104,,,,,,ジャスタウェイ,キタノオドリコ,ハーツクライ,シビル,エスポワールシチー,ブライドウッド,サンデーサイレンス,アイリッシュダンス,Wild Again,シャロン,ゴールドアリュール,エミネントシチー,Danzig,Braiswick,Halo,Wishing Well,トニービン,ビューパーダンス,Icecapade,Bushel-n-Peck,Mo Exception,Double Wiggle,サンデーサイレンス,ニキーヤ,ブライアンズタイム,ヘップバーンシチー,Northern Dancer,Pas de Nom,King of Spain,Laughing Girl,Hail to Reason,Cosmah,Understanding,Mountain Flower,カンパラ,Severn Bridge,Lyphard,My Bupers,Nearctic,Shenanigans,Khaled,Dama,Hard Work,With Exception,Sir Wiggle,Blue Double,Halo,Wishing Well,Nureyev,Reluctant Guest,Roberto,Kelley's Day,ブレイヴェストローマン,コンパルシチー,Nearctic,Natalma,Admiral's Voyage,Petitioner,フィリップオブスペイン,Sovereign Sails,Sassafras,Violetta
202603010104,,,,,,ロジャーバローズ,ピサノルビー,ディープインパクト,リトルブック,ブライアンズタイム,ペルヴィア,サンデーサイレンス,ウインドインハーヘア,Librettist,Cal Norma's Lady,Roberto,Kelley's Day,Seeking the Gold,Valthea,Halo,Wishing Well,Alzao,Burghclere,Danzig,Mysterial,リファーズスペシャル,June Darling,Hail to Reason,Bramalea,Graustark,Golden Trail,Mr. Prospector,Con Game,Antheus,Green Valley,Hail to Reason,Cosmah,Understanding,Mountain Flower,Lyphard,Lady Rebecca,Busted,Highclere,Northern Dancer,Pas de Nom,Alleged,Mysteries,Lyphard,My Bupers,ジュニアス,Beau Darling,Turn-to,Nothirdchance,Nashua,Rarelea,Ribot,Flower Bowl,Hasty Road,Sunny Vale,Raise a Native,Gold Digger,Buckpasser,Broadway,Northern Dancer,Apachee,Val de Loir,Sly Pola
202603010104,,,,,,ヘニーヒューズ,サウスクイーン,ヘネシー,Meadow Flyer,アイルハヴアナザー,リナミクドリーム,Storm Cat,Island Kitty,Meadowlake,Shortley,Flower Alley,Arch's Gal Edith,Rubiano,ダーケストスター,Storm Bird,Terlingua,Hawaii,T. C. Kitten,Hold Your Peace,Suspicious Native,Hagley,Short Winded,Distorted Humor,プリンセスオリビア,Arch,Force Five Gal,Fappiano,Ruby Slippers,Star de Naskra,Minnie Riperton,Northern Dancer,South Ocean,Secretariat,Crimson Saint,Utrillo,Ethane,Tom Cat,Needlebug,Speak John,Blue Moon,Raise a Native,Be Suspicious,Olden Times,Teo Pepi,Harvest Singing,Wild Cloud,フォーティナイナー,Danzig's Beauty,Lycius,Dance Image,Kris S.,Aurora,Pleasant Tap,Last Cause,Mr. Prospector,Killaloe,Nijinsky,Moon Glitter,Naskra,Candle Star,Cornish Prince,English Harbor
202603010104,,,,,,モズアスコット,セイギハカツ,Frankel,India,Raven's Pass,スポークスウーマン,Galileo,Kind,ヘネシー,Misty Hour,Elusive Quality,Ascutney,Invincible Spirit,Devil's Imp,Sadler's Wells,Urban Sea,デインヒル,Rainbow Lake,Storm Cat,Island Kitty,Miswaki,Our Tina Marie,Gone West,Touch of Greatness,Lord at War,Right Word,Green Desert,Rafha,Cadeaux Genereux,High Spirited,Northern Dancer,Fairy Bridge,Miswaki,Allegretta,Danzig,Razyana,Rainbow Quest,Rockfest,Storm Bird,Terlingua,Hawaii,T. C. Kitten,Mr. Prospector,Hopespringseternal,Nijinsky,Java Moon,Mr. Prospector,Secrettame,Hero's Honor,Ivory Wand,General,Luna de Miel,Verbatim,Oratorio,Danzig,Foreign Courier,Kris,Eljazzi,Young Generation,Smarten Up,Shirley Heights,Sunbittern
202603010104,,,,,,イスラボニータ,ハピネスブルーム,フジキセキ,イスラコジーン,ロードカナロア,シードオブハピネス,サンデーサイレンス,ミルレーサー,Cozzene,Isla Mujeres,キングカメハメハ,レディブラッサム,ゼンノロブロイ,ケイティーズギフト,Halo,Wishing Well,Le Fabuleux,Marston's Mill,Caro,Ride the Trails,Crafty Prospector,Lido Isle,Kingmambo,マンファス,Storm Cat,サラトガデュー,サンデーサイレンス,ローミンレイチェル,フレンチデピュティ,ケイティーズファースト,Hail to Reason,Cosmah,Understanding,Mountain Flower,Wild Risk,Anguar,In Reality,Millicent,フォルティノ,Chambord,Prince John,Wildwook,Mr. Prospector,Real Crafty Lady,Far North,She Is Gorgeous,Mr. Prospector,Miesque,ラストタイクーン,Pilot Bird,Storm Bird,Terlingua,Cormorant,Super Luna,Halo,Wishing Well,マイニング,One Smart Lady,Deputy Minister,Mitterand,Kris,Katies
202603010104,,,,,,カレンブラックヒル,サッキーシフター,ダイワメジャー,チャールストンハーバー,サウスヴィグラス,サンディシフター,サンデーサイレンス,スカーレットブーケ,Grindstone,Penny's Valentine,エンドスウィープ,ダーケストスター,Crafty Prospector,Tide,Halo,Wishing Well,ノーザンテースト,スカーレットインク,Unbridled,Buzz My Bell,Storm Cat,Mrs. Penny,フォーティナイナー,Broom Dance,Star de Naskra,Minnie Riperton,Mr. Prospector,Real Crafty Lady,Coastal,Go On With It,Hail to Reason,Cosmah,Understanding,Mountain Flower,Northern Dancer,Lady Victoria,Crimson Satan,Consentida,Fappiano,Gana Facil,Drone,Chateaupavia,Storm Bird,Terlingua,Great Nephew,Tananarive,Mr. Prospector,File,Dance Spell,Witching Hour,Naskra,Candle Star,Cornish Prince,English Harbor,Raise a Native,Gold Digger,In Reality,Princess Roycraft,Majestic Prince,Alluvial,Dewan,Bride of Note
202603010104,,,,,,クリソベリル,パーカーズミル,ゴールドアリュール,クリソプレーズ,Street Cry,シンバル,サンデーサイレンス,ニキーヤ,エルコンドルパサー,キャサリーンパー,Machiavellian,Helen Street,Singspiel,Valdara,Halo,Wishing Well,Nureyev,Reluctant Guest,Kingmambo,サドラーズギャル,Riverman,Regal Exception,Mr. Prospector,Coup de Folie,Troy,Waterway,In the Wings,Glorious Song,Darshaan,Valverda,Hail to Reason,Cosmah,Understanding,Mountain Flower,Northern Dancer,Special,Hostage,Vaguely Royal,Mr. Prospector,Miesque,Sadler's Wells,Glenveagh,Never Bend,River Lady,Ribot,Rajput Princess,Raise a Native,Gold Digger,Halo,Raise the Standard,Petingo,La Milo,Riverman,Boulevard,Sadler's Wells,High Hawk,Halo,Ballade,Shirley Heights,Delsy,Irish River,Via Venise
202603010104,,,,,,マジェスティックウォリアー,テツナゴオ,A.P. Indy,Dream Supreme,ハーツクライ,フライトオブエンジェルス,Seattle Slew,Weekend Surprise,Seeking the Gold,Spinning Round,サンデーサイレンス,アイリッシュダンス,アフリート,Intently,Bold Reasoning,My Charmer,Secretariat,Lassie Dear,Mr. Prospector,Con Game,Dixieland Band,Take Heart,Halo,Wishing Well,トニービン,ビューパーダンス,Mr. Prospector,Polite Lady,Drone,Naughty Intentions,Boldnesian,Reason to Earn,Poker,Fair Charmer,Bold Ruler,Somethingroyal,Buckpasser,Gay Missile,Raise a Native,Gold Digger,Buckpasser,Broadway,Northern Dancer,Mississippi Mud,Secretariat,Deck Stewardess,Hail to Reason,Cosmah,Understanding,Mountain Flower,カンパラ,Severn Bridge,Lyphard,My Bupers,Raise a Native,Gold Digger,Venetian Jester,Friendly Ways,Sir Gaylord,Cap and Bells,Candy Spots,Teresa Negro
202603010104,,,,,,エピファネイア,ラチェーヴェ,シンボリクリスエス,シーザリオ,Danehill Dancer,Challow Hills,Kris S.,Tee Kay,スペシャルウィーク,キロフプリミエール,デインヒル,Mira Adonde,Woodman,Cascassi,Roberto,Sharp Queen,Gold Meridian,Tri Argo,サンデーサイレンス,キャンペンガール,Sadler's Wells,Querida,Danzig,Razyana,Sharpen Up,Lettre d'Amour,Mr. Prospector,プレイメイト,Nijinsky,Cacti,Hail to Reason,Bramalea,Princequillo,Bridgework,Seattle Slew,Queen Louie,Tri Jet,Hail Proudly,Halo,Wishing Well,マルゼンスキー,レディーシラオキ,Northern Dancer,Fairy Bridge,Habitat,Principia,Northern Dancer,Pas de Nom,His Majesty,Spring Adieu,エタン,Rocchetta,Caro,Lianga,Raise a Native,Gold Digger,Buckpasser,Intriguing,Northern Dancer,Flaming Page,Tom Rolfe,Desert Love
202603010104,,,,,,マテラスカイ,ニシノワン,Speightstown,Mostaqeleh,ウォーエンブレム,サビアーレ,Gone West,Silken Cat,Rahy,Istiqlal,Our Emblem,Sweetest Lady,Capote,Sakura Fabulous,Mr. Prospector,Secrettame,Storm Cat,Silken Doll,Blushing Groom,Glorious Song,Diesis,Wasnah,Mr. Prospector,Personal Ensign,Lord at War,Sweetest Roman,Seattle Slew,Too Bald,Fabulous Dancer,ローラローラ,Raise a Native,Gold Digger,Secretariat,Tamerett,Storm Bird,Terlingua,Chieftain,Insilca,Red God,Runaway Bride,Halo,Ballade,Sharpen Up,Doubly Sure,Nijinsky,Highest Trump,Raise a Native,Gold Digger,Private Account,Grecian Banner,General,Luna de Miel,The Pruner,I Also,Bold Reasoning,My Charmer,Bald Eagle,Hidden Talent,Northern Dancer,Last of the Line,Saint Cyrien,Bold Lady
202603010104,,,,,,ロードカナロア,レッドティー,キングカメハメハ,レディブラッサム,Sakhee,Maimoona,Kingmambo,マンファス,Storm Cat,サラトガデュー,Bahri,Thawakib,Pivotal,Shuruk,Mr. Prospector,Miesque,ラストタイクーン,Pilot Bird,Storm Bird,Terlingua,Cormorant,Super Luna,Riverman,Wasnah,Sadler's Wells,Tobira Celeste,Polar Falcon,Fearless Revival,Cadeaux Genereux,Harmless Albatross,Raise a Native,Gold Digger,Nureyev,Pasadoble,トライマイベスト,Mill Princess,Blakeney,The Dancer,Northern Dancer,South Ocean,Secretariat,Crimson Saint,His Majesty,Song Sparrow,In Reality,Alada,Never Bend,River Lady,Nijinsky,Highest Trump,Northern Dancer,Fairy Bridge,Ribot,Heavenly Body,Nureyev,Marie d'Argonne,Cozzene,Stufida,Young Generation,Smarten Up,パドスール,North Forland
202603010105,,,,,,インディチャンプ,メイショウミナヅキ,ステイゴールド,ウィルパワー,シニスターミニスター,シンメイスバル,サンデーサイレンス,ゴールデンサッシュ,キングカメハメハ,トキオリアリティー,Old Trieste,Sweet Minister,アドマイヤムーン,ハイウェイトゥグローリー,Halo,Wishing Well,ディクタス,ダイナサッシュ,Kingmambo,マンファス,Meadowlake,What a Reality,A.P. Indy,Lovlier Linda,The Prime Minister,Sweet Blue,エンドスウィープ,マイケイティーズ,Cape Cross,Anita Via,Hail to Reason,Cosmah,Understanding,Mountain Flower,Sanctus,Doronic,ノーザンテースト,ロイヤルサッシュ,Mr. Prospector,Miesque,ラストタイクーン,Pilot Bird,Hold Your Peace,Suspicious Native,In Reality,What Will Be,Seattle Slew,Weekend Surprise,Vigors,Linda Summers,Deputy Minister,Stick to Beauty,Hurry Up Blue,Sugar Gold,フォーティナイナー,Broom Dance,サンデーサイレンス,ケイティーズファースト,Green Desert,Park Appeal,Anita's Prince,Seldovia
202603010105,,,,,,シスキン,マローブルー,First Defence,Bird Flown,ディープインパクト,リラックススマイル,Unbridled's Song,Honest Lady,Oasis Dream,Silver Star,サンデーサイレンス,ウインドインハーヘア,Dubai Destination,ヴェルヴェットクイーン,Unbridled,Trolley Song,Seattle Slew,Toussaud,Green Desert,Hope,Zafonic,Monroe,Halo,Wishing Well,Alzao,Burghclere,Kingmambo,Mysterial,Singspiel,Velvet Moon,Fappiano,Gana Facil,Caro,Lucky Spell,Bold Reasoning,My Charmer,El Gran Senor,Image of Reality,Danzig,Foreign Courier,ダンシングブレーヴ,Bahamian,Gone West,Zaizafon,Sir Ivor,Best in Show,Hail to Reason,Cosmah,Understanding,Mountain Flower,Lyphard,Lady Rebecca,Busted,Highclere,Mr. Prospector,Miesque,Alleged,Mysteries,In the Wings,Glorious Song,シャーディー,Park Special
202603010105,,,,,,フィエールマン,ユメノマイホーム,ディープインパクト,リュヌドール,ストーミングホーム,ニシノユメヲミセテ,サンデーサイレンス,ウインドインハーヘア,Green Tune,Luth d'Or,Machiavellian,Try to Catch Me,ブライアンズタイム,アファフ,Halo,Wishing Well,Alzao,Burghclere,Green Dancer,Soundings,Noir Et Or,Viole d'Amour,Mr. Prospector,Coup de Folie,Shareef Dancer,It's in the Air,Roberto,Kelley's Day,Nijinsky,Continual,Hail to Reason,Cosmah,Understanding,Mountain Flower,Lyphard,Lady Rebecca,Busted,Highclere,Nijinsky,Green Valley,Mr. Prospector,Ocean's Answer,ラインゴールド,Pomme Rose,Luthier,Mandolinette,Raise a Native,Gold Digger,Halo,Raise the Standard,Northern Dancer,Sweet Alliance,Mr. Prospector,A Wind Is Rising,Hail to Reason,Bramalea,Graustark,Golden Trail,Northern Dancer,Flaming Page,Damascus,Continuation
202603010105,,,,,,コントレイル,マジェスティッククオリティ,ディープインパクト,ロードクロサイト,Quality Road,She Nuit All,サンデーサイレンス,ウインドインハーヘア,Unbridled's Song,Folklore,Elusive Quality,Kobla,Lost Soldier,Belle Nuit,Halo,Wishing Well,Alzao,Burghclere,Unbridled,Trolley Song,Tiznow,Contrive,Gone West,Touch of Greatness,Strawberry Road,Winglet,Danzig,Lady Winborne,Dr. Carter,Belle Noel,Hail to Reason,Cosmah,Understanding,Mountain Flower,Lyphard,Lady Rebecca,Busted,Highclere,Fappiano,Gana Facil,Caro,Lucky Spell,Cee's Tizzy,Cee's Song,Storm Cat,Jeano,Mr. Prospector,Secrettame,Hero's Honor,Ivory Wand,Whiskey Road,Giftisa,Alydar,Highest Trump,Northern Dancer,Pas de Nom,Secretariat,Priceless Gem,Caro,Gentle Touch,Tom Rolfe,Christmas Belle
202603010105,,,,,,ゴールドシップ,ゲハイムローゼ,ステイゴールド,ポイントフラッグ,ロージズインメイ,コスモエンドレス,サンデーサイレンス,ゴールデンサッシュ,メジロマックイーン,パストラリズム,Devil His Due,Tell a Secret,スターオブコジーン,マイネエクセル,Halo,Wishing Well,ディクタス,ダイナサッシュ,メジロティターン,メジロオーロラ,プルラリズム,トクノエイティー,Devil's Bag,Plenty O'Toole,Speak John,Secret Retreat,Cozzene,Star Gem,タマモクロス,オカノブルー,Hail to Reason,Cosmah,Understanding,Mountain Flower,Sanctus,Doronic,ノーザンテースト,ロイヤルサッシュ,メジロアサマ,シエリル,リマンド,メジロアイリス,The Minstrel,Cambretta,トライバルチーフ,アイアンルビー,Halo,Ballade,Raise a Cup,Li'l Puss,Prince John,Nuit de Folies,Clandestine,Retirement,Caro,Ride the Trails,Pia Star,Soonerland,シービークロス,グリーンシャトー,ネプテューヌス,ヒンドバース
202603010105,,,,,,コントレイル,アーデルワイゼ,ディープインパクト,ロードクロサイト,エイシンフラッシュ,アーデルハイト,サンデーサイレンス,ウインドインハーヘア,Unbridled's Song,Folklore,キングズベスト,ムーンレディ,アグネスタキオン,ビワハイジ,Halo,Wishing Well,Alzao,Burghclere,Unbridled,Trolley Song,Tiznow,Contrive,Kingmambo,Allegretta,Platini,Midnight Fever,サンデーサイレンス,アグネスフローラ,Caerleon,アグサン,Hail to Reason,Cosmah,Understanding,Mountain Flower,Lyphard,Lady Rebecca,Busted,Highclere,Fappiano,Gana Facil,Caro,Lucky Spell,Cee's Tizzy,Cee's Song,Storm Cat,Jeano,Mr. Prospector,Miesque,Lombard,Anatevka,Surumu,Prairie Darling,Sure Blade,Majoritat,Halo,Wishing Well,ロイヤルスキー,アグネスレディー,Nijinsky,Foreseer,Lord Gayle,Santa Luciana
202603010105,,,,,,エピファネイア,フライングジェム,シンボリクリスエス,シーザリオ,Mineshaft,Flying Marlin,Kris S.,Tee Kay,スペシャルウィーク,キロフプリミエール,A.P. Indy,Prospector's Delite,Marlin,Morning Dove,Roberto,Sharp Queen,Gold Meridian,Tri Argo,サンデーサイレンス,キャンペンガール,Sadler's Wells,Querida,Seattle Slew,Weekend Surprise,Mr. Prospector,Up the Flagpole,Sword Dance,Syrian Summer,Fortunate Prospect,Pink Dove,Hail to Reason,Bramalea,Princequillo,Bridgework,Seattle Slew,Queen Louie,Tri Jet,Hail Proudly,Halo,Wishing Well,マルゼンスキー,レディーシラオキ,Northern Dancer,Fairy Bridge,Habitat,Principia,Bold Reasoning,My Charmer,Secretariat,Lassie Dear,Raise a Native,Gold Digger,Hoist the Flag,The Garden Club,Nijinsky,Rosa Mundi,Damascus,Special Warmth,Northern Prospect,Fortunate Bid,Argument,Perfect Pigeon
202603010105,,,,,,スワーヴリチャード,ローヌグレイシア,ハーツクライ,ピラミマ,クロフネ,アーデルハイト,サンデーサイレンス,アイリッシュダンス,Unbridled's Song,キャリアコレクション,フレンチデピュティ,ブルーアヴェニュー,アグネスタキオン,ビワハイジ,Halo,Wishing Well,トニービン,ビューパーダンス,Unbridled,Trolley Song,General Meeting,River of Stars,Deputy Minister,Mitterand,Classic Go Go,Eliza Blue,サンデーサイレンス,アグネスフローラ,Caerleon,アグサン,Hail to Reason,Cosmah,Understanding,Mountain Flower,カンパラ,Severn Bridge,Lyphard,My Bupers,Fappiano,Gana Facil,Caro,Lucky Spell,Seattle Slew,Alydar's Promise,Riverman,Star Fortune,Vice Regent,Mint Copy,Hold Your Peace,Laredo Lass,Pago Pago,Classic Perfection,Icecapade,コレラ,Halo,Wishing Well,ロイヤルスキー,アグネスレディー,Nijinsky,Foreseer,Lord Gayle,Santa Luciana
202603010105,,,,,,シルバーステート,サマーエタニティ,ディープインパクト,シルヴァースカヤ,アドマイヤコジーン,オールフォーゲラン,サンデーサイレンス,ウインドインハーヘア,Silver Hawk,Boubskaia,Cozzene,アドマイヤマカディ,ジェイドロバリー,ミスゲラン,Halo,Wishing Well,Alzao,Burghclere,Roberto,Gris Vitesse,Niniski,Frenetique,Caro,Ride the Trails,ノーザンテースト,ミセスマカディー,Mr. Prospector,Number,マルゼンスキー,ゲラン,Hail to Reason,Cosmah,Understanding,Mountain Flower,Lyphard,Lady Rebecca,Busted,Highclere,Hail to Reason,Bramalea,Amerigo,Matchiche,Nijinsky,Virginia Hills,Tyrant,Femina,フォルティノ,Chambord,Prince John,Wildwook,Northern Dancer,Lady Victoria,トライバルチーフ,Hanina,Raise a Native,Gold Digger,Nijinsky,Special,Nijinsky,シル,ソロナウェー,ミスブゼン
202603010105,,,,,,キタサンブラック,イストワールファム,ブラックタイド,シュガーハート,ローエングリン,ヒストリックレディ,サンデーサイレンス,ウインドインハーヘア,サクラバクシンオー,オトメゴコロ,Singspiel,カーリング,ネオユニヴァース,ヒストリックスター,Halo,Wishing Well,Alzao,Burghclere,サクラユタカオー,サクラハゴロモ,ジャッジアンジェルーチ,テイズリー,In the Wings,Glorious Song,Garde Royale,Corraleja,サンデーサイレンス,ポインテッドパス,ファルブラヴ,ベガ,Hail to Reason,Cosmah,Understanding,Mountain Flower,Lyphard,Lady Rebecca,Busted,Highclere,テスコボーイ,アンジェリカ,ノーザンテースト,クリアアンバー,Honest Pleasure,Victorian Queen,Lyphard,Tizna,Sadler's Wells,High Hawk,Halo,Ballade,Mill Reef,Royal Way,Carvin,Darling Dale,Halo,Wishing Well,Kris,Silken Way,Fairy King,Gift of the Night,トニービン,アンティックヴァリュー
202603010105,,,,,,エピファネイア,シャンロッサ,シンボリクリスエス,シーザリオ,Galileo,Palacoona,Kris S.,Tee Kay,スペシャルウィーク,キロフプリミエール,Sadler's Wells,Urban Sea,ラストタイクーン,Palavera,Roberto,Sharp Queen,Gold Meridian,Tri Argo,サンデーサイレンス,キャンペンガール,Sadler's Wells,Querida,Northern Dancer,Fairy Bridge,Miswaki,Allegretta,トライマイベスト,Mill Princess,Bikala,ポーリスタナ,Hail to Reason,Bramalea,Princequillo,Bridgework,Seattle Slew,Queen Louie,Tri Jet,Hail Proudly,Halo,Wishing Well,マルゼンスキー,レディーシラオキ,Northern Dancer,Fairy Bridge,Habitat,Principia,Nearctic,Natalma,Bold Reason,Special,Mr. Prospector,Hopespringseternal,Lombard,Anatevka,Northern Dancer,Sex Appeal,Mill Reef,Irish Lass,Kalamoun,Irish Bird,Pretense,Near Me Now
202603010105,,,,,,ゴールドシップ,タピットトゥギャザー,ステイゴールド,ポイントフラッグ,Tapit,Forever Together,サンデーサイレンス,ゴールデンサッシュ,メジロマックイーン,パストラリズム,Pulpit,Tap Your Heels,Belong to Me,Constant Companion,Halo,Wishing Well,ディクタス,ダイナサッシュ,メジロティターン,メジロオーロラ,プルラリズム,トクノエイティー,A.P. Indy,Preach,Unbridled,Ruby Slippers,Danzig,Belonging,Relaunch,Wedding Picture,Hail to Reason,Cosmah,Understanding,Mountain Flower,Sanctus,Doronic,ノーザンテースト,ロイヤルサッシュ,メジロアサマ,シエリル,リマンド,メジロアイリス,The Minstrel,Cambretta,トライバルチーフ,アイアンルビー,Seattle Slew,Weekend Surprise,Mr. Prospector,Narrate,Fappiano,Gana Facil,Nijinsky,Moon Glitter,Northern Dancer,Pas de Nom,Exclusive Native,Straight Deal,In Reality,Foggy Note,Blushing Groom,Strike a Pose
202603010105,,,,,,サトノダイヤモンド,スマイルワールド,ディープインパクト,マルペンサ,キングカメハメハ,エスユーエフシー,サンデーサイレンス,ウインドインハーヘア,Orpen,Marsella,Kingmambo,マンファス,Alzao,Familiar,Halo,Wishing Well,Alzao,Burghclere,Lure,Bonita Francita,サザンヘイロー,Riviere,Mr. Prospector,Miesque,ラストタイクーン,Pilot Bird,Lyphard,Lady Rebecca,Diesis,Lost Virtue,Hail to Reason,Cosmah,Understanding,Mountain Flower,Lyphard,Lady Rebecca,Busted,Highclere,Danzig,Endear,Devil's Bag,Raise the Standard,Halo,Northern Sea,Logical,Talonada,Raise a Native,Gold Digger,Nureyev,Pasadoble,トライマイベスト,Mill Princess,Blakeney,The Dancer,Northern Dancer,Goofed,Sir Ivor,Pocahontas,Sharpen Up,Doubly Sure,Cloudy Dawn,Aunt Tilt
202603010105,,,,,,レイデオロ,ワイルドタッチ,キングカメハメハ,ラドラーダ,ハーツクライ,ワイルドゲッツ,Kingmambo,マンファス,シンボリクリスエス,レディブロンド,サンデーサイレンス,アイリッシュダンス,ワイルドラッシュ,ゲラウトマイウエイ,Mr. Prospector,Miesque,ラストタイクーン,Pilot Bird,Kris S.,Tee Kay,Seeking the Gold,ウインドインハーヘア,Halo,Wishing Well,トニービン,ビューパーダンス,Wild Again,Rose Park,スキャターザゴールド,ムヒバー,Raise a Native,Gold Digger,Nureyev,Pasadoble,トライマイベスト,Mill Princess,Blakeney,The Dancer,Roberto,Sharp Queen,Gold Meridian,Tri Argo,Mr. Prospector,Con Game,Alzao,Burghclere,Hail to Reason,Cosmah,Understanding,Mountain Flower,カンパラ,Severn Bridge,Lyphard,My Bupers,Icecapade,Bushel-n-Peck,Plugged Nickle,Hardship,Mr. Prospector,Dance Smartly,Dayjur,Eurobird
202603010105,,,,,,ポエティックフレア,キャーントストップ,Dawn Approach,Maria Lee,スクリーンヒーロー,レッドチリペッパー,New Approach,Hymn of the Dawn,ロックオブジブラルタル,Elida,グラスワンダー,ランニングヒロイン,Unbridled,Raise a Carter,Galileo,Park Express,Phone Trick,Colonial Debut,デインヒル,Offshore Boom,ロイヤルアカデミー,Saviour,Silver Hawk,Ameriflora,サンデーサイレンス,ダイナアクトレス,Fappiano,Gana Facil,Dr. Carter,Raise an Heiress,Sadler's Wells,Urban Sea,Ahonoora,Matcher,Clever Trick,Over the Phone,Pleasant Colony,Kittihawk Miss,Danzig,Razyana,Be My Guest,Push a Button,Nijinsky,Crimson Saint,Majestic Light,Victorian Queen,Roberto,Gris Vitesse,Danzig,Graceful Touch,Halo,Wishing Well,ノーザンテースト,モデルスポート,Mr. Prospector,Killaloe,Le Fabuleux,Charedi,Caro,Gentle Touch,Raise a Native,Mellow Marsh
202603010105,,,,,,ブリックスアンドモルタル,テラノヴァ,Giant's Causeway,Beyond the Waves,ヴィクトワールピサ,エアトゥーレ,Storm Cat,Mariah's Storm,Ocean Crest,Excedent,ネオユニヴァース,ホワイトウォーターアフェア,トニービン,スキーパラダイス,Storm Bird,Terlingua,Rahy,イメンス,Storm Bird,S.S.Aroma,Exceller,Broadway Lullaby,サンデーサイレンス,ポインテッドパス,Machiavellian,Much Too Risky,カンパラ,Severn Bridge,Lyphard,Ski Goggle,Northern Dancer,South Ocean,Secretariat,Crimson Saint,Blushing Groom,Glorious Song,Roberto,Imsodear,Northern Dancer,South Ocean,Seattle Slew,Rare Bouquet,Vaguely Noble,Too Bald,Stage Door Johnny,リットルブレツシング,Halo,Wishing Well,Kris,Silken Way,Mr. Prospector,Coup de Folie,Bustino,Short Rations,Kalamoun,State Pension,Hornbeam,Priddy Fair,Northern Dancer,Goofed,ロイヤルスキー,Mississippi Siren
202603010106,,,,,,ブリックスアンドモルタル,ワイルドフラッパー,Giant's Causeway,Beyond the Waves,Ghostzapper,スモークンフローリック,Storm Cat,Mariah's Storm,Ocean Crest,Excedent,Awesome Again,Baby Zip,Smoke Glacken,Cherokyfrolicflash,Storm Bird,Terlingua,Rahy,イメンス,Storm Bird,S.S.Aroma,Exceller,Broadway Lullaby,Deputy Minister,Primal Force,Relaunch,Thirty Zip,Two Punch,Majesty's Crown,Green Dancer,Cherokee Frolic,Northern Dancer,South Ocean,Secretariat,Crimson Saint,Blushing Groom,Glorious Song,Roberto,Imsodear,Northern Dancer,South Ocean,Seattle Slew,Rare Bouquet,Vaguely Noble,Too Bald,Stage Door Johnny,リットルブレツシング,Vice Regent,Mint Copy,Blushing Groom,Prime Prospect,In Reality,Foggy Note,Tri Jet,Sailaway,Mr. Prospector,Heavenly Cause,Magesterial,Queen's Crown,Nijinsky,Green Valley,Cherokee Fellow,Fauchon
202603010106,,,,,,ハービンジャー,フェータルローズ,Dansili,Penang Pearl,タニノギムレット,プリムローズイヴ,デインヒル,Hasili,Bering,Guapa,ブライアンズタイム,タニノクリスタル,サンデーサイレンス,オエノセラ,Danzig,Razyana,Kahyasi,Kerali,Arctic Tern,Beaune,Shareef Dancer,Sauceboat,Roberto,Kelley's Day,クリスタルパレス,タニノシーバード,Halo,Wishing Well,Night Shift,Fruition,Northern Dancer,Pas de Nom,His Majesty,Spring Adieu,イルドブルボン,Kadissya,High Line,Sookera,Sea-Bird,Bubbling Beauty,Lyphard,Barbra,Northern Dancer,Sweet Alliance,Connaught,Cranberry Sauce,Hail to Reason,Bramalea,Graustark,Golden Trail,Caro,Hermieres,Sea-Bird,Flaxen,Hail to Reason,Cosmah,Understanding,Mountain Flower,Northern Dancer,Ciboulette,ラインゴールド,Welsh Flame
202603010106,,,,,,ノヴェリスト,シチリアーナ,Monsun,Night Lagoon,メイショウオウドウ,プラチナレディー,Konigsstuhl,Mosella,Lagunas,Nenuphar,サンデーサイレンス,アルタデナ,ラストタイクーン,ビュティフルクイン,Dschingis Khan,Konigskronung,Surumu,Monasia,イルドブルボン,Liranga,Night Shift,Narola,Halo,Wishing Well,Lyphard,Lacovia,トライマイベスト,Mill Princess,トウショウボーイ,ヒロオスミレ,Tamerlane,Donna Diana,Tiepoletto,Kronung,Literat,Surama,Authi,Monacensia,Nijinsky,Roseliere,Literat,Love In,Northern Dancer,Ciboulette,Nebos,Nubia,Hail to Reason,Cosmah,Understanding,Mountain Flower,Northern Dancer,Goofed,Majestic Light,Hope for All,Northern Dancer,Sex Appeal,Mill Reef,Irish Lass,テスコボーイ,ソシアルバターフライ,ハクホオショウ,ヒガシエイト
202603010106,,,,,,ポエティックフレア,ザイラ,Dawn Approach,Maria Lee,フェノーメノ,カーリア,New Approach,Hymn Of The Dawn,ロックオブジブラルタル,Elida,ステイゴールド,ディラローシェ,Carson City,De Puntillas,Galileo,Park Express,Phone Trick,Colonial Debut,デインヒル,Offshore Boom,ロイヤルアカデミー,Saviour,サンデーサイレンス,ゴールデンサッシュ,デインヒル,Sea Port,Mr. Prospector,Blushing Promise,Distant Relative,Enola,Sadler's Wells,Urban Sea,Ahonoora,Matcher,Clever Trick,Over the Phone,Pleasant Colony,Kittihawk Miss,Danzig,Razyana,Be My Guest,Push a Button,Nijinsky,Crimson Saint,Majestic Light,Victorian Queen,Halo,Wishing Well,ディクタス,ダイナサッシュ,Danzig,Razyana,Averof,Anchor,Raise a Native,Gold Digger,Blushing Groom,Summertime Promise,Habitat,Royal Sister,Ela-Mana-Mou,Come True
202603010106,,,,,,コントレイル,シムシマー,ディープインパクト,ロードクロサイト,Poet's Voice,Aaraas,サンデーサイレンス,ウインドインハーヘア,Unbridled's Song,Folklore,Dubawi,Bright Tiara,Haafhd,Adaala,Halo,Wishing Well,Alzao,Burghclere,Unbridled,Trolley Song,Tiznow,Contrive,Dubai Millennium,Zomaradah,Chief's Crown,Expressive Dance,Alhaarth,Al Bahathri,Sahm,Alshoowg,Hail to Reason,Cosmah,Understanding,Mountain Flower,Lyphard,Lady Rebecca,Busted,Highclere,Fappiano,Gana Facil,Caro,Lucky Spell,Cee's Tizzy,Cee's Song,Storm Cat,Jeano,Seeking the Gold,Colorado Dancer,Deploy,Jawaher,Danzig,Six Crowns,Riva Ridge,Exclusive Dancer,Unfuwain,Irish Valley,Blushing Groom,Chain Store,Mr. Prospector,Salsabil,Riverman,Ghashtah
202603010106,,,,,,ハッピースプリント,タカンナ,アッミラーレ,マーゴーン,スピルバーグ,テンイムホウ,サンデーサイレンス,ダジルミージョリエ,Dayjur,Whispered Secret,ディープインパクト,プリンセスオリビア,ラムタラ,ラッキーダイアリー,Halo,Wishing Well,Carr de Naskra,Mawgrit,Danzig,Gold Beauty,Secretariat,Classy 'n Smart,サンデーサイレンス,ウインドインハーヘア,Lycius,Dance Image,Nijinsky,Snow Bride,ジャッジアンジェルーチ,ダイナシュペール,Hail to Reason,Cosmah,Understanding,Mountain Flower,Star de Naskra,Cornish Runner,Hoist the Flag,Spring Sunshine,Northern Dancer,Pas de Nom,Mr. Prospector,Stick to Beauty,Bold Ruler,Somethingroyal,Smarten,No Class,Halo,Wishing Well,Alzao,Burghclere,Mr. Prospector,Lypatia,Sadler's Wells,Diamond Spring,Northern Dancer,Flaming Page,Blushing Groom,Awaasif,Honest Pleasure,Victorian Queen,ノーザンテースト,カレンダーメイド
202603010106,,,,,,レイデオロ,アイアムカミノマゴ,キングカメハメハ,ラドラーダ,アグネスタキオン,アイアムザウィナー,Kingmambo,マンファス,シンボリクリスエス,レディブロンド,サンデーサイレンス,アグネスフローラ,Danzig Connection,ブルージーンベイビー,Mr. Prospector,Miesque,ラストタイクーン,Pilot Bird,Kris S.,Tee Kay,Seeking the Gold,ウインドインハーヘア,Halo,Wishing Well,ロイヤルスキー,アグネスレディー,Danzig,Gdynia,Mr. Prospector,Jones Time Machine,Raise a Native,Gold Digger,Nureyev,Pasadoble,トライマイベスト,Mill Princess,Blakeney,The Dancer,Roberto,Sharp Queen,Gold Meridian,Tri Argo,Mr. Prospector,Con Game,Alzao,Burghclere,Hail to Reason,Cosmah,Understanding,Mountain Flower,Raja Baba,Coz o'Nijinsky,リマンド,イコマエイカン,Northern Dancer,Pas de Nom,Sir Ivor,Classicist,Raise a Native,Gold Digger,Current Concept,Daunt's Girl
202603010106,,,,,,レイデオロ,レーヴルシード,キングカメハメハ,ラドラーダ,ディープインパクト,レーヴディマン,Kingmambo,マンファス,シンボリクリスエス,レディブロンド,サンデーサイレンス,ウインドインハーヘア,Highest Honor,Numidie,Mr. Prospector,Miesque,ラストタイクーン,Pilot Bird,Kris S.,Tee Kay,Seeking the Gold,ウインドインハーヘア,Halo,Wishing Well,Alzao,Burghclere,Kenmare,High River,バイアモン,Yamuna,Raise a Native,Gold Digger,Nureyev,Pasadoble,トライマイベスト,Mill Princess,Blakeney,The Dancer,Roberto,Sharp Queen,Gold Meridian,Tri Argo,Mr. Prospector,Con Game,Alzao,Burghclere,Hail to Reason,Cosmah,Understanding,Mountain Flower,Lyphard,Lady Rebecca,Busted,Highclere,Kalamoun,Belle of Ireland,Riverman,Hairbrush,Blushing Groom,Lodeve,Green Dancer,Yeovil
202603010106,,,,,,ヤマカツエース,ウインクルジニー,キングカメハメハ,ヤマカツマリリン,クロフネ,ウインクルグラス,Kingmambo,マンファス,グラスワンダー,イクセプトフォーワンダ,フレンチデピュティ,ブルーアヴェニュー,グラスワンダー,ポーサー,Mr. Prospector,Miesque,ラストタイクーン,Pilot Bird,Silver Hawk,Ameriflora,Tejabo,Unique Gal,Deputy Minister,Mitterand,Classic Go Go,Eliza Blue,Silver Hawk,Ameriflora,Bold Ruckus,Pacific Princess,Raise a Native,Gold Digger,Nureyev,Pasadoble,トライマイベスト,Mill Princess,Blakeney,The Dancer,Roberto,Gris Vitesse,Danzig,Graceful Touch,Deputy Minister,Cutty,Bold Ruckus,Spin to Win,Vice Regent,Mint Copy,Hold Your Peace,Laredo Lass,Pago Pago,Classic Perfection,Icecapade,コレラ,Roberto,Gris Vitesse,Danzig,Graceful Touch,Boldnesian,Raise a Ruckus,Damascus,Fiji
202603010106,,,,,,シルバーステート,クルソラ,ディープインパクト,シルヴァースカヤ,Candy Stripes,Calorica,サンデーサイレンス,ウインドインハーヘア,Silver Hawk,Boubskaia,Blushing Groom,バブルカンパニー,Ahmad,Canchera,Halo,Wishing Well,Alzao,Burghclere,Roberto,Gris Vitesse,Niniski,Frenetique,Red God,Runaway Bride,Lyphard,Prodice,Good Manners,Azyade,Pepenador,Cargada,Hail to Reason,Cosmah,Understanding,Mountain Flower,Lyphard,Lady Rebecca,Busted,Highclere,Hail to Reason,Bramalea,Amerigo,Matchiche,Nijinsky,Virginia Hills,Tyrant,Femina,Nasrullah,Spring Run,Wild Risk,Aimee,Northern Dancer,Goofed,Prominer,Euridice,Nashua,Fun House,Churrinche,Zeilah,Lucky Debonair,Ninon,Mariache,Casandra Real
202603010106,,,,,,バゴ,ハッピージュエル,Nashwan,Moonlight's Box,リンカーン,アドマイヤラピス,Blushing Groom,Height of Fashion,Nureyev,Coup de Genie,サンデーサイレンス,グレースアドマイヤ,Be My Guest,Elevate,Red God,Runaway Bride,Bustino,Highclere,Northern Dancer,Special,Mr. Prospector,Coup de Folie,Halo,Wishing Well,トニービン,バレークイーン,Northern Dancer,What a Treat,Ela-Mana-Mou,Sunny Valley,Nasrullah,Spring Run,Wild Risk,Aimee,Busted,Ship Yard,Queen's Hussar,Highlight,Nearctic,Natalma,Forli,Thong,Raise a Native,Gold Digger,Halo,Raise the Standard,Hail to Reason,Cosmah,Understanding,Mountain Flower,カンパラ,Severn Bridge,Sadler's Wells,Sun Princess,Nearctic,Natalma,Tudor Minstrel,Rare Treat,ピットカーン,Rose Bertin,Val de Loir,Sunland
202603010106,,,,,,フィエールマン,カスタディーヴァ,ディープインパクト,リュヌドール,High Chaparral,The Opera House,サンデーサイレンス,ウインドインハーヘア,Green Tune,Luth d'Or,Sadler's Wells,Kasora,Zabeel,Carmina Burana,Halo,Wishing Well,Alzao,Burghclere,Green Dancer,Soundings,Noir Et Or,Viole d'Amour,Northern Dancer,Fairy Bridge,Darshaan,Kozana,Sir Tristram,Lady Giselle,Star Way,Benediction,Hail to Reason,Cosmah,Understanding,Mountain Flower,Lyphard,Lady Rebecca,Busted,Highclere,Nijinsky,Green Valley,Mr. Prospector,Ocean's Answer,ラインゴールド,Pomme Rose,Luthier,Mandolinette,Nearctic,Natalma,Bold Reason,Special,Shirley Heights,Delsy,Kris,Koblenza,Sir Ivor,Isolt,Nureyev,Valderna,Star Appeal,New Way,Day Is Done,Cathedra
202603010106,,,,,,サトノジェネシス,レアシルウィア,ディープインパクト,マルペンサ,ティンバーカントリー,フミノアミューズ,サンデーサイレンス,ウインドインハーヘア,Orpen,Marsella,Woodman,Fall Aspen,キャタオラ,フミノクロユリ,Halo,Wishing Well,Alzao,Burghclere,Lure,Bonita Francita,サザンヘイロー,Riviere,Mr. Prospector,プレイメイト,Pretense,Change Water,Never Bend,Silent Beauty,コインドシルバー,ヒカルシンモエ,Hail to Reason,Cosmah,Understanding,Mountain Flower,Lyphard,Lady Rebecca,Busted,Highclere,Danzig,Endear,Devil's Bag,Raise the Standard,Halo,Northern Sea,Logical,Talonada,Raise a Native,Gold Digger,Buckpasser,Intriguing,Endeavour,Imitation,Swaps,Portage,Nasrullah,Lalun,Creme dela Creme,Village Beauty,Herbager,Silver Coin,ダイハード,ミスコウジン
202603010106,,,,,,ルーラーシップ,イトハユリ,キングカメハメハ,エアグルーヴ,ゼンノロブロイ,リリウム,Kingmambo,マンファス,トニービン,ダイナカール,サンデーサイレンス,ローミンレイチェル,クロフネ,ベゴニア,Mr. Prospector,Miesque,ラストタイクーン,Pilot Bird,カンパラ,Severn Bridge,ノーザンテースト,シャダイフェザー,Halo,Wishing Well,マイニング,One Smart Lady,フレンチデピュティ,ブルーアヴェニュー,Plugged Nickle,Dahlia,Raise a Native,Gold Digger,Nureyev,Pasadoble,トライマイベスト,Mill Princess,Blakeney,The Dancer,Kalamoun,State Pension,Hornbeam,Priddy Fair,Northern Dancer,Lady Victoria,ガーサント,パロクサイド,Hail to Reason,Cosmah,Understanding,Mountain Flower,Mr. Prospector,I Pass,Clever Trick,Pia's Lady,Deputy Minister,Mitterand,Classic Go Go,Eliza Blue,Key to the Mint,Toll Booth,Vaguely Noble,Charming Alibi
202603010106,,,,,,ゴールドシップ,パールオブアフリカ,ステイゴールド,ポイントフラッグ,Jeremy,Kournikova,サンデーサイレンス,ゴールデンサッシュ,メジロマックイーン,パストラリズム,Danehill Dancer,グリントインハーアイ,Sportsworld,Faberge Flowers,Halo,Wishing Well,ディクタス,ダイナサッシュ,メジロティターン,メジロオーロラ,プルラリズム,トクノエイティー,デインヒル,Mira Adonde,アラジ,ウインドインハーヘア,Alleged,Gallanta,Russian Fox,Queen of The Rings,Hail to Reason,Cosmah,Understanding,Mountain Flower,Sanctus,Doronic,ノーザンテースト,ロイヤルサッシュ,メジロアサマ,シエリル,リマンド,メジロアイリス,The Minstrel,Cambretta,トライバルチーフ,アイアンルビー,Danzig,Razyana,Sharpen Up,Lettre d'Amour,Blushing Groom,ダンスールファビュルー,Alzao,Burghclere,Hoist the Flag,Princess Pout,Nureyev,Gay Missile,Nijinsky,Flying Fur,Royal prerogative,Saturna
202603010107,,,,,,ダイワメジャー,レッドアトゥ,サンデーサイレンス,スカーレットブーケ,カジノドライヴ,ブレンダ,Halo,Wishing Well,ノーザンテースト,スカーレットインク,Mineshaft,Better Than Honour,ロックオブジブラルタル,フェアリーバラード,Hail to Reason,Cosmah,Understanding,Mountain Flower,Northern Dancer,Lady Victoria,Crimson Satan,Consentida,A.P. Indy,Prospector's Delite,Deputy Minister,Blush With Pride,デインヒル,Offshore Boom,Sadler's Wells,Angelic Song,Turn-to,Nothirdchance,Cosmic Bomb,Almahmoud,Promised Land,Pretty Ways,Montparnasse,Edelweiss,Nearctic,Natalma,Victoria Park,Lady Angela,Spy Song,Papila,Beau Max,La Menina,Seattle Slew,Weekend Surprise,Mr. Prospector,Up the Flagpole,Vice Regent,Mint Copy,Blushing Groom,Best in Show,Danzig,Razyana,Be My Guest,Push a Button,Northern Dancer,Fairy Bridge,Halo,Ballade
202603010107,,,,,,ドゥラメンテ,リトルモンスター,キングカメハメハ,アドマイヤグルーヴ,Into Mischief,Pashmina,Kingmambo,マンファス,サンデーサイレンス,エアグルーヴ,Harlan's Holiday,Leslie's Lady,Pentelicus,Heir D' Mint,Mr. Prospector,Miesque,ラストタイクーン,Pilot Bird,Halo,Wishing Well,トニービン,ダイナカール,Harlan,Christmas in Aiken,Tricky Creek,Crystal Lady,Fappiano,Charedi,Sovereign Dancer,Flying Heat,Raise a Native,Gold Digger,Nureyev,Pasadoble,トライマイベスト,Mill Princess,Blakeney,The Dancer,Hail to Reason,Cosmah,Understanding,Mountain Flower,カンパラ,Severn Bridge,ノーザンテースト,シャダイフェザー,Storm Cat,Country Romance,Affirmed,Dowager,Clever Trick,Battle Creek Girl,Stop the Music,One Last Bird,Mr. Prospector,Killaloe,In Reality,Magic,Northern Dancer,Bold Princess,Private Account,Turn Down the Heat
202603010107,,,,,,キズナ,ラブリーベルナデット,ディープインパクト,キャットクイル,Wilburn,Inlovewithlove,サンデーサイレンス,ウインドインハーヘア,Storm Cat,Pacific Princess,Bernardini,Moonlight Sonata,Bernstein,Not a Solution,Halo,Wishing Well,Alzao,Burghclere,Storm Bird,Terlingua,Damascus,Fiji,A.P. Indy,Cara Rafaela,Carson City,Wheatly Way,Storm Cat,La Affirmed,Grand Slam,Popol Vuh,Hail to Reason,Cosmah,Understanding,Mountain Flower,Lyphard,Lady Rebecca,Busted,Highclere,Northern Dancer,South Ocean,Secretariat,Crimson Saint,Sword Dancer,Kerala,Acropolis,Rififi,Seattle Slew,Weekend Surprise,Quiet American,Oil Fable,Mr. Prospector,Blushing Promise,Wheatly Hall,Family Way,Storm Bird,Terlingua,Affirmed,La Mesa,Gone West,Bright Candles,Czaravich,Tiy
202603010107,,,,,,ロードカナロア,ホウオウパフューム,キングカメハメハ,レディブラッサム,ハーツクライ,マチカネタマカズラ,Kingmambo,マンファス,Storm Cat,サラトガデュー,サンデーサイレンス,アイリッシュダンス,Kingmambo,Sweet and Ready,Mr. Prospector,Miesque,ラストタイクーン,Pilot Bird,Storm Bird,Terlingua,Cormorant,Super Luna,Halo,Wishing Well,トニービン,ビューパーダンス,Mr. Prospector,Miesque,El Prado,Sweet and Steady,Raise a Native,Gold Digger,Nureyev,Pasadoble,トライマイベスト,Mill Princess,Blakeney,The Dancer,Northern Dancer,South Ocean,Secretariat,Crimson Saint,His Majesty,Song Sparrow,In Reality,Alada,Hail to Reason,Cosmah,Understanding,Mountain Flower,カンパラ,Severn Bridge,Lyphard,My Bupers,Raise a Native,Gold Digger,Nureyev,Pasadoble,Sadler's Wells,Lady Capulet,Steady Growth,Please Try Hard
202603010107,,,,,,リオンディーズ,マーチャンテイマー,キングカメハメハ,シーザリオ,クロフネ,マサコチャン,Kingmambo,マンファス,スペシャルウィーク,キロフプリミエール,フレンチデピュティ,ブルーアヴェニュー,サンデーサイレンス,チヨダマサコ,Mr. Prospector,Miesque,ラストタイクーン,Pilot Bird,サンデーサイレンス,キャンペンガール,Sadler's Wells,Querida,Deputy Minister,Mitterand,Classic Go Go,Eliza Blue,Halo,Wishing Well,ラバージョン,ミスオーハヤブサ,Raise a Native,Gold Digger,Nureyev,Pasadoble,トライマイベスト,Mill Princess,Blakeney,The Dancer,Halo,Wishing Well,マルゼンスキー,レディーシラオキ,Northern Dancer,Fairy Bridge,Habitat,Principia,Vice Regent,Mint Copy,Hold Your Peace,Laredo Lass,Pago Pago,Classic Perfection,Icecapade,コレラ,Hail to Reason,Cosmah,Understanding,Mountain Flower,Damascus,Evening Primrose,パーソロン,ワールドハヤブサ
202603010107,,,,,,アジアエクスプレス,パリーナチャン,ヘニーヒューズ,ランニングボブキャッツ,メイショウオウドウ,アングウィッシュ,ヘネシー,Meadow Flyer,Running Stag,Backatem,サンデーサイレンス,アルタデナ,El Gran Senor,Naval Light,Storm Cat,Island Kitty,Meadowlake,Shortley,Cozzene,Fruhlingstag,Notebook,Deputy's Mistress,Halo,Wishing Well,Lyphard,Lacovia,Northern Dancer,Sex Appeal,Majestic Light,Navsup,Storm Bird,Terlingua,Hawaii,T. C. Kitten,Hold Your Peace,Suspicious Native,Hagley,Short Winded,Caro,Ride the Trails,Orsini,Revada,Well Decorated,Mobcap,Deputy Minister,River Crossing,Hail to Reason,Cosmah,Understanding,Mountain Flower,Northern Dancer,Goofed,Majestic Light,Hope for All,Nearctic,Natalma,Buckpasser,Best in Show,Majestic Prince,Irradiate,Tatan,Busanda
202603010107,,,,,,ザファクター,ワンダービーナス,War Front,Greyciousness,バゴ,ワンダーアロマ,Danzig,Starry Dreamer,Miswaki,Skatingonthinice,Nashwan,Moonlight's Box,イナリワン,ラブリースター,Northern Dancer,Pas de Nom,Rubiano,Lara's Star,Mr. Prospector,Hopespringseternal,Icecapade,Rain Shower,Blushing Groom,Height of Fashion,Nureyev,Coup de Genie,ミルジョージ,テイトヤシマ,トウショウボーイ,グツドサファイア,Nearctic,Natalma,Admiral's Voyage,Petitioner,Fappiano,Ruby Slippers,Forli,True Reality,Raise a Native,Gold Digger,Buckpasser,Rose Bower,Nearctic,Shenanigans,Bold Forbes,Right as Rain,Red God,Runaway Bride,Bustino,Highclere,Northern Dancer,Special,Mr. Prospector,Coup de Folie,Mill Reef,Miss Charisma,ラークスパー,ヤシマジェット,テスコボーイ,ソシアルバターフライ,ロムルス,クラツクリュウ
202603010107,,,,,,キンシャサノキセキ,サパス,フジキセキ,ケルトシャーン,Kingmambo,Very True,サンデーサイレンス,ミルレーサー,Pleasant Colony,Featherhill,Mr. Prospector,Miesque,Proud Truth,Tray Bone,Halo,Wishing Well,Le Fabuleux,Marston's Mill,His Majesty,Sun Colony,Lyphard,Lady Berry,Raise a Native,Gold Digger,Nureyev,Pasadoble,Graustark,Wake Robin,Le Fabuleux,Tibia,Hail to Reason,Cosmah,Understanding,Mountain Flower,Wild Risk,Anguar,In Reality,Millicent,Ribot,Flower Bowl,Sunrise Flight,Colonia,Northern Dancer,Goofed,Violon d'Ingres,Moss Rose,Native Dancer,Raise You,Nashua,Sequence,Northern Dancer,Special,Prove Out,Santa Quilla,Ribot,Flower Bowl,Summer Tan,War Ribbon,Wild Risk,Anguar,Gray Phantom,Snow Flyer
202603010107,,,,,,ホッコータルマエ,ダーリングバード,キングカメハメハ,マダムチェロキー,Birdstone,Darling My Darling,Kingmambo,マンファス,Cherokee Run,アンフォイルド,Grindstone,Dear Birdie,Deputy Minister,ローミンレイチェル,Mr. Prospector,Miesque,ラストタイクーン,Pilot Bird,Runaway Groom,Cherokee Dame,Unbridled,Bold Foil,Unbridled,Buzz My Bell,Storm Bird,Hush Dear,Vice Regent,Mint Copy,マイニング,One Smart Lady,Raise a Native,Gold Digger,Nureyev,Pasadoble,トライマイベスト,Mill Princess,Blakeney,The Dancer,Blushing Groom,Yonnie Girl,Silver Saber,Dame Francesca,Fappiano,Gana Facil,Bold Forbes,Perfect Foil,Fappiano,Gana Facil,Drone,Chateaupavia,Northern Dancer,South Ocean,Silent Screen,You All,Northern Dancer,Victoria Regina,Bunty's Flight,Shakney,Mr. Prospector,I Pass,Clever Trick,Pia's Lady
202603010107,,,,,,シャンハイボビー,ポリアフ,Harlan's Holiday,Steelin',キングカメハメハ,ユキチャン,Harlan,Christmas in Aiken,Orientate,Steel Band,Kingmambo,マンファス,クロフネ,シラユキヒメ,Storm Cat,Country Romance,Affirmed,Dowager,Mt. Livermore,Dream Team,Carson City,ウェディングバンド,Mr. Prospector,Miesque,ラストタイクーン,Pilot Bird,フレンチデピュティ,ブルーアヴェニュー,サンデーサイレンス,ウェイブウインド,Storm Bird,Terlingua,Halo,Sweet Romance,Exclusive Native,Won't Tell You,Honest Pleasure,Princessnesian,Blushing Groom,Flama Ardiente,Cox's Ridge,Likely Double,Mr. Prospector,Blushing Promise,Mighty Appealing,Ring of Steel,Raise a Native,Gold Digger,Nureyev,Pasadoble,トライマイベスト,Mill Princess,Blakeney,The Dancer,Deputy Minister,Mitterand,Classic Go Go,Eliza Blue,Halo,Wishing Well,Topsider,Storm and Sunshine
202603010107,,,,,,バトルプラン,エアリーチューン,エンパイアメーカー,Flanders,ステイゴールド,リーインフォースト,Unbridled,Toussaud,Seeking the Gold,Starlet Storm,サンデーサイレンス,ゴールデンサッシュ,トニービン,ティアラ,Fappiano,Gana Facil,El Gran Senor,Image of Reality,Mr. Prospector,Con Game,Storm Bird,Cinegita,Halo,Wishing Well,ディクタス,ダイナサッシュ,カンパラ,Severn Bridge,ノーザンテースト,シヤダイサイクル,Mr. Prospector,Killaloe,Le Fabuleux,Charedi,Northern Dancer,Sex Appeal,In Reality,Edee's Image,Raise a Native,Gold Digger,Buckpasser,Broadway,Northern Dancer,South Ocean,Secretariat,Wanika,Hail to Reason,Cosmah,Understanding,Mountain Flower,Sanctus,Doronic,ノーザンテースト,ロイヤルサッシュ,Kalamoun,State Pension,Hornbeam,Priddy Fair,Northern Dancer,Lady Victoria,ヒッティングアウェー,サイクラス
202603010107,,,,,,モーニン,ブリリアントレター,ヘニーヒューズ,Giggly,スマートファルコン,ブライアンズレター,ヘネシー,Meadow Flyer,Distorted Humor,Chaste,ゴールドアリュール,ケイシュウハーブ,ナリタブライアン,パーソナルレター,Storm Cat,Island Kitty,Meadowlake,Shortley,フォーティナイナー,Danzig's Beauty,Cozzene,Purity,サンデーサイレンス,ニキーヤ,ミシシッピアン,キョウエイシラユキ,ブライアンズタイム,パシフィカス,Mr. Prospector,Tea At Five,Storm Bird,Terlingua,Hawaii,T. C. Kitten,Hold Your Peace,Suspicious Native,Hagley,Short Winded,Mr. Prospector,File,Danzig,Sweetest Chant,Caro,Ride the Trails,Fappiano,Dame Mysterieuse,Halo,Wishing Well,Nureyev,Reluctant Guest,Vaguely Noble,Gazala,クラウンドプリンス,アリアーン,Roberto,Kelley's Day,Northern Dancer,Pacific Princess,Raise a Native,Gold Digger,Olden Times,Lady Attica
202603010107,,,,,,キズナ,コーラルプリンセス,ディープインパクト,キャットクイル,クロフネ,ホーリーブラウン,サンデーサイレンス,ウインドインハーヘア,Storm Cat,Pacific Princess,フレンチデピュティ,ブルーアヴェニュー,フジキセキ,アニーブラウン,Halo,Wishing Well,Alzao,Burghclere,Storm Bird,Terlingua,Damascus,Fiji,Deputy Minister,Mitterand,Classic Go Go,Eliza Blue,サンデーサイレンス,ミルレーサー,ノーザンテースト,アルズアニー,Hail to Reason,Cosmah,Understanding,Mountain Flower,Lyphard,Lady Rebecca,Busted,Highclere,Northern Dancer,South Ocean,Secretariat,Crimson Saint,Sword Dancer,Kerala,Acropolis,Rififi,Vice Regent,Mint Copy,Hold Your Peace,Laredo Lass,Pago Pago,Classic Perfection,Icecapade,コレラ,Halo,Wishing Well,Le Fabuleux,Marston's Mill,Northern Dancer,Lady Victoria,Al Hattab,Annie Burns
202603010107,,,,,,リオンディーズ,ピサノプリヴェ,キングカメハメハ,シーザリオ,Hold That Tiger,ギネビアケイ,Kingmambo,マンファス,スペシャルウィーク,キロフプリミエール,Storm Cat,Beware of the Cat,Gone West,Tennis Lady,Mr. Prospector,Miesque,ラストタイクーン,Pilot Bird,サンデーサイレンス,キャンペンガール,Sadler's Wells,Querida,Storm Bird,Terlingua,Caveat,T. C. Kitten,Mr. Prospector,Secrettame,Broad Brush,Fara's Team,Raise a Native,Gold Digger,Nureyev,Pasadoble,トライマイベスト,Mill Princess,Blakeney,The Dancer,Halo,Wishing Well,マルゼンスキー,レディーシラオキ,Northern Dancer,Fairy Bridge,Habitat,Principia,Northern Dancer,South Ocean,Secretariat,Crimson Saint,Cannonade,Cold Hearted,Tom Cat,Needlebug,Raise a Native,Gold Digger,Secretariat,Tamerett,Ack Ack,Hay Patcher,Tunerup,Specialization
202603010107,,,,,,スワーヴリチャード,チューリップスガロア,ハーツクライ,ピラミマ,Giant's Causeway,Tulipmania,サンデーサイレンス,アイリッシュダンス,Unbridled's Song,キャリアコレクション,Storm Cat,Mariah's Storm,エンパイアメーカー,エヴァンタイユ,Halo,Wishing Well,トニービン,ビューパーダンス,Unbridled,Trolley Song,General Meeting,River of Stars,Storm Bird,Terlingua,Rahy,イメンス,Unbridled,Toussaud,Lear Fan,Felicita,Hail to Reason,Cosmah,Understanding,Mountain Flower,カンパラ,Severn Bridge,Lyphard,My Bupers,Fappiano,Gana Facil,Caro,Lucky Spell,Seattle Slew,Alydar's Promise,Riverman,Star Fortune,Northern Dancer,South Ocean,Secretariat,Crimson Saint,Blushing Groom,Glorious Song,Roberto,Imsodear,Fappiano,Gana Facil,El Gran Senor,Image of Reality,Roberto,Wac,Rubiano,Grand Bonheur
202603010108,,,,,,モーリス,ヒラボクロマンス,スクリーンヒーロー,メジロフランシス,アグネスデジタル,ロマンスプレゼント,グラスワンダー,ランニングヒロイン,カーネギー,メジロモントレー,Crafty Prospector,Chancey Squaw,ティンバーカントリー,ビューチフルロマン,Silver Hawk,Ameriflora,サンデーサイレンス,ダイナアクトレス,Sadler's Wells,Detroit,モガミ,メジロクインシー,Mr. Prospector,Real Crafty Lady,Chief's Crown,Allicance,Woodman,Fall Aspen,ノノアルコ,ビクトリアクラウン,Roberto,Gris Vitesse,Danzig,Graceful Touch,Halo,Wishing Well,ノーザンテースト,モデルスポート,Northern Dancer,Fairy Bridge,Riverman,Derna,Lyphard,ノーラック,フィディオン,メジロボサツ,Raise a Native,Gold Digger,In Reality,Princess Roycraft,Danzig,Six Crowns,Alleged,Runaway Bride,Mr. Prospector,プレイメイト,Pretense,Change Water,Nearctic,Seximee,ファバージ,ワールドハヤブサ
202603010108,,,,,,マクフィ,ケイアイアテナ,Dubawi,Dhelaal,Afleet Alex,アンナステルツ,Dubai Millennium,Zomaradah,Green Desert,Irish Valley,Northern Afleet,Maggy Hawk,Danzig,Edge,Seeking the Gold,Colorado Dancer,Deploy,Jawaher,Danzig,Foreign Courier,Irish River,Green Valley,アフリート,Nuryette,ホークスター,Qualique,Northern Dancer,Pas de Nom,Damascus,Ponte Vecchio,Mr. Prospector,Con Game,Shareef Dancer,Fall Aspen,Shirley Heights,Slightly Dangerous,ダンシングブレーヴ,High Tern,Northern Dancer,Pas de Nom,Sir Ivor,Courtly Dee,Riverman,Irish Star,Val de Loir,Sly Pola,Mr. Prospector,Polite Lady,Nureyev,Stellarette,Silver Hawk,Strait Lane,Hawaii,Dorothy Gaylord,Nearctic,Natalma,Admiral's Voyage,Petitioner,Sword Dancer,Kerala,Round Table,Terentia
202603010108,,,,,,ルヴァンスレーヴ,ソロダンサー,シンボリクリスエス,マエストラーレ,ゴールドアリュール,ドリーボンズレガシー,Kris S.,Tee Kay,ネオユニヴァース,オータムブリーズ,サンデーサイレンス,ニキーヤ,Proud Citizen,Kelly Amber,Roberto,Sharp Queen,Gold Meridian,Tri Argo,サンデーサイレンス,ポインテッドパス,ティンバーカントリー,セプテンバーソング,Halo,Wishing Well,Nureyev,Reluctant Guest,Gone West,Drums Of Freedom,Highland Park,Pamela Kay,Hail to Reason,Bramalea,Princequillo,Bridgework,Seattle Slew,Queen Louie,Tri Jet,Hail Proudly,Halo,Wishing Well,Kris,Silken Way,Woodman,Fall Aspen,リアルシャダイ,ダイナフェアリー,Hail to Reason,Cosmah,Understanding,Mountain Flower,Northern Dancer,Special,Hostage,Vaguely Royal,Mr. Prospector,Secrettame,Green Forest,Danseuse Etoile,Raise a Native,Old Goat,Hold Your Peace,Proven Right
202603010108,,,,,,ロードカナロア,ナンヨーカノン,キングカメハメハ,レディブラッサム,フジキセキ,ピラミマ,Kingmambo,マンファス,Storm Cat,サラトガデュー,サンデーサイレンス,ミルレーサー,Unbridled's Song,キャリアコレクション,Mr. Prospector,Miesque,ラストタイクーン,Pilot Bird,Storm Bird,Terlingua,Cormorant,Super Luna,Halo,Wishing Well,Le Fabuleux,Marston's Mill,Unbridled,Trolley Song,General Meeting,River of Stars,Raise a Native,Gold Digger,Nureyev,Pasadoble,トライマイベスト,Mill Princess,Blakeney,The Dancer,Northern Dancer,South Ocean,Secretariat,Crimson Saint,His Majesty,Song Sparrow,In Reality,Alada,Hail to Reason,Cosmah,Understanding,Mountain Flower,Wild Risk,Anguar,In Reality,Millicent,Fappiano,Gana Facil,Caro,Lucky Spell,Seattle Slew,Alydar's Promise,Riverman,Star Fortune
202603010108,,,,,,ディーマジェスティ,マウンテンミステリー,ディープインパクト,エルメスティアラ,Mt. Livermore,Search the Sea,サンデーサイレンス,ウインドインハーヘア,ブライアンズタイム,シンコウエルメス,Blushing Groom,Flama Ardiente,Seeking the Gold,Sea Regent,Halo,Wishing Well,Alzao,Burghclere,Roberto,Kelley's Day,Sadler's Wells,Doff the Derby,Red God,Runaway Bride,Crimson Satan,Royal Rafele,Mr. Prospector,Con Game,Vice Regent,Miss Tidal Wave,Hail to Reason,Cosmah,Understanding,Mountain Flower,Lyphard,Lady Rebecca,Busted,Highclere,Hail to Reason,Bramalea,Graustark,Golden Trail,Northern Dancer,Fairy Bridge,Master Derby,Margarethen,Nasrullah,Spring Run,Wild Risk,Aimee,Spy Song,Papila,Reneged,Questar,Raise a Native,Gold Digger,Buckpasser,Broadway,Northern Dancer,Victoria Regina,Captain's Gig,Summerdale
202603010108,,,,,,ドゥラメンテ,シスタリーラヴ,キングカメハメハ,アドマイヤグルーヴ,Bellamy Road,Odylic,Kingmambo,マンファス,サンデーサイレンス,エアグルーヴ,Concerto,Hurry Home Hillary,Dixieland Band,Petite Diable,Mr. Prospector,Miesque,ラストタイクーン,Pilot Bird,Halo,Wishing Well,トニービン,ダイナカール,Chief's Crown,Undeniably,Deputed Testamony,Ten Cents a Turn,Northern Dancer,Mississippi Mud,Sham,Taste of Life,Raise a Native,Gold Digger,Nureyev,Pasadoble,トライマイベスト,Mill Princess,Blakeney,The Dancer,Hail to Reason,Cosmah,Understanding,Mountain Flower,カンパラ,Severn Bridge,ノーザンテースト,シャダイフェザー,Danzig,Six Crowns,In Reality,Past Forgetting,Traffic Cop,Proof Requested,Cozzene,Rub al Khali,Nearctic,Natalma,Delta Judge,Sand Buggy,Pretense,Sequoia,Dewan,Good Taste
202603010108,,,,,,イスラボニータ,ルーシーブライド,フジキセキ,イスラコジーン,ブライアンズタイム,フューチャハッピー,サンデーサイレンス,ミルレーサー,Cozzene,Isla Mujeres,Roberto,Kelley's Day,デインヒル,タイセイカグラ,Halo,Wishing Well,Le Fabuleux,Marston's Mill,Caro,Ride the Trails,Crafty Prospector,Lido Isle,Hail to Reason,Bramalea,Graustark,Golden Trail,Danzig,Razyana,モーニングフローリック,ミリーバード,Hail to Reason,Cosmah,Understanding,Mountain Flower,Wild Risk,Anguar,In Reality,Millicent,フォルティノ,Chambord,Prince John,Wildwook,Mr. Prospector,Real Crafty Lady,Far North,She Is Gorgeous,Turn-to,Nothirdchance,Nashua,Rarelea,Ribot,Flower Bowl,Hasty Road,Sunny Vale,Northern Dancer,Pas de Nom,His Majesty,Spring Adieu,Grey Dawn,Timely Affair,ファバージ,ラバテラ
202603010108,,,,,,シュヴァルグラン,インドリヤ,ハーツクライ,ハルーワスウィート,Stormy Atlantic,Sophie's Salad,サンデーサイレンス,アイリッシュダンス,Machiavellian,ハルーワソング,Storm Cat,Hail Atlantis,Rahy,Lady Tabitha,Halo,Wishing Well,トニービン,ビューパーダンス,Mr. Prospector,Coup de Folie,Nureyev,Morn of Song,Storm Bird,Terlingua,Seattle Slew,Flippers,Blushing Groom,Glorious Song,Lyphard,Abidjan,Hail to Reason,Cosmah,Understanding,Mountain Flower,カンパラ,Severn Bridge,Lyphard,My Bupers,Raise a Native,Gold Digger,Halo,Raise the Standard,Northern Dancer,Special,Blushing Groom,Glorious Song,Northern Dancer,South Ocean,Secretariat,Crimson Saint,Bold Reasoning,My Charmer,Coastal,Moccasin,Red God,Runaway Bride,Halo,Ballade,Northern Dancer,Goofed,Sir Ivor,Flag Waver
202603010108,,,,,,モーリス,ジェラスキャット,スクリーンヒーロー,メジロフランシス,Tapit,ゼラスキャット,グラスワンダー,ランニングヒロイン,カーネギー,メジロモントレー,Pulpit,Tap Your Heels,Storm Cat,Trail Robbery,Silver Hawk,Ameriflora,サンデーサイレンス,ダイナアクトレス,Sadler's Wells,Detroit,モガミ,メジロクインシー,A.P. Indy,Preach,Unbridled,Ruby Slippers,Storm Bird,Terlingua,Alydar,Track Robbery,Roberto,Gris Vitesse,Danzig,Graceful Touch,Halo,Wishing Well,ノーザンテースト,モデルスポート,Northern Dancer,Fairy Bridge,Riverman,Derna,Lyphard,ノーラック,フィディオン,メジロボサツ,Seattle Slew,Weekend Surprise,Mr. Prospector,Narrate,Fappiano,Gana Facil,Nijinsky,Moon Glitter,Northern Dancer,South Ocean,Secretariat,Crimson Saint,Raise a Native,Sweet Tooth,No Robbery,Left At Home
202603010108,,,,,,ノヴェリスト,ダンシングチコ,Monsun,Night Lagoon,ダイワメジャー,ダンシングエディ,Konigsstuhl,Mosella,Lagunas,Nenuphar,サンデーサイレンス,スカーレットブーケ,Moscow Ballet,Duchess of Ack,Dschingis Khan,Konigskronung,Surumu,Monasia,イルドブルボン,Liranga,Night Shift,Narola,Halo,Wishing Well,ノーザンテースト,スカーレットインク,Nijinsky,Millicent,Slewpy,Lady Ack Ack,Tamerlane,Donna Diana,Tiepoletto,Kronung,Literat,Surama,Authi,Monacensia,Nijinsky,Roseliere,Literat,Love In,Northern Dancer,Ciboulette,Nebos,Nubia,Hail to Reason,Cosmah,Understanding,Mountain Flower,Northern Dancer,Lady Victoria,Crimson Satan,Consentida,Northern Dancer,Flaming Page,Cornish Prince,Milan Mill,Seattle Slew,Rare Bouquet,Ack Ack,Crepuscule
202603010108,,,,,,タリスマニック,ジェムディーラー,Medaglia d'Oro,Magic Mission,キングズベスト,ルビーズアンドダイアモンズ,El Prado,Cappucino Bay,Machiavellian,Dream Ticket,Kingmambo,Allegretta,シングスピール,Truly Special,Sadler's Wells,Lady Capulet,Bailjumper,Dubbed In,Mr. Prospector,Coup de Folie,Danzig,Capo Di Monte,Mr. Prospector,Miesque,Lombard,Anatevka,In the Wings,Glorious Song,Caerleon,Arctique Royale,Northern Dancer,Fairy Bridge,Sir Ivor,Cap and Bells,Damascus,Court Circuit,Silent Screen,Society Singer,Raise a Native,Gold Digger,Halo,Raise the Standard,Northern Dancer,Pas de Nom,Final Straw,Burghclere,Raise a Native,Gold Digger,Nureyev,Pasadoble,Agio,Promised Lady,Espresso,Almyra,Sadler's Wells,High Hawk,Halo,Ballade,Nijinsky,Foreseer,Royal and Regal,Arctic Melody
202603010108,,,,,,ロゴタイプ,マロンコート,ローエングリン,ステレオタイプ,ハービンジャー,フローリッドコート,シングスピール,カーリング,サンデーサイレンス,スターバレリーナ,Dansili,Penang Pearl,サンデーサイレンス,スプリングコート,In the Wings,Glorious Song,Garde Royale,Corraleja,Halo,Wishing Well,Risen Star,ベリアーニ,デインヒル,Hasili,Bering,Guapa,Halo,Wishing Well,トニービン,サクラハゴロモ,Sadler's Wells,High Hawk,Halo,Ballade,Mill Reef,Royal Way,Carvin,Darling Dale,Hail to Reason,Cosmah,Understanding,Mountain Flower,Secretariat,Ribbon,Nureyev,Eleven Pleasures,Danzig,Razyana,Kahyasi,Kerali,Arctic Tern,Beaune,Shareef Dancer,Sauceboat,Hail to Reason,Cosmah,Understanding,Mountain Flower,カンパラ,Severn Bridge,ノーザンテースト,クリアアンバー
202603010108,,,,,,マジェスティックウォリアー,プリンプリンカフェ,A.P. Indy,Dream Supreme,ネオユニヴァース,トゥースペシャル,Seattle Slew,Weekend Surprise,Seeking the Gold,Spinning Round,サンデーサイレンス,ポインテッドパス,Two Punch,Flaps Up,Bold Reasoning,My Charmer,Secretariat,Lassie Dear,Mr. Prospector,Con Game,Dixieland Band,Take Heart,Halo,Wishing Well,Kris,Silken Way,Mr. Prospector,Heavenly Cause,Timeless Moment,Free to Fly,Boldnesian,Reason to Earn,Poker,Fair Charmer,Bold Ruler,Somethingroyal,Buckpasser,Gay Missile,Raise a Native,Gold Digger,Buckpasser,Broadway,Northern Dancer,Mississippi Mud,Secretariat,Deck Stewardess,Hail to Reason,Cosmah,Understanding,Mountain Flower,Sharpen Up,Doubly Sure,Shantung,Boulevard,Raise a Native,Gold Digger,Grey Dawn,Lady Dulcinea,Damascus,Hour of Parting,Stevward,Dancing Lark
202603010108,,,,,,City of Light,Dana Point,Quality Road,Paris Notion,Union Rags,Miss Maggie Girl,Elusive Quality,Kobla,デヒア,Fabulous Notion,Dixie Union,Tempo,Malibu Moon,Unhurried,Gone West,Touch of Greatness,Strawberry Road,Winglet,Deputy Minister,Sister Dot,Somethingfabulous,Careless Notion,Dixieland Band,She's Tops,Gone West,Terpsichorist,A.P. Indy,Macoumba,Out of Place,Laughing Erin,Mr. Prospector,Secrettame,Hero's Honor,Ivory Wand,Whiskey Road,Giftisa,Alydar,Highest Trump,Vice Regent,Mint Copy,Secretariat,Sword Game,Northern Dancer,Somethingroyal,Jester,Miss Uppity,Northern Dancer,Mississippi Mud,Capote,She's a Talent,Mr. Prospector,Secrettame,Nijinsky,Glad Rags,Seattle Slew,Weekend Surprise,Mr. Prospector,Maximova,Cox's Ridge,Arabian Dancer,Irish Castle,Cricket Club
202603010108,,,,,,ルヴァンスレーヴ,デヒアバーズ,シンボリクリスエス,マエストラーレ,デヒア,バーズウイング,Kris S.,Tee Kay,ネオユニヴァース,オータムブリーズ,Deputy Minister,Sister Dot,Bluebird,Welsh Love,Roberto,Sharp Queen,Gold Meridian,Tri Argo,サンデーサイレンス,ポインテッドパス,ティンバーカントリー,セプテンバーソング,Vice Regent,Mint Copy,Secretariat,Sword Game,Storm Bird,Ivory Dawn,Ela-Mana-Mou,Welsh Flame,Hail to Reason,Bramalea,Princequillo,Bridgework,Seattle Slew,Queen Louie,Tri Jet,Hail Proudly,Halo,Wishing Well,Kris,Silken Way,Woodman,Fall Aspen,リアルシャダイ,ダイナフェアリー,Northern Dancer,Victoria Regina,Bunty's Flight,Shakney,Bold Ruler,Somethingroyal,Damascus,Bill and I,Northern Dancer,South Ocean,Sir Ivor,Dusky Evening,ピットカーン,Rose Bertin,Welsh Pageant,Electric Flash
202603010108,,,,,,キズナ,ノディアック,ディープインパクト,キャットクイル,Kodiac,No Way,サンデーサイレンス,ウインドインハーヘア,Storm Cat,Pacific Princess,デインヒル,Rafha,Rainbows for Life,No Disgrace,Halo,Wishing Well,Alzao,Burghclere,Storm Bird,Terlingua,Damascus,Fiji,Danzig,Razyana,Kris,Eljazzi,Lyphard,Rainbow Connection,Djakao,Exbury Grace,Hail to Reason,Cosmah,Understanding,Mountain Flower,Lyphard,Lady Rebecca,Busted,Highclere,Northern Dancer,South Ocean,Secretariat,Crimson Saint,Sword Dancer,Kerala,Acropolis,Rififi,Northern Dancer,Pas de Nom,His Majesty,Spring Adieu,Sharpen Up,Doubly Sure,アーテイアス,Border Bounty,Northern Dancer,Goofed,Halo,Hangin Round,Tanerko,Diagonale,Exbury,Your Grace
202603010109,,,,,,ドゥラメンテ,ベルフィオーレ,キングカメハメハ,アドマイヤグルーヴ,ディープインパクト,ワンフォーローズ,Kingmambo,マンファス,サンデーサイレンス,エアグルーヴ,サンデーサイレンス,ウインドインハーヘア,Tejano Run,Saucyladygaylord,Mr. Prospector,Miesque,ラストタイクーン,Pilot Bird,Halo,Wishing Well,トニービン,ダイナカール,Halo,Wishing Well,Alzao,Burghclere,Tejano,Royal Run,Lord Gaylord,Lady Sauce Boat,Raise a Native,Gold Digger,Nureyev,Pasadoble,トライマイベスト,Mill Princess,Blakeney,The Dancer,Hail to Reason,Cosmah,Understanding,Mountain Flower,カンパラ,Severn Bridge,ノーザンテースト,シャダイフェザー,Hail to Reason,Cosmah,Understanding,Mountain Flower,Lyphard,Lady Rebecca,Busted,Highclere,Caro,アンファンテ,Wavering Monarch,Kazadancoa,Sir Gaylord,Miss Glamour Gal,Sauce Boat,Lady Barbizon
202603010109,,,,,,ダノンバラード,マーマレードガール,ディープインパクト,レディバラード,タイキシャトル,ミスマーマレード,サンデーサイレンス,ウインドインハーヘア,Unbridled,Angelic Song,Devil's Bag,ウェルシュマフィン,ダンスインザダーク,バッフドオレンジ,Halo,Wishing Well,Alzao,Burghclere,Fappiano,Gana Facil,Halo,Ballade,Halo,Ballade,Caerleon,Muffitys,サンデーサイレンス,ダンシングキイ,Exclusive Native,Sally Stark,Hail to Reason,Cosmah,Understanding,Mountain Flower,Lyphard,Lady Rebecca,Busted,Highclere,Mr. Prospector,Killaloe,Le Fabuleux,Charedi,Hail to Reason,Cosmah,Herbager,Miss Swapsco,Hail to Reason,Cosmah,Herbager,Miss Swapsco,Nijinsky,Foreseer,Thatch,Contrail,Halo,Wishing Well,Nijinsky,Key Partner,Raise a Native,Exclusive,Graustark,Sally Ship
202603010109,,,,,,Saxon Warrior,エリーシエズワールド,ディープインパクト,メイビー,Champs Elysees,Ideal World,サンデーサイレンス,ウインドインハーヘア,Galileo,Sumora,デインヒル,Hasili,シングスピール,リブユアドリームス,Halo,Wishing Well,Alzao,Burghclere,Sadler's Wells,Urban Sea,デインヒル,Rain Flower,Danzig,Razyana,Kahyasi,Kerali,In the Wings,Glorious Song,Mt. Livermore,Night and Dreams,Hail to Reason,Cosmah,Understanding,Mountain Flower,Lyphard,Lady Rebecca,Busted,Highclere,Northern Dancer,Fairy Bridge,Miswaki,Allegretta,Danzig,Razyana,Indian Ridge,Rose of Jericho,Northern Dancer,Pas de Nom,His Majesty,Spring Adieu,イルドブルボン,Kadissya,High Line,Sookera,Sadler's Wells,High Hawk,Halo,Ballade,Blushing Groom,Flama Ardiente,Fappiano,Big Dreams
202603010109,,,,,,エピファネイア,エマノン,シンボリクリスエス,シーザリオ,ハーツクライ,ピラミマ,Kris S.,Tee Kay,スペシャルウィーク,キロフプリミエール,サンデーサイレンス,アイリッシュダンス,Unbridled's Song,キャリアコレクション,Roberto,Sharp Queen,Gold Meridian,Tri Argo,サンデーサイレンス,キャンペンガール,Sadler's Wells,Querida,Halo,Wishing Well,トニービン,ビューパーダンス,Unbridled,Trolley Song,General Meeting,River of Stars,Hail to Reason,Bramalea,Princequillo,Bridgework,Seattle Slew,Queen Louie,Tri Jet,Hail Proudly,Halo,Wishing Well,マルゼンスキー,レディーシラオキ,Northern Dancer,Fairy Bridge,Habitat,Principia,Hail to Reason,Cosmah,Understanding,Mountain Flower,カンパラ,Severn Bridge,Lyphard,My Bupers,Fappiano,Gana Facil,Caro,Lucky Spell,Seattle Slew,Alydar's Promise,Riverman,Star Fortune
202603010109,,,,,,エピファネイア,ブリスフルデイズ,シンボリクリスエス,シーザリオ,キングカメハメハ,アドマイヤハッピー,Kris S.,Tee Kay,スペシャルウィーク,キロフプリミエール,Kingmambo,マンファス,トニービン,カーリーエンジェル,Roberto,Sharp Queen,Gold Meridian,Tri Argo,サンデーサイレンス,キャンペンガール,Sadler's Wells,Querida,Mr. Prospector,Miesque,ラストタイクーン,Pilot Bird,カンパラ,Severn Bridge,ジャッジアンジェルーチ,ダイナカール,Hail to Reason,Bramalea,Princequillo,Bridgework,Seattle Slew,Queen Louie,Tri Jet,Hail Proudly,Halo,Wishing Well,マルゼンスキー,レディーシラオキ,Northern Dancer,Fairy Bridge,Habitat,Principia,Raise a Native,Gold Digger,Nureyev,Pasadoble,トライマイベスト,Mill Princess,Blakeney,The Dancer,Kalamoun,State Pension,Hornbeam,Priddy Fair,Honest Pleasure,Victorian Queen,ノーザンテースト,シャダイフェザー
202603010109,,,,,,リオンディーズ,ローズノーブル,キングカメハメハ,シーザリオ,ディープインパクト,ヴィアンローズ,Kingmambo,マンファス,スペシャルウィーク,キロフプリミエール,サンデーサイレンス,ウインドインハーヘア,Sevres Rose,Princesse de Viane,Mr. Prospector,Miesque,ラストタイクーン,Pilot Bird,サンデーサイレンス,キャンペンガール,Sadler's Wells,Querida,Halo,Wishing Well,Alzao,Burghclere,Caerleon,Indian Rose,Kaldoun,Life On the Road,Raise a Native,Gold Digger,Nureyev,Pasadoble,トライマイベスト,Mill Princess,Blakeney,The Dancer,Halo,Wishing Well,マルゼンスキー,レディーシラオキ,Northern Dancer,Fairy Bridge,Habitat,Principia,Hail to Reason,Cosmah,Understanding,Mountain Flower,Lyphard,Lady Rebecca,Busted,Highclere,Nijinsky,Foreseer,General Holme,Lady Berry,Caro,Katana,Persian Heights,Arkova
202603010109,,,,,,サートゥルナーリア,サトノユリア,ロードカナロア,シーザリオ,ディープインパクト,ソニックグルーヴ,キングカメハメハ,レディブラッサム,スペシャルウィーク,キロフプリミエール,サンデーサイレンス,ウインドインハーヘア,フレンチデピュティ,エアグルーヴ,Kingmambo,マンファス,Storm Cat,サラトガデュー,サンデーサイレンス,キャンペンガール,Sadler's Wells,Querida,Halo,Wishing Well,Alzao,Burghclere,Deputy Minister,Mitterand,トニービン,ダイナカール,Mr. Prospector,Miesque,ラストタイクーン,Pilot Bird,Storm Bird,Terlingua,Cormorant,Super Luna,Halo,Wishing Well,マルゼンスキー,レディーシラオキ,Northern Dancer,Fairy Bridge,Habitat,Principia,Hail to Reason,Cosmah,Understanding,Mountain Flower,Lyphard,Lady Rebecca,Busted,Highclere,Vice Regent,Mint Copy,Hold Your Peace,Laredo Lass,カンパラ,Severn Bridge,ノーザンテースト,シャダイフェザー
202603010109,,,,,,サンダースノー,スペシャルピース,Helmet,Eastern Joy,スペシャルウィーク,グローリーティアラ,Exceed And Excel,Accessories,Dubai Destination,Red Slippers,サンデーサイレンス,キャンペンガール,アフリート,ロイヤルティアラ,デインヒル,Patrona,シングスピール,Anna Matrushka,Kingmambo,Mysterial,Nureyev,Morning Devotion,Halo,Wishing Well,マルゼンスキー,レディーシラオキ,Mr. Prospector,Polite Lady,ノーザンテースト,ロイヤルコスマー,Danzig,Razyana,Lomond,Gladiolus,In the Wings,Glorious Song,Mill Reef,Anna Paola,Mr. Prospector,Miesque,Alleged,Mysteries,Northern Dancer,Special,Affirmed,Morning Has Broken,Hail to Reason,Cosmah,Understanding,Mountain Flower,Nijinsky,シル,セントクレスピン,ミスアシヤガワ,Raise a Native,Gold Digger,Venetian Jester,Friendly Ways,Northern Dancer,Lady Victoria,ロイヤルスキー,マツチレスネイティヴ
202603010109,,,,,,フィエールマン,リオニアンレディー,ディープインパクト,リュヌドール,Kingmambo,Moon Flower,サンデーサイレンス,ウインドインハーヘア,Green Tune,Luth d'Or,Mr. Prospector,Miesque,Sadler's Wells,Mill Princess,Halo,Wishing Well,Alzao,Burghclere,Green Dancer,Soundings,Noir Et Or,Viole d'Amour,Raise a Native,Gold Digger,Nureyev,Pasadoble,Northern Dancer,Fairy Bridge,Mill Reef,Irish Lass,Hail to Reason,Cosmah,Understanding,Mountain Flower,Lyphard,Lady Rebecca,Busted,Highclere,Nijinsky,Green Valley,Mr. Prospector,Ocean's Answer,ラインゴールド,Pomme Rose,Luthier,Mandolinette,Native Dancer,Raise You,Nashua,Sequence,Northern Dancer,Special,Prove Out,Santa Quilla,Nearctic,Natalma,Bold Reason,Special,Never Bend,Milan Mill,Sayajirao,Scollata
202603010109,,,,,,シルバーステート,ゼットイーリス,ディープインパクト,シルヴァースカヤ,ハードスパン,タイキアプローズ,サンデーサイレンス,ウインドインハーヘア,Silver Hawk,Boubskaia,Danzig,Turkish Tryst,Devil's Bag,Private Encore,Halo,Wishing Well,Alzao,Burghclere,Roberto,Gris Vitesse,Niniski,Frenetique,Northern Dancer,Pas de Nom,Turkoman,Darbyvail,Halo,Ballade,Niniski,Muffitys,Hail to Reason,Cosmah,Understanding,Mountain Flower,Lyphard,Lady Rebecca,Busted,Highclere,Hail to Reason,Bramalea,Amerigo,Matchiche,Nijinsky,Virginia Hills,Tyrant,Femina,Nearctic,Natalma,Admiral's Voyage,Petitioner,Alydar,Taba,Roberto,Luiana,Hail to Reason,Cosmah,Herbager,Miss Swapsco,Nijinsky,Virginia Hills,Thatch,Contrail
202603010109,,,,,,リアルインパクト,レッドオリヴィア,ディープインパクト,トキオリアリティー,ジャングルポケット,アドマイヤリッチ,サンデーサイレンス,ウインドインハーヘア,Meadowlake,What a Reality,トニービン,ダンスチャーマー,サンデーサイレンス,レース,Halo,Wishing Well,Alzao,Burghclere,Hold Your Peace,Suspicious Native,In Reality,What Will Be,カンパラ,Severn Bridge,Nureyev,Skillful Joy,Halo,Wishing Well,Gulch,キーフライヤー,Hail to Reason,Cosmah,Understanding,Mountain Flower,Lyphard,Lady Rebecca,Busted,Highclere,Speak John,Blue Moon,Raise a Native,Be Suspicious,Intentionally,My Dear Girl,Crozier,Solabar,Kalamoun,State Pension,Hornbeam,Priddy Fair,Northern Dancer,Special,Nodouble,Skillful Miss,Hail to Reason,Cosmah,Understanding,Mountain Flower,Mr. Prospector,Jameela,Nijinsky,Key Partner
202603010109,,,,,,デクラレーションオブウォー,リボンフラワー,War Front,Tempo West,ディープインパクト,バディーラ,Danzig,Starry Dreamer,Rahy,Tempo,サンデーサイレンス,ウインドインハーヘア,Unbridled's Song,Magical Allure,Northern Dancer,Pas de Nom,Rubiano,Lara's Star,Blushing Groom,Glorious Song,Gone West,Terpsichorist,Halo,Wishing Well,Alzao,Burghclere,Unbridled,Trolley Song,General Meeting,Rare Lady,Nearctic,Natalma,Admiral's Voyage,Petitioner,Fappiano,Ruby Slippers,Forli,True Reality,Red God,Runaway Bride,Halo,Ballade,Mr. Prospector,Secrettame,Nijinsky,Glad Rags,Hail to Reason,Cosmah,Understanding,Mountain Flower,Lyphard,Lady Rebecca,Busted,Highclere,Fappiano,Gana Facil,Caro,Lucky Spell,Seattle Slew,Alydar's Promise,Never Bend,Double Agent
202603010109,,,,,,キズナ,ローブティサージュ,ディープインパクト,キャットクイル,ウォーエンブレム,プチノワール,サンデーサイレンス,ウインドインハーヘア,Storm Cat,Pacific Princess,Our Emblem,Sweetest Lady,シングスピール,リッチアフェアー,Halo,Wishing Well,Alzao,Burghclere,Storm Bird,Terlingua,Damascus,Fiji,Mr. Prospector,Personal Ensign,Lord at War,Sweetest Roman,In the Wings,Glorious Song,Machiavellian,Much Too Risky,Hail to Reason,Cosmah,Understanding,Mountain Flower,Lyphard,Lady Rebecca,Busted,Highclere,Northern Dancer,South Ocean,Secretariat,Crimson Saint,Sword Dancer,Kerala,Acropolis,Rififi,Raise a Native,Gold Digger,Private Account,Grecian Banner,General,Luna de Miel,The Pruner,I Also,Sadler's Wells,High Hawk,Halo,Ballade,Mr. Prospector,Coup de Folie,Bustino,Short Rations
202603010109,,,,,,リアルスティール,パールオブアフリカ,ディープインパクト,ラヴズオンリーミー,Jeremy,Kournikova,サンデーサイレンス,ウインドインハーヘア,Storm Cat,Monevassia,Danehill Dancer,グリントインハーアイ,Sportsworld,Faberge Flowers,Halo,Wishing Well,Alzao,Burghclere,Storm Bird,Terlingua,Mr. Prospector,Miesque,デインヒル,Mira Adonde,アラジ,ウインドインハーヘア,Alleged,Gallanta,Russian Fox,Queen of The Rings,Hail to Reason,Cosmah,Understanding,Mountain Flower,Lyphard,Lady Rebecca,Busted,Highclere,Northern Dancer,South Ocean,Secretariat,Crimson Saint,Raise a Native,Gold Digger,Nureyev,Pasadoble,Danzig,Razyana,Sharpen Up,Lettre d'Amour,Blushing Groom,ダンスールファビュルー,Alzao,Burghclere,Hoist the Flag,Princess Pout,Nureyev,Gay Missile,Nijinsky,Flying Fur,Royal prerogative,Saturna
202603010109,,,,,,レイデオロ,フロアクラフト,キングカメハメハ,ラドラーダ,フジキセキ,リッチダンサー,Kingmambo,マンファス,シンボリクリスエス,レディブロンド,サンデーサイレンス,ミルレーサー,Halling,Fairy Flight,Mr. Prospector,Miesque,ラストタイクーン,Pilot Bird,Kris S.,Tee Kay,Seeking the Gold,ウインドインハーヘア,Halo,Wishing Well,Le Fabuleux,Marston's Mill,Diesis,Dance Machine,Fairy King,Rising Tide,Raise a Native,Gold Digger,Nureyev,Pasadoble,トライマイベスト,Mill Princess,Blakeney,The Dancer,Roberto,Sharp Queen,Gold Meridian,Tri Argo,Mr. Prospector,Con Game,Alzao,Burghclere,Hail to Reason,Cosmah,Understanding,Mountain Flower,Wild Risk,Anguar,In Reality,Millicent,Sharpen Up,Doubly Sure,Green Dancer,Never a Lady,Northern Dancer,Fairy Bridge,レッドアラート,Naiad Queen
202603010109,,,,,,ダンカーク,カネトシガーネット,Unbridled's Song,Secret Status,キングカメハメハ,マルガリータ,Unbridled,Trolley Song,A.P. Indy,Private Status,Kingmambo,マンファス,サンデーサイレンス,ラスメニナス,Fappiano,Gana Facil,Caro,Lucky Spell,Seattle Slew,Weekend Surprise,Alydar,Miss Eva,Mr. Prospector,Miesque,ラストタイクーン,Pilot Bird,Halo,Wishing Well,Glenstal,Spanish Habit,Mr. Prospector,Killaloe,Le Fabuleux,Charedi,フォルティノ,Chambord,Lucky Mel,Incantation,Bold Reasoning,My Charmer,Secretariat,Lassie Dear,Raise a Native,Sweet Tooth,Con Brio,Apolinea,Raise a Native,Gold Digger,Nureyev,Pasadoble,トライマイベスト,Mill Princess,Blakeney,The Dancer,Hail to Reason,Cosmah,Understanding,Mountain Flower,Northern Dancer,Cloonlara,Habitat,Donna Cressida
202603010110,,,,,,フォーウィールドライブ,チャイニーズフレア,American Pharoah,Funfair,タヤスツヨシ,ダイナチャイナ,Pioneerof the Nile,Littleprincessemma,More Than Ready,Fleuron,サンデーサイレンス,マガロ,ノーザンテースト,アスコツトラップ,エンパイアメーカー,Star of Goshen,Yankee Gentleman,Exclusive Rosette,サザンヘイロー,Woodman's Girl,Distant View,Flamboyance,Halo,Wishing Well,Caro,Magic,Northern Dancer,Lady Victoria,エルセンタウロ,ディープデイーン,Unbridled,Toussaud,Lord at War,Castle Eight,Storm Cat,Key Phrase,Ecliptical,Zetta Jet,Halo,Northern Sea,Woodman,Becky Be Good,Mr. Prospector,Seven Springs,Zilzal,Bridal Wreath,Hail to Reason,Cosmah,Understanding,Mountain Flower,フォルティノ,Chambord,Buckpasser,Aspidistra,Nearctic,Natalma,Victoria Park,Lady Angela,Sideral,Planetaria,Bold Ruler,High Bid
202603010110,,,,,,ダイワメジャー,サンドスラッシュ,サンデーサイレンス,スカーレットブーケ,Holy Roman Emperor,Slap Shot,Halo,Wishing Well,ノーザンテースト,スカーレットインク,デインヒル,L'On Vite,Lycius,Katanning,Hail to Reason,Cosmah,Understanding,Mountain Flower,Northern Dancer,Lady Victoria,Crimson Satan,Consentida,Danzig,Razyana,Secretariat,Fanfreluche,Mr. Prospector,Lypatia,Green Desert,カタカナ,Turn-to,Nothirdchance,Cosmic Bomb,Almahmoud,Promised Land,Pretty Ways,Montparnasse,Edelweiss,Nearctic,Natalma,Victoria Park,Lady Angela,Spy Song,Papila,Beau Max,La Menina,Northern Dancer,Pas de Nom,His Majesty,Spring Adieu,Bold Ruler,Somethingroyal,Northern Dancer,Ciboulette,Raise a Native,Gold Digger,Lyphard,Hypatia,Danzig,Foreign Courier,Diesis,Winds Aloft
202603010110,,,,,,ルーラーシップ,トーホウハニー,キングカメハメハ,エアグルーヴ,ステイゴールド,トーホウメドゥーサ,Kingmambo,マンファス,トニービン,ダイナカール,サンデーサイレンス,ゴールデンサッシュ,Meadowlake,Cool Number,Mr. Prospector,Miesque,ラストタイクーン,Pilot Bird,カンパラ,Severn Bridge,ノーザンテースト,シャダイフェザー,Halo,Wishing Well,ディクタス,ダイナサッシュ,Hold Your Peace,Suspicious Native,It's Freezing,Lady Joanne,Raise a Native,Gold Digger,Nureyev,Pasadoble,トライマイベスト,Mill Princess,Blakeney,The Dancer,Kalamoun,State Pension,Hornbeam,Priddy Fair,Northern Dancer,Lady Victoria,ガーサント,パロクサイド,Hail to Reason,Cosmah,Understanding,Mountain Flower,Sanctus,Doronic,ノーザンテースト,ロイヤルサッシュ,Speak John,Blue Moon,Raise a Native,Be Suspicious,T.V. Commercial,Articana,No Robbery,Ellen Victoria
202603010110,,,,,,ウインブライト,メイショウナナイロ,ステイゴールド,サマーエタニティ,タイキシャトル,メイショウサンサン,サンデーサイレンス,ゴールデンサッシュ,アドマイヤコジーン,オールフォーゲラン,Devil's Bag,ウェルシュマフィン,ウインドストース,ミスイメージ,Halo,Wishing Well,ディクタス,ダイナサッシュ,Cozzene,アドマイヤマカディ,ジェイドロバリー,ミスゲラン,Halo,Ballade,Caerleon,Muffitys,トウショウボーイ,ホッカイフアイブ,ダンサーズイメージ,エントリーローズ,Hail to Reason,Cosmah,Understanding,Mountain Flower,Sanctus,Doronic,ノーザンテースト,ロイヤルサッシュ,Caro,Ride the Trails,ノーザンテースト,ミセスマカディー,Mr. Prospector,Number,マルゼンスキー,ゲラン,Hail to Reason,Cosmah,Herbager,Miss Swapsco,Nijinsky,Foreseer,Thatch,Contrail,テスコボーイ,ソシアルバターフライ,ヴェンチア,ユウカリ,Native Dancer,Noors Image,ハードツービート,第参ヒガシヒメ
202603010110,,,,,,ブリックスアンドモルタル,イェーガーオレンジ,Giant's Causeway,Beyond the Waves,ダイワメジャー,ラタフィア,Storm Cat,Mariah's Storm,Ocean Crest,Excedent,サンデーサイレンス,スカーレットブーケ,Cozzene,Sakura Fabulous,Storm Bird,Terlingua,Rahy,イメンス,Storm Bird,S.S.Aroma,Exceller,Broadway Lullaby,Halo,Wishing Well,ノーザンテースト,スカーレットインク,Caro,Ride the Trails,Fabulous Dancer,ローラローラ,Northern Dancer,South Ocean,Secretariat,Crimson Saint,Blushing Groom,Glorious Song,Roberto,Imsodear,Northern Dancer,South Ocean,Seattle Slew,Rare Bouquet,Vaguely Noble,Too Bald,Stage Door Johnny,リットルブレツシング,Hail to Reason,Cosmah,Understanding,Mountain Flower,Northern Dancer,Lady Victoria,Crimson Satan,Consentida,フォルティノ,Chambord,Prince John,Wildwook,Northern Dancer,Last of the Line,Saint Cyrien,Bold Lady
202603010110,,,,,,サートゥルナーリア,マニクール,ロードカナロア,シーザリオ,ヘニーヒューズ,フェミニンガール,キングカメハメハ,レディブラッサム,スペシャルウィーク,キロフプリミエール,ヘネシー,Meadow Flyer,Kingmambo,Money Madam,Kingmambo,マンファス,Storm Cat,サラトガデュー,サンデーサイレンス,キャンペンガール,Sadler's Wells,Querida,Storm Cat,Island Kitty,Meadowlake,Shortley,Mr. Prospector,Miesque,A.P. Indy,Mesabi,Mr. Prospector,Miesque,ラストタイクーン,Pilot Bird,Storm Bird,Terlingua,Cormorant,Super Luna,Halo,Wishing Well,マルゼンスキー,レディーシラオキ,Northern Dancer,Fairy Bridge,Habitat,Principia,Storm Bird,Terlingua,Hawaii,T. C. Kitten,Hold Your Peace,Suspicious Native,Hagley,Short Winded,Raise a Native,Gold Digger,Nureyev,Pasadoble,Seattle Slew,Weekend Surprise,Minnesota Mac,Ride the Trails
202603010110,,,,,,アルアイン,グランドデザイン,ディープインパクト,ドバイマジェスティ,パイロ,アーバンクイーン,サンデーサイレンス,ウインドインハーヘア,Essence of Dubai,Great Majesty,Pulpit,Wild Vision,サクラバクシンオー,フロリンダ,Halo,Wishing Well,Alzao,Burghclere,Pulpit,Epitome,Great Above,Mistic Majesty,A.P. Indy,Preach,Wild Again,Carol's Wonder,サクラユタカオー,サクラハゴロモ,ミスターシービー,フジタカレディ,Hail to Reason,Cosmah,Understanding,Mountain Flower,Lyphard,Lady Rebecca,Busted,Highclere,A.P. Indy,Preach,Summing,Honest and True,Minnesota Mac,Ta Wee,His Majesty,Necaras Miss,Seattle Slew,Weekend Surprise,Mr. Prospector,Narrate,Icecapade,Bushel-n-Peck,Pass the Tab,Carols Christmas,テスコボーイ,アンジェリカ,ノーザンテースト,クリアアンバー,トウショウボーイ,シービークイン,バーバー,フジタカジョウ
202603010110,,,,,,ミッキーアイル,マジックポーション,ディープインパクト,スターアイル,Danehill Dancer,Russian Ballet,サンデーサイレンス,ウインドインハーヘア,ロックオブジブラルタル,アイルドフランス,デインヒル,Mira Adonde,Nijinsky,Sex Appeal,Halo,Wishing Well,Alzao,Burghclere,デインヒル,Offshore Boom,Nureyev,ステラマドリッド,Danzig,Razyana,Sharpen Up,Lettre d'Amour,Northern Dancer,Flaming Page,Buckpasser,Best in Show,Hail to Reason,Cosmah,Understanding,Mountain Flower,Lyphard,Lady Rebecca,Busted,Highclere,Danzig,Razyana,Be My Guest,Push a Button,Northern Dancer,Special,Alydar,My Juliet,Northern Dancer,Pas de Nom,His Majesty,Spring Adieu,エタン,Rocchetta,Caro,Lianga,Nearctic,Natalma,Bull Page,Flaring Top,Tom Fool,Busanda,Traffic Judge,Stolen Hour
202603010110,,,,,,ミッキーアイル,アンフィトリテ,ディープインパクト,スターアイル,ロードカナロア,アドマイヤフッキー,サンデーサイレンス,ウインドインハーヘア,ロックオブジブラルタル,アイルドフランス,キングカメハメハ,レディブラッサム,フジキセキ,トキオリアリティー,Halo,Wishing Well,Alzao,Burghclere,デインヒル,Offshore Boom,Nureyev,ステラマドリッド,Kingmambo,マンファス,Storm Cat,サラトガデュー,サンデーサイレンス,ミルレーサー,Meadowlake,What a Reality,Hail to Reason,Cosmah,Understanding,Mountain Flower,Lyphard,Lady Rebecca,Busted,Highclere,Danzig,Razyana,Be My Guest,Push a Button,Northern Dancer,Special,Alydar,My Juliet,Mr. Prospector,Miesque,ラストタイクーン,Pilot Bird,Storm Bird,Terlingua,Cormorant,Super Luna,Halo,Wishing Well,Le Fabuleux,Marston's Mill,Hold Your Peace,Suspicious Native,In Reality,What Will Be
202603010110,,,,,,リアルインパクト,マチャプチャレ,ディープインパクト,トキオリアリティー,ヨハネスブルグ,テンシノキセキ,サンデーサイレンス,ウインドインハーヘア,Meadowlake,What a Reality,ヘネシー,Myth,フジキセキ,ビーバップアルー,Halo,Wishing Well,Alzao,Burghclere,Hold Your Peace,Suspicious Native,In Reality,What Will Be,Storm Cat,Island Kitty,オジジアン,Yarn,サンデーサイレンス,ミルレーサー,Mr. Prospector,Newchance Lady,Hail to Reason,Cosmah,Understanding,Mountain Flower,Lyphard,Lady Rebecca,Busted,Highclere,Speak John,Blue Moon,Raise a Native,Be Suspicious,Intentionally,My Dear Girl,Crozier,Solabar,Storm Bird,Terlingua,Hawaii,T. C. Kitten,Damascus,Gonfalon,Mr. Prospector,Narrate,Halo,Wishing Well,Le Fabuleux,Marston's Mill,Raise a Native,Gold Digger,Roi Dagobert,Dark Duet
202603010110,,,,,,サトノアラジン,ブライティアナイル,ディープインパクト,マジックストーム,アドマイヤベガ,ダイタクグレース,サンデーサイレンス,ウインドインハーヘア,Storm Cat,Foppy Dancer,サンデーサイレンス,ベガ,ベリファ,ダイタクブレインズ,Halo,Wishing Well,Alzao,Burghclere,Storm Bird,Terlingua,Fappiano,Water Dance,Halo,Wishing Well,トニービン,アンティックヴァリュー,Lyphard,Belga,テスコボーイ,クリスミレ,Hail to Reason,Cosmah,Understanding,Mountain Flower,Lyphard,Lady Rebecca,Busted,Highclere,Northern Dancer,South Ocean,Secretariat,Crimson Saint,Mr. Prospector,Killaloe,Nijinsky,Luiana,Hail to Reason,Cosmah,Understanding,Mountain Flower,カンパラ,Severn Bridge,Northern Dancer,Moonscape,Northern Dancer,Goofed,Le Fabuleux,Belle de Retz,Princely Gift,Suncourt,クリノハナ,ケンタツキー
202603010110,,,,,,カリフォルニアクローム,ロスグラシアレス,Lucky Pulpit,Love the Chase,シンボリクリスエス,ロスマリヌス,Pulpit,Lucky Soph,Not for Love,Chase It Down,Kris S.,Tee Kay,サンデーサイレンス,アンブロジン,A.P. Indy,Preach,Cozzene,Lucky Spell,Mr. Prospector,Dance Number,Polish Numbers,Chase the Dream,Roberto,Sharp Queen,Gold Meridian,Tri Argo,Halo,Wishing Well,Mr. Prospector,バラダ,Seattle Slew,Weekend Surprise,Mr. Prospector,Narrate,Caro,Ride the Trails,Lucky Mel,Incantation,Raise a Native,Gold Digger,Northern Dancer,Numbered Account,Danzig,Numbered Account,Sir Ivor,La Belle Fleur,Hail to Reason,Bramalea,Princequillo,Bridgework,Seattle Slew,Queen Louie,Tri Jet,Hail Proudly,Hail to Reason,Cosmah,Understanding,Mountain Flower,Raise a Native,Gold Digger,Damascus,Courtly Dee
202603010110,,,,,,フィエールマン,アミカブルナンバー,ディープインパクト,リュヌドール,ダイワメジャー,ヒシシルバーメイド,サンデーサイレンス,ウインドインハーヘア,Green Tune,Luth d'Or,サンデーサイレンス,スカーレットブーケ,Silver Deputy,ヒシアマゾン,Halo,Wishing Well,Alzao,Burghclere,Green Dancer,Soundings,Noir Et Or,Viole d'Amour,Halo,Wishing Well,ノーザンテースト,スカーレットインク,Deputy Minister,Silver Valley,Theatrical,Katies,Hail to Reason,Cosmah,Understanding,Mountain Flower,Lyphard,Lady Rebecca,Busted,Highclere,Nijinsky,Green Valley,Mr. Prospector,Ocean's Answer,ラインゴールド,Pomme Rose,Luthier,Mandolinette,Hail to Reason,Cosmah,Understanding,Mountain Flower,Northern Dancer,Lady Victoria,Crimson Satan,Consentida,Vice Regent,Mint Copy,Mr. Prospector,Seven Valleys,Nureyev,ツリーオブノレッジ,ノノアルコ,Mortefontaine
202603010110,,,,,,フォーウィールドライブ,テイア,American Pharoah,Funfair,マヤノトップガン,ロココスタイル,Pioneerof the Nile,Littleprincessemma,More Than Ready,Fleuron,ブライアンズタイム,アルプミープリーズ,サンデーサイレンス,サクラハゴロモ,エンパイアメーカー,Star of Goshen,Yankee Gentleman,Exclusive Rosette,サザンヘイロー,Woodman's Girl,Distant View,Flamboyance,Roberto,Kelley's Day,Blushing Groom,Swiss,Halo,Wishing Well,ノーザンテースト,クリアアンバー,Unbridled,Toussaud,Lord at War,Castle Eight,Storm Cat,Key Phrase,Ecliptical,Zetta Jet,Halo,Northern Sea,Woodman,Becky Be Good,Mr. Prospector,Seven Springs,Zilzal,Bridal Wreath,Hail to Reason,Bramalea,Graustark,Golden Trail,Red God,Runaway Bride,Vaguely Noble,Gala Host,Hail to Reason,Cosmah,Understanding,Mountain Flower,Northern Dancer,Lady Victoria,Ambiopoise,One Clear Call
202603010110,,,,,,ミッキーアイル,レーヴドフィユ,ディープインパクト,スターアイル,Storm Cat,Bosra Sham,サンデーサイレンス,ウインドインハーヘア,ロックオブジブラルタル,アイルドフランス,Storm Bird,Terlingua,Woodman,Korveya,Halo,Wishing Well,Alzao,Burghclere,デインヒル,Offshore Boom,Nureyev,ステラマドリッド,Northern Dancer,South Ocean,Secretariat,Crimson Saint,Mr. Prospector,プレイメイト,Riverman,Konafa,Hail to Reason,Cosmah,Understanding,Mountain Flower,Lyphard,Lady Rebecca,Busted,Highclere,Danzig,Razyana,Be My Guest,Push a Button,Northern Dancer,Special,Alydar,My Juliet,Nearctic,Natalma,New Providence,Shining Sun,Bold Ruler,Somethingroyal,Crimson Satan,Bolero Rose,Raise a Native,Gold Digger,Buckpasser,Intriguing,Never Bend,River Lady,Damascus,Royal Statute
202603010110,,,,,,ドレフォン,シーサイドロマンス,Gio Ponti,Eltimaas,ショウナンカンプ,シースプレイ,Tale of the Cat,Chipeta Springs,Ghostzapper,Najecam,サクラバクシンオー,ショウナングレイス,ハーツクライ,シーリング,Storm Cat,Yarn,Alydar,Salt Spring,Awesome Again,Baby Zip,Trempolino,Sue Warner,サクラユタカオー,サクラハゴロモ,ラッキーソブリン,ヤセイコーソ,サンデーサイレンス,アイリッシュダンス,Bering,Blue River,Storm Bird,Terlingua,Mr. Prospector,Narrate,Raise a Native,Sweet Tooth,Salt Marsh,Jungle Mythologic,Deputy Minister,Primal Force,Relaunch,Thirty Zip,Sharpen Up,Trephine,Forli,Bitty Girl,テスコボーイ,アンジェリカ,ノーザンテースト,クリアアンバー,Nijinsky,Sovereign,タケシバオー,メジロチドリ,Halo,Wishing Well,トニービン,ビューパーダンス,Arctic Tern,Beaune,Riverman,Azurella
202603010111,,,,,,パイロ,ゴールドフォレスト,Pulpit,Wild Vision,ゴールドアリュール,フォレストキティ,A.P. Indy,Preach,Wild Again,Carol's Wonder,サンデーサイレンス,ニキーヤ,Forestry,Haleakala,Seattle Slew,Weekend Surprise,Mr. Prospector,Narrate,Icecapade,Bushel-n-Peck,Pass the Tab,Carols Christmas,Halo,Wishing Well,Nureyev,Reluctant Guest,Storm Cat,Shared Interest,Kris,Haiati,Bold Reasoning,My Charmer,Secretariat,Lassie Dear,Raise a Native,Gold Digger,Honest Pleasure,State,Nearctic,Shenanigans,Khaled,Dama,Al Hattab,Dantina,Whitesburg,Light Verse,Hail to Reason,Cosmah,Understanding,Mountain Flower,Northern Dancer,Special,Hostage,Vaguely Royal,Storm Bird,Terlingua,Pleasant Colony,Surgery,Sharpen Up,Doubly Sure,Alydar,Northern Fable
202603010111,,,,,,マジェスティックウォリアー,ミトス,A.P. Indy,Dream Supreme,エンパイアメーカー,リベラノ,Seattle Slew,Weekend Surprise,Seeking the Gold,Spinning Round,Unbridled,Toussaud,Rubiano,Skillful Joy,Bold Reasoning,My Charmer,Secretariat,Lassie Dear,Mr. Prospector,Con Game,Dixieland Band,Take Heart,Fappiano,Gana Facil,El Gran Senor,Image of Reality,Fappiano,Ruby Slippers,Nodouble,Skillful Miss,Boldnesian,Reason to Earn,Poker,Fair Charmer,Bold Ruler,Somethingroyal,Buckpasser,Gay Missile,Raise a Native,Gold Digger,Buckpasser,Broadway,Northern Dancer,Mississippi Mud,Secretariat,Deck Stewardess,Mr. Prospector,Killaloe,Le Fabuleux,Charedi,Northern Dancer,Sex Appeal,In Reality,Edee's Image,Mr. Prospector,Killaloe,Nijinsky,Moon Glitter,Noholme,Abla-Jay,Daryl's Joy,Poliniss
202603010111,,,,,,リアルスティール,シンコームーン,ディープインパクト,ラヴズオンリーミー,フォーティナイナーズサン,シンコールビー,サンデーサイレンス,ウインドインハーヘア,Storm Cat,Monevassia,Distorted Humor,Cindazanno,サクラローレル,ダズリンデセプション,Halo,Wishing Well,Alzao,Burghclere,Storm Bird,Terlingua,Mr. Prospector,Miesque,フォーティナイナー,Danzig's Beauty,Alleged,Venus Bound,Rainbow Quest,ローラローラ,Storm Cat,Gladiolus,Hail to Reason,Cosmah,Understanding,Mountain Flower,Lyphard,Lady Rebecca,Busted,Highclere,Northern Dancer,South Ocean,Secretariat,Crimson Saint,Raise a Native,Gold Digger,Nureyev,Pasadoble,Mr. Prospector,File,Danzig,Sweetest Chant,Hoist the Flag,Princess Pout,Conquistador Cielo,Rokeby Venus,Blushing Groom,I Will Follow,Saint Cyrien,Bold Lady,Storm Bird,Terlingua,Watch Your Step,Back Britches
202603010111,,,,,,ナダル,アンデスクイーン,Blame,Ascending Angel,タートルボウル,レイナカスターニャ,Arch,Liable,Pulpit,Solar Colony,Dyhim Diamond,Clara Bow,キングカメハメハ,ナスカ,Kris S.,Aurora,Seeking the Gold,Bound,A.P. Indy,Preach,Pleasant Colony,Meteor Stage,Night Shift,Happy Landing,Top Ville,Kamiya,Kingmambo,マンファス,サンデーサイレンス,アンデスレディー,Roberto,Sharp Queen,Danzig,Althea,Mr. Prospector,Con Game,Nijinsky,Special,Seattle Slew,Weekend Surprise,Mr. Prospector,Narrate,His Majesty,Sun Colony,Stage Door Johnny,Northern Meteor,Northern Dancer,Ciboulette,Homing,Laughing Goddess,High Top,Sega Ville,Kalamoun,Shahinaaz,Mr. Prospector,Miesque,ラストタイクーン,Pilot Bird,Halo,Wishing Well,ノーザンテースト,ペルースポート
202603010111,,,,,,ヘニーヒューズ,エルフィン,ヘネシー,Meadow Flyer,ダンシングブレーヴ,ロジータ,Storm Cat,Island Kitty,Meadowlake,Shortley,Lyphard,Navajo Princess,ミルジョージ,メロウマダング,Storm Bird,Terlingua,Hawaii,T. C. Kitten,Hold Your Peace,Suspicious Native,Hagley,Short Winded,Northern Dancer,Goofed,Drone,Olmec,Mill Reef,Miss Charisma,マダング,スピードキヨフジ,Northern Dancer,South Ocean,Secretariat,Crimson Saint,Utrillo,Ethane,Tom Cat,Needlebug,Speak John,Blue Moon,Raise a Native,Be Suspicious,Olden Times,Teo Pepi,Harvest Singing,Wild Cloud,Nearctic,Natalma,Court Martial,Barra,Sir Gaylord,Cap and Bells,Pago Pago,Chocolate Beau,Never Bend,Milan Mill,Ragusa,マタテイナ,Habitat,Jellatina,チャイナロック,イチシンヒカリ
202603010111,,,,,,パイロ,サマリーズ,Pulpit,Wild Vision,ハードスパン,ミスアドーラブル,A.P. Indy,Preach,Wild Again,Carol's Wonder,Danzig,Turkish Tryst,Mr. Prospector,Compassionate,Seattle Slew,Weekend Surprise,Mr. Prospector,Narrate,Icecapade,Bushel-n-Peck,Pass the Tab,Carols Christmas,Northern Dancer,Pas de Nom,Turkoman,Darbyvail,Raise a Native,Gold Digger,ハウスバスター,Adored,Bold Reasoning,My Charmer,Secretariat,Lassie Dear,Raise a Native,Gold Digger,Honest Pleasure,State,Nearctic,Shenanigans,Khaled,Dama,Al Hattab,Dantina,Whitesburg,Light Verse,Nearctic,Natalma,Admiral's Voyage,Petitioner,Alydar,Taba,Roberto,Luiana,Native Dancer,Raise You,Nashua,Sequence,Mt. Livermore,Big Dreams,Seattle Slew,Desiree
202603010111,,,,,,ハーツクライ,アイアムルビー,サンデーサイレンス,アイリッシュダンス,Saint Liam,カチバ,Halo,Wishing Well,トニービン,ビューパーダンス,Saint Ballado,Quiet Dance,Sir Cat,Sinister Victory,Hail to Reason,Cosmah,Understanding,Mountain Flower,カンパラ,Severn Bridge,Lyphard,My Bupers,Halo,Ballade,Quiet American,Misty Dancer,Storm Cat,Desert Run,Vice Regent,Sinister Gold,Turn-to,Nothirdchance,Cosmic Bomb,Almahmoud,Promised Land,Pretty Ways,Montparnasse,Edelweiss,Kalamoun,State Pension,Hornbeam,Priddy Fair,Northern Dancer,Goofed,Bupers,Princess Revoked,Hail to Reason,Cosmah,Herbager,Miss Swapsco,Fappiano,Demure,Lyphard,Flight Dancer,Storm Bird,Terlingua,Private Account,エイプリルラン,Northern Dancer,Victoria Regina,Sinister Purpose,Algoma Gold
202603010111,,,,,,シニスターミニスター,ティアドーロ,Old Trieste,Sweet Minister,ハーツクライ,ソフィアルージュ,A.P. Indy,Lovlier Linda,The Prime Minister,Sweet Blue,サンデーサイレンス,アイリッシュダンス,クロフネ,ビツキーロイヤル,Seattle Slew,Weekend Surprise,Vigors,Linda Summers,Deputy Minister,Stick to Beauty,Hurry Up Blue,Sugar Gold,Halo,Wishing Well,トニービン,ビューパーダンス,フレンチデピュティ,ブルーアヴェニュー,パラダイスクリーク,ニホンピロビッキー,Bold Reasoning,My Charmer,Secretariat,Lassie Dear,Grey Dawn,Relifordie,Crozier,Queenly Gift,Vice Regent,Mint Copy,Illustrious,Hail to Beauty,Mr. Leader,Blue Baroness,Mr. Prospector,Miss Ironside,Hail to Reason,Cosmah,Understanding,Mountain Flower,カンパラ,Severn Bridge,Lyphard,My Bupers,Deputy Minister,Mitterand,Classic Go Go,Eliza Blue,Irish River,North Of Eden,トウショウボーイ,キヤデスター
202603010111,,,,,,ジャスタウェイ,ダヌスカズマイガール,ハーツクライ,シビル,Shackleford,Amaday,サンデーサイレンス,アイリッシュダンス,Wild Again,シャロン,Forestry,Oatsee,Dayjur,Indy Ama,Halo,Wishing Well,トニービン,ビューパーダンス,Icecapade,Bushel-n-Peck,Mo Exception,Double Wiggle,Storm Cat,Shared Interest,Unbridled,With Every Wish,Danzig,Gold Beauty,A.P. Indy,Am Capable,Hail to Reason,Cosmah,Understanding,Mountain Flower,カンパラ,Severn Bridge,Lyphard,My Bupers,Nearctic,Shenanigans,Khaled,Dama,Hard Work,With Exception,Sir Wiggle,Blue Double,Storm Bird,Terlingua,Pleasant Colony,Surgery,Fappiano,Gana Facil,Lear Fan,Amo,Northern Dancer,Pas de Nom,Mr. Prospector,Stick to Beauty,Seattle Slew,Weekend Surprise,Icecapade,Am Reasonable
202603010111,,,,,,マジェスティックウォリアー,ダイシンキャンディ,A.P. Indy,Dream Supreme,アグネスタキオン,フレンドレイ,Seattle Slew,Weekend Surprise,Seeking the Gold,Spinning Round,サンデーサイレンス,アグネスフローラ,デインヒル,マーチンミユキ,Bold Reasoning,My Charmer,Secretariat,Lassie Dear,Mr. Prospector,Con Game,Dixieland Band,Take Heart,Halo,Wishing Well,ロイヤルスキー,アグネスレディー,Danzig,Razyana,マルゼンスキー,ミユキカマダ,Boldnesian,Reason to Earn,Poker,Fair Charmer,Bold Ruler,Somethingroyal,Buckpasser,Gay Missile,Raise a Native,Gold Digger,Buckpasser,Broadway,Northern Dancer,Mississippi Mud,Secretariat,Deck Stewardess,Hail to Reason,Cosmah,Understanding,Mountain Flower,Raja Baba,Coz o'Nijinsky,リマンド,イコマエイカン,Northern Dancer,Pas de Nom,His Majesty,Spring Adieu,Nijinsky,シル,ダイアトム,ヤヨイカマダ
202603010111,,,,,,イスラボニータ,エリモフェザー,フジキセキ,イスラコジーン,シニスターミニスター,リトルマーメード,サンデーサイレンス,ミルレーサー,Cozzene,Isla Mujeres,Old Trieste,Sweet Minister,トワイニング,エリモドリーム,Halo,Wishing Well,Le Fabuleux,Marston's Mill,Caro,Ride the Trails,Crafty Prospector,Lido Isle,A.P. Indy,Lovlier Linda,The Prime Minister,Sweet Blue,フォーティナイナー,Courtly Dee,ブライアンズタイム,エリモキリコ,Hail to Reason,Cosmah,Understanding,Mountain Flower,Wild Risk,Anguar,In Reality,Millicent,フォルティノ,Chambord,Prince John,Wildwook,Mr. Prospector,Real Crafty Lady,Far North,She Is Gorgeous,Seattle Slew,Weekend Surprise,Vigors,Linda Summers,Deputy Minister,Stick to Beauty,Hurry Up Blue,Sugar Gold,Mr. Prospector,File,Never Bend,Tulle,Roberto,Kelley's Day,マルゼンスキー,サニーエンゼル
202603010111,,,,,,リオンディーズ,ローマンブリッジ,キングカメハメハ,シーザリオ,ブライアンズタイム,メインリー,Kingmambo,マンファス,スペシャルウィーク,キロフプリミエール,Roberto,Kelley's Day,Wild Again,Primarily,Mr. Prospector,Miesque,ラストタイクーン,Pilot Bird,サンデーサイレンス,キャンペンガール,Sadler's Wells,Querida,Hail to Reason,Bramalea,Graustark,Golden Trail,Icecapade,Bushel-n-Peck,Lord at War,Mostly,Raise a Native,Gold Digger,Nureyev,Pasadoble,トライマイベスト,Mill Princess,Blakeney,The Dancer,Halo,Wishing Well,マルゼンスキー,レディーシラオキ,Northern Dancer,Fairy Bridge,Habitat,Principia,Turn-to,Nothirdchance,Nashua,Rarelea,Ribot,Flower Bowl,Hasty Road,Sunny Vale,Nearctic,Shenanigans,Khaled,Dama,General,Luna de Miel,Grey Dawn,Rare Relish
202603010111,,,,,,コパノリッキー,ペプチドヴィーナス,ゴールドアリュール,コパノニキータ,ワークフォース,ドリームスピカ,サンデーサイレンス,ニキーヤ,ティンバーカントリー,ニホンピロローズ,キングズベスト,Soviet Moon,バブルガムフェロー,マキシムドリーム,Halo,Wishing Well,Nureyev,Reluctant Guest,Woodman,Fall Aspen,トニービン,ウェディングブーケ,Kingmambo,Allegretta,Sadler's Wells,Eva Luna,サンデーサイレンス,バブルカンパニー,リアルシャダイ,チャンネルフォー,Hail to Reason,Cosmah,Understanding,Mountain Flower,Northern Dancer,Special,Hostage,Vaguely Royal,Mr. Prospector,プレイメイト,Pretense,Change Water,カンパラ,Severn Bridge,リアルシャダイ,アリーウイン,Mr. Prospector,Miesque,Lombard,Anatevka,Northern Dancer,Fairy Bridge,Alleged,Media Luna,Halo,Wishing Well,Lyphard,Prodice,Roberto,Desert Vixen,ノーザンディクテイター,ワンスウエド
202603010111,,,,,,シルバーステート,ミスエンピリカル,ディープインパクト,シルヴァースカヤ,プリサイスエンド,エンピリカル,サンデーサイレンス,ウインドインハーヘア,Silver Hawk,Boubskaia,エンドスウィープ,Precisely,Miswaki,Louisville,Halo,Wishing Well,Alzao,Burghclere,Roberto,Gris Vitesse,Niniski,Frenetique,フォーティナイナー,Broom Dance,Summing,Crisp 'n Clear,Mr. Prospector,Hopespringseternal,Val de l'Orne,Laddisa,Hail to Reason,Cosmah,Understanding,Mountain Flower,Lyphard,Lady Rebecca,Busted,Highclere,Hail to Reason,Bramalea,Amerigo,Matchiche,Nijinsky,Virginia Hills,Tyrant,Femina,Mr. Prospector,File,Dance Spell,Witching Hour,Verbatim,Sumatra,Cold Reception,Ring O'Bells,Raise a Native,Gold Digger,Buckpasser,Rose Bower,Val de Loir,Aglae,Sir Gaylord,Flirting Lady
202603010111,,,,,,ロードカナロア,ミスチヴァスミスティ,キングカメハメハ,レディブラッサム,Into Mischief,Kona Kat,Kingmambo,マンファス,Storm Cat,サラトガデュー,Harlan's Holiday,Leslie's Lady,Mountain Cat,Double Sunrise,Mr. Prospector,Miesque,ラストタイクーン,Pilot Bird,Storm Bird,Terlingua,Cormorant,Super Luna,Harlan,Christmas in Aiken,Tricky Creek,Crystal Lady,Storm Cat,Always Mint,Slew o' Gold,How High the Moon,Raise a Native,Gold Digger,Nureyev,Pasadoble,トライマイベスト,Mill Princess,Blakeney,The Dancer,Northern Dancer,South Ocean,Secretariat,Crimson Saint,His Majesty,Song Sparrow,In Reality,Alada,Storm Cat,Country Romance,Affirmed,Dowager,Clever Trick,Battle Creek Girl,Stop the Music,One Last Bird,Storm Bird,Terlingua,Key to the Mint,Always a Princess,Seattle Slew,Alluvial,Majestic Light,Clear Ceiling
202603010112,,,,,,スワーヴリチャード,チェアユーアップ,ハーツクライ,ピラミマ,エアジハード,キョウエイマリー,サンデーサイレンス,アイリッシュダンス,Unbridled's Song,キャリアコレクション,サクラユタカオー,アイシーゴーグル,ヘクタープロテクター,キョウエイヨシノ,Halo,Wishing Well,トニービン,ビューパーダンス,Unbridled,Trolley Song,General Meeting,River of Stars,テスコボーイ,アンジェリカ,ロイヤルスキー,シャダイアイバー,Woodman,Korveya,プラウドデボネア,キョウエイミート,Hail to Reason,Cosmah,Understanding,Mountain Flower,カンパラ,Severn Bridge,Lyphard,My Bupers,Fappiano,Gana Facil,Caro,Lucky Spell,Seattle Slew,Alydar's Promise,Riverman,Star Fortune,Princely Gift,Suncourt,ネヴァービート,スターハイネス,Raja Baba,Coz o'Nijinsky,ノーザンテースト,サワーオレンジ,Mr. Prospector,プレイメイト,Riverman,Konafa,Lyphard,Proud Delta,クラウンドプリンス,キョウエイオリーブ
202603010112,,,,,,シュヴァルグラン,アドマイヤテレサ,ハーツクライ,ハルーワスウィート,エリシオ,ヒード,サンデーサイレンス,アイリッシュダンス,Machiavellian,ハルーワソング,Fairy King,Helice,Caveat,Swan,Halo,Wishing Well,トニービン,ビューパーダンス,Mr. Prospector,Coup de Folie,Nureyev,Morn of Song,Northern Dancer,Fairy Bridge,Slewpy,Hirondelle,Cannonade,Cold Hearted,Nijinsky,Her Demon,Hail to Reason,Cosmah,Understanding,Mountain Flower,カンパラ,Severn Bridge,Lyphard,My Bupers,Raise a Native,Gold Digger,Halo,Raise the Standard,Northern Dancer,Special,Blushing Groom,Glorious Song,Nearctic,Natalma,Bold Reason,Special,Seattle Slew,Rare Bouquet,Val de l'Orne,Hermanville,Bold Bidder,Queen Sucree,The Axe,Turn to North,Northern Dancer,Flaming Page,Herbager,Spy Demon
202603010112,,,,,,ダイワメジャー,レディトゥプリーズ,サンデーサイレンス,スカーレットブーケ,More Than Ready,Guilty Pleasure,Halo,Wishing Well,ノーザンテースト,スカーレットインク,サザンヘイロー,Woodman's Girl,Pine Bluff,Exquisite Mistress,Hail to Reason,Cosmah,Understanding,Mountain Flower,Northern Dancer,Lady Victoria,Crimson Satan,Consentida,Halo,Northern Sea,Woodman,Becky Be Good,Danzig,Rowdy Angel,Nasty and Bold,El Hamo,Turn-to,Nothirdchance,Cosmic Bomb,Almahmoud,Promised Land,Pretty Ways,Montparnasse,Edelweiss,Nearctic,Natalma,Victoria Park,Lady Angela,Spy Song,Papila,Beau Max,La Menina,Hail to Reason,Cosmah,Northern Dancer,Sea Saga,Mr. Prospector,プレイメイト,Naskra,Good Landing,Northern Dancer,Pas de Nom,Halo,Ramhyde,Naskra,College Bold,Search for Gold,Buena Notte
202603010112,,,,,,キタサンブラック,チャイマックス,ブラックタイド,シュガーハート,Congrats,Icy Tea,サンデーサイレンス,ウインドインハーヘア,サクラバクシンオー,オトメゴコロ,A.P. Indy,Praise,Storm Cat,Miss Sobriety,Halo,Wishing Well,Alzao,Burghclere,サクラユタカオー,サクラハゴロモ,ジャッジアンジェルーチ,テイズリー,Seattle Slew,Weekend Surprise,Mr. Prospector,Wild Applause,Storm Bird,Terlingua,Temperence Hill,Quillummo,Hail to Reason,Cosmah,Understanding,Mountain Flower,Lyphard,Lady Rebecca,Busted,Highclere,テスコボーイ,アンジェリカ,ノーザンテースト,クリアアンバー,Honest Pleasure,Victorian Queen,Lyphard,Tizna,Bold Reasoning,My Charmer,Secretariat,Lassie Dear,Raise a Native,Gold Digger,Northern Dancer,Glowing Tribute,Northern Dancer,South Ocean,Secretariat,Crimson Saint,Stop the Music,Sister Shannon,Gummo,Quillopoly
202603010112,,,,,,マインドユアビスケッツ,スタコラサッサ,Posse,Jazzmane,ヴィクトワールピサ,ラスリングカプス,Silver Deputy,Raska,Toccet,Alljazz,ネオユニヴァース,ホワイトウォーターアフェア,Woodman,フィールディ,Deputy Minister,Silver Valley,Rahy,Borishka,Awesome Again,Cozzene's Angel,Stop the Music,Bounteous,サンデーサイレンス,ポインテッドパス,Machiavellian,Much Too Risky,Mr. Prospector,プレイメイト,Northfields,Gramy,Vice Regent,Mint Copy,Mr. Prospector,Seven Valleys,Blushing Groom,Glorious Song,Roberto,Queen Maud,Deputy Minister,Primal Force,Cozzene,Charming Pan,Hail to Reason,Bebopper,Master Derby,Mlle. Quille,Halo,Wishing Well,Kris,Silken Way,Mr. Prospector,Coup de Folie,Bustino,Short Rations,Raise a Native,Gold Digger,Buckpasser,Intriguing,Northern Dancer,Little Hut,Tapioca,Gracile
202603010112,,,,,,レッドファルクス,ラックアサイン,スウェプトオーヴァーボード,ベルモット,ハービンジャー,サウスティーダ,エンドスウィープ,Sheer Ice,サンデーサイレンス,レガシーオブストレングス,Dansili,Penang Pearl,アドマイヤベガ,キョウエイコロナ,フォーティナイナー,Broom Dance,Cutlass,Hey Dolly A.,Halo,Wishing Well,Affirmed,Katonka,デインヒル,Hasili,Bering,Guapa,サンデーサイレンス,ベガ,ノーパスノーセール,キョウエイシラユキ,Mr. Prospector,File,Dance Spell,Witching Hour,Damascus,Aphonia,Ambehaving,Swift Deal,Hail to Reason,Cosmah,Understanding,Mountain Flower,Exclusive Native,Won't Tell You,Minnesota Mac,Minnetonka,Danzig,Razyana,Kahyasi,Kerali,Arctic Tern,Beaune,Shareef Dancer,Sauceboat,Halo,Wishing Well,トニービン,アンティックヴァリュー,Northfields,No Disgrace,クラウンドプリンス,アリアーン
202603010112,,,,,,モーリス,コスモネモシン,スクリーンヒーロー,メジロフランシス,ゼンノロブロイ,デュプレ,グラスワンダー,ランニングヒロイン,カーネギー,メジロモントレー,サンデーサイレンス,ローミンレイチェル,シングスピール,Child Prodigy,Silver Hawk,Ameriflora,サンデーサイレンス,ダイナアクトレス,Sadler's Wells,Detroit,モガミ,メジロクインシー,Halo,Wishing Well,マイニング,One Smart Lady,In the Wings,Glorious Song,Ballad Rock,Minnie Habit,Roberto,Gris Vitesse,Danzig,Graceful Touch,Halo,Wishing Well,ノーザンテースト,モデルスポート,Northern Dancer,Fairy Bridge,Riverman,Derna,Lyphard,ノーラック,フィディオン,メジロボサツ,Hail to Reason,Cosmah,Understanding,Mountain Flower,Mr. Prospector,I Pass,Clever Trick,Pia's Lady,Sadler's Wells,High Hawk,Halo,Ballade,Bold Lad,True Rocket,Habitat,Minnie Tudor
202603010112,,,,,,カリフォルニアクローム,レディハピネス,Lucky Pulpit,Love the Chase,モンジュー,レディパステル,Pulpit,Lucky Soph,Not for Love,Chase It Down,Sadler's Wells,Floripedes,トニービン,ピンクタートル,A.P. Indy,Preach,Cozzene,Lucky Spell,Mr. Prospector,Dance Number,Polish Numbers,Chase the Dream,Northern Dancer,Fairy Bridge,Top Ville,Toute Cy,カンパラ,Severn Bridge,Blushing Groom,Turtle Cove,Seattle Slew,Weekend Surprise,Mr. Prospector,Narrate,Caro,Ride the Trails,Lucky Mel,Incantation,Raise a Native,Gold Digger,Northern Dancer,Numbered Account,Danzig,Numbered Account,Sir Ivor,La Belle Fleur,Nearctic,Natalma,Bold Reason,Special,High Top,Sega Ville,Tennyson,Adele Toumignon,Kalamoun,State Pension,Hornbeam,Priddy Fair,Red God,Runaway Bride,Dr. Fager,Sunny Cove
202603010112,,,,,,シュヴァルグラン,ラテアート,ハーツクライ,ハルーワスウィート,サクラバクシンオー,ラテルネ,サンデーサイレンス,アイリッシュダンス,Machiavellian,ハルーワソング,サクラユタカオー,サクラハゴロモ,トニービン,ヨシオカザン,Halo,Wishing Well,トニービン,ビューパーダンス,Mr. Prospector,Coup de Folie,Nureyev,Morn of Song,テスコボーイ,アンジェリカ,ノーザンテースト,クリアアンバー,カンパラ,Severn Bridge,エルギャロー,ミートミーレイター,Hail to Reason,Cosmah,Understanding,Mountain Flower,カンパラ,Severn Bridge,Lyphard,My Bupers,Raise a Native,Gold Digger,Halo,Raise the Standard,Northern Dancer,Special,Blushing Groom,Glorious Song,Princely Gift,Suncourt,ネヴァービート,スターハイネス,Northern Dancer,Lady Victoria,Ambiopoise,One Clear Call,Kalamoun,State Pension,Hornbeam,Priddy Fair,マタドア,Discipliner,Barbizon,Sassetta
202603010112,,,,,,ロードカナロア,プチノワール,キングカメハメハ,レディブラッサム,シングスピール,リッチアフェアー,Kingmambo,マンファス,Storm Cat,サラトガデュー,In the Wings,Glorious Song,Machiavellian,Much Too Risky,Mr. Prospector,Miesque,ラストタイクーン,Pilot Bird,Storm Bird,Terlingua,Cormorant,Super Luna,Sadler's Wells,High Hawk,Halo,Ballade,Mr. Prospector,Coup de Folie,Bustino,Short Rations,Raise a Native,Gold Digger,Nureyev,Pasadoble,トライマイベスト,Mill Princess,Blakeney,The Dancer,Northern Dancer,South Ocean,Secretariat,Crimson Saint,His Majesty,Song Sparrow,In Reality,Alada,Northern Dancer,Fairy Bridge,Shirley Heights,Sunbittern,Hail to Reason,Cosmah,Herbager,Miss Swapsco,Raise a Native,Gold Digger,Halo,Raise the Standard,Busted,Ship Yard,Lorenzaccio,Short Commons
202603010112,,,,,,サトノクラウン,マヤノロシュニ,Marju,ジョコンダ,マンハッタンカフェ,ジゼールペン,ラストタイクーン,Flame of Tara,Rossini,La Joconde,サンデーサイレンス,サトルチェンジ,Cozzene,Garconniere,トライマイベスト,Mill Princess,アーテイアス,Welsh Flame,Miswaki,Touch of Greatness,Vettori,Lust,Halo,Wishing Well,Law Society,Santa Luciana,Caro,Ride the Trails,ゲイメセン,Greedy of Gain,Northern Dancer,Sex Appeal,Mill Reef,Irish Lass,Round Table,Stylish Pattern,Welsh Pageant,Electric Flash,Mr. Prospector,Hopespringseternal,Hero's Honor,Ivory Wand,Machiavellian,Air Distingue,Pursuit of Love,Pato,Hail to Reason,Cosmah,Understanding,Mountain Flower,Alleged,Bold Bikini,Luciano,Suleika,フォルティノ,Chambord,Prince John,Wildwook,Vaguely Noble,Gay Missile,Habitat,Gently
202603010112,,,,,,デクラレーションオブウォー,レッドヴォーグ,War Front,Tempo West,シンボリクリスエス,ディクシージャズ,Danzig,Starry Dreamer,Rahy,Tempo,Kris S.,Tee Kay,トニービン,ディクシースプラッシュ,Northern Dancer,Pas de Nom,Rubiano,Lara's Star,Blushing Groom,Glorious Song,Gone West,Terpsichorist,Roberto,Sharp Queen,Gold Meridian,Tri Argo,カンパラ,Severn Bridge,Dixieland Band,Ocean Jewel,Nearctic,Natalma,Admiral's Voyage,Petitioner,Fappiano,Ruby Slippers,Forli,True Reality,Red God,Runaway Bride,Halo,Ballade,Mr. Prospector,Secrettame,Nijinsky,Glad Rags,Hail to Reason,Bramalea,Princequillo,Bridgework,Seattle Slew,Queen Louie,Tri Jet,Hail Proudly,Kalamoun,State Pension,Hornbeam,Priddy Fair,Northern Dancer,Mississippi Mud,Alleged,Lady Offshore
202603010112,,,,,,ストロングリターン,サトノレーヌ,シンボリクリスエス,コートアウト,キングカメハメハ,シンシアー,Kris S.,Tee Kay,Smart Strike,アザール,Kingmambo,マンファス,サンデーサイレンス,ソウスマッグ,Roberto,Sharp Queen,Gold Meridian,Tri Argo,Mr. Prospector,Classy'n Smart,Nijinsky,Smart Heiress,Mr. Prospector,Miesque,ラストタイクーン,Pilot Bird,Halo,Wishing Well,Nureyev,Smuggly,Hail to Reason,Bramalea,Princequillo,Bridgework,Seattle Slew,Queen Louie,Tri Jet,Hail Proudly,Raise a Native,Gold Digger,Smarten,No Class,Northern Dancer,Flaming Page,Vaguely Noble,Smartaire,Raise a Native,Gold Digger,Nureyev,Pasadoble,トライマイベスト,Mill Princess,Blakeney,The Dancer,Hail to Reason,Cosmah,Understanding,Mountain Flower,Northern Dancer,Special,Caro,Call Me Goddess
202603010112,,,,,,レーヴミストラル,インブルーム,キングカメハメハ,レーヴドスカー,シンボリクリスエス,タケショウナデシコ,Kingmambo,マンファス,Highest Honor,Numidie,Kris S.,Tee Kay,スペシャルウィーク,スーティー,Mr. Prospector,Miesque,ラストタイクーン,Pilot Bird,Kenmare,High River,バイアモン,Yamuna,Roberto,Sharp Queen,Gold Meridian,Tri Argo,サンデーサイレンス,キャンペンガール,Caerleon,アグサン,Raise a Native,Gold Digger,Nureyev,Pasadoble,トライマイベスト,Mill Princess,Blakeney,The Dancer,Kalamoun,Belle of Ireland,Riverman,Hairbrush,Blushing Groom,Lodeve,Green Dancer,Yeovil,Hail to Reason,Bramalea,Princequillo,Bridgework,Seattle Slew,Queen Louie,Tri Jet,Hail Proudly,Halo,Wishing Well,マルゼンスキー,レディーシラオキ,Nijinsky,Foreseer,Lord Gayle,Santa Luciana
202603010112,,,,,,ノーブルミッション,アドマイヤラック,Galileo,Kind,アドマイヤムーン,アドマイヤラピス,Sadler's Wells,Urban Sea,デインヒル,Rainbow Lake,エンドスウィープ,マイケイティーズ,Be My Guest,Elevate,Northern Dancer,Fairy Bridge,Miswaki,Allegretta,Danzig,Razyana,Rainbow Quest,Rockfest,フォーティナイナー,Broom Dance,サンデーサイレンス,ケイティーズファースト,Northern Dancer,What a Treat,Ela-Mana-Mou,Sunny Valley,Nearctic,Natalma,Bold Reason,Special,Mr. Prospector,Hopespringseternal,Lombard,Anatevka,Northern Dancer,Pas de Nom,His Majesty,Spring Adieu,Blushing Groom,I Will Follow,Stage Door Johnny,Rock Garden,Mr. Prospector,File,Dance Spell,Witching Hour,Halo,Wishing Well,Kris,Katies,Nearctic,Natalma,Tudor Minstrel,Rare Treat,ピットカーン,Rose Bertin,Val de Loir,Sunland
202603010112,,,,,,モーリス,テンダリーヴォイス,スクリーンヒーロー,メジロフランシス,ディープインパクト,ミスアンコール,グラスワンダー,ランニングヒロイン,カーネギー,メジロモントレー,サンデーサイレンス,ウインドインハーヘア,キングカメハメハ,ブロードアピール,Silver Hawk,Ameriflora,サンデーサイレンス,ダイナアクトレス,Sadler's Wells,Detroit,モガミ,メジロクインシー,Halo,Wishing Well,Alzao,Burghclere,Kingmambo,マンファス,Broad Brush,Valid Allure,Roberto,Gris Vitesse,Danzig,Graceful Touch,Halo,Wishing Well,ノーザンテースト,モデルスポート,Northern Dancer,Fairy Bridge,Riverman,Derna,Lyphard,ノーラック,フィディオン,メジロボサツ,Hail to Reason,Cosmah,Understanding,Mountain Flower,Lyphard,Lady Rebecca,Busted,Highclere,Mr. Prospector,Miesque,ラストタイクーン,Pilot Bird,Ack Ack,Hay Patcher,Valid Appeal,Alluring Girl
202603010201,,,,,,レイデオロ,マウレア,キングカメハメハ,ラドラーダ,ディープインパクト,バイザキャット,Kingmambo,マンファス,シンボリクリスエス,レディブロンド,サンデーサイレンス,ウインドインハーヘア,Storm Cat,Buy the Firm,Mr. Prospector,Miesque,ラストタイクーン,Pilot Bird,Kris S.,Tee Kay,Seeking the Gold,ウインドインハーヘア,Halo,Wishing Well,Alzao,Burghclere,Storm Bird,Terlingua,Affirmed,By the Hand,Raise a Native,Gold Digger,Nureyev,Pasadoble,トライマイベスト,Mill Princess,Blakeney,The Dancer,Roberto,Sharp Queen,Gold Meridian,Tri Argo,Mr. Prospector,Con Game,Alzao,Burghclere,Hail to Reason,Cosmah,Understanding,Mountain Flower,Lyphard,Lady Rebecca,Busted,Highclere,Northern Dancer,South Ocean,Secretariat,Crimson Saint,Exclusive Native,Won't Tell You,Intentionally,De Hostess
202603010201,,,,,,サングレーザー,フォークアート,ディープインパクト,マンティスハント,オルフェーヴル,ウインファンタジア,サンデーサイレンス,ウインドインハーヘア,Deputy Minister,ウィッチフルシンキング,ステイゴールド,オリエンタルアート,ヘネシー,ミナミノバレッツ,Halo,Wishing Well,Alzao,Burghclere,Vice Regent,Mint Copy,Lord Avie,Halloween Joy,サンデーサイレンス,ゴールデンサッシュ,メジロマックイーン,エレクトロアート,Storm Cat,Island Kitty,Easy Goer,Ivory Wings,Hail to Reason,Cosmah,Understanding,Mountain Flower,Lyphard,Lady Rebecca,Busted,Highclere,Northern Dancer,Victoria Regina,Bunty's Flight,Shakney,Lord Gaylord,Avie,Exuberant,Halloween,Halo,Wishing Well,ディクタス,ダイナサッシュ,メジロティターン,メジロオーロラ,ノーザンテースト,グランマスティーヴンス,Storm Bird,Terlingua,Hawaii,T. C. Kitten,Alydar,Relaxing,Sir Ivor,Kittiwake
202603010201,,,,,,ホッコータルマエ,グリズリダンス,キングカメハメハ,マダムチェロキー,ゴールドアリュール,オンワードミシェル,Kingmambo,マンファス,Cherokee Run,アンフォイルド,サンデーサイレンス,ニキーヤ,アンバーシャダイ,オンワードウッド,Mr. Prospector,Miesque,ラストタイクーン,Pilot Bird,Runaway Groom,Cherokee Dame,Unbridled,Bold Foil,Halo,Wishing Well,Nureyev,Reluctant Guest,ノーザンテースト,クリアアンバー,The Noble Player,ウッドシール,Raise a Native,Gold Digger,Nureyev,Pasadoble,トライマイベスト,Mill Princess,Blakeney,The Dancer,Blushing Groom,Yonnie Girl,Silver Saber,Dame Francesca,Fappiano,Gana Facil,Bold Forbes,Perfect Foil,Hail to Reason,Cosmah,Understanding,Mountain Flower,Northern Dancer,Special,Hostage,Vaguely Royal,Northern Dancer,Lady Victoria,Ambiopoise,One Clear Call,The Minstrel,Noble Mark,Rainy Lake,Canyon Ride
202603010201,,,,,,マジェスティックウォリアー,ロニセラ,A.P. Indy,Dream Supreme,ディープインパクト,ラヴェリータ,Seattle Slew,Weekend Surprise,Seeking the Gold,Spinning Round,サンデーサイレンス,ウインドインハーヘア,Unbridled's Song,Go Classic,Bold Reasoning,My Charmer,Secretariat,Lassie Dear,Mr. Prospector,Con Game,Dixieland Band,Take Heart,Halo,Wishing Well,Alzao,Burghclere,Unbridled,Trolley Song,Gone West,Seattle Classic,Boldnesian,Reason to Earn,Poker,Fair Charmer,Bold Ruler,Somethingroyal,Buckpasser,Gay Missile,Raise a Native,Gold Digger,Buckpasser,Broadway,Northern Dancer,Mississippi Mud,Secretariat,Deck Stewardess,Hail to Reason,Cosmah,Understanding,Mountain Flower,Lyphard,Lady Rebecca,Busted,Highclere,Fappiano,Gana Facil,Caro,Lucky Spell,Mr. Prospector,Secrettame,Seattle Slew,Classy 'n Smart
202603010201,,,,,,オルフェーヴル,サイドストリート,ステイゴールド,オリエンタルアート,ヨハネスブルグ,メアリーズガーデン,サンデーサイレンス,ゴールデンサッシュ,メジロマックイーン,エレクトロアート,ヘネシー,Myth,ファルブラヴ,サンデーピクニック,Halo,Wishing Well,ディクタス,ダイナサッシュ,メジロティターン,メジロオーロラ,ノーザンテースト,グランマスティーヴンス,Storm Cat,Island Kitty,オジジアン,Yarn,Fairy King,Gift of the Night,サンデーサイレンス,アトール,Hail to Reason,Cosmah,Understanding,Mountain Flower,Sanctus,Doronic,ノーザンテースト,ロイヤルサッシュ,メジロアサマ,シエリル,リマンド,メジロアイリス,Northern Dancer,Lady Victoria,Lt. Stevens,Dhow,Storm Bird,Terlingua,Hawaii,T. C. Kitten,Damascus,Gonfalon,Mr. Prospector,Narrate,Northern Dancer,Fairy Bridge,Slewpy,Little Nana,Halo,Wishing Well,Caerleon,Shirley Reef
202603010201,,,,,,アジアエクスプレス,タカミツリリー,ヘニーヒューズ,ランニングボブキャッツ,エンパイアメーカー,アラマサスナイパー,ヘネシー,Meadow Flyer,Running Stag,Backatem,Unbridled,Toussaud,ステイゴールド,ターミナルフラワー,Storm Cat,Island Kitty,Meadowlake,Shortley,Cozzene,Fruhlingstag,Notebook,Deputy's Mistress,Fappiano,Gana Facil,El Gran Senor,Image of Reality,サンデーサイレンス,ゴールデンサッシュ,Salt Lake,Positioned,Storm Bird,Terlingua,Hawaii,T. C. Kitten,Hold Your Peace,Suspicious Native,Hagley,Short Winded,Caro,Ride the Trails,Orsini,Revada,Well Decorated,Mobcap,Deputy Minister,River Crossing,Mr. Prospector,Killaloe,Le Fabuleux,Charedi,Northern Dancer,Sex Appeal,In Reality,Edee's Image,Halo,Wishing Well,ディクタス,ダイナサッシュ,Deputy Minister,Take Lady Anne,Cannonade,Logistic
202603010201,,,,,,デクラレーションオブウォー,エオスモン,War Front,Tempo West,ジャスタウェイ,ショアー,Danzig,Starry Dreamer,Rahy,Tempo,ハーツクライ,シビル,Acatenango,So Sedulous,Northern Dancer,Pas de Nom,Rubiano,Lara's Star,Blushing Groom,Glorious Song,Gone West,Terpsichorist,サンデーサイレンス,アイリッシュダンス,Wild Again,シャロン,Surumu,Aggravate,The Minstrel,Sedulous,Nearctic,Natalma,Admiral's Voyage,Petitioner,Fappiano,Ruby Slippers,Forli,True Reality,Red God,Runaway Bride,Halo,Ballade,Mr. Prospector,Secrettame,Nijinsky,Glad Rags,Halo,Wishing Well,トニービン,ビューパーダンス,Icecapade,Bushel-n-Peck,Mo Exception,Double Wiggle,Literat,Surama,Aggressor,Raven Locks,Northern Dancer,Fleur,タップオンウッド,Pendulina
202603010201,,,,,,Palace Pier,ミノレット,Kingman,Beach Frolic,Smart Strike,Silk And Scarlet,Invincible Spirit,Zenda,Nayef,Night Frolic,Mr. Prospector,Classy 'n Smart,Sadler's Wells,Danilova,Green Desert,Rafha,Zamindar,Hope,Gulch,Height of Fashion,Night Shift,Miss d'Ouilly,Raise a Native,Gold Digger,Smarten,No Class,Northern Dancer,Fairy Bridge,Lyphard,Ballinderry,Danzig,Foreign Courier,Kris,Eljazzi,Gone West,Zaizafon,ダンシングブレーヴ,Bahamian,Mr. Prospector,Jameela,Bustino,Highclere,Northern Dancer,Ciboulette,Bikala,Miss Satin,Native Dancer,Raise You,Nashua,Sequence,Cyane,Smartaire,Nodouble,Classy Quillo,Nearctic,Natalma,Bold Reason,Special,Northern Dancer,Goofed,Irish River,Miss Manon
202603010201,,,,,,パイロ,リリーホワイト,Pulpit,Wild Vision,ヨハネスブルグ,ラジョコンダ,A.P. Indy,Preach,Wild Again,Carol's Wonder,ヘネシー,Myth,フジキセキ,ラトラヴィアータ,Seattle Slew,Weekend Surprise,Mr. Prospector,Narrate,Icecapade,Bushel-n-Peck,Pass the Tab,Carols Christmas,Storm Cat,Island Kitty,オジジアン,Yarn,サンデーサイレンス,ミルレーサー,サクラユタカオー,サクラハゴロモ,Bold Reasoning,My Charmer,Secretariat,Lassie Dear,Raise a Native,Gold Digger,Honest Pleasure,State,Nearctic,Shenanigans,Khaled,Dama,Al Hattab,Dantina,Whitesburg,Light Verse,Storm Bird,Terlingua,Hawaii,T. C. Kitten,Damascus,Gonfalon,Mr. Prospector,Narrate,Halo,Wishing Well,Le Fabuleux,Marston's Mill,テスコボーイ,アンジェリカ,ノーザンテースト,クリアアンバー
202603010201,,,,,,アジアエクスプレス,サンシアトル,ヘニーヒューズ,ランニングボブキャッツ,シンボリクリスエス,ムカラファ,ヘネシー,Meadow Flyer,Running Stag,Backatem,Kris S.,Tee Kay,Deputy Commander,Courtroom Antics,Storm Cat,Island Kitty,Meadowlake,Shortley,Cozzene,Fruhlingstag,Notebook,Deputy's Mistress,Roberto,Sharp Queen,Gold Meridian,Tri Argo,Deputy Minister,Anka Germania,Eighty Below Zero,Showtime Lady,Storm Bird,Terlingua,Hawaii,T. C. Kitten,Hold Your Peace,Suspicious Native,Hagley,Short Winded,Caro,Ride the Trails,Orsini,Revada,Well Decorated,Mobcap,Deputy Minister,River Crossing,Hail to Reason,Bramalea,Princequillo,Bridgework,Seattle Slew,Queen Louie,Tri Jet,Hail Proudly,Vice Regent,Mint Copy,Malinowski,Affaire d'Amour,It's Freezing,Alps,Defense Verdict,Mink and Jeans
202603010201,,,,,,マインドユアビスケッツ,アイムオールレディセクシー,Posse,Jazzmane,Ready's Image,Klohho,Silver Deputy,Raska,Toccet,Alljazz,More Than Ready,Clever Phrase,Trempolino,Dintel,Deputy Minister,Silver Valley,Rahy,Borishka,Awesome Again,Cozzene's Angel,Stop the Music,Bounteous,サザンヘイロー,Woodman's Girl,Clever Trick,Turn a Phrase,Sharpen Up,Trephine,Bates Motel,Din Again,Vice Regent,Mint Copy,Mr. Prospector,Seven Valleys,Blushing Groom,Glorious Song,Roberto,Queen Maud,Deputy Minister,Primal Force,Cozzene,Charming Pan,Hail to Reason,Bebopper,Master Derby,Mlle. Quille,Halo,Northern Sea,Woodman,Becky Be Good,Icecapade,Kankakee Miss,Wavering Monarch,Turn n'See,エタン,Rocchetta,ヴァイスリーガル,Quiriquina,Sir Ivor,Sunday Purchase,Graustark,Patrina
202603010201,,,,,,カリフォルニアクローム,サドキンザン,Lucky Pulpit,Love the Chase,オルフェーヴル,サマナケイ,Pulpit,Lucky Soph,Not for Love,Chase It Down,ステイゴールド,オリエンタルアート,Authorized,Tessa Reef,A.P. Indy,Preach,Cozzene,Lucky Spell,Mr. Prospector,Dance Number,Polish Numbers,Chase the Dream,サンデーサイレンス,ゴールデンサッシュ,メジロマックイーン,エレクトロアート,Montjeu,Funsie,Mark of Esteem,Massaraat,Seattle Slew,Weekend Surprise,Mr. Prospector,Narrate,Caro,Ride the Trails,Lucky Mel,Incantation,Raise a Native,Gold Digger,Northern Dancer,Numbered Account,Danzig,Numbered Account,Sir Ivor,La Belle Fleur,Halo,Wishing Well,ディクタス,ダイナサッシュ,メジロティターン,メジロオーロラ,ノーザンテースト,グランマスティーヴンス,Sadler's Wells,Floripedes,Saumarez,Vallee Dansante,Darshaan,Homage,Nureyev,Pasadoble
202603010201,,,,,,ブリックスアンドモルタル,オージャイト,Giant's Causeway,Beyond the Waves,キングカメハメハ,ジェダイト,Storm Cat,Mariah's Storm,Ocean Crest,Excedent,Kingmambo,マンファス,サンデーサイレンス,グリーンポーラ,Storm Bird,Terlingua,Rahy,イメンス,Storm Bird,S.S.Aroma,Exceller,Broadway Lullaby,Mr. Prospector,Miesque,ラストタイクーン,Pilot Bird,Halo,Wishing Well,Nijinsky,Irish Valley,Northern Dancer,South Ocean,Secretariat,Crimson Saint,Blushing Groom,Glorious Song,Roberto,Imsodear,Northern Dancer,South Ocean,Seattle Slew,Rare Bouquet,Vaguely Noble,Too Bald,Stage Door Johnny,リットルブレツシング,Raise a Native,Gold Digger,Nureyev,Pasadoble,トライマイベスト,Mill Princess,Blakeney,The Dancer,Hail to Reason,Cosmah,Understanding,Mountain Flower,Northern Dancer,Flaming Page,Irish River,Green Valley
202603010201,,,,,,ファインニードル,パテントジョイ,アドマイヤムーン,ニードルクラフト,Pivotal,Kitty Matcham,エンドスウィープ,マイケイティーズ,Mark of Esteem,Sharp Point,Polar Falcon,Fearless Revival,ロックオブジブラルタル,Imagine,フォーティナイナー,Broom Dance,サンデーサイレンス,ケイティーズファースト,Darshaan,Homage,ロイヤルアカデミー,Nice Point,Nureyev,Marie d'Argonne,Cozzene,Stufida,デインヒル,Offshore Boom,Sadler's Wells,Doff the Derby,Mr. Prospector,File,Dance Spell,Witching Hour,Halo,Wishing Well,Kris,Katies,Shirley Heights,Delsy,Ajdal,Home Love,Nijinsky,Crimson Saint,Sharpen Up,Alpine Niece,Northern Dancer,Special,Jefferson,Mohair,Caro,Ride the Trails,Bustino,Zerbinetta,Danzig,Razyana,Be My Guest,Push a Button,Northern Dancer,Fairy Bridge,Master Derby,Margarethen
202603010201,,,,,,ドレフォン,ブランシェクール,Gio Ponti,Eltimaas,ダイワメジャー,モンプティクール,Tale of the Cat,Chipeta Springs,Ghostzapper,Najecam,サンデーサイレンス,スカーレットブーケ,クロフネ,ゲートドクール,Storm Cat,Yarn,Alydar,Salt Spring,Awesome Again,Baby Zip,Trempolino,Sue Warner,Halo,Wishing Well,ノーザンテースト,スカーレットインク,フレンチデピュティ,ブルーアヴェニュー,Lomond,Gay Apparel,Storm Bird,Terlingua,Mr. Prospector,Narrate,Raise a Native,Sweet Tooth,Salt Marsh,Jungle Mythologic,Deputy Minister,Primal Force,Relaunch,Thirty Zip,Sharpen Up,Trephine,Forli,Bitty Girl,Hail to Reason,Cosmah,Understanding,Mountain Flower,Northern Dancer,Lady Victoria,Crimson Satan,Consentida,Deputy Minister,Mitterand,Classic Go Go,Eliza Blue,Northern Dancer,My Charmer,Up Spirits,Brief Attire
202603010202,,,,,,モーリス,ブリッツアウェイ,スクリーンヒーロー,メジロフランシス,ディープインパクト,スウィフトテンパー,グラスワンダー,ランニングヒロイン,カーネギー,メジロモントレー,サンデーサイレンス,ウインドインハーヘア,Giant's Causeway,Glasgow's Gold,Silver Hawk,Ameriflora,サンデーサイレンス,ダイナアクトレス,Sadler's Wells,Detroit,モガミ,メジロクインシー,Halo,Wishing Well,Alzao,Burghclere,Storm Cat,Mariah's Storm,Seeking the Gold,Gorgeous,Roberto,Gris Vitesse,Danzig,Graceful Touch,Halo,Wishing Well,ノーザンテースト,モデルスポート,Northern Dancer,Fairy Bridge,Riverman,Derna,Lyphard,ノーラック,フィディオン,メジロボサツ,Hail to Reason,Cosmah,Understanding,Mountain Flower,Lyphard,Lady Rebecca,Busted,Highclere,Storm Bird,Terlingua,Rahy,イメンス,Mr. Prospector,Con Game,Slew o' Gold,Kamar
202603010202,,,,,,モーリス,グレイシア,スクリーンヒーロー,メジロフランシス,ダイワメジャー,クーデグレイス,グラスワンダー,ランニングヒロイン,カーネギー,メジロモントレー,サンデーサイレンス,スカーレットブーケ,ホワイトマズル,グレイスルーマー,Silver Hawk,Ameriflora,サンデーサイレンス,ダイナアクトレス,Sadler's Wells,Detroit,モガミ,メジロクインシー,Halo,Wishing Well,ノーザンテースト,スカーレットインク,ダンシングブレーヴ,Fair of the Furze,トニービン,ディスクジョッキー,Roberto,Gris Vitesse,Danzig,Graceful Touch,Halo,Wishing Well,ノーザンテースト,モデルスポート,Northern Dancer,Fairy Bridge,Riverman,Derna,Lyphard,ノーラック,フィディオン,メジロボサツ,Hail to Reason,Cosmah,Understanding,Mountain Flower,Northern Dancer,Lady Victoria,Crimson Satan,Consentida,Lyphard,Navajo Princess,Ela-Mana-Mou,Autocratic,カンパラ,Severn Bridge,リアルシャダイ,シャダイチャッター
202603010202,,,,,,シルバーステート,ロジモーリス,ディープインパクト,シルヴァースカヤ,モーリス,メチャコルタ,サンデーサイレンス,ウインドインハーヘア,Silver Hawk,Boubskaia,スクリーンヒーロー,メジロフランシス,El Corredor,Aqui Lulu,Halo,Wishing Well,Alzao,Burghclere,Roberto,Gris Vitesse,Niniski,Frenetique,グラスワンダー,ランニングヒロイン,カーネギー,メジロモントレー,Mr. Greeley,Silvery Swan,Lucky Roberto,Great Stampa,Hail to Reason,Cosmah,Understanding,Mountain Flower,Lyphard,Lady Rebecca,Busted,Highclere,Hail to Reason,Bramalea,Amerigo,Matchiche,Nijinsky,Virginia Hills,Tyrant,Femina,Silver Hawk,Ameriflora,サンデーサイレンス,ダイナアクトレス,Sadler's Wells,Detroit,モガミ,メジロクインシー,Gone West,Long Legend,Silver Deputy,Sociable Duck,Belong to Me,Roberto's Gal,Senor Pete,Bella Stampa
202603010202,,,,,,シルバーステート,サマーコード,ディープインパクト,シルヴァースカヤ,スターリングローズ,スーパーラヴァー,サンデーサイレンス,ウインドインハーヘア,Silver Hawk,Boubskaia,アフリート,コマーズ,Silver Deputy,サウスオードリー,Halo,Wishing Well,Alzao,Burghclere,Roberto,Gris Vitesse,Niniski,Frenetique,Mr. Prospector,Polite Lady,Danzig,ミドルマーチ,Deputy Minister,Silver Valley,Gulch,Madam North,Hail to Reason,Cosmah,Understanding,Mountain Flower,Lyphard,Lady Rebecca,Busted,Highclere,Hail to Reason,Bramalea,Amerigo,Matchiche,Nijinsky,Virginia Hills,Tyrant,Femina,Raise a Native,Gold Digger,Venetian Jester,Friendly Ways,Northern Dancer,Pas de Nom,Buckpasser,Nice Princess,Vice Regent,Mint Copy,Mr. Prospector,Seven Valleys,Mr. Prospector,Jameela,Halo,Raise the Standard
202603010202,,,,,,ダノンスマッシュ,エポキシ,ロードカナロア,スピニングワイルドキャット,ディープインパクト,シーズアン,キングカメハメハ,レディブラッサム,Hard Spun,Hollywood Wildcat,サンデーサイレンス,ウインドインハーヘア,Zieten,Sunset Cafe,Kingmambo,マンファス,Storm Cat,サラトガデュー,Danzig,Turkish Tryst,Kris S.,Miss Wildcatter,Halo,Wishing Well,Alzao,Burghclere,Danzig,Blue Note,Red Sunset,Cafe Au Lait,Mr. Prospector,Miesque,ラストタイクーン,Pilot Bird,Storm Bird,Terlingua,Cormorant,Super Luna,Northern Dancer,Pas de Nom,Turkoman,Darbyvail,Roberto,Sharp Queen,Mr. Prospector,Elizabeth K.,Hail to Reason,Cosmah,Understanding,Mountain Flower,Lyphard,Lady Rebecca,Busted,Highclere,Northern Dancer,Pas de Nom,Habitat,Balsamique,Red God,Centre Piece,Espresso,Blue Sash
202603010202,,,,,,エピファネイア,ティップトップ,シンボリクリスエス,シーザリオ,Dubawi,アドニータ,Kris S.,Tee Kay,スペシャルウィーク,キロフプリミエール,Dubai Millennium,Zomaradah,Singspiel,アンナパラリーヴァ,Roberto,Sharp Queen,Gold Meridian,Tri Argo,サンデーサイレンス,キャンペンガール,Sadler's Wells,Querida,Seeking the Gold,Colorado Dancer,Deploy,Jawaher,In the Wings,Glorious Song,Caerleon,Anna of Saxony,Hail to Reason,Bramalea,Princequillo,Bridgework,Seattle Slew,Queen Louie,Tri Jet,Hail Proudly,Halo,Wishing Well,マルゼンスキー,レディーシラオキ,Northern Dancer,Fairy Bridge,Habitat,Principia,Mr. Prospector,Con Game,Shareef Dancer,Fall Aspen,Shirley Heights,Slightly Dangerous,ダンシングブレーヴ,High Tern,Sadler's Wells,High Hawk,Halo,Ballade,Nijinsky,Foreseer,Ela-Mana-Mou,Anna Matrushka
202603010202,,,,,,スワーヴリチャード,ザンスカール,ハーツクライ,ピラミマ,エンパイアメーカー,シンメイフジ,サンデーサイレンス,アイリッシュダンス,Unbridled's Song,キャリアコレクション,Unbridled,Toussaud,フジキセキ,レディミューズ,Halo,Wishing Well,トニービン,ビューパーダンス,Unbridled,Trolley Song,General Meeting,River of Stars,Fappiano,Gana Facil,El Gran Senor,Image of Reality,サンデーサイレンス,ミルレーサー,ティンバーカントリー,シンコウラブリイ,Hail to Reason,Cosmah,Understanding,Mountain Flower,カンパラ,Severn Bridge,Lyphard,My Bupers,Fappiano,Gana Facil,Caro,Lucky Spell,Seattle Slew,Alydar's Promise,Riverman,Star Fortune,Mr. Prospector,Killaloe,Le Fabuleux,Charedi,Northern Dancer,Sex Appeal,In Reality,Edee's Image,Halo,Wishing Well,Le Fabuleux,Marston's Mill,Woodman,Fall Aspen,Caerleon,ハッピートレイルズ
202603010202,,,,,,ディーマジェスティ,イタリアンフェッテ,ディープインパクト,エルメスティアラ,ヨハネスブルグ,インカルネ,サンデーサイレンス,ウインドインハーヘア,ブライアンズタイム,シンコウエルメス,ヘネシー,Myth,フレンチデピュティ,フラワーガーデン,Halo,Wishing Well,Alzao,Burghclere,Roberto,Kelley's Day,Sadler's Wells,Doff the Derby,Storm Cat,Island Kitty,オジジアン,Yarn,Deputy Minister,Mitterand,テリオス,ノーザンフラワー,Hail to Reason,Cosmah,Understanding,Mountain Flower,Lyphard,Lady Rebecca,Busted,Highclere,Hail to Reason,Bramalea,Graustark,Golden Trail,Northern Dancer,Fairy Bridge,Master Derby,Margarethen,Storm Bird,Terlingua,Hawaii,T. C. Kitten,Damascus,Gonfalon,Mr. Prospector,Narrate,Vice Regent,Mint Copy,Hold Your Peace,Laredo Lass,Mill Reef,Stilvi,ノーザンテースト,ファイアフラワー
202603010202,,,,,,シルバーステート,エンチャンティングキトゥン,ディープインパクト,シルヴァースカヤ,Kitten's Joy,High Chant,サンデーサイレンス,ウインドインハーヘア,Silver Hawk,Boubskaia,El Prado,Kitten's First,War Chant,Highfalutin,Halo,Wishing Well,Alzao,Burghclere,Roberto,Gris Vitesse,Niniski,Frenetique,Sadler's Wells,Lady Capulet,Lear Fan,That's My Hon,Danzig,Hollywood Wildcat,Silver Deputy,Constant Change,Hail to Reason,Cosmah,Understanding,Mountain Flower,Lyphard,Lady Rebecca,Busted,Highclere,Hail to Reason,Bramalea,Amerigo,Matchiche,Nijinsky,Virginia Hills,Tyrant,Femina,Northern Dancer,Fairy Bridge,Sir Ivor,Cap and Bells,Roberto,Wac,L'Enjoleur,One Lane,Northern Dancer,Pas de Nom,Kris S.,Miss Wildcatter,Deputy Minister,Silver Valley,High Echelon,Never Scheme
202603010202,,,,,,インディチャンプ,ユールフェスト,ステイゴールド,ウィルパワー,More Than Ready,High Honour,サンデーサイレンス,ゴールデンサッシュ,キングカメハメハ,トキオリアリティー,サザンヘイロー,Woodman's Girl,Best Western,The Cloisters,Halo,Wishing Well,ディクタス,ダイナサッシュ,Kingmambo,マンファス,Meadowlake,What a Reality,Halo,Northern Sea,Woodman,Becky Be Good,Bletchingly,Grease Paint,Godswalk,Sovereign Chick,Hail to Reason,Cosmah,Understanding,Mountain Flower,Sanctus,Doronic,ノーザンテースト,ロイヤルサッシュ,Mr. Prospector,Miesque,ラストタイクーン,Pilot Bird,Hold Your Peace,Suspicious Native,In Reality,What Will Be,Hail to Reason,Cosmah,Northern Dancer,Sea Saga,Mr. Prospector,プレイメイト,Naskra,Good Landing,Biscay,Coogee,Raimondo,Better Half,ダンサーズイメージ,Kate's Intent,Sovereign Edition,Miss Chick
202603010202,,,,,,アメリカンペイトリオット,ラブカテリーナ,War Front,Life Well Lived,オレハマッテルゼ,ラブカーナ,Danzig,Starry Dreamer,Tiznow,Well Dressed,サンデーサイレンス,カーリーエンジェル,オース,カーナ,Northern Dancer,Pas de Nom,Rubiano,Lara's Star,Cee's Tizzy,Cee's Song,Notebook,Trithenia,Halo,Wishing Well,ジャッジアンジェルーチ,ダイナカール,Fairy King,Sheer Audacity,Caerleon,Riviere Salee,Nearctic,Natalma,Admiral's Voyage,Petitioner,Fappiano,Ruby Slippers,Forli,True Reality,Relaunch,テイズリー,Seattle Song,Lonely Dancer,Well Decorated,Mobcap,Gold Meridian,Tri Argo,Hail to Reason,Cosmah,Understanding,Mountain Flower,Honest Pleasure,Victorian Queen,ノーザンテースト,シャダイフェザー,Northern Dancer,Fairy Bridge,Troy,Miss Upward,Nijinsky,Foreseer,Luthier,River Plate
202603010202,,,,,,ウインブライト,ピッツネイル,ステイゴールド,サマーエタニティ,クロフネ,スヴレッタ,サンデーサイレンス,ゴールデンサッシュ,アドマイヤコジーン,オールフォーゲラン,フレンチデピュティ,ブルーアヴェニュー,Nureyev,Naughty Nana,Halo,Wishing Well,ディクタス,ダイナサッシュ,Cozzene,アドマイヤマカディ,ジェイドロバリー,ミスゲラン,Deputy Minister,Mitterand,Classic Go Go,Eliza Blue,Northern Dancer,Special,Houston,Georgia Power,Hail to Reason,Cosmah,Understanding,Mountain Flower,Sanctus,Doronic,ノーザンテースト,ロイヤルサッシュ,Caro,Ride the Trails,ノーザンテースト,ミセスマカディー,Mr. Prospector,Number,マルゼンスキー,ゲラン,Vice Regent,Mint Copy,Hold Your Peace,Laredo Lass,Pago Pago,Classic Perfection,Icecapade,コレラ,Nearctic,Natalma,Forli,Thong,Seattle Slew,Smart Angle,Our Native,Beanery
202603010202,,,,,,ダノンスマッシュ,モントボーゲン,ロードカナロア,スピニングワイルドキャット,ゼンノロブロイ,レーゲンボーゲン,キングカメハメハ,レディブラッサム,Hard Spun,Hollywood Wildcat,サンデーサイレンス,ローミンレイチェル,フレンチデピュティ,レインボーファスト,Kingmambo,マンファス,Storm Cat,サラトガデュー,Danzig,Turkish Tryst,Kris S.,Miss Wildcatter,Halo,Wishing Well,マイニング,One Smart Lady,Deputy Minister,Mitterand,レインボーアンバー,レインボーローズ,Mr. Prospector,Miesque,ラストタイクーン,Pilot Bird,Storm Bird,Terlingua,Cormorant,Super Luna,Northern Dancer,Pas de Nom,Turkoman,Darbyvail,Roberto,Sharp Queen,Mr. Prospector,Elizabeth K.,Hail to Reason,Cosmah,Understanding,Mountain Flower,Mr. Prospector,I Pass,Clever Trick,Pia's Lady,Vice Regent,Mint Copy,Hold Your Peace,Laredo Lass,アンバーシャダイ,イーデンブルース,ファーストファミリー,プティットアミ
202603010202,,,,,,ホークビル,ナオミマリア,Kitten's Joy,Trensa,キングカメハメハ,メジロオードリー,El Prado,Kitten's First,Giant's Causeway,Serape,Kingmambo,マンファス,スペシャルウィーク,メジロドーベル,Sadler's Wells,Lady Capulet,Lear Fan,That's My Hon,Storm Cat,Mariah's Storm,Fappiano,Mochila,Mr. Prospector,Miesque,ラストタイクーン,Pilot Bird,サンデーサイレンス,キャンペンガール,メジロライアン,メジロビューティー,Northern Dancer,Fairy Bridge,Sir Ivor,Cap and Bells,Roberto,Wac,L'Enjoleur,One Lane,Storm Bird,Terlingua,Rahy,イメンス,Mr. Prospector,Killaloe,In Reality,Ride the Trails,Raise a Native,Gold Digger,Nureyev,Pasadoble,トライマイベスト,Mill Princess,Blakeney,The Dancer,Halo,Wishing Well,マルゼンスキー,レディーシラオキ,アンバーシャダイ,メジロチェイサー,パーソロン,メジロナガサキ
202603010202,,,,,,マクフィ,アラフネ,Dubawi,Dhelaal,クロフネ,サイレンスマンボウ,Dubai Millennium,Zomaradah,Green Desert,Irish Valley,フレンチデピュティ,ブルーアヴェニュー,サンデーサイレンス,アサカマンボウ,Seeking the Gold,Colorado Dancer,Deploy,Jawaher,Danzig,Foreign Courier,Irish River,Green Valley,Deputy Minister,Mitterand,Classic Go Go,Eliza Blue,Halo,Wishing Well,Kingmambo,Lassie's Lady,Mr. Prospector,Con Game,Shareef Dancer,Fall Aspen,Shirley Heights,Slightly Dangerous,ダンシングブレーヴ,High Tern,Northern Dancer,Pas de Nom,Sir Ivor,Courtly Dee,Riverman,Irish Star,Val de Loir,Sly Pola,Vice Regent,Mint Copy,Hold Your Peace,Laredo Lass,Pago Pago,Classic Perfection,Icecapade,コレラ,Hail to Reason,Cosmah,Understanding,Mountain Flower,Mr. Prospector,Miesque,Alydar,Lassie Dear
202603010202,,,,,,エイシンフラッシュ,テンツクテン,キングズベスト,ムーンレディ,ステイゴールド,テンイムホウ,Kingmambo,Allegretta,Platini,Midnight Fever,サンデーサイレンス,ゴールデンサッシュ,ラムタラ,ラッキーダイアリー,Mr. Prospector,Miesque,Lombard,Anatevka,Surumu,Prairie Darling,Sure Blade,Majoritat,Halo,Wishing Well,ディクタス,ダイナサッシュ,Nijinsky,Snow Bride,ジャッジアンジェルーチ,ダイナシュペール,Raise a Native,Gold Digger,Nureyev,Pasadoble,Agio,Promised Lady,Espresso,Almyra,Literat,Surama,Stanford,Prairie Belle,Kris,Double Lock,Konigsstuhl,Monacchia,Hail to Reason,Cosmah,Understanding,Mountain Flower,Sanctus,Doronic,ノーザンテースト,ロイヤルサッシュ,Northern Dancer,Flaming Page,Blushing Groom,Awaasif,Honest Pleasure,Victorian Queen,ノーザンテースト,カレンダーメイド
202603010203,,,,,,アメリカンペイトリオット,シーキングドーラ,War Front,Life Well Lived,More Than Ready,Seeking Triones,Danzig,Starry Dreamer,Tiznow,Well Dressed,サザンヘイロー,Woodman's Girl,Seeking the Gold,Personal Triumph,Northern Dancer,Pas de Nom,Rubiano,Lara's Star,Cee's Tizzy,Cee's Song,Notebook,Trithenia,Halo,Northern Sea,Woodman,Becky Be Good,Mr. Prospector,Con Game,Private Account,Kleptomaniac,Nearctic,Natalma,Admiral's Voyage,Petitioner,Fappiano,Ruby Slippers,Forli,True Reality,Relaunch,テイズリー,Seattle Song,Lonely Dancer,Well Decorated,Mobcap,Gold Meridian,Tri Argo,Hail to Reason,Cosmah,Northern Dancer,Sea Saga,Mr. Prospector,プレイメイト,Naskra,Good Landing,Raise a Native,Gold Digger,Buckpasser,Broadway,Damascus,Numbered Account,Fleet Nasrullah,Stealaway
202603010203,,,,,,ドレフォン,ローズベリル,Gio Ponti,Eltimaas,キングカメハメハ,モルガナイト,Tale of the Cat,Chipeta Springs,Ghostzapper,Najecam,Kingmambo,マンファス,アグネスデジタル,タンザナイト,Storm Cat,Yarn,Alydar,Salt Spring,Awesome Again,Baby Zip,Trempolino,Sue Warner,Mr. Prospector,Miesque,ラストタイクーン,Pilot Bird,Crafty Prospector,Chancey Squaw,サンデーサイレンス,キャサリーンパー,Storm Bird,Terlingua,Mr. Prospector,Narrate,Raise a Native,Sweet Tooth,Salt Marsh,Jungle Mythologic,Deputy Minister,Primal Force,Relaunch,Thirty Zip,Sharpen Up,Trephine,Forli,Bitty Girl,Raise a Native,Gold Digger,Nureyev,Pasadoble,トライマイベスト,Mill Princess,Blakeney,The Dancer,Mr. Prospector,Real Crafty Lady,Chief's Crown,Allicance,Halo,Wishing Well,Riverman,Regal Exception
202603010203,,,,,,エイシンヒカリ,エイシンロード,ディープインパクト,キャタリナ,ジャスタウェイ,ブライトアバンダンス,サンデーサイレンス,ウインドインハーヘア,Storm Cat,Carolina Saga,ハーツクライ,シビル,Quiet American,Quality Gift,Halo,Wishing Well,Alzao,Burghclere,Storm Bird,Terlingua,Caro,Key to the Saga,サンデーサイレンス,アイリッシュダンス,Wild Again,シャロン,Fappiano,Demure,ラストタイクーン,Manntika,Hail to Reason,Cosmah,Understanding,Mountain Flower,Lyphard,Lady Rebecca,Busted,Highclere,Northern Dancer,South Ocean,Secretariat,Crimson Saint,フォルティノ,Chambord,Key to the Mint,Sea Saga,Halo,Wishing Well,トニービン,ビューパーダンス,Icecapade,Bushel-n-Peck,Mo Exception,Double Wiggle,Mr. Prospector,Killaloe,Dr. Fager,Quiet Charm,トライマイベスト,Mill Princess,Kalamoun,Manushka
202603010203,,,,,,モーニン,ソロフライト,ヘニーヒューズ,Giggly,ミスキャスト,アリーテ,ヘネシー,Meadow Flyer,Distorted Humor,Chaste,サンデーサイレンス,ノースフライト,サンダーガルチ,プリンセスターフ,Storm Cat,Island Kitty,Meadowlake,Shortley,フォーティナイナー,Danzig's Beauty,Cozzene,Purity,Halo,Wishing Well,トニービン,シヤダイフライト,Gulch,Line of Thunder,Danzig,Princess Alydar,Storm Bird,Terlingua,Hawaii,T. C. Kitten,Hold Your Peace,Suspicious Native,Hagley,Short Winded,Mr. Prospector,File,Danzig,Sweetest Chant,Caro,Ride the Trails,Fappiano,Dame Mysterieuse,Hail to Reason,Cosmah,Understanding,Mountain Flower,カンパラ,Severn Bridge,ヒッティングアウェー,フォーワードフライト,Mr. Prospector,Jameela,Storm Bird,Shoot a Line,Northern Dancer,Pas de Nom,Alydar,Sunny Morning
202603010203,,,,,,エイシンフラッシュ,マナツノヨノユメ,キングズベスト,ムーンレディ,ヴィクトワールピサ,アドマイヤダッシュ,Kingmambo,Allegretta,Platini,Midnight Fever,ネオユニヴァース,ホワイトウォーターアフェア,フサイチコンコルド,シンコウエンジェル,Mr. Prospector,Miesque,Lombard,Anatevka,Surumu,Prairie Darling,Sure Blade,Majoritat,サンデーサイレンス,ポインテッドパス,Machiavellian,Much Too Risky,Caerleon,バレークイーン,オジジアン,A Kiss for Luck,Raise a Native,Gold Digger,Nureyev,Pasadoble,Agio,Promised Lady,Espresso,Almyra,Literat,Surama,Stanford,Prairie Belle,Kris,Double Lock,Konigsstuhl,Monacchia,Halo,Wishing Well,Kris,Silken Way,Mr. Prospector,Coup de Folie,Bustino,Short Rations,Nijinsky,Foreseer,Sadler's Wells,Sun Princess,Damascus,Gonfalon,Reflected Glory,Painted Flag
202603010203,,,,,,モズアスコット,ショコラミーティア,Frankel,India,マジェスティックウォリアー,ホワイトミーティア,Galileo,Kind,ヘネシー,Misty Hour,A.P. Indy,Dream Supreme,ゼンノロブロイ,ガヴィオラ,Sadler's Wells,Urban Sea,デインヒル,Rainbow Lake,Storm Cat,Island Kitty,Miswaki,Our Tina Marie,Seattle Slew,Weekend Surprise,Seeking the Gold,Spinning Round,サンデーサイレンス,ローミンレイチェル,Cozzene,Forest Key,Northern Dancer,Fairy Bridge,Miswaki,Allegretta,Danzig,Razyana,Rainbow Quest,Rockfest,Storm Bird,Terlingua,Hawaii,T. C. Kitten,Mr. Prospector,Hopespringseternal,Nijinsky,Java Moon,Bold Reasoning,My Charmer,Secretariat,Lassie Dear,Mr. Prospector,Con Game,Dixieland Band,Take Heart,Halo,Wishing Well,マイニング,One Smart Lady,Caro,Ride the Trails,Green Forest,Lady Ann's Key
202603010203,,,,,,パイロ,スプリングタイム,Pulpit,Wild Vision,ストリートセンス,ヒントオブスプリング,A.P. Indy,Preach,Wild Again,Carol's Wonder,Street Cry,Bedazzle,Seeking the Gold,チェロキーローズ,Seattle Slew,Weekend Surprise,Mr. Prospector,Narrate,Icecapade,Bushel-n-Peck,Pass the Tab,Carols Christmas,Machiavellian,Helen Street,Dixieland Band,Majestic Legend,Mr. Prospector,Con Game,ダンシングブレーヴ,Celtic Assembly,Bold Reasoning,My Charmer,Secretariat,Lassie Dear,Raise a Native,Gold Digger,Honest Pleasure,State,Nearctic,Shenanigans,Khaled,Dama,Al Hattab,Dantina,Whitesburg,Light Verse,Mr. Prospector,Coup de Folie,Troy,Waterway,Northern Dancer,Mississippi Mud,His Majesty,Long Legend,Raise a Native,Gold Digger,Buckpasser,Broadway,Lyphard,Navajo Princess,Secretariat,Welsh Garden
202603010203,,,,,,ダノンバラード,ヴォカツィオーネ,ディープインパクト,レディバラード,カジノドライヴ,アントワープ,サンデーサイレンス,ウインドインハーヘア,Unbridled,Angelic Song,Mineshaft,Better Than Honour,キングカメハメハ,フランダース,Halo,Wishing Well,Alzao,Burghclere,Fappiano,Gana Facil,Halo,Ballade,A.P. Indy,Prospector's Delite,Deputy Minister,Blush With Pride,Kingmambo,マンファス,サンデーサイレンス,グレートクリスティーヌ,Hail to Reason,Cosmah,Understanding,Mountain Flower,Lyphard,Lady Rebecca,Busted,Highclere,Mr. Prospector,Killaloe,Le Fabuleux,Charedi,Hail to Reason,Cosmah,Herbager,Miss Swapsco,Seattle Slew,Weekend Surprise,Mr. Prospector,Up the Flagpole,Vice Regent,Mint Copy,Blushing Groom,Best in Show,Mr. Prospector,Miesque,ラストタイクーン,Pilot Bird,Halo,Wishing Well,Danzig,Great Lady M.
202603010203,,,,,,ダノンキングリー,サイモンドルチェ,ディープインパクト,マイグッドネス,ジャングルポケット,フェアリーワルツ,サンデーサイレンス,ウインドインハーヘア,Storm Cat,Caressing,トニービン,ダンスチャーマー,Lear Fan,Quick and Smooth,Halo,Wishing Well,Alzao,Burghclere,Storm Bird,Terlingua,Honour and Glory,Lovin Touch,カンパラ,Severn Bridge,Nureyev,Skillful Joy,Roberto,Wac,Crafty Prospector,Ms. Balding,Hail to Reason,Cosmah,Understanding,Mountain Flower,Lyphard,Lady Rebecca,Busted,Highclere,Northern Dancer,South Ocean,Secretariat,Crimson Saint,Relaunch,Fair to All,Majestic Prince,Forest Princess,Kalamoun,State Pension,Hornbeam,Priddy Fair,Northern Dancer,Special,Nodouble,Skillful Miss,Hail to Reason,Bramalea,Lt. Stevens,Belthazar,Mr. Prospector,Real Crafty Lady,Sir Ivor,Vanilla
202603010203,,,,,,ワンダーアキュート,ワンダースキー,カリズマティック,ワンダーヘリテージ,ストラヴィンスキー,ワンダーマッスル,Summer Squall,Bali Babe,Pleasant Tap,Casa Petrone,Nureyev,Fire the Groom,キンググローリアス,ワンダーヒロイン,Storm Bird,Weekend Surprise,Drone,Polynesian Charm,Pleasant Colony,Never Knock,Petrone,Grand Tania,Northern Dancer,Special,Blushing Groom,Prospector's Fire,Naevus,Glorious Natalie,ミルジョージ,アチーブスター,Northern Dancer,South Ocean,Secretariat,Lassie Dear,Sir Gaylord,Cap and Bells,What a Pleasure,Grass Shack,His Majesty,Sun Colony,Stage Door Johnny,Never Hula,Prince Taj,Wild Miss,Grand Central,Good Hart,Nearctic,Natalma,Forli,Thong,Red God,Runaway Bride,Mr. Prospector,Native Street,Mr. Prospector,Mudville,Reflected Glory,Blue Eyed Blonde,Mill Reef,Miss Charisma,シプリアニ,フォーテリング
202603010203,,,,,,パイロ,マイナーズドリーム,Pulpit,Wild Vision,ゴールドアリュール,ファーザ,A.P. Indy,Preach,Wild Again,Carol's Wonder,サンデーサイレンス,ニキーヤ,Mr. Prospector,Baya,Seattle Slew,Weekend Surprise,Mr. Prospector,Narrate,Icecapade,Bushel-n-Peck,Pass the Tab,Carols Christmas,Halo,Wishing Well,Nureyev,Reluctant Guest,Raise a Native,Gold Digger,Nureyev,Barger,Bold Reasoning,My Charmer,Secretariat,Lassie Dear,Raise a Native,Gold Digger,Honest Pleasure,State,Nearctic,Shenanigans,Khaled,Dama,Al Hattab,Dantina,Whitesburg,Light Verse,Hail to Reason,Cosmah,Understanding,Mountain Flower,Northern Dancer,Special,Hostage,Vaguely Royal,Native Dancer,Raise You,Nashua,Sequence,Northern Dancer,Special,Riverman,Trillion
202603010203,,,,,,ミスチヴィアスアレックス,レインボーローズ,Into Mischief,White Pants Night,アグネスタキオン,チーター,Harlan's Holiday,Leslie's Lady,Speightstown,More d'Amour,サンデーサイレンス,アグネスフローラ,Seeking the Gold,Stepping High,Harlan,Christmas in Aiken,Tricky Creek,Crystal Lady,Gone West,Silken Cat,Tour d'Or,Love Connection,Halo,Wishing Well,ロイヤルスキー,アグネスレディー,Mr. Prospector,Con Game,No Robbery,Bebop,Storm Cat,Country Romance,Affirmed,Dowager,Clever Trick,Battle Creek Girl,Stop the Music,One Last Bird,Mr. Prospector,Secrettame,Storm Cat,Silken Doll,Medaille d'Or,Debby's Turn,Master Derby,Perfect Connection,Hail to Reason,Cosmah,Understanding,Mountain Flower,Raja Baba,Coz o'Nijinsky,リマンド,イコマエイカン,Raise a Native,Gold Digger,Buckpasser,Broadway,Swaps,Bimlette,Prince Bio,Cappellina
202603010203,,,,,,ニューイヤーズデイ,ビーチパラソル,Street Cry,Justwhistledixie,ダイワメジャー,ビーチフラッグ,Machiavellian,Helen Street,Dixie Union,General Jeanne,サンデーサイレンス,スカーレットブーケ,Boundary,First Flag,Mr. Prospector,Coup de Folie,Troy,Waterway,Dixieland Band,She's Tops,Honour and Glory,Ahpo Hel,Halo,Wishing Well,ノーザンテースト,スカーレットインク,Danzig,Edge,Woodman,Hoist Her Flag,Raise a Native,Gold Digger,Halo,Raise the Standard,Petingo,La Milo,Riverman,Boulevard,Northern Dancer,Mississippi Mud,Capote,She's a Talent,Relaunch,Fair to All,Mr. Leader,Tiy,Hail to Reason,Cosmah,Understanding,Mountain Flower,Northern Dancer,Lady Victoria,Crimson Satan,Consentida,Northern Dancer,Pas de Nom,Damascus,Ponte Vecchio,Mr. Prospector,プレイメイト,Aferd,Sue La Con
202603010203,,,,,,デクラレーションオブウォー,チャパティ,War Front,Tempo West,スクリーンヒーロー,ナン,Danzig,Starry Dreamer,Rahy,Tempo,グラスワンダー,ランニングヒロイン,High Yield,Trip Around Heaven,Northern Dancer,Pas de Nom,Rubiano,Lara's Star,Blushing Groom,Glorious Song,Gone West,Terpsichorist,Silver Hawk,Ameriflora,サンデーサイレンス,ダイナアクトレス,Storm Cat,Scoop the Gold,Halo,Key to Flight,Nearctic,Natalma,Admiral's Voyage,Petitioner,Fappiano,Ruby Slippers,Forli,True Reality,Red God,Runaway Bride,Halo,Ballade,Mr. Prospector,Secrettame,Nijinsky,Glad Rags,Roberto,Gris Vitesse,Danzig,Graceful Touch,Halo,Wishing Well,ノーザンテースト,モデルスポート,Storm Bird,Terlingua,フォーティナイナー,Leap Lively,Hail to Reason,Cosmah,Key to the Mint,Flight Dancer
202603010203,,,,,,マクフィ,ミスラゴ,Dubawi,Dhelaal,Encosta de Lago,Athyka,Dubai Millennium,Zomaradah,Green Desert,Irish Valley,Fairy King,Shoal Creek,Secretariat,Princesse Kathy,Seeking the Gold,Colorado Dancer,Deploy,Jawaher,Danzig,Foreign Courier,Irish River,Green Valley,Northern Dancer,Fairy Bridge,Star Way,Rolls,Bold Ruler,Somethingroyal,Luthier,Princesse Kali,Mr. Prospector,Con Game,Shareef Dancer,Fall Aspen,Shirley Heights,Slightly Dangerous,ダンシングブレーヴ,High Tern,Northern Dancer,Pas de Nom,Sir Ivor,Courtly Dee,Riverman,Irish Star,Val de Loir,Sly Pola,Nearctic,Natalma,Bold Reason,Special,Star Appeal,New Way,Mr. Prospector,Grand Luxe,Nasrullah,Miss Disco,Princequillo,Imperatrice,Klairon,Flute Enchantee,Mourne,Kalila
202603010204,,,,,,デクラレーションオブウォー,ラーダー,War Front,Tempo West,ハービンジャー,マトゥラー,Danzig,Starry Dreamer,Rahy,Tempo,Dansili,Penang Pearl,ディープインパクト,オリエンタルアート,Northern Dancer,Pas de Nom,Rubiano,Lara's Star,Blushing Groom,Glorious Song,Gone West,Terpsichorist,デインヒル,Hasili,Bering,Guapa,サンデーサイレンス,ウインドインハーヘア,メジロマックイーン,エレクトロアート,Nearctic,Natalma,Admiral's Voyage,Petitioner,Fappiano,Ruby Slippers,Forli,True Reality,Red God,Runaway Bride,Halo,Ballade,Mr. Prospector,Secrettame,Nijinsky,Glad Rags,Danzig,Razyana,Kahyasi,Kerali,Arctic Tern,Beaune,Shareef Dancer,Sauceboat,Halo,Wishing Well,Alzao,Burghclere,メジロティターン,メジロオーロラ,ノーザンテースト,グランマスティーヴンス
202603010204,,,,,,Home Affairs,Arcadia Angel,I Am Invincible,Miss Interiors,Pierro,Arcadia Rose,Invincible Spirit,Cannarelle,Flying Spur,Ballet d'Amour,Lonhro,Miss Right Note,Kheleyf,Arcadia,Green Desert,Rafha,Canny Lad,Countess Pedrille,デインヒル,Rolls,ストラヴィンスキー,Exigent,Octagonal,Shadea,Daylami,Sky Song,Green Desert,Society Lady,Redoute's Choice,Antique,Danzig,Foreign Courier,Kris,Eljazzi,Bletchingly,Jesmond Lass,Zoffany,Sister Pedrille,Danzig,Razyana,Mr. Prospector,Grand Luxe,Nureyev,Fire the Groom,Miswaki,L'Extravagante,Zabeel,Eight Carat,Straight Strike,Concia,Doyoun,Daltawa,Sadler's Wells,Criquette,Danzig,Foreign Courier,Mr. Prospector,La Voyageuse,デインヒル,Shantha's Choice,Metal Storm,Bonny Guest
202603010204,,,,,,ダノンスマッシュ,ハートウォーミング,ロードカナロア,スピニングワイルドキャット,ハーツクライ,スタリア,キングカメハメハ,レディブラッサム,Hard Spun,Hollywood Wildcat,サンデーサイレンス,アイリッシュダンス,アルカセット,ダイアゴネル,Kingmambo,マンファス,Storm Cat,サラトガデュー,Danzig,Turkish Tryst,Kris S.,Miss Wildcatter,Halo,Wishing Well,トニービン,ビューパーダンス,Kingmambo,チェサプラナ,Darshaan,Dance of Leaves,Mr. Prospector,Miesque,ラストタイクーン,Pilot Bird,Storm Bird,Terlingua,Cormorant,Super Luna,Northern Dancer,Pas de Nom,Turkoman,Darbyvail,Roberto,Sharp Queen,Mr. Prospector,Elizabeth K.,Hail to Reason,Cosmah,Understanding,Mountain Flower,カンパラ,Severn Bridge,Lyphard,My Bupers,Mr. Prospector,Miesque,Niniski,Top of The League,Shirley Heights,Delsy,Sadler's Wells,Fall Aspen
202603010204,,,,,,エポカドーロ,ユニヴァースパール,オルフェーヴル,ダイワパッション,ネオユニヴァース,アロングザシー,ステイゴールド,オリエンタルアート,フォーティナイナー,サンルージュ,サンデーサイレンス,ポインテッドパス,Anees,Russian Flight,サンデーサイレンス,ゴールデンサッシュ,メジロマックイーン,エレクトロアート,Mr. Prospector,File,シェイディハイツ,チカノヴァ,Halo,Wishing Well,Kris,Silken Way,Unbridled,Ivory Idol,Siberian Express,Rozala,Halo,Wishing Well,ディクタス,ダイナサッシュ,メジロティターン,メジロオーロラ,ノーザンテースト,グランマスティーヴンス,Raise a Native,Gold Digger,Tom Rolfe,Continue,Shirley Heights,Vaguely,Northern Dancer,Cairn Rouge,Hail to Reason,Cosmah,Understanding,Mountain Flower,Sharpen Up,Doubly Sure,Shantung,Boulevard,Fappiano,Gana Facil,Alydar,Ivory Wand,Caro,Indian Call,Roberto,Golden Highlights
202603010204,,,,,,ラブリーデイ,ケイツーキナ,キングカメハメハ,ポップコーンジャズ,ロジユニヴァース,スーパーラヴァー,Kingmambo,マンファス,ダンスインザダーク,グレイスルーマー,ネオユニヴァース,アコースティクス,Silver Deputy,サウスオードリー,Mr. Prospector,Miesque,ラストタイクーン,Pilot Bird,サンデーサイレンス,ダンシングキイ,トニービン,ディスクジョッキー,サンデーサイレンス,ポインテッドパス,Cape Cross,ソニンク,Deputy Minister,Silver Valley,Gulch,Madam North,Raise a Native,Gold Digger,Nureyev,Pasadoble,トライマイベスト,Mill Princess,Blakeney,The Dancer,Halo,Wishing Well,Nijinsky,Key Partner,カンパラ,Severn Bridge,リアルシャダイ,シャダイチャッター,Halo,Wishing Well,Kris,Silken Way,Green Desert,Park Appeal,Machiavellian,Sonic Lady,Vice Regent,Mint Copy,Mr. Prospector,Seven Valleys,Mr. Prospector,Jameela,Halo,Raise the Standard
202603010204,,,,,,ブリックスアンドモルタル,パラフレーズ,Giant's Causeway,Beyond the Waves,Pivotal,Epitome,Storm Cat,Mariah's Storm,Ocean Crest,Excedent,Polar Falcon,Fearless Revival,Nashwan,Proskona,Storm Bird,Terlingua,Rahy,イメンス,Storm Bird,S.S.Aroma,Exceller,Broadway Lullaby,Nureyev,Marie d'Argonne,Cozzene,Stufida,Blushing Groom,Height of Fashion,Mr. Prospector,Konafa,Northern Dancer,South Ocean,Secretariat,Crimson Saint,Blushing Groom,Glorious Song,Roberto,Imsodear,Northern Dancer,South Ocean,Seattle Slew,Rare Bouquet,Vaguely Noble,Too Bald,Stage Door Johnny,リットルブレツシング,Northern Dancer,Special,Jefferson,Mohair,Caro,Ride the Trails,Bustino,Zerbinetta,Red God,Runaway Bride,Bustino,Highclere,Raise a Native,Gold Digger,Damascus,Royal Statute
202603010204,,,,,,ビッグアーサー,アリーペデ,サクラバクシンオー,シヤボナ,タニノギムレット,ビューティトゥペトリオロ,サクラユタカオー,サクラハゴロモ,Kingmambo,Relish,ブライアンズタイム,タニノクリスタル,Scenic,Overspent,テスコボーイ,アンジェリカ,ノーザンテースト,クリアアンバー,Mr. Prospector,Miesque,Sadler's Wells,Reloy,Roberto,Kelley's Day,クリスタルパレス,タニノシーバード,Sadler's Wells,Idyllic,Busted,Miss Justice,Princely Gift,Suncourt,ネヴァービート,スターハイネス,Northern Dancer,Lady Victoria,Ambiopoise,One Clear Call,Raise a Native,Gold Digger,Nureyev,Pasadoble,Northern Dancer,Fairy Bridge,Liloy,Rescousse,Hail to Reason,Bramalea,Graustark,Golden Trail,Caro,Hermieres,Sea-Bird,Flaxen,Northern Dancer,Fairy Bridge,Foolish Pleasure,Where You Lead,Crepello,Sans le Sou,キングスベンチ,Cheville
202603010204,,,,,,ニューイヤーズデイ,エバーシャイニング,Street Cry,Justwhistledixie,ゼンノロブロイ,ルヴァーガール,Machiavellian,Helen Street,Dixie Union,General Jeanne,サンデーサイレンス,ローミンレイチェル,Alzao,Girl of My Dreams,Mr. Prospector,Coup de Folie,Troy,Waterway,Dixieland Band,She's Tops,Honour and Glory,Ahpo Hel,Halo,Wishing Well,マイニング,One Smart Lady,Lyphard,Lady Rebecca,Marju,Stylish Girl,Raise a Native,Gold Digger,Halo,Raise the Standard,Petingo,La Milo,Riverman,Boulevard,Northern Dancer,Mississippi Mud,Capote,She's a Talent,Relaunch,Fair to All,Mr. Leader,Tiy,Hail to Reason,Cosmah,Understanding,Mountain Flower,Mr. Prospector,I Pass,Clever Trick,Pia's Lady,Northern Dancer,Goofed,Sir Ivor,Pocahontas,ラストタイクーン,Flame of Tara,Star de Naskra,Carnaby Girl
202603010204,,,,,,タワーオブロンドン,ショウリダバンザイ,Raven's Pass,スノーパイン,プリサイスエンド,オレンジスペシャル,Elusive Quality,Ascutney,Dalakhani,シンコウエルメス,エンドスウィープ,Precisely,ジェイドロバリー,オレンジジャスミン,Gone West,Touch of Greatness,Lord at War,Right Word,Darshaan,Daltawa,Sadler's Wells,Doff the Derby,フォーティナイナー,Broom Dance,Summing,Crisp 'n Clear,Mr. Prospector,Number,Masterclass,La Mortola,Mr. Prospector,Secrettame,Hero's Honor,Ivory Wand,General,Luna de Miel,Verbatim,Oratorio,Shirley Heights,Delsy,Miswaki,Damana,Northern Dancer,Fairy Bridge,Master Derby,Margarethen,Mr. Prospector,File,Dance Spell,Witching Hour,Verbatim,Sumatra,Cold Reception,Ring O'Bells,Raise a Native,Gold Digger,Nijinsky,Special,The Minstrel,Monroe,Bold Lad,Mortefontaine
202603010204,,,,,,サトノダイヤモンド,ムーンエクスプレス,ディープインパクト,マルペンサ,アドマイヤムーン,アモーレペガサス,サンデーサイレンス,ウインドインハーヘア,Orpen,Marsella,エンドスウィープ,マイケイティーズ,メジロライアン,ロビースレインボウ,Halo,Wishing Well,Alzao,Burghclere,Lure,Bonita Francita,サザンヘイロー,Riviere,フォーティナイナー,Broom Dance,サンデーサイレンス,ケイティーズファースト,アンバーシャダイ,メジロチェイサー,Rainbow Quest,Mary Martin,Hail to Reason,Cosmah,Understanding,Mountain Flower,Lyphard,Lady Rebecca,Busted,Highclere,Danzig,Endear,Devil's Bag,Raise the Standard,Halo,Northern Sea,Logical,Talonada,Mr. Prospector,File,Dance Spell,Witching Hour,Halo,Wishing Well,Kris,Katies,ノーザンテースト,クリアアンバー,メジロサンマン,シエリル,Blushing Groom,I Will Follow,Be My Guest,Centre Piece
202603010204,,,,,,ファインニードル,ブロワ,アドマイヤムーン,ニードルクラフト,メイショウボーラー,タマビッグエックス,エンドスウィープ,マイケイティーズ,Mark of Esteem,Sharp Point,タイキシャトル,ナイスレイズ,リドヘイム,タマビッグギャル,フォーティナイナー,Broom Dance,サンデーサイレンス,ケイティーズファースト,Darshaan,Homage,ロイヤルアカデミー,Nice Point,Devil's Bag,ウェルシュマフィン,Storm Cat,Nice Tradition,Nureyev,Red Berry,ロジンスキー,タマギャル,Mr. Prospector,File,Dance Spell,Witching Hour,Halo,Wishing Well,Kris,Katies,Shirley Heights,Delsy,Ajdal,Home Love,Nijinsky,Crimson Saint,Sharpen Up,Alpine Niece,Halo,Ballade,Caerleon,Muffitys,Storm Bird,Terlingua,Search Tradition,Nice Dancing,Northern Dancer,Special,Great Nephew,Big Berry,Nijinsky,Lodge,リマンド,タマネバー
202603010204,,,,,,アメリカンペイトリオット,エピックポエトリー,War Front,Life Well Lived,ハーツクライ,シルヴァンソング,Danzig,Starry Dreamer,Tiznow,Well Dressed,サンデーサイレンス,アイリッシュダンス,Street Cry,Forest Heiress,Northern Dancer,Pas de Nom,Rubiano,Lara's Star,Cee's Tizzy,Cee's Song,Notebook,Trithenia,Halo,Wishing Well,トニービン,ビューパーダンス,Machiavellian,Helen Street,Forest Wildcat,Penniless Heiress,Nearctic,Natalma,Admiral's Voyage,Petitioner,Fappiano,Ruby Slippers,Forli,True Reality,Relaunch,テイズリー,Seattle Song,Lonely Dancer,Well Decorated,Mobcap,Gold Meridian,Tri Argo,Hail to Reason,Cosmah,Understanding,Mountain Flower,カンパラ,Severn Bridge,Lyphard,My Bupers,Mr. Prospector,Coup de Folie,Troy,Waterway,Storm Cat,Victoria Beauty,Pentelicus,Royal Ties
202603010204,,,,,,アルアイン,グレイトサンディー,ディープインパクト,ドバイマジェスティ,スマートファルコン,サトノローズヒップ,サンデーサイレンス,ウインドインハーヘア,Essence of Dubai,Great Majesty,ゴールドアリュール,ケイシュウハーブ,タイキシャトル,スターマイライフ,Halo,Wishing Well,Alzao,Burghclere,Pulpit,Epitome,Great Above,Mistic Majesty,サンデーサイレンス,ニキーヤ,ミシシッピアン,キョウエイシラユキ,Devil's Bag,ウェルシュマフィン,Storm Cat,Great Lady M.,Hail to Reason,Cosmah,Understanding,Mountain Flower,Lyphard,Lady Rebecca,Busted,Highclere,A.P. Indy,Preach,Summing,Honest and True,Minnesota Mac,Ta Wee,His Majesty,Necaras Miss,Halo,Wishing Well,Nureyev,Reluctant Guest,Vaguely Noble,Gazala,クラウンドプリンス,アリアーン,Halo,Ballade,Caerleon,Muffitys,Storm Bird,Terlingua,Icecapade,Sovereign Lady
202603010204,,,,,,キタサンブラック,リメンバーユー,ブラックタイド,シュガーハート,Invincible Spirit,Miss Dela,サンデーサイレンス,ウインドインハーヘア,サクラバクシンオー,オトメゴコロ,Green Desert,Rafha,キングズベスト,Miss Mistletoes,Halo,Wishing Well,Alzao,Burghclere,サクラユタカオー,サクラハゴロモ,ジャッジアンジェルーチ,テイズリー,Danzig,Foreign Courier,Kris,Eljazzi,Kingmambo,Allegretta,The Minstrel,December Blossom,Hail to Reason,Cosmah,Understanding,Mountain Flower,Lyphard,Lady Rebecca,Busted,Highclere,テスコボーイ,アンジェリカ,ノーザンテースト,クリアアンバー,Honest Pleasure,Victorian Queen,Lyphard,Tizna,Northern Dancer,Pas de Nom,Sir Ivor,Courtly Dee,Sharpen Up,Doubly Sure,アーテイアス,Border Bounty,Mr. Prospector,Miesque,Lombard,Anatevka,Northern Dancer,Fleur,Condorcet,Feemoss
202603010204,,,,,,トビーズコーナー,アイアムネオ,Bellamy Road,Brandon's Ride,ネオユニヴァース,イクスペクトトゥシャイン,Concerto,Hurry Home Hillary,Mister Frisky,Mrs. Bumble,サンデーサイレンス,ポインテッドパス,Mr. Prospector,Frankova,Chief's Crown,Undeniably,Deputed Testamony,Ten Cents a Turn,Marsayas,Frisky Flyer,Restivo,Bumble,Halo,Wishing Well,Kris,Silken Way,Raise a Native,Gold Digger,Nureyev,Secret Asset,Danzig,Six Crowns,In Reality,Past Forgetting,Traffic Cop,Proof Requested,Cozzene,Rub al Khali,Damascus,Extra Place,Highest Tide,Eager Nymph,Restless Native,Jaffa,Poker,Distant Scene,Hail to Reason,Cosmah,Understanding,Mountain Flower,Sharpen Up,Doubly Sure,Shantung,Boulevard,Native Dancer,Raise You,Nashua,Sequence,Northern Dancer,Special,Graustark,Numbered Account
202603010204,,,,,,ダノンスマッシュ,ダイワミストレス,ロードカナロア,スピニングワイルドキャット,ダイワメジャー,サウンドバイト,キングカメハメハ,レディブラッサム,Hard Spun,Hollywood Wildcat,サンデーサイレンス,スカーレットブーケ,ホワイトマズル,リュドゥパーム,Kingmambo,マンファス,Storm Cat,サラトガデュー,Danzig,Turkish Tryst,Kris S.,Miss Wildcatter,Halo,Wishing Well,ノーザンテースト,スカーレットインク,ダンシングブレーヴ,Fair of the Furze,Icecapade,Am Reasonable,Mr. Prospector,Miesque,ラストタイクーン,Pilot Bird,Storm Bird,Terlingua,Cormorant,Super Luna,Northern Dancer,Pas de Nom,Turkoman,Darbyvail,Roberto,Sharp Queen,Mr. Prospector,Elizabeth K.,Hail to Reason,Cosmah,Understanding,Mountain Flower,Northern Dancer,Lady Victoria,Crimson Satan,Consentida,Lyphard,Navajo Princess,Ela-Mana-Mou,Autocratic,Nearctic,Shenanigans,Turn to Reason,Ampart
202603010205,,,,,,ベンバトル,マイネランデブー,Dubawi,Nahrain,アグネスデジタル,ノーザンドライバー,Dubai Millennium,Zomaradah,Selkirk,Bahr,Crafty Prospector,Chancey Squaw,ノーザンテースト,ダイナドライブ,Seeking the Gold,Colorado Dancer,Deploy,Jawaher,Sharpen Up,Annie Edge,ジェネラス,Lady of the Sea,Mr. Prospector,Real Crafty Lady,Chief's Crown,Allicance,Northern Dancer,Lady Victoria,ハンターコム,ロードマップ,Mr. Prospector,Con Game,Shareef Dancer,Fall Aspen,Shirley Heights,Slightly Dangerous,ダンシングブレーヴ,High Tern,エタン,Rocchetta,Nebbiolo,Friendly Court,Caerleon,Doff the Derby,Mill Reef,La Mer,Raise a Native,Gold Digger,In Reality,Princess Roycraft,Danzig,Six Crowns,Alleged,Runaway Bride,Nearctic,Natalma,Victoria Park,Lady Angela,Derring-Do,Ergina,Hasty Road,Let's Face It
202603010205,,,,,,ウインブライト,フラワーウィンド,ステイゴールド,サマーエタニティ,タニノギムレット,ダルーゼット,サンデーサイレンス,ゴールデンサッシュ,アドマイヤコジーン,オールフォーゲラン,ブライアンズタイム,タニノクリスタル,Darshaan,ヘバ,Halo,Wishing Well,ディクタス,ダイナサッシュ,Cozzene,アドマイヤマカディ,ジェイドロバリー,ミスゲラン,Roberto,Kelley's Day,クリスタルパレス,タニノシーバード,Shirley Heights,Delsy,Nureyev,Likely Exchange,Hail to Reason,Cosmah,Understanding,Mountain Flower,Sanctus,Doronic,ノーザンテースト,ロイヤルサッシュ,Caro,Ride the Trails,ノーザンテースト,ミセスマカディー,Mr. Prospector,Number,マルゼンスキー,ゲラン,Hail to Reason,Bramalea,Graustark,Golden Trail,Caro,Hermieres,Sea-Bird,Flaxen,Mill Reef,Hardiemma,Abdos,Kelty,Northern Dancer,Special,Terrible Tiger,Likely Swap
202603010205,,,,,,ブリックスアンドモルタル,アーデルハイト,Giant's Causeway,Beyond the Waves,アグネスタキオン,ビワハイジ,Storm Cat,Mariah's Storm,Ocean Crest,Excedent,サンデーサイレンス,アグネスフローラ,Caerleon,アグサン,Storm Bird,Terlingua,Rahy,イメンス,Storm Bird,S.S.Aroma,Exceller,Broadway Lullaby,Halo,Wishing Well,ロイヤルスキー,アグネスレディー,Nijinsky,Foreseer,Lord Gayle,Santa Luciana,Northern Dancer,South Ocean,Secretariat,Crimson Saint,Blushing Groom,Glorious Song,Roberto,Imsodear,Northern Dancer,South Ocean,Seattle Slew,Rare Bouquet,Vaguely Noble,Too Bald,Stage Door Johnny,リットルブレツシング,Hail to Reason,Cosmah,Understanding,Mountain Flower,Raja Baba,Coz o'Nijinsky,リマンド,イコマエイカン,Northern Dancer,Flaming Page,Round Table,Regal Gleam,Sir Gaylord,Sticky Case,Luciano,Suleika
202603010205,,,,,,サトノダイヤモンド,オープンウォーター,ディープインパクト,マルペンサ,Include,Biscayne Bay,サンデーサイレンス,ウインドインハーヘア,Orpen,Marsella,Broad Brush,Illeria,A.P. Indy,Flanders,Halo,Wishing Well,Alzao,Burghclere,Lure,Bonita Francita,サザンヘイロー,Riviere,Ack Ack,Hay Patcher,Stop the Music,Baldski's Holiday,Seattle Slew,Weekend Surprise,Seeking the Gold,Starlet Storm,Hail to Reason,Cosmah,Understanding,Mountain Flower,Lyphard,Lady Rebecca,Busted,Highclere,Danzig,Endear,Devil's Bag,Raise the Standard,Halo,Northern Sea,Logical,Talonada,Battle Joined,Fast Turn,Hoist the Flag,Turn to Talent,Hail to Reason,Bebopper,Baldski,Verset Holiday,Bold Reasoning,My Charmer,Secretariat,Lassie Dear,Mr. Prospector,Con Game,Storm Bird,Cinegita
202603010205,,,,,,ワールドプレミア,リブエターナル,ディープインパクト,マンデラ,クロフネ,ジョリブロンド,サンデーサイレンス,ウインドインハーヘア,Acatenango,Mandellicht,フレンチデピュティ,ブルーアヴェニュー,トニービン,ブラッシングブロンド,Halo,Wishing Well,Alzao,Burghclere,Surumu,Aggravate,Be My Guest,Mandelauge,Deputy Minister,Mitterand,Classic Go Go,Eliza Blue,カンパラ,Severn Bridge,Al Nasr,Dynamite Blond,Hail to Reason,Cosmah,Understanding,Mountain Flower,Lyphard,Lady Rebecca,Busted,Highclere,Literat,Surama,Aggressor,Raven Locks,Northern Dancer,What a Treat,Elektrant,Mandriale,Vice Regent,Mint Copy,Hold Your Peace,Laredo Lass,Pago Pago,Classic Perfection,Icecapade,コレラ,Kalamoun,State Pension,Hornbeam,Priddy Fair,Lyphard,Caretta,Halo,All Things New
202603010205,,,,,,アルバート,フォレブルート,アドマイヤドン,フォルクローレ,ロードカナロア,プリームス,ティンバーカントリー,ベガ,ダンスインザダーク,アンデスレディー,キングカメハメハ,レディブラッサム,フジキセキ,レジェンドトレイル,Woodman,Fall Aspen,トニービン,アンティックヴァリュー,サンデーサイレンス,ダンシングキイ,ノーザンテースト,ペルースポート,Kingmambo,マンファス,Storm Cat,サラトガデュー,サンデーサイレンス,ミルレーサー,フレンチデピュティ,ハッピートレイルズ,Mr. Prospector,プレイメイト,Pretense,Change Water,カンパラ,Severn Bridge,Northern Dancer,Moonscape,Halo,Wishing Well,Nijinsky,Key Partner,Northern Dancer,Lady Victoria,ガーサント,グレートターフ,Mr. Prospector,Miesque,ラストタイクーン,Pilot Bird,Storm Bird,Terlingua,Cormorant,Super Luna,Halo,Wishing Well,Le Fabuleux,Marston's Mill,Deputy Minister,Mitterand,ポツセ,ロイコン
202603010205,,,,,,ロードカナロア,ワンダーガドット,キングカメハメハ,レディブラッサム,Medaglia d'Oro,Loving Vindication,Kingmambo,マンファス,Storm Cat,サラトガデュー,El Prado,Cappucino Bay,Vindication,Chimichurri,Mr. Prospector,Miesque,ラストタイクーン,Pilot Bird,Storm Bird,Terlingua,Cormorant,Super Luna,Sadler's Wells,Lady Capulet,Bailjumper,Dubbed In,Seattle Slew,Strawberry Reason,Elusive Quality,Hard Knocker,Raise a Native,Gold Digger,Nureyev,Pasadoble,トライマイベスト,Mill Princess,Blakeney,The Dancer,Northern Dancer,South Ocean,Secretariat,Crimson Saint,His Majesty,Song Sparrow,In Reality,Alada,Northern Dancer,Fairy Bridge,Sir Ivor,Cap and Bells,Damascus,Court Circuit,Silent Screen,Society Singer,Bold Reasoning,My Charmer,Strawberry Road,Pretty Reason,Gone West,Touch of Greatness,Raja Baba,Homespun
202603010205,,,,,,シルバーステート,ガラスマスカレイド,ディープインパクト,シルヴァースカヤ,キングカメハメハ,フェアレストケープ,サンデーサイレンス,ウインドインハーヘア,Silver Hawk,Boubskaia,Kingmambo,マンファス,Storm Cat,Myth,Halo,Wishing Well,Alzao,Burghclere,Roberto,Gris Vitesse,Niniski,Frenetique,Mr. Prospector,Miesque,ラストタイクーン,Pilot Bird,Storm Bird,Terlingua,オジジアン,Yarn,Hail to Reason,Cosmah,Understanding,Mountain Flower,Lyphard,Lady Rebecca,Busted,Highclere,Hail to Reason,Bramalea,Amerigo,Matchiche,Nijinsky,Virginia Hills,Tyrant,Femina,Raise a Native,Gold Digger,Nureyev,Pasadoble,トライマイベスト,Mill Princess,Blakeney,The Dancer,Northern Dancer,South Ocean,Secretariat,Crimson Saint,Damascus,Gonfalon,Mr. Prospector,Narrate
202603010205,,,,,,シスキン,ケアレスウィスパー,First Defence,Bird Flown,フジキセキ,エヴリウィスパー,Unbridled's Song,Honest Lady,Oasis Dream,Silver Star,サンデーサイレンス,ミルレーサー,ノーザンテースト,クラフテイワイフ,Unbridled,Trolley Song,Seattle Slew,Toussaud,Green Desert,Hope,Zafonic,Monroe,Halo,Wishing Well,Le Fabuleux,Marston's Mill,Northern Dancer,Lady Victoria,Crafty Prospector,Wife Mistress,Fappiano,Gana Facil,Caro,Lucky Spell,Bold Reasoning,My Charmer,El Gran Senor,Image of Reality,Danzig,Foreign Courier,ダンシングブレーヴ,Bahamian,Gone West,Zaizafon,Sir Ivor,Best in Show,Hail to Reason,Cosmah,Understanding,Mountain Flower,Wild Risk,Anguar,In Reality,Millicent,Nearctic,Natalma,Victoria Park,Lady Angela,Mr. Prospector,Real Crafty Lady,Secretariat,Political Payoff
202603010205,,,,,,アニマルキングダム,ワンダーストーリリ,Leroidesanimaux,ダリシア,バゴ,ワンダーマドンナ,Candy Stripes,Dissemble,Acatenango,Dynamis,Nashwan,Moonlight's Box,ピルサドスキー,アラマサブレーヴ,Blushing Groom,バブルカンパニー,Ahonoora,Kerali,Surumu,Aggravate,ダンシングブレーヴ,Diasprina,Blushing Groom,Height of Fashion,Nureyev,Coup de Genie,Polish Precedent,Cocotte,ダンシングブレーヴ,アラホウトク,Red God,Runaway Bride,Lyphard,Prodice,Lorenzaccio,Helen Nichols,High Line,Sookera,Literat,Surama,Aggressor,Raven Locks,Lyphard,Navajo Princess,Aspros,Dorle,Red God,Runaway Bride,Bustino,Highclere,Northern Dancer,Special,Mr. Prospector,Coup de Folie,Danzig,Past Example,Troy,Gay Milly,Lyphard,Navajo Princess,トウショウボーイ,ビンゴモレロ
202603010205,,,,,,イスラボニータ,シルバークレイン,フジキセキ,イスラコジーン,クロフネ,アンティフリーズ,サンデーサイレンス,ミルレーサー,Cozzene,Isla Mujeres,フレンチデピュティ,ブルーアヴェニュー,タップダンスシチー,シルバートレイン,Halo,Wishing Well,Le Fabuleux,Marston's Mill,Caro,Ride the Trails,Crafty Prospector,Lido Isle,Deputy Minister,Mitterand,Classic Go Go,Eliza Blue,Pleasant Tap,All Dance,シングスピール,シルバーレーン,Hail to Reason,Cosmah,Understanding,Mountain Flower,Wild Risk,Anguar,In Reality,Millicent,フォルティノ,Chambord,Prince John,Wildwook,Mr. Prospector,Real Crafty Lady,Far North,She Is Gorgeous,Vice Regent,Mint Copy,Hold Your Peace,Laredo Lass,Pago Pago,Classic Perfection,Icecapade,コレラ,Pleasant Colony,Never Knock,Northern Dancer,All Rainbows,In the Wings,Glorious Song,Silver Hawk,Strait Lane
202603010205,,,,,,ロジャーバローズ,ヘルメット,ディープインパクト,リトルブック,タイキシャトル,ハッピーヴァリュー,サンデーサイレンス,ウインドインハーヘア,Librettist,Cal Norma's Lady,Devil's Bag,ウェルシュマフィン,ゼンノロブロイ,ネームヴァリュー,Halo,Wishing Well,Alzao,Burghclere,Danzig,Mysterial,リファーズスペシャル,June Darling,Halo,Ballade,Caerleon,Muffitys,サンデーサイレンス,ローミンレイチェル,Honour and Glory,マジソンカウンティ,Hail to Reason,Cosmah,Understanding,Mountain Flower,Lyphard,Lady Rebecca,Busted,Highclere,Northern Dancer,Pas de Nom,Alleged,Mysteries,Lyphard,My Bupers,ジュニアス,Beau Darling,Hail to Reason,Cosmah,Herbager,Miss Swapsco,Nijinsky,Foreseer,Thatch,Contrail,Halo,Wishing Well,マイニング,One Smart Lady,Relaunch,Fair to All,Seattle Slew,Steal a Kiss
202603010205,,,,,,キタサンブラック,ジュエルインザサン,ブラックタイド,シュガーハート,ルーラーシップ,ジュエルオブザナイト,サンデーサイレンス,ウインドインハーヘア,サクラバクシンオー,オトメゴコロ,キングカメハメハ,エアグルーヴ,Giant's Causeway,Jeweled Lady,Halo,Wishing Well,Alzao,Burghclere,サクラユタカオー,サクラハゴロモ,ジャッジアンジェルーチ,テイズリー,Kingmambo,マンファス,トニービン,ダイナカール,Storm Cat,Mariah's Storm,General Meeting,Excellent Lady,Hail to Reason,Cosmah,Understanding,Mountain Flower,Lyphard,Lady Rebecca,Busted,Highclere,テスコボーイ,アンジェリカ,ノーザンテースト,クリアアンバー,Honest Pleasure,Victorian Queen,Lyphard,Tizna,Mr. Prospector,Miesque,ラストタイクーン,Pilot Bird,カンパラ,Severn Bridge,ノーザンテースト,シャダイフェザー,Storm Bird,Terlingua,Rahy,イメンス,Seattle Slew,Alydar's Promise,Smarten,Northern Sea
202603010205,,,,,,ラブリーデイ,ウェアレイ,キングカメハメハ,ポップコーンジャズ,アドマイヤオーラ,シルキーコースト,Kingmambo,マンファス,ダンスインザダーク,グレイスルーマー,アグネスタキオン,ビワハイジ,Giant's Causeway,Metal of Honor,Mr. Prospector,Miesque,ラストタイクーン,Pilot Bird,サンデーサイレンス,ダンシングキイ,トニービン,ディスクジョッキー,サンデーサイレンス,アグネスフローラ,Caerleon,アグサン,Storm Cat,Mariah's Storm,Conquistador Cielo,Badge of Courage,Raise a Native,Gold Digger,Nureyev,Pasadoble,トライマイベスト,Mill Princess,Blakeney,The Dancer,Halo,Wishing Well,Nijinsky,Key Partner,カンパラ,Severn Bridge,リアルシャダイ,シャダイチャッター,Halo,Wishing Well,ロイヤルスキー,アグネスレディー,Nijinsky,Foreseer,Lord Gayle,Santa Luciana,Storm Bird,Terlingua,Rahy,イメンス,Mr. Prospector,K D Princess,Well Decorated,Tamerett
202603010205,,,,,,ダノンバラード,マーマレードガール,ディープインパクト,レディバラード,タイキシャトル,ミスマーマレード,サンデーサイレンス,ウインドインハーヘア,Unbridled,Angelic Song,Devil's Bag,ウェルシュマフィン,ダンスインザダーク,バッフドオレンジ,Halo,Wishing Well,Alzao,Burghclere,Fappiano,Gana Facil,Halo,Ballade,Halo,Ballade,Caerleon,Muffitys,サンデーサイレンス,ダンシングキイ,Exclusive Native,Sally Stark,Hail to Reason,Cosmah,Understanding,Mountain Flower,Lyphard,Lady Rebecca,Busted,Highclere,Mr. Prospector,Killaloe,Le Fabuleux,Charedi,Hail to Reason,Cosmah,Herbager,Miss Swapsco,Hail to Reason,Cosmah,Herbager,Miss Swapsco,Nijinsky,Foreseer,Thatch,Contrail,Halo,Wishing Well,Nijinsky,Key Partner,Raise a Native,Exclusive,Graustark,Sally Ship
202603010205,,,,,,レイデオロ,Maxim Rate,キングカメハメハ,ラドラーダ,Exchange Rate,Catch My Eye,Kingmambo,マンファス,シンボリクリスエス,レディブロンド,Danzig,Sterling Pound,Unbridled's Song,Sharp Eyes,Mr. Prospector,Miesque,ラストタイクーン,Pilot Bird,Kris S.,Tee Kay,Seeking the Gold,ウインドインハーヘア,Northern Dancer,Pas de Nom,Seeking the Gold,Spectacular Bev,Unbridled,Trolley Song,Storm Cat,Gaelic Bird,Raise a Native,Gold Digger,Nureyev,Pasadoble,トライマイベスト,Mill Princess,Blakeney,The Dancer,Roberto,Sharp Queen,Gold Meridian,Tri Argo,Mr. Prospector,Con Game,Alzao,Burghclere,Nearctic,Natalma,Admiral's Voyage,Petitioner,Mr. Prospector,Con Game,Spectacular Bid,Bev Bev,Fappiano,Gana Facil,Caro,Lucky Spell,Storm Bird,Terlingua,ゲイメセン,Orange Bird
202603010206,,,,,,ゴールドシップ,コスモマクスウェル,ステイゴールド,ポイントフラッグ,アドマイヤマックス,ニューシャグラ,サンデーサイレンス,ゴールデンサッシュ,メジロマックイーン,パストラリズム,サンデーサイレンス,ダイナシュート,Lead On Time,ミスシャグラ,Halo,Wishing Well,ディクタス,ダイナサッシュ,メジロティターン,メジロオーロラ,プルラリズム,トクノエイティー,Halo,Wishing Well,ノーザンテースト,シヤダイマイン,Nureyev,Alathea,Danzig,Dusty Dollar,Hail to Reason,Cosmah,Understanding,Mountain Flower,Sanctus,Doronic,ノーザンテースト,ロイヤルサッシュ,メジロアサマ,シエリル,リマンド,メジロアイリス,The Minstrel,Cambretta,トライバルチーフ,アイアンルビー,Hail to Reason,Cosmah,Understanding,Mountain Flower,Northern Dancer,Lady Victoria,ヒッティングアウェー,ファンシミン,Northern Dancer,Special,Lorenzaccio,Vive La Reine,Northern Dancer,Pas de Nom,Kris,Sauceboat
202603010206,,,,,,サートゥルナーリア,モンクール,ロードカナロア,シーザリオ,ディープインパクト,プレシャスキール,キングカメハメハ,レディブラッサム,スペシャルウィーク,キロフプリミエール,サンデーサイレンス,ウインドインハーヘア,ノーザンテースト,マルゼンキール,Kingmambo,マンファス,Storm Cat,サラトガデュー,サンデーサイレンス,キャンペンガール,Sadler's Wells,Querida,Halo,Wishing Well,Alzao,Burghclere,Northern Dancer,Lady Victoria,ボールドラツド,シル,Mr. Prospector,Miesque,ラストタイクーン,Pilot Bird,Storm Bird,Terlingua,Cormorant,Super Luna,Halo,Wishing Well,マルゼンスキー,レディーシラオキ,Northern Dancer,Fairy Bridge,Habitat,Principia,Hail to Reason,Cosmah,Understanding,Mountain Flower,Lyphard,Lady Rebecca,Busted,Highclere,Nearctic,Natalma,Victoria Park,Lady Angela,Bold Ruler,Misty Morn,Buckpasser,Quill
202603010206,,,,,,ゴールドシップ,マイネチャーム,ステイゴールド,ポイントフラッグ,アグネスタキオン,マイネサマンサ,サンデーサイレンス,ゴールデンサッシュ,メジロマックイーン,パストラリズム,サンデーサイレンス,アグネスフローラ,ディアブロ,アオエトウショウ,Halo,Wishing Well,ディクタス,ダイナサッシュ,メジロティターン,メジロオーロラ,プルラリズム,トクノエイティー,Halo,Wishing Well,ロイヤルスキー,アグネスレディー,Devil's Bag,Avilion,トウショウボーイ,ムツミカースル,Hail to Reason,Cosmah,Understanding,Mountain Flower,Sanctus,Doronic,ノーザンテースト,ロイヤルサッシュ,メジロアサマ,シエリル,リマンド,メジロアイリス,The Minstrel,Cambretta,トライバルチーフ,アイアンルビー,Hail to Reason,Cosmah,Understanding,Mountain Flower,Raja Baba,Coz o'Nijinsky,リマンド,イコマエイカン,Halo,Ballade,Cornish Prince,Style and Grace,テスコボーイ,ソシアルバターフライ,チャイナロック,ムツミコウギヨウ
202603010206,,,,,,ワールドエース,ジョリーザスターズ,ディープインパクト,マンデラ,Sea The Stars Sea the Stars,Cumin,サンデーサイレンス,ウインドインハーヘア,Acatenango,Mandellicht,Cape Cross,Urban Sea,Fusaichi Pegasus,User Cat,Halo,Wishing Well,Alzao,Burghclere,Surumu,Aggravate,Be My Guest,Mandelauge,Green Desert,Park Appeal,Miswaki,Allegretta,Mr. Prospector,Angel Fever,Storm Cat,ユーザーフレンドリー,Hail to Reason,Cosmah,Understanding,Mountain Flower,Lyphard,Lady Rebecca,Busted,Highclere,Literat,Surama,Aggressor,Raven Locks,Northern Dancer,What a Treat,Elektrant,Mandriale,Danzig,Foreign Courier,Ahonoora,Balidaress,Mr. Prospector,Hopespringseternal,Lombard,Anatevka,Raise a Native,Gold Digger,Danzig,Rowdy Angel,Storm Bird,Terlingua,Slip Anchor,Rostova
202603010206,,,,,,リアルスティール,ラバーズケープ,ディープインパクト,ラヴズオンリーミー,ダイワメジャー,ヒカルアモーレ,サンデーサイレンス,ウインドインハーヘア,Storm Cat,Monevassia,サンデーサイレンス,スカーレットブーケ,クロフネ,グレイトフィーヴァー,Halo,Wishing Well,Alzao,Burghclere,Storm Bird,Terlingua,Mr. Prospector,Miesque,Halo,Wishing Well,ノーザンテースト,スカーレットインク,フレンチデピュティ,ブルーアヴェニュー,Kaldoun,My Great Hope,Hail to Reason,Cosmah,Understanding,Mountain Flower,Lyphard,Lady Rebecca,Busted,Highclere,Northern Dancer,South Ocean,Secretariat,Crimson Saint,Raise a Native,Gold Digger,Nureyev,Pasadoble,Hail to Reason,Cosmah,Understanding,Mountain Flower,Northern Dancer,Lady Victoria,Crimson Satan,Consentida,Deputy Minister,Mitterand,Classic Go Go,Eliza Blue,Caro,Katana,Simply Great,Martingale
202603010206,,,,,,ゴールドシップ,ウインジェルベーラ,ステイゴールド,ポイントフラッグ,アイルハヴアナザー,コスモマーベラス,サンデーサイレンス,ゴールデンサッシュ,メジロマックイーン,パストラリズム,Flower Alley,Arch's Gal Edith,フジキセキ,ロモーラ,Halo,Wishing Well,ディクタス,ダイナサッシュ,メジロティターン,メジロオーロラ,プルラリズム,トクノエイティー,Distorted Humor,プリンセスオリビア,Arch,Force Five Gal,サンデーサイレンス,ミルレーサー,Nijinsky,Single Blade,Hail to Reason,Cosmah,Understanding,Mountain Flower,Sanctus,Doronic,ノーザンテースト,ロイヤルサッシュ,メジロアサマ,シエリル,リマンド,メジロアイリス,The Minstrel,Cambretta,トライバルチーフ,アイアンルビー,フォーティナイナー,Danzig's Beauty,Lycius,Dance Image,Kris S.,Aurora,Pleasant Tap,Last Cause,Halo,Wishing Well,Le Fabuleux,Marston's Mill,Northern Dancer,Flaming Page,Hatchet Man,Single Track
202603010206,,,,,,キズナ,クリアリーコンフューズド,ディープインパクト,キャットクイル,Successful Appeal,Nice of You,サンデーサイレンス,ウインドインハーヘア,Storm Cat,Pacific Princess,Valid Appeal,Successful Dancer,Allen's Prospect,Toes Knows,Halo,Wishing Well,Alzao,Burghclere,Storm Bird,Terlingua,Damascus,Fiji,In Reality,Desert Trial,Fortunate Prospect,Debonair Dancer,Mr. Prospector,Change Water,Cormorant,Melrose Queen,Hail to Reason,Cosmah,Understanding,Mountain Flower,Lyphard,Lady Rebecca,Busted,Highclere,Northern Dancer,South Ocean,Secretariat,Crimson Saint,Sword Dancer,Kerala,Acropolis,Rififi,Intentionally,My Dear Girl,Moslem Chief,Scotch Verdict,Northern Prospect,Fortunate Bid,Staff Writer,In the Bag,Raise a Native,Gold Digger,Swaps,Portage,His Majesty,Song Sparrow,Rose Argent,Miss Jig
202603010206,,,,,,シルバーステート,レユシット,ディープインパクト,シルヴァースカヤ,ルーラーシップ,タッソーニー,サンデーサイレンス,ウインドインハーヘア,Silver Hawk,Boubskaia,キングカメハメハ,エアグルーヴ,テンビー,プリヴィレッジ,Halo,Wishing Well,Alzao,Burghclere,Roberto,Gris Vitesse,Niniski,Frenetique,Kingmambo,マンファス,トニービン,ダイナカール,Caerleon,Shining Water,サクラユタカオー,シュアンス,Hail to Reason,Cosmah,Understanding,Mountain Flower,Lyphard,Lady Rebecca,Busted,Highclere,Hail to Reason,Bramalea,Amerigo,Matchiche,Nijinsky,Virginia Hills,Tyrant,Femina,Mr. Prospector,Miesque,ラストタイクーン,Pilot Bird,カンパラ,Severn Bridge,ノーザンテースト,シャダイフェザー,Nijinsky,Foreseer,Kalaglow,Idle Waters,テスコボーイ,アンジェリカ,ダンディルート,スタームーン
202603010206,,,,,,サトノダイヤモンド,グレースドゥモナコ,ディープインパクト,マルペンサ,タイキシャトル,サワノパルファン,サンデーサイレンス,ウインドインハーヘア,Orpen,Marsella,Devil's Bag,ウェルシュマフィン,クロフネ,サワノプリマベーラ,Halo,Wishing Well,Alzao,Burghclere,Lure,Bonita Francita,サザンヘイロー,Riviere,Halo,Ballade,Caerleon,Muffitys,フレンチデピュティ,ブルーアヴェニュー,サンデーサイレンス,サワノビンティ,Hail to Reason,Cosmah,Understanding,Mountain Flower,Lyphard,Lady Rebecca,Busted,Highclere,Danzig,Endear,Devil's Bag,Raise the Standard,Halo,Northern Sea,Logical,Talonada,Hail to Reason,Cosmah,Herbager,Miss Swapsco,Nijinsky,Foreseer,Thatch,Contrail,Deputy Minister,Mitterand,Classic Go Go,Eliza Blue,Halo,Wishing Well,トニービン,ダッシングママ
202603010206,,,,,,デクラレーションオブウォー,ヤヤラーラ,War Front,Tempo West,ゼンノロブロイ,ヒアズホーピング,Danzig,Starry Dreamer,Rahy,Tempo,サンデーサイレンス,ローミンレイチェル,ダハール,French Polish,Northern Dancer,Pas de Nom,Rubiano,Lara's Star,Blushing Groom,Glorious Song,Gone West,Terpsichorist,Halo,Wishing Well,マイニング,One Smart Lady,Lyphard,Dahlia,Poil de Chameau,Be Satisfied,Nearctic,Natalma,Admiral's Voyage,Petitioner,Fappiano,Ruby Slippers,Forli,True Reality,Red God,Runaway Bride,Halo,Ballade,Mr. Prospector,Secrettame,Nijinsky,Glad Rags,Hail to Reason,Cosmah,Understanding,Mountain Flower,Mr. Prospector,I Pass,Clever Trick,Pia's Lady,Northern Dancer,Goofed,Vaguely Noble,Charming Alibi,Exbury,Imberline,Silly Season,Lucyrowe
202603010206,,,,,,ディーマジェスティ,タッキーナ,ディープインパクト,エルメスティアラ,アグネスタキオン,ビアンキ,サンデーサイレンス,ウインドインハーヘア,ブライアンズタイム,シンコウエルメス,サンデーサイレンス,アグネスフローラ,Gulch,Northern Trick,Halo,Wishing Well,Alzao,Burghclere,Roberto,Kelley's Day,Sadler's Wells,Doff the Derby,Halo,Wishing Well,ロイヤルスキー,アグネスレディー,Mr. Prospector,Jameela,Northern Dancer,Trick Chick,Hail to Reason,Cosmah,Understanding,Mountain Flower,Lyphard,Lady Rebecca,Busted,Highclere,Hail to Reason,Bramalea,Graustark,Golden Trail,Northern Dancer,Fairy Bridge,Master Derby,Margarethen,Hail to Reason,Cosmah,Understanding,Mountain Flower,Raja Baba,Coz o'Nijinsky,リマンド,イコマエイカン,Raise a Native,Gold Digger,Rambunctious,Asbury Mary,Nearctic,Natalma,Prince John,Fast Line
202603010206,,,,,,ルーラーシップ,アズレージョ,キングカメハメハ,エアグルーヴ,タートルボウル,アマファソン,Kingmambo,マンファス,トニービン,ダイナカール,Dyhim Diamond,Clara Bow,フレンチデピュティ,アドマイヤセラヴィ,Mr. Prospector,Miesque,ラストタイクーン,Pilot Bird,カンパラ,Severn Bridge,ノーザンテースト,シャダイフェザー,Night Shift,Happy Landing,Top Ville,Kamiya,Deputy Minister,Mitterand,サンデーサイレンス,フランクアーギュメント,Raise a Native,Gold Digger,Nureyev,Pasadoble,トライマイベスト,Mill Princess,Blakeney,The Dancer,Kalamoun,State Pension,Hornbeam,Priddy Fair,Northern Dancer,Lady Victoria,ガーサント,パロクサイド,Northern Dancer,Ciboulette,Homing,Laughing Goddess,High Top,Sega Ville,Kalamoun,Shahinaaz,Vice Regent,Mint Copy,Hold Your Peace,Laredo Lass,Halo,Wishing Well,Argument,Franca
202603010206,,,,,,ゴールドシップ,ヌーナ,ステイゴールド,ポイントフラッグ,Congrats,Howaya Lily,サンデーサイレンス,ゴールデンサッシュ,メジロマックイーン,パストラリズム,A.P. Indy,Praise,Silver Deputy,Lillybuster,Halo,Wishing Well,ディクタス,ダイナサッシュ,メジロティターン,メジロオーロラ,プルラリズム,トクノエイティー,Seattle Slew,Weekend Surprise,Mr. Prospector,Wild Applause,Deputy Minister,Silver Valley,ハウスバスター,Gilded Lilly,Hail to Reason,Cosmah,Understanding,Mountain Flower,Sanctus,Doronic,ノーザンテースト,ロイヤルサッシュ,メジロアサマ,シエリル,リマンド,メジロアイリス,The Minstrel,Cambretta,トライバルチーフ,アイアンルビー,Bold Reasoning,My Charmer,Secretariat,Lassie Dear,Raise a Native,Gold Digger,Northern Dancer,Glowing Tribute,Vice Regent,Mint Copy,Mr. Prospector,Seven Valleys,Mt. Livermore,Big Dreams,What a Pleasure,Luquillo
202603010206,,,,,,モーリス,ヒラボクキャロル,スクリーンヒーロー,メジロフランシス,ダンスインザダーク,チョウカイキャロル,グラスワンダー,ランニングヒロイン,カーネギー,メジロモントレー,サンデーサイレンス,ダンシングキイ,ブライアンズタイム,ウィットワタースランド,Silver Hawk,Ameriflora,サンデーサイレンス,ダイナアクトレス,Sadler's Wells,Detroit,モガミ,メジロクインシー,Halo,Wishing Well,Nijinsky,Key Partner,Roberto,Kelley's Day,Mr. Prospector,Sleek Belle,Roberto,Gris Vitesse,Danzig,Graceful Touch,Halo,Wishing Well,ノーザンテースト,モデルスポート,Northern Dancer,Fairy Bridge,Riverman,Derna,Lyphard,ノーラック,フィディオン,メジロボサツ,Hail to Reason,Cosmah,Understanding,Mountain Flower,Northern Dancer,Flaming Page,Key to the Mint,Native Partner,Hail to Reason,Bramalea,Graustark,Golden Trail,Raise a Native,Gold Digger,Vaguely Noble,Sleek Dancer
202603010206,,,,,,イスラボニータ,シャララ,フジキセキ,イスラコジーン,メイショウサムソン,ナムラクロシェット,サンデーサイレンス,ミルレーサー,Cozzene,Isla Mujeres,オペラハウス,マイヴィヴィアン,Miswaki,Romy,Halo,Wishing Well,Le Fabuleux,Marston's Mill,Caro,Ride the Trails,Crafty Prospector,Lido Isle,Sadler's Wells,Colorspin,ダンシングブレーヴ,ウイルプリンセス,Mr. Prospector,Hopespringseternal,Slew Machine,Mark's Magic,Hail to Reason,Cosmah,Understanding,Mountain Flower,Wild Risk,Anguar,In Reality,Millicent,フォルティノ,Chambord,Prince John,Wildwook,Mr. Prospector,Real Crafty Lady,Far North,She Is Gorgeous,Northern Dancer,Fairy Bridge,High Top,Reprocolor,Lyphard,Navajo Princess,サンプリンス,エール,Raise a Native,Gold Digger,Buckpasser,Rose Bower,Seattle Slew,Glenaris,Speak John,Peter's Pet
202603010207,,,,,,ゴールドアクター,パテオドバテール,スクリーンヒーロー,ヘイロンシン,Shirocco,Kuesta Ragazza,グラスワンダー,ランニングヒロイン,キョウワアリシバ,ハッピーヒエン,Monsun,So Sedulous,Hibernian Rhapsody,Talia Fighter,Silver Hawk,Ameriflora,サンデーサイレンス,ダイナアクトレス,Alysheba,Sulemeif,マナード,ブゼンフブキ,Konigsstuhl,Mosella,The Minstrel,Sedulous,Darshaan,Elegance in Design,Irish Fighter,Saguenay,Roberto,Gris Vitesse,Danzig,Graceful Touch,Halo,Wishing Well,ノーザンテースト,モデルスポート,Alydar,Bel Sheba,Northern Dancer,Barely Even,Captain's Gig,Slipstream,セダン,トサクイン,Dschingis Khan,Konigskronung,Surumu,Monasia,Northern Dancer,Fleur,タップオンウッド,Pendulina,Shirley Heights,Delsy,Habitat,Areola,Irish River,Go On Dreaming,Sham,Flyover
202603010207,,,,,,マインドユアビスケッツ,クライリング,Posse,Jazzmane,ハーツクライ,リングジアラーム,Silver Deputy,Raska,Toccet,Alljazz,サンデーサイレンス,アイリッシュダンス,スウェプトオーヴァーボード,ターンバックジアラーム,Deputy Minister,Silver Valley,Rahy,Borishka,Awesome Again,Cozzene's Angel,Stop the Music,Bounteous,Halo,Wishing Well,トニービン,ビューパーダンス,エンドスウィープ,Sheer Ice,Darn That Alarm,Boomie's Girl E.,Vice Regent,Mint Copy,Mr. Prospector,Seven Valleys,Blushing Groom,Glorious Song,Roberto,Queen Maud,Deputy Minister,Primal Force,Cozzene,Charming Pan,Hail to Reason,Bebopper,Master Derby,Mlle. Quille,Hail to Reason,Cosmah,Understanding,Mountain Flower,カンパラ,Severn Bridge,Lyphard,My Bupers,フォーティナイナー,Broom Dance,Cutlass,Hey Dolly A.,Jig Time,Extra Alarm,Figonero,Counter Call
202603010207,,,,,,ディスクリートキャット,ピクシープリンセス,Forestry,Pretty Discreet,ディープインパクト,オータムメロディー,Storm Cat,Shared Interest,Private Account,Pretty Persuasive,サンデーサイレンス,ウインドインハーヘア,Kingmambo,Dance of Leaves,Storm Bird,Terlingua,Pleasant Colony,Surgery,Damascus,Numbered Account,Believe It,Bury the Hatchet,Halo,Wishing Well,Alzao,Burghclere,Mr. Prospector,Miesque,Sadler's Wells,Fall Aspen,Northern Dancer,South Ocean,Secretariat,Crimson Saint,His Majesty,Sun Colony,Dr. Fager,Bold Sequence,Sword Dancer,Kerala,Buckpasser,Intriguing,In Reality,Breakfast Bell,Tom Rolfe,Christmas Whishes,Hail to Reason,Cosmah,Understanding,Mountain Flower,Lyphard,Lady Rebecca,Busted,Highclere,Raise a Native,Gold Digger,Nureyev,Pasadoble,Northern Dancer,Fairy Bridge,Pretense,Change Water
202603010207,,,,,,ルーラーシップ,トーホウアイレス,キングカメハメハ,エアグルーヴ,ハーツクライ,トーホウドルチェ,Kingmambo,マンファス,トニービン,ダイナカール,サンデーサイレンス,アイリッシュダンス,サウスヴィグラス,トーホウウインド,Mr. Prospector,Miesque,ラストタイクーン,Pilot Bird,カンパラ,Severn Bridge,ノーザンテースト,シャダイフェザー,Halo,Wishing Well,トニービン,ビューパーダンス,エンドスウィープ,ダーケストスター,ブライアンズタイム,テルノビクトリ,Raise a Native,Gold Digger,Nureyev,Pasadoble,トライマイベスト,Mill Princess,Blakeney,The Dancer,Kalamoun,State Pension,Hornbeam,Priddy Fair,Northern Dancer,Lady Victoria,ガーサント,パロクサイド,Hail to Reason,Cosmah,Understanding,Mountain Flower,カンパラ,Severn Bridge,Lyphard,My Bupers,フォーティナイナー,Broom Dance,Star de Naskra,Minnie Riperton,Roberto,Kelley's Day,Junction,Nefarius Gal
202603010207,,,,,,ヴァンセンヌ,グレースローラ,ディープインパクト,フラワーパーク,アサクサデンエン,リンダムーン,サンデーサイレンス,ウインドインハーヘア,ニホンピロウイナー,ノーザンフラワー,シングスピール,ホワイトウォーターアフェア,リンドシェーバー,グレースシラオキ,Halo,Wishing Well,Alzao,Burghclere,スティールハート,ニホンピロエバート,ノーザンテースト,ファイアフラワー,In the Wings,Glorious Song,Machiavellian,Much Too Risky,Alydar,ベーシイド,ノノアルコ,ニッコーテスコ,Hail to Reason,Cosmah,Understanding,Mountain Flower,Lyphard,Lady Rebecca,Busted,Highclere,Habitat,A.,チャイナロック,ライトフレーム,Northern Dancer,Lady Victoria,Dike,Pascha,Sadler's Wells,High Hawk,Halo,Ballade,Mr. Prospector,Coup de Folie,Bustino,Short Rations,Raise a Native,Sweet Tooth,Cool Moon,Polondra,Nearctic,Seximee,テスコボーイ,カップスタン
202603010207,,,,,,ブリックスアンドモルタル,トレノエンジェル,Giant's Causeway,Beyond the Waves,タイキシャトル,アスクコマンダー,Storm Cat,Mariah's Storm,Ocean Crest,Excedent,Devil's Bag,ウェルシュマフィン,コマンダーインチーフ,エイブルカグラ,Storm Bird,Terlingua,Rahy,イメンス,Storm Bird,S.S.Aroma,Exceller,Broadway Lullaby,Halo,Ballade,Caerleon,Muffitys,ダンシングブレーヴ,Slightly Dangerous,ジェイドロバリー,シャダイカグラ,Northern Dancer,South Ocean,Secretariat,Crimson Saint,Blushing Groom,Glorious Song,Roberto,Imsodear,Northern Dancer,South Ocean,Seattle Slew,Rare Bouquet,Vaguely Noble,Too Bald,Stage Door Johnny,リットルブレツシング,Hail to Reason,Cosmah,Herbager,Miss Swapsco,Nijinsky,Foreseer,Thatch,Contrail,Lyphard,Navajo Princess,Roberto,Where You Lead,Mr. Prospector,Number,リアルシャダイ,ミリーバード
202603010207,,,,,,カレンブラックヒル,ブライティアパルス,ダイワメジャー,チャールストンハーバー,ダイタクリーヴァ,ストームサンデー,サンデーサイレンス,スカーレットブーケ,Grindstone,Penny's Valentine,フジキセキ,スプリングネヴァー,Storm Bird,Satiety,Halo,Wishing Well,ノーザンテースト,スカーレットインク,Unbridled,Buzz My Bell,Storm Cat,Mrs. Penny,サンデーサイレンス,ミルレーサー,サクラユタカオー,ネヴアーイチバン,Northern Dancer,South Ocean,Our Native,Beanery,Hail to Reason,Cosmah,Understanding,Mountain Flower,Northern Dancer,Lady Victoria,Crimson Satan,Consentida,Fappiano,Gana Facil,Drone,Chateaupavia,Storm Bird,Terlingua,Great Nephew,Tananarive,Halo,Wishing Well,Le Fabuleux,Marston's Mill,テスコボーイ,アンジェリカ,ネヴァービート,ミスナンバイチバン,Nearctic,Natalma,New Providence,Shining Sun,Exclusive Native,Our Jackie,Cavan,Full o' Beans
202603010207,,,,,,リアルスティール,ショウナンハイル,ディープインパクト,ラヴズオンリーミー,ハーツクライ,ショウナンラノビア,サンデーサイレンス,ウインドインハーヘア,Storm Cat,Monevassia,サンデーサイレンス,アイリッシュダンス,フレンチデピュティ,ショウナンアクシア,Halo,Wishing Well,Alzao,Burghclere,Storm Bird,Terlingua,Mr. Prospector,Miesque,Halo,Wishing Well,トニービン,ビューパーダンス,Deputy Minister,Mitterand,ヘクタープロテクター,ショウナンプリティ,Hail to Reason,Cosmah,Understanding,Mountain Flower,Lyphard,Lady Rebecca,Busted,Highclere,Northern Dancer,South Ocean,Secretariat,Crimson Saint,Raise a Native,Gold Digger,Nureyev,Pasadoble,Hail to Reason,Cosmah,Understanding,Mountain Flower,カンパラ,Severn Bridge,Lyphard,My Bupers,Vice Regent,Mint Copy,Hold Your Peace,Laredo Lass,Woodman,Korveya,ウォロー,メジロハリマ
202603010207,,,,,,ゴールドシップ,ライクアミリオン,ステイゴールド,ポイントフラッグ,ストリートセンス,ミリオンセラー,サンデーサイレンス,ゴールデンサッシュ,メジロマックイーン,パストラリズム,Street Cry,Bedazzle,A.P. Indy,ミリオンギフト,Halo,Wishing Well,ディクタス,ダイナサッシュ,メジロティターン,メジロオーロラ,プルラリズム,トクノエイティー,Machiavellian,Helen Street,Dixieland Band,Majestic Legend,Seattle Slew,Weekend Surprise,サンデーサイレンス,メイプルジンスキー,Hail to Reason,Cosmah,Understanding,Mountain Flower,Sanctus,Doronic,ノーザンテースト,ロイヤルサッシュ,メジロアサマ,シエリル,リマンド,メジロアイリス,The Minstrel,Cambretta,トライバルチーフ,アイアンルビー,Mr. Prospector,Coup de Folie,Troy,Waterway,Northern Dancer,Mississippi Mud,His Majesty,Long Legend,Bold Reasoning,My Charmer,Secretariat,Lassie Dear,Halo,Wishing Well,Nijinsky,Gold Beauty
202603010207,,,,,,ドゥラメンテ,スウィッチインタイム,キングカメハメハ,アドマイヤグルーヴ,Galileo,Switch,Kingmambo,マンファス,サンデーサイレンス,エアグルーヴ,Sadler's Wells,Urban Sea,Quiet American,Antoniette,Mr. Prospector,Miesque,ラストタイクーン,Pilot Bird,Halo,Wishing Well,トニービン,ダイナカール,Northern Dancer,Fairy Bridge,Miswaki,Allegretta,Fappiano,Demure,Nicholas,Queen of Women,Raise a Native,Gold Digger,Nureyev,Pasadoble,トライマイベスト,Mill Princess,Blakeney,The Dancer,Hail to Reason,Cosmah,Understanding,Mountain Flower,カンパラ,Severn Bridge,ノーザンテースト,シャダイフェザー,Nearctic,Natalma,Bold Reason,Special,Mr. Prospector,Hopespringseternal,Lombard,Anatevka,Mr. Prospector,Killaloe,Dr. Fager,Quiet Charm,Danzig,Lulu Mon Amour,Sharpen Up,Tash
202603010207,,,,,,エピファネイア,ツインクルスター,シンボリクリスエス,シーザリオ,サクラバクシンオー,キョウエイトルース,Kris S.,Tee Kay,スペシャルウィーク,キロフプリミエール,サクラユタカオー,サクラハゴロモ,フジキセキ,キョウエイヨシノ,Roberto,Sharp Queen,Gold Meridian,Tri Argo,サンデーサイレンス,キャンペンガール,Sadler's Wells,Querida,テスコボーイ,アンジェリカ,ノーザンテースト,クリアアンバー,サンデーサイレンス,ミルレーサー,プラウドデボネア,キョウエイミート,Hail to Reason,Bramalea,Princequillo,Bridgework,Seattle Slew,Queen Louie,Tri Jet,Hail Proudly,Halo,Wishing Well,マルゼンスキー,レディーシラオキ,Northern Dancer,Fairy Bridge,Habitat,Principia,Princely Gift,Suncourt,ネヴァービート,スターハイネス,Northern Dancer,Lady Victoria,Ambiopoise,One Clear Call,Halo,Wishing Well,Le Fabuleux,Marston's Mill,Lyphard,Proud Delta,クラウンドプリンス,キョウエイオリーブ
202603010207,,,,,,ダノンバラード,ムサ,ディープインパクト,レディバラード,フレンチデピュティ,ラブリープリンセス,サンデーサイレンス,ウインドインハーヘア,Unbridled,Angelic Song,Deputy Minister,Mitterand,エンドスウィープ,ラブリーサンライズ,Halo,Wishing Well,Alzao,Burghclere,Fappiano,Gana Facil,Halo,Ballade,Vice Regent,Mint Copy,Hold Your Peace,Laredo Lass,フォーティナイナー,Broom Dance,ノーザンテースト,ナイトブリーズ,Hail to Reason,Cosmah,Understanding,Mountain Flower,Lyphard,Lady Rebecca,Busted,Highclere,Mr. Prospector,Killaloe,Le Fabuleux,Charedi,Hail to Reason,Cosmah,Herbager,Miss Swapsco,Northern Dancer,Victoria Regina,Bunty's Flight,Shakney,Speak John,Blue Moon,Bold Ruler,Fortunate Isle,Mr. Prospector,File,Dance Spell,Witching Hour,Northern Dancer,Lady Victoria,パーソロン,コサージターフ
202603010207,,,,,,Quality Road,ホールハーテッド,Elusive Quality,Kobla,Awesome Again,My Baby Baby,Gone West,Touch of Greatness,Strawberry Road,Winglet,Deputy Minister,Primal Force,Bernstein,Sarah Darling,Mr. Prospector,Secrettame,Hero's Honor,Ivory Wand,Whiskey Road,Giftisa,Alydar,Highest Trump,Vice Regent,Mint Copy,Blushing Groom,Prime Prospect,Storm Cat,La Affirmed,Wavering Monarch,Essie's Maid,Raise a Native,Gold Digger,Secretariat,Tamerett,Northern Dancer,Glowing Tribute,Sir Ivor,Natashka,Nijinsky,Bowl of Flowers,Rich Gift,Wahkeena,Raise a Native,Sweet Tooth,Bold Bidder,Dear April,Northern Dancer,Victoria Regina,Bunty's Flight,Shakney,Red God,Runaway Bride,Mr. Prospector,Square Generation,Storm Bird,Terlingua,Affirmed,La Mesa,Majestic Light,Uncommitted,Linkage,Essie Bs Venture
202603010207,,,,,,ドレフォン,ユキチャン,Gio Ponti,Eltimaas,クロフネ,シラユキヒメ,Tale of the Cat,Chipeta Springs,Ghostzapper,Najecam,フレンチデピュティ,ブルーアヴェニュー,サンデーサイレンス,ウェイブウインド,Storm Cat,Yarn,Alydar,Salt Spring,Awesome Again,Baby Zip,Trempolino,Sue Warner,Deputy Minister,Mitterand,Classic Go Go,Eliza Blue,Halo,Wishing Well,Topsider,Storm and Sunshine,Storm Bird,Terlingua,Mr. Prospector,Narrate,Raise a Native,Sweet Tooth,Salt Marsh,Jungle Mythologic,Deputy Minister,Primal Force,Relaunch,Thirty Zip,Sharpen Up,Trephine,Forli,Bitty Girl,Vice Regent,Mint Copy,Hold Your Peace,Laredo Lass,Pago Pago,Classic Perfection,Icecapade,コレラ,Hail to Reason,Cosmah,Understanding,Mountain Flower,Northern Dancer,Drumtop,Star de Naskra,Sea Drone
202603010207,,,,,,キタサンブラック,ノーバザー,ブラックタイド,シュガーハート,Scat Daddy,Hoh Buzzard,サンデーサイレンス,ウインドインハーヘア,サクラバクシンオー,オトメゴコロ,ヨハネスブルグ,Love Style,Alhaarth,Indian Express,Halo,Wishing Well,Alzao,Burghclere,サクラユタカオー,サクラハゴロモ,ジャッジアンジェルーチ,テイズリー,ヘネシー,Myth,Mr. Prospector,Likeable Style,Unfuwain,Irish Valley,Indian Ridge,Bazaar Promise,Hail to Reason,Cosmah,Understanding,Mountain Flower,Lyphard,Lady Rebecca,Busted,Highclere,テスコボーイ,アンジェリカ,ノーザンテースト,クリアアンバー,Honest Pleasure,Victorian Queen,Lyphard,Tizna,Storm Cat,Island Kitty,オジジアン,Yarn,Raise a Native,Gold Digger,Nijinsky,Personable Lady,Northern Dancer,Height of Fashion,Irish River,Green Valley,Ahonoora,Hillbrow,Native Bazaar,Woodland Promise
202603010208,,,,,,Into Mischief,Moonshine Memories,Harlan's Holiday,Leslie's Lady,Malibu Moon,Unenchantedevening,Harlan,Christmas in Aiken,Tricky Creek,Crystal Lady,A.P. Indy,Macoumba,Unbridled's Song,Evil Elaine,Storm Cat,Country Romance,Affirmed,Dowager,Clever Trick,Battle Creek Girl,Stop the Music,One Last Bird,Seattle Slew,Weekend Surprise,Mr. Prospector,Maximova,Unbridled,Trolley Song,Medieval Man,Distinctive Elaine,Storm Bird,Terlingua,Halo,Sweet Romance,Exclusive Native,Won't Tell You,Honest Pleasure,Princessnesian,Icecapade,Kankakee Miss,His Majesty,Far Beyond,Hail to Reason,Bebopper,One for All,Last Bird,Bold Reasoning,My Charmer,Secretariat,Lassie Dear,Raise a Native,Gold Digger,Green Dancer,Baracala,Fappiano,Gana Facil,Caro,Lucky Spell,Noholme,Peaceful Sky,Distinctive,Jackie Dare
202603010208,,,,,,ディスクリートキャット,タマモイヤリング,Forestry,Pretty Discreet,ブラックタイド,タマモピアス,Storm Cat,Shared Interest,Private Account,Pretty Persuasive,サンデーサイレンス,ウインドインハーヘア,キングカメハメハ,ダイヤモンドピアス,Storm Bird,Terlingua,Pleasant Colony,Surgery,Damascus,Numbered Account,Believe It,Bury the Hatchet,Halo,Wishing Well,Alzao,Burghclere,Kingmambo,マンファス,サクラユタカオー,タマモダイヤモンド,Northern Dancer,South Ocean,Secretariat,Crimson Saint,His Majesty,Sun Colony,Dr. Fager,Bold Sequence,Sword Dancer,Kerala,Buckpasser,Intriguing,In Reality,Breakfast Bell,Tom Rolfe,Christmas Whishes,Hail to Reason,Cosmah,Understanding,Mountain Flower,Lyphard,Lady Rebecca,Busted,Highclere,Mr. Prospector,Miesque,ラストタイクーン,Pilot Bird,テスコボーイ,アンジェリカ,ミルジョージ,タマモコトブキ
202603010208,,,,,,カリフォルニアクローム,バーバラ,Lucky Pulpit,Love the Chase,ディープインパクト,ディキシーランドジェム,Pulpit,Lucky Soph,Not for Love,Chase It Down,サンデーサイレンス,ウインドインハーヘア,Dixieland Band,Allusion,A.P. Indy,Preach,Cozzene,Lucky Spell,Mr. Prospector,Dance Number,Polish Numbers,Chase the Dream,Halo,Wishing Well,Alzao,Burghclere,Northern Dancer,Mississippi Mud,Mr. Prospector,Touch,Seattle Slew,Weekend Surprise,Mr. Prospector,Narrate,Caro,Ride the Trails,Lucky Mel,Incantation,Raise a Native,Gold Digger,Northern Dancer,Numbered Account,Danzig,Numbered Account,Sir Ivor,La Belle Fleur,Hail to Reason,Cosmah,Understanding,Mountain Flower,Lyphard,Lady Rebecca,Busted,Highclere,Nearctic,Natalma,Delta Judge,Sand Buggy,Raise a Native,Gold Digger,Herbager,Aesthetic
202603010208,,,,,,ラブリーデイ,ウリウリ,キングカメハメハ,ポップコーンジャズ,ディープインパクト,ウィキウィキ,Kingmambo,マンファス,ダンスインザダーク,グレイスルーマー,サンデーサイレンス,ウインドインハーヘア,フレンチデピュティ,リアルナンバー,Mr. Prospector,Miesque,ラストタイクーン,Pilot Bird,サンデーサイレンス,ダンシングキイ,トニービン,ディスクジョッキー,Halo,Wishing Well,Alzao,Burghclere,Deputy Minister,Mitterand,Rainbow Corner,Numeraria,Raise a Native,Gold Digger,Nureyev,Pasadoble,トライマイベスト,Mill Princess,Blakeney,The Dancer,Halo,Wishing Well,Nijinsky,Key Partner,カンパラ,Severn Bridge,リアルシャダイ,シャダイチャッター,Hail to Reason,Cosmah,Understanding,Mountain Flower,Lyphard,Lady Rebecca,Busted,Highclere,Vice Regent,Mint Copy,Hold Your Peace,Laredo Lass,Rainbow Quest,Kingscote,サザンヘイロー,Numismatica
202603010208,,,,,,グレーターロンドン,エンブレマータ,ディープインパクト,ロンドンブリッジ,ウォーエンブレム,ヴァンドノワール,サンデーサイレンス,ウインドインハーヘア,ドクターデヴィアス,オールフォーロンドン,Our Emblem,Sweetest Lady,ヘクタープロテクター,プリンセスデリーデ,Halo,Wishing Well,Alzao,Burghclere,Ahonoora,Rose of Jericho,Danzig,Full Card,Mr. Prospector,Personal Ensign,Lord at War,Sweetest Roman,Woodman,Korveya,Vaguely Noble,Flashy,Hail to Reason,Cosmah,Understanding,Mountain Flower,Lyphard,Lady Rebecca,Busted,Highclere,Lorenzaccio,Helen Nichols,Alleged,Rose Red,Northern Dancer,Pas de Nom,Damascus,Belle of the Ball,Raise a Native,Gold Digger,Private Account,Grecian Banner,General,Luna de Miel,The Pruner,I Also,Mr. Prospector,プレイメイト,Riverman,Konafa,ヴィエナ,Noble Lassie,Sir Ivor,Sovereign
202603010208,,,,,,ファインニードル,ミヤコノユメ,アドマイヤムーン,ニードルクラフト,ロードカナロア,ミヤコマンハッタン,エンドスウィープ,マイケイティーズ,Mark of Esteem,Sharp Point,キングカメハメハ,レディブラッサム,マンハッタンカフェ,ハッピースキャット,フォーティナイナー,Broom Dance,サンデーサイレンス,ケイティーズファースト,Darshaan,Homage,ロイヤルアカデミー,Nice Point,Kingmambo,マンファス,Storm Cat,サラトガデュー,サンデーサイレンス,サトルチェンジ,ドクターデヴィアス,シンミスチーフ,Mr. Prospector,File,Dance Spell,Witching Hour,Halo,Wishing Well,Kris,Katies,Shirley Heights,Delsy,Ajdal,Home Love,Nijinsky,Crimson Saint,Sharpen Up,Alpine Niece,Mr. Prospector,Miesque,ラストタイクーン,Pilot Bird,Storm Bird,Terlingua,Cormorant,Super Luna,Halo,Wishing Well,Law Society,Santa Luciana,Ahonoora,Rose of Jericho,トライバルチーフ,ケンキヨウ
202603010208,,,,,,Practical Joke,Yankee Bright,Into Mischief,Halo Humor,Elusive Quality,Sharp Minister,Harlan's Holiday,Leslie's Lady,Distorted Humor,Gilded Halo,Gone West,Touch of Greatness,Deputy Minister,Sharp Call,Harlan,Christmas in Aiken,Tricky Creek,Crystal Lady,フォーティナイナー,Danzig's Beauty,Gilded Time,Careless Halo,Mr. Prospector,Secrettame,Hero's Honor,Ivory Wand,Vice Regent,Mint Copy,Sharpen Up,Savage Call,Storm Cat,Country Romance,Affirmed,Dowager,Clever Trick,Battle Creek Girl,Stop the Music,One Last Bird,Mr. Prospector,File,Danzig,Sweetest Chant,Timeless Moment,Gilded Lilly,Sunny's Halo,Careless Moment,Raise a Native,Gold Digger,Secretariat,Tamerett,Northern Dancer,Glowing Tribute,Sir Ivor,Natashka,Northern Dancer,Victoria Regina,Bunty's Flight,Shakney,エタン,Rocchetta,Jungle Savage,High Hail
202603010208,,,,,,レッドファルクス,ハッピーパーティー,スウェプトオーヴァーボード,ベルモット,クロフネ,ハッピーディレンマ,エンドスウィープ,Sheer Ice,サンデーサイレンス,レガシーオブストレングス,フレンチデピュティ,ブルーアヴェニュー,アグネスタキオン,ハンターズマーク,フォーティナイナー,Broom Dance,Cutlass,Hey Dolly A.,Halo,Wishing Well,Affirmed,Katonka,Deputy Minister,Mitterand,Classic Go Go,Eliza Blue,サンデーサイレンス,アグネスフローラ,Titus Livius,マンファス,Mr. Prospector,File,Dance Spell,Witching Hour,Damascus,Aphonia,Ambehaving,Swift Deal,Hail to Reason,Cosmah,Understanding,Mountain Flower,Exclusive Native,Won't Tell You,Minnesota Mac,Minnetonka,Vice Regent,Mint Copy,Hold Your Peace,Laredo Lass,Pago Pago,Classic Perfection,Icecapade,コレラ,Halo,Wishing Well,ロイヤルスキー,アグネスレディー,Machiavellian,Party Doll,ラストタイクーン,Pilot Bird
202603010208,,,,,,キンシャサノキセキ,スズカエンジェル,フジキセキ,ケルトシャーン,High Yield,イルグンスエンジェル,サンデーサイレンス,ミルレーサー,Pleasant Colony,Featherhill,Storm Cat,Scoop the Gold,Irgun,November Morn,Halo,Wishing Well,Le Fabuleux,Marston's Mill,His Majesty,Sun Colony,Lyphard,Lady Berry,Storm Bird,Terlingua,フォーティナイナー,Leap Lively,Sunny's Halo,Late From Lunch,Capote,Roving Girl,Hail to Reason,Cosmah,Understanding,Mountain Flower,Wild Risk,Anguar,In Reality,Millicent,Ribot,Flower Bowl,Sunrise Flight,Colonia,Northern Dancer,Goofed,Violon d'Ingres,Moss Rose,Northern Dancer,South Ocean,Secretariat,Crimson Saint,Mr. Prospector,File,Nijinsky,Quilloquick,Halo,Mostly Sunny,Secretariat,Kankam,Seattle Slew,Too Bald,Olden Times,Black Eyed Lucy
202603010208,,,,,,ディーマジェスティ,ノーブルプルート,ディープインパクト,エルメスティアラ,キングズベスト,フラワーロック,サンデーサイレンス,ウインドインハーヘア,ブライアンズタイム,シンコウエルメス,Kingmambo,Allegretta,アッミラーレ,カシオペアレディ,Halo,Wishing Well,Alzao,Burghclere,Roberto,Kelley's Day,Sadler's Wells,Doff the Derby,Mr. Prospector,Miesque,Lombard,Anatevka,サンデーサイレンス,ダジルミージョリエ,デインヒル,タケノファルコン,Hail to Reason,Cosmah,Understanding,Mountain Flower,Lyphard,Lady Rebecca,Busted,Highclere,Hail to Reason,Bramalea,Graustark,Golden Trail,Northern Dancer,Fairy Bridge,Master Derby,Margarethen,Raise a Native,Gold Digger,Nureyev,Pasadoble,Agio,Promised Lady,Espresso,Almyra,Halo,Wishing Well,Carr de Naskra,Mawgrit,Danzig,Razyana,フィリップオブスペイン,クールフェアー
202603010208,,,,,,ミッキーアイル,シアン,ディープインパクト,スターアイル,Smart Strike,カトマンブルー,サンデーサイレンス,ウインドインハーヘア,ロックオブジブラルタル,アイルドフランス,Mr. Prospector,Classy'n Smart,Bluegrass Cat,Abba Gold,Halo,Wishing Well,Alzao,Burghclere,デインヒル,Offshore Boom,Nureyev,ステラマドリッド,Raise a Native,Gold Digger,Smarten,No Class,Storm Cat,She's a Winner,Devil's Bag,Valiant Jewel,Hail to Reason,Cosmah,Understanding,Mountain Flower,Lyphard,Lady Rebecca,Busted,Highclere,Danzig,Razyana,Be My Guest,Push a Button,Northern Dancer,Special,Alydar,My Juliet,Native Dancer,Raise You,Nashua,Sequence,Cyane,Smartaire,Nodouble,Classy Quillo,Storm Bird,Terlingua,A.P. Indy,Get Lucky,Halo,Ballade,Buckley Boy,Every Effort
202603010208,,,,,,サートゥルナーリア,セレブレーション,ロードカナロア,シーザリオ,ハーツクライ,フェアレストケープ,キングカメハメハ,レディブラッサム,スペシャルウィーク,キロフプリミエール,サンデーサイレンス,アイリッシュダンス,Storm Cat,Myth,Kingmambo,マンファス,Storm Cat,サラトガデュー,サンデーサイレンス,キャンペンガール,Sadler's Wells,Querida,Halo,Wishing Well,トニービン,ビューパーダンス,Storm Bird,Terlingua,オジジアン,Yarn,Mr. Prospector,Miesque,ラストタイクーン,Pilot Bird,Storm Bird,Terlingua,Cormorant,Super Luna,Halo,Wishing Well,マルゼンスキー,レディーシラオキ,Northern Dancer,Fairy Bridge,Habitat,Principia,Hail to Reason,Cosmah,Understanding,Mountain Flower,カンパラ,Severn Bridge,Lyphard,My Bupers,Northern Dancer,South Ocean,Secretariat,Crimson Saint,Damascus,Gonfalon,Mr. Prospector,Narrate
202603010208,,,,,,レオアクティブ,ジュトゥヴ,アドマイヤムーン,レオソレイユ,エンパイアメーカー,フミノサチヒメ,エンドスウィープ,マイケイティーズ,オペラハウス,ホマレノプリンセス,Unbridled,Toussaud,タイキシャトル,モリチヅル,フォーティナイナー,Broom Dance,サンデーサイレンス,ケイティーズファースト,Sadler's Wells,Colorspin,プリンスオブバーズ,フクショウカマダ,Fappiano,Gana Facil,El Gran Senor,Image of Reality,Devil's Bag,ウェルシュマフィン,エブロス,ベルロビン,Mr. Prospector,File,Dance Spell,Witching Hour,Halo,Wishing Well,Kris,Katies,Northern Dancer,Fairy Bridge,High Top,Reprocolor,Storm Bird,Special Key,コインドシルバー,サチカマダ,Mr. Prospector,Killaloe,Le Fabuleux,Charedi,Northern Dancer,Sex Appeal,In Reality,Edee's Image,Halo,Ballade,Caerleon,Muffitys,Mr. Prospector,Scuff,ホットスパーク,イセシンプー
202603010208,,,,,,オルフェーヴル,スマートアストリア,ステイゴールド,オリエンタルアート,ストラヴィンスキー,チーキーガールズ,サンデーサイレンス,ゴールデンサッシュ,メジロマックイーン,エレクトロアート,Nureyev,Fire the Groom,トワイニング,ブルーベイブリッジ,Halo,Wishing Well,ディクタス,ダイナサッシュ,メジロティターン,メジロオーロラ,ノーザンテースト,グランマスティーヴンス,Northern Dancer,Special,Blushing Groom,Prospector's Fire,フォーティナイナー,Courtly Dee,リーファーマッドネス,オオミリーガル,Hail to Reason,Cosmah,Understanding,Mountain Flower,Sanctus,Doronic,ノーザンテースト,ロイヤルサッシュ,メジロアサマ,シエリル,リマンド,メジロアイリス,Northern Dancer,Lady Victoria,Lt. Stevens,Dhow,Nearctic,Natalma,Forli,Thong,Red God,Runaway Bride,Mr. Prospector,Native Street,Mr. Prospector,File,Never Bend,Tulle,Mill Reef,Parsimony,ヴァイスリーガル,フライングシヤツトル
202603010208,,,,,,サトノクラウン,メイケイキララ,Marju,ジョコンダ,タイキシャトル,トップペンダント,ラストタイクーン,Flame of Tara,Rossini,La Joconde,Devil's Bag,ウェルシュマフィン,リアルシャダイ,スプリーム,トライマイベスト,Mill Princess,アーテイアス,Welsh Flame,Miswaki,Touch of Greatness,Vettori,Lust,Halo,Ballade,Caerleon,Muffitys,Roberto,Desert Vixen,シーホーク,ヒデシラオキ,Northern Dancer,Sex Appeal,Mill Reef,Irish Lass,Round Table,Stylish Pattern,Welsh Pageant,Electric Flash,Mr. Prospector,Hopespringseternal,Hero's Honor,Ivory Wand,Machiavellian,Air Distingue,Pursuit of Love,Pato,Hail to Reason,Cosmah,Herbager,Miss Swapsco,Nijinsky,Foreseer,Thatch,Contrail,Hail to Reason,Bramalea,In Reality,Desert Trial,Herbager,Sea Nymph,タマナー,ワカシラオキ
202603010208,,,,,,ハッピースプリント,ブリリアントアリス,アッミラーレ,マーゴーン,シニスターミニスター,ポーカーアリス,サンデーサイレンス,ダジルミージョリエ,Dayjur,Whispered Secret,Old Trieste,Sweet Minister,スウェプトオーヴァーボード,パルセイト,Halo,Wishing Well,Carr de Naskra,Mawgrit,Danzig,Gold Beauty,Secretariat,Classy 'n Smart,A.P. Indy,Lovlier Linda,The Prime Minister,Sweet Blue,エンドスウィープ,Sheer Ice,リアルシャダイ,サウンド,Hail to Reason,Cosmah,Understanding,Mountain Flower,Star de Naskra,Cornish Runner,Hoist the Flag,Spring Sunshine,Northern Dancer,Pas de Nom,Mr. Prospector,Stick to Beauty,Bold Ruler,Somethingroyal,Smarten,No Class,Seattle Slew,Weekend Surprise,Vigors,Linda Summers,Deputy Minister,Stick to Beauty,Hurry Up Blue,Sugar Gold,フォーティナイナー,Broom Dance,Cutlass,Hey Dolly A.,Roberto,Desert Vixen,Danzig,Din
202603010209,,,,,,アルアイン,ベッラレイア,ディープインパクト,ドバイマジェスティ,ナリタトップロード,マリスター,サンデーサイレンス,ウインドインハーヘア,Essence of Dubai,Great Majesty,サッカーボーイ,フローラルマジック,Baldski,Pink Dove,Halo,Wishing Well,Alzao,Burghclere,Pulpit,Epitome,Great Above,Mistic Majesty,ディクタス,ダイナサッシュ,Affirmed,Rare Lady,Nijinsky,Too Bald,Argument,Perfect Pigeon,Hail to Reason,Cosmah,Understanding,Mountain Flower,Lyphard,Lady Rebecca,Busted,Highclere,A.P. Indy,Preach,Summing,Honest and True,Minnesota Mac,Ta Wee,His Majesty,Necaras Miss,Sanctus,Doronic,ノーザンテースト,ロイヤルサッシュ,Exclusive Native,Won't Tell You,Never Bend,Double Agent,Northern Dancer,Flaming Page,Bald Eagle,Hidden Talent,Kautokeino,Arantelle,Round Table,Pink Pigeon
202603010209,,,,,,サトノクラウン,アムールレジェンド,Marju,ジョコンダ,ディープインパクト,パーソナルレジェンド,ラストタイクーン,Flame of Tara,Rossini,La Joconde,サンデーサイレンス,ウインドインハーヘア,Awesome Again,Highland Legend,トライマイベスト,Mill Princess,アーテイアス,Welsh Flame,Miswaki,Touch of Greatness,Vettori,Lust,Halo,Wishing Well,Alzao,Burghclere,Deputy Minister,Primal Force,Storm Bird,Santella,Northern Dancer,Sex Appeal,Mill Reef,Irish Lass,Round Table,Stylish Pattern,Welsh Pageant,Electric Flash,Mr. Prospector,Hopespringseternal,Hero's Honor,Ivory Wand,Machiavellian,Air Distingue,Pursuit of Love,Pato,Hail to Reason,Cosmah,Understanding,Mountain Flower,Lyphard,Lady Rebecca,Busted,Highclere,Vice Regent,Mint Copy,Blushing Groom,Prime Prospect,Northern Dancer,South Ocean,Coastal,Santa Quilla
202603010209,,,,,,ウインブライト,ルージュマジック,ステイゴールド,サマーエタニティ,アフリート,シジェームサン,サンデーサイレンス,ゴールデンサッシュ,アドマイヤコジーン,オールフォーゲラン,Mr. Prospector,Polite Lady,Septieme Ciel,Samalex,Halo,Wishing Well,ディクタス,ダイナサッシュ,Cozzene,アドマイヤマカディ,ジェイドロバリー,ミスゲラン,Raise a Native,Gold Digger,Venetian Jester,Friendly Ways,Seattle Slew,Maximova,Ela-Mana-Mou,Pampas Miss,Hail to Reason,Cosmah,Understanding,Mountain Flower,Sanctus,Doronic,ノーザンテースト,ロイヤルサッシュ,Caro,Ride the Trails,ノーザンテースト,ミセスマカディー,Mr. Prospector,Number,マルゼンスキー,ゲラン,Native Dancer,Raise You,Nashua,Sequence,Tom Fool,Venice,Green Ticket,Ways to Learn,Bold Reasoning,My Charmer,Green Dancer,Baracala,ピットカーン,Rose Bertin,Pronto,Bayou
202603010209,,,,,,ゴールドシップ,ニホンピロヘーゼル,ステイゴールド,ポイントフラッグ,カジノドライヴ,ニホンピロキャット,サンデーサイレンス,ゴールデンサッシュ,メジロマックイーン,パストラリズム,Mineshaft,Better Than Honour,サクラプレジデント,ニホンピロポリーナ,Halo,Wishing Well,ディクタス,ダイナサッシュ,メジロティターン,メジロオーロラ,プルラリズム,トクノエイティー,A.P. Indy,Prospectors Delite,Deputy Minister,Blush With Pride,サンデーサイレンス,セダンフォーエバー,ニホンピロウイナー,ニホンピロクリア,Hail to Reason,Cosmah,Understanding,Mountain Flower,Sanctus,Doronic,ノーザンテースト,ロイヤルサッシュ,メジロアサマ,シエリル,リマンド,メジロアイリス,The Minstrel,Cambretta,トライバルチーフ,アイアンルビー,Seattle Slew,Weekend Surprise,Mr. Prospector,Up the Flagpole,Vice Regent,Mint Copy,Blushing Groom,Best in Show,Halo,Wishing Well,マルゼンスキー,サクラセダン,スティールハート,ニホンピロエバート,ブレイヴェストローマン,ニホンピロアスター
202603010209,,,,,,オルフェーヴル,サクレディーヴァ,ステイゴールド,オリエンタルアート,クロフネ,ラフェクレール,サンデーサイレンス,ゴールデンサッシュ,メジロマックイーン,エレクトロアート,フレンチデピュティ,ブルーアヴェニュー,スペシャルウィーク,アドマイヤマカディ,Halo,Wishing Well,ディクタス,ダイナサッシュ,メジロティターン,メジロオーロラ,ノーザンテースト,グランマスティーヴンス,Deputy Minister,Mitterand,Classic Go Go,Eliza Blue,サンデーサイレンス,キャンペンガール,ノーザンテースト,ミセスマカディー,Hail to Reason,Cosmah,Understanding,Mountain Flower,Sanctus,Doronic,ノーザンテースト,ロイヤルサッシュ,メジロアサマ,シエリル,リマンド,メジロアイリス,Northern Dancer,Lady Victoria,Lt. Stevens,Dhow,Vice Regent,Mint Copy,Hold Your Peace,Laredo Lass,Pago Pago,Classic Perfection,Icecapade,コレラ,Halo,Wishing Well,マルゼンスキー,レディーシラオキ,Northern Dancer,Lady Victoria,トライバルチーフ,Hanina
202603010209,,,,,,ゴールドシップ,セカンドノホシ,ステイゴールド,ポイントフラッグ,シンボリルドルフ,セカンドサービス,サンデーサイレンス,ゴールデンサッシュ,メジロマックイーン,パストラリズム,パーソロン,スイートルナ,リズム,ファーストサービス,Halo,Wishing Well,ディクタス,ダイナサッシュ,メジロティターン,メジロオーロラ,プルラリズム,トクノエイティー,Milesian,Paleo,スピードシンボリ,ダンスタイム,Mr. Prospector,Dance Number,Blushing Groom,Tournament Star,Hail to Reason,Cosmah,Understanding,Mountain Flower,Sanctus,Doronic,ノーザンテースト,ロイヤルサッシュ,メジロアサマ,シエリル,リマンド,メジロアイリス,The Minstrel,Cambretta,トライバルチーフ,アイアンルビー,My Babu,Oatflake,Pharis,Calonice,ロイヤルチャレンヂャー,スイートイン,Palestine,Samaritaine,Raise a Native,Gold Digger,Northern Dancer,Numbered Account,Red God,Runaway Bride,Nijinsky,Chris Evert
202603010209,,,,,,ゴールドシップ,コスモマイルール,ステイゴールド,ポイントフラッグ,ルールオブロー,マイリリー,サンデーサイレンス,ゴールデンサッシュ,メジロマックイーン,パストラリズム,Kingmambo,Crystal Crossing,ミルジョージ,ラドンナリリー,Halo,Wishing Well,ディクタス,ダイナサッシュ,メジロティターン,メジロオーロラ,プルラリズム,トクノエイティー,Mr. Prospector,Miesque,ロイヤルアカデミー,Never So Fair,Mill Reef,Miss Charisma,キタノカチドキ,ヤマニガーサント,Hail to Reason,Cosmah,Understanding,Mountain Flower,Sanctus,Doronic,ノーザンテースト,ロイヤルサッシュ,メジロアサマ,シエリル,リマンド,メジロアイリス,The Minstrel,Cambretta,トライバルチーフ,アイアンルビー,Raise a Native,Gold Digger,Nureyev,Pasadoble,Nijinsky,Crimson Saint,Never So Bold,Favoletta,Never Bend,Milan Mill,Ragusa,マタテイナ,テスコボーイ,ライトフレーム,ガーサント,イチクニヒメ
202603010209,,,,,,エピファネイア,アンチュラス,シンボリクリスエス,シーザリオ,ディープインパクト,アンチョ,Kris S.,Tee Kay,スペシャルウィーク,キロフプリミエール,サンデーサイレンス,ウインドインハーヘア,Wild Zone,Ruth Ann d'Or,Roberto,Sharp Queen,Gold Meridian,Tri Argo,サンデーサイレンス,キャンペンガール,Sadler's Wells,Querida,Halo,Wishing Well,Alzao,Burghclere,Wild Again,Music Zone,Tour d'Or,Loudmouth Time,Hail to Reason,Bramalea,Princequillo,Bridgework,Seattle Slew,Queen Louie,Tri Jet,Hail Proudly,Halo,Wishing Well,マルゼンスキー,レディーシラオキ,Northern Dancer,Fairy Bridge,Habitat,Principia,Hail to Reason,Cosmah,Understanding,Mountain Flower,Lyphard,Lady Rebecca,Busted,Highclere,Icecapade,Bushel-n-Peck,The Minstrel,Sharp Zone,Medaille d'Or,Debby's Turn,Honey Jay,Baby Martini
202603010209,,,,,,ウインブライト,スイートシャイン,ステイゴールド,サマーエタニティ,ディープブリランテ,スイートチャーム,サンデーサイレンス,ゴールデンサッシュ,アドマイヤコジーン,オールフォーゲラン,ディープインパクト,ラヴアンドバブルズ,Cozzene,Sunbaked,Halo,Wishing Well,ディクタス,ダイナサッシュ,Cozzene,アドマイヤマカディ,ジェイドロバリー,ミスゲラン,サンデーサイレンス,ウインドインハーヘア,Loup Sauvage,バブルドリーム,Caro,Ride the Trails,Lyphard,Island Charm,Hail to Reason,Cosmah,Understanding,Mountain Flower,Sanctus,Doronic,ノーザンテースト,ロイヤルサッシュ,Caro,Ride the Trails,ノーザンテースト,ミセスマカディー,Mr. Prospector,Number,マルゼンスキー,ゲラン,Halo,Wishing Well,Alzao,Burghclere,Riverman,Louveterie,Akarad,バブルプロスペクター,フォルティノ,Chambord,Prince John,Wildwook,Northern Dancer,Goofed,Hawaii,Gaylord's Touch
202603010209,,,,,,アルアイン,クラウンフォルテ,ディープインパクト,ドバイマジェスティ,ハービンジャー,ピンクリップス,サンデーサイレンス,ウインドインハーヘア,Essence of Dubai,Great Majesty,Dansili,Penang Pearl,エンドスウィープ,マリスター,Halo,Wishing Well,Alzao,Burghclere,Pulpit,Epitome,Great Above,Mistic Majesty,デインヒル,Hasili,Bering,Guapa,フォーティナイナー,Broom Dance,Baldski,Pink Dove,Hail to Reason,Cosmah,Understanding,Mountain Flower,Lyphard,Lady Rebecca,Busted,Highclere,A.P. Indy,Preach,Summing,Honest and True,Minnesota Mac,Ta Wee,His Majesty,Necaras Miss,Danzig,Razyana,Kahyasi,Kerali,Arctic Tern,Beaune,Shareef Dancer,Sauceboat,Mr. Prospector,File,Dance Spell,Witching Hour,Nijinsky,Too Bald,Argument,Perfect Pigeon
202603010209,,,,,,バゴ,ラインハート,Nashwan,Moonlight's Box,ステイゴールド,チェルカ,Blushing Groom,Height of Fashion,Nureyev,Coup de Genie,サンデーサイレンス,ゴールデンサッシュ,クロフネ,ウエスタンワールド,Red God,Runaway Bride,Bustino,Highclere,Northern Dancer,Special,Mr. Prospector,Coup de Folie,Halo,Wishing Well,ディクタス,ダイナサッシュ,フレンチデピュティ,ブルーアヴェニュー,Gone West,Coxwold,Nasrullah,Spring Run,Wild Risk,Aimee,Busted,Ship Yard,Queen's Hussar,Highlight,Nearctic,Natalma,Forli,Thong,Raise a Native,Gold Digger,Halo,Raise the Standard,Hail to Reason,Cosmah,Understanding,Mountain Flower,Sanctus,Doronic,ノーザンテースト,ロイヤルサッシュ,Deputy Minister,Mitterand,Classic Go Go,Eliza Blue,Mr. Prospector,Secrettame,Cox's Ridge,Egyptian Rose
202603010209,,,,,,ルーラーシップ,トリニティプレイス,キングカメハメハ,エアグルーヴ,マンハッタンカフェ,カーラパワー,Kingmambo,マンファス,トニービン,ダイナカール,サンデーサイレンス,サトルチェンジ,Caerleon,Jabali,Mr. Prospector,Miesque,ラストタイクーン,Pilot Bird,カンパラ,Severn Bridge,ノーザンテースト,シャダイフェザー,Halo,Wishing Well,Law Society,Santa Luciana,Nijinsky,Foreseer,Shirley Heights,Toute Cy,Raise a Native,Gold Digger,Nureyev,Pasadoble,トライマイベスト,Mill Princess,Blakeney,The Dancer,Kalamoun,State Pension,Hornbeam,Priddy Fair,Northern Dancer,Lady Victoria,ガーサント,パロクサイド,Hail to Reason,Cosmah,Understanding,Mountain Flower,Alleged,Bold Bikini,Luciano,Suleika,Northern Dancer,Flaming Page,Round Table,Regal Gleam,Mill Reef,Hardiemma,Tennyson,Adele Toumignon
202603010209,,,,,,ブリックスアンドモルタル,ソウルスターリング,Giant's Causeway,Beyond the Waves,Frankel,スタセリタ,Storm Cat,Mariah's Storm,Ocean Crest,Excedent,Galileo,Kind,Monsun,Soignee,Storm Bird,Terlingua,Rahy,イメンス,Storm Bird,S.S.Aroma,Exceller,Broadway Lullaby,Sadler's Wells,Urban Sea,デインヒル,Rainbow Lake,Konigsstuhl,Mosella,Dashing Blade,Suivez,Northern Dancer,South Ocean,Secretariat,Crimson Saint,Blushing Groom,Glorious Song,Roberto,Imsodear,Northern Dancer,South Ocean,Seattle Slew,Rare Bouquet,Vaguely Noble,Too Bald,Stage Door Johnny,リットルブレツシング,Northern Dancer,Fairy Bridge,Miswaki,Allegretta,Danzig,Razyana,Rainbow Quest,Rockfest,Dschingis Khan,Konigskronung,Surumu,Monasia,Elegant Air,Sharp Castan,Fioravanti,Sea Symphony
202603010210,,,,,,ロードカナロア,アディクティド,キングカメハメハ,レディブラッサム,ディクタット,Astica,Kingmambo,マンファス,Storm Cat,サラトガデュー,ウォーニング,アルヴォラ,Surumu,Auenliebe,Mr. Prospector,Miesque,ラストタイクーン,Pilot Bird,Storm Bird,Terlingua,Cormorant,Super Luna,Known Fact,Slightly Dangerous,Sadler's Wells,Park Appeal,Literat,Surama,Pentathlon,Allergie,Raise a Native,Gold Digger,Nureyev,Pasadoble,トライマイベスト,Mill Princess,Blakeney,The Dancer,Northern Dancer,South Ocean,Secretariat,Crimson Saint,His Majesty,Song Sparrow,In Reality,Alada,In Reality,Tamerett,Roberto,Where You Lead,Northern Dancer,Fairy Bridge,Ahonoora,Balidaress,Birkhahn,Lis,Reliance,Suncourt,Ennis,Palmural,Lemon Hart,Ara
202603010210,,,,,,シニスターミニスター,カフェアリアドネ,Old Trieste,Sweet Minister,スペシャルウィーク,アムネリス,A.P. Indy,Lovlier Linda,The Prime Minister,Sweet Blue,サンデーサイレンス,キャンペンガール,サウスヴィグラス,ロンシャンオペラ,Seattle Slew,Weekend Surprise,Vigors,Linda Summers,Deputy Minister,Stick to Beauty,Hurry Up Blue,Sugar Gold,Halo,Wishing Well,マルゼンスキー,レディーシラオキ,エンドスウィープ,ダーケストスター,コマンダーインチーフ,ファンザブリーズ,Bold Reasoning,My Charmer,Secretariat,Lassie Dear,Grey Dawn,Relifordie,Crozier,Queenly Gift,Vice Regent,Mint Copy,Illustrious,Hail to Beauty,Mr. Leader,Blue Baroness,Mr. Prospector,Miss Ironside,Hail to Reason,Cosmah,Understanding,Mountain Flower,Nijinsky,シル,セントクレスピン,ミスアシヤガワ,フォーティナイナー,Broom Dance,Star de Naskra,Minnie Riperton,ダンシングブレーヴ,Slightly Dangerous,Lear Fan,スクリーンシーン
202603010210,,,,,,エスポワールシチー,ペルレストラーダ,ゴールドアリュール,エミネントシチー,アルデバラン,ドーニングストーム,サンデーサイレンス,ニキーヤ,ブライアンズタイム,ヘップバーンシチー,Mr. Prospector,Chimes of Freedom,Storm Cat,Triumph At Dawn,Halo,Wishing Well,Nureyev,Reluctant Guest,Roberto,Kelley's Day,ブレイヴェストローマン,コンパルシチー,Raise a Native,Gold Digger,Private Account,Aviance,Storm Bird,Terlingua,Alydar,Dawn's Curtsey,Hail to Reason,Cosmah,Understanding,Mountain Flower,Northern Dancer,Special,Hostage,Vaguely Royal,Hail to Reason,Bramalea,Graustark,Golden Trail,Never Bend,Roman Song,トラフィック,リンネス,Native Dancer,Raise You,Nashua,Sequence,Damascus,Numbered Account,Northfields,Minnie Hauk,Northern Dancer,South Ocean,Secretariat,Crimson Saint,Raise a Native,Sweet Tooth,Far North,Liberty Spirit
202603010210,,,,,,パイロ,アイアムネフライト,Pulpit,Wild Vision,アグネスタキオン,アイアムアドーター,A.P. Indy,Preach,Wild Again,Carol's Wonder,サンデーサイレンス,アグネスフローラ,デヒア,アイアムザウィナー,Seattle Slew,Weekend Surprise,Mr. Prospector,Narrate,Icecapade,Bushel-n-Peck,Pass the Tab,Carols Christmas,Halo,Wishing Well,ロイヤルスキー,アグネスレディー,Deputy Minister,Sister Dot,Danzig Connection,ブルージーンベイビー,Bold Reasoning,My Charmer,Secretariat,Lassie Dear,Raise a Native,Gold Digger,Honest Pleasure,State,Nearctic,Shenanigans,Khaled,Dama,Al Hattab,Dantina,Whitesburg,Light Verse,Hail to Reason,Cosmah,Understanding,Mountain Flower,Raja Baba,Coz o'Nijinsky,リマンド,イコマエイカン,Vice Regent,Mint Copy,Secretariat,Sword Game,Danzig,Gdynia,Mr. Prospector,Jones Time Machine
202603010210,,,,,,Dandy Man,ヴァルドブラムヘン,Mozart,Lady Alexander,Sea The Moon,Waldblume,デインヒル,Victoria Cross,Night Shift,Sandhurst Goddess,Sea The Stars Sea the Stars,Sanwa,Halling,Wurftaube,Danzig,Razyana,Spectacular Bid,Glowing Tribute,Northern Dancer,Ciboulette,Sandhurst Prince,Paradise Bird,Cape Cross,Urban Sea,Monsun,Sacarina,Diesis,Dance Machine,Acatenango,Wurfbahn,Northern Dancer,Pas de Nom,His Majesty,Spring Adieu,Bold Bidder,Spectacular,Graustark,Admiring,Nearctic,Natalma,Chop Chop,Windy Answer,Pampapaul,Blue Shark,Sallust,Fair Darling,Green Desert,Park Appeal,Miswaki,Allegretta,Konigsstuhl,Mosella,オールドヴィック,Brave Lass,Sharpen Up,Doubly Sure,Green Dancer,Never a Lady,Surumu,Aggravate,Frontal,Wolkenpracht
202603010210,,,,,,ミスターメロディ,コイクレナイ,Scat Daddy,Trusty Lady,タイキシャトル,ワイルドリリー,ヨハネスブルグ,Love Style,Deputy Minister,Klassy Kim,Devil's Bag,ウェルシュマフィン,Wild Again,クリヨン,ヘネシー,Myth,Mr. Prospector,Likeable Style,Vice Regent,Mint Copy,Silent Screen,クールアライヴァル,Halo,Ballade,Caerleon,Muffitys,Icecapade,Bushel-n-Peck,Caerleon,リターントゥパリ,Storm Cat,Island Kitty,オジジアン,Yarn,Raise a Native,Gold Digger,Nijinsky,Personable Lady,Northern Dancer,Victoria Regina,Bunty's Flight,Shakney,Prince John,Prayer Bell,Relaunch,Irish Arrival,Hail to Reason,Cosmah,Herbager,Miss Swapsco,Nijinsky,Foreseer,Thatch,Contrail,Nearctic,Shenanigans,Khaled,Dama,Nijinsky,Foreseer,Riverman,Two to Paris
202603010210,,,,,,デクラレーションオブウォー,マーキークラブ,War Front,Tempo West,クロフネ,ピサノグラフ,Danzig,Starry Dreamer,Rahy,Tempo,フレンチデピュティ,ブルーアヴェニュー,サンデーサイレンス,シンコウラブリイ,Northern Dancer,Pas de Nom,Rubiano,Lara's Star,Blushing Groom,Glorious Song,Gone West,Terpsichorist,Deputy Minister,Mitterand,Classic Go Go,Eliza Blue,Halo,Wishing Well,Caerleon,ハッピートレイルズ,Nearctic,Natalma,Admiral's Voyage,Petitioner,Fappiano,Ruby Slippers,Forli,True Reality,Red God,Runaway Bride,Halo,Ballade,Mr. Prospector,Secrettame,Nijinsky,Glad Rags,Vice Regent,Mint Copy,Hold Your Peace,Laredo Lass,Pago Pago,Classic Perfection,Icecapade,コレラ,Hail to Reason,Cosmah,Understanding,Mountain Flower,Nijinsky,Foreseer,ポツセ,ロイコン
202603010210,,,,,,フォーウィールドライブ,カクシアジ,American Pharoah,Funfair,スウェプトオーヴァーボード,ビフォーダーク,Pioneerof the Nile,Littleprincessemma,More Than Ready,Fleuron,エンドスウィープ,Sheer Ice,キングカメハメハ,インゴット,エンパイアメーカー,Star of Goshen,Yankee Gentleman,Exclusive Rosette,サザンヘイロー,Woodman's Girl,Distant View,Flamboyance,フォーティナイナー,Broom Dance,Cutlass,Hey Dolly A.,Kingmambo,マンファス,サンデーサイレンス,ダンシングレヴュー,Unbridled,Toussaud,Lord at War,Castle Eight,Storm Cat,Key Phrase,Ecliptical,Zetta Jet,Halo,Northern Sea,Woodman,Becky Be Good,Mr. Prospector,Seven Springs,Zilzal,Bridal Wreath,Mr. Prospector,File,Dance Spell,Witching Hour,Damascus,Aphonia,Ambehaving,Swift Deal,Mr. Prospector,Miesque,ラストタイクーン,Pilot Bird,Halo,Wishing Well,Sadler's Wells,Verily
202603010210,,,,,,Gun Runner,ステラエージェント,Candy Ride,Quiet Giant,More Than Ready,Lawn Party,Ride the Rails,Candy Girl,Giant's Causeway,Quiet Dance,サザンヘイロー,Woodman's Girl,Medaglia d'Oro,Fiery Pursuit,Cryptoclearance,Herbalesian,Candy Stripes,City Girl,Storm Cat,Mariah's Storm,Quiet American,Misty Dancer,Halo,Northern Sea,Woodman,Becky Be Good,El Prado,Cappucino Bay,Carson City,Engaging,Fappiano,Naval Orange,Herbager,Alanesian,Blushing Groom,バブルカンパニー,Farnesio,Cithara,Storm Bird,Terlingua,Rahy,イメンス,Fappiano,Demure,Lyphard,Flight Dancer,Hail to Reason,Cosmah,Northern Dancer,Sea Saga,Mr. Prospector,プレイメイト,Naskra,Good Landing,Sadler's Wells,Lady Capulet,Bailjumper,Dubbed In,Mr. Prospector,Blushing Promise,Private Account,Starlet Storm
202603010210,,,,,,ミスターメロディ,タイキマロン,Scat Daddy,Trusty Lady,ファスリエフ,マロノヴィーナス,ヨハネスブルグ,Love Style,Deputy Minister,Klassy Kim,Nureyev,Mr. P's Princess,タニノギムレット,タンザナイト,ヘネシー,Myth,Mr. Prospector,Likeable Style,Vice Regent,Mint Copy,Silent Screen,クールアライヴァル,Northern Dancer,Special,Mr. Prospector,Anne Campbell,ブライアンズタイム,タニノクリスタル,サンデーサイレンス,キャサリーンパー,Storm Cat,Island Kitty,オジジアン,Yarn,Raise a Native,Gold Digger,Nijinsky,Personable Lady,Northern Dancer,Victoria Regina,Bunty's Flight,Shakney,Prince John,Prayer Bell,Relaunch,Irish Arrival,Nearctic,Natalma,Forli,Thong,Raise a Native,Gold Digger,Never Bend,Repercussion,Roberto,Kelley's Day,クリスタルパレス,タニノシーバード,Halo,Wishing Well,Riverman,Regal Exception
202603010210,,,,,,Justify,A Z Warrior,Scat Daddy,Stage Magic,Bernardini,Carson Jen,ヨハネスブルグ,Love Style,Ghostzapper,Magical Illusion,A.P. Indy,Cara Rafaela,Carson City,Calamitous Jen,ヘネシー,Myth,Mr. Prospector,Likeable Style,Awesome Again,Baby Zip,Pulpit,Voodoo Lily,Seattle Slew,Weekend Surprise,Quiet American,Oil Fable,Mr. Prospector,Blushing Promise,Deputy Minister,Robertina,Storm Cat,Island Kitty,オジジアン,Yarn,Raise a Native,Gold Digger,Nijinsky,Personable Lady,Deputy Minister,Primal Force,Relaunch,Thirty Zip,A.P. Indy,Preach,Baldski,Cap the Moment,Bold Reasoning,My Charmer,Secretariat,Lassie Dear,Fappiano,Demure,Spectacular Bid,Northern Fable,Raise a Native,Gold Digger,Blushing Groom,Summertime Promise,Vice Regent,Mint Copy,Roberto,Bring Out the Band
202603010210,,,,,,ジャスタウェイ,ヴォルカン,ハーツクライ,シビル,ロードカナロア,ショウナンアクト,サンデーサイレンス,アイリッシュダンス,Wild Again,シャロン,キングカメハメハ,レディブラッサム,フレンチデピュティ,ゴールデンページ,Halo,Wishing Well,トニービン,ビューパーダンス,Icecapade,Bushel-n-Peck,Mo Exception,Double Wiggle,Kingmambo,マンファス,Storm Cat,サラトガデュー,Deputy Minister,Mitterand,サンデーサイレンス,ゴールデンリッカ,Hail to Reason,Cosmah,Understanding,Mountain Flower,カンパラ,Severn Bridge,Lyphard,My Bupers,Nearctic,Shenanigans,Khaled,Dama,Hard Work,With Exception,Sir Wiggle,Blue Double,Mr. Prospector,Miesque,ラストタイクーン,Pilot Bird,Storm Bird,Terlingua,Cormorant,Super Luna,Vice Regent,Mint Copy,Hold Your Peace,Laredo Lass,Halo,Wishing Well,ラッキーソブリン,グロリーウエイ
202603010210,,,,,,ディスクリートキャット,ティアップアーリー,Forestry,Pretty Discreet,ゴールドアリュール,フォーティエース,Storm Cat,Shared Interest,Private Account,Pretty Persuasive,サンデーサイレンス,ニキーヤ,フォーティナイナー,ピンクシェイド,Storm Bird,Terlingua,Pleasant Colony,Surgery,Damascus,Numbered Account,Believe It,Bury the Hatchet,Halo,Wishing Well,Nureyev,Reluctant Guest,Mr. Prospector,File,Lyphard,Pink Valley,Northern Dancer,South Ocean,Secretariat,Crimson Saint,His Majesty,Sun Colony,Dr. Fager,Bold Sequence,Sword Dancer,Kerala,Buckpasser,Intriguing,In Reality,Breakfast Bell,Tom Rolfe,Christmas Whishes,Hail to Reason,Cosmah,Understanding,Mountain Flower,Northern Dancer,Special,Hostage,Vaguely Royal,Raise a Native,Gold Digger,Tom Rolfe,Continue,Northern Dancer,Goofed,Never Bend,Green Valley
202603010210,,,,,,リオンディーズ,モンローブロンド,キングカメハメハ,シーザリオ,アドマイヤベガ,ソニンク,Kingmambo,マンファス,スペシャルウィーク,キロフプリミエール,サンデーサイレンス,ベガ,Machiavellian,Sonic Lady,Mr. Prospector,Miesque,ラストタイクーン,Pilot Bird,サンデーサイレンス,キャンペンガール,Sadler's Wells,Querida,Halo,Wishing Well,トニービン,アンティックヴァリュー,Mr. Prospector,Coup de Folie,Nureyev,Stumped,Raise a Native,Gold Digger,Nureyev,Pasadoble,トライマイベスト,Mill Princess,Blakeney,The Dancer,Halo,Wishing Well,マルゼンスキー,レディーシラオキ,Northern Dancer,Fairy Bridge,Habitat,Principia,Hail to Reason,Cosmah,Understanding,Mountain Flower,カンパラ,Severn Bridge,Northern Dancer,Moonscape,Raise a Native,Gold Digger,Halo,Raise the Standard,Northern Dancer,Special,Owen Anthony,Luckhurst
202603010210,,,,,,マジェスティックウォリアー,ピンクドッグウッド,A.P. Indy,Dream Supreme,サウスヴィグラス,スズカブルーム,Seattle Slew,Weekend Surprise,Seeking the Gold,Spinning Round,エンドスウィープ,ダーケストスター,スキャターザゴールド,イエローブルーム,Bold Reasoning,My Charmer,Secretariat,Lassie Dear,Mr. Prospector,Con Game,Dixieland Band,Take Heart,フォーティナイナー,Broom Dance,Star de Naskra,Minnie Riperton,Mr. Prospector,Dance Smartly,パークリージェント,グランドリーム,Boldnesian,Reason to Earn,Poker,Fair Charmer,Bold Ruler,Somethingroyal,Buckpasser,Gay Missile,Raise a Native,Gold Digger,Buckpasser,Broadway,Northern Dancer,Mississippi Mud,Secretariat,Deck Stewardess,Mr. Prospector,File,Dance Spell,Witching Hour,Naskra,Candle Star,Cornish Prince,English Harbor,Raise a Native,Gold Digger,Danzig,Classy'n Smart,Vice Regent,Miss Attractive,トウショウボーイ,エリモルーシー
202603010210,,,,,,ホッコータルマエ,フレッシュスマイル,キングカメハメハ,マダムチェロキー,サウスヴィグラス,フレッシュバニラ,Kingmambo,マンファス,Cherokee Run,アンフォイルド,エンドスウィープ,ダーケストスター,Grand Slam,Gal From Seattle,Mr. Prospector,Miesque,ラストタイクーン,Pilot Bird,Runaway Groom,Cherokee Dame,Unbridled,Bold Foil,フォーティナイナー,Broom Dance,Star de Naskra,Minnie Riperton,Gone West,Bright Candles,A.P. Indy,サドラーズギャル,Raise a Native,Gold Digger,Nureyev,Pasadoble,トライマイベスト,Mill Princess,Blakeney,The Dancer,Blushing Groom,Yonnie Girl,Silver Saber,Dame Francesca,Fappiano,Gana Facil,Bold Forbes,Perfect Foil,Mr. Prospector,File,Dance Spell,Witching Hour,Naskra,Candle Star,Cornish Prince,English Harbor,Mr. Prospector,Secrettame,El Gran Senor,Christmas Bonus,Seattle Slew,Weekend Surprise,Sadler's Wells,Glenveagh
202603010211,,,,,,キズナ,テイケイラピッド,ディープインパクト,キャットクイル,スニッツェル,ラプーマ,サンデーサイレンス,ウインドインハーヘア,Storm Cat,Pacific Princess,Redoute's Choice,Snippets' Lass,Lord at War,Raise a Holme,Halo,Wishing Well,Alzao,Burghclere,Storm Bird,Terlingua,Damascus,Fiji,デインヒル,Shantha's Choice,Snippets,Snow Finch,General,Luna de Miel,Marshua's Dancer,Nolene,Hail to Reason,Cosmah,Understanding,Mountain Flower,Lyphard,Lady Rebecca,Busted,Highclere,Northern Dancer,South Ocean,Secretariat,Crimson Saint,Sword Dancer,Kerala,Acropolis,Rififi,Danzig,Razyana,Canny Lad,Dancing Show,Lunchtime,Easy Date,Storm Bird,A Realgirl,Brigadier Gerard,Mercuriale,Con Brio,Good Will,Raise a Native,Marshua,Noholme,Nilene
202603010211,,,,,,ドゥラメンテ,ミュージカルロマンス,キングカメハメハ,アドマイヤグルーヴ,Concorde's Tune,Candlelightdinner,Kingmambo,マンファス,サンデーサイレンス,エアグルーヴ,Concorde Bound,Parisian Tune,Slew Gin Fizz,Romantic Dinner,Mr. Prospector,Miesque,ラストタイクーン,Pilot Bird,Halo,Wishing Well,トニービン,ダイナカール,Super Concorde,Grey Sister,Tunerup,Paris Or Bust,Relaunch,スループリンセス,Who's for Dinner,Victorious Meg,Raise a Native,Gold Digger,Nureyev,Pasadoble,トライマイベスト,Mill Princess,Blakeney,The Dancer,Hail to Reason,Cosmah,Understanding,Mountain Flower,カンパラ,Severn Bridge,ノーザンテースト,シャダイフェザー,Bold Reasoning,Prime Abord,Iron Ruler,Grey Sibling,The Pruner,Our Girl,Francis S.,Pride of Paris,In Reality,Foggy Note,Seattle Slew,Lillian Russell,Native Charger,Expectancy,Soy Numero Uno,Cricket Club
202603010211,,,,,,スクリーンヒーロー,シンメイミヤビ,グラスワンダー,ランニングヒロイン,Langfuhr,ドーンランサム,Silver Hawk,Ameriflora,サンデーサイレンス,ダイナアクトレス,Danzig,Sweet Briar Too,Red Ransom,Eastern Dawn,Roberto,Gris Vitesse,Danzig,Graceful Touch,Halo,Wishing Well,ノーザンテースト,モデルスポート,Northern Dancer,Pas de Nom,Briartic,Prima Babu Gum,Roberto,アラビア,Damascus,Euryanthe,Hail to Reason,Bramalea,Amerigo,Matchiche,Northern Dancer,Pas de Nom,His Majesty,Pi Phi Gal,Hail to Reason,Cosmah,Understanding,Mountain Flower,Northern Dancer,Lady Victoria,モデルフール,マジックゴデイス,Nearctic,Natalma,Admiral's Voyage,Petitioner,Nearctic,Sweet Lady Briar,Gummo,Princess Babu,Hail to Reason,Bramalea,Damascus,Christmas Wind,Sword Dancer,Kerala,Nijinsky,Quill
202603010211,,,,,,ゴールドシップ,ゲッカコウ,ステイゴールド,ポイントフラッグ,ロージズインメイ,チューベローズ,サンデーサイレンス,ゴールデンサッシュ,メジロマックイーン,パストラリズム,Devil His Due,Tell a Secret,シンボリクリスエス,チューニー,Halo,Wishing Well,ディクタス,ダイナサッシュ,メジロティターン,メジロオーロラ,プルラリズム,トクノエイティー,Devil's Bag,Plenty O'Toole,Speak John,Secret Retreat,Kris S.,Tee Kay,サンデーサイレンス,フロムビヨンド,Hail to Reason,Cosmah,Understanding,Mountain Flower,Sanctus,Doronic,ノーザンテースト,ロイヤルサッシュ,メジロアサマ,シエリル,リマンド,メジロアイリス,The Minstrel,Cambretta,トライバルチーフ,アイアンルビー,Halo,Ballade,Raise a Cup,Li'l Puss,Prince John,Nuit de Folies,Clandestine,Retirement,Roberto,Sharp Queen,Gold Meridian,Tri Argo,Halo,Wishing Well,Kris,Magic of Life
202603010211,,,,,,キズナ,ディルガ,ディープインパクト,キャットクイル,Curlin,Baghdaria,サンデーサイレンス,ウインドインハーヘア,Storm Cat,Pacific Princess,Smart Strike,Sherriff's Deputy,ロイヤルアカデミー,Oatsee,Halo,Wishing Well,Alzao,Burghclere,Storm Bird,Terlingua,Damascus,Fiji,Mr. Prospector,Classy'n Smart,Deputy Minister,Barbarika,Nijinsky,Crimson Saint,Unbridled,With Every Wish,Hail to Reason,Cosmah,Understanding,Mountain Flower,Lyphard,Lady Rebecca,Busted,Highclere,Northern Dancer,South Ocean,Secretariat,Crimson Saint,Sword Dancer,Kerala,Acropolis,Rififi,Raise a Native,Gold Digger,Smarten,No Class,Vice Regent,Mint Copy,Bates Motel,War Exchange,Northern Dancer,Flaming Page,Crimson Satan,Bolero Rose,Fappiano,Gana Facil,Lear Fan,Amo
202603010211,,,,,,ブラックタイド,サトノラミア,サンデーサイレンス,ウインドインハーヘア,ブライアンズタイム,ホームスイートホーム,Halo,Wishing Well,Alzao,Burghclere,Roberto,Kelley's Day,Seeking the Gold,Our Country Place,Hail to Reason,Cosmah,Understanding,Mountain Flower,Lyphard,Lady Rebecca,Busted,Highclere,Hail to Reason,Bramalea,Graustark,Golden Trail,Mr. Prospector,Con Game,Pleasant Colony,メイプルジンスキー,Turn-to,Nothirdchance,Cosmic Bomb,Almahmoud,Promised Land,Pretty Ways,Montparnasse,Edelweiss,Northern Dancer,Goofed,Sir Ivor,Pocahontas,Crepello,Sans le Sou,Queen's Hussar,Highlight,Turn-to,Nothirdchance,Nashua,Rarelea,Ribot,Flower Bowl,Hasty Road,Sunny Vale,Raise a Native,Gold Digger,Buckpasser,Broadway,His Majesty,Sun Colony,Nijinsky,Gold Beauty
202603010211,,,,,,スピルバーグ,パドパピヨン,ディープインパクト,プリンセスオリビア,スウェプトオーヴァーボード,グランパドドゥ,サンデーサイレンス,ウインドインハーヘア,Lycius,Dance Image,エンドスウィープ,Sheer Ice,フジキセキ,スターバレリーナ,Halo,Wishing Well,Alzao,Burghclere,Mr. Prospector,Lypatia,Sadler's Wells,Diamond Spring,フォーティナイナー,Broom Dance,Cutlass,Hey Dolly A.,サンデーサイレンス,ミルレーサー,Risen Star,ベリアーニ,Hail to Reason,Cosmah,Understanding,Mountain Flower,Lyphard,Lady Rebecca,Busted,Highclere,Raise a Native,Gold Digger,Lyphard,Hypatia,Northern Dancer,Fairy Bridge,Vaguely Noble,Dumfries,Mr. Prospector,File,Dance Spell,Witching Hour,Damascus,Aphonia,Ambehaving,Swift Deal,Halo,Wishing Well,Le Fabuleux,Marston's Mill,Secretariat,Ribbon,Nureyev,Eleven Pleasures
202603010211,,,,,,ディープインパクト,アパパネ,サンデーサイレンス,ウインドインハーヘア,キングカメハメハ,ソルティビッド,Halo,Wishing Well,Alzao,Burghclere,Kingmambo,マンファス,Salt Lake,Piper Piper,Hail to Reason,Cosmah,Understanding,Mountain Flower,Lyphard,Lady Rebecca,Busted,Highclere,Mr. Prospector,Miesque,ラストタイクーン,Pilot Bird,Deputy Minister,Take Lady Anne,Spectacular Bid,Alvarada,Turn-to,Nothirdchance,Cosmic Bomb,Almahmoud,Promised Land,Pretty Ways,Montparnasse,Edelweiss,Northern Dancer,Goofed,Sir Ivor,Pocahontas,Crepello,Sans le Sou,Queen's Hussar,Highlight,Raise a Native,Gold Digger,Nureyev,Pasadoble,トライマイベスト,Mill Princess,Blakeney,The Dancer,Vice Regent,Mint Copy,Queen City Lad,Lovita H.,Bold Bidder,Spectacular,Hard Work,Easterborn
202603010211,,,,,,ハービンジャー,クライミングローズ,Dansili,Penang Pearl,マンハッタンカフェ,ファレノプシス,デインヒル,Hasili,Bering,Guapa,サンデーサイレンス,サトルチェンジ,ブライアンズタイム,キャットクイル,Danzig,Razyana,Kahyasi,Kerali,Arctic Tern,Beaune,Shareef Dancer,Sauceboat,Halo,Wishing Well,Law Society,Santa Luciana,Roberto,Kelley's Day,Storm Cat,Pacific Princess,Northern Dancer,Pas de Nom,His Majesty,Spring Adieu,イルドブルボン,Kadissya,High Line,Sookera,Sea-Bird,Bubbling Beauty,Lyphard,Barbra,Northern Dancer,Sweet Alliance,Connaught,Cranberry Sauce,Hail to Reason,Cosmah,Understanding,Mountain Flower,Alleged,Bold Bikini,Luciano,Suleika,Hail to Reason,Bramalea,Graustark,Golden Trail,Storm Bird,Terlingua,Damascus,Fiji
202603010211,,,,,,マンハッタンカフェ,ビューティーコンテスト,サンデーサイレンス,サトルチェンジ,シングスピール,Beldarian,Halo,Wishing Well,Law Society,Santa Luciana,In the Wings,Glorious Song,ラストタイクーン,Sorbus,Hail to Reason,Cosmah,Understanding,Mountain Flower,Alleged,Bold Bikini,Luciano,Suleika,Sadler's Wells,High Hawk,Halo,Ballade,トライマイベスト,Mill Princess,Busted,Censorship,Turn-to,Nothirdchance,Cosmic Bomb,Almahmoud,Promised Land,Pretty Ways,Montparnasse,Edelweiss,Hoist the Flag,Princess Pout,Boldnesian,Ran-Tan,Henry the Seventh,Light Arctic,Ticino,Schwarzblaurot,Northern Dancer,Fairy Bridge,Shirley Heights,Sunbittern,Hail to Reason,Cosmah,Herbager,Miss Swapsco,Northern Dancer,Sex Appeal,Mill Reef,Irish Lass,Crepello,Sans le Sou,Prince John,Sixpence
202603010211,,,,,,ゴールドシップ,カラヴィンカ,ステイゴールド,ポイントフラッグ,Bernardini,Tap Your Heels,サンデーサイレンス,ゴールデンサッシュ,メジロマックイーン,パストラリズム,A.P. Indy,Cara Rafaela,Unbridled,Ruby Slippers,Halo,Wishing Well,ディクタス,ダイナサッシュ,メジロティターン,メジロオーロラ,プルラリズム,トクノエイティー,Seattle Slew,Weekend Surprise,Quiet American,Oil Fable,Fappiano,Gana Facil,Nijinsky,Moon Glitter,Hail to Reason,Cosmah,Understanding,Mountain Flower,Sanctus,Doronic,ノーザンテースト,ロイヤルサッシュ,メジロアサマ,シエリル,リマンド,メジロアイリス,The Minstrel,Cambretta,トライバルチーフ,アイアンルビー,Bold Reasoning,My Charmer,Secretariat,Lassie Dear,Fappiano,Demure,Spectacular Bid,Northern Fable,Mr. Prospector,Killaloe,Le Fabuleux,Charedi,Northern Dancer,Flaming Page,In Reality,Foggy Note
202603010211,,,,,,ハービンジャー,ジャジャウマガール,Dansili,Penang Pearl,ハーツクライ,マーズプリンセス,デインヒル,Hasili,Bering,Guapa,サンデーサイレンス,アイリッシュダンス,デインヒル,ディアーミミ,Danzig,Razyana,Kahyasi,Kerali,Arctic Tern,Beaune,Shareef Dancer,Sauceboat,Halo,Wishing Well,トニービン,ビューパーダンス,Danzig,Razyana,Roberto,Carnival Princess,Northern Dancer,Pas de Nom,His Majesty,Spring Adieu,イルドブルボン,Kadissya,High Line,Sookera,Sea-Bird,Bubbling Beauty,Lyphard,Barbra,Northern Dancer,Sweet Alliance,Connaught,Cranberry Sauce,Hail to Reason,Cosmah,Understanding,Mountain Flower,カンパラ,Severn Bridge,Lyphard,My Bupers,Northern Dancer,Pas de Nom,His Majesty,Spring Adieu,Hail to Reason,Bramalea,Prince John,Carnival Queen
202603010211,,,,,,ディープインパクト,キトゥンズクイーン,サンデーサイレンス,ウインドインハーヘア,Kitten's Joy,High Chant,Halo,Wishing Well,Alzao,Burghclere,El Prado,Kitten's First,War Chant,Highfalutin,Hail to Reason,Cosmah,Understanding,Mountain Flower,Lyphard,Lady Rebecca,Busted,Highclere,Sadler's Wells,Lady Capulet,Lear Fan,That's My Hon,Danzig,Hollywood Wildcat,Silver Deputy,Constant Change,Turn-to,Nothirdchance,Cosmic Bomb,Almahmoud,Promised Land,Pretty Ways,Montparnasse,Edelweiss,Northern Dancer,Goofed,Sir Ivor,Pocahontas,Crepello,Sans le Sou,Queen's Hussar,Highlight,Northern Dancer,Fairy Bridge,Sir Ivor,Cap and Bells,Roberto,Wac,L'Enjoleur,One Lane,Northern Dancer,Pas de Nom,Kris S.,Miss Wildcatter,Deputy Minister,Silver Valley,High Echelon,Never Scheme
202603010211,,,,,,グレーターロンドン,ピースワンオーレ,ディープインパクト,ロンドンブリッジ,ジャングルポケット,スカイウェー,サンデーサイレンス,ウインドインハーヘア,ドクターデヴィアス,オールフォーロンドン,トニービン,ダンスチャーマー,Trans Island,Zilayah,Halo,Wishing Well,Alzao,Burghclere,Ahonoora,Rose of Jericho,Danzig,Full Card,カンパラ,Severn Bridge,Nureyev,Skillful Joy,Selkirk,Khubza,Zilzal,Welsh Garden,Hail to Reason,Cosmah,Understanding,Mountain Flower,Lyphard,Lady Rebecca,Busted,Highclere,Lorenzaccio,Helen Nichols,Alleged,Rose Red,Northern Dancer,Pas de Nom,Damascus,Belle of the Ball,Kalamoun,State Pension,Hornbeam,Priddy Fair,Northern Dancer,Special,Nodouble,Skillful Miss,Sharpen Up,Annie Edge,Green Desert,Breadcrumb,Nureyev,French Charmer,Welsh Saint,Garden of Eden
202603010211,,,,,,スクリーンヒーロー,イクスキューズ,グラスワンダー,ランニングヒロイン,ボストンハーバー,クリスティキャット,Silver Hawk,Ameriflora,サンデーサイレンス,ダイナアクトレス,Capote,Harbor Springs,Majestic Light,Toll Booth,Roberto,Gris Vitesse,Danzig,Graceful Touch,Halo,Wishing Well,ノーザンテースト,モデルスポート,Seattle Slew,Too Bald,Vice Regent,Tinnitus,Majestic Prince,Irradiate,Buckpasser,Missy Baba,Hail to Reason,Bramalea,Amerigo,Matchiche,Northern Dancer,Pas de Nom,His Majesty,Pi Phi Gal,Hail to Reason,Cosmah,Understanding,Mountain Flower,Northern Dancer,Lady Victoria,モデルフール,マジックゴデイス,Bold Reasoning,My Charmer,Bald Eagle,Hidden Talent,Northern Dancer,Victoria Regina,Restless Wind,Dors,Raise a Native,Gay Hostess,Ribot,High Voltage,Tom Fool,Busanda,My Babu,Uvira
202603010212,,,,,,アドマイヤマーズ,テルアケリー,ダイワメジャー,ヴィアメディチ,Tapit,Evrobi,サンデーサイレンス,スカーレットブーケ,Medicean,Via Milano,Pulpit,Tap Your Heels,タバスコキャット,Shakela,Halo,Wishing Well,ノーザンテースト,スカーレットインク,Machiavellian,Mystic Goddess,シングスピール,Salvinaxia,A.P. Indy,Preach,Unbridled,Ruby Slippers,Storm Cat,Barbicue Sauce,Alydar,Jellatina,Hail to Reason,Cosmah,Understanding,Mountain Flower,Northern Dancer,Lady Victoria,Crimson Satan,Consentida,Mr. Prospector,Coup de Folie,Storm Bird,Rose Goddess,In the Wings,Glorious Song,Linamix,Salve,Seattle Slew,Weekend Surprise,Mr. Prospector,Narrate,Fappiano,Gana Facil,Nijinsky,Moon Glitter,Storm Bird,Terlingua,Sauce Boat,Lady Barbizon,Raise a Native,Sweet Tooth,フォルティノ,Queenpot
202603010212,,,,,,ロードカナロア,ヒアトゥウィン,キングカメハメハ,レディブラッサム,Roi Normand,Ascot Belle,Kingmambo,マンファス,Storm Cat,サラトガデュー,Exclusive Native,Luth de Saron,Falcon Jet,Indian Blossom,Mr. Prospector,Miesque,ラストタイクーン,Pilot Bird,Storm Bird,Terlingua,Cormorant,Super Luna,Raise a Native,Exclusive,Luthier,Rose de Saron,Ghadeer,Victress,Fred Astaire,Floral Blossom,Raise a Native,Gold Digger,Nureyev,Pasadoble,トライマイベスト,Mill Princess,Blakeney,The Dancer,Northern Dancer,South Ocean,Secretariat,Crimson Saint,His Majesty,Song Sparrow,In Reality,Alada,Native Dancer,Raise You,Shut Out,Good Example,Klairon,Flute Enchantee,Carvin,Zitza,Lyphard,Swanilda,Hornbeam,Victoriana,Nijinsky,Late Bloomer,Diplomat Way,Bunting
202603010212,,,,,,レッドファルクス,ナチュラルスタンス,スウェプトオーヴァーボード,ベルモット,フジキセキ,エールスタンス,エンドスウィープ,Sheer Ice,サンデーサイレンス,レガシーオブストレングス,サンデーサイレンス,ミルレーサー,エルコンドルパサー,エリンバード,フォーティナイナー,Broom Dance,Cutlass,Hey Dolly A.,Halo,Wishing Well,Affirmed,Katonka,Halo,Wishing Well,Le Fabuleux,Marston's Mill,Kingmambo,サドラーズギャル,Bluebird,Maid of Erin,Mr. Prospector,File,Dance Spell,Witching Hour,Damascus,Aphonia,Ambehaving,Swift Deal,Hail to Reason,Cosmah,Understanding,Mountain Flower,Exclusive Native,Won't Tell You,Minnesota Mac,Minnetonka,Hail to Reason,Cosmah,Understanding,Mountain Flower,Wild Risk,Anguar,In Reality,Millicent,Mr. Prospector,Miesque,Sadler's Wells,Glenveagh,Storm Bird,Ivory Dawn,Irish River,Dancing Shadow
202603010212,,,,,,シュヴァルグラン,マザックヤース,ハーツクライ,ハルーワスウィート,キンシャサノキセキ,イーサンラヴ,サンデーサイレンス,アイリッシュダンス,Machiavellian,ハルーワソング,フジキセキ,ケルトシャーン,マイネルラヴ,アイティーシャイン,Halo,Wishing Well,トニービン,ビューパーダンス,Mr. Prospector,Coup de Folie,Nureyev,Morn of Song,サンデーサイレンス,ミルレーサー,Pleasant Colony,Featherhill,Seeking the Gold,Heart of Joy,ニホンピロウイナー,フラッシュアワー,Hail to Reason,Cosmah,Understanding,Mountain Flower,カンパラ,Severn Bridge,Lyphard,My Bupers,Raise a Native,Gold Digger,Halo,Raise the Standard,Northern Dancer,Special,Blushing Groom,Glorious Song,Halo,Wishing Well,Le Fabuleux,Marston's Mill,His Majesty,Sun Colony,Lyphard,Lady Berry,Mr. Prospector,Con Game,リィフォー,Mythographer,スティールハート,ニホンピロエバート,フラッシュオブスティール,セレーザ
202603010212,,,,,,ハービンジャー,タイヨウノコ,Dansili,Penang Pearl,エンパイアメーカー,ムーンライトソナタ,デインヒル,Hasili,Bering,Guapa,Unbridled,Toussaud,サクラバクシンオー,ブルースフォーユー,Danzig,Razyana,Kahyasi,Kerali,Arctic Tern,Beaune,Shareef Dancer,Sauceboat,Fappiano,Gana Facil,El Gran Senor,Image of Reality,サクラユタカオー,サクラハゴロモ,Cure the Blues,Arburie,Northern Dancer,Pas de Nom,His Majesty,Spring Adieu,イルドブルボン,Kadissya,High Line,Sookera,Sea-Bird,Bubbling Beauty,Lyphard,Barbra,Northern Dancer,Sweet Alliance,Connaught,Cranberry Sauce,Mr. Prospector,Killaloe,Le Fabuleux,Charedi,Northern Dancer,Sex Appeal,In Reality,Edee's Image,テスコボーイ,アンジェリカ,ノーザンテースト,クリアアンバー,Stop the Music,Quick Cure,Exbury,Ardelle
202603010212,,,,,,レイデオロ,ダンシングラグズ,キングカメハメハ,ラドラーダ,Union Rags,Home Court,Kingmambo,マンファス,シンボリクリスエス,レディブロンド,Dixie Union,Tempo,Storm Cat,Jewel Princess,Mr. Prospector,Miesque,ラストタイクーン,Pilot Bird,Kris S.,Tee Kay,Seeking the Gold,ウインドインハーヘア,Dixieland Band,She's Tops,Gone West,Terpsichorist,Storm Bird,Terlingua,Key to the Mint,Jewell Ridge,Raise a Native,Gold Digger,Nureyev,Pasadoble,トライマイベスト,Mill Princess,Blakeney,The Dancer,Roberto,Sharp Queen,Gold Meridian,Tri Argo,Mr. Prospector,Con Game,Alzao,Burghclere,Northern Dancer,Mississippi Mud,Capote,She's a Talent,Mr. Prospector,Secrettame,Nijinsky,Glad Rags,Northern Dancer,South Ocean,Secretariat,Crimson Saint,Graustark,Key Bridge,Melyno,Say What You Mean
202603010212,,,,,,スピルバーグ,ヤマカツマヤリス,ディープインパクト,プリンセスオリビア,クロフネ,ヤマカツスズラン,サンデーサイレンス,ウインドインハーヘア,Lycius,Dance Image,フレンチデピュティ,ブルーアヴェニュー,ジェイドロバリー,フジノタカコマチ,Halo,Wishing Well,Alzao,Burghclere,Mr. Prospector,Lypatia,Sadler's Wells,Diamond Spring,Deputy Minister,Mitterand,Classic Go Go,Eliza Blue,Mr. Prospector,Number,コリムスキー,コビナタヒメ,Hail to Reason,Cosmah,Understanding,Mountain Flower,Lyphard,Lady Rebecca,Busted,Highclere,Raise a Native,Gold Digger,Lyphard,Hypatia,Northern Dancer,Fairy Bridge,Vaguely Noble,Dumfries,Vice Regent,Mint Copy,Hold Your Peace,Laredo Lass,Pago Pago,Classic Perfection,Icecapade,コレラ,Raise a Native,Gold Digger,Nijinsky,Special,Northern Dancer,Libro D Oro,タマナー,タイムマンナ
202603010212,,,,,,アメリカンペイトリオット,タプローム,War Front,Life Well Lived,ケイムホーム,サンデーワールド,Danzig,Starry Dreamer,Tiznow,Well Dressed,Gone West,Nice Assay,サンデーサイレンス,シャドーワールド,Northern Dancer,Pas de Nom,Rubiano,Lara's Star,Cee's Tizzy,Cee's Song,Notebook,Trithenia,Mr. Prospector,Secrettame,Clever Trick,インフルヴユー,Halo,Wishing Well,Nijinsky,Rare Mint,Nearctic,Natalma,Admiral's Voyage,Petitioner,Fappiano,Ruby Slippers,Forli,True Reality,Relaunch,テイズリー,Seattle Song,Lonely Dancer,Well Decorated,Mobcap,Gold Meridian,Tri Argo,Raise a Native,Gold Digger,Secretariat,Tamerett,Icecapade,Kankakee Miss,Full Out,Turn n'See,Hail to Reason,Cosmah,Understanding,Mountain Flower,Northern Dancer,Flaming Page,Key to the Mint,Another Treat
202603010212,,,,,,ロジャーバローズ,ミーシャレヴュー,ディープインパクト,リトルブック,アグネスタキオン,ネームヴァリュー,サンデーサイレンス,ウインドインハーヘア,Librettist,Cal Norma's Lady,サンデーサイレンス,アグネスフローラ,Honour and Glory,マジソンカウンティ,Halo,Wishing Well,Alzao,Burghclere,Danzig,Mysterial,リファーズスペシャル,June Darling,Halo,Wishing Well,ロイヤルスキー,アグネスレディー,Relaunch,Fair to All,Seattle Slew,Steal a Kiss,Hail to Reason,Cosmah,Understanding,Mountain Flower,Lyphard,Lady Rebecca,Busted,Highclere,Northern Dancer,Pas de Nom,Alleged,Mysteries,Lyphard,My Bupers,ジュニアス,Beau Darling,Hail to Reason,Cosmah,Understanding,Mountain Flower,Raja Baba,Coz o'Nijinsky,リマンド,イコマエイカン,In Reality,Foggy Note,Al Nasr,Gonfalon,Bold Reasoning,My Charmer,Graustark,Queen's Paradise
202603010212,,,,,,マインドユアビスケッツ,ジョンブドール,Posse,Jazzmane,ステイゴールド,シャープキック,Silver Deputy,Raska,Toccet,Alljazz,サンデーサイレンス,ゴールデンサッシュ,メジロマックイーン,ペッパーキャロル,Deputy Minister,Silver Valley,Rahy,Borishka,Awesome Again,Cozzene's Angel,Stop the Music,Bounteous,Halo,Wishing Well,ディクタス,ダイナサッシュ,メジロティターン,メジロオーロラ,ニチドウアラシ,ダイナキャロル,Vice Regent,Mint Copy,Mr. Prospector,Seven Valleys,Blushing Groom,Glorious Song,Roberto,Queen Maud,Deputy Minister,Primal Force,Cozzene,Charming Pan,Hail to Reason,Bebopper,Master Derby,Mlle. Quille,Hail to Reason,Cosmah,Understanding,Mountain Flower,Sanctus,Doronic,ノーザンテースト,ロイヤルサッシュ,メジロアサマ,シエリル,リマンド,メジロアイリス,ボールドアンドエイブル,シャトーローズ,ノーザンテースト,クレアーブリッジ
202603010212,,,,,,シャンハイボビー,アルコセニョーラ,Harlan's Holiday,Steelin',ステイゴールド,サイレーン,Harlan,Christmas in Aiken,Orientate,Steel Band,サンデーサイレンス,ゴールデンサッシュ,モガンボ,ジョイデソアー,Storm Cat,Country Romance,Affirmed,Dowager,Mt. Livermore,Dream Team,Carson City,ウェディングバンド,Halo,Wishing Well,ディクタス,ダイナサッシュ,Mr. Prospector,Lakeville Miss,Caerleon,Late Evening,Storm Bird,Terlingua,Halo,Sweet Romance,Exclusive Native,Won't Tell You,Honest Pleasure,Princessnesian,Blushing Groom,Flama Ardiente,Cox's Ridge,Likely Double,Mr. Prospector,Blushing Promise,Mighty Appealing,Ring of Steel,Hail to Reason,Cosmah,Understanding,Mountain Flower,Sanctus,Doronic,ノーザンテースト,ロイヤルサッシュ,Raise a Native,Gold Digger,Rainy Lake,Hew,Nijinsky,Foreseer,Riverman,Evening Off
202603010212,,,,,,ヘニーヒューズ,メイグレイス,ヘネシー,Meadow Flyer,ネオユニヴァース,サンシャインステラ,Storm Cat,Island Kitty,Meadowlake,Shortley,サンデーサイレンス,ポインテッドパス,トニービン,ステラスポート,Storm Bird,Terlingua,Hawaii,T. C. Kitten,Hold Your Peace,Suspicious Native,Hagley,Short Winded,Halo,Wishing Well,Kris,Silken Way,カンパラ,Severn Bridge,ニゾン,モデルスポート,Northern Dancer,South Ocean,Secretariat,Crimson Saint,Utrillo,Ethane,Tom Cat,Needlebug,Speak John,Blue Moon,Raise a Native,Be Suspicious,Olden Times,Teo Pepi,Harvest Singing,Wild Cloud,Hail to Reason,Cosmah,Understanding,Mountain Flower,Sharpen Up,Doubly Sure,Shantung,Boulevard,Kalamoun,State Pension,Hornbeam,Priddy Fair,Nijinsky,Exit Smiling,モデルフール,マジックゴデイス
202603010212,,,,,,ルーラーシップ,エイジアンウインズ,キングカメハメハ,エアグルーヴ,フジキセキ,サクラサク,Kingmambo,マンファス,トニービン,ダイナカール,サンデーサイレンス,ミルレーサー,デインヒル,サクラフブキ,Mr. Prospector,Miesque,ラストタイクーン,Pilot Bird,カンパラ,Severn Bridge,ノーザンテースト,シャダイフェザー,Halo,Wishing Well,Le Fabuleux,Marston's Mill,Danzig,Razyana,フォーティナイナー,Bound,Raise a Native,Gold Digger,Nureyev,Pasadoble,トライマイベスト,Mill Princess,Blakeney,The Dancer,Kalamoun,State Pension,Hornbeam,Priddy Fair,Northern Dancer,Lady Victoria,ガーサント,パロクサイド,Hail to Reason,Cosmah,Understanding,Mountain Flower,Wild Risk,Anguar,In Reality,Millicent,Northern Dancer,Pas de Nom,His Majesty,Spring Adieu,Mr. Prospector,File,Nijinsky,Special
202603010212,,,,,,モーリス,アストラサンタン,スクリーンヒーロー,メジロフランシス,ハーツクライ,レンドフェリーチェ,グラスワンダー,ランニングヒロイン,カーネギー,メジロモントレー,サンデーサイレンス,アイリッシュダンス,Cozzene,レン,Silver Hawk,Ameriflora,サンデーサイレンス,ダイナアクトレス,Sadler's Wells,Detroit,モガミ,メジロクインシー,Halo,Wishing Well,トニービン,ビューパーダンス,Caro,Ride the Trails,Bob Back,In The Rigging,Roberto,Gris Vitesse,Danzig,Graceful Touch,Halo,Wishing Well,ノーザンテースト,モデルスポート,Northern Dancer,Fairy Bridge,Riverman,Derna,Lyphard,ノーラック,フィディオン,メジロボサツ,Hail to Reason,Cosmah,Understanding,Mountain Flower,カンパラ,Severn Bridge,Lyphard,My Bupers,フォルティノ,Chambord,Prince John,Wildwook,Roberto,Toter Back,Topsider,Love's Dream
202603010212,,,,,,バゴ,ゴールデンチャンス,Nashwan,Moonlight's Box,ステイゴールド,ファーザ,Blushing Groom,Height of Fashion,Nureyev,Coup de Genie,サンデーサイレンス,ゴールデンサッシュ,Mr. Prospector,Baya,Red God,Runaway Bride,Bustino,Highclere,Northern Dancer,Special,Mr. Prospector,Coup de Folie,Halo,Wishing Well,ディクタス,ダイナサッシュ,Raise a Native,Gold Digger,Nureyev,Barger,Nasrullah,Spring Run,Wild Risk,Aimee,Busted,Ship Yard,Queen's Hussar,Highlight,Nearctic,Natalma,Forli,Thong,Raise a Native,Gold Digger,Halo,Raise the Standard,Hail to Reason,Cosmah,Understanding,Mountain Flower,Sanctus,Doronic,ノーザンテースト,ロイヤルサッシュ,Native Dancer,Raise You,Nashua,Sequence,Northern Dancer,Special,Riverman,Trillion
