,枠,馬番,馬名,性齢,斤量,騎手,厩舎,所属,horse_id,jockey_id,父,母,母父,score,rank
0,1,1,マフィン,牝4,56.0,原,大和田,美浦,2021101219,01184,ミッキーアイル ,ティフィン ,トワイニング Twining(米) ,-2.2707611081781627,9
1,2,2,エイムフォーエース,牡4,58.0,三浦,武井,美浦,2021104167,01122,ビッグアーサー ,オービーレディー ,コマンダーインチーフ Commander in Chief(英) ,-1.9698884704117023,8
2,3,3,ラーテル,セ5,58.0,原田和,南田,美浦,2020104285,01143,ハービンジャー Harbinger(英) ,サプルマインド ,ディープインパクト ,-1.4064127178824068,6
3,4,4,ラテラルシンキング,牡5,58.0,石川,黒岩,美浦,2020102861,01150,ルーラーシップ ,パープルセイル ,フジキセキ ,-1.4798405823995466,7
4,5,5,コンテネレッツア,牝4,56.0,戸崎圭,宮田,美浦,2021105367,05386,モーリス ,ボージェスト ,キングカメハメハ ,1.596872129268103,1
5,6,6,オーシャントライブ,セ5,58.0,坂井,高柳大,栗東,2020103538,01163,キズナ ,スマッシュハート ,キングカメハメハ ,-0.13204961685267494,5
6,7,7,ケイデンシーマーク,牝5,56.0,川田,福永,栗東,2020103241,01088,,,,1.0522415012246624,2
7,8,8,ボーモンド,牡4,58.0,ルメール,国枝,美浦,2021105777,05339,,,,0.8244065778036471,3
8,8,9,マテンロウボンド,牡6,58.0,横山武,野中,栗東,2019103659,01170,,,,0.46677433453515227,4
