,peds_0,peds_1,peds_2,peds_3,peds_4,peds_5,peds_6,peds_7,peds_8,peds_9,peds_10,peds_11,peds_12,peds_13,peds_14,peds_15,peds_16,peds_17,peds_18,peds_19,peds_20,peds_21,peds_22,peds_23,peds_24,peds_25,peds_26,peds_27,peds_28,peds_29,peds_30,peds_31,peds_32,peds_33,peds_34,peds_35,peds_36,peds_37,peds_38,peds_39,peds_40,peds_41,peds_42,peds_43,peds_44,peds_45,peds_46,peds_47,peds_48,peds_49,peds_50,peds_51,peds_52,peds_53,peds_54,peds_55,peds_56,peds_57,peds_58,peds_59,peds_60,peds_61
2023104766,ルヴァンスレーヴ,ゴッドビラブドミー,シンボリクリスエス,マエストラーレ,ブライアンズタイム,ゴッドインチーフ,Kris S.,Tee Kay,ネオユニヴァース,オータムブリーズ,Roberto,Kelley's Day,コマンダーインチーフ,ファーガーズプロスペクト,Roberto,Sharp Queen,Gold Meridian,Tri Argo,サンデーサイレンス,ポインテッドパス,ティンバーカントリー,セプテンバーソング,Hail to Reason,Bramalea,Graustark,Golden Trail,ダンシングブレーヴ,Slightly Dangerous,Chief's Crown,Fager's Glory,Hail to Reason,Bramalea,Princequillo,Bridgework,Seattle Slew,Queen Louie,Tri Jet,Hail Proudly,Halo,Wishing Well,Kris,Silken Way,Woodman,Fall Aspen,リアルシャダイ,ダイナフェアリー,Turn-to,Nothirdchance,Nashua,Rarelea,Ribot,Flower Bowl,Hasty Road,Sunny Vale,Lyphard,Navajo Princess,Roberto,Where You Lead,Danzig,Six Crowns,Mr. Prospector,Street's Glory
2023104332,ヤマカツエース,ラグタイム,キングカメハメハ,ヤマカツマリリン,ディープインパクト,エーソングフォー,Kingmambo,マンファス,グラスワンダー,イクセプトフォーワンダ,サンデーサイレンス,ウインドインハーヘア,More Than Ready,Miss Garland,Mr. Prospector,Miesque,ラストタイクーン,Pilot Bird,Silver Hawk,Ameriflora,Tejabo,Unique Gal,Halo,Wishing Well,Alzao,Burghclere,サザンヘイロー,Woodman's Girl,パレスミュージック,Miss Actress,Raise a Native,Gold Digger,Nureyev,Pasadoble,トライマイベスト,Mill Princess,Blakeney,The Dancer,Roberto,Gris Vitesse,Danzig,Graceful Touch,Deputy Minister,Cutty,Bold Ruckus,Spin to Win,Hail to Reason,Cosmah,Understanding,Mountain Flower,Lyphard,Lady Rebecca,Busted,Highclere,Halo,Northern Sea,Woodman,Becky Be Good,The Minstrel,Come My Prince,Mr. Cockatoo,T. V. Actress
2023105262,サートゥルナーリア,アイムユアーズ,ロードカナロア,シーザリオ,ファルブラヴ,セシルブルース,キングカメハメハ,レディブラッサム,スペシャルウィーク,キロフプリミエール,Fairy King,Gift of the Night,エルコンドルパサー,セシルカット,Kingmambo,マンファス,Storm Cat,サラトガデュー,サンデーサイレンス,キャンペンガール,Sadler's Wells,Querida,Northern Dancer,Fairy Bridge,Slewpy,Little Nana,Kingmambo,サドラーズギャル,サンデーサイレンス,ダイナカール,Mr. Prospector,Miesque,ラストタイクーン,Pilot Bird,Storm Bird,Terlingua,Cormorant,Super Luna,Halo,Wishing Well,マルゼンスキー,レディーシラオキ,Northern Dancer,Fairy Bridge,Habitat,Principia,Nearctic,Natalma,Bold Reason,Special,Seattle Slew,Rare Bouquet,Lithiot,Nenana Road,Mr. Prospector,Miesque,Sadler's Wells,Glenveagh,Halo,Wishing Well,ノーザンテースト,シャダイフェザー
2023100063,シニスターミニスター,コウエイダリア,Old Trieste,Sweet Minister,ジャングルポケット,ツルマルアイ,A.P. Indy,Lovlier Linda,The Prime Minister,Sweet Blue,トニービン,ダンスチャーマー,タイキシャトル,サンデーアイ,Seattle Slew,Weekend Surprise,Vigors,Linda Summers,Deputy Minister,Stick to Beauty,Hurry Up Blue,Sugar Gold,カンパラ,Severn Bridge,Nureyev,Skillful Joy,Devil's Bag,ウェルシュマフィン,サンデーサイレンス,ヒコ,Bold Reasoning,My Charmer,Secretariat,Lassie Dear,Grey Dawn,Relifordie,Crozier,Queenly Gift,Vice Regent,Mint Copy,Illustrious,Hail to Beauty,Mr. Leader,Blue Baroness,Mr. Prospector,Miss Ironside,Kalamoun,State Pension,Hornbeam,Priddy Fair,Northern Dancer,Special,Nodouble,Skillful Miss,Halo,Ballade,Caerleon,Muffitys,Halo,Wishing Well,Nijinsky,Funny Funny Ache
2023106362,ハービンジャー,ゴーノニゴー,Dansili,Penang Pearl,Get Stormy,Lady Larkspur,デインヒル,Hasili,Bering,Guapa,Stormy Atlantic,Foolish Gal,Perfect Soul,Ale Eight Woman,Danzig,Razyana,Kahyasi,Kerali,Arctic Tern,Beaune,Shareef Dancer,Sauceboat,Storm Cat,Hail Atlantis,Kiri's Clown,Galaxy North,Sadler's Wells,Ball Chairman,Gone West,Solid Eight,Northern Dancer,Pas de Nom,His Majesty,Spring Adieu,イルドブルボン,Kadissya,High Line,Sookera,Sea-Bird,Bubbling Beauty,Lyphard,Barbra,Northern Dancer,Sweet Alliance,Connaught,Cranberry Sauce,Storm Bird,Terlingua,Seattle Slew,Flippers,Foolish Pleasure,Kiri,Far North,Hayley Nicole,Northern Dancer,Fairy Bridge,Secretariat,A Status Symbol,Mr. Prospector,Secrettame,Fit to Fight,Greenness
2023101461,ジャスタウェイ,ブルーライト,ハーツクライ,シビル,ルーラーシップ,キトゥンブルー,サンデーサイレンス,アイリッシュダンス,Wild Again,シャロン,キングカメハメハ,エアグルーヴ,ダンスインザダーク,キトゥントリックス,Halo,Wishing Well,トニービン,ビューパーダンス,Icecapade,Bushel-n-Peck,Mo Exception,Double Wiggle,Kingmambo,マンファス,トニービン,ダイナカール,サンデーサイレンス,ダンシングキイ,Storm Cat,Tricky Game,Hail to Reason,Cosmah,Understanding,Mountain Flower,カンパラ,Severn Bridge,Lyphard,My Bupers,Nearctic,Shenanigans,Khaled,Dama,Hard Work,With Exception,Sir Wiggle,Blue Double,Mr. Prospector,Miesque,ラストタイクーン,Pilot Bird,カンパラ,Severn Bridge,ノーザンテースト,シャダイフェザー,Halo,Wishing Well,Nijinsky,Key Partner,Storm Bird,Terlingua,Majestic Light,Con Game
2023104226,エスポワールシチー,アラモアナワヒネ,ゴールドアリュール,エミネントシチー,グラスワンダー,プリティタヤス,サンデーサイレンス,ニキーヤ,ブライアンズタイム,ヘップバーンシチー,Silver Hawk,Ameriflora,マーベラスサンデー,ライトシップ,Halo,Wishing Well,Nureyev,Reluctant Guest,Roberto,Kelley's Day,ブレイヴェストローマン,コンパルシチー,Roberto,Gris Vitesse,Danzig,Graceful Touch,サンデーサイレンス,モミジダンサー,Majestic Light,Navsup,Hail to Reason,Cosmah,Understanding,Mountain Flower,Northern Dancer,Special,Hostage,Vaguely Royal,Hail to Reason,Bramalea,Graustark,Golden Trail,Never Bend,Roman Song,トラフィック,リンネス,Hail to Reason,Bramalea,Amerigo,Matchiche,Northern Dancer,Pas de Nom,His Majesty,Pi Phi Gal,Halo,Wishing Well,ヴァイスリーガル,モミジ,Majestic Prince,Irradiate,Tatan,Busanda
2023101778,ビーチパトロール,カンパニュラ,Lemon Drop Kid,Bashful Bertie,マンハッタンカフェ,ヒシヴァリアント,Kingmambo,Charming Lassie,Quiet American,Clever Bertie,サンデーサイレンス,サトルチェンジ,Galileo,アニマ,Mr. Prospector,Miesque,Seattle Slew,Lassie Dear,Fappiano,Demure,Timeless Native,Clever But Costly,Halo,Wishing Well,Law Society,Santa Luciana,Sadler's Wells,Urban Sea,Ajdal,Cocotte,Raise a Native,Gold Digger,Nureyev,Pasadoble,Bold Reasoning,My Charmer,Buckpasser,Gay Missile,Mr. Prospector,Killaloe,Dr. Fager,Quiet Charm,Timeless Moment,Head Off,Clever Trick,Swoonlow,Hail to Reason,Cosmah,Understanding,Mountain Flower,Alleged,Bold Bikini,Luciano,Suleika,Northern Dancer,Fairy Bridge,Miswaki,Allegretta,Northern Dancer,Native Partner,Troy,Gay Milly
2023106378,サンダースノー,パーフェクトラヴ,Helmet,Eastern Joy,オルフェーヴル,ハイアーラヴ,Exceed And Excel,Accessories,Dubai Destination,Red Slippers,ステイゴールド,オリエンタルアート,Sadler's Wells,Dollar Bird,デインヒル,Patrona,Singspiel,Anna Matrushka,Kingmambo,Mysterial,Nureyev,Morning Devotion,サンデーサイレンス,ゴールデンサッシュ,メジロマックイーン,エレクトロアート,Northern Dancer,Fairy Bridge,Kris,High Spirited,Danzig,Razyana,Lomond,Gladiolus,In the Wings,Glorious Song,Mill Reef,Anna Paola,Mr. Prospector,Miesque,Alleged,Mysteries,Northern Dancer,Special,Affirmed,Morning Has Broken,Halo,Wishing Well,ディクタス,ダイナサッシュ,メジロティターン,メジロオーロラ,ノーザンテースト,グランマスティーヴンス,Nearctic,Natalma,Bold Reason,Special,Sharpen Up,Doubly Sure,Shirley Heights,Sunbittern
2023103600,エピファネイア,レッドシルヴィ,シンボリクリスエス,シーザリオ,ヴィクトワールピサ,ダンスーズデトワール,Kris S.,Tee Kay,スペシャルウィーク,キロフプリミエール,ネオユニヴァース,ホワイトウォーターアフェア,Highest Honor,Latifolia,Roberto,Sharp Queen,Gold Meridian,Tri Argo,サンデーサイレンス,キャンペンガール,Sadler's Wells,Querida,サンデーサイレンス,ポインテッドパス,Machiavellian,Much Too Risky,Kenmare,High River,ダンシングブレーヴ,ラストカマー,Hail to Reason,Bramalea,Princequillo,Bridgework,Seattle Slew,Queen Louie,Tri Jet,Hail Proudly,Halo,Wishing Well,マルゼンスキー,レディーシラオキ,Northern Dancer,Fairy Bridge,Habitat,Principia,Halo,Wishing Well,Kris,Silken Way,Mr. Prospector,Coup de Folie,Bustino,Short Rations,Kalamoun,Belle of Ireland,Riverman,Hairbrush,Lyphard,Navajo Princess,Kris,Hatter's Dream
2023103931,タリスマニック,ユーセイクインサー,Medaglia d'Oro,Magic Mission,タイムパラドックス,アルカネット,El Prado,Cappucino Bay,Machiavellian,Dream Ticket,ブライアンズタイム,ジョリーザザ,ダンスインザダーク,パーフェクション,Sadler's Wells,Lady Capulet,Bailjumper,Dubbed In,Mr. Prospector,Coup de Folie,Danzig,Capo Di Monte,Roberto,Kelley's Day,Alzao,Bold Lady,サンデーサイレンス,ダンシングキイ,Machiavellian,チーフオナメント,Northern Dancer,Fairy Bridge,Sir Ivor,Cap and Bells,Damascus,Court Circuit,Silent Screen,Society Singer,Raise a Native,Gold Digger,Halo,Raise the Standard,Northern Dancer,Pas de Nom,Final Straw,Burghclere,Hail to Reason,Bramalea,Graustark,Golden Trail,Lyphard,Lady Rebecca,ボールドラツド,Tredam,Halo,Wishing Well,Nijinsky,Key Partner,Mr. Prospector,Coup de Folie,Chief's Crown,Embellished
2023102390,ディーマジェスティ,テルヌーヴ,ディープインパクト,エルメスティアラ,Henrythenavigator,Ms Louisett,サンデーサイレンス,ウインドインハーヘア,ブライアンズタイム,シンコウエルメス,Kingmambo,Sequoyah,Siphon,Juliac,Halo,Wishing Well,Alzao,Burghclere,Roberto,Kelley's Day,Sadler's Wells,Doff the Derby,Mr. Prospector,Miesque,Sadler's Wells,Brigid,Itajara,Ebrea,Accipiter,Juliet,Hail to Reason,Cosmah,Understanding,Mountain Flower,Lyphard,Lady Rebecca,Busted,Highclere,Hail to Reason,Bramalea,Graustark,Golden Trail,Northern Dancer,Fairy Bridge,Master Derby,Margarethen,Raise a Native,Gold Digger,Nureyev,Pasadoble,Northern Dancer,Fairy Bridge,Irish River,Luv Luvin',Felicio,Apple Honey,Kublai Khan,Resela,Damascus,Kingsland,Nearctic,Hop 'n' Skip
2023103693,ニューイヤーズデイ,シャルロワ,Street Cry,Justwhistledixie,ハーツクライ,フェリシア,Machiavellian,Helen Street,Dixie Union,General Jeanne,サンデーサイレンス,アイリッシュダンス,グラスワンダー,フェルモイ,Mr. Prospector,Coup de Folie,Troy,Waterway,Dixieland Band,She's Tops,Honour and Glory,Ahpo Hel,Halo,Wishing Well,トニービン,ビューパーダンス,Silver Hawk,Ameriflora,Irish River,Victoress,Raise a Native,Gold Digger,Halo,Raise the Standard,Petingo,La Milo,Riverman,Boulevard,Northern Dancer,Mississippi Mud,Capote,She's a Talent,Relaunch,Fair to All,Mr. Leader,Tiy,Hail to Reason,Cosmah,Understanding,Mountain Flower,カンパラ,Severn Bridge,Lyphard,My Bupers,Roberto,Gris Vitesse,Danzig,Graceful Touch,Riverman,Irish Star,Conquistador Cielo,Royal Statute
2023102422,ベンバトル,ミラビリア,Dubawi,Nahrain,マツリダゴッホ,タニノエクセレント,Dubai Millennium,Zomaradah,Selkirk,Bahr,サンデーサイレンス,ペイパーレイン,ブライアンズタイム,タニノシスター,Seeking the Gold,Colorado Dancer,Deploy,Jawaher,Sharpen Up,Annie Edge,ジェネラス,Lady of the Sea,Halo,Wishing Well,Bel Bolide,フローラルマジック,Roberto,Kelley's Day,ルション,エナジートウショウ,Mr. Prospector,Con Game,Shareef Dancer,Fall Aspen,Shirley Heights,Slightly Dangerous,ダンシングブレーヴ,High Tern,エタン,Rocchetta,Nebbiolo,Friendly Court,Caerleon,Doff the Derby,Mill Reef,La Mer,Hail to Reason,Cosmah,Understanding,Mountain Flower,Bold Bidder,Lady Graustark,Affirmed,Rare Lady,Hail to Reason,Bramalea,Graustark,Golden Trail,Riverman,ベルドリーヌ,トウショウボーイ,コーニストウショウ
2023105728,モズアスコット,セイギハカツ,Frankel,India,Raven's Pass,スポークスウーマン,Galileo,Kind,ヘネシー,Misty Hour,Elusive Quality,Ascutney,Invincible Spirit,Devil's Imp,Sadler's Wells,Urban Sea,デインヒル,Rainbow Lake,Storm Cat,Island Kitty,Miswaki,Our Tina Marie,Gone West,Touch of Greatness,Lord at War,Right Word,Green Desert,Rafha,Cadeaux Genereux,High Spirited,Northern Dancer,Fairy Bridge,Miswaki,Allegretta,Danzig,Razyana,Rainbow Quest,Rockfest,Storm Bird,Terlingua,Hawaii,T. C. Kitten,Mr. Prospector,Hopespringseternal,Nijinsky,Java Moon,Mr. Prospector,Secrettame,Hero's Honor,Ivory Wand,General,Luna de Miel,Verbatim,Oratorio,Danzig,Foreign Courier,Kris,Eljazzi,Young Generation,Smarten Up,Shirley Heights,Sunbittern
2023104001,アメリカンペイトリオット,シャインレジーナ,War Front,Life Well Lived,アグネスタキオン,タイムフェアレディ,Danzig,Starry Dreamer,Tiznow,Well Dressed,サンデーサイレンス,アグネスフローラ,メジロマックイーン,トキファイター,Northern Dancer,Pas de Nom,Rubiano,Lara's Star,Cee's Tizzy,Cee's Song,Notebook,Trithenia,Halo,Wishing Well,ロイヤルスキー,アグネスレディー,メジロティターン,メジロオーロラ,カツラギエース,ダンシングファイタ,Nearctic,Natalma,Admiral's Voyage,Petitioner,Fappiano,Ruby Slippers,Forli,True Reality,Relaunch,テイズリー,Seattle Song,Lonely Dancer,Well Decorated,Mobcap,Gold Meridian,Tri Argo,Hail to Reason,Cosmah,Understanding,Mountain Flower,Raja Baba,Coz o'Nijinsky,リマンド,イコマエイカン,メジロアサマ,シエリル,リマンド,メジロアイリス,ボイズィーボーイ,タニノベンチヤ,ダンシングキャップ,キシューファイター
2023100718,コントレイル,ピエナミント,ディープインパクト,ロードクロサイト,ノヴェリスト,スペシャルフロート,サンデーサイレンス,ウインドインハーヘア,Unbridled's Song,Folklore,Monsun,Night Lagoon,スペシャルウィーク,ダイイチフローネ,Halo,Wishing Well,Alzao,Burghclere,Unbridled,Trolley Song,Tiznow,Contrive,Konigsstuhl,Mosella,Lagunas,Nenuphar,サンデーサイレンス,キャンペンガール,リアルシャダイ,レガシーオブストレングス,Hail to Reason,Cosmah,Understanding,Mountain Flower,Lyphard,Lady Rebecca,Busted,Highclere,Fappiano,Gana Facil,Caro,Lucky Spell,Cee's Tizzy,Cee's Song,Storm Cat,Jeano,Dschingis Khan,Konigskronung,Surumu,Monasia,イルドブルボン,Liranga,Night Shift,Narola,Halo,Wishing Well,マルゼンスキー,レディーシラオキ,Roberto,Desert Vixen,Affirmed,Katonka
2023106258,アジアエクスプレス,ニシノアメイズ,ヘニーヒューズ,ランニングボブキャッツ,リーチザクラウン,ジョウノベネチア,ヘネシー,Meadow Flyer,Running Stag,Backatem,スペシャルウィーク,クラウンピース,アフリート,ダイナバーディ,Storm Cat,Island Kitty,Meadowlake,Shortley,Cozzene,Fruhlingstag,Notebook,Deputy's Mistress,サンデーサイレンス,キャンペンガール,Seattle Slew,クラシッククラウン,Mr. Prospector,Polite Lady,ノーザンテースト,タミーズターン,Storm Bird,Terlingua,Hawaii,T. C. Kitten,Hold Your Peace,Suspicious Native,Hagley,Short Winded,Caro,Ride the Trails,Orsini,Revada,Well Decorated,Mobcap,Deputy Minister,River Crossing,Halo,Wishing Well,マルゼンスキー,レディーシラオキ,Bold Reasoning,My Charmer,Mr. Prospector,Six Crowns,Raise a Native,Gold Digger,Venetian Jester,Friendly Ways,Northern Dancer,Lady Victoria,Turn-to,Tammy Twist
2023106232,アニマルキングダム,ナムラユメ,Leroidesanimaux,ダリシア,ゼンノロブロイ,ビストロドゥパリ,Candy Stripes,Dissemble,Acatenango,Dynamis,サンデーサイレンス,ローミンレイチェル,フレンチグローリー,ドッフ,Blushing Groom,バブルカンパニー,Ahonoora,Kerali,Surumu,Aggravate,ダンシングブレーヴ,Diasprina,Halo,Wishing Well,マイニング,One Smart Lady,Sadler's Wells,デユネット,Mr. Prospector,Furling,Red God,Runaway Bride,Lyphard,Prodice,Lorenzaccio,Helen Nichols,High Line,Sookera,Literat,Surama,Aggressor,Raven Locks,Lyphard,Navajo Princess,Aspros,Dorle,Hail to Reason,Cosmah,Understanding,Mountain Flower,Mr. Prospector,I Pass,Clever Trick,Pia's Lady,Northern Dancer,Fairy Bridge,ハードツービート,Pram,Raise a Native,Gold Digger,Hoist the Flag,Continue
2023103357,シャンハイボビー,エレベル,Harlan's Holiday,Steelin',ディープインパクト,オンヴェラ,Harlan,Christmas in Aiken,Orientate,Steel Band,サンデーサイレンス,ウインドインハーヘア,Smart Strike,Karmifira,Storm Cat,Country Romance,Affirmed,Dowager,Mt. Livermore,Dream Team,Carson City,ウェディングバンド,Halo,Wishing Well,Alzao,Burghclere,Mr. Prospector,Classy 'n Smart,Always Fair,Karmiska,Storm Bird,Terlingua,Halo,Sweet Romance,Exclusive Native,Won't Tell You,Honest Pleasure,Princessnesian,Blushing Groom,Flama Ardiente,Cox's Ridge,Likely Double,Mr. Prospector,Blushing Promise,Mighty Appealing,Ring of Steel,Hail to Reason,Cosmah,Understanding,Mountain Flower,Lyphard,Lady Rebecca,Busted,Highclere,Raise a Native,Gold Digger,Smarten,No Class,Danzig,Carduel,Bikala,Karmisyn
2023101689,タリスマニック,ケンアマツカゼ,Medaglia d'Oro,Magic Mission,マーベラスサンデー,セイントエンジェル,El Prado,Cappucino Bay,Machiavellian,Dream Ticket,サンデーサイレンス,モミジダンサー,プレミアムサンダー,セイントセーラ,Sadler's Wells,Lady Capulet,Bailjumper,Dubbed In,Mr. Prospector,Coup de Folie,Danzig,Capo Di Monte,Halo,Wishing Well,ヴァイスリーガル,モミジ,Easy Goer,Seattle Dawn,Caerleon,マラブー,Northern Dancer,Fairy Bridge,Sir Ivor,Cap and Bells,Damascus,Court Circuit,Silent Screen,Society Singer,Raise a Native,Gold Digger,Halo,Raise the Standard,Northern Dancer,Pas de Nom,Final Straw,Burghclere,Hail to Reason,Cosmah,Understanding,Mountain Flower,Northern Dancer,Victoria Regina,Laugh Aloud,Hold Me Close,Alydar,Relaxing,Grey Dawn,Embellished,Nijinsky,Foreseer,Roberto,Last Feather
2023105102,サートゥルナーリア,クールアンフルール,ロードカナロア,シーザリオ,サクラバクシンオー,フレッシュミドリ,キングカメハメハ,レディブラッサム,スペシャルウィーク,キロフプリミエール,サクラユタカオー,サクラハゴロモ,ブレイヴェストローマン,ラストカツティング,Kingmambo,マンファス,Storm Cat,サラトガデュー,サンデーサイレンス,キャンペンガール,Sadler's Wells,Querida,テスコボーイ,アンジェリカ,ノーザンテースト,クリアアンバー,Never Bend,Roman Song,Final Straw,Cutle,Mr. Prospector,Miesque,ラストタイクーン,Pilot Bird,Storm Bird,Terlingua,Cormorant,Super Luna,Halo,Wishing Well,マルゼンスキー,レディーシラオキ,Northern Dancer,Fairy Bridge,Habitat,Principia,Princely Gift,Suncourt,ネヴァービート,スターハイネス,Northern Dancer,Lady Victoria,Ambiopoise,One Clear Call,Nasrullah,Lalun,Roman,Quiz Song,Thatch,Last Call,セントクレスピン,Cutter
2023102038,タワーオブロンドン,レジャンドローズ,Raven's Pass,スノーパイン,モーリス,ドリーミートーツ,Elusive Quality,Ascutney,Dalakhani,シンコウエルメス,スクリーンヒーロー,メジロフランシス,ジャングルポケット,ローズバド,Gone West,Touch of Greatness,Lord at War,Right Word,Darshaan,Daltawa,Sadler's Wells,Doff the Derby,グラスワンダー,ランニングヒロイン,カーネギー,メジロモントレー,トニービン,ダンスチャーマー,サンデーサイレンス,ロゼカラー,Mr. Prospector,Secrettame,Hero's Honor,Ivory Wand,General,Luna de Miel,Verbatim,Oratorio,Shirley Heights,Delsy,Miswaki,Damana,Northern Dancer,Fairy Bridge,Master Derby,Margarethen,Silver Hawk,Ameriflora,サンデーサイレンス,ダイナアクトレス,Sadler's Wells,Detroit,モガミ,メジロクインシー,カンパラ,Severn Bridge,Nureyev,Skillful Joy,Halo,Wishing Well,Shirley Heights,ローザネイ
2023103002,シュヴァルグラン,エムエヌメロディー,ハーツクライ,ハルーワスウィート,グラスワンダー,ムーンセレナード,サンデーサイレンス,アイリッシュダンス,Machiavellian,ハルーワソング,Silver Hawk,Ameriflora,ミスターシービー,ダイナセレナード,Halo,Wishing Well,トニービン,ビューパーダンス,Mr. Prospector,Coup de Folie,Nureyev,Morn of Song,Roberto,Gris Vitesse,Danzig,Graceful Touch,トウショウボーイ,シービークイン,エルセンタウロ,フリソデ,Hail to Reason,Cosmah,Understanding,Mountain Flower,カンパラ,Severn Bridge,Lyphard,My Bupers,Raise a Native,Gold Digger,Halo,Raise the Standard,Northern Dancer,Special,Blushing Groom,Glorious Song,Hail to Reason,Bramalea,Amerigo,Matchiche,Northern Dancer,Pas de Nom,His Majesty,Pi Phi Gal,テスコボーイ,ソシアルバターフライ,トピオ,メイドウ,Sideral,Planetaria,Noholme,Mr. B's Sister
2023103592,ニューイヤーズデイ,レイクキャリー,Street Cry,Justwhistledixie,ダイワメジャー,リリーアメリカ,Machiavellian,Helen Street,Dixie Union,General Jeanne,サンデーサイレンス,スカーレットブーケ,American Post,Miller's Lily,Mr. Prospector,Coup de Folie,Troy,Waterway,Dixieland Band,She's Tops,Honour and Glory,Ahpo Hel,Halo,Wishing Well,ノーザンテースト,スカーレットインク,Bering,Wells Fargo,ミラーズメイト,Lymara,Raise a Native,Gold Digger,Halo,Raise the Standard,Petingo,La Milo,Riverman,Boulevard,Northern Dancer,Mississippi Mud,Capote,She's a Talent,Relaunch,Fair to All,Mr. Leader,Tiy,Hail to Reason,Cosmah,Understanding,Mountain Flower,Northern Dancer,Lady Victoria,Crimson Satan,Consentida,Arctic Tern,Beaune,Sadler's Wells,Cruising Height,Mill Reef,Primatie,Lyphard,Maradadi
2023103189,フィレンツェファイア,テンザンオトヒメ,Poseidon's Warrior,My Every Wish,フジキセキ,パパラッシオ,Speightstown,Poised to Pounce,Langfuhr,Mille Lacs,サンデーサイレンス,ミルレーサー,Nureyev,Population,Gone West,Silken Cat,Smarten,Lady Lyndy,Danzig,Sweet Briar Too,Unbridled,With Every Wish,Halo,Wishing Well,Le Fabuleux,Marston's Mill,Northern Dancer,Special,General Assembly,Prudent Girl,Mr. Prospector,Secrettame,Storm Cat,Silken Doll,Cyane,Smartaire,Bold Favorite,Counterflight,Northern Dancer,Pas de Nom,Briartic,Prima Babu Gum,Fappiano,Gana Facil,Lear Fan,Amo,Hail to Reason,Cosmah,Understanding,Mountain Flower,Wild Risk,Anguar,In Reality,Millicent,Nearctic,Natalma,Forli,Thong,Secretariat,Exclusive Dancer,プリメラ,Bride Elect
2023107017,アドマイヤマーズ,サンカルパ,ダイワメジャー,ヴィアメディチ,True Cause,Lima de Veras,サンデーサイレンス,スカーレットブーケ,Medicean,Via Milano,Storm Cat,Dearly,Sekari,Miss Baby,Halo,Wishing Well,ノーザンテースト,スカーレットインク,Machiavellian,Mystic Goddess,Singspiel,Salvinaxia,Storm Bird,Terlingua,Rahy,Destiny Dance,Polish Precedent,Secret Seeker,Saint Sever,Miss Bimba,Hail to Reason,Cosmah,Understanding,Mountain Flower,Northern Dancer,Lady Victoria,Crimson Satan,Consentida,Mr. Prospector,Coup de Folie,Storm Bird,Rose Goddess,In the Wings,Glorious Song,Linamix,Salve,Northern Dancer,South Ocean,Secretariat,Crimson Saint,Blushing Groom,Glorious Song,Nijinsky,Althea,Danzig,Past Example,Mr. Prospector,Secrettame,Lyphard,Suffisante,Our Talisman,Miss Venecia
2023106516,ドレフォン,エイシンシラユキ,Gio Ponti,Eltimaas,クロフネ,エイシンワンシャン,Tale of the Cat,Chipeta Springs,Ghostzapper,Najecam,フレンチデピュティ,ブルーアヴェニュー,トニービン,エイシンテネシー,Storm Cat,Yarn,Alydar,Salt Spring,Awesome Again,Baby Zip,Trempolino,Sue Warner,Deputy Minister,Mitterand,Classic Go Go,Eliza Blue,カンパラ,Severn Bridge,Vice Regent,Castle Royale,Storm Bird,Terlingua,Mr. Prospector,Narrate,Raise a Native,Sweet Tooth,Salt Marsh,Jungle Mythologic,Deputy Minister,Primal Force,Relaunch,Thirty Zip,Sharpen Up,Trephine,Forli,Bitty Girl,Vice Regent,Mint Copy,Hold Your Peace,Laredo Lass,Pago Pago,Classic Perfection,Icecapade,コレラ,Kalamoun,State Pension,Hornbeam,Priddy Fair,Northern Dancer,Victoria Regina,Slady Castle,Dotsie Go
2023105638,レイデオロ,コンシダレイト,キングカメハメハ,ラドラーダ,Dansili,Concentric,Kingmambo,マンファス,シンボリクリスエス,レディブロンド,デインヒル,Hasili,Sadler's Wells,Apogee,Mr. Prospector,Miesque,ラストタイクーン,Pilot Bird,Kris S.,Tee Kay,Seeking the Gold,ウインドインハーヘア,Danzig,Razyana,Kahyasi,Kerali,Northern Dancer,Fairy Bridge,Shirley Heights,Bourbon Girl,Raise a Native,Gold Digger,Nureyev,Pasadoble,トライマイベスト,Mill Princess,Blakeney,The Dancer,Roberto,Sharp Queen,Gold Meridian,Tri Argo,Mr. Prospector,Con Game,Alzao,Burghclere,Northern Dancer,Pas de Nom,His Majesty,Spring Adieu,イルドブルボン,Kadissya,High Line,Sookera,Nearctic,Natalma,Bold Reason,Special,Mill Reef,Hardiemma,イルドブルボン,Fleet Girl
2023104172,ミスチヴィアスアレックス,クロランサス,Into Mischief,White Pants Night,ディープインパクト,クリアンサス,Harlan's Holiday,Leslie's Lady,Speightstown,More d'Amour,サンデーサイレンス,ウインドインハーヘア,Redoute's Choice,フラワーパーク,Harlan,Christmas in Aiken,Tricky Creek,Crystal Lady,Gone West,Silken Cat,Tour d'Or,Love Connection,Halo,Wishing Well,Alzao,Burghclere,デインヒル,Shantha's Choice,ニホンピロウイナー,ノーザンフラワー,Storm Cat,Country Romance,Affirmed,Dowager,Clever Trick,Battle Creek Girl,Stop the Music,One Last Bird,Mr. Prospector,Secrettame,Storm Cat,Silken Doll,Medaille d'Or,Debby's Turn,Master Derby,Perfect Connection,Hail to Reason,Cosmah,Understanding,Mountain Flower,Lyphard,Lady Rebecca,Busted,Highclere,Danzig,Razyana,Canny Lad,Dancing Show,スティールハート,ニホンピロエバート,ノーザンテースト,ファイアフラワー
2023103441,モーリス,ジョイフルビクトリー,スクリーンヒーロー,メジロフランシス,Tapit,Wild Lucy Black,グラスワンダー,ランニングヒロイン,カーネギー,メジロモントレー,Pulpit,Tap Your Heels,Wild Again,Lucy Black,Silver Hawk,Ameriflora,サンデーサイレンス,ダイナアクトレス,Sadler's Wells,Detroit,モガミ,メジロクインシー,A.P. Indy,Preach,Unbridled,Ruby Slippers,Icecapade,Bushel-n-Peck,Alydar,Black Eyed Lucy,Roberto,Gris Vitesse,Danzig,Graceful Touch,Halo,Wishing Well,ノーザンテースト,モデルスポート,Northern Dancer,Fairy Bridge,Riverman,Derna,Lyphard,ノーラック,フィディオン,メジロボサツ,Seattle Slew,Weekend Surprise,Mr. Prospector,Narrate,Fappiano,Gana Facil,Nijinsky,Moon Glitter,Nearctic,Shenanigans,Khaled,Dama,Raise a Native,Sweet Tooth,プリンスロイヤル,Lady o'War
2023102967,クリソベリル,ワインレッドローズ,ゴールドアリュール,クリソプレーズ,ルーラーシップ,ダイワジャンヌ,サンデーサイレンス,ニキーヤ,エルコンドルパサー,キャサリーンパー,キングカメハメハ,エアグルーヴ,タニノギムレット,ケーキカット,Halo,Wishing Well,Nureyev,Reluctant Guest,Kingmambo,サドラーズギャル,Riverman,Regal Exception,Kingmambo,マンファス,トニービン,ダイナカール,ブライアンズタイム,タニノクリスタル,デヒア,トリムカット,Hail to Reason,Cosmah,Understanding,Mountain Flower,Northern Dancer,Special,Hostage,Vaguely Royal,Mr. Prospector,Miesque,Sadler's Wells,Glenveagh,Never Bend,River Lady,Ribot,Rajput Princess,Mr. Prospector,Miesque,ラストタイクーン,Pilot Bird,カンパラ,Severn Bridge,ノーザンテースト,シャダイフェザー,Roberto,Kelley's Day,クリスタルパレス,タニノシーバード,Deputy Minister,Sister Dot,Roberto,Trim Colony
2023101781,サトノダイヤモンド,フレンチボウ,ディープインパクト,マルペンサ,ホワイトマズル,マニフィカート,サンデーサイレンス,ウインドインハーヘア,Orpen,Marsella,ダンシングブレーヴ,Fair of the Furze,スペシャルウィーク,ミュンシー,Halo,Wishing Well,Alzao,Burghclere,Lure,Bonita Francita,サザンヘイロー,Riviere,Lyphard,Navajo Princess,Ela-Mana-Mou,Autocratic,サンデーサイレンス,キャンペンガール,Sadler's Wells,Martingale,Hail to Reason,Cosmah,Understanding,Mountain Flower,Lyphard,Lady Rebecca,Busted,Highclere,Danzig,Endear,Devil's Bag,Raise the Standard,Halo,Northern Sea,Logical,Talonada,Northern Dancer,Goofed,Drone,Olmec,ピットカーン,Rose Bertin,Tyrant,Flight Table,Halo,Wishing Well,マルゼンスキー,レディーシラオキ,Northern Dancer,Fairy Bridge,Luthier,Moonmadness
2023100467,フリオーソ,スズカクエーサー,ブライアンズタイム,ファーザ,ジャングルポケット,スズカグレイス,Roberto,Kelley's Day,Mr. Prospector,Baya,トニービン,ダンスチャーマー,サンデーサイレンス,ワキアオブスズカ,Hail to Reason,Bramalea,Graustark,Golden Trail,Raise a Native,Gold Digger,Nureyev,Barger,カンパラ,Severn Bridge,Nureyev,Skillful Joy,Halo,Wishing Well,ダンスオブライフ,ワキア,Turn-to,Nothirdchance,Nashua,Rarelea,Ribot,Flower Bowl,Hasty Road,Sunny Vale,Native Dancer,Raise You,Nashua,Sequence,Northern Dancer,Special,Riverman,Trillion,Kalamoun,State Pension,Hornbeam,Priddy Fair,Northern Dancer,Special,Nodouble,Skillful Miss,Hail to Reason,Cosmah,Understanding,Mountain Flower,Nijinsky,Spring Is Here,Miswaki,Rascal Rascal
2023103382,キズナ,キャンディネバダ,ディープインパクト,キャットクイル,Pure Prize,Candy Sola,サンデーサイレンス,ウインドインハーヘア,Storm Cat,Pacific Princess,Storm Cat,Heavenly Prize,Candy Stripes,Super Sola,Halo,Wishing Well,Alzao,Burghclere,Storm Bird,Terlingua,Damascus,Fiji,Storm Bird,Terlingua,Seeking the Gold,Oh What a Dance,Blushing Groom,バブルカンパニー,Ghadeer,Bella Sola,Hail to Reason,Cosmah,Understanding,Mountain Flower,Lyphard,Lady Rebecca,Busted,Highclere,Northern Dancer,South Ocean,Secretariat,Crimson Saint,Sword Dancer,Kerala,Acropolis,Rififi,Northern Dancer,South Ocean,Secretariat,Crimson Saint,Mr. Prospector,Con Game,Nijinsky,Blitey,Red God,Runaway Bride,Lyphard,Prodice,Lyphard,Swanilda,ストラダビンスキー,Dowerless
2023106129,インカンテーション,ティボリドライヴ,シニスターミニスター,オリジナルスピン,カジノドライヴ,ティボリペガサス,Old Trieste,Sweet Minister,Machiavellian,Not Before Time,Mineshaft,Better Than Honour,サンライズペガサス,ティボリサンライズ,A.P. Indy,Lovlier Linda,The Prime Minister,Sweet Blue,Mr. Prospector,Coup de Folie,Polish Precedent,Time Charter,A.P. Indy,Prospector's Delite,Deputy Minister,Blush With Pride,サンデーサイレンス,ヒガシブライアン,ティンバーカントリー,ラディカルチック,Seattle Slew,Weekend Surprise,Vigors,Linda Summers,Deputy Minister,Stick to Beauty,Hurry Up Blue,Sugar Gold,Raise a Native,Gold Digger,Halo,Raise the Standard,Danzig,Past Example,Saritamer,Centrocon,Seattle Slew,Weekend Surprise,Mr. Prospector,Up the Flagpole,Vice Regent,Mint Copy,Blushing Groom,Best in Show,Halo,Wishing Well,ブライアンズタイム,アリーウイン,Woodman,Fall Aspen,Sadler's Wells,Santa Roseanna
2023104887,ヴァンゴッホ,フラワーロック,American Pharoah,Imagine,アッミラーレ,カシオペアレディ,Pioneerof the Nile,Littleprincessemma,Sadler's Wells,Doff the Derby,サンデーサイレンス,ダジルミージョリエ,デインヒル,タケノファルコン,エンパイアメーカー,Star of Goshen,Yankee Gentleman,Exclusive Rosette,Northern Dancer,Fairy Bridge,Master Derby,Margarethen,Halo,Wishing Well,Carr de Naskra,Mawgrit,Danzig,Razyana,フィリップオブスペイン,クールフェアー,Unbridled,Toussaud,Lord at War,Castle Eight,Storm Cat,Key Phrase,Ecliptical,Zetta Jet,Nearctic,Natalma,Bold Reason,Special,ダストコマンダー,Madam Jerry,Tulyar,Russ-Marie,Hail to Reason,Cosmah,Understanding,Mountain Flower,Star de Naskra,Cornish Runner,Hoist the Flag,Spring Sunshine,Northern Dancer,Pas de Nom,His Majesty,Spring Adieu,Tudor Melody,Lerida,イエローゴッド,シャークスキン
2023100988,ダノンレジェンド,ウェイヴランナー,Macho Uno,マイグッドネス,Raven's Pass,Danuta,Holy Bull,Primal Force,Storm Cat,Caressing,Elusive Quality,Ascutney,サンデーサイレンス,ポリッシュスタイル,Great Above,Sharon Brown,Blushing Groom,Prime Prospect,Storm Bird,Terlingua,Honour and Glory,Lovin Touch,Gone West,Touch of Greatness,Lord at War,Right Word,Halo,Wishing Well,Danzig,Family Style,Minnesota Mac,Ta Wee,Al Hattab,Agathea's Dawn,Red God,Runaway Bride,Mr. Prospector,Square Generation,Northern Dancer,South Ocean,Secretariat,Crimson Saint,Relaunch,Fair to All,Majestic Prince,Forest Princess,Mr. Prospector,Secrettame,Hero's Honor,Ivory Wand,General,Luna de Miel,Verbatim,Oratorio,Hail to Reason,Cosmah,Understanding,Mountain Flower,Northern Dancer,Pas de Nom,State Dinner,Sharp Kitty
2023106881,エピファネイア,イーヴンソー,シンボリクリスエス,シーザリオ,Camelot,Breeze Hill,Kris S.,Tee Kay,スペシャルウィーク,キロフプリミエール,Montjeu,Tarfah,デインヒル,Rose of Jericho,Roberto,Sharp Queen,Gold Meridian,Tri Argo,サンデーサイレンス,キャンペンガール,Sadler's Wells,Querida,Sadler's Wells,Floripedes,Kingmambo,Fickle,Danzig,Razyana,Alleged,Rose Red,Hail to Reason,Bramalea,Princequillo,Bridgework,Seattle Slew,Queen Louie,Tri Jet,Hail Proudly,Halo,Wishing Well,マルゼンスキー,レディーシラオキ,Northern Dancer,Fairy Bridge,Habitat,Principia,Northern Dancer,Fairy Bridge,Top Ville,Toute Cy,Mr. Prospector,Miesque,デインヒル,Fade,Northern Dancer,Pas de Nom,His Majesty,Spring Adieu,Hoist the Flag,Princess Pout,Northern Dancer,Cambrienne
2023103543,ポエティックフレア,ベアトリッツ,Dawn Approach,Maria Lee,ディープインパクト,バルドウィナ,New Approach,Hymn Of The Dawn,ロックオブジブラルタル,Elida,サンデーサイレンス,ウインドインハーヘア,Pistolet Bleu,Balioka,Galileo,Park Express,Phone Trick,Colonial Debut,デインヒル,Offshore Boom,ロイヤルアカデミー,Saviour,Halo,Wishing Well,Alzao,Burghclere,Top Ville,Pampa Bella,Tourangeau,Bangalore,Sadler's Wells,Urban Sea,Ahonoora,Matcher,Clever Trick,Over the Phone,Pleasant Colony,Kittihawk Miss,Danzig,Razyana,Be My Guest,Push a Button,Nijinsky,Crimson Saint,Majestic Light,Victorian Queen,Hail to Reason,Cosmah,Understanding,Mountain Flower,Lyphard,Lady Rebecca,Busted,Highclere,High Top,Sega Ville,Armos,Kendie,Val de Loir,Torbella,Cadmus,Balbona
2023105967,ジャスタウェイ,メモリーコバルト,ハーツクライ,シビル,プリサイスエンド,メモリーフェミナ,サンデーサイレンス,アイリッシュダンス,Wild Again,シャロン,エンドスウィープ,Precisely,キャプテンスティーヴ,メモリーアイズ,Halo,Wishing Well,トニービン,ビューパーダンス,Icecapade,Bushel-n-Peck,Mo Exception,Double Wiggle,フォーティナイナー,Broom Dance,Summing,Crisp 'n Clear,Fly So Free,Sparkling Delite,ブライアンズタイム,バラワキ,Hail to Reason,Cosmah,Understanding,Mountain Flower,カンパラ,Severn Bridge,Lyphard,My Bupers,Nearctic,Shenanigans,Khaled,Dama,Hard Work,With Exception,Sir Wiggle,Blue Double,Mr. Prospector,File,Dance Spell,Witching Hour,Verbatim,Sumatra,Cold Reception,Ring O'Bells,Time for a Change,Free to Fly,Vice Regent,Sparkling Topaz,Roberto,Kelley's Day,Miswaki,Balakhna
2023103345,イスラボニータ,エヴァディングタンペット,フジキセキ,イスラコジーン,Dubai Destination,Late Summer,サンデーサイレンス,ミルレーサー,Cozzene,Isla Mujeres,Kingmambo,Mysterial,Gone West,Sun and Shade,Halo,Wishing Well,Le Fabuleux,Marston's Mill,Caro,Ride the Trails,Crafty Prospector,Lido Isle,Mr. Prospector,Miesque,Alleged,Mysteries,Mr. Prospector,Secrettame,Ajdal,Shadywood,Hail to Reason,Cosmah,Understanding,Mountain Flower,Wild Risk,Anguar,In Reality,Millicent,フォルティノ,Chambord,Prince John,Wildwook,Mr. Prospector,Real Crafty Lady,Far North,She Is Gorgeous,Raise a Native,Gold Digger,Nureyev,Pasadoble,Hoist the Flag,Princess Pout,Seattle Slew,Phydilla,Raise a Native,Gold Digger,Secretariat,Tamerett,Northern Dancer,Native Partner,Habitat,Milly Moss
2023106910,コントレイル,エアジーン,ディープインパクト,ロードクロサイト,ハービンジャー,ラスティングソング,サンデーサイレンス,ウインドインハーヘア,Unbridled's Song,Folklore,Dansili,Penang Pearl,フジキセキ,ハルーワソング,Halo,Wishing Well,Alzao,Burghclere,Unbridled,Trolley Song,Tiznow,Contrive,デインヒル,Hasili,Bering,Guapa,サンデーサイレンス,ミルレーサー,Nureyev,Morn of Song,Hail to Reason,Cosmah,Understanding,Mountain Flower,Lyphard,Lady Rebecca,Busted,Highclere,Fappiano,Gana Facil,Caro,Lucky Spell,Cee's Tizzy,Cee's Song,Storm Cat,Jeano,Danzig,Razyana,Kahyasi,Kerali,Arctic Tern,Beaune,Shareef Dancer,Sauceboat,Halo,Wishing Well,Le Fabuleux,Marston's Mill,Northern Dancer,Special,Blushing Groom,Glorious Song
2023102843,ミッキーアイル,グレースグランド,ディープインパクト,スターアイル,アドマイヤムーン,フレンチリヴィエラ,サンデーサイレンス,ウインドインハーヘア,ロックオブジブラルタル,アイルドフランス,エンドスウィープ,マイケイティーズ,フレンチデピュティ,Actinella,Halo,Wishing Well,Alzao,Burghclere,デインヒル,Offshore Boom,Nureyev,ステラマドリッド,フォーティナイナー,Broom Dance,サンデーサイレンス,ケイティーズファースト,Deputy Minister,Mitterand,Seattle Slew,Aerturas,Hail to Reason,Cosmah,Understanding,Mountain Flower,Lyphard,Lady Rebecca,Busted,Highclere,Danzig,Razyana,Be My Guest,Push a Button,Northern Dancer,Special,Alydar,My Juliet,Mr. Prospector,File,Dance Spell,Witching Hour,Halo,Wishing Well,Kris,Katies,Vice Regent,Mint Copy,Hold Your Peace,Laredo Lass,Bold Reasoning,My Charmer,マナード,Amiel
2023103238,ダノンプレミアム,クイーンオブハルカ,ディープインパクト,インディアナギャル,Singspiel,クイーンオブスターズ,サンデーサイレンス,ウインドインハーヘア,Intikhab,Genial Jenny,In the Wings  In The Wings,Glorious Song,Green Desert,Queen Catherine,Halo,Wishing Well,Alzao,Burghclere,Red Ransom,Crafty Example,デインヒル,Joma Kaanem,Sadler's Wells,High Hawk,Halo,Ballade,Danzig,Foreign Courier,Machiavellian,Russian Royal,Hail to Reason,Cosmah,Understanding,Mountain Flower,Lyphard,Lady Rebecca,Busted,Highclere,Roberto,アラビア,Crafty Prospector,Zienelle,Danzig,Razyana,Double Form,Ash Lawn,Northern Dancer,Fairy Bridge,Shirley Heights,Sunbittern,Hail to Reason,Cosmah,Herbager,Miss Swapsco,Northern Dancer,Pas de Nom,Sir Ivor,Courtly Dee,Mr. Prospector,Coup de Folie,Nureyev,Princess Karenda
2023103387,ロードカナロア,クイーンズリング,キングカメハメハ,レディブラッサム,マンハッタンカフェ,アクアリング,Kingmambo,マンファス,Storm Cat,サラトガデュー,サンデーサイレンス,サトルチェンジ,Anabaa,シーリング,Mr. Prospector,Miesque,ラストタイクーン,Pilot Bird,Storm Bird,Terlingua,Cormorant,Super Luna,Halo,Wishing Well,Law Society,Santa Luciana,Danzig,Balbonella,Bering,Blue River,Raise a Native,Gold Digger,Nureyev,Pasadoble,トライマイベスト,Mill Princess,Blakeney,The Dancer,Northern Dancer,South Ocean,Secretariat,Crimson Saint,His Majesty,Song Sparrow,In Reality,Alada,Hail to Reason,Cosmah,Understanding,Mountain Flower,Alleged,Bold Bikini,Luciano,Suleika,Northern Dancer,Pas de Nom,ゲイメセン,Bamieres,Arctic Tern,Beaune,Riverman,Azurella
2023106380,エピファネイア,ディメンシオン,シンボリクリスエス,シーザリオ,ディープインパクト,ミスペンバリー,Kris S.,Tee Kay,スペシャルウィーク,キロフプリミエール,サンデーサイレンス,ウインドインハーヘア,Montjeu,Stitching,Roberto,Sharp Queen,Gold Meridian,Tri Argo,サンデーサイレンス,キャンペンガール,Sadler's Wells,Querida,Halo,Wishing Well,Alzao,Burghclere,Sadler's Wells,Floripedes,ハイエステイト,Itching,Hail to Reason,Bramalea,Princequillo,Bridgework,Seattle Slew,Queen Louie,Tri Jet,Hail Proudly,Halo,Wishing Well,マルゼンスキー,レディーシラオキ,Northern Dancer,Fairy Bridge,Habitat,Principia,Hail to Reason,Cosmah,Understanding,Mountain Flower,Lyphard,Lady Rebecca,Busted,Highclere,Northern Dancer,Fairy Bridge,Top Ville,Toute Cy,Shirley Heights,Regal Beauty,Thatching,Alligatrix
2023107123,リオンディーズ,ディーコンセンテス,キングカメハメハ,シーザリオ,ディープインパクト,スウィートリーズン,Kingmambo,マンファス,スペシャルウィーク,キロフプリミエール,サンデーサイレンス,ウインドインハーヘア,ストリートセンス,Livermore Leslie,Mr. Prospector,Miesque,ラストタイクーン,Pilot Bird,サンデーサイレンス,キャンペンガール,Sadler's Wells,Querida,Halo,Wishing Well,Alzao,Burghclere,Street Cry,Bedazzle,Mt. Livermore,Whitesburg Express,Raise a Native,Gold Digger,Nureyev,Pasadoble,トライマイベスト,Mill Princess,Blakeney,The Dancer,Halo,Wishing Well,マルゼンスキー,レディーシラオキ,Northern Dancer,Fairy Bridge,Habitat,Principia,Hail to Reason,Cosmah,Understanding,Mountain Flower,Lyphard,Lady Rebecca,Busted,Highclere,Machiavellian,Helen Street,Dixieland Band,Majestic Legend,Blushing Groom,Flama Ardiente,Whitesburg,Frozen Expression
2023106557,サトノダイヤモンド,デイジーメーカー,ディープインパクト,マルペンサ,エンパイアメーカー,ブラボーデイジー,サンデーサイレンス,ウインドインハーヘア,Orpen,Marsella,Unbridled,Toussaud,クロフネ,ブラボーサンライズ,Halo,Wishing Well,Alzao,Burghclere,Lure,Bonita Francita,サザンヘイロー,Riviere,Fappiano,Gana Facil,El Gran Senor,Image of Reality,フレンチデピュティ,ブルーアヴェニュー,サンデーサイレンス,ヴィジットマン,Hail to Reason,Cosmah,Understanding,Mountain Flower,Lyphard,Lady Rebecca,Busted,Highclere,Danzig,Endear,Devil's Bag,Raise the Standard,Halo,Northern Sea,Logical,Talonada,Mr. Prospector,Killaloe,Le Fabuleux,Charedi,Northern Dancer,Sex Appeal,In Reality,Edee's Image,Deputy Minister,Mitterand,Classic Go Go,Eliza Blue,Halo,Wishing Well,Woodman,Visiting Nurse
2023107379,サトノジェネシス,バシマー,ディープインパクト,マルペンサ,Grand Lodge,Bella Vitessa,サンデーサイレンス,ウインドインハーヘア,Orpen,Marsella,Chief's Crown,La Papagena,Thatching,Burghclere,Halo,Wishing Well,Alzao,Burghclere,Lure,Bonita Francita,サザンヘイロー,Riviere,Danzig,Six Crowns,Habitat,Magic Flute,Thatch,Abella,Busted,Highclere,Hail to Reason,Cosmah,Understanding,Mountain Flower,Lyphard,Lady Rebecca,Busted,Highclere,Danzig,Endear,Devil's Bag,Raise the Standard,Halo,Northern Sea,Logical,Talonada,Northern Dancer,Pas de Nom,Secretariat,Chris Evert,Sir Gaylord,Little Hut,Tudor Melody,Filigrana,Forli,Thong,Abernant,Darrica,Crepello,Sans le Sou,Queen's Hussar,Highlight
2023104192,カレンブラックヒル,ウェルアウェイ,ダイワメジャー,チャールストンハーバー,Monsun,Wells Present,サンデーサイレンス,スカーレットブーケ,Grindstone,Penny's Valentine,Konigsstuhl,Mosella,Cadeaux Genereux,Wells Whisper,Halo,Wishing Well,ノーザンテースト,スカーレットインク,Unbridled,Buzz My Bell,Storm Cat,Mrs. Penny,Dschingis Khan,Konigskronung,Surumu,Monasia,Young Generation,Smarten Up,Sadler's Wells,Whakilyric,Hail to Reason,Cosmah,Understanding,Mountain Flower,Northern Dancer,Lady Victoria,Crimson Satan,Consentida,Fappiano,Gana Facil,Drone,Chateaupavia,Storm Bird,Terlingua,Great Nephew,Tananarive,Tamerlane,Donna Diana,Tiepoletto,Kronung,Literat,Surama,Authi,Monacensia,Balidar,Brig O'Doon,Sharpen Up,L'Anguissola,Northern Dancer,Fairy Bridge,Miswaki,リリズム
2023100216,モズアスコット,ベルシルエット,Frankel,India,ディープインパクト,ヴァイオレットラブ,Galileo,Kind,ヘネシー,Misty Hour,サンデーサイレンス,ウインドインハーヘア,ドクターデヴィアス,ヴアインゴールド,Sadler's Wells,Urban Sea,デインヒル,Rainbow Lake,Storm Cat,Island Kitty,Miswaki,Our Tina Marie,Halo,Wishing Well,Alzao,Burghclere,Ahonoora,Rose of Jericho,Mr. Prospector,Chancy Dance,Northern Dancer,Fairy Bridge,Miswaki,Allegretta,Danzig,Razyana,Rainbow Quest,Rockfest,Storm Bird,Terlingua,Hawaii,T. C. Kitten,Mr. Prospector,Hopespringseternal,Nijinsky,Java Moon,Hail to Reason,Cosmah,Understanding,Mountain Flower,Lyphard,Lady Rebecca,Busted,Highclere,Lorenzaccio,Helen Nichols,Alleged,Rose Red,Raise a Native,Gold Digger,Bold Reason,Hasty Hitter
2023103877,アニマルキングダム,ホウオウアルナイル,Leroidesanimaux,ダリシア,キズナ,メジロジェニファー,Candy Stripes,Dissemble,Acatenango,Dynamis,ディープインパクト,キャットクイル,ホワイトマズル,カンパナ,Blushing Groom,バブルカンパニー,Ahonoora,Kerali,Surumu,Aggravate,ダンシングブレーヴ,Diasprina,サンデーサイレンス,ウインドインハーヘア,Storm Cat,Pacific Princess,ダンシングブレーヴ,Fair of the Furze,Sadler's Wells,Two Rings,Red God,Runaway Bride,Lyphard,Prodice,Lorenzaccio,Helen Nichols,High Line,Sookera,Literat,Surama,Aggressor,Raven Locks,Lyphard,Navajo Princess,Aspros,Dorle,Halo,Wishing Well,Alzao,Burghclere,Storm Bird,Terlingua,Damascus,Fiji,Lyphard,Navajo Princess,Ela-Mana-Mou,Autocratic,Northern Dancer,Fairy Bridge,Round Table,Allofthem
2023104737,ノーブルミッション,サンデースクール,Galileo,Kind,ハービンジャー,サンデーミューズ,Sadler's Wells,Urban Sea,デインヒル,Rainbow Lake,Dansili,Penang Pearl,アルカセット,スカルプトレス,Northern Dancer,Fairy Bridge,Miswaki,Allegretta,Danzig,Razyana,Rainbow Quest,Rockfest,デインヒル,Hasili,Bering,Guapa,Kingmambo,チェサプラナ,サンデーサイレンス,シンコウビューティ,Nearctic,Natalma,Bold Reason,Special,Mr. Prospector,Hopespringseternal,Lombard,Anatevka,Northern Dancer,Pas de Nom,His Majesty,Spring Adieu,Blushing Groom,I Will Follow,Stage Door Johnny,Rock Garden,Danzig,Razyana,Kahyasi,Kerali,Arctic Tern,Beaune,Shareef Dancer,Sauceboat,Mr. Prospector,Miesque,Niniski,Top of The League,Halo,Wishing Well,Caerleon,ハッピートレイルズ
2023106067,ブリックスアンドモルタル,アオイスカーレット,Giant's Causeway,Beyond the Waves,ディープインパクト,エリモエクセル,Storm Cat,Mariah's Storm,Ocean Crest,Excedent,サンデーサイレンス,ウインドインハーヘア,ロドリゴデトリアーノ,エリモファンタジー,Storm Bird,Terlingua,Rahy,イメンス,Storm Bird,S.S.Aroma,Exceller,Broadway Lullaby,Halo,Wishing Well,Alzao,Burghclere,El Gran Senor,Hot Princess,Riverman,Share the Fantasy,Northern Dancer,South Ocean,Secretariat,Crimson Saint,Blushing Groom,Glorious Song,Roberto,Imsodear,Northern Dancer,South Ocean,Seattle Slew,Rare Bouquet,Vaguely Noble,Too Bald,Stage Door Johnny,リットルブレツシング,Hail to Reason,Cosmah,Understanding,Mountain Flower,Lyphard,Lady Rebecca,Busted,Highclere,Northern Dancer,Sex Appeal,ホットスパーク,Aspara,Never Bend,River Lady,Exclusive Native,Misukaw
2023105274,サートゥルナーリア,オンディナドバイ,ロードカナロア,シーザリオ,E Dubai,Orquestada,キングカメハメハ,レディブラッサム,スペシャルウィーク,キロフプリミエール,Mr. Prospector,Words of War,Alphabet Soup,Mystical Kingdom,Kingmambo,マンファス,Storm Cat,サラトガデュー,サンデーサイレンス,キャンペンガール,Sadler's Wells,Querida,Raise a Native,Gold Digger,Lord at War,Right Word,Cozzene,Illiterate,Silver Hawk,Orca,Mr. Prospector,Miesque,ラストタイクーン,Pilot Bird,Storm Bird,Terlingua,Cormorant,Super Luna,Halo,Wishing Well,マルゼンスキー,レディーシラオキ,Northern Dancer,Fairy Bridge,Habitat,Principia,Native Dancer,Raise You,Nashua,Sequence,General,Luna de Miel,Verbatim,Oratorio,Caro,Ride the Trails,Arts and Letters,Laurel Mae,Roberto,Gris Vitesse,サザンヘイロー,Oh'Sun
2023101569,アルアイン,キュアロージズ,ディープインパクト,ドバイマジェスティ,ロージズインメイ,メイショウセイカ,サンデーサイレンス,ウインドインハーヘア,Essence of Dubai,Great Majesty,Devil His Due,Tell a Secret,クロフネ,チアズグレイス,Halo,Wishing Well,Alzao,Burghclere,Pulpit,Epitome,Great Above,Mistic Majesty,Devil's Bag,Plenty O'Toole,Speak John,Secret Retreat,フレンチデピュティ,ブルーアヴェニュー,サンデーサイレンス,チアズフラワー,Hail to Reason,Cosmah,Understanding,Mountain Flower,Lyphard,Lady Rebecca,Busted,Highclere,A.P. Indy,Preach,Summing,Honest and True,Minnesota Mac,Ta Wee,His Majesty,Necaras Miss,Halo,Ballade,Raise a Cup,Li'l Puss,Prince John,Nuit de Folies,Clandestine,Retirement,Deputy Minister,Mitterand,Classic Go Go,Eliza Blue,Halo,Wishing Well,Al Nasr,デュカイナ
2023102310,ウインブライト,カルトマリーヌ,ステイゴールド,サマーエタニティ,クロフネ,アイリスタイム,サンデーサイレンス,ゴールデンサッシュ,アドマイヤコジーン,オールフォーゲラン,フレンチデピュティ,ブルーアヴェニュー,ブライアンズタイム,タケノアイリス,Halo,Wishing Well,ディクタス,ダイナサッシュ,Cozzene,アドマイヤマカディ,ジェイドロバリー,ミスゲラン,Deputy Minister,Mitterand,Classic Go Go,Eliza Blue,Roberto,Kelley's Day,シンボリルドルフ,タケノコーリー,Hail to Reason,Cosmah,Understanding,Mountain Flower,Sanctus,Doronic,ノーザンテースト,ロイヤルサッシュ,Caro,Ride the Trails,ノーザンテースト,ミセスマカディー,Mr. Prospector,Number,マルゼンスキー,ゲラン,Vice Regent,Mint Copy,Hold Your Peace,Laredo Lass,Pago Pago,Classic Perfection,Icecapade,コレラ,Hail to Reason,Bramalea,Graustark,Golden Trail,パーソロン,スイートルナ,アローエクスプレス,タケノダンサー
2023103531,コントレイル,ブルーミングアレー,ディープインパクト,ロードクロサイト,シンボリクリスエス,プリンセスオリビア,サンデーサイレンス,ウインドインハーヘア,Unbridled's Song,Folklore,Kris S.,Tee Kay,Lycius,Dance Image,Halo,Wishing Well,Alzao,Burghclere,Unbridled,Trolley Song,Tiznow,Contrive,Roberto,Sharp Queen,Gold Meridian,Tri Argo,Mr. Prospector,Lypatia,Sadler's Wells,Diamond Spring,Hail to Reason,Cosmah,Understanding,Mountain Flower,Lyphard,Lady Rebecca,Busted,Highclere,Fappiano,Gana Facil,Caro,Lucky Spell,Cee's Tizzy,Cee's Song,Storm Cat,Jeano,Hail to Reason,Bramalea,Princequillo,Bridgework,Seattle Slew,Queen Louie,Tri Jet,Hail Proudly,Raise a Native,Gold Digger,Lyphard,Hypatia,Northern Dancer,Fairy Bridge,Vaguely Noble,Dumfries
2023105443,キセキ,ウルトラブレンド,ルーラーシップ,ブリッツフィナーレ,Richly Blended,Ankha,キングカメハメハ,エアグルーヴ,ディープインパクト,ロンドンブリッジ,Rizzi,Valid Blend,Desert Classic,Distant Runner,Kingmambo,マンファス,トニービン,ダイナカール,サンデーサイレンス,ウインドインハーヘア,ドクターデヴィアス,オールフォーロンドン,アフリート,トップウィッシュ,Valid Appeal,Blend of Poetry,Damascus,Classic Perfection,Distant Day,Mat Mit,Mr. Prospector,Miesque,ラストタイクーン,Pilot Bird,カンパラ,Severn Bridge,ノーザンテースト,シャダイフェザー,Halo,Wishing Well,Alzao,Burghclere,Ahonoora,Rose of Jericho,Danzig,Full Card,Mr. Prospector,Polite Lady,Topsider,Winsome,In Reality,Desert Trial,Iron Constitution,Light Face,Sword Dancer,Kerala,Never Bend,Mira Femme,Fleet Nasrullah,Golden Days,Tim Tam,Miss Patty Bee
2023106283,キズナ,キトゥンズクイーン,ディープインパクト,キャットクイル,Kitten's Joy,High Chant,サンデーサイレンス,ウインドインハーヘア,Storm Cat,Pacific Princess,El Prado,Kitten's First,War Chant,Highfalutin,Halo,Wishing Well,Alzao,Burghclere,Storm Bird,Terlingua,Damascus,Fiji,Sadler's Wells,Lady Capulet,Lear Fan,That's My Hon,Danzig,Hollywood Wildcat,Silver Deputy,Constant Change,Hail to Reason,Cosmah,Understanding,Mountain Flower,Lyphard,Lady Rebecca,Busted,Highclere,Northern Dancer,South Ocean,Secretariat,Crimson Saint,Sword Dancer,Kerala,Acropolis,Rififi,Northern Dancer,Fairy Bridge,Sir Ivor,Cap and Bells,Roberto,Wac,L'Enjoleur,One Lane,Northern Dancer,Pas de Nom,Kris S.,Miss Wildcatter,Deputy Minister,Silver Valley,High Echelon,Never Scheme
2023103488,エピファネイア,ドバウィハイツ,シンボリクリスエス,シーザリオ,Dubawi,Rosie's Posy,Kris S.,Tee Kay,スペシャルウィーク,キロフプリミエール,Dubai Millennium,Zomaradah,Suave Dancer,My Branch,Roberto,Sharp Queen,Gold Meridian,Tri Argo,サンデーサイレンス,キャンペンガール,Sadler's Wells,Querida,Seeking the Gold,Colorado Dancer,Deploy,Jawaher,Green Dancer,Suavite,Distant Relative,Pay The Bank,Hail to Reason,Bramalea,Princequillo,Bridgework,Seattle Slew,Queen Louie,Tri Jet,Hail Proudly,Halo,Wishing Well,マルゼンスキー,レディーシラオキ,Northern Dancer,Fairy Bridge,Habitat,Principia,Mr. Prospector,Con Game,Shareef Dancer,Fall Aspen,Shirley Heights,Slightly Dangerous,ダンシングブレーヴ,High Tern,Nijinsky,Green Valley,Alleged,Guinevere's Folly,Habitat,Royal Sister,High Top,Zebra Grass
2023106218,モーリス,ピスカデーラ,スクリーンヒーロー,メジロフランシス,ブラックタイド,ドリームスケイプ,グラスワンダー,ランニングヒロイン,カーネギー,メジロモントレー,サンデーサイレンス,ウインドインハーヘア,エルコンドルパサー,ドリームビジョン,Silver Hawk,Ameriflora,サンデーサイレンス,ダイナアクトレス,Sadler's Wells,Detroit,モガミ,メジロクインシー,Halo,Wishing Well,Alzao,Burghclere,Kingmambo,サドラーズギャル,ノーザンテースト,ハニードリーマー,Roberto,Gris Vitesse,Danzig,Graceful Touch,Halo,Wishing Well,ノーザンテースト,モデルスポート,Northern Dancer,Fairy Bridge,Riverman,Derna,Lyphard,ノーラック,フィディオン,メジロボサツ,Hail to Reason,Cosmah,Understanding,Mountain Flower,Lyphard,Lady Rebecca,Busted,Highclere,Mr. Prospector,Miesque,Sadler's Wells,Glenveagh,Northern Dancer,Lady Victoria,Dewan,ハニーサツクルヴアイン
2023104025,ロジャーバローズ,ハイデンガールズ,ディープインパクト,リトルブック,サウスヴィグラス,チーキーガールズ,サンデーサイレンス,ウインドインハーヘア,Librettist,Cal Norma's Lady,エンドスウィープ,ダーケストスター,トワイニング,ブルーベイブリッジ,Halo,Wishing Well,Alzao,Burghclere,Danzig,Mysterial,リファーズスペシャル,June Darling,フォーティナイナー,Broom Dance,Star de Naskra,Minnie Riperton,フォーティナイナー,Courtly Dee,リーファーマッドネス,オオミリーガル,Hail to Reason,Cosmah,Understanding,Mountain Flower,Lyphard,Lady Rebecca,Busted,Highclere,Northern Dancer,Pas de Nom,Alleged,Mysteries,Lyphard,My Bupers,ジュニアス,Beau Darling,Mr. Prospector,File,Dance Spell,Witching Hour,Naskra,Candle Star,Cornish Prince,English Harbor,Mr. Prospector,File,Never Bend,Tulle,Mill Reef,Parsimony,ヴァイスリーガル,フライングシヤツトル
2023103686,エピファネイア,クィーンチャーム,シンボリクリスエス,シーザリオ,キングカメハメハ,オリエントチャーム,Kris S.,Tee Kay,スペシャルウィーク,キロフプリミエール,Kingmambo,マンファス,サンデーサイレンス,ニキーヤ,Roberto,Sharp Queen,Gold Meridian,Tri Argo,サンデーサイレンス,キャンペンガール,Sadler's Wells,Querida,Mr. Prospector,Miesque,ラストタイクーン,Pilot Bird,Halo,Wishing Well,Nureyev,Reluctant Guest,Hail to Reason,Bramalea,Princequillo,Bridgework,Seattle Slew,Queen Louie,Tri Jet,Hail Proudly,Halo,Wishing Well,マルゼンスキー,レディーシラオキ,Northern Dancer,Fairy Bridge,Habitat,Principia,Raise a Native,Gold Digger,Nureyev,Pasadoble,トライマイベスト,Mill Princess,Blakeney,The Dancer,Hail to Reason,Cosmah,Understanding,Mountain Flower,Northern Dancer,Special,Hostage,Vaguely Royal
2023100771,キセキ,デトロイトカフェ,ルーラーシップ,ブリッツフィナーレ,マンハッタンカフェ,キャメロンガール,キングカメハメハ,エアグルーヴ,ディープインパクト,ロンドンブリッジ,サンデーサイレンス,サトルチェンジ,With Approval,Above the Salt,Kingmambo,マンファス,トニービン,ダイナカール,サンデーサイレンス,ウインドインハーヘア,ドクターデヴィアス,オールフォーロンドン,Halo,Wishing Well,Law Society,Santa Luciana,Caro,Passing Mood,Master Derby,Salt In My Stew,Mr. Prospector,Miesque,ラストタイクーン,Pilot Bird,カンパラ,Severn Bridge,ノーザンテースト,シャダイフェザー,Halo,Wishing Well,Alzao,Burghclere,Ahonoora,Rose of Jericho,Danzig,Full Card,Hail to Reason,Cosmah,Understanding,Mountain Flower,Alleged,Bold Bikini,Luciano,Suleika,フォルティノ,Chambord,Buckpasser,Cool Mood,ダストコマンダー,Madam Jerry,Dr. Blum,Cream in My Coffee
2023106564,アメリカンペイトリオット,メイショウクノイチ,War Front,Life Well Lived,エンパイアメーカー,メイショウフクヒメ,Danzig,Starry Dreamer,Tiznow,Well Dressed,Unbridled,Toussaud,バブルガムフェロー,キタノファンタジー,Northern Dancer,Pas de Nom,Rubiano,Lara's Star,Cee's Tizzy,Cee's Song,Notebook,Trithenia,Fappiano,Gana Facil,El Gran Senor,Image of Reality,サンデーサイレンス,バブルカンパニー,ラシアンルーブル,ビュティフルクイン,Nearctic,Natalma,Admiral's Voyage,Petitioner,Fappiano,Ruby Slippers,Forli,True Reality,Relaunch,テイズリー,Seattle Song,Lonely Dancer,Well Decorated,Mobcap,Gold Meridian,Tri Argo,Mr. Prospector,Killaloe,Le Fabuleux,Charedi,Northern Dancer,Sex Appeal,In Reality,Edee's Image,Halo,Wishing Well,Lyphard,Prodice,Nijinsky,Squander,トウショウボーイ,ヒロオスミレ
2023104990,デクラレーションオブウォー,リーズン,War Front,Tempo West,ロードカナロア,プリームス,Danzig,Starry Dreamer,Rahy,Tempo,キングカメハメハ,レディブラッサム,フジキセキ,レジェンドトレイル,Northern Dancer,Pas de Nom,Rubiano,Lara's Star,Blushing Groom,Glorious Song,Gone West,Terpsichorist,Kingmambo,マンファス,Storm Cat,サラトガデュー,サンデーサイレンス,ミルレーサー,フレンチデピュティ,ハッピートレイルズ,Nearctic,Natalma,Admiral's Voyage,Petitioner,Fappiano,Ruby Slippers,Forli,True Reality,Red God,Runaway Bride,Halo,Ballade,Mr. Prospector,Secrettame,Nijinsky,Glad Rags,Mr. Prospector,Miesque,ラストタイクーン,Pilot Bird,Storm Bird,Terlingua,Cormorant,Super Luna,Halo,Wishing Well,Le Fabuleux,Marston's Mill,Deputy Minister,Mitterand,ポツセ,ロイコン
2023105041,コントレイル,ユーヴェットシー,ディープインパクト,ロードクロサイト,Bodemeister,Mother Ruth,サンデーサイレンス,ウインドインハーヘア,Unbridled's Song,Folklore,エンパイアメーカー,Untouched Talent,Speightstown,Seven Four Seven,Halo,Wishing Well,Alzao,Burghclere,Unbridled,Trolley Song,Tiznow,Contrive,Unbridled,Toussaud,Storm Cat,Parade Queen,Gone West,Silken Cat,コロニアルアッフェアー,Yettajet,Hail to Reason,Cosmah,Understanding,Mountain Flower,Lyphard,Lady Rebecca,Busted,Highclere,Fappiano,Gana Facil,Caro,Lucky Spell,Cee's Tizzy,Cee's Song,Storm Cat,Jeano,Fappiano,Gana Facil,El Gran Senor,Image of Reality,Storm Bird,Terlingua,A.P. Indy,Spanish Parade,Mr. Prospector,Secrettame,Storm Cat,Silken Doll,Pleasant Colony,Snuggle,Tri Jet,Three Up
2023102662,リアルスティール,ノリミ,ディープインパクト,ラヴズオンリーミー,サマーバード,フローラルホーム,サンデーサイレンス,ウインドインハーヘア,Storm Cat,Monevassia,Birdstone,Hong Kong Squall,ケイムホーム,タイキフローラ,Halo,Wishing Well,Alzao,Burghclere,Storm Bird,Terlingua,Mr. Prospector,Miesque,Grindstone,Dear Birdie,Summer Squall,Hong Kong Jade,Gone West,Nice Assay,タイキシャトル,マリエドゥジュワン,Hail to Reason,Cosmah,Understanding,Mountain Flower,Lyphard,Lady Rebecca,Busted,Highclere,Northern Dancer,South Ocean,Secretariat,Crimson Saint,Raise a Native,Gold Digger,Nureyev,Pasadoble,Unbridled,Buzz My Bell,Storm Bird,Hush Dear,Storm Bird,Weekend Surprise,Alysheba,Ruby Slippers,Mr. Prospector,Secrettame,Clever Trick,インフルヴユー,Devil's Bag,ウェルシュマフィン,General Assembly,ロイコン
2023100669,リオンディーズ,サトノルミナス,キングカメハメハ,シーザリオ,ディープインパクト,カトマンドゥ,Kingmambo,マンファス,スペシャルウィーク,キロフプリミエール,サンデーサイレンス,ウインドインハーヘア,Country Reel,Louvardie,Mr. Prospector,Miesque,ラストタイクーン,Pilot Bird,サンデーサイレンス,キャンペンガール,Sadler's Wells,Querida,Halo,Wishing Well,Alzao,Burghclere,Danzig,Country Belle,Loup Solitaire,Kaldevees,Raise a Native,Gold Digger,Nureyev,Pasadoble,トライマイベスト,Mill Princess,Blakeney,The Dancer,Halo,Wishing Well,マルゼンスキー,レディーシラオキ,Northern Dancer,Fairy Bridge,Habitat,Principia,Hail to Reason,Cosmah,Understanding,Mountain Flower,Lyphard,Lady Rebecca,Busted,Highclere,Northern Dancer,Pas de Nom,Seattle Slew,Balbonella,Lear Fan,Louveterie,Kaldoun,Safaroa
2023106206,サートゥルナーリア,レイホーロマンス,ロードカナロア,シーザリオ,ハービンジャー,スズカローラン,キングカメハメハ,レディブラッサム,スペシャルウィーク,キロフプリミエール,Dansili,Penang Pearl,サンデーサイレンス,ローマンスズカ,Kingmambo,マンファス,Storm Cat,サラトガデュー,サンデーサイレンス,キャンペンガール,Sadler's Wells,Querida,デインヒル,Hasili,Bering,Guapa,Halo,Wishing Well,Seattle Slew,ローズオブスズカ,Mr. Prospector,Miesque,ラストタイクーン,Pilot Bird,Storm Bird,Terlingua,Cormorant,Super Luna,Halo,Wishing Well,マルゼンスキー,レディーシラオキ,Northern Dancer,Fairy Bridge,Habitat,Principia,Danzig,Razyana,Kahyasi,Kerali,Arctic Tern,Beaune,Shareef Dancer,Sauceboat,Hail to Reason,Cosmah,Understanding,Mountain Flower,Bold Reasoning,My Charmer,Fairy King,Rose of Jericho
2023104375,Wootton Bassett,ヴィラダモーレ,Iffraaj,Balladonia,Mastercraftsman,Highest Ever,Zafonic,Pastorale,Primo Dominie,Susquehanna Days,Danehill Dancer,Starlight Dreams,Galileo,Alpine Rose,Gone West,Zaizafon,Nureyev,Park Appeal,Dominion,Swan Ann,Chief's Crown,Gliding By,デインヒル,Mira Adonde,ブラックタイアフェアー,Reves Celestes,Sadler's Wells,Urban Sea,Linamix,Fragrant Hill,Mr. Prospector,Secrettame,The Minstrel,Mofida,Northern Dancer,Special,Ahonoora,Balidaress,Derring-Do,Picture Palace,My Swanee,Anna Barry,Danzig,Six Crowns,Tom Rolfe,Key Bridge,Danzig,Razyana,Sharpen Up,Lettre d'Amour,Miswaki,Hat Tab Girl,Lyphard,Tobira Celeste,Northern Dancer,Fairy Bridge,Miswaki,Allegretta,メンデス,Lunadix,Shirley Heights,English Spring
2023101269,ダノンレジェンド,ドナプリモ,Macho Uno,マイグッドネス,フリオーソ,ドナビジュー,Holy Bull,Primal Force,Storm Cat,Caressing,ブライアンズタイム,ファーザ,スペシャルウィーク,ダンジグダンザグ,Great Above,Sharon Brown,Blushing Groom,Prime Prospect,Storm Bird,Terlingua,Honour and Glory,Lovin Touch,Roberto,Kelley's Day,Mr. Prospector,Baya,サンデーサイレンス,キャンペンガール,Danzig,Thatsallshewrote,Minnesota Mac,Ta Wee,Al Hattab,Agathea's Dawn,Red God,Runaway Bride,Mr. Prospector,Square Generation,Northern Dancer,South Ocean,Secretariat,Crimson Saint,Relaunch,Fair to All,Majestic Prince,Forest Princess,Hail to Reason,Bramalea,Graustark,Golden Trail,Raise a Native,Gold Digger,Nureyev,Barger,Halo,Wishing Well,マルゼンスキー,レディーシラオキ,Northern Dancer,Pas de Nom,Graustark,Dinner Partner
2023107295,ポエティックフレア,ラシンティランテ,Dawn Approach,Maria Lee,アグネスタキオン,アドマイヤキラメキ,New Approach,Hymn Of The Dawn,ロックオブジブラルタル,Elida,サンデーサイレンス,アグネスフローラ,エンドスウィープ,エヴリウィスパー,Galileo,Park Express,Phone Trick,Colonial Debut,デインヒル,Offshore Boom,ロイヤルアカデミー,Saviour,Halo,Wishing Well,ロイヤルスキー,アグネスレディー,フォーティナイナー,Broom Dance,ノーザンテースト,クラフテイワイフ,Sadler's Wells,Urban Sea,Ahonoora,Matcher,Clever Trick,Over the Phone,Pleasant Colony,Kittihawk Miss,Danzig,Razyana,Be My Guest,Push a Button,Nijinsky,Crimson Saint,Majestic Light,Victorian Queen,Hail to Reason,Cosmah,Understanding,Mountain Flower,Raja Baba,Coz o'Nijinsky,リマンド,イコマエイカン,Mr. Prospector,File,Dance Spell,Witching Hour,Northern Dancer,Lady Victoria,Crafty Prospector,Wife Mistress
2023102132,マテラスカイ,ユキエチャン,Speightstown,Mostaqeleh,ジャスタウェイ,ベットーレ,Gone West,Silken Cat,Rahy,Istiqlal,ハーツクライ,シビル,Blu Air Force,Happy Sue,Mr. Prospector,Secrettame,Storm Cat,Silken Doll,Blushing Groom,Glorious Song,Diesis,Wasnah,サンデーサイレンス,アイリッシュダンス,Wild Again,シャロン,Sri Pekan,Carillon Miss,City On a Hill,Fun Lover,Raise a Native,Gold Digger,Secretariat,Tamerett,Storm Bird,Terlingua,Chieftain,Insilca,Red God,Runaway Bride,Halo,Ballade,Sharpen Up,Doubly Sure,Nijinsky,Highest Trump,Halo,Wishing Well,トニービン,ビューパーダンス,Icecapade,Bushel-n-Peck,Mo Exception,Double Wiggle,Red Ransom,Lady Godolphin,The Minstrel,Sex Appeal,Rahy,ヴィルダモーレ,Lahib,Funun
2023102477,ヤマカツエース,フラヴィニー,キングカメハメハ,ヤマカツマリリン,キンシャサノキセキ,キッスパシオン,Kingmambo,マンファス,グラスワンダー,イクセプトフォーワンダ,フジキセキ,ケルトシャーン,ジェイドロバリー,レツツキツス,Mr. Prospector,Miesque,ラストタイクーン,Pilot Bird,Silver Hawk,Ameriflora,Tejabo,Unique Gal,サンデーサイレンス,ミルレーサー,Pleasant Colony,Featherhill,Mr. Prospector,Number,Lyphard,Limoya,Raise a Native,Gold Digger,Nureyev,Pasadoble,トライマイベスト,Mill Princess,Blakeney,The Dancer,Roberto,Gris Vitesse,Danzig,Graceful Touch,Deputy Minister,Cutty,Bold Ruckus,Spin to Win,Halo,Wishing Well,Le Fabuleux,Marston's Mill,His Majesty,Sun Colony,Lyphard,Lady Berry,Raise a Native,Gold Digger,Nijinsky,Special,Northern Dancer,Goofed,Riva Ridge,Peronelle
2023103677,ルヴァンスレーヴ,イッツオンリーアクティングダッド,シンボリクリスエス,マエストラーレ,Giant's Causeway,Indy Business,Kris S.,Tee Kay,ネオユニヴァース,オータムブリーズ,Storm Cat,Mariah's Storm,A.P. Indy,Mining My Business,Roberto,Sharp Queen,Gold Meridian,Tri Argo,サンデーサイレンス,ポインテッドパス,ティンバーカントリー,セプテンバーソング,Storm Bird,Terlingua,Rahy,イメンス,Seattle Slew,Weekend Surprise,マイニング,Really Blue,Hail to Reason,Bramalea,Princequillo,Bridgework,Seattle Slew,Queen Louie,Tri Jet,Hail Proudly,Halo,Wishing Well,Kris,Silken Way,Woodman,Fall Aspen,リアルシャダイ,ダイナフェアリー,Northern Dancer,South Ocean,Secretariat,Crimson Saint,Blushing Groom,Glorious Song,Roberto,Imsodear,Bold Reasoning,My Charmer,Secretariat,Lassie Dear,Mr. Prospector,I Pass,Believe It,Meadow Blue
2023103701,ルヴァンスレーヴ,チェリーペトルズ,シンボリクリスエス,マエストラーレ,ダイワメジャー,チェリーフォレスト,Kris S.,Tee Kay,ネオユニヴァース,オータムブリーズ,サンデーサイレンス,スカーレットブーケ,サクラバクシンオー,フォレストゾーン,Roberto,Sharp Queen,Gold Meridian,Tri Argo,サンデーサイレンス,ポインテッドパス,ティンバーカントリー,セプテンバーソング,Halo,Wishing Well,ノーザンテースト,スカーレットインク,サクラユタカオー,サクラハゴロモ,Forest Wildcat,Give Me Liberty,Hail to Reason,Bramalea,Princequillo,Bridgework,Seattle Slew,Queen Louie,Tri Jet,Hail Proudly,Halo,Wishing Well,Kris,Silken Way,Woodman,Fall Aspen,リアルシャダイ,ダイナフェアリー,Hail to Reason,Cosmah,Understanding,Mountain Flower,Northern Dancer,Lady Victoria,Crimson Satan,Consentida,テスコボーイ,アンジェリカ,ノーザンテースト,クリアアンバー,Storm Cat,Victoria Beauty,Give Me Strength,Fannie C.
2023105762,マインドユアビスケッツ,クインズヌーサ,Posse,Jazzmane,ゴールドアリュール,クィーンオブキネマ,Silver Deputy,Raska,Toccet,Alljazz,サンデーサイレンス,ニキーヤ,タイキシャトル,シネマライフ,Deputy Minister,Silver Valley,Rahy,Borishka,Awesome Again,Cozzene's Angel,Stop the Music,Bounteous,Halo,Wishing Well,Nureyev,Reluctant Guest,Devil's Bag,ウェルシュマフィン,マルゼンスキー,デイオラマ,Vice Regent,Mint Copy,Mr. Prospector,Seven Valleys,Blushing Groom,Glorious Song,Roberto,Queen Maud,Deputy Minister,Primal Force,Cozzene,Charming Pan,Hail to Reason,Bebopper,Master Derby,Mlle. Quille,Hail to Reason,Cosmah,Understanding,Mountain Flower,Northern Dancer,Special,Hostage,Vaguely Royal,Halo,Ballade,Caerleon,Muffitys,Nijinsky,シル,Secretariat,Diomedia
2023106028,マインドユアビスケッツ,コマンドゥールキイ,Posse,Jazzmane,フジキセキ,ジェネロジー,Silver Deputy,Raska,Toccet,Alljazz,サンデーサイレンス,ミルレーサー,ジェイドロバリー,キンスフォーク,Deputy Minister,Silver Valley,Rahy,Borishka,Awesome Again,Cozzene's Angel,Stop the Music,Bounteous,Halo,Wishing Well,Le Fabuleux,Marston's Mill,Mr. Prospector,Number,Distant Relative,Six Nations,Vice Regent,Mint Copy,Mr. Prospector,Seven Valleys,Blushing Groom,Glorious Song,Roberto,Queen Maud,Deputy Minister,Primal Force,Cozzene,Charming Pan,Hail to Reason,Bebopper,Master Derby,Mlle. Quille,Hail to Reason,Cosmah,Understanding,Mountain Flower,Wild Risk,Anguar,In Reality,Millicent,Raise a Native,Gold Digger,Nijinsky,Special,Habitat,Royal Sister,Danzig,Six Crowns
2023104848,パイロ,マリスレーン,Pulpit,Wild Vision,ストリートセンス,プリムローズレーン,A.P. Indy,Preach,Wild Again,Carol's Wonder,Street Cry,Bedazzle,サンデーサイレンス,オエノセラ,Seattle Slew,Weekend Surprise,Mr. Prospector,Narrate,Icecapade,Bushel-n-Peck,Pass the Tab,Carols Christmas,Machiavellian,Helen Street,Dixieland Band,Majestic Legend,Halo,Wishing Well,Night Shift,Fruition,Bold Reasoning,My Charmer,Secretariat,Lassie Dear,Raise a Native,Gold Digger,Honest Pleasure,State,Nearctic,Shenanigans,Khaled,Dama,Al Hattab,Dantina,Whitesburg,Light Verse,Mr. Prospector,Coup de Folie,Troy,Waterway,Northern Dancer,Mississippi Mud,His Majesty,Long Legend,Hail to Reason,Cosmah,Understanding,Mountain Flower,Northern Dancer,Ciboulette,ラインゴールド,Welsh Flame
2023105008,ブリックスアンドモルタル,グアン,Giant's Causeway,Beyond the Waves,オルフェーヴル,マルヴァーンスプリング,Storm Cat,Mariah's Storm,Ocean Crest,Excedent,ステイゴールド,オリエンタルアート,Silver Deputy,Chelsey Flower,Storm Bird,Terlingua,Rahy,イメンス,Storm Bird,S.S.Aroma,Exceller,Broadway Lullaby,サンデーサイレンス,ゴールデンサッシュ,メジロマックイーン,エレクトロアート,Deputy Minister,Silver Valley,His Majesty,Chelsey Dancer,Northern Dancer,South Ocean,Secretariat,Crimson Saint,Blushing Groom,Glorious Song,Roberto,Imsodear,Northern Dancer,South Ocean,Seattle Slew,Rare Bouquet,Vaguely Noble,Too Bald,Stage Door Johnny,リットルブレツシング,Halo,Wishing Well,ディクタス,ダイナサッシュ,メジロティターン,メジロオーロラ,ノーザンテースト,グランマスティーヴンス,Vice Regent,Mint Copy,Mr. Prospector,Seven Valleys,Ribot,Flower Bowl,Affirmed,Chelseanna
2023105317,アドマイヤマーズ,パーリーアヴェニュー,ダイワメジャー,ヴィアメディチ,Anabaa,Pearly Shells,サンデーサイレンス,スカーレットブーケ,Medicean,Via Milano,Danzig,Balbonella,Efisio,Piffle,Halo,Wishing Well,ノーザンテースト,スカーレットインク,Machiavellian,Mystic Goddess,シングスピール,Salvinaxia,Northern Dancer,Pas de Nom,ゲイメセン,Bamieres,Formidable,Eldoret,Shirley Heights,Fiddle-Faddle,Hail to Reason,Cosmah,Understanding,Mountain Flower,Northern Dancer,Lady Victoria,Crimson Satan,Consentida,Mr. Prospector,Coup de Folie,Storm Bird,Rose Goddess,In the Wings,Glorious Song,Linamix,Salve,Nearctic,Natalma,Admiral's Voyage,Petitioner,Vaguely Noble,Gay Missile,Riverman,Bergamasque,Forli,Native Partner,High Top,Bamburi,Mill Reef,Hardiemma,Silly Season,Fiddlededee
2023101713,リアルスティール,キララチュール,ディープインパクト,ラヴズオンリーミー,タイキシャトル,サイコーキララ,サンデーサイレンス,ウインドインハーヘア,Storm Cat,Monevassia,Devil's Bag,ウェルシュマフィン,リンドシェーバー,サイコーロマン,Halo,Wishing Well,Alzao,Burghclere,Storm Bird,Terlingua,Mr. Prospector,Miesque,Halo,Ballade,Caerleon,Muffitys,Alydar,ベーシイド,モーニングフローリック,サイコーハッピー,Hail to Reason,Cosmah,Understanding,Mountain Flower,Lyphard,Lady Rebecca,Busted,Highclere,Northern Dancer,South Ocean,Secretariat,Crimson Saint,Raise a Native,Gold Digger,Nureyev,Pasadoble,Hail to Reason,Cosmah,Herbager,Miss Swapsco,Nijinsky,Foreseer,Thatch,Contrail,Raise a Native,Sweet Tooth,Cool Moon,Polondra,Grey Dawn,Timely Affair,セントクレスピン,サイビレディ
2023101704,ヴァンゴッホ,ヴィクトリアズワイルドキャット,American Pharoah,Imagine,Bellamy Road,Flaming Mirage,Pioneerof the Nile,Littleprincessemma,Sadler's Wells,Doff the Derby,Concerto,Hurry Home Hillary,Woodman,Flaming Leaves,エンパイアメーカー,Star of Goshen,Yankee Gentleman,Exclusive Rosette,Northern Dancer,Fairy Bridge,Master Derby,Margarethen,Chief's Crown,Undeniably,Deputed Testamony,Ten Cents a Turn,Mr. Prospector,プレイメイト,Olden Times,Distaff Decider,Unbridled,Toussaud,Lord at War,Castle Eight,Storm Cat,Key Phrase,Ecliptical,Zetta Jet,Nearctic,Natalma,Bold Reason,Special,ダストコマンダー,Madam Jerry,Tulyar,Russ-Marie,Danzig,Six Crowns,In Reality,Past Forgetting,Traffic Cop,Proof Requested,Cozzene,Rub al Khali,Raise a Native,Gold Digger,Buckpasser,Intriguing,Relic,Djenne,Khaled,Lady o'War
2023100084,ウインブライト,ブーケドロゼブルー,ステイゴールド,サマーエタニティ,ロージズインメイ,イセノトウショウ,サンデーサイレンス,ゴールデンサッシュ,アドマイヤコジーン,オールフォーゲラン,Devil His Due,Tell a Secret,トウショウボーイ,マルミチーフ,Halo,Wishing Well,ディクタス,ダイナサッシュ,Cozzene,アドマイヤマカディ,ジェイドロバリー,ミスゲラン,Devil's Bag,Plenty O'Toole,Speak John,Secret Retreat,テスコボーイ,ソシアルバターフライ,ビッグディザイアー,トキワアイゼン,Hail to Reason,Cosmah,Understanding,Mountain Flower,Sanctus,Doronic,ノーザンテースト,ロイヤルサッシュ,Caro,Ride the Trails,ノーザンテースト,ミセスマカディー,Mr. Prospector,Number,マルゼンスキー,ゲラン,Halo,Ballade,Raise a Cup,Li'l Puss,Prince John,Nuit de Folies,Clandestine,Retirement,Princely Gift,Suncourt,Your Host,Wisteria,トライバルチーフ,クリアヤメ,キタノカチドキ,トキノマサト
2023101573,キタサンブラック,サイモンガーランド,ブラックタイド,シュガーハート,ロージズインメイ,メアリーステラ,サンデーサイレンス,ウインドインハーヘア,サクラバクシンオー,オトメゴコロ,Devil His Due,Tell a Secret,マイネルラヴ,ラシアンメアリー,Halo,Wishing Well,Alzao,Burghclere,サクラユタカオー,サクラハゴロモ,ジャッジアンジェルーチ,テイズリー,Devil's Bag,Plenty O'Toole,Speak John,Secret Retreat,Seeking the Gold,Heart of Joy,ラシアンルーブル,ラシャール,Hail to Reason,Cosmah,Understanding,Mountain Flower,Lyphard,Lady Rebecca,Busted,Highclere,テスコボーイ,アンジェリカ,ノーザンテースト,クリアアンバー,Honest Pleasure,Victorian Queen,Lyphard,Tizna,Halo,Ballade,Raise a Cup,Li'l Puss,Prince John,Nuit de Folies,Clandestine,Retirement,Mr. Prospector,Con Game,リィフォー,Mythographer,Nijinsky,Squander,パーソロン,スイシユン
2023102998,カリフォルニアクローム,ペイシャフローレス,Lucky Pulpit,Love the Chase,ヴィクトワールピサ,プレザントケイプ,Pulpit,Lucky Soph,Not for Love,Chase It Down,ネオユニヴァース,ホワイトウォーターアフェア,Cape Cross,Felicity,A.P. Indy,Preach,Cozzene,Lucky Spell,Mr. Prospector,Dance Number,Polish Numbers,Chase the Dream,サンデーサイレンス,ポインテッドパス,Machiavellian,Much Too Risky,Green Desert,Park Appeal,Selkirk,Las Flores,Seattle Slew,Weekend Surprise,Mr. Prospector,Narrate,Caro,Ride the Trails,Lucky Mel,Incantation,Raise a Native,Gold Digger,Northern Dancer,Numbered Account,Danzig,Numbered Account,Sir Ivor,La Belle Fleur,Halo,Wishing Well,Kris,Silken Way,Mr. Prospector,Coup de Folie,Bustino,Short Rations,Danzig,Foreign Courier,Ahonoora,Balidaress,Sharpen Up,Annie Edge,Sadler's Wells,Producer
2022104171,アジアエクスプレス,ホームアゲイン,ヘニーヒューズ,ランニングボブキャッツ,ディープインパクト,マイスイートホーム,ヘネシー,Meadow Flyer,Running Stag,Backatem,サンデーサイレンス,ウインドインハーヘア,ブライアンズタイム,ホームスイートホーム,Storm Cat,Island Kitty,Meadowlake,Shortley,Cozzene,Fruhlingstag,Notebook,Deputy's Mistress,Halo,Wishing Well,Alzao,Burghclere,Roberto,Kelley's Day,Seeking the Gold,Our Country Place,Storm Bird,Terlingua,Hawaii,T. C. Kitten,Hold Your Peace,Suspicious Native,Hagley,Short Winded,Caro,Ride the Trails,Orsini,Revada,Well Decorated,Mobcap,Deputy Minister,River Crossing,Hail to Reason,Cosmah,Understanding,Mountain Flower,Lyphard,Lady Rebecca,Busted,Highclere,Hail to Reason,Bramalea,Graustark,Golden Trail,Mr. Prospector,Con Game,Pleasant Colony,メイプルジンスキー
2022100700,モズアスコット,グリエルマ,Frankel,India,ロードカナロア,アズマサンダース,Galileo,Kind,ヘネシー,Misty Hour,キングカメハメハ,レディブラッサム,サンデーサイレンス,オースミシャイン,Sadler's Wells,Urban Sea,デインヒル,Rainbow Lake,Storm Cat,Island Kitty,Miswaki,Our Tina Marie,Kingmambo,マンファス,Storm Cat,サラトガデュー,Halo,Wishing Well,シンボリルドルフ,コランデアガール,Northern Dancer,Fairy Bridge,Miswaki,Allegretta,Danzig,Razyana,Rainbow Quest,Rockfest,Storm Bird,Terlingua,Hawaii,T. C. Kitten,Mr. Prospector,Hopespringseternal,Nijinsky,Java Moon,Mr. Prospector,Miesque,ラストタイクーン,Pilot Bird,Storm Bird,Terlingua,Cormorant,Super Luna,Hail to Reason,Cosmah,Understanding,Mountain Flower,パーソロン,スイートルナ,ネヴァービート,ヤヨイカマダ
2022106354,モズアスコット,クロランサス,Frankel,India,ディープインパクト,クリアンサス,Galileo,Kind,ヘネシー,Misty Hour,サンデーサイレンス,ウインドインハーヘア,Redoute's Choice,フラワーパーク,Sadler's Wells,Urban Sea,デインヒル,Rainbow Lake,Storm Cat,Island Kitty,Miswaki,Our Tina Marie,Halo,Wishing Well,Alzao,Burghclere,デインヒル,Shantha's Choice,ニホンピロウイナー,ノーザンフラワー,Northern Dancer,Fairy Bridge,Miswaki,Allegretta,Danzig,Razyana,Rainbow Quest,Rockfest,Storm Bird,Terlingua,Hawaii,T. C. Kitten,Mr. Prospector,Hopespringseternal,Nijinsky,Java Moon,Hail to Reason,Cosmah,Understanding,Mountain Flower,Lyphard,Lady Rebecca,Busted,Highclere,Danzig,Razyana,Canny Lad,Dancing Show,スティールハート,ニホンピロエバート,ノーザンテースト,ファイアフラワー
2022101188,リアルスティール,クインズアダマン,ディープインパクト,ラヴズオンリーミー,チチカステナンゴ,ナイサー,サンデーサイレンス,ウインドインハーヘア,Storm Cat,Monevassia,Smadoun,スマラ,Pennine Walk,Everything Nice,Halo,Wishing Well,Alzao,Burghclere,Storm Bird,Terlingua,Mr. Prospector,Miesque,Kaldoun,Mossma,Antheus,Small Partie,Persian Bold,Tifrums,Sovereign Path,Emma Canute,Hail to Reason,Cosmah,Understanding,Mountain Flower,Lyphard,Lady Rebecca,Busted,Highclere,Northern Dancer,South Ocean,Secretariat,Crimson Saint,Raise a Native,Gold Digger,Nureyev,Pasadoble,Caro,Katana,Tip Moss,Ticma,Northern Dancer,Apachee,Fabulous Dancer,Summer Parties,Bold Lad,Relkarunner,Thatch,Persian Apple,Grey Sovereign,Mountain Path,ハーディカヌート,Gneevebawn
2020106817,ダイワメジャー,タイキキララ,サンデーサイレンス,スカーレットブーケ,キングヘイロー,タイキステラ,Halo,Wishing Well,ノーザンテースト,スカーレットインク,ダンシングブレーヴ,グッバイヘイロー,Miswaki,ロイヤルブライド,Hail to Reason,Cosmah,Understanding,Mountain Flower,Northern Dancer,Lady Victoria,Crimson Satan,Consentida,Lyphard,Navajo Princess,Halo,Pound Foolish,Mr. Prospector,Hopespringseternal,Blushing Groom,ロイコン,Turn-to,Nothirdchance,Cosmic Bomb,Almahmoud,Promised Land,Pretty Ways,Montparnasse,Edelweiss,Nearctic,Natalma,Victoria Park,Lady Angela,Spy Song,Papila,Beau Max,La Menina,Northern Dancer,Goofed,Drone,Olmec,Hail to Reason,Cosmah,Sir Ivor,Squander,Raise a Native,Gold Digger,Buckpasser,Rose Bower,Red God,Runaway Bride,High Top,Madelon
2022104919,エピファネイア,ディープジュエリー,シンボリクリスエス,シーザリオ,ディープインパクト,ジュエルオブザナイト,Kris S.,Tee Kay,スペシャルウィーク,キロフプリミエール,サンデーサイレンス,ウインドインハーヘア,Giant's Causeway,Jeweled Lady,Roberto,Sharp Queen,Gold Meridian,Tri Argo,サンデーサイレンス,キャンペンガール,Sadler's Wells,Querida,Halo,Wishing Well,Alzao,Burghclere,Storm Cat,Mariah's Storm,General Meeting,Excellent Lady,Hail to Reason,Bramalea,Princequillo,Bridgework,Seattle Slew,Queen Louie,Tri Jet,Hail Proudly,Halo,Wishing Well,マルゼンスキー,レディーシラオキ,Northern Dancer,Fairy Bridge,Habitat,Principia,Hail to Reason,Cosmah,Understanding,Mountain Flower,Lyphard,Lady Rebecca,Busted,Highclere,Storm Bird,Terlingua,Rahy,イメンス,Seattle Slew,Alydar's Promise,Smarten,Northern Sea
2022105078,エピファネイア,ミッキークイーン,シンボリクリスエス,シーザリオ,ディープインパクト,ミュージカルウェイ,Kris S.,Tee Kay,スペシャルウィーク,キロフプリミエール,サンデーサイレンス,ウインドインハーヘア,Gold Away,Mulika,Roberto,Sharp Queen,Gold Meridian,Tri Argo,サンデーサイレンス,キャンペンガール,Sadler's Wells,Querida,Halo,Wishing Well,Alzao,Burghclere,Goldneyev,Blushing Away,Procida,Gazelia,Hail to Reason,Bramalea,Princequillo,Bridgework,Seattle Slew,Queen Louie,Tri Jet,Hail Proudly,Halo,Wishing Well,マルゼンスキー,レディーシラオキ,Northern Dancer,Fairy Bridge,Habitat,Principia,Hail to Reason,Cosmah,Understanding,Mountain Flower,Lyphard,Lady Rebecca,Busted,Highclere,Nureyev,Gold River,Blushing Groom,スイートリベンジ,Mr. Prospector,With Distinction,Icecapade,Dols Jaminque
2022101086,ロゴタイプ,ボーナスチャンス,ローエングリン,ステレオタイプ,エンパイアメーカー,ポンテペルレ,シングスピール,カーリング,サンデーサイレンス,スターバレリーナ,Unbridled,Toussaud,Green Desert,ファーザ,In the Wings,Glorious Song,Garde Royale,Corraleja,Halo,Wishing Well,Risen Star,ベリアーニ,Fappiano,Gana Facil,El Gran Senor,Image of Reality,Danzig,Foreign Courier,Mr. Prospector,Baya,Sadler's Wells,High Hawk,Halo,Ballade,Mill Reef,Royal Way,Carvin,Darling Dale,Hail to Reason,Cosmah,Understanding,Mountain Flower,Secretariat,Ribbon,Nureyev,Eleven Pleasures,Mr. Prospector,Killaloe,Le Fabuleux,Charedi,Northern Dancer,Sex Appeal,In Reality,Edee's Image,Northern Dancer,Pas de Nom,Sir Ivor,Courtly Dee,Raise a Native,Gold Digger,Nureyev,Barger
2022101315,アルアイン,ハタノフォルトゥナ,ディープインパクト,ドバイマジェスティ,グラスワンダー,アイルゴーバック,サンデーサイレンス,ウインドインハーヘア,Essence of Dubai,Great Majesty,Silver Hawk,Ameriflora,アッミラーレ,ブッチ,Halo,Wishing Well,Alzao,Burghclere,Pulpit,Epitome,Great Above,Mistic Majesty,Roberto,Gris Vitesse,Danzig,Graceful Touch,サンデーサイレンス,ダジルミージョリエ,ヤシマソブリン,シンディーメモリー,Hail to Reason,Cosmah,Understanding,Mountain Flower,Lyphard,Lady Rebecca,Busted,Highclere,A.P. Indy,Preach,Summing,Honest and True,Minnesota Mac,Ta Wee,His Majesty,Necaras Miss,Hail to Reason,Bramalea,Amerigo,Matchiche,Northern Dancer,Pas de Nom,His Majesty,Pi Phi Gal,Halo,Wishing Well,Carr de Naskra,Mawgrit,ミルジョージ,エゾミドリ,トウショウルチェー,ヒカリパンパード
2021100081,ゴールドシップ,ブーケドロゼブルー,ステイゴールド,ポイントフラッグ,ロージズインメイ,イセノトウショウ,サンデーサイレンス,ゴールデンサッシュ,メジロマックイーン,パストラリズム,Devil His Due,Tell a Secret,トウショウボーイ,マルミチーフ,Halo,Wishing Well,ディクタス,ダイナサッシュ,メジロティターン,メジロオーロラ,プルラリズム,トクノエイティー,Devil's Bag,Plenty O'Toole,Speak John,Secret Retreat,テスコボーイ,ソシアルバターフライ,ビッグディザイアー,トキワアイゼン,Hail to Reason,Cosmah,Understanding,Mountain Flower,Sanctus,Doronic,ノーザンテースト,ロイヤルサッシュ,メジロアサマ,シエリル,リマンド,メジロアイリス,The Minstrel,Cambretta,トライバルチーフ,アイアンルビー,Halo,Ballade,Raise a Cup,Li'l Puss,Prince John,Nuit de Folies,Clandestine,Retirement,Princely Gift,Suncourt,Your Host,Wisteria,トライバルチーフ,クリアヤメ,キタノカチドキ,トキノマサト
2022105831,ルーラーシップ,ヒルダ,キングカメハメハ,エアグルーヴ,ダイワメジャー,バロネスサッチャー,Kingmambo,マンファス,トニービン,ダイナカール,サンデーサイレンス,スカーレットブーケ,ヨハネスブルグ,Natkeeta,Mr. Prospector,Miesque,ラストタイクーン,Pilot Bird,カンパラ,Severn Bridge,ノーザンテースト,シャダイフェザー,Halo,Wishing Well,ノーザンテースト,スカーレットインク,ヘネシー,Myth,Gulch,Orchesis,Raise a Native,Gold Digger,Nureyev,Pasadoble,トライマイベスト,Mill Princess,Blakeney,The Dancer,Kalamoun,State Pension,Hornbeam,Priddy Fair,Northern Dancer,Lady Victoria,ガーサント,パロクサイド,Hail to Reason,Cosmah,Understanding,Mountain Flower,Northern Dancer,Lady Victoria,Crimson Satan,Consentida,Storm Cat,Island Kitty,オジジアン,Yarn,Mr. Prospector,Jameela,In Reality,Graceful Gal
2022103473,マクフィ,ローズアダージョ,Dubawi,Dhelaal,ディープインパクト,ファーストナイト,Dubai Millennium,Zomaradah,Green Desert,Irish Valley,サンデーサイレンス,ウインドインハーヘア,Sadler's Wells,Morning Devotion,Seeking the Gold,Colorado Dancer,Deploy,Jawaher,Danzig,Foreign Courier,Irish River,Green Valley,Halo,Wishing Well,Alzao,Burghclere,Northern Dancer,Fairy Bridge,Affirmed,Morning Has Broken,Mr. Prospector,Con Game,Shareef Dancer,Fall Aspen,Shirley Heights,Slightly Dangerous,ダンシングブレーヴ,High Tern,Northern Dancer,Pas de Nom,Sir Ivor,Courtly Dee,Riverman,Irish Star,Val de Loir,Sly Pola,Hail to Reason,Cosmah,Understanding,Mountain Flower,Lyphard,Lady Rebecca,Busted,Highclere,Nearctic,Natalma,Bold Reason,Special,Exclusive Native,Won't Tell You,Prince John,A Wind Is Rising
2022107149,エイシンフラッシュ,パリュール,キングズベスト,ムーンレディ,リンカーン,パリスセイリュウ,Kingmambo,Allegretta,プラティニ,Midnight Fever,サンデーサイレンス,グレースアドマイヤ,サクラバクシンオー,ローランロード,Mr. Prospector,Miesque,Lombard,Anatevka,Surumu,Prairie Darling,Sure Blade,Majoritat,Halo,Wishing Well,トニービン,バレークイーン,サクラユタカオー,サクラハゴロモ,セクレト,Lady May,Raise a Native,Gold Digger,Nureyev,Pasadoble,Agio,Promised Lady,Espresso,Almyra,Literat,Surama,Stanford,Prairie Belle,Kris,Double Lock,Konigsstuhl,Monacchia,Hail to Reason,Cosmah,Understanding,Mountain Flower,カンパラ,Severn Bridge,Sadler's Wells,Sun Princess,テスコボーイ,アンジェリカ,ノーザンテースト,クリアアンバー,Northern Dancer,Betty's Secret,Luthier,Mistake
2022104385,カリフォルニアクローム,オールザットジャズ,Lucky Pulpit,Love the Chase,タニノギムレット,ダイヤモンドピサ,Pulpit,Lucky Soph,Not for Love,Chase It Down,ブライアンズタイム,タニノクリスタル,サンデーサイレンス,ジョード,A.P. Indy,Preach,Cozzene,Lucky Spell,Mr. Prospector,Dance Number,Polish Numbers,Chase the Dream,Roberto,Kelley's Day,クリスタルパレス,タニノシーバード,Halo,Wishing Well,Danzig,Belle de Jour,Seattle Slew,Weekend Surprise,Mr. Prospector,Narrate,Caro,Ride the Trails,Lucky Mel,Incantation,Raise a Native,Gold Digger,Northern Dancer,Numbered Account,Danzig,Numbered Account,Sir Ivor,La Belle Fleur,Hail to Reason,Bramalea,Graustark,Golden Trail,Caro,Hermieres,Sea-Bird,Flaxen,Hail to Reason,Cosmah,Understanding,Mountain Flower,Northern Dancer,Pas de Nom,Speak John,Battle Dress
2022105773,オルフェーヴル,オリヒメ,ステイゴールド,オリエンタルアート,マジェスティックウォリアー,Champagne Royale,サンデーサイレンス,ゴールデンサッシュ,メジロマックイーン,エレクトロアート,A.P. Indy,Dream Supreme,フレンチデピュティ,All Tanked Up,Halo,Wishing Well,ディクタス,ダイナサッシュ,メジロティターン,メジロオーロラ,ノーザンテースト,グランマスティーヴンス,Seattle Slew,Weekend Surprise,Seeking the Gold,Spinning Round,Deputy Minister,Mitterand,Tank's Prospect,All Week End,Hail to Reason,Cosmah,Understanding,Mountain Flower,Sanctus,Doronic,ノーザンテースト,ロイヤルサッシュ,メジロアサマ,シエリル,リマンド,メジロアイリス,Northern Dancer,Lady Victoria,Lt. Stevens,Dhow,Bold Reasoning,My Charmer,Secretariat,Lassie Dear,Mr. Prospector,Con Game,Dixieland Band,Take Heart,Vice Regent,Mint Copy,Hold Your Peace,Laredo Lass,Mr. Prospector,Midnight Pumpkin,Al Hattab,Weekend Fun
2021105047,ロゴタイプ,サニーデイサンデー,ローエングリン,ステレオタイプ,ジャングルポケット,サンデーピクニック,シングスピール,カーリング,サンデーサイレンス,スターバレリーナ,トニービン,ダンスチャーマー,サンデーサイレンス,アトール,In the Wings,Glorious Song,Garde Royale,Corraleja,Halo,Wishing Well,Risen Star,ベリアーニ,カンパラ,Severn Bridge,Nureyev,Skillful Joy,Halo,Wishing Well,Caerleon,Shirley Reef,Sadler's Wells,High Hawk,Halo,Ballade,Mill Reef,Royal Way,Carvin,Darling Dale,Hail to Reason,Cosmah,Understanding,Mountain Flower,Secretariat,Ribbon,Nureyev,Eleven Pleasures,Kalamoun,State Pension,Hornbeam,Priddy Fair,Northern Dancer,Special,Nodouble,Skillful Miss,Hail to Reason,Cosmah,Understanding,Mountain Flower,Nijinsky,Foreseer,Shirley Heights,Sahara Goddess
2021100786,ミッキーアイル,ハイノリッジ,ディープインパクト,スターアイル,マンハッタンカフェ,ゴールドグレース,サンデーサイレンス,ウインドインハーヘア,ロックオブジブラルタル,アイルドフランス,サンデーサイレンス,サトルチェンジ,エリシオ,グレースウーマン,Halo,Wishing Well,Alzao,Burghclere,デインヒル,Offshore Boom,Nureyev,ステラマドリッド,Halo,Wishing Well,Law Society,Santa Luciana,Fairy King,Helice,マルゼンスキー,ランズプロント,Hail to Reason,Cosmah,Understanding,Mountain Flower,Lyphard,Lady Rebecca,Busted,Highclere,Danzig,Razyana,Be My Guest,Push a Button,Northern Dancer,Special,Alydar,My Juliet,Hail to Reason,Cosmah,Understanding,Mountain Flower,Alleged,Bold Bikini,Luciano,Suleika,Northern Dancer,Fairy Bridge,Slewpy,Hirondelle,Nijinsky,シル,プロント,トサモアー
2022106705,ウインブライト,ミッキーパール,ステイゴールド,サマーエタニティ,タニノギムレット,エヴリウィスパー,サンデーサイレンス,ゴールデンサッシュ,アドマイヤコジーン,オールフォーゲラン,ブライアンズタイム,タニノクリスタル,ノーザンテースト,クラフテイワイフ,Halo,Wishing Well,ディクタス,ダイナサッシュ,Cozzene,アドマイヤマカディ,ジェイドロバリー,ミスゲラン,Roberto,Kelley's Day,クリスタルパレス,タニノシーバード,Northern Dancer,Lady Victoria,Crafty Prospector,Wife Mistress,Hail to Reason,Cosmah,Understanding,Mountain Flower,Sanctus,Doronic,ノーザンテースト,ロイヤルサッシュ,Caro,Ride the Trails,ノーザンテースト,ミセスマカディー,Mr. Prospector,Number,マルゼンスキー,ゲラン,Hail to Reason,Bramalea,Graustark,Golden Trail,Caro,Hermieres,Sea-Bird,Flaxen,Nearctic,Natalma,Victoria Park,Lady Angela,Mr. Prospector,Real Crafty Lady,Secretariat,Political Payoff
2022100630,ジャスタウェイ,シンメイフジ,ハーツクライ,シビル,フジキセキ,レディミューズ,サンデーサイレンス,アイリッシュダンス,Wild Again,シャロン,サンデーサイレンス,ミルレーサー,ティンバーカントリー,シンコウラブリイ,Halo,Wishing Well,トニービン,ビューパーダンス,Icecapade,Bushel-n-Peck,Mo Exception,Double Wiggle,Halo,Wishing Well,Le Fabuleux,Marston's Mill,Woodman,Fall Aspen,Caerleon,ハッピートレイルズ,Hail to Reason,Cosmah,Understanding,Mountain Flower,カンパラ,Severn Bridge,Lyphard,My Bupers,Nearctic,Shenanigans,Khaled,Dama,Hard Work,With Exception,Sir Wiggle,Blue Double,Hail to Reason,Cosmah,Understanding,Mountain Flower,Wild Risk,Anguar,In Reality,Millicent,Mr. Prospector,プレイメイト,Pretense,Change Water,Nijinsky,Foreseer,ポツセ,ロイコン
2021103451,ロゴタイプ,シャインパーミット,ローエングリン,ステレオタイプ,ファルブラヴ,レミニセンス,Singspiel,カーリング,サンデーサイレンス,スターバレリーナ,Fairy King,Gift of the Night,サンデーサイレンス,グレイエミネンス,In the Wings,Glorious Song,Garde Royale,Corraleja,Halo,Wishing Well,Risen Star,ベリアーニ,Northern Dancer,Fairy Bridge,Slewpy,Little Nana,Halo,Wishing Well,トニービン,グレイキル,Sadler's Wells,High Hawk,Halo,Ballade,Mill Reef,Royal Way,Carvin,Darling Dale,Hail to Reason,Cosmah,Understanding,Mountain Flower,Secretariat,Ribbon,Nureyev,Eleven Pleasures,Nearctic,Natalma,Bold Reason,Special,Seattle Slew,Rare Bouquet,Lithiot,Nenana Road,Hail to Reason,Cosmah,Understanding,Mountain Flower,カンパラ,Severn Bridge,Forceten,Desert Lass
2022101126,モズアスコット,サトノルミナス,Frankel,India,ディープインパクト,カトマンドゥ,Galileo,Kind,ヘネシー,Misty Hour,サンデーサイレンス,ウインドインハーヘア,Country Reel,Louvardie,Sadler's Wells,Urban Sea,デインヒル,Rainbow Lake,Storm Cat,Island Kitty,Miswaki,Our Tina Marie,Halo,Wishing Well,Alzao,Burghclere,Danzig,Country Belle,Loup Solitaire,Kaldevees,Northern Dancer,Fairy Bridge,Miswaki,Allegretta,Danzig,Razyana,Rainbow Quest,Rockfest,Storm Bird,Terlingua,Hawaii,T. C. Kitten,Mr. Prospector,Hopespringseternal,Nijinsky,Java Moon,Hail to Reason,Cosmah,Understanding,Mountain Flower,Lyphard,Lady Rebecca,Busted,Highclere,Northern Dancer,Pas de Nom,Seattle Slew,Balbonella,Lear Fan,Louveterie,Kaldoun,Safaroa
2021102151,サンダースノー,モズカッチャン,Helmet,Eastern Joy,ハービンジャー,サイトディーラー,Exceed And Excel,Accessories,Dubai Destination,Red Slippers,Dansili,Penang Pearl,キングカメハメハ,ベストブート,デインヒル,Patrona,シングスピール,Anna Matrushka,Kingmambo,Mysterial,Nureyev,Morning Devotion,デインヒル,Hasili,Bering,Guapa,Kingmambo,マンファス,Storm Boot,Bright Tiara,Danzig,Razyana,Lomond,Gladiolus,In the Wings,Glorious Song,Mill Reef,Anna Paola,Mr. Prospector,Miesque,Alleged,Mysteries,Northern Dancer,Special,Affirmed,Morning Has Broken,Danzig,Razyana,Kahyasi,Kerali,Arctic Tern,Beaune,Shareef Dancer,Sauceboat,Mr. Prospector,Miesque,ラストタイクーン,Pilot Bird,Storm Cat,Aliata,Chief's Crown,Expressive Dance
2020100555,ホッコータルマエ,トモトモリバー,キングカメハメハ,マダムチェロキー,ブラックタイド,ローズエンジェル,Kingmambo,マンファス,Cherokee Run,アンフォイルド,サンデーサイレンス,ウインドインハーヘア,アグネスデジタル,シュガースポット,Mr. Prospector,Miesque,ラストタイクーン,Pilot Bird,Runaway Groom,Cherokee Dame,Unbridled,Bold Foil,Halo,Wishing Well,Alzao,Burghclere,Crafty Prospector,Chancey Squaw,Lear Fan,トゥースフェアリー,Raise a Native,Gold Digger,Nureyev,Pasadoble,トライマイベスト,Mill Princess,Blakeney,The Dancer,Blushing Groom,Yonnie Girl,Silver Saber,Dame Francesca,Fappiano,Gana Facil,Bold Forbes,Perfect Foil,Hail to Reason,Cosmah,Understanding,Mountain Flower,Lyphard,Lady Rebecca,Busted,Highclere,Mr. Prospector,Real Crafty Lady,Chief's Crown,Allicance,Roberto,Wac,Sadler's Wells,'N Everything Nice
2022102701,タワーオブロンドン,アリアプーラ,Raven's Pass,スノーパイン,Flying Spur,Fortunata,Elusive Quality,Ascutney,Dalakhani,シンコウエルメス,デインヒル,Rolls,Dr. Grace,Extradite,Gone West,Touch of Greatness,Lord at War,Right Word,Darshaan,Daltawa,Sadler's Wells,Doff the Derby,Danzig,Razyana,Mr. Prospector,Grand Luxe,Sir Tristram,English Wonder,Bletchingly,Expulsion,Mr. Prospector,Secrettame,Hero's Honor,Ivory Wand,General,Luna de Miel,Verbatim,Oratorio,Shirley Heights,Delsy,Miswaki,Damana,Northern Dancer,Fairy Bridge,Master Derby,Margarethen,Northern Dancer,Pas de Nom,His Majesty,Spring Adieu,Raise a Native,Gold Digger,Sir Ivor,Fanfreluche,Sir Ivor,Isolt,Twig Moss,Karroo,Biscay,Coogee,インファチュエイション,Roedean
2021107224,ジャングルポケット,マーシフルレイン,トニービン,ダンスチャーマー,キングカメハメハ,レインダンス,カンパラ,Severn Bridge,Nureyev,Skillful Joy,Kingmambo,マンファス,ダンスインザダーク,レン,Kalamoun,State Pension,Hornbeam,Priddy Fair,Northern Dancer,Special,Nodouble,Skillful Miss,Mr. Prospector,Miesque,ラストタイクーン,Pilot Bird,サンデーサイレンス,ダンシングキイ,Bob Back,In The Rigging,ゼダーン,Khairunissa,オンリーフォアライフ,Lorelei,Hyperion,Thicket,Preciptic,Campanette,Nearctic,Natalma,Forli,Thong,Noholme,Abla-Jay,Daryl's Joy,Poliniss,Raise a Native,Gold Digger,Nureyev,Pasadoble,トライマイベスト,Mill Princess,Blakeney,The Dancer,Halo,Wishing Well,Nijinsky,Key Partner,Roberto,Toter Back,Topsider,Love's Dream
2021103798,オルフェーヴル,サウンタ,ステイゴールド,オリエンタルアート,Invincible Spirit,Baize,サンデーサイレンス,ゴールデンサッシュ,メジロマックイーン,エレクトロアート,Green Desert,Rafha,Efisio,Bayonne,Halo,Wishing Well,ディクタス,ダイナサッシュ,メジロティターン,メジロオーロラ,ノーザンテースト,グランマスティーヴンス,Danzig,Foreign Courier,Kris,Eljazzi,Formidable,Eldoret,Bay Express,Lambay,Hail to Reason,Cosmah,Understanding,Mountain Flower,Sanctus,Doronic,ノーザンテースト,ロイヤルサッシュ,メジロアサマ,シエリル,リマンド,メジロアイリス,Northern Dancer,Lady Victoria,Lt. Stevens,Dhow,Northern Dancer,Pas de Nom,Sir Ivor,Courtly Dee,Sharpen Up,Doubly Sure,アーテイアス,Border Bounty,Forli,Native Partner,High Top,Bamburi,Polyfoto,Pal Sinna,Lorenzaccio,Treasure Island
2022106943,アジアエクスプレス,ハロードリーム,ヘニーヒューズ,ランニングボブキャッツ,ブライアンズタイム,ハローサンライズ,ヘネシー,Meadow Flyer,Running Stag,Backatem,Roberto,Kelley's Day,ダンスインザダーク,スカーレットローズ,Storm Cat,Island Kitty,Meadowlake,Shortley,Cozzene,Fruhlingstag,Notebook,Deputy's Mistress,Hail to Reason,Bramalea,Graustark,Golden Trail,サンデーサイレンス,ダンシングキイ,ノーザンテースト,スカーレットインク,Storm Bird,Terlingua,Hawaii,T. C. Kitten,Hold Your Peace,Suspicious Native,Hagley,Short Winded,Caro,Ride the Trails,Orsini,Revada,Well Decorated,Mobcap,Deputy Minister,River Crossing,Turn-to,Nothirdchance,Nashua,Rarelea,Ribot,Flower Bowl,Hasty Road,Sunny Vale,Halo,Wishing Well,Nijinsky,Key Partner,Northern Dancer,Lady Victoria,Crimson Satan,Consentida
2021101064,ニューイヤーズデイ,メモリーレーン,Street Cry,Justwhistledixie,ダイワメジャー,ストロングメモリー,Machiavellian,Helen Street,Dixie Union,General Jeanne,サンデーサイレンス,スカーレットブーケ,エンドスウィープ,アピーリングストーリー,Mr. Prospector,Coup de Folie,Troy,Waterway,Dixieland Band,She's Tops,Honour and Glory,Ahpo Hel,Halo,Wishing Well,ノーザンテースト,スカーレットインク,フォーティナイナー,Broom Dance,Valid Appeal,Charming Story,Raise a Native,Gold Digger,Halo,Raise the Standard,Petingo,La Milo,Riverman,Boulevard,Northern Dancer,Mississippi Mud,Capote,She's a Talent,Relaunch,Fair to All,Mr. Leader,Tiy,Hail to Reason,Cosmah,Understanding,Mountain Flower,Northern Dancer,Lady Victoria,Crimson Satan,Consentida,Mr. Prospector,File,Dance Spell,Witching Hour,In Reality,Desert Trial,Hail to Reason,Dame Fritchie
2021105794,キズナ,マンビア,ディープインパクト,キャットクイル,アルデバラン,Algoa,サンデーサイレンス,ウインドインハーヘア,Storm Cat,Pacific Princess,Mr. Prospector,Chimes of Freedom,Common Grounds,Atlantic Blue,Halo,Wishing Well,Alzao,Burghclere,Storm Bird,Terlingua,Damascus,Fiji,Raise a Native,Gold Digger,Private Account,Aviance,Kris,Sweetly,Nureyev,Hail Atlantis,Hail to Reason,Cosmah,Understanding,Mountain Flower,Lyphard,Lady Rebecca,Busted,Highclere,Northern Dancer,South Ocean,Secretariat,Crimson Saint,Sword Dancer,Kerala,Acropolis,Rififi,Native Dancer,Raise You,Nashua,Sequence,Damascus,Numbered Account,Northfields,Minnie Hauk,Sharpen Up,Doubly Sure,Lyphard,Sweet and Lovely,Northern Dancer,Special,Seattle Slew,Flippers
2022103469,カレンブラックヒル,ショーエクセレント,ダイワメジャー,チャールストンハーバー,ワイルドラッシュ,ホーマンピクシー,サンデーサイレンス,スカーレットブーケ,Grindstone,Penny's Valentine,Wild Again,Rose Park,キングカメハメハ,タイトーク,Halo,Wishing Well,ノーザンテースト,スカーレットインク,Unbridled,Buzz My Bell,Storm Cat,Mrs. Penny,Icecapade,Bushel-n-Peck,Plugged Nickle,Hardship,Kingmambo,マンファス,ブラックタイアフェアー,ハイランドトーク,Hail to Reason,Cosmah,Understanding,Mountain Flower,Northern Dancer,Lady Victoria,Crimson Satan,Consentida,Fappiano,Gana Facil,Drone,Chateaupavia,Storm Bird,Terlingua,Great Nephew,Tananarive,Nearctic,Shenanigans,Khaled,Dama,Key to the Mint,Toll Booth,Drone,Hard and Fast,Mr. Prospector,Miesque,ラストタイクーン,Pilot Bird,Miswaki,Hat Tab Girl,Highland Park,Speaking of Sweets
2022106418,フォーウィールドライブ,シャンパンサーベル,American Pharoah,Funfair,キンシャサノキセキ,フェアリーバニヤン,Pioneerof the Nile,Littleprincessemma,More Than Ready,Fleuron,フジキセキ,ケルトシャーン,Honour and Glory,キャタラクト,エンパイアメーカー,Star of Goshen,Yankee Gentleman,Exclusive Rosette,サザンヘイロー,Woodman's Girl,Distant View,Flamboyance,サンデーサイレンス,ミルレーサー,Pleasant Colony,Featherhill,Relaunch,Fair to All,Storm Cat,Queen Tutta,Unbridled,Toussaud,Lord at War,Castle Eight,Storm Cat,Key Phrase,Ecliptical,Zetta Jet,Halo,Northern Sea,Woodman,Becky Be Good,Mr. Prospector,Seven Springs,Zilzal,Bridal Wreath,Halo,Wishing Well,Le Fabuleux,Marston's Mill,His Majesty,Sun Colony,Lyphard,Lady Berry,In Reality,Foggy Note,Al Nasr,Gonfalon,Storm Bird,Terlingua,Kris S.,Tutta
2022103921,リアルスティール,レッドレネット,ディープインパクト,ラヴズオンリーミー,キングカメハメハ,プリンセスルシータ,サンデーサイレンス,ウインドインハーヘア,Storm Cat,Monevassia,Kingmambo,マンファス,サンデーサイレンス,プリンセスリーマ,Halo,Wishing Well,Alzao,Burghclere,Storm Bird,Terlingua,Mr. Prospector,Miesque,Mr. Prospector,Miesque,ラストタイクーン,Pilot Bird,Halo,Wishing Well,Affirmed,First Fling,Hail to Reason,Cosmah,Understanding,Mountain Flower,Lyphard,Lady Rebecca,Busted,Highclere,Northern Dancer,South Ocean,Secretariat,Crimson Saint,Raise a Native,Gold Digger,Nureyev,Pasadoble,Raise a Native,Gold Digger,Nureyev,Pasadoble,トライマイベスト,Mill Princess,Blakeney,The Dancer,Hail to Reason,Cosmah,Understanding,Mountain Flower,Exclusive Native,Won't Tell You,Nijinsky,Fast Approach
2022101601,ブリックスアンドモルタル,トーホウアルテミス,Giant's Causeway,Beyond the Waves,ハーツクライ,トーホウガイア,Storm Cat,Mariah's Storm,Ocean Crest,Excedent,サンデーサイレンス,アイリッシュダンス,Unbridled's Song,Agami,Storm Bird,Terlingua,Rahy,イメンス,Storm Bird,S.S.Aroma,Exceller,Broadway Lullaby,Halo,Wishing Well,トニービン,ビューパーダンス,Unbridled,Trolley Song,Nureyev,Agacerie,Northern Dancer,South Ocean,Secretariat,Crimson Saint,Blushing Groom,Glorious Song,Roberto,Imsodear,Northern Dancer,South Ocean,Seattle Slew,Rare Bouquet,Vaguely Noble,Too Bald,Stage Door Johnny,リットルブレツシング,Hail to Reason,Cosmah,Understanding,Mountain Flower,カンパラ,Severn Bridge,Lyphard,My Bupers,Fappiano,Gana Facil,Caro,Lucky Spell,Northern Dancer,Special,Exclusive Native,Quiet Charm
2022100274,ダノンバラード,ショウナンアオバ,ディープインパクト,レディバラード,キングカメハメハ,ショウナンタイム,サンデーサイレンス,ウインドインハーヘア,Unbridled,Angelic Song,Kingmambo,マンファス,Gilded Time,Pennbrook's Lady,Halo,Wishing Well,Alzao,Burghclere,Fappiano,Gana Facil,Halo,Ballade,Mr. Prospector,Miesque,ラストタイクーン,Pilot Bird,Timeless Moment,Gilded Lilly,Nasty and Bold,Chicanery,Hail to Reason,Cosmah,Understanding,Mountain Flower,Lyphard,Lady Rebecca,Busted,Highclere,Mr. Prospector,Killaloe,Le Fabuleux,Charedi,Hail to Reason,Cosmah,Herbager,Miss Swapsco,Raise a Native,Gold Digger,Nureyev,Pasadoble,トライマイベスト,Mill Princess,Blakeney,The Dancer,Damascus,Hour of Parting,What a Pleasure,Luquillo,Naskra,College Bold,Pretense,Forward March
2019105490,ディープインパクト,ラヴズオンリーミー,サンデーサイレンス,ウインドインハーヘア,Storm Cat,Monevassia,Halo,Wishing Well,Alzao,Burghclere,Storm Bird,Terlingua,Mr. Prospector,Miesque,Hail to Reason,Cosmah,Understanding,Mountain Flower,Lyphard,Lady Rebecca,Busted,Highclere,Northern Dancer,South Ocean,Secretariat,Crimson Saint,Raise a Native,Gold Digger,Nureyev,Pasadoble,Turn-to,Nothirdchance,Cosmic Bomb,Almahmoud,Promised Land,Pretty Ways,Montparnasse,Edelweiss,Northern Dancer,Goofed,Sir Ivor,Pocahontas,Crepello,Sans le Sou,Queen's Hussar,Highlight,Nearctic,Natalma,New Providence,Shining Sun,Bold Ruler,Somethingroyal,Crimson Satan,Bolero Rose,Native Dancer,Raise You,Nashua,Sequence,Northern Dancer,Special,Prove Out,Santa Quilla
2022102604,ゴールドシップ,フォロミーバゴ,ステイゴールド,ポイントフラッグ,バゴ,フォローミー,サンデーサイレンス,ゴールデンサッシュ,メジロマックイーン,パストラリズム,Nashwan,Moonlight's Box,クロフネ,トシザダンサー,Halo,Wishing Well,ディクタス,ダイナサッシュ,メジロティターン,メジロオーロラ,プルラリズム,トクノエイティー,Blushing Groom,Height of Fashion,Nureyev,Coup de Genie,フレンチデピュティ,ブルーアヴェニュー,シアトルダンサー,ノルデンフリマー,Hail to Reason,Cosmah,Understanding,Mountain Flower,Sanctus,Doronic,ノーザンテースト,ロイヤルサッシュ,メジロアサマ,シエリル,リマンド,メジロアイリス,The Minstrel,Cambretta,トライバルチーフ,アイアンルビー,Red God,Runaway Bride,Bustino,Highclere,Northern Dancer,Special,Mr. Prospector,Coup de Folie,Deputy Minister,Mitterand,Classic Go Go,Eliza Blue,Nijinsky,My Charmer,ブレイヴェストローマン,ヒダカサクセス
2022100619,フィエールマン,エトワールブリエ,ディープインパクト,リュヌドール,ロードカナロア,スターコレクション,サンデーサイレンス,ウインドインハーヘア,Green Tune,Luth d'Or,キングカメハメハ,レディブラッサム,アグネスタキオン,シンコウエトワール,Halo,Wishing Well,Alzao,Burghclere,Green Dancer,Soundings,Noir Et Or,Viole d'Amour,Kingmambo,マンファス,Storm Cat,サラトガデュー,サンデーサイレンス,アグネスフローラ,トニービン,ダイナフラッグ,Hail to Reason,Cosmah,Understanding,Mountain Flower,Lyphard,Lady Rebecca,Busted,Highclere,Nijinsky,Green Valley,Mr. Prospector,Ocean's Answer,ラインゴールド,Pomme Rose,Luthier,Mandolinette,Mr. Prospector,Miesque,ラストタイクーン,Pilot Bird,Storm Bird,Terlingua,Cormorant,Super Luna,Halo,Wishing Well,ロイヤルスキー,アグネスレディー,カンパラ,Severn Bridge,ノーザンテースト,シヤダイフラッグ
2022103494,ゴールドシップ,ヴィーナスベルト,ステイゴールド,ポイントフラッグ,コンデュイット,サウスティーダ,サンデーサイレンス,ゴールデンサッシュ,メジロマックイーン,パストラリズム,Dalakhani,Well Head,アドマイヤベガ,キョウエイコロナ,Halo,Wishing Well,ディクタス,ダイナサッシュ,メジロティターン,メジロオーロラ,プルラリズム,トクノエイティー,Darshaan,Daltawa,Sadler's Wells,River Dancer,サンデーサイレンス,ベガ,ノーパスノーセール,キョウエイシラユキ,Hail to Reason,Cosmah,Understanding,Mountain Flower,Sanctus,Doronic,ノーザンテースト,ロイヤルサッシュ,メジロアサマ,シエリル,リマンド,メジロアイリス,The Minstrel,Cambretta,トライバルチーフ,アイアンルビー,Shirley Heights,Delsy,Miswaki,Damana,Northern Dancer,Fairy Bridge,Irish River,Dancing Shadow,Halo,Wishing Well,トニービン,アンティックヴァリュー,Northfields,No Disgrace,クラウンドプリンス,アリアーン
2022104717,キズナ,カヴァートラブ,ディープインパクト,キャットクイル,Azamour,ウイングステルス,サンデーサイレンス,ウインドインハーヘア,Storm Cat,Pacific Princess,Night Shift,Asmara,Hawk Wing,Starlight Smile,Halo,Wishing Well,Alzao,Burghclere,Storm Bird,Terlingua,Damascus,Fiji,Northern Dancer,Ciboulette,Lear Fan,Anaza,Woodman,La Lorgnette,Green Dancer,Bubinka,Hail to Reason,Cosmah,Understanding,Mountain Flower,Lyphard,Lady Rebecca,Busted,Highclere,Northern Dancer,South Ocean,Secretariat,Crimson Saint,Sword Dancer,Kerala,Acropolis,Rififi,Nearctic,Natalma,Chop Chop,Windy Answer,Roberto,Wac,Darshaan,Azaarika,Mr. Prospector,プレイメイト,Val de l'Orne,The Temptress,Nijinsky,Green Valley,Nashua,Stolen Date
2022106792,ゴールドシップ,パフォーム,ステイゴールド,ポイントフラッグ,マツリダゴッホ,マイネアルデュール,サンデーサイレンス,ゴールデンサッシュ,メジロマックイーン,パストラリズム,サンデーサイレンス,ペイパーレイン,アドマイヤコジーン,コスモハーティネス,Halo,Wishing Well,ディクタス,ダイナサッシュ,メジロティターン,メジロオーロラ,プルラリズム,トクノエイティー,Halo,Wishing Well,Bel Bolide,フローラルマジック,Cozzene,アドマイヤマカディ,タイトスポット,マキノハタ,Hail to Reason,Cosmah,Understanding,Mountain Flower,Sanctus,Doronic,ノーザンテースト,ロイヤルサッシュ,メジロアサマ,シエリル,リマンド,メジロアイリス,The Minstrel,Cambretta,トライバルチーフ,アイアンルビー,Hail to Reason,Cosmah,Understanding,Mountain Flower,Bold Bidder,Lady Graustark,Affirmed,Rare Lady,Caro,Ride the Trails,ノーザンテースト,ミセスマカディー,His Majesty,Premium Win,ノーザリー,マキノスガタ
2021104831,ノヴェリスト,インクレセント,Monsun,Night Lagoon,アグネスタキオン,インコグニート,Konigsstuhl,Mosella,Lagunas,Nenuphar,サンデーサイレンス,アグネスフローラ,Gone West,デインスカヤ,Dschingis Khan,Konigskronung,Surumu,Monasia,イルドブルボン,Liranga,Night Shift,Narola,Halo,Wishing Well,ロイヤルスキー,アグネスレディー,Mr. Prospector,Secrettame,デインヒル,Boubskaia,Tamerlane,Donna Diana,Tiepoletto,Kronung,Literat,Surama,Authi,Monacensia,Nijinsky,Roseliere,Literat,Love In,Northern Dancer,Ciboulette,Nebos,Nubia,Hail to Reason,Cosmah,Understanding,Mountain Flower,Raja Baba,Coz o'Nijinsky,リマンド,イコマエイカン,Raise a Native,Gold Digger,Secretariat,Tamerett,Danzig,Razyana,Niniski,Frenetique
2021103251,リアルスティール,パールオブアフリカ,ディープインパクト,ラヴズオンリーミー,Jeremy,Kournikova,サンデーサイレンス,ウインドインハーヘア,Storm Cat,Monevassia,Danehill Dancer,グリントインハーアイ,Sportsworld,Faberge Flowers,Halo,Wishing Well,Alzao,Burghclere,Storm Bird,Terlingua,Mr. Prospector,Miesque,デインヒル,Mira Adonde,アラジ,ウインドインハーヘア,Alleged,Gallanta,Russian Fox,Queen of The Rings,Hail to Reason,Cosmah,Understanding,Mountain Flower,Lyphard,Lady Rebecca,Busted,Highclere,Northern Dancer,South Ocean,Secretariat,Crimson Saint,Raise a Native,Gold Digger,Nureyev,Pasadoble,Danzig,Razyana,Sharpen Up,Lettre d'Amour,Blushing Groom,ダンスールファビュルー,Alzao,Burghclere,Hoist the Flag,Princess Pout,Nureyev,Gay Missile,Nijinsky,Flying Fur,Royal prerogative,Saturna
2022105345,トーセンラー,シアン,ディープインパクト,プリンセスオリビア,Smart Strike,カトマンブルー,サンデーサイレンス,ウインドインハーヘア,Lycius,Dance Image,Mr. Prospector,Classy 'n Smart,Bluegrass Cat,Abba Gold,Halo,Wishing Well,Alzao,Burghclere,Mr. Prospector,Lypatia,Sadler's Wells,Diamond Spring,Raise a Native,Gold Digger,Smarten,No Class,Storm Cat,She's a Winner,Devil's Bag,Valiant Jewel,Hail to Reason,Cosmah,Understanding,Mountain Flower,Lyphard,Lady Rebecca,Busted,Highclere,Raise a Native,Gold Digger,Lyphard,Hypatia,Northern Dancer,Fairy Bridge,Vaguely Noble,Dumfries,Native Dancer,Raise You,Nashua,Sequence,Cyane,Smartaire,Nodouble,Classy Quillo,Storm Bird,Terlingua,A.P. Indy,Get Lucky,Halo,Ballade,Buckley Boy,Every Effort
2021101454,ルーラーシップ,レッドステラーノ,キングカメハメハ,エアグルーヴ,アグネスタキオン,ロンドンブリッジ,Kingmambo,マンファス,トニービン,ダイナカール,サンデーサイレンス,アグネスフローラ,ドクターデヴィアス,オールフォーロンドン,Mr. Prospector,Miesque,ラストタイクーン,Pilot Bird,カンパラ,Severn Bridge,ノーザンテースト,シャダイフェザー,Halo,Wishing Well,ロイヤルスキー,アグネスレディー,Ahonoora,Rose of Jericho,Danzig,Full Card,Raise a Native,Gold Digger,Nureyev,Pasadoble,トライマイベスト,Mill Princess,Blakeney,The Dancer,Kalamoun,State Pension,Hornbeam,Priddy Fair,Northern Dancer,Lady Victoria,ガーサント,パロクサイド,Hail to Reason,Cosmah,Understanding,Mountain Flower,Raja Baba,Coz o'Nijinsky,リマンド,イコマエイカン,Lorenzaccio,Helen Nichols,Alleged,Rose Red,Northern Dancer,Pas de Nom,Damascus,Belle of the Ball
2021101603,ルーラーシップ,トーホウアマポーラ,キングカメハメハ,エアグルーヴ,フジキセキ,トーホウガイア,Kingmambo,マンファス,トニービン,ダイナカール,サンデーサイレンス,ミルレーサー,Unbridled's Song,Agami,Mr. Prospector,Miesque,ラストタイクーン,Pilot Bird,カンパラ,Severn Bridge,ノーザンテースト,シャダイフェザー,Halo,Wishing Well,Le Fabuleux,Marston's Mill,Unbridled,Trolley Song,Nureyev,Agacerie,Raise a Native,Gold Digger,Nureyev,Pasadoble,トライマイベスト,Mill Princess,Blakeney,The Dancer,Kalamoun,State Pension,Hornbeam,Priddy Fair,Northern Dancer,Lady Victoria,ガーサント,パロクサイド,Hail to Reason,Cosmah,Understanding,Mountain Flower,Wild Risk,Anguar,In Reality,Millicent,Fappiano,Gana Facil,Caro,Lucky Spell,Northern Dancer,Special,Exclusive Native,Quiet Charm
2022105068,サートゥルナーリア,ミカリーニョ,ロードカナロア,シーザリオ,ハーツクライ,ミスエーニョ,キングカメハメハ,レディブラッサム,スペシャルウィーク,キロフプリミエール,サンデーサイレンス,アイリッシュダンス,Pulpit,Madcap Escapade,Kingmambo,マンファス,Storm Cat,サラトガデュー,サンデーサイレンス,キャンペンガール,Sadler's Wells,Querida,Halo,Wishing Well,トニービン,ビューパーダンス,A.P. Indy,Preach,ヘネシー,Sassy Pants,Mr. Prospector,Miesque,ラストタイクーン,Pilot Bird,Storm Bird,Terlingua,Cormorant,Super Luna,Halo,Wishing Well,マルゼンスキー,レディーシラオキ,Northern Dancer,Fairy Bridge,Habitat,Principia,Hail to Reason,Cosmah,Understanding,Mountain Flower,カンパラ,Severn Bridge,Lyphard,My Bupers,Seattle Slew,Weekend Surprise,Mr. Prospector,Narrate,Storm Cat,Island Kitty,Saratoga Six,Special Portion
2022103522,ビーチパトロール,ジュリーハーツ,Lemon Drop Kid,Bashful Bertie,ハーツクライ,ラブジュリエット,Kingmambo,Charming Lassie,Quiet American,Clever Bertie,サンデーサイレンス,アイリッシュダンス,フサイチコンコルド,ホッコーオウカ,Mr. Prospector,Miesque,Seattle Slew,Lassie Dear,Fappiano,Demure,Timeless Native,Clever But Costly,Halo,Wishing Well,トニービン,ビューパーダンス,Caerleon,バレークイーン,リンドシェーバー,ランズプロント,Raise a Native,Gold Digger,Nureyev,Pasadoble,Bold Reasoning,My Charmer,Buckpasser,Gay Missile,Mr. Prospector,Killaloe,Dr. Fager,Quiet Charm,Timeless Moment,Head Off,Clever Trick,Swoonlow,Hail to Reason,Cosmah,Understanding,Mountain Flower,カンパラ,Severn Bridge,Lyphard,My Bupers,Nijinsky,Foreseer,Sadler's Wells,Sun Princess,Alydar,ベーシイド,プロント,トサモアー
2021103255,エピファネイア,ポールポジション,シンボリクリスエス,シーザリオ,Pivotal,Danehurst,Kris S.,Tee Kay,スペシャルウィーク,キロフプリミエール,Polar Falcon,Fearless Revival,デインヒル,Miswaki Belle,Roberto,Sharp Queen,Gold Meridian,Tri Argo,サンデーサイレンス,キャンペンガール,Sadler's Wells,Querida,Nureyev,Marie d'Argonne,Cozzene,Stufida,Danzig,Razyana,Miswaki,Belle Et Deluree,Hail to Reason,Bramalea,Princequillo,Bridgework,Seattle Slew,Queen Louie,Tri Jet,Hail Proudly,Halo,Wishing Well,マルゼンスキー,レディーシラオキ,Northern Dancer,Fairy Bridge,Habitat,Principia,Northern Dancer,Special,Jefferson,Mohair,Caro,Ride the Trails,Bustino,Zerbinetta,Northern Dancer,Pas de Nom,His Majesty,Spring Adieu,Mr. Prospector,Hopespringseternal,The Minstrel,Sophisticated Girl
2019104531,オルフェーヴル,エヴィータアルゼンティーナ,ステイゴールド,オリエンタルアート,Candy Ride,Jealous Wildcat,サンデーサイレンス,ゴールデンサッシュ,メジロマックイーン,エレクトロアート,Ride the Rails,Candy Girl,Forest Wildcat,Jealous Sword,Halo,Wishing Well,ディクタス,ダイナサッシュ,メジロティターン,メジロオーロラ,ノーザンテースト,グランマスティーヴンス,Cryptoclearance,Herbalesian,Candy Stripes,City Girl,Storm Cat,Victoria Beauty,Crusader Sword,Jealous Appeal,Hail to Reason,Cosmah,Understanding,Mountain Flower,Sanctus,Doronic,ノーザンテースト,ロイヤルサッシュ,メジロアサマ,シエリル,リマンド,メジロアイリス,Northern Dancer,Lady Victoria,Lt. Stevens,Dhow,Fappiano,Naval Orange,Herbager,Alanesian,Blushing Groom,バブルカンパニー,Farnesio,Cithara,Storm Bird,Terlingua,Bold Native,Abifaith,Damascus,Copernica,Valid Appeal,Jealous Cat
2021105072,モーリス,ジプシーハイウェイ,スクリーンヒーロー,メジロフランシス,High Chaparral,ローズジプシー,グラスワンダー,ランニングヒロイン,カーネギー,メジロモントレー,Sadler's Wells,Kasora,Green Desert,Krisalya,Silver Hawk,Ameriflora,サンデーサイレンス,ダイナアクトレス,Sadler's Wells,Detroit,モガミ,メジロクインシー,Northern Dancer,Fairy Bridge,Darshaan,Kozana,Danzig,Foreign Courier,Kris,Sassalya,Roberto,Gris Vitesse,Danzig,Graceful Touch,Halo,Wishing Well,ノーザンテースト,モデルスポート,Northern Dancer,Fairy Bridge,Riverman,Derna,Lyphard,ノーラック,フィディオン,メジロボサツ,Nearctic,Natalma,Bold Reason,Special,Shirley Heights,Delsy,Kris,Koblenza,Northern Dancer,Pas de Nom,Sir Ivor,Courtly Dee,Sharpen Up,Doubly Sure,Sassafras,Valya
2020103560,ハービンジャー,ファシネートダイア,Dansili,Penang Pearl,アグネスタキオン,トコア,デインヒル,Hasili,Bering,Guapa,サンデーサイレンス,アグネスフローラ,カーネギー,パーソナルファイル,Danzig,Razyana,Kahyasi,Kerali,Arctic Tern,Beaune,Shareef Dancer,Sauceboat,Halo,Wishing Well,ロイヤルスキー,アグネスレディー,Sadler's Wells,Detroit,Private Account,ベーシイド,Northern Dancer,Pas de Nom,His Majesty,Spring Adieu,イルドブルボン,Kadissya,High Line,Sookera,Sea-Bird,Bubbling Beauty,Lyphard,Barbra,Northern Dancer,Sweet Alliance,Connaught,Cranberry Sauce,Hail to Reason,Cosmah,Understanding,Mountain Flower,Raja Baba,Coz o'Nijinsky,リマンド,イコマエイカン,Northern Dancer,Fairy Bridge,Riverman,Derna,Damascus,Numbered Account,Cool Moon,Polondra
2019101007,エイシンフラッシュ,エアルシアン,キングズベスト,ムーンレディ,ジャングルポケット,スロージンフィズ,Kingmambo,Allegretta,プラティニ,Midnight Fever,トニービン,ダンスチャーマー,フジキセキ,キッスパシオン,Mr. Prospector,Miesque,Lombard,Anatevka,Surumu,Prairie Darling,Sure Blade,Majoritat,カンパラ,Severn Bridge,Nureyev,Skillful Joy,サンデーサイレンス,ミルレーサー,ジェイドロバリー,レツツキツス,Raise a Native,Gold Digger,Nureyev,Pasadoble,Agio,Promised Lady,Espresso,Almyra,Literat,Surama,Stanford,Prairie Belle,Kris,Double Lock,Konigsstuhl,Monacchia,Kalamoun,State Pension,Hornbeam,Priddy Fair,Northern Dancer,Special,Nodouble,Skillful Miss,Halo,Wishing Well,Le Fabuleux,Marston's Mill,Mr. Prospector,Number,Lyphard,Limoya
2022102228,コパノリッキー,リーグルメアリー,ゴールドアリュール,コパノニキータ,Afternoon Deelites,リアリーライジング,サンデーサイレンス,ニキーヤ,ティンバーカントリー,ニホンピロローズ,Private Terms,Intimate Girl,For Really,Rising Writer,Halo,Wishing Well,Nureyev,Reluctant Guest,Woodman,Fall Aspen,トニービン,ウェディングブーケ,Private Account,Laughter,Medaille d'Or,Hot Food,Buckaroo,August Days,Staff Writer,Forever Rise,Hail to Reason,Cosmah,Understanding,Mountain Flower,Northern Dancer,Special,Hostage,Vaguely Royal,Mr. Prospector,プレイメイト,Pretense,Change Water,カンパラ,Severn Bridge,リアルシャダイ,アリーウイン,Damascus,Numbered Account,Bold Ruler,Shenanigans,Secretariat,Fanfreluche,Ack Ack,Loyal Ruler,Buckpasser,Stepping High,In Reality,Rather Special,Northern Dancer,Twill,Rising Market,Always Lucky
2021101106,キズナ,レジェトウショウ,ディープインパクト,キャットクイル,キングヘイロー,ウイッチトウショウ,サンデーサイレンス,ウインドインハーヘア,Storm Cat,Pacific Princess,ダンシングブレーヴ,グッバイヘイロー,ジェイドロバリー,サマンサトウショウ,Halo,Wishing Well,Alzao,Burghclere,Storm Bird,Terlingua,Damascus,Fiji,Lyphard,Navajo Princess,Halo,Pound Foolish,Mr. Prospector,Number,トウショウボーイ,マーブルトウショウ,Hail to Reason,Cosmah,Understanding,Mountain Flower,Lyphard,Lady Rebecca,Busted,Highclere,Northern Dancer,South Ocean,Secretariat,Crimson Saint,Sword Dancer,Kerala,Acropolis,Rififi,Northern Dancer,Goofed,Drone,Olmec,Hail to Reason,Cosmah,Sir Ivor,Squander,Raise a Native,Gold Digger,Nijinsky,Special,テスコボーイ,ソシアルバターフライ,ダンディルート,チヤイナトウショウ
2021105984,ドレフォン,ユアスイスイ,Gio Ponti,Eltimaas,ダイワメジャー,ケイティーズベスト,Tale of the Cat,Chipeta Springs,Ghostzapper,Najecam,サンデーサイレンス,スカーレットブーケ,ファルブラヴ,ケイティーズファースト,Storm Cat,Yarn,Alydar,Salt Spring,Awesome Again,Baby Zip,Trempolino,Sue Warner,Halo,Wishing Well,ノーザンテースト,スカーレットインク,Fairy King,Gift of the Night,Kris,Katies,Storm Bird,Terlingua,Mr. Prospector,Narrate,Raise a Native,Sweet Tooth,Salt Marsh,Jungle Mythologic,Deputy Minister,Primal Force,Relaunch,Thirty Zip,Sharpen Up,Trephine,Forli,Bitty Girl,Hail to Reason,Cosmah,Understanding,Mountain Flower,Northern Dancer,Lady Victoria,Crimson Satan,Consentida,Northern Dancer,Fairy Bridge,Slewpy,Little Nana,Sharpen Up,Doubly Sure,ノノアルコ,Mortefontaine
2021106054,マジェスティックウォリアー,アーベントロート,A.P. Indy,Dream Supreme,フジキセキ,ビルアンドクー,Seattle Slew,Weekend Surprise,Seeking the Gold,Spinning Round,サンデーサイレンス,ミルレーサー,ジェイドロバリー,ユメシバイ,Bold Reasoning,My Charmer,Secretariat,Lassie Dear,Mr. Prospector,Con Game,Dixieland Band,Take Heart,Halo,Wishing Well,Le Fabuleux,Marston's Mill,Mr. Prospector,Number,トニービン,ヨドセンリョウ,Boldnesian,Reason to Earn,Poker,Fair Charmer,Bold Ruler,Somethingroyal,Buckpasser,Gay Missile,Raise a Native,Gold Digger,Buckpasser,Broadway,Northern Dancer,Mississippi Mud,Secretariat,Deck Stewardess,Hail to Reason,Cosmah,Understanding,Mountain Flower,Wild Risk,Anguar,In Reality,Millicent,Raise a Native,Gold Digger,Nijinsky,Special,カンパラ,Severn Bridge,エルセンタウロ,リリーオブザナイル
2021101305,ロージズインメイ,フィールザロマンス,Devil His Due,Tell a Secret,ブラックタイド,フィールザビュウ,Devil's Bag,Plenty O'Toole,Speak John,Secret Retreat,サンデーサイレンス,ウインドインハーヘア,Distant View,Feel the Capote,Halo,Ballade,Raise a Cup,Li'l Puss,Prince John,Nuit de Folies,Clandestine,Retirement,Halo,Wishing Well,Alzao,Burghclere,Mr. Prospector,Seven Springs,Capote,Feel the Beat,Hail to Reason,Cosmah,Herbager,Miss Swapsco,Raise a Native,Spring Sunshine,Noble Jay,Li'l Sis,Princequillo,Not Afraid,Tornado,Folle Nuit,Double Jay,Conniver,Royal Gem,Marie J.,Hail to Reason,Cosmah,Understanding,Mountain Flower,Lyphard,Lady Rebecca,Busted,Highclere,Raise a Native,Gold Digger,Irish River,La Trinite,Seattle Slew,Too Bald,Shimatoree,Hinterland
2020106491,ホッコータルマエ,メイショウキラリ,キングカメハメハ,マダムチェロキー,マンハッタンカフェ,ウッドスペル,Kingmambo,マンファス,Cherokee Run,アンフォイルド,サンデーサイレンス,サトルチェンジ,Woodman,Beat,Mr. Prospector,Miesque,ラストタイクーン,Pilot Bird,Runaway Groom,Cherokee Dame,Unbridled,Bold Foil,Halo,Wishing Well,Law Society,Santa Luciana,Mr. Prospector,プレイメイト,Nijinsky,Remedia,Raise a Native,Gold Digger,Nureyev,Pasadoble,トライマイベスト,Mill Princess,Blakeney,The Dancer,Blushing Groom,Yonnie Girl,Silver Saber,Dame Francesca,Fappiano,Gana Facil,Bold Forbes,Perfect Foil,Hail to Reason,Cosmah,Understanding,Mountain Flower,Alleged,Bold Bikini,Luciano,Suleika,Raise a Native,Gold Digger,Buckpasser,Intriguing,Northern Dancer,Flaming Page,Dr. Fager,Monade
2019105330,ドレフォン,ハッピーアビラ,Gio Ponti,Eltimaas,ディープインパクト,アビラ,Tale of the Cat,Chipeta Springs,Ghostzapper,Najecam,サンデーサイレンス,ウインドインハーヘア,ロックオブジブラルタル,Animatrice,Storm Cat,Yarn,Alydar,Salt Spring,Awesome Again,Baby Zip,Trempolino,Sue Warner,Halo,Wishing Well,Alzao,Burghclere,デインヒル,Offshore Boom,Alleged,Alexandrie,Storm Bird,Terlingua,Mr. Prospector,Narrate,Raise a Native,Sweet Tooth,Salt Marsh,Jungle Mythologic,Deputy Minister,Primal Force,Relaunch,Thirty Zip,Sharpen Up,Trephine,Forli,Bitty Girl,Hail to Reason,Cosmah,Understanding,Mountain Flower,Lyphard,Lady Rebecca,Busted,Highclere,Danzig,Razyana,Be My Guest,Push a Button,Hoist the Flag,Princess Pout,Val de l'Orne,Apachee
2020105670,リアルスティール,フルボイス,ディープインパクト,ラヴズオンリーミー,ルーラーシップ,エヴリウィスパー,サンデーサイレンス,ウインドインハーヘア,Storm Cat,Monevassia,キングカメハメハ,エアグルーヴ,ノーザンテースト,クラフテイワイフ,Halo,Wishing Well,Alzao,Burghclere,Storm Bird,Terlingua,Mr. Prospector,Miesque,Kingmambo,マンファス,トニービン,ダイナカール,Northern Dancer,Lady Victoria,Crafty Prospector,Wife Mistress,Hail to Reason,Cosmah,Understanding,Mountain Flower,Lyphard,Lady Rebecca,Busted,Highclere,Northern Dancer,South Ocean,Secretariat,Crimson Saint,Raise a Native,Gold Digger,Nureyev,Pasadoble,Mr. Prospector,Miesque,ラストタイクーン,Pilot Bird,カンパラ,Severn Bridge,ノーザンテースト,シャダイフェザー,Nearctic,Natalma,Victoria Park,Lady Angela,Mr. Prospector,Real Crafty Lady,Secretariat,Political Payoff
2021104039,パイロ,グーテデロワ,Pulpit,Wild Vision,スペシャルウィーク,シャーパリ,A.P. Indy,Preach,Wild Again,Carol's Wonder,サンデーサイレンス,キャンペンガール,Winning,Shapur,Seattle Slew,Weekend Surprise,Mr. Prospector,Narrate,Icecapade,Bushel-n-Peck,Pass the Tab,Carols Christmas,Halo,Wishing Well,マルゼンスキー,レディーシラオキ,Nijinsky,Little Happiness,Sharp-Eyed Quillo,Propulsiva,Bold Reasoning,My Charmer,Secretariat,Lassie Dear,Raise a Native,Gold Digger,Honest Pleasure,State,Nearctic,Shenanigans,Khaled,Dama,Al Hattab,Dantina,Whitesburg,Light Verse,Hail to Reason,Cosmah,Understanding,Mountain Flower,Nijinsky,シル,セントクレスピン,ミスアシヤガワ,Northern Dancer,Flaming Page,Raise a Native,Tim Marie,One-Eyed King,Quillopoly,Prologo,Jactanciosa
2022103753,ドレフォン,タイニーダンサー,Gio Ponti,Eltimaas,サウスヴィグラス,キハク,Tale of the Cat,Chipeta Springs,Ghostzapper,Najecam,エンドスウィープ,ダーケストスター,アサティス,ウイニングベット,Storm Cat,Yarn,Alydar,Salt Spring,Awesome Again,Baby Zip,Trempolino,Sue Warner,フォーティナイナー,Broom Dance,Star de Naskra,Minnie Riperton,Topsider,Secret Asset,アローエクスプレス,ノースフェイス,Storm Bird,Terlingua,Mr. Prospector,Narrate,Raise a Native,Sweet Tooth,Salt Marsh,Jungle Mythologic,Deputy Minister,Primal Force,Relaunch,Thirty Zip,Sharpen Up,Trephine,Forli,Bitty Girl,Mr. Prospector,File,Dance Spell,Witching Hour,Naskra,Candle Star,Cornish Prince,English Harbor,Northern Dancer,Drumtop,Graustark,Numbered Account,スパニッシュイクスプレス,ソーダストリーム,マルゼンスキー,グランドターキン
2020100629,ビーチパトロール,オールドフレイム,Lemon Drop Kid,Bashful Bertie,ゼンノロブロイ,オーラオブザムーン,Kingmambo,Charming Lassie,Quiet American,Clever Bertie,サンデーサイレンス,ローミンレイチェル,Tiznow,レディジョアン,Mr. Prospector,Miesque,Seattle Slew,Lassie Dear,Fappiano,Demure,Timeless Native,Clever But Costly,Halo,Wishing Well,マイニング,One Smart Lady,Cee's Tizzy,Cee's Song,Orientate,Oatsee,Raise a Native,Gold Digger,Nureyev,Pasadoble,Bold Reasoning,My Charmer,Buckpasser,Gay Missile,Mr. Prospector,Killaloe,Dr. Fager,Quiet Charm,Timeless Moment,Head Off,Clever Trick,Swoonlow,Hail to Reason,Cosmah,Understanding,Mountain Flower,Mr. Prospector,I Pass,Clever Trick,Pia's Lady,Relaunch,テイズリー,Seattle Song,Lonely Dancer,Mt. Livermore,Dream Team,Unbridled,With Every Wish
2021101533,ドレフォン,ダンツペンダント,Gio Ponti,Eltimaas,オレハマッテルゼ,ノースプリンセス,Tale of the Cat,Chipeta Springs,Ghostzapper,Najecam,サンデーサイレンス,カーリーエンジェル,アジュディケーティング,シーズプリンセス,Storm Cat,Yarn,Alydar,Salt Spring,Awesome Again,Baby Zip,Trempolino,Sue Warner,Halo,Wishing Well,ジャッジアンジェルーチ,ダイナカール,Danzig,Resolver,カコイーシーズ,ユーワキャンディー,Storm Bird,Terlingua,Mr. Prospector,Narrate,Raise a Native,Sweet Tooth,Salt Marsh,Jungle Mythologic,Deputy Minister,Primal Force,Relaunch,Thirty Zip,Sharpen Up,Trephine,Forli,Bitty Girl,Hail to Reason,Cosmah,Understanding,Mountain Flower,Honest Pleasure,Victorian Queen,ノーザンテースト,シャダイフェザー,Northern Dancer,Pas de Nom,Reviewer,Lovely Morning,Alydar,Careless Notion,ロングリート,メイジガルボ
2017106722,ダノンシャンティ,プレゼンスウーマン,フジキセキ,シャンソネット,サクラローレル,ステファーナ,サンデーサイレンス,ミルレーサー,Mark of Esteem,Glorious Song,Rainbow Quest,ローラローラ,リアルシャダイ,ダイナコマネチ,Halo,Wishing Well,Le Fabuleux,Marston's Mill,Darshaan,Homage,Halo,Ballade,Blushing Groom,I Will Follow,Saint Cyrien,Bold Lady,Roberto,Desert Vixen,ノーザンテースト,シャダイリーズン,Hail to Reason,Cosmah,Understanding,Mountain Flower,Wild Risk,Anguar,In Reality,Millicent,Shirley Heights,Delsy,Ajdal,Home Love,Hail to Reason,Cosmah,Herbager,Miss Swapsco,Red God,Runaway Bride,Herbager,Where You Lead,Luthier,Sevres,ボールドラツド,Tredam,Hail to Reason,Bramalea,In Reality,Desert Trial,Northern Dancer,Lady Victoria,マリーノ,ニアーリーズン
2022107047,コパノリッキー,ヴェアリアスローズ,ゴールドアリュール,コパノニキータ,スターリングローズ,ネローリ,サンデーサイレンス,ニキーヤ,ティンバーカントリー,ニホンピロローズ,アフリート,コマーズ,ラムタラ,ファビラスターン,Halo,Wishing Well,Nureyev,Reluctant Guest,Woodman,Fall Aspen,トニービン,ウェディングブーケ,Mr. Prospector,Polite Lady,Danzig,ミドルマーチ,Nijinsky,Snow Bride,サンデーサイレンス,カッティングエッジ,Hail to Reason,Cosmah,Understanding,Mountain Flower,Northern Dancer,Special,Hostage,Vaguely Royal,Mr. Prospector,プレイメイト,Pretense,Change Water,カンパラ,Severn Bridge,リアルシャダイ,アリーウイン,Raise a Native,Gold Digger,Venetian Jester,Friendly Ways,Northern Dancer,Pas de Nom,Buckpasser,Nice Princess,Northern Dancer,Flaming Page,Blushing Groom,Awaasif,Halo,Wishing Well,ファバージ,メルドスポート
2022104121,サートゥルナーリア,カウントオンイット,ロードカナロア,シーザリオ,クロフネ,グローバルピース,キングカメハメハ,レディブラッサム,スペシャルウィーク,キロフプリミエール,フレンチデピュティ,ブルーアヴェニュー,サンデーサイレンス,エミネントガール,Kingmambo,マンファス,Storm Cat,サラトガデュー,サンデーサイレンス,キャンペンガール,Sadler's Wells,Querida,Deputy Minister,Mitterand,Classic Go Go,Eliza Blue,Halo,Wishing Well,Nashwan,タレンティドガール,Mr. Prospector,Miesque,ラストタイクーン,Pilot Bird,Storm Bird,Terlingua,Cormorant,Super Luna,Halo,Wishing Well,マルゼンスキー,レディーシラオキ,Northern Dancer,Fairy Bridge,Habitat,Principia,Vice Regent,Mint Copy,Hold Your Peace,Laredo Lass,Pago Pago,Classic Perfection,Icecapade,コレラ,Hail to Reason,Cosmah,Understanding,Mountain Flower,Blushing Groom,Height of Fashion,リマンド,チヨダマサコ
2022104180,サートゥルナーリア,モーニングコール,ロードカナロア,シーザリオ,ブライアンズタイム,ピースオブワールド,キングカメハメハ,レディブラッサム,スペシャルウィーク,キロフプリミエール,Roberto,Kelley's Day,サンデーサイレンス,ビバムール,Kingmambo,マンファス,Storm Cat,サラトガデュー,サンデーサイレンス,キャンペンガール,Sadler's Wells,Querida,Hail to Reason,Bramalea,Graustark,Golden Trail,Halo,Wishing Well,Caerleon,Muffitys,Mr. Prospector,Miesque,ラストタイクーン,Pilot Bird,Storm Bird,Terlingua,Cormorant,Super Luna,Halo,Wishing Well,マルゼンスキー,レディーシラオキ,Northern Dancer,Fairy Bridge,Habitat,Principia,Turn-to,Nothirdchance,Nashua,Rarelea,Ribot,Flower Bowl,Hasty Road,Sunny Vale,Hail to Reason,Cosmah,Understanding,Mountain Flower,Nijinsky,Foreseer,Thatch,Contrail
2021105289,ハービンジャー,レッドカチューシャ,Dansili,Penang Pearl,ディープインパクト,デルモニコキャット,デインヒル,Hasili,Bering,Guapa,サンデーサイレンス,ウインドインハーヘア,Storm Cat,Glass Ceiling,Danzig,Razyana,Kahyasi,Kerali,Arctic Tern,Beaune,Shareef Dancer,Sauceboat,Halo,Wishing Well,Alzao,Burghclere,Storm Bird,Terlingua,Pirate's Bounty,Forever Faithful,Northern Dancer,Pas de Nom,His Majesty,Spring Adieu,イルドブルボン,Kadissya,High Line,Sookera,Sea-Bird,Bubbling Beauty,Lyphard,Barbra,Northern Dancer,Sweet Alliance,Connaught,Cranberry Sauce,Hail to Reason,Cosmah,Understanding,Mountain Flower,Lyphard,Lady Rebecca,Busted,Highclere,Northern Dancer,South Ocean,Secretariat,Crimson Saint,Hoist the Flag,Bad Seed,ブレイヴェストローマン,Dawn Chorus
2021103901,レッドファルクス,ラックアサイン,スウェプトオーヴァーボード,ベルモット,ハービンジャー,サウスティーダ,エンドスウィープ,Sheer Ice,サンデーサイレンス,レガシーオブストレングス,Dansili,Penang Pearl,アドマイヤベガ,キョウエイコロナ,フォーティナイナー,Broom Dance,Cutlass,Hey Dolly A.,Halo,Wishing Well,Affirmed,Katonka,デインヒル,Hasili,Bering,Guapa,サンデーサイレンス,ベガ,ノーパスノーセール,キョウエイシラユキ,Mr. Prospector,File,Dance Spell,Witching Hour,Damascus,Aphonia,Ambehaving,Swift Deal,Hail to Reason,Cosmah,Understanding,Mountain Flower,Exclusive Native,Won't Tell You,Minnesota Mac,Minnetonka,Danzig,Razyana,Kahyasi,Kerali,Arctic Tern,Beaune,Shareef Dancer,Sauceboat,Halo,Wishing Well,トニービン,アンティックヴァリュー,Northfields,No Disgrace,クラウンドプリンス,アリアーン
2022103880,ディスクリートキャット,ファートゥア,Forestry,Pretty Discreet,エピファネイア,アロマティコ,Storm Cat,Shared Interest,Private Account,Pretty Persuasive,シンボリクリスエス,シーザリオ,キングカメハメハ,ナスカ,Storm Bird,Terlingua,Pleasant Colony,Surgery,Damascus,Numbered Account,Believe It,Bury the Hatchet,Kris S.,Tee Kay,スペシャルウィーク,キロフプリミエール,Kingmambo,マンファス,サンデーサイレンス,アンデスレディー,Northern Dancer,South Ocean,Secretariat,Crimson Saint,His Majesty,Sun Colony,Dr. Fager,Bold Sequence,Sword Dancer,Kerala,Buckpasser,Intriguing,In Reality,Breakfast Bell,Tom Rolfe,Christmas Whishes,Roberto,Sharp Queen,Gold Meridian,Tri Argo,サンデーサイレンス,キャンペンガール,Sadler's Wells,Querida,Mr. Prospector,Miesque,ラストタイクーン,Pilot Bird,Halo,Wishing Well,ノーザンテースト,ペルースポート
2020102950,ロゴタイプ,テクニカルラン,ローエングリン,ステレオタイプ,アグネスタキオン,モテック,シングスピール,カーリング,サンデーサイレンス,スターバレリーナ,サンデーサイレンス,アグネスフローラ,ラストタイクーン,Sudaka,In the Wings,Glorious Song,Garde Royale,Corraleja,Halo,Wishing Well,Risen Star,ベリアーニ,Halo,Wishing Well,ロイヤルスキー,アグネスレディー,トライマイベスト,Mill Princess,Garde Royale,Didia Clara,Sadler's Wells,High Hawk,Halo,Ballade,Mill Reef,Royal Way,Carvin,Darling Dale,Hail to Reason,Cosmah,Understanding,Mountain Flower,Secretariat,Ribbon,Nureyev,Eleven Pleasures,Hail to Reason,Cosmah,Understanding,Mountain Flower,Raja Baba,Coz o'Nijinsky,リマンド,イコマエイカン,Northern Dancer,Sex Appeal,Mill Reef,Irish Lass,Mill Reef,Royal Way,Sea Break,Patria
2020103261,サトノアラジン,ヴィリエルバクル,ディープインパクト,マジックストーム,Sea The Stars Sea the Stars,Miss Hawai,サンデーサイレンス,ウインドインハーヘア,Storm Cat,Foppy Dancer,Cape Cross,Urban Sea,パントレセレブル,Miss Tahiti,Halo,Wishing Well,Alzao,Burghclere,Storm Bird,Terlingua,Fappiano,Water Dance,Green Desert,Park Appeal,Miswaki,Allegretta,Nureyev,Peinture Bleue,Tirol,Mini Luthe,Hail to Reason,Cosmah,Understanding,Mountain Flower,Lyphard,Lady Rebecca,Busted,Highclere,Northern Dancer,South Ocean,Secretariat,Crimson Saint,Mr. Prospector,Killaloe,Nijinsky,Luiana,Danzig,Foreign Courier,Ahonoora,Balidaress,Mr. Prospector,Hopespringseternal,Lombard,Anatevka,Northern Dancer,Special,Alydar,Petroleuse,Thatching,Alpine Niece,Luthier,Minifer
2022105190,サートゥルナーリア,ローザブランカ,ロードカナロア,シーザリオ,クロフネ,ローズバド,キングカメハメハ,レディブラッサム,スペシャルウィーク,キロフプリミエール,フレンチデピュティ,ブルーアヴェニュー,サンデーサイレンス,ロゼカラー,Kingmambo,マンファス,Storm Cat,サラトガデュー,サンデーサイレンス,キャンペンガール,Sadler's Wells,Querida,Deputy Minister,Mitterand,Classic Go Go,Eliza Blue,Halo,Wishing Well,Shirley Heights,ローザネイ,Mr. Prospector,Miesque,ラストタイクーン,Pilot Bird,Storm Bird,Terlingua,Cormorant,Super Luna,Halo,Wishing Well,マルゼンスキー,レディーシラオキ,Northern Dancer,Fairy Bridge,Habitat,Principia,Vice Regent,Mint Copy,Hold Your Peace,Laredo Lass,Pago Pago,Classic Perfection,Icecapade,コレラ,Hail to Reason,Cosmah,Understanding,Mountain Flower,Mill Reef,Hardiemma,Lyphard,Riviere Doree
2020106963,ダノンバラード,ヴァップ,ディープインパクト,レディバラード,ストーミングホーム,ビコーグレイス,サンデーサイレンス,ウインドインハーヘア,Unbridled,Angelic Song,Machiavellian,Try to Catch Me,グラスワンダー,カフェロワイヤル,Halo,Wishing Well,Alzao,Burghclere,Fappiano,Gana Facil,Halo,Ballade,Mr. Prospector,Coup de Folie,Shareef Dancer,It's in the Air,Silver Hawk,Ameriflora,Ack Ack,ロイヤルオーベルジーン,Hail to Reason,Cosmah,Understanding,Mountain Flower,Lyphard,Lady Rebecca,Busted,Highclere,Mr. Prospector,Killaloe,Le Fabuleux,Charedi,Hail to Reason,Cosmah,Herbager,Miss Swapsco,Raise a Native,Gold Digger,Halo,Raise the Standard,Northern Dancer,Sweet Alliance,Mr. Prospector,A Wind Is Rising,Roberto,Gris Vitesse,Danzig,Graceful Touch,Battle Joined,Fast Turn,Riverman,Turn to Talent
2022106996,ゴールドシップ,サトノジャスミン,ステイゴールド,ポイントフラッグ,Wilburn,Spot of Beauty,サンデーサイレンス,ゴールデンサッシュ,メジロマックイーン,パストラリズム,Bernardini,Moonlight Sonata,Skip Away,Patchen Beauty,Halo,Wishing Well,ディクタス,ダイナサッシュ,メジロティターン,メジロオーロラ,プルラリズム,トクノエイティー,A.P. Indy,Cara Rafaela,Carson City,Wheatly Way,Skip Trial,Ingot Way,Hatchet Man,Precious Beauty,Hail to Reason,Cosmah,Understanding,Mountain Flower,Sanctus,Doronic,ノーザンテースト,ロイヤルサッシュ,メジロアサマ,シエリル,リマンド,メジロアイリス,The Minstrel,Cambretta,トライバルチーフ,アイアンルビー,Seattle Slew,Weekend Surprise,Quiet American,Oil Fable,Mr. Prospector,Blushing Promise,Wheatly Hall,Family Way,Bailjumper,Looks Promising,Diplomat Way,Ingot,The Axe,Bebopper,Jatullah,World O'Beauty
2021100683,エピファネイア,シャブリ,シンボリクリスエス,シーザリオ,ディープインパクト,スカイノダン,Kris S.,Tee Kay,スペシャルウィーク,キロフプリミエール,サンデーサイレンス,ウインドインハーヘア,サクラバクシンオー,シビル,Roberto,Sharp Queen,Gold Meridian,Tri Argo,サンデーサイレンス,キャンペンガール,Sadler's Wells,Querida,Halo,Wishing Well,Alzao,Burghclere,サクラユタカオー,サクラハゴロモ,Wild Again,シャロン,Hail to Reason,Bramalea,Princequillo,Bridgework,Seattle Slew,Queen Louie,Tri Jet,Hail Proudly,Halo,Wishing Well,マルゼンスキー,レディーシラオキ,Northern Dancer,Fairy Bridge,Habitat,Principia,Hail to Reason,Cosmah,Understanding,Mountain Flower,Lyphard,Lady Rebecca,Busted,Highclere,テスコボーイ,アンジェリカ,ノーザンテースト,クリアアンバー,Icecapade,Bushel-n-Peck,Mo Exception,Double Wiggle
2022100492,エピファネイア,ベラルーナ,シンボリクリスエス,シーザリオ,ディープインパクト,エンジェルインザモーニング,Kris S.,Tee Kay,スペシャルウィーク,キロフプリミエール,サンデーサイレンス,ウインドインハーヘア,Mt. Livermore,Dolphins Dream,Roberto,Sharp Queen,Gold Meridian,Tri Argo,サンデーサイレンス,キャンペンガール,Sadler's Wells,Querida,Halo,Wishing Well,Alzao,Burghclere,Blushing Groom,Flama Ardiente,New Prospect,Green Dolphin,Hail to Reason,Bramalea,Princequillo,Bridgework,Seattle Slew,Queen Louie,Tri Jet,Hail Proudly,Halo,Wishing Well,マルゼンスキー,レディーシラオキ,Northern Dancer,Fairy Bridge,Habitat,Principia,Hail to Reason,Cosmah,Understanding,Mountain Flower,Lyphard,Lady Rebecca,Busted,Highclere,Red God,Runaway Bride,Crimson Satan,Royal Rafele,Never Bend,Hasty Act,Johns Joy,Fly Bye Babe
2022104779,キズナ,コーラルプリンセス,ディープインパクト,キャットクイル,クロフネ,ホーリーブラウン,サンデーサイレンス,ウインドインハーヘア,Storm Cat,Pacific Princess,フレンチデピュティ,ブルーアヴェニュー,フジキセキ,アニーブラウン,Halo,Wishing Well,Alzao,Burghclere,Storm Bird,Terlingua,Damascus,Fiji,Deputy Minister,Mitterand,Classic Go Go,Eliza Blue,サンデーサイレンス,ミルレーサー,ノーザンテースト,アルズアニー,Hail to Reason,Cosmah,Understanding,Mountain Flower,Lyphard,Lady Rebecca,Busted,Highclere,Northern Dancer,South Ocean,Secretariat,Crimson Saint,Sword Dancer,Kerala,Acropolis,Rififi,Vice Regent,Mint Copy,Hold Your Peace,Laredo Lass,Pago Pago,Classic Perfection,Icecapade,コレラ,Halo,Wishing Well,Le Fabuleux,Marston's Mill,Northern Dancer,Lady Victoria,Al Hattab,Annie Burns
2021100708,シュヴァルグラン,カネトシパリッシュ,ハーツクライ,ハルーワスウィート,Tapit,Invermay,サンデーサイレンス,アイリッシュダンス,Machiavellian,ハルーワソング,Pulpit,Tap Your Heels,Dynaformer,Balletomane,Halo,Wishing Well,トニービン,ビューパーダンス,Mr. Prospector,Coup de Folie,Nureyev,Morn of Song,A.P. Indy,Preach,Unbridled,Ruby Slippers,Roberto,Andover Way,Sadler's Wells,Franconia,Hail to Reason,Cosmah,Understanding,Mountain Flower,カンパラ,Severn Bridge,Lyphard,My Bupers,Raise a Native,Gold Digger,Halo,Raise the Standard,Northern Dancer,Special,Blushing Groom,Glorious Song,Seattle Slew,Weekend Surprise,Mr. Prospector,Narrate,Fappiano,Gana Facil,Nijinsky,Moon Glitter,Hail to Reason,Bramalea,His Majesty,On the Trail,Northern Dancer,Fairy Bridge,ラインゴールド,Miss Glasso
2021102303,シャンハイボビー,ウィズペイシェンス,Harlan's Holiday,Steelin',ネオユニヴァース,コンクラーベ,Harlan,Christmas in Aiken,Orientate,Steel Band,サンデーサイレンス,ポインテッドパス,アンバーシャダイ,コンカロ,Storm Cat,Country Romance,Affirmed,Dowager,Mt. Livermore,Dream Team,Carson City,ウェディングバンド,Halo,Wishing Well,Kris,Silken Way,ノーザンテースト,クリアアンバー,Caro,Confess,Storm Bird,Terlingua,Halo,Sweet Romance,Exclusive Native,Won't Tell You,Honest Pleasure,Princessnesian,Blushing Groom,Flama Ardiente,Cox's Ridge,Likely Double,Mr. Prospector,Blushing Promise,Mighty Appealing,Ring of Steel,Hail to Reason,Cosmah,Understanding,Mountain Flower,Sharpen Up,Doubly Sure,Shantung,Boulevard,Northern Dancer,Lady Victoria,Ambiopoise,One Clear Call,フォルティノ,Chambord,Cornish Prince,Won't Tell You
2022101896,エピファネイア,デアリングバード,シンボリクリスエス,シーザリオ,キングカメハメハ,デアリングハート,Kris S.,Tee Kay,スペシャルウィーク,キロフプリミエール,Kingmambo,マンファス,サンデーサイレンス,デアリングダンジグ,Roberto,Sharp Queen,Gold Meridian,Tri Argo,サンデーサイレンス,キャンペンガール,Sadler's Wells,Querida,Mr. Prospector,Miesque,ラストタイクーン,Pilot Bird,Halo,Wishing Well,Danzig,Impetuous Gal,Hail to Reason,Bramalea,Princequillo,Bridgework,Seattle Slew,Queen Louie,Tri Jet,Hail Proudly,Halo,Wishing Well,マルゼンスキー,レディーシラオキ,Northern Dancer,Fairy Bridge,Habitat,Principia,Raise a Native,Gold Digger,Nureyev,Pasadoble,トライマイベスト,Mill Princess,Blakeney,The Dancer,Hail to Reason,Cosmah,Understanding,Mountain Flower,Northern Dancer,Pas de Nom,Briartic,Impetuous Lady
2021101427,サトノダイヤモンド,バートラムガーデン,ディープインパクト,マルペンサ,サクラバクシンオー,フィリス,サンデーサイレンス,ウインドインハーヘア,Orpen,Marsella,サクラユタカオー,サクラハゴロモ,アフリート,フィラストリート,Halo,Wishing Well,Alzao,Burghclere,Lure,Bonita Francita,サザンヘイロー,Riviere,テスコボーイ,アンジェリカ,ノーザンテースト,クリアアンバー,Mr. Prospector,Polite Lady,Cozzene,Phydilla,Hail to Reason,Cosmah,Understanding,Mountain Flower,Lyphard,Lady Rebecca,Busted,Highclere,Danzig,Endear,Devil's Bag,Raise the Standard,Halo,Northern Sea,Logical,Talonada,Princely Gift,Suncourt,ネヴァービート,スターハイネス,Northern Dancer,Lady Victoria,Ambiopoise,One Clear Call,Raise a Native,Gold Digger,Venetian Jester,Friendly Ways,Caro,Ride the Trails,Lyphard,Godzilla
2022105269,パドトロワ,オメガエンブレム,スウェプトオーヴァーボード,グランパドドゥ,ウォーエンブレム,オメガグレイス,エンドスウィープ,Sheer Ice,フジキセキ,スターバレリーナ,Our Emblem,Sweetest Lady,サンデーサイレンス,エリンバード,フォーティナイナー,Broom Dance,Cutlass,Hey Dolly A.,サンデーサイレンス,ミルレーサー,Risen Star,ベリアーニ,Mr. Prospector,Personal Ensign,Lord at War,Sweetest Roman,Halo,Wishing Well,Bluebird,Maid of Erin,Mr. Prospector,File,Dance Spell,Witching Hour,Damascus,Aphonia,Ambehaving,Swift Deal,Halo,Wishing Well,Le Fabuleux,Marston's Mill,Secretariat,Ribbon,Nureyev,Eleven Pleasures,Raise a Native,Gold Digger,Private Account,Grecian Banner,General,Luna de Miel,The Pruner,I Also,Hail to Reason,Cosmah,Understanding,Mountain Flower,Storm Bird,Ivory Dawn,Irish River,Dancing Shadow
2023100655,ゴールドドリーム,マイネレーヌ,ゴールドアリュール,モンヴェール,マイネルラヴ,グレースマリヤ,サンデーサイレンス,ニキーヤ,フレンチデピュティ,スペシャルジェイド,Seeking the Gold,Heart of Joy,グルームダンサー,ミホグレース,Halo,Wishing Well,Nureyev,Reluctant Guest,Deputy Minister,Mitterand,Cox's Ridge,Statistic,Mr. Prospector,Con Game,リィフォー,Mythographer,Blushing Groom,Featherhill,アスワン,ビューティマリヤ,Hail to Reason,Cosmah,Understanding,Mountain Flower,Northern Dancer,Special,Hostage,Vaguely Royal,Vice Regent,Mint Copy,Hold Your Peace,Laredo Lass,Best Turn,Our Martha,Mr. Prospector,Number,Raise a Native,Gold Digger,Buckpasser,Broadway,Lyphard,Klaizia,Secretariat,Arachne,Red God,Runaway Bride,Lyphard,Lady Berry,ノーザンテースト,リリーオブザナイル,トライバルチーフ,チュウオーマリヤ
2023101323,シニスターミニスター,モリトシラギク,Old Trieste,Sweet Minister,クロフネ,アズマサンダース,A.P. Indy,Lovlier Linda,The Prime Minister,Sweet Blue,フレンチデピュティ,ブルーアヴェニュー,サンデーサイレンス,オースミシャイン,Seattle Slew,Weekend Surprise,Vigors,Linda Summers,Deputy Minister,Stick to Beauty,Hurry Up Blue,Sugar Gold,Deputy Minister,Mitterand,Classic Go Go,Eliza Blue,Halo,Wishing Well,シンボリルドルフ,コランデアガール,Bold Reasoning,My Charmer,Secretariat,Lassie Dear,Grey Dawn,Relifordie,Crozier,Queenly Gift,Vice Regent,Mint Copy,Illustrious,Hail to Beauty,Mr. Leader,Blue Baroness,Mr. Prospector,Miss Ironside,Vice Regent,Mint Copy,Hold Your Peace,Laredo Lass,Pago Pago,Classic Perfection,Icecapade,コレラ,Hail to Reason,Cosmah,Understanding,Mountain Flower,パーソロン,スイートルナ,ネヴァービート,ヤヨイカマダ
2023100112,ダノンレジェンド,ミヤコスマイル,Macho Uno,マイグッドネス,キングカメハメハ,シャイニンググラス,Holy Bull,Primal Force,Storm Cat,Caressing,Kingmambo,マンファス,サンデーサイレンス,シャイニンレーサー,Great Above,Sharon Brown,Blushing Groom,Prime Prospect,Storm Bird,Terlingua,Honour and Glory,Lovin Touch,Mr. Prospector,Miesque,ラストタイクーン,Pilot Bird,Halo,Wishing Well,ノーザンテースト,ミルレーサー,Minnesota Mac,Ta Wee,Al Hattab,Agathea's Dawn,Red God,Runaway Bride,Mr. Prospector,Square Generation,Northern Dancer,South Ocean,Secretariat,Crimson Saint,Relaunch,Fair to All,Majestic Prince,Forest Princess,Raise a Native,Gold Digger,Nureyev,Pasadoble,トライマイベスト,Mill Princess,Blakeney,The Dancer,Hail to Reason,Cosmah,Understanding,Mountain Flower,Northern Dancer,Lady Victoria,Le Fabuleux,Marston's Mill
2023104888,シャンハイボビー,ブラジリアンビューティ,Harlan's Holiday,Steelin',Galileo,Braziliz,Harlan,Christmas in Aiken,Orientate,Steel Band,Sadler's Wells,Urban Sea,Kingmambo,Luv Luvin',Storm Cat,Country Romance,Affirmed,Dowager,Mt. Livermore,Dream Team,Carson City,ウェディングバンド,Northern Dancer,Fairy Bridge,Miswaki,Allegretta,Mr. Prospector,Miesque,Raise a Native,Ringing Bells,Storm Bird,Terlingua,Halo,Sweet Romance,Exclusive Native,Won't Tell You,Honest Pleasure,Princessnesian,Blushing Groom,Flama Ardiente,Cox's Ridge,Likely Double,Mr. Prospector,Blushing Promise,Mighty Appealing,Ring of Steel,Nearctic,Natalma,Bold Reason,Special,Mr. Prospector,Hopespringseternal,Lombard,Anatevka,Raise a Native,Gold Digger,Nureyev,Pasadoble,Native Dancer,Raise You,ボールドラツド,Prayer Bell
2023102594,パイロ,ハニーディスタフ,Pulpit,Wild Vision,ゴールドアリュール,ダッシングハニー,A.P. Indy,Preach,Wild Again,Carol's Wonder,サンデーサイレンス,ニキーヤ,アサティス,ラストヒット,Seattle Slew,Weekend Surprise,Mr. Prospector,Narrate,Icecapade,Bushel-n-Peck,Pass the Tab,Carols Christmas,Halo,Wishing Well,Nureyev,Reluctant Guest,Topsider,Secret Asset,スラヴィック,ゲートアンドフライ,Bold Reasoning,My Charmer,Secretariat,Lassie Dear,Raise a Native,Gold Digger,Honest Pleasure,State,Nearctic,Shenanigans,Khaled,Dama,Al Hattab,Dantina,Whitesburg,Light Verse,Hail to Reason,Cosmah,Understanding,Mountain Flower,Northern Dancer,Special,Hostage,Vaguely Royal,Northern Dancer,Drumtop,Graustark,Numbered Account,Danzig,Bamesian,クラウンドプリンス,ヤマノコトブキ
2023103173,スワーヴリチャード,プラリーヌ,ハーツクライ,ピラミマ,Pivotal,Soft Centre,サンデーサイレンス,アイリッシュダンス,Unbridled's Song,キャリアコレクション,Polar Falcon,Fearless Revival,Zafonic,Foodbroker Fancy,Halo,Wishing Well,トニービン,ビューパーダンス,Unbridled,Trolley Song,General Meeting,River of Stars,Nureyev,Marie d'Argonne,Cozzene,Stufida,Gone West,Zaizafon,Halling,Red Rita,Hail to Reason,Cosmah,Understanding,Mountain Flower,カンパラ,Severn Bridge,Lyphard,My Bupers,Fappiano,Gana Facil,Caro,Lucky Spell,Seattle Slew,Alydar's Promise,Riverman,Star Fortune,Northern Dancer,Special,Jefferson,Mohair,Caro,Ride the Trails,Bustino,Zerbinetta,Mr. Prospector,Secrettame,The Minstrel,Mofida,Diesis,Dance Machine,Kefaah,Katie Roche
2023103233,シニスターミニスター,アシャカダイキ,Old Trieste,Sweet Minister,スマートファルコン,レツィーナ,A.P. Indy,Lovlier Linda,The Prime Minister,Sweet Blue,ゴールドアリュール,ケイシュウハーブ,キャプテンスティーヴ,タニウインドタイム,Seattle Slew,Weekend Surprise,Vigors,Linda Summers,Deputy Minister,Stick to Beauty,Hurry Up Blue,Sugar Gold,サンデーサイレンス,ニキーヤ,ミシシッピアン,キョウエイシラユキ,Fly So Free,Sparkling Delite,ブライアンズタイム,ウインドシアー,Bold Reasoning,My Charmer,Secretariat,Lassie Dear,Grey Dawn,Relifordie,Crozier,Queenly Gift,Vice Regent,Mint Copy,Illustrious,Hail to Beauty,Mr. Leader,Blue Baroness,Mr. Prospector,Miss Ironside,Halo,Wishing Well,Nureyev,Reluctant Guest,Vaguely Noble,Gazala,クラウンドプリンス,アリアーン,Time for a Change,Free to Fly,Vice Regent,Sparkling Topaz,Roberto,Kelley's Day,Fappiano,Ellie Milove
2023105691,シルポート,アクロスザシャイン,ホワイトマズル,スペランツァ,タニノギムレット,アクロスザライト,ダンシングブレーヴ,Fair of the Furze,サンデーサイレンス,フジャブ,ブライアンズタイム,タニノクリスタル,ネオユニヴァース,イクスペクトトゥシャイン,Lyphard,Navajo Princess,Ela-Mana-Mou,Autocratic,Halo,Wishing Well,Woodman,Winters' Love,Roberto,Kelley's Day,クリスタルパレス,タニノシーバード,サンデーサイレンス,ポインテッドパス,Mr. Prospector,Frankova,Northern Dancer,Goofed,Drone,Olmec,ピットカーン,Rose Bertin,Tyrant,Flight Table,Hail to Reason,Cosmah,Understanding,Mountain Flower,Mr. Prospector,プレイメイト,Danzig,Cold Hearted,Hail to Reason,Bramalea,Graustark,Golden Trail,Caro,Hermieres,Sea-Bird,Flaxen,Halo,Wishing Well,Kris,Silken Way,Raise a Native,Gold Digger,Nureyev,Secret Asset
2023107049,ルーラーシップ,シーオブザムーン,キングカメハメハ,エアグルーヴ,ブラックタイド,ムーンフェイズ,Kingmambo,マンファス,トニービン,ダイナカール,サンデーサイレンス,ウインドインハーヘア,エリシオ,アフターザサン,Mr. Prospector,Miesque,ラストタイクーン,Pilot Bird,カンパラ,Severn Bridge,ノーザンテースト,シャダイフェザー,Halo,Wishing Well,Alzao,Burghclere,Fairy King,Helice,Storm Bird,Encorelle,Raise a Native,Gold Digger,Nureyev,Pasadoble,トライマイベスト,Mill Princess,Blakeney,The Dancer,Kalamoun,State Pension,Hornbeam,Priddy Fair,Northern Dancer,Lady Victoria,ガーサント,パロクサイド,Hail to Reason,Cosmah,Understanding,Mountain Flower,Lyphard,Lady Rebecca,Busted,Highclere,Northern Dancer,Fairy Bridge,Slewpy,Hirondelle,Northern Dancer,South Ocean,Arctic Tern,Esdee
2023106687,タリスマニック,ペスカネラ,Medaglia d'Oro,Magic Mission,ブラックタイド,ピーチドラフト,El Prado,Cappucino Bay,Machiavellian,Dream Ticket,サンデーサイレンス,ウインドインハーヘア,サクラバクシンオー,ヤマノラヴリー,Sadler's Wells,Lady Capulet,Bailjumper,Dubbed In,Mr. Prospector,Coup de Folie,Danzig,Capo Di Monte,Halo,Wishing Well,Alzao,Burghclere,サクラユタカオー,サクラハゴロモ,シャンハイ,レディランサム,Northern Dancer,Fairy Bridge,Sir Ivor,Cap and Bells,Damascus,Court Circuit,Silent Screen,Society Singer,Raise a Native,Gold Digger,Halo,Raise the Standard,Northern Dancer,Pas de Nom,Final Straw,Burghclere,Hail to Reason,Cosmah,Understanding,Mountain Flower,Lyphard,Lady Rebecca,Busted,Highclere,テスコボーイ,アンジェリカ,ノーザンテースト,クリアアンバー,Procida,Korveya,Red Ransom,ヴェルシエンカ
2023102157,ハービンジャー,マスイデア,Dansili,Penang Pearl,リンカーン,リンデンルレーブ,デインヒル,Hasili,Bering,Guapa,サンデーサイレンス,グレースアドマイヤ,ノーザンテースト,リンデンリリー,Danzig,Razyana,Kahyasi,Kerali,Arctic Tern,Beaune,Shareef Dancer,Sauceboat,Halo,Wishing Well,トニービン,バレークイーン,Northern Dancer,Lady Victoria,ミルジョージ,ラドンナリリー,Northern Dancer,Pas de Nom,His Majesty,Spring Adieu,イルドブルボン,Kadissya,High Line,Sookera,Sea-Bird,Bubbling Beauty,Lyphard,Barbra,Northern Dancer,Sweet Alliance,Connaught,Cranberry Sauce,Hail to Reason,Cosmah,Understanding,Mountain Flower,カンパラ,Severn Bridge,Sadler's Wells,Sun Princess,Nearctic,Natalma,Victoria Park,Lady Angela,Mill Reef,Miss Charisma,キタノカチドキ,ヤマニガーサント
2023101491,アルアイン,ブライトエルフ,ディープインパクト,ドバイマジェスティ,ブライアンズタイム,スウィートエルフ,サンデーサイレンス,ウインドインハーヘア,Essence of Dubai,Great Majesty,Roberto,Kelley's Day,タマモクロス,ダンシングエルフ,Halo,Wishing Well,Alzao,Burghclere,Pulpit,Epitome,Great Above,Mistic Majesty,Hail to Reason,Bramalea,Graustark,Golden Trail,シービークロス,グリーンシャトー,ダンシングブレーヴ,クラウドナイン,Hail to Reason,Cosmah,Understanding,Mountain Flower,Lyphard,Lady Rebecca,Busted,Highclere,A.P. Indy,Preach,Summing,Honest and True,Minnesota Mac,Ta Wee,His Majesty,Necaras Miss,Turn-to,Nothirdchance,Nashua,Rarelea,Ribot,Flower Bowl,Hasty Road,Sunny Vale,フォルティノ,ズイシヨウ,シャトーゲイ,クインビー,Lyphard,Navajo Princess,ディクタス,マイエルフ
2023106515,タリスマニック,ヘヴンリーブライド,Medaglia d'Oro,Magic Mission,ロードカナロア,ビアンカシェボン,El Prado,Cappucino Bay,Machiavellian,Dream Ticket,キングカメハメハ,レディブラッサム,フジキセキ,ミルズウィスパー,Sadler's Wells,Lady Capulet,Bailjumper,Dubbed In,Mr. Prospector,Coup de Folie,Danzig,Capo Di Monte,Kingmambo,マンファス,Storm Cat,サラトガデュー,サンデーサイレンス,ミルレーサー,トニービン,レツツキツス,Northern Dancer,Fairy Bridge,Sir Ivor,Cap and Bells,Damascus,Court Circuit,Silent Screen,Society Singer,Raise a Native,Gold Digger,Halo,Raise the Standard,Northern Dancer,Pas de Nom,Final Straw,Burghclere,Mr. Prospector,Miesque,ラストタイクーン,Pilot Bird,Storm Bird,Terlingua,Cormorant,Super Luna,Halo,Wishing Well,Le Fabuleux,Marston's Mill,カンパラ,Severn Bridge,Lyphard,Limoya
2023102823,サトノアラジン,マスターマイン,ディープインパクト,マジックストーム,Belong to Me,ソプランマリダフ,サンデーサイレンス,ウインドインハーヘア,Storm Cat,Foppy Dancer,Danzig,Belonging,Persian Bold,Marina Duff,Halo,Wishing Well,Alzao,Burghclere,Storm Bird,Terlingua,Fappiano,Water Dance,Northern Dancer,Pas de Nom,Exclusive Native,Straight Deal,Bold Lad,Relkarunner,Caerleon,Jeanie Duff,Hail to Reason,Cosmah,Understanding,Mountain Flower,Lyphard,Lady Rebecca,Busted,Highclere,Northern Dancer,South Ocean,Secretariat,Crimson Saint,Mr. Prospector,Killaloe,Nijinsky,Luiana,Nearctic,Natalma,Admiral's Voyage,Petitioner,Raise a Native,Exclusive,Hail to Reason,No Fiddling,Bold Ruler,Barn Pride,Relko,Running Blue,Nijinsky,Foreseer,Majestic Prince,Turf
2023102793,クリソベリル,ゴールウェイ,ゴールドアリュール,クリソプレーズ,フサイチコンコルド,メジロシルエット,サンデーサイレンス,ニキーヤ,エルコンドルパサー,キャサリーンパー,Caerleon,バレークイーン,メジロライアン,メジロアンジュ,Halo,Wishing Well,Nureyev,Reluctant Guest,Kingmambo,サドラーズギャル,Riverman,Regal Exception,Nijinsky,Foreseer,Sadler's Wells,Sun Princess,アンバーシャダイ,メジロチェイサー,リアルシャダイ,メジロエマ,Hail to Reason,Cosmah,Understanding,Mountain Flower,Northern Dancer,Special,Hostage,Vaguely Royal,Mr. Prospector,Miesque,Sadler's Wells,Glenveagh,Never Bend,River Lady,Ribot,Rajput Princess,Northern Dancer,Flaming Page,Round Table,Regal Gleam,Northern Dancer,Fairy Bridge,イングリッシュプリンス,Sunny Valley,ノーザンテースト,クリアアンバー,メジロサンマン,シエリル,Roberto,Desert Vixen,モガミ,アマゾンウォリアー
2023101710,アルアイン,カネトシピュール,ディープインパクト,ドバイマジェスティ,ヘニーヒューズ,カネトシディザイア,サンデーサイレンス,ウインドインハーヘア,Essence of Dubai,Great Majesty,ヘネシー,Meadow Flyer,フジキセキ,ゴーンプロフェッショナル,Halo,Wishing Well,Alzao,Burghclere,Pulpit,Epitome,Great Above,Mistic Majesty,Storm Cat,Island Kitty,Meadowlake,Shortley,サンデーサイレンス,ミルレーサー,Gone West,Professional Dance,Hail to Reason,Cosmah,Understanding,Mountain Flower,Lyphard,Lady Rebecca,Busted,Highclere,A.P. Indy,Preach,Summing,Honest and True,Minnesota Mac,Ta Wee,His Majesty,Necaras Miss,Storm Bird,Terlingua,Hawaii,T. C. Kitten,Hold Your Peace,Suspicious Native,Hagley,Short Winded,Halo,Wishing Well,Le Fabuleux,Marston's Mill,Mr. Prospector,Secrettame,Nijinsky,Perfecta
2023103919,キタサンブラック,ブルーダイヤ,ブラックタイド,シュガーハート,モーリス,ネオイリュージョン,サンデーサイレンス,ウインドインハーヘア,サクラバクシンオー,オトメゴコロ,スクリーンヒーロー,メジロフランシス,ネオユニヴァース,マンファス,Halo,Wishing Well,Alzao,Burghclere,サクラユタカオー,サクラハゴロモ,ジャッジアンジェルーチ,テイズリー,グラスワンダー,ランニングヒロイン,カーネギー,メジロモントレー,サンデーサイレンス,ポインテッドパス,ラストタイクーン,Pilot Bird,Hail to Reason,Cosmah,Understanding,Mountain Flower,Lyphard,Lady Rebecca,Busted,Highclere,テスコボーイ,アンジェリカ,ノーザンテースト,クリアアンバー,Honest Pleasure,Victorian Queen,Lyphard,Tizna,Silver Hawk,Ameriflora,サンデーサイレンス,ダイナアクトレス,Sadler's Wells,Detroit,モガミ,メジロクインシー,Halo,Wishing Well,Kris,Silken Way,トライマイベスト,Mill Princess,Blakeney,The Dancer
2023106948,マクフィ,カラフルブラッサム,Dubawi,Dhelaal,ハーツクライ,トロピカルブラッサム,Dubai Millennium,Zomaradah,Green Desert,Irish Valley,サンデーサイレンス,アイリッシュダンス,サンダーガルチ,Barbara Sue,Seeking the Gold,Colorado Dancer,Deploy,Jawaher,Danzig,Foreign Courier,Irish River,Green Valley,Halo,Wishing Well,トニービン,ビューパーダンス,Gulch,Line of Thunder,Big Spruce,Maytide,Mr. Prospector,Con Game,Shareef Dancer,Fall Aspen,Shirley Heights,Slightly Dangerous,ダンシングブレーヴ,High Tern,Northern Dancer,Pas de Nom,Sir Ivor,Courtly Dee,Riverman,Irish Star,Val de Loir,Sly Pola,Hail to Reason,Cosmah,Understanding,Mountain Flower,カンパラ,Severn Bridge,Lyphard,My Bupers,Mr. Prospector,Jameela,Storm Bird,Shoot a Line,Herbager,Silver Sari,Naskra,Melody Tree
2023106078,ディープブリランテ,カノア,ディープインパクト,ラヴアンドバブルズ,キングカメハメハ,ノーブルストーン,サンデーサイレンス,ウインドインハーヘア,Loup Sauvage,バブルドリーム,Kingmambo,マンファス,Hussonet,Lace Wing,Halo,Wishing Well,Alzao,Burghclere,Riverman,Louveterie,Akarad,バブルプロスペクター,Mr. Prospector,Miesque,ラストタイクーン,Pilot Bird,Mr. Prospector,Sacahuista,Caerleon,Capo Di Monte,Hail to Reason,Cosmah,Understanding,Mountain Flower,Lyphard,Lady Rebecca,Busted,Highclere,Never Bend,River Lady,Nureyev,Lupe,Labus,Licata,Miswaki,バブルカンパニー,Raise a Native,Gold Digger,Nureyev,Pasadoble,トライマイベスト,Mill Princess,Blakeney,The Dancer,Raise a Native,Gold Digger,Raja Baba,Nalees Flying Flag,Nijinsky,Foreseer,Final Straw,Burghclere
2023101721,ホッコータルマエ,ジェッシージェニー,キングカメハメハ,マダムチェロキー,ストロングリターン,セッカチクイーン,Kingmambo,マンファス,Cherokee Run,アンフォイルド,シンボリクリスエス,コートアウト,スズカマンボ,アイズオブユー,Mr. Prospector,Miesque,ラストタイクーン,Pilot Bird,Runaway Groom,Cherokee Dame,Unbridled,Bold Foil,Kris S.,Tee Kay,Smart Strike,アザール,サンデーサイレンス,スプリングマンボ,ブラッシングジョン,Bouffant,Raise a Native,Gold Digger,Nureyev,Pasadoble,トライマイベスト,Mill Princess,Blakeney,The Dancer,Blushing Groom,Yonnie Girl,Silver Saber,Dame Francesca,Fappiano,Gana Facil,Bold Forbes,Perfect Foil,Roberto,Sharp Queen,Gold Meridian,Tri Argo,Mr. Prospector,Classy 'n Smart,Nijinsky,Smart Heiress,Halo,Wishing Well,Kingmambo,キーフライヤー,Blushing Groom,La Griffe,Alydar,Coiffure
2023105779,ロジャーバローズ,ビジューブランシュ,ディープインパクト,リトルブック,Hansen,ビジューミス,サンデーサイレンス,ウインドインハーヘア,Librettist,Cal Norma's Lady,Tapit,Stormy Sunday,Buddha,Above the Odds,Halo,Wishing Well,Alzao,Burghclere,Danzig,Mysterial,リファーズスペシャル,June Darling,Pulpit,Tap Your Heels,Sir Cat,Thinkin'strait,Unbridled's Song,Cahooters,Wild Again,Doppio Espresso,Hail to Reason,Cosmah,Understanding,Mountain Flower,Lyphard,Lady Rebecca,Busted,Highclere,Northern Dancer,Pas de Nom,Alleged,Mysteries,Lyphard,My Bupers,ジュニアス,Beau Darling,A.P. Indy,Preach,Unbridled,Ruby Slippers,Storm Cat,Desert Run,Highland Park,Tescudera,Unbridled,Trolley Song,Storm Cat,Puss in Cahoots,Icecapade,Bushel-n-Peck,Java Gold,Eastern Dawn
2023101390,アメリカンペイトリオット,ハンドスター,War Front,Life Well Lived,パラダイスクリーク,ビーフレグラント,Danzig,Starry Dreamer,Tiznow,Well Dressed,Irish River,North Of Eden,ダイタクヘリオス,コンサートダイナ,Northern Dancer,Pas de Nom,Rubiano,Lara's Star,Cee's Tizzy,Cee's Song,Notebook,Trithenia,Riverman,Irish Star,Northfields,ツリーオブノレッジ,ビゼンニシキ,ネヴアーイチバン,ハンターコム,コンサーテイスト,Nearctic,Natalma,Admiral's Voyage,Petitioner,Fappiano,Ruby Slippers,Forli,True Reality,Relaunch,テイズリー,Seattle Song,Lonely Dancer,Well Decorated,Mobcap,Gold Meridian,Tri Argo,Never Bend,River Lady,Klairon,Botany Bay,Northern Dancer,Little Hut,Sassafras,Sensibility,ダンディルート,ベニバナビゼン,ネヴァービート,ミスナンバイチバン,Derring-Do,Ergina,Supreme Sovereign,Chambord
2023101953,ダノンキングリー,メイショウヨソユキ,ディープインパクト,マイグッドネス,シニスターミニスター,ライラックノカオリ,サンデーサイレンス,ウインドインハーヘア,Storm Cat,Caressing,Old Trieste,Sweet Minister,キンググローリアス,アイテイスター,Halo,Wishing Well,Alzao,Burghclere,Storm Bird,Terlingua,Honour and Glory,Lovin Touch,A.P. Indy,Lovlier Linda,The Prime Minister,Sweet Blue,Naevus,Glorious Natalie,シンボリルドルフ,ファティマ,Hail to Reason,Cosmah,Understanding,Mountain Flower,Lyphard,Lady Rebecca,Busted,Highclere,Northern Dancer,South Ocean,Secretariat,Crimson Saint,Relaunch,Fair to All,Majestic Prince,Forest Princess,Seattle Slew,Weekend Surprise,Vigors,Linda Summers,Deputy Minister,Stick to Beauty,Hurry Up Blue,Sugar Gold,Mr. Prospector,Mudville,Reflected Glory,Blue Eyed Blonde,パーソロン,スイートルナ,ロイヤルスキー,ビューティワン
2023106565,ミッキーアイル,メイショウルクール,ディープインパクト,スターアイル,エンパイアメーカー,メイショウスコール,サンデーサイレンス,ウインドインハーヘア,ロックオブジブラルタル,アイルドフランス,Unbridled,Toussaud,メイショウオウドウ,メイショウアヤメ,Halo,Wishing Well,Alzao,Burghclere,デインヒル,Offshore Boom,Nureyev,ステラマドリッド,Fappiano,Gana Facil,El Gran Senor,Image of Reality,サンデーサイレンス,アルタデナ,ジェイドロバリー,ウイルムーン,Hail to Reason,Cosmah,Understanding,Mountain Flower,Lyphard,Lady Rebecca,Busted,Highclere,Danzig,Razyana,Be My Guest,Push a Button,Northern Dancer,Special,Alydar,My Juliet,Mr. Prospector,Killaloe,Le Fabuleux,Charedi,Northern Dancer,Sex Appeal,In Reality,Edee's Image,Halo,Wishing Well,Lyphard,Lacovia,Mr. Prospector,Number,ミルジョージ,ダイアンベンチヤ
2023101751,レイデオロ,メイショウマンボ,キングカメハメハ,ラドラーダ,スズカマンボ,メイショウモモカ,Kingmambo,マンファス,シンボリクリスエス,レディブロンド,サンデーサイレンス,スプリングマンボ,グラスワンダー,メイショウアヤメ,Mr. Prospector,Miesque,ラストタイクーン,Pilot Bird,Kris S.,Tee Kay,Seeking the Gold,ウインドインハーヘア,Halo,Wishing Well,Kingmambo,キーフライヤー,Silver Hawk,Ameriflora,ジェイドロバリー,ウイルムーン,Raise a Native,Gold Digger,Nureyev,Pasadoble,トライマイベスト,Mill Princess,Blakeney,The Dancer,Roberto,Sharp Queen,Gold Meridian,Tri Argo,Mr. Prospector,Con Game,Alzao,Burghclere,Hail to Reason,Cosmah,Understanding,Mountain Flower,Mr. Prospector,Miesque,Nijinsky,Key Partner,Roberto,Gris Vitesse,Danzig,Graceful Touch,Mr. Prospector,Number,ミルジョージ,ダイアンベンチヤ
2023105538,ハッピースプリント,カゼニモマケズ,アッミラーレ,マーゴーン,パイロ,ミココロ,サンデーサイレンス,ダジルミージョリエ,Dayjur,Whispered Secret,Pulpit,Wild Vision,エイシンサンディ,フレンドパーク,Halo,Wishing Well,Carr de Naskra,Mawgrit,Danzig,Gold Beauty,Secretariat,Classy 'n Smart,A.P. Indy,Preach,Wild Again,Carol's Wonder,サンデーサイレンス,エイシンウイザード,アイネスフウジン,テイルコート,Hail to Reason,Cosmah,Understanding,Mountain Flower,Star de Naskra,Cornish Runner,Hoist the Flag,Spring Sunshine,Northern Dancer,Pas de Nom,Mr. Prospector,Stick to Beauty,Bold Ruler,Somethingroyal,Smarten,No Class,Seattle Slew,Weekend Surprise,Mr. Prospector,Narrate,Icecapade,Bushel-n-Peck,Pass the Tab,Carols Christmas,Halo,Wishing Well,ノーザリー,シルバーナイキ,シーホーク,テスコパール,スイフトスワロー,シャークカコガワ
2023110033,American Pharoah,Treasure Trail,Pioneerof the Nile,Littleprincessemma,Pulpit,Vertigineux,エンパイアメーカー,Star of Goshen,Yankee Gentleman,Exclusive Rosette,A.P. Indy,Preach,Kris S.,For the Flag,Unbridled,Toussaud,Lord at War,Castle Eight,Storm Cat,Key Phrase,Ecliptical,Zetta Jet,Seattle Slew,Weekend Surprise,Mr. Prospector,Narrate,Roberto,Sharp Queen,Forli,In the Offing,Fappiano,Gana Facil,El Gran Senor,Image of Reality,General,Luna de Miel,Key to the Kingdom,Her Native,Storm Bird,Terlingua,Flying Paster,Sown,Exclusive Native,Minnetonka,Tri Jet,Queen Zetta,Bold Reasoning,My Charmer,Secretariat,Lassie Dear,Raise a Native,Gold Digger,Honest Pleasure,State,Hail to Reason,Bramalea,Princequillo,Bridgework,Aristophanes,Trevisa,Hoist the Flag,Mrs. Peterkin
2023101469,エンパイアペガサス,ヒアデス,エンパイアメーカー,ステージトリック,モンテロッソ,ノヴェンバースカイ,Unbridled,Toussaud,Distorted Humor,Engaging,Dubawi,Porto Roca,ディープスカイ,ノベンバースルー,Fappiano,Gana Facil,El Gran Senor,Image of Reality,フォーティナイナー,Danzig's Beauty,Private Account,Starlet Storm,Dubai Millennium,Zomaradah,Barathea,Antelliere,アグネスタキオン,アビ,Seattle Slew,November Snow,Mr. Prospector,Killaloe,Le Fabuleux,Charedi,Northern Dancer,Sex Appeal,In Reality,Edee's Image,Mr. Prospector,File,Danzig,Sweetest Chant,Damascus,Numbered Account,Storm Bird,Cinegita,Seeking the Gold,Colorado Dancer,Deploy,Jawaher,Sadler's Wells,Brocade,Salieri,Anntelle,サンデーサイレンス,アグネスフローラ,Chief's Crown,Carmelized,Bold Reasoning,My Charmer,Storm Cat,Princess Alydar
2023104556,サートゥルナーリア,ボナマティーナ,ロードカナロア,シーザリオ,キングズベスト,モーニングタイド,キングカメハメハ,レディブラッサム,スペシャルウィーク,キロフプリミエール,Kingmambo,Allegretta,Seeking the Gold,Eastern Dawn,Kingmambo,マンファス,Storm Cat,サラトガデュー,サンデーサイレンス,キャンペンガール,Sadler's Wells,Querida,Mr. Prospector,Miesque,Lombard,Anatevka,Mr. Prospector,Con Game,Damascus,Euryanthe,Mr. Prospector,Miesque,ラストタイクーン,Pilot Bird,Storm Bird,Terlingua,Cormorant,Super Luna,Halo,Wishing Well,マルゼンスキー,レディーシラオキ,Northern Dancer,Fairy Bridge,Habitat,Principia,Raise a Native,Gold Digger,Nureyev,Pasadoble,Agio,Promised Lady,Espresso,Almyra,Raise a Native,Gold Digger,Buckpasser,Broadway,Sword Dancer,Kerala,Nijinsky,Quill
2023102494,デクラレーションオブウォー,レットハーゴー,War Front,Tempo West,ネオユニヴァース,ファダラン,Danzig,Starry Dreamer,Rahy,Tempo,サンデーサイレンス,ポインテッドパス,Cherokee Run,ダンスールファビュルー,Northern Dancer,Pas de Nom,Rubiano,Lara's Star,Blushing Groom,Glorious Song,Gone West,Terpsichorist,Halo,Wishing Well,Kris,Silken Way,Runaway Groom,Cherokee Dame,Northern Dancer,Fabuleux Jane,Nearctic,Natalma,Admiral's Voyage,Petitioner,Fappiano,Ruby Slippers,Forli,True Reality,Red God,Runaway Bride,Halo,Ballade,Mr. Prospector,Secrettame,Nijinsky,Glad Rags,Hail to Reason,Cosmah,Understanding,Mountain Flower,Sharpen Up,Doubly Sure,Shantung,Boulevard,Blushing Groom,Yonnie Girl,Silver Saber,Dame Francesca,Nearctic,Natalma,Le Fabuleux,Native Partner
2023107270,キタサンブラック,ムーンティアーズ,ブラックタイド,シュガーハート,Kendargent,パーリーアヴェニュー,サンデーサイレンス,ウインドインハーヘア,サクラバクシンオー,オトメゴコロ,Kendor,Pax Bella,Anabaa,Pearly Shells,Halo,Wishing Well,Alzao,Burghclere,サクラユタカオー,サクラハゴロモ,ジャッジアンジェルーチ,テイズリー,Kenmare,Belle Mecene,Linamix,Palavera,Danzig,Balbonella,Efisio,Piffle,Hail to Reason,Cosmah,Understanding,Mountain Flower,Lyphard,Lady Rebecca,Busted,Highclere,テスコボーイ,アンジェリカ,ノーザンテースト,クリアアンバー,Honest Pleasure,Victorian Queen,Lyphard,Tizna,Kalamoun,Belle of Ireland,ゲイメセン,Djaka Belle,メンデス,Lunadix,Bikala,ポーリスタナ,Northern Dancer,Pas de Nom,ゲイメセン,Bamieres,Formidable,Eldoret,Shirley Heights,Fiddle-Faddle
2023103394,イスラボニータ,コッパ,フジキセキ,イスラコジーン,Yesbyjimminy,Diplomatic Angel,サンデーサイレンス,ミルレーサー,Cozzene,Isla Mujeres,Yes It's True,Sisters Creek,Valid Appeal,Royal Angelique,Halo,Wishing Well,Le Fabuleux,Marston's Mill,Caro,Ride the Trails,Crafty Prospector,Lido Isle,Is It True,Clever Monique,Pentelicus,Mighty Intimate,In Reality,Desert Trial,Diplomat Way,Royal Contessa,Hail to Reason,Cosmah,Understanding,Mountain Flower,Wild Risk,Anguar,In Reality,Millicent,フォルティノ,Chambord,Prince John,Wildwook,Mr. Prospector,Real Crafty Lady,Far North,She Is Gorgeous,Raja Baba,Roman Rockette,Clever Trick,Monique Rene,Fappiano,Charedi,Mighty Appealing,Royal Ties,Intentionally,My Dear Girl,Moslem Chief,Scotch Verdict,Nashua,Jandy,Royal Union,Noble Princess
2023101315,カリフォルニアクローム,ディーズハイエンド,Lucky Pulpit,Love the Chase,ダイワメジャー,バイユーストーム,Pulpit,Lucky Soph,Not for Love,Chase It Down,サンデーサイレンス,スカーレットブーケ,Storm Cat,At the Half,A.P. Indy,Preach,Cozzene,Lucky Spell,Mr. Prospector,Dance Number,Polish Numbers,Chase the Dream,Halo,Wishing Well,ノーザンテースト,スカーレットインク,Storm Bird,Terlingua,Seeking the Gold,Knitted Gloves,Seattle Slew,Weekend Surprise,Mr. Prospector,Narrate,Caro,Ride the Trails,Lucky Mel,Incantation,Raise a Native,Gold Digger,Northern Dancer,Numbered Account,Danzig,Numbered Account,Sir Ivor,La Belle Fleur,Hail to Reason,Cosmah,Understanding,Mountain Flower,Northern Dancer,Lady Victoria,Crimson Satan,Consentida,Northern Dancer,South Ocean,Secretariat,Crimson Saint,Mr. Prospector,Con Game,White Gloves,Fleet Needles
2023104338,ハービンジャー,ギンザヴィクトリア,Dansili,Penang Pearl,ゼンノロブロイ,タイムフェアレディ,デインヒル,Hasili,Bering,Guapa,サンデーサイレンス,ローミンレイチェル,メジロマックイーン,トキファイター,Danzig,Razyana,Kahyasi,Kerali,Arctic Tern,Beaune,Shareef Dancer,Sauceboat,Halo,Wishing Well,マイニング,One Smart Lady,メジロティターン,メジロオーロラ,カツラギエース,ダンシングファイタ,Northern Dancer,Pas de Nom,His Majesty,Spring Adieu,イルドブルボン,Kadissya,High Line,Sookera,Sea-Bird,Bubbling Beauty,Lyphard,Barbra,Northern Dancer,Sweet Alliance,Connaught,Cranberry Sauce,Hail to Reason,Cosmah,Understanding,Mountain Flower,Mr. Prospector,I Pass,Clever Trick,Pia's Lady,メジロアサマ,シエリル,リマンド,メジロアイリス,ボイズィーボーイ,タニノベンチヤ,ダンシングキャップ,キシューファイター
2023104994,エピファネイア,アタブ,シンボリクリスエス,シーザリオ,New Approach,Moon's Whisper,Kris S.,Tee Kay,スペシャルウィーク,キロフプリミエール,Galileo,Park Express,Storm Cat,East of the Moon,Roberto,Sharp Queen,Gold Meridian,Tri Argo,サンデーサイレンス,キャンペンガール,Sadler's Wells,Querida,Sadler's Wells,Urban Sea,Ahonoora,Matcher,Storm Bird,Terlingua,Private Account,Miesque,Hail to Reason,Bramalea,Princequillo,Bridgework,Seattle Slew,Queen Louie,Tri Jet,Hail Proudly,Halo,Wishing Well,マルゼンスキー,レディーシラオキ,Northern Dancer,Fairy Bridge,Habitat,Principia,Northern Dancer,Fairy Bridge,Miswaki,Allegretta,Lorenzaccio,Helen Nichols,Match,Lachine,Northern Dancer,South Ocean,Secretariat,Crimson Saint,Damascus,Numbered Account,Nureyev,Pasadoble
2023104258,スワーヴリチャード,ヒシサブリナ,ハーツクライ,ピラミマ,Bernardini,ヒシカツバラード,サンデーサイレンス,アイリッシュダンス,Unbridled's Song,キャリアコレクション,A.P. Indy,Cara Rafaela,Saint Ballado,Twice the Vice,Halo,Wishing Well,トニービン,ビューパーダンス,Unbridled,Trolley Song,General Meeting,River of Stars,Seattle Slew,Weekend Surprise,Quiet American,Oil Fable,Halo,Ballade,Vice Regent,Double Set,Hail to Reason,Cosmah,Understanding,Mountain Flower,カンパラ,Severn Bridge,Lyphard,My Bupers,Fappiano,Gana Facil,Caro,Lucky Spell,Seattle Slew,Alydar's Promise,Riverman,Star Fortune,Bold Reasoning,My Charmer,Secretariat,Lassie Dear,Fappiano,Demure,Spectacular Bid,Northern Fable,Hail to Reason,Cosmah,Herbager,Miss Swapsco,Northern Dancer,Victoria Regina,Resurgent,Doublene
2023103426,ブリックスアンドモルタル,シャンペルゼリーゼ,Giant's Causeway,Beyond the Waves,Elzaam,La Cuvee,Storm Cat,Mariah's Storm,Ocean Crest,Excedent,Redoute's Choice,Mambo in Freeport,Mark of Esteem,Premiere Cuvee,Storm Bird,Terlingua,Rahy,イメンス,Storm Bird,S.S.Aroma,Exceller,Broadway Lullaby,デインヒル,Shantha's Choice,Kingmambo,Golden Thatch,Darshaan,Homage,Formidable,Clicquot,Northern Dancer,South Ocean,Secretariat,Crimson Saint,Blushing Groom,Glorious Song,Roberto,Imsodear,Northern Dancer,South Ocean,Seattle Slew,Rare Bouquet,Vaguely Noble,Too Bald,Stage Door Johnny,リットルブレツシング,Danzig,Razyana,Canny Lad,Dancing Show,Mr. Prospector,Miesque,Slew o' Gold,Free Port,Shirley Heights,Delsy,Ajdal,Home Love,Forli,Native Partner,Bold Lad,Effervescence
2023106468,フィエールマン,ビラゴーティアラ,ディープインパクト,リュヌドール,スターオブコジーン,ブルーファイブ,サンデーサイレンス,ウインドインハーヘア,Green Tune,Luth d'Or,Cozzene,Star Gem,シンコウキング,リバーラス,Halo,Wishing Well,Alzao,Burghclere,Green Dancer,Soundings,Noir Et Or,Viole d'Amour,Caro,Ride the Trails,Pia Star,Soonerland,Fairy King,Rose of Jericho,マルゼンスキー,エースエンジェル,Hail to Reason,Cosmah,Understanding,Mountain Flower,Lyphard,Lady Rebecca,Busted,Highclere,Nijinsky,Green Valley,Mr. Prospector,Ocean's Answer,ラインゴールド,Pomme Rose,Luthier,Mandolinette,フォルティノ,Chambord,Prince John,Wildwook,Olympia,Inquisitive,Fleet Nasrullah,Hill Indian,Northern Dancer,Fairy Bridge,Alleged,Rose Red,Nijinsky,シル,チャイナロック,キユリオツサ
2023100144,キタサンブラック,クリーミーボイス,ブラックタイド,シュガーハート,キングカメハメハ,アルーリングボイス,サンデーサイレンス,ウインドインハーヘア,サクラバクシンオー,オトメゴコロ,Kingmambo,マンファス,フレンチデピュティ,アルーリングアクト,Halo,Wishing Well,Alzao,Burghclere,サクラユタカオー,サクラハゴロモ,ジャッジアンジェルーチ,テイズリー,Mr. Prospector,Miesque,ラストタイクーン,Pilot Bird,Deputy Minister,Mitterand,エンドスウィープ,チャーミングファピアノ,Hail to Reason,Cosmah,Understanding,Mountain Flower,Lyphard,Lady Rebecca,Busted,Highclere,テスコボーイ,アンジェリカ,ノーザンテースト,クリアアンバー,Honest Pleasure,Victorian Queen,Lyphard,Tizna,Raise a Native,Gold Digger,Nureyev,Pasadoble,トライマイベスト,Mill Princess,Blakeney,The Dancer,Vice Regent,Mint Copy,Hold Your Peace,Laredo Lass,フォーティナイナー,Broom Dance,Fappiano,Charming Story
2023103816,サートゥルナーリア,ラテュロス,ロードカナロア,シーザリオ,ディープインパクト,スウィートハース,キングカメハメハ,レディブラッサム,スペシャルウィーク,キロフプリミエール,サンデーサイレンス,ウインドインハーヘア,Touch Gold,Sweet Gold,Kingmambo,マンファス,Storm Cat,サラトガデュー,サンデーサイレンス,キャンペンガール,Sadler's Wells,Querida,Halo,Wishing Well,Alzao,Burghclere,Deputy Minister,Passing Mood,Gilded Time,Anti Social,Mr. Prospector,Miesque,ラストタイクーン,Pilot Bird,Storm Bird,Terlingua,Cormorant,Super Luna,Halo,Wishing Well,マルゼンスキー,レディーシラオキ,Northern Dancer,Fairy Bridge,Habitat,Principia,Hail to Reason,Cosmah,Understanding,Mountain Flower,Lyphard,Lady Rebecca,Busted,Highclere,Vice Regent,Mint Copy,Buckpasser,Cool Mood,Timeless Moment,Gilded Lilly,Pretense,Wind Song
2023107239,キタサンブラック,マハゴニー,ブラックタイド,シュガーハート,Storm Embrujado,Mira Vos,サンデーサイレンス,ウインドインハーヘア,サクラバクシンオー,オトメゴコロ,Bernstein,Embobada Toss,Afleet Alex,Dame d'Loc,Halo,Wishing Well,Alzao,Burghclere,サクラユタカオー,サクラハゴロモ,ジャッジアンジェルーチ,テイズリー,Storm Cat,La Affirmed,Egg Toss,Embelesante,Northern Afleet,Maggy Hawk,Mt. Livermore,Spectacular Bev,Hail to Reason,Cosmah,Understanding,Mountain Flower,Lyphard,Lady Rebecca,Busted,Highclere,テスコボーイ,アンジェリカ,ノーザンテースト,クリアアンバー,Honest Pleasure,Victorian Queen,Lyphard,Tizna,Storm Bird,Terlingua,Affirmed,La Mesa,Buckpasser,Eggy,Practicante,Emocional,アフリート,Nuryette,ホークスター,Qualique,Blushing Groom,Flama Ardiente,Spectacular Bid,Bev Bev
2023100238,リオンリオン,ラベ,ルーラーシップ,アゲヒバリ,ダンスインザダーク,クイーンリザーブ,キングカメハメハ,エアグルーヴ,クロフネ,トゥザヴィクトリー,サンデーサイレンス,ダンシングキイ,Miswaki,Slamya,Kingmambo,マンファス,トニービン,ダイナカール,フレンチデピュティ,ブルーアヴェニュー,サンデーサイレンス,フェアリードール,Halo,Wishing Well,Nijinsky,Key Partner,Mr. Prospector,Hopespringseternal,Seattle Slew,Amya,Mr. Prospector,Miesque,ラストタイクーン,Pilot Bird,カンパラ,Severn Bridge,ノーザンテースト,シャダイフェザー,Deputy Minister,Mitterand,Classic Go Go,Eliza Blue,Halo,Wishing Well,Nureyev,Dream Deal,Hail to Reason,Cosmah,Understanding,Mountain Flower,Northern Dancer,Flaming Page,Key to the Mint,Native Partner,Raise a Native,Gold Digger,Buckpasser,Rose Bower,Bold Reasoning,My Charmer,Sanctus,Ad Gloriam
2023102724,オルフェーヴル,エアパスカル,ステイゴールド,オリエンタルアート,ウォーエンブレム,ラフィカ,サンデーサイレンス,ゴールデンサッシュ,メジロマックイーン,エレクトロアート,Our Emblem,Sweetest Lady,サンデーサイレンス,オーピーキャット,Halo,Wishing Well,ディクタス,ダイナサッシュ,メジロティターン,メジロオーロラ,ノーザンテースト,グランマスティーヴンス,Mr. Prospector,Personal Ensign,Lord at War,Sweetest Roman,Halo,Wishing Well,Storm Cat,Princess S.,Hail to Reason,Cosmah,Understanding,Mountain Flower,Sanctus,Doronic,ノーザンテースト,ロイヤルサッシュ,メジロアサマ,シエリル,リマンド,メジロアイリス,Northern Dancer,Lady Victoria,Lt. Stevens,Dhow,Raise a Native,Gold Digger,Private Account,Grecian Banner,General,Luna de Miel,The Pruner,I Also,Hail to Reason,Cosmah,Understanding,Mountain Flower,Storm Bird,Terlingua,Assagai Jr.,Princess Thelma
2023105878,ウインブライト,コスモクリスタル,ステイゴールド,サマーエタニティ,マイネルラヴ,クリスチャンネーム,サンデーサイレンス,ゴールデンサッシュ,アドマイヤコジーン,オールフォーゲラン,Seeking the Gold,Heart of Joy,Cadeaux Genereux,Colorvista,Halo,Wishing Well,ディクタス,ダイナサッシュ,Cozzene,アドマイヤマカディ,ジェイドロバリー,ミスゲラン,Mr. Prospector,Con Game,リィフォー,Mythographer,Young Generation,Smarten Up,Shirley Heights,Reprocolor,Hail to Reason,Cosmah,Understanding,Mountain Flower,Sanctus,Doronic,ノーザンテースト,ロイヤルサッシュ,Caro,Ride the Trails,ノーザンテースト,ミセスマカディー,Mr. Prospector,Number,マルゼンスキー,ゲラン,Raise a Native,Gold Digger,Buckpasser,Broadway,Lyphard,Klaizia,Secretariat,Arachne,Balidar,Brig O'Doon,Sharpen Up,L'Anguissola,Mill Reef,Hardiemma,Jimmy Reppin,Blue Queen
2023104634,ルーラーシップ,メジロミドウ,キングカメハメハ,エアグルーヴ,ステイゴールド,メジロサンドラ,Kingmambo,マンファス,トニービン,ダイナカール,サンデーサイレンス,ゴールデンサッシュ,メジロマックイーン,カンパナ,Mr. Prospector,Miesque,ラストタイクーン,Pilot Bird,カンパラ,Severn Bridge,ノーザンテースト,シャダイフェザー,Halo,Wishing Well,ディクタス,ダイナサッシュ,メジロティターン,メジロオーロラ,Sadler's Wells,Two Rings,Raise a Native,Gold Digger,Nureyev,Pasadoble,トライマイベスト,Mill Princess,Blakeney,The Dancer,Kalamoun,State Pension,Hornbeam,Priddy Fair,Northern Dancer,Lady Victoria,ガーサント,パロクサイド,Hail to Reason,Cosmah,Understanding,Mountain Flower,Sanctus,Doronic,ノーザンテースト,ロイヤルサッシュ,メジロアサマ,シエリル,リマンド,メジロアイリス,Northern Dancer,Fairy Bridge,Round Table,Allofthem
2023102182,ダノンプレミアム,ピアレジーナ,ディープインパクト,インディアナギャル,タイキシャトル,アッシュベリー,サンデーサイレンス,ウインドインハーヘア,Intikhab,Genial Jenny,Devil's Bag,ウェルシュマフィン,Any Given Saturday,アシェラフ,Halo,Wishing Well,Alzao,Burghclere,Red Ransom,Crafty Example,デインヒル,Joma Kaanem,Halo,Ballade,Caerleon,Muffitys,Distorted Humor,Weekend in Indy,Deputy Minister,Cinnamon Sugar,Hail to Reason,Cosmah,Understanding,Mountain Flower,Lyphard,Lady Rebecca,Busted,Highclere,Roberto,アラビア,Crafty Prospector,Zienelle,Danzig,Razyana,Double Form,Ash Lawn,Hail to Reason,Cosmah,Herbager,Miss Swapsco,Nijinsky,Foreseer,Thatch,Contrail,フォーティナイナー,Danzig's Beauty,A.P. Indy,Whow,Vice Regent,Mint Copy,Wild Again,Sugar and Spice
2023107372,St Mark's Basilica,ワディハッタ,Siyouni,Cabaret,Cape Cross,Thamarat,Pivotal,Sichilla,Galileo,Witch of Fife,Green Desert,Park Appeal,Anabaa,Al Ishq,Polar Falcon,Fearless Revival,デインヒル,Slipstream Queen,Sadler's Wells,Urban Sea,Lear Fan,Fife,Danzig,Foreign Courier,Ahonoora,Balidaress,Danzig,Balbonella,Nureyev,Allez Les Trois,Nureyev,Marie d'Argonne,Cozzene,Stufida,Danzig,Razyana,Conquistador Cielo,Country Queen,Northern Dancer,Fairy Bridge,Miswaki,Allegretta,Roberto,Wac,Lomond,Fiddle-Faddle,Northern Dancer,Pas de Nom,Sir Ivor,Courtly Dee,Lorenzaccio,Helen Nichols,Balidar,Innocence,Northern Dancer,Pas de Nom,ゲイメセン,Bamieres,Northern Dancer,Special,Riverman,Allegretta
2023106190,ビッグアーサー,フラミンゴ,サクラバクシンオー,シヤボナ,マルカシェンク,エーシンアクセント,サクラユタカオー,サクラハゴロモ,Kingmambo,Relish,サンデーサイレンス,シェンク,Cozzene,Above the Salt,テスコボーイ,アンジェリカ,ノーザンテースト,クリアアンバー,Mr. Prospector,Miesque,Sadler's Wells,Reloy,Halo,Wishing Well,Zafonic,Buckwig,Caro,Ride the Trails,Master Derby,Salt In My Stew,Princely Gift,Suncourt,ネヴァービート,スターハイネス,Northern Dancer,Lady Victoria,Ambiopoise,One Clear Call,Raise a Native,Gold Digger,Nureyev,Pasadoble,Northern Dancer,Fairy Bridge,Liloy,Rescousse,Hail to Reason,Cosmah,Understanding,Mountain Flower,Gone West,Zaizafon,Buckfinder,Dickie Ludwig,フォルティノ,Chambord,Prince John,Wildwook,ダストコマンダー,Madam Jerry,Dr. Blum,Cream in My Coffee
2023104857,コントレイル,アンジェリック,ディープインパクト,ロードクロサイト,シンボリクリスエス,タガノアイリス,サンデーサイレンス,ウインドインハーヘア,Unbridled's Song,Folklore,Kris S.,Tee Kay,トニービン,マルカアイリス,Halo,Wishing Well,Alzao,Burghclere,Unbridled,Trolley Song,Tiznow,Contrive,Roberto,Sharp Queen,Gold Meridian,Tri Argo,カンパラ,Severn Bridge,ブレイヴェストローマン,イカホゲレン,Hail to Reason,Cosmah,Understanding,Mountain Flower,Lyphard,Lady Rebecca,Busted,Highclere,Fappiano,Gana Facil,Caro,Lucky Spell,Cee's Tizzy,Cee's Song,Storm Cat,Jeano,Hail to Reason,Bramalea,Princequillo,Bridgework,Seattle Slew,Queen Louie,Tri Jet,Hail Proudly,Kalamoun,State Pension,Hornbeam,Priddy Fair,Never Bend,Roman Song,ハイハット,バンバレラ
2023106965,リオンディーズ,キラープレゼンス,キングカメハメハ,シーザリオ,ハーツクライ,キラーグレイシス,Kingmambo,マンファス,スペシャルウィーク,キロフプリミエール,サンデーサイレンス,アイリッシュダンス,Congaree,Heatherdoesntbluff,Mr. Prospector,Miesque,ラストタイクーン,Pilot Bird,サンデーサイレンス,キャンペンガール,Sadler's Wells,Querida,Halo,Wishing Well,トニービン,ビューパーダンス,アラジ,Mari's Sheba,Old Trieste,Michigan Bluff,Raise a Native,Gold Digger,Nureyev,Pasadoble,トライマイベスト,Mill Princess,Blakeney,The Dancer,Halo,Wishing Well,マルゼンスキー,レディーシラオキ,Northern Dancer,Fairy Bridge,Habitat,Principia,Hail to Reason,Cosmah,Understanding,Mountain Flower,カンパラ,Severn Bridge,Lyphard,My Bupers,Blushing Groom,ダンスールファビュルー,Mari's Book,Sheba Little,A.P. Indy,Lovlier Linda,Skywalker,ミドルフォークラピッヅ
2023107346,シルバーステート,レディイヴァンカ,ディープインパクト,シルヴァースカヤ,Tiz Wonderful,Lady Leftennant,サンデーサイレンス,ウインドインハーヘア,Silver Hawk,Boubskaia,Tiznow,Evil,Officer,Jetinwith Kennedy,Halo,Wishing Well,Alzao,Burghclere,Roberto,Gris Vitesse,Niniski,Frenetique,Cee's Tizzy,Cee's Song,ヘネシー,Lit'l Rose,Bertrando,St. Helens Shadow,Kennedy Road,Blue Jet Set,Hail to Reason,Cosmah,Understanding,Mountain Flower,Lyphard,Lady Rebecca,Busted,Highclere,Hail to Reason,Bramalea,Amerigo,Matchiche,Nijinsky,Virginia Hills,Tyrant,Femina,Relaunch,テイズリー,Seattle Song,Lonely Dancer,Storm Cat,Island Kitty,Mr. Prospector,Girlfriend,Skywalker,Gentle Hands,Septieme Ciel,Little Bar Fly,Victoria Park,Nearis,Blue Eyed Davy,Shimmering
2023105817,ロードカナロア,プリメラビスタ,キングカメハメハ,レディブラッサム,オルフェーヴル,ビワハイジ,Kingmambo,マンファス,Storm Cat,サラトガデュー,ステイゴールド,オリエンタルアート,Caerleon,アグサン,Mr. Prospector,Miesque,ラストタイクーン,Pilot Bird,Storm Bird,Terlingua,Cormorant,Super Luna,サンデーサイレンス,ゴールデンサッシュ,メジロマックイーン,エレクトロアート,Nijinsky,Foreseer,Lord Gayle,Santa Luciana,Raise a Native,Gold Digger,Nureyev,Pasadoble,トライマイベスト,Mill Princess,Blakeney,The Dancer,Northern Dancer,South Ocean,Secretariat,Crimson Saint,His Majesty,Song Sparrow,In Reality,Alada,Halo,Wishing Well,ディクタス,ダイナサッシュ,メジロティターン,メジロオーロラ,ノーザンテースト,グランマスティーヴンス,Northern Dancer,Flaming Page,Round Table,Regal Gleam,Sir Gaylord,Sticky Case,Luciano,Suleika
2023102151,イスラボニータ,ベネディーレ,フジキセキ,イスラコジーン,クロフネ,ブレッシング,サンデーサイレンス,ミルレーサー,Cozzene,Isla Mujeres,フレンチデピュティ,ブルーアヴェニュー,マルゼンスキー,ブラダマンテ,Halo,Wishing Well,Le Fabuleux,Marston's Mill,Caro,Ride the Trails,Crafty Prospector,Lido Isle,Deputy Minister,Mitterand,Classic Go Go,Eliza Blue,Nijinsky,シル,Roberto,Sulemeif,Hail to Reason,Cosmah,Understanding,Mountain Flower,Wild Risk,Anguar,In Reality,Millicent,フォルティノ,Chambord,Prince John,Wildwook,Mr. Prospector,Real Crafty Lady,Far North,She Is Gorgeous,Vice Regent,Mint Copy,Hold Your Peace,Laredo Lass,Pago Pago,Classic Perfection,Icecapade,コレラ,Northern Dancer,Flaming Page,Buckpasser,Quill,Hail to Reason,Bramalea,Northern Dancer,Barely Even
2023106441,ベンバトル,コスモフットライト,Dubawi,Nahrain,ネオユニヴァース,ムーンライトガーデンズ,Dubai Millennium,Zomaradah,Selkirk,Bahr,サンデーサイレンス,ポインテッドパス,Unbridled's Song,Bee My Vision,Seeking the Gold,Colorado Dancer,Deploy,Jawaher,Sharpen Up,Annie Edge,ジェネラス,Lady of the Sea,Halo,Wishing Well,Kris,Silken Way,Unbridled,Trolley Song,Silver Ghost,Nifty Fifty,Mr. Prospector,Con Game,Shareef Dancer,Fall Aspen,Shirley Heights,Slightly Dangerous,ダンシングブレーヴ,High Tern,エタン,Rocchetta,Nebbiolo,Friendly Court,Caerleon,Doff the Derby,Mill Reef,La Mer,Hail to Reason,Cosmah,Understanding,Mountain Flower,Sharpen Up,Doubly Sure,Shantung,Boulevard,Fappiano,Gana Facil,Caro,Lucky Spell,Mr. Prospector,Misty Gallore,Honey Jay,Illgotten Gains
2023104722,シルバーステート,キトゥンスミトゥン,ディープインパクト,シルヴァースカヤ,Medaglia d'Oro,Precious Kitten,サンデーサイレンス,ウインドインハーヘア,Silver Hawk,Boubskaia,El Prado,Cappucino Bay,Catienus,Kitten's First,Halo,Wishing Well,Alzao,Burghclere,Roberto,Gris Vitesse,Niniski,Frenetique,Sadler's Wells,Lady Capulet,Bailjumper,Dubbed In,Storm Cat,ダイアモンドシティ,Lear Fan,That's My Hon,Hail to Reason,Cosmah,Understanding,Mountain Flower,Lyphard,Lady Rebecca,Busted,Highclere,Hail to Reason,Bramalea,Amerigo,Matchiche,Nijinsky,Virginia Hills,Tyrant,Femina,Northern Dancer,Fairy Bridge,Sir Ivor,Cap and Bells,Damascus,Court Circuit,Silent Screen,Society Singer,Storm Bird,Terlingua,Mr. Prospector,Honey's Flag,Roberto,Wac,L'Enjoleur,One Lane
2023106279,ミッキースワロー,ミッキークルソラ,トーセンホマレボシ,マドレボニータ,ダイワメジャー,クルソラ,ディープインパクト,エヴリウィスパー,ジャングルポケット,ツィンクルブライド,サンデーサイレンス,スカーレットブーケ,Candy Stripes,Calorica,サンデーサイレンス,ウインドインハーヘア,ノーザンテースト,クラフテイワイフ,トニービン,ダンスチャーマー,Lyphard,デビルズブライド,Halo,Wishing Well,ノーザンテースト,スカーレットインク,Blushing Groom,バブルカンパニー,Ahmad,Canchera,Halo,Wishing Well,Alzao,Burghclere,Northern Dancer,Lady Victoria,Crafty Prospector,Wife Mistress,カンパラ,Severn Bridge,Nureyev,Skillful Joy,Northern Dancer,Goofed,Caro,Satan's Pride,Hail to Reason,Cosmah,Understanding,Mountain Flower,Northern Dancer,Lady Victoria,Crimson Satan,Consentida,Red God,Runaway Bride,Lyphard,Prodice,Good Manners,Azyade,Pepenador,Cargada
2023104906,ファインニードル,ドラゴンホマレ,アドマイヤムーン,ニードルクラフト,トーセンホマレボシ,プラチナチャリス,エンドスウィープ,マイケイティーズ,Mark of Esteem,Sharp Point,ディープインパクト,エヴリウィスパー,ロックオブジブラルタル,シルバーチャリス,フォーティナイナー,Broom Dance,サンデーサイレンス,ケイティーズファースト,Darshaan,Homage,ロイヤルアカデミー,Nice Point,サンデーサイレンス,ウインドインハーヘア,ノーザンテースト,クラフテイワイフ,デインヒル,Offshore Boom,Rainbow Quest,シルバーレーン,Mr. Prospector,File,Dance Spell,Witching Hour,Halo,Wishing Well,Kris,Katies,Shirley Heights,Delsy,Ajdal,Home Love,Nijinsky,Crimson Saint,Sharpen Up,Alpine Niece,Halo,Wishing Well,Alzao,Burghclere,Northern Dancer,Lady Victoria,Crafty Prospector,Wife Mistress,Danzig,Razyana,Be My Guest,Push a Button,Blushing Groom,I Will Follow,Silver Hawk,Strait Lane
2023100591,アメリカンペイトリオット,レディノーラ,War Front,Life Well Lived,Nathaniel,Vital Statistics,Danzig,Starry Dreamer,Tiznow,Well Dressed,Galileo,Magnificient Style,Indian Ridge,Emerald Peace,Northern Dancer,Pas de Nom,Rubiano,Lara's Star,Cee's Tizzy,Cee's Song,Notebook,Trithenia,Sadler's Wells,Urban Sea,Silver Hawk,Mia Karina,Ahonoora,Hillbrow,Green Desert,Puck's Castle,Nearctic,Natalma,Admiral's Voyage,Petitioner,Fappiano,Ruby Slippers,Forli,True Reality,Relaunch,テイズリー,Seattle Song,Lonely Dancer,Well Decorated,Mobcap,Gold Meridian,Tri Argo,Northern Dancer,Fairy Bridge,Miswaki,Allegretta,Roberto,Gris Vitesse,Icecapade,Basin,Lorenzaccio,Helen Nichols,Swing Easy,Golden City,Danzig,Foreign Courier,Shirley Heights,Pass the Peace
2023102690,ファインニードル,ビューティーロマン,アドマイヤムーン,ニードルクラフト,バゴ,エンジェルファタル,エンドスウィープ,マイケイティーズ,Mark of Esteem,Sharp Point,Nashwan,Moonlight's Box,フォーティナイナー,サクセスウーマン,フォーティナイナー,Broom Dance,サンデーサイレンス,ケイティーズファースト,Darshaan,Homage,ロイヤルアカデミー,Nice Point,Blushing Groom,Height of Fashion,Nureyev,Coup de Genie,Mr. Prospector,File,ハイセイコー,ヤマノセーハ,Mr. Prospector,File,Dance Spell,Witching Hour,Halo,Wishing Well,Kris,Katies,Shirley Heights,Delsy,Ajdal,Home Love,Nijinsky,Crimson Saint,Sharpen Up,Alpine Niece,Red God,Runaway Bride,Bustino,Highclere,Northern Dancer,Special,Mr. Prospector,Coup de Folie,Raise a Native,Gold Digger,Tom Rolfe,Continue,チャイナロック,ハイユウ,ダンディルート,トリーソング
2023105836,ダノンスマッシュ,ナチュラルスタイル,ロードカナロア,スピニングワイルドキャット,ディープインパクト,レディハピネス,キングカメハメハ,レディブラッサム,Hard Spun,Hollywood Wildcat,サンデーサイレンス,ウインドインハーヘア,Montjeu,レディパステル,Kingmambo,マンファス,Storm Cat,サラトガデュー,Danzig,Turkish Tryst,Kris S.,Miss Wildcatter,Halo,Wishing Well,Alzao,Burghclere,Sadler's Wells,Floripedes,トニービン,ピンクタートル,Mr. Prospector,Miesque,ラストタイクーン,Pilot Bird,Storm Bird,Terlingua,Cormorant,Super Luna,Northern Dancer,Pas de Nom,Turkoman,Darbyvail,Roberto,Sharp Queen,Mr. Prospector,Elizabeth K.,Hail to Reason,Cosmah,Understanding,Mountain Flower,Lyphard,Lady Rebecca,Busted,Highclere,Northern Dancer,Fairy Bridge,Top Ville,Toute Cy,カンパラ,Severn Bridge,Blushing Groom,Turtle Cove
2023105113,リアルスティール,ウェーブガイア,ディープインパクト,ラヴズオンリーミー,ヨハネスブルグ,マイダイナマイト,サンデーサイレンス,ウインドインハーヘア,Storm Cat,Monevassia,ヘネシー,Myth,ダイナマイトダディ,ミロク,Halo,Wishing Well,Alzao,Burghclere,Storm Bird,Terlingua,Mr. Prospector,Miesque,Storm Cat,Island Kitty,オジジアン,Yarn,サクラユタカオー,ダイナサルーン,ボールドコンバタント,ミスベエンチア,Hail to Reason,Cosmah,Understanding,Mountain Flower,Lyphard,Lady Rebecca,Busted,Highclere,Northern Dancer,South Ocean,Secretariat,Crimson Saint,Raise a Native,Gold Digger,Nureyev,Pasadoble,Storm Bird,Terlingua,Hawaii,T. C. Kitten,Damascus,Gonfalon,Mr. Prospector,Narrate,テスコボーイ,アンジェリカ,ノーザンテースト,シヤダイクリアー,Bold Ruler,Antagonism,ヴェンチア,オンワードカルミヤ
2023102346,ビッグアーサー,バーニングテイスト,サクラバクシンオー,シヤボナ,ハービンジャー,ホットフレイバー,サクラユタカオー,サクラハゴロモ,Kingmambo,Relish,Dansili,Penang Pearl,タバスコキャット,ノクターン,テスコボーイ,アンジェリカ,ノーザンテースト,クリアアンバー,Mr. Prospector,Miesque,Sadler's Wells,Reloy,デインヒル,Hasili,Bering,Guapa,Storm Cat,Barbicue Sauce,クリスタルグリッターズ,ノーノーネヴアー,Princely Gift,Suncourt,ネヴァービート,スターハイネス,Northern Dancer,Lady Victoria,Ambiopoise,One Clear Call,Raise a Native,Gold Digger,Nureyev,Pasadoble,Northern Dancer,Fairy Bridge,Liloy,Rescousse,Danzig,Razyana,Kahyasi,Kerali,Arctic Tern,Beaune,Shareef Dancer,Sauceboat,Storm Bird,Terlingua,Sauce Boat,Lady Barbizon,Blushing Groom,Tales to Tell,Nijinsky,Cavort
2023101867,ダノンキングリー,ウォータールナ,ディープインパクト,マイグッドネス,ロードカナロア,ウォーターエナン,サンデーサイレンス,ウインドインハーヘア,Storm Cat,Caressing,キングカメハメハ,レディブラッサム,ボストンハーバー,Scrape,Halo,Wishing Well,Alzao,Burghclere,Storm Bird,Terlingua,Honour and Glory,Lovin Touch,Kingmambo,マンファス,Storm Cat,サラトガデュー,Capote,Harbor Springs,Mr. Prospector,File,Hail to Reason,Cosmah,Understanding,Mountain Flower,Lyphard,Lady Rebecca,Busted,Highclere,Northern Dancer,South Ocean,Secretariat,Crimson Saint,Relaunch,Fair to All,Majestic Prince,Forest Princess,Mr. Prospector,Miesque,ラストタイクーン,Pilot Bird,Storm Bird,Terlingua,Cormorant,Super Luna,Seattle Slew,Too Bald,Vice Regent,Tinnitus,Raise a Native,Gold Digger,Tom Rolfe,Continue
2023106560,ゴールドシップ,メイショウルミナス,ステイゴールド,ポイントフラッグ,アイルハヴアナザー,メイショウマリア,サンデーサイレンス,ゴールデンサッシュ,メジロマックイーン,パストラリズム,Flower Alley,Arch's Gal Edith,マンハッタンカフェ,メイショウサブリナ,Halo,Wishing Well,ディクタス,ダイナサッシュ,メジロティターン,メジロオーロラ,プルラリズム,トクノエイティー,Distorted Humor,プリンセスオリビア,Arch,Force Five Gal,サンデーサイレンス,サトルチェンジ,Kris S.,タラズチャーマー,Hail to Reason,Cosmah,Understanding,Mountain Flower,Sanctus,Doronic,ノーザンテースト,ロイヤルサッシュ,メジロアサマ,シエリル,リマンド,メジロアイリス,The Minstrel,Cambretta,トライバルチーフ,アイアンルビー,フォーティナイナー,Danzig's Beauty,Lycius,Dance Image,Kris S.,Aurora,Pleasant Tap,Last Cause,Halo,Wishing Well,Law Society,Santa Luciana,Roberto,Sharp Queen,Majestic Light,French Charmer
2023105280,キタサンブラック,キラーグレイシス,ブラックタイド,シュガーハート,Congaree,Heatherdoesntbluff,サンデーサイレンス,ウインドインハーヘア,サクラバクシンオー,オトメゴコロ,アラジ,Mari's Sheba,Old Trieste,Michigan Bluff,Halo,Wishing Well,Alzao,Burghclere,サクラユタカオー,サクラハゴロモ,ジャッジアンジェルーチ,テイズリー,Blushing Groom,ダンスールファビュルー,Mari's Book,Sheba Little,A.P. Indy,Lovlier Linda,Skywalker,ミドルフォークラピッヅ,Hail to Reason,Cosmah,Understanding,Mountain Flower,Lyphard,Lady Rebecca,Busted,Highclere,テスコボーイ,アンジェリカ,ノーザンテースト,クリアアンバー,Honest Pleasure,Victorian Queen,Lyphard,Tizna,Red God,Runaway Bride,Northern Dancer,Fabuleux Jane,Northern Dancer,Mari Her,Known Fact,Come Back,Seattle Slew,Weekend Surprise,Vigors,Linda Summers,Relaunch,Bold Captive,Wild Again,Gleaming Water
2023107357,ミッキーアイル,レーゲンボーゲン,ディープインパクト,スターアイル,フレンチデピュティ,レインボーファスト,サンデーサイレンス,ウインドインハーヘア,ロックオブジブラルタル,アイルドフランス,Deputy Minister,Mitterand,レインボーアンバー,レインボーローズ,Halo,Wishing Well,Alzao,Burghclere,デインヒル,Offshore Boom,Nureyev,ステラマドリッド,Vice Regent,Mint Copy,Hold Your Peace,Laredo Lass,アンバーシャダイ,イーデンブルース,ファーストファミリー,プティットアミ,Hail to Reason,Cosmah,Understanding,Mountain Flower,Lyphard,Lady Rebecca,Busted,Highclere,Danzig,Razyana,Be My Guest,Push a Button,Northern Dancer,Special,Alydar,My Juliet,Northern Dancer,Victoria Regina,Bunty's Flight,Shakney,Speak John,Blue Moon,Bold Ruler,Fortunate Isle,ノーザンテースト,クリアアンバー,マッチウォン,スズブエ,First Landing,Somethingroyal,Prince Taj,Turkhan Law
2023104216,スワーヴリチャード,ロウカム,ハーツクライ,ピラミマ,Distorted Humor,Score,サンデーサイレンス,アイリッシュダンス,Unbridled's Song,キャリアコレクション,フォーティナイナー,Danzig's Beauty,A.P. Indy,Educated Risk,Halo,Wishing Well,トニービン,ビューパーダンス,Unbridled,Trolley Song,General Meeting,River of Stars,Mr. Prospector,File,Danzig,Sweetest Chant,Seattle Slew,Weekend Surprise,Mr. Prospector,Pure Pofit,Hail to Reason,Cosmah,Understanding,Mountain Flower,カンパラ,Severn Bridge,Lyphard,My Bupers,Fappiano,Gana Facil,Caro,Lucky Spell,Seattle Slew,Alydar's Promise,Riverman,Star Fortune,Raise a Native,Gold Digger,Tom Rolfe,Continue,Northern Dancer,Pas de Nom,Mr. Leader,Gay Sonnet,Bold Reasoning,My Charmer,Secretariat,Lassie Dear,Raise a Native,Gold Digger,Key to the Mint,Clear Ceiling
2023104940,リアルスティール,エイシンスイーツ,ディープインパクト,ラヴズオンリーミー,シンボリクリスエス,バーモントガール,サンデーサイレンス,ウインドインハーヘア,Storm Cat,Monevassia,Kris S.,Tee Kay,ミシエロ,Raging Apalachee,Halo,Wishing Well,Alzao,Burghclere,Storm Bird,Terlingua,Mr. Prospector,Miesque,Roberto,Sharp Queen,Gold Meridian,Tri Argo,Conquistador Cielo,My Inheritance,Apalachee,Fagers Charisma,Hail to Reason,Cosmah,Understanding,Mountain Flower,Lyphard,Lady Rebecca,Busted,Highclere,Northern Dancer,South Ocean,Secretariat,Crimson Saint,Raise a Native,Gold Digger,Nureyev,Pasadoble,Hail to Reason,Bramalea,Princequillo,Bridgework,Seattle Slew,Queen Louie,Tri Jet,Hail Proudly,Mr. Prospector,K D Princess,Thatch,Edies Double,Round Table,Moccasin,Dr. Fager,Charisma Magic
2023105040,レイデオロ,ユイフィーユ,キングカメハメハ,ラドラーダ,ディープインパクト,スクービドゥー,Kingmambo,マンファス,シンボリクリスエス,レディブロンド,サンデーサイレンス,ウインドインハーヘア,Johan Cruyff,Simply Red,Mr. Prospector,Miesque,ラストタイクーン,Pilot Bird,Kris S.,Tee Kay,Seeking the Gold,ウインドインハーヘア,Halo,Wishing Well,Alzao,Burghclere,デインヒル,Teslemi,Dashing Blade,Schalmai,Raise a Native,Gold Digger,Nureyev,Pasadoble,トライマイベスト,Mill Princess,Blakeney,The Dancer,Roberto,Sharp Queen,Gold Meridian,Tri Argo,Mr. Prospector,Con Game,Alzao,Burghclere,Hail to Reason,Cosmah,Understanding,Mountain Flower,Lyphard,Lady Rebecca,Busted,Highclere,Danzig,Razyana,オジジアン,Martha Queen,Elegant Air,Sharp Castan,Nebos,Shantou
2023104782,エポカドーロ,アースウィンド,オルフェーヴル,ダイワパッション,ディープスカイ,ベストオブチャンス,ステイゴールド,オリエンタルアート,フォーティナイナー,サンルージュ,アグネスタキオン,アビ,サクラローレル,サガミコトブキ,サンデーサイレンス,ゴールデンサッシュ,メジロマックイーン,エレクトロアート,Mr. Prospector,File,シェイディハイツ,チカノヴァ,サンデーサイレンス,アグネスフローラ,Chief's Crown,Carmelized,Rainbow Quest,ローラローラ,ノーザンアンサー,ロニイ,Halo,Wishing Well,ディクタス,ダイナサッシュ,メジロティターン,メジロオーロラ,ノーザンテースト,グランマスティーヴンス,Raise a Native,Gold Digger,Tom Rolfe,Continue,Shirley Heights,Vaguely,Northern Dancer,Cairn Rouge,Halo,Wishing Well,ロイヤルスキー,アグネスレディー,Danzig,Six Crowns,Key to the Mint,Carmelize,Blushing Groom,I Will Follow,Saint Cyrien,Bold Lady,Northern Dancer,Windy Answer,シルバーシャーク,マルセーズ
2023102442,ビーチパトロール,ワルキューレ,Lemon Drop Kid,Bashful Bertie,ステイゴールド,キョウエイセオリー,Kingmambo,Charming Lassie,Quiet American,Clever Bertie,サンデーサイレンス,ゴールデンサッシュ,ジェネラス,アップザアパラッチ,Mr. Prospector,Miesque,Seattle Slew,Lassie Dear,Fappiano,Demure,Timeless Native,Clever But Costly,Halo,Wishing Well,ディクタス,ダイナサッシュ,Caerleon,Doff the Derby,Apalachee,Party Up,Raise a Native,Gold Digger,Nureyev,Pasadoble,Bold Reasoning,My Charmer,Buckpasser,Gay Missile,Mr. Prospector,Killaloe,Dr. Fager,Quiet Charm,Timeless Moment,Head Off,Clever Trick,Swoonlow,Hail to Reason,Cosmah,Understanding,Mountain Flower,Sanctus,Doronic,ノーザンテースト,ロイヤルサッシュ,Nijinsky,Foreseer,Master Derby,Margarethen,Round Table,Moccasin,Malicious,Judy Jump-up
2023101948,シュヴァルグラン,マイネプルメリア,ハーツクライ,ハルーワスウィート,キングカメハメハ,マイネアイル,サンデーサイレンス,アイリッシュダンス,Machiavellian,ハルーワソング,Kingmambo,マンファス,Candy Stripes,Ocean Bay,Halo,Wishing Well,トニービン,ビューパーダンス,Mr. Prospector,Coup de Folie,Nureyev,Morn of Song,Mr. Prospector,Miesque,ラストタイクーン,Pilot Bird,Blushing Groom,バブルカンパニー,Groovy,Lichi,Hail to Reason,Cosmah,Understanding,Mountain Flower,カンパラ,Severn Bridge,Lyphard,My Bupers,Raise a Native,Gold Digger,Halo,Raise the Standard,Northern Dancer,Special,Blushing Groom,Glorious Song,Raise a Native,Gold Digger,Nureyev,Pasadoble,トライマイベスト,Mill Princess,Blakeney,The Dancer,Red God,Runaway Bride,Lyphard,Prodice,Norcliffe,Tinnitus,Paderoso,Anchisamira
2023101914,キセキ,オタカラハッケン,ルーラーシップ,ブリッツフィナーレ,オペラハウス,スナークサクセス,キングカメハメハ,エアグルーヴ,ディープインパクト,ロンドンブリッジ,Sadler's Wells,Colorspin,ブライアンズタイム,ニジンスキーセンチメント,Kingmambo,マンファス,トニービン,ダイナカール,サンデーサイレンス,ウインドインハーヘア,ドクターデヴィアス,オールフォーロンドン,Northern Dancer,Fairy Bridge,High Top,Reprocolor,Roberto,Kelley's Day,Nijinsky,Harrapan Seal,Mr. Prospector,Miesque,ラストタイクーン,Pilot Bird,カンパラ,Severn Bridge,ノーザンテースト,シャダイフェザー,Halo,Wishing Well,Alzao,Burghclere,Ahonoora,Rose of Jericho,Danzig,Full Card,Nearctic,Natalma,Bold Reason,Special,Derring-Do,Camenae,Jimmy Reppin,Blue Queen,Hail to Reason,Bramalea,Graustark,Golden Trail,Northern Dancer,Flaming Page,Habitat,A.
2023102473,フィエールマン,ヒロシゲカナユリ,ディープインパクト,リュヌドール,ロードカナロア,テンシンランマン,サンデーサイレンス,ウインドインハーヘア,Green Tune,Luth d'Or,キングカメハメハ,レディブラッサム,ハーツクライ,ハナランマン,Halo,Wishing Well,Alzao,Burghclere,Green Dancer,Soundings,Noir Et Or,Viole d'Amour,Kingmambo,マンファス,Storm Cat,サラトガデュー,サンデーサイレンス,アイリッシュダンス,サクラユタカオー,ファイトボロン,Hail to Reason,Cosmah,Understanding,Mountain Flower,Lyphard,Lady Rebecca,Busted,Highclere,Nijinsky,Green Valley,Mr. Prospector,Ocean's Answer,ラインゴールド,Pomme Rose,Luthier,Mandolinette,Mr. Prospector,Miesque,ラストタイクーン,Pilot Bird,Storm Bird,Terlingua,Cormorant,Super Luna,Halo,Wishing Well,トニービン,ビューパーダンス,テスコボーイ,アンジェリカ,ミルジョージ,スプリーム
2023106473,ゴールドシップ,ポップソング,ステイゴールド,ポイントフラッグ,New Approach,Lyric of Light,サンデーサイレンス,ゴールデンサッシュ,メジロマックイーン,パストラリズム,Galileo,Park Express,Street Cry,Suez,Halo,Wishing Well,ディクタス,ダイナサッシュ,メジロティターン,メジロオーロラ,プルラリズム,トクノエイティー,Sadler's Wells,Urban Sea,Ahonoora,Matcher,Machiavellian,Helen Street,Green Desert,Repeat Warning,Hail to Reason,Cosmah,Understanding,Mountain Flower,Sanctus,Doronic,ノーザンテースト,ロイヤルサッシュ,メジロアサマ,シエリル,リマンド,メジロアイリス,The Minstrel,Cambretta,トライバルチーフ,アイアンルビー,Northern Dancer,Fairy Bridge,Miswaki,Allegretta,Lorenzaccio,Helen Nichols,Match,Lachine,Mr. Prospector,Coup de Folie,Troy,Waterway,Danzig,Foreign Courier,ウォーニング,Reprocolor
2023106967,サトノダイヤモンド,ギエム,ディープインパクト,マルペンサ,Medaglia d'Oro,オーサムフェザー,サンデーサイレンス,ウインドインハーヘア,Orpen,Marsella,El Prado,Cappucino Bay,Awesome of Course,Precious Feather,Halo,Wishing Well,Alzao,Burghclere,Lure,Bonita Francita,サザンヘイロー,Riviere,Sadler's Wells,Lady Capulet,Bailjumper,Dubbed In,Awesome Again,Mais Oui,Gone West,Last Feather,Hail to Reason,Cosmah,Understanding,Mountain Flower,Lyphard,Lady Rebecca,Busted,Highclere,Danzig,Endear,Devil's Bag,Raise the Standard,Halo,Northern Sea,Logical,Talonada,Northern Dancer,Fairy Bridge,Sir Ivor,Cap and Bells,Damascus,Court Circuit,Silent Screen,Society Singer,Deputy Minister,Primal Force,Lyphard,Affirmatively,Mr. Prospector,Secrettame,Vaguely Noble,Quill
2023102337,ルーラーシップ,マイティーハニー,キングカメハメハ,エアグルーヴ,ハーツクライ,マイティースルー,Kingmambo,マンファス,トニービン,ダイナカール,サンデーサイレンス,アイリッシュダンス,クロフネ,スルーオール,Mr. Prospector,Miesque,ラストタイクーン,Pilot Bird,カンパラ,Severn Bridge,ノーザンテースト,シャダイフェザー,Halo,Wishing Well,トニービン,ビューパーダンス,フレンチデピュティ,ブルーアヴェニュー,Seattle Slew,Over All,Raise a Native,Gold Digger,Nureyev,Pasadoble,トライマイベスト,Mill Princess,Blakeney,The Dancer,Kalamoun,State Pension,Hornbeam,Priddy Fair,Northern Dancer,Lady Victoria,ガーサント,パロクサイド,Hail to Reason,Cosmah,Understanding,Mountain Flower,カンパラ,Severn Bridge,Lyphard,My Bupers,Deputy Minister,Mitterand,Classic Go Go,Eliza Blue,Bold Reasoning,My Charmer,Mr. Prospector,Full Tigress
2023102962,アドマイヤマーズ,リーサムガガ,ダイワメジャー,ヴィアメディチ,Giant's Causeway,Toroca,サンデーサイレンス,スカーレットブーケ,Medicean,Via Milano,Storm Cat,Mariah's Storm,Nureyev,Grand Falls,Halo,Wishing Well,ノーザンテースト,スカーレットインク,Machiavellian,Mystic Goddess,Singspiel,Salvinaxia,Storm Bird,Terlingua,Rahy,イメンス,Northern Dancer,Special,オジジアン,Pitasia,Hail to Reason,Cosmah,Understanding,Mountain Flower,Northern Dancer,Lady Victoria,Crimson Satan,Consentida,Mr. Prospector,Coup de Folie,Storm Bird,Rose Goddess,In the Wings,Glorious Song,Linamix,Salve,Northern Dancer,South Ocean,Secretariat,Crimson Saint,Blushing Groom,Glorious Song,Roberto,Imsodear,Nearctic,Natalma,Forli,Thong,Damascus,Gonfalon,Pitskelly,Asian Princess
2022102026,シニスターミニスター,コーラルビュー,Old Trieste,Sweet Minister,キングヘイロー,ホウヨウマリン,A.P. Indy,Lovlier Linda,The Prime Minister,Sweet Blue,ダンシングブレーヴ,グッバイヘイロー,アレミロード,ベジンスキー,Seattle Slew,Weekend Surprise,Vigors,Linda Summers,Deputy Minister,Stick to Beauty,Hurry Up Blue,Sugar Gold,Lyphard,Navajo Princess,Halo,Pound Foolish,Tom Rolfe,Why Me Lord,Nijinsky,Belonging,Bold Reasoning,My Charmer,Secretariat,Lassie Dear,Grey Dawn,Relifordie,Crozier,Queenly Gift,Vice Regent,Mint Copy,Illustrious,Hail to Beauty,Mr. Leader,Blue Baroness,Mr. Prospector,Miss Ironside,Northern Dancer,Goofed,Drone,Olmec,Hail to Reason,Cosmah,Sir Ivor,Squander,Ribot,Pocahontas,Bold Reasoning,Tomorrowland,Northern Dancer,Flaming Page,Exclusive Native,Straight Deal
2021107097,ヘニーヒューズ,ゴッドダンシング,ヘネシー,Meadow Flyer,ダンスインザダーク,ゴッドインチーフ,Storm Cat,Island Kitty,Meadowlake,Shortley,サンデーサイレンス,ダンシングキイ,コマンダーインチーフ,ファーガーズプロスペクト,Storm Bird,Terlingua,Hawaii,T. C. Kitten,Hold Your Peace,Suspicious Native,Hagley,Short Winded,Halo,Wishing Well,Nijinsky,Key Partner,ダンシングブレーヴ,Slightly Dangerous,Chief's Crown,Fager's Glory,Northern Dancer,South Ocean,Secretariat,Crimson Saint,Utrillo,Ethane,Tom Cat,Needlebug,Speak John,Blue Moon,Raise a Native,Be Suspicious,Olden Times,Teo Pepi,Harvest Singing,Wild Cloud,Hail to Reason,Cosmah,Understanding,Mountain Flower,Northern Dancer,Flaming Page,Key to the Mint,Native Partner,Lyphard,Navajo Princess,Roberto,Where You Lead,Danzig,Six Crowns,Mr. Prospector,Street's Glory
2022102388,パイロ,ヒミノプリンセス,Pulpit,Wild Vision,マンハッタンカフェ,サイキックガール,A.P. Indy,Preach,Wild Again,Carol's Wonder,サンデーサイレンス,サトルチェンジ,ジェネラス,カムイイットー,Seattle Slew,Weekend Surprise,Mr. Prospector,Narrate,Icecapade,Bushel-n-Peck,Pass the Tab,Carols Christmas,Halo,Wishing Well,Law Society,Santa Luciana,Caerleon,Doff the Derby,ラッキーソブリン,イツトー,Bold Reasoning,My Charmer,Secretariat,Lassie Dear,Raise a Native,Gold Digger,Honest Pleasure,State,Nearctic,Shenanigans,Khaled,Dama,Al Hattab,Dantina,Whitesburg,Light Verse,Hail to Reason,Cosmah,Understanding,Mountain Flower,Alleged,Bold Bikini,Luciano,Suleika,Nijinsky,Foreseer,Master Derby,Margarethen,Nijinsky,Sovereign,ヴェンチア,ミスマルミチ
2021102784,アジアエクスプレス,ダブルアクセル,ヘニーヒューズ,ランニングボブキャッツ,アグネスタキオン,ホクトペンダント,ヘネシー,Meadow Flyer,Running Stag,Backatem,サンデーサイレンス,アグネスフローラ,パークリージェント,ホクトビーナス,Storm Cat,Island Kitty,Meadowlake,Shortley,Cozzene,Fruhlingstag,Notebook,Deputy's Mistress,Halo,Wishing Well,ロイヤルスキー,アグネスレディー,Vice Regent,Miss Attractive,マルゼンスキー,ホクトヒシヨウ,Storm Bird,Terlingua,Hawaii,T. C. Kitten,Hold Your Peace,Suspicious Native,Hagley,Short Winded,Caro,Ride the Trails,Orsini,Revada,Well Decorated,Mobcap,Deputy Minister,River Crossing,Hail to Reason,Cosmah,Understanding,Mountain Flower,Raja Baba,Coz o'Nijinsky,リマンド,イコマエイカン,Northern Dancer,Victoria Regina,Victoria Park,Nice Princess,Nijinsky,シル,ボールドリック,ギャラントグロウ
2022102380,ディーマジェスティ,トウカイフィーバー,ディープインパクト,エルメスティアラ,エンパイアメーカー,トウカイポプリ,サンデーサイレンス,ウインドインハーヘア,ブライアンズタイム,シンコウエルメス,Unbridled,Toussaud,タイキシャトル,トウカイティアラ,Halo,Wishing Well,Alzao,Burghclere,Roberto,Kelley's Day,Sadler's Wells,Doff the Derby,Fappiano,Gana Facil,El Gran Senor,Image of Reality,Devil's Bag,ウェルシュマフィン,サンデーサイレンス,トウカイナチュラル,Hail to Reason,Cosmah,Understanding,Mountain Flower,Lyphard,Lady Rebecca,Busted,Highclere,Hail to Reason,Bramalea,Graustark,Golden Trail,Northern Dancer,Fairy Bridge,Master Derby,Margarethen,Mr. Prospector,Killaloe,Le Fabuleux,Charedi,Northern Dancer,Sex Appeal,In Reality,Edee's Image,Halo,Ballade,Caerleon,Muffitys,Halo,Wishing Well,ナイスダンサー,トウカイミドリ
2020103474,マインドユアビスケッツ,チカリータ,Posse,Jazzmane,クロフネ,サルスエラ,Silver Deputy,Raska,Toccet,Alljazz,フレンチデピュティ,ブルーアヴェニュー,マンハッタンカフェ,ハルーワソング,Deputy Minister,Silver Valley,Rahy,Borishka,Awesome Again,Cozzene's Angel,Stop the Music,Bounteous,Deputy Minister,Mitterand,Classic Go Go,Eliza Blue,サンデーサイレンス,サトルチェンジ,Nureyev,Morn of Song,Vice Regent,Mint Copy,Mr. Prospector,Seven Valleys,Blushing Groom,Glorious Song,Roberto,Queen Maud,Deputy Minister,Primal Force,Cozzene,Charming Pan,Hail to Reason,Bebopper,Master Derby,Mlle. Quille,Vice Regent,Mint Copy,Hold Your Peace,Laredo Lass,Pago Pago,Classic Perfection,Icecapade,コレラ,Halo,Wishing Well,Law Society,Santa Luciana,Northern Dancer,Special,Blushing Groom,Glorious Song
2021103776,ホッコータルマエ,ティープラズマ,キングカメハメハ,マダムチェロキー,エンパイアメーカー,マウンテンミステリー,Kingmambo,マンファス,Cherokee Run,アンフォイルド,Unbridled,Toussaud,Mt. Livermore,Search the Sea,Mr. Prospector,Miesque,ラストタイクーン,Pilot Bird,Runaway Groom,Cherokee Dame,Unbridled,Bold Foil,Fappiano,Gana Facil,El Gran Senor,Image of Reality,Blushing Groom,Flama Ardiente,Seeking the Gold,Sea Regent,Raise a Native,Gold Digger,Nureyev,Pasadoble,トライマイベスト,Mill Princess,Blakeney,The Dancer,Blushing Groom,Yonnie Girl,Silver Saber,Dame Francesca,Fappiano,Gana Facil,Bold Forbes,Perfect Foil,Mr. Prospector,Killaloe,Le Fabuleux,Charedi,Northern Dancer,Sex Appeal,In Reality,Edee's Image,Red God,Runaway Bride,Crimson Satan,Royal Rafele,Mr. Prospector,Con Game,Vice Regent,Miss Tidal Wave
2022105267,ミッキーアイル,オッティマルーチェ,ディープインパクト,スターアイル,Fusaichi Pegasus,Leading Light,サンデーサイレンス,ウインドインハーヘア,ロックオブジブラルタル,アイルドフランス,Mr. Prospector,Angel Fever,Mr. Leader,Manhatten Miss,Halo,Wishing Well,Alzao,Burghclere,デインヒル,Offshore Boom,Nureyev,ステラマドリッド,Raise a Native,Gold Digger,Danzig,Rowdy Angel,Hail to Reason,Jolie Deja,アーテイアス,Habanna,Hail to Reason,Cosmah,Understanding,Mountain Flower,Lyphard,Lady Rebecca,Busted,Highclere,Danzig,Razyana,Be My Guest,Push a Button,Northern Dancer,Special,Alydar,My Juliet,Native Dancer,Raise You,Nashua,Sequence,Northern Dancer,Pas de Nom,Halo,Ramhyde,Turn-to,Nothirdchance,Djeddah,Bellesoeur,Round Table,Stylish Pattern,Habitat,High Day
2022105973,ロードカナロア,フェアリーダンス,キングカメハメハ,レディブラッサム,アグネスタキオン,フェアリードール,Kingmambo,マンファス,Storm Cat,サラトガデュー,サンデーサイレンス,アグネスフローラ,Nureyev,Dream Deal,Mr. Prospector,Miesque,ラストタイクーン,Pilot Bird,Storm Bird,Terlingua,Cormorant,Super Luna,Halo,Wishing Well,ロイヤルスキー,アグネスレディー,Northern Dancer,Special,Sharpen Up,Likely Exchange,Raise a Native,Gold Digger,Nureyev,Pasadoble,トライマイベスト,Mill Princess,Blakeney,The Dancer,Northern Dancer,South Ocean,Secretariat,Crimson Saint,His Majesty,Song Sparrow,In Reality,Alada,Hail to Reason,Cosmah,Understanding,Mountain Flower,Raja Baba,Coz o'Nijinsky,リマンド,イコマエイカン,Nearctic,Natalma,Forli,Thong,エタン,Rocchetta,Terrible Tiger,Likely Swap
2022104788,ロードカナロア,サマーハ,キングカメハメハ,レディブラッサム,シングスピール,Genovefa,Kingmambo,マンファス,Storm Cat,サラトガデュー,In the Wings In The Wings,Glorious Song,Woodman,Reigning Countess,Mr. Prospector,Miesque,ラストタイクーン,Pilot Bird,Storm Bird,Terlingua,Cormorant,Super Luna,Sadler's Wells,High Hawk,Halo,Ballade,Mr. Prospector,プレイメイト,Far North,Countess Fager,Raise a Native,Gold Digger,Nureyev,Pasadoble,トライマイベスト,Mill Princess,Blakeney,The Dancer,Northern Dancer,South Ocean,Secretariat,Crimson Saint,His Majesty,Song Sparrow,In Reality,Alada,Northern Dancer,Fairy Bridge,Shirley Heights,Sunbittern,Hail to Reason,Cosmah,Herbager,Miss Swapsco,Raise a Native,Gold Digger,Buckpasser,Intriguing,Northern Dancer,Fleur,Dr. Fager,Compassionately
2019101620,キングカメハメハ,サトノジョリー,Kingmambo,マンファス,Bernardini,ハニーローズ,Mr. Prospector,Miesque,ラストタイクーン,Pilot Bird,A.P. Indy,Cara Rafaela,Lode,Honey Honey,Raise a Native,Gold Digger,Nureyev,Pasadoble,トライマイベスト,Mill Princess,Blakeney,The Dancer,Seattle Slew,Weekend Surprise,Quiet American,Oil Fable,Mr. Prospector,Grand Luxe,Strawberry Road,Blessings,Native Dancer,Raise You,Nashua,Sequence,Northern Dancer,Special,Prove Out,Santa Quilla,Northern Dancer,Sex Appeal,Mill Reef,Irish Lass,Hethersett,Windmill Girl,Green Dancer,Khazaeen,Bold Reasoning,My Charmer,Secretariat,Lassie Dear,Fappiano,Demure,Spectacular Bid,Northern Fable,Raise a Native,Gold Digger,Sir Ivor,Fanfreluche,Whiskey Road,Giftisa,フロリバンダ,マラベル
2021103943,キンシャサノキセキ,ターフデザイナー,フジキセキ,ケルトシャーン,Unbridled's Song,Hollow Design,サンデーサイレンス,ミルレーサー,Pleasant Colony,Featherhill,Unbridled,Trolley Song,コロニアルアッフェアー,Designatoree,Halo,Wishing Well,Le Fabuleux,Marston's Mill,His Majesty,Sun Colony,Lyphard,Lady Berry,Fappiano,Gana Facil,Caro,Lucky Spell,Pleasant Colony,Snuggle,Alysheba,Never Scheme,Hail to Reason,Cosmah,Understanding,Mountain Flower,Wild Risk,Anguar,In Reality,Millicent,Ribot,Flower Bowl,Sunrise Flight,Colonia,Northern Dancer,Goofed,Violon d'Ingres,Moss Rose,Mr. Prospector,Killaloe,Le Fabuleux,Charedi,フォルティノ,Chambord,Lucky Mel,Incantation,His Majesty,Sun Colony,Nijinsky,Mirthful Flirt,Alydar,Bel Sheba,Never Bend,Sweetly Scheming
2021103322,ディスクリートキャット,ヴァップ,Forestry,Pretty Discreet,ストーミングホーム,ビコーグレイス,Storm Cat,Shared Interest,Private Account,Pretty Persuasive,Machiavellian,Try to Catch Me,グラスワンダー,カフェロワイヤル,Storm Bird,Terlingua,Pleasant Colony,Surgery,Damascus,Numbered Account,Believe It,Bury the Hatchet,Mr. Prospector,Coup de Folie,Shareef Dancer,It's in the Air,Silver Hawk,Ameriflora,Ack Ack,ロイヤルオーベルジーン,Northern Dancer,South Ocean,Secretariat,Crimson Saint,His Majesty,Sun Colony,Dr. Fager,Bold Sequence,Sword Dancer,Kerala,Buckpasser,Intriguing,In Reality,Breakfast Bell,Tom Rolfe,Christmas Whishes,Raise a Native,Gold Digger,Halo,Raise the Standard,Northern Dancer,Sweet Alliance,Mr. Prospector,A Wind Is Rising,Roberto,Gris Vitesse,Danzig,Graceful Touch,Battle Joined,Fast Turn,Riverman,Turn to Talent
2022103195,ドレフォン,アイスブレイク,Gio Ponti,Eltimaas,マンハッタンカフェ,ハイウェイトゥグローリー,Tale of the Cat,Chipeta Springs,Ghostzapper,Najecam,サンデーサイレンス,サトルチェンジ,Cape Cross,Anita Via,Storm Cat,Yarn,Alydar,Salt Spring,Awesome Again,Baby Zip,Trempolino,Sue Warner,Halo,Wishing Well,Law Society,Santa Luciana,Green Desert,Park Appeal,Anita's Prince,Seldovia,Storm Bird,Terlingua,Mr. Prospector,Narrate,Raise a Native,Sweet Tooth,Salt Marsh,Jungle Mythologic,Deputy Minister,Primal Force,Relaunch,Thirty Zip,Sharpen Up,Trephine,Forli,Bitty Girl,Hail to Reason,Cosmah,Understanding,Mountain Flower,Alleged,Bold Bikini,Luciano,Suleika,Danzig,Foreign Courier,Ahonoora,Balidaress,ストラダビンスキー,Get Ready,Charlottown,Sunol
2021100410,ロードカナロア,アルスノヴァ,キングカメハメハ,レディブラッサム,ダンスインザダーク,オリエンタルアート,Kingmambo,マンファス,Storm Cat,サラトガデュー,サンデーサイレンス,ダンシングキイ,メジロマックイーン,エレクトロアート,Mr. Prospector,Miesque,ラストタイクーン,Pilot Bird,Storm Bird,Terlingua,Cormorant,Super Luna,Halo,Wishing Well,Nijinsky,Key Partner,メジロティターン,メジロオーロラ,ノーザンテースト,グランマスティーヴンス,Raise a Native,Gold Digger,Nureyev,Pasadoble,トライマイベスト,Mill Princess,Blakeney,The Dancer,Northern Dancer,South Ocean,Secretariat,Crimson Saint,His Majesty,Song Sparrow,In Reality,Alada,Hail to Reason,Cosmah,Understanding,Mountain Flower,Northern Dancer,Flaming Page,Key to the Mint,Native Partner,メジロアサマ,シエリル,リマンド,メジロアイリス,Northern Dancer,Lady Victoria,Lt. Stevens,Dhow
2022101707,サンダースノー,ロケット,Helmet,Eastern Joy,ディープスカイ,モケット,Exceed And Excel,Accessories,Dubai Destination,Red Slippers,アグネスタキオン,アビ,Maria's Mon,エターナルレーヴ,デインヒル,Patrona,シングスピール,Anna Matrushka,Kingmambo,Mysterial,Nureyev,Morning Devotion,サンデーサイレンス,アグネスフローラ,Chief's Crown,Carmelized,Wavering Monarch,Carlotta Maria,Diesis,Northern Eternity,Danzig,Razyana,Lomond,Gladiolus,In the Wings,Glorious Song,Mill Reef,Anna Paola,Mr. Prospector,Miesque,Alleged,Mysteries,Northern Dancer,Special,Affirmed,Morning Has Broken,Halo,Wishing Well,ロイヤルスキー,アグネスレディー,Danzig,Six Crowns,Key to the Mint,Carmelize,Majestic Light,Uncommitted,Caro,Water Malone,Sharpen Up,Doubly Sure,Northern Dancer,Hopespringseternal
2022105694,ヘニーヒューズ,クリッパールート,ヘネシー,Meadow Flyer,シンボリクリスエス,ロイヤルクリッパー,Storm Cat,Island Kitty,Meadowlake,Shortley,Kris S.,Tee Kay,アグネスタキオン,ティークリッパー,Storm Bird,Terlingua,Hawaii,T. C. Kitten,Hold Your Peace,Suspicious Native,Hagley,Short Winded,Roberto,Sharp Queen,Gold Meridian,Tri Argo,サンデーサイレンス,アグネスフローラ,トニービン,ティーブレーク,Northern Dancer,South Ocean,Secretariat,Crimson Saint,Utrillo,Ethane,Tom Cat,Needlebug,Speak John,Blue Moon,Raise a Native,Be Suspicious,Olden Times,Teo Pepi,Harvest Singing,Wild Cloud,Hail to Reason,Bramalea,Princequillo,Bridgework,Seattle Slew,Queen Louie,Tri Jet,Hail Proudly,Halo,Wishing Well,ロイヤルスキー,アグネスレディー,カンパラ,Severn Bridge,ノーザンテースト,リセス
2021110012,Golden Horn,ラルク,Cape Cross,Fleche D'Or,ディープインパクト,ライラックスアンドレース,Green Desert,Park Appeal,Dubai Destination,Nuryana,サンデーサイレンス,ウインドインハーヘア,Flower Alley,Refinement,Danzig,Foreign Courier,Ahonoora,Balidaress,Kingmambo,Mysterial,Nureyev,Loralane,Halo,Wishing Well,Alzao,Burghclere,Distorted Humor,プリンセスオリビア,Seattle Slew,ステラマドリッド,Northern Dancer,Pas de Nom,Sir Ivor,Courtly Dee,Lorenzaccio,Helen Nichols,Balidar,Innocence,Mr. Prospector,Miesque,Alleged,Mysteries,Northern Dancer,Special,Habitat,Lora,Hail to Reason,Cosmah,Understanding,Mountain Flower,Lyphard,Lady Rebecca,Busted,Highclere,フォーティナイナー,Danzig's Beauty,Lycius,Dance Image,Bold Reasoning,My Charmer,Alydar,My Juliet
2022105160,ルヴァンスレーヴ,レッドパラス,シンボリクリスエス,マエストラーレ,クロフネ,レッドソンブレロ,Kris S.,Tee Kay,ネオユニヴァース,オータムブリーズ,フレンチデピュティ,ブルーアヴェニュー,キングカメハメハ,スカーレットレディ,Roberto,Sharp Queen,Gold Meridian,Tri Argo,サンデーサイレンス,ポインテッドパス,ティンバーカントリー,セプテンバーソング,Deputy Minister,Mitterand,Classic Go Go,Eliza Blue,Kingmambo,マンファス,サンデーサイレンス,スカーレットローズ,Hail to Reason,Bramalea,Princequillo,Bridgework,Seattle Slew,Queen Louie,Tri Jet,Hail Proudly,Halo,Wishing Well,Kris,Silken Way,Woodman,Fall Aspen,リアルシャダイ,ダイナフェアリー,Vice Regent,Mint Copy,Hold Your Peace,Laredo Lass,Pago Pago,Classic Perfection,Icecapade,コレラ,Mr. Prospector,Miesque,ラストタイクーン,Pilot Bird,Halo,Wishing Well,ノーザンテースト,スカーレットインク
2022100912,ゴールドドリーム,ルイーズ,ゴールドアリュール,モンヴェール,ロージズインメイ,ベツレヘムスター,サンデーサイレンス,ニキーヤ,フレンチデピュティ,スペシャルジェイド,Devil His Due,Tell a Secret,フジキセキ,ビワプランサー,Halo,Wishing Well,Nureyev,Reluctant Guest,Deputy Minister,Mitterand,Cox's Ridge,Statistic,Devil's Bag,Plenty O'Toole,Speak John,Secret Retreat,サンデーサイレンス,ミルレーサー,ブライアンズタイム,ノーザンプランサー,Hail to Reason,Cosmah,Understanding,Mountain Flower,Northern Dancer,Special,Hostage,Vaguely Royal,Vice Regent,Mint Copy,Hold Your Peace,Laredo Lass,Best Turn,Our Martha,Mr. Prospector,Number,Halo,Ballade,Raise a Cup,Li'l Puss,Prince John,Nuit de Folies,Clandestine,Retirement,Halo,Wishing Well,Le Fabuleux,Marston's Mill,Roberto,Kelley's Day,Northern Dancer,Sex Appeal
2021110139,American Pharoah,アヴィラロード,Pioneerof the Nile,Littleprincessemma,Elusive Quality,Kobla,エンパイアメーカー,Star of Goshen,Yankee Gentleman,Exclusive Rosette,Gone West,Touch of Greatness,Strawberry Road,Winglet,Unbridled,Toussaud,Lord at War,Castle Eight,Storm Cat,Key Phrase,Ecliptical,Zetta Jet,Mr. Prospector,Secrettame,Hero's Honor,Ivory Wand,Whiskey Road,Giftisa,Alydar,Highest Trump,Fappiano,Gana Facil,El Gran Senor,Image of Reality,General,Luna de Miel,Key to the Kingdom,Her Native,Storm Bird,Terlingua,Flying Paster,Sown,Exclusive Native,Minnetonka,Tri Jet,Queen Zetta,Raise a Native,Gold Digger,Secretariat,Tamerett,Northern Dancer,Glowing Tribute,Sir Ivor,Natashka,Nijinsky,Bowl of Flowers,Rich Gift,Wahkeena,Raise a Native,Sweet Tooth,Bold Bidder,Dear April
2022104723,ルーラーシップ,カレンオプシス,キングカメハメハ,エアグルーヴ,サムライハート,ピラミマ,Kingmambo,マンファス,トニービン,ダイナカール,サンデーサイレンス,エアグルーヴ,Unbridled's Song,キャリアコレクション,Mr. Prospector,Miesque,ラストタイクーン,Pilot Bird,カンパラ,Severn Bridge,ノーザンテースト,シャダイフェザー,Halo,Wishing Well,トニービン,ダイナカール,Unbridled,Trolley Song,General Meeting,River of Stars,Raise a Native,Gold Digger,Nureyev,Pasadoble,トライマイベスト,Mill Princess,Blakeney,The Dancer,Kalamoun,State Pension,Hornbeam,Priddy Fair,Northern Dancer,Lady Victoria,ガーサント,パロクサイド,Hail to Reason,Cosmah,Understanding,Mountain Flower,カンパラ,Severn Bridge,ノーザンテースト,シャダイフェザー,Fappiano,Gana Facil,Caro,Lucky Spell,Seattle Slew,Alydar's Promise,Riverman,Star Fortune
2022102906,パイロ,ヒラボクビジン,Pulpit,Wild Vision,ブライアンズタイム,オリジナルスピン,A.P. Indy,Preach,Wild Again,Carol's Wonder,Roberto,Kelley's Day,Machiavellian,Not Before Time,Seattle Slew,Weekend Surprise,Mr. Prospector,Narrate,Icecapade,Bushel-n-Peck,Pass the Tab,Carols Christmas,Hail to Reason,Bramalea,Graustark,Golden Trail,Mr. Prospector,Coup de Folie,Polish Precedent,Time Charter,Bold Reasoning,My Charmer,Secretariat,Lassie Dear,Raise a Native,Gold Digger,Honest Pleasure,State,Nearctic,Shenanigans,Khaled,Dama,Al Hattab,Dantina,Whitesburg,Light Verse,Turn-to,Nothirdchance,Nashua,Rarelea,Ribot,Flower Bowl,Hasty Road,Sunny Vale,Raise a Native,Gold Digger,Halo,Raise the Standard,Danzig,Past Example,Saritamer,Centrocon
2022103263,スワーヴリチャード,メイショウブーケ,ハーツクライ,ピラミマ,フレンチデピュティ,アドマイヤベリー,サンデーサイレンス,アイリッシュダンス,Unbridled's Song,キャリアコレクション,Deputy Minister,Mitterand,ダンスインザダーク,ブリリアントベリー,Halo,Wishing Well,トニービン,ビューパーダンス,Unbridled,Trolley Song,General Meeting,River of Stars,Vice Regent,Mint Copy,Hold Your Peace,Laredo Lass,サンデーサイレンス,ダンシングキイ,ノーザンテースト,クラフテイワイフ,Hail to Reason,Cosmah,Understanding,Mountain Flower,カンパラ,Severn Bridge,Lyphard,My Bupers,Fappiano,Gana Facil,Caro,Lucky Spell,Seattle Slew,Alydar's Promise,Riverman,Star Fortune,Northern Dancer,Victoria Regina,Bunty's Flight,Shakney,Speak John,Blue Moon,Bold Ruler,Fortunate Isle,Halo,Wishing Well,Nijinsky,Key Partner,Northern Dancer,Lady Victoria,Crafty Prospector,Wife Mistress
2022105940,サトノアラジン,メイショウルミナス,ディープインパクト,マジックストーム,アイルハヴアナザー,メイショウマリア,サンデーサイレンス,ウインドインハーヘア,Storm Cat,Foppy Dancer,Flower Alley,Arch's Gal Edith,マンハッタンカフェ,メイショウサブリナ,Halo,Wishing Well,Alzao,Burghclere,Storm Bird,Terlingua,Fappiano,Water Dance,Distorted Humor,プリンセスオリビア,Arch,Force Five Gal,サンデーサイレンス,サトルチェンジ,Kris S.,タラズチャーマー,Hail to Reason,Cosmah,Understanding,Mountain Flower,Lyphard,Lady Rebecca,Busted,Highclere,Northern Dancer,South Ocean,Secretariat,Crimson Saint,Mr. Prospector,Killaloe,Nijinsky,Luiana,フォーティナイナー,Danzig's Beauty,Lycius,Dance Image,Kris S.,Aurora,Pleasant Tap,Last Cause,Halo,Wishing Well,Law Society,Santa Luciana,Roberto,Sharp Queen,Majestic Light,French Charmer
2021105298,リアルインパクト,レニーズゴットジップ,ディープインパクト,トキオリアリティー,City Zip,No Dress Code,サンデーサイレンス,ウインドインハーヘア,Meadowlake,What a Reality,Carson City,Baby Zip,Distorted Humor,Westfold Vale,Halo,Wishing Well,Alzao,Burghclere,Hold Your Peace,Suspicious Native,In Reality,What Will Be,Mr. Prospector,Blushing Promise,Relaunch,Thirty Zip,フォーティナイナー,Danzig's Beauty,Flying Paster,In Hopes,Hail to Reason,Cosmah,Understanding,Mountain Flower,Lyphard,Lady Rebecca,Busted,Highclere,Speak John,Blue Moon,Raise a Native,Be Suspicious,Intentionally,My Dear Girl,Crozier,Solabar,Raise a Native,Gold Digger,Blushing Groom,Summertime Promise,In Reality,Foggy Note,Tri Jet,Sailaway,Mr. Prospector,File,Danzig,Sweetest Chant,Gummo,Procne,Affirmed,Cascapedia
2022105903,イスラボニータ,トーアシシイ,フジキセキ,イスラコジーン,ボストンハーバー,トーアスカイヴュー,サンデーサイレンス,ミルレーサー,Cozzene,Isla Mujeres,Capote,Harbor Springs,Distant View,ランセステューズ,Halo,Wishing Well,Le Fabuleux,Marston's Mill,Caro,Ride the Trails,Crafty Prospector,Lido Isle,Seattle Slew,Too Bald,Vice Regent,Tinnitus,Mr. Prospector,Seven Springs,リィフォー,Enthraller,Hail to Reason,Cosmah,Understanding,Mountain Flower,Wild Risk,Anguar,In Reality,Millicent,フォルティノ,Chambord,Prince John,Wildwook,Mr. Prospector,Real Crafty Lady,Far North,She Is Gorgeous,Bold Reasoning,My Charmer,Bald Eagle,Hidden Talent,Northern Dancer,Victoria Regina,Restless Wind,Dors,Raise a Native,Gold Digger,Irish River,La Trinite,Lyphard,Klaizia,Bold Forbes,Goofed
2022105697,ブリックスアンドモルタル,サイモンミラベル,Giant's Causeway,Beyond the Waves,ダイワメジャー,ミリアム,Storm Cat,Mariah's Storm,Ocean Crest,Excedent,サンデーサイレンス,スカーレットブーケ,キングカメハメハ,ウェルカムミレニアム,Storm Bird,Terlingua,Rahy,イメンス,Storm Bird,S.S.Aroma,Exceller,Broadway Lullaby,Halo,Wishing Well,ノーザンテースト,スカーレットインク,Kingmambo,マンファス,Kendor,Tambura,Northern Dancer,South Ocean,Secretariat,Crimson Saint,Blushing Groom,Glorious Song,Roberto,Imsodear,Northern Dancer,South Ocean,Seattle Slew,Rare Bouquet,Vaguely Noble,Too Bald,Stage Door Johnny,リットルブレツシング,Hail to Reason,Cosmah,Understanding,Mountain Flower,Northern Dancer,Lady Victoria,Crimson Satan,Consentida,Mr. Prospector,Miesque,ラストタイクーン,Pilot Bird,Kenmare,Belle Mecene,Kaldoun,Belle du Bresil
2022106617,マジェスティックウォリアー,イグレット,A.P. Indy,Dream Supreme,Distorted Humor,ヘヴンリーロマンス,Seattle Slew,Weekend Surprise,Seeking the Gold,Spinning Round,フォーティナイナー,Danzig's Beauty,サンデーサイレンス,ファーストアクト,Bold Reasoning,My Charmer,Secretariat,Lassie Dear,Mr. Prospector,Con Game,Dixieland Band,Take Heart,Mr. Prospector,File,Danzig,Sweetest Chant,Halo,Wishing Well,Sadler's Wells,Arkadina,Boldnesian,Reason to Earn,Poker,Fair Charmer,Bold Ruler,Somethingroyal,Buckpasser,Gay Missile,Raise a Native,Gold Digger,Buckpasser,Broadway,Northern Dancer,Mississippi Mud,Secretariat,Deck Stewardess,Raise a Native,Gold Digger,Tom Rolfe,Continue,Northern Dancer,Pas de Nom,Mr. Leader,Gay Sonnet,Hail to Reason,Cosmah,Understanding,Mountain Flower,Northern Dancer,Fairy Bridge,Ribot,Natashka
2022103643,American Pharoah,ワンカードトゥーメニー,Pioneerof the Nile,Littleprincessemma,Drosselmeyer,ラッキートゥビーミー,エンパイアメーカー,Star of Goshen,Yankee Gentleman,Exclusive Rosette,Distorted Humor,Golden Ballet,Bernstein,Belle Erzulie,Unbridled,Toussaud,Lord at War,Castle Eight,Storm Cat,Key Phrase,Ecliptical,Zetta Jet,フォーティナイナー,Danzig's Beauty,Moscow Ballet,Golden Jewel Box,Storm Cat,La Affirmed,Pulpit,Fancy Freda,Fappiano,Gana Facil,El Gran Senor,Image of Reality,General,Luna de Miel,Key to the Kingdom,Her Native,Storm Bird,Terlingua,Flying Paster,Sown,Exclusive Native,Minnetonka,Tri Jet,Queen Zetta,Mr. Prospector,File,Danzig,Sweetest Chant,Nijinsky,Millicent,Slew o' Gold,Miss Storm Bird,Storm Bird,Terlingua,Affirmed,La Mesa,A.P. Indy,Preach,Known Fact,Erzulie Freda
2021102900,キタサンブラック,ノーバザー,ブラックタイド,シュガーハート,Scat Daddy,Hoh Buzzard,サンデーサイレンス,ウインドインハーヘア,サクラバクシンオー,オトメゴコロ,ヨハネスブルグ,Love Style,Alhaarth,Indian Express,Halo,Wishing Well,Alzao,Burghclere,サクラユタカオー,サクラハゴロモ,ジャッジアンジェルーチ,テイズリー,ヘネシー,Myth,Mr. Prospector,Likeable Style,Unfuwain,Irish Valley,Indian Ridge,Bazaar Promise,Hail to Reason,Cosmah,Understanding,Mountain Flower,Lyphard,Lady Rebecca,Busted,Highclere,テスコボーイ,アンジェリカ,ノーザンテースト,クリアアンバー,Honest Pleasure,Victorian Queen,Lyphard,Tizna,Storm Cat,Island Kitty,オジジアン,Yarn,Raise a Native,Gold Digger,Nijinsky,Personable Lady,Northern Dancer,Height of Fashion,Irish River,Green Valley,Ahonoora,Hillbrow,Native Bazaar,Woodland Promise
2022105030,サトノアラジン,プンタステラ,ディープインパクト,マジックストーム,Elusive City,Eroica,サンデーサイレンス,ウインドインハーヘア,Storm Cat,Foppy Dancer,Elusive Quality,Star of Paris,Highest Honor,Eirehill,Halo,Wishing Well,Alzao,Burghclere,Storm Bird,Terlingua,Fappiano,Water Dance,Gone West,Touch of Greatness,Dayjur,Liturgism,Kenmare,High River,デインヒル,Elegie,Hail to Reason,Cosmah,Understanding,Mountain Flower,Lyphard,Lady Rebecca,Busted,Highclere,Northern Dancer,South Ocean,Secretariat,Crimson Saint,Mr. Prospector,Killaloe,Nijinsky,Luiana,Mr. Prospector,Secrettame,Hero's Honor,Ivory Wand,Danzig,Gold Beauty,Native Charger,Cult,Kalamoun,Belle of Ireland,Riverman,Hairbrush,Danzig,Razyana,Teotepec,Elektra
2022102295,エピファネイア,ストレイトガール,シンボリクリスエス,シーザリオ,フジキセキ,ネヴァーピリオド,Kris S.,Tee Kay,スペシャルウィーク,キロフプリミエール,サンデーサイレンス,ミルレーサー,タイキシャトル,フューチャハッピー,Roberto,Sharp Queen,Gold Meridian,Tri Argo,サンデーサイレンス,キャンペンガール,Sadler's Wells,Querida,Halo,Wishing Well,Le Fabuleux,Marston's Mill,Devil's Bag,ウェルシュマフィン,デインヒル,タイセイカグラ,Hail to Reason,Bramalea,Princequillo,Bridgework,Seattle Slew,Queen Louie,Tri Jet,Hail Proudly,Halo,Wishing Well,マルゼンスキー,レディーシラオキ,Northern Dancer,Fairy Bridge,Habitat,Principia,Hail to Reason,Cosmah,Understanding,Mountain Flower,Wild Risk,Anguar,In Reality,Millicent,Halo,Ballade,Caerleon,Muffitys,Danzig,Razyana,モーニングフローリック,ミリーバード
2022106817,スクリーンヒーロー,リープフラウミルヒ,グラスワンダー,ランニングヒロイン,ステイゴールド,ピノブラン,Silver Hawk,Ameriflora,サンデーサイレンス,ダイナアクトレス,サンデーサイレンス,ゴールデンサッシュ,クロフネ,フェートデュヴァン,Roberto,Gris Vitesse,Danzig,Graceful Touch,Halo,Wishing Well,ノーザンテースト,モデルスポート,Halo,Wishing Well,ディクタス,ダイナサッシュ,フレンチデピュティ,ブルーアヴェニュー,メジロマックイーン,マーサズヴィンヤード,Hail to Reason,Bramalea,Amerigo,Matchiche,Northern Dancer,Pas de Nom,His Majesty,Pi Phi Gal,Hail to Reason,Cosmah,Understanding,Mountain Flower,Northern Dancer,Lady Victoria,モデルフール,マジックゴデイス,Hail to Reason,Cosmah,Understanding,Mountain Flower,Sanctus,Doronic,ノーザンテースト,ロイヤルサッシュ,Deputy Minister,Mitterand,Classic Go Go,Eliza Blue,メジロティターン,メジロオーロラ,Nijinsky,Crooning Water
2022102573,ミッキーアイル,メイショウスザンナ,ディープインパクト,スターアイル,アグネスデジタル,グリーンオリーヴ,サンデーサイレンス,ウインドインハーヘア,ロックオブジブラルタル,アイルドフランス,Crafty Prospector,Chancey Squaw,サンデーサイレンス,メイショウスキー,Halo,Wishing Well,Alzao,Burghclere,デインヒル,Offshore Boom,Nureyev,ステラマドリッド,Mr. Prospector,Real Crafty Lady,Chief's Crown,Allicance,Halo,Wishing Well,マルゼンスキー,フェアリーテイル,Hail to Reason,Cosmah,Understanding,Mountain Flower,Lyphard,Lady Rebecca,Busted,Highclere,Danzig,Razyana,Be My Guest,Push a Button,Northern Dancer,Special,Alydar,My Juliet,Raise a Native,Gold Digger,In Reality,Princess Roycraft,Danzig,Six Crowns,Alleged,Runaway Bride,Hail to Reason,Cosmah,Understanding,Mountain Flower,Nijinsky,シル,Sicambre,Fee Royale
2021103520,レイデオロ,ネオヴィクトリア,キングカメハメハ,ラドラーダ,ディープインパクト,ピンクリップス,Kingmambo,マンファス,シンボリクリスエス,レディブロンド,サンデーサイレンス,ウインドインハーヘア,エンドスウィープ,マリスター,Mr. Prospector,Miesque,ラストタイクーン,Pilot Bird,Kris S.,Tee Kay,Seeking the Gold,ウインドインハーヘア,Halo,Wishing Well,Alzao,Burghclere,フォーティナイナー,Broom Dance,Baldski,Pink Dove,Raise a Native,Gold Digger,Nureyev,Pasadoble,トライマイベスト,Mill Princess,Blakeney,The Dancer,Roberto,Sharp Queen,Gold Meridian,Tri Argo,Mr. Prospector,Con Game,Alzao,Burghclere,Hail to Reason,Cosmah,Understanding,Mountain Flower,Lyphard,Lady Rebecca,Busted,Highclere,Mr. Prospector,File,Dance Spell,Witching Hour,Nijinsky,Too Bald,Argument,Perfect Pigeon
2019105076,ディープインパクト,ウィキッドリーパーフェクト,サンデーサイレンス,ウインドインハーヘア,Congrats,Wickedly Wise,Halo,Wishing Well,Alzao,Burghclere,A.P. Indy,Praise,Tactical Cat,Winter Display,Hail to Reason,Cosmah,Understanding,Mountain Flower,Lyphard,Lady Rebecca,Busted,Highclere,Seattle Slew,Weekend Surprise,Mr. Prospector,Wild Applause,Storm Cat,Terre Haute,Cold Reception,Show Off,Turn-to,Nothirdchance,Cosmic Bomb,Almahmoud,Promised Land,Pretty Ways,Montparnasse,Edelweiss,Northern Dancer,Goofed,Sir Ivor,Pocahontas,Crepello,Sans le Sou,Queen's Hussar,Highlight,Bold Reasoning,My Charmer,Secretariat,Lassie Dear,Raise a Native,Gold Digger,Northern Dancer,Glowing Tribute,Storm Bird,Terlingua,Caro,Mia Dancer,Secretariat,Cold Comfort,Olympia,Look Ma
2022106224,ブリックスアンドモルタル,ウインリバティ,Giant's Causeway,Beyond the Waves,ダンスインザダーク,フリーヴァケイション,Storm Cat,Mariah's Storm,Ocean Crest,Excedent,サンデーサイレンス,ダンシングキイ,Fly So Free,Miami Vacation,Storm Bird,Terlingua,Rahy,イメンス,Storm Bird,S.S.Aroma,Exceller,Broadway Lullaby,Halo,Wishing Well,Nijinsky,Key Partner,Time for a Change,Free to Fly,Far North,Decision,Northern Dancer,South Ocean,Secretariat,Crimson Saint,Blushing Groom,Glorious Song,Roberto,Imsodear,Northern Dancer,South Ocean,Seattle Slew,Rare Bouquet,Vaguely Noble,Too Bald,Stage Door Johnny,リットルブレツシング,Hail to Reason,Cosmah,Understanding,Mountain Flower,Northern Dancer,Flaming Page,Key to the Mint,Native Partner,Damascus,Resolver,Stevward,Dancing Lark,Northern Dancer,Fleur,Resound,School Board
2022106790,ダノンバラード,ハートリーフ,ディープインパクト,レディバラード,Australia,Ignis Away,サンデーサイレンス,ウインドインハーヘア,Unbridled,Angelic Song,Galileo,Ouija Board,Gold Away,Danedrop,Halo,Wishing Well,Alzao,Burghclere,Fappiano,Gana Facil,Halo,Ballade,Sadler's Wells,Urban Sea,Cape Cross,Selection Board,Goldneyev,Blushing Away,デインヒル,Rose Bonbon,Hail to Reason,Cosmah,Understanding,Mountain Flower,Lyphard,Lady Rebecca,Busted,Highclere,Mr. Prospector,Killaloe,Le Fabuleux,Charedi,Hail to Reason,Cosmah,Herbager,Miss Swapsco,Northern Dancer,Fairy Bridge,Miswaki,Allegretta,Green Desert,Park Appeal,Welsh Pageant,Ouija,Nureyev,Gold River,Blushing Groom,スイートリベンジ,Danzig,Razyana,High Top,Lady Berry
2022105477,リオンディーズ,フロレットアレー,キングカメハメハ,シーザリオ,ディープインパクト,ブルーミングアレー,Kingmambo,マンファス,スペシャルウィーク,キロフプリミエール,サンデーサイレンス,ウインドインハーヘア,シンボリクリスエス,プリンセスオリビア,Mr. Prospector,Miesque,ラストタイクーン,Pilot Bird,サンデーサイレンス,キャンペンガール,Sadler's Wells,Querida,Halo,Wishing Well,Alzao,Burghclere,Kris S.,Tee Kay,Lycius,Dance Image,Raise a Native,Gold Digger,Nureyev,Pasadoble,トライマイベスト,Mill Princess,Blakeney,The Dancer,Halo,Wishing Well,マルゼンスキー,レディーシラオキ,Northern Dancer,Fairy Bridge,Habitat,Principia,Hail to Reason,Cosmah,Understanding,Mountain Flower,Lyphard,Lady Rebecca,Busted,Highclere,Roberto,Sharp Queen,Gold Meridian,Tri Argo,Mr. Prospector,Lypatia,Sadler's Wells,Diamond Spring
2021104820,ミッキーロケット,スイートシャイン,キングカメハメハ,マネーキャントバイミーラヴ,ディープブリランテ,スイートチャーム,Kingmambo,マンファス,Pivotal,Sabreon,ディープインパクト,ラヴアンドバブルズ,Cozzene,Sunbaked,Mr. Prospector,Miesque,ラストタイクーン,Pilot Bird,Polar Falcon,Fearless Revival,Caerleon,Sabria,サンデーサイレンス,ウインドインハーヘア,Loup Sauvage,バブルドリーム,Caro,Ride the Trails,Lyphard,Island Charm,Raise a Native,Gold Digger,Nureyev,Pasadoble,トライマイベスト,Mill Princess,Blakeney,The Dancer,Nureyev,Marie d'Argonne,Cozzene,Stufida,Nijinsky,Foreseer,Miswaki,Flood,Halo,Wishing Well,Alzao,Burghclere,Riverman,Louveterie,Akarad,バブルプロスペクター,フォルティノ,Chambord,Prince John,Wildwook,Northern Dancer,Goofed,Hawaii,Gaylord's Touch
2022107010,エポカドーロ,ニシノシルエット,オルフェーヴル,ダイワパッション,アグネスタキオン,クランチーカ,ステイゴールド,オリエンタルアート,フォーティナイナー,サンルージュ,サンデーサイレンス,アグネスフローラ,Caerleon,カルニオラ,サンデーサイレンス,ゴールデンサッシュ,メジロマックイーン,エレクトロアート,Mr. Prospector,File,シェイディハイツ,チカノヴァ,Halo,Wishing Well,ロイヤルスキー,アグネスレディー,Nijinsky,Foreseer,Rainbow Quest,Carnival Spirit,Halo,Wishing Well,ディクタス,ダイナサッシュ,メジロティターン,メジロオーロラ,ノーザンテースト,グランマスティーヴンス,Raise a Native,Gold Digger,Tom Rolfe,Continue,Shirley Heights,Vaguely,Northern Dancer,Cairn Rouge,Hail to Reason,Cosmah,Understanding,Mountain Flower,Raja Baba,Coz o'Nijinsky,リマンド,イコマエイカン,Northern Dancer,Flaming Page,Round Table,Regal Gleam,Blushing Groom,I Will Follow,Kris,Fiesta Fun
2022102763,トゥザグローリー,レッドピアノ,キングカメハメハ,トゥザヴィクトリー,オレハマッテルゼ,レディーノパンチ,Kingmambo,マンファス,サンデーサイレンス,フェアリードール,サンデーサイレンス,カーリーエンジェル,フレンチデピュティ,レイサッシュ,Mr. Prospector,Miesque,ラストタイクーン,Pilot Bird,Halo,Wishing Well,Nureyev,Dream Deal,Halo,Wishing Well,ジャッジアンジェルーチ,ダイナカール,Deputy Minister,Mitterand,パラダイスクリーク,ゴールデンサッシュ,Raise a Native,Gold Digger,Nureyev,Pasadoble,トライマイベスト,Mill Princess,Blakeney,The Dancer,Hail to Reason,Cosmah,Understanding,Mountain Flower,Northern Dancer,Special,Sharpen Up,Likely Exchange,Hail to Reason,Cosmah,Understanding,Mountain Flower,Honest Pleasure,Victorian Queen,ノーザンテースト,シャダイフェザー,Vice Regent,Mint Copy,Hold Your Peace,Laredo Lass,Irish River,North Of Eden,ディクタス,ダイナサッシュ
2021106305,エスポワールシチー,ブリュット,ゴールドアリュール,エミネントシチー,ベーカバド,エルフィン,サンデーサイレンス,ニキーヤ,ブライアンズタイム,ヘップバーンシチー,Cape Cross,Behkara,ダンシングブレーヴ,ロジータ,Halo,Wishing Well,Nureyev,Reluctant Guest,Roberto,Kelley's Day,ブレイヴェストローマン,コンパルシチー,Green Desert,Park Appeal,Kris,Behera,Lyphard,Navajo Princess,ミルジョージ,メロウマダング,Hail to Reason,Cosmah,Understanding,Mountain Flower,Northern Dancer,Special,Hostage,Vaguely Royal,Hail to Reason,Bramalea,Graustark,Golden Trail,Never Bend,Roman Song,トラフィック,リンネス,Danzig,Foreign Courier,Ahonoora,Balidaress,Sharpen Up,Doubly Sure,Mill Reef,Borushka,Northern Dancer,Goofed,Drone,Olmec,Mill Reef,Miss Charisma,マダング,スピードキヨフジ
2022105737,ロードカナロア,レディマカパ,キングカメハメハ,レディブラッサム,Equiano,Brazilian Style,Kingmambo,マンファス,Storm Cat,サラトガデュー,Acclamation,Entente Cordiale,Exit to Nowhere,Cosmic Star,Mr. Prospector,Miesque,ラストタイクーン,Pilot Bird,Storm Bird,Terlingua,Cormorant,Super Luna,Royal Applause,Princess Athena,Ela-Mana-Mou,Mirmande,Irish River,Coup de Folie,Siberian Express,Miss Bunty,Raise a Native,Gold Digger,Nureyev,Pasadoble,トライマイベスト,Mill Princess,Blakeney,The Dancer,Northern Dancer,South Ocean,Secretariat,Crimson Saint,His Majesty,Song Sparrow,In Reality,Alada,ワージブ,Flying Melody,Ahonoora,Shopping Wise,ピットカーン,Rose Bertin,Kris,Secala,Riverman,Irish Star,Halo,Raise the Standard,Caro,Indian Call,Song,Sylvanecte
2022105381,リオンディーズ,スノーエンジェル,キングカメハメハ,シーザリオ,スウェプトオーヴァーボード,サイレントプレアー,Kingmambo,マンファス,スペシャルウィーク,キロフプリミエール,エンドスウィープ,Sheer Ice,サンデーサイレンス,ジェントルスピリット,Mr. Prospector,Miesque,ラストタイクーン,Pilot Bird,サンデーサイレンス,キャンペンガール,Sadler's Wells,Querida,フォーティナイナー,Broom Dance,Cutlass,Hey Dolly A.,Halo,Wishing Well,Nijinsky,Banderole,Raise a Native,Gold Digger,Nureyev,Pasadoble,トライマイベスト,Mill Princess,Blakeney,The Dancer,Halo,Wishing Well,マルゼンスキー,レディーシラオキ,Northern Dancer,Fairy Bridge,Habitat,Principia,Mr. Prospector,File,Dance Spell,Witching Hour,Damascus,Aphonia,Ambehaving,Swift Deal,Hail to Reason,Cosmah,Understanding,Mountain Flower,Northern Dancer,Flaming Page,Hoist the Flag,Mrs. Peterkin
2021106307,エスポワールシチー,ペルレストラーダ,ゴールドアリュール,エミネントシチー,アルデバラン,ドーニングストーム,サンデーサイレンス,ニキーヤ,ブライアンズタイム,ヘップバーンシチー,Mr. Prospector,Chimes of Freedom,Storm Cat,Triumph At Dawn,Halo,Wishing Well,Nureyev,Reluctant Guest,Roberto,Kelley's Day,ブレイヴェストローマン,コンパルシチー,Raise a Native,Gold Digger,Private Account,Aviance,Storm Bird,Terlingua,Alydar,Dawn's Curtsey,Hail to Reason,Cosmah,Understanding,Mountain Flower,Northern Dancer,Special,Hostage,Vaguely Royal,Hail to Reason,Bramalea,Graustark,Golden Trail,Never Bend,Roman Song,トラフィック,リンネス,Native Dancer,Raise You,Nashua,Sequence,Damascus,Numbered Account,Northfields,Minnie Hauk,Northern Dancer,South Ocean,Secretariat,Crimson Saint,Raise a Native,Sweet Tooth,Far North,Liberty Spirit
2020104083,モーリス,ステラリード,スクリーンヒーロー,メジロフランシス,スペシャルウィーク,ウェルシュステラ,グラスワンダー,ランニングヒロイン,カーネギー,メジロモントレー,サンデーサイレンス,キャンペンガール,Zafonic,カタリスト,Silver Hawk,Ameriflora,サンデーサイレンス,ダイナアクトレス,Sadler's Wells,Detroit,モガミ,メジロクインシー,Halo,Wishing Well,マルゼンスキー,レディーシラオキ,Gone West,Zaizafon,Sadler's Wells,Welsh Love,Roberto,Gris Vitesse,Danzig,Graceful Touch,Halo,Wishing Well,ノーザンテースト,モデルスポート,Northern Dancer,Fairy Bridge,Riverman,Derna,Lyphard,ノーラック,フィディオン,メジロボサツ,Hail to Reason,Cosmah,Understanding,Mountain Flower,Nijinsky,シル,セントクレスピン,ミスアシヤガワ,Mr. Prospector,Secrettame,The Minstrel,Mofida,Northern Dancer,Fairy Bridge,Ela-Mana-Mou,Welsh Flame
2021105973,ドレフォン,ボクノナオミ,Gio Ponti,Eltimaas,ゴールドアリュール,ドゥーワップ,Tale of the Cat,Chipeta Springs,Ghostzapper,Najecam,サンデーサイレンス,ニキーヤ,ジェイドロバリー,ハウヤドウーン,Storm Cat,Yarn,Alydar,Salt Spring,Awesome Again,Baby Zip,Trempolino,Sue Warner,Halo,Wishing Well,Nureyev,Reluctant Guest,Mr. Prospector,Number,Matsadoon,Indialucie,Storm Bird,Terlingua,Mr. Prospector,Narrate,Raise a Native,Sweet Tooth,Salt Marsh,Jungle Mythologic,Deputy Minister,Primal Force,Relaunch,Thirty Zip,Sharpen Up,Trephine,Forli,Bitty Girl,Hail to Reason,Cosmah,Understanding,Mountain Flower,Northern Dancer,Special,Hostage,Vaguely Royal,Raise a Native,Gold Digger,Nijinsky,Special,Damascus,Betty Loraine,Sir Ivor,Belle Foulee
2019101399,ビッグアーサー,ディマクコンダ,サクラバクシンオー,シヤボナ,バチアー,マストビーラヴド,サクラユタカオー,サクラハゴロモ,Kingmambo,Relish,Desert Style,Morning Welcome,サンデーサイレンス,ダイナシュート,テスコボーイ,アンジェリカ,ノーザンテースト,クリアアンバー,Mr. Prospector,Miesque,Sadler's Wells,Reloy,Green Desert,Organza,Be My Guest,Dawn Is Breaking,Halo,Wishing Well,ノーザンテースト,シヤダイマイン,Princely Gift,Suncourt,ネヴァービート,スターハイネス,Northern Dancer,Lady Victoria,Ambiopoise,One Clear Call,Raise a Native,Gold Digger,Nureyev,Pasadoble,Northern Dancer,Fairy Bridge,Liloy,Rescousse,Danzig,Foreign Courier,High Top,Canton Silk,Northern Dancer,What a Treat,Import,Brief Chorus,Hail to Reason,Cosmah,Understanding,Mountain Flower,Northern Dancer,Lady Victoria,ヒッティングアウェー,ファンシミン
2019102321,ロードカナロア,シュガーハート,キングカメハメハ,レディブラッサム,サクラバクシンオー,オトメゴコロ,Kingmambo,マンファス,Storm Cat,サラトガデュー,サクラユタカオー,サクラハゴロモ,ジャッジアンジェルーチ,テイズリー,Mr. Prospector,Miesque,ラストタイクーン,Pilot Bird,Storm Bird,Terlingua,Cormorant,Super Luna,テスコボーイ,アンジェリカ,ノーザンテースト,クリアアンバー,Honest Pleasure,Victorian Queen,Lyphard,Tizna,Raise a Native,Gold Digger,Nureyev,Pasadoble,トライマイベスト,Mill Princess,Blakeney,The Dancer,Northern Dancer,South Ocean,Secretariat,Crimson Saint,His Majesty,Song Sparrow,In Reality,Alada,Princely Gift,Suncourt,ネヴァービート,スターハイネス,Northern Dancer,Lady Victoria,Ambiopoise,One Clear Call,What a Pleasure,Tularia,Victoria Park,Willowfield,Northern Dancer,Goofed,Trevieres,Noris
2020105957,タイセイレジェンド,サンバダンサー,キングカメハメハ,シャープキック,アドマイヤマックス,サンバホイッスル,Kingmambo,マンファス,メジロマックイーン,ペッパーキャロル,サンデーサイレンス,ダイナシュート,サウスヴィグラス,チャームカーニバル,Mr. Prospector,Miesque,ラストタイクーン,Pilot Bird,メジロティターン,メジロオーロラ,ニチドウアラシ,ダイナキャロル,Halo,Wishing Well,ノーザンテースト,シヤダイマイン,エンドスウィープ,ダーケストスター,アサティス,リップスティック,Raise a Native,Gold Digger,Nureyev,Pasadoble,トライマイベスト,Mill Princess,Blakeney,The Dancer,メジロアサマ,シエリル,リマンド,メジロアイリス,ボールドアンドエイブル,シャトーローズ,ノーザンテースト,クレアーブリッジ,Hail to Reason,Cosmah,Understanding,Mountain Flower,Northern Dancer,Lady Victoria,ヒッティングアウェー,ファンシミン,フォーティナイナー,Broom Dance,Star de Naskra,Minnie Riperton,Topsider,Secret Asset,キャタオラ,イスズアロー
2021106986,ディスクリートキャット,ダイワミストレス,Forestry,Pretty Discreet,ダイワメジャー,サウンドバイト,Storm Cat,Shared Interest,Private Account,Pretty Persuasive,サンデーサイレンス,スカーレットブーケ,ホワイトマズル,リュドゥパーム,Storm Bird,Terlingua,Pleasant Colony,Surgery,Damascus,Numbered Account,Believe It,Bury the Hatchet,Halo,Wishing Well,ノーザンテースト,スカーレットインク,ダンシングブレーヴ,Fair of the Furze,Icecapade,Am Reasonable,Northern Dancer,South Ocean,Secretariat,Crimson Saint,His Majesty,Sun Colony,Dr. Fager,Bold Sequence,Sword Dancer,Kerala,Buckpasser,Intriguing,In Reality,Breakfast Bell,Tom Rolfe,Christmas Whishes,Hail to Reason,Cosmah,Understanding,Mountain Flower,Northern Dancer,Lady Victoria,Crimson Satan,Consentida,Lyphard,Navajo Princess,Ela-Mana-Mou,Autocratic,Nearctic,Shenanigans,Turn to Reason,Ampart
2021100906,バンブーエール,フラミンゴ,アフリート,レインボーウッド,マルカシェンク,エーシンアクセント,Mr. Prospector,Polite Lady,Rainbow Quest,Priceless Fame,サンデーサイレンス,シェンク,Cozzene,Above the Salt,Raise a Native,Gold Digger,Venetian Jester,Friendly Ways,Blushing Groom,I Will Follow,Irish Castle,Comely Nell,Halo,Wishing Well,Zafonic,Buckwig,Caro,Ride the Trails,Master Derby,Salt In My Stew,Native Dancer,Raise You,Nashua,Sequence,Tom Fool,Venice,Green Ticket,Ways to Learn,Red God,Runaway Bride,Herbager,Where You Lead,Bold Ruler,Castle Forbes,Commodore M.,Nellie L.,Hail to Reason,Cosmah,Understanding,Mountain Flower,Gone West,Zaizafon,Buckfinder,Dickie Ludwig,フォルティノ,Chambord,Prince John,Wildwook,ダストコマンダー,Madam Jerry,Dr. Blum,Cream in My Coffee
2022106453,モーニン,チェインブラッド,ヘニーヒューズ,Giggly,マンハッタンカフェ,ナスキ,ヘネシー,Meadow Flyer,Distorted Humor,Chaste,サンデーサイレンス,サトルチェンジ,Nashwan,Calpella,Storm Cat,Island Kitty,Meadowlake,Shortley,フォーティナイナー,Danzig's Beauty,Cozzene,Purity,Halo,Wishing Well,Law Society,Santa Luciana,Blushing Groom,Height of Fashion,Ajdal,Calandra,Storm Bird,Terlingua,Hawaii,T. C. Kitten,Hold Your Peace,Suspicious Native,Hagley,Short Winded,Mr. Prospector,File,Danzig,Sweetest Chant,Caro,Ride the Trails,Fappiano,Dame Mysterieuse,Hail to Reason,Cosmah,Understanding,Mountain Flower,Alleged,Bold Bikini,Luciano,Suleika,Red God,Runaway Bride,Bustino,Highclere,Northern Dancer,Native Partner,Sir Ivor,Intrepid Lady
2021100650,リオンディーズ,フレンチトースト,キングカメハメハ,シーザリオ,フレンチデピュティ,ペンタルビー,Kingmambo,マンファス,スペシャルウィーク,キロフプリミエール,Deputy Minister,Mitterand,サンデーサイレンス,ホーセンルビー,Mr. Prospector,Miesque,ラストタイクーン,Pilot Bird,サンデーサイレンス,キャンペンガール,Sadler's Wells,Querida,Vice Regent,Mint Copy,Hold Your Peace,Laredo Lass,Halo,Wishing Well,スイフトスワロー,ストール,Raise a Native,Gold Digger,Nureyev,Pasadoble,トライマイベスト,Mill Princess,Blakeney,The Dancer,Halo,Wishing Well,マルゼンスキー,レディーシラオキ,Northern Dancer,Fairy Bridge,Habitat,Principia,Northern Dancer,Victoria Regina,Bunty's Flight,Shakney,Speak John,Blue Moon,Bold Ruler,Fortunate Isle,Hail to Reason,Cosmah,Understanding,Mountain Flower,Northern Dancer,Homeward Bound,ミルジョージ,センターガーデン
2022103725,ルヴァンスレーヴ,アイシークレット,シンボリクリスエス,マエストラーレ,ゴールドアリュール,ワンモアヒット,Kris S.,Tee Kay,ネオユニヴァース,オータムブリーズ,サンデーサイレンス,ニキーヤ,アサティス,ベイブルーム,Roberto,Sharp Queen,Gold Meridian,Tri Argo,サンデーサイレンス,ポインテッドパス,ティンバーカントリー,セプテンバーソング,Halo,Wishing Well,Nureyev,Reluctant Guest,Topsider,Secret Asset,ノーザンディクテイター,ノースケープ,Hail to Reason,Bramalea,Princequillo,Bridgework,Seattle Slew,Queen Louie,Tri Jet,Hail Proudly,Halo,Wishing Well,Kris,Silken Way,Woodman,Fall Aspen,リアルシャダイ,ダイナフェアリー,Hail to Reason,Cosmah,Understanding,Mountain Flower,Northern Dancer,Special,Hostage,Vaguely Royal,Northern Dancer,Drumtop,Graustark,Numbered Account,Northern Dancer,Dictates,クラウンドプリンス,イーグランド
2021104325,ドレフォン,メジャータイフーン,Gio Ponti,Eltimaas,ダイワメジャー,マザイ,Tale of the Cat,Chipeta Springs,Ghostzapper,Najecam,サンデーサイレンス,スカーレットブーケ,ファスリエフ,ムーンレディ,Storm Cat,Yarn,Alydar,Salt Spring,Awesome Again,Baby Zip,Trempolino,Sue Warner,Halo,Wishing Well,ノーザンテースト,スカーレットインク,Nureyev,Mr. P's Princess,プラティニ,Midnight Fever,Storm Bird,Terlingua,Mr. Prospector,Narrate,Raise a Native,Sweet Tooth,Salt Marsh,Jungle Mythologic,Deputy Minister,Primal Force,Relaunch,Thirty Zip,Sharpen Up,Trephine,Forli,Bitty Girl,Hail to Reason,Cosmah,Understanding,Mountain Flower,Northern Dancer,Lady Victoria,Crimson Satan,Consentida,Northern Dancer,Special,Mr. Prospector,Anne Campbell,Surumu,Prairie Darling,Sure Blade,Majoritat
2022105774,ナダル,カイカヨソウ,Blame,Ascending Angel,ティンバーカントリー,マチカネヤマザクラ,Arch,Liable,Pulpit,Solar Colony,Woodman,Fall Aspen,エリシオ,マチカネミラージュ,Kris S.,Aurora,Seeking the Gold,Bound,A.P. Indy,Preach,Pleasant Colony,Meteor Stage,Mr. Prospector,プレイメイト,Pretense,Change Water,Fairy King,Helice,Machiavellian,Melodrama,Roberto,Sharp Queen,Danzig,Althea,Mr. Prospector,Con Game,Nijinsky,Special,Seattle Slew,Weekend Surprise,Mr. Prospector,Narrate,His Majesty,Sun Colony,Stage Door Johnny,Northern Meteor,Raise a Native,Gold Digger,Buckpasser,Intriguing,Endeavour,Imitation,Swaps,Portage,Northern Dancer,Fairy Bridge,Slewpy,Hirondelle,Mr. Prospector,Coup de Folie,Busted,Matinee
2023101452,モズアスコット,スマートノエル,Frankel,India,ヴァーミリアン,スマートパルス,Galileo,Kind,ヘネシー,Misty Hour,エルコンドルパサー,スカーレットレディ,クロフネ,ファッションショー,Sadler's Wells,Urban Sea,デインヒル,Rainbow Lake,Storm Cat,Island Kitty,Miswaki,Our Tina Marie,Kingmambo,サドラーズギャル,サンデーサイレンス,スカーレットローズ,フレンチデピュティ,ブルーアヴェニュー,ノーザンテースト,サニースルー,Northern Dancer,Fairy Bridge,Miswaki,Allegretta,Danzig,Razyana,Rainbow Quest,Rockfest,Storm Bird,Terlingua,Hawaii,T. C. Kitten,Mr. Prospector,Hopespringseternal,Nijinsky,Java Moon,Mr. Prospector,Miesque,Sadler's Wells,Glenveagh,Halo,Wishing Well,ノーザンテースト,スカーレットインク,Deputy Minister,Mitterand,Classic Go Go,Eliza Blue,Northern Dancer,Lady Victoria,Seattle Slew,Wisp o'Will
2023104562,マテラスカイ,マリンブラスト,Speightstown,Mostaqeleh,アグネスデジタル,マジックキス,Gone West,Silken Cat,Rahy,Istiqlal,Crafty Prospector,Chancey Squaw,サンデーサイレンス,コランデアガール,Mr. Prospector,Secrettame,Storm Cat,Silken Doll,Blushing Groom,Glorious Song,Diesis,Wasnah,Mr. Prospector,Real Crafty Lady,Chief's Crown,Allicance,Halo,Wishing Well,ネヴァービート,ヤヨイカマダ,Raise a Native,Gold Digger,Secretariat,Tamerett,Storm Bird,Terlingua,Chieftain,Insilca,Red God,Runaway Bride,Halo,Ballade,Sharpen Up,Doubly Sure,Nijinsky,Highest Trump,Raise a Native,Gold Digger,In Reality,Princess Roycraft,Danzig,Six Crowns,Alleged,Runaway Bride,Hail to Reason,Cosmah,Understanding,Mountain Flower,Never Say Die,Bride Elect,チャイナロック,コランディア
2023100670,ヘニーヒューズ,スマートアストリア,ヘネシー,Meadow Flyer,ストラヴィンスキー,チーキーガールズ,Storm Cat,Island Kitty,Meadowlake,Shortley,Nureyev,Fire the Groom,トワイニング,ブルーベイブリッジ,Storm Bird,Terlingua,Hawaii,T. C. Kitten,Hold Your Peace,Suspicious Native,Hagley,Short Winded,Northern Dancer,Special,Blushing Groom,Prospector's Fire,フォーティナイナー,Courtly Dee,リーファーマッドネス,オオミリーガル,Northern Dancer,South Ocean,Secretariat,Crimson Saint,Utrillo,Ethane,Tom Cat,Needlebug,Speak John,Blue Moon,Raise a Native,Be Suspicious,Olden Times,Teo Pepi,Harvest Singing,Wild Cloud,Nearctic,Natalma,Forli,Thong,Red God,Runaway Bride,Mr. Prospector,Native Street,Mr. Prospector,File,Never Bend,Tulle,Mill Reef,Parsimony,ヴァイスリーガル,フライングシヤツトル
2023105106,ナダル,フクシア,Blame,Ascending Angel,ゴールドアリュール,カミノスルスミ,Arch,Liable,Pulpit,Solar Colony,サンデーサイレンス,ニキーヤ,マルゼンスキー,カミノポイント,Kris S.,Aurora,Seeking the Gold,Bound,A.P. Indy,Preach,Pleasant Colony,Meteor Stage,Halo,Wishing Well,Nureyev,Reluctant Guest,Nijinsky,シル,ネヴァービート,オカクモ,Roberto,Sharp Queen,Danzig,Althea,Mr. Prospector,Con Game,Nijinsky,Special,Seattle Slew,Weekend Surprise,Mr. Prospector,Narrate,His Majesty,Sun Colony,Stage Door Johnny,Northern Meteor,Hail to Reason,Cosmah,Understanding,Mountain Flower,Northern Dancer,Special,Hostage,Vaguely Royal,Northern Dancer,Flaming Page,Buckpasser,Quill,Never Say Die,Bride Elect,ライジングフレーム,丘高
2023105092,マインドユアビスケッツ,ジョリーアップ,Posse,Jazzmane,バトルプラン,オオシマジョリー,Silver Deputy,Raska,Toccet,Alljazz,エンパイアメーカー,Flanders,アフリート,アザール,Deputy Minister,Silver Valley,Rahy,Borishka,Awesome Again,Cozzene's Angel,Stop the Music,Bounteous,Unbridled,Toussaud,Seeking the Gold,Starlet Storm,Mr. Prospector,Polite Lady,Nijinsky,Smart Heiress,Vice Regent,Mint Copy,Mr. Prospector,Seven Valleys,Blushing Groom,Glorious Song,Roberto,Queen Maud,Deputy Minister,Primal Force,Cozzene,Charming Pan,Hail to Reason,Bebopper,Master Derby,Mlle. Quille,Fappiano,Gana Facil,El Gran Senor,Image of Reality,Mr. Prospector,Con Game,Storm Bird,Cinegita,Raise a Native,Gold Digger,Venetian Jester,Friendly Ways,Northern Dancer,Flaming Page,Vaguely Noble,Smartaire
2023106298,パイロ,ホウショウレイル,Pulpit,Wild Vision,ヴィクトワールピサ,ホウショウアマネ,A.P. Indy,Preach,Wild Again,Carol's Wonder,ネオユニヴァース,ホワイトウォーターアフェア,Unbridled's Song,ゲイリーイグリット,Seattle Slew,Weekend Surprise,Mr. Prospector,Narrate,Icecapade,Bushel-n-Peck,Pass the Tab,Carols Christmas,サンデーサイレンス,ポインテッドパス,Machiavellian,Much Too Risky,Unbridled,Trolley Song,Storm Cat,Lite Light,Bold Reasoning,My Charmer,Secretariat,Lassie Dear,Raise a Native,Gold Digger,Honest Pleasure,State,Nearctic,Shenanigans,Khaled,Dama,Al Hattab,Dantina,Whitesburg,Light Verse,Halo,Wishing Well,Kris,Silken Way,Mr. Prospector,Coup de Folie,Bustino,Short Rations,Fappiano,Gana Facil,Caro,Lucky Spell,Storm Bird,Terlingua,Majestic Light,Printing Press
2023106141,サンダースノー,アロンザモナ,Helmet,Eastern Joy,ストリートセンス,リザーブシート,Exceed And Excel,Accessories,Dubai Destination,Red Slippers,Street Cry,Bedazzle,クリエイター,インヴァイト,デインヒル,Patrona,シングスピール,Anna Matrushka,Kingmambo,Mysterial,Nureyev,Morning Devotion,Machiavellian,Helen Street,Dixieland Band,Majestic Legend,Mill Reef,Chalon,Be My Guest,Burghclere,Danzig,Razyana,Lomond,Gladiolus,In the Wings,Glorious Song,Mill Reef,Anna Paola,Mr. Prospector,Miesque,Alleged,Mysteries,Northern Dancer,Special,Affirmed,Morning Has Broken,Mr. Prospector,Coup de Folie,Troy,Waterway,Northern Dancer,Mississippi Mud,His Majesty,Long Legend,Never Bend,Milan Mill,Habitat,Areola,Northern Dancer,What a Treat,Busted,Highclere
2023103365,ミスチヴィアスアレックス,オールドパサデナ,Into Mischief,White Pants Night,エンパイアメーカー,オフジオールドブロック,Harlan's Holiday,Leslie's Lady,Speightstown,More d'Amour,Unbridled,Toussaud,A.P. Indy,Chip,Harlan,Christmas in Aiken,Tricky Creek,Crystal Lady,Gone West,Silken Cat,Tour d'Or,Love Connection,Fappiano,Gana Facil,El Gran Senor,Image of Reality,Seattle Slew,Weekend Surprise,Norquestor,Big Pride,Storm Cat,Country Romance,Affirmed,Dowager,Clever Trick,Battle Creek Girl,Stop the Music,One Last Bird,Mr. Prospector,Secrettame,Storm Cat,Silken Doll,Medaille d'Or,Debby's Turn,Master Derby,Perfect Connection,Mr. Prospector,Killaloe,Le Fabuleux,Charedi,Northern Dancer,Sex Appeal,In Reality,Edee's Image,Bold Reasoning,My Charmer,Secretariat,Lassie Dear,Conquistador Cielo,Linda North,Bet Big,Alto Pride
2023100267,ナダル,エイコオウイング,Blame,Ascending Angel,アフリート,ホクトブルーバード,Arch,Liable,Pulpit,Solar Colony,Mr. Prospector,Polite Lady,アサティス,ホクトフローラ,Kris S.,Aurora,Seeking the Gold,Bound,A.P. Indy,Preach,Pleasant Colony,Meteor Stage,Raise a Native,Gold Digger,Venetian Jester,Friendly Ways,Topsider,Secret Asset,テュデナム,アローマーメイド,Roberto,Sharp Queen,Danzig,Althea,Mr. Prospector,Con Game,Nijinsky,Special,Seattle Slew,Weekend Surprise,Mr. Prospector,Narrate,His Majesty,Sun Colony,Stage Door Johnny,Northern Meteor,Native Dancer,Raise You,Nashua,Sequence,Tom Fool,Venice,Green Ticket,Ways to Learn,Northern Dancer,Drumtop,Graustark,Numbered Account,Tudor Melody,Heath Rose,アローエクスプレス,ミモザ
2023103087,City of Light,ネバーギブアップ,Quality Road,Paris Notion,War Front,Ensenada,Elusive Quality,Kobla,デヒア,Fabulous Notion,Danzig,Starry Dreamer,Seeking the Gold,Desert Stormer,Gone West,Touch of Greatness,Strawberry Road,Winglet,Deputy Minister,Sister Dot,Somethingfabulous,Careless Notion,Northern Dancer,Pas de Nom,Rubiano,Lara's Star,Mr. Prospector,Con Game,Storm Cat,Breezy Stories,Mr. Prospector,Secrettame,Hero's Honor,Ivory Wand,Whiskey Road,Giftisa,Alydar,Highest Trump,Vice Regent,Mint Copy,Secretariat,Sword Game,Northern Dancer,Somethingroyal,Jester,Miss Uppity,Nearctic,Natalma,Admiral's Voyage,Petitioner,Fappiano,Ruby Slippers,Forli,True Reality,Raise a Native,Gold Digger,Buckpasser,Broadway,Storm Bird,Terlingua,Damascus,New Tune
2023110085,カラヴァッジオ,クイーンズターフ,Scat Daddy,Mekko Hokte,ディープインパクト,フラッテローザ,ヨハネスブルグ,Love Style,Holy Bull,Aerosilver,サンデーサイレンス,ウインドインハーヘア,ブライアンズタイム,ファーザ,ヘネシー,Myth,Mr. Prospector,Likeable Style,Great Above,Sharon Brown,Relaunch,Silver in Flight,Halo,Wishing Well,Alzao,Burghclere,Roberto,Kelley's Day,Mr. Prospector,Baya,Storm Cat,Island Kitty,オジジアン,Yarn,Raise a Native,Gold Digger,Nijinsky,Personable Lady,Minnesota Mac,Ta Wee,Al Hattab,Agathea's Dawn,In Reality,Foggy Note,Silver Series,Winter Wren,Hail to Reason,Cosmah,Understanding,Mountain Flower,Lyphard,Lady Rebecca,Busted,Highclere,Hail to Reason,Bramalea,Graustark,Golden Trail,Raise a Native,Gold Digger,Nureyev,Barger
2023109164,ニューイヤーズデイ,ファッチョイオ,Street Cry,Justwhistledixie,Bated Breath,Fularmada,Machiavellian,Helen Street,Dixie Union,General Jeanne,Dansili,Tantina,Manduro,Step Danzer,Mr. Prospector,Coup de Folie,Troy,Waterway,Dixieland Band,She's Tops,Honour and Glory,Ahpo Hel,デインヒル,Hasili,Distant View,Didina,Monsun,Mandellicht,Desert Prince,Salsa Sound,Raise a Native,Gold Digger,Halo,Raise the Standard,Petingo,La Milo,Riverman,Boulevard,Northern Dancer,Mississippi Mud,Capote,She's a Talent,Relaunch,Fair to All,Mr. Leader,Tiy,Danzig,Razyana,Kahyasi,Kerali,Mr. Prospector,Seven Springs,Nashwan,Didicoy,Konigsstuhl,Mosella,Be My Guest,Mandelauge,Green Desert,Flying Fairy,Law Society,Stua
2020103101,ハーツクライ,ルンバロッカ,サンデーサイレンス,アイリッシュダンス,Sri Pekan,Rumba Azul,Halo,Wishing Well,トニービン,ビューパーダンス,Red Ransom,Lady Godolphin,Fabulous Dancer,Rare Sound,Hail to Reason,Cosmah,Understanding,Mountain Flower,カンパラ,Severn Bridge,Lyphard,My Bupers,Roberto,アラビア,Son Ange,Flying Needles,Northern Dancer,Last of the Line,Rarity,Haunting,Turn-to,Nothirdchance,Cosmic Bomb,Almahmoud,Promised Land,Pretty Ways,Montparnasse,Edelweiss,Kalamoun,State Pension,Hornbeam,Priddy Fair,Northern Dancer,Goofed,Bupers,Princess Revoked,Hail to Reason,Bramalea,Damascus,Christmas Wind,Raise a Native,Mon Ange,Needles,Dorrine B.,Nearctic,Natalma,The Axe,Bryonia,Hethersett,Who Can Tell,Lord Gayle,Grey Fleck
2022103995,エピファネイア,ベアフットレディ,シンボリクリスエス,シーザリオ,Footstepsinthesand,Lady Angharad,Kris S.,Tee Kay,スペシャルウィーク,キロフプリミエール,Giant's Causeway,Glatisant,テンビー,Lavezzola,Roberto,Sharp Queen,Gold Meridian,Tri Argo,サンデーサイレンス,キャンペンガール,Sadler's Wells,Querida,Storm Cat,Mariah's Storm,Rainbow Quest,Dancing Rocks,Caerleon,Shining Water,サーモンリープ,Luvi Ullmann,Hail to Reason,Bramalea,Princequillo,Bridgework,Seattle Slew,Queen Louie,Tri Jet,Hail Proudly,Halo,Wishing Well,マルゼンスキー,レディーシラオキ,Northern Dancer,Fairy Bridge,Habitat,Principia,Storm Bird,Terlingua,Rahy,イメンス,Blushing Groom,I Will Follow,Green Dancer,Croda Rossa,Nijinsky,Foreseer,Kalaglow,Idle Waters,Northern Dancer,Fish - Bar,Thatching,リゾルヴ
2021105414,キズナ,ウェイヴェルアベニュー,ディープインパクト,キャットクイル,Harlington,Lucas Street,サンデーサイレンス,ウインドインハーヘア,Storm Cat,Pacific Princess,Unbridled,Serena's Song,Silver Deputy,Ruby Park,Halo,Wishing Well,Alzao,Burghclere,Storm Bird,Terlingua,Damascus,Fiji,Fappiano,Gana Facil,Rahy,Imagining,Deputy Minister,Silver Valley,Bold Ruckus,Katebyrne,Hail to Reason,Cosmah,Understanding,Mountain Flower,Lyphard,Lady Rebecca,Busted,Highclere,Northern Dancer,South Ocean,Secretariat,Crimson Saint,Sword Dancer,Kerala,Acropolis,Rififi,Mr. Prospector,Killaloe,Le Fabuleux,Charedi,Blushing Groom,Glorious Song,Northfields,Image Intensifier,Vice Regent,Mint Copy,Mr. Prospector,Seven Valleys,Boldnesian,Raise a Ruckus,Geiger Counter,Bar Tea H.
2021100913,キズナ,アドマイヤサブリナ,ディープインパクト,キャットクイル,シンボリクリスエス,ツィンクルヴェール,サンデーサイレンス,ウインドインハーヘア,Storm Cat,Pacific Princess,Kris S.,Tee Kay,サンデーサイレンス,ツィンクルブライド,Halo,Wishing Well,Alzao,Burghclere,Storm Bird,Terlingua,Damascus,Fiji,Roberto,Sharp Queen,Gold Meridian,Tri Argo,Halo,Wishing Well,Lyphard,デビルズブライド,Hail to Reason,Cosmah,Understanding,Mountain Flower,Lyphard,Lady Rebecca,Busted,Highclere,Northern Dancer,South Ocean,Secretariat,Crimson Saint,Sword Dancer,Kerala,Acropolis,Rififi,Hail to Reason,Bramalea,Princequillo,Bridgework,Seattle Slew,Queen Louie,Tri Jet,Hail Proudly,Hail to Reason,Cosmah,Understanding,Mountain Flower,Northern Dancer,Goofed,Caro,Satan's Pride
2019105556,ドゥラメンテ,ロカ,キングカメハメハ,アドマイヤグルーヴ,ハービンジャー,ランズエッジ,Kingmambo,マンファス,サンデーサイレンス,エアグルーヴ,Dansili,Penang Pearl,ダンスインザダーク,ウインドインハーヘア,Mr. Prospector,Miesque,ラストタイクーン,Pilot Bird,Halo,Wishing Well,トニービン,ダイナカール,デインヒル,Hasili,Bering,Guapa,サンデーサイレンス,ダンシングキイ,Alzao,Burghclere,Raise a Native,Gold Digger,Nureyev,Pasadoble,トライマイベスト,Mill Princess,Blakeney,The Dancer,Hail to Reason,Cosmah,Understanding,Mountain Flower,カンパラ,Severn Bridge,ノーザンテースト,シャダイフェザー,Danzig,Razyana,Kahyasi,Kerali,Arctic Tern,Beaune,Shareef Dancer,Sauceboat,Halo,Wishing Well,Nijinsky,Key Partner,Lyphard,Lady Rebecca,Busted,Highclere
2021106738,キズナ,ポウリナズラヴ,ディープインパクト,キャットクイル,Mizzen Mast,Electric Cove,サンデーサイレンス,ウインドインハーヘア,Storm Cat,Pacific Princess,Cozzene,Kinema,スピニングワールド,Electric Talent,Halo,Wishing Well,Alzao,Burghclere,Storm Bird,Terlingua,Damascus,Fiji,Caro,Ride the Trails,Graustark,Mrs. Peterkin,Nureyev,Imperfect Circle,Capote,Catch On Quick,Hail to Reason,Cosmah,Understanding,Mountain Flower,Lyphard,Lady Rebecca,Busted,Highclere,Northern Dancer,South Ocean,Secretariat,Crimson Saint,Sword Dancer,Kerala,Acropolis,Rififi,フォルティノ,Chambord,Prince John,Wildwook,Ribot,Flower Bowl,Tom Fool,Legendra,Northern Dancer,Special,Riverman,Aviance,Seattle Slew,Too Bald,Smarten,Culture Shock
2021104324,ディーマジェスティ,ミスミーチャン,ディープインパクト,エルメスティアラ,ファスリエフ,レディセラヴィ,サンデーサイレンス,ウインドインハーヘア,ブライアンズタイム,シンコウエルメス,Nureyev,Mr. P's Princess,アグネスタキオン,レディセラフィム,Halo,Wishing Well,Alzao,Burghclere,Roberto,Kelley's Day,Sadler's Wells,Doff the Derby,Northern Dancer,Special,Mr. Prospector,Anne Campbell,サンデーサイレンス,アグネスフローラ,ブライアンズタイム,メイプルジンスキー,Hail to Reason,Cosmah,Understanding,Mountain Flower,Lyphard,Lady Rebecca,Busted,Highclere,Hail to Reason,Bramalea,Graustark,Golden Trail,Northern Dancer,Fairy Bridge,Master Derby,Margarethen,Nearctic,Natalma,Forli,Thong,Raise a Native,Gold Digger,Never Bend,Repercussion,Halo,Wishing Well,ロイヤルスキー,アグネスレディー,Roberto,Kelley's Day,Nijinsky,Gold Beauty
2019104828,キングカメハメハ,ドバウィハイツ,Kingmambo,マンファス,Dubawi,Rosie's Posy,Mr. Prospector,Miesque,ラストタイクーン,Pilot Bird,Dubai Millennium,Zomaradah,Suave Dancer,My Branch,Raise a Native,Gold Digger,Nureyev,Pasadoble,トライマイベスト,Mill Princess,Blakeney,The Dancer,Seeking the Gold,Colorado Dancer,Deploy,Jawaher,Green Dancer,Suavite,Distant Relative,Pay The Bank,Native Dancer,Raise You,Nashua,Sequence,Northern Dancer,Special,Prove Out,Santa Quilla,Northern Dancer,Sex Appeal,Mill Reef,Irish Lass,Hethersett,Windmill Girl,Green Dancer,Khazaeen,Mr. Prospector,Con Game,Shareef Dancer,Fall Aspen,Shirley Heights,Slightly Dangerous,ダンシングブレーヴ,High Tern,Nijinsky,Green Valley,Alleged,Guinevere's Folly,Habitat,Royal Sister,High Top,Zebra Grass
2021105541,ハーツクライ,サロミナ,サンデーサイレンス,アイリッシュダンス,Lomitas,Saldentigerin,Halo,Wishing Well,トニービン,ビューパーダンス,Niniski,La Colorada,Tiger Hill,Salde,Hail to Reason,Cosmah,Understanding,Mountain Flower,カンパラ,Severn Bridge,Lyphard,My Bupers,Nijinsky,Virginia Hills,Surumu,La Dorada,デインヒル,The Filly,Alkalde,Saite,Turn-to,Nothirdchance,Cosmic Bomb,Almahmoud,Promised Land,Pretty Ways,Montparnasse,Edelweiss,Kalamoun,State Pension,Hornbeam,Priddy Fair,Northern Dancer,Goofed,Bupers,Princess Revoked,Northern Dancer,Flaming Page,Tom Rolfe,Ridin' Easy,Literat,Surama,Kronzeuge,Love In,Danzig,Razyana,Appiani,Tigress Silver,Konigsstuhl,Astra,Marduk,Salesiana
2017104756,キングカメハメハ,サンシャイン,Kingmambo,マンファス,ハーツクライ,バルドウィナ,Mr. Prospector,Miesque,ラストタイクーン,Pilot Bird,サンデーサイレンス,アイリッシュダンス,Pistolet Bleu,Balioka,Raise a Native,Gold Digger,Nureyev,Pasadoble,トライマイベスト,Mill Princess,Blakeney,The Dancer,Halo,Wishing Well,トニービン,ビューパーダンス,Top Ville,Pampa Bella,Tourangeau,Bangalore,Native Dancer,Raise You,Nashua,Sequence,Northern Dancer,Special,Prove Out,Santa Quilla,Northern Dancer,Sex Appeal,Mill Reef,Irish Lass,Hethersett,Windmill Girl,Green Dancer,Khazaeen,Hail to Reason,Cosmah,Understanding,Mountain Flower,カンパラ,Severn Bridge,Lyphard,My Bupers,High Top,Sega Ville,Armos,Kendie,Val de Loir,Torbella,Cadmus,Balbona
2021103975,デクラレーションオブウォー,ベアフットレディ,War Front,Tempo West,Footstepsinthesand,Lady Angharad,Danzig,Starry Dreamer,Rahy,Tempo,Giant's Causeway,Glatisant,テンビー,Lavezzola,Northern Dancer,Pas de Nom,Rubiano,Lara's Star,Blushing Groom,Glorious Song,Gone West,Terpsichorist,Storm Cat,Mariah's Storm,Rainbow Quest,Dancing Rocks,Caerleon,Shining Water,サーモンリープ,Luvi Ullmann,Nearctic,Natalma,Admiral's Voyage,Petitioner,Fappiano,Ruby Slippers,Forli,True Reality,Red God,Runaway Bride,Halo,Ballade,Mr. Prospector,Secrettame,Nijinsky,Glad Rags,Storm Bird,Terlingua,Rahy,イメンス,Blushing Groom,I Will Follow,Green Dancer,Croda Rossa,Nijinsky,Foreseer,Kalaglow,Idle Waters,Northern Dancer,Fish - Bar,Thatching,リゾルヴ
2020100254,ネロ,ニシノアモーレ,ヨハネスブルグ,ニシノタカラヅカ,コンデュイット,ニシノマナムスメ,ヘネシー,Myth,サンデーサイレンス,デユプリシト,Dalakhani,Well Head,アグネスタキオン,ニシノフラワー,Storm Cat,Island Kitty,オジジアン,Yarn,Halo,Wishing Well,Danzig,Fabulous Fraud,Darshaan,Daltawa,Sadler's Wells,River Dancer,サンデーサイレンス,アグネスフローラ,Majestic Light,デユプリシト,Storm Bird,Terlingua,Hawaii,T. C. Kitten,Damascus,Gonfalon,Mr. Prospector,Narrate,Hail to Reason,Cosmah,Understanding,Mountain Flower,Northern Dancer,Pas de Nom,Le Fabuleux,The Bride,Shirley Heights,Delsy,Miswaki,Damana,Northern Dancer,Fairy Bridge,Irish River,Dancing Shadow,Halo,Wishing Well,ロイヤルスキー,アグネスレディー,Majestic Prince,Irradiate,Danzig,Fabulous Fraud
2020103941,マインドユアビスケッツ,ホウオウサブリナ,Posse,Jazzmane,ルーラーシップ,トラヴェシーア,Silver Deputy,Raska,Toccet,Alljazz,キングカメハメハ,エアグルーヴ,ディープインパクト,マンファス,Deputy Minister,Silver Valley,Rahy,Borishka,Awesome Again,Cozzene's Angel,Stop the Music,Bounteous,Kingmambo,マンファス,トニービン,ダイナカール,サンデーサイレンス,ウインドインハーヘア,ラストタイクーン,Pilot Bird,Vice Regent,Mint Copy,Mr. Prospector,Seven Valleys,Blushing Groom,Glorious Song,Roberto,Queen Maud,Deputy Minister,Primal Force,Cozzene,Charming Pan,Hail to Reason,Bebopper,Master Derby,Mlle. Quille,Mr. Prospector,Miesque,ラストタイクーン,Pilot Bird,カンパラ,Severn Bridge,ノーザンテースト,シャダイフェザー,Halo,Wishing Well,Alzao,Burghclere,トライマイベスト,Mill Princess,Blakeney,The Dancer
2021105436,スワーヴリチャード,エッジースタイル,ハーツクライ,ピラミマ,ハービンジャー,ランズエッジ,サンデーサイレンス,アイリッシュダンス,Unbridled's Song,キャリアコレクション,Dansili,Penang Pearl,ダンスインザダーク,ウインドインハーヘア,Halo,Wishing Well,トニービン,ビューパーダンス,Unbridled,Trolley Song,General Meeting,River of Stars,デインヒル,Hasili,Bering,Guapa,サンデーサイレンス,ダンシングキイ,Alzao,Burghclere,Hail to Reason,Cosmah,Understanding,Mountain Flower,カンパラ,Severn Bridge,Lyphard,My Bupers,Fappiano,Gana Facil,Caro,Lucky Spell,Seattle Slew,Alydar's Promise,Riverman,Star Fortune,Danzig,Razyana,Kahyasi,Kerali,Arctic Tern,Beaune,Shareef Dancer,Sauceboat,Halo,Wishing Well,Nijinsky,Key Partner,Lyphard,Lady Rebecca,Busted,Highclere
2022104186,サートゥルナーリア,リボンフラワー,ロードカナロア,シーザリオ,ディープインパクト,バディーラ,キングカメハメハ,レディブラッサム,スペシャルウィーク,キロフプリミエール,サンデーサイレンス,ウインドインハーヘア,Unbridled's Song,Magical Allure,Kingmambo,マンファス,Storm Cat,サラトガデュー,サンデーサイレンス,キャンペンガール,Sadler's Wells,Querida,Halo,Wishing Well,Alzao,Burghclere,Unbridled,Trolley Song,General Meeting,Rare Lady,Mr. Prospector,Miesque,ラストタイクーン,Pilot Bird,Storm Bird,Terlingua,Cormorant,Super Luna,Halo,Wishing Well,マルゼンスキー,レディーシラオキ,Northern Dancer,Fairy Bridge,Habitat,Principia,Hail to Reason,Cosmah,Understanding,Mountain Flower,Lyphard,Lady Rebecca,Busted,Highclere,Fappiano,Gana Facil,Caro,Lucky Spell,Seattle Slew,Alydar's Promise,Never Bend,Double Agent
2022110063,Into Mischief,Moonshine Memories,Harlan's Holiday,Leslie's Lady,Malibu Moon,Unenchantedevening,Harlan,Christmas in Aiken,Tricky Creek,Crystal Lady,A.P. Indy,Macoumba,Unbridled's Song,Evil Elaine,Storm Cat,Country Romance,Affirmed,Dowager,Clever Trick,Battle Creek Girl,Stop the Music,One Last Bird,Seattle Slew,Weekend Surprise,Mr. Prospector,Maximova,Unbridled,Trolley Song,Medieval Man,Distinctive Elaine,Storm Bird,Terlingua,Halo,Sweet Romance,Exclusive Native,Won't Tell You,Honest Pleasure,Princessnesian,Icecapade,Kankakee Miss,His Majesty,Far Beyond,Hail to Reason,Bebopper,One for All,Last Bird,Bold Reasoning,My Charmer,Secretariat,Lassie Dear,Raise a Native,Gold Digger,Green Dancer,Baracala,Fappiano,Gana Facil,Caro,Lucky Spell,Noholme,Peaceful Sky,Distinctive,Jackie Dare
2021100594,ファインニードル,ミヤコノユメ,アドマイヤムーン,ニードルクラフト,ロードカナロア,ミヤコマンハッタン,エンドスウィープ,マイケイティーズ,Mark of Esteem,Sharp Point,キングカメハメハ,レディブラッサム,マンハッタンカフェ,ハッピースキャット,フォーティナイナー,Broom Dance,サンデーサイレンス,ケイティーズファースト,Darshaan,Homage,ロイヤルアカデミー,Nice Point,Kingmambo,マンファス,Storm Cat,サラトガデュー,サンデーサイレンス,サトルチェンジ,ドクターデヴィアス,シンミスチーフ,Mr. Prospector,File,Dance Spell,Witching Hour,Halo,Wishing Well,Kris,Katies,Shirley Heights,Delsy,Ajdal,Home Love,Nijinsky,Crimson Saint,Sharpen Up,Alpine Niece,Mr. Prospector,Miesque,ラストタイクーン,Pilot Bird,Storm Bird,Terlingua,Cormorant,Super Luna,Halo,Wishing Well,Law Society,Santa Luciana,Ahonoora,Rose of Jericho,トライバルチーフ,ケンキヨウ
2022104663,ラブリーデイ,ウリウリ,キングカメハメハ,ポップコーンジャズ,ディープインパクト,ウィキウィキ,Kingmambo,マンファス,ダンスインザダーク,グレイスルーマー,サンデーサイレンス,ウインドインハーヘア,フレンチデピュティ,リアルナンバー,Mr. Prospector,Miesque,ラストタイクーン,Pilot Bird,サンデーサイレンス,ダンシングキイ,トニービン,ディスクジョッキー,Halo,Wishing Well,Alzao,Burghclere,Deputy Minister,Mitterand,Rainbow Corner,Numeraria,Raise a Native,Gold Digger,Nureyev,Pasadoble,トライマイベスト,Mill Princess,Blakeney,The Dancer,Halo,Wishing Well,Nijinsky,Key Partner,カンパラ,Severn Bridge,リアルシャダイ,シャダイチャッター,Hail to Reason,Cosmah,Understanding,Mountain Flower,Lyphard,Lady Rebecca,Busted,Highclere,Vice Regent,Mint Copy,Hold Your Peace,Laredo Lass,Rainbow Quest,Kingscote,サザンヘイロー,Numismatica
2022102794,ロードカナロア,ココロノアイ,キングカメハメハ,レディブラッサム,ステイゴールド,ビューティソング,Kingmambo,マンファス,Storm Cat,サラトガデュー,サンデーサイレンス,ゴールデンサッシュ,デインヒル,マックスジョリー,Mr. Prospector,Miesque,ラストタイクーン,Pilot Bird,Storm Bird,Terlingua,Cormorant,Super Luna,Halo,Wishing Well,ディクタス,ダイナサッシュ,Danzig,Razyana,リアルシャダイ,マックスビューティ,Raise a Native,Gold Digger,Nureyev,Pasadoble,トライマイベスト,Mill Princess,Blakeney,The Dancer,Northern Dancer,South Ocean,Secretariat,Crimson Saint,His Majesty,Song Sparrow,In Reality,Alada,Hail to Reason,Cosmah,Understanding,Mountain Flower,Sanctus,Doronic,ノーザンテースト,ロイヤルサッシュ,Northern Dancer,Pas de Nom,His Majesty,Spring Adieu,Roberto,Desert Vixen,ブレイヴェストローマン,フジタカレディ
2021100958,ビッグアーサー,マリアフィオーレ,サクラバクシンオー,シヤボナ,ハーツクライ,セトフローリアン,サクラユタカオー,サクラハゴロモ,Kingmambo,Relish,サンデーサイレンス,アイリッシュダンス,Bellotto,Yeatsina,テスコボーイ,アンジェリカ,ノーザンテースト,クリアアンバー,Mr. Prospector,Miesque,Sadler's Wells,Reloy,Halo,Wishing Well,トニービン,ビューパーダンス,Mr. Prospector,Shelf Talker,Yeats,Sear,Princely Gift,Suncourt,ネヴァービート,スターハイネス,Northern Dancer,Lady Victoria,Ambiopoise,One Clear Call,Raise a Native,Gold Digger,Nureyev,Pasadoble,Northern Dancer,Fairy Bridge,Liloy,Rescousse,Hail to Reason,Cosmah,Understanding,Mountain Flower,カンパラ,Severn Bridge,Lyphard,My Bupers,Raise a Native,Gold Digger,Tatan,Melody Mine,Nijinsky,Lisadell,Blazing Saddles,Wiley Trade
2022105212,ストロングリターン,アップロック,シンボリクリスエス,コートアウト,ハーツクライ,ダンサーデスティネイション,Kris S.,Tee Kay,Smart Strike,アザール,サンデーサイレンス,アイリッシュダンス,Dubai Destination,Mara Dancer,Roberto,Sharp Queen,Gold Meridian,Tri Argo,Mr. Prospector,Classy 'n Smart,Nijinsky,Smart Heiress,Halo,Wishing Well,トニービン,ビューパーダンス,Kingmambo,Mysterial,Shareef Dancer,Cu Na Mara,Hail to Reason,Bramalea,Princequillo,Bridgework,Seattle Slew,Queen Louie,Tri Jet,Hail Proudly,Raise a Native,Gold Digger,Smarten,No Class,Northern Dancer,Flaming Page,Vaguely Noble,Smartaire,Hail to Reason,Cosmah,Understanding,Mountain Flower,カンパラ,Severn Bridge,Lyphard,My Bupers,Mr. Prospector,Miesque,Alleged,Mysteries,Northern Dancer,Sweet Alliance,Never So Bold,Sound of the Sea
2020103121,イスラボニータ,レニーズゴットジップ,フジキセキ,イスラコジーン,City Zip,No Dress Code,サンデーサイレンス,ミルレーサー,Cozzene,Isla Mujeres,Carson City,Baby Zip,Distorted Humor,Westfold Vale,Halo,Wishing Well,Le Fabuleux,Marston's Mill,Caro,Ride the Trails,Crafty Prospector,Lido Isle,Mr. Prospector,Blushing Promise,Relaunch,Thirty Zip,フォーティナイナー,Danzig's Beauty,Flying Paster,In Hopes,Hail to Reason,Cosmah,Understanding,Mountain Flower,Wild Risk,Anguar,In Reality,Millicent,フォルティノ,Chambord,Prince John,Wildwook,Mr. Prospector,Real Crafty Lady,Far North,She Is Gorgeous,Raise a Native,Gold Digger,Blushing Groom,Summertime Promise,In Reality,Foggy Note,Tri Jet,Sailaway,Mr. Prospector,File,Danzig,Sweetest Chant,Gummo,Procne,Affirmed,Cascapedia
2022103729,タワーオブロンドン,アリュマージュ,Raven's Pass,スノーパイン,ハーツクライ,グレイトフィーヴァー,Elusive Quality,Ascutney,Dalakhani,シンコウエルメス,サンデーサイレンス,アイリッシュダンス,Kaldoun,My Great Hope,Gone West,Touch of Greatness,Lord at War,Right Word,Darshaan,Daltawa,Sadler's Wells,Doff the Derby,Halo,Wishing Well,トニービン,ビューパーダンス,Caro,Katana,Simply Great,Martingale,Mr. Prospector,Secrettame,Hero's Honor,Ivory Wand,General,Luna de Miel,Verbatim,Oratorio,Shirley Heights,Delsy,Miswaki,Damana,Northern Dancer,Fairy Bridge,Master Derby,Margarethen,Hail to Reason,Cosmah,Understanding,Mountain Flower,カンパラ,Severn Bridge,Lyphard,My Bupers,フォルティノ,Chambord,Le Haar,Embellie,Mill Reef,Seneca,Luthier,Moonmadness
2022102153,タワーオブロンドン,プルメリアグレース,Raven's Pass,スノーパイン,ロードカナロア,クールアンフルール,Elusive Quality,Ascutney,Dalakhani,シンコウエルメス,キングカメハメハ,レディブラッサム,サクラバクシンオー,フレッシュミドリ,Gone West,Touch of Greatness,Lord at War,Right Word,Darshaan,Daltawa,Sadler's Wells,Doff the Derby,Kingmambo,マンファス,Storm Cat,サラトガデュー,サクラユタカオー,サクラハゴロモ,ブレイヴェストローマン,ラストカツティング,Mr. Prospector,Secrettame,Hero's Honor,Ivory Wand,General,Luna de Miel,Verbatim,Oratorio,Shirley Heights,Delsy,Miswaki,Damana,Northern Dancer,Fairy Bridge,Master Derby,Margarethen,Mr. Prospector,Miesque,ラストタイクーン,Pilot Bird,Storm Bird,Terlingua,Cormorant,Super Luna,テスコボーイ,アンジェリカ,ノーザンテースト,クリアアンバー,Never Bend,Roman Song,Final Straw,Cutle
2020102269,リオンディーズ,アンドリエッテ,キングカメハメハ,シーザリオ,ディープインパクト,アナバシュドチャーム,Kingmambo,マンファス,スペシャルウィーク,キロフプリミエール,サンデーサイレンス,ウインドインハーヘア,Silver Deputy,Unbridled Hope,Mr. Prospector,Miesque,ラストタイクーン,Pilot Bird,サンデーサイレンス,キャンペンガール,Sadler's Wells,Querida,Halo,Wishing Well,Alzao,Burghclere,Deputy Minister,Silver Valley,Unbridled,D'Youville Nurse,Raise a Native,Gold Digger,Nureyev,Pasadoble,トライマイベスト,Mill Princess,Blakeney,The Dancer,Halo,Wishing Well,マルゼンスキー,レディーシラオキ,Northern Dancer,Fairy Bridge,Habitat,Principia,Hail to Reason,Cosmah,Understanding,Mountain Flower,Lyphard,Lady Rebecca,Busted,Highclere,Vice Regent,Mint Copy,Mr. Prospector,Seven Valleys,Fappiano,Gana Facil,Dr. Blum,Field Point Road
2022104501,ミスターメロディ,ビオレイメル,Scat Daddy,Trusty Lady,ワイルドラッシュ,ホーマンピクシー,ヨハネスブルグ,Love Style,Deputy Minister,Klassy Kim,Wild Again,Rose Park,キングカメハメハ,タイトーク,ヘネシー,Myth,Mr. Prospector,Likeable Style,Vice Regent,Mint Copy,Silent Screen,クールアライヴァル,Icecapade,Bushel-n-Peck,Plugged Nickle,Hardship,Kingmambo,マンファス,ブラックタイアフェアー,ハイランドトーク,Storm Cat,Island Kitty,オジジアン,Yarn,Raise a Native,Gold Digger,Nijinsky,Personable Lady,Northern Dancer,Victoria Regina,Bunty's Flight,Shakney,Prince John,Prayer Bell,Relaunch,Irish Arrival,Nearctic,Shenanigans,Khaled,Dama,Key to the Mint,Toll Booth,Drone,Hard and Fast,Mr. Prospector,Miesque,ラストタイクーン,Pilot Bird,Miswaki,Hat Tab Girl,Highland Park,Speaking of Sweets
2022103846,サートゥルナーリア,ナスケンアイリス,ロードカナロア,シーザリオ,フレンチデピュティ,オブザーヴァント,キングカメハメハ,レディブラッサム,スペシャルウィーク,キロフプリミエール,Deputy Minister,Mitterand,Capote,パテントリークリア,Kingmambo,マンファス,Storm Cat,サラトガデュー,サンデーサイレンス,キャンペンガール,Sadler's Wells,Querida,Vice Regent,Mint Copy,Hold Your Peace,Laredo Lass,Seattle Slew,Too Bald,Miswaki,Badge of Courage,Mr. Prospector,Miesque,ラストタイクーン,Pilot Bird,Storm Bird,Terlingua,Cormorant,Super Luna,Halo,Wishing Well,マルゼンスキー,レディーシラオキ,Northern Dancer,Fairy Bridge,Habitat,Principia,Northern Dancer,Victoria Regina,Bunty's Flight,Shakney,Speak John,Blue Moon,Bold Ruler,Fortunate Isle,Bold Reasoning,My Charmer,Bald Eagle,Hidden Talent,Mr. Prospector,Hopespringseternal,Well Decorated,Tamerett
2022105376,ニューイヤーズデイ,ステイホット,Street Cry,Justwhistledixie,キャプテントゥーレ,ステイアライヴ,Machiavellian,Helen Street,Dixie Union,General Jeanne,アグネスタキオン,エアトゥーレ,Iffraaj,Pursuit of Life,Mr. Prospector,Coup de Folie,Troy,Waterway,Dixieland Band,She's Tops,Honour and Glory,Ahpo Hel,サンデーサイレンス,アグネスフローラ,トニービン,スキーパラダイス,Zafonic,Pastorale,Pursuit of Love,Biosphere,Raise a Native,Gold Digger,Halo,Raise the Standard,Petingo,La Milo,Riverman,Boulevard,Northern Dancer,Mississippi Mud,Capote,She's a Talent,Relaunch,Fair to All,Mr. Leader,Tiy,Halo,Wishing Well,ロイヤルスキー,アグネスレディー,カンパラ,Severn Bridge,Lyphard,Ski Goggle,Gone West,Zaizafon,Nureyev,Park Appeal,グルームダンサー,Dance Quest,Pharly,Biograph
2022106217,ウインブライト,ウインソワレ,ステイゴールド,サマーエタニティ,ロージズインメイ,コスモダンスナイト,サンデーサイレンス,ゴールデンサッシュ,アドマイヤコジーン,オールフォーゲラン,Devil His Due,Tell a Secret,ダンスインザダーク,オージーカンパニー,Halo,Wishing Well,ディクタス,ダイナサッシュ,Cozzene,アドマイヤマカディ,ジェイドロバリー,ミスゲラン,Devil's Bag,Plenty O'Toole,Speak John,Secret Retreat,サンデーサイレンス,ダンシングキイ,Catrail,Irish Company,Hail to Reason,Cosmah,Understanding,Mountain Flower,Sanctus,Doronic,ノーザンテースト,ロイヤルサッシュ,Caro,Ride the Trails,ノーザンテースト,ミセスマカディー,Mr. Prospector,Number,マルゼンスキー,ゲラン,Halo,Ballade,Raise a Cup,Li'l Puss,Prince John,Nuit de Folies,Clandestine,Retirement,Halo,Wishing Well,Nijinsky,Key Partner,Storm Cat,Tough as Nails,Irish River,バブルカンパニー
2022102492,ミスターメロディ,トーワクリステル,Scat Daddy,Trusty Lady,ディープインパクト,トーワトレジャー,ヨハネスブルグ,Love Style,Deputy Minister,Klassy Kim,サンデーサイレンス,ウインドインハーヘア,トニービン,グリーングッズ,ヘネシー,Myth,Mr. Prospector,Likeable Style,Vice Regent,Mint Copy,Silent Screen,クールアライヴァル,Halo,Wishing Well,Alzao,Burghclere,カンパラ,Severn Bridge,Clever Trick,Bare Essence,Storm Cat,Island Kitty,オジジアン,Yarn,Raise a Native,Gold Digger,Nijinsky,Personable Lady,Northern Dancer,Victoria Regina,Bunty's Flight,Shakney,Prince John,Prayer Bell,Relaunch,Irish Arrival,Hail to Reason,Cosmah,Understanding,Mountain Flower,Lyphard,Lady Rebecca,Busted,Highclere,Kalamoun,State Pension,Hornbeam,Priddy Fair,Icecapade,Kankakee Miss,Youth,Bold Example
2022106016,アメリカンペイトリオット,タカヒロガートップ,War Front,Life Well Lived,アドマイヤマックス,トップロンシャン,Danzig,Starry Dreamer,Tiznow,Well Dressed,サンデーサイレンス,ダイナシュート,ワカオライデン,トップアイレン,Northern Dancer,Pas de Nom,Rubiano,Lara's Star,Cee's Tizzy,Cee's Song,Notebook,Trithenia,Halo,Wishing Well,ノーザンテースト,シヤダイマイン,ロイヤルスキー,オキワカ,トニービン,ライトオンタイム,Nearctic,Natalma,Admiral's Voyage,Petitioner,Fappiano,Ruby Slippers,Forli,True Reality,Relaunch,テイズリー,Seattle Song,Lonely Dancer,Well Decorated,Mobcap,Gold Meridian,Tri Argo,Hail to Reason,Cosmah,Understanding,Mountain Flower,Northern Dancer,Lady Victoria,ヒッティングアウェー,ファンシミン,Raja Baba,Coz o'Nijinsky,リマンド,ワカクモ,カンパラ,Severn Bridge,ノーザンテースト,エンペリーズゴールド
2020101434,シャンハイボビー,ラッポルティ,Harlan's Holiday,Steelin',ジャングルポケット,クラウンザショパン,Harlan,Christmas in Aiken,Orientate,Steel Band,トニービン,ダンスチャーマー,ゴールドアリュール,ピアニスト,Storm Cat,Country Romance,Affirmed,Dowager,Mt. Livermore,Dream Team,Carson City,ウェディングバンド,カンパラ,Severn Bridge,Nureyev,Skillful Joy,サンデーサイレンス,ニキーヤ,ホワイトマズル,ミツワイーグル,Storm Bird,Terlingua,Halo,Sweet Romance,Exclusive Native,Won't Tell You,Honest Pleasure,Princessnesian,Blushing Groom,Flama Ardiente,Cox's Ridge,Likely Double,Mr. Prospector,Blushing Promise,Mighty Appealing,Ring of Steel,Kalamoun,State Pension,Hornbeam,Priddy Fair,Northern Dancer,Special,Nodouble,Skillful Miss,Halo,Wishing Well,Nureyev,Reluctant Guest,ダンシングブレーヴ,Fair of the Furze,アンバーシャダイ,シヤダイアイレス
