index,着順,race_type,course_len,ground_state,class,peds_0,peds_1,peds_2,peds_3,peds_4,peds_5,peds_6,peds_7,peds_8,peds_9,peds_10,peds_11,peds_12,peds_13,peds_14,peds_15,peds_16,peds_17,peds_18,peds_19,peds_20,peds_21,peds_22,peds_23,peds_24,peds_25,peds_26,peds_27,peds_28,peds_29,peds_30,peds_31,peds_32,peds_33,peds_34,peds_35,peds_36,peds_37,peds_38,peds_39,peds_40,peds_41,peds_42,peds_43,peds_44,peds_45,peds_46,peds_47,peds_48,peds_49,peds_50,peds_51,peds_52,peds_53,peds_54,peds_55,peds_56,peds_57,peds_58,peds_59,peds_60,peds_61
202605010101,1,ダート,1400,良,未勝利,フィレンツェファイア,ミラクルクロス,Poseidon's Warrior,My Every Wish,フジキセキ,ロイヤルクロス,Speightstown,Poised to Pounce,Langfuhr,Mille Lacs,サンデーサイレンス,ミルレーサー,スリルショー,スタームーン,Gone West,Silken Cat,Smarten,Lady Lyndy,Danzig,Sweet Briar Too,Unbridled,With Every Wish,Halo,Wishing Well,Le Fabuleux,Marston's Mill,Northern Baby,Splendid Girl,シャトーゲイ,ブラックバトー,Mr. Prospector,Secrettame,Storm Cat,Silken Doll,Cyane,Smartaire,Bold Favorite,Counterflight,Northern Dancer,Pas de Nom,Briartic,Prima Babu Gum,Fappiano,Gana Facil,Lear Fan,Amo,Hail to Reason,Cosmah,Understanding,Mountain Flower,Wild Risk,Anguar,In Reality,Millicent,Northern Dancer,Two Rings,Golden Eagle,Coccinea,Swaps,Banquet Bell,ヒンドスタン,チエス
202605010101,2,ダート,1400,良,未勝利,ドレフォン,タンタラス,Gio Ponti,Eltimaas,キングカメハメハ,ブエナビスタ,Tale of the Cat,Chipeta Springs,Ghostzapper,Najecam,Kingmambo,マンファス,スペシャルウィーク,ビワハイジ,Storm Cat,Yarn,Alydar,Salt Spring,Awesome Again,Baby Zip,Trempolino,Sue Warner,Mr. Prospector,Miesque,ラストタイクーン,Pilot Bird,サンデーサイレンス,キャンペンガール,Caerleon,アグサン,Storm Bird,Terlingua,Mr. Prospector,Narrate,Raise a Native,Sweet Tooth,Salt Marsh,Jungle Mythologic,Deputy Minister,Primal Force,Relaunch,Thirty Zip,Sharpen Up,Trephine,Forli,Bitty Girl,Raise a Native,Gold Digger,Nureyev,Pasadoble,トライマイベスト,Mill Princess,Blakeney,The Dancer,Halo,Wishing Well,マルゼンスキー,レディーシラオキ,Nijinsky,Foreseer,Lord Gayle,Santa Luciana
202605010101,3,ダート,1400,良,未勝利,ナダル,マラムデール,Blame,Ascending Angel,フレンチデピュティ,フサイチエアデール,Arch,Liable,Pulpit,Solar Colony,Deputy Minister,Mitterand,サンデーサイレンス,ラスティックベル,Kris S.,Aurora,Seeking the Gold,Bound,A.P. Indy,Preach,Pleasant Colony,Meteor Stage,Vice Regent,Mint Copy,Hold Your Peace,Laredo Lass,Halo,Wishing Well,Mr. Prospector,Ragtime Girl,Roberto,Sharp Queen,Danzig,Althea,Mr. Prospector,Con Game,Nijinsky,Special,Seattle Slew,Weekend Surprise,Mr. Prospector,Narrate,His Majesty,Sun Colony,Stage Door Johnny,Northern Meteor,Northern Dancer,Victoria Regina,Bunty's Flight,Shakney,Speak John,Blue Moon,Bold Ruler,Fortunate Isle,Hail to Reason,Cosmah,Understanding,Mountain Flower,Raise a Native,Gold Digger,Francis S.,Swinging Doll
202605010101,4,ダート,1400,良,未勝利,ニューイヤーズデイ,セレンディップ,Street Cry,Justwhistledixie,ダイワメジャー,オペラレディ,Machiavellian,Helen Street,Dixie Union,General Jeanne,サンデーサイレンス,スカーレットブーケ,オペラハウス,レディステラ,Mr. Prospector,Coup de Folie,Troy,Waterway,Dixieland Band,She's Tops,Honour and Glory,Ahpo Hel,Halo,Wishing Well,ノーザンテースト,スカーレットインク,Sadler's Wells,Colorspin,Crafty Prospector,Maggie J. Jones,Raise a Native,Gold Digger,Halo,Raise the Standard,Petingo,La Milo,Riverman,Boulevard,Northern Dancer,Mississippi Mud,Capote,She's a Talent,Relaunch,Fair to All,Mr. Leader,Tiy,Hail to Reason,Cosmah,Understanding,Mountain Flower,Northern Dancer,Lady Victoria,Crimson Satan,Consentida,Northern Dancer,Fairy Bridge,High Top,Reprocolor,Mr. Prospector,Real Crafty Lady,Angle Light,Two Bidders
202605010101,5,ダート,1400,良,未勝利,サンダースノー,シカゴテソーロ,Helmet,Eastern Joy,Maclean's Music,Toula,Exceed And Excel,Accessories,Dubai Destination,Red Slippers,Distorted Humor,Forest Music,Bold Executive,Escape Reality,デインヒル,Patrona,シングスピール,Anna Matrushka,Kingmambo,Mysterial,Nureyev,Morning Devotion,フォーティナイナー,Danzig's Beauty,Unbridled's Song,Defer West,Bold Ruckus,Arctic Vixen,Lear Fan,Miss Reality,Danzig,Razyana,Lomond,Gladiolus,In the Wings,Glorious Song,Mill Reef,Anna Paola,Mr. Prospector,Miesque,Alleged,Mysteries,Northern Dancer,Special,Affirmed,Morning Has Broken,Mr. Prospector,File,Danzig,Sweetest Chant,Unbridled,Trolley Song,Gone West,Defer,Boldnesian,Raise a Ruckus,Victoria Park,Arctic Fancy,Roberto,Wac,In Reality,In the Offing
202605010101,6,ダート,1400,良,未勝利,クリソベリル,シャルムダムール,ゴールドアリュール,クリソプレーズ,ディープインパクト,メダリアダムール,サンデーサイレンス,ニキーヤ,エルコンドルパサー,キャサリーンパー,サンデーサイレンス,ウインドインハーヘア,Medaglia d'Oro,Izara,Halo,Wishing Well,Nureyev,Reluctant Guest,Kingmambo,サドラーズギャル,Riverman,Regal Exception,Halo,Wishing Well,Alzao,Burghclere,El Prado,Cappucino Bay,ブラッシングジョン,Zalataia,Hail to Reason,Cosmah,Understanding,Mountain Flower,Northern Dancer,Special,Hostage,Vaguely Royal,Mr. Prospector,Miesque,Sadler's Wells,Glenveagh,Never Bend,River Lady,Ribot,Rajput Princess,Hail to Reason,Cosmah,Understanding,Mountain Flower,Lyphard,Lady Rebecca,Busted,Highclere,Sadler's Wells,Lady Capulet,Bailjumper,Dubbed In,Blushing Groom,La Griffe,ディクタス,Tapioquerie
202605010101,7,ダート,1400,良,未勝利,セイウンコウセイ,ニシノビアンカ,アドマイヤムーン,オブザーヴァント,クロフネ,リンガフランカ,エンドスウィープ,マイケイティーズ,Capote,パテントリークリア,フレンチデピュティ,ブルーアヴェニュー,サンデーサイレンス,フランクアーギュメント,フォーティナイナー,Broom Dance,サンデーサイレンス,ケイティーズファースト,Seattle Slew,Too Bald,Miswaki,Badge of Courage,Deputy Minister,Mitterand,Classic Go Go,Eliza Blue,Halo,Wishing Well,Argument,Franca,Mr. Prospector,File,Dance Spell,Witching Hour,Halo,Wishing Well,Kris,Katies,Bold Reasoning,My Charmer,Bald Eagle,Hidden Talent,Mr. Prospector,Hopespringseternal,Well Decorated,Tamerett,Vice Regent,Mint Copy,Hold Your Peace,Laredo Lass,Pago Pago,Classic Perfection,Icecapade,コレラ,Hail to Reason,Cosmah,Understanding,Mountain Flower,Kautokeino,Arantelle,ヴァイスリーガル,Tudor Gwen
202605010101,8,ダート,1400,良,未勝利,フィレンツェファイア,レッドブリエ,Poseidon's Warrior,My Every Wish,ディープインパクト,アルレシャ,Speightstown,Poised to Pounce,Langfuhr,Mille Lacs,サンデーサイレンス,ウインドインハーヘア,Marju,レーヴディマン,Gone West,Silken Cat,Smarten,Lady Lyndy,Danzig,Sweet Briar Too,Unbridled,With Every Wish,Halo,Wishing Well,Alzao,Burghclere,ラストタイクーン,Flame of Tara,Highest Honor,Numidie,Mr. Prospector,Secrettame,Storm Cat,Silken Doll,Cyane,Smartaire,Bold Favorite,Counterflight,Northern Dancer,Pas de Nom,Briartic,Prima Babu Gum,Fappiano,Gana Facil,Lear Fan,Amo,Hail to Reason,Cosmah,Understanding,Mountain Flower,Lyphard,Lady Rebecca,Busted,Highclere,トライマイベスト,Mill Princess,アーテイアス,Welsh Flame,Kenmare,High River,バイアモン,Yamuna
202605010101,9,ダート,1400,良,未勝利,ルヴァンスレーヴ,スターインパルス,シンボリクリスエス,マエストラーレ,サウスヴィグラス,コパノジャーノー,Kris S.,Tee Kay,ネオユニヴァース,オータムブリーズ,エンドスウィープ,ダーケストスター,エリシオ,ステファーナ,Roberto,Sharp Queen,Gold Meridian,Tri Argo,サンデーサイレンス,ポインテッドパス,ティンバーカントリー,セプテンバーソング,フォーティナイナー,Broom Dance,Star de Naskra,Minnie Riperton,Fairy King,Helice,リアルシャダイ,ダイナコマネチ,Hail to Reason,Bramalea,Princequillo,Bridgework,Seattle Slew,Queen Louie,Tri Jet,Hail Proudly,Halo,Wishing Well,Kris,Silken Way,Woodman,Fall Aspen,リアルシャダイ,ダイナフェアリー,Mr. Prospector,File,Dance Spell,Witching Hour,Naskra,Candle Star,Cornish Prince,English Harbor,Northern Dancer,Fairy Bridge,Slewpy,Hirondelle,Roberto,Desert Vixen,ノーザンテースト,シャダイリーズン
202605010101,10,ダート,1400,良,未勝利,Palace Pier,ミノレット,Kingman,Beach Frolic,Smart Strike,Silk And Scarlet,Invincible Spirit,Zenda,Nayef,Night Frolic,Mr. Prospector,Classy 'n Smart,Sadler's Wells,Danilova,Green Desert,Rafha,Zamindar,Hope,Gulch,Height of Fashion,Night Shift,Miss d'Ouilly,Raise a Native,Gold Digger,Smarten,No Class,Northern Dancer,Fairy Bridge,Lyphard,Ballinderry,Danzig,Foreign Courier,Kris,Eljazzi,Gone West,Zaizafon,ダンシングブレーヴ,Bahamian,Mr. Prospector,Jameela,Bustino,Highclere,Northern Dancer,Ciboulette,Bikala,Miss Satin,Native Dancer,Raise You,Nashua,Sequence,Cyane,Smartaire,Nodouble,Classy Quillo,Nearctic,Natalma,Bold Reason,Special,Northern Dancer,Goofed,Irish River,Miss Manon
202605010101,11,ダート,1400,良,未勝利,ヘニーヒューズ,オーパキャマラード,ヘネシー,Meadow Flyer,ダンカーク,クロワラモー,Storm Cat,Island Kitty,Meadowlake,Shortley,Unbridled's Song,Secret Status,スペシャルウィーク,メジェール,Storm Bird,Terlingua,Hawaii,T. C. Kitten,Hold Your Peace,Suspicious Native,Hagley,Short Winded,Unbridled,Trolley Song,A.P. Indy,Private Status,サンデーサイレンス,キャンペンガール,タバスコキャット,カスパースカイゴールド,Northern Dancer,South Ocean,Secretariat,Crimson Saint,Utrillo,Ethane,Tom Cat,Needlebug,Speak John,Blue Moon,Raise a Native,Be Suspicious,Olden Times,Teo Pepi,Harvest Singing,Wild Cloud,Fappiano,Gana Facil,Caro,Lucky Spell,Seattle Slew,Weekend Surprise,Alydar,Miss Eva,Halo,Wishing Well,マルゼンスキー,レディーシラオキ,Storm Cat,Barbicue Sauce,Seeking the Gold,ビベ
202605010101,12,ダート,1400,良,未勝利,マクフィ,ヴェルデライト,Dubawi,Dhelaal,ディープインパクト,ネオンデライト,Dubai Millennium,Zomaradah,Green Desert,Irish Valley,サンデーサイレンス,ウインドインハーヘア,Gone West,Sparkling Delite,Seeking the Gold,Colorado Dancer,Deploy,Jawaher,Danzig,Foreign Courier,Irish River,Green Valley,Halo,Wishing Well,Alzao,Burghclere,Mr. Prospector,Secrettame,Vice Regent,Sparkling Topaz,Mr. Prospector,Con Game,Shareef Dancer,Fall Aspen,Shirley Heights,Slightly Dangerous,ダンシングブレーヴ,High Tern,Northern Dancer,Pas de Nom,Sir Ivor,Courtly Dee,Riverman,Irish Star,Val de Loir,Sly Pola,Hail to Reason,Cosmah,Understanding,Mountain Flower,Lyphard,Lady Rebecca,Busted,Highclere,Raise a Native,Gold Digger,Secretariat,Tamerett,Northern Dancer,Victoria Regina,Jacinto,Alotoffun
202605010101,13,ダート,1400,良,未勝利,ミッキーロケット,イリスファルコン,キングカメハメハ,マネーキャントバイミーラヴ,ダイワメジャー,ナナヨーティアラ,Kingmambo,マンファス,Pivotal,Sabreon,サンデーサイレンス,スカーレットブーケ,マイネルラヴ,ナナヨーストーム,Mr. Prospector,Miesque,ラストタイクーン,Pilot Bird,Polar Falcon,Fearless Revival,Caerleon,Sabria,Halo,Wishing Well,ノーザンテースト,スカーレットインク,Seeking the Gold,Heart of Joy,セレスティアルストーム,ナナヨーアトラス,Raise a Native,Gold Digger,Nureyev,Pasadoble,トライマイベスト,Mill Princess,Blakeney,The Dancer,Nureyev,Marie d'Argonne,Cozzene,Stufida,Nijinsky,Foreseer,Miswaki,Flood,Hail to Reason,Cosmah,Understanding,Mountain Flower,Northern Dancer,Lady Victoria,Crimson Satan,Consentida,Mr. Prospector,Con Game,リィフォー,Mythographer,Roberto,Tobira Celeste,バンブーアトラス,ナナヨーモア
202605010101,14,ダート,1400,良,未勝利,ディーマジェスティ,アイアンプラスワン,ディープインパクト,エルメスティアラ,シンボリクリスエス,チアフル,サンデーサイレンス,ウインドインハーヘア,ブライアンズタイム,シンコウエルメス,Kris S.,Tee Kay,Caerleon,Kartajana,Halo,Wishing Well,Alzao,Burghclere,Roberto,Kelley's Day,Sadler's Wells,Doff the Derby,Roberto,Sharp Queen,Gold Meridian,Tri Argo,Nijinsky,Foreseer,Shernazar,Karamita,Hail to Reason,Cosmah,Understanding,Mountain Flower,Lyphard,Lady Rebecca,Busted,Highclere,Hail to Reason,Bramalea,Graustark,Golden Trail,Northern Dancer,Fairy Bridge,Master Derby,Margarethen,Hail to Reason,Bramalea,Princequillo,Bridgework,Seattle Slew,Queen Louie,Tri Jet,Hail Proudly,Northern Dancer,Flaming Page,Round Table,Regal Gleam,Busted,Sharmeen,Shantung,Shahinaaz
202605010101,15,ダート,1400,良,未勝利,サトノダイヤモンド,ケンジントン,ディープインパクト,マルペンサ,Kitten's Joy,Rum Charger,サンデーサイレンス,ウインドインハーヘア,Orpen,Marsella,El Prado,Kitten's First,Spectrum,Park Charger,Halo,Wishing Well,Alzao,Burghclere,Lure,Bonita Francita,サザンヘイロー,Riviere,Sadler's Wells,Lady Capulet,Lear Fan,That's My Hon,Rainbow Quest,River Dancer,Tirol,Haitienne,Hail to Reason,Cosmah,Understanding,Mountain Flower,Lyphard,Lady Rebecca,Busted,Highclere,Danzig,Endear,Devil's Bag,Raise the Standard,Halo,Northern Sea,Logical,Talonada,Northern Dancer,Fairy Bridge,Sir Ivor,Cap and Bells,Roberto,Wac,L'Enjoleur,One Lane,Blushing Groom,I Will Follow,Irish River,Dancing Shadow,Thatching,Alpine Niece,Green Dancer,Hamada
202605010101,16,ダート,1400,良,未勝利,マインドユアビスケッツ,アイムオールレディセクシー,Posse,Jazzmane,Ready's Image,Klohho,Silver Deputy,Raska,Toccet,Alljazz,More Than Ready,Clever Phrase,Trempolino,Dintel,Deputy Minister,Silver Valley,Rahy,Borishka,Awesome Again,Cozzene's Angel,Stop the Music,Bounteous,サザンヘイロー,Woodman's Girl,Clever Trick,Turn a Phrase,Sharpen Up,Trephine,Bates Motel,Din Again,Vice Regent,Mint Copy,Mr. Prospector,Seven Valleys,Blushing Groom,Glorious Song,Roberto,Queen Maud,Deputy Minister,Primal Force,Cozzene,Charming Pan,Hail to Reason,Bebopper,Master Derby,Mlle. Quille,Halo,Northern Sea,Woodman,Becky Be Good,Icecapade,Kankakee Miss,Wavering Monarch,Turn n'See,エタン,Rocchetta,ヴァイスリーガル,Quiriquina,Sir Ivor,Sunday Purchase,Graustark,Patrina
202605010102,1,ダート,2100,良,1勝クラス,モーニン,モーニングテラス,ヘニーヒューズ,Giggly,ディープスカイ,ライステラス,ヘネシー,Meadow Flyer,Distorted Humor,Chaste,アグネスタキオン,アビ,ソングオブウインド,ファンタスティコ,Storm Cat,Island Kitty,Meadowlake,Shortley,フォーティナイナー,Danzig's Beauty,Cozzene,Purity,サンデーサイレンス,アグネスフローラ,Chief's Crown,Carmelized,エルコンドルパサー,メモリアルサマー,スピードワールド,スピードアイリス,Storm Bird,Terlingua,Hawaii,T. C. Kitten,Hold Your Peace,Suspicious Native,Hagley,Short Winded,Mr. Prospector,File,Danzig,Sweetest Chant,Caro,Ride the Trails,Fappiano,Dame Mysterieuse,Halo,Wishing Well,ロイヤルスキー,アグネスレディー,Danzig,Six Crowns,Key to the Mint,Carmelize,Kingmambo,サドラーズギャル,サンデーサイレンス,サマーワイン,Woodman,Gray Tab,ミスターシービー,ビューパーダンス
202605010102,2,ダート,2100,良,1勝クラス,エピファネイア,レディシビル,シンボリクリスエス,シーザリオ,Siyouni,Arsila,Kris S.,Tee Kay,スペシャルウィーク,キロフプリミエール,Pivotal,Sichilla,Tirol,Antakiya,Roberto,Sharp Queen,Gold Meridian,Tri Argo,サンデーサイレンス,キャンペンガール,Sadler's Wells,Querida,Polar Falcon,Fearless Revival,デインヒル,Slipstream Queen,Thatching,Alpine Niece,Ela-Mana-Mou,Aneyza,Hail to Reason,Bramalea,Princequillo,Bridgework,Seattle Slew,Queen Louie,Tri Jet,Hail Proudly,Halo,Wishing Well,マルゼンスキー,レディーシラオキ,Northern Dancer,Fairy Bridge,Habitat,Principia,Nureyev,Marie d'Argonne,Cozzene,Stufida,Danzig,Razyana,Conquistador Cielo,Country Queen,Thatch,Abella,Great Nephew,Fragrant Morn,ピットカーン,Rose Bertin,Blushing Groom,Anafa
202605010102,3,ダート,2100,良,1勝クラス,ニューイヤーズデイ,メロウメロディ,Street Cry,Justwhistledixie,キャプテンスティーヴ,シスタースルー,Machiavellian,Helen Street,Dixie Union,General Jeanne,Fly So Free,Sparkling Delite,スルーザドラゴン,ロジータ,Mr. Prospector,Coup de Folie,Troy,Waterway,Dixieland Band,She's Tops,Honour and Glory,Ahpo Hel,Time for a Change,Free to Fly,Vice Regent,Sparkling Topaz,Seattle Slew,Gueniviere,ミルジョージ,メロウマダング,Raise a Native,Gold Digger,Halo,Raise the Standard,Petingo,La Milo,Riverman,Boulevard,Northern Dancer,Mississippi Mud,Capote,She's a Talent,Relaunch,Fair to All,Mr. Leader,Tiy,Damascus,Resolver,Stevward,Dancing Lark,Northern Dancer,Victoria Regina,Jacinto,Alotoffun,Bold Reasoning,My Charmer,Prince John,Bold But Baffled,Mill Reef,Miss Charisma,マダング,スピードキヨフジ
202605010102,4,ダート,2100,良,1勝クラス,オルフェーヴル,スマートアリシア,ステイゴールド,オリエンタルアート,ファルブラヴ,スマートダイス,サンデーサイレンス,ゴールデンサッシュ,メジロマックイーン,エレクトロアート,Fairy King,Gift of the Night,Point Given,Autumn Moon,Halo,Wishing Well,ディクタス,ダイナサッシュ,メジロティターン,メジロオーロラ,ノーザンテースト,グランマスティーヴンス,Northern Dancer,Fairy Bridge,Slewpy,Little Nana,サンダーガルチ,Turko's Turn,Mr. Prospector,Lypatia,Hail to Reason,Cosmah,Understanding,Mountain Flower,Sanctus,Doronic,ノーザンテースト,ロイヤルサッシュ,メジロアサマ,シエリル,リマンド,メジロアイリス,Northern Dancer,Lady Victoria,Lt. Stevens,Dhow,Nearctic,Natalma,Bold Reason,Special,Seattle Slew,Rare Bouquet,Lithiot,Nenana Road,Gulch,Line of Thunder,Turkoman,Turbo Launch,Raise a Native,Gold Digger,Lyphard,Hypatia
202605010102,5,ダート,2100,良,1勝クラス,サトノアラジン,ショウナンカガリビ,ディープインパクト,マジックストーム,フレンチデピュティ,ショウナンアクシア,サンデーサイレンス,ウインドインハーヘア,Storm Cat,Foppy Dancer,Deputy Minister,Mitterand,ヘクタープロテクター,ショウナンプリティ,Halo,Wishing Well,Alzao,Burghclere,Storm Bird,Terlingua,Fappiano,Water Dance,Vice Regent,Mint Copy,Hold Your Peace,Laredo Lass,Woodman,Korveya,ウォロー,メジロハリマ,Hail to Reason,Cosmah,Understanding,Mountain Flower,Lyphard,Lady Rebecca,Busted,Highclere,Northern Dancer,South Ocean,Secretariat,Crimson Saint,Mr. Prospector,Killaloe,Nijinsky,Luiana,Northern Dancer,Victoria Regina,Bunty's Flight,Shakney,Speak John,Blue Moon,Bold Ruler,Fortunate Isle,Mr. Prospector,プレイメイト,Riverman,Konafa,Wolver Hollow,Wichuraiana,ネヴァービート,アサマユリ
202605010102,6,ダート,2100,良,1勝クラス,ブリックスアンドモルタル,サボールアトリウンフォ,Giant's Causeway,Beyond the Waves,Dance Brightly,Sally Mash,Storm Cat,Mariah's Storm,Ocean Crest,Excedent,Mr. Prospector,Dance Smartly,Mash One,Carriole,Storm Bird,Terlingua,Rahy,イメンス,Storm Bird,S.S.Aroma,Exceller,Broadway Lullaby,Raise a Native,Gold Digger,Danzig,Classy 'n Smart,Mashkour,Exing,Worldwatch,Sensitive,Northern Dancer,South Ocean,Secretariat,Crimson Saint,Blushing Groom,Glorious Song,Roberto,Imsodear,Northern Dancer,South Ocean,Seattle Slew,Rare Bouquet,Vaguely Noble,Too Bald,Stage Door Johnny,リットルブレツシング,Native Dancer,Raise You,Nashua,Sequence,Northern Dancer,Pas de Nom,Smarten,No Class,Irish River,Sancta Rose,Exceller,Twinkling Danzig,Nijinsky,Georgica,Maribeau,Sensitiv Elizabeth
202605010102,7,ダート,2100,良,1勝クラス,ディーマジェスティ,グリサージュ,ディープインパクト,エルメスティアラ,クロフネ,リトルブレッシング,サンデーサイレンス,ウインドインハーヘア,ブライアンズタイム,シンコウエルメス,フレンチデピュティ,ブルーアヴェニュー,バブルガムフェロー,サワヤカプリンセス,Halo,Wishing Well,Alzao,Burghclere,Roberto,Kelley's Day,Sadler's Wells,Doff the Derby,Deputy Minister,Mitterand,Classic Go Go,Eliza Blue,サンデーサイレンス,バブルカンパニー,ノーザンテースト,スコッチプリンセス,Hail to Reason,Cosmah,Understanding,Mountain Flower,Lyphard,Lady Rebecca,Busted,Highclere,Hail to Reason,Bramalea,Graustark,Golden Trail,Northern Dancer,Fairy Bridge,Master Derby,Margarethen,Vice Regent,Mint Copy,Hold Your Peace,Laredo Lass,Pago Pago,Classic Perfection,Icecapade,コレラ,Halo,Wishing Well,Lyphard,Prodice,Northern Dancer,Lady Victoria,Creme dela Creme,Meadow Saffron
202605010102,8,ダート,2100,良,1勝クラス,ルヴァンスレーヴ,ハートフルデイズ,シンボリクリスエス,マエストラーレ,キングカメハメハ,グローリアスデイズ,Kris S.,Tee Kay,ネオユニヴァース,オータムブリーズ,Kingmambo,マンファス,サンデーサイレンス,グレースアドマイヤ,Roberto,Sharp Queen,Gold Meridian,Tri Argo,サンデーサイレンス,ポインテッドパス,ティンバーカントリー,セプテンバーソング,Mr. Prospector,Miesque,ラストタイクーン,Pilot Bird,Halo,Wishing Well,トニービン,バレークイーン,Hail to Reason,Bramalea,Princequillo,Bridgework,Seattle Slew,Queen Louie,Tri Jet,Hail Proudly,Halo,Wishing Well,Kris,Silken Way,Woodman,Fall Aspen,リアルシャダイ,ダイナフェアリー,Raise a Native,Gold Digger,Nureyev,Pasadoble,トライマイベスト,Mill Princess,Blakeney,The Dancer,Hail to Reason,Cosmah,Understanding,Mountain Flower,カンパラ,Severn Bridge,Sadler's Wells,Sun Princess
202605010102,9,ダート,2100,良,1勝クラス,ホッコータルマエ,ランミネルバ,キングカメハメハ,マダムチェロキー,アグネスタキオン,アクイレジア,Kingmambo,マンファス,Cherokee Run,アンフォイルド,サンデーサイレンス,アグネスフローラ,フォーティナイナー,ロジータ,Mr. Prospector,Miesque,ラストタイクーン,Pilot Bird,Runaway Groom,Cherokee Dame,Unbridled,Bold Foil,Halo,Wishing Well,ロイヤルスキー,アグネスレディー,Mr. Prospector,File,ミルジョージ,メロウマダング,Raise a Native,Gold Digger,Nureyev,Pasadoble,トライマイベスト,Mill Princess,Blakeney,The Dancer,Blushing Groom,Yonnie Girl,Silver Saber,Dame Francesca,Fappiano,Gana Facil,Bold Forbes,Perfect Foil,Hail to Reason,Cosmah,Understanding,Mountain Flower,Raja Baba,Coz o'Nijinsky,リマンド,イコマエイカン,Raise a Native,Gold Digger,Tom Rolfe,Continue,Mill Reef,Miss Charisma,マダング,スピードキヨフジ
202605010102,10,ダート,2100,良,1勝クラス,モーニン,ナムラアピア,ヘニーヒューズ,Giggly,クロフネ,ストロングソレイユ,ヘネシー,Meadow Flyer,Distorted Humor,Chaste,フレンチデピュティ,ブルーアヴェニュー,ニホンピロウイナー,リミウッド,Storm Cat,Island Kitty,Meadowlake,Shortley,フォーティナイナー,Danzig's Beauty,Cozzene,Purity,Deputy Minister,Mitterand,Classic Go Go,Eliza Blue,スティールハート,ニホンピロエバート,Woodman,Dictina,Storm Bird,Terlingua,Hawaii,T. C. Kitten,Hold Your Peace,Suspicious Native,Hagley,Short Winded,Mr. Prospector,File,Danzig,Sweetest Chant,Caro,Ride the Trails,Fappiano,Dame Mysterieuse,Vice Regent,Mint Copy,Hold Your Peace,Laredo Lass,Pago Pago,Classic Perfection,Icecapade,コレラ,Habitat,A.,チャイナロック,ライトフレーム,Mr. Prospector,プレイメイト,ディクタス,Cesarina
202605010102,11,ダート,2100,良,1勝クラス,ゴールドアクター,パテオドバテール,スクリーンヒーロー,ヘイロンシン,Shirocco,Kuesta Ragazza,グラスワンダー,ランニングヒロイン,キョウワアリシバ,ハッピーヒエン,Monsun,So Sedulous,Hibernian Rhapsody,Talia Fighter,Silver Hawk,Ameriflora,サンデーサイレンス,ダイナアクトレス,Alysheba,Sulemeif,マナード,ブゼンフブキ,Konigsstuhl,Mosella,The Minstrel,Sedulous,Darshaan,Elegance in Design,Irish Fighter,Saguenay,Roberto,Gris Vitesse,Danzig,Graceful Touch,Halo,Wishing Well,ノーザンテースト,モデルスポート,Alydar,Bel Sheba,Northern Dancer,Barely Even,Captain's Gig,Slipstream,セダン,トサクイン,Dschingis Khan,Konigskronung,Surumu,Monasia,Northern Dancer,Fleur,タップオンウッド,Pendulina,Shirley Heights,Delsy,Habitat,Areola,Irish River,Go On Dreaming,Sham,Flyover
202605010102,12,ダート,2100,良,1勝クラス,キタサンブラック,リントス,ブラックタイド,シュガーハート,ウォーエンブレム,コニャックレディ,サンデーサイレンス,ウインドインハーヘア,サクラバクシンオー,オトメゴコロ,Our Emblem,Sweetest Lady,Olympio,Carmanetta,Halo,Wishing Well,Alzao,Burghclere,サクラユタカオー,サクラハゴロモ,ジャッジアンジェルーチ,テイズリー,Mr. Prospector,Personal Ensign,Lord at War,Sweetest Roman,Naskra,Carols Christmas,Roberto,True Native,Hail to Reason,Cosmah,Understanding,Mountain Flower,Lyphard,Lady Rebecca,Busted,Highclere,テスコボーイ,アンジェリカ,ノーザンテースト,クリアアンバー,Honest Pleasure,Victorian Queen,Lyphard,Tizna,Raise a Native,Gold Digger,Private Account,Grecian Banner,General,Luna de Miel,The Pruner,I Also,Nasram,Iskra,Whitesburg,Light Verse,Hail to Reason,Bramalea,Raise a Native,Fleeting Doll
202605010102,13,ダート,2100,良,1勝クラス,レッドファルクス,ウララカ,スウェプトオーヴァーボード,ベルモット,ワイルドラッシュ,マルカサワヤカ,エンドスウィープ,Sheer Ice,サンデーサイレンス,レガシーオブストレングス,Wild Again,Rose Park,サンデーサイレンス,サワヤカプリンセス,フォーティナイナー,Broom Dance,Cutlass,Hey Dolly A.,Halo,Wishing Well,Affirmed,Katonka,Icecapade,Bushel-n-Peck,Plugged Nickle,Hardship,Halo,Wishing Well,ノーザンテースト,スコッチプリンセス,Mr. Prospector,File,Dance Spell,Witching Hour,Damascus,Aphonia,Ambehaving,Swift Deal,Hail to Reason,Cosmah,Understanding,Mountain Flower,Exclusive Native,Won't Tell You,Minnesota Mac,Minnetonka,Nearctic,Shenanigans,Khaled,Dama,Key to the Mint,Toll Booth,Drone,Hard and Fast,Hail to Reason,Cosmah,Understanding,Mountain Flower,Northern Dancer,Lady Victoria,Creme dela Creme,Meadow Saffron
202605010102,14,ダート,2100,良,1勝クラス,ルヴァンスレーヴ,ワシントンレガシー,シンボリクリスエス,マエストラーレ,クロフネ,フロールデセレッソ,Kris S.,Tee Kay,ネオユニヴァース,オータムブリーズ,フレンチデピュティ,ブルーアヴェニュー,スウェプトオーヴァーボード,フローリッドコート,Roberto,Sharp Queen,Gold Meridian,Tri Argo,サンデーサイレンス,ポインテッドパス,ティンバーカントリー,セプテンバーソング,Deputy Minister,Mitterand,Classic Go Go,Eliza Blue,エンドスウィープ,Sheer Ice,サンデーサイレンス,スプリングコート,Hail to Reason,Bramalea,Princequillo,Bridgework,Seattle Slew,Queen Louie,Tri Jet,Hail Proudly,Halo,Wishing Well,Kris,Silken Way,Woodman,Fall Aspen,リアルシャダイ,ダイナフェアリー,Vice Regent,Mint Copy,Hold Your Peace,Laredo Lass,Pago Pago,Classic Perfection,Icecapade,コレラ,フォーティナイナー,Broom Dance,Cutlass,Hey Dolly A.,Halo,Wishing Well,トニービン,サクラハゴロモ
202605010102,15,ダート,2100,良,1勝クラス,サトノダイヤモンド,トールディクイント,ディープインパクト,マルペンサ,Sea The Stars Sea the Stars,Aquila D'oriente,サンデーサイレンス,ウインドインハーヘア,Orpen,Marsella,Cape Cross,Urban Sea,Dubawi,Fanofadiga,Halo,Wishing Well,Alzao,Burghclere,Lure,Bonita Francita,サザンヘイロー,Riviere,Green Desert,Park Appeal,Miswaki,Allegretta,Dubai Millennium,Zomaradah,Alzao,Gift of the Night,Hail to Reason,Cosmah,Understanding,Mountain Flower,Lyphard,Lady Rebecca,Busted,Highclere,Danzig,Endear,Devil's Bag,Raise the Standard,Halo,Northern Sea,Logical,Talonada,Danzig,Foreign Courier,Ahonoora,Balidaress,Mr. Prospector,Hopespringseternal,Lombard,Anatevka,Seeking the Gold,Colorado Dancer,Deploy,Jawaher,Lyphard,Lady Rebecca,Slewpy,Little Nana
202605010102,16,ダート,2100,良,1勝クラス,フリオーソ,ルヴェソンヴェール,ブライアンズタイム,ファーザ,クロフネ,フェートデュヴァン,Roberto,Kelley's Day,Mr. Prospector,Baya,フレンチデピュティ,ブルーアヴェニュー,メジロマックイーン,マーサズヴィンヤード,Hail to Reason,Bramalea,Graustark,Golden Trail,Raise a Native,Gold Digger,Nureyev,Barger,Deputy Minister,Mitterand,Classic Go Go,Eliza Blue,メジロティターン,メジロオーロラ,Nijinsky,Crooning Water,Turn-to,Nothirdchance,Nashua,Rarelea,Ribot,Flower Bowl,Hasty Road,Sunny Vale,Native Dancer,Raise You,Nashua,Sequence,Northern Dancer,Special,Riverman,Trillion,Vice Regent,Mint Copy,Hold Your Peace,Laredo Lass,Pago Pago,Classic Perfection,Icecapade,コレラ,メジロアサマ,シエリル,リマンド,メジロアイリス,Northern Dancer,Flaming Page,Riva Ridge,Gliding By
202605010103,1,ダート,1600,良,未勝利,モズアスコット,ネフェルティティ,Frankel,India,ゴールドアリュール,ラヴェリータ,Galileo,Kind,ヘネシー,Misty Hour,サンデーサイレンス,ニキーヤ,Unbridled's Song,Go Classic,Sadler's Wells,Urban Sea,デインヒル,Rainbow Lake,Storm Cat,Island Kitty,Miswaki,Our Tina Marie,Halo,Wishing Well,Nureyev,Reluctant Guest,Unbridled,Trolley Song,Gone West,Seattle Classic,Northern Dancer,Fairy Bridge,Miswaki,Allegretta,Danzig,Razyana,Rainbow Quest,Rockfest,Storm Bird,Terlingua,Hawaii,T. C. Kitten,Mr. Prospector,Hopespringseternal,Nijinsky,Java Moon,Hail to Reason,Cosmah,Understanding,Mountain Flower,Northern Dancer,Special,Hostage,Vaguely Royal,Fappiano,Gana Facil,Caro,Lucky Spell,Mr. Prospector,Secrettame,Seattle Slew,Classy 'n Smart
202605010103,2,ダート,1600,良,未勝利,モズアスコット,ラブアンドピース,Frankel,India,キングカメハメハ,ピースオブワールド,Galileo,Kind,ヘネシー,Misty Hour,Kingmambo,マンファス,サンデーサイレンス,ビバムール,Sadler's Wells,Urban Sea,デインヒル,Rainbow Lake,Storm Cat,Island Kitty,Miswaki,Our Tina Marie,Mr. Prospector,Miesque,ラストタイクーン,Pilot Bird,Halo,Wishing Well,Caerleon,Muffitys,Northern Dancer,Fairy Bridge,Miswaki,Allegretta,Danzig,Razyana,Rainbow Quest,Rockfest,Storm Bird,Terlingua,Hawaii,T. C. Kitten,Mr. Prospector,Hopespringseternal,Nijinsky,Java Moon,Raise a Native,Gold Digger,Nureyev,Pasadoble,トライマイベスト,Mill Princess,Blakeney,The Dancer,Hail to Reason,Cosmah,Understanding,Mountain Flower,Nijinsky,Foreseer,Thatch,Contrail
202605010103,3,ダート,1600,良,未勝利,クリソベリル,ミトス,ゴールドアリュール,クリソプレーズ,エンパイアメーカー,リベラノ,サンデーサイレンス,ニキーヤ,エルコンドルパサー,キャサリーンパー,Unbridled,Toussaud,Rubiano,Skillful Joy,Halo,Wishing Well,Nureyev,Reluctant Guest,Kingmambo,サドラーズギャル,Riverman,Regal Exception,Fappiano,Gana Facil,El Gran Senor,Image of Reality,Fappiano,Ruby Slippers,Nodouble,Skillful Miss,Hail to Reason,Cosmah,Understanding,Mountain Flower,Northern Dancer,Special,Hostage,Vaguely Royal,Mr. Prospector,Miesque,Sadler's Wells,Glenveagh,Never Bend,River Lady,Ribot,Rajput Princess,Mr. Prospector,Killaloe,Le Fabuleux,Charedi,Northern Dancer,Sex Appeal,In Reality,Edee's Image,Mr. Prospector,Killaloe,Nijinsky,Moon Glitter,Noholme,Abla-Jay,Daryl's Joy,Poliniss
202605010103,4,ダート,1600,良,未勝利,サンダースノー,アカリ,Helmet,Eastern Joy,ネオユニヴァース,ヤナビ,Exceed And Excel,Accessories,Dubai Destination,Red Slippers,サンデーサイレンス,ポインテッドパス,Silver Hawk,Halholah,デインヒル,Patrona,シングスピール,Anna Matrushka,Kingmambo,Mysterial,Nureyev,Morning Devotion,Halo,Wishing Well,Kris,Silken Way,Roberto,Gris Vitesse,セクレト,Sugar and Spice,Danzig,Razyana,Lomond,Gladiolus,In the Wings,Glorious Song,Mill Reef,Anna Paola,Mr. Prospector,Miesque,Alleged,Mysteries,Northern Dancer,Special,Affirmed,Morning Has Broken,Hail to Reason,Cosmah,Understanding,Mountain Flower,Sharpen Up,Doubly Sure,Shantung,Boulevard,Hail to Reason,Bramalea,Amerigo,Matchiche,Northern Dancer,Betty's Secret,Key to the Mint,Sweet Tooth
202605010103,5,ダート,1600,良,未勝利,サートゥルナーリア,ガールオンファイア,ロードカナロア,シーザリオ,アグネスタキオン,レディブロンド,キングカメハメハ,レディブラッサム,スペシャルウィーク,キロフプリミエール,サンデーサイレンス,アグネスフローラ,Seeking the Gold,ウインドインハーヘア,Kingmambo,マンファス,Storm Cat,サラトガデュー,サンデーサイレンス,キャンペンガール,Sadler's Wells,Querida,Halo,Wishing Well,ロイヤルスキー,アグネスレディー,Mr. Prospector,Con Game,Alzao,Burghclere,Mr. Prospector,Miesque,ラストタイクーン,Pilot Bird,Storm Bird,Terlingua,Cormorant,Super Luna,Halo,Wishing Well,マルゼンスキー,レディーシラオキ,Northern Dancer,Fairy Bridge,Habitat,Principia,Hail to Reason,Cosmah,Understanding,Mountain Flower,Raja Baba,Coz o'Nijinsky,リマンド,イコマエイカン,Raise a Native,Gold Digger,Buckpasser,Broadway,Lyphard,Lady Rebecca,Busted,Highclere
202605010103,6,ダート,1600,良,未勝利,リアルスティール,セルキス,ディープインパクト,ラヴズオンリーミー,Monsun,Schwarzach,サンデーサイレンス,ウインドインハーヘア,Storm Cat,Monevassia,Konigsstuhl,Mosella,Grand Lodge,Schwarzmeer,Halo,Wishing Well,Alzao,Burghclere,Storm Bird,Terlingua,Mr. Prospector,Miesque,Dschingis Khan,Konigskronung,Surumu,Monasia,Chief's Crown,La Papagena,Kings Lake,Sankt Johanna,Hail to Reason,Cosmah,Understanding,Mountain Flower,Lyphard,Lady Rebecca,Busted,Highclere,Northern Dancer,South Ocean,Secretariat,Crimson Saint,Raise a Native,Gold Digger,Nureyev,Pasadoble,Tamerlane,Donna Diana,Tiepoletto,Kronung,Literat,Surama,Authi,Monacensia,Danzig,Six Crowns,Habitat,Magic Flute,Nijinsky,Fish-Bar,High Game,Semiramis
202605010103,7,ダート,1600,良,未勝利,クリソベリル,ビキニブロンド,ゴールドアリュール,クリソプレーズ,キングカメハメハ,モンローブロンド,サンデーサイレンス,ニキーヤ,エルコンドルパサー,キャサリーンパー,Kingmambo,マンファス,アドマイヤベガ,ソニンク,Halo,Wishing Well,Nureyev,Reluctant Guest,Kingmambo,サドラーズギャル,Riverman,Regal Exception,Mr. Prospector,Miesque,ラストタイクーン,Pilot Bird,サンデーサイレンス,ベガ,Machiavellian,Sonic Lady,Hail to Reason,Cosmah,Understanding,Mountain Flower,Northern Dancer,Special,Hostage,Vaguely Royal,Mr. Prospector,Miesque,Sadler's Wells,Glenveagh,Never Bend,River Lady,Ribot,Rajput Princess,Raise a Native,Gold Digger,Nureyev,Pasadoble,トライマイベスト,Mill Princess,Blakeney,The Dancer,Halo,Wishing Well,トニービン,アンティックヴァリュー,Mr. Prospector,Coup de Folie,Nureyev,Stumped
202605010103,8,ダート,1600,良,未勝利,ナダル,バニーテール,Blame,Ascending Angel,カネヒキリ,ウィンターコスモス,Arch,Liable,Pulpit,Solar Colony,フジキセキ,ライフアウトゼア,キングカメハメハ,ミスパスカリ,Kris S.,Aurora,Seeking the Gold,Bound,A.P. Indy,Preach,Pleasant Colony,Meteor Stage,サンデーサイレンス,ミルレーサー,Deputy Minister,Silver Valley,Kingmambo,マンファス,Mr. Greeley,ブルーアヴェニュー,Roberto,Sharp Queen,Danzig,Althea,Mr. Prospector,Con Game,Nijinsky,Special,Seattle Slew,Weekend Surprise,Mr. Prospector,Narrate,His Majesty,Sun Colony,Stage Door Johnny,Northern Meteor,Halo,Wishing Well,Le Fabuleux,Marston's Mill,Vice Regent,Mint Copy,Mr. Prospector,Seven Valleys,Mr. Prospector,Miesque,ラストタイクーン,Pilot Bird,Gone West,Long Legend,Classic Go Go,Eliza Blue
202605010103,9,ダート,1600,良,未勝利,タリスマニック,ゴールドマリキヤ,Medaglia d'Oro,Magic Mission,ゴールドアリュール,マイチャン,El Prado,Cappucino Bay,Machiavellian,Dream Ticket,サンデーサイレンス,ニキーヤ,フォーティナイナー,ウメノローザ,Sadler's Wells,Lady Capulet,Bailjumper,Dubbed In,Mr. Prospector,Coup de Folie,Danzig,Capo Di Monte,Halo,Wishing Well,Nureyev,Reluctant Guest,Mr. Prospector,File,ノーザンディクテイター,ウメノシルバー,Northern Dancer,Fairy Bridge,Sir Ivor,Cap and Bells,Damascus,Court Circuit,Silent Screen,Society Singer,Raise a Native,Gold Digger,Halo,Raise the Standard,Northern Dancer,Pas de Nom,Final Straw,Burghclere,Hail to Reason,Cosmah,Understanding,Mountain Flower,Northern Dancer,Special,Hostage,Vaguely Royal,Raise a Native,Gold Digger,Tom Rolfe,Continue,Northern Dancer,Dictates,シルバーシャーク,ストロングベビー
202605010103,10,ダート,1600,良,未勝利,リオンディーズ,カウントオンイット,キングカメハメハ,シーザリオ,クロフネ,グローバルピース,Kingmambo,マンファス,スペシャルウィーク,キロフプリミエール,フレンチデピュティ,ブルーアヴェニュー,サンデーサイレンス,エミネントガール,Mr. Prospector,Miesque,ラストタイクーン,Pilot Bird,サンデーサイレンス,キャンペンガール,Sadler's Wells,Querida,Deputy Minister,Mitterand,Classic Go Go,Eliza Blue,Halo,Wishing Well,Nashwan,タレンティドガール,Raise a Native,Gold Digger,Nureyev,Pasadoble,トライマイベスト,Mill Princess,Blakeney,The Dancer,Halo,Wishing Well,マルゼンスキー,レディーシラオキ,Northern Dancer,Fairy Bridge,Habitat,Principia,Vice Regent,Mint Copy,Hold Your Peace,Laredo Lass,Pago Pago,Classic Perfection,Icecapade,コレラ,Hail to Reason,Cosmah,Understanding,Mountain Flower,Blushing Groom,Height of Fashion,リマンド,チヨダマサコ
202605010103,11,ダート,1600,良,未勝利,ダノンプレミアム,ケイココサージュ,ディープインパクト,インディアナギャル,ヘニーヒューズ,シークレットコサージュ,サンデーサイレンス,ウインドインハーヘア,Intikhab,Genial Jenny,ヘネシー,Meadow Flyer,Lost Soldier,Slew's Corsage,Halo,Wishing Well,Alzao,Burghclere,Red Ransom,Crafty Example,デインヒル,Joma Kaanem,Storm Cat,Island Kitty,Meadowlake,Shortley,Danzig,Lady Winborne,Secret Slew,Carnation,Hail to Reason,Cosmah,Understanding,Mountain Flower,Lyphard,Lady Rebecca,Busted,Highclere,Roberto,アラビア,Crafty Prospector,Zienelle,Danzig,Razyana,Double Form,Ash Lawn,Storm Bird,Terlingua,Hawaii,T. C. Kitten,Hold Your Peace,Suspicious Native,Hagley,Short Winded,Northern Dancer,Pas de Nom,Secretariat,Priceless Gem,Seattle Slew,Ack's Secret,カーホワイト,Emilia
202605010103,12,ダート,1600,良,未勝利,ミスチヴィアスアレックス,ブラックシュガー,Into Mischief,White Pants Night,ブラックタイド,キシュウソウシュウ,Harlan's Holiday,Leslie's Lady,Speightstown,More d'Amour,サンデーサイレンス,ウインドインハーヘア,Machiavellian,スーティー,Harlan,Christmas in Aiken,Tricky Creek,Crystal Lady,Gone West,Silken Cat,Tour d'Or,Love Connection,Halo,Wishing Well,Alzao,Burghclere,Mr. Prospector,Coup de Folie,Caerleon,アグサン,Storm Cat,Country Romance,Affirmed,Dowager,Clever Trick,Battle Creek Girl,Stop the Music,One Last Bird,Mr. Prospector,Secrettame,Storm Cat,Silken Doll,Medaille d'Or,Debby's Turn,Master Derby,Perfect Connection,Hail to Reason,Cosmah,Understanding,Mountain Flower,Lyphard,Lady Rebecca,Busted,Highclere,Raise a Native,Gold Digger,Halo,Raise the Standard,Nijinsky,Foreseer,Lord Gayle,Santa Luciana
202605010103,13,ダート,1600,良,未勝利,ディスクリートキャット,プリンセスケイト,Forestry,Pretty Discreet,Hard Spun,レディミドルトン,Storm Cat,Shared Interest,Private Account,Pretty Persuasive,Danzig,Turkish Tryst,Kingmambo,Danuta,Storm Bird,Terlingua,Pleasant Colony,Surgery,Damascus,Numbered Account,Believe It,Bury the Hatchet,Northern Dancer,Pas de Nom,Turkoman,Darbyvail,Mr. Prospector,Miesque,サンデーサイレンス,ポリッシュスタイル,Northern Dancer,South Ocean,Secretariat,Crimson Saint,His Majesty,Sun Colony,Dr. Fager,Bold Sequence,Sword Dancer,Kerala,Buckpasser,Intriguing,In Reality,Breakfast Bell,Tom Rolfe,Christmas Whishes,Nearctic,Natalma,Admiral's Voyage,Petitioner,Alydar,Taba,Roberto,Luiana,Raise a Native,Gold Digger,Nureyev,Pasadoble,Halo,Wishing Well,Danzig,Family Style
202605010103,14,ダート,1600,良,未勝利,ゴールドシップ,モハー,ステイゴールド,ポイントフラッグ,バトルプラン,サイタ,サンデーサイレンス,ゴールデンサッシュ,メジロマックイーン,パストラリズム,エンパイアメーカー,Flanders,ネオユニヴァース,プレイザフィールド,Halo,Wishing Well,ディクタス,ダイナサッシュ,メジロティターン,メジロオーロラ,プルラリズム,トクノエイティー,Unbridled,Toussaud,Seeking the Gold,Starlet Storm,サンデーサイレンス,ポインテッドパス,スキャン,エンジェルマインド,Hail to Reason,Cosmah,Understanding,Mountain Flower,Sanctus,Doronic,ノーザンテースト,ロイヤルサッシュ,メジロアサマ,シエリル,リマンド,メジロアイリス,The Minstrel,Cambretta,トライバルチーフ,アイアンルビー,Fappiano,Gana Facil,El Gran Senor,Image of Reality,Mr. Prospector,Con Game,Storm Bird,Cinegita,Halo,Wishing Well,Kris,Silken Way,Mr. Prospector,Video,Rahy,ウェルデン
202605010103,15,ダート,1600,良,未勝利,ミッキーグローリー,アテナブルー,ディープインパクト,メリッサ,ジャングルポケット,セイントセーラ,サンデーサイレンス,ウインドインハーヘア,ホワイトマズル,ストーミーラン,トニービン,ダンスチャーマー,Caerleon,マラブー,Halo,Wishing Well,Alzao,Burghclere,ダンシングブレーヴ,Fair of the Furze,トニービン,ウインドオブサマー,カンパラ,Severn Bridge,Nureyev,Skillful Joy,Nijinsky,Foreseer,Roberto,Last Feather,Hail to Reason,Cosmah,Understanding,Mountain Flower,Lyphard,Lady Rebecca,Busted,Highclere,Lyphard,Navajo Princess,Ela-Mana-Mou,Autocratic,カンパラ,Severn Bridge,ノーザリー,アイレバース,Kalamoun,State Pension,Hornbeam,Priddy Fair,Northern Dancer,Special,Nodouble,Skillful Miss,Northern Dancer,Flaming Page,Round Table,Regal Gleam,Hail to Reason,Bramalea,Vaguely Noble,Quill
202605010104,1,ダート,1400,良,新馬,サンダースノー,ウォーターメアヌイ,Helmet,Eastern Joy,ダイワメジャー,ウェルカムフラワー,Exceed And Excel,Accessories,Dubai Destination,Red Slippers,サンデーサイレンス,スカーレットブーケ,エルコンドルパサー,ブラッシュウィズテキーラ,デインヒル,Patrona,Singspiel,Anna Matrushka,Kingmambo,Mysterial,Nureyev,Morning Devotion,Halo,Wishing Well,ノーザンテースト,スカーレットインク,Kingmambo,サドラーズギャル,Broad Brush,Sheila Tequila,Danzig,Razyana,Lomond,Gladiolus,In the Wings,Glorious Song,Mill Reef,Anna Paola,Mr. Prospector,Miesque,Alleged,Mysteries,Northern Dancer,Special,Affirmed,Morning Has Broken,Hail to Reason,Cosmah,Understanding,Mountain Flower,Northern Dancer,Lady Victoria,Crimson Satan,Consentida,Mr. Prospector,Miesque,Sadler's Wells,Glenveagh,Ack Ack,Hay Patcher,Indefatigable,Sheila's Girl
202605010104,2,ダート,1400,良,新馬,シスキン,トーホウハニー,First Defence,Bird Flown,ステイゴールド,トーホウメドゥーサ,Unbridled's Song,Honest Lady,Oasis Dream,Silver Star,サンデーサイレンス,ゴールデンサッシュ,Meadowlake,Cool Number,Unbridled,Trolley Song,Seattle Slew,Toussaud,Green Desert,Hope,Zafonic,Monroe,Halo,Wishing Well,ディクタス,ダイナサッシュ,Hold Your Peace,Suspicious Native,It's Freezing,Lady Joanne,Fappiano,Gana Facil,Caro,Lucky Spell,Bold Reasoning,My Charmer,El Gran Senor,Image of Reality,Danzig,Foreign Courier,ダンシングブレーヴ,Bahamian,Gone West,Zaizafon,Sir Ivor,Best in Show,Hail to Reason,Cosmah,Understanding,Mountain Flower,Sanctus,Doronic,ノーザンテースト,ロイヤルサッシュ,Speak John,Blue Moon,Raise a Native,Be Suspicious,T.V. Commercial,Articana,No Robbery,Ellen Victoria
202605010104,3,ダート,1400,良,新馬,カレンブラックヒル,ストライクショット,ダイワメジャー,チャールストンハーバー,ファルブラヴ,タイトルパート,サンデーサイレンス,スカーレットブーケ,Grindstone,Penny's Valentine,Fairy King,Gift of the Night,アグネスタキオン,タイトルド,Halo,Wishing Well,ノーザンテースト,スカーレットインク,Unbridled,Buzz My Bell,Storm Cat,Mrs. Penny,Northern Dancer,Fairy Bridge,Slewpy,Little Nana,サンデーサイレンス,アグネスフローラ,Rainbow Quest,Her Ladyship,Hail to Reason,Cosmah,Understanding,Mountain Flower,Northern Dancer,Lady Victoria,Crimson Satan,Consentida,Fappiano,Gana Facil,Drone,Chateaupavia,Storm Bird,Terlingua,Great Nephew,Tananarive,Nearctic,Natalma,Bold Reason,Special,Seattle Slew,Rare Bouquet,Lithiot,Nenana Road,Halo,Wishing Well,ロイヤルスキー,アグネスレディー,Blushing Groom,I Will Follow,Polish Precedent,Upper Strata
202605010104,4,ダート,1400,良,新馬,ナダル,ジルダ,Blame,Ascending Angel,ゼンノロブロイ,エアデジャヴー,Arch,Liable,Pulpit,Solar Colony,サンデーサイレンス,ローミンレイチェル,ノーザンテースト,アイドリームドアドリーム,Kris S.,Aurora,Seeking the Gold,Bound,A.P. Indy,Preach,Pleasant Colony,Meteor Stage,Halo,Wishing Well,マイニング,One Smart Lady,Northern Dancer,Lady Victoria,Well Decorated,Hidden Trail,Roberto,Sharp Queen,Danzig,Althea,Mr. Prospector,Con Game,Nijinsky,Special,Seattle Slew,Weekend Surprise,Mr. Prospector,Narrate,His Majesty,Sun Colony,Stage Door Johnny,Northern Meteor,Hail to Reason,Cosmah,Understanding,Mountain Flower,Mr. Prospector,I Pass,Clever Trick,Pia's Lady,Nearctic,Natalma,Victoria Park,Lady Angela,Raja Baba,Paris Breeze,Gleaming,Tobacco Trail
202605010104,5,ダート,1400,良,新馬,シュヴァルグラン,エブリナイスガール,ハーツクライ,ハルーワスウィート,Mizzen Mast,Joop,サンデーサイレンス,アイリッシュダンス,Machiavellian,ハルーワソング,Cozzene,Kinema,Zilzal,Velvet Touch,Halo,Wishing Well,トニービン,ビューパーダンス,Mr. Prospector,Coup de Folie,Nureyev,Morn of Song,Caro,Ride the Trails,Graustark,Mrs. Peterkin,Nureyev,French Charmer,Restless Native,Quadray,Hail to Reason,Cosmah,Understanding,Mountain Flower,カンパラ,Severn Bridge,Lyphard,My Bupers,Raise a Native,Gold Digger,Halo,Raise the Standard,Northern Dancer,Special,Blushing Groom,Glorious Song,フォルティノ,Chambord,Prince John,Wildwook,Ribot,Flower Bowl,Tom Fool,Legendra,Northern Dancer,Special,Le Fabuleux,Bold Example,Native Dancer,Next Move,Quadrangle,Summer Cloud
202605010104,6,ダート,1400,良,新馬,ミッキーロケット,ミツカネラブ,キングカメハメハ,マネーキャントバイミーラヴ,ハービンジャー,プリーズドスマイル,Kingmambo,マンファス,Pivotal,Sabreon,Dansili,Penang Pearl,ディープインパクト,レディトゥプリーズ,Mr. Prospector,Miesque,ラストタイクーン,Pilot Bird,Polar Falcon,Fearless Revival,Caerleon,Sabria,デインヒル,Hasili,Bering,Guapa,サンデーサイレンス,ウインドインハーヘア,More Than Ready,Guilty Pleasure,Raise a Native,Gold Digger,Nureyev,Pasadoble,トライマイベスト,Mill Princess,Blakeney,The Dancer,Nureyev,Marie d'Argonne,Cozzene,Stufida,Nijinsky,Foreseer,Miswaki,Flood,Danzig,Razyana,Kahyasi,Kerali,Arctic Tern,Beaune,Shareef Dancer,Sauceboat,Halo,Wishing Well,Alzao,Burghclere,サザンヘイロー,Woodman's Girl,Pine Bluff,Exquisite Mistress
202605010104,7,ダート,1400,良,新馬,ファインニードル,ナイトスプライト,アドマイヤムーン,ニードルクラフト,タートルボウル,サザンフェアリー,エンドスウィープ,マイケイティーズ,Mark of Esteem,Sharp Point,Dyhim Diamond,Clara Bow,サザンヘイロー,Fairy Dancer,フォーティナイナー,Broom Dance,サンデーサイレンス,ケイティーズファースト,Darshaan,Homage,ロイヤルアカデミー,Nice Point,Night Shift,Happy Landing,Top Ville,Kamiya,Halo,Northern Sea,Nijinsky,Fairy Bridge,Mr. Prospector,File,Dance Spell,Witching Hour,Halo,Wishing Well,Kris,Katies,Shirley Heights,Delsy,Ajdal,Home Love,Nijinsky,Crimson Saint,Sharpen Up,Alpine Niece,Northern Dancer,Ciboulette,Homing,Laughing Goddess,High Top,Sega Ville,Kalamoun,Shahinaaz,Hail to Reason,Cosmah,Northern Dancer,Sea Saga,Northern Dancer,Flaming Page,Bold Reason,Special
202605010104,8,ダート,1400,良,新馬,ミスターメロディ,アイナ,Scat Daddy,Trusty Lady,ステイゴールド,マイネシャーナ,ヨハネスブルグ,Love Style,Deputy Minister,Klassy Kim,サンデーサイレンス,ゴールデンサッシュ,スターオブコジーン,ヤマフノーザリー,ヘネシー,Myth,Mr. Prospector,Likeable Style,Vice Regent,Mint Copy,Silent Screen,クールアライヴァル,Halo,Wishing Well,ディクタス,ダイナサッシュ,Cozzene,Star Gem,ノーザリー,テスコエンゼル,Storm Cat,Island Kitty,オジジアン,Yarn,Raise a Native,Gold Digger,Nijinsky,Personable Lady,Northern Dancer,Victoria Regina,Bunty's Flight,Shakney,Prince John,Prayer Bell,Relaunch,Irish Arrival,Hail to Reason,Cosmah,Understanding,Mountain Flower,Sanctus,Doronic,ノーザンテースト,ロイヤルサッシュ,Caro,Ride the Trails,Pia Star,Soonerland,Northern Dancer,Politely,テスコボーイ,キタノリュウ
202605010104,9,ダート,1400,良,新馬,リアルスティール,グランドウイズダム,ディープインパクト,ラヴズオンリーミー,キングカメハメハ,グランドグリーン,サンデーサイレンス,ウインドインハーヘア,Storm Cat,Monevassia,Kingmambo,マンファス,ナリタブライアン,メタモルフォース,Halo,Wishing Well,Alzao,Burghclere,Storm Bird,Terlingua,Mr. Prospector,Miesque,Mr. Prospector,Miesque,ラストタイクーン,Pilot Bird,ブライアンズタイム,パシフィカス,Lord Avie,Normia,Hail to Reason,Cosmah,Understanding,Mountain Flower,Lyphard,Lady Rebecca,Busted,Highclere,Northern Dancer,South Ocean,Secretariat,Crimson Saint,Raise a Native,Gold Digger,Nureyev,Pasadoble,Raise a Native,Gold Digger,Nureyev,Pasadoble,トライマイベスト,Mill Princess,Blakeney,The Dancer,Roberto,Kelley's Day,Northern Dancer,Pacific Princess,Lord Gaylord,Avie,Northfields,Mia Pola
202605010104,10,ダート,1400,良,新馬,キセキ,ツヅク,ルーラーシップ,ブリッツフィナーレ,マツリダゴッホ,ザッツザウェイ,キングカメハメハ,エアグルーヴ,ディープインパクト,ロンドンブリッジ,サンデーサイレンス,ペイパーレイン,フサイチコンコルド,ブリリアントアイ,Kingmambo,マンファス,トニービン,ダイナカール,サンデーサイレンス,ウインドインハーヘア,ドクターデヴィアス,オールフォーロンドン,Halo,Wishing Well,Bel Bolide,フローラルマジック,Caerleon,バレークイーン,トニービン,ブリリアントカット,Mr. Prospector,Miesque,ラストタイクーン,Pilot Bird,カンパラ,Severn Bridge,ノーザンテースト,シャダイフェザー,Halo,Wishing Well,Alzao,Burghclere,Ahonoora,Rose of Jericho,Danzig,Full Card,Hail to Reason,Cosmah,Understanding,Mountain Flower,Bold Bidder,Lady Graustark,Affirmed,Rare Lady,Nijinsky,Foreseer,Sadler's Wells,Sun Princess,カンパラ,Severn Bridge,ノーザンテースト,ジエヌインダイアモンド
202605010104,11,ダート,1400,良,新馬,タワーオブロンドン,プレアヴィヒア,Raven's Pass,スノーパイン,ドゥラメンテ,スカイディーバ,Elusive Quality,Ascutney,Dalakhani,シンコウエルメス,キングカメハメハ,アドマイヤグルーヴ,Sky Mesa,Swift Girl,Gone West,Touch of Greatness,Lord at War,Right Word,Darshaan,Daltawa,Sadler's Wells,Doff the Derby,Kingmambo,マンファス,サンデーサイレンス,エアグルーヴ,Pulpit,Caress,Unbridled,Gather The Clan,Mr. Prospector,Secrettame,Hero's Honor,Ivory Wand,General,Luna de Miel,Verbatim,Oratorio,Shirley Heights,Delsy,Miswaki,Damana,Northern Dancer,Fairy Bridge,Master Derby,Margarethen,Mr. Prospector,Miesque,ラストタイクーン,Pilot Bird,Halo,Wishing Well,トニービン,ダイナカール,A.P. Indy,Preach,Storm Cat,La Affirmed,Fappiano,Gana Facil,General Assembly,What a Summer
202605010104,12,ダート,1400,良,新馬,モズアスコット,ナナイロボタン,Frankel,India,ネオユニヴァース,アイヴォリーカラー,Galileo,Kind,ヘネシー,Misty Hour,サンデーサイレンス,ポインテッドパス,クロフネ,アピーリングストーリー,Sadler's Wells,Urban Sea,デインヒル,Rainbow Lake,Storm Cat,Island Kitty,Miswaki,Our Tina Marie,Halo,Wishing Well,Kris,Silken Way,フレンチデピュティ,ブルーアヴェニュー,Valid Appeal,Charming Story,Northern Dancer,Fairy Bridge,Miswaki,Allegretta,Danzig,Razyana,Rainbow Quest,Rockfest,Storm Bird,Terlingua,Hawaii,T. C. Kitten,Mr. Prospector,Hopespringseternal,Nijinsky,Java Moon,Hail to Reason,Cosmah,Understanding,Mountain Flower,Sharpen Up,Doubly Sure,Shantung,Boulevard,Deputy Minister,Mitterand,Classic Go Go,Eliza Blue,In Reality,Desert Trial,Hail to Reason,Dame Fritchie
202605010104,13,ダート,1400,良,新馬,カリフォルニアクローム,シャンテクレール,Lucky Pulpit,Love the Chase,Dubawi,Signorina Cattiva,Pulpit,Lucky Soph,Not for Love,Chase It Down,Dubai Millennium,Zomaradah,El Gran Senor,Assez Cuite,A.P. Indy,Preach,Cozzene,Lucky Spell,Mr. Prospector,Dance Number,Polish Numbers,Chase the Dream,Seeking the Gold,Colorado Dancer,Deploy,Jawaher,Northern Dancer,Sex Appeal,Graustark,Clinkers,Seattle Slew,Weekend Surprise,Mr. Prospector,Narrate,Caro,Ride the Trails,Lucky Mel,Incantation,Raise a Native,Gold Digger,Northern Dancer,Numbered Account,Danzig,Numbered Account,Sir Ivor,La Belle Fleur,Mr. Prospector,Con Game,Shareef Dancer,Fall Aspen,Shirley Heights,Slightly Dangerous,ダンシングブレーヴ,High Tern,Nearctic,Natalma,Buckpasser,Best in Show,Ribot,Flower Bowl,Relic,La Fresnes
202605010104,14,ダート,1400,良,新馬,ダノンスマッシュ,タッチアス,ロードカナロア,スピニングワイルドキャット,Mineshaft,Satin Sunrise,キングカメハメハ,レディブラッサム,Hard Spun,Hollywood Wildcat,A.P. Indy,Prospector's Delite,Mr. Leader,Logic,Kingmambo,マンファス,Storm Cat,サラトガデュー,Danzig,Turkish Tryst,Kris S.,Miss Wildcatter,Seattle Slew,Weekend Surprise,Mr. Prospector,Up the Flagpole,Hail to Reason,Jolie Deja,Naskra,Bactu Reason,Mr. Prospector,Miesque,ラストタイクーン,Pilot Bird,Storm Bird,Terlingua,Cormorant,Super Luna,Northern Dancer,Pas de Nom,Turkoman,Darbyvail,Roberto,Sharp Queen,Mr. Prospector,Elizabeth K.,Bold Reasoning,My Charmer,Secretariat,Lassie Dear,Raise a Native,Gold Digger,Hoist the Flag,The Garden Club,Turn-to,Nothirdchance,Djeddah,Bellesoeur,Nasram,Iskra,Bold Reason,Bacchian
202605010104,15,ダート,1400,良,新馬,ノーブルミッション,シュンイ,Galileo,Kind,ロードカナロア,メジロルルド,Sadler's Wells,Urban Sea,デインヒル,Rainbow Lake,キングカメハメハ,レディブラッサム,サンデーサイレンス,メジロドーベル,Northern Dancer,Fairy Bridge,Miswaki,Allegretta,Danzig,Razyana,Rainbow Quest,Rockfest,Kingmambo,マンファス,Storm Cat,サラトガデュー,Halo,Wishing Well,メジロライアン,メジロビューティー,Nearctic,Natalma,Bold Reason,Special,Mr. Prospector,Hopespringseternal,Lombard,Anatevka,Northern Dancer,Pas de Nom,His Majesty,Spring Adieu,Blushing Groom,I Will Follow,Stage Door Johnny,Rock Garden,Mr. Prospector,Miesque,ラストタイクーン,Pilot Bird,Storm Bird,Terlingua,Cormorant,Super Luna,Hail to Reason,Cosmah,Understanding,Mountain Flower,アンバーシャダイ,メジロチェイサー,パーソロン,メジロナガサキ
202605010104,16,ダート,1400,良,新馬,Australia,シーギリヤ,Galileo,Ouija Board,Dundeel,Vishneva,Sadler's Wells,Urban Sea,Cape Cross,Selection Board,High Chaparral,Stareel,Charge Forward,キロフプリミエール,Northern Dancer,Fairy Bridge,Miswaki,Allegretta,Green Desert,Park Appeal,Welsh Pageant,Ouija,Sadler's Wells,Kasora,Zabeel,Staring,Red Ransom,Sydney's Dream,Sadler's Wells,Querida,Nearctic,Natalma,Bold Reason,Special,Mr. Prospector,Hopespringseternal,Lombard,Anatevka,Danzig,Foreign Courier,Ahonoora,Balidaress,Tudor Melody,Picture Light,Silly Season,Samanda,Northern Dancer,Fairy Bridge,Darshaan,Kozana,Sir Tristram,Lady Giselle,Fiesta Star,Sweet Violet,Roberto,アラビア,Bletchingly,Dream Appeal,Northern Dancer,Fairy Bridge,Habitat,Principia
202605010105,1,芝,1800,良,新馬,ミッキーロケット,ハッピーパーティー,キングカメハメハ,マネーキャントバイミーラヴ,クロフネ,ハッピーディレンマ,Kingmambo,マンファス,Pivotal,Sabreon,フレンチデピュティ,ブルーアヴェニュー,アグネスタキオン,ハンターズマーク,Mr. Prospector,Miesque,ラストタイクーン,Pilot Bird,Polar Falcon,Fearless Revival,Caerleon,Sabria,Deputy Minister,Mitterand,Classic Go Go,Eliza Blue,サンデーサイレンス,アグネスフローラ,Titus Livius,マンファス,Raise a Native,Gold Digger,Nureyev,Pasadoble,トライマイベスト,Mill Princess,Blakeney,The Dancer,Nureyev,Marie d'Argonne,Cozzene,Stufida,Nijinsky,Foreseer,Miswaki,Flood,Vice Regent,Mint Copy,Hold Your Peace,Laredo Lass,Pago Pago,Classic Perfection,Icecapade,コレラ,Halo,Wishing Well,ロイヤルスキー,アグネスレディー,Machiavellian,Party Doll,ラストタイクーン,Pilot Bird
202605010105,2,芝,1800,良,新馬,コントレイル,ロクセラーナ,ディープインパクト,ロードクロサイト,キングカメハメハ,ライフフォーセール,サンデーサイレンス,ウインドインハーヘア,Unbridled's Song,Folklore,Kingmambo,マンファス,Not For Sale,Doubt Fire,Halo,Wishing Well,Alzao,Burghclere,Unbridled,Trolley Song,Tiznow,Contrive,Mr. Prospector,Miesque,ラストタイクーン,Pilot Bird,Parade Marshal,Love for Sale,Ski Champ,My Little Life,Hail to Reason,Cosmah,Understanding,Mountain Flower,Lyphard,Lady Rebecca,Busted,Highclere,Fappiano,Gana Facil,Caro,Lucky Spell,Cee's Tizzy,Cee's Song,Storm Cat,Jeano,Raise a Native,Gold Digger,Nureyev,Pasadoble,トライマイベスト,Mill Princess,Blakeney,The Dancer,Caro,Stepping High,Laramie Trail,Museliere,Icecapade,Ski Goggle,Ghadeer,Dimane
202605010105,3,芝,1800,良,新馬,キタサンブラック,アメージングムーン,ブラックタイド,シュガーハート,アドマイヤムーン,ビッグテンビー,サンデーサイレンス,ウインドインハーヘア,サクラバクシンオー,オトメゴコロ,エンドスウィープ,マイケイティーズ,テンビー,モガミヒメ,Halo,Wishing Well,Alzao,Burghclere,サクラユタカオー,サクラハゴロモ,ジャッジアンジェルーチ,テイズリー,フォーティナイナー,Broom Dance,サンデーサイレンス,ケイティーズファースト,Caerleon,Shining Water,カコイーシーズ,モガミポイント,Hail to Reason,Cosmah,Understanding,Mountain Flower,Lyphard,Lady Rebecca,Busted,Highclere,テスコボーイ,アンジェリカ,ノーザンテースト,クリアアンバー,Honest Pleasure,Victorian Queen,Lyphard,Tizna,Mr. Prospector,File,Dance Spell,Witching Hour,Halo,Wishing Well,Kris,Katies,Nijinsky,Foreseer,Kalaglow,Idle Waters,Alydar,Careless Notion,マルゼンスキー,ポイントメーカー
202605010105,4,芝,1800,良,新馬,ゴールドシップ,アイワナビリーヴ,ステイゴールド,ポイントフラッグ,ジャスタウェイ,ワナダンス,サンデーサイレンス,ゴールデンサッシュ,メジロマックイーン,パストラリズム,ハーツクライ,シビル,The Leopard,Wannabe,Halo,Wishing Well,ディクタス,ダイナサッシュ,メジロティターン,メジロオーロラ,プルラリズム,トクノエイティー,サンデーサイレンス,アイリッシュダンス,Wild Again,シャロン,Storm Cat,Moon Safari,Mutakddim,Wally,Hail to Reason,Cosmah,Understanding,Mountain Flower,Sanctus,Doronic,ノーザンテースト,ロイヤルサッシュ,メジロアサマ,シエリル,リマンド,メジロアイリス,The Minstrel,Cambretta,トライバルチーフ,アイアンルビー,Halo,Wishing Well,トニービン,ビューパーダンス,Icecapade,Bushel-n-Peck,Mo Exception,Double Wiggle,Storm Bird,Terlingua,Mr. Prospector,Video,Seeking the Gold,Oscillate,サザンヘイロー,Welcome
202605010105,5,芝,1800,良,新馬,スワーヴリチャード,ミスティックリップス,ハーツクライ,ピラミマ,ジェネラス,Majorata,サンデーサイレンス,アイリッシュダンス,Unbridled's Song,キャリアコレクション,Caerleon,Doff the Derby,Acatenango,Majoritat,Halo,Wishing Well,トニービン,ビューパーダンス,Unbridled,Trolley Song,General Meeting,River of Stars,Nijinsky,Foreseer,Master Derby,Margarethen,Surumu,Aggravate,Konigsstuhl,Monacchia,Hail to Reason,Cosmah,Understanding,Mountain Flower,カンパラ,Severn Bridge,Lyphard,My Bupers,Fappiano,Gana Facil,Caro,Lucky Spell,Seattle Slew,Alydar's Promise,Riverman,Star Fortune,Northern Dancer,Flaming Page,Round Table,Regal Gleam,ダストコマンダー,Madam Jerry,Tulyar,Russ-Marie,Literat,Surama,Aggressor,Raven Locks,Dschingis Khan,Konigskronung,Bacchus,Monacensia
202605010105,6,芝,1800,良,新馬,レイデオロ,キャンディバローズ,キングカメハメハ,ラドラーダ,ディープインパクト,アフレタータ,Kingmambo,マンファス,シンボリクリスエス,レディブロンド,サンデーサイレンス,ウインドインハーヘア,タイキシャトル,チャイナブリーズ,Mr. Prospector,Miesque,ラストタイクーン,Pilot Bird,Kris S.,Tee Kay,Seeking the Gold,ウインドインハーヘア,Halo,Wishing Well,Alzao,Burghclere,Devil's Bag,ウェルシュマフィン,Capote,Nowanna,Raise a Native,Gold Digger,Nureyev,Pasadoble,トライマイベスト,Mill Princess,Blakeney,The Dancer,Roberto,Sharp Queen,Gold Meridian,Tri Argo,Mr. Prospector,Con Game,Alzao,Burghclere,Hail to Reason,Cosmah,Understanding,Mountain Flower,Lyphard,Lady Rebecca,Busted,Highclere,Halo,Ballade,Caerleon,Muffitys,Seattle Slew,Too Bald,Envoy,Distaff Decider
202605010105,7,芝,1800,良,新馬,リアルスティール,ティロレスカ,ディープインパクト,ラヴズオンリーミー,Roman Ruler,Tirolesa,サンデーサイレンス,ウインドインハーヘア,Storm Cat,Monevassia,Fusaichi Pegasus,Silvery Swan,Interprete,Tesitura,Halo,Wishing Well,Alzao,Burghclere,Storm Bird,Terlingua,Mr. Prospector,Miesque,Mr. Prospector,Angel Fever,Silver Deputy,Sociable Duck,Farnesio,Inaccesible,Robin des Pins,Thru the Rain,Hail to Reason,Cosmah,Understanding,Mountain Flower,Lyphard,Lady Rebecca,Busted,Highclere,Northern Dancer,South Ocean,Secretariat,Crimson Saint,Raise a Native,Gold Digger,Nureyev,Pasadoble,Raise a Native,Gold Digger,Danzig,Rowdy Angel,Deputy Minister,Silver Valley,Quack,Unsociable,Good Manners,La Farnesina,Liloy,Iliada,Nureyev,Rare Mint,Time for a Change,Queen Shirley
202605010105,8,芝,1800,良,新馬,サトノダイヤモンド,パレスルーマー,ディープインパクト,マルペンサ,Royal Anthem,Whisperifyoudare,サンデーサイレンス,ウインドインハーヘア,Orpen,Marsella,Theatrical,In Neon,Red Ransom,Stellar Affair,Halo,Wishing Well,Alzao,Burghclere,Lure,Bonita Francita,サザンヘイロー,Riviere,Nureyev,ツリーオブノレッジ,Ack Ack,Shamara,Roberto,アラビア,Skywalker,Fawn and Hahn,Hail to Reason,Cosmah,Understanding,Mountain Flower,Lyphard,Lady Rebecca,Busted,Highclere,Danzig,Endear,Devil's Bag,Raise the Standard,Halo,Northern Sea,Logical,Talonada,Northern Dancer,Special,Sassafras,Sensibility,Battle Joined,Fast Turn,Dewan,Palsy Walsy,Hail to Reason,Bramalea,Damascus,Christmas Wind,Relaunch,Bold Captive,Grey Dawn II,Ecstatica
202605010105,9,芝,1800,良,新馬,キズナ,セレスタ,ディープインパクト,キャットクイル,Jump Start,Serata,サンデーサイレンス,ウインドインハーヘア,Storm Cat,Pacific Princess,A.P. Indy,Steady Cat,Carson City,Maliziosa,Halo,Wishing Well,Alzao,Burghclere,Storm Bird,Terlingua,Damascus,Fiji,Seattle Slew,Weekend Surprise,Storm Cat,Hopespringsforever,Mr. Prospector,Blushing Promise,Dynaformer,Kuda,Hail to Reason,Cosmah,Understanding,Mountain Flower,Lyphard,Lady Rebecca,Busted,Highclere,Northern Dancer,South Ocean,Secretariat,Crimson Saint,Sword Dancer,Kerala,Acropolis,Rififi,Bold Reasoning,My Charmer,Secretariat,Lassie Dear,Storm Bird,Terlingua,Mr. Prospector,Hopespringseternal,Raise a Native,Gold Digger,Blushing Groom,Summertime Promise,Roberto,Andover Way,Strawberry Road,Tangaroa
202605010105,10,芝,1800,良,新馬,モーリス,スパイクナード,スクリーンヒーロー,メジロフランシス,ハーツクライ,スティーリンキッシーズ,グラスワンダー,ランニングヒロイン,カーネギー,メジロモントレー,サンデーサイレンス,アイリッシュダンス,Sky Mesa,Seewillo,Silver Hawk,Ameriflora,サンデーサイレンス,ダイナアクトレス,Sadler's Wells,Detroit,モガミ,メジロクインシー,Halo,Wishing Well,トニービン,ビューパーダンス,Pulpit,Caress,Pleasant Colony,Perfect Pigeon,Roberto,Gris Vitesse,Danzig,Graceful Touch,Halo,Wishing Well,ノーザンテースト,モデルスポート,Northern Dancer,Fairy Bridge,Riverman,Derna,Lyphard,ノーラック,フィディオン,メジロボサツ,Hail to Reason,Cosmah,Understanding,Mountain Flower,カンパラ,Severn Bridge,Lyphard,My Bupers,A.P. Indy,Preach,Storm Cat,La Affirmed,His Majesty,Sun Colony,Round Table,Pink Pigeon
202605010105,11,芝,1800,良,新馬,ブリックスアンドモルタル,ドナアトラエンテ,Giant's Causeway,Beyond the Waves,ディープインパクト,ドナブリーニ,Storm Cat,Mariah's Storm,Ocean Crest,Excedent,サンデーサイレンス,ウインドインハーヘア,Bertolini,Cal Norma's Lady,Storm Bird,Terlingua,Rahy,イメンス,Storm Bird,S.S.Aroma,Exceller,Broadway Lullaby,Halo,Wishing Well,Alzao,Burghclere,Danzig,Aquilegia,リファーズスペシャル,June Darling,Northern Dancer,South Ocean,Secretariat,Crimson Saint,Blushing Groom,Glorious Song,Roberto,Imsodear,Northern Dancer,South Ocean,Seattle Slew,Rare Bouquet,Vaguely Noble,Too Bald,Stage Door Johnny,リットルブレツシング,Hail to Reason,Cosmah,Understanding,Mountain Flower,Lyphard,Lady Rebecca,Busted,Highclere,Northern Dancer,Pas de Nom,Alydar,Courtly Dee,Lyphard,My Bupers,ジュニアス,Beau Darling
202605010105,12,芝,1800,良,新馬,ルーラーシップ,トーホウアルテミス,キングカメハメハ,エアグルーヴ,ハーツクライ,トーホウガイア,Kingmambo,マンファス,トニービン,ダイナカール,サンデーサイレンス,アイリッシュダンス,Unbridled's Song,Agami,Mr. Prospector,Miesque,ラストタイクーン,Pilot Bird,カンパラ,Severn Bridge,ノーザンテースト,シャダイフェザー,Halo,Wishing Well,トニービン,ビューパーダンス,Unbridled,Trolley Song,Nureyev,Agacerie,Raise a Native,Gold Digger,Nureyev,Pasadoble,トライマイベスト,Mill Princess,Blakeney,The Dancer,Kalamoun,State Pension,Hornbeam,Priddy Fair,Northern Dancer,Lady Victoria,ガーサント,パロクサイド,Hail to Reason,Cosmah,Understanding,Mountain Flower,カンパラ,Severn Bridge,Lyphard,My Bupers,Fappiano,Gana Facil,Caro,Lucky Spell,Northern Dancer,Special,Exclusive Native,Quiet Charm
202605010105,13,芝,1800,良,新馬,キズナ,ティズトレメンダス,ディープインパクト,キャットクイル,Tiz Wonderful,Proof Positive,サンデーサイレンス,ウインドインハーヘア,Storm Cat,Pacific Princess,Tiznow,Evil,Editor's Note,Rabida,Halo,Wishing Well,Alzao,Burghclere,Storm Bird,Terlingua,Damascus,Fiji,Cee's Tizzy,Cee's Song,ヘネシー,Lit'l Rose,フォーティナイナー,Beware of the Cat,Rollicking,Rattan,Hail to Reason,Cosmah,Understanding,Mountain Flower,Lyphard,Lady Rebecca,Busted,Highclere,Northern Dancer,South Ocean,Secretariat,Crimson Saint,Sword Dancer,Kerala,Acropolis,Rififi,Relaunch,テイズリー,Seattle Song,Lonely Dancer,Storm Cat,Island Kitty,Mr. Prospector,Girlfriend,Mr. Prospector,File,Caveat,T. C. Kitten,Rambunctious,Martinetta,Tatan,Cassarate
202605010105,14,芝,1800,良,新馬,ラブリーデイ,ビーチサンバ,キングカメハメハ,ポップコーンジャズ,クロフネ,フサイチエアデール,Kingmambo,マンファス,ダンスインザダーク,グレイスルーマー,フレンチデピュティ,ブルーアヴェニュー,サンデーサイレンス,ラスティックベル,Mr. Prospector,Miesque,ラストタイクーン,Pilot Bird,サンデーサイレンス,ダンシングキイ,トニービン,ディスクジョッキー,Deputy Minister,Mitterand,Classic Go Go,Eliza Blue,Halo,Wishing Well,Mr. Prospector,Ragtime Girl,Raise a Native,Gold Digger,Nureyev,Pasadoble,トライマイベスト,Mill Princess,Blakeney,The Dancer,Halo,Wishing Well,Nijinsky,Key Partner,カンパラ,Severn Bridge,リアルシャダイ,シャダイチャッター,Vice Regent,Mint Copy,Hold Your Peace,Laredo Lass,Pago Pago,Classic Perfection,Icecapade,コレラ,Hail to Reason,Cosmah,Understanding,Mountain Flower,Raise a Native,Gold Digger,Francis S.,Swinging Doll
202605010105,15,芝,1800,良,新馬,バゴ,ローズノーブル,Nashwan,Moonlight's Box,ディープインパクト,ヴィアンローズ,Blushing Groom,Height of Fashion,Nureyev,Coup de Genie,サンデーサイレンス,ウインドインハーヘア,Sevres Rose,Princesse de Viane,Red God,Runaway Bride,Bustino,Highclere,Northern Dancer,Special,Mr. Prospector,Coup de Folie,Halo,Wishing Well,Alzao,Burghclere,Caerleon,Indian Rose,Kaldoun,Life On the Road,Nasrullah,Spring Run,Wild Risk,Aimee,Busted,Ship Yard,Queen's Hussar,Highlight,Nearctic,Natalma,Forli,Thong,Raise a Native,Gold Digger,Halo,Raise the Standard,Hail to Reason,Cosmah,Understanding,Mountain Flower,Lyphard,Lady Rebecca,Busted,Highclere,Nijinsky,Foreseer,General Holme,Lady Berry,Caro,Katana,Persian Heights,Arkova
202605010105,16,芝,1800,良,新馬,サトノダイヤモンド,キングスミール,ディープインパクト,マルペンサ,Theatrical,スルーオール,サンデーサイレンス,ウインドインハーヘア,Orpen,Marsella,Nureyev,ツリーオブノレッジ,Seattle Slew,Over All,Halo,Wishing Well,Alzao,Burghclere,Lure,Bonita Francita,サザンヘイロー,Riviere,Northern Dancer,Special,Sassafras,Sensibility,Bold Reasoning,My Charmer,Mr. Prospector,Full Tigress,Hail to Reason,Cosmah,Understanding,Mountain Flower,Lyphard,Lady Rebecca,Busted,Highclere,Danzig,Endear,Devil's Bag,Raise the Standard,Halo,Northern Sea,Logical,Talonada,Nearctic,Natalma,Forli,Thong,Sheshoon,Ruta,Hail to Reason,Pange,Boldnesian,Reason to Earn,Poker,Fair Charmer,Raise a Native,Gold Digger,El Tigre Grande,Miss Fullhouse
202605010106,1,芝,1600,良,未勝利,シスキン,バルレッタ,First Defence,Bird Flown,エピファネイア,リミニ,Unbridled's Song,Honest Lady,Oasis Dream,Silver Star,シンボリクリスエス,シーザリオ,ディープインパクト,ポルトフィーノ,Unbridled,Trolley Song,Seattle Slew,Toussaud,Green Desert,Hope,Zafonic,Monroe,Kris S.,Tee Kay,スペシャルウィーク,キロフプリミエール,サンデーサイレンス,ウインドインハーヘア,クロフネ,エアグルーヴ,Fappiano,Gana Facil,Caro,Lucky Spell,Bold Reasoning,My Charmer,El Gran Senor,Image of Reality,Danzig,Foreign Courier,ダンシングブレーヴ,Bahamian,Gone West,Zaizafon,Sir Ivor,Best in Show,Roberto,Sharp Queen,Gold Meridian,Tri Argo,サンデーサイレンス,キャンペンガール,Sadler's Wells,Querida,Halo,Wishing Well,Alzao,Burghclere,フレンチデピュティ,ブルーアヴェニュー,トニービン,ダイナカール
202605010106,2,芝,1600,良,未勝利,サートゥルナーリア,ウィクトーリア,ロードカナロア,シーザリオ,ヴィクトワールピサ,ブラックエンブレム,キングカメハメハ,レディブラッサム,スペシャルウィーク,キロフプリミエール,ネオユニヴァース,ホワイトウォーターアフェア,ウォーエンブレム,ヴァンドノワール,Kingmambo,マンファス,Storm Cat,サラトガデュー,サンデーサイレンス,キャンペンガール,Sadler's Wells,Querida,サンデーサイレンス,ポインテッドパス,Machiavellian,Much Too Risky,Our Emblem,Sweetest Lady,ヘクタープロテクター,プリンセスデリーデ,Mr. Prospector,Miesque,ラストタイクーン,Pilot Bird,Storm Bird,Terlingua,Cormorant,Super Luna,Halo,Wishing Well,マルゼンスキー,レディーシラオキ,Northern Dancer,Fairy Bridge,Habitat,Principia,Halo,Wishing Well,Kris,Silken Way,Mr. Prospector,Coup de Folie,Bustino,Short Rations,Mr. Prospector,Personal Ensign,Lord at War,Sweetest Roman,Woodman,Korveya,Vaguely Noble,Flashy
202605010106,3,芝,1600,良,未勝利,エピファネイア,ランドオーバーシー,シンボリクリスエス,シーザリオ,Bellamy Road,Belle Watling,Kris S.,Tee Kay,スペシャルウィーク,キロフプリミエール,Concerto,Hurry Home Hillary,Pulpit,Polly Adler,Roberto,Sharp Queen,Gold Meridian,Tri Argo,サンデーサイレンス,キャンペンガール,Sadler's Wells,Querida,Chief's Crown,Undeniably,Deputed Testamony,Ten Cents a Turn,A.P. Indy,Preach,ハウスバスター,Honest and True,Hail to Reason,Bramalea,Princequillo,Bridgework,Seattle Slew,Queen Louie,Tri Jet,Hail Proudly,Halo,Wishing Well,マルゼンスキー,レディーシラオキ,Northern Dancer,Fairy Bridge,Habitat,Principia,Danzig,Six Crowns,In Reality,Past Forgetting,Traffic Cop,Proof Requested,Cozzene,Rub al Khali,Seattle Slew,Weekend Surprise,Mr. Prospector,Narrate,Mt. Livermore,Big Dreams,Mr. Leader,Tell Meno Lies
202605010106,4,芝,1600,良,未勝利,レイデオロ,アシュリン,キングカメハメハ,ラドラーダ,マンハッタンカフェ,アンティックドール,Kingmambo,マンファス,シンボリクリスエス,レディブロンド,サンデーサイレンス,サトルチェンジ,Fusaichi Pegasus,Antique Auction,Mr. Prospector,Miesque,ラストタイクーン,Pilot Bird,Kris S.,Tee Kay,Seeking the Gold,ウインドインハーヘア,Halo,Wishing Well,Law Society,Santa Luciana,Mr. Prospector,Angel Fever,Geiger Counter,オールドスタッフ,Raise a Native,Gold Digger,Nureyev,Pasadoble,トライマイベスト,Mill Princess,Blakeney,The Dancer,Roberto,Sharp Queen,Gold Meridian,Tri Argo,Mr. Prospector,Con Game,Alzao,Burghclere,Hail to Reason,Cosmah,Understanding,Mountain Flower,Alleged,Bold Bikini,Luciano,Suleika,Raise a Native,Gold Digger,Danzig,Rowdy Angel,Mr. Prospector,Thong,Irish River,アンティックヴァリュー
202605010106,5,芝,1600,良,未勝利,シュヴァルグラン,ティアレ,ハーツクライ,ハルーワスウィート,キングカメハメハ,ササファイヤー,サンデーサイレンス,アイリッシュダンス,Machiavellian,ハルーワソング,Kingmambo,マンファス,Saint Ballado,La Ice Queen,Halo,Wishing Well,トニービン,ビューパーダンス,Mr. Prospector,Coup de Folie,Nureyev,Morn of Song,Mr. Prospector,Miesque,ラストタイクーン,Pilot Bird,Halo,Ballade,Icecapade,La Queen Bina,Hail to Reason,Cosmah,Understanding,Mountain Flower,カンパラ,Severn Bridge,Lyphard,My Bupers,Raise a Native,Gold Digger,Halo,Raise the Standard,Northern Dancer,Special,Blushing Groom,Glorious Song,Raise a Native,Gold Digger,Nureyev,Pasadoble,トライマイベスト,Mill Princess,Blakeney,The Dancer,Hail to Reason,Cosmah,Herbager,Miss Swapsco,Nearctic,Shenanigans,Circle Home,La Queenie
202605010106,6,芝,1600,良,未勝利,シスキン,ノーブルリーズン,First Defence,Bird Flown,ネオユニヴァース,カメリアローズ,Unbridled's Song,Honest Lady,Oasis Dream,Silver Star,サンデーサイレンス,ポインテッドパス,ホワイトマズル,カプリコーン,Unbridled,Trolley Song,Seattle Slew,Toussaud,Green Desert,Hope,Zafonic,Monroe,Halo,Wishing Well,Kris,Silken Way,ダンシングブレーヴ,Fair of the Furze,キタノカチドキ,スキヤタリング,Fappiano,Gana Facil,Caro,Lucky Spell,Bold Reasoning,My Charmer,El Gran Senor,Image of Reality,Danzig,Foreign Courier,ダンシングブレーヴ,Bahamian,Gone West,Zaizafon,Sir Ivor,Best in Show,Hail to Reason,Cosmah,Understanding,Mountain Flower,Sharpen Up,Doubly Sure,Shantung,Boulevard,Lyphard,Navajo Princess,Ela-Mana-Mou,Autocratic,テスコボーイ,ライトフレーム,Busted,Mwanza
202605010106,7,芝,1600,良,未勝利,インディチャンプ,フロンサック,ステイゴールド,ウィルパワー,ワークフォース,サンテミリオン,サンデーサイレンス,ゴールデンサッシュ,キングカメハメハ,トキオリアリティー,キングズベスト,Soviet Moon,ゼンノロブロイ,モテック,Halo,Wishing Well,ディクタス,ダイナサッシュ,Kingmambo,マンファス,Meadowlake,What a Reality,Kingmambo,Allegretta,Sadler's Wells,Eva Luna,サンデーサイレンス,ローミンレイチェル,ラストタイクーン,Sudaka,Hail to Reason,Cosmah,Understanding,Mountain Flower,Sanctus,Doronic,ノーザンテースト,ロイヤルサッシュ,Mr. Prospector,Miesque,ラストタイクーン,Pilot Bird,Hold Your Peace,Suspicious Native,In Reality,What Will Be,Mr. Prospector,Miesque,Lombard,Anatevka,Northern Dancer,Fairy Bridge,Alleged,Media Luna,Halo,Wishing Well,マイニング,One Smart Lady,トライマイベスト,Mill Princess,Garde Royale,Didia Clara
202605010106,8,芝,1600,良,未勝利,サートゥルナーリア,クールアンフルール,ロードカナロア,シーザリオ,サクラバクシンオー,フレッシュミドリ,キングカメハメハ,レディブラッサム,スペシャルウィーク,キロフプリミエール,サクラユタカオー,サクラハゴロモ,ブレイヴェストローマン,ラストカツティング,Kingmambo,マンファス,Storm Cat,サラトガデュー,サンデーサイレンス,キャンペンガール,Sadler's Wells,Querida,テスコボーイ,アンジェリカ,ノーザンテースト,クリアアンバー,Never Bend,Roman Song,Final Straw,Cutle,Mr. Prospector,Miesque,ラストタイクーン,Pilot Bird,Storm Bird,Terlingua,Cormorant,Super Luna,Halo,Wishing Well,マルゼンスキー,レディーシラオキ,Northern Dancer,Fairy Bridge,Habitat,Principia,Princely Gift,Suncourt,ネヴァービート,スターハイネス,Northern Dancer,Lady Victoria,Ambiopoise,One Clear Call,Nasrullah,Lalun,Roman,Quiz Song,Thatch,Last Call,セントクレスピン,Cutter
202605010106,9,芝,1600,良,未勝利,ロードカナロア,キストゥヘヴン,キングカメハメハ,レディブラッサム,アドマイヤベガ,ロングバージン,Kingmambo,マンファス,Storm Cat,サラトガデュー,サンデーサイレンス,ベガ,ノーザンテースト,スイーブ,Mr. Prospector,Miesque,ラストタイクーン,Pilot Bird,Storm Bird,Terlingua,Cormorant,Super Luna,Halo,Wishing Well,トニービン,アンティックヴァリュー,Northern Dancer,Lady Victoria,テューダーペリオッド,ゴールデンドラゴン,Raise a Native,Gold Digger,Nureyev,Pasadoble,トライマイベスト,Mill Princess,Blakeney,The Dancer,Northern Dancer,South Ocean,Secretariat,Crimson Saint,His Majesty,Song Sparrow,In Reality,Alada,Hail to Reason,Cosmah,Understanding,Mountain Flower,カンパラ,Severn Bridge,Northern Dancer,Moonscape,Nearctic,Natalma,Victoria Park,Lady Angela,Owen Tudor,Cornice,ヒンドスタン,第五カナデアンガール
202605010106,10,芝,1600,良,未勝利,サートゥルナーリア,ブルーハワイアン,ロードカナロア,シーザリオ,ハーツクライ,ココナッツパルム,キングカメハメハ,レディブラッサム,スペシャルウィーク,キロフプリミエール,サンデーサイレンス,アイリッシュダンス,フレンチデピュティ,ココパシオン,Kingmambo,マンファス,Storm Cat,サラトガデュー,サンデーサイレンス,キャンペンガール,Sadler's Wells,Querida,Halo,Wishing Well,トニービン,ビューパーダンス,Deputy Minister,Mitterand,グルームダンサー,ゲートドクール,Mr. Prospector,Miesque,ラストタイクーン,Pilot Bird,Storm Bird,Terlingua,Cormorant,Super Luna,Halo,Wishing Well,マルゼンスキー,レディーシラオキ,Northern Dancer,Fairy Bridge,Habitat,Principia,Hail to Reason,Cosmah,Understanding,Mountain Flower,カンパラ,Severn Bridge,Lyphard,My Bupers,Vice Regent,Mint Copy,Hold Your Peace,Laredo Lass,Blushing Groom,Featherhill,Lomond,Gay Apparel
202605010106,11,芝,1600,良,未勝利,ダノンプレミアム,アメリカンレジェンド,ディープインパクト,インディアナギャル,American Pharoah,Yong Musician,サンデーサイレンス,ウインドインハーヘア,Intikhab,Genial Jenny,Pioneerof the Nile,Littleprincessemma,Yonaguska,Alljazz,Halo,Wishing Well,Alzao,Burghclere,Red Ransom,Crafty Example,デインヒル,Joma Kaanem,エンパイアメーカー,Star of Goshen,Yankee Gentleman,Exclusive Rosette,Cherokee Run,Marital Spook,Stop the Music,Bounteous,Hail to Reason,Cosmah,Understanding,Mountain Flower,Lyphard,Lady Rebecca,Busted,Highclere,Roberto,アラビア,Crafty Prospector,Zienelle,Danzig,Razyana,Double Form,Ash Lawn,Unbridled,Toussaud,Lord at War,Castle Eight,Storm Cat,Key Phrase,Ecliptical,Zetta Jet,Runaway Groom,Cherokee Dame,Silver Ghost,Homewrecker,Hail to Reason,Bebopper,Master Derby,Mlle. Quille
202605010106,12,芝,1600,良,未勝利,サトノダイヤモンド,ケルシャンス,ディープインパクト,マルペンサ,Dubawi,ケルアモーレ,サンデーサイレンス,ウインドインハーヘア,Orpen,Marsella,Dubai Millennium,Zomaradah,Monsun,Qelle Amie,Halo,Wishing Well,Alzao,Burghclere,Lure,Bonita Francita,サザンヘイロー,Riviere,Seeking the Gold,Colorado Dancer,Deploy,Jawaher,Konigsstuhl,Mosella,Beau Genius,Qui Bid,Hail to Reason,Cosmah,Understanding,Mountain Flower,Lyphard,Lady Rebecca,Busted,Highclere,Danzig,Endear,Devil's Bag,Raise the Standard,Halo,Northern Sea,Logical,Talonada,Mr. Prospector,Con Game,Shareef Dancer,Fall Aspen,Shirley Heights,Slightly Dangerous,ダンシングブレーヴ,High Tern,Dschingis Khan,Konigskronung,Surumu,Monasia,Bold Ruckus,Royal Colleen,Spectacular Bid,Qui Royalty
202605010106,13,芝,1600,良,未勝利,イスラボニータ,メトロノーム,フジキセキ,イスラコジーン,ロードカナロア,セクシーディナー,サンデーサイレンス,ミルレーサー,Cozzene,Isla Mujeres,キングカメハメハ,レディブラッサム,キンググローリアス,スロクルージュ,Halo,Wishing Well,Le Fabuleux,Marston's Mill,Caro,Ride the Trails,Crafty Prospector,Lido Isle,Kingmambo,マンファス,Storm Cat,サラトガデュー,Naevus,Glorious Natalie,アスワン,シュアンス,Hail to Reason,Cosmah,Understanding,Mountain Flower,Wild Risk,Anguar,In Reality,Millicent,フォルティノ,Chambord,Prince John,Wildwook,Mr. Prospector,Real Crafty Lady,Far North,She Is Gorgeous,Mr. Prospector,Miesque,ラストタイクーン,Pilot Bird,Storm Bird,Terlingua,Cormorant,Super Luna,Mr. Prospector,Mudville,Reflected Glory,Blue Eyed Blonde,ノーザンテースト,リリーオブザナイル,ダンディルート,スタームーン
202605010106,14,芝,1600,良,未勝利,スワーヴリチャード,マイネジェシカ,ハーツクライ,ピラミマ,ロージズインメイ,マイネアリーナ,サンデーサイレンス,アイリッシュダンス,Unbridled's Song,キャリアコレクション,Devil His Due,Tell a Secret,カツラギエース,レッドコスモス,Halo,Wishing Well,トニービン,ビューパーダンス,Unbridled,Trolley Song,General Meeting,River of Stars,Devil's Bag,Plenty O'Toole,Speak John,Secret Retreat,ボイズィーボーイ,タニノベンチヤ,マルゼンスキー,ヒンドバース,Hail to Reason,Cosmah,Understanding,Mountain Flower,カンパラ,Severn Bridge,Lyphard,My Bupers,Fappiano,Gana Facil,Caro,Lucky Spell,Seattle Slew,Alydar's Promise,Riverman,Star Fortune,Halo,Ballade,Raise a Cup,Li'l Puss,Prince John,Nuit de Folies,Clandestine,Retirement,King's Troop,Rising Hope,ヴェンチア,アベイブリッジ,Nijinsky,シル,ヒンドスタン,サンマリノ
202605010106,15,芝,1600,良,未勝利,サトノクラウン,ギャラクシーハニー,Marju,ジョコンダ,スクリーンヒーロー,シルクユニバーサル,ラストタイクーン,Flame of Tara,Rossini,La Joconde,グラスワンダー,ランニングヒロイン,ブライアンズタイム,トロピカルサウンド,トライマイベスト,Mill Princess,アーテイアス,Welsh Flame,Miswaki,Touch of Greatness,Vettori,Lust,Silver Hawk,Ameriflora,サンデーサイレンス,ダイナアクトレス,Roberto,Kelley's Day,Fappiano,Pacific Princess,Northern Dancer,Sex Appeal,Mill Reef,Irish Lass,Round Table,Stylish Pattern,Welsh Pageant,Electric Flash,Mr. Prospector,Hopespringseternal,Hero's Honor,Ivory Wand,Machiavellian,Air Distingue,Pursuit of Love,Pato,Roberto,Gris Vitesse,Danzig,Graceful Touch,Halo,Wishing Well,ノーザンテースト,モデルスポート,Hail to Reason,Bramalea,Graustark,Golden Trail,Mr. Prospector,Killaloe,Damascus,Fiji
202605010106,16,芝,1600,良,未勝利,アメリカンペイトリオット,シャンパンサーベル,War Front,Life Well Lived,キンシャサノキセキ,フェアリーバニヤン,Danzig,Starry Dreamer,Tiznow,Well Dressed,フジキセキ,ケルトシャーン,Honour and Glory,キャタラクト,Northern Dancer,Pas de Nom,Rubiano,Lara's Star,Cee's Tizzy,Cee's Song,Notebook,Trithenia,サンデーサイレンス,ミルレーサー,Pleasant Colony,Featherhill,Relaunch,Fair to All,Storm Cat,Queen Tutta,Nearctic,Natalma,Admiral's Voyage,Petitioner,Fappiano,Ruby Slippers,Forli,True Reality,Relaunch,テイズリー,Seattle Song,Lonely Dancer,Well Decorated,Mobcap,Gold Meridian,Tri Argo,Halo,Wishing Well,Le Fabuleux,Marston's Mill,His Majesty,Sun Colony,Lyphard,Lady Berry,In Reality,Foggy Note,Al Nasr,Gonfalon,Storm Bird,Terlingua,Kris S.,Tutta
202605010107,1,ダート,1600,良,1勝クラス,ルヴァンスレーヴ,スーブレット,シンボリクリスエス,マエストラーレ,ゴールドアリュール,フラーテイシャスミス,Kris S.,Tee Kay,ネオユニヴァース,オータムブリーズ,サンデーサイレンス,ニキーヤ,Mr. Greeley,Seductive Smile,Roberto,Sharp Queen,Gold Meridian,Tri Argo,サンデーサイレンス,ポインテッドパス,ティンバーカントリー,セプテンバーソング,Halo,Wishing Well,Nureyev,Reluctant Guest,Gone West,Long Legend,Silver Hawk,Exit Smiling,Hail to Reason,Bramalea,Princequillo,Bridgework,Seattle Slew,Queen Louie,Tri Jet,Hail Proudly,Halo,Wishing Well,Kris,Silken Way,Woodman,Fall Aspen,リアルシャダイ,ダイナフェアリー,Hail to Reason,Cosmah,Understanding,Mountain Flower,Northern Dancer,Special,Hostage,Vaguely Royal,Mr. Prospector,Secrettame,Reviewer,Lianga,Roberto,Gris Vitesse,Stage Door Johnny,Chandelier
202605010107,2,ダート,1600,良,1勝クラス,グレーターロンドン,ハッピーベリンダ,ディープインパクト,ロンドンブリッジ,アグネスデジタル,エイシンベリンダ,サンデーサイレンス,ウインドインハーヘア,ドクターデヴィアス,オールフォーロンドン,Crafty Prospector,Chancey Squaw,エルコンドルパサー,エイシンララミー,Halo,Wishing Well,Alzao,Burghclere,Ahonoora,Rose of Jericho,Danzig,Full Card,Mr. Prospector,Real Crafty Lady,Chief's Crown,Allicance,Kingmambo,サドラーズギャル,Time for a Change,Gander Crude,Hail to Reason,Cosmah,Understanding,Mountain Flower,Lyphard,Lady Rebecca,Busted,Highclere,Lorenzaccio,Helen Nichols,Alleged,Rose Red,Northern Dancer,Pas de Nom,Damascus,Belle of the Ball,Raise a Native,Gold Digger,In Reality,Princess Roycraft,Danzig,Six Crowns,Alleged,Runaway Bride,Mr. Prospector,Miesque,Sadler's Wells,Glenveagh,Damascus,Resolver,Quack,Grey Oil
202605010107,3,ダート,1600,良,1勝クラス,ブリックスアンドモルタル,ザガールインザットソング,Giant's Causeway,Beyond the Waves,My Golden Song,Belle of the Band,Storm Cat,Mariah's Storm,Ocean Crest,Excedent,Unbridled's Song,Golden Par,Dixieland Band,Alysbelle,Storm Bird,Terlingua,Rahy,イメンス,Storm Bird,S.S.Aroma,Exceller,Broadway Lullaby,Unbridled,Trolley Song,Gold Meridian,Par Three,Northern Dancer,Mississippi Mud,Alydar,Bel Sheba,Northern Dancer,South Ocean,Secretariat,Crimson Saint,Blushing Groom,Glorious Song,Roberto,Imsodear,Northern Dancer,South Ocean,Seattle Slew,Rare Bouquet,Vaguely Noble,Too Bald,Stage Door Johnny,リットルブレツシング,Fappiano,Gana Facil,Caro,Lucky Spell,Seattle Slew,Queen Louie,Alleged,Fairway Flyer,Nearctic,Natalma,Delta Judge,Sand Buggy,Raise a Native,Sweet Tooth,Lt. Stevens,Belthazar
202605010107,4,ダート,1600,良,1勝クラス,マインドユアビスケッツ,ベッサメモー,Posse,Jazzmane,Uncle Mo,Midnight Visit,Silver Deputy,Raska,Toccet,Alljazz,Indian Charlie,Playa Maya,ヘニーヒューズ,Open Window,Deputy Minister,Silver Valley,Rahy,Borishka,Awesome Again,Cozzene's Angel,Stop the Music,Bounteous,In Excess,Soviet Sojourn,Arch,Dixie Slippers,ヘネシー,Meadow Flyer,Trempolino,Vexation,Vice Regent,Mint Copy,Mr. Prospector,Seven Valleys,Blushing Groom,Glorious Song,Roberto,Queen Maud,Deputy Minister,Primal Force,Cozzene,Charming Pan,Hail to Reason,Bebopper,Master Derby,Mlle. Quille,Siberian Express,Kantado,Leo Castelli,Political Parfait,Kris S.,Aurora,Dixieland Band,Cyane's Slippers,Storm Cat,Island Kitty,Meadowlake,Shortley,Sharpen Up,Trephine,Vice Regent,Chagrin Falls
202605010107,5,ダート,1600,良,1勝クラス,クリソベリル,パールデュー,ゴールドアリュール,クリソプレーズ,キングカメハメハ,ブルーメンブラット,サンデーサイレンス,ニキーヤ,エルコンドルパサー,キャサリーンパー,Kingmambo,マンファス,アドマイヤベガ,マイワイルドフラワー,Halo,Wishing Well,Nureyev,Reluctant Guest,Kingmambo,サドラーズギャル,Riverman,Regal Exception,Mr. Prospector,Miesque,ラストタイクーン,Pilot Bird,サンデーサイレンス,ベガ,Topsider,Wildwook,Hail to Reason,Cosmah,Understanding,Mountain Flower,Northern Dancer,Special,Hostage,Vaguely Royal,Mr. Prospector,Miesque,Sadler's Wells,Glenveagh,Never Bend,River Lady,Ribot,Rajput Princess,Raise a Native,Gold Digger,Nureyev,Pasadoble,トライマイベスト,Mill Princess,Blakeney,The Dancer,Halo,Wishing Well,トニービン,アンティックヴァリュー,Northern Dancer,Drumtop,Sir Gaylord,Blue Canoe
202605010107,6,ダート,1600,良,1勝クラス,フォーウィールドライブ,ショーカノン,American Pharoah,Funfair,ブレイクランアウト,アンペア,Pioneerof the Nile,Littleprincessemma,More Than Ready,Fleuron,Smart Strike,キュー,ワイルドラッシュ,フリーフォーギブン,エンパイアメーカー,Star of Goshen,Yankee Gentleman,Exclusive Rosette,サザンヘイロー,Woodman's Girl,Distant View,Flamboyance,Mr. Prospector,Classy 'n Smart,フレンチデピュティ,P J Floral,Wild Again,Rose Park,Unbridled,Redeemer,Unbridled,Toussaud,Lord at War,Castle Eight,Storm Cat,Key Phrase,Ecliptical,Zetta Jet,Halo,Northern Sea,Woodman,Becky Be Good,Mr. Prospector,Seven Springs,Zilzal,Bridal Wreath,Raise a Native,Gold Digger,Smarten,No Class,Deputy Minister,Mitterand,Baldski,Peroxide Princess,Icecapade,Bushel-n-Peck,Plugged Nickle,Hardship,Fappiano,Gana Facil,Dixieland Band,Printing Press
202605010107,7,ダート,1600,良,1勝クラス,シュウジ,ペンデュラム,キンシャサノキセキ,カストリア,コンデュイット,コスモフォーチュン,フジキセキ,ケルトシャーン,Kingmambo,More Silver,Dalakhani,Well Head,マイネルラヴ,グレースマリヤ,サンデーサイレンス,ミルレーサー,Pleasant Colony,Featherhill,Mr. Prospector,Miesque,Silver Hawk,Dancing Lt.,Darshaan,Daltawa,Sadler's Wells,River Dancer,Seeking the Gold,Heart of Joy,グルームダンサー,ミホグレース,Halo,Wishing Well,Le Fabuleux,Marston's Mill,His Majesty,Sun Colony,Lyphard,Lady Berry,Raise a Native,Gold Digger,Nureyev,Pasadoble,Roberto,Gris Vitesse,San Feliou,Girl Lt.,Shirley Heights,Delsy,Miswaki,Damana,Northern Dancer,Fairy Bridge,Irish River,Dancing Shadow,Mr. Prospector,Con Game,リィフォー,Mythographer,Blushing Groom,Featherhill,アスワン,ビューティマリヤ
202605010107,8,ダート,1600,良,1勝クラス,ディスクリートキャット,ハッピーゴラッキー,Forestry,Pretty Discreet,パイロ,フェリシタス,Storm Cat,Shared Interest,Private Account,Pretty Persuasive,Pulpit,Wild Vision,キングズベスト,Embassy,Storm Bird,Terlingua,Pleasant Colony,Surgery,Damascus,Numbered Account,Believe It,Bury the Hatchet,A.P. Indy,Preach,Wild Again,Carol's Wonder,Kingmambo,Allegretta,Cadeaux Genereux,Pass the Peace,Northern Dancer,South Ocean,Secretariat,Crimson Saint,His Majesty,Sun Colony,Dr. Fager,Bold Sequence,Sword Dancer,Kerala,Buckpasser,Intriguing,In Reality,Breakfast Bell,Tom Rolfe,Christmas Whishes,Seattle Slew,Weekend Surprise,Mr. Prospector,Narrate,Icecapade,Bushel-n-Peck,Pass the Tab,Carols Christmas,Mr. Prospector,Miesque,Lombard,Anatevka,Young Generation,Smarten Up,Alzao,Lover's Rose
202605010107,9,ダート,1600,良,1勝クラス,ジャスタウェイ,コマノサラサ,ハーツクライ,シビル,クロフネ,コマノマコ,サンデーサイレンス,アイリッシュダンス,Wild Again,シャロン,フレンチデピュティ,ブルーアヴェニュー,フォーティナイナー,リンデンジョオー,Halo,Wishing Well,トニービン,ビューパーダンス,Icecapade,Bushel-n-Peck,Mo Exception,Double Wiggle,Deputy Minister,Mitterand,Classic Go Go,Eliza Blue,Mr. Prospector,File,リアルシャダイ,リンデンリリー,Hail to Reason,Cosmah,Understanding,Mountain Flower,カンパラ,Severn Bridge,Lyphard,My Bupers,Nearctic,Shenanigans,Khaled,Dama,Hard Work,With Exception,Sir Wiggle,Blue Double,Vice Regent,Mint Copy,Hold Your Peace,Laredo Lass,Pago Pago,Classic Perfection,Icecapade,コレラ,Raise a Native,Gold Digger,Tom Rolfe,Continue,Roberto,Desert Vixen,ミルジョージ,ラドンナリリー
202605010107,10,ダート,1600,良,1勝クラス,ポエティックフレア,シャドウノエル,Dawn Approach,Maria Lee,Le Havre,Magic Potion,New Approach,Hymn Of The Dawn,ロックオブジブラルタル,Elida,Noverre,Marie Rheinberg,ディヴァインライト,Magic Dawn,Galileo,Park Express,Phone Trick,Colonial Debut,デインヒル,Offshore Boom,ロイヤルアカデミー,Saviour,Rahy,ダンスールファビュルー,Surako,Marie d'Argonne,サンデーサイレンス,メルドスポート,Caerleon,マジックナイト,Sadler's Wells,Urban Sea,Ahonoora,Matcher,Clever Trick,Over the Phone,Pleasant Colony,Kittihawk Miss,Danzig,Razyana,Be My Guest,Push a Button,Nijinsky,Crimson Saint,Majestic Light,Victorian Queen,Blushing Groom,Glorious Song,Northern Dancer,Fabuleux Jane,Konigsstuhl,Surata,Jefferson,Mohair,Halo,Wishing Well,ノーザンテースト,シヤダイプリマ,Nijinsky,Foreseer,Le Nain Jaune,Pin Up Babe
202605010107,11,ダート,1600,良,1勝クラス,カレンブラックヒル,コンパクトモデル,ダイワメジャー,チャールストンハーバー,カンパニー,タイニーモデル,サンデーサイレンス,スカーレットブーケ,Grindstone,Penny's Valentine,ミラクルアドマイヤ,ブリリアントベリー,サンデーサイレンス,ダンシェンヌ,Halo,Wishing Well,ノーザンテースト,スカーレットインク,Unbridled,Buzz My Bell,Storm Cat,Mrs. Penny,トニービン,バレークイーン,ノーザンテースト,クラフテイワイフ,Halo,Wishing Well,グルームダンサー,Termienne,Hail to Reason,Cosmah,Understanding,Mountain Flower,Northern Dancer,Lady Victoria,Crimson Satan,Consentida,Fappiano,Gana Facil,Drone,Chateaupavia,Storm Bird,Terlingua,Great Nephew,Tananarive,カンパラ,Severn Bridge,Sadler's Wells,Sun Princess,Northern Dancer,Lady Victoria,Crafty Prospector,Wife Mistress,Hail to Reason,Cosmah,Understanding,Mountain Flower,Blushing Groom,Featherhill,Armos,Terrienne
202605010107,12,ダート,1600,良,1勝クラス,タイセイレジェンド,チャーミングメイト,キングカメハメハ,シャープキック,エンパイアメーカー,マジックシアター,Kingmambo,マンファス,メジロマックイーン,ペッパーキャロル,Unbridled,Toussaud,ネオユニヴァース,マジカルウーマン,Mr. Prospector,Miesque,ラストタイクーン,Pilot Bird,メジロティターン,メジロオーロラ,ニチドウアラシ,ダイナキャロル,Fappiano,Gana Facil,El Gran Senor,Image of Reality,サンデーサイレンス,ポインテッドパス,パラダイスクリーク,ブレイブウーマン,Raise a Native,Gold Digger,Nureyev,Pasadoble,トライマイベスト,Mill Princess,Blakeney,The Dancer,メジロアサマ,シエリル,リマンド,メジロアイリス,ボールドアンドエイブル,シャトーローズ,ノーザンテースト,クレアーブリッジ,Mr. Prospector,Killaloe,Le Fabuleux,Charedi,Northern Dancer,Sex Appeal,In Reality,Edee's Image,Halo,Wishing Well,Kris,Silken Way,Irish River,North Of Eden,ブレイヴェストローマン,チヨダフジ
202605010107,13,ダート,1600,良,1勝クラス,ダノンレジェンド,ドナプリモ,Macho Uno,マイグッドネス,フリオーソ,ドナビジュー,Holy Bull,Primal Force,Storm Cat,Caressing,ブライアンズタイム,ファーザ,スペシャルウィーク,ダンジグダンザグ,Great Above,Sharon Brown,Blushing Groom,Prime Prospect,Storm Bird,Terlingua,Honour and Glory,Lovin Touch,Roberto,Kelley's Day,Mr. Prospector,Baya,サンデーサイレンス,キャンペンガール,Danzig,Thatsallshewrote,Minnesota Mac,Ta Wee,Al Hattab,Agathea's Dawn,Red God,Runaway Bride,Mr. Prospector,Square Generation,Northern Dancer,South Ocean,Secretariat,Crimson Saint,Relaunch,Fair to All,Majestic Prince,Forest Princess,Hail to Reason,Bramalea,Graustark,Golden Trail,Raise a Native,Gold Digger,Nureyev,Barger,Halo,Wishing Well,マルゼンスキー,レディーシラオキ,Northern Dancer,Pas de Nom,Graustark,Dinner Partner
202605010107,14,ダート,1600,良,1勝クラス,マインドユアビスケッツ,マイレリーフ,Posse,Jazzmane,ルーラーシップ,クラウンプリンセス,Silver Deputy,Raska,Toccet,Alljazz,キングカメハメハ,エアグルーヴ,スペシャルウィーク,クラウンピース,Deputy Minister,Silver Valley,Rahy,Borishka,Awesome Again,Cozzene's Angel,Stop the Music,Bounteous,Kingmambo,マンファス,トニービン,ダイナカール,サンデーサイレンス,キャンペンガール,Seattle Slew,クラシッククラウン,Vice Regent,Mint Copy,Mr. Prospector,Seven Valleys,Blushing Groom,Glorious Song,Roberto,Queen Maud,Deputy Minister,Primal Force,Cozzene,Charming Pan,Hail to Reason,Bebopper,Master Derby,Mlle. Quille,Mr. Prospector,Miesque,ラストタイクーン,Pilot Bird,カンパラ,Severn Bridge,ノーザンテースト,シャダイフェザー,Halo,Wishing Well,マルゼンスキー,レディーシラオキ,Bold Reasoning,My Charmer,Mr. Prospector,Six Crowns
202605010107,15,ダート,1600,良,1勝クラス,ディスクリートキャット,レディナデシコ,Forestry,Pretty Discreet,ワイルドラッシュ,サッカーマム,Storm Cat,Shared Interest,Private Account,Pretty Persuasive,Wild Again,Rose Park,Kingmambo,Traverse City,Storm Bird,Terlingua,Pleasant Colony,Surgery,Damascus,Numbered Account,Believe It,Bury the Hatchet,Icecapade,Bushel-n-Peck,Plugged Nickle,Hardship,Mr. Prospector,Miesque,Halo,Cherry Jubilee,Northern Dancer,South Ocean,Secretariat,Crimson Saint,His Majesty,Sun Colony,Dr. Fager,Bold Sequence,Sword Dancer,Kerala,Buckpasser,Intriguing,In Reality,Breakfast Bell,Tom Rolfe,Christmas Whishes,Nearctic,Shenanigans,Khaled,Dama,Key to the Mint,Toll Booth,Drone,Hard and Fast,Raise a Native,Gold Digger,Nureyev,Pasadoble,Hail to Reason,Cosmah,Coastal,Cherry Willow
202605010107,16,ダート,1600,良,1勝クラス,カリフォルニアクローム,マネーペニー,Lucky Pulpit,Love the Chase,Monarchos,My White Corvette,Pulpit,Lucky Soph,Not for Love,Chase It Down,Maria's Mon,Regal Band,Tarr Road,Wind Chime,A.P. Indy,Preach,Cozzene,Lucky Spell,Mr. Prospector,Dance Number,Polish Numbers,Chase the Dream,Wavering Monarch,Carlotta Maria,Dixieland Band,リーガルロベルタ,Grey Dawn,Pure Reason,Marfa,Belles Native,Seattle Slew,Weekend Surprise,Mr. Prospector,Narrate,Caro,Ride the Trails,Lucky Mel,Incantation,Raise a Native,Gold Digger,Northern Dancer,Numbered Account,Danzig,Numbered Account,Sir Ivor,La Belle Fleur,Majestic Light,Uncommitted,Caro,Water Malone,Northern Dancer,Mississippi Mud,Roberto,Regal Road,Herbager,Polamia,Chieftain,Reason to Earn,Foolish Pleasure,Gray Matter,Raise a Native,Belle's Pocket
202605010108,1,ダート,1400,良,2勝クラス,シャンハイボビー,ペイシャフローレス,Harlan's Holiday,Steelin',ヴィクトワールピサ,プレザントケイプ,Harlan,Christmas in Aiken,Orientate,Steel Band,ネオユニヴァース,ホワイトウォーターアフェア,Cape Cross,Felicity,Storm Cat,Country Romance,Affirmed,Dowager,Mt. Livermore,Dream Team,Carson City,ウェディングバンド,サンデーサイレンス,ポインテッドパス,Machiavellian,Much Too Risky,Green Desert,Park Appeal,Selkirk,Las Flores,Storm Bird,Terlingua,Halo,Sweet Romance,Exclusive Native,Won't Tell You,Honest Pleasure,Princessnesian,Blushing Groom,Flama Ardiente,Cox's Ridge,Likely Double,Mr. Prospector,Blushing Promise,Mighty Appealing,Ring of Steel,Halo,Wishing Well,Kris,Silken Way,Mr. Prospector,Coup de Folie,Bustino,Short Rations,Danzig,Foreign Courier,Ahonoora,Balidaress,Sharpen Up,Annie Edge,Sadler's Wells,Producer
202605010108,2,ダート,1400,良,2勝クラス,キズナ,キョウエイカルラ,ディープインパクト,キャットクイル,アフリート,レイズユアグラス,サンデーサイレンス,ウインドインハーヘア,Storm Cat,Pacific Princess,Mr. Prospector,Polite Lady,アジュディケーティング,レイズアプランサー,Halo,Wishing Well,Alzao,Burghclere,Storm Bird,Terlingua,Damascus,Fiji,Raise a Native,Gold Digger,Venetian Jester,Friendly Ways,Danzig,Resolver,Raise a Native,Dancing Hostess,Hail to Reason,Cosmah,Understanding,Mountain Flower,Lyphard,Lady Rebecca,Busted,Highclere,Northern Dancer,South Ocean,Secretariat,Crimson Saint,Sword Dancer,Kerala,Acropolis,Rififi,Native Dancer,Raise You,Nashua,Sequence,Tom Fool,Venice,Green Ticket,Ways to Learn,Northern Dancer,Pas de Nom,Reviewer,Lovely Morning,Native Dancer,Raise You,Sword Dancer,Your Hostess
202605010108,3,ダート,1400,良,2勝クラス,Kantharos,Indigo Gin,Lion Heart,Contessa Halo,Lemon Drop Kid,Lady Bingo,Tale of the Cat,Satin Sunrise,サザンヘイロー,Queen of Savoy,Kingmambo,Charming Lassie,Galileo,Sharp Lisa,Storm Cat,Yarn,Mr. Leader,Logic,Halo,Northern Sea,Conquistador Cielo,Jill of All Trades,Mr. Prospector,Miesque,Seattle Slew,Lassie Dear,Sadler's Wells,Urban Sea,Dixieland Band,Winter's Gone,Storm Bird,Terlingua,Mr. Prospector,Narrate,Hail to Reason,Jolie Deja,Naskra,Bactu Reason,Hail to Reason,Cosmah,Northern Dancer,Sea Saga,Mr. Prospector,K D Princess,Codex,Mavera,Raise a Native,Gold Digger,Nureyev,Pasadoble,Bold Reasoning,My Charmer,Buckpasser,Gay Missile,Northern Dancer,Fairy Bridge,Miswaki,Allegretta,Northern Dancer,Mississippi Mud,Dynaformer,Stark Winter
202605010108,4,ダート,1400,良,2勝クラス,マインドユアビスケッツ,シャスターデイジー,Posse,Jazzmane,アグネスタキオン,サンドリオン,Silver Deputy,Raska,Toccet,Alljazz,サンデーサイレンス,アグネスフローラ,コマンダーインチーフ,シネマスコープ,Deputy Minister,Silver Valley,Rahy,Borishka,Awesome Again,Cozzene's Angel,Stop the Music,Bounteous,Halo,Wishing Well,ロイヤルスキー,アグネスレディー,ダンシングブレーヴ,Slightly Dangerous,トニービン,ブルーハワイ,Vice Regent,Mint Copy,Mr. Prospector,Seven Valleys,Blushing Groom,Glorious Song,Roberto,Queen Maud,Deputy Minister,Primal Force,Cozzene,Charming Pan,Hail to Reason,Bebopper,Master Derby,Mlle. Quille,Hail to Reason,Cosmah,Understanding,Mountain Flower,Raja Baba,Coz o'Nijinsky,リマンド,イコマエイカン,Lyphard,Navajo Princess,Roberto,Where You Lead,カンパラ,Severn Bridge,スリルショー,サニースワップス
202605010108,5,ダート,1400,良,2勝クラス,Tapit,L' Age d'Or,Pulpit,Tap Your Heels,Medaglia d'Oro,Mona de Momma,A.P. Indy,Preach,Unbridled,Ruby Slippers,El Prado,Cappucino Bay,Speightstown,Society Gal,Seattle Slew,Weekend Surprise,Mr. Prospector,Narrate,Fappiano,Gana Facil,Nijinsky,Moon Glitter,Sadler's Wells,Lady Capulet,Bailjumper,Dubbed In,Gone West,Silken Cat,Linkage,Long Legend,Bold Reasoning,My Charmer,Secretariat,Lassie Dear,Raise a Native,Gold Digger,Honest Pleasure,State,Mr. Prospector,Killaloe,Le Fabuleux,Charedi,Northern Dancer,Flaming Page,In Reality,Foggy Note,Northern Dancer,Fairy Bridge,Sir Ivor,Cap and Bells,Damascus,Court Circuit,Silent Screen,Society Singer,Mr. Prospector,Secrettame,Storm Cat,Silken Doll,Hoist the Flag,Unity Hall,Reviewer,Lianga
202605010108,6,ダート,1400,良,2勝クラス,ロードカナロア,スキャットレディビーダンシング,キングカメハメハ,レディブラッサム,Scat Daddy,La Violette,Kingmambo,マンファス,Storm Cat,サラトガデュー,ヨハネスブルグ,Love Style,コロナドズクエスト,Comical Cat,Mr. Prospector,Miesque,ラストタイクーン,Pilot Bird,Storm Bird,Terlingua,Cormorant,Super Luna,ヘネシー,Myth,Mr. Prospector,Likeable Style,フォーティナイナー,Laughing Look,Exceller,Six Months Long,Raise a Native,Gold Digger,Nureyev,Pasadoble,トライマイベスト,Mill Princess,Blakeney,The Dancer,Northern Dancer,South Ocean,Secretariat,Crimson Saint,His Majesty,Song Sparrow,In Reality,Alada,Storm Cat,Island Kitty,オジジアン,Yarn,Raise a Native,Gold Digger,Nijinsky,Personable Lady,Mr. Prospector,File,Damascus,Laughter,Vaguely Noble,Too Bald,Northern Dancer,Prime Time
202605010108,7,ダート,1400,良,2勝クラス,シニスターミニスター,プティトシャンティ,Old Trieste,Sweet Minister,ダノンシャンティ,チャームダンス,A.P. Indy,Lovlier Linda,The Prime Minister,Sweet Blue,フジキセキ,シャンソネット,アフリート,ダンシングゴッデス,Seattle Slew,Weekend Surprise,Vigors,Linda Summers,Deputy Minister,Stick to Beauty,Hurry Up Blue,Sugar Gold,サンデーサイレンス,ミルレーサー,Mark of Esteem,Glorious Song,Mr. Prospector,Polite Lady,Nijinsky,Producer,Bold Reasoning,My Charmer,Secretariat,Lassie Dear,Grey Dawn,Relifordie,Crozier,Queenly Gift,Vice Regent,Mint Copy,Illustrious,Hail to Beauty,Mr. Leader,Blue Baroness,Mr. Prospector,Miss Ironside,Halo,Wishing Well,Le Fabuleux,Marston's Mill,Darshaan,Homage,Halo,Ballade,Raise a Native,Gold Digger,Venetian Jester,Friendly Ways,Northern Dancer,Flaming Page,Nashua,Marion
202605010108,8,ダート,1400,良,2勝クラス,ヘニーヒューズ,バウンシーチューン,ヘネシー,Meadow Flyer,ステイゴールド,リーインフォースト,Storm Cat,Island Kitty,Meadowlake,Shortley,サンデーサイレンス,ゴールデンサッシュ,トニービン,ティアラ,Storm Bird,Terlingua,Hawaii,T. C. Kitten,Hold Your Peace,Suspicious Native,Hagley,Short Winded,Halo,Wishing Well,ディクタス,ダイナサッシュ,カンパラ,Severn Bridge,ノーザンテースト,シヤダイサイクル,Northern Dancer,South Ocean,Secretariat,Crimson Saint,Utrillo,Ethane,Tom Cat,Needlebug,Speak John,Blue Moon,Raise a Native,Be Suspicious,Olden Times,Teo Pepi,Harvest Singing,Wild Cloud,Hail to Reason,Cosmah,Understanding,Mountain Flower,Sanctus,Doronic,ノーザンテースト,ロイヤルサッシュ,Kalamoun,State Pension,Hornbeam,Priddy Fair,Northern Dancer,Lady Victoria,ヒッティングアウェー,サイクラス
202605010108,9,ダート,1400,良,2勝クラス,ドレフォン,クロエチャン,Gio Ponti,Eltimaas,スパイキュール,トレローニー,Tale of the Cat,Chipeta Springs,Ghostzapper,Najecam,サンデーサイレンス,クラフテイワイフ,ミスターダンディ,リトルバンデーラ,Storm Cat,Yarn,Alydar,Salt Spring,Awesome Again,Baby Zip,Trempolino,Sue Warner,Halo,Wishing Well,Crafty Prospector,Wife Mistress,オランテ,ダンディライアン,ダイゼンキング,ラバンデーラ,Storm Bird,Terlingua,Mr. Prospector,Narrate,Raise a Native,Sweet Tooth,Salt Marsh,Jungle Mythologic,Deputy Minister,Primal Force,Relaunch,Thirty Zip,Sharpen Up,Trephine,Forli,Bitty Girl,Hail to Reason,Cosmah,Understanding,Mountain Flower,Mr. Prospector,Real Crafty Lady,Secretariat,Political Payoff,Bold Bidder,Mock Orange,マツカゼオー,ミサキクラブ,トウショウボーイ,ブライヤア,Morston,Patois
202605010108,10,ダート,1400,良,2勝クラス,ニューイヤーズデイ,メイチャリティ,Street Cry,Justwhistledixie,ネオユニヴァース,メイフィールド,Machiavellian,Helen Street,Dixie Union,General Jeanne,サンデーサイレンス,ポインテッドパス,Tiger Hill,コムフレイ,Mr. Prospector,Coup de Folie,Troy,Waterway,Dixieland Band,She's Tops,Honour and Glory,Ahpo Hel,Halo,Wishing Well,Kris,Silken Way,デインヒル,The Filly,A.P. Indy,Myhrr,Raise a Native,Gold Digger,Halo,Raise the Standard,Petingo,La Milo,Riverman,Boulevard,Northern Dancer,Mississippi Mud,Capote,She's a Talent,Relaunch,Fair to All,Mr. Leader,Tiy,Hail to Reason,Cosmah,Understanding,Mountain Flower,Sharpen Up,Doubly Sure,Shantung,Boulevard,Danzig,Razyana,Appiani,Tigress Silver,Seattle Slew,Weekend Surprise,Mr. Prospector,Miesque
202605010108,11,ダート,1400,良,2勝クラス,モーリス,チャームドヴェール,スクリーンヒーロー,メジロフランシス,ネオユニヴァース,ヴェイルオブアヴァロン,グラスワンダー,ランニングヒロイン,カーネギー,メジロモントレー,サンデーサイレンス,ポインテッドパス,サンダーガルチ,ウインドインハーヘア,Silver Hawk,Ameriflora,サンデーサイレンス,ダイナアクトレス,Sadler's Wells,Detroit,モガミ,メジロクインシー,Halo,Wishing Well,Kris,Silken Way,Gulch,Line of Thunder,Alzao,Burghclere,Roberto,Gris Vitesse,Danzig,Graceful Touch,Halo,Wishing Well,ノーザンテースト,モデルスポート,Northern Dancer,Fairy Bridge,Riverman,Derna,Lyphard,ノーラック,フィディオン,メジロボサツ,Hail to Reason,Cosmah,Understanding,Mountain Flower,Sharpen Up,Doubly Sure,Shantung,Boulevard,Mr. Prospector,Jameela,Storm Bird,Shoot a Line,Lyphard,Lady Rebecca,Busted,Highclere
202605010108,12,ダート,1400,良,2勝クラス,マクフィ,オールオールオール,Dubawi,Dhelaal,アグネスタキオン,スターダーラ,Dubai Millennium,Zomaradah,Green Desert,Irish Valley,サンデーサイレンス,アグネスフローラ,Theatrical,Lydara,Seeking the Gold,Colorado Dancer,Deploy,Jawaher,Danzig,Foreign Courier,Irish River,Green Valley,Halo,Wishing Well,ロイヤルスキー,アグネスレディー,Nureyev,ツリーオブノレッジ,Alydar,Stick to Beauty,Mr. Prospector,Con Game,Shareef Dancer,Fall Aspen,Shirley Heights,Slightly Dangerous,ダンシングブレーヴ,High Tern,Northern Dancer,Pas de Nom,Sir Ivor,Courtly Dee,Riverman,Irish Star,Val de Loir,Sly Pola,Hail to Reason,Cosmah,Understanding,Mountain Flower,Raja Baba,Coz o'Nijinsky,リマンド,イコマエイカン,Northern Dancer,Special,Sassafras,Sensibility,Raise a Native,Sweet Tooth,Illustrious,Hail to Beauty
202605010108,13,ダート,1400,良,2勝クラス,ドレフォン,ナンシーフロムナイロビ,Gio Ponti,Eltimaas,Sixties Icon,Madame Hoi,Tale of the Cat,Chipeta Springs,Ghostzapper,Najecam,Galileo,Love Divine,Hawk Wing,Lindesberg,Storm Cat,Yarn,Alydar,Salt Spring,Awesome Again,Baby Zip,Trempolino,Sue Warner,Sadler's Wells,Urban Sea,Diesis,La Sky,Woodman,La Lorgnette,Doyoun,Be Discreet,Storm Bird,Terlingua,Mr. Prospector,Narrate,Raise a Native,Sweet Tooth,Salt Marsh,Jungle Mythologic,Deputy Minister,Primal Force,Relaunch,Thirty Zip,Sharpen Up,Trephine,Forli,Bitty Girl,Northern Dancer,Fairy Bridge,Miswaki,Allegretta,Sharpen Up,Doubly Sure,Law Society,Maryinsky,Mr. Prospector,プレイメイト,Val de l'Orne,The Temptress,Mill Reef,Dumka,ジュニアス,Querida
202605010108,14,ダート,1400,良,2勝クラス,ダンカーク,ニシノリコルディ,Unbridled's Song,Secret Status,ハーツクライ,ニシノブルームーン,Unbridled,Trolley Song,A.P. Indy,Private Status,サンデーサイレンス,アイリッシュダンス,タニノギムレット,カプリッチョーサ,Fappiano,Gana Facil,Caro,Lucky Spell,Seattle Slew,Weekend Surprise,Alydar,Miss Eva,Halo,Wishing Well,トニービン,ビューパーダンス,ブライアンズタイム,タニノクリスタル,Alzao,Clanjingle,Mr. Prospector,Killaloe,Le Fabuleux,Charedi,フォルティノ,Chambord,Lucky Mel,Incantation,Bold Reasoning,My Charmer,Secretariat,Lassie Dear,Raise a Native,Sweet Tooth,Con Brio,Apolinea,Hail to Reason,Cosmah,Understanding,Mountain Flower,カンパラ,Severn Bridge,Lyphard,My Bupers,Roberto,Kelley's Day,クリスタルパレス,タニノシーバード,Lyphard,Lady Rebecca,Tumble Wind,Fille Sifflante
202605010108,15,ダート,1400,良,2勝クラス,ドゥラメンテ,メジロマリアン,キングカメハメハ,アドマイヤグルーヴ,メジロベイリー,メジロサンドラ,Kingmambo,マンファス,サンデーサイレンス,エアグルーヴ,サンデーサイレンス,レールデュタン,メジロマックイーン,カンパナ,Mr. Prospector,Miesque,ラストタイクーン,Pilot Bird,Halo,Wishing Well,トニービン,ダイナカール,Halo,Wishing Well,マルゼンスキー,ケイツナミ,メジロティターン,メジロオーロラ,Sadler's Wells,Two Rings,Raise a Native,Gold Digger,Nureyev,Pasadoble,トライマイベスト,Mill Princess,Blakeney,The Dancer,Hail to Reason,Cosmah,Understanding,Mountain Flower,カンパラ,Severn Bridge,ノーザンテースト,シャダイフェザー,Hail to Reason,Cosmah,Understanding,Mountain Flower,Nijinsky,シル,ラディガ,ハイビスカス,メジロアサマ,シエリル,リマンド,メジロアイリス,Northern Dancer,Fairy Bridge,Round Table,Allofthem
202605010108,中,ダート,1400,良,2勝クラス,リアルスティール,ファビュラスセンス,ディープインパクト,ラヴズオンリーミー,グラスワンダー,ファビラスターン,サンデーサイレンス,ウインドインハーヘア,Storm Cat,Monevassia,Silver Hawk,Ameriflora,サンデーサイレンス,カッティングエッジ,Halo,Wishing Well,Alzao,Burghclere,Storm Bird,Terlingua,Mr. Prospector,Miesque,Roberto,Gris Vitesse,Danzig,Graceful Touch,Halo,Wishing Well,ファバージ,メルドスポート,Hail to Reason,Cosmah,Understanding,Mountain Flower,Lyphard,Lady Rebecca,Busted,Highclere,Northern Dancer,South Ocean,Secretariat,Crimson Saint,Raise a Native,Gold Digger,Nureyev,Pasadoble,Hail to Reason,Bramalea,Amerigo,Matchiche,Northern Dancer,Pas de Nom,His Majesty,Pi Phi Gal,Hail to Reason,Cosmah,Understanding,Mountain Flower,Princely Gift,Spring Offensive,ノーザンテースト,シヤダイプリマ
202605010109,1,ダート,1600,良,3勝クラス,ハーツクライ,キトゥンズクイーン,サンデーサイレンス,アイリッシュダンス,Kitten's Joy,High Chant,Halo,Wishing Well,トニービン,ビューパーダンス,El Prado,Kitten's First,War Chant,Highfalutin,Hail to Reason,Cosmah,Understanding,Mountain Flower,カンパラ,Severn Bridge,Lyphard,My Bupers,Sadler's Wells,Lady Capulet,Lear Fan,That's My Hon,Danzig,Hollywood Wildcat,Silver Deputy,Constant Change,Turn-to,Nothirdchance,Cosmic Bomb,Almahmoud,Promised Land,Pretty Ways,Montparnasse,Edelweiss,Kalamoun,State Pension,Hornbeam,Priddy Fair,Northern Dancer,Goofed,Bupers,Princess Revoked,Northern Dancer,Fairy Bridge,Sir Ivor,Cap and Bells,Roberto,Wac,L'Enjoleur,One Lane,Northern Dancer,Pas de Nom,Kris S.,Miss Wildcatter,Deputy Minister,Silver Valley,High Echelon,Never Scheme
202605010109,2,ダート,1600,良,3勝クラス,ロードカナロア,ルアンジュ,キングカメハメハ,レディブラッサム,マンハッタンカフェ,サッカーマム,Kingmambo,マンファス,Storm Cat,サラトガデュー,サンデーサイレンス,サトルチェンジ,Kingmambo,Traverse City,Mr. Prospector,Miesque,ラストタイクーン,Pilot Bird,Storm Bird,Terlingua,Cormorant,Super Luna,Halo,Wishing Well,Law Society,Santa Luciana,Mr. Prospector,Miesque,Halo,Cherry Jubilee,Raise a Native,Gold Digger,Nureyev,Pasadoble,トライマイベスト,Mill Princess,Blakeney,The Dancer,Northern Dancer,South Ocean,Secretariat,Crimson Saint,His Majesty,Song Sparrow,In Reality,Alada,Hail to Reason,Cosmah,Understanding,Mountain Flower,Alleged,Bold Bikini,Luciano,Suleika,Raise a Native,Gold Digger,Nureyev,Pasadoble,Hail to Reason,Cosmah,Coastal,Cherry Willow
202605010109,3,ダート,1600,良,3勝クラス,ルヴァンスレーヴ,カラフルデイズ,シンボリクリスエス,マエストラーレ,フジキセキ,アイヴォリーカラー,Kris S.,Tee Kay,ネオユニヴァース,オータムブリーズ,サンデーサイレンス,ミルレーサー,クロフネ,アピーリングストーリー,Roberto,Sharp Queen,Gold Meridian,Tri Argo,サンデーサイレンス,ポインテッドパス,ティンバーカントリー,セプテンバーソング,Halo,Wishing Well,Le Fabuleux,Marston's Mill,フレンチデピュティ,ブルーアヴェニュー,Valid Appeal,Charming Story,Hail to Reason,Bramalea,Princequillo,Bridgework,Seattle Slew,Queen Louie,Tri Jet,Hail Proudly,Halo,Wishing Well,Kris,Silken Way,Woodman,Fall Aspen,リアルシャダイ,ダイナフェアリー,Hail to Reason,Cosmah,Understanding,Mountain Flower,Wild Risk,Anguar,In Reality,Millicent,Deputy Minister,Mitterand,Classic Go Go,Eliza Blue,In Reality,Desert Trial,Hail to Reason,Dame Fritchie
202605010109,4,ダート,1600,良,3勝クラス,カリフォルニアクローム,ハナフブキ,Lucky Pulpit,Love the Chase,ディープインパクト,ハンナフレグランス,Pulpit,Lucky Soph,Not for Love,Chase It Down,サンデーサイレンス,ウインドインハーヘア,Favorite Trick,Eliza Donner,A.P. Indy,Preach,Cozzene,Lucky Spell,Mr. Prospector,Dance Number,Polish Numbers,Chase the Dream,Halo,Wishing Well,Alzao,Burghclere,Phone Trick,Evil Elaine,Oh Say,Witch Wabbit,Seattle Slew,Weekend Surprise,Mr. Prospector,Narrate,Caro,Ride the Trails,Lucky Mel,Incantation,Raise a Native,Gold Digger,Northern Dancer,Numbered Account,Danzig,Numbered Account,Sir Ivor,La Belle Fleur,Hail to Reason,Cosmah,Understanding,Mountain Flower,Lyphard,Lady Rebecca,Busted,Highclere,Clever Trick,Over the Phone,Medieval Man,Distinctive Elaine,Hoist the Flag,Light Hearted,Salem,Won Wabbit
202605010109,5,ダート,1600,良,3勝クラス,ドレフォン,リリカルホワイト,Gio Ponti,Eltimaas,ダイワメジャー,リリウム,Tale of the Cat,Chipeta Springs,Ghostzapper,Najecam,サンデーサイレンス,スカーレットブーケ,クロフネ,ベゴニア,Storm Cat,Yarn,Alydar,Salt Spring,Awesome Again,Baby Zip,Trempolino,Sue Warner,Halo,Wishing Well,ノーザンテースト,スカーレットインク,フレンチデピュティ,ブルーアヴェニュー,Plugged Nickle,Dahlia,Storm Bird,Terlingua,Mr. Prospector,Narrate,Raise a Native,Sweet Tooth,Salt Marsh,Jungle Mythologic,Deputy Minister,Primal Force,Relaunch,Thirty Zip,Sharpen Up,Trephine,Forli,Bitty Girl,Hail to Reason,Cosmah,Understanding,Mountain Flower,Northern Dancer,Lady Victoria,Crimson Satan,Consentida,Deputy Minister,Mitterand,Classic Go Go,Eliza Blue,Key to the Mint,Toll Booth,Vaguely Noble,Charming Alibi
202605010109,6,ダート,1600,良,3勝クラス,ディスクリートキャット,ジョディーズロマン,Forestry,Pretty Discreet,サムライハート,ジョディーディア,Storm Cat,Shared Interest,Private Account,Pretty Persuasive,サンデーサイレンス,エアグルーヴ,Woodman,Graceful Jody,Storm Bird,Terlingua,Pleasant Colony,Surgery,Damascus,Numbered Account,Believe It,Bury the Hatchet,Halo,Wishing Well,トニービン,ダイナカール,Mr. Prospector,プレイメイト,Vice Regent,Graceful Touch,Northern Dancer,South Ocean,Secretariat,Crimson Saint,His Majesty,Sun Colony,Dr. Fager,Bold Sequence,Sword Dancer,Kerala,Buckpasser,Intriguing,In Reality,Breakfast Bell,Tom Rolfe,Christmas Whishes,Hail to Reason,Cosmah,Understanding,Mountain Flower,カンパラ,Severn Bridge,ノーザンテースト,シャダイフェザー,Raise a Native,Gold Digger,Buckpasser,Intriguing,Northern Dancer,Victoria Regina,His Majesty,Pi Phi Gal
202605010109,7,ダート,1600,良,3勝クラス,デクラレーションオブウォー,ホウライアキコ,War Front,Tempo West,ヨハネスブルグ,ホウライサンデー,Danzig,Starry Dreamer,Rahy,Tempo,ヘネシー,Myth,サンデーサイレンス,ホウライコメット,Northern Dancer,Pas de Nom,Rubiano,Lara's Star,Blushing Groom,Glorious Song,Gone West,Terpsichorist,Storm Cat,Island Kitty,オジジアン,Yarn,Halo,Wishing Well,Woodman,Catopetl,Nearctic,Natalma,Admiral's Voyage,Petitioner,Fappiano,Ruby Slippers,Forli,True Reality,Red God,Runaway Bride,Halo,Ballade,Mr. Prospector,Secrettame,Nijinsky,Glad Rags,Storm Bird,Terlingua,Hawaii,T. C. Kitten,Damascus,Gonfalon,Mr. Prospector,Narrate,Hail to Reason,Cosmah,Understanding,Mountain Flower,Mr. Prospector,プレイメイト,Northern Dancer,Betty's Secret
202605010109,8,ダート,1600,良,3勝クラス,エイシンヒカリ,ニシノオマージュ,ディープインパクト,キャタリナ,ストリートセンス,ニシノフジムスメ,サンデーサイレンス,ウインドインハーヘア,Storm Cat,Carolina Saga,Street Cry,Bedazzle,キングヘイロー,ブランドアート,Halo,Wishing Well,Alzao,Burghclere,Storm Bird,Terlingua,Caro,Key to the Saga,Machiavellian,Helen Street,Dixieland Band,Majestic Legend,ダンシングブレーヴ,グッバイヘイロー,ビショップボブ,ニシノアート,Hail to Reason,Cosmah,Understanding,Mountain Flower,Lyphard,Lady Rebecca,Busted,Highclere,Northern Dancer,South Ocean,Secretariat,Crimson Saint,フォルティノ,Chambord,Key to the Mint,Sea Saga,Mr. Prospector,Coup de Folie,Troy,Waterway,Northern Dancer,Mississippi Mud,His Majesty,Long Legend,Lyphard,Navajo Princess,Halo,Pound Foolish,Clever Trick,Screen Shot,ネヴァーダンス,ムサシネイティブ
202605010109,9,ダート,1600,良,3勝クラス,サンダースノー,イデアオブクィーン,Helmet,Eastern Joy,キングカメハメハ,エムオーフィーバー,Exceed And Excel,Accessories,Dubai Destination,Red Slippers,Kingmambo,マンファス,メジロマックイーン,ハローシャノン,デインヒル,Patrona,シングスピール,Anna Matrushka,Kingmambo,Mysterial,Nureyev,Morning Devotion,Mr. Prospector,Miesque,ラストタイクーン,Pilot Bird,メジロティターン,メジロオーロラ,サンデーサイレンス,ハローサマー,Danzig,Razyana,Lomond,Gladiolus,In the Wings,Glorious Song,Mill Reef,Anna Paola,Mr. Prospector,Miesque,Alleged,Mysteries,Northern Dancer,Special,Affirmed,Morning Has Broken,Raise a Native,Gold Digger,Nureyev,Pasadoble,トライマイベスト,Mill Princess,Blakeney,The Dancer,メジロアサマ,シエリル,リマンド,メジロアイリス,Halo,Wishing Well,Diesis,Spring Adieu
202605010109,10,ダート,1600,良,3勝クラス,ドゥラメンテ,プリティカリーナ,キングカメハメハ,アドマイヤグルーヴ,Seeking the Gold,Ile de France,Kingmambo,マンファス,サンデーサイレンス,エアグルーヴ,Mr. Prospector,Con Game,Storm Cat,Cara Rafaela,Mr. Prospector,Miesque,ラストタイクーン,Pilot Bird,Halo,Wishing Well,トニービン,ダイナカール,Raise a Native,Gold Digger,Buckpasser,Broadway,Storm Bird,Terlingua,Quiet American,Oil Fable,Raise a Native,Gold Digger,Nureyev,Pasadoble,トライマイベスト,Mill Princess,Blakeney,The Dancer,Hail to Reason,Cosmah,Understanding,Mountain Flower,カンパラ,Severn Bridge,ノーザンテースト,シャダイフェザー,Native Dancer,Raise You,Nashua,Sequence,Tom Fool,Busanda,Hasty Road,Flitabout,Northern Dancer,South Ocean,Secretariat,Crimson Saint,Fappiano,Demure,Spectacular Bid,Northern Fable
202605010109,11,ダート,1600,良,3勝クラス,American Pharoah,ジャンナスキッキ,Pioneerof the Nile,Littleprincessemma,War Front,Shawara,エンパイアメーカー,Star of Goshen,Yankee Gentleman,Exclusive Rosette,Danzig,Starry Dreamer,Barathea,Shamawna,Unbridled,Toussaud,Lord at War,Castle Eight,Storm Cat,Key Phrase,Ecliptical,Zetta Jet,Northern Dancer,Pas de Nom,Rubiano,Lara's Star,Sadler's Wells,Brocade,Darshaan,Shamsana,Fappiano,Gana Facil,El Gran Senor,Image of Reality,General,Luna de Miel,Key to the Kingdom,Her Native,Storm Bird,Terlingua,Flying Paster,Sown,Exclusive Native,Minnetonka,Tri Jet,Queen Zetta,Nearctic,Natalma,Admiral's Voyage,Petitioner,Fappiano,Ruby Slippers,Forli,True Reality,Northern Dancer,Fairy Bridge,Habitat,Canton Silk,Shirley Heights,Delsy,Nijinsky,Shanizadeh
202605010109,12,ダート,1600,良,3勝クラス,スクリーンヒーロー,バラベルサイユ,グラスワンダー,ランニングヒロイン,アグネスデジタル,ナイスグリンベル,Silver Hawk,Ameriflora,サンデーサイレンス,ダイナアクトレス,Crafty Prospector,Chancey Squaw,クリスタルグリッターズ,ミヤサンレディ,Roberto,Gris Vitesse,Danzig,Graceful Touch,Halo,Wishing Well,ノーザンテースト,モデルスポート,Mr. Prospector,Real Crafty Lady,Chief's Crown,Allicance,Blushing Groom,Tales to Tell,ラッキーソブリン,タケノアレグロ,Hail to Reason,Bramalea,Amerigo,Matchiche,Northern Dancer,Pas de Nom,His Majesty,Pi Phi Gal,Hail to Reason,Cosmah,Understanding,Mountain Flower,Northern Dancer,Lady Victoria,モデルフール,マジックゴデイス,Raise a Native,Gold Digger,In Reality,Princess Roycraft,Danzig,Six Crowns,Alleged,Runaway Bride,Red God,Runaway Bride,Donut King,Fleeting Doll,Nijinsky,Sovereign,ファバージ,ヒンドバース
202605010109,13,ダート,1600,良,3勝クラス,ジャスタウェイ,ルーラ,ハーツクライ,シビル,Oasis Dream,Dominica,サンデーサイレンス,アイリッシュダンス,Wild Again,シャロン,Green Desert,Hope,Alhaarth,Dominio,Halo,Wishing Well,トニービン,ビューパーダンス,Icecapade,Bushel-n-Peck,Mo Exception,Double Wiggle,Danzig,Foreign Courier,ダンシングブレーヴ,Bahamian,Unfuwain,Irish Valley,Dominion,La Tuerta,Hail to Reason,Cosmah,Understanding,Mountain Flower,カンパラ,Severn Bridge,Lyphard,My Bupers,Nearctic,Shenanigans,Khaled,Dama,Hard Work,With Exception,Sir Wiggle,Blue Double,Northern Dancer,Pas de Nom,Sir Ivor,Courtly Dee,Lyphard,Navajo Princess,Mill Reef,Sorbus,Northern Dancer,Height of Fashion,Irish River,Green Valley,Derring-Do,Picture Palace,ホットスパーク,Smarten Up
202605010109,14,ダート,1600,良,3勝クラス,アジアエクスプレス,ベッライリス,ヘニーヒューズ,ランニングボブキャッツ,ディープインパクト,ベッラレイア,ヘネシー,Meadow Flyer,Running Stag,Backatem,サンデーサイレンス,ウインドインハーヘア,ナリタトップロード,マリスター,Storm Cat,Island Kitty,Meadowlake,Shortley,Cozzene,Fruhlingstag,Notebook,Deputy's Mistress,Halo,Wishing Well,Alzao,Burghclere,サッカーボーイ,フローラルマジック,Baldski,Pink Dove,Storm Bird,Terlingua,Hawaii,T. C. Kitten,Hold Your Peace,Suspicious Native,Hagley,Short Winded,Caro,Ride the Trails,Orsini,Revada,Well Decorated,Mobcap,Deputy Minister,River Crossing,Hail to Reason,Cosmah,Understanding,Mountain Flower,Lyphard,Lady Rebecca,Busted,Highclere,ディクタス,ダイナサッシュ,Affirmed,Rare Lady,Nijinsky,Too Bald,Argument,Perfect Pigeon
202605010109,15,ダート,1600,良,3勝クラス,Not This Time,Dos Vinos,Giant's Causeway,Miss Macy Sue,Twirling Candy,Gatorette,Storm Cat,Mariah's Storm,Trippi,Yada Yada,Candy Ride,House of Danzing,Distorted Humor,Gigi's Skyflyer,Storm Bird,Terlingua,Rahy,イメンス,エンドスウィープ,Jealous Appeal,Great Above,Stem,Ride the Rails,Candy Girl,Chester House,Danzing Crown,フォーティナイナー,Danzig's Beauty,Skywalker,Flying Paster Gigi,Northern Dancer,South Ocean,Secretariat,Crimson Saint,Blushing Groom,Glorious Song,Roberto,Imsodear,フォーティナイナー,Broom Dance,Valid Appeal,Jealous Cat,Minnesota Mac,Ta Wee,Damascus,Tweak,Cryptoclearance,Herbalesian,Candy Stripes,City Girl,Mr. Prospector,Toussaud,Danzig,Crownette,Mr. Prospector,File,Danzig,Sweetest Chant,Relaunch,Bold Captive,Flying Paster,Promised Woman
202605010109,16,ダート,1600,良,3勝クラス,ナダル,グリントオブライト,Blame,Ascending Angel,ステイゴールド,アドマイヤライト,Arch,Liable,Pulpit,Solar Colony,サンデーサイレンス,ゴールデンサッシュ,Kris S.,ホワットケイティーディド,Kris S.,Aurora,Seeking the Gold,Bound,A.P. Indy,Preach,Pleasant Colony,Meteor Stage,Halo,Wishing Well,ディクタス,ダイナサッシュ,Roberto,Sharp Queen,Nureyev,Katies,Roberto,Sharp Queen,Danzig,Althea,Mr. Prospector,Con Game,Nijinsky,Special,Seattle Slew,Weekend Surprise,Mr. Prospector,Narrate,His Majesty,Sun Colony,Stage Door Johnny,Northern Meteor,Hail to Reason,Cosmah,Understanding,Mountain Flower,Sanctus,Doronic,ノーザンテースト,ロイヤルサッシュ,Hail to Reason,Bramalea,Princequillo,Bridgework,Northern Dancer,Special,ノノアルコ,Mortefontaine
202605010110,1,芝,1400,良,オープン,サトノダイヤモンド,ライフフォーセール,ディープインパクト,マルペンサ,Not For Sale,Doubt Fire,サンデーサイレンス,ウインドインハーヘア,Orpen,Marsella,Parade Marshal,Love for Sale,Ski Champ,My Little Life,Halo,Wishing Well,Alzao,Burghclere,Lure,Bonita Francita,サザンヘイロー,Riviere,Caro,Stepping High,Laramie Trail,Museliere,Icecapade,Ski Goggle,Ghadeer,Dimane,Hail to Reason,Cosmah,Understanding,Mountain Flower,Lyphard,Lady Rebecca,Busted,Highclere,Danzig,Endear,Devil's Bag,Raise the Standard,Halo,Northern Sea,Logical,Talonada,フォルティノ,Chambord,No Robbery,Bebop,Swaps,Wildwook,Malambo,Romina,Nearctic,Shenanigans,ロイヤルスキー,Mississippi Siren,Lyphard,Swanilda,Janus,Oscilacao
202605010110,2,芝,1400,良,オープン,ジョーカプチーノ,クラウンハッピー,マンハッタンカフェ,ジョープシケ,スウェプトオーヴァーボード,シルクピュアハート,サンデーサイレンス,サトルチェンジ,フサイチコンコルド,ジョーユーチャリス,エンドスウィープ,Sheer Ice,マヤノトップガン,シルキーグランス,Halo,Wishing Well,Law Society,Santa Luciana,Caerleon,バレークイーン,トウショウボーイ,ジョーバブーン,フォーティナイナー,Broom Dance,Cutlass,Hey Dolly A.,ブライアンズタイム,アルプミープリーズ,Kingmambo,Northern Glance,Hail to Reason,Cosmah,Understanding,Mountain Flower,Alleged,Bold Bikini,Luciano,Suleika,Nijinsky,Foreseer,Sadler's Wells,Sun Princess,テスコボーイ,ソシアルバターフライ,フォルティノ,ハードゲイ,Mr. Prospector,File,Dance Spell,Witching Hour,Damascus,Aphonia,Ambehaving,Swift Deal,Roberto,Kelley's Day,Blushing Groom,Swiss,Mr. Prospector,Miesque,Nijinsky,Pass a Glance
202605010110,3,芝,1400,良,オープン,イスラボニータ,ザウェイアイアム,フジキセキ,イスラコジーン,Thewayyouare,Water Feature,サンデーサイレンス,ミルレーサー,Cozzene,Isla Mujeres,Kingmambo,Maryinsky,Dansili,Shining Water,Halo,Wishing Well,Le Fabuleux,Marston's Mill,Caro,Ride the Trails,Crafty Prospector,Lido Isle,Mr. Prospector,Miesque,Sadler's Wells,Blush With Pride,デインヒル,Hasili,Kalaglow,Idle Waters,Hail to Reason,Cosmah,Understanding,Mountain Flower,Wild Risk,Anguar,In Reality,Millicent,フォルティノ,Chambord,Prince John,Wildwook,Mr. Prospector,Real Crafty Lady,Far North,She Is Gorgeous,Raise a Native,Gold Digger,Nureyev,Pasadoble,Northern Dancer,Fairy Bridge,Blushing Groom,Best in Show,Danzig,Razyana,Kahyasi,Kerali,Kalamoun,Rossitor,Mill Reef,Midsummertime
202605010110,4,芝,1400,良,オープン,ダノンプレミアム,イゾラド,ディープインパクト,インディアナギャル,グラスワンダー,オールウェイズグッドサンクス,サンデーサイレンス,ウインドインハーヘア,Intikhab,Genial Jenny,Silver Hawk,Ameriflora,Miswaki,Redeemer,Halo,Wishing Well,Alzao,Burghclere,Red Ransom,Crafty Example,デインヒル,Joma Kaanem,Roberto,Gris Vitesse,Danzig,Graceful Touch,Mr. Prospector,Hopespringseternal,Dixieland Band,Printing Press,Hail to Reason,Cosmah,Understanding,Mountain Flower,Lyphard,Lady Rebecca,Busted,Highclere,Roberto,アラビア,Crafty Prospector,Zienelle,Danzig,Razyana,Double Form,Ash Lawn,Hail to Reason,Bramalea,Amerigo,Matchiche,Northern Dancer,Pas de Nom,His Majesty,Pi Phi Gal,Raise a Native,Gold Digger,Buckpasser,Rose Bower,Northern Dancer,Mississippi Mud,In Reality,Wealth of Nations
202605010110,5,芝,1400,良,オープン,ヘンリーバローズ,ラダームブランシェ,ディープインパクト,シルヴァースカヤ,チチカステナンゴ,アーデルハイト,サンデーサイレンス,ウインドインハーヘア,Silver Hawk,Boubskaia,Smadoun,スマラ,アグネスタキオン,ビワハイジ,Halo,Wishing Well,Alzao,Burghclere,Roberto,Gris Vitesse,Niniski,Frenetique,Kaldoun,Mossma,Antheus,Small Partie,サンデーサイレンス,アグネスフローラ,Caerleon,アグサン,Hail to Reason,Cosmah,Understanding,Mountain Flower,Lyphard,Lady Rebecca,Busted,Highclere,Hail to Reason,Bramalea,Amerigo,Matchiche,Nijinsky,Virginia Hills,Tyrant,Femina,Caro,Katana,Tip Moss,Ticma,Northern Dancer,Apachee,Fabulous Dancer,Summer Parties,Halo,Wishing Well,ロイヤルスキー,アグネスレディー,Nijinsky,Foreseer,Lord Gayle,Santa Luciana
202605010110,6,芝,1400,良,オープン,ダノンプレミアム,エレクトロワールド,ディープインパクト,インディアナギャル,Into Mischief,Ava Pie,サンデーサイレンス,ウインドインハーヘア,Intikhab,Genial Jenny,Harlan's Holiday,Leslie's Lady,Distorted Humor,Lakenheath,Halo,Wishing Well,Alzao,Burghclere,Red Ransom,Crafty Example,デインヒル,Joma Kaanem,Harlan,Christmas in Aiken,Tricky Creek,Crystal Lady,フォーティナイナー,Danzig's Beauty,コロニアルアッフェアー,November Breeze,Hail to Reason,Cosmah,Understanding,Mountain Flower,Lyphard,Lady Rebecca,Busted,Highclere,Roberto,アラビア,Crafty Prospector,Zienelle,Danzig,Razyana,Double Form,Ash Lawn,Storm Cat,Country Romance,Affirmed,Dowager,Clever Trick,Battle Creek Girl,Stop the Music,One Last Bird,Mr. Prospector,File,Danzig,Sweetest Chant,Pleasant Colony,Snuggle,Northern Baby,No Opening
202605010110,7,芝,1400,良,オープン,リオンディーズ,レイリオン,キングカメハメハ,シーザリオ,ダイワメジャー,リリサイド,Kingmambo,マンファス,スペシャルウィーク,キロフプリミエール,サンデーサイレンス,スカーレットブーケ,American Post,Miller's Lily,Mr. Prospector,Miesque,ラストタイクーン,Pilot Bird,サンデーサイレンス,キャンペンガール,Sadler's Wells,Querida,Halo,Wishing Well,ノーザンテースト,スカーレットインク,Bering,Wells Fargo,ミラーズメイト,Lymara,Raise a Native,Gold Digger,Nureyev,Pasadoble,トライマイベスト,Mill Princess,Blakeney,The Dancer,Halo,Wishing Well,マルゼンスキー,レディーシラオキ,Northern Dancer,Fairy Bridge,Habitat,Principia,Hail to Reason,Cosmah,Understanding,Mountain Flower,Northern Dancer,Lady Victoria,Crimson Satan,Consentida,Arctic Tern,Beaune,Sadler's Wells,Cruising Height,Mill Reef,Primatie,Lyphard,Maradadi
202605010110,8,芝,1400,良,オープン,インディチャンプ,カトルラポール,ステイゴールド,ウィルパワー,グラスワンダー,スポーティングラダー,サンデーサイレンス,ゴールデンサッシュ,キングカメハメハ,トキオリアリティー,Silver Hawk,Ameriflora,Danzig,Lydara,Halo,Wishing Well,ディクタス,ダイナサッシュ,Kingmambo,マンファス,Meadowlake,What a Reality,Roberto,Gris Vitesse,Danzig,Graceful Touch,Northern Dancer,Pas de Nom,Alydar,Stick to Beauty,Hail to Reason,Cosmah,Understanding,Mountain Flower,Sanctus,Doronic,ノーザンテースト,ロイヤルサッシュ,Mr. Prospector,Miesque,ラストタイクーン,Pilot Bird,Hold Your Peace,Suspicious Native,In Reality,What Will Be,Hail to Reason,Bramalea,Amerigo,Matchiche,Northern Dancer,Pas de Nom,His Majesty,Pi Phi Gal,Nearctic,Natalma,Admiral's Voyage,Petitioner,Raise a Native,Sweet Tooth,Illustrious,Hail to Beauty
202605010110,9,芝,1400,良,オープン,Kingman,フィドゥーシア,Invincible Spirit,Zenda,Medaglia d'Oro,ビリーヴ,Green Desert,Rafha,Zamindar,Hope,El Prado,Cappucino Bay,サンデーサイレンス,グレートクリスティーヌ,Danzig,Foreign Courier,Kris,Eljazzi,Gone West,Zaizafon,ダンシングブレーヴ,Bahamian,Sadler's Wells,Lady Capulet,Bailjumper,Dubbed In,Halo,Wishing Well,Danzig,Great Lady M.,Northern Dancer,Pas de Nom,Sir Ivor,Courtly Dee,Sharpen Up,Doubly Sure,アーテイアス,Border Bounty,Mr. Prospector,Secrettame,The Minstrel,Mofida,Lyphard,Navajo Princess,Mill Reef,Sorbus,Northern Dancer,Fairy Bridge,Sir Ivor,Cap and Bells,Damascus,Court Circuit,Silent Screen,Society Singer,Hail to Reason,Cosmah,Understanding,Mountain Flower,Northern Dancer,Pas de Nom,Icecapade,Sovereign Lady
202605010110,10,芝,1400,良,オープン,ビッグアーサー,ダイヤモンドアイズ,サクラバクシンオー,シヤボナ,マンハッタンカフェ,アグネスサクラ,サクラユタカオー,サクラハゴロモ,Kingmambo,Relish,サンデーサイレンス,サトルチェンジ,ホワイトマズル,アグネスパサー,テスコボーイ,アンジェリカ,ノーザンテースト,クリアアンバー,Mr. Prospector,Miesque,Sadler's Wells,Reloy,Halo,Wishing Well,Law Society,Santa Luciana,ダンシングブレーヴ,Fair of the Furze,エルコンドルパサー,アグネスセレーネー,Princely Gift,Suncourt,ネヴァービート,スターハイネス,Northern Dancer,Lady Victoria,Ambiopoise,One Clear Call,Raise a Native,Gold Digger,Nureyev,Pasadoble,Northern Dancer,Fairy Bridge,Liloy,Rescousse,Hail to Reason,Cosmah,Understanding,Mountain Flower,Alleged,Bold Bikini,Luciano,Suleika,Lyphard,Navajo Princess,Ela-Mana-Mou,Autocratic,Kingmambo,サドラーズギャル,トニービン,アグネスフローラ
202605010110,11,芝,1400,良,オープン,ビーチパトロール,フレンドパリ,Lemon Drop Kid,Bashful Bertie,アグネスデジタル,フェレット,Kingmambo,Charming Lassie,Quiet American,Clever Bertie,Crafty Prospector,Chancey Squaw,サンデーサイレンス,フェルモイ,Mr. Prospector,Miesque,Seattle Slew,Lassie Dear,Fappiano,Demure,Timeless Native,Clever But Costly,Mr. Prospector,Real Crafty Lady,Chief's Crown,Allicance,Halo,Wishing Well,Irish River,Victoress,Raise a Native,Gold Digger,Nureyev,Pasadoble,Bold Reasoning,My Charmer,Buckpasser,Gay Missile,Mr. Prospector,Killaloe,Dr. Fager,Quiet Charm,Timeless Moment,Head Off,Clever Trick,Swoonlow,Raise a Native,Gold Digger,In Reality,Princess Roycraft,Danzig,Six Crowns,Alleged,Runaway Bride,Hail to Reason,Cosmah,Understanding,Mountain Flower,Riverman,Irish Star,Conquistador Cielo,Royal Statute
202605010110,12,芝,1400,良,オープン,American Pharoah,Limari,Pioneerof the Nile,Littleprincessemma,Medaglia d'Oro,Elbe,エンパイアメーカー,Star of Goshen,Yankee Gentleman,Exclusive Rosette,El Prado,Cappucino Bay,Dansili,Imroz,Unbridled,Toussaud,Lord at War,Castle Eight,Storm Cat,Key Phrase,Ecliptical,Zetta Jet,Sadler's Wells,Lady Capulet,Bailjumper,Dubbed In,デインヒル,Hasili,Nureyev,All At Sea,Fappiano,Gana Facil,El Gran Senor,Image of Reality,General,Luna de Miel,Key to the Kingdom,Her Native,Storm Bird,Terlingua,Flying Paster,Sown,Exclusive Native,Minnetonka,Tri Jet,Queen Zetta,Northern Dancer,Fairy Bridge,Sir Ivor,Cap and Bells,Damascus,Court Circuit,Silent Screen,Society Singer,Danzig,Razyana,Kahyasi,Kerali,Northern Dancer,Special,Riverman,Lost Virtue
202605010110,13,芝,1400,良,オープン,シャンハイボビー,レディーロックフォード,Harlan's Holiday,Steelin',Invincible Spirit,Sheezalady,Harlan,Christmas in Aiken,Orientate,Steel Band,Green Desert,Rafha,Zafonic,Canadian Mill,Storm Cat,Country Romance,Affirmed,Dowager,Mt. Livermore,Dream Team,Carson City,ウェディングバンド,Danzig,Foreign Courier,Kris,Eljazzi,Gone West,Zaizafon,Mill Reef,Par Excellance,Storm Bird,Terlingua,Halo,Sweet Romance,Exclusive Native,Won't Tell You,Honest Pleasure,Princessnesian,Blushing Groom,Flama Ardiente,Cox's Ridge,Likely Double,Mr. Prospector,Blushing Promise,Mighty Appealing,Ring of Steel,Northern Dancer,Pas de Nom,Sir Ivor,Courtly Dee,Sharpen Up,Doubly Sure,アーテイアス,Border Bounty,Mr. Prospector,Secrettame,The Minstrel,Mofida,Never Bend,Milan Mill,L'Enjoleur,Cam Shaft
202605010110,14,芝,1400,良,オープン,ダノンキングリー,ピースオブラヴ,ディープインパクト,マイグッドネス,マイネルラヴ,ピアラプソディ,サンデーサイレンス,ウインドインハーヘア,Storm Cat,Caressing,Seeking the Gold,Heart of Joy,ブライアンズタイム,ベルプリンセス,Halo,Wishing Well,Alzao,Burghclere,Storm Bird,Terlingua,Honour and Glory,Lovin Touch,Mr. Prospector,Con Game,リィフォー,Mythographer,Roberto,Kelley's Day,シルバーシャーク,カネジョリー,Hail to Reason,Cosmah,Understanding,Mountain Flower,Lyphard,Lady Rebecca,Busted,Highclere,Northern Dancer,South Ocean,Secretariat,Crimson Saint,Relaunch,Fair to All,Majestic Prince,Forest Princess,Raise a Native,Gold Digger,Buckpasser,Broadway,Lyphard,Klaizia,Secretariat,Arachne,Hail to Reason,Bramalea,Graustark,Golden Trail,Buisson Ardent,Palsaka,グレイモナーク,シンカオル
202605010110,15,芝,1400,良,オープン,ファインニードル,ブラックヒューマー,アドマイヤムーン,ニードルクラフト,ブラックタイド,フェリシタス,エンドスウィープ,マイケイティーズ,Mark of Esteem,Sharp Point,サンデーサイレンス,ウインドインハーヘア,キングズベスト,Embassy,フォーティナイナー,Broom Dance,サンデーサイレンス,ケイティーズファースト,Darshaan,Homage,ロイヤルアカデミー,Nice Point,Halo,Wishing Well,Alzao,Burghclere,Kingmambo,Allegretta,Cadeaux Genereux,Pass the Peace,Mr. Prospector,File,Dance Spell,Witching Hour,Halo,Wishing Well,Kris,Katies,Shirley Heights,Delsy,Ajdal,Home Love,Nijinsky,Crimson Saint,Sharpen Up,Alpine Niece,Hail to Reason,Cosmah,Understanding,Mountain Flower,Lyphard,Lady Rebecca,Busted,Highclere,Mr. Prospector,Miesque,Lombard,Anatevka,Young Generation,Smarten Up,Alzao,Lover's Rose
202605010111,1,芝,2000,良,オープン,キタサンブラック,インクルードベティ,ブラックタイド,シュガーハート,Include,Betty's Solutions,サンデーサイレンス,ウインドインハーヘア,サクラバクシンオー,オトメゴコロ,Broad Brush,Illeria,Eltish,Betty Lobelia,Halo,Wishing Well,Alzao,Burghclere,サクラユタカオー,サクラハゴロモ,ジャッジアンジェルーチ,テイズリー,Ack Ack,Hay Patcher,Stop the Music,Baldski's Holiday,Cox's Ridge,Nimble Feet,Assert,Fair Rosalind,Hail to Reason,Cosmah,Understanding,Mountain Flower,Lyphard,Lady Rebecca,Busted,Highclere,テスコボーイ,アンジェリカ,ノーザンテースト,クリアアンバー,Honest Pleasure,Victorian Queen,Lyphard,Tizna,Battle Joined,Fast Turn,Hoist the Flag,Turn to Talent,Hail to Reason,Bebopper,Baldski,Verset Holiday,Best Turn,Our Martha,Danzig,Nimble Folly,Be My Guest,Irish Bird,Exclusive Native,Thirty Years
202605010111,2,芝,2000,良,オープン,キズナ,ポウリナズラヴ,ディープインパクト,キャットクイル,Mizzen Mast,Electric Cove,サンデーサイレンス,ウインドインハーヘア,Storm Cat,Pacific Princess,Cozzene,Kinema,スピニングワールド,Electric Talent,Halo,Wishing Well,Alzao,Burghclere,Storm Bird,Terlingua,Damascus,Fiji,Caro,Ride the Trails,Graustark,Mrs. Peterkin,Nureyev,Imperfect Circle,Capote,Catch On Quick,Hail to Reason,Cosmah,Understanding,Mountain Flower,Lyphard,Lady Rebecca,Busted,Highclere,Northern Dancer,South Ocean,Secretariat,Crimson Saint,Sword Dancer,Kerala,Acropolis,Rififi,フォルティノ,Chambord,Prince John,Wildwook,Ribot,Flower Bowl,Tom Fool,Legendra,Northern Dancer,Special,Riverman,Aviance,Seattle Slew,Too Bald,Smarten,Culture Shock
202605010111,3,芝,2000,良,オープン,リアルスティール,ウィクトーリア,ディープインパクト,ラヴズオンリーミー,ヴィクトワールピサ,ブラックエンブレム,サンデーサイレンス,ウインドインハーヘア,Storm Cat,Monevassia,ネオユニヴァース,ホワイトウォーターアフェア,ウォーエンブレム,ヴァンドノワール,Halo,Wishing Well,Alzao,Burghclere,Storm Bird,Terlingua,Mr. Prospector,Miesque,サンデーサイレンス,ポインテッドパス,Machiavellian,Much Too Risky,Our Emblem,Sweetest Lady,ヘクタープロテクター,プリンセスデリーデ,Hail to Reason,Cosmah,Understanding,Mountain Flower,Lyphard,Lady Rebecca,Busted,Highclere,Northern Dancer,South Ocean,Secretariat,Crimson Saint,Raise a Native,Gold Digger,Nureyev,Pasadoble,Halo,Wishing Well,Kris,Silken Way,Mr. Prospector,Coup de Folie,Bustino,Short Rations,Mr. Prospector,Personal Ensign,Lord at War,Sweetest Roman,Woodman,Korveya,Vaguely Noble,Flashy
202605010111,4,芝,2000,良,オープン,スワーヴリチャード,リトルシャンブルズ,ハーツクライ,ピラミマ,Shamardal,Meiosis,サンデーサイレンス,アイリッシュダンス,Unbridled's Song,キャリアコレクション,Giant's Causeway,Helsinki,Danzig,Golden Opinion,Halo,Wishing Well,トニービン,ビューパーダンス,Unbridled,Trolley Song,General Meeting,River of Stars,Storm Cat,Mariah's Storm,Machiavellian,Helen Street,Northern Dancer,Pas de Nom,Slew o' Gold,Optimistic Lass,Hail to Reason,Cosmah,Understanding,Mountain Flower,カンパラ,Severn Bridge,Lyphard,My Bupers,Fappiano,Gana Facil,Caro,Lucky Spell,Seattle Slew,Alydar's Promise,Riverman,Star Fortune,Storm Bird,Terlingua,Rahy,イメンス,Mr. Prospector,Coup de Folie,Troy,Waterway,Nearctic,Natalma,Admiral's Voyage,Petitioner,Seattle Slew,Alluvial,Mr. Prospector,Loveliest
202605010111,5,芝,2000,良,オープン,グレーターロンドン,ピースワンオーレ,ディープインパクト,ロンドンブリッジ,ジャングルポケット,スカイウェー,サンデーサイレンス,ウインドインハーヘア,ドクターデヴィアス,オールフォーロンドン,トニービン,ダンスチャーマー,Trans Island,Zilayah,Halo,Wishing Well,Alzao,Burghclere,Ahonoora,Rose of Jericho,Danzig,Full Card,カンパラ,Severn Bridge,Nureyev,Skillful Joy,Selkirk,Khubza,Zilzal,Welsh Garden,Hail to Reason,Cosmah,Understanding,Mountain Flower,Lyphard,Lady Rebecca,Busted,Highclere,Lorenzaccio,Helen Nichols,Alleged,Rose Red,Northern Dancer,Pas de Nom,Damascus,Belle of the Ball,Kalamoun,State Pension,Hornbeam,Priddy Fair,Northern Dancer,Special,Nodouble,Skillful Miss,Sharpen Up,Annie Edge,Green Desert,Breadcrumb,Nureyev,French Charmer,Welsh Saint,Garden of Eden
202605010111,6,芝,2000,良,オープン,キングカメハメハ,ドバウィハイツ,Kingmambo,マンファス,Dubawi,Rosie's Posy,Mr. Prospector,Miesque,ラストタイクーン,Pilot Bird,Dubai Millennium,Zomaradah,Suave Dancer,My Branch,Raise a Native,Gold Digger,Nureyev,Pasadoble,トライマイベスト,Mill Princess,Blakeney,The Dancer,Seeking the Gold,Colorado Dancer,Deploy,Jawaher,Green Dancer,Suavite,Distant Relative,Pay The Bank,Native Dancer,Raise You,Nashua,Sequence,Northern Dancer,Special,Prove Out,Santa Quilla,Northern Dancer,Sex Appeal,Mill Reef,Irish Lass,Hethersett,Windmill Girl,Green Dancer,Khazaeen,Mr. Prospector,Con Game,Shareef Dancer,Fall Aspen,Shirley Heights,Slightly Dangerous,ダンシングブレーヴ,High Tern,Nijinsky,Green Valley,Alleged,Guinevere's Folly,Habitat,Royal Sister,High Top,Zebra Grass
202605010111,7,芝,2000,良,オープン,レイデオロ,シンハディーパ,キングカメハメハ,ラドラーダ,ウォーエンブレム,シンハリーズ,Kingmambo,マンファス,シンボリクリスエス,レディブロンド,Our Emblem,Sweetest Lady,シングスピール,Baize,Mr. Prospector,Miesque,ラストタイクーン,Pilot Bird,Kris S.,Tee Kay,Seeking the Gold,ウインドインハーヘア,Mr. Prospector,Personal Ensign,Lord at War,Sweetest Roman,In the Wings,Glorious Song,Efisio,Bayonne,Raise a Native,Gold Digger,Nureyev,Pasadoble,トライマイベスト,Mill Princess,Blakeney,The Dancer,Roberto,Sharp Queen,Gold Meridian,Tri Argo,Mr. Prospector,Con Game,Alzao,Burghclere,Raise a Native,Gold Digger,Private Account,Grecian Banner,General,Luna de Miel,The Pruner,I Also,Sadler's Wells,High Hawk,Halo,Ballade,Formidable,Eldoret,Bay Express,Lambay
202605010111,8,芝,2000,良,オープン,ゴールドシップ,ゲッカコウ,ステイゴールド,ポイントフラッグ,ロージズインメイ,チューベローズ,サンデーサイレンス,ゴールデンサッシュ,メジロマックイーン,パストラリズム,Devil His Due,Tell a Secret,シンボリクリスエス,チューニー,Halo,Wishing Well,ディクタス,ダイナサッシュ,メジロティターン,メジロオーロラ,プルラリズム,トクノエイティー,Devil's Bag,Plenty O'Toole,Speak John,Secret Retreat,Kris S.,Tee Kay,サンデーサイレンス,フロムビヨンド,Hail to Reason,Cosmah,Understanding,Mountain Flower,Sanctus,Doronic,ノーザンテースト,ロイヤルサッシュ,メジロアサマ,シエリル,リマンド,メジロアイリス,The Minstrel,Cambretta,トライバルチーフ,アイアンルビー,Halo,Ballade,Raise a Cup,Li'l Puss,Prince John,Nuit de Folies,Clandestine,Retirement,Roberto,Sharp Queen,Gold Meridian,Tri Argo,Halo,Wishing Well,Kris,Magic of Life
202605010111,9,芝,2000,良,オープン,サトノダイヤモンド,ガリレオズソング,ディープインパクト,マルペンサ,Galileo,Song to Remember,サンデーサイレンス,ウインドインハーヘア,Orpen,Marsella,Sadler's Wells,Urban Sea,Storm Cat,Wedding Reception,Halo,Wishing Well,Alzao,Burghclere,Lure,Bonita Francita,サザンヘイロー,Riviere,Northern Dancer,Fairy Bridge,Miswaki,Allegretta,Storm Bird,Terlingua,Round Table,Prodana Neviesta,Hail to Reason,Cosmah,Understanding,Mountain Flower,Lyphard,Lady Rebecca,Busted,Highclere,Danzig,Endear,Devil's Bag,Raise the Standard,Halo,Northern Sea,Logical,Talonada,Nearctic,Natalma,Bold Reason,Special,Mr. Prospector,Hopespringseternal,Lombard,Anatevka,Northern Dancer,South Ocean,Secretariat,Crimson Saint,Princequillo,Knights Daughter,Reneged,Jolie Deja
202605010111,中,芝,2000,良,オープン,ハーツクライ,クルソラ,サンデーサイレンス,アイリッシュダンス,Candy Stripes,Calorica,Halo,Wishing Well,トニービン,ビューパーダンス,Blushing Groom,バブルカンパニー,Ahmad,Canchera,Hail to Reason,Cosmah,Understanding,Mountain Flower,カンパラ,Severn Bridge,Lyphard,My Bupers,Red God,Runaway Bride,Lyphard,Prodice,Good Manners,Azyade,Pepenador,Cargada,Turn-to,Nothirdchance,Cosmic Bomb,Almahmoud,Promised Land,Pretty Ways,Montparnasse,Edelweiss,Kalamoun,State Pension,Hornbeam,Priddy Fair,Northern Dancer,Goofed,Bupers,Princess Revoked,Nasrullah,Spring Run,Wild Risk,Aimee,Northern Dancer,Goofed,Prominer,Euridice,Nashua,Fun House,Churrinche,Zeilah,Lucky Debonair,Ninon,Mariache,Casandra Real
202605010112,1,芝,1800,良,1勝クラス,ハービンジャー,グラマラスライフ,Dansili,Penang Pearl,ハーツクライ,プリティカリーナ,デインヒル,Hasili,Bering,Guapa,サンデーサイレンス,アイリッシュダンス,Seeking the Gold,Ile de France,Danzig,Razyana,Kahyasi,Kerali,Arctic Tern,Beaune,Shareef Dancer,Sauceboat,Halo,Wishing Well,トニービン,ビューパーダンス,Mr. Prospector,Con Game,Storm Cat,Cara Rafaela,Northern Dancer,Pas de Nom,His Majesty,Spring Adieu,イルドブルボン,Kadissya,High Line,Sookera,Sea-Bird,Bubbling Beauty,Lyphard,Barbra,Northern Dancer,Sweet Alliance,Connaught,Cranberry Sauce,Hail to Reason,Cosmah,Understanding,Mountain Flower,カンパラ,Severn Bridge,Lyphard,My Bupers,Raise a Native,Gold Digger,Buckpasser,Broadway,Storm Bird,Terlingua,Quiet American,Oil Fable
202605010112,2,芝,1800,良,1勝クラス,モーリス,ソシアルクラブ,スクリーンヒーロー,メジロフランシス,キングカメハメハ,ブエナビスタ,グラスワンダー,ランニングヒロイン,カーネギー,メジロモントレー,Kingmambo,マンファス,スペシャルウィーク,ビワハイジ,Silver Hawk,Ameriflora,サンデーサイレンス,ダイナアクトレス,Sadler's Wells,Detroit,モガミ,メジロクインシー,Mr. Prospector,Miesque,ラストタイクーン,Pilot Bird,サンデーサイレンス,キャンペンガール,Caerleon,アグサン,Roberto,Gris Vitesse,Danzig,Graceful Touch,Halo,Wishing Well,ノーザンテースト,モデルスポート,Northern Dancer,Fairy Bridge,Riverman,Derna,Lyphard,ノーラック,フィディオン,メジロボサツ,Raise a Native,Gold Digger,Nureyev,Pasadoble,トライマイベスト,Mill Princess,Blakeney,The Dancer,Halo,Wishing Well,マルゼンスキー,レディーシラオキ,Nijinsky,Foreseer,Lord Gayle,Santa Luciana
202605010112,3,芝,1800,良,1勝クラス,サトノアラジン,プンタステラ,ディープインパクト,マジックストーム,Elusive City,Eroica,サンデーサイレンス,ウインドインハーヘア,Storm Cat,Foppy Dancer,Elusive Quality,Star of Paris,Highest Honor,Eirehill,Halo,Wishing Well,Alzao,Burghclere,Storm Bird,Terlingua,Fappiano,Water Dance,Gone West,Touch of Greatness,Dayjur,Liturgism,Kenmare,High River,デインヒル,Elegie,Hail to Reason,Cosmah,Understanding,Mountain Flower,Lyphard,Lady Rebecca,Busted,Highclere,Northern Dancer,South Ocean,Secretariat,Crimson Saint,Mr. Prospector,Killaloe,Nijinsky,Luiana,Mr. Prospector,Secrettame,Hero's Honor,Ivory Wand,Danzig,Gold Beauty,Native Charger,Cult,Kalamoun,Belle of Ireland,Riverman,Hairbrush,Danzig,Razyana,Teotepec,Elektra
202605010112,4,芝,1800,良,1勝クラス,レイデオロ,シンハライト,キングカメハメハ,ラドラーダ,ディープインパクト,シンハリーズ,Kingmambo,マンファス,シンボリクリスエス,レディブロンド,サンデーサイレンス,ウインドインハーヘア,シングスピール,Baize,Mr. Prospector,Miesque,ラストタイクーン,Pilot Bird,Kris S.,Tee Kay,Seeking the Gold,ウインドインハーヘア,Halo,Wishing Well,Alzao,Burghclere,In the Wings,Glorious Song,Efisio,Bayonne,Raise a Native,Gold Digger,Nureyev,Pasadoble,トライマイベスト,Mill Princess,Blakeney,The Dancer,Roberto,Sharp Queen,Gold Meridian,Tri Argo,Mr. Prospector,Con Game,Alzao,Burghclere,Hail to Reason,Cosmah,Understanding,Mountain Flower,Lyphard,Lady Rebecca,Busted,Highclere,Sadler's Wells,High Hawk,Halo,Ballade,Formidable,Eldoret,Bay Express,Lambay
202605010112,5,芝,1800,良,1勝クラス,サトノダイヤモンド,ペルヴィアンリリー,ディープインパクト,マルペンサ,フレンチデピュティ,ラスティックベル,サンデーサイレンス,ウインドインハーヘア,Orpen,Marsella,Deputy Minister,Mitterand,Mr. Prospector,Ragtime Girl,Halo,Wishing Well,Alzao,Burghclere,Lure,Bonita Francita,サザンヘイロー,Riviere,Vice Regent,Mint Copy,Hold Your Peace,Laredo Lass,Raise a Native,Gold Digger,Francis S.,Swinging Doll,Hail to Reason,Cosmah,Understanding,Mountain Flower,Lyphard,Lady Rebecca,Busted,Highclere,Danzig,Endear,Devil's Bag,Raise the Standard,Halo,Northern Sea,Logical,Talonada,Northern Dancer,Victoria Regina,Bunty's Flight,Shakney,Speak John,Blue Moon,Bold Ruler,Fortunate Isle,Native Dancer,Raise You,Nashua,Sequence,Royal Charger,Blue Eyed Momo,Raise a Native,Doll Ina
202605010112,6,芝,1800,良,1勝クラス,ノーブルミッション,ウインルキア,Galileo,Kind,ディープインパクト,ゴールドデイ,Sadler's Wells,Urban Sea,デインヒル,Rainbow Lake,サンデーサイレンス,ウインドインハーヘア,Seeking the Gold,Kelley's Day,Northern Dancer,Fairy Bridge,Miswaki,Allegretta,Danzig,Razyana,Rainbow Quest,Rockfest,Halo,Wishing Well,Alzao,Burghclere,Mr. Prospector,Con Game,Graustark,Golden Trail,Nearctic,Natalma,Bold Reason,Special,Mr. Prospector,Hopespringseternal,Lombard,Anatevka,Northern Dancer,Pas de Nom,His Majesty,Spring Adieu,Blushing Groom,I Will Follow,Stage Door Johnny,Rock Garden,Hail to Reason,Cosmah,Understanding,Mountain Flower,Lyphard,Lady Rebecca,Busted,Highclere,Raise a Native,Gold Digger,Buckpasser,Broadway,Ribot,Flower Bowl,Hasty Road,Sunny Vale
202605010112,7,芝,1800,良,1勝クラス,ミッキースワロー,スコルピオンキッス,トーセンホマレボシ,マドレボニータ,フレンチデピュティ,スティンガー,ディープインパクト,エヴリウィスパー,ジャングルポケット,ツィンクルブライド,Deputy Minister,Mitterand,サンデーサイレンス,レガシーオブストレングス,サンデーサイレンス,ウインドインハーヘア,ノーザンテースト,クラフテイワイフ,トニービン,ダンスチャーマー,Lyphard,デビルズブライド,Vice Regent,Mint Copy,Hold Your Peace,Laredo Lass,Halo,Wishing Well,Affirmed,Katonka,Halo,Wishing Well,Alzao,Burghclere,Northern Dancer,Lady Victoria,Crafty Prospector,Wife Mistress,カンパラ,Severn Bridge,Nureyev,Skillful Joy,Northern Dancer,Goofed,Caro,Satan's Pride,Northern Dancer,Victoria Regina,Bunty's Flight,Shakney,Speak John,Blue Moon,Bold Ruler,Fortunate Isle,Hail to Reason,Cosmah,Understanding,Mountain Flower,Exclusive Native,Won't Tell You,Minnesota Mac,Minnetonka
202605010112,8,芝,1800,良,1勝クラス,シルバーステート,ファインステラ,ディープインパクト,シルヴァースカヤ,ルーラーシップ,メジロラルゴ,サンデーサイレンス,ウインドインハーヘア,Silver Hawk,Boubskaia,キングカメハメハ,エアグルーヴ,フジキセキ,メジロゲーベル,Halo,Wishing Well,Alzao,Burghclere,Roberto,Gris Vitesse,Niniski,Frenetique,Kingmambo,マンファス,トニービン,ダイナカール,サンデーサイレンス,ミルレーサー,ドクターデヴィアス,メジロエマ,Hail to Reason,Cosmah,Understanding,Mountain Flower,Lyphard,Lady Rebecca,Busted,Highclere,Hail to Reason,Bramalea,Amerigo,Matchiche,Nijinsky,Virginia Hills,Tyrant,Femina,Mr. Prospector,Miesque,ラストタイクーン,Pilot Bird,カンパラ,Severn Bridge,ノーザンテースト,シャダイフェザー,Halo,Wishing Well,Le Fabuleux,Marston's Mill,Ahonoora,Rose of Jericho,モガミ,アマゾンウォリアー
202605010112,9,芝,1800,良,1勝クラス,レイデオロ,レッツサッチャー,キングカメハメハ,ラドラーダ,フレンチデピュティ,モスフロックス,Kingmambo,マンファス,シンボリクリスエス,レディブロンド,Deputy Minister,Mitterand,サンデーサイレンス,センボンザクラ,Mr. Prospector,Miesque,ラストタイクーン,Pilot Bird,Kris S.,Tee Kay,Seeking the Gold,ウインドインハーヘア,Vice Regent,Mint Copy,Hold Your Peace,Laredo Lass,Halo,Wishing Well,サクラユタカオー,ダイナフランダース,Raise a Native,Gold Digger,Nureyev,Pasadoble,トライマイベスト,Mill Princess,Blakeney,The Dancer,Roberto,Sharp Queen,Gold Meridian,Tri Argo,Mr. Prospector,Con Game,Alzao,Burghclere,Northern Dancer,Victoria Regina,Bunty's Flight,Shakney,Speak John,Blue Moon,Bold Ruler,Fortunate Isle,Hail to Reason,Cosmah,Understanding,Mountain Flower,テスコボーイ,アンジェリカ,ノーザンテースト,レディフランダーズ
202605010112,10,芝,1800,良,1勝クラス,サートゥルナーリア,サトノユリア,ロードカナロア,シーザリオ,ディープインパクト,ソニックグルーヴ,キングカメハメハ,レディブラッサム,スペシャルウィーク,キロフプリミエール,サンデーサイレンス,ウインドインハーヘア,フレンチデピュティ,エアグルーヴ,Kingmambo,マンファス,Storm Cat,サラトガデュー,サンデーサイレンス,キャンペンガール,Sadler's Wells,Querida,Halo,Wishing Well,Alzao,Burghclere,Deputy Minister,Mitterand,トニービン,ダイナカール,Mr. Prospector,Miesque,ラストタイクーン,Pilot Bird,Storm Bird,Terlingua,Cormorant,Super Luna,Halo,Wishing Well,マルゼンスキー,レディーシラオキ,Northern Dancer,Fairy Bridge,Habitat,Principia,Hail to Reason,Cosmah,Understanding,Mountain Flower,Lyphard,Lady Rebecca,Busted,Highclere,Vice Regent,Mint Copy,Hold Your Peace,Laredo Lass,カンパラ,Severn Bridge,ノーザンテースト,シャダイフェザー
202605010112,11,芝,1800,良,1勝クラス,キタサンブラック,ホワイトウインド,ブラックタイド,シュガーハート,スウェプトオーヴァーボード,ウインドローズ,サンデーサイレンス,ウインドインハーヘア,サクラバクシンオー,オトメゴコロ,エンドスウィープ,Sheer Ice,スペシャルウィーク,ベルシャルマンテ,Halo,Wishing Well,Alzao,Burghclere,サクラユタカオー,サクラハゴロモ,ジャッジアンジェルーチ,テイズリー,フォーティナイナー,Broom Dance,Cutlass,Hey Dolly A.,サンデーサイレンス,キャンペンガール,ヤマニンスキー,ベルトップレディ,Hail to Reason,Cosmah,Understanding,Mountain Flower,Lyphard,Lady Rebecca,Busted,Highclere,テスコボーイ,アンジェリカ,ノーザンテースト,クリアアンバー,Honest Pleasure,Victorian Queen,Lyphard,Tizna,Mr. Prospector,File,Dance Spell,Witching Hour,Damascus,Aphonia,Ambehaving,Swift Deal,Halo,Wishing Well,マルゼンスキー,レディーシラオキ,Nijinsky,アンメンシヨナブル,トウショウボーイ,アイレバース
202605010112,12,芝,1800,良,1勝クラス,リアルスティール,プティフォリー,ディープインパクト,ラヴズオンリーミー,Australia,Pretty Please,サンデーサイレンス,ウインドインハーヘア,Storm Cat,Monevassia,Galileo,Ouija Board,Dylan Thomas,Plante Rare,Halo,Wishing Well,Alzao,Burghclere,Storm Bird,Terlingua,Mr. Prospector,Miesque,Sadler's Wells,Urban Sea,Cape Cross,Selection Board,デインヒル,Lagrion,Giant's Causeway,Palmeraie,Hail to Reason,Cosmah,Understanding,Mountain Flower,Lyphard,Lady Rebecca,Busted,Highclere,Northern Dancer,South Ocean,Secretariat,Crimson Saint,Raise a Native,Gold Digger,Nureyev,Pasadoble,Northern Dancer,Fairy Bridge,Miswaki,Allegretta,Green Desert,Park Appeal,Welsh Pageant,Ouija,Danzig,Razyana,Diesis,Wrap It Up,Storm Cat,Mariah's Storm,Lear Fan,Petroleuse
202605010201,1,ダート,1400,良,未勝利,ゴールドドリーム,カロンセギュール,ゴールドアリュール,モンヴェール,Forest Camp,Yesterdays Gone,サンデーサイレンス,ニキーヤ,フレンチデピュティ,スペシャルジェイド,Deputy Minister,La Paz,Summer Squall,One Fine Day,Halo,Wishing Well,Nureyev,Reluctant Guest,Deputy Minister,Mitterand,Cox's Ridge,Statistic,Vice Regent,Mint Copy,Hold Your Peace,Classy Craft,Storm Bird,Weekend Surprise,Quadratic,Missile Belle,Hail to Reason,Cosmah,Understanding,Mountain Flower,Northern Dancer,Special,Hostage,Vaguely Royal,Vice Regent,Mint Copy,Hold Your Peace,Laredo Lass,Best Turn,Our Martha,Mr. Prospector,Number,Northern Dancer,Victoria Regina,Bunty's Flight,Shakney,Speak John,Blue Moon,Crafty Drone,Classy Stamp,Northern Dancer,South Ocean,Secretariat,Lassie Dear,Quadrangle,Smartaire,Missile,River Princess
202605010201,2,ダート,1400,良,未勝利,アルアイン,タイセイパルフェ,ディープインパクト,ドバイマジェスティ,ロードカナロア,マイネハッピー,サンデーサイレンス,ウインドインハーヘア,Essence of Dubai,Great Majesty,キングカメハメハ,レディブラッサム,ブライアンズタイム,コスモフォーチュン,Halo,Wishing Well,Alzao,Burghclere,Pulpit,Epitome,Great Above,Mistic Majesty,Kingmambo,マンファス,Storm Cat,サラトガデュー,Roberto,Kelley's Day,マイネルラヴ,グレースマリヤ,Hail to Reason,Cosmah,Understanding,Mountain Flower,Lyphard,Lady Rebecca,Busted,Highclere,A.P. Indy,Preach,Summing,Honest and True,Minnesota Mac,Ta Wee,His Majesty,Necaras Miss,Mr. Prospector,Miesque,ラストタイクーン,Pilot Bird,Storm Bird,Terlingua,Cormorant,Super Luna,Hail to Reason,Bramalea,Graustark,Golden Trail,Seeking the Gold,Heart of Joy,グルームダンサー,ミホグレース
202605010201,3,ダート,1400,良,未勝利,エスポワールシチー,アルフィルク,ゴールドアリュール,エミネントシチー,アグネスタキオン,タイキポーラ,サンデーサイレンス,ニキーヤ,ブライアンズタイム,ヘップバーンシチー,サンデーサイレンス,アグネスフローラ,トウカイテイオー,スターオブザノース,Halo,Wishing Well,Nureyev,Reluctant Guest,Roberto,Kelley's Day,ブレイヴェストローマン,コンパルシチー,Halo,Wishing Well,ロイヤルスキー,アグネスレディー,シンボリルドルフ,トウカイナチュラル,Chief Singer,Northern Scene,Hail to Reason,Cosmah,Understanding,Mountain Flower,Northern Dancer,Special,Hostage,Vaguely Royal,Hail to Reason,Bramalea,Graustark,Golden Trail,Never Bend,Roman Song,トラフィック,リンネス,Hail to Reason,Cosmah,Understanding,Mountain Flower,Raja Baba,Coz o'Nijinsky,リマンド,イコマエイカン,パーソロン,スイートルナ,ナイスダンサー,トウカイミドリ,Ballad Rock,Principia,Habitat,Algonkin
202605010201,4,ダート,1400,良,未勝利,Mendelssohn,Pioneer Queen,Scat Daddy,Leslie's Lady,Pioneerof the Nile,Expanse,ヨハネスブルグ,Love Style,Tricky Creek,Crystal Lady,エンパイアメーカー,Star of Goshen,Distant View,Dial a Trick,ヘネシー,Myth,Mr. Prospector,Likeable Style,Clever Trick,Battle Creek Girl,Stop the Music,One Last Bird,Unbridled,Toussaud,Lord at War,Castle Eight,Mr. Prospector,Seven Springs,Phone Trick,Ice Fantasy,Storm Cat,Island Kitty,オジジアン,Yarn,Raise a Native,Gold Digger,Nijinsky,Personable Lady,Icecapade,Kankakee Miss,His Majesty,Far Beyond,Hail to Reason,Bebopper,One for All,Last Bird,Fappiano,Gana Facil,El Gran Senor,Image of Reality,General,Luna de Miel,Key to the Kingdom,Her Native,Raise a Native,Gold Digger,Irish River,La Trinite,Clever Trick,Over the Phone,It's Freezing,Donna's Answer
202605010201,5,ダート,1400,良,未勝利,ドレフォン,インバウンド,Gio Ponti,Eltimaas,ロードカナロア,ハイドバウンド,Tale of the Cat,Chipeta Springs,Ghostzapper,Najecam,キングカメハメハ,レディブラッサム,Grand Slam,Hidden Dreams,Storm Cat,Yarn,Alydar,Salt Spring,Awesome Again,Baby Zip,Trempolino,Sue Warner,Kingmambo,マンファス,Storm Cat,サラトガデュー,Gone West,Bright Candles,ソヴィエトスター,Secret Asset,Storm Bird,Terlingua,Mr. Prospector,Narrate,Raise a Native,Sweet Tooth,Salt Marsh,Jungle Mythologic,Deputy Minister,Primal Force,Relaunch,Thirty Zip,Sharpen Up,Trephine,Forli,Bitty Girl,Mr. Prospector,Miesque,ラストタイクーン,Pilot Bird,Storm Bird,Terlingua,Cormorant,Super Luna,Mr. Prospector,Secrettame,El Gran Senor,Christmas Bonus,Nureyev,Veruschka,Graustark,Numbered Account
202605010201,6,ダート,1400,良,未勝利,ミッキーアイル,ディアデム,ディープインパクト,スターアイル,シンボリクリスエス,ハーレムスウィング,サンデーサイレンス,ウインドインハーヘア,ロックオブジブラルタル,アイルドフランス,Kris S.,Tee Kay,マンハッタンカフェ,コールミースーン,Halo,Wishing Well,Alzao,Burghclere,デインヒル,Offshore Boom,Nureyev,ステラマドリッド,Roberto,Sharp Queen,Gold Meridian,Tri Argo,サンデーサイレンス,サトルチェンジ,リファーズウィッシュ,コールミーネイム,Hail to Reason,Cosmah,Understanding,Mountain Flower,Lyphard,Lady Rebecca,Busted,Highclere,Danzig,Razyana,Be My Guest,Push a Button,Northern Dancer,Special,Alydar,My Juliet,Hail to Reason,Bramalea,Princequillo,Bridgework,Seattle Slew,Queen Louie,Tri Jet,Hail Proudly,Halo,Wishing Well,Law Society,Santa Luciana,Lyphard,Sally's Wish,アレミロード,ミスティコール
202605010201,7,ダート,1400,良,未勝利,ゴールドドリーム,オルガンパイプ,ゴールドアリュール,モンヴェール,サウスヴィグラス,キャッツプライド,サンデーサイレンス,ニキーヤ,フレンチデピュティ,スペシャルジェイド,エンドスウィープ,ダーケストスター,ヘネシー,Kirt's Pride,Halo,Wishing Well,Nureyev,Reluctant Guest,Deputy Minister,Mitterand,Cox's Ridge,Statistic,フォーティナイナー,Broom Dance,Star de Naskra,Minnie Riperton,Storm Cat,Island Kitty,Kirtling,Satan's Pride,Hail to Reason,Cosmah,Understanding,Mountain Flower,Northern Dancer,Special,Hostage,Vaguely Royal,Vice Regent,Mint Copy,Hold Your Peace,Laredo Lass,Best Turn,Our Martha,Mr. Prospector,Number,Mr. Prospector,File,Dance Spell,Witching Hour,Naskra,Candle Star,Cornish Prince,English Harbor,Storm Bird,Terlingua,Hawaii,T. C. Kitten,グランディ,Silky,Crimson Satan,Autumn Pride
202605010201,8,ダート,1400,良,未勝利,ミッキーアイル,マダムヴァシュモン,ディープインパクト,スターアイル,Teofilo,ユーブゴットイット,サンデーサイレンス,ウインドインハーヘア,ロックオブジブラルタル,アイルドフランス,Galileo,Speirbhean,Sea The Stars  Sea the Stars,Song,Halo,Wishing Well,Alzao,Burghclere,デインヒル,Offshore Boom,Nureyev,ステラマドリッド,Sadler's Wells,Urban Sea,デインヒル,Saviour,Cape Cross,Urban Sea,Sadler's Wells,Jude,Hail to Reason,Cosmah,Understanding,Mountain Flower,Lyphard,Lady Rebecca,Busted,Highclere,Danzig,Razyana,Be My Guest,Push a Button,Northern Dancer,Special,Alydar,My Juliet,Northern Dancer,Fairy Bridge,Miswaki,Allegretta,Danzig,Razyana,Majestic Light,Victorian Queen,Green Desert,Park Appeal,Miswaki,Allegretta,Northern Dancer,Fairy Bridge,Darshaan,Alruccaba
202605010201,9,ダート,1400,良,未勝利,ダノンキングリー,レローヴ,ディープインパクト,マイグッドネス,ヴィクトワールピサ,アイアムラヴィング,サンデーサイレンス,ウインドインハーヘア,Storm Cat,Caressing,ネオユニヴァース,ホワイトウォーターアフェア,ファルブラヴ,プラウドウイングス,Halo,Wishing Well,Alzao,Burghclere,Storm Bird,Terlingua,Honour and Glory,Lovin Touch,サンデーサイレンス,ポインテッドパス,Machiavellian,Much Too Risky,Fairy King,Gift of the Night,Dashing Blade,Peraja,Hail to Reason,Cosmah,Understanding,Mountain Flower,Lyphard,Lady Rebecca,Busted,Highclere,Northern Dancer,South Ocean,Secretariat,Crimson Saint,Relaunch,Fair to All,Majestic Prince,Forest Princess,Halo,Wishing Well,Kris,Silken Way,Mr. Prospector,Coup de Folie,Bustino,Short Rations,Northern Dancer,Fairy Bridge,Slewpy,Little Nana,Elegant Air,Sharp Castan,Kaiseradler,Perette
202605010201,10,ダート,1400,良,未勝利,フォーウィールドライブ,ナリタアルテミス,American Pharoah,Funfair,ネオユニヴァース,ナリタレインボウ,Pioneerof the Nile,Littleprincessemma,More Than Ready,Fleuron,サンデーサイレンス,ポインテッドパス,アフリート,オオシマルチア,エンパイアメーカー,Star of Goshen,Yankee Gentleman,Exclusive Rosette,サザンヘイロー,Woodman's Girl,Distant View,Flamboyance,Halo,Wishing Well,Kris,Silken Way,Mr. Prospector,Polite Lady,クリスタルグリッターズ,オオシマスズラン,Unbridled,Toussaud,Lord at War,Castle Eight,Storm Cat,Key Phrase,Ecliptical,Zetta Jet,Halo,Northern Sea,Woodman,Becky Be Good,Mr. Prospector,Seven Springs,Zilzal,Bridal Wreath,Hail to Reason,Cosmah,Understanding,Mountain Flower,Sharpen Up,Doubly Sure,Shantung,Boulevard,Raise a Native,Gold Digger,Venetian Jester,Friendly Ways,Blushing Groom,Tales to Tell,カウアイキング,ネバージョオー
202605010201,11,ダート,1400,良,未勝利,ファインニードル,ザマンダ,アドマイヤムーン,ニードルクラフト,コマンズ,ザミリア,エンドスウィープ,マイケイティーズ,Mark of Esteem,Sharp Point,デインヒル,Cotehele House,Cape Cross,Angelic Sounds,フォーティナイナー,Broom Dance,サンデーサイレンス,ケイティーズファースト,Darshaan,Homage,ロイヤルアカデミー,Nice Point,Danzig,Razyana,My Swanee,Eight Carat,Green Desert,Park Appeal,The Noble Player,Twany Angel,Mr. Prospector,File,Dance Spell,Witching Hour,Halo,Wishing Well,Kris,Katies,Shirley Heights,Delsy,Ajdal,Home Love,Nijinsky,Crimson Saint,Sharpen Up,Alpine Niece,Northern Dancer,Pas de Nom,His Majesty,Spring Adieu,Petition,Grey Rhythm,Pieces of Eight,Klairessa,Danzig,Foreign Courier,Ahonoora,Balidaress,The Minstrel,Noble Mark,Double Form,Athy Angel
202605010201,12,ダート,1400,良,未勝利,イスラボニータ,グラスルビー,フジキセキ,イスラコジーン,シングスピール,ルビー,サンデーサイレンス,ミルレーサー,Cozzene,Isla Mujeres,In the Wings In The Wings,Glorious Song,デインヒル,Offshore Boom,Halo,Wishing Well,Le Fabuleux,Marston's Mill,Caro,Ride the Trails,Crafty Prospector,Lido Isle,Sadler's Wells,High Hawk,Halo,Ballade,Danzig,Razyana,Be My Guest,Push a Button,Hail to Reason,Cosmah,Understanding,Mountain Flower,Wild Risk,Anguar,In Reality,Millicent,フォルティノ,Chambord,Prince John,Wildwook,Mr. Prospector,Real Crafty Lady,Far North,She Is Gorgeous,Northern Dancer,Fairy Bridge,Shirley Heights,Sunbittern,Hail to Reason,Cosmah,Herbager,Miss Swapsco,Northern Dancer,Pas de Nom,His Majesty,Spring Adieu,Northern Dancer,What a Treat,Bold Lad,River Lady
202605010201,13,ダート,1400,良,未勝利,スズカコーズウェイ,エアブライス,Giant's Causeway,フレンチリヴィエラ,ハービンジャー,ビスクドール,Storm Cat,Mariah's Storm,フレンチデピュティ,Actinella,Dansili,Penang Pearl,サンデーサイレンス,フェアリードール,Storm Bird,Terlingua,Rahy,イメンス,Deputy Minister,Mitterand,Seattle Slew,Aerturas,デインヒル,Hasili,Bering,Guapa,Halo,Wishing Well,Nureyev,Dream Deal,Northern Dancer,South Ocean,Secretariat,Crimson Saint,Blushing Groom,Glorious Song,Roberto,Imsodear,Vice Regent,Mint Copy,Hold Your Peace,Laredo Lass,Bold Reasoning,My Charmer,マナード,Amiel,Danzig,Razyana,Kahyasi,Kerali,Arctic Tern,Beaune,Shareef Dancer,Sauceboat,Hail to Reason,Cosmah,Understanding,Mountain Flower,Northern Dancer,Special,Sharpen Up,Likely Exchange
202605010201,14,ダート,1400,良,未勝利,シルバーステート,ラテアート,ディープインパクト,シルヴァースカヤ,サクラバクシンオー,ラテルネ,サンデーサイレンス,ウインドインハーヘア,Silver Hawk,Boubskaia,サクラユタカオー,サクラハゴロモ,トニービン,ヨシオカザン,Halo,Wishing Well,Alzao,Burghclere,Roberto,Gris Vitesse,Niniski,Frenetique,テスコボーイ,アンジェリカ,ノーザンテースト,クリアアンバー,カンパラ,Severn Bridge,エルギャロー,ミートミーレイター,Hail to Reason,Cosmah,Understanding,Mountain Flower,Lyphard,Lady Rebecca,Busted,Highclere,Hail to Reason,Bramalea,Amerigo,Matchiche,Nijinsky,Virginia Hills,Tyrant,Femina,Princely Gift,Suncourt,ネヴァービート,スターハイネス,Northern Dancer,Lady Victoria,Ambiopoise,One Clear Call,Kalamoun,State Pension,Hornbeam,Priddy Fair,マタドア,Discipliner,Barbizon,Sassetta
202605010201,15,ダート,1400,良,未勝利,リオンディーズ,ポリアンサ,キングカメハメハ,シーザリオ,ハービンジャー,メジロルルド,Kingmambo,マンファス,スペシャルウィーク,キロフプリミエール,Dansili,Penang Pearl,サンデーサイレンス,メジロドーベル,Mr. Prospector,Miesque,ラストタイクーン,Pilot Bird,サンデーサイレンス,キャンペンガール,Sadler's Wells,Querida,デインヒル,Hasili,Bering,Guapa,Halo,Wishing Well,メジロライアン,メジロビューティー,Raise a Native,Gold Digger,Nureyev,Pasadoble,トライマイベスト,Mill Princess,Blakeney,The Dancer,Halo,Wishing Well,マルゼンスキー,レディーシラオキ,Northern Dancer,Fairy Bridge,Habitat,Principia,Danzig,Razyana,Kahyasi,Kerali,Arctic Tern,Beaune,Shareef Dancer,Sauceboat,Hail to Reason,Cosmah,Understanding,Mountain Flower,アンバーシャダイ,メジロチェイサー,パーソロン,メジロナガサキ
202605010201,16,ダート,1400,良,未勝利,エスポワールシチー,セルブロックタンゴ,ゴールドアリュール,エミネントシチー,ロードカナロア,モレサンドニ,サンデーサイレンス,ニキーヤ,ブライアンズタイム,ヘップバーンシチー,キングカメハメハ,レディブラッサム,フジキセキ,ランペルティーザ,Halo,Wishing Well,Nureyev,Reluctant Guest,Roberto,Kelley's Day,ブレイヴェストローマン,コンパルシチー,Kingmambo,マンファス,Storm Cat,サラトガデュー,サンデーサイレンス,ミルレーサー,トワイニング,ヤングダリア,Hail to Reason,Cosmah,Understanding,Mountain Flower,Northern Dancer,Special,Hostage,Vaguely Royal,Hail to Reason,Bramalea,Graustark,Golden Trail,Never Bend,Roman Song,トラフィック,リンネス,Mr. Prospector,Miesque,ラストタイクーン,Pilot Bird,Storm Bird,Terlingua,Cormorant,Super Luna,Halo,Wishing Well,Le Fabuleux,Marston's Mill,フォーティナイナー,Courtly Dee,リヴリア,ラックオメガー
202605010202,1,ダート,2100,良,未勝利,オルフェーヴル,エナジャイズ,ステイゴールド,オリエンタルアート,キングカメハメハ,アリー,サンデーサイレンス,ゴールデンサッシュ,メジロマックイーン,エレクトロアート,Kingmambo,マンファス,Deputy Minister,Secret Partner,Halo,Wishing Well,ディクタス,ダイナサッシュ,メジロティターン,メジロオーロラ,ノーザンテースト,グランマスティーヴンス,Mr. Prospector,Miesque,ラストタイクーン,Pilot Bird,Vice Regent,Mint Copy,Rahy,Farewell Partner,Hail to Reason,Cosmah,Understanding,Mountain Flower,Sanctus,Doronic,ノーザンテースト,ロイヤルサッシュ,メジロアサマ,シエリル,リマンド,メジロアイリス,Northern Dancer,Lady Victoria,Lt. Stevens,Dhow,Raise a Native,Gold Digger,Nureyev,Pasadoble,トライマイベスト,Mill Princess,Blakeney,The Dancer,Northern Dancer,Victoria Regina,Bunty's Flight,Shakney,Blushing Groom,Glorious Song,Northern Dancer,Native Partner
202605010202,2,ダート,2100,良,未勝利,レイデオロ,ファシネートダイア,キングカメハメハ,ラドラーダ,アグネスタキオン,トコア,Kingmambo,マンファス,シンボリクリスエス,レディブロンド,サンデーサイレンス,アグネスフローラ,カーネギー,パーソナルファイル,Mr. Prospector,Miesque,ラストタイクーン,Pilot Bird,Kris S.,Tee Kay,Seeking the Gold,ウインドインハーヘア,Halo,Wishing Well,ロイヤルスキー,アグネスレディー,Sadler's Wells,Detroit,Private Account,ベーシイド,Raise a Native,Gold Digger,Nureyev,Pasadoble,トライマイベスト,Mill Princess,Blakeney,The Dancer,Roberto,Sharp Queen,Gold Meridian,Tri Argo,Mr. Prospector,Con Game,Alzao,Burghclere,Hail to Reason,Cosmah,Understanding,Mountain Flower,Raja Baba,Coz o'Nijinsky,リマンド,イコマエイカン,Northern Dancer,Fairy Bridge,Riverman,Derna,Damascus,Numbered Account,Cool Moon,Polondra
202605010202,3,ダート,2100,良,未勝利,サトノダイヤモンド,ホットスウェル,ディープインパクト,マルペンサ,Fusaichi Pegasus,New Meaning,サンデーサイレンス,ウインドインハーヘア,Orpen,Marsella,Mr. Prospector,Angel Fever,General Meeting,Big Spirit,Halo,Wishing Well,Alzao,Burghclere,Lure,Bonita Francita,サザンヘイロー,Riviere,Raise a Native,Gold Digger,Danzig,Rowdy Angel,Seattle Slew,Alydar's Promise,Big Spruce,Beautiful Spirit,Hail to Reason,Cosmah,Understanding,Mountain Flower,Lyphard,Lady Rebecca,Busted,Highclere,Danzig,Endear,Devil's Bag,Raise the Standard,Halo,Northern Sea,Logical,Talonada,Native Dancer,Raise You,Nashua,Sequence,Northern Dancer,Pas de Nom,Halo,Ramhyde,Bold Reasoning,My Charmer,Alydar,Summertime Promise,Herbager,Silver Sari,Bold Bidder,Baby La
202605010202,4,ダート,2100,良,未勝利,コントレイル,シャーラレイ,ディープインパクト,ロードクロサイト,Afleet Alex,Jinny's Gold,サンデーサイレンス,ウインドインハーヘア,Unbridled's Song,Folklore,Northern Afleet,Maggy Hawk,Gold Fever,Nijinsky Dancer,Halo,Wishing Well,Alzao,Burghclere,Unbridled,Trolley Song,Tiznow,Contrive,アフリート,Nuryette,ホークスター,Qualique,フォーティナイナー,Lead Kindly Light,Upper Nile,Band of Bronze,Hail to Reason,Cosmah,Understanding,Mountain Flower,Lyphard,Lady Rebecca,Busted,Highclere,Fappiano,Gana Facil,Caro,Lucky Spell,Cee's Tizzy,Cee's Song,Storm Cat,Jeano,Mr. Prospector,Polite Lady,Nureyev,Stellarette,Silver Hawk,Strait Lane,Hawaii,Dorothy Gaylord,Mr. Prospector,File,Majestic Light,Arabian Dancer,Nijinsky,Rosetta Stone,Banderilla,Bronze Award
202605010202,5,ダート,2100,良,未勝利,ダノンバラード,ハイタップ,ディープインパクト,レディバラード,Tapit,Don'tellmichelle,サンデーサイレンス,ウインドインハーヘア,Unbridled,Angelic Song,Pulpit,Tap Your Heels,Regal Classic,Linsatiable,Halo,Wishing Well,Alzao,Burghclere,Fappiano,Gana Facil,Halo,Ballade,A.P. Indy,Preach,Unbridled,Ruby Slippers,Vice Regent,No Class,Northern Dancer,Stalina,Hail to Reason,Cosmah,Understanding,Mountain Flower,Lyphard,Lady Rebecca,Busted,Highclere,Mr. Prospector,Killaloe,Le Fabuleux,Charedi,Hail to Reason,Cosmah,Herbager,Miss Swapsco,Seattle Slew,Weekend Surprise,Mr. Prospector,Narrate,Fappiano,Gana Facil,Nijinsky,Moon Glitter,Northern Dancer,Victoria Regina,Nodouble,Classy Quillo,Nearctic,Natalma,Stalino,Boscabell
202605010202,6,ダート,2100,良,未勝利,バゴ,スカイノーヴァ,Nashwan,Moonlight's Box,ステイゴールド,スカイディーバ,Blushing Groom,Height of Fashion,Nureyev,Coup de Genie,サンデーサイレンス,ゴールデンサッシュ,Sky Mesa,Swift Girl,Red God,Runaway Bride,Bustino,Highclere,Northern Dancer,Special,Mr. Prospector,Coup de Folie,Halo,Wishing Well,ディクタス,ダイナサッシュ,Pulpit,Caress,Unbridled,Gather The Clan,Nasrullah,Spring Run,Wild Risk,Aimee,Busted,Ship Yard,Queen's Hussar,Highlight,Nearctic,Natalma,Forli,Thong,Raise a Native,Gold Digger,Halo,Raise the Standard,Hail to Reason,Cosmah,Understanding,Mountain Flower,Sanctus,Doronic,ノーザンテースト,ロイヤルサッシュ,A.P. Indy,Preach,Storm Cat,La Affirmed,Fappiano,Gana Facil,General Assembly,What a Summer
202605010202,7,ダート,2100,良,未勝利,インディチャンプ,ラヴィーズラヴィン,ステイゴールド,ウィルパワー,Giant's Causeway,Lu Ravi,サンデーサイレンス,ゴールデンサッシュ,キングカメハメハ,トキオリアリティー,Storm Cat,Mariah's Storm,A.P. Indy,At the Half,Halo,Wishing Well,ディクタス,ダイナサッシュ,Kingmambo,マンファス,Meadowlake,What a Reality,Storm Bird,Terlingua,Rahy,イメンス,Seattle Slew,Weekend Surprise,Seeking the Gold,Knitted Gloves,Hail to Reason,Cosmah,Understanding,Mountain Flower,Sanctus,Doronic,ノーザンテースト,ロイヤルサッシュ,Mr. Prospector,Miesque,ラストタイクーン,Pilot Bird,Hold Your Peace,Suspicious Native,In Reality,What Will Be,Northern Dancer,South Ocean,Secretariat,Crimson Saint,Blushing Groom,Glorious Song,Roberto,Imsodear,Bold Reasoning,My Charmer,Secretariat,Lassie Dear,Mr. Prospector,Con Game,White Gloves,Fleet Needles
202605010202,8,ダート,2100,良,未勝利,カリフォルニアクローム,アルスノヴァ,Lucky Pulpit,Love the Chase,ダンスインザダーク,オリエンタルアート,Pulpit,Lucky Soph,Not for Love,Chase It Down,サンデーサイレンス,ダンシングキイ,メジロマックイーン,エレクトロアート,A.P. Indy,Preach,Cozzene,Lucky Spell,Mr. Prospector,Dance Number,Polish Numbers,Chase the Dream,Halo,Wishing Well,Nijinsky,Key Partner,メジロティターン,メジロオーロラ,ノーザンテースト,グランマスティーヴンス,Seattle Slew,Weekend Surprise,Mr. Prospector,Narrate,Caro,Ride the Trails,Lucky Mel,Incantation,Raise a Native,Gold Digger,Northern Dancer,Numbered Account,Danzig,Numbered Account,Sir Ivor,La Belle Fleur,Hail to Reason,Cosmah,Understanding,Mountain Flower,Northern Dancer,Flaming Page,Key to the Mint,Native Partner,メジロアサマ,シエリル,リマンド,メジロアイリス,Northern Dancer,Lady Victoria,Lt. Stevens,Dhow
202605010202,9,ダート,2100,良,未勝利,アポロケンタッキー,エンパイアライン,Langfuhr,Dixiana Delight,エンパイアメーカー,サクセスビスケット,Danzig,Sweet Briar Too,Gone West,Lake Lady,Unbridled,Toussaud,サンデーサイレンス,アワーミスレッグス,Northern Dancer,Pas de Nom,Briartic,Prima Babu Gum,Mr. Prospector,Secrettame,Salt Lake,Slinkylady,Fappiano,Gana Facil,El Gran Senor,Image of Reality,Halo,Wishing Well,Deputy Minister,Colonial Waters,Nearctic,Natalma,Admiral's Voyage,Petitioner,Nearctic,Sweet Lady Briar,Gummo,Princess Babu,Raise a Native,Gold Digger,Secretariat,Tamerett,Deputy Minister,Take Lady Anne,What a Hoist,Don't Call Debi,Mr. Prospector,Killaloe,Le Fabuleux,Charedi,Northern Dancer,Sex Appeal,In Reality,Edee's Image,Hail to Reason,Cosmah,Understanding,Mountain Flower,Vice Regent,Mint Copy,Pleasant Colony,Water Cress
202605010202,10,ダート,2100,良,未勝利,ゴールドドリーム,ウインメディウム,ゴールドアリュール,モンヴェール,ヘニーヒューズ,アラマササンデー,サンデーサイレンス,ニキーヤ,フレンチデピュティ,スペシャルジェイド,ヘネシー,Meadow Flyer,フジキセキ,アラマサダンサー,Halo,Wishing Well,Nureyev,Reluctant Guest,Deputy Minister,Mitterand,Cox's Ridge,Statistic,Storm Cat,Island Kitty,Meadowlake,Shortley,サンデーサイレンス,ミルレーサー,ダンシングブレーヴ,アラホウトク,Hail to Reason,Cosmah,Understanding,Mountain Flower,Northern Dancer,Special,Hostage,Vaguely Royal,Vice Regent,Mint Copy,Hold Your Peace,Laredo Lass,Best Turn,Our Martha,Mr. Prospector,Number,Storm Bird,Terlingua,Hawaii,T. C. Kitten,Hold Your Peace,Suspicious Native,Hagley,Short Winded,Halo,Wishing Well,Le Fabuleux,Marston's Mill,Lyphard,Navajo Princess,トウショウボーイ,ビンゴモレロ
202605010202,11,ダート,2100,良,未勝利,アドマイヤマーズ,グロッタアズーラ,ダイワメジャー,ヴィアメディチ,フジキセキ,サダムブルーアイズ,サンデーサイレンス,スカーレットブーケ,Medicean,Via Milano,サンデーサイレンス,ミルレーサー,エルコンドルパサー,ミスティックアイズ,Halo,Wishing Well,ノーザンテースト,スカーレットインク,Machiavellian,Mystic Goddess,シングスピール,Salvinaxia,Halo,Wishing Well,Le Fabuleux,Marston's Mill,Kingmambo,サドラーズギャル,Eastern Echo,スキム,Hail to Reason,Cosmah,Understanding,Mountain Flower,Northern Dancer,Lady Victoria,Crimson Satan,Consentida,Mr. Prospector,Coup de Folie,Storm Bird,Rose Goddess,In the Wings,Glorious Song,Linamix,Salve,Hail to Reason,Cosmah,Understanding,Mountain Flower,Wild Risk,Anguar,In Reality,Millicent,Mr. Prospector,Miesque,Sadler's Wells,Glenveagh,Damascus,Wild Applause,Nijinsky,Pass a Glance
202605010202,12,ダート,2100,良,未勝利,リオンディーズ,ロイヤルヴォルト,キングカメハメハ,シーザリオ,ディープインパクト,レディジョアン,Kingmambo,マンファス,スペシャルウィーク,キロフプリミエール,サンデーサイレンス,ウインドインハーヘア,Orientate,Oatsee,Mr. Prospector,Miesque,ラストタイクーン,Pilot Bird,サンデーサイレンス,キャンペンガール,Sadler's Wells,Querida,Halo,Wishing Well,Alzao,Burghclere,Mt. Livermore,Dream Team,Unbridled,With Every Wish,Raise a Native,Gold Digger,Nureyev,Pasadoble,トライマイベスト,Mill Princess,Blakeney,The Dancer,Halo,Wishing Well,マルゼンスキー,レディーシラオキ,Northern Dancer,Fairy Bridge,Habitat,Principia,Hail to Reason,Cosmah,Understanding,Mountain Flower,Lyphard,Lady Rebecca,Busted,Highclere,Blushing Groom,Flama Ardiente,Cox's Ridge,Likely Double,Fappiano,Gana Facil,Lear Fan,Amo
202605010202,13,ダート,2100,良,未勝利,ディープブリランテ,リゼブルー,ディープインパクト,ラヴアンドバブルズ,ダンカーク,ジョリファム,サンデーサイレンス,ウインドインハーヘア,Loup Sauvage,バブルドリーム,Unbridled's Song,Secret Status,スペシャルウィーク,メジロアニマート,Halo,Wishing Well,Alzao,Burghclere,Riverman,Louveterie,Akarad,バブルプロスペクター,Unbridled,Trolley Song,A.P. Indy,Private Status,サンデーサイレンス,キャンペンガール,フレンチデピュティ,コロンバイト,Hail to Reason,Cosmah,Understanding,Mountain Flower,Lyphard,Lady Rebecca,Busted,Highclere,Never Bend,River Lady,Nureyev,Lupe,Labus,Licata,Miswaki,バブルカンパニー,Fappiano,Gana Facil,Caro,Lucky Spell,Seattle Slew,Weekend Surprise,Alydar,Miss Eva,Halo,Wishing Well,マルゼンスキー,レディーシラオキ,Deputy Minister,Mitterand,Caerleon,Graphite
202605010203,1,ダート,1600,良,未勝利,Gun Runner,ブリリアントカット,Candy Ride,Quiet Giant,Speightstown,Polish a Diamond,Ride the Rails,Candy Girl,Giant's Causeway,Quiet Dance,Gone West,Silken Cat,ザファクター,Tap Your Feet,Cryptoclearance,Herbalesian,Candy Stripes,City Girl,Storm Cat,Mariah's Storm,Quiet American,Misty Dancer,Mr. Prospector,Secrettame,Storm Cat,Silken Doll,War Front,Greyciousness,Dixieland Band,Exotic Moves,Fappiano,Naval Orange,Herbager,Alanesian,Blushing Groom,バブルカンパニー,Farnesio,Cithara,Storm Bird,Terlingua,Rahy,イメンス,Fappiano,Demure,Lyphard,Flight Dancer,Raise a Native,Gold Digger,Secretariat,Tamerett,Storm Bird,Terlingua,Chieftain,Insilca,Danzig,Starry Dreamer,Miswaki,Skatingonthinice,Northern Dancer,Mississippi Mud,Miswaki,Syrian Dancer
202605010203,2,ダート,1600,良,未勝利,ダノンプレミアム,ミルキーハート,ディープインパクト,インディアナギャル,キングカメハメハ,ミルキーブロード,サンデーサイレンス,ウインドインハーヘア,Intikhab,Genial Jenny,Kingmambo,マンファス,クロフネ,グラスブロード,Halo,Wishing Well,Alzao,Burghclere,Red Ransom,Crafty Example,デインヒル,Joma Kaanem,Mr. Prospector,Miesque,ラストタイクーン,Pilot Bird,フレンチデピュティ,ブルーアヴェニュー,Fusaichi Pegasus,Magic Broad,Hail to Reason,Cosmah,Understanding,Mountain Flower,Lyphard,Lady Rebecca,Busted,Highclere,Roberto,アラビア,Crafty Prospector,Zienelle,Danzig,Razyana,Double Form,Ash Lawn,Raise a Native,Gold Digger,Nureyev,Pasadoble,トライマイベスト,Mill Princess,Blakeney,The Dancer,Deputy Minister,Mitterand,Classic Go Go,Eliza Blue,Mr. Prospector,Angel Fever,Broad Brush,Illeria
202605010203,3,ダート,1600,良,未勝利,ポエティックフレア,ベアトリッツ,Dawn Approach,Maria Lee,ディープインパクト,バルドウィナ,New Approach,Hymn Of The Dawn,ロックオブジブラルタル,Elida,サンデーサイレンス,ウインドインハーヘア,Pistolet Bleu,Balioka,Galileo,Park Express,Phone Trick,Colonial Debut,デインヒル,Offshore Boom,ロイヤルアカデミー,Saviour,Halo,Wishing Well,Alzao,Burghclere,Top Ville,Pampa Bella,Tourangeau,Bangalore,Sadler's Wells,Urban Sea,Ahonoora,Matcher,Clever Trick,Over the Phone,Pleasant Colony,Kittihawk Miss,Danzig,Razyana,Be My Guest,Push a Button,Nijinsky,Crimson Saint,Majestic Light,Victorian Queen,Hail to Reason,Cosmah,Understanding,Mountain Flower,Lyphard,Lady Rebecca,Busted,Highclere,High Top,Sega Ville,Armos,Kendie,Val de Loir,Torbella,Cadmus,Balbona
202605010203,4,ダート,1600,良,未勝利,ホークビル,トゥルヴァーユ,Kitten's Joy,Trensa,ダイワメジャー,グランバザール,El Prado,Kitten's First,Giant's Causeway,Serape,サンデーサイレンス,スカーレットブーケ,タマモクロス,マルゼンカーニバル,Sadler's Wells,Lady Capulet,Lear Fan,That's My Hon,Storm Cat,Mariah's Storm,Fappiano,Mochila,Halo,Wishing Well,ノーザンテースト,スカーレットインク,シービークロス,グリーンシャトー,マルゼンスキー,カーニバル,Northern Dancer,Fairy Bridge,Sir Ivor,Cap and Bells,Roberto,Wac,L'Enjoleur,One Lane,Storm Bird,Terlingua,Rahy,イメンス,Mr. Prospector,Killaloe,In Reality,Ride the Trails,Hail to Reason,Cosmah,Understanding,Mountain Flower,Northern Dancer,Lady Victoria,Crimson Satan,Consentida,フォルティノ,ズイシヨウ,シャトーゲイ,クインビー,Nijinsky,シル,Racing Is Fun,Malt
202605010203,5,ダート,1600,良,未勝利,イスラボニータ,リベルタンゴ,フジキセキ,イスラコジーン,Smart Strike,オジャグワ,サンデーサイレンス,ミルレーサー,Cozzene,Isla Mujeres,Mr. Prospector,Classy 'n Smart,Pure Prize,Open Secrets,Halo,Wishing Well,Le Fabuleux,Marston's Mill,Caro,Ride the Trails,Crafty Prospector,Lido Isle,Raise a Native,Gold Digger,Smarten,No Class,Storm Cat,Heavenly Prize,West by West,Griffe de Paris,Hail to Reason,Cosmah,Understanding,Mountain Flower,Wild Risk,Anguar,In Reality,Millicent,フォルティノ,Chambord,Prince John,Wildwook,Mr. Prospector,Real Crafty Lady,Far North,She Is Gorgeous,Native Dancer,Raise You,Nashua,Sequence,Cyane,Smartaire,Nodouble,Classy Quillo,Storm Bird,Terlingua,Seeking the Gold,Oh What a Dance,Gone West,West Turn,Telescopico,April in Paris
202605010203,6,ダート,1600,良,未勝利,サトノダイヤモンド,ハーランズワンダー,ディープインパクト,マルペンサ,Awesome Again,ハーランズルビー,サンデーサイレンス,ウインドインハーヘア,Orpen,Marsella,Deputy Minister,Primal Force,Harlan's Holiday,Smiling Eyes,Halo,Wishing Well,Alzao,Burghclere,Lure,Bonita Francita,サザンヘイロー,Riviere,Vice Regent,Mint Copy,Blushing Groom,Prime Prospect,Harlan,Christmas in Aiken,Saint Ballado,Western Lady,Hail to Reason,Cosmah,Understanding,Mountain Flower,Lyphard,Lady Rebecca,Busted,Highclere,Danzig,Endear,Devil's Bag,Raise the Standard,Halo,Northern Sea,Logical,Talonada,Northern Dancer,Victoria Regina,Bunty's Flight,Shakney,Red God,Runaway Bride,Mr. Prospector,Square Generation,Storm Cat,Country Romance,Affirmed,Dowager,Halo,Ballade,Gone West,Qena
202605010203,7,ダート,1600,良,未勝利,パイロ,テイストオブハニー,Pulpit,Wild Vision,オルフェーヴル,スウィートアンドフローレス,A.P. Indy,Preach,Wild Again,Carol's Wonder,ステイゴールド,オリエンタルアート,Unbridled's Song,Sweet and Ready,Seattle Slew,Weekend Surprise,Mr. Prospector,Narrate,Icecapade,Bushel-n-Peck,Pass the Tab,Carols Christmas,サンデーサイレンス,ゴールデンサッシュ,メジロマックイーン,エレクトロアート,Unbridled,Trolley Song,El Prado,Sweet and Steady,Bold Reasoning,My Charmer,Secretariat,Lassie Dear,Raise a Native,Gold Digger,Honest Pleasure,State,Nearctic,Shenanigans,Khaled,Dama,Al Hattab,Dantina,Whitesburg,Light Verse,Halo,Wishing Well,ディクタス,ダイナサッシュ,メジロティターン,メジロオーロラ,ノーザンテースト,グランマスティーヴンス,Fappiano,Gana Facil,Caro,Lucky Spell,Sadler's Wells,Lady Capulet,Steady Growth,Please Try Hard
202605010203,8,ダート,1600,良,未勝利,カリフォルニアクローム,ペルスネージュ,Lucky Pulpit,Love the Chase,ディープインパクト,スノースタイル,Pulpit,Lucky Soph,Not for Love,Chase It Down,サンデーサイレンス,ウインドインハーヘア,ホワイトマズル,シャルムダンサー,A.P. Indy,Preach,Cozzene,Lucky Spell,Mr. Prospector,Dance Number,Polish Numbers,Chase the Dream,Halo,Wishing Well,Alzao,Burghclere,ダンシングブレーヴ,Fair of the Furze,グルームダンサー,ダムスペクタキュラー,Seattle Slew,Weekend Surprise,Mr. Prospector,Narrate,Caro,Ride the Trails,Lucky Mel,Incantation,Raise a Native,Gold Digger,Northern Dancer,Numbered Account,Danzig,Numbered Account,Sir Ivor,La Belle Fleur,Hail to Reason,Cosmah,Understanding,Mountain Flower,Lyphard,Lady Rebecca,Busted,Highclere,Lyphard,Navajo Princess,Ela-Mana-Mou,Autocratic,Blushing Groom,Featherhill,Spectacular Bid,Damascening
202605010203,9,ダート,1600,良,未勝利,オルフェーヴル,クリノリーソクツモ,ステイゴールド,オリエンタルアート,プリサイスエンド,ダービーゾーン,サンデーサイレンス,ゴールデンサッシュ,メジロマックイーン,エレクトロアート,エンドスウィープ,Precisely,サニーブライアン,ダービーキングダム,Halo,Wishing Well,ディクタス,ダイナサッシュ,メジロティターン,メジロオーロラ,ノーザンテースト,グランマスティーヴンス,フォーティナイナー,Broom Dance,Summing,Crisp 'n Clear,ブライアンズタイム,サニースイフト,ロイヤルアカデミー,Acclimatise,Hail to Reason,Cosmah,Understanding,Mountain Flower,Sanctus,Doronic,ノーザンテースト,ロイヤルサッシュ,メジロアサマ,シエリル,リマンド,メジロアイリス,Northern Dancer,Lady Victoria,Lt. Stevens,Dhow,Mr. Prospector,File,Dance Spell,Witching Hour,Verbatim,Sumatra,Cold Reception,Ring O'Bells,Roberto,Kelley's Day,スイフトスワロー,サニーロマン,Nijinsky,Crimson Saint,Shirley Heights,Habituee
202605010203,10,ダート,1600,良,未勝利,ドレフォン,ナンヨーインディゴ,Gio Ponti,Eltimaas,キングカメハメハ,ウィーミスフランキー,Tale of the Cat,Chipeta Springs,Ghostzapper,Najecam,Kingmambo,マンファス,Sunriver,Starinthemeadow,Storm Cat,Yarn,Alydar,Salt Spring,Awesome Again,Baby Zip,Trempolino,Sue Warner,Mr. Prospector,Miesque,ラストタイクーン,Pilot Bird,Saint Ballado,Goulash,Meadowlake,Lite a Star,Storm Bird,Terlingua,Mr. Prospector,Narrate,Raise a Native,Sweet Tooth,Salt Marsh,Jungle Mythologic,Deputy Minister,Primal Force,Relaunch,Thirty Zip,Sharpen Up,Trephine,Forli,Bitty Girl,Raise a Native,Gold Digger,Nureyev,Pasadoble,トライマイベスト,Mill Princess,Blakeney,The Dancer,Halo,Ballade,Mari's Book,Wise Bride,Hold Your Peace,Suspicious Native,Our Michael,Twist a Star
202605010203,11,ダート,1600,良,未勝利,レーヴミストラル,マクルーバ,キングカメハメハ,レーヴドスカー,スズカマンボ,イットオールアッズアップ,Kingmambo,マンファス,Highest Honor,Numidie,サンデーサイレンス,スプリングマンボ,Our Emblem,Math,Mr. Prospector,Miesque,ラストタイクーン,Pilot Bird,Kenmare,High River,バイアモン,Yamuna,Halo,Wishing Well,Kingmambo,キーフライヤー,Mr. Prospector,Personal Ensign,Devil's Bag,Sum,Raise a Native,Gold Digger,Nureyev,Pasadoble,トライマイベスト,Mill Princess,Blakeney,The Dancer,Kalamoun,Belle of Ireland,Riverman,Hairbrush,Blushing Groom,Lodeve,Green Dancer,Yeovil,Hail to Reason,Cosmah,Understanding,Mountain Flower,Mr. Prospector,Miesque,Nijinsky,Key Partner,Raise a Native,Gold Digger,Private Account,Grecian Banner,Halo,Ballade,Spectacular Bid,Qui Royalty
202605010203,12,ダート,1600,良,未勝利,ポエティックフレア,ラナンキュラス,Dawn Approach,Maria Lee,スペシャルウィーク,ファレノプシス,New Approach,Hymn Of The Dawn,ロックオブジブラルタル,Elida,サンデーサイレンス,キャンペンガール,ブライアンズタイム,キャットクイル,Galileo,Park Express,Phone Trick,Colonial Debut,デインヒル,Offshore Boom,ロイヤルアカデミー,Saviour,Halo,Wishing Well,マルゼンスキー,レディーシラオキ,Roberto,Kelley's Day,Storm Cat,Pacific Princess,Sadler's Wells,Urban Sea,Ahonoora,Matcher,Clever Trick,Over the Phone,Pleasant Colony,Kittihawk Miss,Danzig,Razyana,Be My Guest,Push a Button,Nijinsky,Crimson Saint,Majestic Light,Victorian Queen,Hail to Reason,Cosmah,Understanding,Mountain Flower,Nijinsky,シル,セントクレスピン,ミスアシヤガワ,Hail to Reason,Bramalea,Graustark,Golden Trail,Storm Bird,Terlingua,Damascus,Fiji
202605010203,13,ダート,1600,良,未勝利,タニノフランケル,ドリームキセキ,Frankel,ウオッカ,フジキセキ,ドリームロッチ,Galileo,Kind,タニノギムレット,タニノシスター,サンデーサイレンス,ミルレーサー,アンシェントタイム,シバドリーム,Sadler's Wells,Urban Sea,デインヒル,Rainbow Lake,ブライアンズタイム,タニノクリスタル,ルション,エナジートウショウ,Halo,Wishing Well,Le Fabuleux,Marston's Mill,Nijinsky,Nellie Forbes,スティールハート,ロッチホーク,Northern Dancer,Fairy Bridge,Miswaki,Allegretta,Danzig,Razyana,Rainbow Quest,Rockfest,Roberto,Kelley's Day,クリスタルパレス,タニノシーバード,Riverman,ベルドリーヌ,トウショウボーイ,コーニストウショウ,Hail to Reason,Cosmah,Understanding,Mountain Flower,Wild Risk,Anguar,In Reality,Millicent,Northern Dancer,Flaming Page,Secretariat,Comely Nell,Habitat,A.,シーホーク,ロツチ
202605010203,14,ダート,1600,良,未勝利,ロジャーバローズ,ハイデンガールズ,ディープインパクト,リトルブック,サウスヴィグラス,チーキーガールズ,サンデーサイレンス,ウインドインハーヘア,Librettist,Cal Norma's Lady,エンドスウィープ,ダーケストスター,トワイニング,ブルーベイブリッジ,Halo,Wishing Well,Alzao,Burghclere,Danzig,Mysterial,リファーズスペシャル,June Darling,フォーティナイナー,Broom Dance,Star de Naskra,Minnie Riperton,フォーティナイナー,Courtly Dee,リーファーマッドネス,オオミリーガル,Hail to Reason,Cosmah,Understanding,Mountain Flower,Lyphard,Lady Rebecca,Busted,Highclere,Northern Dancer,Pas de Nom,Alleged,Mysteries,Lyphard,My Bupers,ジュニアス,Beau Darling,Mr. Prospector,File,Dance Spell,Witching Hour,Naskra,Candle Star,Cornish Prince,English Harbor,Mr. Prospector,File,Never Bend,Tulle,Mill Reef,Parsimony,ヴァイスリーガル,フライングシヤツトル
202605010203,15,ダート,1600,良,未勝利,コントレイル,フェアエレン,ディープインパクト,ロードクロサイト,Street Cry,Palais Versailles,サンデーサイレンス,ウインドインハーヘア,Unbridled's Song,Folklore,Machiavellian,Helen Street,Pulpit,Versailles Treaty,Halo,Wishing Well,Alzao,Burghclere,Unbridled,Trolley Song,Tiznow,Contrive,Mr. Prospector,Coup de Folie,Troy,Waterway,A.P. Indy,Preach,Danzig,Ten Cents a Dance,Hail to Reason,Cosmah,Understanding,Mountain Flower,Lyphard,Lady Rebecca,Busted,Highclere,Fappiano,Gana Facil,Caro,Lucky Spell,Cee's Tizzy,Cee's Song,Storm Cat,Jeano,Raise a Native,Gold Digger,Halo,Raise the Standard,Petingo,La Milo,Riverman,Boulevard,Seattle Slew,Weekend Surprise,Mr. Prospector,Narrate,Northern Dancer,Pas de Nom,Buckpasser,Exclusive Dancer
202605010203,16,ダート,1600,良,未勝利,スズカコーズウェイ,クラリティーエス,Giant's Causeway,フレンチリヴィエラ,シンボリクリスエス,キラリダイヤモンド,Storm Cat,Mariah's Storm,フレンチデピュティ,Actinella,Kris S.,Tee Kay,フジキセキ,ブリリアントカット,Storm Bird,Terlingua,Rahy,イメンス,Deputy Minister,Mitterand,Seattle Slew,Aerturas,Roberto,Sharp Queen,Gold Meridian,Tri Argo,サンデーサイレンス,ミルレーサー,ノーザンテースト,ジエヌインダイアモンド,Northern Dancer,South Ocean,Secretariat,Crimson Saint,Blushing Groom,Glorious Song,Roberto,Imsodear,Vice Regent,Mint Copy,Hold Your Peace,Laredo Lass,Bold Reasoning,My Charmer,マナード,Amiel,Hail to Reason,Bramalea,Princequillo,Bridgework,Seattle Slew,Queen Louie,Tri Jet,Hail Proudly,Halo,Wishing Well,Le Fabuleux,Marston's Mill,Northern Dancer,Lady Victoria,Irish Ruler,Diamonds for Dolly
202605010204,1,ダート,1400,良,1勝クラス,Exceedance,Beechal,Exceed And Excel,Bonnie Mac,Lonhro,Gabriella,デインヒル,Patrona,Thorn Park,Gold Class,Octagonal,Shadea,Cape Cross,Cape Merino,Danzig,Razyana,Lomond,Gladiolus,スピニングワールド,Joy,Gold Brose,Lightotouch,Zabeel,Eight Carat,Straight Strike,Concia,Green Desert,Park Appeal,Clantime,Laena,Northern Dancer,Pas de Nom,His Majesty,Spring Adieu,Northern Dancer,My Charmer,Watch Your Step,Back Britches,Nureyev,Imperfect Circle,Bluebird,Christmas Spirit,Huntingdale,Cryptic Verse,Iades,Brushly,Sir Tristram,Lady Giselle,Pieces of Eight,Klairessa,Mr. Prospector,Bend Not,First Consul,My Tricia,Danzig,Foreign Courier,Ahonoora,Balidaress,Music Boy,Penny Pincher,Roman Warrior,Poshteen
202605010204,2,ダート,1400,良,1勝クラス,フィエールマン,バレットテソーロ,ディープインパクト,リュヌドール,Camelot,Falling Rain,サンデーサイレンス,ウインドインハーヘア,Green Tune,Luth d'Or,モンジュー,Tarfah,Danehill Dancer,Neartica,Halo,Wishing Well,Alzao,Burghclere,Green Dancer,Soundings,Noir Et Or,Viole d'Amour,Sadler's Wells,Floripedes,Kingmambo,Fickle,デインヒル,Mira Adonde,Sadler's Wells,Born Gold,Hail to Reason,Cosmah,Understanding,Mountain Flower,Lyphard,Lady Rebecca,Busted,Highclere,Nijinsky,Green Valley,Mr. Prospector,Ocean's Answer,ラインゴールド,Pomme Rose,Luthier,Mandolinette,Northern Dancer,Fairy Bridge,Top Ville,Toute Cy,Mr. Prospector,Miesque,デインヒル,Fade,Danzig,Razyana,Sharpen Up,Lettre d'Amour,Northern Dancer,Fairy Bridge,Blushing Groom,Riviere D'or
202605010204,3,ダート,1400,良,1勝クラス,パイロ,ツウカイヤスナム,Pulpit,Wild Vision,カリスタグローリ,エスケーロイヤル,A.P. Indy,Preach,Wild Again,Carol's Wonder,ブレイヴェストローマン,ロッチテスコ,ロイヤルアカデミー,スイートスムースソウル,Seattle Slew,Weekend Surprise,Mr. Prospector,Narrate,Icecapade,Bushel-n-Peck,Pass the Tab,Carols Christmas,Never Bend,Roman Song,テスコボーイ,スターロツチ,Nijinsky,Crimson Saint,Alydar,Seattle Smooth,Bold Reasoning,My Charmer,Secretariat,Lassie Dear,Raise a Native,Gold Digger,Honest Pleasure,State,Nearctic,Shenanigans,Khaled,Dama,Al Hattab,Dantina,Whitesburg,Light Verse,Nasrullah,Lalun,Roman,Quiz Song,Princely Gift,Suncourt,ハロウエー,コロナ,Northern Dancer,Flaming Page,Crimson Satan,Bolero Rose,Raise a Native,Sweet Tooth,Seattle Slew,Golden Way
202605010204,4,ダート,1400,良,1勝クラス,サートゥルナーリア,イストワールファム,ロードカナロア,シーザリオ,ローエングリン,ヒストリックレディ,キングカメハメハ,レディブラッサム,スペシャルウィーク,キロフプリミエール,シングスピール,カーリング,ネオユニヴァース,ヒストリックスター,Kingmambo,マンファス,Storm Cat,サラトガデュー,サンデーサイレンス,キャンペンガール,Sadler's Wells,Querida,In the Wings,Glorious Song,Garde Royale,Corraleja,サンデーサイレンス,ポインテッドパス,ファルブラヴ,ベガ,Mr. Prospector,Miesque,ラストタイクーン,Pilot Bird,Storm Bird,Terlingua,Cormorant,Super Luna,Halo,Wishing Well,マルゼンスキー,レディーシラオキ,Northern Dancer,Fairy Bridge,Habitat,Principia,Sadler's Wells,High Hawk,Halo,Ballade,Mill Reef,Royal Way,Carvin,Darling Dale,Halo,Wishing Well,Kris,Silken Way,Fairy King,Gift of the Night,トニービン,アンティックヴァリュー
202605010204,5,ダート,1400,良,1勝クラス,ジャスタウェイ,ラズールリッキー,ハーツクライ,シビル,スタチューオブリバティ,コリンズグラス,サンデーサイレンス,アイリッシュダンス,Wild Again,シャロン,Storm Cat,Charming Lassie,グラスワンダー,ユキミザケ,Halo,Wishing Well,トニービン,ビューパーダンス,Icecapade,Bushel-n-Peck,Mo Exception,Double Wiggle,Storm Bird,Terlingua,Seattle Slew,Lassie Dear,Silver Hawk,Ameriflora,アレミロード,サムライクイーン,Hail to Reason,Cosmah,Understanding,Mountain Flower,カンパラ,Severn Bridge,Lyphard,My Bupers,Nearctic,Shenanigans,Khaled,Dama,Hard Work,With Exception,Sir Wiggle,Blue Double,Northern Dancer,South Ocean,Secretariat,Crimson Saint,Bold Reasoning,My Charmer,Buckpasser,Gay Missile,Roberto,Gris Vitesse,Danzig,Graceful Touch,Tom Rolfe,Why Me Lord,Wajima,Our Lady Queen
202605010204,6,ダート,1400,良,1勝クラス,シルバーステート,ラッシュカッター,ディープインパクト,シルヴァースカヤ,Red Ransom,Elizabeth Bay,サンデーサイレンス,ウインドインハーヘア,Silver Hawk,Boubskaia,Roberto,アラビア,Mr. Prospector,Life At the Top,Halo,Wishing Well,Alzao,Burghclere,Roberto,Gris Vitesse,Niniski,Frenetique,Hail to Reason,Bramalea,Damascus,Christmas Wind,Raise a Native,Gold Digger,Seattle Slew,See You At the Top,Hail to Reason,Cosmah,Understanding,Mountain Flower,Lyphard,Lady Rebecca,Busted,Highclere,Hail to Reason,Bramalea,Amerigo,Matchiche,Nijinsky,Virginia Hills,Tyrant,Femina,Turn-to,Nothirdchance,Nashua,Rarelea,Sword Dancer,Kerala,Nearctic,Bally Free,Native Dancer,Raise You,Nashua,Sequence,Bold Reasoning,My Charmer,Riva Ridge,Comely Nell
202605010204,7,ダート,1400,良,1勝クラス,シュヴァルグラン,マザックヤース,ハーツクライ,ハルーワスウィート,キンシャサノキセキ,イーサンラヴ,サンデーサイレンス,アイリッシュダンス,Machiavellian,ハルーワソング,フジキセキ,ケルトシャーン,マイネルラヴ,アイティーシャイン,Halo,Wishing Well,トニービン,ビューパーダンス,Mr. Prospector,Coup de Folie,Nureyev,Morn of Song,サンデーサイレンス,ミルレーサー,Pleasant Colony,Featherhill,Seeking the Gold,Heart of Joy,ニホンピロウイナー,フラッシュアワー,Hail to Reason,Cosmah,Understanding,Mountain Flower,カンパラ,Severn Bridge,Lyphard,My Bupers,Raise a Native,Gold Digger,Halo,Raise the Standard,Northern Dancer,Special,Blushing Groom,Glorious Song,Halo,Wishing Well,Le Fabuleux,Marston's Mill,His Majesty,Sun Colony,Lyphard,Lady Berry,Mr. Prospector,Con Game,リィフォー,Mythographer,スティールハート,ニホンピロエバート,フラッシュオブスティール,セレーザ
202605010204,8,ダート,1400,良,1勝クラス,ルヴァンスレーヴ,ロマネクイーン,シンボリクリスエス,マエストラーレ,マイネルラヴ,リストレーション,Kris S.,Tee Kay,ネオユニヴァース,オータムブリーズ,Seeking the Gold,Heart of Joy,ノーザンテースト,リセス,Roberto,Sharp Queen,Gold Meridian,Tri Argo,サンデーサイレンス,ポインテッドパス,ティンバーカントリー,セプテンバーソング,Mr. Prospector,Con Game,リィフォー,Mythographer,Northern Dancer,Lady Victoria,Stop the Music,Parlor Game,Hail to Reason,Bramalea,Princequillo,Bridgework,Seattle Slew,Queen Louie,Tri Jet,Hail Proudly,Halo,Wishing Well,Kris,Silken Way,Woodman,Fall Aspen,リアルシャダイ,ダイナフェアリー,Raise a Native,Gold Digger,Buckpasser,Broadway,Lyphard,Klaizia,Secretariat,Arachne,Nearctic,Natalma,Victoria Park,Lady Angela,Hail to Reason,Bebopper,Stage Door Johnny,Musical Chairs
202605010204,9,ダート,1400,良,1勝クラス,オルフェーヴル,マサノミネルバ,ステイゴールド,オリエンタルアート,ラムタラ,ハートステイジ,サンデーサイレンス,ゴールデンサッシュ,メジロマックイーン,エレクトロアート,Nijinsky,Snow Bride,カコイーシーズ,ハートブレイク,Halo,Wishing Well,ディクタス,ダイナサッシュ,メジロティターン,メジロオーロラ,ノーザンテースト,グランマスティーヴンス,Northern Dancer,Flaming Page,Blushing Groom,Awaasif,Alydar,Careless Notion,Stage Door Johnny,Royal Folly,Hail to Reason,Cosmah,Understanding,Mountain Flower,Sanctus,Doronic,ノーザンテースト,ロイヤルサッシュ,メジロアサマ,シエリル,リマンド,メジロアイリス,Northern Dancer,Lady Victoria,Lt. Stevens,Dhow,Nearctic,Natalma,Bull Page,Flaring Top,Red God,Runaway Bride,Snow Knight,Royal Statute,Raise a Native,Sweet Tooth,Jester,Miss Uppity,Prince John,Peroxide Blonde,Tom Fool,Golden Sari
202605010204,10,ダート,1400,良,1勝クラス,パイロ,アイアムネフライト,Pulpit,Wild Vision,アグネスタキオン,アイアムアドーター,A.P. Indy,Preach,Wild Again,Carol's Wonder,サンデーサイレンス,アグネスフローラ,デヒア,アイアムザウィナー,Seattle Slew,Weekend Surprise,Mr. Prospector,Narrate,Icecapade,Bushel-n-Peck,Pass the Tab,Carols Christmas,Halo,Wishing Well,ロイヤルスキー,アグネスレディー,Deputy Minister,Sister Dot,Danzig Connection,ブルージーンベイビー,Bold Reasoning,My Charmer,Secretariat,Lassie Dear,Raise a Native,Gold Digger,Honest Pleasure,State,Nearctic,Shenanigans,Khaled,Dama,Al Hattab,Dantina,Whitesburg,Light Verse,Hail to Reason,Cosmah,Understanding,Mountain Flower,Raja Baba,Coz o'Nijinsky,リマンド,イコマエイカン,Vice Regent,Mint Copy,Secretariat,Sword Game,Danzig,Gdynia,Mr. Prospector,Jones Time Machine
202605010204,11,ダート,1400,良,1勝クラス,ホッコータルマエ,トモトモリバー,キングカメハメハ,マダムチェロキー,ブラックタイド,ローズエンジェル,Kingmambo,マンファス,Cherokee Run,アンフォイルド,サンデーサイレンス,ウインドインハーヘア,アグネスデジタル,シュガースポット,Mr. Prospector,Miesque,ラストタイクーン,Pilot Bird,Runaway Groom,Cherokee Dame,Unbridled,Bold Foil,Halo,Wishing Well,Alzao,Burghclere,Crafty Prospector,Chancey Squaw,Lear Fan,トゥースフェアリー,Raise a Native,Gold Digger,Nureyev,Pasadoble,トライマイベスト,Mill Princess,Blakeney,The Dancer,Blushing Groom,Yonnie Girl,Silver Saber,Dame Francesca,Fappiano,Gana Facil,Bold Forbes,Perfect Foil,Hail to Reason,Cosmah,Understanding,Mountain Flower,Lyphard,Lady Rebecca,Busted,Highclere,Mr. Prospector,Real Crafty Lady,Chief's Crown,Allicance,Roberto,Wac,Sadler's Wells,'N Everything Nice
202605010204,12,ダート,1400,良,1勝クラス,ディープスカイ,エフシア,アグネスタキオン,アビ,アグネスデジタル,クリサンテーム,サンデーサイレンス,アグネスフローラ,Chief's Crown,Carmelized,Crafty Prospector,Chancey Squaw,コマンダーインチーフ,クレアーズオピニオン,Halo,Wishing Well,ロイヤルスキー,アグネスレディー,Danzig,Six Crowns,Key to the Mint,Carmelize,Mr. Prospector,Real Crafty Lady,Chief's Crown,Allicance,ダンシングブレーヴ,Slightly Dangerous,Devil's Bag,Duty Dance,Hail to Reason,Cosmah,Understanding,Mountain Flower,Raja Baba,Coz o'Nijinsky,リマンド,イコマエイカン,Northern Dancer,Pas de Nom,Secretariat,Chris Evert,Graustark,Key Bridge,Cornish Prince,Miss Carmie,Raise a Native,Gold Digger,In Reality,Princess Roycraft,Danzig,Six Crowns,Alleged,Runaway Bride,Lyphard,Navajo Princess,Roberto,Where You Lead,Halo,Ballade,Nijinsky,Discipline
202605010204,13,ダート,1400,良,1勝クラス,ホッコータルマエ,クリスタルストーン,キングカメハメハ,マダムチェロキー,ブライアンズタイム,リキセレナード,Kingmambo,マンファス,Cherokee Run,アンフォイルド,Roberto,Kelley's Day,ジェイドロバリー,ムーンセレナード,Mr. Prospector,Miesque,ラストタイクーン,Pilot Bird,Runaway Groom,Cherokee Dame,Unbridled,Bold Foil,Hail to Reason,Bramalea,Graustark,Golden Trail,Mr. Prospector,Number,ミスターシービー,ダイナセレナード,Raise a Native,Gold Digger,Nureyev,Pasadoble,トライマイベスト,Mill Princess,Blakeney,The Dancer,Blushing Groom,Yonnie Girl,Silver Saber,Dame Francesca,Fappiano,Gana Facil,Bold Forbes,Perfect Foil,Turn-to,Nothirdchance,Nashua,Rarelea,Ribot,Flower Bowl,Hasty Road,Sunny Vale,Raise a Native,Gold Digger,Nijinsky,Special,トウショウボーイ,シービークイン,エルセンタウロ,フリソデ
202605010204,14,ダート,1400,良,1勝クラス,シャンハイボビー,ユースティティア,Harlan's Holiday,Steelin',フジキセキ,ソブストーリー,Harlan,Christmas in Aiken,Orientate,Steel Band,サンデーサイレンス,ミルレーサー,エリシオ,シリーズ,Storm Cat,Country Romance,Affirmed,Dowager,Mt. Livermore,Dream Team,Carson City,ウェディングバンド,Halo,Wishing Well,Le Fabuleux,Marston's Mill,Fairy King,Helice,Mr. Prospector,File,Storm Bird,Terlingua,Halo,Sweet Romance,Exclusive Native,Won't Tell You,Honest Pleasure,Princessnesian,Blushing Groom,Flama Ardiente,Cox's Ridge,Likely Double,Mr. Prospector,Blushing Promise,Mighty Appealing,Ring of Steel,Hail to Reason,Cosmah,Understanding,Mountain Flower,Wild Risk,Anguar,In Reality,Millicent,Northern Dancer,Fairy Bridge,Slewpy,Hirondelle,Raise a Native,Gold Digger,Tom Rolfe,Continue
202605010204,15,ダート,1400,良,1勝クラス,フォーウィールドライブ,ゴールドカルラ,American Pharoah,Funfair,ゼンノロブロイ,ハッピーマキシマム,Pioneerof the Nile,Littleprincessemma,More Than Ready,Fleuron,サンデーサイレンス,ローミンレイチェル,サクラバクシンオー,カタクラヒメ,エンパイアメーカー,Star of Goshen,Yankee Gentleman,Exclusive Rosette,サザンヘイロー,Woodman's Girl,Distant View,Flamboyance,Halo,Wishing Well,マイニング,One Smart Lady,サクラユタカオー,サクラハゴロモ,タケシバオー,ライトミツコ,Unbridled,Toussaud,Lord at War,Castle Eight,Storm Cat,Key Phrase,Ecliptical,Zetta Jet,Halo,Northern Sea,Woodman,Becky Be Good,Mr. Prospector,Seven Springs,Zilzal,Bridal Wreath,Hail to Reason,Cosmah,Understanding,Mountain Flower,Mr. Prospector,I Pass,Clever Trick,Pia's Lady,テスコボーイ,アンジェリカ,ノーザンテースト,クリアアンバー,チャイナロック,タカツナミ,ロイヤルタタン,ライトパレー
202605010204,16,ダート,1400,良,1勝クラス,アメリカンペイトリオット,クインズアイザ,War Front,Life Well Lived,タイキシャトル,ケイアイアテナ,Danzig,Starry Dreamer,Tiznow,Well Dressed,Devil's Bag,ウェルシュマフィン,Afleet Alex,アンナステルツ,Northern Dancer,Pas de Nom,Rubiano,Lara's Star,Cee's Tizzy,Cee's Song,Notebook,Trithenia,Halo,Ballade,Caerleon,Muffitys,Northern Afleet,Maggy Hawk,Danzig,Edge,Nearctic,Natalma,Admiral's Voyage,Petitioner,Fappiano,Ruby Slippers,Forli,True Reality,Relaunch,テイズリー,Seattle Song,Lonely Dancer,Well Decorated,Mobcap,Gold Meridian,Tri Argo,Hail to Reason,Cosmah,Herbager,Miss Swapsco,Nijinsky,Foreseer,Thatch,Contrail,アフリート,Nuryette,ホークスター,Qualique,Northern Dancer,Pas de Nom,Damascus,Ponte Vecchio
202605010205,1,芝,1600,良,新馬,ロードカナロア,インピード,キングカメハメハ,レディブラッサム,Bated Breath,Coraline,Kingmambo,マンファス,Storm Cat,サラトガデュー,Dansili,Tantina,Sadler's Wells,Bahamian,Mr. Prospector,Miesque,ラストタイクーン,Pilot Bird,Storm Bird,Terlingua,Cormorant,Super Luna,デインヒル,Hasili,Distant View,Didina,Northern Dancer,Fairy Bridge,Mill Reef,Sorbus,Raise a Native,Gold Digger,Nureyev,Pasadoble,トライマイベスト,Mill Princess,Blakeney,The Dancer,Northern Dancer,South Ocean,Secretariat,Crimson Saint,His Majesty,Song Sparrow,In Reality,Alada,Danzig,Razyana,Kahyasi,Kerali,Mr. Prospector,Seven Springs,Nashwan,Didicoy,Nearctic,Natalma,Bold Reason,Special,Never Bend,Milan Mill,Busted,Censorship
202605010205,2,芝,1600,良,新馬,エピファネイア,レッドレイチェル,シンボリクリスエス,シーザリオ,Medaglia d'Oro,クーデンビーチ,Kris S.,Tee Kay,スペシャルウィーク,キロフプリミエール,El Prado,Cappucino Bay,パントレセレブル,Joyful,Roberto,Sharp Queen,Gold Meridian,Tri Argo,サンデーサイレンス,キャンペンガール,Sadler's Wells,Querida,Sadler's Wells,Lady Capulet,Bailjumper,Dubbed In,Nureyev,Peinture Bleue,Green Desert,Optimistic Lass,Hail to Reason,Bramalea,Princequillo,Bridgework,Seattle Slew,Queen Louie,Tri Jet,Hail Proudly,Halo,Wishing Well,マルゼンスキー,レディーシラオキ,Northern Dancer,Fairy Bridge,Habitat,Principia,Northern Dancer,Fairy Bridge,Sir Ivor,Cap and Bells,Damascus,Court Circuit,Silent Screen,Society Singer,Northern Dancer,Special,Alydar,Petroleuse,Danzig,Foreign Courier,Mr. Prospector,Loveliest
202605010205,3,芝,1600,良,新馬,サートゥルナーリア,リトルゲルダ,ロードカナロア,シーザリオ,Closing Argument,ビジューミス,キングカメハメハ,レディブラッサム,スペシャルウィーク,キロフプリミエール,Successful Appeal,Mrs. Greeley,Buddha,Above the Odds,Kingmambo,マンファス,Storm Cat,サラトガデュー,サンデーサイレンス,キャンペンガール,Sadler's Wells,Querida,Valid Appeal,Successful Dancer,Mr. Greeley,Rare Review,Unbridled's Song,Cahooters,Wild Again,Doppio Espresso,Mr. Prospector,Miesque,ラストタイクーン,Pilot Bird,Storm Bird,Terlingua,Cormorant,Super Luna,Halo,Wishing Well,マルゼンスキー,レディーシラオキ,Northern Dancer,Fairy Bridge,Habitat,Principia,In Reality,Desert Trial,Fortunate Prospect,Debonair Dancer,Gone West,Long Legend,Groovy,Royal Tantrum,Unbridled,Trolley Song,Storm Cat,Puss in Cahoots,Icecapade,Bushel-n-Peck,Java Gold,Eastern Dawn
202605010205,4,芝,1600,良,新馬,イスラボニータ,ヤマニンアストレア,フジキセキ,イスラコジーン,キングカメハメハ,ヤマニンアリーナ,サンデーサイレンス,ミルレーサー,Cozzene,Isla Mujeres,Kingmambo,マンファス,サンデーサイレンス,ティファニーラス,Halo,Wishing Well,Le Fabuleux,Marston's Mill,Caro,Ride the Trails,Crafty Prospector,Lido Isle,Mr. Prospector,Miesque,ラストタイクーン,Pilot Bird,Halo,Wishing Well,Bold Forbes,Sally Stark,Hail to Reason,Cosmah,Understanding,Mountain Flower,Wild Risk,Anguar,In Reality,Millicent,フォルティノ,Chambord,Prince John,Wildwook,Mr. Prospector,Real Crafty Lady,Far North,She Is Gorgeous,Raise a Native,Gold Digger,Nureyev,Pasadoble,トライマイベスト,Mill Princess,Blakeney,The Dancer,Hail to Reason,Cosmah,Understanding,Mountain Flower,Irish Castle,Comely Nell,Graustark,Sally Ship
202605010205,5,芝,1600,良,新馬,Wootton Bassett,Monegal,Iffraaj,Balladonia,Lope de Vega,Sublissime,Zafonic,Pastorale,Primo Dominie,Susquehanna Days,Shamardal,Lady Vettori,ロックオブジブラルタル,Reem Albaraari,Gone West,Zaizafon,Nureyev,Park Appeal,Dominion,Swan Ann,Chief's Crown,Gliding By,Giant's Causeway,Helsinki,Vettori,Lady Golconda,デインヒル,Offshore Boom,Sadler's Wells,Habibti,Mr. Prospector,Secrettame,The Minstrel,Mofida,Northern Dancer,Special,Ahonoora,Balidaress,Derring-Do,Picture Palace,My Swanee,Anna Barry,Danzig,Six Crowns,Tom Rolfe,Key Bridge,Storm Cat,Mariah's Storm,Machiavellian,Helen Street,Machiavellian,Air Distingue,Kendor,Lady Sharp,Danzig,Razyana,Be My Guest,Push a Button,Northern Dancer,Fairy Bridge,Habitat,Klairessa
202605010205,6,芝,1600,良,新馬,フォーウィールドライブ,アグネスフェアリー,American Pharoah,Funfair,ヴィクトワールピサ,アグネスラック,Pioneerof the Nile,Littleprincessemma,More Than Ready,Fleuron,ネオユニヴァース,ホワイトウォーターアフェア,クロフネ,アグネスセレーネー,エンパイアメーカー,Star of Goshen,Yankee Gentleman,Exclusive Rosette,サザンヘイロー,Woodman's Girl,Distant View,Flamboyance,サンデーサイレンス,ポインテッドパス,Machiavellian,Much Too Risky,フレンチデピュティ,ブルーアヴェニュー,トニービン,アグネスフローラ,Unbridled,Toussaud,Lord at War,Castle Eight,Storm Cat,Key Phrase,Ecliptical,Zetta Jet,Halo,Northern Sea,Woodman,Becky Be Good,Mr. Prospector,Seven Springs,Zilzal,Bridal Wreath,Halo,Wishing Well,Kris,Silken Way,Mr. Prospector,Coup de Folie,Bustino,Short Rations,Deputy Minister,Mitterand,Classic Go Go,Eliza Blue,カンパラ,Severn Bridge,ロイヤルスキー,アグネスレディー
202605010205,7,芝,1600,良,新馬,エポカドーロ,アグネスエンジェル,オルフェーヴル,ダイワパッション,ホワイトマズル,アグネスパサー,ステイゴールド,オリエンタルアート,フォーティナイナー,サンルージュ,ダンシングブレーヴ,Fair of the Furze,エルコンドルパサー,アグネスセレーネー,サンデーサイレンス,ゴールデンサッシュ,メジロマックイーン,エレクトロアート,Mr. Prospector,File,シェイディハイツ,チカノヴァ,Lyphard,Navajo Princess,Ela-Mana-Mou,Autocratic,Kingmambo,サドラーズギャル,トニービン,アグネスフローラ,Halo,Wishing Well,ディクタス,ダイナサッシュ,メジロティターン,メジロオーロラ,ノーザンテースト,グランマスティーヴンス,Raise a Native,Gold Digger,Tom Rolfe,Continue,Shirley Heights,Vaguely,Northern Dancer,Cairn Rouge,Northern Dancer,Goofed,Drone,Olmec,ピットカーン,Rose Bertin,Tyrant,Flight Table,Mr. Prospector,Miesque,Sadler's Wells,Glenveagh,カンパラ,Severn Bridge,ロイヤルスキー,アグネスレディー
202605010205,8,芝,1600,良,新馬,モーリス,クイーンズキトゥン,スクリーンヒーロー,メジロフランシス,ディープインパクト,ステファニーズキトゥン,グラスワンダー,ランニングヒロイン,カーネギー,メジロモントレー,サンデーサイレンス,ウインドインハーヘア,Kitten's Joy,Unfold the Rose,Silver Hawk,Ameriflora,サンデーサイレンス,ダイナアクトレス,Sadler's Wells,Detroit,モガミ,メジロクインシー,Halo,Wishing Well,Alzao,Burghclere,El Prado,Kitten's First,Catienus,Bail Out Becky,Roberto,Gris Vitesse,Danzig,Graceful Touch,Halo,Wishing Well,ノーザンテースト,モデルスポート,Northern Dancer,Fairy Bridge,Riverman,Derna,Lyphard,ノーラック,フィディオン,メジロボサツ,Hail to Reason,Cosmah,Understanding,Mountain Flower,Lyphard,Lady Rebecca,Busted,Highclere,Sadler's Wells,Lady Capulet,Lear Fan,That's My Hon,Storm Cat,ダイアモンドシティ,Red Ransom,Becky Be Good
202605010205,9,芝,1600,良,新馬,Authentic,Affianced,Into Mischief,Flawless,More Than Ready,All Star Heart,Harlan's Holiday,Leslie's Lady,Mr. Greeley,Oyster Baby,サザンヘイロー,Woodman's Girl,Arch,Gift Of The Heart,Harlan,Christmas in Aiken,Tricky Creek,Crystal Lady,Gone West,Long Legend,Wild Again,Really Fancy,Halo,Northern Sea,Woodman,Becky Be Good,Kris S.,Aurora,Ascot Knight,Devils Council,Storm Cat,Country Romance,Affirmed,Dowager,Clever Trick,Battle Creek Girl,Stop the Music,One Last Bird,Mr. Prospector,Secrettame,Reviewer,Lianga,Icecapade,Bushel-n-Peck,In Reality,Native Fancy,Hail to Reason,Cosmah,Northern Dancer,Sea Saga,Mr. Prospector,プレイメイト,Naskra,Good Landing,Roberto,Sharp Queen,Danzig,Althea,Danzig,Bambee T.T.,Devil Begone,Riveting
202605010205,10,芝,1600,良,新馬,Beau Liam,Sing Lady Sing,Liam's Map,Belle of Perintown,Scat Daddy,Saint Bernadette,Unbridled's Song,Miss Macy Sue,デヒア,Hot Match,ヨハネスブルグ,Love Style,Saint Ballado,Wedding Jitters,Unbridled,Trolley Song,Trippi,Yada Yada,Deputy Minister,Sister Dot,Mr. Prospector,Jeanne Jones,ヘネシー,Myth,Mr. Prospector,Likeable Style,Halo,Ballade,Runaway Groom,Classy Tricks,Fappiano,Gana Facil,Caro,Lucky Spell,エンドスウィープ,Jealous Appeal,Great Above,Stem,Vice Regent,Mint Copy,Secretariat,Sword Game,Raise a Native,Gold Digger,Nijinsky,Beautiful Glass,Storm Cat,Island Kitty,オジジアン,Yarn,Raise a Native,Gold Digger,Nijinsky,Personable Lady,Hail to Reason,Cosmah,Herbager,Miss Swapsco,Blushing Groom,Yonnie Girl,Hold Your Tricks,Mabel Faire
202605010205,11,芝,1600,良,新馬,ポエティックフレア,オートクレール,Dawn Approach,Maria Lee,デュランダル,ジョイアサーティン,New Approach,Hymn of the Dawn,ロックオブジブラルタル,Elida,サンデーサイレンス,サワヤカプリンセス,フォーティナイナー,アサーテイン,Galileo,Park Express,Phone Trick,Colonial Debut,デインヒル,Offshore Boom,ロイヤルアカデミー,Saviour,Halo,Wishing Well,ノーザンテースト,スコッチプリンセス,Mr. Prospector,File,Assert,Obeah,Sadler's Wells,Urban Sea,Ahonoora,Matcher,Clever Trick,Over the Phone,Pleasant Colony,Kittihawk Miss,Danzig,Razyana,Be My Guest,Push a Button,Nijinsky,Crimson Saint,Majestic Light,Victorian Queen,Hail to Reason,Cosmah,Understanding,Mountain Flower,Northern Dancer,Lady Victoria,Creme dela Creme,Meadow Saffron,Raise a Native,Gold Digger,Tom Rolfe,Continue,Be My Guest,Irish Bird,Cyane,Book of Verse
202605010205,12,芝,1600,良,新馬,モズアスコット,ミナレット,Frankel,India,スズカマンボ,ノワゼット,Galileo,Kind,ヘネシー,Misty Hour,サンデーサイレンス,スプリングマンボ,ウォーニング,ファーディーン,Sadler's Wells,Urban Sea,デインヒル,Rainbow Lake,Storm Cat,Island Kitty,Miswaki,Our Tina Marie,Halo,Wishing Well,Kingmambo,キーフライヤー,Known Fact,Slightly Dangerous,ファーディナンド,Conquisto,Northern Dancer,Fairy Bridge,Miswaki,Allegretta,Danzig,Razyana,Rainbow Quest,Rockfest,Storm Bird,Terlingua,Hawaii,T. C. Kitten,Mr. Prospector,Hopespringseternal,Nijinsky,Java Moon,Hail to Reason,Cosmah,Understanding,Mountain Flower,Mr. Prospector,Miesque,Nijinsky,Key Partner,In Reality,Tamerett,Roberto,Where You Lead,Nijinsky,Banja Luka,Conquistador Cielo,Gauri
202605010205,13,芝,1600,良,新馬,サートゥルナーリア,コントラチェック,ロードカナロア,シーザリオ,ディープインパクト,リッチダンサー,キングカメハメハ,レディブラッサム,スペシャルウィーク,キロフプリミエール,サンデーサイレンス,ウインドインハーヘア,Halling,Fairy Flight,Kingmambo,マンファス,Storm Cat,サラトガデュー,サンデーサイレンス,キャンペンガール,Sadler's Wells,Querida,Halo,Wishing Well,Alzao,Burghclere,Diesis,Dance Machine,Fairy King,Rising Tide,Mr. Prospector,Miesque,ラストタイクーン,Pilot Bird,Storm Bird,Terlingua,Cormorant,Super Luna,Halo,Wishing Well,マルゼンスキー,レディーシラオキ,Northern Dancer,Fairy Bridge,Habitat,Principia,Hail to Reason,Cosmah,Understanding,Mountain Flower,Lyphard,Lady Rebecca,Busted,Highclere,Sharpen Up,Doubly Sure,Green Dancer,Never a Lady,Northern Dancer,Fairy Bridge,レッドアラート,Naiad Queen
202605010205,14,芝,1600,良,新馬,ディスクリートキャット,ファイアリーラヴ,Forestry,Pretty Discreet,パイロ,アフェクショネット,Storm Cat,Shared Interest,Private Account,Pretty Persuasive,Pulpit,Wild Vision,Distorted Humor,Loving Kindness,Storm Bird,Terlingua,Pleasant Colony,Surgery,Damascus,Numbered Account,Believe It,Bury the Hatchet,A.P. Indy,Preach,Wild Again,Carol's Wonder,フォーティナイナー,Danzig's Beauty,Seattle Slew,Coup de Genie,Northern Dancer,South Ocean,Secretariat,Crimson Saint,His Majesty,Sun Colony,Dr. Fager,Bold Sequence,Sword Dancer,Kerala,Buckpasser,Intriguing,In Reality,Breakfast Bell,Tom Rolfe,Christmas Whishes,Seattle Slew,Weekend Surprise,Mr. Prospector,Narrate,Icecapade,Bushel-n-Peck,Pass the Tab,Carols Christmas,Mr. Prospector,File,Danzig,Sweetest Chant,Bold Reasoning,My Charmer,Mr. Prospector,Coup de Folie
202605010205,15,芝,1600,良,新馬,サートゥルナーリア,シルヴァーキトゥン,ロードカナロア,シーザリオ,Kitten's Joy,Exe,キングカメハメハ,レディブラッサム,スペシャルウィーク,キロフプリミエール,El Prado,Kitten's First,Exchange Rate,Exaggerate,Kingmambo,マンファス,Storm Cat,サラトガデュー,サンデーサイレンス,キャンペンガール,Sadler's Wells,Querida,Sadler's Wells,Lady Capulet,Lear Fan,That's My Hon,Danzig,Sterling Pound,Cat Thief,Tasha Lanae,Mr. Prospector,Miesque,ラストタイクーン,Pilot Bird,Storm Bird,Terlingua,Cormorant,Super Luna,Halo,Wishing Well,マルゼンスキー,レディーシラオキ,Northern Dancer,Fairy Bridge,Habitat,Principia,Northern Dancer,Fairy Bridge,Sir Ivor,Cap and Bells,Roberto,Wac,L'Enjoleur,One Lane,Northern Dancer,Pas de Nom,Seeking the Gold,Spectacular Bev,Storm Cat,Train Robbery,Air Forbes Won,Silent Swinger
202605010205,16,芝,1600,良,新馬,ビッグアーサー,ルージュバンブー,サクラバクシンオー,シヤボナ,マリエンバード,トロピカルナイト,サクラユタカオー,サクラハゴロモ,Kingmambo,Relish,Caerleon,マリエンバド,サンデーサイレンス,ウインドフレスカ,テスコボーイ,アンジェリカ,ノーザンテースト,クリアアンバー,Mr. Prospector,Miesque,Sadler's Wells,Reloy,Nijinsky,Foreseer,Darshaan,Marie de Fontenoy,Halo,Wishing Well,Kris S.,Donut Hole,Princely Gift,Suncourt,ネヴァービート,スターハイネス,Northern Dancer,Lady Victoria,Ambiopoise,One Clear Call,Raise a Native,Gold Digger,Nureyev,Pasadoble,Northern Dancer,Fairy Bridge,Liloy,Rescousse,Northern Dancer,Flaming Page,Round Table,Regal Gleam,Shirley Heights,Delsy,Lightning,Primula,Hail to Reason,Cosmah,Understanding,Mountain Flower,Roberto,Sharp Queen,Donut King,Really Sumthin
202605010206,1,ダート,1600,良,1勝クラス,Frankel,ジェットセッティング,Galileo,Kind,Fast Company,Mean Lae,Sadler's Wells,Urban Sea,デインヒル,Rainbow Lake,Danehill Dancer,Sheezalady,ヨハネスブルグ,Plume Rouge,Northern Dancer,Fairy Bridge,Miswaki,Allegretta,Danzig,Razyana,Rainbow Quest,Rockfest,デインヒル,Mira Adonde,Zafonic,Canadian Mill,ヘネシー,Myth,Pivotal,Classic Fan,Nearctic,Natalma,Bold Reason,Special,Mr. Prospector,Hopespringseternal,Lombard,Anatevka,Northern Dancer,Pas de Nom,His Majesty,Spring Adieu,Blushing Groom,I Will Follow,Stage Door Johnny,Rock Garden,Danzig,Razyana,Sharpen Up,Lettre d'Amour,Gone West,Zaizafon,Mill Reef,Par Excellance,Storm Cat,Island Kitty,オジジアン,Yarn,Polar Falcon,Fearless Revival,Lear Fan,Miss Boniface
202605010206,2,ダート,1600,良,1勝クラス,ドレフォン,ハピネスダンサー,Gio Ponti,Eltimaas,メイショウサムソン,クロノロジスト,Tale of the Cat,Chipeta Springs,Ghostzapper,Najecam,オペラハウス,マイヴィヴィアン,クロフネ,インディスユニゾン,Storm Cat,Yarn,Alydar,Salt Spring,Awesome Again,Baby Zip,Trempolino,Sue Warner,Sadler's Wells,Colorspin,ダンシングブレーヴ,ウイルプリンセス,フレンチデピュティ,ブルーアヴェニュー,サンデーサイレンス,ラスティックベル,Storm Bird,Terlingua,Mr. Prospector,Narrate,Raise a Native,Sweet Tooth,Salt Marsh,Jungle Mythologic,Deputy Minister,Primal Force,Relaunch,Thirty Zip,Sharpen Up,Trephine,Forli,Bitty Girl,Northern Dancer,Fairy Bridge,High Top,Reprocolor,Lyphard,Navajo Princess,サンプリンス,エール,Deputy Minister,Mitterand,Classic Go Go,Eliza Blue,Halo,Wishing Well,Mr. Prospector,Ragtime Girl
202605010206,3,ダート,1600,良,1勝クラス,ゴールドドリーム,ココクイーン,ゴールドアリュール,モンヴェール,キングカメハメハ,エムオーフィーバー,サンデーサイレンス,ニキーヤ,フレンチデピュティ,スペシャルジェイド,Kingmambo,マンファス,メジロマックイーン,ハローシャノン,Halo,Wishing Well,Nureyev,Reluctant Guest,Deputy Minister,Mitterand,Cox's Ridge,Statistic,Mr. Prospector,Miesque,ラストタイクーン,Pilot Bird,メジロティターン,メジロオーロラ,サンデーサイレンス,ハローサマー,Hail to Reason,Cosmah,Understanding,Mountain Flower,Northern Dancer,Special,Hostage,Vaguely Royal,Vice Regent,Mint Copy,Hold Your Peace,Laredo Lass,Best Turn,Our Martha,Mr. Prospector,Number,Raise a Native,Gold Digger,Nureyev,Pasadoble,トライマイベスト,Mill Princess,Blakeney,The Dancer,メジロアサマ,シエリル,リマンド,メジロアイリス,Halo,Wishing Well,Diesis,Spring Adieu
202605010206,4,ダート,1600,良,1勝クラス,リアルスティール,ラスリーズ,ディープインパクト,ラヴズオンリーミー,ブライアンズタイム,マチカネヒザクラ,サンデーサイレンス,ウインドインハーヘア,Storm Cat,Monevassia,Roberto,Kelley's Day,デインヒル,マチカネアイーダ,Halo,Wishing Well,Alzao,Burghclere,Storm Bird,Terlingua,Mr. Prospector,Miesque,Hail to Reason,Bramalea,Graustark,Golden Trail,Danzig,Razyana,Alydar,Lady's Secret,Hail to Reason,Cosmah,Understanding,Mountain Flower,Lyphard,Lady Rebecca,Busted,Highclere,Northern Dancer,South Ocean,Secretariat,Crimson Saint,Raise a Native,Gold Digger,Nureyev,Pasadoble,Turn-to,Nothirdchance,Nashua,Rarelea,Ribot,Flower Bowl,Hasty Road,Sunny Vale,Northern Dancer,Pas de Nom,His Majesty,Spring Adieu,Raise a Native,Sweet Tooth,Secretariat,Great Lady M.
202605010206,5,ダート,1600,良,1勝クラス,グレーターロンドン,デスティニーラブ,ディープインパクト,ロンドンブリッジ,アグネスデジタル,スローアキッス,サンデーサイレンス,ウインドインハーヘア,ドクターデヴィアス,オールフォーロンドン,Crafty Prospector,Chancey Squaw,スペシャルウィーク,ケイシー,Halo,Wishing Well,Alzao,Burghclere,Ahonoora,Rose of Jericho,Danzig,Full Card,Mr. Prospector,Real Crafty Lady,Chief's Crown,Allicance,サンデーサイレンス,キャンペンガール,Caerleon,Kiss,Hail to Reason,Cosmah,Understanding,Mountain Flower,Lyphard,Lady Rebecca,Busted,Highclere,Lorenzaccio,Helen Nichols,Alleged,Rose Red,Northern Dancer,Pas de Nom,Damascus,Belle of the Ball,Raise a Native,Gold Digger,In Reality,Princess Roycraft,Danzig,Six Crowns,Alleged,Runaway Bride,Halo,Wishing Well,マルゼンスキー,レディーシラオキ,Nijinsky,Foreseer,Habitat,Miss Petard
202605010206,6,ダート,1600,良,1勝クラス,カリフォルニアクローム,レイナカスターニャ,Lucky Pulpit,Love the Chase,キングカメハメハ,ナスカ,Pulpit,Lucky Soph,Not for Love,Chase It Down,Kingmambo,マンファス,サンデーサイレンス,アンデスレディー,A.P. Indy,Preach,Cozzene,Lucky Spell,Mr. Prospector,Dance Number,Polish Numbers,Chase the Dream,Mr. Prospector,Miesque,ラストタイクーン,Pilot Bird,Halo,Wishing Well,ノーザンテースト,ペルースポート,Seattle Slew,Weekend Surprise,Mr. Prospector,Narrate,Caro,Ride the Trails,Lucky Mel,Incantation,Raise a Native,Gold Digger,Northern Dancer,Numbered Account,Danzig,Numbered Account,Sir Ivor,La Belle Fleur,Raise a Native,Gold Digger,Nureyev,Pasadoble,トライマイベスト,Mill Princess,Blakeney,The Dancer,Hail to Reason,Cosmah,Understanding,Mountain Flower,Northern Dancer,Lady Victoria,ガーサント,グレートターフ
202605010206,7,ダート,1600,良,1勝クラス,ルヴァンスレーヴ,レッドパラス,シンボリクリスエス,マエストラーレ,クロフネ,レッドソンブレロ,Kris S.,Tee Kay,ネオユニヴァース,オータムブリーズ,フレンチデピュティ,ブルーアヴェニュー,キングカメハメハ,スカーレットレディ,Roberto,Sharp Queen,Gold Meridian,Tri Argo,サンデーサイレンス,ポインテッドパス,ティンバーカントリー,セプテンバーソング,Deputy Minister,Mitterand,Classic Go Go,Eliza Blue,Kingmambo,マンファス,サンデーサイレンス,スカーレットローズ,Hail to Reason,Bramalea,Princequillo,Bridgework,Seattle Slew,Queen Louie,Tri Jet,Hail Proudly,Halo,Wishing Well,Kris,Silken Way,Woodman,Fall Aspen,リアルシャダイ,ダイナフェアリー,Vice Regent,Mint Copy,Hold Your Peace,Laredo Lass,Pago Pago,Classic Perfection,Icecapade,コレラ,Mr. Prospector,Miesque,ラストタイクーン,Pilot Bird,Halo,Wishing Well,ノーザンテースト,スカーレットインク
202605010206,8,ダート,1600,良,1勝クラス,ゴールドシップ,セカンドノホシ,ステイゴールド,ポイントフラッグ,シンボリルドルフ,セカンドサービス,サンデーサイレンス,ゴールデンサッシュ,メジロマックイーン,パストラリズム,パーソロン,スイートルナ,リズム,ファーストサービス,Halo,Wishing Well,ディクタス,ダイナサッシュ,メジロティターン,メジロオーロラ,プルラリズム,トクノエイティー,Milesian,Paleo,スピードシンボリ,ダンスタイム,Mr. Prospector,Dance Number,Blushing Groom,Tournament Star,Hail to Reason,Cosmah,Understanding,Mountain Flower,Sanctus,Doronic,ノーザンテースト,ロイヤルサッシュ,メジロアサマ,シエリル,リマンド,メジロアイリス,The Minstrel,Cambretta,トライバルチーフ,アイアンルビー,My Babu,Oatflake,Pharis,Calonice,ロイヤルチャレンヂャー,スイートイン,Palestine,Samaritaine,Raise a Native,Gold Digger,Northern Dancer,Numbered Account,Red God,Runaway Bride,Nijinsky,Chris Evert
202605010206,9,ダート,1600,良,1勝クラス,エポカドーロ,カルカリーナ,オルフェーヴル,ダイワパッション,オウケンブルースリ,ジェネスタキオン,ステイゴールド,オリエンタルアート,フォーティナイナー,サンルージュ,ジャングルポケット,シルバージョイ,アグネスタキオン,コミラス,サンデーサイレンス,ゴールデンサッシュ,メジロマックイーン,エレクトロアート,Mr. Prospector,File,シェイディハイツ,チカノヴァ,トニービン,ダンスチャーマー,Silver Deputy,Joy of Myrtlewood,サンデーサイレンス,アグネスフローラ,Kaldoun,Rive Du Sud,Halo,Wishing Well,ディクタス,ダイナサッシュ,メジロティターン,メジロオーロラ,ノーザンテースト,グランマスティーヴンス,Raise a Native,Gold Digger,Tom Rolfe,Continue,Shirley Heights,Vaguely,Northern Dancer,Cairn Rouge,カンパラ,Severn Bridge,Nureyev,Skillful Joy,Deputy Minister,Silver Valley,Northern Jove,Myrtlewood Lass,Halo,Wishing Well,ロイヤルスキー,アグネスレディー,Caro,Katana,Nureyev,Riviere Doree
202605010206,10,ダート,1600,良,1勝クラス,シルバーステート,オーサムクイーン,ディープインパクト,シルヴァースカヤ,クロフネ,オーサムチャーム,サンデーサイレンス,ウインドインハーヘア,Silver Hawk,Boubskaia,フレンチデピュティ,ブルーアヴェニュー,Awesome Again,Reet Petite,Halo,Wishing Well,Alzao,Burghclere,Roberto,Gris Vitesse,Niniski,Frenetique,Deputy Minister,Mitterand,Classic Go Go,Eliza Blue,Deputy Minister,Primal Force,Maudlin,Nap Trap,Hail to Reason,Cosmah,Understanding,Mountain Flower,Lyphard,Lady Rebecca,Busted,Highclere,Hail to Reason,Bramalea,Amerigo,Matchiche,Nijinsky,Virginia Hills,Tyrant,Femina,Vice Regent,Mint Copy,Hold Your Peace,Laredo Lass,Pago Pago,Classic Perfection,Icecapade,コレラ,Vice Regent,Mint Copy,Blushing Groom,Prime Prospect,Foolish Pleasure,Zonta,Silent Screen,Encantadora
202605010206,11,ダート,1600,良,1勝クラス,リアルスティール,ショウナンハイル,ディープインパクト,ラヴズオンリーミー,ハーツクライ,ショウナンラノビア,サンデーサイレンス,ウインドインハーヘア,Storm Cat,Monevassia,サンデーサイレンス,アイリッシュダンス,フレンチデピュティ,ショウナンアクシア,Halo,Wishing Well,Alzao,Burghclere,Storm Bird,Terlingua,Mr. Prospector,Miesque,Halo,Wishing Well,トニービン,ビューパーダンス,Deputy Minister,Mitterand,ヘクタープロテクター,ショウナンプリティ,Hail to Reason,Cosmah,Understanding,Mountain Flower,Lyphard,Lady Rebecca,Busted,Highclere,Northern Dancer,South Ocean,Secretariat,Crimson Saint,Raise a Native,Gold Digger,Nureyev,Pasadoble,Hail to Reason,Cosmah,Understanding,Mountain Flower,カンパラ,Severn Bridge,Lyphard,My Bupers,Vice Regent,Mint Copy,Hold Your Peace,Laredo Lass,Woodman,Korveya,ウォロー,メジロハリマ
202605010206,12,ダート,1600,良,1勝クラス,ダノンレジェンド,サクラヴァニータ,Macho Uno,マイグッドネス,サクラローレル,サクラヒラメキ,Holy Bull,Primal Force,Storm Cat,Caressing,Rainbow Quest,ローラローラ,ノーザンテースト,サクラハツユキ,Great Above,Sharon Brown,Blushing Groom,Prime Prospect,Storm Bird,Terlingua,Honour and Glory,Lovin Touch,Blushing Groom,I Will Follow,Saint Cyrien,Bold Lady,Northern Dancer,Lady Victoria,パーソロン,サクラジョオー,Minnesota Mac,Ta Wee,Al Hattab,Agathea's Dawn,Red God,Runaway Bride,Mr. Prospector,Square Generation,Northern Dancer,South Ocean,Secretariat,Crimson Saint,Relaunch,Fair to All,Majestic Prince,Forest Princess,Red God,Runaway Bride,Herbager,Where You Lead,Luthier,Sevres,ボールドラツド,Tredam,Nearctic,Natalma,Victoria Park,Lady Angela,Milesian,Paleo,Alcide,スワンズウッドグローヴ
202605010206,13,ダート,1600,良,1勝クラス,ロジャーバローズ,デスティニーラブ,ディープインパクト,リトルブック,アグネスデジタル,スローアキッス,サンデーサイレンス,ウインドインハーヘア,Librettist,Cal Norma's Lady,Crafty Prospector,Chancey Squaw,スペシャルウィーク,ケイシー,Halo,Wishing Well,Alzao,Burghclere,Danzig,Mysterial,リファーズスペシャル,June Darling,Mr. Prospector,Real Crafty Lady,Chief's Crown,Allicance,サンデーサイレンス,キャンペンガール,Caerleon,Kiss,Hail to Reason,Cosmah,Understanding,Mountain Flower,Lyphard,Lady Rebecca,Busted,Highclere,Northern Dancer,Pas de Nom,Alleged,Mysteries,Lyphard,My Bupers,ジュニアス,Beau Darling,Raise a Native,Gold Digger,In Reality,Princess Roycraft,Danzig,Six Crowns,Alleged,Runaway Bride,Halo,Wishing Well,マルゼンスキー,レディーシラオキ,Nijinsky,Foreseer,Habitat,Miss Petard
202605010206,14,ダート,1600,良,1勝クラス,フィエールマン,トロントテソーロ,ディープインパクト,リュヌドール,シャンハイボビー,Rhapsody Queen,サンデーサイレンス,ウインドインハーヘア,Green Tune,Luth d'Or,Harlan's Holiday,Steelin',Unbridled's Song,To the Queen,Halo,Wishing Well,Alzao,Burghclere,Green Dancer,Soundings,Noir Et Or,Viole d'Amour,Harlan,Christmas in Aiken,Orientate,Steel Band,Unbridled,Trolley Song,Deputy Minister,Bally Five,Hail to Reason,Cosmah,Understanding,Mountain Flower,Lyphard,Lady Rebecca,Busted,Highclere,Nijinsky,Green Valley,Mr. Prospector,Ocean's Answer,ラインゴールド,Pomme Rose,Luthier,Mandolinette,Storm Cat,Country Romance,Affirmed,Dowager,Mt. Livermore,Dream Team,Carson City,ウェディングバンド,Fappiano,Gana Facil,Caro,Lucky Spell,Vice Regent,Mint Copy,Miswaki,Charlotte Amalie
202605010206,15,ダート,1600,良,1勝クラス,モーリス,コスモネモシン,スクリーンヒーロー,メジロフランシス,ゼンノロブロイ,デュプレ,グラスワンダー,ランニングヒロイン,カーネギー,メジロモントレー,サンデーサイレンス,ローミンレイチェル,シングスピール,Child Prodigy,Silver Hawk,Ameriflora,サンデーサイレンス,ダイナアクトレス,Sadler's Wells,Detroit,モガミ,メジロクインシー,Halo,Wishing Well,マイニング,One Smart Lady,In the Wings,Glorious Song,Ballad Rock,Minnie Habit,Roberto,Gris Vitesse,Danzig,Graceful Touch,Halo,Wishing Well,ノーザンテースト,モデルスポート,Northern Dancer,Fairy Bridge,Riverman,Derna,Lyphard,ノーラック,フィディオン,メジロボサツ,Hail to Reason,Cosmah,Understanding,Mountain Flower,Mr. Prospector,I Pass,Clever Trick,Pia's Lady,Sadler's Wells,High Hawk,Halo,Ballade,Bold Lad,True Rocket,Habitat,Minnie Tudor
202605010207,1,芝,2000,良,2勝クラス,モーリス,ディアデラマドレ,スクリーンヒーロー,メジロフランシス,キングカメハメハ,ディアデラノビア,グラスワンダー,ランニングヒロイン,カーネギー,メジロモントレー,Kingmambo,マンファス,サンデーサイレンス,ポトリザリス,Silver Hawk,Ameriflora,サンデーサイレンス,ダイナアクトレス,Sadler's Wells,Detroit,モガミ,メジロクインシー,Mr. Prospector,Miesque,ラストタイクーン,Pilot Bird,Halo,Wishing Well,Potrillazo,Chaldee,Roberto,Gris Vitesse,Danzig,Graceful Touch,Halo,Wishing Well,ノーザンテースト,モデルスポート,Northern Dancer,Fairy Bridge,Riverman,Derna,Lyphard,ノーラック,フィディオン,メジロボサツ,Raise a Native,Gold Digger,Nureyev,Pasadoble,トライマイベスト,Mill Princess,Blakeney,The Dancer,Hail to Reason,Cosmah,Understanding,Mountain Flower,Ahmad,Azalee,Banner Sport,Gevar
202605010207,2,芝,2000,良,2勝クラス,トーセンラー,コスモメリー,ディープインパクト,プリンセスオリビア,アドマイヤジャパン,ダンシングメリー,サンデーサイレンス,ウインドインハーヘア,Lycius,Dance Image,サンデーサイレンス,ビワハイジ,シンボリルドルフ,フジノダンサー,Halo,Wishing Well,Alzao,Burghclere,Mr. Prospector,Lypatia,Sadler's Wells,Diamond Spring,Halo,Wishing Well,Caerleon,アグサン,パーソロン,スイートルナ,ダンシングキャップ,フジノトルス,Hail to Reason,Cosmah,Understanding,Mountain Flower,Lyphard,Lady Rebecca,Busted,Highclere,Raise a Native,Gold Digger,Lyphard,Hypatia,Northern Dancer,Fairy Bridge,Vaguely Noble,Dumfries,Hail to Reason,Cosmah,Understanding,Mountain Flower,Nijinsky,Foreseer,Lord Gayle,Santa Luciana,Milesian,Paleo,スピードシンボリ,ダンスタイム,Native Dancer,Merry Madcap,ファバージ,ボンドセブン
202605010207,3,芝,2000,良,2勝クラス,サートゥルナーリア,フローレスマジック,ロードカナロア,シーザリオ,ディープインパクト,マジックストーム,キングカメハメハ,レディブラッサム,スペシャルウィーク,キロフプリミエール,サンデーサイレンス,ウインドインハーヘア,Storm Cat,Foppy Dancer,Kingmambo,マンファス,Storm Cat,サラトガデュー,サンデーサイレンス,キャンペンガール,Sadler's Wells,Querida,Halo,Wishing Well,Alzao,Burghclere,Storm Bird,Terlingua,Fappiano,Water Dance,Mr. Prospector,Miesque,ラストタイクーン,Pilot Bird,Storm Bird,Terlingua,Cormorant,Super Luna,Halo,Wishing Well,マルゼンスキー,レディーシラオキ,Northern Dancer,Fairy Bridge,Habitat,Principia,Hail to Reason,Cosmah,Understanding,Mountain Flower,Lyphard,Lady Rebecca,Busted,Highclere,Northern Dancer,South Ocean,Secretariat,Crimson Saint,Mr. Prospector,Killaloe,Nijinsky,Luiana
202605010207,4,芝,2000,良,2勝クラス,ブラックタイド,アパパネ,サンデーサイレンス,ウインドインハーヘア,キングカメハメハ,ソルティビッド,Halo,Wishing Well,Alzao,Burghclere,Kingmambo,マンファス,Salt Lake,Piper Piper,Hail to Reason,Cosmah,Understanding,Mountain Flower,Lyphard,Lady Rebecca,Busted,Highclere,Mr. Prospector,Miesque,ラストタイクーン,Pilot Bird,Deputy Minister,Take Lady Anne,Spectacular Bid,Alvarada,Turn-to,Nothirdchance,Cosmic Bomb,Almahmoud,Promised Land,Pretty Ways,Montparnasse,Edelweiss,Northern Dancer,Goofed,Sir Ivor,Pocahontas,Crepello,Sans le Sou,Queen's Hussar,Highlight,Raise a Native,Gold Digger,Nureyev,Pasadoble,トライマイベスト,Mill Princess,Blakeney,The Dancer,Vice Regent,Mint Copy,Queen City Lad,Lovita H.,Bold Bidder,Spectacular,Hard Work,Easterborn
202605010207,5,芝,2000,良,2勝クラス,ルーラーシップ,トーホウアマポーラ,キングカメハメハ,エアグルーヴ,フジキセキ,トーホウガイア,Kingmambo,マンファス,トニービン,ダイナカール,サンデーサイレンス,ミルレーサー,Unbridled's Song,Agami,Mr. Prospector,Miesque,ラストタイクーン,Pilot Bird,カンパラ,Severn Bridge,ノーザンテースト,シャダイフェザー,Halo,Wishing Well,Le Fabuleux,Marston's Mill,Unbridled,Trolley Song,Nureyev,Agacerie,Raise a Native,Gold Digger,Nureyev,Pasadoble,トライマイベスト,Mill Princess,Blakeney,The Dancer,Kalamoun,State Pension,Hornbeam,Priddy Fair,Northern Dancer,Lady Victoria,ガーサント,パロクサイド,Hail to Reason,Cosmah,Understanding,Mountain Flower,Wild Risk,Anguar,In Reality,Millicent,Fappiano,Gana Facil,Caro,Lucky Spell,Northern Dancer,Special,Exclusive Native,Quiet Charm
202605010207,6,芝,2000,良,2勝クラス,レイデオロ,チャーチクワイア,キングカメハメハ,ラドラーダ,ネオユニヴァース,ロレットチャペル,Kingmambo,マンファス,シンボリクリスエス,レディブロンド,サンデーサイレンス,ポインテッドパス,フレンチデピュティ,サンタフェトレイル,Mr. Prospector,Miesque,ラストタイクーン,Pilot Bird,Kris S.,Tee Kay,Seeking the Gold,ウインドインハーヘア,Halo,Wishing Well,Kris,Silken Way,Deputy Minister,Mitterand,ノーザンテースト,ハッピートレイルズ,Raise a Native,Gold Digger,Nureyev,Pasadoble,トライマイベスト,Mill Princess,Blakeney,The Dancer,Roberto,Sharp Queen,Gold Meridian,Tri Argo,Mr. Prospector,Con Game,Alzao,Burghclere,Hail to Reason,Cosmah,Understanding,Mountain Flower,Sharpen Up,Doubly Sure,Shantung,Boulevard,Vice Regent,Mint Copy,Hold Your Peace,Laredo Lass,Northern Dancer,Lady Victoria,ポツセ,ロイコン
202605010207,7,芝,2000,良,2勝クラス,マインドユアビスケッツ,スルージエアー,Posse,Jazzmane,ダンスインザダーク,ライクザウインド,Silver Deputy,Raska,Toccet,Alljazz,サンデーサイレンス,ダンシングキイ,デインヒル,ウインドインハーヘア,Deputy Minister,Silver Valley,Rahy,Borishka,Awesome Again,Cozzene's Angel,Stop the Music,Bounteous,Halo,Wishing Well,Nijinsky,Key Partner,Danzig,Razyana,Alzao,Burghclere,Vice Regent,Mint Copy,Mr. Prospector,Seven Valleys,Blushing Groom,Glorious Song,Roberto,Queen Maud,Deputy Minister,Primal Force,Cozzene,Charming Pan,Hail to Reason,Bebopper,Master Derby,Mlle. Quille,Hail to Reason,Cosmah,Understanding,Mountain Flower,Northern Dancer,Flaming Page,Key to the Mint,Native Partner,Northern Dancer,Pas de Nom,His Majesty,Spring Adieu,Lyphard,Lady Rebecca,Busted,Highclere
202605010207,8,芝,2000,良,2勝クラス,サートゥルナーリア,ミカリーニョ,ロードカナロア,シーザリオ,ハーツクライ,ミスエーニョ,キングカメハメハ,レディブラッサム,スペシャルウィーク,キロフプリミエール,サンデーサイレンス,アイリッシュダンス,Pulpit,Madcap Escapade,Kingmambo,マンファス,Storm Cat,サラトガデュー,サンデーサイレンス,キャンペンガール,Sadler's Wells,Querida,Halo,Wishing Well,トニービン,ビューパーダンス,A.P. Indy,Preach,ヘネシー,Sassy Pants,Mr. Prospector,Miesque,ラストタイクーン,Pilot Bird,Storm Bird,Terlingua,Cormorant,Super Luna,Halo,Wishing Well,マルゼンスキー,レディーシラオキ,Northern Dancer,Fairy Bridge,Habitat,Principia,Hail to Reason,Cosmah,Understanding,Mountain Flower,カンパラ,Severn Bridge,Lyphard,My Bupers,Seattle Slew,Weekend Surprise,Mr. Prospector,Narrate,Storm Cat,Island Kitty,Saratoga Six,Special Portion
202605010207,9,芝,2000,良,2勝クラス,エイシンヒカリ,ルヴェソンヴェール,ディープインパクト,キャタリナ,クロフネ,フェートデュヴァン,サンデーサイレンス,ウインドインハーヘア,Storm Cat,Carolina Saga,フレンチデピュティ,ブルーアヴェニュー,メジロマックイーン,マーサズヴィンヤード,Halo,Wishing Well,Alzao,Burghclere,Storm Bird,Terlingua,Caro,Key to the Saga,Deputy Minister,Mitterand,Classic Go Go,Eliza Blue,メジロティターン,メジロオーロラ,Nijinsky,Crooning Water,Hail to Reason,Cosmah,Understanding,Mountain Flower,Lyphard,Lady Rebecca,Busted,Highclere,Northern Dancer,South Ocean,Secretariat,Crimson Saint,フォルティノ,Chambord,Key to the Mint,Sea Saga,Vice Regent,Mint Copy,Hold Your Peace,Laredo Lass,Pago Pago,Classic Perfection,Icecapade,コレラ,メジロアサマ,シエリル,リマンド,メジロアイリス,Northern Dancer,Flaming Page,Riva Ridge,Gliding By
202605010208,1,ダート,2100,良,2勝クラス,サートゥルナーリア,ディアマイダーリン,ロードカナロア,シーザリオ,ハーツクライ,オネストリーダーリン,キングカメハメハ,レディブラッサム,スペシャルウィーク,キロフプリミエール,サンデーサイレンス,アイリッシュダンス,Kingmambo,Reluctant Guest,Kingmambo,マンファス,Storm Cat,サラトガデュー,サンデーサイレンス,キャンペンガール,Sadler's Wells,Querida,Halo,Wishing Well,トニービン,ビューパーダンス,Mr. Prospector,Miesque,Hostage,Vaguely Royal,Mr. Prospector,Miesque,ラストタイクーン,Pilot Bird,Storm Bird,Terlingua,Cormorant,Super Luna,Halo,Wishing Well,マルゼンスキー,レディーシラオキ,Northern Dancer,Fairy Bridge,Habitat,Principia,Hail to Reason,Cosmah,Understanding,Mountain Flower,カンパラ,Severn Bridge,Lyphard,My Bupers,Raise a Native,Gold Digger,Nureyev,Pasadoble,Nijinsky,Entente,Vaguely Noble,Shoshanna
202605010208,2,ダート,2100,良,2勝クラス,ドゥラメンテ,ルーヴインペリアル,キングカメハメハ,アドマイヤグルーヴ,Giant's Causeway,Louveterie,Kingmambo,マンファス,サンデーサイレンス,エアグルーヴ,Storm Cat,Mariah's Storm,Nureyev,Lupe,Mr. Prospector,Miesque,ラストタイクーン,Pilot Bird,Halo,Wishing Well,トニービン,ダイナカール,Storm Bird,Terlingua,Rahy,イメンス,Northern Dancer,Special,プリメラ,Alcoa,Raise a Native,Gold Digger,Nureyev,Pasadoble,トライマイベスト,Mill Princess,Blakeney,The Dancer,Hail to Reason,Cosmah,Understanding,Mountain Flower,カンパラ,Severn Bridge,ノーザンテースト,シャダイフェザー,Northern Dancer,South Ocean,Secretariat,Crimson Saint,Blushing Groom,Glorious Song,Roberto,Imsodear,Nearctic,Natalma,Forli,Thong,My Babu,Pirette,Alycidon,Phyllis Court
202605010208,3,ダート,2100,良,2勝クラス,コパノリッキー,リーグルメアリー,ゴールドアリュール,コパノニキータ,Afternoon Deelites,リアリーライジング,サンデーサイレンス,ニキーヤ,ティンバーカントリー,ニホンピロローズ,Private Terms,Intimate Girl,For Really,Rising Writer,Halo,Wishing Well,Nureyev,Reluctant Guest,Woodman,Fall Aspen,トニービン,ウェディングブーケ,Private Account,Laughter,Medaille d'Or,Hot Food,Buckaroo,August Days,Staff Writer,Forever Rise,Hail to Reason,Cosmah,Understanding,Mountain Flower,Northern Dancer,Special,Hostage,Vaguely Royal,Mr. Prospector,プレイメイト,Pretense,Change Water,カンパラ,Severn Bridge,リアルシャダイ,アリーウイン,Damascus,Numbered Account,Bold Ruler,Shenanigans,Secretariat,Fanfreluche,Ack Ack,Loyal Ruler,Buckpasser,Stepping High,In Reality,Rather Special,Northern Dancer,Twill,Rising Market,Always Lucky
202605010208,4,ダート,2100,良,2勝クラス,ニューイヤーズデイ,ティックルゴールド,Street Cry,Justwhistledixie,ステイゴールド,ティックルピンク,Machiavellian,Helen Street,Dixie Union,General Jeanne,サンデーサイレンス,ゴールデンサッシュ,フレンチデピュティ,ブラッシングプリンセス,Mr. Prospector,Coup de Folie,Troy,Waterway,Dixieland Band,She's Tops,Honour and Glory,Ahpo Hel,Halo,Wishing Well,ディクタス,ダイナサッシュ,Deputy Minister,Mitterand,Crafty Prospector,Princess Laika,Raise a Native,Gold Digger,Halo,Raise the Standard,Petingo,La Milo,Riverman,Boulevard,Northern Dancer,Mississippi Mud,Capote,She's a Talent,Relaunch,Fair to All,Mr. Leader,Tiy,Hail to Reason,Cosmah,Understanding,Mountain Flower,Sanctus,Doronic,ノーザンテースト,ロイヤルサッシュ,Vice Regent,Mint Copy,Hold Your Peace,Laredo Lass,Mr. Prospector,Real Crafty Lady,Blushing Groom,Cool Mood
202605010208,5,ダート,2100,良,2勝クラス,エイシンフラッシュ,スターズバース,キングズベスト,ムーンレディ,タートルボウル,ボーンスター,Kingmambo,Allegretta,プラティニ,Midnight Fever,Dyhim Diamond,Clara Bow,サンデーサイレンス,ボーンフェイマス,Mr. Prospector,Miesque,Lombard,Anatevka,Surumu,Prairie Darling,Sure Blade,Majoritat,Night Shift,Happy Landing,Top Ville,Kamiya,Halo,Wishing Well,Exuberant,First One Holme,Raise a Native,Gold Digger,Nureyev,Pasadoble,Agio,Promised Lady,Espresso,Almyra,Literat,Surama,Stanford,Prairie Belle,Kris,Double Lock,Konigsstuhl,Monacchia,Northern Dancer,Ciboulette,Homing,Laughing Goddess,High Top,Sega Ville,Kalamoun,Shahinaaz,Hail to Reason,Cosmah,Understanding,Mountain Flower,What a Pleasure,Out in the Cold,Noholme Atoll,Beautiful Miss
202605010208,6,ダート,2100,良,2勝クラス,アポロキングダム,アポロプリンセス,Lemon Drop Kid,Bella Gatto,カネヒキリ,イットービコー,Kingmambo,Charming Lassie,Storm Cat,Winter Sparkle,フジキセキ,ライフアウトゼア,フォーティナイナー,キープイットアップ,Mr. Prospector,Miesque,Seattle Slew,Lassie Dear,Storm Bird,Terlingua,Northjet,Turn to Talent,サンデーサイレンス,ミルレーサー,Deputy Minister,Silver Valley,Mr. Prospector,File,モガミチャンピオン,イツトー,Raise a Native,Gold Digger,Nureyev,Pasadoble,Bold Reasoning,My Charmer,Buckpasser,Gay Missile,Northern Dancer,South Ocean,Secretariat,Crimson Saint,Northfields,Jellatina,Turn-to,Hidden Talent,Halo,Wishing Well,Le Fabuleux,Marston's Mill,Vice Regent,Mint Copy,Mr. Prospector,Seven Valleys,Raise a Native,Gold Digger,Tom Rolfe,Continue,トウショウボーイ,イーストサイド,ヴェンチア,ミスマルミチ
202605010208,7,ダート,2100,良,2勝クラス,ワンアンドオンリー,アンシャンタン,ハーツクライ,ヴァーチュ,Unbridled's Song,Celtic Melody,サンデーサイレンス,アイリッシュダンス,タイキシャトル,サンタムール,Unbridled,Trolley Song,Mr. Greeley,Ballynaugh,Halo,Wishing Well,トニービン,ビューパーダンス,Devil's Bag,ウェルシュマフィン,Danzig,アンブロジン,Fappiano,Gana Facil,Caro,Lucky Spell,Gone West,Long Legend,Desert Wine,Fool's Miss,Hail to Reason,Cosmah,Understanding,Mountain Flower,カンパラ,Severn Bridge,Lyphard,My Bupers,Halo,Ballade,Caerleon,Muffitys,Northern Dancer,Pas de Nom,Mr. Prospector,バラダ,Mr. Prospector,Killaloe,Le Fabuleux,Charedi,フォルティノ,Chambord,Lucky Mel,Incantation,Mr. Prospector,Secrettame,Reviewer,Lianga,Damascus,Anne Campbell,Saltville,Watch Lucille
202605010208,8,ダート,2100,良,2勝クラス,リアルスティール,ベルワトリング,ディープインパクト,ラヴズオンリーミー,Dushyantor,Biala,サンデーサイレンス,ウインドインハーヘア,Storm Cat,Monevassia,Sadler's Wells,Slightly Dangerous,The Great Shark,Damasquera,Halo,Wishing Well,Alzao,Burghclere,Storm Bird,Terlingua,Mr. Prospector,Miesque,Northern Dancer,Fairy Bridge,Roberto,Where You Lead,Storm Bird,Hot Gossip,Domineau,Discografia,Hail to Reason,Cosmah,Understanding,Mountain Flower,Lyphard,Lady Rebecca,Busted,Highclere,Northern Dancer,South Ocean,Secretariat,Crimson Saint,Raise a Native,Gold Digger,Nureyev,Pasadoble,Nearctic,Natalma,Bold Reason,Special,Hail to Reason,Bramalea,Raise a Native,Noblesse,Northern Dancer,South Ocean,Correspondent,Spotted Beauty,Never Bend,Pop's Pick,Damascus Silver,Secuestrada
202605010208,9,ダート,2100,良,2勝クラス,リアルスティール,フルボイス,ディープインパクト,ラヴズオンリーミー,ルーラーシップ,エヴリウィスパー,サンデーサイレンス,ウインドインハーヘア,Storm Cat,Monevassia,キングカメハメハ,エアグルーヴ,ノーザンテースト,クラフテイワイフ,Halo,Wishing Well,Alzao,Burghclere,Storm Bird,Terlingua,Mr. Prospector,Miesque,Kingmambo,マンファス,トニービン,ダイナカール,Northern Dancer,Lady Victoria,Crafty Prospector,Wife Mistress,Hail to Reason,Cosmah,Understanding,Mountain Flower,Lyphard,Lady Rebecca,Busted,Highclere,Northern Dancer,South Ocean,Secretariat,Crimson Saint,Raise a Native,Gold Digger,Nureyev,Pasadoble,Mr. Prospector,Miesque,ラストタイクーン,Pilot Bird,カンパラ,Severn Bridge,ノーザンテースト,シャダイフェザー,Nearctic,Natalma,Victoria Park,Lady Angela,Mr. Prospector,Real Crafty Lady,Secretariat,Political Payoff
202605010208,10,ダート,2100,良,2勝クラス,ドリームジャーニー,ヴードゥーレディ,ステイゴールド,オリエンタルアート,デインヒル,Saramah,サンデーサイレンス,ゴールデンサッシュ,メジロマックイーン,エレクトロアート,Danzig,Razyana,フォーティナイナー,シュバルヴォラント,Halo,Wishing Well,ディクタス,ダイナサッシュ,メジロティターン,メジロオーロラ,ノーザンテースト,グランマスティーヴンス,Northern Dancer,Pas de Nom,His Majesty,Spring Adieu,Mr. Prospector,File,Kris S.,Flight,Hail to Reason,Cosmah,Understanding,Mountain Flower,Sanctus,Doronic,ノーザンテースト,ロイヤルサッシュ,メジロアサマ,シエリル,リマンド,メジロアイリス,Northern Dancer,Lady Victoria,Lt. Stevens,Dhow,Nearctic,Natalma,Admiral's Voyage,Petitioner,Ribot,Flower Bowl,Buckpasser,Natalma,Raise a Native,Gold Digger,Tom Rolfe,Continue,Roberto,Sharp Queen,Barachois,Bright Merry
202605010208,11,ダート,2100,良,2勝クラス,ドレフォン,コウヨウマリア,Gio Ponti,Eltimaas,ダンスインザダーク,フォーティース,Tale of the Cat,Chipeta Springs,Ghostzapper,Najecam,サンデーサイレンス,ダンシングキイ,フォーティナイナー,Book Collector,Storm Cat,Yarn,Alydar,Salt Spring,Awesome Again,Baby Zip,Trempolino,Sue Warner,Halo,Wishing Well,Nijinsky,Key Partner,Mr. Prospector,File,Irish River,Lypatia,Storm Bird,Terlingua,Mr. Prospector,Narrate,Raise a Native,Sweet Tooth,Salt Marsh,Jungle Mythologic,Deputy Minister,Primal Force,Relaunch,Thirty Zip,Sharpen Up,Trephine,Forli,Bitty Girl,Hail to Reason,Cosmah,Understanding,Mountain Flower,Northern Dancer,Flaming Page,Key to the Mint,Native Partner,Raise a Native,Gold Digger,Tom Rolfe,Continue,Riverman,Irish Star,Lyphard,Hypatia
202605010209,1,芝,1800,良,1勝クラス,ポエティックフレア,スナップドラゴン,Dawn Approach,Maria Lee,ゼンノロブロイ,ブレッシング,New Approach,Hymn Of The Dawn,ロックオブジブラルタル,Elida,サンデーサイレンス,ローミンレイチェル,マルゼンスキー,ブラダマンテ,Galileo,Park Express,Phone Trick,Colonial Debut,デインヒル,Offshore Boom,ロイヤルアカデミー,Saviour,Halo,Wishing Well,マイニング,One Smart Lady,Nijinsky,シル,Roberto,Sulemeif,Sadler's Wells,Urban Sea,Ahonoora,Matcher,Clever Trick,Over the Phone,Pleasant Colony,Kittihawk Miss,Danzig,Razyana,Be My Guest,Push a Button,Nijinsky,Crimson Saint,Majestic Light,Victorian Queen,Hail to Reason,Cosmah,Understanding,Mountain Flower,Mr. Prospector,I Pass,Clever Trick,Pia's Lady,Northern Dancer,Flaming Page,Buckpasser,Quill,Hail to Reason,Bramalea,Northern Dancer,Barely Even
202605010209,2,芝,1800,良,1勝クラス,アルアイン,パッシングスルー,ディープインパクト,ドバイマジェスティ,ルーラーシップ,マイティースルー,サンデーサイレンス,ウインドインハーヘア,Essence of Dubai,Great Majesty,キングカメハメハ,エアグルーヴ,クロフネ,スルーオール,Halo,Wishing Well,Alzao,Burghclere,Pulpit,Epitome,Great Above,Mistic Majesty,Kingmambo,マンファス,トニービン,ダイナカール,フレンチデピュティ,ブルーアヴェニュー,Seattle Slew,Over All,Hail to Reason,Cosmah,Understanding,Mountain Flower,Lyphard,Lady Rebecca,Busted,Highclere,A.P. Indy,Preach,Summing,Honest and True,Minnesota Mac,Ta Wee,His Majesty,Necaras Miss,Mr. Prospector,Miesque,ラストタイクーン,Pilot Bird,カンパラ,Severn Bridge,ノーザンテースト,シャダイフェザー,Deputy Minister,Mitterand,Classic Go Go,Eliza Blue,Bold Reasoning,My Charmer,Mr. Prospector,Full Tigress
202605010209,3,芝,1800,良,1勝クラス,ミスターメロディ,ペロチャン,Scat Daddy,Trusty Lady,サクラプレジデント,ジョウノエンジェル,ヨハネスブルグ,Love Style,Deputy Minister,Klassy Kim,サンデーサイレンス,セダンフォーエバー,トウショウボーイ,ザンベージ,ヘネシー,Myth,Mr. Prospector,Likeable Style,Vice Regent,Mint Copy,Silent Screen,クールアライヴァル,Halo,Wishing Well,マルゼンスキー,サクラセダン,テスコボーイ,ソシアルバターフライ,ノーザンテースト,ヨドセンリョウ,Storm Cat,Island Kitty,オジジアン,Yarn,Raise a Native,Gold Digger,Nijinsky,Personable Lady,Northern Dancer,Victoria Regina,Bunty's Flight,Shakney,Prince John,Prayer Bell,Relaunch,Irish Arrival,Hail to Reason,Cosmah,Understanding,Mountain Flower,Nijinsky,シル,セダン,スワンズウッドグローヴ,Princely Gift,Suncourt,Your Host,Wisteria,Northern Dancer,Lady Victoria,エルセンタウロ,リリーオブザナイル
202605010209,4,芝,1800,良,1勝クラス,スワーヴリチャード,プルージャ,ハーツクライ,ピラミマ,Sidney's Candy,Pumpkin,サンデーサイレンス,アイリッシュダンス,Unbridled's Song,キャリアコレクション,Candy Ride,Fair Exchange,Pivotal,Gallivant,Halo,Wishing Well,トニービン,ビューパーダンス,Unbridled,Trolley Song,General Meeting,River of Stars,Ride the Rails,Candy Girl,Storm Cat,Exchange,Polar Falcon,Fearless Revival,デインヒル,Gay Gallanta,Hail to Reason,Cosmah,Understanding,Mountain Flower,カンパラ,Severn Bridge,Lyphard,My Bupers,Fappiano,Gana Facil,Caro,Lucky Spell,Seattle Slew,Alydar's Promise,Riverman,Star Fortune,Cryptoclearance,Herbalesian,Candy Stripes,City Girl,Storm Bird,Terlingua,Explodent,Wooly Willow,Nureyev,Marie d'Argonne,Cozzene,Stufida,Danzig,Razyana,Woodman,Gallanta
202605010209,5,芝,1800,良,1勝クラス,エピファネイア,エンタイスド,シンボリクリスエス,シーザリオ,Galileo,Dialafara,Kris S.,Tee Kay,スペシャルウィーク,キロフプリミエール,Sadler's Wells,Urban Sea,Anabaa,Diamilina,Roberto,Sharp Queen,Gold Meridian,Tri Argo,サンデーサイレンス,キャンペンガール,Sadler's Wells,Querida,Northern Dancer,Fairy Bridge,Miswaki,Allegretta,Danzig,Balbonella,Linamix,Diamonaka,Hail to Reason,Bramalea,Princequillo,Bridgework,Seattle Slew,Queen Louie,Tri Jet,Hail Proudly,Halo,Wishing Well,マルゼンスキー,レディーシラオキ,Northern Dancer,Fairy Bridge,Habitat,Principia,Nearctic,Natalma,Bold Reason,Special,Mr. Prospector,Hopespringseternal,Lombard,Anatevka,Northern Dancer,Pas de Nom,ゲイメセン,Bamieres,メンデス,Lunadix,Akarad,Diamond Seal
202605010209,6,芝,1800,良,1勝クラス,ドレフォン,テーオーヴィーナス,Gio Ponti,Eltimaas,ディープインパクト,シルクチャプター,Tale of the Cat,Chipeta Springs,Ghostzapper,Najecam,サンデーサイレンス,ウインドインハーヘア,アフリート,ノーブルプライド,Storm Cat,Yarn,Alydar,Salt Spring,Awesome Again,Baby Zip,Trempolino,Sue Warner,Halo,Wishing Well,Alzao,Burghclere,Mr. Prospector,Polite Lady,Caerleon,Noble Chick,Storm Bird,Terlingua,Mr. Prospector,Narrate,Raise a Native,Sweet Tooth,Salt Marsh,Jungle Mythologic,Deputy Minister,Primal Force,Relaunch,Thirty Zip,Sharpen Up,Trephine,Forli,Bitty Girl,Hail to Reason,Cosmah,Understanding,Mountain Flower,Lyphard,Lady Rebecca,Busted,Highclere,Raise a Native,Gold Digger,Venetian Jester,Friendly Ways,Nijinsky,Foreseer,Vaguely Noble,Margarethen
202605010209,7,芝,1800,良,1勝クラス,エピファネイア,リリーズキャンドル,シンボリクリスエス,シーザリオ,Style Vendome,Golden Lily,Kris S.,Tee Kay,スペシャルウィーク,キロフプリミエール,Anabaa,プラスヴァンドーム,Dolphin Street,Miller's Lily,Roberto,Sharp Queen,Gold Meridian,Tri Argo,サンデーサイレンス,キャンペンガール,Sadler's Wells,Querida,Danzig,Balbonella,Dr Fong,Mediaeval,Bluebird,Or Vision,ミラーズメイト,Lymara,Hail to Reason,Bramalea,Princequillo,Bridgework,Seattle Slew,Queen Louie,Tri Jet,Hail Proudly,Halo,Wishing Well,マルゼンスキー,レディーシラオキ,Northern Dancer,Fairy Bridge,Habitat,Principia,Northern Dancer,Pas de Nom,ゲイメセン,Bamieres,Kris S.,Spring Flight,Medaaly,Domino Queen,Storm Bird,Ivory Dawn,Irish River,Luv Luvin',Mill Reef,Primatie,Lyphard,Maradadi
202605010209,8,芝,1800,良,1勝クラス,ハービンジャー,エマノン,Dansili,Penang Pearl,ハーツクライ,ピラミマ,デインヒル,Hasili,Bering,Guapa,サンデーサイレンス,アイリッシュダンス,Unbridled's Song,キャリアコレクション,Danzig,Razyana,Kahyasi,Kerali,Arctic Tern,Beaune,Shareef Dancer,Sauceboat,Halo,Wishing Well,トニービン,ビューパーダンス,Unbridled,Trolley Song,General Meeting,River of Stars,Northern Dancer,Pas de Nom,His Majesty,Spring Adieu,イルドブルボン,Kadissya,High Line,Sookera,Sea-Bird,Bubbling Beauty,Lyphard,Barbra,Northern Dancer,Sweet Alliance,Connaught,Cranberry Sauce,Hail to Reason,Cosmah,Understanding,Mountain Flower,カンパラ,Severn Bridge,Lyphard,My Bupers,Fappiano,Gana Facil,Caro,Lucky Spell,Seattle Slew,Alydar's Promise,Riverman,Star Fortune
202605010209,9,芝,1800,良,1勝クラス,モズアスコット,マートンパーク,Frankel,India,フレンチデピュティ,シャラポワ,Galileo,Kind,ヘネシー,Misty Hour,Deputy Minister,Mitterand,サンデーサイレンス,ウインブルドン,Sadler's Wells,Urban Sea,デインヒル,Rainbow Lake,Storm Cat,Island Kitty,Miswaki,Our Tina Marie,Vice Regent,Mint Copy,Hold Your Peace,Laredo Lass,Halo,Wishing Well,Blushing Groom,Tournament Star,Northern Dancer,Fairy Bridge,Miswaki,Allegretta,Danzig,Razyana,Rainbow Quest,Rockfest,Storm Bird,Terlingua,Hawaii,T. C. Kitten,Mr. Prospector,Hopespringseternal,Nijinsky,Java Moon,Northern Dancer,Victoria Regina,Bunty's Flight,Shakney,Speak John,Blue Moon,Bold Ruler,Fortunate Isle,Hail to Reason,Cosmah,Understanding,Mountain Flower,Red God,Runaway Bride,Nijinsky,Chris Evert
202605010209,10,芝,1800,良,1勝クラス,サートゥルナーリア,ショウナンアイ,ロードカナロア,シーザリオ,Northern Afleet,Rhys,キングカメハメハ,レディブラッサム,スペシャルウィーク,キロフプリミエール,アフリート,Nuryette,Storm Cat,Tina Bull,Kingmambo,マンファス,Storm Cat,サラトガデュー,サンデーサイレンス,キャンペンガール,Sadler's Wells,Querida,Mr. Prospector,Polite Lady,Nureyev,Stellarette,Storm Bird,Terlingua,Holy Bull,Izana,Mr. Prospector,Miesque,ラストタイクーン,Pilot Bird,Storm Bird,Terlingua,Cormorant,Super Luna,Halo,Wishing Well,マルゼンスキー,レディーシラオキ,Northern Dancer,Fairy Bridge,Habitat,Principia,Raise a Native,Gold Digger,Venetian Jester,Friendly Ways,Northern Dancer,Special,Tentam,Square Angel,Northern Dancer,South Ocean,Secretariat,Crimson Saint,Great Above,Sharon Brown,Theatrical,Tersa
202605010209,11,芝,1800,良,1勝クラス,ダノンバラード,ヴァニティールールズ,ディープインパクト,レディバラード,New Approach,Miss Pinkerton,サンデーサイレンス,ウインドインハーヘア,Unbridled,Angelic Song,Galileo,Park Express,デインヒル,Rebecca Sharp,Halo,Wishing Well,Alzao,Burghclere,Fappiano,Gana Facil,Halo,Ballade,Sadler's Wells,Urban Sea,Ahonoora,Matcher,Danzig,Razyana,Machiavellian,Nuryana,Hail to Reason,Cosmah,Understanding,Mountain Flower,Lyphard,Lady Rebecca,Busted,Highclere,Mr. Prospector,Killaloe,Le Fabuleux,Charedi,Hail to Reason,Cosmah,Herbager,Miss Swapsco,Northern Dancer,Fairy Bridge,Miswaki,Allegretta,Lorenzaccio,Helen Nichols,Match,Lachine,Northern Dancer,Pas de Nom,His Majesty,Spring Adieu,Mr. Prospector,Coup de Folie,Nureyev,Loralane
202605010209,12,芝,1800,良,1勝クラス,ヴァンセンヌ,ショウナンアオバ,ディープインパクト,フラワーパーク,キングカメハメハ,ショウナンタイム,サンデーサイレンス,ウインドインハーヘア,ニホンピロウイナー,ノーザンフラワー,Kingmambo,マンファス,Gilded Time,Pennbrook's Lady,Halo,Wishing Well,Alzao,Burghclere,スティールハート,ニホンピロエバート,ノーザンテースト,ファイアフラワー,Mr. Prospector,Miesque,ラストタイクーン,Pilot Bird,Timeless Moment,Gilded Lilly,Nasty and Bold,Chicanery,Hail to Reason,Cosmah,Understanding,Mountain Flower,Lyphard,Lady Rebecca,Busted,Highclere,Habitat,A.,チャイナロック,ライトフレーム,Northern Dancer,Lady Victoria,Dike,Pascha,Raise a Native,Gold Digger,Nureyev,Pasadoble,トライマイベスト,Mill Princess,Blakeney,The Dancer,Damascus,Hour of Parting,What a Pleasure,Luquillo,Naskra,College Bold,Pretense,Forward March
202605010210,1,芝,1400,良,3勝クラス,レイデオロ,ダイワベスパー,キングカメハメハ,ラドラーダ,ダイワメジャー,ダイワリプルス,Kingmambo,マンファス,シンボリクリスエス,レディブロンド,サンデーサイレンス,スカーレットブーケ,Gone West,Silken Ripples,Mr. Prospector,Miesque,ラストタイクーン,Pilot Bird,Kris S.,Tee Kay,Seeking the Gold,ウインドインハーヘア,Halo,Wishing Well,ノーザンテースト,スカーレットインク,Mr. Prospector,Secrettame,Roberto,Minnetonka,Raise a Native,Gold Digger,Nureyev,Pasadoble,トライマイベスト,Mill Princess,Blakeney,The Dancer,Roberto,Sharp Queen,Gold Meridian,Tri Argo,Mr. Prospector,Con Game,Alzao,Burghclere,Hail to Reason,Cosmah,Understanding,Mountain Flower,Northern Dancer,Lady Victoria,Crimson Satan,Consentida,Raise a Native,Gold Digger,Secretariat,Tamerett,Hail to Reason,Bramalea,Chieftain,Heliolight
202605010210,2,芝,1400,良,3勝クラス,モーリス,アイリッシュシー,スクリーンヒーロー,メジロフランシス,Galileo,Fire Lily,グラスワンダー,ランニングヒロイン,カーネギー,メジロモントレー,Sadler's Wells,Urban Sea,Dansili,Beauty Is Truth,Silver Hawk,Ameriflora,サンデーサイレンス,ダイナアクトレス,Sadler's Wells,Detroit,モガミ,メジロクインシー,Northern Dancer,Fairy Bridge,Miswaki,Allegretta,デインヒル,Hasili,Pivotal,Zelding,Roberto,Gris Vitesse,Danzig,Graceful Touch,Halo,Wishing Well,ノーザンテースト,モデルスポート,Northern Dancer,Fairy Bridge,Riverman,Derna,Lyphard,ノーラック,フィディオン,メジロボサツ,Nearctic,Natalma,Bold Reason,Special,Mr. Prospector,Hopespringseternal,Lombard,Anatevka,Danzig,Razyana,Kahyasi,Kerali,Polar Falcon,Fearless Revival,ウォーニング,Zelda
202605010210,3,芝,1400,良,3勝クラス,ミッキーアイル,スイートミーティア,ディープインパクト,スターアイル,ルーラーシップ,ホワイトミーティア,サンデーサイレンス,ウインドインハーヘア,ロックオブジブラルタル,アイルドフランス,キングカメハメハ,エアグルーヴ,ゼンノロブロイ,ガヴィオラ,Halo,Wishing Well,Alzao,Burghclere,デインヒル,Offshore Boom,Nureyev,ステラマドリッド,Kingmambo,マンファス,トニービン,ダイナカール,サンデーサイレンス,ローミンレイチェル,Cozzene,Forest Key,Hail to Reason,Cosmah,Understanding,Mountain Flower,Lyphard,Lady Rebecca,Busted,Highclere,Danzig,Razyana,Be My Guest,Push a Button,Northern Dancer,Special,Alydar,My Juliet,Mr. Prospector,Miesque,ラストタイクーン,Pilot Bird,カンパラ,Severn Bridge,ノーザンテースト,シャダイフェザー,Halo,Wishing Well,マイニング,One Smart Lady,Caro,Ride the Trails,Green Forest,Lady Ann's Key
202605010210,4,芝,1400,良,3勝クラス,ロードカナロア,スマートレイアー,キングカメハメハ,レディブラッサム,ディープインパクト,スノースタイル,Kingmambo,マンファス,Storm Cat,サラトガデュー,サンデーサイレンス,ウインドインハーヘア,ホワイトマズル,シャルムダンサー,Mr. Prospector,Miesque,ラストタイクーン,Pilot Bird,Storm Bird,Terlingua,Cormorant,Super Luna,Halo,Wishing Well,Alzao,Burghclere,ダンシングブレーヴ,Fair of the Furze,グルームダンサー,ダムスペクタキュラー,Raise a Native,Gold Digger,Nureyev,Pasadoble,トライマイベスト,Mill Princess,Blakeney,The Dancer,Northern Dancer,South Ocean,Secretariat,Crimson Saint,His Majesty,Song Sparrow,In Reality,Alada,Hail to Reason,Cosmah,Understanding,Mountain Flower,Lyphard,Lady Rebecca,Busted,Highclere,Lyphard,Navajo Princess,Ela-Mana-Mou,Autocratic,Blushing Groom,Featherhill,Spectacular Bid,Damascening
202605010210,5,芝,1400,良,3勝クラス,ビッグアーサー,パレード,サクラバクシンオー,シヤボナ,ディープインパクト,ハニーローズ,サクラユタカオー,サクラハゴロモ,Kingmambo,Relish,サンデーサイレンス,ウインドインハーヘア,Lode,Honey Honey,テスコボーイ,アンジェリカ,ノーザンテースト,クリアアンバー,Mr. Prospector,Miesque,Sadler's Wells,Reloy,Halo,Wishing Well,Alzao,Burghclere,Mr. Prospector,Grand Luxe,Strawberry Road,Blessings,Princely Gift,Suncourt,ネヴァービート,スターハイネス,Northern Dancer,Lady Victoria,Ambiopoise,One Clear Call,Raise a Native,Gold Digger,Nureyev,Pasadoble,Northern Dancer,Fairy Bridge,Liloy,Rescousse,Hail to Reason,Cosmah,Understanding,Mountain Flower,Lyphard,Lady Rebecca,Busted,Highclere,Raise a Native,Gold Digger,Sir Ivor,Fanfreluche,Whiskey Road,Giftisa,フロリバンダ,マラベル
202605010210,6,芝,1400,良,3勝クラス,キズナ,ウアジェト,ディープインパクト,キャットクイル,シンボリクリスエス,リーチトゥピース,サンデーサイレンス,ウインドインハーヘア,Storm Cat,Pacific Princess,Kris S.,Tee Kay,Mud Route,Waki Betty,Halo,Wishing Well,Alzao,Burghclere,Storm Bird,Terlingua,Damascus,Fiji,Roberto,Sharp Queen,Gold Meridian,Tri Argo,Strawberry Road,Our Suzette,Miswaki,Auntie Betty,Hail to Reason,Cosmah,Understanding,Mountain Flower,Lyphard,Lady Rebecca,Busted,Highclere,Northern Dancer,South Ocean,Secretariat,Crimson Saint,Sword Dancer,Kerala,Acropolis,Rififi,Hail to Reason,Bramalea,Princequillo,Bridgework,Seattle Slew,Queen Louie,Tri Jet,Hail Proudly,Whiskey Road,Giftisa,Sunny's Halo,Lorgnette,Mr. Prospector,Hopespringseternal,Faraway Son,Manchester Miss
202605010210,7,芝,1400,良,3勝クラス,バンドワゴン,ハッピーオーキッド,ホワイトマズル,ピラミマ,ルーラーシップ,ハッピーラン,ダンシングブレーヴ,Fair of the Furze,Unbridled's Song,キャリアコレクション,キングカメハメハ,エアグルーヴ,フレンチデピュティ,カタリスト,Lyphard,Navajo Princess,Ela-Mana-Mou,Autocratic,Unbridled,Trolley Song,General Meeting,River of Stars,Kingmambo,マンファス,トニービン,ダイナカール,Deputy Minister,Mitterand,Sadler's Wells,Welsh Love,Northern Dancer,Goofed,Drone,Olmec,ピットカーン,Rose Bertin,Tyrant,Flight Table,Fappiano,Gana Facil,Caro,Lucky Spell,Seattle Slew,Alydar's Promise,Riverman,Star Fortune,Mr. Prospector,Miesque,ラストタイクーン,Pilot Bird,カンパラ,Severn Bridge,ノーザンテースト,シャダイフェザー,Vice Regent,Mint Copy,Hold Your Peace,Laredo Lass,Northern Dancer,Fairy Bridge,Ela-Mana-Mou,Welsh Flame
202605010210,8,芝,1400,良,3勝クラス,ミッキーアイル,ラカリフォルニー,ディープインパクト,スターアイル,Dutch Art,Secret History,サンデーサイレンス,ウインドインハーヘア,ロックオブジブラルタル,アイルドフランス,Medicean,Halland Park Lass,Bahri,Ravnina,Halo,Wishing Well,Alzao,Burghclere,デインヒル,Offshore Boom,Nureyev,ステラマドリッド,Machiavellian,Mystic Goddess,Spectrum,Palacegate Episode,Riverman,Wasnah,Nureyev,レイクヴァレー,Hail to Reason,Cosmah,Understanding,Mountain Flower,Lyphard,Lady Rebecca,Busted,Highclere,Danzig,Razyana,Be My Guest,Push a Button,Northern Dancer,Special,Alydar,My Juliet,Mr. Prospector,Coup de Folie,Storm Bird,Rose Goddess,Rainbow Quest,River Dancer,Drumalis,Pasadena Lady,Never Bend,River Lady,Nijinsky,Highest Trump,Northern Dancer,Special,Mr. Prospector,La Vue
202605010210,9,芝,1400,良,3勝クラス,モーリス,パンデイア,スクリーンヒーロー,メジロフランシス,ディープインパクト,ムーンライトダンス,グラスワンダー,ランニングヒロイン,カーネギー,メジロモントレー,サンデーサイレンス,ウインドインハーヘア,Sinndar,Style of Life,Silver Hawk,Ameriflora,サンデーサイレンス,ダイナアクトレス,Sadler's Wells,Detroit,モガミ,メジロクインシー,Halo,Wishing Well,Alzao,Burghclere,Grand Lodge,Sinntara,The Minstrel,Bubinka,Roberto,Gris Vitesse,Danzig,Graceful Touch,Halo,Wishing Well,ノーザンテースト,モデルスポート,Northern Dancer,Fairy Bridge,Riverman,Derna,Lyphard,ノーラック,フィディオン,メジロボサツ,Hail to Reason,Cosmah,Understanding,Mountain Flower,Lyphard,Lady Rebecca,Busted,Highclere,Chief's Crown,La Papagena,Lashkari,Sidama,Northern Dancer,Fleur,Nashua,Stolen Date
202605010210,10,芝,1400,良,3勝クラス,Frankel,ミッドサマーフェア,Galileo,Kind,タニノギムレット,ストロベリーフェア,Sadler's Wells,Urban Sea,デインヒル,Rainbow Lake,ブライアンズタイム,タニノクリスタル,Kingmambo,ストームソング,Northern Dancer,Fairy Bridge,Miswaki,Allegretta,Danzig,Razyana,Rainbow Quest,Rockfest,Roberto,Kelley's Day,クリスタルパレス,タニノシーバード,Mr. Prospector,Miesque,Summer Squall,Hum Along,Nearctic,Natalma,Bold Reason,Special,Mr. Prospector,Hopespringseternal,Lombard,Anatevka,Northern Dancer,Pas de Nom,His Majesty,Spring Adieu,Blushing Groom,I Will Follow,Stage Door Johnny,Rock Garden,Hail to Reason,Bramalea,Graustark,Golden Trail,Caro,Hermieres,Sea-Bird,Flaxen,Raise a Native,Gold Digger,Nureyev,Pasadoble,Storm Bird,Weekend Surprise,Fappiano,Minstress
202605010210,11,芝,1400,良,3勝クラス,モーリス,ボージェスト,スクリーンヒーロー,メジロフランシス,キングカメハメハ,アドマイヤグルーヴ,グラスワンダー,ランニングヒロイン,カーネギー,メジロモントレー,Kingmambo,マンファス,サンデーサイレンス,エアグルーヴ,Silver Hawk,Ameriflora,サンデーサイレンス,ダイナアクトレス,Sadler's Wells,Detroit,モガミ,メジロクインシー,Mr. Prospector,Miesque,ラストタイクーン,Pilot Bird,Halo,Wishing Well,トニービン,ダイナカール,Roberto,Gris Vitesse,Danzig,Graceful Touch,Halo,Wishing Well,ノーザンテースト,モデルスポート,Northern Dancer,Fairy Bridge,Riverman,Derna,Lyphard,ノーラック,フィディオン,メジロボサツ,Raise a Native,Gold Digger,Nureyev,Pasadoble,トライマイベスト,Mill Princess,Blakeney,The Dancer,Hail to Reason,Cosmah,Understanding,Mountain Flower,カンパラ,Severn Bridge,ノーザンテースト,シャダイフェザー
202605010210,12,芝,1400,良,3勝クラス,ハービンジャー,サプルマインド,Dansili,Penang Pearl,ディープインパクト,シリアスアティテュード,デインヒル,Hasili,Bering,Guapa,サンデーサイレンス,ウインドインハーヘア,Mtoto,ザミリア,Danzig,Razyana,Kahyasi,Kerali,Arctic Tern,Beaune,Shareef Dancer,Sauceboat,Halo,Wishing Well,Alzao,Burghclere,Busted,Amazer,Cape Cross,Angelic Sounds,Northern Dancer,Pas de Nom,His Majesty,Spring Adieu,イルドブルボン,Kadissya,High Line,Sookera,Sea-Bird,Bubbling Beauty,Lyphard,Barbra,Northern Dancer,Sweet Alliance,Connaught,Cranberry Sauce,Hail to Reason,Cosmah,Understanding,Mountain Flower,Lyphard,Lady Rebecca,Busted,Highclere,Crepello,Sans le Sou,ミンシオ,Alzara,Green Desert,Park Appeal,The Noble Player,Twany Angel
202605010210,13,芝,1400,良,3勝クラス,ダノンバラード,メイショウアサツユ,ディープインパクト,レディバラード,タイキシャトル,アッファビリティー,サンデーサイレンス,ウインドインハーヘア,Unbridled,Angelic Song,Devil's Bag,ウェルシュマフィン,Unbridled,Galletto,Halo,Wishing Well,Alzao,Burghclere,Fappiano,Gana Facil,Halo,Ballade,Halo,Ballade,Caerleon,Muffitys,Fappiano,Gana Facil,Nijinsky,Gaia,Hail to Reason,Cosmah,Understanding,Mountain Flower,Lyphard,Lady Rebecca,Busted,Highclere,Mr. Prospector,Killaloe,Le Fabuleux,Charedi,Hail to Reason,Cosmah,Herbager,Miss Swapsco,Hail to Reason,Cosmah,Herbager,Miss Swapsco,Nijinsky,Foreseer,Thatch,Contrail,Mr. Prospector,Killaloe,Le Fabuleux,Charedi,Northern Dancer,Flaming Page,Charlottesville,Ghana
202605010210,14,芝,1400,良,3勝クラス,スニッツェル,River Serenade,Redoute's Choice,Snippets' Lass,Hurricane Sky,Ride The Rapids,デインヒル,Shantha's Choice,Snippets,Snow Finch,Star Watch,Dancing Show,River Rough,Kilmarie,Danzig,Razyana,Canny Lad,Dancing Show,Lunchtime,Easy Date,Storm Bird,A Realgirl,Bletchingly,Light Of Peace,Nijinsky,Show Lady,Brigand,Romantic Glory,Bletchingly,Sheeaun,Northern Dancer,Pas de Nom,His Majesty,Spring Adieu,Bletchingly,Jesmond Lass,Nijinsky,Show Lady,Silly Season,Great Occasion,Grand Chaudiere,Scampering,Northern Dancer,South Ocean,In Reality,Secret Verdict,Biscay,Coogee,Light Wind,Flag Of Peace,Northern Dancer,Flaming Page,Sir Ivor,Best in Show,Noholme,Lady Sybil,Romantic,Snow Glory,Biscay,Coogee,Continuation,Sliprullah
202605010210,15,芝,1400,良,3勝クラス,エピファネイア,マルケサ,シンボリクリスエス,シーザリオ,Kingmambo,Dietrich,Kris S.,Tee Kay,スペシャルウィーク,キロフプリミエール,Mr. Prospector,Miesque,Storm Cat,Piquetnol,Roberto,Sharp Queen,Gold Meridian,Tri Argo,サンデーサイレンス,キャンペンガール,Sadler's Wells,Querida,Raise a Native,Gold Digger,Nureyev,Pasadoble,Storm Bird,Terlingua,Private Account,Aviance,Hail to Reason,Bramalea,Princequillo,Bridgework,Seattle Slew,Queen Louie,Tri Jet,Hail Proudly,Halo,Wishing Well,マルゼンスキー,レディーシラオキ,Northern Dancer,Fairy Bridge,Habitat,Principia,Native Dancer,Raise You,Nashua,Sequence,Northern Dancer,Special,Prove Out,Santa Quilla,Northern Dancer,South Ocean,Secretariat,Crimson Saint,Damascus,Numbered Account,Northfields,Minnie Hauk
202605010211,1,ダート,1400,良,オープン,ロードカナロア,オーシュペール,キングカメハメハ,レディブラッサム,ダイワメジャー,レディマーメイド,Kingmambo,マンファス,Storm Cat,サラトガデュー,サンデーサイレンス,スカーレットブーケ,Fusaichi Pegasus,Mother of Pearl,Mr. Prospector,Miesque,ラストタイクーン,Pilot Bird,Storm Bird,Terlingua,Cormorant,Super Luna,Halo,Wishing Well,ノーザンテースト,スカーレットインク,Mr. Prospector,Angel Fever,Sadler's Wells,Sisania,Raise a Native,Gold Digger,Nureyev,Pasadoble,トライマイベスト,Mill Princess,Blakeney,The Dancer,Northern Dancer,South Ocean,Secretariat,Crimson Saint,His Majesty,Song Sparrow,In Reality,Alada,Hail to Reason,Cosmah,Understanding,Mountain Flower,Northern Dancer,Lady Victoria,Crimson Satan,Consentida,Raise a Native,Gold Digger,Danzig,Rowdy Angel,Northern Dancer,Fairy Bridge,High Top,Targos Delight
202605010211,2,ダート,1400,良,オープン,イスラボニータ,ディアコメット,フジキセキ,イスラコジーン,キングカメハメハ,サムタイム,サンデーサイレンス,ミルレーサー,Cozzene,Isla Mujeres,Kingmambo,マンファス,ブライアンズタイム,アコニットローマン,Halo,Wishing Well,Le Fabuleux,Marston's Mill,Caro,Ride the Trails,Crafty Prospector,Lido Isle,Mr. Prospector,Miesque,ラストタイクーン,Pilot Bird,Roberto,Kelley's Day,ブレイヴェストローマン,カミモリレディー,Hail to Reason,Cosmah,Understanding,Mountain Flower,Wild Risk,Anguar,In Reality,Millicent,フォルティノ,Chambord,Prince John,Wildwook,Mr. Prospector,Real Crafty Lady,Far North,She Is Gorgeous,Raise a Native,Gold Digger,Nureyev,Pasadoble,トライマイベスト,Mill Princess,Blakeney,The Dancer,Hail to Reason,Bramalea,Graustark,Golden Trail,Never Bend,Roman Song,ネプテューヌス,カミモリダイテン
202605010211,3,ダート,1400,良,オープン,Into Mischief,オリーズキャンディ,Harlan's Holiday,Leslie's Lady,Candy Ride,Afternoon Stroll,Harlan,Christmas in Aiken,Tricky Creek,Crystal Lady,Ride the Rails,Candy Girl,Stroll,Gertie,Storm Cat,Country Romance,Affirmed,Dowager,Clever Trick,Battle Creek Girl,Stop the Music,One Last Bird,Cryptoclearance,Herbalesian,Candy Stripes,City Girl,Pulpit,Maid for Walking,Danzatore,Granny Ruth,Storm Bird,Terlingua,Halo,Sweet Romance,Exclusive Native,Won't Tell You,Honest Pleasure,Princessnesian,Icecapade,Kankakee Miss,His Majesty,Far Beyond,Hail to Reason,Bebopper,One for All,Last Bird,Fappiano,Naval Orange,Herbager,Alanesian,Blushing Groom,バブルカンパニー,Farnesio,Cithara,A.P. Indy,Preach,Prince Sabo,Stinging Nettle,Northern Dancer,Shake a Leg,Key to the Mint,Best of My Love
202605010211,4,ダート,1400,良,オープン,ロゴタイプ,スタートアップ,ローエングリン,ステレオタイプ,ハービンジャー,アスタラビクトリア,シングスピール,カーリング,サンデーサイレンス,スターバレリーナ,Dansili,Penang Pearl,ネオユニヴァース,ホワイトウォーターアフェア,In the Wings,Glorious Song,Garde Royale,Corraleja,Halo,Wishing Well,Risen Star,ベリアーニ,デインヒル,Hasili,Bering,Guapa,サンデーサイレンス,ポインテッドパス,Machiavellian,Much Too Risky,Sadler's Wells,High Hawk,Halo,Ballade,Mill Reef,Royal Way,Carvin,Darling Dale,Hail to Reason,Cosmah,Understanding,Mountain Flower,Secretariat,Ribbon,Nureyev,Eleven Pleasures,Danzig,Razyana,Kahyasi,Kerali,Arctic Tern,Beaune,Shareef Dancer,Sauceboat,Halo,Wishing Well,Kris,Silken Way,Mr. Prospector,Coup de Folie,Bustino,Short Rations
202605010211,5,ダート,1400,良,オープン,マインドユアビスケッツ,フィルムフランセ,Posse,Jazzmane,シンボリクリスエス,フレンチノワール,Silver Deputy,Raska,Toccet,Alljazz,Kris S.,Tee Kay,フレンチデピュティ,パープルホワイト,Deputy Minister,Silver Valley,Rahy,Borishka,Awesome Again,Cozzene's Angel,Stop the Music,Bounteous,Roberto,Sharp Queen,Gold Meridian,Tri Argo,Deputy Minister,Mitterand,フジキセキ,カノープス,Vice Regent,Mint Copy,Mr. Prospector,Seven Valleys,Blushing Groom,Glorious Song,Roberto,Queen Maud,Deputy Minister,Primal Force,Cozzene,Charming Pan,Hail to Reason,Bebopper,Master Derby,Mlle. Quille,Hail to Reason,Bramalea,Princequillo,Bridgework,Seattle Slew,Queen Louie,Tri Jet,Hail Proudly,Vice Regent,Mint Copy,Hold Your Peace,Laredo Lass,サンデーサイレンス,ミルレーサー,Theatrical,Heather Bee
202605010211,6,ダート,1400,良,オープン,ロードカナロア,カラズマッチポイント,キングカメハメハ,レディブラッサム,Curlin,Home Court,Kingmambo,マンファス,Storm Cat,サラトガデュー,Smart Strike,Sherriff's Deputy,Storm Cat,Jewel Princess,Mr. Prospector,Miesque,ラストタイクーン,Pilot Bird,Storm Bird,Terlingua,Cormorant,Super Luna,Mr. Prospector,Classy'n Smart,Deputy Minister,Barbarika,Storm Bird,Terlingua,Key to the Mint,Jewell Ridge,Raise a Native,Gold Digger,Nureyev,Pasadoble,トライマイベスト,Mill Princess,Blakeney,The Dancer,Northern Dancer,South Ocean,Secretariat,Crimson Saint,His Majesty,Song Sparrow,In Reality,Alada,Raise a Native,Gold Digger,Smarten,No Class,Vice Regent,Mint Copy,Bates Motel,War Exchange,Northern Dancer,South Ocean,Secretariat,Crimson Saint,Graustark,Key Bridge,Melyno,Say What You Mean
202605010211,7,ダート,1400,良,オープン,Maclean's Music,Warrior Kat,Distorted Humor,Forest Music,マジェスティックウォリアー,Katina K,フォーティナイナー,Danzig's Beauty,Unbridled's Song,Defer West,A.P. Indy,Dream Supreme,Distinctive Pro,Darlin Momma,Mr. Prospector,File,Danzig,Sweetest Chant,Unbridled,Trolley Song,Gone West,Defer,Seattle Slew,Weekend Surprise,Seeking the Gold,Spinning Round,Mr. Prospector,Well Done,Night Invader,Donna's Darlin,Raise a Native,Gold Digger,Tom Rolfe,Continue,Northern Dancer,Pas de Nom,Mr. Leader,Gay Sonnet,Fappiano,Gana Facil,Caro,Lucky Spell,Mr. Prospector,Secrettame,Damascus,I Pass,Bold Reasoning,My Charmer,Secretariat,Lassie Dear,Mr. Prospector,Con Game,Dixieland Band,Take Heart,Raise a Native,Gold Digger,Distinctive,Fable Effort,Misty Flight,Double Sun,Nehoc's Bullet,Perfect Friday
202605010211,8,ダート,1400,良,オープン,リアルスティール,ユニキャラ,ディープインパクト,ラヴズオンリーミー,Into Mischief,Joke,サンデーサイレンス,ウインドインハーヘア,Storm Cat,Monevassia,Harlan's Holiday,Leslie's Lady,Phone Trick,Tour,Halo,Wishing Well,Alzao,Burghclere,Storm Bird,Terlingua,Mr. Prospector,Miesque,Harlan,Christmas in Aiken,Tricky Creek,Crystal Lady,Clever Trick,Over the Phone,フォーティナイナー,Fun Flight,Hail to Reason,Cosmah,Understanding,Mountain Flower,Lyphard,Lady Rebecca,Busted,Highclere,Northern Dancer,South Ocean,Secretariat,Crimson Saint,Raise a Native,Gold Digger,Nureyev,Pasadoble,Storm Cat,Country Romance,Affirmed,Dowager,Clever Trick,Battle Creek Girl,Stop the Music,One Last Bird,Icecapade,Kankakee Miss,Finnegan,Prattle,Mr. Prospector,File,Full Pocket,Fun and Tears
202605010211,9,ダート,1400,良,オープン,パレスマリス,クイーンズターフ,Curlin,パレスルーマー,ディープインパクト,フラッテローザ,Smart Strike,Sherriff's Deputy,Royal Anthem,Whisperifyoudare,サンデーサイレンス,ウインドインハーヘア,ブライアンズタイム,ファーザ,Mr. Prospector,Classy'n Smart,Deputy Minister,Barbarika,Theatrical,In Neon,Red Ransom,Stellar Affair,Halo,Wishing Well,Alzao,Burghclere,Roberto,Kelley's Day,Mr. Prospector,Baya,Raise a Native,Gold Digger,Smarten,No Class,Vice Regent,Mint Copy,Bates Motel,War Exchange,Nureyev,ツリーオブノレッジ,Ack Ack,Shamara,Roberto,アラビア,Skywalker,Fawn and Hahn,Hail to Reason,Cosmah,Understanding,Mountain Flower,Lyphard,Lady Rebecca,Busted,Highclere,Hail to Reason,Bramalea,Graustark,Golden Trail,Raise a Native,Gold Digger,Nureyev,Barger
202605010211,10,ダート,1400,良,オープン,エピカリス,リンガスウーノ,ゴールドアリュール,スターペスミツコ,サウスヴィグラス,リンガスローレル,サンデーサイレンス,ニキーヤ,カーネギー,マーチンミユキ,エンドスウィープ,ダーケストスター,サクラローレル,リンガスマドンナ,Halo,Wishing Well,Nureyev,Reluctant Guest,Sadler's Wells,Detroit,マルゼンスキー,ミユキカマダ,フォーティナイナー,Broom Dance,Star de Naskra,Minnie Riperton,Rainbow Quest,ローラローラ,トウショウボーイ,ロードマドンナ,Hail to Reason,Cosmah,Understanding,Mountain Flower,Northern Dancer,Special,Hostage,Vaguely Royal,Northern Dancer,Fairy Bridge,Riverman,Derna,Nijinsky,シル,ダイアトム,ヤヨイカマダ,Mr. Prospector,File,Dance Spell,Witching Hour,Naskra,Candle Star,Cornish Prince,English Harbor,Blushing Groom,I Will Follow,Saint Cyrien,Bold Lady,テスコボーイ,ソシアルバターフライ,シルバーシャーク,チヨウセイ
202605010211,11,ダート,1400,良,オープン,ドレフォン,ダイアナヘイロー,Gio Ponti,Eltimaas,キングヘイロー,ヤマカツセイレーン,Tale of the Cat,Chipeta Springs,Ghostzapper,Najecam,ダンシングブレーヴ,グッバイヘイロー,グラスワンダー,ヤマカツサクラ,Storm Cat,Yarn,Alydar,Salt Spring,Awesome Again,Baby Zip,Trempolino,Sue Warner,Lyphard,Navajo Princess,Halo,Pound Foolish,Silver Hawk,Ameriflora,フジキセキ,ローズサッシュ,Storm Bird,Terlingua,Mr. Prospector,Narrate,Raise a Native,Sweet Tooth,Salt Marsh,Jungle Mythologic,Deputy Minister,Primal Force,Relaunch,Thirty Zip,Sharpen Up,Trephine,Forli,Bitty Girl,Northern Dancer,Goofed,Drone,Olmec,Hail to Reason,Cosmah,Sir Ivor,Squander,Roberto,Gris Vitesse,Danzig,Graceful Touch,サンデーサイレンス,ミルレーサー,ドクターデヴィアス,ゴールデンサッシュ
202605010211,12,ダート,1400,良,オープン,リアルスティール,マイティースルー,ディープインパクト,ラヴズオンリーミー,クロフネ,スルーオール,サンデーサイレンス,ウインドインハーヘア,Storm Cat,Monevassia,フレンチデピュティ,ブルーアヴェニュー,Seattle Slew,Over All,Halo,Wishing Well,Alzao,Burghclere,Storm Bird,Terlingua,Mr. Prospector,Miesque,Deputy Minister,Mitterand,Classic Go Go,Eliza Blue,Bold Reasoning,My Charmer,Mr. Prospector,Full Tigress,Hail to Reason,Cosmah,Understanding,Mountain Flower,Lyphard,Lady Rebecca,Busted,Highclere,Northern Dancer,South Ocean,Secretariat,Crimson Saint,Raise a Native,Gold Digger,Nureyev,Pasadoble,Vice Regent,Mint Copy,Hold Your Peace,Laredo Lass,Pago Pago,Classic Perfection,Icecapade,コレラ,Boldnesian,Reason to Earn,Poker,Fair Charmer,Raise a Native,Gold Digger,El Tigre Grande,Miss Fullhouse
202605010211,13,ダート,1400,良,オープン,マジェスティックウォリアー,ダイオプサイド,A.P. Indy,Dream Supreme,フジキセキ,ミリオンベル,Seattle Slew,Weekend Surprise,Seeking the Gold,Spinning Round,サンデーサイレンス,ミルレーサー,フォーティナイナー,ミナミノバレッツ,Bold Reasoning,My Charmer,Secretariat,Lassie Dear,Mr. Prospector,Con Game,Dixieland Band,Take Heart,Halo,Wishing Well,Le Fabuleux,Marston's Mill,Mr. Prospector,File,Easy Goer,Ivory Wings,Boldnesian,Reason to Earn,Poker,Fair Charmer,Bold Ruler,Somethingroyal,Buckpasser,Gay Missile,Raise a Native,Gold Digger,Buckpasser,Broadway,Northern Dancer,Mississippi Mud,Secretariat,Deck Stewardess,Hail to Reason,Cosmah,Understanding,Mountain Flower,Wild Risk,Anguar,In Reality,Millicent,Raise a Native,Gold Digger,Tom Rolfe,Continue,Alydar,Relaxing,Sir Ivor,Kittiwake
202605010211,14,ダート,1400,良,オープン,カジノドライヴ,プレシャスエルフ,Mineshaft,Better Than Honour,コロナドズクエスト,プレシャスフラワー,A.P. Indy,Prospectors Delite,Deputy Minister,Blush With Pride,フォーティナイナー,Laughing Look,サンデーサイレンス,プレシャスキール,Seattle Slew,Weekend Surprise,Mr. Prospector,Up the Flagpole,Vice Regent,Mint Copy,Blushing Groom,Best in Show,Mr. Prospector,File,Damascus,Laughter,Halo,Wishing Well,ノーザンテースト,マルゼンキール,Bold Reasoning,My Charmer,Secretariat,Lassie Dear,Raise a Native,Gold Digger,Hoist the Flag,The Garden Club,Northern Dancer,Victoria Regina,Bunty's Flight,Shakney,Red God,Runaway Bride,Traffic Judge,Stolen Hour,Raise a Native,Gold Digger,Tom Rolfe,Continue,Sword Dancer,Kerala,Bold Ruler,Shenanigans,Hail to Reason,Cosmah,Understanding,Mountain Flower,Northern Dancer,Lady Victoria,ボールドラツド,シル
202605010211,15,ダート,1400,良,オープン,キズナ,ドバウィディエティ,ディープインパクト,キャットクイル,Dubawi,Tanfidh,サンデーサイレンス,ウインドインハーヘア,Storm Cat,Pacific Princess,Dubai Millennium,Zomaradah,Marju,Wijdan,Halo,Wishing Well,Alzao,Burghclere,Storm Bird,Terlingua,Damascus,Fiji,Seeking the Gold,Colorado Dancer,Deploy,Jawaher,ラストタイクーン,Flame of Tara,Mr. Prospector,Height of Fashion,Hail to Reason,Cosmah,Understanding,Mountain Flower,Lyphard,Lady Rebecca,Busted,Highclere,Northern Dancer,South Ocean,Secretariat,Crimson Saint,Sword Dancer,Kerala,Acropolis,Rififi,Mr. Prospector,Con Game,Shareef Dancer,Fall Aspen,Shirley Heights,Slightly Dangerous,ダンシングブレーヴ,High Tern,トライマイベスト,Mill Princess,アーテイアス,Welsh Flame,Raise a Native,Gold Digger,Bustino,Highclere
202605010211,16,ダート,1400,良,オープン,エスポワールシチー,アルヴェナ,ゴールドアリュール,エミネントシチー,Seeking the Gold,Willow Bunch,サンデーサイレンス,ニキーヤ,ブライアンズタイム,ヘップバーンシチー,Mr. Prospector,Con Game,Affirmed,Golden Mirage,Halo,Wishing Well,Nureyev,Reluctant Guest,Roberto,Kelley's Day,ブレイヴェストローマン,コンパルシチー,Raise a Native,Gold Digger,Buckpasser,Broadway,Exclusive Native,Won't Tell You,Green Desert,Please Widd,Hail to Reason,Cosmah,Understanding,Mountain Flower,Northern Dancer,Special,Hostage,Vaguely Royal,Hail to Reason,Bramalea,Graustark,Golden Trail,Never Bend,Roman Song,トラフィック,リンネス,Native Dancer,Raise You,Nashua,Sequence,Tom Fool,Busanda,Hasty Road,Flitabout,Raise a Native,Exclusive,Crafty Admiral,Scarlet Ribbon,Danzig,Foreign Courier,Thatching,Gold Piece
202605010212,1,芝,1800,良,未勝利,キズナ,リリーノーブル,ディープインパクト,キャットクイル,ルーラーシップ,ピュアチャプレット,サンデーサイレンス,ウインドインハーヘア,Storm Cat,Pacific Princess,キングカメハメハ,エアグルーヴ,クロフネ,バプティスタ,Halo,Wishing Well,Alzao,Burghclere,Storm Bird,Terlingua,Damascus,Fiji,Kingmambo,マンファス,トニービン,ダイナカール,フレンチデピュティ,ブルーアヴェニュー,サンデーサイレンス,ビーバップ,Hail to Reason,Cosmah,Understanding,Mountain Flower,Lyphard,Lady Rebecca,Busted,Highclere,Northern Dancer,South Ocean,Secretariat,Crimson Saint,Sword Dancer,Kerala,Acropolis,Rififi,Mr. Prospector,Miesque,ラストタイクーン,Pilot Bird,カンパラ,Severn Bridge,ノーザンテースト,シャダイフェザー,Deputy Minister,Mitterand,Classic Go Go,Eliza Blue,Halo,Wishing Well,アンバーシャダイ,ビバールクイン
202605010212,2,芝,1800,良,未勝利,ダノンバラード,オーサムボス,ディープインパクト,レディバラード,Street Boss,Caftan,サンデーサイレンス,ウインドインハーヘア,Unbridled,Angelic Song,Street Cry,Blushing Ogygian,Awesome Again,Jilbab,Halo,Wishing Well,Alzao,Burghclere,Fappiano,Gana Facil,Halo,Ballade,Machiavellian,Helen Street,オジジアン,Fruhlingshochzeit,Deputy Minister,Primal Force,A.P. Indy,Headline,Hail to Reason,Cosmah,Understanding,Mountain Flower,Lyphard,Lady Rebecca,Busted,Highclere,Mr. Prospector,Killaloe,Le Fabuleux,Charedi,Hail to Reason,Cosmah,Herbager,Miss Swapsco,Mr. Prospector,Coup de Folie,Troy,Waterway,Damascus,Gonfalon,Blushing Groom,Fruhlingstag,Vice Regent,Mint Copy,Blushing Groom,Prime Prospect,Seattle Slew,Weekend Surprise,Machiavellian,Priceless Fame
202605010212,3,芝,1800,良,未勝利,ハービンジャー,セウアズール,Dansili,Penang Pearl,ディープインパクト,シャピーラ,デインヒル,Hasili,Bering,Guapa,サンデーサイレンス,ウインドインハーヘア,Kornado,Semplice,Danzig,Razyana,Kahyasi,Kerali,Arctic Tern,Beaune,Shareef Dancer,Sauceboat,Halo,Wishing Well,Alzao,Burghclere,Superlative,K-Sera,Common Grounds,Sarah Siddons,Northern Dancer,Pas de Nom,His Majesty,Spring Adieu,イルドブルボン,Kadissya,High Line,Sookera,Sea-Bird,Bubbling Beauty,Lyphard,Barbra,Northern Dancer,Sweet Alliance,Connaught,Cranberry Sauce,Hail to Reason,Cosmah,Understanding,Mountain Flower,Lyphard,Lady Rebecca,Busted,Highclere,Nebbiolo,Clariden,Lord Gayle,Deirdre,Kris,Sweetly,Reform,Stardom
202605010212,4,芝,1800,良,未勝利,ブリックスアンドモルタル,イタリアンホワイト,Giant's Causeway,Beyond the Waves,ステイゴールド,リリウム,Storm Cat,Mariah's Storm,Ocean Crest,Excedent,サンデーサイレンス,ゴールデンサッシュ,クロフネ,ベゴニア,Storm Bird,Terlingua,Rahy,イメンス,Storm Bird,S.S.Aroma,Exceller,Broadway Lullaby,Halo,Wishing Well,ディクタス,ダイナサッシュ,フレンチデピュティ,ブルーアヴェニュー,Plugged Nickle,Dahlia,Northern Dancer,South Ocean,Secretariat,Crimson Saint,Blushing Groom,Glorious Song,Roberto,Imsodear,Northern Dancer,South Ocean,Seattle Slew,Rare Bouquet,Vaguely Noble,Too Bald,Stage Door Johnny,リットルブレツシング,Hail to Reason,Cosmah,Understanding,Mountain Flower,Sanctus,Doronic,ノーザンテースト,ロイヤルサッシュ,Deputy Minister,Mitterand,Classic Go Go,Eliza Blue,Key to the Mint,Toll Booth,Vaguely Noble,Charming Alibi
202605010212,5,芝,1800,良,未勝利,ルヴァンスレーヴ,ダンスウィズキトゥン,シンボリクリスエス,マエストラーレ,Kitten's Joy,Madame Du Lac,Kris S.,Tee Kay,ネオユニヴァース,オータムブリーズ,El Prado,Kitten's First,Lemon Drop Kid,Geisha Girl,Roberto,Sharp Queen,Gold Meridian,Tri Argo,サンデーサイレンス,ポインテッドパス,ティンバーカントリー,セプテンバーソング,Sadler's Wells,Lady Capulet,Lear Fan,That's My Hon,Kingmambo,Charming Lassie,Nashwan,Miznah,Hail to Reason,Bramalea,Princequillo,Bridgework,Seattle Slew,Queen Louie,Tri Jet,Hail Proudly,Halo,Wishing Well,Kris,Silken Way,Woodman,Fall Aspen,リアルシャダイ,ダイナフェアリー,Northern Dancer,Fairy Bridge,Sir Ivor,Cap and Bells,Roberto,Wac,L'Enjoleur,One Lane,Mr. Prospector,Miesque,Seattle Slew,Lassie Dear,Blushing Groom,Height of Fashion,Sadler's Wells,La Dame Du Lac
202605010212,6,芝,1800,良,未勝利,コントレイル,フォローアドリーム,ディープインパクト,ロードクロサイト,Giant's Causeway,Dream of Summer,サンデーサイレンス,ウインドインハーヘア,Unbridled's Song,Folklore,Storm Cat,Mariah's Storm,Siberian Summer,Mary's Dream,Halo,Wishing Well,Alzao,Burghclere,Unbridled,Trolley Song,Tiznow,Contrive,Storm Bird,Terlingua,Rahy,イメンス,Siberian Express,Mia Karina,Skywalker,Proper Mary,Hail to Reason,Cosmah,Understanding,Mountain Flower,Lyphard,Lady Rebecca,Busted,Highclere,Fappiano,Gana Facil,Caro,Lucky Spell,Cee's Tizzy,Cee's Song,Storm Cat,Jeano,Northern Dancer,South Ocean,Secretariat,Crimson Saint,Blushing Groom,Glorious Song,Roberto,Imsodear,Caro,Indian Call,Icecapade,Basin,Relaunch,Bold Captive,Properantes,My Mary
202605010212,7,芝,1800,良,未勝利,リアルスティール,ノリミ,ディープインパクト,ラヴズオンリーミー,サマーバード,フローラルホーム,サンデーサイレンス,ウインドインハーヘア,Storm Cat,Monevassia,Birdstone,Hong Kong Squall,ケイムホーム,タイキフローラ,Halo,Wishing Well,Alzao,Burghclere,Storm Bird,Terlingua,Mr. Prospector,Miesque,Grindstone,Dear Birdie,Summer Squall,Hong Kong Jade,Gone West,Nice Assay,タイキシャトル,マリエドゥジュワン,Hail to Reason,Cosmah,Understanding,Mountain Flower,Lyphard,Lady Rebecca,Busted,Highclere,Northern Dancer,South Ocean,Secretariat,Crimson Saint,Raise a Native,Gold Digger,Nureyev,Pasadoble,Unbridled,Buzz My Bell,Storm Bird,Hush Dear,Storm Bird,Weekend Surprise,Alysheba,Ruby Slippers,Mr. Prospector,Secrettame,Clever Trick,インフルヴユー,Devil's Bag,ウェルシュマフィン,General Assembly,ロイコン
202605010212,8,芝,1800,良,未勝利,アメリカンペイトリオット,クモリナキマナコ,War Front,Life Well Lived,エピファネイア,クィーンズトレイル,Danzig,Starry Dreamer,Tiznow,Well Dressed,シンボリクリスエス,シーザリオ,ディープインパクト,ヴェイパートレイル,Northern Dancer,Pas de Nom,Rubiano,Lara's Star,Cee's Tizzy,Cee's Song,Notebook,Trithenia,Kris S.,Tee Kay,スペシャルウィーク,キロフプリミエール,サンデーサイレンス,ウインドインハーヘア,カーネギー,ハッピートレイルズ,Nearctic,Natalma,Admiral's Voyage,Petitioner,Fappiano,Ruby Slippers,Forli,True Reality,Relaunch,テイズリー,Seattle Song,Lonely Dancer,Well Decorated,Mobcap,Gold Meridian,Tri Argo,Roberto,Sharp Queen,Gold Meridian,Tri Argo,サンデーサイレンス,キャンペンガール,Sadler's Wells,Querida,Halo,Wishing Well,Alzao,Burghclere,Sadler's Wells,Detroit,ポツセ,ロイコン
202605010212,9,芝,1800,良,未勝利,ダノンプレミアム,ニシノマドカ,ディープインパクト,インディアナギャル,ジャングルポケット,ニシノプロミネンス,サンデーサイレンス,ウインドインハーヘア,Intikhab,Genial Jenny,トニービン,ダンスチャーマー,ブライアンズタイム,ブランドノーブル,Halo,Wishing Well,Alzao,Burghclere,Red Ransom,Crafty Example,デインヒル,Joma Kaanem,カンパラ,Severn Bridge,Nureyev,Skillful Joy,Roberto,Kelley's Day,シェルシュールドール,ニシノマッサリア,Hail to Reason,Cosmah,Understanding,Mountain Flower,Lyphard,Lady Rebecca,Busted,Highclere,Roberto,アラビア,Crafty Prospector,Zienelle,Danzig,Razyana,Double Form,Ash Lawn,Kalamoun,State Pension,Hornbeam,Priddy Fair,Northern Dancer,Special,Nodouble,Skillful Miss,Hail to Reason,Bramalea,Graustark,Golden Trail,Northern Dancer,Gold River,マグニテュード,エリシヤ
202605010212,10,芝,1800,良,未勝利,レイデオロ,レッドエレノア,キングカメハメハ,ラドラーダ,ハーツクライ,サビアーレ,Kingmambo,マンファス,シンボリクリスエス,レディブロンド,サンデーサイレンス,アイリッシュダンス,Capote,Sakura Fabulous,Mr. Prospector,Miesque,ラストタイクーン,Pilot Bird,Kris S.,Tee Kay,Seeking the Gold,ウインドインハーヘア,Halo,Wishing Well,トニービン,ビューパーダンス,Seattle Slew,Too Bald,Fabulous Dancer,ローラローラ,Raise a Native,Gold Digger,Nureyev,Pasadoble,トライマイベスト,Mill Princess,Blakeney,The Dancer,Roberto,Sharp Queen,Gold Meridian,Tri Argo,Mr. Prospector,Con Game,Alzao,Burghclere,Hail to Reason,Cosmah,Understanding,Mountain Flower,カンパラ,Severn Bridge,Lyphard,My Bupers,Bold Reasoning,My Charmer,Bald Eagle,Hidden Talent,Northern Dancer,Last of the Line,Saint Cyrien,Bold Lady
202605010212,11,芝,1800,良,未勝利,リオンディーズ,ナイアガラモンロー,キングカメハメハ,シーザリオ,アドマイヤムーン,マルハチメイフェア,Kingmambo,マンファス,スペシャルウィーク,キロフプリミエール,エンドスウィープ,マイケイティーズ,ホワイトマズル,ベストウーマン,Mr. Prospector,Miesque,ラストタイクーン,Pilot Bird,サンデーサイレンス,キャンペンガール,Sadler's Wells,Querida,フォーティナイナー,Broom Dance,サンデーサイレンス,ケイティーズファースト,ダンシングブレーヴ,Fair of the Furze,リアルシャダイ,グレースウーマン,Raise a Native,Gold Digger,Nureyev,Pasadoble,トライマイベスト,Mill Princess,Blakeney,The Dancer,Halo,Wishing Well,マルゼンスキー,レディーシラオキ,Northern Dancer,Fairy Bridge,Habitat,Principia,Mr. Prospector,File,Dance Spell,Witching Hour,Halo,Wishing Well,Kris,Katies,Lyphard,Navajo Princess,Ela-Mana-Mou,Autocratic,Roberto,Desert Vixen,マルゼンスキー,ランズプロント
202605010212,12,芝,1800,良,未勝利,ハービンジャー,ヒアーズトウショウ,Dansili,Penang Pearl,フジキセキ,シーイズトウショウ,デインヒル,Hasili,Bering,Guapa,サンデーサイレンス,ミルレーサー,サクラバクシンオー,ジェーントウショウ,Danzig,Razyana,Kahyasi,Kerali,Arctic Tern,Beaune,Shareef Dancer,Sauceboat,Halo,Wishing Well,Le Fabuleux,Marston's Mill,サクラユタカオー,サクラハゴロモ,トウショウフリート,コーニストウショウ,Northern Dancer,Pas de Nom,His Majesty,Spring Adieu,イルドブルボン,Kadissya,High Line,Sookera,Sea-Bird,Bubbling Beauty,Lyphard,Barbra,Northern Dancer,Sweet Alliance,Connaught,Cranberry Sauce,Hail to Reason,Cosmah,Understanding,Mountain Flower,Wild Risk,Anguar,In Reality,Millicent,テスコボーイ,アンジェリカ,ノーザンテースト,クリアアンバー,トウショウペガサス,リバーストウショウ,ダンディルート,ローズトウショウ
202605010212,13,芝,1800,良,未勝利,スクリーンヒーロー,バトーブラン,グラスワンダー,ランニングヒロイン,ゴールドシップ,マイネテレジア,Silver Hawk,Ameriflora,サンデーサイレンス,ダイナアクトレス,ステイゴールド,ポイントフラッグ,ロージズインメイ,マイネヌーヴェル,Roberto,Gris Vitesse,Danzig,Graceful Touch,Halo,Wishing Well,ノーザンテースト,モデルスポート,サンデーサイレンス,ゴールデンサッシュ,メジロマックイーン,パストラリズム,Devil His Due,Tell a Secret,ブライアンズタイム,マイネプリテンダー,Hail to Reason,Bramalea,Amerigo,Matchiche,Northern Dancer,Pas de Nom,His Majesty,Pi Phi Gal,Hail to Reason,Cosmah,Understanding,Mountain Flower,Northern Dancer,Lady Victoria,モデルフール,マジックゴデイス,Halo,Wishing Well,ディクタス,ダイナサッシュ,メジロティターン,メジロオーロラ,プルラリズム,トクノエイティー,Devil's Bag,Plenty O'Toole,Speak John,Secret Retreat,Roberto,Kelley's Day,Zabeel,Giladah
202605010212,14,芝,1800,良,未勝利,ブラックタイド,パワフルラリマー,サンデーサイレンス,ウインドインハーヘア,サクラバクシンオー,ルピナスレイク,Halo,Wishing Well,Alzao,Burghclere,サクラユタカオー,サクラハゴロモ,キンググローリアス,ユメノトビラ,Hail to Reason,Cosmah,Understanding,Mountain Flower,Lyphard,Lady Rebecca,Busted,Highclere,テスコボーイ,アンジェリカ,ノーザンテースト,クリアアンバー,Naevus,Glorious Natalie,ダイナガリバー,ドリーミングウェイ,Turn-to,Nothirdchance,Cosmic Bomb,Almahmoud,Promised Land,Pretty Ways,Montparnasse,Edelweiss,Northern Dancer,Goofed,Sir Ivor,Pocahontas,Crepello,Sans le Sou,Queen's Hussar,Highlight,Princely Gift,Suncourt,ネヴァービート,スターハイネス,Northern Dancer,Lady Victoria,Ambiopoise,One Clear Call,Mr. Prospector,Mudville,Reflected Glory,Blue Eyed Blonde,ノーザンテースト,ユアースポート,クラウンドプリンス,ダブルドア
202605010212,15,芝,1800,良,未勝利,エイシンフラッシュ,ヨッテウタッテ,キングズベスト,ムーンレディ,オレハマッテルゼ,オジャッタモンセ,Kingmambo,Allegretta,プラティニ,Midnight Fever,サンデーサイレンス,カーリーエンジェル,クロフネ,メロンパン,Mr. Prospector,Miesque,Lombard,Anatevka,Surumu,Prairie Darling,Sure Blade,Majoritat,Halo,Wishing Well,ジャッジアンジェルーチ,ダイナカール,フレンチデピュティ,ブルーアヴェニュー,Theatrical,Border Dawn,Raise a Native,Gold Digger,Nureyev,Pasadoble,Agio,Promised Lady,Espresso,Almyra,Literat,Surama,Stanford,Prairie Belle,Kris,Double Lock,Konigsstuhl,Monacchia,Hail to Reason,Cosmah,Understanding,Mountain Flower,Honest Pleasure,Victorian Queen,ノーザンテースト,シャダイフェザー,Deputy Minister,Mitterand,Classic Go Go,Eliza Blue,Nureyev,ツリーオブノレッジ,ピットカーン,My Fawn
202605010212,16,芝,1800,良,未勝利,アドマイヤマーズ,アドマイヤナイト,ダイワメジャー,ヴィアメディチ,アドマイヤムーン,アドマイヤカグラ,サンデーサイレンス,スカーレットブーケ,Medicean,Via Milano,エンドスウィープ,マイケイティーズ,スペシャルウィーク,シーズライクリオ,Halo,Wishing Well,ノーザンテースト,スカーレットインク,Machiavellian,Mystic Goddess,Singspiel,Salvinaxia,フォーティナイナー,Broom Dance,サンデーサイレンス,ケイティーズファースト,サンデーサイレンス,キャンペンガール,Boundary,Leading Rhyme,Hail to Reason,Cosmah,Understanding,Mountain Flower,Northern Dancer,Lady Victoria,Crimson Satan,Consentida,Mr. Prospector,Coup de Folie,Storm Bird,Rose Goddess,In the Wings,Glorious Song,Linamix,Salve,Mr. Prospector,File,Dance Spell,Witching Hour,Halo,Wishing Well,Kris,Katies,Halo,Wishing Well,マルゼンスキー,レディーシラオキ,Danzig,Edge,Mr. Leader,Gay Sonnet
202605010301,1,ダート,1400.0,良,未勝利,Vino Rosso,シンシアズフューリー,Curlin,Mythical Bride,ユートピア,Send for an Angel,Smart Strike,Sherriff's Deputy,Street Cry,Flaming Heart,フォーティナイナー,ドリームビジョン,サザンヘイロー,Schematic,Mr. Prospector,Classy 'n Smart,Deputy Minister,Barbarika,Machiavellian,Helen Street,Touch Gold,Hot Lear,Mr. Prospector,File,ノーザンテースト,ハニードリーマー,Halo,Northern Sea,Upper Nile,Never Scheme,Raise a Native,Gold Digger,Smarten,No Class,Vice Regent,Mint Copy,Bates Motel,War Exchange,Mr. Prospector,Coup de Folie,Troy,Waterway,Deputy Minister,Passing Mood,Lear Fan,Medicine Woman,Raise a Native,Gold Digger,Tom Rolfe,Continue,Northern Dancer,Lady Victoria,Dewan,ハニーサツクルヴアイン,Hail to Reason,Cosmah,Northern Dancer,Sea Saga,Nijinsky,Rosetta Stone,Never Bend,Sweetly Scheming
202605010301,2,ダート,1400.0,良,未勝利,ドレフォン,ハワイアンローズ,Gio Ponti,Eltimaas,キングカメハメハ,サンタローズ,Tale of the Cat,Chipeta Springs,Ghostzapper,Najecam,Kingmambo,マンファス,パントレセレブル,ユキノローズ,Storm Cat,Yarn,Alydar,Salt Spring,Awesome Again,Baby Zip,Trempolino,Sue Warner,Mr. Prospector,Miesque,ラストタイクーン,Pilot Bird,Nureyev,Peinture Bleue,ミルジョージ,バンブーネラ,Storm Bird,Terlingua,Mr. Prospector,Narrate,Raise a Native,Sweet Tooth,Salt Marsh,Jungle Mythologic,Deputy Minister,Primal Force,Relaunch,Thirty Zip,Sharpen Up,Trephine,Forli,Bitty Girl,Raise a Native,Gold Digger,Nureyev,Pasadoble,トライマイベスト,Mill Princess,Blakeney,The Dancer,Northern Dancer,Special,Alydar,Petroleuse,Mill Reef,Miss Charisma,ポリック,クインバンブー
202605010301,3,ダート,1400.0,良,未勝利,ロードカナロア,スイープセレリタス,キングカメハメハ,レディブラッサム,ハーツクライ,スイープトウショウ,Kingmambo,マンファス,Storm Cat,サラトガデュー,サンデーサイレンス,アイリッシュダンス,エンドスウィープ,タバサトウショウ,Mr. Prospector,Miesque,ラストタイクーン,Pilot Bird,Storm Bird,Terlingua,Cormorant,Super Luna,Halo,Wishing Well,トニービン,ビューパーダンス,フォーティナイナー,Broom Dance,ダンシングブレーヴ,サマンサトウショウ,Raise a Native,Gold Digger,Nureyev,Pasadoble,トライマイベスト,Mill Princess,Blakeney,The Dancer,Northern Dancer,South Ocean,Secretariat,Crimson Saint,His Majesty,Song Sparrow,In Reality,Alada,Hail to Reason,Cosmah,Understanding,Mountain Flower,カンパラ,Severn Bridge,Lyphard,My Bupers,Mr. Prospector,File,Dance Spell,Witching Hour,Lyphard,Navajo Princess,トウショウボーイ,マーブルトウショウ
202605010301,4,ダート,1400.0,良,未勝利,ドレフォン,パワースポット,Gio Ponti,Eltimaas,スズカマンボ,セクシーシューズ,Tale of the Cat,Chipeta Springs,Ghostzapper,Najecam,サンデーサイレンス,スプリングマンボ,パラダイスクリーク,ベルパローレ,Storm Cat,Yarn,Alydar,Salt Spring,Awesome Again,Baby Zip,Trempolino,Sue Warner,Halo,Wishing Well,Kingmambo,キーフライヤー,Irish River,North Of Eden,グルームダンサー,Parole Et Musique,Storm Bird,Terlingua,Mr. Prospector,Narrate,Raise a Native,Sweet Tooth,Salt Marsh,Jungle Mythologic,Deputy Minister,Primal Force,Relaunch,Thirty Zip,Sharpen Up,Trephine,Forli,Bitty Girl,Hail to Reason,Cosmah,Understanding,Mountain Flower,Mr. Prospector,Miesque,Nijinsky,Key Partner,Riverman,Irish Star,Northfields,ツリーオブノレッジ,Blushing Groom,Featherhill,Nureyev,Alathea
202605010301,5,ダート,1400.0,良,未勝利,ダノンレジェンド,ハルシュタット,Macho Uno,マイグッドネス,ファスリエフ,フェリーク,Holy Bull,Primal Force,Storm Cat,Caressing,Nureyev,Mr. P's Princess,サンデーサイレンス,ジェドゥーザムール,Great Above,Sharon Brown,Blushing Groom,Prime Prospect,Storm Bird,Terlingua,Honour and Glory,Lovin Touch,Northern Dancer,Special,Mr. Prospector,Anne Campbell,Halo,Wishing Well,Top Ville,Pollenka,Minnesota Mac,Ta Wee,Al Hattab,Agathea's Dawn,Red God,Runaway Bride,Mr. Prospector,Square Generation,Northern Dancer,South Ocean,Secretariat,Crimson Saint,Relaunch,Fair to All,Majestic Prince,Forest Princess,Nearctic,Natalma,Forli,Thong,Raise a Native,Gold Digger,Never Bend,Repercussion,Hail to Reason,Cosmah,Understanding,Mountain Flower,High Top,Sega Ville,Reliance,Polana
202605010301,6,ダート,1400.0,良,未勝利,ニューイヤーズデイ,ビキニパレード,Street Cry,Justwhistledixie,キングカメハメハ,フレンチビキニ,Machiavellian,Helen Street,Dixie Union,General Jeanne,Kingmambo,マンファス,サンデーサイレンス,Fuenji,Mr. Prospector,Coup de Folie,Troy,Waterway,Dixieland Band,She's Tops,Honour and Glory,Ahpo Hel,Mr. Prospector,Miesque,ラストタイクーン,Pilot Bird,Halo,Wishing Well,Saumarez,Belle et Chere,Raise a Native,Gold Digger,Halo,Raise the Standard,Petingo,La Milo,Riverman,Boulevard,Northern Dancer,Mississippi Mud,Capote,She's a Talent,Relaunch,Fair to All,Mr. Leader,Tiy,Raise a Native,Gold Digger,Nureyev,Pasadoble,トライマイベスト,Mill Princess,Blakeney,The Dancer,Hail to Reason,Cosmah,Understanding,Mountain Flower,Rainbow Quest,Fiesta Fun,Lyphard,Madge
202605010301,7,ダート,1400.0,良,未勝利,パイロ,ウィーヴァー,Pulpit,Wild Vision,ストリートセンス,モケット,A.P. Indy,Preach,Wild Again,Carol's Wonder,Street Cry,Bedazzle,Maria's Mon,エターナルレーヴ,Seattle Slew,Weekend Surprise,Mr. Prospector,Narrate,Icecapade,Bushel-n-Peck,Pass the Tab,Carols Christmas,Machiavellian,Helen Street,Dixieland Band,Majestic Legend,Wavering Monarch,Carlotta Maria,Diesis,Northern Eternity,Bold Reasoning,My Charmer,Secretariat,Lassie Dear,Raise a Native,Gold Digger,Honest Pleasure,State,Nearctic,Shenanigans,Khaled,Dama,Al Hattab,Dantina,Whitesburg,Light Verse,Mr. Prospector,Coup de Folie,Troy,Waterway,Northern Dancer,Mississippi Mud,His Majesty,Long Legend,Majestic Light,Uncommitted,Caro,Water Malone,Sharpen Up,Doubly Sure,Northern Dancer,Hopespringseternal
202605010301,8,ダート,1400.0,良,未勝利,モーニン,リワードアメイン,ヘニーヒューズ,Giggly,グランシュヴァリエ,リワードクリエン,ヘネシー,Meadow Flyer,Distorted Humor,Chaste,タヤスツヨシ,ラストキッス,ケイムホーム,リワードエンプレス,Storm Cat,Island Kitty,Meadowlake,Shortley,フォーティナイナー,Danzig's Beauty,Cozzene,Purity,サンデーサイレンス,マガロ,マルゼンスキー,ユーワエアメール,Gone West,Nice Assay,オペラハウス,リワードピジョン,Storm Bird,Terlingua,Hawaii,T. C. Kitten,Hold Your Peace,Suspicious Native,Hagley,Short Winded,Mr. Prospector,File,Danzig,Sweetest Chant,Caro,Ride the Trails,Fappiano,Dame Mysterieuse,Halo,Wishing Well,Caro,Magic,Nijinsky,シル,ダイアトム,ブラットメール,Mr. Prospector,Secrettame,Clever Trick,インフルヴユー,Sadler's Wells,Colorspin,ミルジョージ,リワードウイング
202605010301,9,ダート,1400.0,良,未勝利,ディーマジェスティ,オーロラフラッシュ,ディープインパクト,エルメスティアラ,Frankel,Squeeze,サンデーサイレンス,ウインドインハーヘア,ブライアンズタイム,シンコウエルメス,Galileo,Kind,Danehill Dancer,Wedding Morn,Halo,Wishing Well,Alzao,Burghclere,Roberto,Kelley's Day,Sadler's Wells,Doff the Derby,Sadler's Wells,Urban Sea,デインヒル,Rainbow Lake,デインヒル,Mira Adonde,Sadler's Wells,Wedding Bouquet,Hail to Reason,Cosmah,Understanding,Mountain Flower,Lyphard,Lady Rebecca,Busted,Highclere,Hail to Reason,Bramalea,Graustark,Golden Trail,Northern Dancer,Fairy Bridge,Master Derby,Margarethen,Northern Dancer,Fairy Bridge,Miswaki,Allegretta,Danzig,Razyana,Rainbow Quest,Rockfest,Danzig,Razyana,Sharpen Up,Lettre d'Amour,Northern Dancer,Fairy Bridge,Kings Lake,Doff the Derby
202605010301,10,ダート,1400.0,良,未勝利,オルフェーヴル,ファストーゾ,ステイゴールド,オリエンタルアート,ロードカナロア,エーソングフォー,サンデーサイレンス,ゴールデンサッシュ,メジロマックイーン,エレクトロアート,キングカメハメハ,レディブラッサム,More Than Ready,Miss Garland,Halo,Wishing Well,ディクタス,ダイナサッシュ,メジロティターン,メジロオーロラ,ノーザンテースト,グランマスティーヴンス,Kingmambo,マンファス,Storm Cat,サラトガデュー,サザンヘイロー,Woodman's Girl,パレスミュージック,Miss Actress,Hail to Reason,Cosmah,Understanding,Mountain Flower,Sanctus,Doronic,ノーザンテースト,ロイヤルサッシュ,メジロアサマ,シエリル,リマンド,メジロアイリス,Northern Dancer,Lady Victoria,Lt. Stevens,Dhow,Mr. Prospector,Miesque,ラストタイクーン,Pilot Bird,Storm Bird,Terlingua,Cormorant,Super Luna,Halo,Northern Sea,Woodman,Becky Be Good,The Minstrel,Come My Prince,Mr. Cockatoo,T. V. Actress
202605010301,11,ダート,1400.0,良,未勝利,サトノダイヤモンド,エーシンクールディ,ディープインパクト,マルペンサ,Distorted Humor,キャタリナ,サンデーサイレンス,ウインドインハーヘア,Orpen,Marsella,フォーティナイナー,Danzig's Beauty,Storm Cat,Carolina Saga,Halo,Wishing Well,Alzao,Burghclere,Lure,Bonita Francita,サザンヘイロー,Riviere,Mr. Prospector,File,Danzig,Sweetest Chant,Storm Bird,Terlingua,Caro,Key to the Saga,Hail to Reason,Cosmah,Understanding,Mountain Flower,Lyphard,Lady Rebecca,Busted,Highclere,Danzig,Endear,Devil's Bag,Raise the Standard,Halo,Northern Sea,Logical,Talonada,Raise a Native,Gold Digger,Tom Rolfe,Continue,Northern Dancer,Pas de Nom,Mr. Leader,Gay Sonnet,Northern Dancer,South Ocean,Secretariat,Crimson Saint,フォルティノ,Chambord,Key to the Mint,Sea Saga
202605010301,12,ダート,1400.0,良,未勝利,シュヴァルグラン,スワンソング,ハーツクライ,ハルーワスウィート,Singspiel,ブリクセン,サンデーサイレンス,アイリッシュダンス,Machiavellian,ハルーワソング,In the Wings  In The Wings,Glorious Song,Gone West,Danish,Halo,Wishing Well,トニービン,ビューパーダンス,Mr. Prospector,Coup de Folie,Nureyev,Morn of Song,Sadler's Wells,High Hawk,Halo,Ballade,Mr. Prospector,Secrettame,デインヒル,Tea House,Hail to Reason,Cosmah,Understanding,Mountain Flower,カンパラ,Severn Bridge,Lyphard,My Bupers,Raise a Native,Gold Digger,Halo,Raise the Standard,Northern Dancer,Special,Blushing Groom,Glorious Song,Northern Dancer,Fairy Bridge,Shirley Heights,Sunbittern,Hail to Reason,Cosmah,Herbager,Miss Swapsco,Raise a Native,Gold Digger,Secretariat,Tamerett,Danzig,Razyana,Sassafras,House Tie
202605010301,13,ダート,1400.0,良,未勝利,モズアスコット,ライトフェアリー,Frankel,India,サムライハート,フラワーフェアリー,Galileo,Kind,ヘネシー,Misty Hour,サンデーサイレンス,エアグルーヴ,アルカセット,フリーフォーギブン,Sadler's Wells,Urban Sea,デインヒル,Rainbow Lake,Storm Cat,Island Kitty,Miswaki,Our Tina Marie,Halo,Wishing Well,トニービン,ダイナカール,Kingmambo,チェサプラナ,Unbridled,Redeemer,Northern Dancer,Fairy Bridge,Miswaki,Allegretta,Danzig,Razyana,Rainbow Quest,Rockfest,Storm Bird,Terlingua,Hawaii,T. C. Kitten,Mr. Prospector,Hopespringseternal,Nijinsky,Java Moon,Hail to Reason,Cosmah,Understanding,Mountain Flower,カンパラ,Severn Bridge,ノーザンテースト,シャダイフェザー,Mr. Prospector,Miesque,Niniski,Top of The League,Fappiano,Gana Facil,Dixieland Band,Printing Press
202605010301,14,ダート,1400.0,良,未勝利,サンダースノー,セレブリティ,Helmet,Eastern Joy,タニノギムレット,タニノシスター,Exceed And Excel,Accessories,Dubai Destination,Red Slippers,ブライアンズタイム,タニノクリスタル,ルション,エナジートウショウ,デインヒル,Patrona,Singspiel,Anna Matrushka,Kingmambo,Mysterial,Nureyev,Morning Devotion,Roberto,Kelley's Day,クリスタルパレス,タニノシーバード,Riverman,ベルドリーヌ,トウショウボーイ,コーニストウショウ,Danzig,Razyana,Lomond,Gladiolus,In the Wings,Glorious Song,Mill Reef,Anna Paola,Mr. Prospector,Miesque,Alleged,Mysteries,Northern Dancer,Special,Affirmed,Morning Has Broken,Hail to Reason,Bramalea,Graustark,Golden Trail,Caro,Hermieres,Sea-Bird,Flaxen,Never Bend,River Lady,Marshua's Dancer,Palsy Walsy,テスコボーイ,ソシアルバターフライ,ダンディルート,ローズトウショウ
202605010301,15,ダート,1400.0,良,未勝利,アスクピーターパン,プリンセスアスク,Frankel,ストレイトガール,ゼンノロブロイ,ディーズビバーチェ,Galileo,Kind,フジキセキ,ネヴァーピリオド,サンデーサイレンス,ローミンレイチェル,エルコンドルパサー,ファクテュアルパーシット,Sadler's Wells,Urban Sea,デインヒル,Rainbow Lake,サンデーサイレンス,ミルレーサー,タイキシャトル,フューチャハッピー,Halo,Wishing Well,マイニング,One Smart Lady,Kingmambo,サドラーズギャル,Known Fact,La Nobleza,Northern Dancer,Fairy Bridge,Miswaki,Allegretta,Danzig,Razyana,Rainbow Quest,Rockfest,Halo,Wishing Well,Le Fabuleux,Marston's Mill,Devil's Bag,ウェルシュマフィン,デインヒル,タイセイカグラ,Hail to Reason,Cosmah,Understanding,Mountain Flower,Mr. Prospector,I Pass,Clever Trick,Pia's Lady,Mr. Prospector,Miesque,Sadler's Wells,Glenveagh,In Reality,Tamerett,Damascus,Where You Lead
202605010301,16,ダート,1400.0,良,未勝利,ダノンバラード,パーフェクトノート,ディープインパクト,レディバラード,Shamardal,Mezzo Soprano,サンデーサイレンス,ウインドインハーヘア,Unbridled,Angelic Song,Giant's Causeway,Helsinki,Darshaan,Morn of Song,Halo,Wishing Well,Alzao,Burghclere,Fappiano,Gana Facil,Halo,Ballade,Storm Cat,Mariah's Storm,Machiavellian,Helen Street,Shirley Heights,Delsy,Blushing Groom,Glorious Song,Hail to Reason,Cosmah,Understanding,Mountain Flower,Lyphard,Lady Rebecca,Busted,Highclere,Mr. Prospector,Killaloe,Le Fabuleux,Charedi,Hail to Reason,Cosmah,Herbager,Miss Swapsco,Storm Bird,Terlingua,Rahy,イメンス,Mr. Prospector,Coup de Folie,Troy,Waterway,Mill Reef,Hardiemma,Abdos,Kelty,Red God,Runaway Bride,Halo,Ballade
202605010302,1,ダート,1300.0,良,未勝利,マクフィ,プロディジャス,Dubawi,Dhelaal,ハーツクライ,ロジャーズスー,Dubai Millennium,Zomaradah,Green Desert,Irish Valley,サンデーサイレンス,アイリッシュダンス,Forestry,Fabulous,Seeking the Gold,Colorado Dancer,Deploy,Jawaher,Danzig,Foreign Courier,Irish River,Green Valley,Halo,Wishing Well,トニービン,ビューパーダンス,Storm Cat,Shared Interest,Seeking the Gold,Gorgeous,Mr. Prospector,Con Game,Shareef Dancer,Fall Aspen,Shirley Heights,Slightly Dangerous,ダンシングブレーヴ,High Tern,Northern Dancer,Pas de Nom,Sir Ivor,Courtly Dee,Riverman,Irish Star,Val de Loir,Sly Pola,Hail to Reason,Cosmah,Understanding,Mountain Flower,カンパラ,Severn Bridge,Lyphard,My Bupers,Storm Bird,Terlingua,Pleasant Colony,Surgery,Mr. Prospector,Con Game,Slew o' Gold,Kamar
202605010302,2,ダート,1300.0,良,未勝利,タワーオブロンドン,ランリーナ,Raven's Pass,スノーパイン,エイシンフラッシュ,アップルティー,Elusive Quality,Ascutney,Dalakhani,シンコウエルメス,キングズベスト,ムーンレディ,サンデーサイレンス,アドマイス,Gone West,Touch of Greatness,Lord at War,Right Word,Darshaan,Daltawa,Sadler's Wells,Doff the Derby,Kingmambo,Allegretta,プラティニ,Midnight Fever,Halo,Wishing Well,Highest Honor,Admiration,Mr. Prospector,Secrettame,Hero's Honor,Ivory Wand,General,Luna de Miel,Verbatim,Oratorio,Shirley Heights,Delsy,Miswaki,Damana,Northern Dancer,Fairy Bridge,Master Derby,Margarethen,Mr. Prospector,Miesque,Lombard,Anatevka,Surumu,Prairie Darling,Sure Blade,Majoritat,Hail to Reason,Cosmah,Understanding,Mountain Flower,Kenmare,High River,Kashmir,Prue
202605010302,3,ダート,1300.0,良,未勝利,ダノンプレミアム,ピアレジーナ,ディープインパクト,インディアナギャル,タイキシャトル,アッシュベリー,サンデーサイレンス,ウインドインハーヘア,Intikhab,Genial Jenny,Devil's Bag,ウェルシュマフィン,Any Given Saturday,アシェラフ,Halo,Wishing Well,Alzao,Burghclere,Red Ransom,Crafty Example,デインヒル,Joma Kaanem,Halo,Ballade,Caerleon,Muffitys,Distorted Humor,Weekend in Indy,Deputy Minister,Cinnamon Sugar,Hail to Reason,Cosmah,Understanding,Mountain Flower,Lyphard,Lady Rebecca,Busted,Highclere,Roberto,アラビア,Crafty Prospector,Zienelle,Danzig,Razyana,Double Form,Ash Lawn,Hail to Reason,Cosmah,Herbager,Miss Swapsco,Nijinsky,Foreseer,Thatch,Contrail,フォーティナイナー,Danzig's Beauty,A.P. Indy,Whow,Vice Regent,Mint Copy,Wild Again,Sugar and Spice
202605010302,4,ダート,1300.0,良,未勝利,ダノンプレミアム,サリーバランセ,ディープインパクト,インディアナギャル,ヘニーヒューズ,マヤノマヤ,サンデーサイレンス,ウインドインハーヘア,Intikhab,Genial Jenny,ヘネシー,Meadow Flyer,タイキシャトル,ナリタフローラ,Halo,Wishing Well,Alzao,Burghclere,Red Ransom,Crafty Example,デインヒル,Joma Kaanem,Storm Cat,Island Kitty,Meadowlake,Shortley,Devil's Bag,ウェルシュマフィン,サンデーサイレンス,ナリタレッドバード,Hail to Reason,Cosmah,Understanding,Mountain Flower,Lyphard,Lady Rebecca,Busted,Highclere,Roberto,アラビア,Crafty Prospector,Zienelle,Danzig,Razyana,Double Form,Ash Lawn,Storm Bird,Terlingua,Hawaii,T. C. Kitten,Hold Your Peace,Suspicious Native,Hagley,Short Winded,Halo,Ballade,Caerleon,Muffitys,Halo,Wishing Well,マルゼンスキー,ビューティマリヤ
202605010302,5,ダート,1300.0,良,未勝利,タワーオブロンドン,ディープブルーム,Raven's Pass,スノーパイン,ディープブリランテ,タヤスブルーム,Elusive Quality,Ascutney,Dalakhani,シンコウエルメス,ディープインパクト,ラヴアンドバブルズ,Caerleon,ゲイロレンヌ,Gone West,Touch of Greatness,Lord at War,Right Word,Darshaan,Daltawa,Sadler's Wells,Doff the Derby,サンデーサイレンス,ウインドインハーヘア,Loup Sauvage,バブルドリーム,Nijinsky,Foreseer,Fabulous Dancer,Gay Spring,Mr. Prospector,Secrettame,Hero's Honor,Ivory Wand,General,Luna de Miel,Verbatim,Oratorio,Shirley Heights,Delsy,Miswaki,Damana,Northern Dancer,Fairy Bridge,Master Derby,Margarethen,Halo,Wishing Well,Alzao,Burghclere,Riverman,Louveterie,Akarad,バブルプロスペクター,Northern Dancer,Flaming Page,Round Table,Regal Gleam,Northern Dancer,Last of the Line,Free Round,Grey Autumn
202605010302,6,ダート,1300.0,良,未勝利,マジェスティックウォリアー,ワイルドシンガー,A.P. Indy,Dream Supreme,ワイルドラッシュ,ウインルーシッド,Seattle Slew,Weekend Surprise,Seeking the Gold,Spinning Round,Wild Again,Rose Park,Giant's Causeway,ルックトゥザシー,Bold Reasoning,My Charmer,Secretariat,Lassie Dear,Mr. Prospector,Con Game,Dixieland Band,Take Heart,Icecapade,Bushel-n-Peck,Plugged Nickle,Hardship,Storm Cat,Mariah's Storm,Seeking the Gold,Going Ashore,Boldnesian,Reason to Earn,Poker,Fair Charmer,Bold Ruler,Somethingroyal,Buckpasser,Gay Missile,Raise a Native,Gold Digger,Buckpasser,Broadway,Northern Dancer,Mississippi Mud,Secretariat,Deck Stewardess,Nearctic,Shenanigans,Khaled,Dama,Key to the Mint,Toll Booth,Drone,Hard and Fast,Storm Bird,Terlingua,Rahy,イメンス,Mr. Prospector,Con Game,ポリッシュネイビー,Blitey
202605010302,7,ダート,1300.0,良,未勝利,ダノンレジェンド,ブルーリヴァー,Macho Uno,マイグッドネス,パイロ,メイショウカガリビ,Holy Bull,Primal Force,Storm Cat,Caressing,Pulpit,Wild Vision,シンボリクリスエス,チアズグレイス,Great Above,Sharon Brown,Blushing Groom,Prime Prospect,Storm Bird,Terlingua,Honour and Glory,Lovin Touch,A.P. Indy,Preach,Wild Again,Carol's Wonder,Kris S.,Tee Kay,サンデーサイレンス,チアズフラワー,Minnesota Mac,Ta Wee,Al Hattab,Agathea's Dawn,Red God,Runaway Bride,Mr. Prospector,Square Generation,Northern Dancer,South Ocean,Secretariat,Crimson Saint,Relaunch,Fair to All,Majestic Prince,Forest Princess,Seattle Slew,Weekend Surprise,Mr. Prospector,Narrate,Icecapade,Bushel-n-Peck,Pass the Tab,Carols Christmas,Roberto,Sharp Queen,Gold Meridian,Tri Argo,Halo,Wishing Well,Al Nasr,デュカイナ
202605010302,8,ダート,1300.0,良,未勝利,ルヴァンスレーヴ,ペルペトゥオ,シンボリクリスエス,マエストラーレ,Pioneerof the Nile,Ribbon Taffy,Kris S.,Tee Kay,ネオユニヴァース,オータムブリーズ,エンパイアメーカー,Star of Goshen,Hard Spun,Partyship,Roberto,Sharp Queen,Gold Meridian,Tri Argo,サンデーサイレンス,ポインテッドパス,ティンバーカントリー,セプテンバーソング,Unbridled,Toussaud,Lord at War,Castle Eight,Danzig,Turkish Tryst,Premiership,Party's On Me,Hail to Reason,Bramalea,Princequillo,Bridgework,Seattle Slew,Queen Louie,Tri Jet,Hail Proudly,Halo,Wishing Well,Kris,Silken Way,Woodman,Fall Aspen,リアルシャダイ,ダイナフェアリー,Fappiano,Gana Facil,El Gran Senor,Image of Reality,General,Luna de Miel,Key to the Kingdom,Her Native,Northern Dancer,Pas de Nom,Turkoman,Darbyvail,Exclusive Native,Reminiscing,Stevedore,Pardon My Speed
202605010302,9,ダート,1300.0,良,未勝利,インディチャンプ,ゴールドエンジェル,ステイゴールド,ウィルパワー,クロフネ,エストレリータ,サンデーサイレンス,ゴールデンサッシュ,キングカメハメハ,トキオリアリティー,フレンチデピュティ,ブルーアヴェニュー,ダンスインザダーク,エアシャロン,Halo,Wishing Well,ディクタス,ダイナサッシュ,Kingmambo,マンファス,Meadowlake,What a Reality,Deputy Minister,Mitterand,Classic Go Go,Eliza Blue,サンデーサイレンス,ダンシングキイ,ノーザンテースト,エコルシユ,Hail to Reason,Cosmah,Understanding,Mountain Flower,Sanctus,Doronic,ノーザンテースト,ロイヤルサッシュ,Mr. Prospector,Miesque,ラストタイクーン,Pilot Bird,Hold Your Peace,Suspicious Native,In Reality,What Will Be,Vice Regent,Mint Copy,Hold Your Peace,Laredo Lass,Pago Pago,Classic Perfection,Icecapade,コレラ,Halo,Wishing Well,Nijinsky,Key Partner,Northern Dancer,Lady Victoria,Big Spruce,Idmon
202605010302,10,ダート,1300.0,良,未勝利,タニノフランケル,グッバイサマー,Frankel,ウオッカ,サマーバード,プレラット,Galileo,Kind,タニノギムレット,タニノシスター,Birdstone,Hong Kong Squall,サンデーサイレンス,マラブー,Sadler's Wells,Urban Sea,デインヒル,Rainbow Lake,ブライアンズタイム,タニノクリスタル,ルション,エナジートウショウ,Grindstone,Dear Birdie,Summer Squall,Hong Kong Jade,Halo,Wishing Well,Roberto,Last Feather,Northern Dancer,Fairy Bridge,Miswaki,Allegretta,Danzig,Razyana,Rainbow Quest,Rockfest,Roberto,Kelley's Day,クリスタルパレス,タニノシーバード,Riverman,ベルドリーヌ,トウショウボーイ,コーニストウショウ,Unbridled,Buzz My Bell,Storm Bird,Hush Dear,Storm Bird,Weekend Surprise,Alysheba,Ruby Slippers,Hail to Reason,Cosmah,Understanding,Mountain Flower,Hail to Reason,Bramalea,Vaguely Noble,Quill
202605010302,11,ダート,1300.0,良,未勝利,Frosted,Floral Hall,Tapit,Fast Cookie,Bodemeister,Painted Lady,Pulpit,Tap Your Heels,Deputy Minister,Fleet Lady,エンパイアメーカー,Untouched Talent,Broad Brush,Nastique,A.P. Indy,Preach,Unbridled,Ruby Slippers,Vice Regent,Mint Copy,Avenue of Flags,ディアーミミ,Unbridled,Toussaud,Storm Cat,Parade Queen,Ack Ack,Hay Patcher,Naskra,La Fantastique,Seattle Slew,Weekend Surprise,Mr. Prospector,Narrate,Fappiano,Gana Facil,Nijinsky,Moon Glitter,Northern Dancer,Victoria Regina,Bunty's Flight,Shakney,Seattle Slew,Beautiful Glass,Roberto,Carnival Princess,Fappiano,Gana Facil,El Gran Senor,Image of Reality,Storm Bird,Terlingua,A.P. Indy,Spanish Parade,Battle Joined,Fast Turn,Hoist the Flag,Turn to Talent,Nasram,Iskra,Le Fabuleux,Witherite
202605010302,12,ダート,1300.0,良,未勝利,ゴールドシップ,ドゥモワゼル,ステイゴールド,ポイントフラッグ,ショウナンカンプ,ステキプレゼント,サンデーサイレンス,ゴールデンサッシュ,メジロマックイーン,パストラリズム,サクラバクシンオー,ショウナングレイス,ジェニュイン,アララットサン,Halo,Wishing Well,ディクタス,ダイナサッシュ,メジロティターン,メジロオーロラ,プルラリズム,トクノエイティー,サクラユタカオー,サクラハゴロモ,ラッキーソブリン,ヤセイコーソ,サンデーサイレンス,クルーピアレディー,リアルシャダイ,ダイナフェザー,Hail to Reason,Cosmah,Understanding,Mountain Flower,Sanctus,Doronic,ノーザンテースト,ロイヤルサッシュ,メジロアサマ,シエリル,リマンド,メジロアイリス,The Minstrel,Cambretta,トライバルチーフ,アイアンルビー,テスコボーイ,アンジェリカ,ノーザンテースト,クリアアンバー,Nijinsky,Sovereign,タケシバオー,メジロチドリ,Halo,Wishing Well,What Luck,Question d'Argent,Roberto,Desert Vixen,ノーザンテースト,シャダイフェザー
202605010302,13,ダート,1300.0,良,未勝利,シスキン,フィネス,First Defence,Bird Flown,ディープインパクト,ディアマンティナ,Unbridled's Song,Honest Lady,Oasis Dream,Silver Star,サンデーサイレンス,ウインドインハーヘア,Seeking the Gold,Yousefia,Unbridled,Trolley Song,Seattle Slew,Toussaud,Green Desert,Hope,Zafonic,Monroe,Halo,Wishing Well,Alzao,Burghclere,Mr. Prospector,Con Game,Danzig,Foreign Courier,Fappiano,Gana Facil,Caro,Lucky Spell,Bold Reasoning,My Charmer,El Gran Senor,Image of Reality,Danzig,Foreign Courier,ダンシングブレーヴ,Bahamian,Gone West,Zaizafon,Sir Ivor,Best in Show,Hail to Reason,Cosmah,Understanding,Mountain Flower,Lyphard,Lady Rebecca,Busted,Highclere,Raise a Native,Gold Digger,Buckpasser,Broadway,Northern Dancer,Pas de Nom,Sir Ivor,Courtly Dee
202605010302,14,ダート,1300.0,良,未勝利,ダノンスマッシュ,アゴベイ,ロードカナロア,スピニングワイルドキャット,ハーツクライ,コージーベイ,キングカメハメハ,レディブラッサム,Hard Spun,Hollywood Wildcat,サンデーサイレンス,アイリッシュダンス,Storm Cat,Composure,Kingmambo,マンファス,Storm Cat,サラトガデュー,Danzig,Turkish Tryst,Kris S.,Miss Wildcatter,Halo,Wishing Well,トニービン,ビューパーダンス,Storm Bird,Terlingua,Touch Gold,Party Cited,Mr. Prospector,Miesque,ラストタイクーン,Pilot Bird,Storm Bird,Terlingua,Cormorant,Super Luna,Northern Dancer,Pas de Nom,Turkoman,Darbyvail,Roberto,Sharp Queen,Mr. Prospector,Elizabeth K.,Hail to Reason,Cosmah,Understanding,Mountain Flower,カンパラ,Severn Bridge,Lyphard,My Bupers,Northern Dancer,South Ocean,Secretariat,Crimson Saint,Deputy Minister,Passing Mood,Alleged,Dream Play
202605010302,15,ダート,1300.0,良,未勝利,Written Tycoon,Maui Girl,Iglesia,Party Miss,Lope de Vega,Run For Naara,ラストタイクーン,Yodells,Kenmare,Miss Entertainer,Shamardal,Lady Vettori,More Than Ready,Kristopher Street,トライマイベスト,Mill Princess,Marscay,Yodelling Lady,Kalamoun,Belle of Ireland,Vain,Viveza,Giant's Causeway,Helsinki,Vettori,Lady Golconda,サザンヘイロー,Woodman's Girl,Kris S.,Manhattan Doll,Northern Dancer,Sex Appeal,Mill Reef,Irish Lass,Biscay,Heart of Market,Paris Review,Alpine Pass,ゼダーン,Khairunissa,Milesian,Belle of the Ball,Wilkes,Elated,Better Boy,Emerald Fire,Storm Cat,Mariah's Storm,Machiavellian,Helen Street,Machiavellian,Air Distingue,Kendor,Lady Sharp,Halo,Northern Sea,Woodman,Becky Be Good,Roberto,Sharp Queen,Wig Out,Capricious Girl
202605010302,16,ダート,1300.0,良,未勝利,ミスチヴィアスアレックス,ポッドシャイニー,Into Mischief,White Pants Night,ゴールドアリュール,エリモシャイニー,Harlan's Holiday,Leslie's Lady,Speightstown,More d'Amour,サンデーサイレンス,ニキーヤ,ブライアンズタイム,エリモシック,Harlan,Christmas in Aiken,Tricky Creek,Crystal Lady,Gone West,Silken Cat,Tour d'Or,Love Connection,Halo,Wishing Well,Nureyev,Reluctant Guest,Roberto,Kelley's Day,ダンシングブレーヴ,エリモシューテング,Storm Cat,Country Romance,Affirmed,Dowager,Clever Trick,Battle Creek Girl,Stop the Music,One Last Bird,Mr. Prospector,Secrettame,Storm Cat,Silken Doll,Medaille d'Or,Debby's Turn,Master Derby,Perfect Connection,Hail to Reason,Cosmah,Understanding,Mountain Flower,Northern Dancer,Special,Hostage,Vaguely Royal,Hail to Reason,Bramalea,Graustark,Golden Trail,Lyphard,Navajo Princess,テスコボーイ,デプグリーフ
202605010303,1,ダート,1600.0,良,未勝利,ドレフォン,オモテナシ,Gio Ponti,Eltimaas,Henrythenavigator,ミリオンギフト,Tale of the Cat,Chipeta Springs,Ghostzapper,Najecam,Kingmambo,Sequoyah,サンデーサイレンス,メイプルジンスキー,Storm Cat,Yarn,Alydar,Salt Spring,Awesome Again,Baby Zip,Trempolino,Sue Warner,Mr. Prospector,Miesque,Sadler's Wells,Brigid,Halo,Wishing Well,Nijinsky,Gold Beauty,Storm Bird,Terlingua,Mr. Prospector,Narrate,Raise a Native,Sweet Tooth,Salt Marsh,Jungle Mythologic,Deputy Minister,Primal Force,Relaunch,Thirty Zip,Sharpen Up,Trephine,Forli,Bitty Girl,Raise a Native,Gold Digger,Nureyev,Pasadoble,Northern Dancer,Fairy Bridge,Irish River,Luv Luvin',Hail to Reason,Cosmah,Understanding,Mountain Flower,Northern Dancer,Flaming Page,Mr. Prospector,Stick to Beauty
202605010303,2,ダート,1600.0,良,未勝利,キセキ,シャンパンフルート,ルーラーシップ,ブリッツフィナーレ,クロフネ,トランシーフレーズ,キングカメハメハ,エアグルーヴ,ディープインパクト,ロンドンブリッジ,フレンチデピュティ,ブルーアヴェニュー,サンデーサイレンス,アンスチュアート,Kingmambo,マンファス,トニービン,ダイナカール,サンデーサイレンス,ウインドインハーヘア,ドクターデヴィアス,オールフォーロンドン,Deputy Minister,Mitterand,Classic Go Go,Eliza Blue,Halo,Wishing Well,Lyphard,Miss Carmie,Mr. Prospector,Miesque,ラストタイクーン,Pilot Bird,カンパラ,Severn Bridge,ノーザンテースト,シャダイフェザー,Halo,Wishing Well,Alzao,Burghclere,Ahonoora,Rose of Jericho,Danzig,Full Card,Vice Regent,Mint Copy,Hold Your Peace,Laredo Lass,Pago Pago,Classic Perfection,Icecapade,コレラ,Hail to Reason,Cosmah,Understanding,Mountain Flower,Northern Dancer,Goofed,T.V. Lark,Twice Over
202605010303,3,ダート,1600.0,良,未勝利,ビーチパトロール,アオイサンシャイン,Lemon Drop Kid,Bashful Bertie,ダイワメジャー,ツーオブハート,Kingmambo,Charming Lassie,Quiet American,Clever Bertie,サンデーサイレンス,スカーレットブーケ,メジロマックイーン,プレイアローン,Mr. Prospector,Miesque,Seattle Slew,Lassie Dear,Fappiano,Demure,Timeless Native,Clever But Costly,Halo,Wishing Well,ノーザンテースト,スカーレットインク,メジロティターン,メジロオーロラ,Lyphard,Cutlasee,Raise a Native,Gold Digger,Nureyev,Pasadoble,Bold Reasoning,My Charmer,Buckpasser,Gay Missile,Mr. Prospector,Killaloe,Dr. Fager,Quiet Charm,Timeless Moment,Head Off,Clever Trick,Swoonlow,Hail to Reason,Cosmah,Understanding,Mountain Flower,Northern Dancer,Lady Victoria,Crimson Satan,Consentida,メジロアサマ,シエリル,リマンド,メジロアイリス,Northern Dancer,Goofed,Cutlass,Ma Petite Fille
202605010303,4,ダート,1600.0,良,未勝利,レイデオロ,ウェストレー,キングカメハメハ,ラドラーダ,オルフェーヴル,ヴェイルオブアヴァロン,Kingmambo,マンファス,シンボリクリスエス,レディブロンド,ステイゴールド,オリエンタルアート,サンダーガルチ,ウインドインハーヘア,Mr. Prospector,Miesque,ラストタイクーン,Pilot Bird,Kris S.,Tee Kay,Seeking the Gold,ウインドインハーヘア,サンデーサイレンス,ゴールデンサッシュ,メジロマックイーン,エレクトロアート,Gulch,Line of Thunder,Alzao,Burghclere,Raise a Native,Gold Digger,Nureyev,Pasadoble,トライマイベスト,Mill Princess,Blakeney,The Dancer,Roberto,Sharp Queen,Gold Meridian,Tri Argo,Mr. Prospector,Con Game,Alzao,Burghclere,Halo,Wishing Well,ディクタス,ダイナサッシュ,メジロティターン,メジロオーロラ,ノーザンテースト,グランマスティーヴンス,Mr. Prospector,Jameela,Storm Bird,Shoot a Line,Lyphard,Lady Rebecca,Busted,Highclere
202605010303,5,ダート,1600.0,良,未勝利,アメリカンペイトリオット,ルージュノアール,War Front,Life Well Lived,ストーミングホーム,フェアリーブレス,Danzig,Starry Dreamer,Tiznow,Well Dressed,Machiavellian,Try to Catch Me,フレンチデピュティ,スイートマイハート,Northern Dancer,Pas de Nom,Rubiano,Lara's Star,Cee's Tizzy,Cee's Song,Notebook,Trithenia,Mr. Prospector,Coup de Folie,Shareef Dancer,It's in the Air,Deputy Minister,Mitterand,Caerleon,All My Heart,Nearctic,Natalma,Admiral's Voyage,Petitioner,Fappiano,Ruby Slippers,Forli,True Reality,Relaunch,テイズリー,Seattle Song,Lonely Dancer,Well Decorated,Mobcap,Gold Meridian,Tri Argo,Raise a Native,Gold Digger,Halo,Raise the Standard,Northern Dancer,Sweet Alliance,Mr. Prospector,A Wind Is Rising,Vice Regent,Mint Copy,Hold Your Peace,Laredo Lass,Nijinsky,Foreseer,Sharpen Up,Red Comes Up
202605010303,6,ダート,1600.0,良,未勝利,ダノンプレミアム,エーシンベタラネリ,ディープインパクト,インディアナギャル,Elusive Quality,バーモントガール,サンデーサイレンス,ウインドインハーヘア,Intikhab,Genial Jenny,Gone West,Touch of Greatness,ミシエロ,Raging Apalachee,Halo,Wishing Well,Alzao,Burghclere,Red Ransom,Crafty Example,デインヒル,Joma Kaanem,Mr. Prospector,Secrettame,Hero's Honor,Ivory Wand,Conquistador Cielo,My Inheritance,Apalachee,Fagers Charisma,Hail to Reason,Cosmah,Understanding,Mountain Flower,Lyphard,Lady Rebecca,Busted,Highclere,Roberto,アラビア,Crafty Prospector,Zienelle,Danzig,Razyana,Double Form,Ash Lawn,Raise a Native,Gold Digger,Secretariat,Tamerett,Northern Dancer,Glowing Tribute,Sir Ivor,Natashka,Mr. Prospector,K D Princess,Thatch,Edies Double,Round Table,Moccasin,Dr. Fager,Charisma Magic
202605010303,7,ダート,1600.0,良,未勝利,ゴールドアクター,ハチマンダイボサツ,スクリーンヒーロー,ヘイロンシン,マーベラスサンデー,アジヤタイリン,グラスワンダー,ランニングヒロイン,キョウワアリシバ,ハッピーヒエン,サンデーサイレンス,モミジダンサー,サクラユタカオー,アジヤフラワー,Silver Hawk,Ameriflora,サンデーサイレンス,ダイナアクトレス,Alysheba,Sulemeif,マナード,ブゼンフブキ,Halo,Wishing Well,ヴァイスリーガル,モミジ,テスコボーイ,アンジェリカ,ハビトニー,パーソスタン,Roberto,Gris Vitesse,Danzig,Graceful Touch,Halo,Wishing Well,ノーザンテースト,モデルスポート,Alydar,Bel Sheba,Northern Dancer,Barely Even,Captain's Gig,Slipstream,セダン,トサクイン,Hail to Reason,Cosmah,Understanding,Mountain Flower,Northern Dancer,Victoria Regina,Laugh Aloud,Hold Me Close,Princely Gift,Suncourt,ネヴァービート,スターハイネス,Habitat,Courteous Lady,パーソロン,マウントスタン
202605010303,8,ダート,1600.0,良,未勝利,オルフェーヴル,アオイテソーロ,ステイゴールド,オリエンタルアート,ルーラーシップ,リアルナンバー,サンデーサイレンス,ゴールデンサッシュ,メジロマックイーン,エレクトロアート,キングカメハメハ,エアグルーヴ,Rainbow Corner,Numeraria,Halo,Wishing Well,ディクタス,ダイナサッシュ,メジロティターン,メジロオーロラ,ノーザンテースト,グランマスティーヴンス,Kingmambo,マンファス,トニービン,ダイナカール,Rainbow Quest,Kingscote,サザンヘイロー,Numismatica,Hail to Reason,Cosmah,Understanding,Mountain Flower,Sanctus,Doronic,ノーザンテースト,ロイヤルサッシュ,メジロアサマ,シエリル,リマンド,メジロアイリス,Northern Dancer,Lady Victoria,Lt. Stevens,Dhow,Mr. Prospector,Miesque,ラストタイクーン,Pilot Bird,カンパラ,Severn Bridge,ノーザンテースト,シャダイフェザー,Blushing Groom,I Will Follow,Kings Lake,Bold Fantasy,Halo,Northern Sea,Salt Marsh,Nut
202605010303,9,ダート,1600.0,良,未勝利,レッドファルクス,チェス,スウェプトオーヴァーボード,ベルモット,フリオーソ,スズオリヅル,エンドスウィープ,Sheer Ice,サンデーサイレンス,レガシーオブストレングス,ブライアンズタイム,ファーザ,フサイチコンコルド,スズマイヒメ,フォーティナイナー,Broom Dance,Cutlass,Hey Dolly A.,Halo,Wishing Well,Affirmed,Katonka,Roberto,Kelley's Day,Mr. Prospector,Baya,Caerleon,バレークイーン,ハウスバスター,ポップアート,Mr. Prospector,File,Dance Spell,Witching Hour,Damascus,Aphonia,Ambehaving,Swift Deal,Hail to Reason,Cosmah,Understanding,Mountain Flower,Exclusive Native,Won't Tell You,Minnesota Mac,Minnetonka,Hail to Reason,Bramalea,Graustark,Golden Trail,Raise a Native,Gold Digger,Nureyev,Barger,Nijinsky,Foreseer,Sadler's Wells,Sun Princess,Mt. Livermore,Big Dreams,Relaunch,Popachee
202605010303,10,ダート,1600.0,良,未勝利,デクラレーションオブウォー,タッシーエルモ,War Front,Tempo West,エピファネイア,ストロングレダ,Danzig,Starry Dreamer,Rahy,Tempo,シンボリクリスエス,シーザリオ,マンハッタンカフェ,ハートオンウェーブ,Northern Dancer,Pas de Nom,Rubiano,Lara's Star,Blushing Groom,Glorious Song,Gone West,Terpsichorist,Kris S.,Tee Kay,スペシャルウィーク,キロフプリミエール,サンデーサイレンス,サトルチェンジ,Storm Cat,Fairy Heights,Nearctic,Natalma,Admiral's Voyage,Petitioner,Fappiano,Ruby Slippers,Forli,True Reality,Red God,Runaway Bride,Halo,Ballade,Mr. Prospector,Secrettame,Nijinsky,Glad Rags,Roberto,Sharp Queen,Gold Meridian,Tri Argo,サンデーサイレンス,キャンペンガール,Sadler's Wells,Querida,Halo,Wishing Well,Law Society,Santa Luciana,Storm Bird,Terlingua,Fairy King,Commanche Belle
202605010303,11,ダート,1600.0,良,未勝利,エイシンフラッシュ,マナツノヨノユメ,キングズベスト,ムーンレディ,ヴィクトワールピサ,アドマイヤダッシュ,Kingmambo,Allegretta,Platini,Midnight Fever,ネオユニヴァース,ホワイトウォーターアフェア,フサイチコンコルド,シンコウエンジェル,Mr. Prospector,Miesque,Lombard,Anatevka,Surumu,Prairie Darling,Sure Blade,Majoritat,サンデーサイレンス,ポインテッドパス,Machiavellian,Much Too Risky,Caerleon,バレークイーン,オジジアン,A Kiss for Luck,Raise a Native,Gold Digger,Nureyev,Pasadoble,Agio,Promised Lady,Espresso,Almyra,Literat,Surama,Stanford,Prairie Belle,Kris,Double Lock,Konigsstuhl,Monacchia,Halo,Wishing Well,Kris,Silken Way,Mr. Prospector,Coup de Folie,Bustino,Short Rations,Nijinsky,Foreseer,Sadler's Wells,Sun Princess,Damascus,Gonfalon,Reflected Glory,Painted Flag
202605010303,12,ダート,1600.0,良,未勝利,ナダル,バケットリスト,Blame,Ascending Angel,シンボリクリスエス,レチャーダ,Arch,Liable,Pulpit,Solar Colony,Kris S.,Tee Kay,ディープインパクト,ドゥルセデレーチェ,Kris S.,Aurora,Seeking the Gold,Bound,A.P. Indy,Preach,Pleasant Colony,Meteor Stage,Roberto,Sharp Queen,Gold Meridian,Tri Argo,サンデーサイレンス,ウインドインハーヘア,フレンチデピュティ,ポトリザリス,Roberto,Sharp Queen,Danzig,Althea,Mr. Prospector,Con Game,Nijinsky,Special,Seattle Slew,Weekend Surprise,Mr. Prospector,Narrate,His Majesty,Sun Colony,Stage Door Johnny,Northern Meteor,Hail to Reason,Bramalea,Princequillo,Bridgework,Seattle Slew,Queen Louie,Tri Jet,Hail Proudly,Halo,Wishing Well,Alzao,Burghclere,Deputy Minister,Mitterand,Potrillazo,Chaldee
202605010303,13,ダート,1600.0,良,未勝利,ワールドプレミア,メジャーメアリー,ディープインパクト,マンデラ,ブライアンズタイム,ウィムシカルソーツ,サンデーサイレンス,ウインドインハーヘア,Acatenango,Mandellicht,Roberto,Kelley's Day,Kingmambo,Valiant Jewel,Halo,Wishing Well,Alzao,Burghclere,Surumu,Aggravate,Be My Guest,Mandelauge,Hail to Reason,Bramalea,Graustark,Golden Trail,Mr. Prospector,Miesque,Buckley Boy,Every Effort,Hail to Reason,Cosmah,Understanding,Mountain Flower,Lyphard,Lady Rebecca,Busted,Highclere,Literat,Surama,Aggressor,Raven Locks,Northern Dancer,What a Treat,Elektrant,Mandriale,Turn-to,Nothirdchance,Nashua,Rarelea,Ribot,Flower Bowl,Hasty Road,Sunny Vale,Raise a Native,Gold Digger,Nureyev,Pasadoble,Alydar,Plankton,Full Out,Champ de Soleil
202605010303,14,ダート,1600.0,良,未勝利,Known Agenda,Cateybug,Curlin,Byrama,Tiznow,Little Bug,Smart Strike,Sherriff's Deputy,Byron,Aymara,Cee's Tizzy,Cee's Song,Dixie Union,Gin Running,Mr. Prospector,Classy 'n Smart,Deputy Minister,Barbarika,Green Desert,Gay Gallanta,Darshaan,Chipaya,Relaunch,テイズリー,Seattle Song,Lonely Dancer,Dixieland Band,She's Tops,Go for Gin,Crafty and Evil,Raise a Native,Gold Digger,Smarten,No Class,Vice Regent,Mint Copy,Bates Motel,War Exchange,Danzig,Foreign Courier,Woodman,Gallanta,Shirley Heights,Delsy,Northern Prospect,Flaming Rose,In Reality,Foggy Note,Lyphard,Tizna,Seattle Slew,Incantation,ナイスダンサー,Sleep Lonely,Northern Dancer,Mississippi Mud,Capote,She's a Talent,Cormorant,Never Knock,Crafty Prospector,Evil Elaine
202605010303,15,ダート,1600.0,良,未勝利,エピファネイア,ジュリアー,シンボリクリスエス,シーザリオ,Sky Mesa,Annika Rules,Kris S.,Tee Kay,スペシャルウィーク,キロフプリミエール,Pulpit,Caress,Seeking the Gold,ジュエルドクラウン,Roberto,Sharp Queen,Gold Meridian,Tri Argo,サンデーサイレンス,キャンペンガール,Sadler's Wells,Querida,A.P. Indy,Preach,Storm Cat,La Affirmed,Mr. Prospector,Con Game,Seattle Slew,Six Crowns,Hail to Reason,Bramalea,Princequillo,Bridgework,Seattle Slew,Queen Louie,Tri Jet,Hail Proudly,Halo,Wishing Well,マルゼンスキー,レディーシラオキ,Northern Dancer,Fairy Bridge,Habitat,Principia,Seattle Slew,Weekend Surprise,Mr. Prospector,Narrate,Storm Bird,Terlingua,Affirmed,La Mesa,Raise a Native,Gold Digger,Buckpasser,Broadway,Bold Reasoning,My Charmer,Secretariat,Chris Evert
202605010303,16,ダート,1600.0,良,未勝利,ミスターメロディ,シントーアサヒ,Scat Daddy,Trusty Lady,ストロングリターン,ケセラセラ,ヨハネスブルグ,Love Style,Deputy Minister,Klassy Kim,シンボリクリスエス,コートアウト,ゴールドアリュール,アニーブラウン,ヘネシー,Myth,Mr. Prospector,Likeable Style,Vice Regent,Mint Copy,Silent Screen,クールアライヴァル,Kris S.,Tee Kay,Smart Strike,アザール,サンデーサイレンス,ニキーヤ,ノーザンテースト,アルズアニー,Storm Cat,Island Kitty,オジジアン,Yarn,Raise a Native,Gold Digger,Nijinsky,Personable Lady,Northern Dancer,Victoria Regina,Bunty's Flight,Shakney,Prince John,Prayer Bell,Relaunch,Irish Arrival,Roberto,Sharp Queen,Gold Meridian,Tri Argo,Mr. Prospector,Classy 'n Smart,Nijinsky,Smart Heiress,Halo,Wishing Well,Nureyev,Reluctant Guest,Northern Dancer,Lady Victoria,Al Hattab,Annie Burns
202605010304,1,ダート,1600.0,良,1勝クラス,Justify,オールインファン,Scat Daddy,Stage Magic,Tapit,Devils Humor,ヨハネスブルグ,Love Style,Ghostzapper,Magical Illusion,Pulpit,Tap Your Heels,Distorted Humor,Fleet Renee,ヘネシー,Myth,Mr. Prospector,Likeable Style,Awesome Again,Baby Zip,Pulpit,Voodoo Lily,A.P. Indy,Preach,Unbridled,Ruby Slippers,フォーティナイナー,Danzig's Beauty,Seattle Slew,Darien Miss,Storm Cat,Island Kitty,オジジアン,Yarn,Raise a Native,Gold Digger,Nijinsky,Personable Lady,Deputy Minister,Primal Force,Relaunch,Thirty Zip,A.P. Indy,Preach,Baldski,Cap the Moment,Seattle Slew,Weekend Surprise,Mr. Prospector,Narrate,Fappiano,Gana Facil,Nijinsky,Moon Glitter,Mr. Prospector,File,Danzig,Sweetest Chant,Bold Reasoning,My Charmer,Mr. Leader,Gronas
202605010304,2,ダート,1600.0,良,1勝クラス,ナダル,タマモボレロ,Blame,Ascending Angel,ハーツクライ,チャームダンス,Arch,Liable,Pulpit,Solar Colony,サンデーサイレンス,アイリッシュダンス,アフリート,ダンシングゴッデス,Kris S.,Aurora,Seeking the Gold,Bound,A.P. Indy,Preach,Pleasant Colony,Meteor Stage,Halo,Wishing Well,トニービン,ビューパーダンス,Mr. Prospector,Polite Lady,Nijinsky,Producer,Roberto,Sharp Queen,Danzig,Althea,Mr. Prospector,Con Game,Nijinsky,Special,Seattle Slew,Weekend Surprise,Mr. Prospector,Narrate,His Majesty,Sun Colony,Stage Door Johnny,Northern Meteor,Hail to Reason,Cosmah,Understanding,Mountain Flower,カンパラ,Severn Bridge,Lyphard,My Bupers,Raise a Native,Gold Digger,Venetian Jester,Friendly Ways,Northern Dancer,Flaming Page,Nashua,Marion
202605010304,3,ダート,1600.0,良,1勝クラス,ナダル,レニーズゴットジップ,Blame,Ascending Angel,City Zip,No Dress Code,Arch,Liable,Pulpit,Solar Colony,Carson City,Baby Zip,Distorted Humor,Westfold Vale,Kris S.,Aurora,Seeking the Gold,Bound,A.P. Indy,Preach,Pleasant Colony,Meteor Stage,Mr. Prospector,Blushing Promise,Relaunch,Thirty Zip,フォーティナイナー,Danzig's Beauty,Flying Paster,In Hopes,Roberto,Sharp Queen,Danzig,Althea,Mr. Prospector,Con Game,Nijinsky,Special,Seattle Slew,Weekend Surprise,Mr. Prospector,Narrate,His Majesty,Sun Colony,Stage Door Johnny,Northern Meteor,Raise a Native,Gold Digger,Blushing Groom,Summertime Promise,In Reality,Foggy Note,Tri Jet,Sailaway,Mr. Prospector,File,Danzig,Sweetest Chant,Gummo,Procne,Affirmed,Cascapedia
202605010304,4,ダート,1600.0,良,1勝クラス,レッドファルクス,ナチュラルスタンス,スウェプトオーヴァーボード,ベルモット,フジキセキ,エールスタンス,エンドスウィープ,Sheer Ice,サンデーサイレンス,レガシーオブストレングス,サンデーサイレンス,ミルレーサー,エルコンドルパサー,エリンバード,フォーティナイナー,Broom Dance,Cutlass,Hey Dolly A.,Halo,Wishing Well,Affirmed,Katonka,Halo,Wishing Well,Le Fabuleux,Marston's Mill,Kingmambo,サドラーズギャル,Bluebird,Maid of Erin,Mr. Prospector,File,Dance Spell,Witching Hour,Damascus,Aphonia,Ambehaving,Swift Deal,Hail to Reason,Cosmah,Understanding,Mountain Flower,Exclusive Native,Won't Tell You,Minnesota Mac,Minnetonka,Hail to Reason,Cosmah,Understanding,Mountain Flower,Wild Risk,Anguar,In Reality,Millicent,Mr. Prospector,Miesque,Sadler's Wells,Glenveagh,Storm Bird,Ivory Dawn,Irish River,Dancing Shadow
202605010304,5,ダート,1600.0,良,1勝クラス,ドゥラメンテ,スウィッチインタイム,キングカメハメハ,アドマイヤグルーヴ,Galileo,Switch,Kingmambo,マンファス,サンデーサイレンス,エアグルーヴ,Sadler's Wells,Urban Sea,Quiet American,Antoniette,Mr. Prospector,Miesque,ラストタイクーン,Pilot Bird,Halo,Wishing Well,トニービン,ダイナカール,Northern Dancer,Fairy Bridge,Miswaki,Allegretta,Fappiano,Demure,Nicholas,Queen of Women,Raise a Native,Gold Digger,Nureyev,Pasadoble,トライマイベスト,Mill Princess,Blakeney,The Dancer,Hail to Reason,Cosmah,Understanding,Mountain Flower,カンパラ,Severn Bridge,ノーザンテースト,シャダイフェザー,Nearctic,Natalma,Bold Reason,Special,Mr. Prospector,Hopespringseternal,Lombard,Anatevka,Mr. Prospector,Killaloe,Dr. Fager,Quiet Charm,Danzig,Lulu Mon Amour,Sharpen Up,Tash
202605010304,6,ダート,1600.0,良,1勝クラス,ブリックスアンドモルタル,サンブルエミューズ,Giant's Causeway,Beyond the Waves,ダイワメジャー,ヴィートマルシェ,Storm Cat,Mariah's Storm,Ocean Crest,Excedent,サンデーサイレンス,スカーレットブーケ,フレンチデピュティ,キョウエイマーチ,Storm Bird,Terlingua,Rahy,イメンス,Storm Bird,S.S.Aroma,Exceller,Broadway Lullaby,Halo,Wishing Well,ノーザンテースト,スカーレットインク,Deputy Minister,Mitterand,ダンシングブレーヴ,インターシャルマン,Northern Dancer,South Ocean,Secretariat,Crimson Saint,Blushing Groom,Glorious Song,Roberto,Imsodear,Northern Dancer,South Ocean,Seattle Slew,Rare Bouquet,Vaguely Noble,Too Bald,Stage Door Johnny,リットルブレツシング,Hail to Reason,Cosmah,Understanding,Mountain Flower,Northern Dancer,Lady Victoria,Crimson Satan,Consentida,Vice Regent,Mint Copy,Hold Your Peace,Laredo Lass,Lyphard,Navajo Princess,ブレイヴェストローマン,トキノシュリリー
202605010304,7,ダート,1600.0,良,1勝クラス,アニマルキングダム,チャノカオリ,Leroidesanimaux,ダリシア,ゴールドアリュール,チャツミムスメ,Candy Stripes,Dissemble,Acatenango,Dynamis,サンデーサイレンス,ニキーヤ,サクラバクシンオー,ソウルディーバ,Blushing Groom,バブルカンパニー,Ahonoora,Kerali,Surumu,Aggravate,ダンシングブレーヴ,Diasprina,Halo,Wishing Well,Nureyev,Reluctant Guest,サクラユタカオー,サクラハゴロモ,アドマイヤベガ,メゾンブランシュ,Red God,Runaway Bride,Lyphard,Prodice,Lorenzaccio,Helen Nichols,High Line,Sookera,Literat,Surama,Aggressor,Raven Locks,Lyphard,Navajo Princess,Aspros,Dorle,Hail to Reason,Cosmah,Understanding,Mountain Flower,Northern Dancer,Special,Hostage,Vaguely Royal,テスコボーイ,アンジェリカ,ノーザンテースト,クリアアンバー,サンデーサイレンス,ベガ,Alleged,ブランシユレイン
202605010304,8,ダート,1600.0,良,1勝クラス,Omaha Beach,ティザチック,War Front,Charming,Tiznow,Never a No Hitter,Danzig,Starry Dreamer,Seeking the Gold,Take Charge Lady,Cee's Tizzy,Cee's Song,Kris S.,Jeano,Northern Dancer,Pas de Nom,Rubiano,Lara's Star,Mr. Prospector,Con Game,デヒア,Felicita,Relaunch,テイズリー,Seattle Song,Lonely Dancer,Roberto,Sharp Queen,Fappiano,バジー,Nearctic,Natalma,Admiral's Voyage,Petitioner,Fappiano,Ruby Slippers,Forli,True Reality,Raise a Native,Gold Digger,Buckpasser,Broadway,Deputy Minister,Sister Dot,Rubiano,Grand Bonheur,In Reality,Foggy Note,Lyphard,Tizna,Seattle Slew,Incantation,ナイスダンサー,Sleep Lonely,Hail to Reason,Bramalea,Princequillo,Bridgework,Mr. Prospector,Killaloe,In Reality,Stolen Base
202605010304,9,ダート,1600.0,良,1勝クラス,アドマイヤマーズ,ソーメニーウェイズ,ダイワメジャー,ヴィアメディチ,Sightseeing,Happy Scene,サンデーサイレンス,スカーレットブーケ,Medicean,Via Milano,Pulpit,Resort,デヒア,リアリーハッピー,Halo,Wishing Well,ノーザンテースト,スカーレットインク,Machiavellian,Mystic Goddess,シングスピール,Salvinaxia,A.P. Indy,Preach,Pleasant Colony,Extravagant Woman,Deputy Minister,Sister Dot,Avenue of Flags,Dear Laura,Hail to Reason,Cosmah,Understanding,Mountain Flower,Northern Dancer,Lady Victoria,Crimson Satan,Consentida,Mr. Prospector,Coup de Folie,Storm Bird,Rose Goddess,In the Wings,Glorious Song,Linamix,Salve,Seattle Slew,Weekend Surprise,Mr. Prospector,Narrate,His Majesty,Sun Colony,Alydar,Squander,Vice Regent,Mint Copy,Secretariat,Sword Game,Seattle Slew,Beautiful Glass,Youth,Six Months Long
202605010304,10,ダート,1600.0,良,1勝クラス,アドマイヤマーズ,プリティカポレイ,ダイワメジャー,ヴィアメディチ,クロフネ,タイムフェアレディ,サンデーサイレンス,スカーレットブーケ,Medicean,Via Milano,フレンチデピュティ,ブルーアヴェニュー,メジロマックイーン,トキファイター,Halo,Wishing Well,ノーザンテースト,スカーレットインク,Machiavellian,Mystic Goddess,シングスピール,Salvinaxia,Deputy Minister,Mitterand,Classic Go Go,Eliza Blue,メジロティターン,メジロオーロラ,カツラギエース,ダンシングファイタ,Hail to Reason,Cosmah,Understanding,Mountain Flower,Northern Dancer,Lady Victoria,Crimson Satan,Consentida,Mr. Prospector,Coup de Folie,Storm Bird,Rose Goddess,In the Wings,Glorious Song,Linamix,Salve,Vice Regent,Mint Copy,Hold Your Peace,Laredo Lass,Pago Pago,Classic Perfection,Icecapade,コレラ,メジロアサマ,シエリル,リマンド,メジロアイリス,ボイズィーボーイ,タニノベンチヤ,ダンシングキャップ,キシューファイター
202605010304,11,ダート,1600.0,良,1勝クラス,ドレフォン,ユキチャン,Gio Ponti,Eltimaas,クロフネ,シラユキヒメ,Tale of the Cat,Chipeta Springs,Ghostzapper,Najecam,フレンチデピュティ,ブルーアヴェニュー,サンデーサイレンス,ウェイブウインド,Storm Cat,Yarn,Alydar,Salt Spring,Awesome Again,Baby Zip,Trempolino,Sue Warner,Deputy Minister,Mitterand,Classic Go Go,Eliza Blue,Halo,Wishing Well,Topsider,Storm and Sunshine,Storm Bird,Terlingua,Mr. Prospector,Narrate,Raise a Native,Sweet Tooth,Salt Marsh,Jungle Mythologic,Deputy Minister,Primal Force,Relaunch,Thirty Zip,Sharpen Up,Trephine,Forli,Bitty Girl,Vice Regent,Mint Copy,Hold Your Peace,Laredo Lass,Pago Pago,Classic Perfection,Icecapade,コレラ,Hail to Reason,Cosmah,Understanding,Mountain Flower,Northern Dancer,Drumtop,Star de Naskra,Sea Drone
202605010304,12,ダート,1600.0,良,1勝クラス,オルフェーヴル,ティンバレス,ステイゴールド,オリエンタルアート,ウォーエンブレム,ティエッチマンボ,サンデーサイレンス,ゴールデンサッシュ,メジロマックイーン,エレクトロアート,Our Emblem,Sweetest Lady,Kingmambo,ブロートツウマインド,Halo,Wishing Well,ディクタス,ダイナサッシュ,メジロティターン,メジロオーロラ,ノーザンテースト,グランマスティーヴンス,Mr. Prospector,Personal Ensign,Lord at War,Sweetest Roman,Mr. Prospector,Miesque,Ruthie's Native,Eliza Blue,Hail to Reason,Cosmah,Understanding,Mountain Flower,Sanctus,Doronic,ノーザンテースト,ロイヤルサッシュ,メジロアサマ,シエリル,リマンド,メジロアイリス,Northern Dancer,Lady Victoria,Lt. Stevens,Dhow,Raise a Native,Gold Digger,Private Account,Grecian Banner,General,Luna de Miel,The Pruner,I Also,Raise a Native,Gold Digger,Nureyev,Pasadoble,Native Royalty,Right About,Icecapade,コレラ
202605010304,13,ダート,1600.0,良,1勝クラス,ハービンジャー,ハロックライン,Dansili,Penang Pearl,キングカメハメハ,ミスティックリバー,デインヒル,Hasili,Bering,Guapa,Kingmambo,マンファス,サンデーサイレンス,ホワイトウォーターアフェア,Danzig,Razyana,Kahyasi,Kerali,Arctic Tern,Beaune,Shareef Dancer,Sauceboat,Mr. Prospector,Miesque,ラストタイクーン,Pilot Bird,Halo,Wishing Well,Machiavellian,Much Too Risky,Northern Dancer,Pas de Nom,His Majesty,Spring Adieu,イルドブルボン,Kadissya,High Line,Sookera,Sea-Bird,Bubbling Beauty,Lyphard,Barbra,Northern Dancer,Sweet Alliance,Connaught,Cranberry Sauce,Raise a Native,Gold Digger,Nureyev,Pasadoble,トライマイベスト,Mill Princess,Blakeney,The Dancer,Hail to Reason,Cosmah,Understanding,Mountain Flower,Mr. Prospector,Coup de Folie,Bustino,Short Rations
202605010305,1,芝,1800.0,良,新馬,シルバーステート,ラヴザットマスタング,ディープインパクト,シルヴァースカヤ,Candy Ride,Proposed,サンデーサイレンス,ウインドインハーヘア,Silver Hawk,Boubskaia,Ride the Rails,Candy Girl,Benchmark,Quiet Romance,Halo,Wishing Well,Alzao,Burghclere,Roberto,Gris Vitesse,Niniski,Frenetique,Cryptoclearance,Herbalesian,Candy Stripes,City Girl,Alydar,Winters' Love,Bertrando,Brisa de Mar,Hail to Reason,Cosmah,Understanding,Mountain Flower,Lyphard,Lady Rebecca,Busted,Highclere,Hail to Reason,Bramalea,Amerigo,Matchiche,Nijinsky,Virginia Hills,Tyrant,Femina,Fappiano,Naval Orange,Herbager,Alanesian,Blushing Groom,バブルカンパニー,Farnesio,Cithara,Raise a Native,Sweet Tooth,Danzig,Cold Hearted,Skywalker,Gentle Hands,Pirate's Bounty,Viga
202605010305,2,芝,1800.0,良,新馬,コントレイル,スルターナ,ディープインパクト,ロードクロサイト,キングヘイロー,ラヴァーズレーン,サンデーサイレンス,ウインドインハーヘア,Unbridled's Song,Folklore,ダンシングブレーヴ,グッバイヘイロー,メジロライアン,モガミヒメ,Halo,Wishing Well,Alzao,Burghclere,Unbridled,Trolley Song,Tiznow,Contrive,Lyphard,Navajo Princess,Halo,Pound Foolish,アンバーシャダイ,メジロチェイサー,カコイーシーズ,モガミポイント,Hail to Reason,Cosmah,Understanding,Mountain Flower,Lyphard,Lady Rebecca,Busted,Highclere,Fappiano,Gana Facil,Caro,Lucky Spell,Cee's Tizzy,Cee's Song,Storm Cat,Jeano,Northern Dancer,Goofed,Drone,Olmec,Hail to Reason,Cosmah,Sir Ivor,Squander,ノーザンテースト,クリアアンバー,メジロサンマン,シエリル,Alydar,Careless Notion,マルゼンスキー,ポイントメーカー
202605010305,3,芝,1800.0,良,新馬,キタサンブラック,キラーグレイシス,ブラックタイド,シュガーハート,Congaree,Heatherdoesntbluff,サンデーサイレンス,ウインドインハーヘア,サクラバクシンオー,オトメゴコロ,アラジ,Mari's Sheba,Old Trieste,Michigan Bluff,Halo,Wishing Well,Alzao,Burghclere,サクラユタカオー,サクラハゴロモ,ジャッジアンジェルーチ,テイズリー,Blushing Groom,ダンスールファビュルー,Mari's Book,Sheba Little,A.P. Indy,Lovlier Linda,Skywalker,ミドルフォークラピッヅ,Hail to Reason,Cosmah,Understanding,Mountain Flower,Lyphard,Lady Rebecca,Busted,Highclere,テスコボーイ,アンジェリカ,ノーザンテースト,クリアアンバー,Honest Pleasure,Victorian Queen,Lyphard,Tizna,Red God,Runaway Bride,Northern Dancer,Fabuleux Jane,Northern Dancer,Mari Her,Known Fact,Come Back,Seattle Slew,Weekend Surprise,Vigors,Linda Summers,Relaunch,Bold Captive,Wild Again,Gleaming Water
202605010305,4,芝,1800.0,良,新馬,レイデオロ,ディエンティ,キングカメハメハ,ラドラーダ,Storm Cat,Lotta Dancing,Kingmambo,マンファス,シンボリクリスエス,レディブロンド,Storm Bird,Terlingua,Alydar,Lotka,Mr. Prospector,Miesque,ラストタイクーン,Pilot Bird,Kris S.,Tee Kay,Seeking the Gold,ウインドインハーヘア,Northern Dancer,South Ocean,Secretariat,Crimson Saint,Raise a Native,Sweet Tooth,Danzig,Kennelot,Raise a Native,Gold Digger,Nureyev,Pasadoble,トライマイベスト,Mill Princess,Blakeney,The Dancer,Roberto,Sharp Queen,Gold Meridian,Tri Argo,Mr. Prospector,Con Game,Alzao,Burghclere,Nearctic,Natalma,New Providence,Shining Sun,Bold Ruler,Somethingroyal,Crimson Satan,Bolero Rose,Native Dancer,Raise You,On-And-On,Plum Cake,Northern Dancer,Pas de Nom,Gallant Man,Queen Sucree
202605010305,5,芝,1800.0,良,新馬,アルバート,アカネサス,アドマイヤドン,フォルクローレ,ロードカナロア,クィーンズバーン,ティンバーカントリー,ベガ,ダンスインザダーク,アンデスレディー,キングカメハメハ,レディブラッサム,スペシャルウィーク,シンコウエンジェル,Woodman,Fall Aspen,トニービン,アンティックヴァリュー,サンデーサイレンス,ダンシングキイ,ノーザンテースト,ペルースポート,Kingmambo,マンファス,Storm Cat,サラトガデュー,サンデーサイレンス,キャンペンガール,オジジアン,A Kiss for Luck,Mr. Prospector,プレイメイト,Pretense,Change Water,カンパラ,Severn Bridge,Northern Dancer,Moonscape,Halo,Wishing Well,Nijinsky,Key Partner,Northern Dancer,Lady Victoria,ガーサント,グレートターフ,Mr. Prospector,Miesque,ラストタイクーン,Pilot Bird,Storm Bird,Terlingua,Cormorant,Super Luna,Halo,Wishing Well,マルゼンスキー,レディーシラオキ,Damascus,Gonfalon,Reflected Glory,Painted Flag
202605010305,6,芝,1800.0,良,新馬,ストーミーシー,タプローム,アドマイヤムーン,リーベストラウム,ケイムホーム,サンデーワールド,エンドスウィープ,マイケイティーズ,ゼンノエルシド,マウントモガミ,Gone West,Nice Assay,サンデーサイレンス,シャドーワールド,フォーティナイナー,Broom Dance,サンデーサイレンス,ケイティーズファースト,Caerleon,エンブラ,モガミ,マウントソブリン,Mr. Prospector,Secrettame,Clever Trick,インフルヴユー,Halo,Wishing Well,Nijinsky,Rare Mint,Mr. Prospector,File,Dance Spell,Witching Hour,Halo,Wishing Well,Kris,Katies,Nijinsky,Foreseer,Dominion,Kaftan,Lyphard,ノーラック,ラッキーソブリン,マルイチアサコ,Raise a Native,Gold Digger,Secretariat,Tamerett,Icecapade,Kankakee Miss,Full Out,Turn n'See,Hail to Reason,Cosmah,Understanding,Mountain Flower,Northern Dancer,Flaming Page,Key to the Mint,Another Treat
202605010305,7,芝,1800.0,良,新馬,ロードカナロア,インナーレルム,キングカメハメハ,レディブラッサム,Galileo,Offshore Boom,Kingmambo,マンファス,Storm Cat,サラトガデュー,Sadler's Wells,Urban Sea,Be My Guest,Push a Button,Mr. Prospector,Miesque,ラストタイクーン,Pilot Bird,Storm Bird,Terlingua,Cormorant,Super Luna,Northern Dancer,Fairy Bridge,Miswaki,Allegretta,Northern Dancer,What a Treat,Bold Lad,River Lady,Raise a Native,Gold Digger,Nureyev,Pasadoble,トライマイベスト,Mill Princess,Blakeney,The Dancer,Northern Dancer,South Ocean,Secretariat,Crimson Saint,His Majesty,Song Sparrow,In Reality,Alada,Nearctic,Natalma,Bold Reason,Special,Mr. Prospector,Hopespringseternal,Lombard,Anatevka,Nearctic,Natalma,Tudor Minstrel,Rare Treat,Bold Ruler,Barn Pride,Prince John,Nile Lily
202605010305,8,芝,1800.0,良,新馬,ウインブライト,ドリームローズ,ステイゴールド,サマーエタニティ,サクラバクシンオー,ビスクドール,サンデーサイレンス,ゴールデンサッシュ,アドマイヤコジーン,オールフォーゲラン,サクラユタカオー,サクラハゴロモ,サンデーサイレンス,フェアリードール,Halo,Wishing Well,ディクタス,ダイナサッシュ,Cozzene,アドマイヤマカディ,ジェイドロバリー,ミスゲラン,テスコボーイ,アンジェリカ,ノーザンテースト,クリアアンバー,Halo,Wishing Well,Nureyev,Dream Deal,Hail to Reason,Cosmah,Understanding,Mountain Flower,Sanctus,Doronic,ノーザンテースト,ロイヤルサッシュ,Caro,Ride the Trails,ノーザンテースト,ミセスマカディー,Mr. Prospector,Number,マルゼンスキー,ゲラン,Princely Gift,Suncourt,ネヴァービート,スターハイネス,Northern Dancer,Lady Victoria,Ambiopoise,One Clear Call,Hail to Reason,Cosmah,Understanding,Mountain Flower,Northern Dancer,Special,Sharpen Up,Likely Exchange
202605010305,9,芝,1800.0,良,新馬,エイシンヒカリ,エイシンロード,ディープインパクト,キャタリナ,ジャスタウェイ,ブライトアバンダンス,サンデーサイレンス,ウインドインハーヘア,Storm Cat,Carolina Saga,ハーツクライ,シビル,Quiet American,Quality Gift,Halo,Wishing Well,Alzao,Burghclere,Storm Bird,Terlingua,Caro,Key to the Saga,サンデーサイレンス,アイリッシュダンス,Wild Again,シャロン,Fappiano,Demure,ラストタイクーン,Manntika,Hail to Reason,Cosmah,Understanding,Mountain Flower,Lyphard,Lady Rebecca,Busted,Highclere,Northern Dancer,South Ocean,Secretariat,Crimson Saint,フォルティノ,Chambord,Key to the Mint,Sea Saga,Halo,Wishing Well,トニービン,ビューパーダンス,Icecapade,Bushel-n-Peck,Mo Exception,Double Wiggle,Mr. Prospector,Killaloe,Dr. Fager,Quiet Charm,トライマイベスト,Mill Princess,Kalamoun,Manushka
202605010305,10,芝,1800.0,良,新馬,ハービンジャー,サングレアル,Dansili,Penang Pearl,ゼンノロブロイ,ビワハイジ,デインヒル,Hasili,Bering,Guapa,サンデーサイレンス,ローミンレイチェル,Caerleon,アグサン,Danzig,Razyana,Kahyasi,Kerali,Arctic Tern,Beaune,Shareef Dancer,Sauceboat,Halo,Wishing Well,マイニング,One Smart Lady,Nijinsky,Foreseer,Lord Gayle,Santa Luciana,Northern Dancer,Pas de Nom,His Majesty,Spring Adieu,イルドブルボン,Kadissya,High Line,Sookera,Sea-Bird,Bubbling Beauty,Lyphard,Barbra,Northern Dancer,Sweet Alliance,Connaught,Cranberry Sauce,Hail to Reason,Cosmah,Understanding,Mountain Flower,Mr. Prospector,I Pass,Clever Trick,Pia's Lady,Northern Dancer,Flaming Page,Round Table,Regal Gleam,Sir Gaylord,Sticky Case,Luciano,Suleika
202605010305,11,芝,1800.0,良,新馬,ワールドプレミア,ドゥシャンパーニュ,ディープインパクト,マンデラ,ロードカナロア,ロゼシャンパーニュ,サンデーサイレンス,ウインドインハーヘア,Acatenango,Mandellicht,キングカメハメハ,レディブラッサム,ゼンノロブロイ,アーティストチョイス,Halo,Wishing Well,Alzao,Burghclere,Surumu,Aggravate,Be My Guest,Mandelauge,Kingmambo,マンファス,Storm Cat,サラトガデュー,サンデーサイレンス,ローミンレイチェル,Giant's Causeway,Astorg,Hail to Reason,Cosmah,Understanding,Mountain Flower,Lyphard,Lady Rebecca,Busted,Highclere,Literat,Surama,Aggressor,Raven Locks,Northern Dancer,What a Treat,Elektrant,Mandriale,Mr. Prospector,Miesque,ラストタイクーン,Pilot Bird,Storm Bird,Terlingua,Cormorant,Super Luna,Halo,Wishing Well,マイニング,One Smart Lady,Storm Cat,Mariah's Storm,Lear Fan,Action Francaise
202605010305,12,芝,1800.0,良,新馬,レインボーライン,オウケンサクラブ,ステイゴールド,レーゲンボーゲン,オウケンブルースリ,オウケンサクラ,サンデーサイレンス,ゴールデンサッシュ,フレンチデピュティ,レインボーファスト,ジャングルポケット,シルバージョイ,バゴ,ランフォザドリーム,Halo,Wishing Well,ディクタス,ダイナサッシュ,Deputy Minister,Mitterand,レインボーアンバー,レインボーローズ,トニービン,ダンスチャーマー,Silver Deputy,Joy of Myrtlewood,Nashwan,Moonlight's Box,リアルシャダイ,ミルフォードスルー,Hail to Reason,Cosmah,Understanding,Mountain Flower,Sanctus,Doronic,ノーザンテースト,ロイヤルサッシュ,Vice Regent,Mint Copy,Hold Your Peace,Laredo Lass,アンバーシャダイ,イーデンブルース,ファーストファミリー,プティットアミ,カンパラ,Severn Bridge,Nureyev,Skillful Joy,Deputy Minister,Silver Valley,Northern Jove,Myrtlewood Lass,Blushing Groom,Height of Fashion,Nureyev,Coup de Genie,Roberto,Desert Vixen,スルーザドラゴン,スピードキヨフジ
202605010305,13,芝,1800.0,良,新馬,キタサンブラック,オーロリンチェ,ブラックタイド,シュガーハート,ディスクリートキャット,It'schemistrybaby,サンデーサイレンス,ウインドインハーヘア,サクラバクシンオー,オトメゴコロ,Forestry,Pretty Discreet,Meadowlake,Not So Pleasant,Halo,Wishing Well,Alzao,Burghclere,サクラユタカオー,サクラハゴロモ,ジャッジアンジェルーチ,テイズリー,Storm Cat,Shared Interest,Private Account,Pretty Persuasive,Hold Your Peace,Suspicious Native,Pleasant Tap,Go for Bold,Hail to Reason,Cosmah,Understanding,Mountain Flower,Lyphard,Lady Rebecca,Busted,Highclere,テスコボーイ,アンジェリカ,ノーザンテースト,クリアアンバー,Honest Pleasure,Victorian Queen,Lyphard,Tizna,Storm Bird,Terlingua,Pleasant Colony,Surgery,Damascus,Numbered Account,Believe It,Bury the Hatchet,Speak John,Blue Moon,Raise a Native,Be Suspicious,Pleasant Colony,Never Knock,Bold Forbes,Perfect Pigeon
202605010305,14,芝,1800.0,良,新馬,ベンバトル,シュネッラー,Dubawi,Nahrain,オルフェーヴル,ロイヤルインパクト,Dubai Millennium,Zomaradah,Selkirk,Bahr,ステイゴールド,オリエンタルアート,ディープインパクト,シーキングロイヤル,Seeking the Gold,Colorado Dancer,Deploy,Jawaher,Sharpen Up,Annie Edge,ジェネラス,Lady of the Sea,サンデーサイレンス,ゴールデンサッシュ,メジロマックイーン,エレクトロアート,サンデーサイレンス,ウインドインハーヘア,Seeking the Gold,Canoodling,Mr. Prospector,Con Game,Shareef Dancer,Fall Aspen,Shirley Heights,Slightly Dangerous,ダンシングブレーヴ,High Tern,エタン,Rocchetta,Nebbiolo,Friendly Court,Caerleon,Doff the Derby,Mill Reef,La Mer,Halo,Wishing Well,ディクタス,ダイナサッシュ,メジロティターン,メジロオーロラ,ノーザンテースト,グランマスティーヴンス,Halo,Wishing Well,Alzao,Burghclere,Mr. Prospector,Con Game,Cyane,Instant Sin
202605010305,15,芝,1800.0,良,新馬,ビーチパトロール,サツキワルツ,Lemon Drop Kid,Bashful Bertie,アーネストリー,パンテール,Kingmambo,Charming Lassie,Quiet American,Clever Bertie,グラスワンダー,レットルダムール,ダンスインザダーク,ワンモアリウン,Mr. Prospector,Miesque,Seattle Slew,Lassie Dear,Fappiano,Demure,Timeless Native,Clever But Costly,Silver Hawk,Ameriflora,トニービン,ダイナチャイナ,サンデーサイレンス,ダンシングキイ,ヘクタープロテクター,ワンモアラブウエイ,Raise a Native,Gold Digger,Nureyev,Pasadoble,Bold Reasoning,My Charmer,Buckpasser,Gay Missile,Mr. Prospector,Killaloe,Dr. Fager,Quiet Charm,Timeless Moment,Head Off,Clever Trick,Swoonlow,Roberto,Gris Vitesse,Danzig,Graceful Touch,カンパラ,Severn Bridge,ノーザンテースト,アスコツトラップ,Halo,Wishing Well,Nijinsky,Key Partner,Woodman,Korveya,ダイナコスモス,ゼンギゴースト
202605010305,16,芝,1800.0,良,新馬,イスラボニータ,ポジショントーク,フジキセキ,イスラコジーン,シンボリクリスエス,シングライクトーク,サンデーサイレンス,ミルレーサー,Cozzene,Isla Mujeres,Kris S.,Tee Kay,ノーザンテースト,フリートーク,Halo,Wishing Well,Le Fabuleux,Marston's Mill,Caro,Ride the Trails,Crafty Prospector,Lido Isle,Roberto,Sharp Queen,Gold Meridian,Tri Argo,Northern Dancer,Lady Victoria,リアルシャダイ,ダイナフリート,Hail to Reason,Cosmah,Understanding,Mountain Flower,Wild Risk,Anguar,In Reality,Millicent,フォルティノ,Chambord,Prince John,Wildwook,Mr. Prospector,Real Crafty Lady,Far North,She Is Gorgeous,Hail to Reason,Bramalea,Princequillo,Bridgework,Seattle Slew,Queen Louie,Tri Jet,Hail Proudly,Nearctic,Natalma,Victoria Park,Lady Angela,Roberto,Desert Vixen,エルセンタウロ,ロイヤルレジナ
202605010306,1,芝,1600.0,良,未勝利,ポエティックフレア,リバースシンキング,Dawn Approach,Maria Lee,ディープブリランテ,スタンドオンエンド,New Approach,Hymn of the Dawn,ロックオブジブラルタル,Elida,ディープインパクト,ラヴアンドバブルズ,エンドスウィープ,Delaware Country,Galileo,Park Express,Phone Trick,Colonial Debut,デインヒル,Offshore Boom,ロイヤルアカデミー,Saviour,サンデーサイレンス,ウインドインハーヘア,Loup Sauvage,バブルドリーム,フォーティナイナー,Broom Dance,Pancho Villa,Missile Belle,Sadler's Wells,Urban Sea,Ahonoora,Matcher,Clever Trick,Over the Phone,Pleasant Colony,Kittihawk Miss,Danzig,Razyana,Be My Guest,Push a Button,Nijinsky,Crimson Saint,Majestic Light,Victorian Queen,Halo,Wishing Well,Alzao,Burghclere,Riverman,Louveterie,Akarad,バブルプロスペクター,Mr. Prospector,File,Dance Spell,Witching Hour,Secretariat,Crimson Saint,Missile,River Princess
202605010306,2,芝,1600.0,良,未勝利,シルバーステート,ロンス,ディープインパクト,シルヴァースカヤ,スウェプトオーヴァーボード,アイコチャン,サンデーサイレンス,ウインドインハーヘア,Silver Hawk,Boubskaia,エンドスウィープ,Sheer Ice,ピルサドスキー,マサコチャン,Halo,Wishing Well,Alzao,Burghclere,Roberto,Gris Vitesse,Niniski,Frenetique,フォーティナイナー,Broom Dance,Cutlass,Hey Dolly A.,Polish Precedent,Cocotte,サンデーサイレンス,チヨダマサコ,Hail to Reason,Cosmah,Understanding,Mountain Flower,Lyphard,Lady Rebecca,Busted,Highclere,Hail to Reason,Bramalea,Amerigo,Matchiche,Nijinsky,Virginia Hills,Tyrant,Femina,Mr. Prospector,File,Dance Spell,Witching Hour,Damascus,Aphonia,Ambehaving,Swift Deal,Danzig,Past Example,Troy,Gay Milly,Halo,Wishing Well,ラバージョン,ミスオーハヤブサ
202605010306,3,芝,1600.0,良,未勝利,ヘンリーバローズ,チアズスワロー,ディープインパクト,シルヴァースカヤ,フレンチデピュティ,チアズダンサー,サンデーサイレンス,ウインドインハーヘア,Silver Hawk,Boubskaia,Deputy Minister,Mitterand,アンバーシャダイ,シャトーフォモサ,Halo,Wishing Well,Alzao,Burghclere,Roberto,Gris Vitesse,Niniski,Frenetique,Vice Regent,Mint Copy,Hold Your Peace,Laredo Lass,ノーザンテースト,クリアアンバー,シャトーゲイ,ネロリ,Hail to Reason,Cosmah,Understanding,Mountain Flower,Lyphard,Lady Rebecca,Busted,Highclere,Hail to Reason,Bramalea,Amerigo,Matchiche,Nijinsky,Virginia Hills,Tyrant,Femina,Northern Dancer,Victoria Regina,Bunty's Flight,Shakney,Speak John,Blue Moon,Bold Ruler,Fortunate Isle,Northern Dancer,Lady Victoria,Ambiopoise,One Clear Call,Swaps,Banquet Bell,Dan Cupid,Aurada
202605010306,4,芝,1600.0,良,未勝利,アドマイヤマーズ,リリレフア,ダイワメジャー,ヴィアメディチ,ロードカナロア,リリサイド,サンデーサイレンス,スカーレットブーケ,Medicean,Via Milano,キングカメハメハ,レディブラッサム,American Post,Miller's Lily,Halo,Wishing Well,ノーザンテースト,スカーレットインク,Machiavellian,Mystic Goddess,Singspiel,Salvinaxia,Kingmambo,マンファス,Storm Cat,サラトガデュー,Bering,Wells Fargo,ミラーズメイト,Lymara,Hail to Reason,Cosmah,Understanding,Mountain Flower,Northern Dancer,Lady Victoria,Crimson Satan,Consentida,Mr. Prospector,Coup de Folie,Storm Bird,Rose Goddess,In the Wings,Glorious Song,Linamix,Salve,Mr. Prospector,Miesque,ラストタイクーン,Pilot Bird,Storm Bird,Terlingua,Cormorant,Super Luna,Arctic Tern,Beaune,Sadler's Wells,Cruising Height,Mill Reef,Primatie,Lyphard,Maradadi
202605010306,5,芝,1600.0,良,未勝利,コントレイル,ジュマイエル,ディープインパクト,ロードクロサイト,Lope de Vega,Nawal,サンデーサイレンス,ウインドインハーヘア,Unbridled's Song,Folklore,Shamardal,Lady Vettori,Homme de Loi,Lute String,Halo,Wishing Well,Alzao,Burghclere,Unbridled,Trolley Song,Tiznow,Contrive,Giant's Causeway,Helsinki,Vettori,Lady Golconda,Law Society,Our Village,ノーリュート,Tarlace,Hail to Reason,Cosmah,Understanding,Mountain Flower,Lyphard,Lady Rebecca,Busted,Highclere,Fappiano,Gana Facil,Caro,Lucky Spell,Cee's Tizzy,Cee's Song,Storm Cat,Jeano,Storm Cat,Mariah's Storm,Machiavellian,Helen Street,Machiavellian,Air Distingue,Kendor,Lady Sharp,Alleged,Bold Bikini,Ballymore,Epona,Luthier,Prudent Miss,ターゴワイス,Alace
202605010306,6,芝,1600.0,良,未勝利,ウインブライト,カレン,ステイゴールド,サマーエタニティ,ディープブリランテ,ヴェルナッツァ,サンデーサイレンス,ゴールデンサッシュ,アドマイヤコジーン,オールフォーゲラン,ディープインパクト,ラヴアンドバブルズ,Unbridled's Song,Fall Fashion,Halo,Wishing Well,ディクタス,ダイナサッシュ,Cozzene,アドマイヤマカディ,ジェイドロバリー,ミスゲラン,サンデーサイレンス,ウインドインハーヘア,Loup Sauvage,バブルドリーム,Unbridled,Trolley Song,Forestry,Digit,Hail to Reason,Cosmah,Understanding,Mountain Flower,Sanctus,Doronic,ノーザンテースト,ロイヤルサッシュ,Caro,Ride the Trails,ノーザンテースト,ミセスマカディー,Mr. Prospector,Number,マルゼンスキー,ゲラン,Halo,Wishing Well,Alzao,Burghclere,Riverman,Louveterie,Akarad,バブルプロスペクター,Fappiano,Gana Facil,Caro,Lucky Spell,Storm Cat,Shared Interest,フォーティナイナー,Number
202605010306,7,芝,1600.0,良,未勝利,サートゥルナーリア,レーヌミノル,ロードカナロア,シーザリオ,ダイワメジャー,ダイワエンジェル,キングカメハメハ,レディブラッサム,スペシャルウィーク,キロフプリミエール,サンデーサイレンス,スカーレットブーケ,タイキシャトル,プリンセススキー,Kingmambo,マンファス,Storm Cat,サラトガデュー,サンデーサイレンス,キャンペンガール,Sadler's Wells,Querida,Halo,Wishing Well,ノーザンテースト,スカーレットインク,Devil's Bag,ウェルシュマフィン,ロイヤルスキー,ギフトプリンセス,Mr. Prospector,Miesque,ラストタイクーン,Pilot Bird,Storm Bird,Terlingua,Cormorant,Super Luna,Halo,Wishing Well,マルゼンスキー,レディーシラオキ,Northern Dancer,Fairy Bridge,Habitat,Principia,Hail to Reason,Cosmah,Understanding,Mountain Flower,Northern Dancer,Lady Victoria,Crimson Satan,Consentida,Halo,Ballade,Caerleon,Muffitys,Raja Baba,Coz o'Nijinsky,テスコボーイ,ヤマトタチバナ
202605010306,8,芝,1600.0,良,未勝利,サングレーザー,スキャットレディビーダンシング,ディープインパクト,マンティスハント,Scat Daddy,La Violette,サンデーサイレンス,ウインドインハーヘア,Deputy Minister,ウィッチフルシンキング,ヨハネスブルグ,Love Style,コロナドズクエスト,Comical Cat,Halo,Wishing Well,Alzao,Burghclere,Vice Regent,Mint Copy,Lord Avie,Halloween Joy,ヘネシー,Myth,Mr. Prospector,Likeable Style,フォーティナイナー,Laughing Look,Exceller,Six Months Long,Hail to Reason,Cosmah,Understanding,Mountain Flower,Lyphard,Lady Rebecca,Busted,Highclere,Northern Dancer,Victoria Regina,Bunty's Flight,Shakney,Lord Gaylord,Avie,Exuberant,Halloween,Storm Cat,Island Kitty,オジジアン,Yarn,Raise a Native,Gold Digger,Nijinsky,Personable Lady,Mr. Prospector,File,Damascus,Laughter,Vaguely Noble,Too Bald,Northern Dancer,Prime Time
202605010306,9,芝,1600.0,良,未勝利,コントレイル,ドリームジョブ,ディープインパクト,ロードクロサイト,Dubawi,Coretta,サンデーサイレンス,ウインドインハーヘア,Unbridled's Song,Folklore,Dubai Millennium,Zomaradah,Caerleon,Free At Last,Halo,Wishing Well,Alzao,Burghclere,Unbridled,Trolley Song,Tiznow,Contrive,Seeking the Gold,Colorado Dancer,Deploy,Jawaher,Nijinsky,Foreseer,Shirley Heights,Brocade,Hail to Reason,Cosmah,Understanding,Mountain Flower,Lyphard,Lady Rebecca,Busted,Highclere,Fappiano,Gana Facil,Caro,Lucky Spell,Cee's Tizzy,Cee's Song,Storm Cat,Jeano,Mr. Prospector,Con Game,Shareef Dancer,Fall Aspen,Shirley Heights,Slightly Dangerous,ダンシングブレーヴ,High Tern,Northern Dancer,Flaming Page,Round Table,Regal Gleam,Mill Reef,Hardiemma,Habitat,Canton Silk
202605010306,10,芝,1600.0,良,未勝利,エピファネイア,レッドアヴァンセ,シンボリクリスエス,シーザリオ,ディープインパクト,エリモピクシー,Kris S.,Tee Kay,スペシャルウィーク,キロフプリミエール,サンデーサイレンス,ウインドインハーヘア,ダンシングブレーヴ,エリモシューテング,Roberto,Sharp Queen,Gold Meridian,Tri Argo,サンデーサイレンス,キャンペンガール,Sadler's Wells,Querida,Halo,Wishing Well,Alzao,Burghclere,Lyphard,Navajo Princess,テスコボーイ,デプグリーフ,Hail to Reason,Bramalea,Princequillo,Bridgework,Seattle Slew,Queen Louie,Tri Jet,Hail Proudly,Halo,Wishing Well,マルゼンスキー,レディーシラオキ,Northern Dancer,Fairy Bridge,Habitat,Principia,Hail to Reason,Cosmah,Understanding,Mountain Flower,Lyphard,Lady Rebecca,Busted,Highclere,Northern Dancer,Goofed,Drone,Olmec,Princely Gift,Suncourt,Vaguely Noble,デプス
202605010306,11,芝,1600.0,良,未勝利,スワーヴリチャード,エクセランフィーユ,ハーツクライ,ピラミマ,Frankel,エクセレンス,サンデーサイレンス,アイリッシュダンス,Unbridled's Song,キャリアコレクション,Galileo,Kind,Champs Elysees,Xanadu Bliss,Halo,Wishing Well,トニービン,ビューパーダンス,Unbridled,Trolley Song,General Meeting,River of Stars,Sadler's Wells,Urban Sea,デインヒル,Rainbow Lake,デインヒル,Hasili,ザール,Marital Bliss,Hail to Reason,Cosmah,Understanding,Mountain Flower,カンパラ,Severn Bridge,Lyphard,My Bupers,Fappiano,Gana Facil,Caro,Lucky Spell,Seattle Slew,Alydar's Promise,Riverman,Star Fortune,Northern Dancer,Fairy Bridge,Miswaki,Allegretta,Danzig,Razyana,Rainbow Quest,Rockfest,Danzig,Razyana,Kahyasi,Kerali,Zafonic,Monroe,Double Bed,Gai Lizza
202605010306,12,芝,1600.0,良,未勝利,ダノンバラード,エアビオンディ,ディープインパクト,レディバラード,ロードカナロア,エアマスカット,サンデーサイレンス,ウインドインハーヘア,Unbridled,Angelic Song,キングカメハメハ,レディブラッサム,ジャングルポケット,エアメサイア,Halo,Wishing Well,Alzao,Burghclere,Fappiano,Gana Facil,Halo,Ballade,Kingmambo,マンファス,Storm Cat,サラトガデュー,トニービン,ダンスチャーマー,サンデーサイレンス,エアデジャヴー,Hail to Reason,Cosmah,Understanding,Mountain Flower,Lyphard,Lady Rebecca,Busted,Highclere,Mr. Prospector,Killaloe,Le Fabuleux,Charedi,Hail to Reason,Cosmah,Herbager,Miss Swapsco,Mr. Prospector,Miesque,ラストタイクーン,Pilot Bird,Storm Bird,Terlingua,Cormorant,Super Luna,カンパラ,Severn Bridge,Nureyev,Skillful Joy,Halo,Wishing Well,ノーザンテースト,アイドリームドアドリーム
202605010306,13,芝,1600.0,良,未勝利,ベンバトル,モエレカトリーナ,Dubawi,Nahrain,ゴールドヘイロー,シーワン,Dubai Millennium,Zomaradah,Selkirk,Bahr,サンデーサイレンス,ニアーザゴールド,タイトスポット,カリビアンブルー,Seeking the Gold,Colorado Dancer,Deploy,Jawaher,Sharpen Up,Annie Edge,ジェネラス,Lady of the Sea,Halo,Wishing Well,Seeking the Gold,ニヤー,His Majesty,Premium Win,Lord at War,Lady Lady,Mr. Prospector,Con Game,Shareef Dancer,Fall Aspen,Shirley Heights,Slightly Dangerous,ダンシングブレーヴ,High Tern,エタン,Rocchetta,Nebbiolo,Friendly Court,Caerleon,Doff the Derby,Mill Reef,La Mer,Hail to Reason,Cosmah,Understanding,Mountain Flower,Mr. Prospector,Con Game,Northern Dancer,Far,Ribot,Flower Bowl,Lyphard,Classic Perfection,General,Luna de Miel,Little Current,Lady Winborne
202605010306,14,芝,1600.0,良,未勝利,ダノンスマッシュ,ロードライト,ロードカナロア,スピニングワイルドキャット,ヴィクトワールピサ,パパラチア,キングカメハメハ,レディブラッサム,Hard Spun,Hollywood Wildcat,ネオユニヴァース,ホワイトウォーターアフェア,グラスワンダー,ラッキーソング,Kingmambo,マンファス,Storm Cat,サラトガデュー,Danzig,Turkish Tryst,Kris S.,Miss Wildcatter,サンデーサイレンス,ポインテッドパス,Machiavellian,Much Too Risky,Silver Hawk,Ameriflora,Seattle Song,Lucky Us,Mr. Prospector,Miesque,ラストタイクーン,Pilot Bird,Storm Bird,Terlingua,Cormorant,Super Luna,Northern Dancer,Pas de Nom,Turkoman,Darbyvail,Roberto,Sharp Queen,Mr. Prospector,Elizabeth K.,Halo,Wishing Well,Kris,Silken Way,Mr. Prospector,Coup de Folie,Bustino,Short Rations,Roberto,Gris Vitesse,Danzig,Graceful Touch,Seattle Slew,Incantation,Nijinsky,La Sevillana
202605010306,15,芝,1600.0,良,未勝利,ヘンリーバローズ,スマイルリリー,ディープインパクト,シルヴァースカヤ,スターリングローズ,コウエイベラドンナ,サンデーサイレンス,ウインドインハーヘア,Silver Hawk,Boubskaia,アフリート,コマーズ,メジロライアン,スエヒロジョウオー,Halo,Wishing Well,Alzao,Burghclere,Roberto,Gris Vitesse,Niniski,Frenetique,Mr. Prospector,Polite Lady,Danzig,ミドルマーチ,アンバーシャダイ,メジロチェイサー,トウショウペガサス,イセスズカ,Hail to Reason,Cosmah,Understanding,Mountain Flower,Lyphard,Lady Rebecca,Busted,Highclere,Hail to Reason,Bramalea,Amerigo,Matchiche,Nijinsky,Virginia Hills,Tyrant,Femina,Raise a Native,Gold Digger,Venetian Jester,Friendly Ways,Northern Dancer,Pas de Nom,Buckpasser,Nice Princess,ノーザンテースト,クリアアンバー,メジロサンマン,シエリル,ダンディルート,ソシアルトウショウ,マルゼンスキー,サリュウエイシヨン
202605010306,16,芝,1600.0,良,未勝利,サトノクラウン,ソートアフター,Marju,ジョコンダ,ディープインパクト,ジャズプリンセス,ラストタイクーン,Flame of Tara,Rossini,La Joconde,サンデーサイレンス,ウインドインハーヘア,Bahhare,Jazz Up,トライマイベスト,Mill Princess,アーテイアス,Welsh Flame,Miswaki,Touch of Greatness,Vettori,Lust,Halo,Wishing Well,Alzao,Burghclere,Woodman,Wasnah,Cadeaux Genereux,Slow Jazz,Northern Dancer,Sex Appeal,Mill Reef,Irish Lass,Round Table,Stylish Pattern,Welsh Pageant,Electric Flash,Mr. Prospector,Hopespringseternal,Hero's Honor,Ivory Wand,Machiavellian,Air Distingue,Pursuit of Love,Pato,Hail to Reason,Cosmah,Understanding,Mountain Flower,Lyphard,Lady Rebecca,Busted,Highclere,Mr. Prospector,プレイメイト,Nijinsky,Highest Trump,Young Generation,Smarten Up,Chief's Crown,Blue Note
202605010307,1,ダート,1400.0,良,1勝クラス,マインドユアビスケッツ,ジョリーアップ,Posse,Jazzmane,バトルプラン,オオシマジョリー,Silver Deputy,Raska,Toccet,Alljazz,エンパイアメーカー,Flanders,アフリート,アザール,Deputy Minister,Silver Valley,Rahy,Borishka,Awesome Again,Cozzene's Angel,Stop the Music,Bounteous,Unbridled,Toussaud,Seeking the Gold,Starlet Storm,Mr. Prospector,Polite Lady,Nijinsky,Smart Heiress,Vice Regent,Mint Copy,Mr. Prospector,Seven Valleys,Blushing Groom,Glorious Song,Roberto,Queen Maud,Deputy Minister,Primal Force,Cozzene,Charming Pan,Hail to Reason,Bebopper,Master Derby,Mlle. Quille,Fappiano,Gana Facil,El Gran Senor,Image of Reality,Mr. Prospector,Con Game,Storm Bird,Cinegita,Raise a Native,Gold Digger,Venetian Jester,Friendly Ways,Northern Dancer,Flaming Page,Vaguely Noble,Smartaire
202605010307,2,ダート,1400.0,良,1勝クラス,Bolt d'Oro,Thundering Sky,Medaglia d'Oro,Globe Trot,Sky Mesa,Uninhibited Song,El Prado,Cappucino Bay,A.P. Indy,Trip,Pulpit,Caress,Unbridled's Song,Special Mistress,Sadler's Wells,Lady Capulet,Bailjumper,Dubbed In,Seattle Slew,Weekend Surprise,Lord at War,Tour,A.P. Indy,Preach,Storm Cat,La Affirmed,Unbridled,Trolley Song,Deputy Minister,Special Mah,Northern Dancer,Fairy Bridge,Sir Ivor,Cap and Bells,Damascus,Court Circuit,Silent Screen,Society Singer,Bold Reasoning,My Charmer,Secretariat,Lassie Dear,General,Luna de Miel,フォーティナイナー,Fun Flight,Seattle Slew,Weekend Surprise,Mr. Prospector,Narrate,Storm Bird,Terlingua,Affirmed,La Mesa,Fappiano,Gana Facil,Caro,Lucky Spell,Vice Regent,Mint Copy,Talc,Southern Special
202605010307,3,ダート,1400.0,良,1勝クラス,ドレフォン,ベラポーサ,Gio Ponti,Eltimaas,Tapit,Livin Lovin,Tale of the Cat,Chipeta Springs,Ghostzapper,Najecam,Pulpit,Tap Your Heels,Birdstone,Nurse Margaret,Storm Cat,Yarn,Alydar,Salt Spring,Awesome Again,Baby Zip,Trempolino,Sue Warner,A.P. Indy,Preach,Unbridled,Ruby Slippers,Grindstone,Dear Birdie,Captain Bodgit,McLean,Storm Bird,Terlingua,Mr. Prospector,Narrate,Raise a Native,Sweet Tooth,Salt Marsh,Jungle Mythologic,Deputy Minister,Primal Force,Relaunch,Thirty Zip,Sharpen Up,Trephine,Forli,Bitty Girl,Seattle Slew,Weekend Surprise,Mr. Prospector,Narrate,Fappiano,Gana Facil,Nijinsky,Moon Glitter,Unbridled,Buzz My Bell,Storm Bird,Hush Dear,Saint Ballado,Answering Echo,Hostage,Opposite Number
202605010307,4,ダート,1400.0,良,1勝クラス,モーニン,ライゼリート,ヘニーヒューズ,Giggly,ゼンノロブロイ,トラヴェルチーム,ヘネシー,Meadow Flyer,Distorted Humor,Chaste,サンデーサイレンス,ローミンレイチェル,Danzig,レディアップステージ,Storm Cat,Island Kitty,Meadowlake,Shortley,フォーティナイナー,Danzig's Beauty,Cozzene,Purity,Halo,Wishing Well,マイニング,One Smart Lady,Northern Dancer,Pas de Nom,Alzao,She's the Tops,Storm Bird,Terlingua,Hawaii,T. C. Kitten,Hold Your Peace,Suspicious Native,Hagley,Short Winded,Mr. Prospector,File,Danzig,Sweetest Chant,Caro,Ride the Trails,Fappiano,Dame Mysterieuse,Hail to Reason,Cosmah,Understanding,Mountain Flower,Mr. Prospector,I Pass,Clever Trick,Pia's Lady,Nearctic,Natalma,Admiral's Voyage,Petitioner,Lyphard,Lady Rebecca,Shernazar,Troytops
202605010307,5,ダート,1400.0,良,1勝クラス,ナダル,アリア,Blame,Ascending Angel,ダイワメジャー,ラプターセイハート,Arch,Liable,Pulpit,Solar Colony,サンデーサイレンス,スカーレットブーケ,トワイニング,リリウム,Kris S.,Aurora,Seeking the Gold,Bound,A.P. Indy,Preach,Pleasant Colony,Meteor Stage,Halo,Wishing Well,ノーザンテースト,スカーレットインク,フォーティナイナー,Courtly Dee,クロフネ,ベゴニア,Roberto,Sharp Queen,Danzig,Althea,Mr. Prospector,Con Game,Nijinsky,Special,Seattle Slew,Weekend Surprise,Mr. Prospector,Narrate,His Majesty,Sun Colony,Stage Door Johnny,Northern Meteor,Hail to Reason,Cosmah,Understanding,Mountain Flower,Northern Dancer,Lady Victoria,Crimson Satan,Consentida,Mr. Prospector,File,Never Bend,Tulle,フレンチデピュティ,ブルーアヴェニュー,Plugged Nickle,Dahlia
202605010307,6,ダート,1400.0,良,1勝クラス,タワーオブロンドン,ナイトオブスターズ,Raven's Pass,スノーパイン,Sea The Stars Sea the Stars,ラブアダブダブ,Elusive Quality,Ascutney,Dalakhani,シンコウエルメス,Cape Cross,Urban Sea,ファルブラヴ,Obsessive,Gone West,Touch of Greatness,Lord at War,Right Word,Darshaan,Daltawa,Sadler's Wells,Doff the Derby,Green Desert,Park Appeal,Miswaki,Allegretta,Fairy King,Gift of the Night,Seeking the Gold,Secret Obsession,Mr. Prospector,Secrettame,Hero's Honor,Ivory Wand,General,Luna de Miel,Verbatim,Oratorio,Shirley Heights,Delsy,Miswaki,Damana,Northern Dancer,Fairy Bridge,Master Derby,Margarethen,Danzig,Foreign Courier,Ahonoora,Balidaress,Mr. Prospector,Hopespringseternal,Lombard,Anatevka,Northern Dancer,Fairy Bridge,Slewpy,Little Nana,Mr. Prospector,Con Game,Secretariat,アンスチュアート
202605010307,7,ダート,1400.0,良,1勝クラス,ミスチヴィアスアレックス,ジェイエルシップ,Into Mischief,White Pants Night,ハービンジャー,ホウライサンデー,Harlan's Holiday,Leslie's Lady,Speightstown,More d'Amour,Dansili,Penang Pearl,サンデーサイレンス,ホウライコメット,Harlan,Christmas in Aiken,Tricky Creek,Crystal Lady,Gone West,Silken Cat,Tour d'Or,Love Connection,デインヒル,Hasili,Bering,Guapa,Halo,Wishing Well,Woodman,Catopetl,Storm Cat,Country Romance,Affirmed,Dowager,Clever Trick,Battle Creek Girl,Stop the Music,One Last Bird,Mr. Prospector,Secrettame,Storm Cat,Silken Doll,Medaille d'Or,Debby's Turn,Master Derby,Perfect Connection,Danzig,Razyana,Kahyasi,Kerali,Arctic Tern,Beaune,Shareef Dancer,Sauceboat,Hail to Reason,Cosmah,Understanding,Mountain Flower,Mr. Prospector,プレイメイト,Northern Dancer,Betty's Secret
202605010307,8,ダート,1400.0,良,1勝クラス,サンダースノー,ラルティスタ,Helmet,Eastern Joy,マイネルラヴ,セクシーココナッツ,Exceed And Excel,Accessories,Dubai Destination,Red Slippers,Seeking the Gold,Heart of Joy,ダンスインザダーク,ココパシオン,デインヒル,Patrona,Singspiel,Anna Matrushka,Kingmambo,Mysterial,Nureyev,Morning Devotion,Mr. Prospector,Con Game,リィフォー,Mythographer,サンデーサイレンス,ダンシングキイ,グルームダンサー,ゲートドクール,Danzig,Razyana,Lomond,Gladiolus,In the Wings,Glorious Song,Mill Reef,Anna Paola,Mr. Prospector,Miesque,Alleged,Mysteries,Northern Dancer,Special,Affirmed,Morning Has Broken,Raise a Native,Gold Digger,Buckpasser,Broadway,Lyphard,Klaizia,Secretariat,Arachne,Halo,Wishing Well,Nijinsky,Key Partner,Blushing Groom,Featherhill,Lomond,Gay Apparel
202605010307,9,ダート,1400.0,良,1勝クラス,モズアスコット,ラッキーペニー,Frankel,India,ダイワメジャー,クイックセイコー,Galileo,Kind,ヘネシー,Misty Hour,サンデーサイレンス,スカーレットブーケ,エルコンドルパサー,スコールイ,Sadler's Wells,Urban Sea,デインヒル,Rainbow Lake,Storm Cat,Island Kitty,Miswaki,Our Tina Marie,Halo,Wishing Well,ノーザンテースト,スカーレットインク,Kingmambo,サドラーズギャル,Seeking the Gold,Premier Playmate,Northern Dancer,Fairy Bridge,Miswaki,Allegretta,Danzig,Razyana,Rainbow Quest,Rockfest,Storm Bird,Terlingua,Hawaii,T. C. Kitten,Mr. Prospector,Hopespringseternal,Nijinsky,Java Moon,Hail to Reason,Cosmah,Understanding,Mountain Flower,Northern Dancer,Lady Victoria,Crimson Satan,Consentida,Mr. Prospector,Miesque,Sadler's Wells,Glenveagh,Mr. Prospector,Con Game,Pass Catcher,Bedtime Toy
202605010307,10,ダート,1400.0,良,1勝クラス,モーニン,スパイスシャワー,ヘニーヒューズ,Giggly,フジキセキ,スパイシークラウン,ヘネシー,Meadow Flyer,Distorted Humor,Chaste,サンデーサイレンス,ミルレーサー,タバスコキャット,ウエストバイノースウエスト,Storm Cat,Island Kitty,Meadowlake,Shortley,フォーティナイナー,Danzig's Beauty,Cozzene,Purity,Halo,Wishing Well,Le Fabuleux,Marston's Mill,Storm Cat,Barbicue Sauce,Gone West,Star in the North,Storm Bird,Terlingua,Hawaii,T. C. Kitten,Hold Your Peace,Suspicious Native,Hagley,Short Winded,Mr. Prospector,File,Danzig,Sweetest Chant,Caro,Ride the Trails,Fappiano,Dame Mysterieuse,Hail to Reason,Cosmah,Understanding,Mountain Flower,Wild Risk,Anguar,In Reality,Millicent,Storm Bird,Terlingua,Sauce Boat,Lady Barbizon,Mr. Prospector,Secrettame,Northern Dancer,Lighted Lamp
202605010307,11,ダート,1400.0,良,1勝クラス,シャンハイボビー,チュロ,Harlan's Holiday,Steelin',キングヘイロー,オールマイティ,Harlan,Christmas in Aiken,Orientate,Steel Band,ダンシングブレーヴ,グッバイヘイロー,フジキセキ,ファイトガリバー,Storm Cat,Country Romance,Affirmed,Dowager,Mt. Livermore,Dream Team,Carson City,ウェディングバンド,Lyphard,Navajo Princess,Halo,Pound Foolish,サンデーサイレンス,ミルレーサー,ダイナガリバー,ビューティマリヤ,Storm Bird,Terlingua,Halo,Sweet Romance,Exclusive Native,Won't Tell You,Honest Pleasure,Princessnesian,Blushing Groom,Flama Ardiente,Cox's Ridge,Likely Double,Mr. Prospector,Blushing Promise,Mighty Appealing,Ring of Steel,Northern Dancer,Goofed,Drone,Olmec,Hail to Reason,Cosmah,Sir Ivor,Squander,Halo,Wishing Well,Le Fabuleux,Marston's Mill,ノーザンテースト,ユアースポート,トライバルチーフ,チュウオーマリヤ
202605010307,12,ダート,1400.0,良,1勝クラス,ダノンプレミアム,アイポステリー,ディープインパクト,インディアナギャル,ロードカナロア,スピニングワイルドキャット,サンデーサイレンス,ウインドインハーヘア,Intikhab,Genial Jenny,キングカメハメハ,レディブラッサム,Hard Spun,Hollywood Wildcat,Halo,Wishing Well,Alzao,Burghclere,Red Ransom,Crafty Example,デインヒル,Joma Kaanem,Kingmambo,マンファス,Storm Cat,サラトガデュー,Danzig,Turkish Tryst,Kris S.,Miss Wildcatter,Hail to Reason,Cosmah,Understanding,Mountain Flower,Lyphard,Lady Rebecca,Busted,Highclere,Roberto,アラビア,Crafty Prospector,Zienelle,Danzig,Razyana,Double Form,Ash Lawn,Mr. Prospector,Miesque,ラストタイクーン,Pilot Bird,Storm Bird,Terlingua,Cormorant,Super Luna,Northern Dancer,Pas de Nom,Turkoman,Darbyvail,Roberto,Sharp Queen,Mr. Prospector,Elizabeth K.
202605010307,13,ダート,1400.0,良,1勝クラス,モズアスコット,クィーンオブシバ,Frankel,India,ファスリエフ,コンキスタドレス,Galileo,Kind,ヘネシー,Misty Hour,Nureyev,Mr. P's Princess,Seeking the Gold,Bless You,Sadler's Wells,Urban Sea,デインヒル,Rainbow Lake,Storm Cat,Island Kitty,Miswaki,Our Tina Marie,Northern Dancer,Special,Mr. Prospector,Anne Campbell,Mr. Prospector,Con Game,Halo,Wedding Party,Northern Dancer,Fairy Bridge,Miswaki,Allegretta,Danzig,Razyana,Rainbow Quest,Rockfest,Storm Bird,Terlingua,Hawaii,T. C. Kitten,Mr. Prospector,Hopespringseternal,Nijinsky,Java Moon,Nearctic,Natalma,Forli,Thong,Raise a Native,Gold Digger,Never Bend,Repercussion,Raise a Native,Gold Digger,Buckpasser,Broadway,Hail to Reason,Cosmah,Hoist the Flag,Betrothed
202605010307,14,ダート,1400.0,良,1勝クラス,ドレフォン,ミチャチスインテンタ,Gio Ponti,Eltimaas,Paynter,Miss Moon,Tale of the Cat,Chipeta Springs,Ghostzapper,Najecam,Awesome Again,Tizso,Malibu Moon,Folklore,Storm Cat,Yarn,Alydar,Salt Spring,Awesome Again,Baby Zip,Trempolino,Sue Warner,Deputy Minister,Primal Force,Cee's Tizzy,Cee's Song,A.P. Indy,Macoumba,Tiznow,Contrive,Storm Bird,Terlingua,Mr. Prospector,Narrate,Raise a Native,Sweet Tooth,Salt Marsh,Jungle Mythologic,Deputy Minister,Primal Force,Relaunch,Thirty Zip,Sharpen Up,Trephine,Forli,Bitty Girl,Vice Regent,Mint Copy,Blushing Groom,Prime Prospect,Relaunch,テイズリー,Seattle Song,Lonely Dancer,Seattle Slew,Weekend Surprise,Mr. Prospector,Maximova,Cee's Tizzy,Cee's Song,Storm Cat,Jeano
202605010401,1,ダート,1400.0,稍重,未勝利,ミスターメロディ,ディアルーモ,Scat Daddy,Trusty Lady,ネオユニヴァース,アインアイン,ヨハネスブルグ,Love Style,Deputy Minister,Klassy Kim,サンデーサイレンス,ポインテッドパス,パークリージェント,アインフローラ,ヘネシー,Myth,Mr. Prospector,Likeable Style,Vice Regent,Mint Copy,Silent Screen,クールアライヴァル,Halo,Wishing Well,Kris,Silken Way,Vice Regent,Miss Attractive,ガロト,ボールドアンドイージー,Storm Cat,Island Kitty,オジジアン,Yarn,Raise a Native,Gold Digger,Nijinsky,Personable Lady,Northern Dancer,Victoria Regina,Bunty's Flight,Shakney,Prince John,Prayer Bell,Relaunch,Irish Arrival,Hail to Reason,Cosmah,Understanding,Mountain Flower,Sharpen Up,Doubly Sure,Shantung,Boulevard,Northern Dancer,Victoria Regina,Victoria Park,Nice Princess,Lyphard,Spicy,Bold Lad,Free and Easy
202605010401,2,ダート,1400.0,稍重,未勝利,モズアスコット,スニップ,Frankel,India,エピファネイア,アソルータ,Galileo,Kind,ヘネシー,Misty Hour,シンボリクリスエス,シーザリオ,ゼンノロブロイ,フレンチバレリーナ,Sadler's Wells,Urban Sea,デインヒル,Rainbow Lake,Storm Cat,Island Kitty,Miswaki,Our Tina Marie,Kris S.,Tee Kay,スペシャルウィーク,キロフプリミエール,サンデーサイレンス,ローミンレイチェル,フレンチデピュティ,バレークイーン,Northern Dancer,Fairy Bridge,Miswaki,Allegretta,Danzig,Razyana,Rainbow Quest,Rockfest,Storm Bird,Terlingua,Hawaii,T. C. Kitten,Mr. Prospector,Hopespringseternal,Nijinsky,Java Moon,Roberto,Sharp Queen,Gold Meridian,Tri Argo,サンデーサイレンス,キャンペンガール,Sadler's Wells,Querida,Halo,Wishing Well,マイニング,One Smart Lady,Deputy Minister,Mitterand,Sadler's Wells,Sun Princess
202605010401,3,ダート,1400.0,稍重,未勝利,モズアスコット,ピエモンテ,Frankel,India,フジキセキ,ブレッシング,Galileo,Kind,ヘネシー,Misty Hour,サンデーサイレンス,ミルレーサー,マルゼンスキー,ブラダマンテ,Sadler's Wells,Urban Sea,デインヒル,Rainbow Lake,Storm Cat,Island Kitty,Miswaki,Our Tina Marie,Halo,Wishing Well,Le Fabuleux,Marston's Mill,Nijinsky,シル,Roberto,Sulemeif,Northern Dancer,Fairy Bridge,Miswaki,Allegretta,Danzig,Razyana,Rainbow Quest,Rockfest,Storm Bird,Terlingua,Hawaii,T. C. Kitten,Mr. Prospector,Hopespringseternal,Nijinsky,Java Moon,Hail to Reason,Cosmah,Understanding,Mountain Flower,Wild Risk,Anguar,In Reality,Millicent,Northern Dancer,Flaming Page,Buckpasser,Quill,Hail to Reason,Bramalea,Northern Dancer,Barely Even
202605010401,4,ダート,1400.0,稍重,未勝利,マテラスカイ,ネオヴァシュラン,Speightstown,Mostaqeleh,エンパイアメーカー,ピサノキャニオン,Gone West,Silken Cat,Rahy,Istiqlal,Unbridled,Toussaud,サンデーサイレンス,オーパスワン,Mr. Prospector,Secrettame,Storm Cat,Silken Doll,Blushing Groom,Glorious Song,Diesis,Wasnah,Fappiano,Gana Facil,El Gran Senor,Image of Reality,Halo,Wishing Well,Theatrical,ティルティング,Raise a Native,Gold Digger,Secretariat,Tamerett,Storm Bird,Terlingua,Chieftain,Insilca,Red God,Runaway Bride,Halo,Ballade,Sharpen Up,Doubly Sure,Nijinsky,Highest Trump,Mr. Prospector,Killaloe,Le Fabuleux,Charedi,Northern Dancer,Sex Appeal,In Reality,Edee's Image,Hail to Reason,Cosmah,Understanding,Mountain Flower,Nureyev,ツリーオブノレッジ,Seattle Slew,Aldonza
202605010401,5,ダート,1400.0,稍重,未勝利,ミッキーロケット,マーケットレイズン,キングカメハメハ,マネーキャントバイミーラヴ,フサイチリシャール,トミノラブラドール,Kingmambo,マンファス,Pivotal,Sabreon,クロフネ,フサイチエアデール,ハンティングホーク,ジョリフィーユ,Mr. Prospector,Miesque,ラストタイクーン,Pilot Bird,Polar Falcon,Fearless Revival,Caerleon,Sabria,フレンチデピュティ,ブルーアヴェニュー,サンデーサイレンス,ラスティックベル,Sadler's Wells,High Hawk,マルゼンスキー,トミアルコ,Raise a Native,Gold Digger,Nureyev,Pasadoble,トライマイベスト,Mill Princess,Blakeney,The Dancer,Nureyev,Marie d'Argonne,Cozzene,Stufida,Nijinsky,Foreseer,Miswaki,Flood,Deputy Minister,Mitterand,Classic Go Go,Eliza Blue,Halo,Wishing Well,Mr. Prospector,Ragtime Girl,Northern Dancer,Fairy Bridge,Shirley Heights,Sunbittern,Nijinsky,シル,ノノアルコ,ヒトミフラッシュ
202605010401,6,ダート,1400.0,稍重,未勝利,タワーオブロンドン,スマートプラネット,Raven's Pass,スノーパイン,ファルブラヴ,アンダルシア,Elusive Quality,Ascutney,Dalakhani,シンコウエルメス,Fairy King,Gift of the Night,アルカセット,メイクアスメリー,Gone West,Touch of Greatness,Lord at War,Right Word,Darshaan,Daltawa,Sadler's Wells,Doff the Derby,Northern Dancer,Fairy Bridge,Slewpy,Little Nana,Kingmambo,チェサプラナ,Easy Goer,ダジルミージョリエ,Mr. Prospector,Secrettame,Hero's Honor,Ivory Wand,General,Luna de Miel,Verbatim,Oratorio,Shirley Heights,Delsy,Miswaki,Damana,Northern Dancer,Fairy Bridge,Master Derby,Margarethen,Nearctic,Natalma,Bold Reason,Special,Seattle Slew,Rare Bouquet,Lithiot,Nenana Road,Mr. Prospector,Miesque,Niniski,Top of The League,Alydar,Relaxing,Carr de Naskra,Mawgrit
202605010401,7,ダート,1400.0,稍重,未勝利,ドレフォン,ダイワドレッサー,Gio Ponti,Eltimaas,ネオユニヴァース,リバティープリント,Tale of the Cat,Chipeta Springs,Ghostzapper,Najecam,サンデーサイレンス,ポインテッドパス,スウェプトオーヴァーボード,エアリバティー,Storm Cat,Yarn,Alydar,Salt Spring,Awesome Again,Baby Zip,Trempolino,Sue Warner,Halo,Wishing Well,Kris,Silken Way,エンドスウィープ,Sheer Ice,トニービン,ジョイアスピルエット,Storm Bird,Terlingua,Mr. Prospector,Narrate,Raise a Native,Sweet Tooth,Salt Marsh,Jungle Mythologic,Deputy Minister,Primal Force,Relaunch,Thirty Zip,Sharpen Up,Trephine,Forli,Bitty Girl,Hail to Reason,Cosmah,Understanding,Mountain Flower,Sharpen Up,Doubly Sure,Shantung,Boulevard,フォーティナイナー,Broom Dance,Cutlass,Hey Dolly A.,カンパラ,Severn Bridge,Nureyev,グリーミングスマイル
202605010401,8,ダート,1400.0,稍重,未勝利,キタサンブラック,シェイリーン,ブラックタイド,シュガーハート,Rip Van Winkle,Snow Key,サンデーサイレンス,ウインドインハーヘア,サクラバクシンオー,オトメゴコロ,Galileo,Looking Back,Cozzene,Snowbowl,Halo,Wishing Well,Alzao,Burghclere,サクラユタカオー,サクラハゴロモ,ジャッジアンジェルーチ,テイズリー,Sadler's Wells,Urban Sea,ストラヴィンスキー,Mustique Dream,Caro,Ride the Trails,Northjet,Royal Dilemma,Hail to Reason,Cosmah,Understanding,Mountain Flower,Lyphard,Lady Rebecca,Busted,Highclere,テスコボーイ,アンジェリカ,ノーザンテースト,クリアアンバー,Honest Pleasure,Victorian Queen,Lyphard,Tizna,Northern Dancer,Fairy Bridge,Miswaki,Allegretta,Nureyev,Fire the Groom,Don't Forget Me,Jamaican Punch,フォルティノ,Chambord,Prince John,Wildwook,Northfields,Jellatina,Buckpasser,Queen Empress
202605010401,9,ダート,1400.0,稍重,未勝利,ルヴァンスレーヴ,エスコルピオン,シンボリクリスエス,マエストラーレ,ダンスインザダーク,フィールドソング,Kris S.,Tee Kay,ネオユニヴァース,オータムブリーズ,サンデーサイレンス,ダンシングキイ,Gulch,A Kiss for Luck,Roberto,Sharp Queen,Gold Meridian,Tri Argo,サンデーサイレンス,ポインテッドパス,ティンバーカントリー,セプテンバーソング,Halo,Wishing Well,Nijinsky,Key Partner,Mr. Prospector,Jameela,Reflected Glory,Painted Flag,Hail to Reason,Bramalea,Princequillo,Bridgework,Seattle Slew,Queen Louie,Tri Jet,Hail Proudly,Halo,Wishing Well,Kris,Silken Way,Woodman,Fall Aspen,リアルシャダイ,ダイナフェアリー,Hail to Reason,Cosmah,Understanding,Mountain Flower,Northern Dancer,Flaming Page,Key to the Mint,Native Partner,Raise a Native,Gold Digger,Rambunctious,Asbury Mary,Jester,Lysistrate,Dusty Canyon,Duchess Peg
202605010401,10,ダート,1400.0,稍重,未勝利,キタサンブラック,アウトスマート,ブラックタイド,シュガーハート,Smart Strike,Sweettrickydancer,サンデーサイレンス,ウインドインハーヘア,サクラバクシンオー,オトメゴコロ,Mr. Prospector,Classy 'n Smart,Green Dancer,My Sweet Talker,Halo,Wishing Well,Alzao,Burghclere,サクラユタカオー,サクラハゴロモ,ジャッジアンジェルーチ,テイズリー,Raise a Native,Gold Digger,Smarten,No Class,Nijinsky,Green Valley,Phone Trick,Sweet Shampagne,Hail to Reason,Cosmah,Understanding,Mountain Flower,Lyphard,Lady Rebecca,Busted,Highclere,テスコボーイ,アンジェリカ,ノーザンテースト,クリアアンバー,Honest Pleasure,Victorian Queen,Lyphard,Tizna,Native Dancer,Raise You,Nashua,Sequence,Cyane,Smartaire,Nodouble,Classy Quillo,Northern Dancer,Flaming Page,Val de Loir,Sly Pola,Clever Trick,Over the Phone,Sham,Alert Princess
202605010401,11,ダート,1400.0,稍重,未勝利,サンダースノー,ロザリウム,Helmet,Eastern Joy,キングカメハメハ,ローズバド,Exceed And Excel,Accessories,Dubai Destination,Red Slippers,Kingmambo,マンファス,サンデーサイレンス,ロゼカラー,デインヒル,Patrona,Singspiel,Anna Matrushka,Kingmambo,Mysterial,Nureyev,Morning Devotion,Mr. Prospector,Miesque,ラストタイクーン,Pilot Bird,Halo,Wishing Well,Shirley Heights,ローザネイ,Danzig,Razyana,Lomond,Gladiolus,In the Wings,Glorious Song,Mill Reef,Anna Paola,Mr. Prospector,Miesque,Alleged,Mysteries,Northern Dancer,Special,Affirmed,Morning Has Broken,Raise a Native,Gold Digger,Nureyev,Pasadoble,トライマイベスト,Mill Princess,Blakeney,The Dancer,Hail to Reason,Cosmah,Understanding,Mountain Flower,Mill Reef,Hardiemma,Lyphard,Riviere Doree
202605010401,12,ダート,1400.0,稍重,未勝利,サトノジェネシス,ムーンエコロジー,ディープインパクト,マルペンサ,クリーンエコロジー,リーチフォーザムーン,サンデーサイレンス,ウインドインハーヘア,Orpen,Marsella,キングカメハメハ,スパークルジュエル,Pulpit,Chancey Squaw,Halo,Wishing Well,Alzao,Burghclere,Lure,Bonita Francita,サザンヘイロー,Riviere,Kingmambo,マンファス,Unbridled's Song,Golden Jewel Box,A.P. Indy,Preach,Chief's Crown,Allicance,Hail to Reason,Cosmah,Understanding,Mountain Flower,Lyphard,Lady Rebecca,Busted,Highclere,Danzig,Endear,Devil's Bag,Raise the Standard,Halo,Northern Sea,Logical,Talonada,Mr. Prospector,Miesque,ラストタイクーン,Pilot Bird,Unbridled,Trolley Song,Slew o' Gold,Miss Storm Bird,Seattle Slew,Weekend Surprise,Mr. Prospector,Narrate,Danzig,Six Crowns,Alleged,Runaway Bride
202605010401,13,ダート,1400.0,稍重,未勝利,ダノンキングリー,アングレカム,ディープインパクト,マイグッドネス,Pour Moi,Mia Le Fay,サンデーサイレンス,ウインドインハーヘア,Storm Cat,Caressing,モンジュー,Gwynn,Zabeel,Guinevere,Halo,Wishing Well,Alzao,Burghclere,Storm Bird,Terlingua,Honour and Glory,Lovin Touch,Sadler's Wells,Floripedes,Darshaan,Victoress,Sir Tristram,Lady Giselle,Fairy King,Masskana,Hail to Reason,Cosmah,Understanding,Mountain Flower,Lyphard,Lady Rebecca,Busted,Highclere,Northern Dancer,South Ocean,Secretariat,Crimson Saint,Relaunch,Fair to All,Majestic Prince,Forest Princess,Northern Dancer,Fairy Bridge,Top Ville,Toute Cy,Shirley Heights,Delsy,Conquistador Cielo,Royal Statute,Sir Ivor,Isolt,Nureyev,Valderna,Northern Dancer,Fairy Bridge,Darshaan,Masarika
202605010401,14,ダート,1400.0,稍重,未勝利,タニノフランケル,アツコ,Frankel,ウオッカ,ワークフォース,シックファイター,Galileo,Kind,タニノギムレット,タニノシスター,キングズベスト,Soviet Moon,ヘクタープロテクター,インヴァイト,Sadler's Wells,Urban Sea,デインヒル,Rainbow Lake,ブライアンズタイム,タニノクリスタル,ルション,エナジートウショウ,Kingmambo,Allegretta,Sadler's Wells,Eva Luna,Woodman,Korveya,Be My Guest,Burghclere,Northern Dancer,Fairy Bridge,Miswaki,Allegretta,Danzig,Razyana,Rainbow Quest,Rockfest,Roberto,Kelley's Day,クリスタルパレス,タニノシーバード,Riverman,ベルドリーヌ,トウショウボーイ,コーニストウショウ,Mr. Prospector,Miesque,Lombard,Anatevka,Northern Dancer,Fairy Bridge,Alleged,Media Luna,Mr. Prospector,プレイメイト,Riverman,Konafa,Northern Dancer,What a Treat,Busted,Highclere
202605010401,15,ダート,1400.0,稍重,未勝利,アルアイン,イグアスフォールズ,ディープインパクト,ドバイマジェスティ,サウスヴィグラス,ロスグラシアレス,サンデーサイレンス,ウインドインハーヘア,Essence of Dubai,Great Majesty,エンドスウィープ,ダーケストスター,シンボリクリスエス,ロスマリヌス,Halo,Wishing Well,Alzao,Burghclere,Pulpit,Epitome,Great Above,Mistic Majesty,フォーティナイナー,Broom Dance,Star de Naskra,Minnie Riperton,Kris S.,Tee Kay,サンデーサイレンス,アンブロジン,Hail to Reason,Cosmah,Understanding,Mountain Flower,Lyphard,Lady Rebecca,Busted,Highclere,A.P. Indy,Preach,Summing,Honest and True,Minnesota Mac,Ta Wee,His Majesty,Necaras Miss,Mr. Prospector,File,Dance Spell,Witching Hour,Naskra,Candle Star,Cornish Prince,English Harbor,Roberto,Sharp Queen,Gold Meridian,Tri Argo,Halo,Wishing Well,Mr. Prospector,バラダ
202605010401,除,ダート,1400.0,稍重,未勝利,オルフェーヴル,フジマサリアル,ステイゴールド,オリエンタルアート,リアルインパクト,メジロヒラリー,サンデーサイレンス,ゴールデンサッシュ,メジロマックイーン,エレクトロアート,ディープインパクト,トキオリアリティー,エルコンドルパサー,メジロドーベル,Halo,Wishing Well,ディクタス,ダイナサッシュ,メジロティターン,メジロオーロラ,ノーザンテースト,グランマスティーヴンス,サンデーサイレンス,ウインドインハーヘア,Meadowlake,What a Reality,Kingmambo,サドラーズギャル,メジロライアン,メジロビューティー,Hail to Reason,Cosmah,Understanding,Mountain Flower,Sanctus,Doronic,ノーザンテースト,ロイヤルサッシュ,メジロアサマ,シエリル,リマンド,メジロアイリス,Northern Dancer,Lady Victoria,Lt. Stevens,Dhow,Halo,Wishing Well,Alzao,Burghclere,Hold Your Peace,Suspicious Native,In Reality,What Will Be,Mr. Prospector,Miesque,Sadler's Wells,Glenveagh,アンバーシャダイ,メジロチェイサー,パーソロン,メジロナガサキ
202605010402,1,ダート,2100.0,稍重,未勝利,キタサンブラック,マイウェイアムール,ブラックタイド,シュガーハート,ロードカナロア,レイズユアグラス,サンデーサイレンス,ウインドインハーヘア,サクラバクシンオー,オトメゴコロ,キングカメハメハ,レディブラッサム,アジュディケーティング,レイズアプランサー,Halo,Wishing Well,Alzao,Burghclere,サクラユタカオー,サクラハゴロモ,ジャッジアンジェルーチ,テイズリー,Kingmambo,マンファス,Storm Cat,サラトガデュー,Danzig,Resolver,Raise a Native,Dancing Hostess,Hail to Reason,Cosmah,Understanding,Mountain Flower,Lyphard,Lady Rebecca,Busted,Highclere,テスコボーイ,アンジェリカ,ノーザンテースト,クリアアンバー,Honest Pleasure,Victorian Queen,Lyphard,Tizna,Mr. Prospector,Miesque,ラストタイクーン,Pilot Bird,Storm Bird,Terlingua,Cormorant,Super Luna,Northern Dancer,Pas de Nom,Reviewer,Lovely Morning,Native Dancer,Raise You,Sword Dancer,Your Hostess
202605010402,2,ダート,2100.0,稍重,未勝利,ルヴァンスレーヴ,ヒシアルコル,シンボリクリスエス,マエストラーレ,ダイワメジャー,ヒシピナクル,Kris S.,Tee Kay,ネオユニヴァース,オータムブリーズ,サンデーサイレンス,スカーレットブーケ,Theatrical,Katies,Roberto,Sharp Queen,Gold Meridian,Tri Argo,サンデーサイレンス,ポインテッドパス,ティンバーカントリー,セプテンバーソング,Halo,Wishing Well,ノーザンテースト,スカーレットインク,Nureyev,ツリーオブノレッジ,ノノアルコ,Mortefontaine,Hail to Reason,Bramalea,Princequillo,Bridgework,Seattle Slew,Queen Louie,Tri Jet,Hail Proudly,Halo,Wishing Well,Kris,Silken Way,Woodman,Fall Aspen,リアルシャダイ,ダイナフェアリー,Hail to Reason,Cosmah,Understanding,Mountain Flower,Northern Dancer,Lady Victoria,Crimson Satan,Consentida,Northern Dancer,Special,Sassafras,Sensibility,Nearctic,Seximee,ポリック,Brabantia
202605010402,3,ダート,2100.0,稍重,未勝利,ゴールドドリーム,グレイスキッパー,ゴールドアリュール,モンヴェール,カレンブラックヒル,スモーキークォーツ,サンデーサイレンス,ニキーヤ,フレンチデピュティ,スペシャルジェイド,ダイワメジャー,チャールストンハーバー,ヘクタープロテクター,エイシンフリスキー,Halo,Wishing Well,Nureyev,Reluctant Guest,Deputy Minister,Mitterand,Cox's Ridge,Statistic,サンデーサイレンス,スカーレットブーケ,Grindstone,Penny's Valentine,Woodman,Korveya,ジャッジアンジェルーチ,ダムグリス,Hail to Reason,Cosmah,Understanding,Mountain Flower,Northern Dancer,Special,Hostage,Vaguely Royal,Vice Regent,Mint Copy,Hold Your Peace,Laredo Lass,Best Turn,Our Martha,Mr. Prospector,Number,Halo,Wishing Well,ノーザンテースト,スカーレットインク,Unbridled,Buzz My Bell,Storm Cat,Mrs. Penny,Mr. Prospector,プレイメイト,Riverman,Konafa,Honest Pleasure,Victorian Queen,Grey Dawn II,Bessie's Mother
202605010402,4,ダート,2100.0,稍重,未勝利,ゴールドシップ,ディスポーザブルプレジャー,ステイゴールド,ポイントフラッグ,Giacomo,My Canada,サンデーサイレンス,ゴールデンサッシュ,メジロマックイーン,パストラリズム,Holy Bull,Set Them Free,With Approval,My Sweet Country,Halo,Wishing Well,ディクタス,ダイナサッシュ,メジロティターン,メジロオーロラ,プルラリズム,トクノエイティー,Great Above,Sharon Brown,Stop the Music,Valseuse,Caro,Passing Mood,Bold Ruckus,Devinette,Hail to Reason,Cosmah,Understanding,Mountain Flower,Sanctus,Doronic,ノーザンテースト,ロイヤルサッシュ,メジロアサマ,シエリル,リマンド,メジロアイリス,The Minstrel,Cambretta,トライバルチーフ,アイアンルビー,Minnesota Mac,Ta Wee,Al Hattab,Agathea's Dawn,Hail to Reason,Bebopper,Tyrant,Barbarossa,フォルティノ,Chambord,Buckpasser,Cool Mood,Boldnesian,Raise a Ruckus,Secretariat,Respond
202605010402,5,ダート,2100.0,稍重,未勝利,アドマイヤマーズ,リアアントニア,ダイワメジャー,ヴィアメディチ,Rockport Harbor,Beer Baroness,サンデーサイレンス,スカーレットブーケ,Medicean,Via Milano,Unbridled's Song,Regal Miss Copelan,Mr. Greeley,Lavish Numbers,Halo,Wishing Well,ノーザンテースト,スカーレットインク,Machiavellian,Mystic Goddess,Singspiel,Salvinaxia,Unbridled,Trolley Song,Copelan,Regal Pennant,Gone West,Long Legend,Polish Numbers,Timeleighness,Hail to Reason,Cosmah,Understanding,Mountain Flower,Northern Dancer,Lady Victoria,Crimson Satan,Consentida,Mr. Prospector,Coup de Folie,Storm Bird,Rose Goddess,In the Wings,Glorious Song,Linamix,Salve,Fappiano,Gana Facil,Caro,Lucky Spell,Tri Jet,Susan's Girl,Banner Bob,Regal Relation,Mr. Prospector,Secrettame,Reviewer,Lianga,Danzig,Numbered Account,Sir Raleigh,Pleasure Moment
202605010402,6,ダート,2100.0,稍重,未勝利,コントレイル,バイバイベイビー,ディープインパクト,ロードクロサイト,Galileo,Remember When,サンデーサイレンス,ウインドインハーヘア,Unbridled's Song,Folklore,Sadler's Wells,Urban Sea,Danehill Dancer,Lagrion,Halo,Wishing Well,Alzao,Burghclere,Unbridled,Trolley Song,Tiznow,Contrive,Northern Dancer,Fairy Bridge,Miswaki,Allegretta,デインヒル,Mira Adonde,Diesis,Wrap It Up,Hail to Reason,Cosmah,Understanding,Mountain Flower,Lyphard,Lady Rebecca,Busted,Highclere,Fappiano,Gana Facil,Caro,Lucky Spell,Cee's Tizzy,Cee's Song,Storm Cat,Jeano,Nearctic,Natalma,Bold Reason,Special,Mr. Prospector,Hopespringseternal,Lombard,Anatevka,Danzig,Razyana,Sharpen Up,Lettre d'Amour,Sharpen Up,Doubly Sure,Mount Hagen,Doc Nan
202605010402,7,ダート,2100.0,稍重,未勝利,ハービンジャー,リープオブフェイス,Dansili,Penang Pearl,クロフネ,ラバヤデール,デインヒル,Hasili,Bering,Guapa,フレンチデピュティ,ブルーアヴェニュー,サンデーサイレンス,ニキーヤ,Danzig,Razyana,Kahyasi,Kerali,Arctic Tern,Beaune,Shareef Dancer,Sauceboat,Deputy Minister,Mitterand,Classic Go Go,Eliza Blue,Halo,Wishing Well,Nureyev,Reluctant Guest,Northern Dancer,Pas de Nom,His Majesty,Spring Adieu,イルドブルボン,Kadissya,High Line,Sookera,Sea-Bird,Bubbling Beauty,Lyphard,Barbra,Northern Dancer,Sweet Alliance,Connaught,Cranberry Sauce,Vice Regent,Mint Copy,Hold Your Peace,Laredo Lass,Pago Pago,Classic Perfection,Icecapade,コレラ,Hail to Reason,Cosmah,Understanding,Mountain Flower,Northern Dancer,Special,Hostage,Vaguely Royal
202605010402,8,ダート,2100.0,稍重,未勝利,ゴールドドリーム,ブルーチッパー,ゴールドアリュール,モンヴェール,ボーナスフィーバー,ペケジェイ,サンデーサイレンス,ニキーヤ,フレンチデピュティ,スペシャルジェイド,Seeking the Gold,Angel Fever,Tiznow,スイートテイスト,Halo,Wishing Well,Nureyev,Reluctant Guest,Deputy Minister,Mitterand,Cox's Ridge,Statistic,Mr. Prospector,Con Game,Danzig,Rowdy Angel,Cee's Tizzy,Cee's Song,Salt Lake,Say What You Mean,Hail to Reason,Cosmah,Understanding,Mountain Flower,Northern Dancer,Special,Hostage,Vaguely Royal,Vice Regent,Mint Copy,Hold Your Peace,Laredo Lass,Best Turn,Our Martha,Mr. Prospector,Number,Raise a Native,Gold Digger,Buckpasser,Broadway,Northern Dancer,Pas de Nom,Halo,Ramhyde,Relaunch,テイズリー,Seattle Song,Lonely Dancer,Deputy Minister,Take Lady Anne,ジャッジャー,Call the Queen
202605010402,9,ダート,2100.0,稍重,未勝利,ヴァンゴッホ,ダノンエンジェル,American Pharoah,Imagine,ディープインパクト,アイアムエンジェル,Pioneerof the Nile,Littleprincessemma,Sadler's Wells,Doff the Derby,サンデーサイレンス,ウインドインハーヘア,ボストンハーバー,アイアムザウィナー,エンパイアメーカー,Star of Goshen,Yankee Gentleman,Exclusive Rosette,Northern Dancer,Fairy Bridge,Master Derby,Margarethen,Halo,Wishing Well,Alzao,Burghclere,Capote,Harbor Springs,Danzig Connection,ブルージーンベイビー,Unbridled,Toussaud,Lord at War,Castle Eight,Storm Cat,Key Phrase,Ecliptical,Zetta Jet,Nearctic,Natalma,Bold Reason,Special,ダストコマンダー,Madam Jerry,Tulyar,Russ-Marie,Hail to Reason,Cosmah,Understanding,Mountain Flower,Lyphard,Lady Rebecca,Busted,Highclere,Seattle Slew,Too Bald,Vice Regent,Tinnitus,Danzig,Gdynia,Mr. Prospector,Jones Time Machine
202605010402,10,ダート,2100.0,稍重,未勝利,オルフェーヴル,ニイガッタメール,ステイゴールド,オリエンタルアート,シンボリクリスエス,ロイヤルティアラ,サンデーサイレンス,ゴールデンサッシュ,メジロマックイーン,エレクトロアート,Kris S.,Tee Kay,ノーザンテースト,ロイヤルコスマー,Halo,Wishing Well,ディクタス,ダイナサッシュ,メジロティターン,メジロオーロラ,ノーザンテースト,グランマスティーヴンス,Roberto,Sharp Queen,Gold Meridian,Tri Argo,Northern Dancer,Lady Victoria,ロイヤルスキー,マツチレスネイティヴ,Hail to Reason,Cosmah,Understanding,Mountain Flower,Sanctus,Doronic,ノーザンテースト,ロイヤルサッシュ,メジロアサマ,シエリル,リマンド,メジロアイリス,Northern Dancer,Lady Victoria,Lt. Stevens,Dhow,Hail to Reason,Bramalea,Princequillo,Bridgework,Seattle Slew,Queen Louie,Tri Jet,Hail Proudly,Nearctic,Natalma,Victoria Park,Lady Angela,Raja Baba,Coz o'Nijinsky,Raise a Native,Royal Match
202605010402,11,ダート,2100.0,稍重,未勝利,ホッコータルマエ,トーセンミルキー,キングカメハメハ,マダムチェロキー,クロフネ,ピンクパピヨン,Kingmambo,マンファス,Cherokee Run,アンフォイルド,フレンチデピュティ,ブルーアヴェニュー,サンデーサイレンス,マリスター,Mr. Prospector,Miesque,ラストタイクーン,Pilot Bird,Runaway Groom,Cherokee Dame,Unbridled,Bold Foil,Deputy Minister,Mitterand,Classic Go Go,Eliza Blue,Halo,Wishing Well,Baldski,Pink Dove,Raise a Native,Gold Digger,Nureyev,Pasadoble,トライマイベスト,Mill Princess,Blakeney,The Dancer,Blushing Groom,Yonnie Girl,Silver Saber,Dame Francesca,Fappiano,Gana Facil,Bold Forbes,Perfect Foil,Vice Regent,Mint Copy,Hold Your Peace,Laredo Lass,Pago Pago,Classic Perfection,Icecapade,コレラ,Hail to Reason,Cosmah,Understanding,Mountain Flower,Nijinsky,Too Bald,Argument,Perfect Pigeon
202605010402,12,ダート,2100.0,稍重,未勝利,サトノダイヤモンド,パーフェクトワン,ディープインパクト,マルペンサ,ノヴェリスト,メジロミドウ,サンデーサイレンス,ウインドインハーヘア,Orpen,Marsella,Monsun,Night Lagoon,ステイゴールド,メジロサンドラ,Halo,Wishing Well,Alzao,Burghclere,Lure,Bonita Francita,サザンヘイロー,Riviere,Konigsstuhl,Mosella,Lagunas,Nenuphar,サンデーサイレンス,ゴールデンサッシュ,メジロマックイーン,カンパナ,Hail to Reason,Cosmah,Understanding,Mountain Flower,Lyphard,Lady Rebecca,Busted,Highclere,Danzig,Endear,Devil's Bag,Raise the Standard,Halo,Northern Sea,Logical,Talonada,Dschingis Khan,Konigskronung,Surumu,Monasia,イルドブルボン,Liranga,Night Shift,Narola,Halo,Wishing Well,ディクタス,ダイナサッシュ,メジロティターン,メジロオーロラ,Sadler's Wells,Two Rings
202605010402,13,ダート,2100.0,稍重,未勝利,レイデオロ,リュウノシャンソン,キングカメハメハ,ラドラーダ,トーセンラー,ハッピービーチ,Kingmambo,マンファス,シンボリクリスエス,レディブロンド,ディープインパクト,プリンセスオリビア,タイキシャトル,ナギサ,Mr. Prospector,Miesque,ラストタイクーン,Pilot Bird,Kris S.,Tee Kay,Seeking the Gold,ウインドインハーヘア,サンデーサイレンス,ウインドインハーヘア,Lycius,Dance Image,Devil's Bag,ウェルシュマフィン,マークオブディスティンクション,ミデオンルビー,Raise a Native,Gold Digger,Nureyev,Pasadoble,トライマイベスト,Mill Princess,Blakeney,The Dancer,Roberto,Sharp Queen,Gold Meridian,Tri Argo,Mr. Prospector,Con Game,Alzao,Burghclere,Halo,Wishing Well,Alzao,Burghclere,Mr. Prospector,Lypatia,Sadler's Wells,Diamond Spring,Halo,Ballade,Caerleon,Muffitys,Known Fact,Ghislaine,ノーザリー,ワールドソロン
202605010403,1,ダート,1600.0,稍重,未勝利,ドレフォン,グロリアーナ,Gio Ponti,Eltimaas,ハーツクライ,ベネンシアドール,Tale of the Cat,Chipeta Springs,Ghostzapper,Najecam,サンデーサイレンス,アイリッシュダンス,キングカメハメハ,フェアリードール,Storm Cat,Yarn,Alydar,Salt Spring,Awesome Again,Baby Zip,Trempolino,Sue Warner,Halo,Wishing Well,トニービン,ビューパーダンス,Kingmambo,マンファス,Nureyev,Dream Deal,Storm Bird,Terlingua,Mr. Prospector,Narrate,Raise a Native,Sweet Tooth,Salt Marsh,Jungle Mythologic,Deputy Minister,Primal Force,Relaunch,Thirty Zip,Sharpen Up,Trephine,Forli,Bitty Girl,Hail to Reason,Cosmah,Understanding,Mountain Flower,カンパラ,Severn Bridge,Lyphard,My Bupers,Mr. Prospector,Miesque,ラストタイクーン,Pilot Bird,Northern Dancer,Special,Sharpen Up,Likely Exchange
202605010403,2,ダート,1600.0,稍重,未勝利,ダノンスマッシュ,スズカエンジェル,ロードカナロア,スピニングワイルドキャット,High Yield,イルグンスエンジェル,キングカメハメハ,レディブラッサム,Hard Spun,Hollywood Wildcat,Storm Cat,Scoop the Gold,Irgun,November Morn,Kingmambo,マンファス,Storm Cat,サラトガデュー,Danzig,Turkish Tryst,Kris S.,Miss Wildcatter,Storm Bird,Terlingua,フォーティナイナー,Leap Lively,Sunny's Halo,Late From Lunch,Capote,Roving Girl,Mr. Prospector,Miesque,ラストタイクーン,Pilot Bird,Storm Bird,Terlingua,Cormorant,Super Luna,Northern Dancer,Pas de Nom,Turkoman,Darbyvail,Roberto,Sharp Queen,Mr. Prospector,Elizabeth K.,Northern Dancer,South Ocean,Secretariat,Crimson Saint,Mr. Prospector,File,Nijinsky,Quilloquick,Halo,Mostly Sunny,Secretariat,Kankam,Seattle Slew,Too Bald,Olden Times,Black Eyed Lucy
202605010403,3,ダート,1600.0,稍重,未勝利,ベストウォーリア,スールマカロン,マジェスティックウォリアー,フラーテイシャスミス,ハービンジャー,マカロンドナンシー,A.P. Indy,Dream Supreme,Mr. Greeley,Seductive Smile,Dansili,Penang Pearl,ダンスインザダーク,アドマイヤマカディ,Seattle Slew,Weekend Surprise,Seeking the Gold,Spinning Round,Gone West,Long Legend,Silver Hawk,Exit Smiling,デインヒル,Hasili,Bering,Guapa,サンデーサイレンス,ダンシングキイ,ノーザンテースト,ミセスマカディー,Bold Reasoning,My Charmer,Secretariat,Lassie Dear,Mr. Prospector,Con Game,Dixieland Band,Take Heart,Mr. Prospector,Secrettame,Reviewer,Lianga,Roberto,Gris Vitesse,Stage Door Johnny,Chandelier,Danzig,Razyana,Kahyasi,Kerali,Arctic Tern,Beaune,Shareef Dancer,Sauceboat,Halo,Wishing Well,Nijinsky,Key Partner,Northern Dancer,Lady Victoria,トライバルチーフ,Hanina
202605010403,4,ダート,1600.0,稍重,未勝利,レイデオロ,マウレア,キングカメハメハ,ラドラーダ,ディープインパクト,バイザキャット,Kingmambo,マンファス,シンボリクリスエス,レディブロンド,サンデーサイレンス,ウインドインハーヘア,Storm Cat,Buy the Firm,Mr. Prospector,Miesque,ラストタイクーン,Pilot Bird,Kris S.,Tee Kay,Seeking the Gold,ウインドインハーヘア,Halo,Wishing Well,Alzao,Burghclere,Storm Bird,Terlingua,Affirmed,By the Hand,Raise a Native,Gold Digger,Nureyev,Pasadoble,トライマイベスト,Mill Princess,Blakeney,The Dancer,Roberto,Sharp Queen,Gold Meridian,Tri Argo,Mr. Prospector,Con Game,Alzao,Burghclere,Hail to Reason,Cosmah,Understanding,Mountain Flower,Lyphard,Lady Rebecca,Busted,Highclere,Northern Dancer,South Ocean,Secretariat,Crimson Saint,Exclusive Native,Won't Tell You,Intentionally,De Hostess
202605010403,5,ダート,1600.0,稍重,未勝利,オルフェーヴル,サイドストリート,ステイゴールド,オリエンタルアート,ヨハネスブルグ,メアリーズガーデン,サンデーサイレンス,ゴールデンサッシュ,メジロマックイーン,エレクトロアート,ヘネシー,Myth,ファルブラヴ,サンデーピクニック,Halo,Wishing Well,ディクタス,ダイナサッシュ,メジロティターン,メジロオーロラ,ノーザンテースト,グランマスティーヴンス,Storm Cat,Island Kitty,オジジアン,Yarn,Fairy King,Gift of the Night,サンデーサイレンス,アトール,Hail to Reason,Cosmah,Understanding,Mountain Flower,Sanctus,Doronic,ノーザンテースト,ロイヤルサッシュ,メジロアサマ,シエリル,リマンド,メジロアイリス,Northern Dancer,Lady Victoria,Lt. Stevens,Dhow,Storm Bird,Terlingua,Hawaii,T. C. Kitten,Damascus,Gonfalon,Mr. Prospector,Narrate,Northern Dancer,Fairy Bridge,Slewpy,Little Nana,Halo,Wishing Well,Caerleon,Shirley Reef
202605010403,6,ダート,1600.0,稍重,未勝利,サンダースノー,イフィゲニア,Helmet,Eastern Joy,エピファネイア,エヴァモア,Exceed And Excel,Accessories,Dubai Destination,Red Slippers,シンボリクリスエス,シーザリオ,Dansili,Reunite,デインヒル,Patrona,Singspiel,Anna Matrushka,Kingmambo,Mysterial,Nureyev,Morning Devotion,Kris S.,Tee Kay,スペシャルウィーク,キロフプリミエール,デインヒル,Hasili,Kingmambo,Allez Les Trois,Danzig,Razyana,Lomond,Gladiolus,In the Wings,Glorious Song,Mill Reef,Anna Paola,Mr. Prospector,Miesque,Alleged,Mysteries,Northern Dancer,Special,Affirmed,Morning Has Broken,Roberto,Sharp Queen,Gold Meridian,Tri Argo,サンデーサイレンス,キャンペンガール,Sadler's Wells,Querida,Danzig,Razyana,Kahyasi,Kerali,Mr. Prospector,Miesque,Riverman,Allegretta
202605010403,7,ダート,1600.0,稍重,未勝利,モーリス,オーヴォドーロ,スクリーンヒーロー,メジロフランシス,ローエングリン,ステラマリス,グラスワンダー,ランニングヒロイン,カーネギー,メジロモントレー,Singspiel,カーリング,サンデーサイレンス,ステラマドリッド,Silver Hawk,Ameriflora,サンデーサイレンス,ダイナアクトレス,Sadler's Wells,Detroit,モガミ,メジロクインシー,In the Wings,Glorious Song,Garde Royale,Corraleja,Halo,Wishing Well,Alydar,My Juliet,Roberto,Gris Vitesse,Danzig,Graceful Touch,Halo,Wishing Well,ノーザンテースト,モデルスポート,Northern Dancer,Fairy Bridge,Riverman,Derna,Lyphard,ノーラック,フィディオン,メジロボサツ,Sadler's Wells,High Hawk,Halo,Ballade,Mill Reef,Royal Way,Carvin,Darling Dale,Hail to Reason,Cosmah,Understanding,Mountain Flower,Raise a Native,Sweet Tooth,Gallant Romeo,My Bupers
202605010403,8,ダート,1600.0,稍重,未勝利,ロージズインメイ,カメチャン,Devil His Due,Tell a Secret,タートルボウル,ダンスオンザルーフ,Devil's Bag,Plenty O'Toole,Speak John,Secret Retreat,Dyhim Diamond,Clara Bow,シンボリクリスエス,ダンシングサンデー,Halo,Ballade,Raise a Cup,Li'l Puss,Prince John,Nuit de Folies,Clandestine,Retirement,Night Shift,Happy Landing,Top Ville,Kamiya,Kris S.,Tee Kay,サンデーサイレンス,ダンシングキイ,Hail to Reason,Cosmah,Herbager,Miss Swapsco,Raise a Native,Spring Sunshine,Noble Jay,Li'l Sis,Princequillo,Not Afraid,Tornado,Folle Nuit,Double Jay,Conniver,Royal Gem,Marie J.,Northern Dancer,Ciboulette,Homing,Laughing Goddess,High Top,Sega Ville,Kalamoun,Shahinaaz,Roberto,Sharp Queen,Gold Meridian,Tri Argo,Halo,Wishing Well,Nijinsky,Key Partner
202605010403,9,ダート,1600.0,稍重,未勝利,エピファネイア,サッシーイメージ,シンボリクリスエス,シーザリオ,Broken Vow,Ideal Image,Kris S.,Tee Kay,スペシャルウィーク,キロフプリミエール,Unbridled,Wedding Vow,ヘネシー,Amore Cielo,Roberto,Sharp Queen,Gold Meridian,Tri Argo,サンデーサイレンス,キャンペンガール,Sadler's Wells,Querida,Fappiano,Gana Facil,Nijinsky,Wedding Picture,Storm Cat,Island Kitty,Conquistador Cielo,Header Card,Hail to Reason,Bramalea,Princequillo,Bridgework,Seattle Slew,Queen Louie,Tri Jet,Hail Proudly,Halo,Wishing Well,マルゼンスキー,レディーシラオキ,Northern Dancer,Fairy Bridge,Habitat,Principia,Mr. Prospector,Killaloe,Le Fabuleux,Charedi,Northern Dancer,Flaming Page,Blushing Groom,Strike a Pose,Storm Bird,Terlingua,Hawaii,T. C. Kitten,Mr. Prospector,K D Princess,Quack,Shelf Talker
202605010403,10,ダート,1600.0,稍重,未勝利,クリソベリル,ニュアージュドール,ゴールドアリュール,クリソプレーズ,ディープスカイ,ゴールドレリック,サンデーサイレンス,ニキーヤ,エルコンドルパサー,キャサリーンパー,アグネスタキオン,アビ,Kingmambo,Gold Bust,Halo,Wishing Well,Nureyev,Reluctant Guest,Kingmambo,サドラーズギャル,Riverman,Regal Exception,サンデーサイレンス,アグネスフローラ,Chief's Crown,Carmelized,Mr. Prospector,Miesque,Nashwan,Riviere D'or,Hail to Reason,Cosmah,Understanding,Mountain Flower,Northern Dancer,Special,Hostage,Vaguely Royal,Mr. Prospector,Miesque,Sadler's Wells,Glenveagh,Never Bend,River Lady,Ribot,Rajput Princess,Halo,Wishing Well,ロイヤルスキー,アグネスレディー,Danzig,Six Crowns,Key to the Mint,Carmelize,Raise a Native,Gold Digger,Nureyev,Pasadoble,Blushing Groom,Height of Fashion,Lyphard,Gold River
202605010403,11,ダート,1600.0,稍重,未勝利,ストロングリターン,ファストソング,シンボリクリスエス,コートアウト,ヘクタープロテクター,ステッバイステップ,Kris S.,Tee Kay,Smart Strike,アザール,Woodman,Korveya,カリズマティック,オルビタル,Roberto,Sharp Queen,Gold Meridian,Tri Argo,Mr. Prospector,Classy 'n Smart,Nijinsky,Smart Heiress,Mr. Prospector,プレイメイト,Riverman,Konafa,Summer Squall,Bali Babe,Caerleon,Asteroid Field,Hail to Reason,Bramalea,Princequillo,Bridgework,Seattle Slew,Queen Louie,Tri Jet,Hail Proudly,Raise a Native,Gold Digger,Smarten,No Class,Northern Dancer,Flaming Page,Vaguely Noble,Smartaire,Raise a Native,Gold Digger,Buckpasser,Intriguing,Never Bend,River Lady,Damascus,Royal Statute,Storm Bird,Weekend Surprise,Drone,Polynesian Charm,Nijinsky,Foreseer,Forli,Star Strewn
202605010403,12,ダート,1600.0,稍重,未勝利,サートゥルナーリア,モンクール,ロードカナロア,シーザリオ,ディープインパクト,プレシャスキール,キングカメハメハ,レディブラッサム,スペシャルウィーク,キロフプリミエール,サンデーサイレンス,ウインドインハーヘア,ノーザンテースト,マルゼンキール,Kingmambo,マンファス,Storm Cat,サラトガデュー,サンデーサイレンス,キャンペンガール,Sadler's Wells,Querida,Halo,Wishing Well,Alzao,Burghclere,Northern Dancer,Lady Victoria,ボールドラツド,シル,Mr. Prospector,Miesque,ラストタイクーン,Pilot Bird,Storm Bird,Terlingua,Cormorant,Super Luna,Halo,Wishing Well,マルゼンスキー,レディーシラオキ,Northern Dancer,Fairy Bridge,Habitat,Principia,Hail to Reason,Cosmah,Understanding,Mountain Flower,Lyphard,Lady Rebecca,Busted,Highclere,Nearctic,Natalma,Victoria Park,Lady Angela,Bold Ruler,Misty Morn,Buckpasser,Quill
202605010403,13,ダート,1600.0,稍重,未勝利,シニスターミニスター,グラスエトワール,Old Trieste,Sweet Minister,ヴァーミリアン,グラスブロード,A.P. Indy,Lovlier Linda,The Prime Minister,Sweet Blue,エルコンドルパサー,スカーレットレディ,Fusaichi Pegasus,Magic Broad,Seattle Slew,Weekend Surprise,Vigors,Linda Summers,Deputy Minister,Stick to Beauty,Hurry Up Blue,Sugar Gold,Kingmambo,サドラーズギャル,サンデーサイレンス,スカーレットローズ,Mr. Prospector,Angel Fever,Broad Brush,Illeria,Bold Reasoning,My Charmer,Secretariat,Lassie Dear,Grey Dawn,Relifordie,Crozier,Queenly Gift,Vice Regent,Mint Copy,Illustrious,Hail to Beauty,Mr. Leader,Blue Baroness,Mr. Prospector,Miss Ironside,Mr. Prospector,Miesque,Sadler's Wells,Glenveagh,Halo,Wishing Well,ノーザンテースト,スカーレットインク,Raise a Native,Gold Digger,Danzig,Rowdy Angel,Ack Ack,Hay Patcher,Stop the Music,Baldski's Holiday
202605010403,14,ダート,1600.0,稍重,未勝利,シャンハイボビー,プティトシャンティ,Harlan's Holiday,Steelin',ダノンシャンティ,チャームダンス,Harlan,Christmas in Aiken,Orientate,Steel Band,フジキセキ,シャンソネット,アフリート,ダンシングゴッデス,Storm Cat,Country Romance,Affirmed,Dowager,Mt. Livermore,Dream Team,Carson City,ウェディングバンド,サンデーサイレンス,ミルレーサー,Mark of Esteem,Glorious Song,Mr. Prospector,Polite Lady,Nijinsky,Producer,Storm Bird,Terlingua,Halo,Sweet Romance,Exclusive Native,Won't Tell You,Honest Pleasure,Princessnesian,Blushing Groom,Flama Ardiente,Cox's Ridge,Likely Double,Mr. Prospector,Blushing Promise,Mighty Appealing,Ring of Steel,Halo,Wishing Well,Le Fabuleux,Marston's Mill,Darshaan,Homage,Halo,Ballade,Raise a Native,Gold Digger,Venetian Jester,Friendly Ways,Northern Dancer,Flaming Page,Nashua,Marion
202605010403,15,ダート,1600.0,稍重,未勝利,タニノフランケル,スカーレットテイル,Frankel,ウオッカ,ハービンジャー,ダイワレジェンド,Galileo,Kind,タニノギムレット,タニノシスター,Dansili,Penang Pearl,キングカメハメハ,ダイワスカーレット,Sadler's Wells,Urban Sea,デインヒル,Rainbow Lake,ブライアンズタイム,タニノクリスタル,ルション,エナジートウショウ,デインヒル,Hasili,Bering,Guapa,Kingmambo,マンファス,アグネスタキオン,スカーレットブーケ,Northern Dancer,Fairy Bridge,Miswaki,Allegretta,Danzig,Razyana,Rainbow Quest,Rockfest,Roberto,Kelley's Day,クリスタルパレス,タニノシーバード,Riverman,ベルドリーヌ,トウショウボーイ,コーニストウショウ,Danzig,Razyana,Kahyasi,Kerali,Arctic Tern,Beaune,Shareef Dancer,Sauceboat,Mr. Prospector,Miesque,ラストタイクーン,Pilot Bird,サンデーサイレンス,アグネスフローラ,ノーザンテースト,スカーレットインク
202605010403,16,ダート,1600.0,稍重,未勝利,Earthlight,アシーアビューティ,Shamardal,Winters Moon,Dabirsim,Anabasis,Giant's Causeway,Helsinki,New Approach,Summertime Legacy,ハットトリック,Rumored,High Chaparral,Allure,Storm Cat,Mariah's Storm,Machiavellian,Helen Street,Galileo,Park Express,Darshaan,Zawaahy,サンデーサイレンス,トリッキーコード,ロイヤルアカデミー,Bright Generation,Sadler's Wells,Kasora,Konigsstuhl,Adjani,Storm Bird,Terlingua,Rahy,イメンス,Mr. Prospector,Coup de Folie,Troy,Waterway,Sadler's Wells,Urban Sea,Ahonoora,Matcher,Shirley Heights,Delsy,El Gran Senor,Exotic Treat,Halo,Wishing Well,Lost Code,Dam Clever,Nijinsky,Crimson Saint,Rainbow Quest,New Generation,Northern Dancer,Fairy Bridge,Darshaan,Kozana,Dschingis Khan,Konigskronung,Surumu,Annaberta
202605010404,1,ダート,1600.0,稍重,新馬,インカンテーション,パイクーニャン,シニスターミニスター,オリジナルスピン,フレンチデピュティ,パイアン,Old Trieste,Sweet Minister,Machiavellian,Not Before Time,Deputy Minister,Mitterand,Cozzene,ウッドマンズシック,A.P. Indy,Lovlier Linda,The Prime Minister,Sweet Blue,Mr. Prospector,Coup de Folie,Polish Precedent,Time Charter,Vice Regent,Mint Copy,Hold Your Peace,Laredo Lass,Caro,Ride the Trails,Woodman,ラディカルチック,Seattle Slew,Weekend Surprise,Vigors,Linda Summers,Deputy Minister,Stick to Beauty,Hurry Up Blue,Sugar Gold,Raise a Native,Gold Digger,Halo,Raise the Standard,Danzig,Past Example,Saritamer,Centrocon,Northern Dancer,Victoria Regina,Bunty's Flight,Shakney,Speak John,Blue Moon,Bold Ruler,Fortunate Isle,フォルティノ,Chambord,Prince John,Wildwook,Mr. Prospector,プレイメイト,Sadler's Wells,Santa Roseanna
202605010404,2,ダート,1600.0,稍重,新馬,ゴールドアクター,ゴールドアクション,スクリーンヒーロー,ヘイロンシン,ヘニーヒューズ,グローバルリーダー,グラスワンダー,ランニングヒロイン,キョウワアリシバ,ハッピーヒエン,ヘネシー,Meadow Flyer,テンビー,ホクショウマリー,Silver Hawk,Ameriflora,サンデーサイレンス,ダイナアクトレス,Alysheba,Sulemeif,マナード,ブゼンフブキ,Storm Cat,Island Kitty,Meadowlake,Shortley,Caerleon,Shining Water,テイオーソロン,レオナール,Roberto,Gris Vitesse,Danzig,Graceful Touch,Halo,Wishing Well,ノーザンテースト,モデルスポート,Alydar,Bel Sheba,Northern Dancer,Barely Even,Captain's Gig,Slipstream,セダン,トサクイン,Storm Bird,Terlingua,Hawaii,T. C. Kitten,Hold Your Peace,Suspicious Native,Hagley,Short Winded,Nijinsky,Foreseer,Kalaglow,Idle Waters,パーソロン,リーダーシツプ,プルラリズム,ハーバーマドンナ
202605010404,3,ダート,1600.0,稍重,新馬,キタサンブラック,アスールプラージャ,ブラックタイド,シュガーハート,エンパイアメーカー,ダブルオベリスク,サンデーサイレンス,ウインドインハーヘア,サクラバクシンオー,オトメゴコロ,Unbridled,Toussaud,アグネスタキオン,クィーンズダガー,Halo,Wishing Well,Alzao,Burghclere,サクラユタカオー,サクラハゴロモ,ジャッジアンジェルーチ,テイズリー,Fappiano,Gana Facil,El Gran Senor,Image of Reality,サンデーサイレンス,アグネスフローラ,Rahy,ケイティーズファースト,Hail to Reason,Cosmah,Understanding,Mountain Flower,Lyphard,Lady Rebecca,Busted,Highclere,テスコボーイ,アンジェリカ,ノーザンテースト,クリアアンバー,Honest Pleasure,Victorian Queen,Lyphard,Tizna,Mr. Prospector,Killaloe,Le Fabuleux,Charedi,Northern Dancer,Sex Appeal,In Reality,Edee's Image,Halo,Wishing Well,ロイヤルスキー,アグネスレディー,Blushing Groom,Glorious Song,Kris,Katies
202605010404,4,ダート,1600.0,稍重,新馬,リオンディーズ,ホワイトフーガ,キングカメハメハ,シーザリオ,クロフネ,マリーンウィナー,Kingmambo,マンファス,スペシャルウィーク,キロフプリミエール,フレンチデピュティ,ブルーアヴェニュー,フジキセキ,ドバイソプラノ,Mr. Prospector,Miesque,ラストタイクーン,Pilot Bird,サンデーサイレンス,キャンペンガール,Sadler's Wells,Querida,Deputy Minister,Mitterand,Classic Go Go,Eliza Blue,サンデーサイレンス,ミルレーサー,Zafonic,Ring of Music,Raise a Native,Gold Digger,Nureyev,Pasadoble,トライマイベスト,Mill Princess,Blakeney,The Dancer,Halo,Wishing Well,マルゼンスキー,レディーシラオキ,Northern Dancer,Fairy Bridge,Habitat,Principia,Vice Regent,Mint Copy,Hold Your Peace,Laredo Lass,Pago Pago,Classic Perfection,Icecapade,コレラ,Halo,Wishing Well,Le Fabuleux,Marston's Mill,Gone West,Zaizafon,Sadler's Wells,Glorious Song
202605010404,5,ダート,1600.0,稍重,新馬,ミスチヴィアスアレックス,イトククリ,Into Mischief,White Pants Night,サクラバクシンオー,フォーリアクイーン,Harlan's Holiday,Leslie's Lady,Speightstown,More d'Amour,サクラユタカオー,サクラハゴロモ,サンデーサイレンス,フォーリア,Harlan,Christmas in Aiken,Tricky Creek,Crystal Lady,Gone West,Silken Cat,Tour d'Or,Love Connection,テスコボーイ,アンジェリカ,ノーザンテースト,クリアアンバー,Halo,Wishing Well,Sadler's Wells,Dunoof,Storm Cat,Country Romance,Affirmed,Dowager,Clever Trick,Battle Creek Girl,Stop the Music,One Last Bird,Mr. Prospector,Secrettame,Storm Cat,Silken Doll,Medaille d'Or,Debby's Turn,Master Derby,Perfect Connection,Princely Gift,Suncourt,ネヴァービート,スターハイネス,Northern Dancer,Lady Victoria,Ambiopoise,One Clear Call,Hail to Reason,Cosmah,Understanding,Mountain Flower,Northern Dancer,Fairy Bridge,Shirley Heights,Sunbittern
202605010404,6,ダート,1600.0,稍重,新馬,ドレフォン,ユーブゴットイット,Gio Ponti,Eltimaas,Sea The Stars  Sea the Stars,Song,Tale of the Cat,Chipeta Springs,Ghostzapper,Najecam,Cape Cross,Urban Sea,Sadler's Wells,Jude,Storm Cat,Yarn,Alydar,Salt Spring,Awesome Again,Baby Zip,Trempolino,Sue Warner,Green Desert,Park Appeal,Miswaki,Allegretta,Northern Dancer,Fairy Bridge,Darshaan,Alruccaba,Storm Bird,Terlingua,Mr. Prospector,Narrate,Raise a Native,Sweet Tooth,Salt Marsh,Jungle Mythologic,Deputy Minister,Primal Force,Relaunch,Thirty Zip,Sharpen Up,Trephine,Forli,Bitty Girl,Danzig,Foreign Courier,Ahonoora,Balidaress,Mr. Prospector,Hopespringseternal,Lombard,Anatevka,Nearctic,Natalma,Bold Reason,Special,Shirley Heights,Delsy,クリスタルパレス,Allara
202605010404,7,ダート,1600.0,稍重,新馬,アルアイン,ハタノリュクス,ディープインパクト,ドバイマジェスティ,ロードカナロア,ハタノエンジェル,サンデーサイレンス,ウインドインハーヘア,Essence of Dubai,Great Majesty,キングカメハメハ,レディブラッサム,ブライアンズタイム,ヴィヴィッドエンジェル,Halo,Wishing Well,Alzao,Burghclere,Pulpit,Epitome,Great Above,Mistic Majesty,Kingmambo,マンファス,Storm Cat,サラトガデュー,Roberto,Kelley's Day,Septieme Ciel,Setting,Hail to Reason,Cosmah,Understanding,Mountain Flower,Lyphard,Lady Rebecca,Busted,Highclere,A.P. Indy,Preach,Summing,Honest and True,Minnesota Mac,Ta Wee,His Majesty,Necaras Miss,Mr. Prospector,Miesque,ラストタイクーン,Pilot Bird,Storm Bird,Terlingua,Cormorant,Super Luna,Hail to Reason,Bramalea,Graustark,Golden Trail,Seattle Slew,Maximova,Exclusive Native,Round Pearl
202605010404,8,ダート,1600.0,稍重,新馬,フィエールマン,グリーズアージェント,ディープインパクト,リュヌドール,Clodovil,Grande Rousse,サンデーサイレンス,ウインドインハーヘア,Green Tune,Luth d'Or,デインヒル,Clodora,Act One,Geriba,Halo,Wishing Well,Alzao,Burghclere,Green Dancer,Soundings,Noir Et Or,Viole d'Amour,Danzig,Razyana,Linamix,Cloche d'Or,In the Wings,Summer Sonnet,Gone West,Angelic Song,Hail to Reason,Cosmah,Understanding,Mountain Flower,Lyphard,Lady Rebecca,Busted,Highclere,Nijinsky,Green Valley,Mr. Prospector,Ocean's Answer,ラインゴールド,Pomme Rose,Luthier,Mandolinette,Northern Dancer,Pas de Nom,His Majesty,Spring Adieu,メンデス,Lunadix,Good Times,Chrysicabana,Sadler's Wells,High Hawk,バイアモン,ノエシス,Mr. Prospector,Secrettame,Halo,Ballade
202605010404,9,ダート,1600.0,稍重,新馬,Bolt d'Oro,Rosey Bay,Medaglia d'Oro,Globe Trot,Golden Missile,Baymont,El Prado,Cappucino Bay,A.P. Indy,Trip,A.P. Indy,Santa Catalina,Wild Again,Gold Fleece,Sadler's Wells,Lady Capulet,Bailjumper,Dubbed In,Seattle Slew,Weekend Surprise,Lord at War,Tour,Seattle Slew,Weekend Surprise,Cure the Blues,Swept Off Her Feet,Icecapade,Bushel-n-Peck,Deputed Testamony,Go Solo,Northern Dancer,Fairy Bridge,Sir Ivor,Cap and Bells,Damascus,Court Circuit,Silent Screen,Society Singer,Bold Reasoning,My Charmer,Secretariat,Lassie Dear,General,Luna de Miel,フォーティナイナー,Fun Flight,Bold Reasoning,My Charmer,Secretariat,Lassie Dear,Stop the Music,Quick Cure,Forceten,Shipboard Romance,Nearctic,Shenanigans,Khaled,Dama,Traffic Cop,Proof Requested,Riverman,Sing Back
202605010404,10,ダート,1600.0,稍重,新馬,レイデオロ,ハーフバック,キングカメハメハ,ラドラーダ,ジャスタウェイ,キトゥンブルー,Kingmambo,マンファス,シンボリクリスエス,レディブロンド,ハーツクライ,シビル,ダンスインザダーク,キトゥントリックス,Mr. Prospector,Miesque,ラストタイクーン,Pilot Bird,Kris S.,Tee Kay,Seeking the Gold,ウインドインハーヘア,サンデーサイレンス,アイリッシュダンス,Wild Again,シャロン,サンデーサイレンス,ダンシングキイ,Storm Cat,Tricky Game,Raise a Native,Gold Digger,Nureyev,Pasadoble,トライマイベスト,Mill Princess,Blakeney,The Dancer,Roberto,Sharp Queen,Gold Meridian,Tri Argo,Mr. Prospector,Con Game,Alzao,Burghclere,Halo,Wishing Well,トニービン,ビューパーダンス,Icecapade,Bushel-n-Peck,Mo Exception,Double Wiggle,Halo,Wishing Well,Nijinsky,Key Partner,Storm Bird,Terlingua,Majestic Light,Con Game
202605010404,11,ダート,1600.0,稍重,新馬,パイロ,カリビアンロマンス,Pulpit,Wild Vision,コマンズ,サバナパディーダ,A.P. Indy,Preach,Wild Again,Carol's Wonder,デインヒル,Cotehele House,Cape Cross,Capriola,Seattle Slew,Weekend Surprise,Mr. Prospector,Narrate,Icecapade,Bushel-n-Peck,Pass the Tab,Carols Christmas,Danzig,Razyana,My Swanee,Eight Carat,Green Desert,Park Appeal,Mr. Prospector,High Point Lady,Bold Reasoning,My Charmer,Secretariat,Lassie Dear,Raise a Native,Gold Digger,Honest Pleasure,State,Nearctic,Shenanigans,Khaled,Dama,Al Hattab,Dantina,Whitesburg,Light Verse,Northern Dancer,Pas de Nom,His Majesty,Spring Adieu,Petition,Grey Rhythm,Pieces of Eight,Klairessa,Danzig,Foreign Courier,Ahonoora,Balidaress,Raise a Native,Gold Digger,Knightly Dawn,Miss Jet Holme
202605010404,12,ダート,1600.0,稍重,新馬,シニスターミニスター,シンプリーノキセキ,Old Trieste,Sweet Minister,キンシャサノキセキ,シンプリーディヴァイン,A.P. Indy,Lovlier Linda,The Prime Minister,Sweet Blue,フジキセキ,ケルトシャーン,Grand Slam,Fashion Editor,Seattle Slew,Weekend Surprise,Vigors,Linda Summers,Deputy Minister,Stick to Beauty,Hurry Up Blue,Sugar Gold,サンデーサイレンス,ミルレーサー,Pleasant Colony,Featherhill,Gone West,Bright Candles,Deputy Minister,Fashion Delight,Bold Reasoning,My Charmer,Secretariat,Lassie Dear,Grey Dawn II,Relifordie,Crozier,Queenly Gift,Vice Regent,Mint Copy,Illustrious,Hail to Beauty,Mr. Leader,Blue Baroness,Mr. Prospector,Miss Ironside,Halo,Wishing Well,Le Fabuleux,Marston's Mill,His Majesty,Sun Colony,Lyphard,Lady Berry,Mr. Prospector,Secrettame,El Gran Senor,Christmas Bonus,Vice Regent,Mint Copy,Fappiano,Charleston Rag
202605010404,13,ダート,1600.0,稍重,新馬,モーニン,ライクエグザイル,ヘニーヒューズ,Giggly,プリサイスエンド,シルクスウィフト,ヘネシー,Meadow Flyer,Distorted Humor,Chaste,エンドスウィープ,Precisely,ブラックタイアフェアー,ルミネッセンス,Storm Cat,Island Kitty,Meadowlake,Shortley,フォーティナイナー,Danzig's Beauty,Cozzene,Purity,フォーティナイナー,Broom Dance,Summing,Crisp 'n Clear,Miswaki,Hat Tab Girl,ブライアンズタイム,ルナパーク,Storm Bird,Terlingua,Hawaii,T. C. Kitten,Hold Your Peace,Suspicious Native,Hagley,Short Winded,Mr. Prospector,File,Danzig,Sweetest Chant,Caro,Ride the Trails,Fappiano,Dame Mysterieuse,Mr. Prospector,File,Dance Spell,Witching Hour,Verbatim,Sumatra,Cold Reception,Ring O'Bells,Mr. Prospector,Hopespringseternal,Al Hattab,Desperate Action,Roberto,Kelley's Day,ノーザンテースト,サイクラス
202605010404,14,ダート,1600.0,稍重,新馬,サトノアラジン,セブンシーミノル,ディープインパクト,マジックストーム,エンパイアメーカー,セブンシークィーン,サンデーサイレンス,ウインドインハーヘア,Storm Cat,Foppy Dancer,Unbridled,Toussaud,コロナドズクエスト,ダンツプリンセス,Halo,Wishing Well,Alzao,Burghclere,Storm Bird,Terlingua,Fappiano,Water Dance,Fappiano,Gana Facil,El Gran Senor,Image of Reality,フォーティナイナー,Laughing Look,サンデーサイレンス,ミラクルミユキ,Hail to Reason,Cosmah,Understanding,Mountain Flower,Lyphard,Lady Rebecca,Busted,Highclere,Northern Dancer,South Ocean,Secretariat,Crimson Saint,Mr. Prospector,Killaloe,Nijinsky,Luiana,Mr. Prospector,Killaloe,Le Fabuleux,Charedi,Northern Dancer,Sex Appeal,In Reality,Edee's Image,Mr. Prospector,File,Damascus,Laughter,Halo,Wishing Well,ノーザンテースト,タニノベンチヤ
202605010404,15,ダート,1600.0,稍重,新馬,マインドユアビスケッツ,フレグラントエリア,Posse,Jazzmane,ハーツクライ,ベルエアシズル,Silver Deputy,Raska,Toccet,Alljazz,サンデーサイレンス,アイリッシュダンス,Unusual Heat,Bel Air Belle,Deputy Minister,Silver Valley,Rahy,Borishka,Awesome Again,Cozzene's Angel,Stop the Music,Bounteous,Halo,Wishing Well,トニービン,ビューパーダンス,Nureyev,Rossard,Runaway Groom,Progressive Lady,Vice Regent,Mint Copy,Mr. Prospector,Seven Valleys,Blushing Groom,Glorious Song,Roberto,Queen Maud,Deputy Minister,Primal Force,Cozzene,Charming Pan,Hail to Reason,Bebopper,Master Derby,Mlle. Quille,Hail to Reason,Cosmah,Understanding,Mountain Flower,カンパラ,Severn Bridge,Lyphard,My Bupers,Northern Dancer,Special,Glacial,Peas-Blossom,Blushing Groom,Yonnie Girl,Crafty Prospector,Retrogress
202605010404,16,ダート,1600.0,稍重,新馬,ポエティックフレア,ウインガーネット,Dawn Approach,Maria Lee,ヴィクトワールピサ,コスモクリスタル,New Approach,Hymn of the Dawn,ロックオブジブラルタル,Elida,ネオユニヴァース,ホワイトウォーターアフェア,マイネルラヴ,クリスチャンネーム,Galileo,Park Express,Phone Trick,Colonial Debut,デインヒル,Offshore Boom,ロイヤルアカデミー,Saviour,サンデーサイレンス,ポインテッドパス,Machiavellian,Much Too Risky,Seeking the Gold,Heart of Joy,Cadeaux Genereux,Colorvista,Sadler's Wells,Urban Sea,Ahonoora,Matcher,Clever Trick,Over the Phone,Pleasant Colony,Kittihawk Miss,Danzig,Razyana,Be My Guest,Push a Button,Nijinsky,Crimson Saint,Majestic Light,Victorian Queen,Halo,Wishing Well,Kris,Silken Way,Mr. Prospector,Coup de Folie,Bustino,Short Rations,Mr. Prospector,Con Game,リィフォー,Mythographer,Young Generation,Smarten Up,Shirley Heights,Reprocolor
202605010405,1,芝,1600.0,良,新馬,キタサンブラック,ターフウォー,ブラックタイド,シュガーハート,War Front,Starstruck,サンデーサイレンス,ウインドインハーヘア,サクラバクシンオー,オトメゴコロ,Danzig,Starry Dreamer,Galileo,Agnetha,Halo,Wishing Well,Alzao,Burghclere,サクラユタカオー,サクラハゴロモ,ジャッジアンジェルーチ,テイズリー,Northern Dancer,Pas de Nom,Rubiano,Lara's Star,Sadler's Wells,Urban Sea,Big Shuffle,Aerleona,Hail to Reason,Cosmah,Understanding,Mountain Flower,Lyphard,Lady Rebecca,Busted,Highclere,テスコボーイ,アンジェリカ,ノーザンテースト,クリアアンバー,Honest Pleasure,Victorian Queen,Lyphard,Tizna,Nearctic,Natalma,Admiral's Voyage,Petitioner,Fappiano,Ruby Slippers,Forli,True Reality,Northern Dancer,Fairy Bridge,Miswaki,Allegretta,Super Concorde,Raise Your Skirts,Caerleon,Alata
202605010405,2,芝,1600.0,良,新馬,シルバーステート,マイエンフェルト,ディープインパクト,シルヴァースカヤ,ハービンジャー,アーデルハイト,サンデーサイレンス,ウインドインハーヘア,Silver Hawk,Boubskaia,Dansili,Penang Pearl,アグネスタキオン,ビワハイジ,Halo,Wishing Well,Alzao,Burghclere,Roberto,Gris Vitesse,Niniski,Frenetique,デインヒル,Hasili,Bering,Guapa,サンデーサイレンス,アグネスフローラ,Caerleon,アグサン,Hail to Reason,Cosmah,Understanding,Mountain Flower,Lyphard,Lady Rebecca,Busted,Highclere,Hail to Reason,Bramalea,Amerigo,Matchiche,Nijinsky,Virginia Hills,Tyrant,Femina,Danzig,Razyana,Kahyasi,Kerali,Arctic Tern,Beaune,Shareef Dancer,Sauceboat,Halo,Wishing Well,ロイヤルスキー,アグネスレディー,Nijinsky,Foreseer,Lord Gayle,Santa Luciana
202605010405,3,芝,1600.0,良,新馬,ダノンバラード,ツインクルスター,ディープインパクト,レディバラード,サクラバクシンオー,キョウエイトルース,サンデーサイレンス,ウインドインハーヘア,Unbridled,Angelic Song,サクラユタカオー,サクラハゴロモ,フジキセキ,キョウエイヨシノ,Halo,Wishing Well,Alzao,Burghclere,Fappiano,Gana Facil,Halo,Ballade,テスコボーイ,アンジェリカ,ノーザンテースト,クリアアンバー,サンデーサイレンス,ミルレーサー,プラウドデボネア,キョウエイミート,Hail to Reason,Cosmah,Understanding,Mountain Flower,Lyphard,Lady Rebecca,Busted,Highclere,Mr. Prospector,Killaloe,Le Fabuleux,Charedi,Hail to Reason,Cosmah,Herbager,Miss Swapsco,Princely Gift,Suncourt,ネヴァービート,スターハイネス,Northern Dancer,Lady Victoria,Ambiopoise,One Clear Call,Halo,Wishing Well,Le Fabuleux,Marston's Mill,Lyphard,Proud Delta,クラウンドプリンス,キョウエイオリーブ
202605010405,4,芝,1600.0,良,新馬,サトノダイヤモンド,ダイリュウキセキ,ディープインパクト,マルペンサ,ファスリエフ,キタサンラブソング,サンデーサイレンス,ウインドインハーヘア,Orpen,Marsella,Nureyev,Mr. P's Princess,ダンスインザダーク,オリンピアデュカキス,Halo,Wishing Well,Alzao,Burghclere,Lure,Bonita Francita,サザンヘイロー,Riviere,Northern Dancer,Special,Mr. Prospector,Anne Campbell,サンデーサイレンス,ダンシングキイ,Isopach,Jaana,Hail to Reason,Cosmah,Understanding,Mountain Flower,Lyphard,Lady Rebecca,Busted,Highclere,Danzig,Endear,Devil's Bag,Raise the Standard,Halo,Northern Sea,Logical,Talonada,Nearctic,Natalma,Forli,Thong,Raise a Native,Gold Digger,Never Bend,Repercussion,Halo,Wishing Well,Nijinsky,Key Partner,Reviewer,Klepto,Cure the Blues,Stradavari
202605010405,5,芝,1600.0,良,新馬,ゴールドシップ,アルマリンピア,ステイゴールド,ポイントフラッグ,タイキシャトル,テイクザレインズ,サンデーサイレンス,ゴールデンサッシュ,メジロマックイーン,パストラリズム,Devil's Bag,ウェルシュマフィン,ブライアンズタイム,クラシックダンサー,Halo,Wishing Well,ディクタス,ダイナサッシュ,メジロティターン,メジロオーロラ,プルラリズム,トクノエイティー,Halo,Ballade,Caerleon,Muffitys,Roberto,Kelley's Day,ノーザンテースト,ビクトリアクラウン,Hail to Reason,Cosmah,Understanding,Mountain Flower,Sanctus,Doronic,ノーザンテースト,ロイヤルサッシュ,メジロアサマ,シエリル,リマンド,メジロアイリス,The Minstrel,Cambretta,トライバルチーフ,アイアンルビー,Hail to Reason,Cosmah,Herbager,Miss Swapsco,Nijinsky,Foreseer,Thatch,Contrail,Hail to Reason,Bramalea,Graustark,Golden Trail,Northern Dancer,Lady Victoria,ファバージ,ワールドハヤブサ
202605010405,6,芝,1600.0,良,新馬,アスクピーターパン,ミラクルアスク,Frankel,ストレイトガール,ディープインパクト,イルバチオ,Galileo,Kind,フジキセキ,ネヴァーピリオド,サンデーサイレンス,ウインドインハーヘア,ロイヤルアカデミー,サーファーガール,Sadler's Wells,Urban Sea,デインヒル,Rainbow Lake,サンデーサイレンス,ミルレーサー,タイキシャトル,フューチャハッピー,Halo,Wishing Well,Alzao,Burghclere,Nijinsky,Crimson Saint,マナード,マテイネラ,Northern Dancer,Fairy Bridge,Miswaki,Allegretta,Danzig,Razyana,Rainbow Quest,Rockfest,Halo,Wishing Well,Le Fabuleux,Marston's Mill,Devil's Bag,ウェルシュマフィン,デインヒル,タイセイカグラ,Hail to Reason,Cosmah,Understanding,Mountain Flower,Lyphard,Lady Rebecca,Busted,Highclere,Northern Dancer,Flaming Page,Crimson Satan,Bolero Rose,Captain's Gig,Slipstream,Crepello,マタテイナ
202605010405,7,芝,1600.0,良,新馬,サトノダイヤモンド,エナチャン,ディープインパクト,マルペンサ,キンシャサノキセキ,エンジェルシード,サンデーサイレンス,ウインドインハーヘア,Orpen,Marsella,フジキセキ,ケルトシャーン,Broad Brush,Fara's Team,Halo,Wishing Well,Alzao,Burghclere,Lure,Bonita Francita,サザンヘイロー,Riviere,サンデーサイレンス,ミルレーサー,Pleasant Colony,Featherhill,Ack Ack,Hay Patcher,Tunerup,Specialization,Hail to Reason,Cosmah,Understanding,Mountain Flower,Lyphard,Lady Rebecca,Busted,Highclere,Danzig,Endear,Devil's Bag,Raise the Standard,Halo,Northern Sea,Logical,Talonada,Halo,Wishing Well,Le Fabuleux,Marston's Mill,His Majesty,Sun Colony,Lyphard,Lady Berry,Battle Joined,Fast Turn,Hoist the Flag,Turn to Talent,The Pruner,Our Girl,Princely Native,Special Vintage
202605010405,8,芝,1600.0,良,新馬,モーリス,カラフルマーメイド,スクリーンヒーロー,メジロフランシス,ハービンジャー,カラフルトーク,グラスワンダー,ランニングヒロイン,カーネギー,メジロモントレー,Dansili,Penang Pearl,サンデーサイレンス,シングライクトーク,Silver Hawk,Ameriflora,サンデーサイレンス,ダイナアクトレス,Sadler's Wells,Detroit,モガミ,メジロクインシー,デインヒル,Hasili,Bering,Guapa,Halo,Wishing Well,ノーザンテースト,フリートーク,Roberto,Gris Vitesse,Danzig,Graceful Touch,Halo,Wishing Well,ノーザンテースト,モデルスポート,Northern Dancer,Fairy Bridge,Riverman,Derna,Lyphard,ノーラック,フィディオン,メジロボサツ,Danzig,Razyana,Kahyasi,Kerali,Arctic Tern,Beaune,Shareef Dancer,Sauceboat,Hail to Reason,Cosmah,Understanding,Mountain Flower,Northern Dancer,Lady Victoria,リアルシャダイ,ダイナフリート
202605010405,9,芝,1600.0,良,新馬,サトノダイヤモンド,レディホークフィールド,ディープインパクト,マルペンサ,Hawk Wing,Hoity Toity,サンデーサイレンス,ウインドインハーヘア,Orpen,Marsella,Woodman,La Lorgnette,Darshaan,Hiwaayati,Halo,Wishing Well,Alzao,Burghclere,Lure,Bonita Francita,サザンヘイロー,Riviere,Mr. Prospector,プレイメイト,Val de l'Orne,The Temptress,Shirley Heights,Delsy,Shadeed,Alathea,Hail to Reason,Cosmah,Understanding,Mountain Flower,Lyphard,Lady Rebecca,Busted,Highclere,Danzig,Endear,Devil's Bag,Raise the Standard,Halo,Northern Sea,Logical,Talonada,Raise a Native,Gold Digger,Buckpasser,Intriguing,Val de Loir,Aglae,Nijinsky,La Sevillana,Mill Reef,Hardiemma,Abdos,Kelty,Nijinsky,Continual,Lorenzaccio,Vive La Reine
202605010405,10,芝,1600.0,良,新馬,ルーラーシップ,トウカイメガミ,キングカメハメハ,エアグルーヴ,サンデーサイレンス,トウカイテネシー,Kingmambo,マンファス,トニービン,ダイナカール,Halo,Wishing Well,シンボリルドルフ,トウカイナチュラル,Mr. Prospector,Miesque,ラストタイクーン,Pilot Bird,カンパラ,Severn Bridge,ノーザンテースト,シャダイフェザー,Hail to Reason,Cosmah,Understanding,Mountain Flower,パーソロン,スイートルナ,ナイスダンサー,トウカイミドリ,Raise a Native,Gold Digger,Nureyev,Pasadoble,トライマイベスト,Mill Princess,Blakeney,The Dancer,Kalamoun,State Pension,Hornbeam,Priddy Fair,Northern Dancer,Lady Victoria,ガーサント,パロクサイド,Turn-to,Nothirdchance,Cosmic Bomb,Almahmoud,Promised Land,Pretty Ways,Montparnasse,Edelweiss,Milesian,Paleo,スピードシンボリ,ダンスタイム,Northern Dancer,Nice Princess,ファバージ,トウカイクイン
202605010405,11,芝,1600.0,良,新馬,ロジャーバローズ,ウーマッハ,ディープインパクト,リトルブック,ロードアルティマ,ダラス,サンデーサイレンス,ウインドインハーヘア,Librettist,Cal Norma's Lady,Seeking the Gold,Secrettame,ハイライズ,ロマンシンザホオン,Halo,Wishing Well,Alzao,Burghclere,Danzig,Mysterial,リファーズスペシャル,June Darling,Mr. Prospector,Con Game,Secretariat,Tamerett,ハイエステイト,High Tern,Saratoga Six,Mallorca,Hail to Reason,Cosmah,Understanding,Mountain Flower,Lyphard,Lady Rebecca,Busted,Highclere,Northern Dancer,Pas de Nom,Alleged,Mysteries,Lyphard,My Bupers,ジュニアス,Beau Darling,Raise a Native,Gold Digger,Buckpasser,Broadway,Bold Ruler,Somethingroyal,Tim Tam,Mixed Marriage,Shirley Heights,Regal Beauty,High Line,Sunbittern,Alydar,Priceless Fame,Full Out,Heladi
202605010405,12,芝,1600.0,良,新馬,カリフォルニアクローム,ピュアココロ,Lucky Pulpit,Love the Chase,ハーツクライ,ピュアプレジャー,Pulpit,Lucky Soph,Not for Love,Chase It Down,サンデーサイレンス,アイリッシュダンス,Tiznow,ケリーケイズプレジャー,A.P. Indy,Preach,Cozzene,Lucky Spell,Mr. Prospector,Dance Number,Polish Numbers,Chase the Dream,Halo,Wishing Well,トニービン,ビューパーダンス,Cee's Tizzy,Cee's Song,Kelly Kip,Flip's Pleasure,Seattle Slew,Weekend Surprise,Mr. Prospector,Narrate,Caro,Ride the Trails,Lucky Mel,Incantation,Raise a Native,Gold Digger,Northern Dancer,Numbered Account,Danzig,Numbered Account,Sir Ivor,La Belle Fleur,Hail to Reason,Cosmah,Understanding,Mountain Flower,カンパラ,Severn Bridge,Lyphard,My Bupers,Relaunch,テイズリー,Seattle Song,Lonely Dancer,Kipper Kelly,Marianne Theresa,Flip Sal,Molly's Pleasure
202605010405,13,芝,1600.0,良,新馬,ビッグアーサー,サクラコ,サクラバクシンオー,シヤボナ,メジロベイリー,パルカエ,サクラユタカオー,サクラハゴロモ,Kingmambo,Relish,サンデーサイレンス,レールデュタン,ヘクタープロテクター,ラムールフ,テスコボーイ,アンジェリカ,ノーザンテースト,クリアアンバー,Mr. Prospector,Miesque,Sadler's Wells,Reloy,Halo,Wishing Well,マルゼンスキー,ケイツナミ,Woodman,Korveya,ラストタイクーン,Flamme d'Amour,Princely Gift,Suncourt,ネヴァービート,スターハイネス,Northern Dancer,Lady Victoria,Ambiopoise,One Clear Call,Raise a Native,Gold Digger,Nureyev,Pasadoble,Northern Dancer,Fairy Bridge,Liloy,Rescousse,Hail to Reason,Cosmah,Understanding,Mountain Flower,Nijinsky,シル,ラディガ,ハイビスカス,Mr. Prospector,プレイメイト,Riverman,Konafa,トライマイベスト,Mill Princess,Gift Card,Gazolina
202605010405,14,芝,1600.0,良,新馬,アメリカンペイトリオット,レッドルシアン,War Front,Life Well Lived,ゼンノロブロイ,アルウェン,Danzig,Starry Dreamer,Tiznow,Well Dressed,サンデーサイレンス,ローミンレイチェル,トニービン,アドラーブル,Northern Dancer,Pas de Nom,Rubiano,Lara's Star,Cee's Tizzy,Cee's Song,Notebook,Trithenia,Halo,Wishing Well,マイニング,One Smart Lady,カンパラ,Severn Bridge,ノーザンテースト,エコルシユ,Nearctic,Natalma,Admiral's Voyage,Petitioner,Fappiano,Ruby Slippers,Forli,True Reality,Relaunch,テイズリー,Seattle Song,Lonely Dancer,Well Decorated,Mobcap,Gold Meridian,Tri Argo,Hail to Reason,Cosmah,Understanding,Mountain Flower,Mr. Prospector,I Pass,Clever Trick,Pia's Lady,Kalamoun,State Pension,Hornbeam,Priddy Fair,Northern Dancer,Lady Victoria,Big Spruce,Idmon
202605010405,15,芝,1600.0,良,新馬,オルフェーヴル,シセイカナタ,ステイゴールド,オリエンタルアート,バゴ,シセイハルカ,サンデーサイレンス,ゴールデンサッシュ,メジロマックイーン,エレクトロアート,Nashwan,Moonlight's Box,マンハッタンカフェ,シーヴィーナス,Halo,Wishing Well,ディクタス,ダイナサッシュ,メジロティターン,メジロオーロラ,ノーザンテースト,グランマスティーヴンス,Blushing Groom,Height of Fashion,Nureyev,Coup de Genie,サンデーサイレンス,サトルチェンジ,Dayjur,アサーティブプリンセス,Hail to Reason,Cosmah,Understanding,Mountain Flower,Sanctus,Doronic,ノーザンテースト,ロイヤルサッシュ,メジロアサマ,シエリル,リマンド,メジロアイリス,Northern Dancer,Lady Victoria,Lt. Stevens,Dhow,Red God,Runaway Bride,Bustino,Highclere,Northern Dancer,Special,Mr. Prospector,Coup de Folie,Halo,Wishing Well,Law Society,Santa Luciana,Danzig,Gold Beauty,Assert,Pacific Princess
202605010405,16,芝,1600.0,良,新馬,モズアスコット,ニットウムギ,Frankel,India,ケイムホーム,エイシンサーメット,Galileo,Kind,ヘネシー,Misty Hour,Gone West,Nice Assay,エイシンサンディ,エイシンスポーケン,Sadler's Wells,Urban Sea,デインヒル,Rainbow Lake,Storm Cat,Island Kitty,Miswaki,Our Tina Marie,Mr. Prospector,Secrettame,Clever Trick,インフルヴユー,サンデーサイレンス,エイシンウイザード,Alydar,Steady Gaze,Northern Dancer,Fairy Bridge,Miswaki,Allegretta,Danzig,Razyana,Rainbow Quest,Rockfest,Storm Bird,Terlingua,Hawaii,T. C. Kitten,Mr. Prospector,Hopespringseternal,Nijinsky,Java Moon,Raise a Native,Gold Digger,Secretariat,Tamerett,Icecapade,Kankakee Miss,Full Out,Turn n'See,Halo,Wishing Well,ノーザリー,シルバーナイキ,Raise a Native,Sweet Tooth,Storm Bird,Sweeping View
202605010406,1,芝,2400.0,良,未勝利,レイデオロ,ヒストリックレディ,キングカメハメハ,ラドラーダ,ネオユニヴァース,ヒストリックスター,Kingmambo,マンファス,シンボリクリスエス,レディブロンド,サンデーサイレンス,ポインテッドパス,ファルブラヴ,ベガ,Mr. Prospector,Miesque,ラストタイクーン,Pilot Bird,Kris S.,Tee Kay,Seeking the Gold,ウインドインハーヘア,Halo,Wishing Well,Kris,Silken Way,Fairy King,Gift of the Night,トニービン,アンティックヴァリュー,Raise a Native,Gold Digger,Nureyev,Pasadoble,トライマイベスト,Mill Princess,Blakeney,The Dancer,Roberto,Sharp Queen,Gold Meridian,Tri Argo,Mr. Prospector,Con Game,Alzao,Burghclere,Hail to Reason,Cosmah,Understanding,Mountain Flower,Sharpen Up,Doubly Sure,Shantung,Boulevard,Northern Dancer,Fairy Bridge,Slewpy,Little Nana,カンパラ,Severn Bridge,Northern Dancer,Moonscape
202605010406,2,芝,2400.0,良,未勝利,レイデオロ,ブリッジクライム,キングカメハメハ,ラドラーダ,ゼンノロブロイ,リーチマイハーバー,Kingmambo,マンファス,シンボリクリスエス,レディブロンド,サンデーサイレンス,ローミンレイチェル,ボストンハーバー,Rezagante,Mr. Prospector,Miesque,ラストタイクーン,Pilot Bird,Kris S.,Tee Kay,Seeking the Gold,ウインドインハーヘア,Halo,Wishing Well,マイニング,One Smart Lady,Capote,Harbor Springs,Practicante,Rezumba,Raise a Native,Gold Digger,Nureyev,Pasadoble,トライマイベスト,Mill Princess,Blakeney,The Dancer,Roberto,Sharp Queen,Gold Meridian,Tri Argo,Mr. Prospector,Con Game,Alzao,Burghclere,Hail to Reason,Cosmah,Understanding,Mountain Flower,Mr. Prospector,I Pass,Clever Trick,Pia's Lady,Seattle Slew,Too Bald,Vice Regent,Tinnitus,Pronto,Extraneza,Resuello,Rumbatica
202605010406,3,芝,2400.0,良,未勝利,デクラレーションオブウォー,ロマンチックキス,War Front,Tempo West,ルーラーシップ,スターリーロマンス,Danzig,Starry Dreamer,Rahy,Tempo,キングカメハメハ,エアグルーヴ,サンデーサイレンス,ミルレーサー,Northern Dancer,Pas de Nom,Rubiano,Lara's Star,Blushing Groom,Glorious Song,Gone West,Terpsichorist,Kingmambo,マンファス,トニービン,ダイナカール,Halo,Wishing Well,Le Fabuleux,Marston's Mill,Nearctic,Natalma,Admiral's Voyage,Petitioner,Fappiano,Ruby Slippers,Forli,True Reality,Red God,Runaway Bride,Halo,Ballade,Mr. Prospector,Secrettame,Nijinsky,Glad Rags,Mr. Prospector,Miesque,ラストタイクーン,Pilot Bird,カンパラ,Severn Bridge,ノーザンテースト,シャダイフェザー,Hail to Reason,Cosmah,Understanding,Mountain Flower,Wild Risk,Anguar,In Reality,Millicent
202605010406,4,芝,2400.0,良,未勝利,キタサンブラック,プレシャスライフ,ブラックタイド,シュガーハート,タイキシャトル,スターマイライフ,サンデーサイレンス,ウインドインハーヘア,サクラバクシンオー,オトメゴコロ,Devil's Bag,ウェルシュマフィン,Storm Cat,Great Lady M.,Halo,Wishing Well,Alzao,Burghclere,サクラユタカオー,サクラハゴロモ,ジャッジアンジェルーチ,テイズリー,Halo,Ballade,Caerleon,Muffitys,Storm Bird,Terlingua,Icecapade,Sovereign Lady,Hail to Reason,Cosmah,Understanding,Mountain Flower,Lyphard,Lady Rebecca,Busted,Highclere,テスコボーイ,アンジェリカ,ノーザンテースト,クリアアンバー,Honest Pleasure,Victorian Queen,Lyphard,Tizna,Hail to Reason,Cosmah,Herbager,Miss Swapsco,Nijinsky,Foreseer,Thatch,Contrail,Northern Dancer,South Ocean,Secretariat,Crimson Saint,Nearctic,Shenanigans,Young Emperor,Sweety Kid
202605010406,5,芝,2400.0,良,未勝利,ゴールドシップ,ブライテストリング,ステイゴールド,ポイントフラッグ,ダノンシャンティ,ハピネスフォーユー,サンデーサイレンス,ゴールデンサッシュ,メジロマックイーン,パストラリズム,フジキセキ,シャンソネット,A.P. Indy,Sophorific,Halo,Wishing Well,ディクタス,ダイナサッシュ,メジロティターン,メジロオーロラ,プルラリズム,トクノエイティー,サンデーサイレンス,ミルレーサー,Mark of Esteem,Glorious Song,Seattle Slew,Weekend Surprise,デインヒル,Saucy Maid,Hail to Reason,Cosmah,Understanding,Mountain Flower,Sanctus,Doronic,ノーザンテースト,ロイヤルサッシュ,メジロアサマ,シエリル,リマンド,メジロアイリス,The Minstrel,Cambretta,トライバルチーフ,アイアンルビー,Halo,Wishing Well,Le Fabuleux,Marston's Mill,Darshaan,Homage,Halo,Ballade,Bold Reasoning,My Charmer,Secretariat,Lassie Dear,Danzig,Razyana,Sure Blade,Gay Milly
202605010406,6,芝,2400.0,良,未勝利,サトノダイヤモンド,ブライトメッセージ,ディープインパクト,マルペンサ,シンボリクリスエス,エヴリウィスパー,サンデーサイレンス,ウインドインハーヘア,Orpen,Marsella,Kris S.,Tee Kay,ノーザンテースト,クラフテイワイフ,Halo,Wishing Well,Alzao,Burghclere,Lure,Bonita Francita,サザンヘイロー,Riviere,Roberto,Sharp Queen,Gold Meridian,Tri Argo,Northern Dancer,Lady Victoria,Crafty Prospector,Wife Mistress,Hail to Reason,Cosmah,Understanding,Mountain Flower,Lyphard,Lady Rebecca,Busted,Highclere,Danzig,Endear,Devil's Bag,Raise the Standard,Halo,Northern Sea,Logical,Talonada,Hail to Reason,Bramalea,Princequillo,Bridgework,Seattle Slew,Queen Louie,Tri Jet,Hail Proudly,Nearctic,Natalma,Victoria Park,Lady Angela,Mr. Prospector,Real Crafty Lady,Secretariat,Political Payoff
202605010406,7,芝,2400.0,良,未勝利,リアルスティール,クラシックココア,ディープインパクト,ラヴズオンリーミー,Fastnet Rock,Alberton Park,サンデーサイレンス,ウインドインハーヘア,Storm Cat,Monevassia,デインヒル,Piccadilly Circus,Thorn Park,Alberton Star,Halo,Wishing Well,Alzao,Burghclere,Storm Bird,Terlingua,Mr. Prospector,Miesque,Danzig,Razyana,ロイヤルアカデミー,Gatana,スピニングワールド,Joy,Stylish Century,Alberton Lass,Hail to Reason,Cosmah,Understanding,Mountain Flower,Lyphard,Lady Rebecca,Busted,Highclere,Northern Dancer,South Ocean,Secretariat,Crimson Saint,Raise a Native,Gold Digger,Nureyev,Pasadoble,Northern Dancer,Pas de Nom,His Majesty,Spring Adieu,Nijinsky,Crimson Saint,Marauding,Twigalae,Nureyev,Imperfect Circle,Bluebird,Christmas Spirit,Double Century,Stylish,Adios,Magic River
202605010406,8,芝,2400.0,良,未勝利,ゴールドシップ,パールオブアフリカ,ステイゴールド,ポイントフラッグ,Jeremy,Kournikova,サンデーサイレンス,ゴールデンサッシュ,メジロマックイーン,パストラリズム,Danehill Dancer,グリントインハーアイ,Sportsworld,Faberge Flowers,Halo,Wishing Well,ディクタス,ダイナサッシュ,メジロティターン,メジロオーロラ,プルラリズム,トクノエイティー,デインヒル,Mira Adonde,アラジ,ウインドインハーヘア,Alleged,Gallanta,Russian Fox,Queen of The Rings,Hail to Reason,Cosmah,Understanding,Mountain Flower,Sanctus,Doronic,ノーザンテースト,ロイヤルサッシュ,メジロアサマ,シエリル,リマンド,メジロアイリス,The Minstrel,Cambretta,トライバルチーフ,アイアンルビー,Danzig,Razyana,Sharpen Up,Lettre d'Amour,Blushing Groom,ダンスールファビュルー,Alzao,Burghclere,Hoist the Flag,Princess Pout,Nureyev,Gay Missile,Nijinsky,Flying Fur,Royal prerogative,Saturna
202605010406,9,芝,2400.0,良,未勝利,ジャスタウェイ,パールサイド,ハーツクライ,シビル,Alhaarth,Prickly Pearl,サンデーサイレンス,アイリッシュダンス,Wild Again,シャロン,Unfuwain,Irish Valley,Lahib,Kashna,Halo,Wishing Well,トニービン,ビューパーダンス,Icecapade,Bushel-n-Peck,Mo Exception,Double Wiggle,Northern Dancer,Height of Fashion,Irish River,Green Valley,Riverman,Lady Cutlass,Blushing Groom,Kareena,Hail to Reason,Cosmah,Understanding,Mountain Flower,カンパラ,Severn Bridge,Lyphard,My Bupers,Nearctic,Shenanigans,Khaled,Dama,Hard Work,With Exception,Sir Wiggle,Blue Double,Nearctic,Natalma,Bustino,Highclere,Riverman,Irish Star,Val de Loir,Sly Pola,Never Bend,River Lady,Cutlass,Generals Sister,Red God,Runaway Bride,Riverman,Kermiya
202605010406,10,芝,2400.0,良,未勝利,サートゥルナーリア,ディープラヴ,ロードカナロア,シーザリオ,ディープインパクト,シーズインクルーデッド,キングカメハメハ,レディブラッサム,スペシャルウィーク,キロフプリミエール,サンデーサイレンス,ウインドインハーヘア,Include,Dancingonice,Kingmambo,マンファス,Storm Cat,サラトガデュー,サンデーサイレンス,キャンペンガール,Sadler's Wells,Querida,Halo,Wishing Well,Alzao,Burghclere,Broad Brush,Illeria,Robyn Dancer,Codallthetime,Mr. Prospector,Miesque,ラストタイクーン,Pilot Bird,Storm Bird,Terlingua,Cormorant,Super Luna,Halo,Wishing Well,マルゼンスキー,レディーシラオキ,Northern Dancer,Fairy Bridge,Habitat,Principia,Hail to Reason,Cosmah,Understanding,Mountain Flower,Lyphard,Lady Rebecca,Busted,Highclere,Ack Ack,Hay Patcher,Stop the Music,Baldski's Holiday,Crafty Prospector,Double Dancer,It's Freezing,Pass the Mums
202605010406,11,芝,2400.0,良,未勝利,ゴールドシップ,アメリオラシオン,ステイゴールド,ポイントフラッグ,ルーラーシップ,ローズシティ,サンデーサイレンス,ゴールデンサッシュ,メジロマックイーン,パストラリズム,キングカメハメハ,エアグルーヴ,フレンチデピュティ,ロゼダンジュ,Halo,Wishing Well,ディクタス,ダイナサッシュ,メジロティターン,メジロオーロラ,プルラリズム,トクノエイティー,Kingmambo,マンファス,トニービン,ダイナカール,Deputy Minister,Mitterand,サンデーサイレンス,ローザネイ,Hail to Reason,Cosmah,Understanding,Mountain Flower,Sanctus,Doronic,ノーザンテースト,ロイヤルサッシュ,メジロアサマ,シエリル,リマンド,メジロアイリス,The Minstrel,Cambretta,トライバルチーフ,アイアンルビー,Mr. Prospector,Miesque,ラストタイクーン,Pilot Bird,カンパラ,Severn Bridge,ノーザンテースト,シャダイフェザー,Vice Regent,Mint Copy,Hold Your Peace,Laredo Lass,Halo,Wishing Well,Lyphard,Riviere Doree
202605010406,12,芝,2400.0,良,未勝利,ジャスタウェイ,クレバークリス,ハーツクライ,シビル,クロフネ,エアクリスティーナ,サンデーサイレンス,アイリッシュダンス,Wild Again,シャロン,フレンチデピュティ,ブルーアヴェニュー,フジキセキ,シークレットシェアラー,Halo,Wishing Well,トニービン,ビューパーダンス,Icecapade,Bushel-n-Peck,Mo Exception,Double Wiggle,Deputy Minister,Mitterand,Classic Go Go,Eliza Blue,サンデーサイレンス,ミルレーサー,Secretariat,Nijana,Hail to Reason,Cosmah,Understanding,Mountain Flower,カンパラ,Severn Bridge,Lyphard,My Bupers,Nearctic,Shenanigans,Khaled,Dama,Hard Work,With Exception,Sir Wiggle,Blue Double,Vice Regent,Mint Copy,Hold Your Peace,Laredo Lass,Pago Pago,Classic Perfection,Icecapade,コレラ,Halo,Wishing Well,Le Fabuleux,Marston's Mill,Bold Ruler,Somethingroyal,Nijinsky,Prodana Neviesta
202605010406,13,芝,2400.0,良,未勝利,ハッピースプリント,タカンナ,アッミラーレ,マーゴーン,スピルバーグ,テンイムホウ,サンデーサイレンス,ダジルミージョリエ,Dayjur,Whispered Secret,ディープインパクト,プリンセスオリビア,ラムタラ,ラッキーダイアリー,Halo,Wishing Well,Carr de Naskra,Mawgrit,Danzig,Gold Beauty,Secretariat,Classy 'n Smart,サンデーサイレンス,ウインドインハーヘア,Lycius,Dance Image,Nijinsky,Snow Bride,ジャッジアンジェルーチ,ダイナシュペール,Hail to Reason,Cosmah,Understanding,Mountain Flower,Star de Naskra,Cornish Runner,Hoist the Flag,Spring Sunshine,Northern Dancer,Pas de Nom,Mr. Prospector,Stick to Beauty,Bold Ruler,Somethingroyal,Smarten,No Class,Halo,Wishing Well,Alzao,Burghclere,Mr. Prospector,Lypatia,Sadler's Wells,Diamond Spring,Northern Dancer,Flaming Page,Blushing Groom,Awaasif,Honest Pleasure,Victorian Queen,ノーザンテースト,カレンダーメイド
202605010406,14,芝,2400.0,良,未勝利,キセキ,ロックザボート,ルーラーシップ,ブリッツフィナーレ,Fastnet Rock,ローマンエンプレス,キングカメハメハ,エアグルーヴ,ディープインパクト,ロンドンブリッジ,デインヒル,Piccadilly Circus,Sadler's Wells,Ionian Sea,Kingmambo,マンファス,トニービン,ダイナカール,サンデーサイレンス,ウインドインハーヘア,ドクターデヴィアス,オールフォーロンドン,Danzig,Razyana,ロイヤルアカデミー,Gatana,Northern Dancer,Fairy Bridge,Slip Anchor,Snow Day,Mr. Prospector,Miesque,ラストタイクーン,Pilot Bird,カンパラ,Severn Bridge,ノーザンテースト,シャダイフェザー,Halo,Wishing Well,Alzao,Burghclere,Ahonoora,Rose of Jericho,Danzig,Full Card,Northern Dancer,Pas de Nom,His Majesty,Spring Adieu,Nijinsky,Crimson Saint,Marauding,Twigalae,Nearctic,Natalma,Bold Reason,Special,Shirley Heights,Sayonara,Reliance,Vindaria
202605010406,15,芝,2400.0,良,未勝利,ジャスタウェイ,ジプシーハイウェイ,ハーツクライ,シビル,High Chaparral,ローズジプシー,サンデーサイレンス,アイリッシュダンス,Wild Again,シャロン,Sadler's Wells,Kasora,Green Desert,Krisalya,Halo,Wishing Well,トニービン,ビューパーダンス,Icecapade,Bushel-n-Peck,Mo Exception,Double Wiggle,Northern Dancer,Fairy Bridge,Darshaan,Kozana,Danzig,Foreign Courier,Kris,Sassalya,Hail to Reason,Cosmah,Understanding,Mountain Flower,カンパラ,Severn Bridge,Lyphard,My Bupers,Nearctic,Shenanigans,Khaled,Dama,Hard Work,With Exception,Sir Wiggle,Blue Double,Nearctic,Natalma,Bold Reason,Special,Shirley Heights,Delsy,Kris,Koblenza,Northern Dancer,Pas de Nom,Sir Ivor,Courtly Dee,Sharpen Up,Doubly Sure,Sassafras,Valya
202605010406,16,芝,2400.0,良,未勝利,ストーミーシー,イオ,アドマイヤムーン,リーベストラウム,タイキシャトル,クラウンガルチ,エンドスウィープ,マイケイティーズ,ゼンノエルシド,マウントモガミ,Devil's Bag,ウェルシュマフィン,Gulch,モムズクラウン,フォーティナイナー,Broom Dance,サンデーサイレンス,ケイティーズファースト,Caerleon,エンブラ,モガミ,マウントソブリン,Halo,Ballade,Caerleon,Muffitys,Mr. Prospector,Jameela,Chief's Crown,Mom's Command,Mr. Prospector,File,Dance Spell,Witching Hour,Halo,Wishing Well,Kris,Katies,Nijinsky,Foreseer,Dominion,Kaftan,Lyphard,ノーラック,ラッキーソブリン,マルイチアサコ,Hail to Reason,Cosmah,Herbager,Miss Swapsco,Nijinsky,Foreseer,Thatch,Contrail,Raise a Native,Gold Digger,Rambunctious,Asbury Mary,Danzig,Six Crowns,Top Command,Star Mommy
202605010406,17,芝,2400.0,良,未勝利,ダイワメジャー,カンカンガール,サンデーサイレンス,スカーレットブーケ,Exchange Rate,カンビーナ,Halo,Wishing Well,ノーザンテースト,スカーレットインク,Danzig,Sterling Pound,Hawk Wing,Await,Hail to Reason,Cosmah,Understanding,Mountain Flower,Northern Dancer,Lady Victoria,Crimson Satan,Consentida,Northern Dancer,Pas de Nom,Seeking the Gold,Spectacular Bev,Woodman,La Lorgnette,パントレセレブル,Starring Role,Turn-to,Nothirdchance,Cosmic Bomb,Almahmoud,Promised Land,Pretty Ways,Montparnasse,Edelweiss,Nearctic,Natalma,Victoria Park,Lady Angela,Spy Song,Papila,Beau Max,La Menina,Nearctic,Natalma,Admiral's Voyage,Petitioner,Mr. Prospector,Con Game,Spectacular Bid,Bev Bev,Mr. Prospector,プレイメイト,Val de l'Orne,The Temptress,Nureyev,Peinture Bleue,Glenstal,Tough Lady
202605010406,18,芝,2400.0,良,未勝利,ブラックタイド,ワイルドアフリカ,サンデーサイレンス,ウインドインハーヘア,ワイルドラッシュ,タカノルージュ,Halo,Wishing Well,Alzao,Burghclere,Wild Again,Rose Park,アレミロード,ニレザクラ,Hail to Reason,Cosmah,Understanding,Mountain Flower,Lyphard,Lady Rebecca,Busted,Highclere,Icecapade,Bushel-n-Peck,Plugged Nickle,Hardship,Tom Rolfe,Why Me Lord,マルゼンスキー,ラツキーフォックス,Turn-to,Nothirdchance,Cosmic Bomb,Almahmoud,Promised Land,Pretty Ways,Montparnasse,Edelweiss,Northern Dancer,Goofed,Sir Ivor,Pocahontas,Crepello,Sans le Sou,Queen's Hussar,Highlight,Nearctic,Shenanigans,Khaled,Dama,Key to the Mint,Toll Booth,Drone,Hard and Fast,Ribot,Pocahontas,Bold Reasoning,Tomorrowland,Nijinsky,シル,トピオ,ブルーベリー
202605010407,1,芝,1800.0,良,2勝クラス,ロジャーバローズ,アルジェント,ディープインパクト,リトルブック,Shamardal,サマナケイ,サンデーサイレンス,ウインドインハーヘア,Librettist,Cal Norma's Lady,Giant's Causeway,Helsinki,Authorized,Tessa Reef,Halo,Wishing Well,Alzao,Burghclere,Danzig,Mysterial,リファーズスペシャル,June Darling,Storm Cat,Mariah's Storm,Machiavellian,Helen Street,モンジュー,Funsie,Mark of Esteem,Massaraat,Hail to Reason,Cosmah,Understanding,Mountain Flower,Lyphard,Lady Rebecca,Busted,Highclere,Northern Dancer,Pas de Nom,Alleged,Mysteries,Lyphard,My Bupers,ジュニアス,Beau Darling,Storm Bird,Terlingua,Rahy,イメンス,Mr. Prospector,Coup de Folie,Troy,Waterway,Sadler's Wells,Floripedes,Saumarez,Vallee Dansante,Darshaan,Homage,Nureyev,Pasadoble
202605010407,2,芝,1800.0,良,2勝クラス,No Nay Never,デルフィニア,Scat Daddy,Cat's Eye Witness,Galileo,Again,ヨハネスブルグ,Love Style,Elusive Quality,Comical Cat,Sadler's Wells,Urban Sea,Danehill Dancer,Cumbres,ヘネシー,Myth,Mr. Prospector,Likeable Style,Gone West,Touch of Greatness,Exceller,Six Months Long,Northern Dancer,Fairy Bridge,Miswaki,Allegretta,デインヒル,Mira Adonde,Kahyasi,Floripedes,Storm Cat,Island Kitty,オジジアン,Yarn,Raise a Native,Gold Digger,Nijinsky,Personable Lady,Mr. Prospector,Secrettame,Hero's Honor,Ivory Wand,Vaguely Noble,Too Bald,Northern Dancer,Prime Time,Nearctic,Natalma,Bold Reason,Special,Mr. Prospector,Hopespringseternal,Lombard,Anatevka,Danzig,Razyana,Sharpen Up,Lettre d'Amour,イルドブルボン,Kadissya,Top Ville,Toute Cy
202605010407,3,芝,1800.0,良,2勝クラス,イスラボニータ,プレミアステップス,フジキセキ,イスラコジーン,Footstepsinthesand,Primissima,サンデーサイレンス,ミルレーサー,Cozzene,Isla Mujeres,Giant's Causeway,Glatisant,Second Set,Princess Taufan,Halo,Wishing Well,Le Fabuleux,Marston's Mill,Caro,Ride the Trails,Crafty Prospector,Lido Isle,Storm Cat,Mariah's Storm,Rainbow Quest,Dancing Rocks,Alzao,Merriment,Taufan,Guindilla,Hail to Reason,Cosmah,Understanding,Mountain Flower,Wild Risk,Anguar,In Reality,Millicent,フォルティノ,Chambord,Prince John,Wildwook,Mr. Prospector,Real Crafty Lady,Far North,She Is Gorgeous,Storm Bird,Terlingua,Rahy,イメンス,Blushing Groom,I Will Follow,Green Dancer,Croda Rossa,Lyphard,Lady Rebecca,ゴーマーチング,Tiddlywinks,Stop the Music,Stolen Date,アーテイアス,Gayshuka
202605010407,4,芝,1800.0,良,2勝クラス,ゴールドシップ,カワカミサクラ,ステイゴールド,ポイントフラッグ,Danehill Dancer,ボールルーム,サンデーサイレンス,ゴールデンサッシュ,メジロマックイーン,パストラリズム,デインヒル,Mira Adonde,Storm Cat,Virginia Waters,Halo,Wishing Well,ディクタス,ダイナサッシュ,メジロティターン,メジロオーロラ,プルラリズム,トクノエイティー,Danzig,Razyana,Sharpen Up,Lettre d'Amour,Storm Bird,Terlingua,Kingmambo,Legend Maker,Hail to Reason,Cosmah,Understanding,Mountain Flower,Sanctus,Doronic,ノーザンテースト,ロイヤルサッシュ,メジロアサマ,シエリル,リマンド,メジロアイリス,The Minstrel,Cambretta,トライバルチーフ,アイアンルビー,Northern Dancer,Pas de Nom,His Majesty,Spring Adieu,エタン,Rocchetta,Caro,Lianga,Northern Dancer,South Ocean,Secretariat,Crimson Saint,Mr. Prospector,Miesque,Sadler's Wells,High Spirited
202605010407,5,芝,1800.0,良,2勝クラス,ドレフォン,マスターワーク,Gio Ponti,Eltimaas,ダイワメジャー,イグジビットワン,Tale of the Cat,Chipeta Springs,Ghostzapper,Najecam,サンデーサイレンス,スカーレットブーケ,Silver Hawk,Tsar's Pride,Storm Cat,Yarn,Alydar,Salt Spring,Awesome Again,Baby Zip,Trempolino,Sue Warner,Halo,Wishing Well,ノーザンテースト,スカーレットインク,Roberto,Gris Vitesse,Sadler's Wells,Bold Empress,Storm Bird,Terlingua,Mr. Prospector,Narrate,Raise a Native,Sweet Tooth,Salt Marsh,Jungle Mythologic,Deputy Minister,Primal Force,Relaunch,Thirty Zip,Sharpen Up,Trephine,Forli,Bitty Girl,Hail to Reason,Cosmah,Understanding,Mountain Flower,Northern Dancer,Lady Victoria,Crimson Satan,Consentida,Hail to Reason,Bramalea,Amerigo,Matchiche,Northern Dancer,Fairy Bridge,Diesis,Zaizafon
202605010407,6,芝,1800.0,良,2勝クラス,ダンカーク,カフェローレル,Unbridled's Song,Secret Status,マンハッタンカフェ,ローレルウィッチ,Unbridled,Trolley Song,A.P. Indy,Private Status,サンデーサイレンス,サトルチェンジ,エルコンドルパサー,マイサクセション,Fappiano,Gana Facil,Caro,Lucky Spell,Seattle Slew,Weekend Surprise,Alydar,Miss Eva,Halo,Wishing Well,Law Society,Santa Luciana,Kingmambo,サドラーズギャル,クリミナルタイプ,My Juliet,Mr. Prospector,Killaloe,Le Fabuleux,Charedi,フォルティノ,Chambord,Lucky Mel,Incantation,Bold Reasoning,My Charmer,Secretariat,Lassie Dear,Raise a Native,Sweet Tooth,Con Brio,Apolinea,Hail to Reason,Cosmah,Understanding,Mountain Flower,Alleged,Bold Bikini,Luciano,Suleika,Mr. Prospector,Miesque,Sadler's Wells,Glenveagh,Alydar,Klepto,Gallant Romeo,My Bupers
202605010407,7,芝,1800.0,良,2勝クラス,ドゥラメンテ,ベアインマインド,キングカメハメハ,アドマイヤグルーヴ,ディープインパクト,ウルトラブレンド,Kingmambo,マンファス,サンデーサイレンス,エアグルーヴ,サンデーサイレンス,ウインドインハーヘア,Richly Blended,Ankha,Mr. Prospector,Miesque,ラストタイクーン,Pilot Bird,Halo,Wishing Well,トニービン,ダイナカール,Halo,Wishing Well,Alzao,Burghclere,Rizzi,Valid Blend,Desert Classic,Distant Runner,Raise a Native,Gold Digger,Nureyev,Pasadoble,トライマイベスト,Mill Princess,Blakeney,The Dancer,Hail to Reason,Cosmah,Understanding,Mountain Flower,カンパラ,Severn Bridge,ノーザンテースト,シャダイフェザー,Hail to Reason,Cosmah,Understanding,Mountain Flower,Lyphard,Lady Rebecca,Busted,Highclere,アフリート,トップウィッシュ,Valid Appeal,Blend of Poetry,Damascus,Classic Perfection,Distant Day,Mat Mit
202605010407,8,芝,1800.0,良,2勝クラス,シスキン,シャンボールフィズ,First Defence,Bird Flown,キングカメハメハ,マンハッタンフィズ,Unbridled's Song,Honest Lady,Oasis Dream,Silver Star,Kingmambo,マンファス,サンデーサイレンス,サトルチェンジ,Unbridled,Trolley Song,Seattle Slew,Toussaud,Green Desert,Hope,Zafonic,Monroe,Mr. Prospector,Miesque,ラストタイクーン,Pilot Bird,Halo,Wishing Well,Law Society,Santa Luciana,Fappiano,Gana Facil,Caro,Lucky Spell,Bold Reasoning,My Charmer,El Gran Senor,Image of Reality,Danzig,Foreign Courier,ダンシングブレーヴ,Bahamian,Gone West,Zaizafon,Sir Ivor,Best in Show,Raise a Native,Gold Digger,Nureyev,Pasadoble,トライマイベスト,Mill Princess,Blakeney,The Dancer,Hail to Reason,Cosmah,Understanding,Mountain Flower,Alleged,Bold Bikini,Luciano,Suleika
202605010407,9,芝,1800.0,良,2勝クラス,スワーヴリチャード,ウェイクミーアップ,ハーツクライ,ピラミマ,ロックオブジブラルタル,Hymn Of The Dawn,サンデーサイレンス,アイリッシュダンス,Unbridled's Song,キャリアコレクション,デインヒル,Offshore Boom,Phone Trick,Colonial Debut,Halo,Wishing Well,トニービン,ビューパーダンス,Unbridled,Trolley Song,General Meeting,River of Stars,Danzig,Razyana,Be My Guest,Push a Button,Clever Trick,Over the Phone,Pleasant Colony,Kittihawk Miss,Hail to Reason,Cosmah,Understanding,Mountain Flower,カンパラ,Severn Bridge,Lyphard,My Bupers,Fappiano,Gana Facil,Caro,Lucky Spell,Seattle Slew,Alydar's Promise,Riverman,Star Fortune,Northern Dancer,Pas de Nom,His Majesty,Spring Adieu,Northern Dancer,What a Treat,Bold Lad,River Lady,Icecapade,Kankakee Miss,Finnegan,Prattle,His Majesty,Sun Colony,Alydar,Kittiwake
202605010408,1,ダート,1300.0,稍重,2勝クラス,Liam's Map,Cousin Newyork Fay,Unbridled's Song,Miss Macy Sue,Bluegrass Cat,Still Secret,Unbridled,Trolley Song,Trippi,Yada Yada,Storm Cat,She's a Winner,ヘネシー,Runaway Spy,Fappiano,Gana Facil,Caro,Lucky Spell,エンドスウィープ,Jealous Appeal,Great Above,Stem,Storm Bird,Terlingua,A.P. Indy,Get Lucky,Storm Cat,Island Kitty,Mt. Livermore,Pretty Driver,Mr. Prospector,Killaloe,Le Fabuleux,Charedi,フォルティノ,Chambord,Lucky Mel,Incantation,フォーティナイナー,Broom Dance,Valid Appeal,Jealous Cat,Minnesota Mac,Ta Wee,Damascus,Tweak,Northern Dancer,South Ocean,Secretariat,Crimson Saint,Seattle Slew,Weekend Surprise,Mr. Prospector,Dance Number,Storm Bird,Terlingua,Hawaii,T. C. Kitten,Blushing Groom,Flama Ardiente,Lt. Stevens,Reckless Driver
202605010408,2,ダート,1300.0,稍重,2勝クラス,Kantharos,Indigo Gin,Lion Heart,Contessa Halo,Lemon Drop Kid,Lady Bingo,Tale of the Cat,Satin Sunrise,サザンヘイロー,Queen of Savoy,Kingmambo,Charming Lassie,Galileo,Sharp Lisa,Storm Cat,Yarn,Mr. Leader,Logic,Halo,Northern Sea,Conquistador Cielo,Jill of All Trades,Mr. Prospector,Miesque,Seattle Slew,Lassie Dear,Sadler's Wells,Urban Sea,Dixieland Band,Winter's Gone,Storm Bird,Terlingua,Mr. Prospector,Narrate,Hail to Reason,Jolie Deja,Naskra,Bactu Reason,Hail to Reason,Cosmah,Northern Dancer,Sea Saga,Mr. Prospector,K D Princess,Codex,Mavera,Raise a Native,Gold Digger,Nureyev,Pasadoble,Bold Reasoning,My Charmer,Buckpasser,Gay Missile,Northern Dancer,Fairy Bridge,Miswaki,Allegretta,Northern Dancer,Mississippi Mud,Dynaformer,Stark Winter
202605010408,3,ダート,1300.0,稍重,2勝クラス,リオンディーズ,スノーエンジェル,キングカメハメハ,シーザリオ,スウェプトオーヴァーボード,サイレントプレアー,Kingmambo,マンファス,スペシャルウィーク,キロフプリミエール,エンドスウィープ,Sheer Ice,サンデーサイレンス,ジェントルスピリット,Mr. Prospector,Miesque,ラストタイクーン,Pilot Bird,サンデーサイレンス,キャンペンガール,Sadler's Wells,Querida,フォーティナイナー,Broom Dance,Cutlass,Hey Dolly A.,Halo,Wishing Well,Nijinsky,Banderole,Raise a Native,Gold Digger,Nureyev,Pasadoble,トライマイベスト,Mill Princess,Blakeney,The Dancer,Halo,Wishing Well,マルゼンスキー,レディーシラオキ,Northern Dancer,Fairy Bridge,Habitat,Principia,Mr. Prospector,File,Dance Spell,Witching Hour,Damascus,Aphonia,Ambehaving,Swift Deal,Hail to Reason,Cosmah,Understanding,Mountain Flower,Northern Dancer,Flaming Page,Hoist the Flag,Mrs. Peterkin
202605010408,4,ダート,1300.0,稍重,2勝クラス,ビッグアーサー,キョウエイレガシー,サクラバクシンオー,シヤボナ,ハービンジャー,ビジャリカ,サクラユタカオー,サクラハゴロモ,Kingmambo,Relish,Dansili,Penang Pearl,ディープインパクト,リーサ,テスコボーイ,アンジェリカ,ノーザンテースト,クリアアンバー,Mr. Prospector,Miesque,Sadler's Wells,Reloy,デインヒル,Hasili,Bering,Guapa,サンデーサイレンス,ウインドインハーヘア,Hussonet,Dinasty,Princely Gift,Suncourt,ネヴァービート,スターハイネス,Northern Dancer,Lady Victoria,Ambiopoise,One Clear Call,Raise a Native,Gold Digger,Nureyev,Pasadoble,Northern Dancer,Fairy Bridge,Liloy,Rescousse,Danzig,Razyana,Kahyasi,Kerali,Arctic Tern,Beaune,Shareef Dancer,Sauceboat,Halo,Wishing Well,Alzao,Burghclere,Mr. Prospector,Sacahuista,Cresta Rider,Grela
202605010408,5,ダート,1300.0,稍重,2勝クラス,Liam's Map,Layla,Unbridled's Song,Miss Macy Sue,Union Rags,I'm a Flake,Unbridled,Trolley Song,Trippi,Yada Yada,Dixie Union,Tempo,Mineshaft,November Snow,Fappiano,Gana Facil,Caro,Lucky Spell,エンドスウィープ,Jealous Appeal,Great Above,Stem,Dixieland Band,She's Tops,Gone West,Terpsichorist,A.P. Indy,Prospectors Delite,Storm Cat,Princess Alydar,Mr. Prospector,Killaloe,Le Fabuleux,Charedi,フォルティノ,Chambord,Lucky Mel,Incantation,フォーティナイナー,Broom Dance,Valid Appeal,Jealous Cat,Minnesota Mac,Ta Wee,Damascus,Tweak,Northern Dancer,Mississippi Mud,Capote,She's a Talent,Mr. Prospector,Secrettame,Nijinsky,Glad Rags,Seattle Slew,Weekend Surprise,Mr. Prospector,Up the Flagpole,Storm Bird,Terlingua,Alydar,Sunny Morning
202605010408,6,ダート,1300.0,稍重,2勝クラス,ナダル,グアン,Blame,Ascending Angel,オルフェーヴル,マルヴァーンスプリング,Arch,Liable,Pulpit,Solar Colony,ステイゴールド,オリエンタルアート,Silver Deputy,Chelsey Flower,Kris S.,Aurora,Seeking the Gold,Bound,A.P. Indy,Preach,Pleasant Colony,Meteor Stage,サンデーサイレンス,ゴールデンサッシュ,メジロマックイーン,エレクトロアート,Deputy Minister,Silver Valley,His Majesty,Chelsey Dancer,Roberto,Sharp Queen,Danzig,Althea,Mr. Prospector,Con Game,Nijinsky,Special,Seattle Slew,Weekend Surprise,Mr. Prospector,Narrate,His Majesty,Sun Colony,Stage Door Johnny,Northern Meteor,Halo,Wishing Well,ディクタス,ダイナサッシュ,メジロティターン,メジロオーロラ,ノーザンテースト,グランマスティーヴンス,Vice Regent,Mint Copy,Mr. Prospector,Seven Valleys,Ribot,Flower Bowl,Affirmed,Chelseanna
202605010408,7,ダート,1300.0,稍重,2勝クラス,ドレフォン,エフティマイア,Gio Ponti,Eltimaas,フジキセキ,カツラドライバー,Tale of the Cat,Chipeta Springs,Ghostzapper,Najecam,サンデーサイレンス,ミルレーサー,ニホンピロウイナー,ノーザンマイア,Storm Cat,Yarn,Alydar,Salt Spring,Awesome Again,Baby Zip,Trempolino,Sue Warner,Halo,Wishing Well,Le Fabuleux,Marston's Mill,スティールハート,ニホンピロエバート,ノーザンテースト,マイア,Storm Bird,Terlingua,Mr. Prospector,Narrate,Raise a Native,Sweet Tooth,Salt Marsh,Jungle Mythologic,Deputy Minister,Primal Force,Relaunch,Thirty Zip,Sharpen Up,Trephine,Forli,Bitty Girl,Hail to Reason,Cosmah,Understanding,Mountain Flower,Wild Risk,Anguar,In Reality,Millicent,Habitat,A.,チャイナロック,ライトフレーム,Northern Dancer,Lady Victoria,Cipol,Leandra
202605010408,8,ダート,1300.0,稍重,2勝クラス,マクフィ,エレンボーゲン,Dubawi,Dhelaal,ブラックタイド,ショアー,Dubai Millennium,Zomaradah,Green Desert,Irish Valley,サンデーサイレンス,ウインドインハーヘア,Acatenango,So Sedulous,Seeking the Gold,Colorado Dancer,Deploy,Jawaher,Danzig,Foreign Courier,Irish River,Green Valley,Halo,Wishing Well,Alzao,Burghclere,Surumu,Aggravate,The Minstrel,Sedulous,Mr. Prospector,Con Game,Shareef Dancer,Fall Aspen,Shirley Heights,Slightly Dangerous,ダンシングブレーヴ,High Tern,Northern Dancer,Pas de Nom,Sir Ivor,Courtly Dee,Riverman,Irish Star,Val de Loir,Sly Pola,Hail to Reason,Cosmah,Understanding,Mountain Flower,Lyphard,Lady Rebecca,Busted,Highclere,Literat,Surama,Aggressor,Raven Locks,Northern Dancer,Fleur,タップオンウッド,Pendulina
202605010408,9,ダート,1300.0,稍重,2勝クラス,ナダル,カイカヨソウ,Blame,Ascending Angel,ティンバーカントリー,マチカネヤマザクラ,Arch,Liable,Pulpit,Solar Colony,Woodman,Fall Aspen,エリシオ,マチカネミラージュ,Kris S.,Aurora,Seeking the Gold,Bound,A.P. Indy,Preach,Pleasant Colony,Meteor Stage,Mr. Prospector,プレイメイト,Pretense,Change Water,Fairy King,Helice,Machiavellian,Melodrama,Roberto,Sharp Queen,Danzig,Althea,Mr. Prospector,Con Game,Nijinsky,Special,Seattle Slew,Weekend Surprise,Mr. Prospector,Narrate,His Majesty,Sun Colony,Stage Door Johnny,Northern Meteor,Raise a Native,Gold Digger,Buckpasser,Intriguing,Endeavour,Imitation,Swaps,Portage,Northern Dancer,Fairy Bridge,Slewpy,Hirondelle,Mr. Prospector,Coup de Folie,Busted,Matinee
202605010408,10,ダート,1300.0,稍重,2勝クラス,ロードカナロア,マイミスリリー,キングカメハメハ,レディブラッサム,Tapit,Wicked Deed,Kingmambo,マンファス,Storm Cat,サラトガデュー,Pulpit,Tap Your Heels,Harlan's Holiday,Marfa's Squall,Mr. Prospector,Miesque,ラストタイクーン,Pilot Bird,Storm Bird,Terlingua,Cormorant,Super Luna,A.P. Indy,Preach,Unbridled,Ruby Slippers,Harlan,Christmas in Aiken,Marfa,Western Squall,Raise a Native,Gold Digger,Nureyev,Pasadoble,トライマイベスト,Mill Princess,Blakeney,The Dancer,Northern Dancer,South Ocean,Secretariat,Crimson Saint,His Majesty,Song Sparrow,In Reality,Alada,Seattle Slew,Weekend Surprise,Mr. Prospector,Narrate,Fappiano,Gana Facil,Nijinsky,Moon Glitter,Storm Cat,Country Romance,Affirmed,Dowager,Foolish Pleasure,Gray Matter,Gone West,Reiterate
202605010408,11,ダート,1300.0,稍重,2勝クラス,エスポワールシチー,シリカ,ゴールドアリュール,エミネントシチー,メイショウボーラー,グリーンヒルコマチ,サンデーサイレンス,ニキーヤ,ブライアンズタイム,ヘップバーンシチー,タイキシャトル,ナイスレイズ,アフリート,ツネノコトブキ,Halo,Wishing Well,Nureyev,Reluctant Guest,Roberto,Kelley's Day,ブレイヴェストローマン,コンパルシチー,Devil's Bag,ウェルシュマフィン,Storm Cat,Nice Tradition,Mr. Prospector,Polite Lady,サンシャインボーイ,オリエントゴールド,Hail to Reason,Cosmah,Understanding,Mountain Flower,Northern Dancer,Special,Hostage,Vaguely Royal,Hail to Reason,Bramalea,Graustark,Golden Trail,Never Bend,Roman Song,トラフィック,リンネス,Halo,Ballade,Caerleon,Muffitys,Storm Bird,Terlingua,Search Tradition,Nice Dancing,Raise a Native,Gold Digger,Venetian Jester,Friendly Ways,テスコボーイ,ソーダストリーム,タニノチカラ,センゾクチカラ
202605010408,12,ダート,1300.0,稍重,2勝クラス,イスラボニータ,アイヴォリーカラー,フジキセキ,イスラコジーン,クロフネ,アピーリングストーリー,サンデーサイレンス,ミルレーサー,Cozzene,Isla Mujeres,フレンチデピュティ,ブルーアヴェニュー,Valid Appeal,Charming Story,Halo,Wishing Well,Le Fabuleux,Marston's Mill,Caro,Ride the Trails,Crafty Prospector,Lido Isle,Deputy Minister,Mitterand,Classic Go Go,Eliza Blue,In Reality,Desert Trial,Hail to Reason,Dame Fritchie,Hail to Reason,Cosmah,Understanding,Mountain Flower,Wild Risk,Anguar,In Reality,Millicent,フォルティノ,Chambord,Prince John,Wildwook,Mr. Prospector,Real Crafty Lady,Far North,She Is Gorgeous,Vice Regent,Mint Copy,Hold Your Peace,Laredo Lass,Pago Pago,Classic Perfection,Icecapade,コレラ,Intentionally,My Dear Girl,Moslem Chief,Scotch Verdict,Turn-to,Nothirdchance,Count of Honor,So Proudly
202605010408,13,ダート,1300.0,稍重,2勝クラス,シャンハイボビー,エイシンバンバ,Harlan's Holiday,Steelin',Rock Hard Ten,Stella Blue,Harlan,Christmas in Aiken,Orientate,Steel Band,Kris S.,Tersa,Anabaa,Libanoor,Storm Cat,Country Romance,Affirmed,Dowager,Mt. Livermore,Dream Team,Carson City,ウェディングバンド,Roberto,Sharp Queen,Mr. Prospector,Peacefully,Danzig,Balbonella,Highest Honor,Baino Bluff,Storm Bird,Terlingua,Halo,Sweet Romance,Exclusive Native,Won't Tell You,Honest Pleasure,Princessnesian,Blushing Groom,Flama Ardiente,Cox's Ridge,Likely Double,Mr. Prospector,Blushing Promise,Mighty Appealing,Ring of Steel,Hail to Reason,Bramalea,Princequillo,Bridgework,Raise a Native,Gold Digger,Jacinto,Morning Calm,Northern Dancer,Pas de Nom,ゲイメセン,Bamieres,Kenmare,High River,Be My Guest,Rapids
202605010408,14,ダート,1300.0,稍重,2勝クラス,ロゴタイプ,ユキノクイーン,ローエングリン,ステレオタイプ,タイキシャトル,ラスターゲイン,シングスピール,カーリング,サンデーサイレンス,スターバレリーナ,Devil's Bag,ウェルシュマフィン,ホリスキー,カランボラ,In the Wings,Glorious Song,Garde Royale,Corraleja,Halo,Wishing Well,Risen Star,ベリアーニ,Halo,Ballade,Caerleon,Muffitys,マルゼンスキー,オキノバンダ,Alleged,Dusk,Sadler's Wells,High Hawk,Halo,Ballade,Mill Reef,Royal Way,Carvin,Darling Dale,Hail to Reason,Cosmah,Understanding,Mountain Flower,Secretariat,Ribbon,Nureyev,Eleven Pleasures,Hail to Reason,Cosmah,Herbager,Miss Swapsco,Nijinsky,Foreseer,Thatch,Contrail,Nijinsky,シル,オンリーフォアライフ,メジロビーナス,Hoist the Flag,Princess Pout,Olden Times,Tropic Star
202605010408,15,ダート,1300.0,稍重,2勝クラス,キンシャサノキセキ,エヴァディングタンペット,フジキセキ,ケルトシャーン,Dubai Destination,Late Summer,サンデーサイレンス,ミルレーサー,Pleasant Colony,Featherhill,Kingmambo,Mysterial,Gone West,Sun and Shade,Halo,Wishing Well,Le Fabuleux,Marston's Mill,His Majesty,Sun Colony,Lyphard,Lady Berry,Mr. Prospector,Miesque,Alleged,Mysteries,Mr. Prospector,Secrettame,Ajdal,Shadywood,Hail to Reason,Cosmah,Understanding,Mountain Flower,Wild Risk,Anguar,In Reality,Millicent,Ribot,Flower Bowl,Sunrise Flight,Colonia,Northern Dancer,Goofed,Violon d'Ingres,Moss Rose,Raise a Native,Gold Digger,Nureyev,Pasadoble,Hoist the Flag,Princess Pout,Seattle Slew,Phydilla,Raise a Native,Gold Digger,Secretariat,Tamerett,Northern Dancer,Native Partner,Habitat,Milly Moss
202605010408,16,ダート,1300.0,稍重,2勝クラス,ディスクリートキャット,ヒメスズラン,Forestry,Pretty Discreet,ゴールドアリュール,イシノスティール,Storm Cat,Shared Interest,Private Account,Pretty Persuasive,サンデーサイレンス,ニキーヤ,ラムタラ,プラチナウェーブ,Storm Bird,Terlingua,Pleasant Colony,Surgery,Damascus,Numbered Account,Believe It,Bury the Hatchet,Halo,Wishing Well,Nureyev,Reluctant Guest,Nijinsky,Snow Bride,Mr. Prospector,Coiffure,Northern Dancer,South Ocean,Secretariat,Crimson Saint,His Majesty,Sun Colony,Dr. Fager,Bold Sequence,Sword Dancer,Kerala,Buckpasser,Intriguing,In Reality,Breakfast Bell,Tom Rolfe,Christmas Whishes,Hail to Reason,Cosmah,Understanding,Mountain Flower,Northern Dancer,Special,Hostage,Vaguely Royal,Northern Dancer,Flaming Page,Blushing Groom,Awaasif,Raise a Native,Gold Digger,Sir Gaylord,Style
202605010409,1,芝,2400.0,良,1勝クラス,サートゥルナーリア,メジロスプレンダー,ロードカナロア,シーザリオ,シンボリクリスエス,クライウィズジョイ,キングカメハメハ,レディブラッサム,スペシャルウィーク,キロフプリミエール,Kris S.,Tee Kay,トニービン,クライングフォーモア,Kingmambo,マンファス,Storm Cat,サラトガデュー,サンデーサイレンス,キャンペンガール,Sadler's Wells,Querida,Roberto,Sharp Queen,Gold Meridian,Tri Argo,カンパラ,Severn Bridge,Always Run Lucky,オールドスタッフ,Mr. Prospector,Miesque,ラストタイクーン,Pilot Bird,Storm Bird,Terlingua,Cormorant,Super Luna,Halo,Wishing Well,マルゼンスキー,レディーシラオキ,Northern Dancer,Fairy Bridge,Habitat,Principia,Hail to Reason,Bramalea,Princequillo,Bridgework,Seattle Slew,Queen Louie,Tri Jet,Hail Proudly,Kalamoun,State Pension,Hornbeam,Priddy Fair,What Luck,Big Puddles,Irish River,アンティックヴァリュー
202605010409,2,芝,2400.0,良,1勝クラス,キズナ,ミスベジル,ディープインパクト,キャットクイル,Medaglia d'Oro,Quiet Dance,サンデーサイレンス,ウインドインハーヘア,Storm Cat,Pacific Princess,El Prado,Cappucino Bay,Quiet American,Misty Dancer,Halo,Wishing Well,Alzao,Burghclere,Storm Bird,Terlingua,Damascus,Fiji,Sadler's Wells,Lady Capulet,Bailjumper,Dubbed In,Fappiano,Demure,Lyphard,Flight Dancer,Hail to Reason,Cosmah,Understanding,Mountain Flower,Lyphard,Lady Rebecca,Busted,Highclere,Northern Dancer,South Ocean,Secretariat,Crimson Saint,Sword Dancer,Kerala,Acropolis,Rififi,Northern Dancer,Fairy Bridge,Sir Ivor,Cap and Bells,Damascus,Court Circuit,Silent Screen,Society Singer,Mr. Prospector,Killaloe,Dr. Fager,Quiet Charm,Northern Dancer,Goofed,Misty Flight,Courbette
202605010409,3,芝,2400.0,良,1勝クラス,キタサンブラック,チェリーコレクト,ブラックタイド,シュガーハート,Oratorio,Holy Moon,サンデーサイレンス,ウインドインハーヘア,サクラバクシンオー,オトメゴコロ,デインヒル,Mahrah,エルナンド,Centinela,Halo,Wishing Well,Alzao,Burghclere,サクラユタカオー,サクラハゴロモ,ジャッジアンジェルーチ,テイズリー,Danzig,Razyana,Vaguely Noble,Montage,Niniski,Whakilyric,Caerleon,New Generation,Hail to Reason,Cosmah,Understanding,Mountain Flower,Lyphard,Lady Rebecca,Busted,Highclere,テスコボーイ,アンジェリカ,ノーザンテースト,クリアアンバー,Honest Pleasure,Victorian Queen,Lyphard,Tizna,Northern Dancer,Pas de Nom,His Majesty,Spring Adieu,ヴィエナ,Noble Lassie,Alydar,Katonka,Nijinsky,Virginia Hills,Miswaki,リリズム,Nijinsky,Foreseer,Young Generation,Madina
202605010409,4,芝,2400.0,良,1勝クラス,リオンリオン,タイセイアヴァンセ,ルーラーシップ,アゲヒバリ,ハービンジャー,ゼフィランサス,キングカメハメハ,エアグルーヴ,クロフネ,トゥザヴィクトリー,Dansili,Penang Pearl,キングヘイロー,モガミヒメ,Kingmambo,マンファス,トニービン,ダイナカール,フレンチデピュティ,ブルーアヴェニュー,サンデーサイレンス,フェアリードール,デインヒル,Hasili,Bering,Guapa,ダンシングブレーヴ,グッバイヘイロー,カコイーシーズ,モガミポイント,Mr. Prospector,Miesque,ラストタイクーン,Pilot Bird,カンパラ,Severn Bridge,ノーザンテースト,シャダイフェザー,Deputy Minister,Mitterand,Classic Go Go,Eliza Blue,Halo,Wishing Well,Nureyev,Dream Deal,Danzig,Razyana,Kahyasi,Kerali,Arctic Tern,Beaune,Shareef Dancer,Sauceboat,Lyphard,Navajo Princess,Halo,Pound Foolish,Alydar,Careless Notion,マルゼンスキー,ポイントメーカー
202605010409,5,芝,2400.0,良,1勝クラス,キズナ,グリーンバナナズ,ディープインパクト,キャットクイル,Green Tune,Anabaa Republic,サンデーサイレンス,ウインドインハーヘア,Storm Cat,Pacific Princess,Green Dancer,Soundings,Anabaa,Gigawatt,Halo,Wishing Well,Alzao,Burghclere,Storm Bird,Terlingua,Damascus,Fiji,Nijinsky,Green Valley,Mr. Prospector,Ocean's Answer,Danzig,Balbonella,Double Bed,Jimka,Hail to Reason,Cosmah,Understanding,Mountain Flower,Lyphard,Lady Rebecca,Busted,Highclere,Northern Dancer,South Ocean,Secretariat,Crimson Saint,Sword Dancer,Kerala,Acropolis,Rififi,Northern Dancer,Flaming Page,Val de Loir,Sly Pola,Raise a Native,Gold Digger,ノーザンアンサー,South Ocean,Northern Dancer,Pas de Nom,ゲイメセン,Bamieres,Be My Guest,Claire's Slipper,ジムフレンチ,Kastueuse
202605010409,6,芝,2400.0,良,1勝クラス,ヴァンゴッホ,マナローラ,American Pharoah,Imagine,ハーツクライ,シェープアップ,Pioneerof the Nile,Littleprincessemma,Sadler's Wells,Doff the Derby,サンデーサイレンス,アイリッシュダンス,Kingmambo,ライフアウトゼア,エンパイアメーカー,Star of Goshen,Yankee Gentleman,Exclusive Rosette,Northern Dancer,Fairy Bridge,Master Derby,Margarethen,Halo,Wishing Well,トニービン,ビューパーダンス,Mr. Prospector,Miesque,Deputy Minister,Silver Valley,Unbridled,Toussaud,Lord at War,Castle Eight,Storm Cat,Key Phrase,Ecliptical,Zetta Jet,Nearctic,Natalma,Bold Reason,Special,ダストコマンダー,Madam Jerry,Tulyar,Russ-Marie,Hail to Reason,Cosmah,Understanding,Mountain Flower,カンパラ,Severn Bridge,Lyphard,My Bupers,Raise a Native,Gold Digger,Nureyev,Pasadoble,Vice Regent,Mint Copy,Mr. Prospector,Seven Valleys
202605010409,7,芝,2400.0,良,1勝クラス,コントレイル,ガリレオズソング,ディープインパクト,ロードクロサイト,Galileo,Song to Remember,サンデーサイレンス,ウインドインハーヘア,Unbridled's Song,Folklore,Sadler's Wells,Urban Sea,Storm Cat,Wedding Reception,Halo,Wishing Well,Alzao,Burghclere,Unbridled,Trolley Song,Tiznow,Contrive,Northern Dancer,Fairy Bridge,Miswaki,Allegretta,Storm Bird,Terlingua,Round Table,Prodana Neviesta,Hail to Reason,Cosmah,Understanding,Mountain Flower,Lyphard,Lady Rebecca,Busted,Highclere,Fappiano,Gana Facil,Caro,Lucky Spell,Cee's Tizzy,Cee's Song,Storm Cat,Jeano,Nearctic,Natalma,Bold Reason,Special,Mr. Prospector,Hopespringseternal,Lombard,Anatevka,Northern Dancer,South Ocean,Secretariat,Crimson Saint,Princequillo,Knights Daughter,Reneged,Jolie Deja
202605010410,1,芝,1800.0,良,3勝クラス,シスキン,シャンドランジュ,First Defence,Bird Flown,マンハッタンカフェ,ハルーワソング,Unbridled's Song,Honest Lady,Oasis Dream,Silver Star,サンデーサイレンス,サトルチェンジ,Nureyev,Morn of Song,Unbridled,Trolley Song,Seattle Slew,Toussaud,Green Desert,Hope,Zafonic,Monroe,Halo,Wishing Well,Law Society,Santa Luciana,Northern Dancer,Special,Blushing Groom,Glorious Song,Fappiano,Gana Facil,Caro,Lucky Spell,Bold Reasoning,My Charmer,El Gran Senor,Image of Reality,Danzig,Foreign Courier,ダンシングブレーヴ,Bahamian,Gone West,Zaizafon,Sir Ivor,Best in Show,Hail to Reason,Cosmah,Understanding,Mountain Flower,Alleged,Bold Bikini,Luciano,Suleika,Nearctic,Natalma,Forli,Thong,Red God,Runaway Bride,Halo,Ballade
202605010410,2,芝,1800.0,良,3勝クラス,ロードカナロア,レッドオルガ,キングカメハメハ,レディブラッサム,ディープインパクト,エリモピクシー,Kingmambo,マンファス,Storm Cat,サラトガデュー,サンデーサイレンス,ウインドインハーヘア,ダンシングブレーヴ,エリモシューテング,Mr. Prospector,Miesque,ラストタイクーン,Pilot Bird,Storm Bird,Terlingua,Cormorant,Super Luna,Halo,Wishing Well,Alzao,Burghclere,Lyphard,Navajo Princess,テスコボーイ,デプグリーフ,Raise a Native,Gold Digger,Nureyev,Pasadoble,トライマイベスト,Mill Princess,Blakeney,The Dancer,Northern Dancer,South Ocean,Secretariat,Crimson Saint,His Majesty,Song Sparrow,In Reality,Alada,Hail to Reason,Cosmah,Understanding,Mountain Flower,Lyphard,Lady Rebecca,Busted,Highclere,Northern Dancer,Goofed,Drone,Olmec,Princely Gift,Suncourt,Vaguely Noble,デプス
202605010410,3,芝,1800.0,良,3勝クラス,エピファネイア,シャルール,シンボリクリスエス,シーザリオ,ゼンノロブロイ,グレイトフィーヴァー,Kris S.,Tee Kay,スペシャルウィーク,キロフプリミエール,サンデーサイレンス,ローミンレイチェル,Kaldoun,My Great Hope,Roberto,Sharp Queen,Gold Meridian,Tri Argo,サンデーサイレンス,キャンペンガール,Sadler's Wells,Querida,Halo,Wishing Well,マイニング,One Smart Lady,Caro,Katana,Simply Great,Martingale,Hail to Reason,Bramalea,Princequillo,Bridgework,Seattle Slew,Queen Louie,Tri Jet,Hail Proudly,Halo,Wishing Well,マルゼンスキー,レディーシラオキ,Northern Dancer,Fairy Bridge,Habitat,Principia,Hail to Reason,Cosmah,Understanding,Mountain Flower,Mr. Prospector,I Pass,Clever Trick,Pia's Lady,フォルティノ,Chambord,Le Haar,Embellie,Mill Reef,Seneca,Luthier,Moonmadness
202605010410,4,芝,1800.0,良,3勝クラス,ドゥラメンテ,テーブルロンド,キングカメハメハ,アドマイヤグルーヴ,Astronomer Royal,Tanzania,Kingmambo,マンファス,サンデーサイレンス,エアグルーヴ,Danzig,Sheepscot,Alzao,Triple Couronne,Mr. Prospector,Miesque,ラストタイクーン,Pilot Bird,Halo,Wishing Well,トニービン,ダイナカール,Northern Dancer,Pas de Nom,Easy Goer,Escrow Agent,Lyphard,Lady Rebecca,Riverman,Trillion,Raise a Native,Gold Digger,Nureyev,Pasadoble,トライマイベスト,Mill Princess,Blakeney,The Dancer,Hail to Reason,Cosmah,Understanding,Mountain Flower,カンパラ,Severn Bridge,ノーザンテースト,シャダイフェザー,Nearctic,Natalma,Admiral's Voyage,Petitioner,Alydar,Relaxing,El Gran Senor,Viva Sec,Northern Dancer,Goofed,Sir Ivor,Pocahontas,Never Bend,River Lady,Hail to Reason,Margarethen
202605010410,5,芝,1800.0,良,3勝クラス,キタサンブラック,ダンスウィズキトゥン,ブラックタイド,シュガーハート,Kitten's Joy,Madame Du Lac,サンデーサイレンス,ウインドインハーヘア,サクラバクシンオー,オトメゴコロ,El Prado,Kitten's First,Lemon Drop Kid,Geisha Girl,Halo,Wishing Well,Alzao,Burghclere,サクラユタカオー,サクラハゴロモ,ジャッジアンジェルーチ,テイズリー,Sadler's Wells,Lady Capulet,Lear Fan,That's My Hon,Kingmambo,Charming Lassie,Nashwan,Miznah,Hail to Reason,Cosmah,Understanding,Mountain Flower,Lyphard,Lady Rebecca,Busted,Highclere,テスコボーイ,アンジェリカ,ノーザンテースト,クリアアンバー,Honest Pleasure,Victorian Queen,Lyphard,Tizna,Northern Dancer,Fairy Bridge,Sir Ivor,Cap and Bells,Roberto,Wac,L'Enjoleur,One Lane,Mr. Prospector,Miesque,Seattle Slew,Lassie Dear,Blushing Groom,Height of Fashion,Sadler's Wells,La Dame Du Lac
202605010410,6,芝,1800.0,良,3勝クラス,ハーツクライ,ピラミマ,サンデーサイレンス,アイリッシュダンス,Unbridled's Song,キャリアコレクション,Halo,Wishing Well,トニービン,ビューパーダンス,Unbridled,Trolley Song,General Meeting,River of Stars,Hail to Reason,Cosmah,Understanding,Mountain Flower,カンパラ,Severn Bridge,Lyphard,My Bupers,Fappiano,Gana Facil,Caro,Lucky Spell,Seattle Slew,Alydar's Promise,Riverman,Star Fortune,Turn-to,Nothirdchance,Cosmic Bomb,Almahmoud,Promised Land,Pretty Ways,Montparnasse,Edelweiss,Kalamoun,State Pension,Hornbeam,Priddy Fair,Northern Dancer,Goofed,Bupers,Princess Revoked,Mr. Prospector,Killaloe,Le Fabuleux,Charedi,フォルティノ,Chambord,Lucky Mel,Incantation,Bold Reasoning,My Charmer,Alydar,Summertime Promise,Never Bend,River Lady,Pia Star,Flitter Flutter
202605010410,7,芝,1800.0,良,3勝クラス,シルバーステート,ヴルタヴァ,ディープインパクト,シルヴァースカヤ,ロードカナロア,ラタフィア,サンデーサイレンス,ウインドインハーヘア,Silver Hawk,Boubskaia,キングカメハメハ,レディブラッサム,Cozzene,Sakura Fabulous,Halo,Wishing Well,Alzao,Burghclere,Roberto,Gris Vitesse,Niniski,Frenetique,Kingmambo,マンファス,Storm Cat,サラトガデュー,Caro,Ride the Trails,Fabulous Dancer,ローラローラ,Hail to Reason,Cosmah,Understanding,Mountain Flower,Lyphard,Lady Rebecca,Busted,Highclere,Hail to Reason,Bramalea,Amerigo,Matchiche,Nijinsky,Virginia Hills,Tyrant,Femina,Mr. Prospector,Miesque,ラストタイクーン,Pilot Bird,Storm Bird,Terlingua,Cormorant,Super Luna,フォルティノ,Chambord,Prince John,Wildwook,Northern Dancer,Last of the Line,Saint Cyrien,Bold Lady
202605010410,8,芝,1800.0,良,3勝クラス,トビーズコーナー,ルナフォース,Bellamy Road,Brandon's Ride,ディープブリランテ,ジョイフルスマイル,Concerto,Hurry Home Hillary,Mister Frisky,Mrs. Bumble,ディープインパクト,ラヴアンドバブルズ,マヤノトップガン,ゴーオンマイウェイ,Chief's Crown,Undeniably,Deputed Testamony,Ten Cents a Turn,Marsayas,Frisky Flyer,Restivo,Bumble,サンデーサイレンス,ウインドインハーヘア,Loup Sauvage,バブルドリーム,ブライアンズタイム,アルプミープリーズ,ジョリーズヘイロー,シーキングロイヤル,Danzig,Six Crowns,In Reality,Past Forgetting,Traffic Cop,Proof Requested,Cozzene,Rub al Khali,Damascus,Extra Place,Highest Tide,Eager Nymph,Restless Native,Jaffa,Poker,Distant Scene,Halo,Wishing Well,Alzao,Burghclere,Riverman,Louveterie,Akarad,バブルプロスペクター,Roberto,Kelley's Day,Blushing Groom,Swiss,Halo,Jolie Jolie,Seeking the Gold,Canoodling
202605010410,9,芝,1800.0,良,3勝クラス,ドゥラメンテ,イルーシヴハピネス,キングカメハメハ,アドマイヤグルーヴ,Frankel,イルーシヴウェーヴ,Kingmambo,マンファス,サンデーサイレンス,エアグルーヴ,Galileo,Kind,Elusive City,Multicolour Wave,Mr. Prospector,Miesque,ラストタイクーン,Pilot Bird,Halo,Wishing Well,トニービン,ダイナカール,Sadler's Wells,Urban Sea,デインヒル,Rainbow Lake,Elusive Quality,Star of Paris,Rainbow Quest,Echoes,Raise a Native,Gold Digger,Nureyev,Pasadoble,トライマイベスト,Mill Princess,Blakeney,The Dancer,Hail to Reason,Cosmah,Understanding,Mountain Flower,カンパラ,Severn Bridge,ノーザンテースト,シャダイフェザー,Northern Dancer,Fairy Bridge,Miswaki,Allegretta,Danzig,Razyana,Rainbow Quest,Rockfest,Gone West,Touch of Greatness,Dayjur,Liturgism,Blushing Groom,I Will Follow,Niniski,Equal Honor
202605010410,10,芝,1800.0,良,3勝クラス,リアルスティール,ミスエルテ,ディープインパクト,ラヴズオンリーミー,Frankel,ミスエーニョ,サンデーサイレンス,ウインドインハーヘア,Storm Cat,Monevassia,Galileo,Kind,Pulpit,Madcap Escapade,Halo,Wishing Well,Alzao,Burghclere,Storm Bird,Terlingua,Mr. Prospector,Miesque,Sadler's Wells,Urban Sea,デインヒル,Rainbow Lake,A.P. Indy,Preach,ヘネシー,Sassy Pants,Hail to Reason,Cosmah,Understanding,Mountain Flower,Lyphard,Lady Rebecca,Busted,Highclere,Northern Dancer,South Ocean,Secretariat,Crimson Saint,Raise a Native,Gold Digger,Nureyev,Pasadoble,Northern Dancer,Fairy Bridge,Miswaki,Allegretta,Danzig,Razyana,Rainbow Quest,Rockfest,Seattle Slew,Weekend Surprise,Mr. Prospector,Narrate,Storm Cat,Island Kitty,Saratoga Six,Special Portion
202605010410,11,芝,1800.0,良,3勝クラス,キズナ,レディインディ,ディープインパクト,キャットクイル,A.P. Indy,Fiji,サンデーサイレンス,ウインドインハーヘア,Storm Cat,Pacific Princess,Seattle Slew,Weekend Surprise,Rainbow Quest,Island Jamboree,Halo,Wishing Well,Alzao,Burghclere,Storm Bird,Terlingua,Damascus,Fiji,Bold Reasoning,My Charmer,Secretariat,Lassie Dear,Blushing Groom,I Will Follow,Explodent,Careless Virgin,Hail to Reason,Cosmah,Understanding,Mountain Flower,Lyphard,Lady Rebecca,Busted,Highclere,Northern Dancer,South Ocean,Secretariat,Crimson Saint,Sword Dancer,Kerala,Acropolis,Rififi,Boldnesian,Reason to Earn,Poker,Fair Charmer,Bold Ruler,Somethingroyal,Buckpasser,Gay Missile,Red God,Runaway Bride,Herbager,Where You Lead,Nearctic,Venomous,Wing Out,Careless Notion
202605010411,1,芝,1600.0,良,オープン,レイデオロ,シャルマント,キングカメハメハ,ラドラーダ,エンパイアメーカー,ライツェント,Kingmambo,マンファス,シンボリクリスエス,レディブロンド,Unbridled,Toussaud,スペシャルウィーク,ソニンク,Mr. Prospector,Miesque,ラストタイクーン,Pilot Bird,Kris S.,Tee Kay,Seeking the Gold,ウインドインハーヘア,Fappiano,Gana Facil,El Gran Senor,Image of Reality,サンデーサイレンス,キャンペンガール,Machiavellian,Sonic Lady,Raise a Native,Gold Digger,Nureyev,Pasadoble,トライマイベスト,Mill Princess,Blakeney,The Dancer,Roberto,Sharp Queen,Gold Meridian,Tri Argo,Mr. Prospector,Con Game,Alzao,Burghclere,Mr. Prospector,Killaloe,Le Fabuleux,Charedi,Northern Dancer,Sex Appeal,In Reality,Edee's Image,Halo,Wishing Well,マルゼンスキー,レディーシラオキ,Mr. Prospector,Coup de Folie,Nureyev,Stumped
202605010411,2,芝,1600.0,良,オープン,シルバーステート,ゴッドパイレーツ,ディープインパクト,シルヴァースカヤ,ベーカバド,ゴッドインチーフ,サンデーサイレンス,ウインドインハーヘア,Silver Hawk,Boubskaia,Cape Cross,Behkara,コマンダーインチーフ,ファーガーズプロスペクト,Halo,Wishing Well,Alzao,Burghclere,Roberto,Gris Vitesse,Niniski,Frenetique,Green Desert,Park Appeal,Kris,Behera,ダンシングブレーヴ,Slightly Dangerous,Chief's Crown,Fager's Glory,Hail to Reason,Cosmah,Understanding,Mountain Flower,Lyphard,Lady Rebecca,Busted,Highclere,Hail to Reason,Bramalea,Amerigo,Matchiche,Nijinsky,Virginia Hills,Tyrant,Femina,Danzig,Foreign Courier,Ahonoora,Balidaress,Sharpen Up,Doubly Sure,Mill Reef,Borushka,Lyphard,Navajo Princess,Roberto,Where You Lead,Danzig,Six Crowns,Mr. Prospector,Street's Glory
202605010411,3,芝,1600.0,良,オープン,ドレフォン,ウォーターピオニー,Gio Ponti,Eltimaas,ヴィクトワールピサ,マチカネハヤテ,Tale of the Cat,Chipeta Springs,Ghostzapper,Najecam,ネオユニヴァース,ホワイトウォーターアフェア,サクラバクシンオー,ベルセゾン,Storm Cat,Yarn,Alydar,Salt Spring,Awesome Again,Baby Zip,Trempolino,Sue Warner,サンデーサイレンス,ポインテッドパス,Machiavellian,Much Too Risky,サクラユタカオー,サクラハゴロモ,ベリファ,ヴアインゴールド,Storm Bird,Terlingua,Mr. Prospector,Narrate,Raise a Native,Sweet Tooth,Salt Marsh,Jungle Mythologic,Deputy Minister,Primal Force,Relaunch,Thirty Zip,Sharpen Up,Trephine,Forli,Bitty Girl,Halo,Wishing Well,Kris,Silken Way,Mr. Prospector,Coup de Folie,Bustino,Short Rations,テスコボーイ,アンジェリカ,ノーザンテースト,クリアアンバー,Lyphard,Belga,Mr. Prospector,Chancy Dance
202605010411,4,芝,1600.0,良,オープン,ドゥラメンテ,メモリアルライフ,キングカメハメハ,アドマイヤグルーヴ,Reckless Abandon,Baldovina,Kingmambo,マンファス,サンデーサイレンス,エアグルーヴ,Exchange Rate,Sant Elena,Tale of the Cat,バルドウィナ,Mr. Prospector,Miesque,ラストタイクーン,Pilot Bird,Halo,Wishing Well,トニービン,ダイナカール,Danzig,Sterling Pound,Efisio,Argent Du Bois,Storm Cat,Yarn,Pistolet Bleu,Balioka,Raise a Native,Gold Digger,Nureyev,Pasadoble,トライマイベスト,Mill Princess,Blakeney,The Dancer,Hail to Reason,Cosmah,Understanding,Mountain Flower,カンパラ,Severn Bridge,ノーザンテースト,シャダイフェザー,Northern Dancer,Pas de Nom,Seeking the Gold,Spectacular Bev,Formidable,Eldoret,Silver Hawk,Wiener Wald,Storm Bird,Terlingua,Mr. Prospector,Narrate,Top Ville,Pampa Bella,Tourangeau,Bangalore
202605010411,5,芝,1600.0,良,オープン,マクフィ,オールドフレイム,Dubawi,Dhelaal,ゼンノロブロイ,オーラオブザムーン,Dubai Millennium,Zomaradah,Green Desert,Irish Valley,サンデーサイレンス,ローミンレイチェル,Tiznow,レディジョアン,Seeking the Gold,Colorado Dancer,Deploy,Jawaher,Danzig,Foreign Courier,Irish River,Green Valley,Halo,Wishing Well,マイニング,One Smart Lady,Cee's Tizzy,Cee's Song,Orientate,Oatsee,Mr. Prospector,Con Game,Shareef Dancer,Fall Aspen,Shirley Heights,Slightly Dangerous,ダンシングブレーヴ,High Tern,Northern Dancer,Pas de Nom,Sir Ivor,Courtly Dee,Riverman,Irish Star,Val de Loir,Sly Pola,Hail to Reason,Cosmah,Understanding,Mountain Flower,Mr. Prospector,I Pass,Clever Trick,Pia's Lady,Relaunch,テイズリー,Seattle Song,Lonely Dancer,Mt. Livermore,Dream Team,Unbridled,With Every Wish
202605010411,6,芝,1600.0,良,オープン,ミッキーロケット,ミッキークイーン,キングカメハメハ,マネーキャントバイミーラヴ,ディープインパクト,ミュージカルウェイ,Kingmambo,マンファス,Pivotal,Sabreon,サンデーサイレンス,ウインドインハーヘア,Gold Away,Mulika,Mr. Prospector,Miesque,ラストタイクーン,Pilot Bird,Polar Falcon,Fearless Revival,Caerleon,Sabria,Halo,Wishing Well,Alzao,Burghclere,Goldneyev,Blushing Away,Procida,Gazelia,Raise a Native,Gold Digger,Nureyev,Pasadoble,トライマイベスト,Mill Princess,Blakeney,The Dancer,Nureyev,Marie d'Argonne,Cozzene,Stufida,Nijinsky,Foreseer,Miswaki,Flood,Hail to Reason,Cosmah,Understanding,Mountain Flower,Lyphard,Lady Rebecca,Busted,Highclere,Nureyev,Gold River,Blushing Groom,スイートリベンジ,Mr. Prospector,With Distinction,Icecapade,Dols Jaminque
202605010411,7,芝,1600.0,良,オープン,ロードカナロア,ラルケット,キングカメハメハ,レディブラッサム,ファルブラヴ,アズサユミ,Kingmambo,マンファス,Storm Cat,サラトガデュー,Fairy King,Gift of the Night,サンデーサイレンス,ファーストクラス,Mr. Prospector,Miesque,ラストタイクーン,Pilot Bird,Storm Bird,Terlingua,Cormorant,Super Luna,Northern Dancer,Fairy Bridge,Slewpy,Little Nana,Halo,Wishing Well,トウショウボーイ,スイートコンコルド,Raise a Native,Gold Digger,Nureyev,Pasadoble,トライマイベスト,Mill Princess,Blakeney,The Dancer,Northern Dancer,South Ocean,Secretariat,Crimson Saint,His Majesty,Song Sparrow,In Reality,Alada,Nearctic,Natalma,Bold Reason,Special,Seattle Slew,Rare Bouquet,Lithiot,Nenana Road,Hail to Reason,Cosmah,Understanding,Mountain Flower,テスコボーイ,ソシアルバターフライ,パーソロン,スイートルナ
202605010411,8,芝,1600.0,良,オープン,ロードカナロア,ラストグルーヴ,キングカメハメハ,レディブラッサム,ディープインパクト,エアグルーヴ,Kingmambo,マンファス,Storm Cat,サラトガデュー,サンデーサイレンス,ウインドインハーヘア,トニービン,ダイナカール,Mr. Prospector,Miesque,ラストタイクーン,Pilot Bird,Storm Bird,Terlingua,Cormorant,Super Luna,Halo,Wishing Well,Alzao,Burghclere,カンパラ,Severn Bridge,ノーザンテースト,シャダイフェザー,Raise a Native,Gold Digger,Nureyev,Pasadoble,トライマイベスト,Mill Princess,Blakeney,The Dancer,Northern Dancer,South Ocean,Secretariat,Crimson Saint,His Majesty,Song Sparrow,In Reality,Alada,Hail to Reason,Cosmah,Understanding,Mountain Flower,Lyphard,Lady Rebecca,Busted,Highclere,Kalamoun,State Pension,Hornbeam,Priddy Fair,Northern Dancer,Lady Victoria,ガーサント,パロクサイド
202605010411,9,芝,1600.0,良,オープン,ネオユニヴァース,サクラレーヌ,サンデーサイレンス,ポインテッドパス,シンボリクリスエス,セダンフォーエバー,Halo,Wishing Well,Kris,Silken Way,Kris S.,Tee Kay,マルゼンスキー,サクラセダン,Hail to Reason,Cosmah,Understanding,Mountain Flower,Sharpen Up,Doubly Sure,Shantung,Boulevard,Roberto,Sharp Queen,Gold Meridian,Tri Argo,Nijinsky,シル,セダン,スワンズウッドグローヴ,Turn-to,Nothirdchance,Cosmic Bomb,Almahmoud,Promised Land,Pretty Ways,Montparnasse,Edelweiss,エタン,Rocchetta,Reliance,Soft Angels,Sicambre,Barley Corn,Pall Mall,Costa Sola,Hail to Reason,Bramalea,Princequillo,Bridgework,Seattle Slew,Queen Louie,Tri Jet,Hail Proudly,Northern Dancer,Flaming Page,Buckpasser,Quill,Prince Bio,Staffa,Grey Sovereign,Fakhry
202605010411,10,芝,1600.0,良,オープン,Farhh,ローズトレイル,Pivotal,Gonbarda,Kingmambo,Mannington,Polar Falcon,Fearless Revival,Lando,Gonfalon,Mr. Prospector,Miesque,デインヒル,Bint Marscay,Nureyev,Marie d'Argonne,Cozzene,Stufida,Acatenango,Laurea,Slip Anchor,Grimpola,Raise a Native,Gold Digger,Nureyev,Pasadoble,Danzig,Razyana,Marscay,Eau d'Etoile,Northern Dancer,Special,Jefferson,Mohair,Caro,Ride the Trails,Bustino,Zerbinetta,Surumu,Aggravate,Sharpman,Licata,Shirley Heights,Sayonara,Windwurf,Gondel,Native Dancer,Raise You,Nashua,Sequence,Northern Dancer,Special,Prove Out,Santa Quilla,Northern Dancer,Pas de Nom,His Majesty,Spring Adieu,Biscay,Heart of Market,Sir Tristram,Fille d'Etoile
202605010411,11,芝,1600.0,良,オープン,ドレフォン,ルミナスソード,Gio Ponti,Eltimaas,Candy Ride,カラズマッチポイント,Tale of the Cat,Chipeta Springs,Ghostzapper,Najecam,Ride the Rails,Candy Girl,Curlin,Home Court,Storm Cat,Yarn,Alydar,Salt Spring,Awesome Again,Baby Zip,Trempolino,Sue Warner,Cryptoclearance,Herbalesian,Candy Stripes,City Girl,Smart Strike,Sherriff's Deputy,Storm Cat,Jewel Princess,Storm Bird,Terlingua,Mr. Prospector,Narrate,Raise a Native,Sweet Tooth,Salt Marsh,Jungle Mythologic,Deputy Minister,Primal Force,Relaunch,Thirty Zip,Sharpen Up,Trephine,Forli,Bitty Girl,Fappiano,Naval Orange,Herbager,Alanesian,Blushing Groom,バブルカンパニー,Farnesio,Cithara,Mr. Prospector,Classy 'n Smart,Deputy Minister,Barbarika,Storm Bird,Terlingua,Key to the Mint,Jewell Ridge
202605010411,12,芝,1600.0,良,オープン,キズナ,コナブリュワーズ,ディープインパクト,キャットクイル,キングカメハメハ,アンブロワーズ,サンデーサイレンス,ウインドインハーヘア,Storm Cat,Pacific Princess,Kingmambo,マンファス,フレンチデピュティ,フサイチミニヨン,Halo,Wishing Well,Alzao,Burghclere,Storm Bird,Terlingua,Damascus,Fiji,Mr. Prospector,Miesque,ラストタイクーン,Pilot Bird,Deputy Minister,Mitterand,サンデーサイレンス,バレークイーン,Hail to Reason,Cosmah,Understanding,Mountain Flower,Lyphard,Lady Rebecca,Busted,Highclere,Northern Dancer,South Ocean,Secretariat,Crimson Saint,Sword Dancer,Kerala,Acropolis,Rififi,Raise a Native,Gold Digger,Nureyev,Pasadoble,トライマイベスト,Mill Princess,Blakeney,The Dancer,Vice Regent,Mint Copy,Hold Your Peace,Laredo Lass,Halo,Wishing Well,Sadler's Wells,Sun Princess
202605010411,13,芝,1600.0,良,オープン,ディープブリランテ,ショウナンカラット,ディープインパクト,ラヴアンドバブルズ,ブライアンズタイム,ニュースヴァリュー,サンデーサイレンス,ウインドインハーヘア,Loup Sauvage,バブルドリーム,Roberto,Kelley's Day,Seattle Song,アンティックヴァリュー,Halo,Wishing Well,Alzao,Burghclere,Riverman,Louveterie,Akarad,バブルプロスペクター,Hail to Reason,Bramalea,Graustark,Golden Trail,Seattle Slew,Incantation,Northern Dancer,Moonscape,Hail to Reason,Cosmah,Understanding,Mountain Flower,Lyphard,Lady Rebecca,Busted,Highclere,Never Bend,River Lady,Nureyev,Lupe,Labus,Licata,Miswaki,バブルカンパニー,Turn-to,Nothirdchance,Nashua,Rarelea,Ribot,Flower Bowl,Hasty Road,Sunny Vale,Bold Reasoning,My Charmer,Prince Blessed,Magic Spell,Nearctic,Natalma,Tom Fool,Brazen
202605010411,14,芝,1600.0,良,オープン,ロードカナロア,ラルティスタ,キングカメハメハ,レディブラッサム,マイネルラヴ,セクシーココナッツ,Kingmambo,マンファス,Storm Cat,サラトガデュー,Seeking the Gold,Heart of Joy,ダンスインザダーク,ココパシオン,Mr. Prospector,Miesque,ラストタイクーン,Pilot Bird,Storm Bird,Terlingua,Cormorant,Super Luna,Mr. Prospector,Con Game,リィフォー,Mythographer,サンデーサイレンス,ダンシングキイ,グルームダンサー,ゲートドクール,Raise a Native,Gold Digger,Nureyev,Pasadoble,トライマイベスト,Mill Princess,Blakeney,The Dancer,Northern Dancer,South Ocean,Secretariat,Crimson Saint,His Majesty,Song Sparrow,In Reality,Alada,Raise a Native,Gold Digger,Buckpasser,Broadway,Lyphard,Klaizia,Secretariat,Arachne,Halo,Wishing Well,Nijinsky,Key Partner,Blushing Groom,Featherhill,Lomond,Gay Apparel
202605010411,15,芝,1600.0,良,オープン,リオンディーズ,オーサムウインド,キングカメハメハ,シーザリオ,ディープインパクト,オーサムフェザー,Kingmambo,マンファス,スペシャルウィーク,キロフプリミエール,サンデーサイレンス,ウインドインハーヘア,Awesome of Course,Precious Feather,Mr. Prospector,Miesque,ラストタイクーン,Pilot Bird,サンデーサイレンス,キャンペンガール,Sadler's Wells,Querida,Halo,Wishing Well,Alzao,Burghclere,Awesome Again,Mais Oui,Gone West,Last Feather,Raise a Native,Gold Digger,Nureyev,Pasadoble,トライマイベスト,Mill Princess,Blakeney,The Dancer,Halo,Wishing Well,マルゼンスキー,レディーシラオキ,Northern Dancer,Fairy Bridge,Habitat,Principia,Hail to Reason,Cosmah,Understanding,Mountain Flower,Lyphard,Lady Rebecca,Busted,Highclere,Deputy Minister,Primal Force,Lyphard,Affirmatively,Mr. Prospector,Secrettame,Vaguely Noble,Quill
202605010411,16,芝,1600.0,良,オープン,イスラボニータ,ヤマニンエマイユ,フジキセキ,イスラコジーン,ホワイトマズル,ヤマニンザナドゥ,サンデーサイレンス,ミルレーサー,Cozzene,Isla Mujeres,ダンシングブレーヴ,Fair of the Furze,トニービン,ワンオブアクライン,Halo,Wishing Well,Le Fabuleux,Marston's Mill,Caro,Ride the Trails,Crafty Prospector,Lido Isle,Lyphard,Navajo Princess,Ela-Mana-Mou,Autocratic,カンパラ,Severn Bridge,Danzig,Barely Even,Hail to Reason,Cosmah,Understanding,Mountain Flower,Wild Risk,Anguar,In Reality,Millicent,フォルティノ,Chambord,Prince John,Wildwook,Mr. Prospector,Real Crafty Lady,Far North,She Is Gorgeous,Northern Dancer,Goofed,Drone,Olmec,ピットカーン,Rose Bertin,Tyrant,Flight Table,Kalamoun,State Pension,Hornbeam,Priddy Fair,Northern Dancer,Pas de Nom,Creme dela Creme,Dodge Me
202605010412,1,ダート,1300.0,稍重,1勝クラス,アジアエクスプレス,バトルジェジェジェ,ヘニーヒューズ,ランニングボブキャッツ,ステイゴールド,ジェイドストリーク,ヘネシー,Meadow Flyer,Running Stag,Backatem,サンデーサイレンス,ゴールデンサッシュ,ジェイドロバリー,シゴネーラ,Storm Cat,Island Kitty,Meadowlake,Shortley,Cozzene,Fruhlingstag,Notebook,Deputy's Mistress,Halo,Wishing Well,ディクタス,ダイナサッシュ,Mr. Prospector,Number,Nureyev,Ionian Raja,Storm Bird,Terlingua,Hawaii,T. C. Kitten,Hold Your Peace,Suspicious Native,Hagley,Short Winded,Caro,Ride the Trails,Orsini,Revada,Well Decorated,Mobcap,Deputy Minister,River Crossing,Hail to Reason,Cosmah,Understanding,Mountain Flower,Sanctus,Doronic,ノーザンテースト,ロイヤルサッシュ,Raise a Native,Gold Digger,Nijinsky,Special,Northern Dancer,Special,Raja Baba,Ionian Idol
202605010412,2,ダート,1300.0,稍重,1勝クラス,ダンカーク,サクラナスカ,Unbridled's Song,Secret Status,サクラバクシンオー,サクラコンドル,Unbridled,Trolley Song,A.P. Indy,Private Status,サクラユタカオー,サクラハゴロモ,サンデーサイレンス,ローラローラ,Fappiano,Gana Facil,Caro,Lucky Spell,Seattle Slew,Weekend Surprise,Alydar,Miss Eva,テスコボーイ,アンジェリカ,ノーザンテースト,クリアアンバー,Halo,Wishing Well,Saint Cyrien,Bold Lady,Mr. Prospector,Killaloe,Le Fabuleux,Charedi,フォルティノ,Chambord,Lucky Mel,Incantation,Bold Reasoning,My Charmer,Secretariat,Lassie Dear,Raise a Native,Sweet Tooth,Con Brio,Apolinea,Princely Gift,Suncourt,ネヴァービート,スターハイネス,Northern Dancer,Lady Victoria,Ambiopoise,One Clear Call,Hail to Reason,Cosmah,Understanding,Mountain Flower,Luthier,Sevres,ボールドラツド,Tredam
202605010412,3,ダート,1300.0,稍重,1勝クラス,ヘニーヒューズ,シーイズチャンプ,ヘネシー,Meadow Flyer,ダノンシャンティ,シーイズトウショウ,Storm Cat,Island Kitty,Meadowlake,Shortley,フジキセキ,シャンソネット,サクラバクシンオー,ジェーントウショウ,Storm Bird,Terlingua,Hawaii,T. C. Kitten,Hold Your Peace,Suspicious Native,Hagley,Short Winded,サンデーサイレンス,ミルレーサー,Mark of Esteem,Glorious Song,サクラユタカオー,サクラハゴロモ,トウショウフリート,コーニストウショウ,Northern Dancer,South Ocean,Secretariat,Crimson Saint,Utrillo,Ethane,Tom Cat,Needlebug,Speak John,Blue Moon,Raise a Native,Be Suspicious,Olden Times,Teo Pepi,Harvest Singing,Wild Cloud,Halo,Wishing Well,Le Fabuleux,Marston's Mill,Darshaan,Homage,Halo,Ballade,テスコボーイ,アンジェリカ,ノーザンテースト,クリアアンバー,トウショウペガサス,リバーストウショウ,ダンディルート,ローズトウショウ
202605010412,4,ダート,1300.0,稍重,1勝クラス,ルーラーシップ,セレブレーション,キングカメハメハ,エアグルーヴ,ハーツクライ,フェアレストケープ,Kingmambo,マンファス,トニービン,ダイナカール,サンデーサイレンス,アイリッシュダンス,Storm Cat,Myth,Mr. Prospector,Miesque,ラストタイクーン,Pilot Bird,カンパラ,Severn Bridge,ノーザンテースト,シャダイフェザー,Halo,Wishing Well,トニービン,ビューパーダンス,Storm Bird,Terlingua,オジジアン,Yarn,Raise a Native,Gold Digger,Nureyev,Pasadoble,トライマイベスト,Mill Princess,Blakeney,The Dancer,Kalamoun,State Pension,Hornbeam,Priddy Fair,Northern Dancer,Lady Victoria,ガーサント,パロクサイド,Hail to Reason,Cosmah,Understanding,Mountain Flower,カンパラ,Severn Bridge,Lyphard,My Bupers,Northern Dancer,South Ocean,Secretariat,Crimson Saint,Damascus,Gonfalon,Mr. Prospector,Narrate
202605010412,5,ダート,1300.0,稍重,1勝クラス,ロードカナロア,ヤマカツマリリン,キングカメハメハ,レディブラッサム,グラスワンダー,イクセプトフォーワンダ,Kingmambo,マンファス,Storm Cat,サラトガデュー,Silver Hawk,Ameriflora,Tejabo,Unique Gal,Mr. Prospector,Miesque,ラストタイクーン,Pilot Bird,Storm Bird,Terlingua,Cormorant,Super Luna,Roberto,Gris Vitesse,Danzig,Graceful Touch,Deputy Minister,Cutty,Bold Ruckus,Spin to Win,Raise a Native,Gold Digger,Nureyev,Pasadoble,トライマイベスト,Mill Princess,Blakeney,The Dancer,Northern Dancer,South Ocean,Secretariat,Crimson Saint,His Majesty,Song Sparrow,In Reality,Alada,Hail to Reason,Bramalea,Amerigo,Matchiche,Northern Dancer,Pas de Nom,His Majesty,Pi Phi Gal,Vice Regent,Mint Copy,Smart,Real Sincere,Boldnesian,Raise a Ruckus,Right Combination,Vice and Virtue
202605010412,6,ダート,1300.0,稍重,1勝クラス,コパノリッキー,テツナゴオ,ゴールドアリュール,コパノニキータ,ハーツクライ,フライトオブエンジェルス,サンデーサイレンス,ニキーヤ,ティンバーカントリー,ニホンピロローズ,サンデーサイレンス,アイリッシュダンス,アフリート,Intently,Halo,Wishing Well,Nureyev,Reluctant Guest,Woodman,Fall Aspen,トニービン,ウェディングブーケ,Halo,Wishing Well,トニービン,ビューパーダンス,Mr. Prospector,Polite Lady,Drone,Naughty Intentions,Hail to Reason,Cosmah,Understanding,Mountain Flower,Northern Dancer,Special,Hostage,Vaguely Royal,Mr. Prospector,プレイメイト,Pretense,Change Water,カンパラ,Severn Bridge,リアルシャダイ,アリーウイン,Hail to Reason,Cosmah,Understanding,Mountain Flower,カンパラ,Severn Bridge,Lyphard,My Bupers,Raise a Native,Gold Digger,Venetian Jester,Friendly Ways,Sir Gaylord,Cap and Bells,Candy Spots,Teresa Negro
202605010412,7,ダート,1300.0,稍重,1勝クラス,Quality Road,ホールハーテッド,Elusive Quality,Kobla,Awesome Again,My Baby Baby,Gone West,Touch of Greatness,Strawberry Road,Winglet,Deputy Minister,Primal Force,Bernstein,Sarah Darling,Mr. Prospector,Secrettame,Hero's Honor,Ivory Wand,Whiskey Road,Giftisa,Alydar,Highest Trump,Vice Regent,Mint Copy,Blushing Groom,Prime Prospect,Storm Cat,La Affirmed,Wavering Monarch,Essie's Maid,Raise a Native,Gold Digger,Secretariat,Tamerett,Northern Dancer,Glowing Tribute,Sir Ivor,Natashka,Nijinsky,Bowl of Flowers,Rich Gift,Wahkeena,Raise a Native,Sweet Tooth,Bold Bidder,Dear April,Northern Dancer,Victoria Regina,Bunty's Flight,Shakney,Red God,Runaway Bride,Mr. Prospector,Square Generation,Storm Bird,Terlingua,Affirmed,La Mesa,Majestic Light,Uncommitted,Linkage,Essie Bs Venture
202605010412,8,ダート,1300.0,稍重,1勝クラス,リオンディーズ,ティアップブロンド,キングカメハメハ,シーザリオ,ゴールドアリュール,フォーティエース,Kingmambo,マンファス,スペシャルウィーク,キロフプリミエール,サンデーサイレンス,ニキーヤ,フォーティナイナー,ピンクシェイド,Mr. Prospector,Miesque,ラストタイクーン,Pilot Bird,サンデーサイレンス,キャンペンガール,Sadler's Wells,Querida,Halo,Wishing Well,Nureyev,Reluctant Guest,Mr. Prospector,File,Lyphard,Pink Valley,Raise a Native,Gold Digger,Nureyev,Pasadoble,トライマイベスト,Mill Princess,Blakeney,The Dancer,Halo,Wishing Well,マルゼンスキー,レディーシラオキ,Northern Dancer,Fairy Bridge,Habitat,Principia,Hail to Reason,Cosmah,Understanding,Mountain Flower,Northern Dancer,Special,Hostage,Vaguely Royal,Raise a Native,Gold Digger,Tom Rolfe,Continue,Northern Dancer,Goofed,Never Bend,Green Valley
202605010412,9,ダート,1300.0,稍重,1勝クラス,キズナ,デイドリーム,ディープインパクト,キャットクイル,アドマイヤムーン,シルクヴィーナス,サンデーサイレンス,ウインドインハーヘア,Storm Cat,Pacific Princess,エンドスウィープ,マイケイティーズ,ティンバーカントリー,シルクフレアー,Halo,Wishing Well,Alzao,Burghclere,Storm Bird,Terlingua,Damascus,Fiji,フォーティナイナー,Broom Dance,サンデーサイレンス,ケイティーズファースト,Woodman,Fall Aspen,Danzig,Jet Route,Hail to Reason,Cosmah,Understanding,Mountain Flower,Lyphard,Lady Rebecca,Busted,Highclere,Northern Dancer,South Ocean,Secretariat,Crimson Saint,Sword Dancer,Kerala,Acropolis,Rififi,Mr. Prospector,File,Dance Spell,Witching Hour,Halo,Wishing Well,Kris,Katies,Mr. Prospector,プレイメイト,Pretense,Change Water,Northern Dancer,Pas de Nom,Alydar,Katies
202605010412,10,ダート,1300.0,稍重,1勝クラス,シャンハイボビー,ヤサカオディール,Harlan's Holiday,Steelin',メイショウボーラー,ヴァドヴィーツェ,Harlan,Christmas in Aiken,Orientate,Steel Band,タイキシャトル,ナイスレイズ,エリシオ,コンクラーベ,Storm Cat,Country Romance,Affirmed,Dowager,Mt. Livermore,Dream Team,Carson City,ウェディングバンド,Devil's Bag,ウェルシュマフィン,Storm Cat,Nice Tradition,Fairy King,Helice,アンバーシャダイ,コンカロ,Storm Bird,Terlingua,Halo,Sweet Romance,Exclusive Native,Won't Tell You,Honest Pleasure,Princessnesian,Blushing Groom,Flama Ardiente,Cox's Ridge,Likely Double,Mr. Prospector,Blushing Promise,Mighty Appealing,Ring of Steel,Halo,Ballade,Caerleon,Muffitys,Storm Bird,Terlingua,Search Tradition,Nice Dancing,Northern Dancer,Fairy Bridge,Slewpy,Hirondelle,ノーザンテースト,クリアアンバー,Caro,Confess
202605010412,11,ダート,1300.0,稍重,1勝クラス,レッドファルクス,エリモフローラ,スウェプトオーヴァーボード,ベルモット,ゼンノロブロイ,ユニバーサル,エンドスウィープ,Sheer Ice,サンデーサイレンス,レガシーオブストレングス,サンデーサイレンス,ローミンレイチェル,ブライアンズタイム,エリモエクセル,フォーティナイナー,Broom Dance,Cutlass,Hey Dolly A.,Halo,Wishing Well,Affirmed,Katonka,Halo,Wishing Well,マイニング,One Smart Lady,Roberto,Kelley's Day,ロドリゴデトリアーノ,エリモファンタジー,Mr. Prospector,File,Dance Spell,Witching Hour,Damascus,Aphonia,Ambehaving,Swift Deal,Hail to Reason,Cosmah,Understanding,Mountain Flower,Exclusive Native,Won't Tell You,Minnesota Mac,Minnetonka,Hail to Reason,Cosmah,Understanding,Mountain Flower,Mr. Prospector,I Pass,Clever Trick,Pia's Lady,Hail to Reason,Bramalea,Graustark,Golden Trail,El Gran Senor,Hot Princess,Riverman,Share the Fantasy
202605010412,12,ダート,1300.0,稍重,1勝クラス,ロジャーバローズ,デスティニーラブ,ディープインパクト,リトルブック,アグネスデジタル,スローアキッス,サンデーサイレンス,ウインドインハーヘア,Librettist,Cal Norma's Lady,Crafty Prospector,Chancey Squaw,スペシャルウィーク,ケイシー,Halo,Wishing Well,Alzao,Burghclere,Danzig,Mysterial,リファーズスペシャル,June Darling,Mr. Prospector,Real Crafty Lady,Chief's Crown,Allicance,サンデーサイレンス,キャンペンガール,Caerleon,Kiss,Hail to Reason,Cosmah,Understanding,Mountain Flower,Lyphard,Lady Rebecca,Busted,Highclere,Northern Dancer,Pas de Nom,Alleged,Mysteries,Lyphard,My Bupers,ジュニアス,Beau Darling,Raise a Native,Gold Digger,In Reality,Princess Roycraft,Danzig,Six Crowns,Alleged,Runaway Bride,Halo,Wishing Well,マルゼンスキー,レディーシラオキ,Nijinsky,Foreseer,Habitat,Miss Petard
202605010412,13,ダート,1300.0,稍重,1勝クラス,サンダースノー,ピンクペルレ,Helmet,Eastern Joy,ヨハネスブルグ,ネーラペルレ,Exceed And Excel,Accessories,Dubai Destination,Red Slippers,ヘネシー,Myth,キングカメハメハ,ポンテペルレ,デインヒル,Patrona,シングスピール,Anna Matrushka,Kingmambo,Mysterial,Nureyev,Morning Devotion,Storm Cat,Island Kitty,オジジアン,Yarn,Kingmambo,マンファス,Green Desert,ファーザ,Danzig,Razyana,Lomond,Gladiolus,In the Wings,Glorious Song,Mill Reef,Anna Paola,Mr. Prospector,Miesque,Alleged,Mysteries,Northern Dancer,Special,Affirmed,Morning Has Broken,Storm Bird,Terlingua,Hawaii,T. C. Kitten,Damascus,Gonfalon,Mr. Prospector,Narrate,Mr. Prospector,Miesque,ラストタイクーン,Pilot Bird,Danzig,Foreign Courier,Mr. Prospector,Baya
202605010412,14,ダート,1300.0,稍重,1勝クラス,ディスクリートキャット,リコリアーノ,Forestry,Pretty Discreet,タニノギムレット,レースパイロット,Storm Cat,Shared Interest,Private Account,Pretty Persuasive,ブライアンズタイム,タニノクリスタル,サンデーサイレンス,マンファス,Storm Bird,Terlingua,Pleasant Colony,Surgery,Damascus,Numbered Account,Believe It,Bury the Hatchet,Roberto,Kelley's Day,クリスタルパレス,タニノシーバード,Halo,Wishing Well,ラストタイクーン,Pilot Bird,Northern Dancer,South Ocean,Secretariat,Crimson Saint,His Majesty,Sun Colony,Dr. Fager,Bold Sequence,Sword Dancer,Kerala,Buckpasser,Intriguing,In Reality,Breakfast Bell,Tom Rolfe,Christmas Whishes,Hail to Reason,Bramalea,Graustark,Golden Trail,Caro,Hermieres,Sea-Bird,Flaxen,Hail to Reason,Cosmah,Understanding,Mountain Flower,トライマイベスト,Mill Princess,Blakeney,The Dancer
202605010412,15,ダート,1300.0,稍重,1勝クラス,ハッピースプリント,ブリリアントアリス,アッミラーレ,マーゴーン,シニスターミニスター,ポーカーアリス,サンデーサイレンス,ダジルミージョリエ,Dayjur,Whispered Secret,Old Trieste,Sweet Minister,スウェプトオーヴァーボード,パルセイト,Halo,Wishing Well,Carr de Naskra,Mawgrit,Danzig,Gold Beauty,Secretariat,Classy 'n Smart,A.P. Indy,Lovlier Linda,The Prime Minister,Sweet Blue,エンドスウィープ,Sheer Ice,リアルシャダイ,サウンド,Hail to Reason,Cosmah,Understanding,Mountain Flower,Star de Naskra,Cornish Runner,Hoist the Flag,Spring Sunshine,Northern Dancer,Pas de Nom,Mr. Prospector,Stick to Beauty,Bold Ruler,Somethingroyal,Smarten,No Class,Seattle Slew,Weekend Surprise,Vigors,Linda Summers,Deputy Minister,Stick to Beauty,Hurry Up Blue,Sugar Gold,フォーティナイナー,Broom Dance,Cutlass,Hey Dolly A.,Roberto,Desert Vixen,Danzig,Din
202605010412,16,ダート,1300.0,稍重,1勝クラス,モーニン,スレドボ,ヘニーヒューズ,Giggly,コマンズ,アークティックミスト,ヘネシー,Meadow Flyer,Distorted Humor,Chaste,デインヒル,Cotehele House,Seeking the Gold,Tee Kay,Storm Cat,Island Kitty,Meadowlake,Shortley,フォーティナイナー,Danzig's Beauty,Cozzene,Purity,Danzig,Razyana,My Swanee,Eight Carat,Mr. Prospector,Con Game,Gold Meridian,Tri Argo,Storm Bird,Terlingua,Hawaii,T. C. Kitten,Hold Your Peace,Suspicious Native,Hagley,Short Winded,Mr. Prospector,File,Danzig,Sweetest Chant,Caro,Ride the Trails,Fappiano,Dame Mysterieuse,Northern Dancer,Pas de Nom,His Majesty,Spring Adieu,Petition,Grey Rhythm,Pieces of Eight,Klairessa,Raise a Native,Gold Digger,Buckpasser,Broadway,Seattle Slew,Queen Louie,Tri Jet,Hail Proudly
