,peds_0,peds_1,peds_2,peds_3,peds_4,peds_5,peds_6,peds_7,peds_8,peds_9,peds_10,peds_11,peds_12,peds_13,peds_14,peds_15,peds_16,peds_17,peds_18,peds_19,peds_20,peds_21,peds_22,peds_23,peds_24,peds_25,peds_26,peds_27,peds_28,peds_29,peds_30,peds_31,peds_32,peds_33,peds_34,peds_35,peds_36,peds_37,peds_38,peds_39,peds_40,peds_41,peds_42,peds_43,peds_44,peds_45,peds_46,peds_47,peds_48,peds_49,peds_50,peds_51,peds_52,peds_53,peds_54,peds_55,peds_56,peds_57,peds_58,peds_59,peds_60,peds_61
2023104053,フィレンツェファイア,ミラクルクロス,Poseidon's Warrior,My Every Wish,フジキセキ,ロイヤルクロス,Speightstown,Poised to Pounce,Langfuhr,Mille Lacs,サンデーサイレンス,ミルレーサー,スリルショー,スタームーン,Gone West,Silken Cat,Smarten,Lady Lyndy,Danzig,Sweet Briar Too,Unbridled,With Every Wish,Halo,Wishing Well,Le Fabuleux,Marston's Mill,Northern Baby,Splendid Girl,シャトーゲイ,ブラックバトー,Mr. Prospector,Secrettame,Storm Cat,Silken Doll,Cyane,Smartaire,Bold Favorite,Counterflight,Northern Dancer,Pas de Nom,Briartic,Prima Babu Gum,Fappiano,Gana Facil,Lear Fan,Amo,Hail to Reason,Cosmah,Understanding,Mountain Flower,Wild Risk,Anguar,In Reality,Millicent,Northern Dancer,Two Rings,Golden Eagle,Coccinea,Swaps,Banquet Bell,ヒンドスタン,チエス
2023107095,ドレフォン,タンタラス,Gio Ponti,Eltimaas,キングカメハメハ,ブエナビスタ,Tale of the Cat,Chipeta Springs,Ghostzapper,Najecam,Kingmambo,マンファス,スペシャルウィーク,ビワハイジ,Storm Cat,Yarn,Alydar,Salt Spring,Awesome Again,Baby Zip,Trempolino,Sue Warner,Mr. Prospector,Miesque,ラストタイクーン,Pilot Bird,サンデーサイレンス,キャンペンガール,Caerleon,アグサン,Storm Bird,Terlingua,Mr. Prospector,Narrate,Raise a Native,Sweet Tooth,Salt Marsh,Jungle Mythologic,Deputy Minister,Primal Force,Relaunch,Thirty Zip,Sharpen Up,Trephine,Forli,Bitty Girl,Raise a Native,Gold Digger,Nureyev,Pasadoble,トライマイベスト,Mill Princess,Blakeney,The Dancer,Halo,Wishing Well,マルゼンスキー,レディーシラオキ,Nijinsky,Foreseer,Lord Gayle,Santa Luciana
2023107242,ナダル,マラムデール,Blame,Ascending Angel,フレンチデピュティ,フサイチエアデール,Arch,Liable,Pulpit,Solar Colony,Deputy Minister,Mitterand,サンデーサイレンス,ラスティックベル,Kris S.,Aurora,Seeking the Gold,Bound,A.P. Indy,Preach,Pleasant Colony,Meteor Stage,Vice Regent,Mint Copy,Hold Your Peace,Laredo Lass,Halo,Wishing Well,Mr. Prospector,Ragtime Girl,Roberto,Sharp Queen,Danzig,Althea,Mr. Prospector,Con Game,Nijinsky,Special,Seattle Slew,Weekend Surprise,Mr. Prospector,Narrate,His Majesty,Sun Colony,Stage Door Johnny,Northern Meteor,Northern Dancer,Victoria Regina,Bunty's Flight,Shakney,Speak John,Blue Moon,Bold Ruler,Fortunate Isle,Hail to Reason,Cosmah,Understanding,Mountain Flower,Raise a Native,Gold Digger,Francis S.,Swinging Doll
2023101477,ニューイヤーズデイ,セレンディップ,Street Cry,Justwhistledixie,ダイワメジャー,オペラレディ,Machiavellian,Helen Street,Dixie Union,General Jeanne,サンデーサイレンス,スカーレットブーケ,オペラハウス,レディステラ,Mr. Prospector,Coup de Folie,Troy,Waterway,Dixieland Band,She's Tops,Honour and Glory,Ahpo Hel,Halo,Wishing Well,ノーザンテースト,スカーレットインク,Sadler's Wells,Colorspin,Crafty Prospector,Maggie J. Jones,Raise a Native,Gold Digger,Halo,Raise the Standard,Petingo,La Milo,Riverman,Boulevard,Northern Dancer,Mississippi Mud,Capote,She's a Talent,Relaunch,Fair to All,Mr. Leader,Tiy,Hail to Reason,Cosmah,Understanding,Mountain Flower,Northern Dancer,Lady Victoria,Crimson Satan,Consentida,Northern Dancer,Fairy Bridge,High Top,Reprocolor,Mr. Prospector,Real Crafty Lady,Angle Light,Two Bidders
2023106741,サンダースノー,シカゴテソーロ,Helmet,Eastern Joy,Maclean's Music,Toula,Exceed And Excel,Accessories,Dubai Destination,Red Slippers,Distorted Humor,Forest Music,Bold Executive,Escape Reality,デインヒル,Patrona,シングスピール,Anna Matrushka,Kingmambo,Mysterial,Nureyev,Morning Devotion,フォーティナイナー,Danzig's Beauty,Unbridled's Song,Defer West,Bold Ruckus,Arctic Vixen,Lear Fan,Miss Reality,Danzig,Razyana,Lomond,Gladiolus,In the Wings,Glorious Song,Mill Reef,Anna Paola,Mr. Prospector,Miesque,Alleged,Mysteries,Northern Dancer,Special,Affirmed,Morning Has Broken,Mr. Prospector,File,Danzig,Sweetest Chant,Unbridled,Trolley Song,Gone West,Defer,Boldnesian,Raise a Ruckus,Victoria Park,Arctic Fancy,Roberto,Wac,In Reality,In the Offing
2023103692,クリソベリル,シャルムダムール,ゴールドアリュール,クリソプレーズ,ディープインパクト,メダリアダムール,サンデーサイレンス,ニキーヤ,エルコンドルパサー,キャサリーンパー,サンデーサイレンス,ウインドインハーヘア,Medaglia d'Oro,Izara,Halo,Wishing Well,Nureyev,Reluctant Guest,Kingmambo,サドラーズギャル,Riverman,Regal Exception,Halo,Wishing Well,Alzao,Burghclere,El Prado,Cappucino Bay,ブラッシングジョン,Zalataia,Hail to Reason,Cosmah,Understanding,Mountain Flower,Northern Dancer,Special,Hostage,Vaguely Royal,Mr. Prospector,Miesque,Sadler's Wells,Glenveagh,Never Bend,River Lady,Ribot,Rajput Princess,Hail to Reason,Cosmah,Understanding,Mountain Flower,Lyphard,Lady Rebecca,Busted,Highclere,Sadler's Wells,Lady Capulet,Bailjumper,Dubbed In,Blushing Groom,La Griffe,ディクタス,Tapioquerie
2023106259,セイウンコウセイ,ニシノビアンカ,アドマイヤムーン,オブザーヴァント,クロフネ,リンガフランカ,エンドスウィープ,マイケイティーズ,Capote,パテントリークリア,フレンチデピュティ,ブルーアヴェニュー,サンデーサイレンス,フランクアーギュメント,フォーティナイナー,Broom Dance,サンデーサイレンス,ケイティーズファースト,Seattle Slew,Too Bald,Miswaki,Badge of Courage,Deputy Minister,Mitterand,Classic Go Go,Eliza Blue,Halo,Wishing Well,Argument,Franca,Mr. Prospector,File,Dance Spell,Witching Hour,Halo,Wishing Well,Kris,Katies,Bold Reasoning,My Charmer,Bald Eagle,Hidden Talent,Mr. Prospector,Hopespringseternal,Well Decorated,Tamerett,Vice Regent,Mint Copy,Hold Your Peace,Laredo Lass,Pago Pago,Classic Perfection,Icecapade,コレラ,Hail to Reason,Cosmah,Understanding,Mountain Flower,Kautokeino,Arantelle,ヴァイスリーガル,Tudor Gwen
2023101563,フィレンツェファイア,レッドブリエ,Poseidon's Warrior,My Every Wish,ディープインパクト,アルレシャ,Speightstown,Poised to Pounce,Langfuhr,Mille Lacs,サンデーサイレンス,ウインドインハーヘア,Marju,レーヴディマン,Gone West,Silken Cat,Smarten,Lady Lyndy,Danzig,Sweet Briar Too,Unbridled,With Every Wish,Halo,Wishing Well,Alzao,Burghclere,ラストタイクーン,Flame of Tara,Highest Honor,Numidie,Mr. Prospector,Secrettame,Storm Cat,Silken Doll,Cyane,Smartaire,Bold Favorite,Counterflight,Northern Dancer,Pas de Nom,Briartic,Prima Babu Gum,Fappiano,Gana Facil,Lear Fan,Amo,Hail to Reason,Cosmah,Understanding,Mountain Flower,Lyphard,Lady Rebecca,Busted,Highclere,トライマイベスト,Mill Princess,アーテイアス,Welsh Flame,Kenmare,High River,バイアモン,Yamuna
2023103024,ルヴァンスレーヴ,スターインパルス,シンボリクリスエス,マエストラーレ,サウスヴィグラス,コパノジャーノー,Kris S.,Tee Kay,ネオユニヴァース,オータムブリーズ,エンドスウィープ,ダーケストスター,エリシオ,ステファーナ,Roberto,Sharp Queen,Gold Meridian,Tri Argo,サンデーサイレンス,ポインテッドパス,ティンバーカントリー,セプテンバーソング,フォーティナイナー,Broom Dance,Star de Naskra,Minnie Riperton,Fairy King,Helice,リアルシャダイ,ダイナコマネチ,Hail to Reason,Bramalea,Princequillo,Bridgework,Seattle Slew,Queen Louie,Tri Jet,Hail Proudly,Halo,Wishing Well,Kris,Silken Way,Woodman,Fall Aspen,リアルシャダイ,ダイナフェアリー,Mr. Prospector,File,Dance Spell,Witching Hour,Naskra,Candle Star,Cornish Prince,English Harbor,Northern Dancer,Fairy Bridge,Slewpy,Hirondelle,Roberto,Desert Vixen,ノーザンテースト,シャダイリーズン
2023103567,Palace Pier,ミノレット,Kingman,Beach Frolic,Smart Strike,Silk And Scarlet,Invincible Spirit,Zenda,Nayef,Night Frolic,Mr. Prospector,Classy 'n Smart,Sadler's Wells,Danilova,Green Desert,Rafha,Zamindar,Hope,Gulch,Height of Fashion,Night Shift,Miss d'Ouilly,Raise a Native,Gold Digger,Smarten,No Class,Northern Dancer,Fairy Bridge,Lyphard,Ballinderry,Danzig,Foreign Courier,Kris,Eljazzi,Gone West,Zaizafon,ダンシングブレーヴ,Bahamian,Mr. Prospector,Jameela,Bustino,Highclere,Northern Dancer,Ciboulette,Bikala,Miss Satin,Native Dancer,Raise You,Nashua,Sequence,Cyane,Smartaire,Nodouble,Classy Quillo,Nearctic,Natalma,Bold Reason,Special,Northern Dancer,Goofed,Irish River,Miss Manon
2023104668,ヘニーヒューズ,オーパキャマラード,ヘネシー,Meadow Flyer,ダンカーク,クロワラモー,Storm Cat,Island Kitty,Meadowlake,Shortley,Unbridled's Song,Secret Status,スペシャルウィーク,メジェール,Storm Bird,Terlingua,Hawaii,T. C. Kitten,Hold Your Peace,Suspicious Native,Hagley,Short Winded,Unbridled,Trolley Song,A.P. Indy,Private Status,サンデーサイレンス,キャンペンガール,タバスコキャット,カスパースカイゴールド,Northern Dancer,South Ocean,Secretariat,Crimson Saint,Utrillo,Ethane,Tom Cat,Needlebug,Speak John,Blue Moon,Raise a Native,Be Suspicious,Olden Times,Teo Pepi,Harvest Singing,Wild Cloud,Fappiano,Gana Facil,Caro,Lucky Spell,Seattle Slew,Weekend Surprise,Alydar,Miss Eva,Halo,Wishing Well,マルゼンスキー,レディーシラオキ,Storm Cat,Barbicue Sauce,Seeking the Gold,ビベ
2023100532,マクフィ,ヴェルデライト,Dubawi,Dhelaal,ディープインパクト,ネオンデライト,Dubai Millennium,Zomaradah,Green Desert,Irish Valley,サンデーサイレンス,ウインドインハーヘア,Gone West,Sparkling Delite,Seeking the Gold,Colorado Dancer,Deploy,Jawaher,Danzig,Foreign Courier,Irish River,Green Valley,Halo,Wishing Well,Alzao,Burghclere,Mr. Prospector,Secrettame,Vice Regent,Sparkling Topaz,Mr. Prospector,Con Game,Shareef Dancer,Fall Aspen,Shirley Heights,Slightly Dangerous,ダンシングブレーヴ,High Tern,Northern Dancer,Pas de Nom,Sir Ivor,Courtly Dee,Riverman,Irish Star,Val de Loir,Sly Pola,Hail to Reason,Cosmah,Understanding,Mountain Flower,Lyphard,Lady Rebecca,Busted,Highclere,Raise a Native,Gold Digger,Secretariat,Tamerett,Northern Dancer,Victoria Regina,Jacinto,Alotoffun
2023101871,ミッキーロケット,イリスファルコン,キングカメハメハ,マネーキャントバイミーラヴ,ダイワメジャー,ナナヨーティアラ,Kingmambo,マンファス,Pivotal,Sabreon,サンデーサイレンス,スカーレットブーケ,マイネルラヴ,ナナヨーストーム,Mr. Prospector,Miesque,ラストタイクーン,Pilot Bird,Polar Falcon,Fearless Revival,Caerleon,Sabria,Halo,Wishing Well,ノーザンテースト,スカーレットインク,Seeking the Gold,Heart of Joy,セレスティアルストーム,ナナヨーアトラス,Raise a Native,Gold Digger,Nureyev,Pasadoble,トライマイベスト,Mill Princess,Blakeney,The Dancer,Nureyev,Marie d'Argonne,Cozzene,Stufida,Nijinsky,Foreseer,Miswaki,Flood,Hail to Reason,Cosmah,Understanding,Mountain Flower,Northern Dancer,Lady Victoria,Crimson Satan,Consentida,Mr. Prospector,Con Game,リィフォー,Mythographer,Roberto,Tobira Celeste,バンブーアトラス,ナナヨーモア
2023100100,ディーマジェスティ,アイアンプラスワン,ディープインパクト,エルメスティアラ,シンボリクリスエス,チアフル,サンデーサイレンス,ウインドインハーヘア,ブライアンズタイム,シンコウエルメス,Kris S.,Tee Kay,Caerleon,Kartajana,Halo,Wishing Well,Alzao,Burghclere,Roberto,Kelley's Day,Sadler's Wells,Doff the Derby,Roberto,Sharp Queen,Gold Meridian,Tri Argo,Nijinsky,Foreseer,Shernazar,Karamita,Hail to Reason,Cosmah,Understanding,Mountain Flower,Lyphard,Lady Rebecca,Busted,Highclere,Hail to Reason,Bramalea,Graustark,Golden Trail,Northern Dancer,Fairy Bridge,Master Derby,Margarethen,Hail to Reason,Bramalea,Princequillo,Bridgework,Seattle Slew,Queen Louie,Tri Jet,Hail Proudly,Northern Dancer,Flaming Page,Round Table,Regal Gleam,Busted,Sharmeen,Shantung,Shahinaaz
2023106171,サトノダイヤモンド,ケンジントン,ディープインパクト,マルペンサ,Kitten's Joy,Rum Charger,サンデーサイレンス,ウインドインハーヘア,Orpen,Marsella,El Prado,Kitten's First,Spectrum,Park Charger,Halo,Wishing Well,Alzao,Burghclere,Lure,Bonita Francita,サザンヘイロー,Riviere,Sadler's Wells,Lady Capulet,Lear Fan,That's My Hon,Rainbow Quest,River Dancer,Tirol,Haitienne,Hail to Reason,Cosmah,Understanding,Mountain Flower,Lyphard,Lady Rebecca,Busted,Highclere,Danzig,Endear,Devil's Bag,Raise the Standard,Halo,Northern Sea,Logical,Talonada,Northern Dancer,Fairy Bridge,Sir Ivor,Cap and Bells,Roberto,Wac,L'Enjoleur,One Lane,Blushing Groom,I Will Follow,Irish River,Dancing Shadow,Thatching,Alpine Niece,Green Dancer,Hamada
2023103309,マインドユアビスケッツ,アイムオールレディセクシー,Posse,Jazzmane,Ready's Image,Klohho,Silver Deputy,Raska,Toccet,Alljazz,More Than Ready,Clever Phrase,Trempolino,Dintel,Deputy Minister,Silver Valley,Rahy,Borishka,Awesome Again,Cozzene's Angel,Stop the Music,Bounteous,サザンヘイロー,Woodman's Girl,Clever Trick,Turn a Phrase,Sharpen Up,Trephine,Bates Motel,Din Again,Vice Regent,Mint Copy,Mr. Prospector,Seven Valleys,Blushing Groom,Glorious Song,Roberto,Queen Maud,Deputy Minister,Primal Force,Cozzene,Charming Pan,Hail to Reason,Bebopper,Master Derby,Mlle. Quille,Halo,Northern Sea,Woodman,Becky Be Good,Icecapade,Kankakee Miss,Wavering Monarch,Turn n'See,エタン,Rocchetta,ヴァイスリーガル,Quiriquina,Sir Ivor,Sunday Purchase,Graustark,Patrina
2022106337,モーニン,モーニングテラス,ヘニーヒューズ,Giggly,ディープスカイ,ライステラス,ヘネシー,Meadow Flyer,Distorted Humor,Chaste,アグネスタキオン,アビ,ソングオブウインド,ファンタスティコ,Storm Cat,Island Kitty,Meadowlake,Shortley,フォーティナイナー,Danzig's Beauty,Cozzene,Purity,サンデーサイレンス,アグネスフローラ,Chief's Crown,Carmelized,エルコンドルパサー,メモリアルサマー,スピードワールド,スピードアイリス,Storm Bird,Terlingua,Hawaii,T. C. Kitten,Hold Your Peace,Suspicious Native,Hagley,Short Winded,Mr. Prospector,File,Danzig,Sweetest Chant,Caro,Ride the Trails,Fappiano,Dame Mysterieuse,Halo,Wishing Well,ロイヤルスキー,アグネスレディー,Danzig,Six Crowns,Key to the Mint,Carmelize,Kingmambo,サドラーズギャル,サンデーサイレンス,サマーワイン,Woodman,Gray Tab,ミスターシービー,ビューパーダンス
2020103119,エピファネイア,レディシビル,シンボリクリスエス,シーザリオ,Siyouni,Arsila,Kris S.,Tee Kay,スペシャルウィーク,キロフプリミエール,Pivotal,Sichilla,Tirol,Antakiya,Roberto,Sharp Queen,Gold Meridian,Tri Argo,サンデーサイレンス,キャンペンガール,Sadler's Wells,Querida,Polar Falcon,Fearless Revival,デインヒル,Slipstream Queen,Thatching,Alpine Niece,Ela-Mana-Mou,Aneyza,Hail to Reason,Bramalea,Princequillo,Bridgework,Seattle Slew,Queen Louie,Tri Jet,Hail Proudly,Halo,Wishing Well,マルゼンスキー,レディーシラオキ,Northern Dancer,Fairy Bridge,Habitat,Principia,Nureyev,Marie d'Argonne,Cozzene,Stufida,Danzig,Razyana,Conquistador Cielo,Country Queen,Thatch,Abella,Great Nephew,Fragrant Morn,ピットカーン,Rose Bertin,Blushing Groom,Anafa
2021103017,ニューイヤーズデイ,メロウメロディ,Street Cry,Justwhistledixie,キャプテンスティーヴ,シスタースルー,Machiavellian,Helen Street,Dixie Union,General Jeanne,Fly So Free,Sparkling Delite,スルーザドラゴン,ロジータ,Mr. Prospector,Coup de Folie,Troy,Waterway,Dixieland Band,She's Tops,Honour and Glory,Ahpo Hel,Time for a Change,Free to Fly,Vice Regent,Sparkling Topaz,Seattle Slew,Gueniviere,ミルジョージ,メロウマダング,Raise a Native,Gold Digger,Halo,Raise the Standard,Petingo,La Milo,Riverman,Boulevard,Northern Dancer,Mississippi Mud,Capote,She's a Talent,Relaunch,Fair to All,Mr. Leader,Tiy,Damascus,Resolver,Stevward,Dancing Lark,Northern Dancer,Victoria Regina,Jacinto,Alotoffun,Bold Reasoning,My Charmer,Prince John,Bold But Baffled,Mill Reef,Miss Charisma,マダング,スピードキヨフジ
2022102058,オルフェーヴル,スマートアリシア,ステイゴールド,オリエンタルアート,ファルブラヴ,スマートダイス,サンデーサイレンス,ゴールデンサッシュ,メジロマックイーン,エレクトロアート,Fairy King,Gift of the Night,Point Given,Autumn Moon,Halo,Wishing Well,ディクタス,ダイナサッシュ,メジロティターン,メジロオーロラ,ノーザンテースト,グランマスティーヴンス,Northern Dancer,Fairy Bridge,Slewpy,Little Nana,サンダーガルチ,Turko's Turn,Mr. Prospector,Lypatia,Hail to Reason,Cosmah,Understanding,Mountain Flower,Sanctus,Doronic,ノーザンテースト,ロイヤルサッシュ,メジロアサマ,シエリル,リマンド,メジロアイリス,Northern Dancer,Lady Victoria,Lt. Stevens,Dhow,Nearctic,Natalma,Bold Reason,Special,Seattle Slew,Rare Bouquet,Lithiot,Nenana Road,Gulch,Line of Thunder,Turkoman,Turbo Launch,Raise a Native,Gold Digger,Lyphard,Hypatia
2021101201,サトノアラジン,ショウナンカガリビ,ディープインパクト,マジックストーム,フレンチデピュティ,ショウナンアクシア,サンデーサイレンス,ウインドインハーヘア,Storm Cat,Foppy Dancer,Deputy Minister,Mitterand,ヘクタープロテクター,ショウナンプリティ,Halo,Wishing Well,Alzao,Burghclere,Storm Bird,Terlingua,Fappiano,Water Dance,Vice Regent,Mint Copy,Hold Your Peace,Laredo Lass,Woodman,Korveya,ウォロー,メジロハリマ,Hail to Reason,Cosmah,Understanding,Mountain Flower,Lyphard,Lady Rebecca,Busted,Highclere,Northern Dancer,South Ocean,Secretariat,Crimson Saint,Mr. Prospector,Killaloe,Nijinsky,Luiana,Northern Dancer,Victoria Regina,Bunty's Flight,Shakney,Speak John,Blue Moon,Bold Ruler,Fortunate Isle,Mr. Prospector,プレイメイト,Riverman,Konafa,Wolver Hollow,Wichuraiana,ネヴァービート,アサマユリ
2022105337,ブリックスアンドモルタル,サボールアトリウンフォ,Giant's Causeway,Beyond the Waves,Dance Brightly,Sally Mash,Storm Cat,Mariah's Storm,Ocean Crest,Excedent,Mr. Prospector,Dance Smartly,Mash One,Carriole,Storm Bird,Terlingua,Rahy,イメンス,Storm Bird,S.S.Aroma,Exceller,Broadway Lullaby,Raise a Native,Gold Digger,Danzig,Classy 'n Smart,Mashkour,Exing,Worldwatch,Sensitive,Northern Dancer,South Ocean,Secretariat,Crimson Saint,Blushing Groom,Glorious Song,Roberto,Imsodear,Northern Dancer,South Ocean,Seattle Slew,Rare Bouquet,Vaguely Noble,Too Bald,Stage Door Johnny,リットルブレツシング,Native Dancer,Raise You,Nashua,Sequence,Northern Dancer,Pas de Nom,Smarten,No Class,Irish River,Sancta Rose,Exceller,Twinkling Danzig,Nijinsky,Georgica,Maribeau,Sensitiv Elizabeth
2021104850,ディーマジェスティ,グリサージュ,ディープインパクト,エルメスティアラ,クロフネ,リトルブレッシング,サンデーサイレンス,ウインドインハーヘア,ブライアンズタイム,シンコウエルメス,フレンチデピュティ,ブルーアヴェニュー,バブルガムフェロー,サワヤカプリンセス,Halo,Wishing Well,Alzao,Burghclere,Roberto,Kelley's Day,Sadler's Wells,Doff the Derby,Deputy Minister,Mitterand,Classic Go Go,Eliza Blue,サンデーサイレンス,バブルカンパニー,ノーザンテースト,スコッチプリンセス,Hail to Reason,Cosmah,Understanding,Mountain Flower,Lyphard,Lady Rebecca,Busted,Highclere,Hail to Reason,Bramalea,Graustark,Golden Trail,Northern Dancer,Fairy Bridge,Master Derby,Margarethen,Vice Regent,Mint Copy,Hold Your Peace,Laredo Lass,Pago Pago,Classic Perfection,Icecapade,コレラ,Halo,Wishing Well,Lyphard,Prodice,Northern Dancer,Lady Victoria,Creme dela Creme,Meadow Saffron
2022102991,ルヴァンスレーヴ,ハートフルデイズ,シンボリクリスエス,マエストラーレ,キングカメハメハ,グローリアスデイズ,Kris S.,Tee Kay,ネオユニヴァース,オータムブリーズ,Kingmambo,マンファス,サンデーサイレンス,グレースアドマイヤ,Roberto,Sharp Queen,Gold Meridian,Tri Argo,サンデーサイレンス,ポインテッドパス,ティンバーカントリー,セプテンバーソング,Mr. Prospector,Miesque,ラストタイクーン,Pilot Bird,Halo,Wishing Well,トニービン,バレークイーン,Hail to Reason,Bramalea,Princequillo,Bridgework,Seattle Slew,Queen Louie,Tri Jet,Hail Proudly,Halo,Wishing Well,Kris,Silken Way,Woodman,Fall Aspen,リアルシャダイ,ダイナフェアリー,Raise a Native,Gold Digger,Nureyev,Pasadoble,トライマイベスト,Mill Princess,Blakeney,The Dancer,Hail to Reason,Cosmah,Understanding,Mountain Flower,カンパラ,Severn Bridge,Sadler's Wells,Sun Princess
2022106359,ホッコータルマエ,ランミネルバ,キングカメハメハ,マダムチェロキー,アグネスタキオン,アクイレジア,Kingmambo,マンファス,Cherokee Run,アンフォイルド,サンデーサイレンス,アグネスフローラ,フォーティナイナー,ロジータ,Mr. Prospector,Miesque,ラストタイクーン,Pilot Bird,Runaway Groom,Cherokee Dame,Unbridled,Bold Foil,Halo,Wishing Well,ロイヤルスキー,アグネスレディー,Mr. Prospector,File,ミルジョージ,メロウマダング,Raise a Native,Gold Digger,Nureyev,Pasadoble,トライマイベスト,Mill Princess,Blakeney,The Dancer,Blushing Groom,Yonnie Girl,Silver Saber,Dame Francesca,Fappiano,Gana Facil,Bold Forbes,Perfect Foil,Hail to Reason,Cosmah,Understanding,Mountain Flower,Raja Baba,Coz o'Nijinsky,リマンド,イコマエイカン,Raise a Native,Gold Digger,Tom Rolfe,Continue,Mill Reef,Miss Charisma,マダング,スピードキヨフジ
2022101814,モーニン,ナムラアピア,ヘニーヒューズ,Giggly,クロフネ,ストロングソレイユ,ヘネシー,Meadow Flyer,Distorted Humor,Chaste,フレンチデピュティ,ブルーアヴェニュー,ニホンピロウイナー,リミウッド,Storm Cat,Island Kitty,Meadowlake,Shortley,フォーティナイナー,Danzig's Beauty,Cozzene,Purity,Deputy Minister,Mitterand,Classic Go Go,Eliza Blue,スティールハート,ニホンピロエバート,Woodman,Dictina,Storm Bird,Terlingua,Hawaii,T. C. Kitten,Hold Your Peace,Suspicious Native,Hagley,Short Winded,Mr. Prospector,File,Danzig,Sweetest Chant,Caro,Ride the Trails,Fappiano,Dame Mysterieuse,Vice Regent,Mint Copy,Hold Your Peace,Laredo Lass,Pago Pago,Classic Perfection,Icecapade,コレラ,Habitat,A.,チャイナロック,ライトフレーム,Mr. Prospector,プレイメイト,ディクタス,Cesarina
2022102263,ゴールドアクター,パテオドバテール,スクリーンヒーロー,ヘイロンシン,Shirocco,Kuesta Ragazza,グラスワンダー,ランニングヒロイン,キョウワアリシバ,ハッピーヒエン,Monsun,So Sedulous,Hibernian Rhapsody,Talia Fighter,Silver Hawk,Ameriflora,サンデーサイレンス,ダイナアクトレス,Alysheba,Sulemeif,マナード,ブゼンフブキ,Konigsstuhl,Mosella,The Minstrel,Sedulous,Darshaan,Elegance in Design,Irish Fighter,Saguenay,Roberto,Gris Vitesse,Danzig,Graceful Touch,Halo,Wishing Well,ノーザンテースト,モデルスポート,Alydar,Bel Sheba,Northern Dancer,Barely Even,Captain's Gig,Slipstream,セダン,トサクイン,Dschingis Khan,Konigskronung,Surumu,Monasia,Northern Dancer,Fleur,タップオンウッド,Pendulina,Shirley Heights,Delsy,Habitat,Areola,Irish River,Go On Dreaming,Sham,Flyover
2022102227,キタサンブラック,リントス,ブラックタイド,シュガーハート,ウォーエンブレム,コニャックレディ,サンデーサイレンス,ウインドインハーヘア,サクラバクシンオー,オトメゴコロ,Our Emblem,Sweetest Lady,Olympio,Carmanetta,Halo,Wishing Well,Alzao,Burghclere,サクラユタカオー,サクラハゴロモ,ジャッジアンジェルーチ,テイズリー,Mr. Prospector,Personal Ensign,Lord at War,Sweetest Roman,Naskra,Carols Christmas,Roberto,True Native,Hail to Reason,Cosmah,Understanding,Mountain Flower,Lyphard,Lady Rebecca,Busted,Highclere,テスコボーイ,アンジェリカ,ノーザンテースト,クリアアンバー,Honest Pleasure,Victorian Queen,Lyphard,Tizna,Raise a Native,Gold Digger,Private Account,Grecian Banner,General,Luna de Miel,The Pruner,I Also,Nasram,Iskra,Whitesburg,Light Verse,Hail to Reason,Bramalea,Raise a Native,Fleeting Doll
2020102772,レッドファルクス,ウララカ,スウェプトオーヴァーボード,ベルモット,ワイルドラッシュ,マルカサワヤカ,エンドスウィープ,Sheer Ice,サンデーサイレンス,レガシーオブストレングス,Wild Again,Rose Park,サンデーサイレンス,サワヤカプリンセス,フォーティナイナー,Broom Dance,Cutlass,Hey Dolly A.,Halo,Wishing Well,Affirmed,Katonka,Icecapade,Bushel-n-Peck,Plugged Nickle,Hardship,Halo,Wishing Well,ノーザンテースト,スコッチプリンセス,Mr. Prospector,File,Dance Spell,Witching Hour,Damascus,Aphonia,Ambehaving,Swift Deal,Hail to Reason,Cosmah,Understanding,Mountain Flower,Exclusive Native,Won't Tell You,Minnesota Mac,Minnetonka,Nearctic,Shenanigans,Khaled,Dama,Key to the Mint,Toll Booth,Drone,Hard and Fast,Hail to Reason,Cosmah,Understanding,Mountain Flower,Northern Dancer,Lady Victoria,Creme dela Creme,Meadow Saffron
2022105197,ルヴァンスレーヴ,ワシントンレガシー,シンボリクリスエス,マエストラーレ,クロフネ,フロールデセレッソ,Kris S.,Tee Kay,ネオユニヴァース,オータムブリーズ,フレンチデピュティ,ブルーアヴェニュー,スウェプトオーヴァーボード,フローリッドコート,Roberto,Sharp Queen,Gold Meridian,Tri Argo,サンデーサイレンス,ポインテッドパス,ティンバーカントリー,セプテンバーソング,Deputy Minister,Mitterand,Classic Go Go,Eliza Blue,エンドスウィープ,Sheer Ice,サンデーサイレンス,スプリングコート,Hail to Reason,Bramalea,Princequillo,Bridgework,Seattle Slew,Queen Louie,Tri Jet,Hail Proudly,Halo,Wishing Well,Kris,Silken Way,Woodman,Fall Aspen,リアルシャダイ,ダイナフェアリー,Vice Regent,Mint Copy,Hold Your Peace,Laredo Lass,Pago Pago,Classic Perfection,Icecapade,コレラ,フォーティナイナー,Broom Dance,Cutlass,Hey Dolly A.,Halo,Wishing Well,トニービン,サクラハゴロモ
2022104062,サトノダイヤモンド,トールディクイント,ディープインパクト,マルペンサ,Sea The Stars Sea the Stars,Aquila D'oriente,サンデーサイレンス,ウインドインハーヘア,Orpen,Marsella,Cape Cross,Urban Sea,Dubawi,Fanofadiga,Halo,Wishing Well,Alzao,Burghclere,Lure,Bonita Francita,サザンヘイロー,Riviere,Green Desert,Park Appeal,Miswaki,Allegretta,Dubai Millennium,Zomaradah,Alzao,Gift of the Night,Hail to Reason,Cosmah,Understanding,Mountain Flower,Lyphard,Lady Rebecca,Busted,Highclere,Danzig,Endear,Devil's Bag,Raise the Standard,Halo,Northern Sea,Logical,Talonada,Danzig,Foreign Courier,Ahonoora,Balidaress,Mr. Prospector,Hopespringseternal,Lombard,Anatevka,Seeking the Gold,Colorado Dancer,Deploy,Jawaher,Lyphard,Lady Rebecca,Slewpy,Little Nana
2021106707,フリオーソ,ルヴェソンヴェール,ブライアンズタイム,ファーザ,クロフネ,フェートデュヴァン,Roberto,Kelley's Day,Mr. Prospector,Baya,フレンチデピュティ,ブルーアヴェニュー,メジロマックイーン,マーサズヴィンヤード,Hail to Reason,Bramalea,Graustark,Golden Trail,Raise a Native,Gold Digger,Nureyev,Barger,Deputy Minister,Mitterand,Classic Go Go,Eliza Blue,メジロティターン,メジロオーロラ,Nijinsky,Crooning Water,Turn-to,Nothirdchance,Nashua,Rarelea,Ribot,Flower Bowl,Hasty Road,Sunny Vale,Native Dancer,Raise You,Nashua,Sequence,Northern Dancer,Special,Riverman,Trillion,Vice Regent,Mint Copy,Hold Your Peace,Laredo Lass,Pago Pago,Classic Perfection,Icecapade,コレラ,メジロアサマ,シエリル,リマンド,メジロアイリス,Northern Dancer,Flaming Page,Riva Ridge,Gliding By
2023102181,モズアスコット,ネフェルティティ,Frankel,India,ゴールドアリュール,ラヴェリータ,Galileo,Kind,ヘネシー,Misty Hour,サンデーサイレンス,ニキーヤ,Unbridled's Song,Go Classic,Sadler's Wells,Urban Sea,デインヒル,Rainbow Lake,Storm Cat,Island Kitty,Miswaki,Our Tina Marie,Halo,Wishing Well,Nureyev,Reluctant Guest,Unbridled,Trolley Song,Gone West,Seattle Classic,Northern Dancer,Fairy Bridge,Miswaki,Allegretta,Danzig,Razyana,Rainbow Quest,Rockfest,Storm Bird,Terlingua,Hawaii,T. C. Kitten,Mr. Prospector,Hopespringseternal,Nijinsky,Java Moon,Hail to Reason,Cosmah,Understanding,Mountain Flower,Northern Dancer,Special,Hostage,Vaguely Royal,Fappiano,Gana Facil,Caro,Lucky Spell,Mr. Prospector,Secrettame,Seattle Slew,Classy 'n Smart
2023102958,モズアスコット,ラブアンドピース,Frankel,India,キングカメハメハ,ピースオブワールド,Galileo,Kind,ヘネシー,Misty Hour,Kingmambo,マンファス,サンデーサイレンス,ビバムール,Sadler's Wells,Urban Sea,デインヒル,Rainbow Lake,Storm Cat,Island Kitty,Miswaki,Our Tina Marie,Mr. Prospector,Miesque,ラストタイクーン,Pilot Bird,Halo,Wishing Well,Caerleon,Muffitys,Northern Dancer,Fairy Bridge,Miswaki,Allegretta,Danzig,Razyana,Rainbow Quest,Rockfest,Storm Bird,Terlingua,Hawaii,T. C. Kitten,Mr. Prospector,Hopespringseternal,Nijinsky,Java Moon,Raise a Native,Gold Digger,Nureyev,Pasadoble,トライマイベスト,Mill Princess,Blakeney,The Dancer,Hail to Reason,Cosmah,Understanding,Mountain Flower,Nijinsky,Foreseer,Thatch,Contrail
2023101813,クリソベリル,ミトス,ゴールドアリュール,クリソプレーズ,エンパイアメーカー,リベラノ,サンデーサイレンス,ニキーヤ,エルコンドルパサー,キャサリーンパー,Unbridled,Toussaud,Rubiano,Skillful Joy,Halo,Wishing Well,Nureyev,Reluctant Guest,Kingmambo,サドラーズギャル,Riverman,Regal Exception,Fappiano,Gana Facil,El Gran Senor,Image of Reality,Fappiano,Ruby Slippers,Nodouble,Skillful Miss,Hail to Reason,Cosmah,Understanding,Mountain Flower,Northern Dancer,Special,Hostage,Vaguely Royal,Mr. Prospector,Miesque,Sadler's Wells,Glenveagh,Never Bend,River Lady,Ribot,Rajput Princess,Mr. Prospector,Killaloe,Le Fabuleux,Charedi,Northern Dancer,Sex Appeal,In Reality,Edee's Image,Mr. Prospector,Killaloe,Nijinsky,Moon Glitter,Noholme,Abla-Jay,Daryl's Joy,Poliniss
2023104042,サンダースノー,アカリ,Helmet,Eastern Joy,ネオユニヴァース,ヤナビ,Exceed And Excel,Accessories,Dubai Destination,Red Slippers,サンデーサイレンス,ポインテッドパス,Silver Hawk,Halholah,デインヒル,Patrona,シングスピール,Anna Matrushka,Kingmambo,Mysterial,Nureyev,Morning Devotion,Halo,Wishing Well,Kris,Silken Way,Roberto,Gris Vitesse,セクレト,Sugar and Spice,Danzig,Razyana,Lomond,Gladiolus,In the Wings,Glorious Song,Mill Reef,Anna Paola,Mr. Prospector,Miesque,Alleged,Mysteries,Northern Dancer,Special,Affirmed,Morning Has Broken,Hail to Reason,Cosmah,Understanding,Mountain Flower,Sharpen Up,Doubly Sure,Shantung,Boulevard,Hail to Reason,Bramalea,Amerigo,Matchiche,Northern Dancer,Betty's Secret,Key to the Mint,Sweet Tooth
2023106959,サートゥルナーリア,ガールオンファイア,ロードカナロア,シーザリオ,アグネスタキオン,レディブロンド,キングカメハメハ,レディブラッサム,スペシャルウィーク,キロフプリミエール,サンデーサイレンス,アグネスフローラ,Seeking the Gold,ウインドインハーヘア,Kingmambo,マンファス,Storm Cat,サラトガデュー,サンデーサイレンス,キャンペンガール,Sadler's Wells,Querida,Halo,Wishing Well,ロイヤルスキー,アグネスレディー,Mr. Prospector,Con Game,Alzao,Burghclere,Mr. Prospector,Miesque,ラストタイクーン,Pilot Bird,Storm Bird,Terlingua,Cormorant,Super Luna,Halo,Wishing Well,マルゼンスキー,レディーシラオキ,Northern Dancer,Fairy Bridge,Habitat,Principia,Hail to Reason,Cosmah,Understanding,Mountain Flower,Raja Baba,Coz o'Nijinsky,リマンド,イコマエイカン,Raise a Native,Gold Digger,Buckpasser,Broadway,Lyphard,Lady Rebecca,Busted,Highclere
2023107086,リアルスティール,セルキス,ディープインパクト,ラヴズオンリーミー,Monsun,Schwarzach,サンデーサイレンス,ウインドインハーヘア,Storm Cat,Monevassia,Konigsstuhl,Mosella,Grand Lodge,Schwarzmeer,Halo,Wishing Well,Alzao,Burghclere,Storm Bird,Terlingua,Mr. Prospector,Miesque,Dschingis Khan,Konigskronung,Surumu,Monasia,Chief's Crown,La Papagena,Kings Lake,Sankt Johanna,Hail to Reason,Cosmah,Understanding,Mountain Flower,Lyphard,Lady Rebecca,Busted,Highclere,Northern Dancer,South Ocean,Secretariat,Crimson Saint,Raise a Native,Gold Digger,Nureyev,Pasadoble,Tamerlane,Donna Diana,Tiepoletto,Kronung,Literat,Surama,Authi,Monacensia,Danzig,Six Crowns,Habitat,Magic Flute,Nijinsky,Fish-Bar,High Game,Semiramis
2023105319,クリソベリル,ビキニブロンド,ゴールドアリュール,クリソプレーズ,キングカメハメハ,モンローブロンド,サンデーサイレンス,ニキーヤ,エルコンドルパサー,キャサリーンパー,Kingmambo,マンファス,アドマイヤベガ,ソニンク,Halo,Wishing Well,Nureyev,Reluctant Guest,Kingmambo,サドラーズギャル,Riverman,Regal Exception,Mr. Prospector,Miesque,ラストタイクーン,Pilot Bird,サンデーサイレンス,ベガ,Machiavellian,Sonic Lady,Hail to Reason,Cosmah,Understanding,Mountain Flower,Northern Dancer,Special,Hostage,Vaguely Royal,Mr. Prospector,Miesque,Sadler's Wells,Glenveagh,Never Bend,River Lady,Ribot,Rajput Princess,Raise a Native,Gold Digger,Nureyev,Pasadoble,トライマイベスト,Mill Princess,Blakeney,The Dancer,Halo,Wishing Well,トニービン,アンティックヴァリュー,Mr. Prospector,Coup de Folie,Nureyev,Stumped
2023105682,ナダル,バニーテール,Blame,Ascending Angel,カネヒキリ,ウィンターコスモス,Arch,Liable,Pulpit,Solar Colony,フジキセキ,ライフアウトゼア,キングカメハメハ,ミスパスカリ,Kris S.,Aurora,Seeking the Gold,Bound,A.P. Indy,Preach,Pleasant Colony,Meteor Stage,サンデーサイレンス,ミルレーサー,Deputy Minister,Silver Valley,Kingmambo,マンファス,Mr. Greeley,ブルーアヴェニュー,Roberto,Sharp Queen,Danzig,Althea,Mr. Prospector,Con Game,Nijinsky,Special,Seattle Slew,Weekend Surprise,Mr. Prospector,Narrate,His Majesty,Sun Colony,Stage Door Johnny,Northern Meteor,Halo,Wishing Well,Le Fabuleux,Marston's Mill,Vice Regent,Mint Copy,Mr. Prospector,Seven Valleys,Mr. Prospector,Miesque,ラストタイクーン,Pilot Bird,Gone West,Long Legend,Classic Go Go,Eliza Blue
2023109056,タリスマニック,ゴールドマリキヤ,Medaglia d'Oro,Magic Mission,ゴールドアリュール,マイチャン,El Prado,Cappucino Bay,Machiavellian,Dream Ticket,サンデーサイレンス,ニキーヤ,フォーティナイナー,ウメノローザ,Sadler's Wells,Lady Capulet,Bailjumper,Dubbed In,Mr. Prospector,Coup de Folie,Danzig,Capo Di Monte,Halo,Wishing Well,Nureyev,Reluctant Guest,Mr. Prospector,File,ノーザンディクテイター,ウメノシルバー,Northern Dancer,Fairy Bridge,Sir Ivor,Cap and Bells,Damascus,Court Circuit,Silent Screen,Society Singer,Raise a Native,Gold Digger,Halo,Raise the Standard,Northern Dancer,Pas de Nom,Final Straw,Burghclere,Hail to Reason,Cosmah,Understanding,Mountain Flower,Northern Dancer,Special,Hostage,Vaguely Royal,Raise a Native,Gold Digger,Tom Rolfe,Continue,Northern Dancer,Dictates,シルバーシャーク,ストロングベビー
2023102893,リオンディーズ,カウントオンイット,キングカメハメハ,シーザリオ,クロフネ,グローバルピース,Kingmambo,マンファス,スペシャルウィーク,キロフプリミエール,フレンチデピュティ,ブルーアヴェニュー,サンデーサイレンス,エミネントガール,Mr. Prospector,Miesque,ラストタイクーン,Pilot Bird,サンデーサイレンス,キャンペンガール,Sadler's Wells,Querida,Deputy Minister,Mitterand,Classic Go Go,Eliza Blue,Halo,Wishing Well,Nashwan,タレンティドガール,Raise a Native,Gold Digger,Nureyev,Pasadoble,トライマイベスト,Mill Princess,Blakeney,The Dancer,Halo,Wishing Well,マルゼンスキー,レディーシラオキ,Northern Dancer,Fairy Bridge,Habitat,Principia,Vice Regent,Mint Copy,Hold Your Peace,Laredo Lass,Pago Pago,Classic Perfection,Icecapade,コレラ,Hail to Reason,Cosmah,Understanding,Mountain Flower,Blushing Groom,Height of Fashion,リマンド,チヨダマサコ
2023103133,ダノンプレミアム,ケイココサージュ,ディープインパクト,インディアナギャル,ヘニーヒューズ,シークレットコサージュ,サンデーサイレンス,ウインドインハーヘア,Intikhab,Genial Jenny,ヘネシー,Meadow Flyer,Lost Soldier,Slew's Corsage,Halo,Wishing Well,Alzao,Burghclere,Red Ransom,Crafty Example,デインヒル,Joma Kaanem,Storm Cat,Island Kitty,Meadowlake,Shortley,Danzig,Lady Winborne,Secret Slew,Carnation,Hail to Reason,Cosmah,Understanding,Mountain Flower,Lyphard,Lady Rebecca,Busted,Highclere,Roberto,アラビア,Crafty Prospector,Zienelle,Danzig,Razyana,Double Form,Ash Lawn,Storm Bird,Terlingua,Hawaii,T. C. Kitten,Hold Your Peace,Suspicious Native,Hagley,Short Winded,Northern Dancer,Pas de Nom,Secretariat,Priceless Gem,Seattle Slew,Ack's Secret,カーホワイト,Emilia
2023103997,ミスチヴィアスアレックス,ブラックシュガー,Into Mischief,White Pants Night,ブラックタイド,キシュウソウシュウ,Harlan's Holiday,Leslie's Lady,Speightstown,More d'Amour,サンデーサイレンス,ウインドインハーヘア,Machiavellian,スーティー,Harlan,Christmas in Aiken,Tricky Creek,Crystal Lady,Gone West,Silken Cat,Tour d'Or,Love Connection,Halo,Wishing Well,Alzao,Burghclere,Mr. Prospector,Coup de Folie,Caerleon,アグサン,Storm Cat,Country Romance,Affirmed,Dowager,Clever Trick,Battle Creek Girl,Stop the Music,One Last Bird,Mr. Prospector,Secrettame,Storm Cat,Silken Doll,Medaille d'Or,Debby's Turn,Master Derby,Perfect Connection,Hail to Reason,Cosmah,Understanding,Mountain Flower,Lyphard,Lady Rebecca,Busted,Highclere,Raise a Native,Gold Digger,Halo,Raise the Standard,Nijinsky,Foreseer,Lord Gayle,Santa Luciana
2023101160,ディスクリートキャット,プリンセスケイト,Forestry,Pretty Discreet,Hard Spun,レディミドルトン,Storm Cat,Shared Interest,Private Account,Pretty Persuasive,Danzig,Turkish Tryst,Kingmambo,Danuta,Storm Bird,Terlingua,Pleasant Colony,Surgery,Damascus,Numbered Account,Believe It,Bury the Hatchet,Northern Dancer,Pas de Nom,Turkoman,Darbyvail,Mr. Prospector,Miesque,サンデーサイレンス,ポリッシュスタイル,Northern Dancer,South Ocean,Secretariat,Crimson Saint,His Majesty,Sun Colony,Dr. Fager,Bold Sequence,Sword Dancer,Kerala,Buckpasser,Intriguing,In Reality,Breakfast Bell,Tom Rolfe,Christmas Whishes,Nearctic,Natalma,Admiral's Voyage,Petitioner,Alydar,Taba,Roberto,Luiana,Raise a Native,Gold Digger,Nureyev,Pasadoble,Halo,Wishing Well,Danzig,Family Style
2023101855,ゴールドシップ,モハー,ステイゴールド,ポイントフラッグ,バトルプラン,サイタ,サンデーサイレンス,ゴールデンサッシュ,メジロマックイーン,パストラリズム,エンパイアメーカー,Flanders,ネオユニヴァース,プレイザフィールド,Halo,Wishing Well,ディクタス,ダイナサッシュ,メジロティターン,メジロオーロラ,プルラリズム,トクノエイティー,Unbridled,Toussaud,Seeking the Gold,Starlet Storm,サンデーサイレンス,ポインテッドパス,スキャン,エンジェルマインド,Hail to Reason,Cosmah,Understanding,Mountain Flower,Sanctus,Doronic,ノーザンテースト,ロイヤルサッシュ,メジロアサマ,シエリル,リマンド,メジロアイリス,The Minstrel,Cambretta,トライバルチーフ,アイアンルビー,Fappiano,Gana Facil,El Gran Senor,Image of Reality,Mr. Prospector,Con Game,Storm Bird,Cinegita,Halo,Wishing Well,Kris,Silken Way,Mr. Prospector,Video,Rahy,ウェルデン
2023101688,ミッキーグローリー,アテナブルー,ディープインパクト,メリッサ,ジャングルポケット,セイントセーラ,サンデーサイレンス,ウインドインハーヘア,ホワイトマズル,ストーミーラン,トニービン,ダンスチャーマー,Caerleon,マラブー,Halo,Wishing Well,Alzao,Burghclere,ダンシングブレーヴ,Fair of the Furze,トニービン,ウインドオブサマー,カンパラ,Severn Bridge,Nureyev,Skillful Joy,Nijinsky,Foreseer,Roberto,Last Feather,Hail to Reason,Cosmah,Understanding,Mountain Flower,Lyphard,Lady Rebecca,Busted,Highclere,Lyphard,Navajo Princess,Ela-Mana-Mou,Autocratic,カンパラ,Severn Bridge,ノーザリー,アイレバース,Kalamoun,State Pension,Hornbeam,Priddy Fair,Northern Dancer,Special,Nodouble,Skillful Miss,Northern Dancer,Flaming Page,Round Table,Regal Gleam,Hail to Reason,Bramalea,Vaguely Noble,Quill
2023102646,サンダースノー,ウォーターメアヌイ,Helmet,Eastern Joy,ダイワメジャー,ウェルカムフラワー,Exceed And Excel,Accessories,Dubai Destination,Red Slippers,サンデーサイレンス,スカーレットブーケ,エルコンドルパサー,ブラッシュウィズテキーラ,デインヒル,Patrona,Singspiel,Anna Matrushka,Kingmambo,Mysterial,Nureyev,Morning Devotion,Halo,Wishing Well,ノーザンテースト,スカーレットインク,Kingmambo,サドラーズギャル,Broad Brush,Sheila Tequila,Danzig,Razyana,Lomond,Gladiolus,In the Wings,Glorious Song,Mill Reef,Anna Paola,Mr. Prospector,Miesque,Alleged,Mysteries,Northern Dancer,Special,Affirmed,Morning Has Broken,Hail to Reason,Cosmah,Understanding,Mountain Flower,Northern Dancer,Lady Victoria,Crimson Satan,Consentida,Mr. Prospector,Miesque,Sadler's Wells,Glenveagh,Ack Ack,Hay Patcher,Indefatigable,Sheila's Girl
2023101085,シスキン,トーホウハニー,First Defence,Bird Flown,ステイゴールド,トーホウメドゥーサ,Unbridled's Song,Honest Lady,Oasis Dream,Silver Star,サンデーサイレンス,ゴールデンサッシュ,Meadowlake,Cool Number,Unbridled,Trolley Song,Seattle Slew,Toussaud,Green Desert,Hope,Zafonic,Monroe,Halo,Wishing Well,ディクタス,ダイナサッシュ,Hold Your Peace,Suspicious Native,It's Freezing,Lady Joanne,Fappiano,Gana Facil,Caro,Lucky Spell,Bold Reasoning,My Charmer,El Gran Senor,Image of Reality,Danzig,Foreign Courier,ダンシングブレーヴ,Bahamian,Gone West,Zaizafon,Sir Ivor,Best in Show,Hail to Reason,Cosmah,Understanding,Mountain Flower,Sanctus,Doronic,ノーザンテースト,ロイヤルサッシュ,Speak John,Blue Moon,Raise a Native,Be Suspicious,T.V. Commercial,Articana,No Robbery,Ellen Victoria
2023101661,カレンブラックヒル,ストライクショット,ダイワメジャー,チャールストンハーバー,ファルブラヴ,タイトルパート,サンデーサイレンス,スカーレットブーケ,Grindstone,Penny's Valentine,Fairy King,Gift of the Night,アグネスタキオン,タイトルド,Halo,Wishing Well,ノーザンテースト,スカーレットインク,Unbridled,Buzz My Bell,Storm Cat,Mrs. Penny,Northern Dancer,Fairy Bridge,Slewpy,Little Nana,サンデーサイレンス,アグネスフローラ,Rainbow Quest,Her Ladyship,Hail to Reason,Cosmah,Understanding,Mountain Flower,Northern Dancer,Lady Victoria,Crimson Satan,Consentida,Fappiano,Gana Facil,Drone,Chateaupavia,Storm Bird,Terlingua,Great Nephew,Tananarive,Nearctic,Natalma,Bold Reason,Special,Seattle Slew,Rare Bouquet,Lithiot,Nenana Road,Halo,Wishing Well,ロイヤルスキー,アグネスレディー,Blushing Groom,I Will Follow,Polish Precedent,Upper Strata
2023103443,ナダル,ジルダ,Blame,Ascending Angel,ゼンノロブロイ,エアデジャヴー,Arch,Liable,Pulpit,Solar Colony,サンデーサイレンス,ローミンレイチェル,ノーザンテースト,アイドリームドアドリーム,Kris S.,Aurora,Seeking the Gold,Bound,A.P. Indy,Preach,Pleasant Colony,Meteor Stage,Halo,Wishing Well,マイニング,One Smart Lady,Northern Dancer,Lady Victoria,Well Decorated,Hidden Trail,Roberto,Sharp Queen,Danzig,Althea,Mr. Prospector,Con Game,Nijinsky,Special,Seattle Slew,Weekend Surprise,Mr. Prospector,Narrate,His Majesty,Sun Colony,Stage Door Johnny,Northern Meteor,Hail to Reason,Cosmah,Understanding,Mountain Flower,Mr. Prospector,I Pass,Clever Trick,Pia's Lady,Nearctic,Natalma,Victoria Park,Lady Angela,Raja Baba,Paris Breeze,Gleaming,Tobacco Trail
2023106737,シュヴァルグラン,エブリナイスガール,ハーツクライ,ハルーワスウィート,Mizzen Mast,Joop,サンデーサイレンス,アイリッシュダンス,Machiavellian,ハルーワソング,Cozzene,Kinema,Zilzal,Velvet Touch,Halo,Wishing Well,トニービン,ビューパーダンス,Mr. Prospector,Coup de Folie,Nureyev,Morn of Song,Caro,Ride the Trails,Graustark,Mrs. Peterkin,Nureyev,French Charmer,Restless Native,Quadray,Hail to Reason,Cosmah,Understanding,Mountain Flower,カンパラ,Severn Bridge,Lyphard,My Bupers,Raise a Native,Gold Digger,Halo,Raise the Standard,Northern Dancer,Special,Blushing Groom,Glorious Song,フォルティノ,Chambord,Prince John,Wildwook,Ribot,Flower Bowl,Tom Fool,Legendra,Northern Dancer,Special,Le Fabuleux,Bold Example,Native Dancer,Next Move,Quadrangle,Summer Cloud
2023104527,ミッキーロケット,ミツカネラブ,キングカメハメハ,マネーキャントバイミーラヴ,ハービンジャー,プリーズドスマイル,Kingmambo,マンファス,Pivotal,Sabreon,Dansili,Penang Pearl,ディープインパクト,レディトゥプリーズ,Mr. Prospector,Miesque,ラストタイクーン,Pilot Bird,Polar Falcon,Fearless Revival,Caerleon,Sabria,デインヒル,Hasili,Bering,Guapa,サンデーサイレンス,ウインドインハーヘア,More Than Ready,Guilty Pleasure,Raise a Native,Gold Digger,Nureyev,Pasadoble,トライマイベスト,Mill Princess,Blakeney,The Dancer,Nureyev,Marie d'Argonne,Cozzene,Stufida,Nijinsky,Foreseer,Miswaki,Flood,Danzig,Razyana,Kahyasi,Kerali,Arctic Tern,Beaune,Shareef Dancer,Sauceboat,Halo,Wishing Well,Alzao,Burghclere,サザンヘイロー,Woodman's Girl,Pine Bluff,Exquisite Mistress
2023106201,ファインニードル,ナイトスプライト,アドマイヤムーン,ニードルクラフト,タートルボウル,サザンフェアリー,エンドスウィープ,マイケイティーズ,Mark of Esteem,Sharp Point,Dyhim Diamond,Clara Bow,サザンヘイロー,Fairy Dancer,フォーティナイナー,Broom Dance,サンデーサイレンス,ケイティーズファースト,Darshaan,Homage,ロイヤルアカデミー,Nice Point,Night Shift,Happy Landing,Top Ville,Kamiya,Halo,Northern Sea,Nijinsky,Fairy Bridge,Mr. Prospector,File,Dance Spell,Witching Hour,Halo,Wishing Well,Kris,Katies,Shirley Heights,Delsy,Ajdal,Home Love,Nijinsky,Crimson Saint,Sharpen Up,Alpine Niece,Northern Dancer,Ciboulette,Homing,Laughing Goddess,High Top,Sega Ville,Kalamoun,Shahinaaz,Hail to Reason,Cosmah,Northern Dancer,Sea Saga,Northern Dancer,Flaming Page,Bold Reason,Special
2023106214,ミスターメロディ,アイナ,Scat Daddy,Trusty Lady,ステイゴールド,マイネシャーナ,ヨハネスブルグ,Love Style,Deputy Minister,Klassy Kim,サンデーサイレンス,ゴールデンサッシュ,スターオブコジーン,ヤマフノーザリー,ヘネシー,Myth,Mr. Prospector,Likeable Style,Vice Regent,Mint Copy,Silent Screen,クールアライヴァル,Halo,Wishing Well,ディクタス,ダイナサッシュ,Cozzene,Star Gem,ノーザリー,テスコエンゼル,Storm Cat,Island Kitty,オジジアン,Yarn,Raise a Native,Gold Digger,Nijinsky,Personable Lady,Northern Dancer,Victoria Regina,Bunty's Flight,Shakney,Prince John,Prayer Bell,Relaunch,Irish Arrival,Hail to Reason,Cosmah,Understanding,Mountain Flower,Sanctus,Doronic,ノーザンテースト,ロイヤルサッシュ,Caro,Ride the Trails,Pia Star,Soonerland,Northern Dancer,Politely,テスコボーイ,キタノリュウ
2023106336,リアルスティール,グランドウイズダム,ディープインパクト,ラヴズオンリーミー,キングカメハメハ,グランドグリーン,サンデーサイレンス,ウインドインハーヘア,Storm Cat,Monevassia,Kingmambo,マンファス,ナリタブライアン,メタモルフォース,Halo,Wishing Well,Alzao,Burghclere,Storm Bird,Terlingua,Mr. Prospector,Miesque,Mr. Prospector,Miesque,ラストタイクーン,Pilot Bird,ブライアンズタイム,パシフィカス,Lord Avie,Normia,Hail to Reason,Cosmah,Understanding,Mountain Flower,Lyphard,Lady Rebecca,Busted,Highclere,Northern Dancer,South Ocean,Secretariat,Crimson Saint,Raise a Native,Gold Digger,Nureyev,Pasadoble,Raise a Native,Gold Digger,Nureyev,Pasadoble,トライマイベスト,Mill Princess,Blakeney,The Dancer,Roberto,Kelley's Day,Northern Dancer,Pacific Princess,Lord Gaylord,Avie,Northfields,Mia Pola
2023106610,キセキ,ツヅク,ルーラーシップ,ブリッツフィナーレ,マツリダゴッホ,ザッツザウェイ,キングカメハメハ,エアグルーヴ,ディープインパクト,ロンドンブリッジ,サンデーサイレンス,ペイパーレイン,フサイチコンコルド,ブリリアントアイ,Kingmambo,マンファス,トニービン,ダイナカール,サンデーサイレンス,ウインドインハーヘア,ドクターデヴィアス,オールフォーロンドン,Halo,Wishing Well,Bel Bolide,フローラルマジック,Caerleon,バレークイーン,トニービン,ブリリアントカット,Mr. Prospector,Miesque,ラストタイクーン,Pilot Bird,カンパラ,Severn Bridge,ノーザンテースト,シャダイフェザー,Halo,Wishing Well,Alzao,Burghclere,Ahonoora,Rose of Jericho,Danzig,Full Card,Hail to Reason,Cosmah,Understanding,Mountain Flower,Bold Bidder,Lady Graustark,Affirmed,Rare Lady,Nijinsky,Foreseer,Sadler's Wells,Sun Princess,カンパラ,Severn Bridge,ノーザンテースト,ジエヌインダイアモンド
2023100560,タワーオブロンドン,プレアヴィヒア,Raven's Pass,スノーパイン,ドゥラメンテ,スカイディーバ,Elusive Quality,Ascutney,Dalakhani,シンコウエルメス,キングカメハメハ,アドマイヤグルーヴ,Sky Mesa,Swift Girl,Gone West,Touch of Greatness,Lord at War,Right Word,Darshaan,Daltawa,Sadler's Wells,Doff the Derby,Kingmambo,マンファス,サンデーサイレンス,エアグルーヴ,Pulpit,Caress,Unbridled,Gather The Clan,Mr. Prospector,Secrettame,Hero's Honor,Ivory Wand,General,Luna de Miel,Verbatim,Oratorio,Shirley Heights,Delsy,Miswaki,Damana,Northern Dancer,Fairy Bridge,Master Derby,Margarethen,Mr. Prospector,Miesque,ラストタイクーン,Pilot Bird,Halo,Wishing Well,トニービン,ダイナカール,A.P. Indy,Preach,Storm Cat,La Affirmed,Fappiano,Gana Facil,General Assembly,What a Summer
2023105018,モズアスコット,ナナイロボタン,Frankel,India,ネオユニヴァース,アイヴォリーカラー,Galileo,Kind,ヘネシー,Misty Hour,サンデーサイレンス,ポインテッドパス,クロフネ,アピーリングストーリー,Sadler's Wells,Urban Sea,デインヒル,Rainbow Lake,Storm Cat,Island Kitty,Miswaki,Our Tina Marie,Halo,Wishing Well,Kris,Silken Way,フレンチデピュティ,ブルーアヴェニュー,Valid Appeal,Charming Story,Northern Dancer,Fairy Bridge,Miswaki,Allegretta,Danzig,Razyana,Rainbow Quest,Rockfest,Storm Bird,Terlingua,Hawaii,T. C. Kitten,Mr. Prospector,Hopespringseternal,Nijinsky,Java Moon,Hail to Reason,Cosmah,Understanding,Mountain Flower,Sharpen Up,Doubly Sure,Shantung,Boulevard,Deputy Minister,Mitterand,Classic Go Go,Eliza Blue,In Reality,Desert Trial,Hail to Reason,Dame Fritchie
2023104946,カリフォルニアクローム,シャンテクレール,Lucky Pulpit,Love the Chase,Dubawi,Signorina Cattiva,Pulpit,Lucky Soph,Not for Love,Chase It Down,Dubai Millennium,Zomaradah,El Gran Senor,Assez Cuite,A.P. Indy,Preach,Cozzene,Lucky Spell,Mr. Prospector,Dance Number,Polish Numbers,Chase the Dream,Seeking the Gold,Colorado Dancer,Deploy,Jawaher,Northern Dancer,Sex Appeal,Graustark,Clinkers,Seattle Slew,Weekend Surprise,Mr. Prospector,Narrate,Caro,Ride the Trails,Lucky Mel,Incantation,Raise a Native,Gold Digger,Northern Dancer,Numbered Account,Danzig,Numbered Account,Sir Ivor,La Belle Fleur,Mr. Prospector,Con Game,Shareef Dancer,Fall Aspen,Shirley Heights,Slightly Dangerous,ダンシングブレーヴ,High Tern,Nearctic,Natalma,Buckpasser,Best in Show,Ribot,Flower Bowl,Relic,La Fresnes
2023105781,ダノンスマッシュ,タッチアス,ロードカナロア,スピニングワイルドキャット,Mineshaft,Satin Sunrise,キングカメハメハ,レディブラッサム,Hard Spun,Hollywood Wildcat,A.P. Indy,Prospector's Delite,Mr. Leader,Logic,Kingmambo,マンファス,Storm Cat,サラトガデュー,Danzig,Turkish Tryst,Kris S.,Miss Wildcatter,Seattle Slew,Weekend Surprise,Mr. Prospector,Up the Flagpole,Hail to Reason,Jolie Deja,Naskra,Bactu Reason,Mr. Prospector,Miesque,ラストタイクーン,Pilot Bird,Storm Bird,Terlingua,Cormorant,Super Luna,Northern Dancer,Pas de Nom,Turkoman,Darbyvail,Roberto,Sharp Queen,Mr. Prospector,Elizabeth K.,Bold Reasoning,My Charmer,Secretariat,Lassie Dear,Raise a Native,Gold Digger,Hoist the Flag,The Garden Club,Turn-to,Nothirdchance,Djeddah,Bellesoeur,Nasram,Iskra,Bold Reason,Bacchian
2023101719,ノーブルミッション,シュンイ,Galileo,Kind,ロードカナロア,メジロルルド,Sadler's Wells,Urban Sea,デインヒル,Rainbow Lake,キングカメハメハ,レディブラッサム,サンデーサイレンス,メジロドーベル,Northern Dancer,Fairy Bridge,Miswaki,Allegretta,Danzig,Razyana,Rainbow Quest,Rockfest,Kingmambo,マンファス,Storm Cat,サラトガデュー,Halo,Wishing Well,メジロライアン,メジロビューティー,Nearctic,Natalma,Bold Reason,Special,Mr. Prospector,Hopespringseternal,Lombard,Anatevka,Northern Dancer,Pas de Nom,His Majesty,Spring Adieu,Blushing Groom,I Will Follow,Stage Door Johnny,Rock Garden,Mr. Prospector,Miesque,ラストタイクーン,Pilot Bird,Storm Bird,Terlingua,Cormorant,Super Luna,Hail to Reason,Cosmah,Understanding,Mountain Flower,アンバーシャダイ,メジロチェイサー,パーソロン,メジロナガサキ
2023104617,Australia,シーギリヤ,Galileo,Ouija Board,Dundeel,Vishneva,Sadler's Wells,Urban Sea,Cape Cross,Selection Board,High Chaparral,Stareel,Charge Forward,キロフプリミエール,Northern Dancer,Fairy Bridge,Miswaki,Allegretta,Green Desert,Park Appeal,Welsh Pageant,Ouija,Sadler's Wells,Kasora,Zabeel,Staring,Red Ransom,Sydney's Dream,Sadler's Wells,Querida,Nearctic,Natalma,Bold Reason,Special,Mr. Prospector,Hopespringseternal,Lombard,Anatevka,Danzig,Foreign Courier,Ahonoora,Balidaress,Tudor Melody,Picture Light,Silly Season,Samanda,Northern Dancer,Fairy Bridge,Darshaan,Kozana,Sir Tristram,Lady Giselle,Fiesta Star,Sweet Violet,Roberto,アラビア,Bletchingly,Dream Appeal,Northern Dancer,Fairy Bridge,Habitat,Principia
2023104224,ミッキーロケット,ハッピーパーティー,キングカメハメハ,マネーキャントバイミーラヴ,クロフネ,ハッピーディレンマ,Kingmambo,マンファス,Pivotal,Sabreon,フレンチデピュティ,ブルーアヴェニュー,アグネスタキオン,ハンターズマーク,Mr. Prospector,Miesque,ラストタイクーン,Pilot Bird,Polar Falcon,Fearless Revival,Caerleon,Sabria,Deputy Minister,Mitterand,Classic Go Go,Eliza Blue,サンデーサイレンス,アグネスフローラ,Titus Livius,マンファス,Raise a Native,Gold Digger,Nureyev,Pasadoble,トライマイベスト,Mill Princess,Blakeney,The Dancer,Nureyev,Marie d'Argonne,Cozzene,Stufida,Nijinsky,Foreseer,Miswaki,Flood,Vice Regent,Mint Copy,Hold Your Peace,Laredo Lass,Pago Pago,Classic Perfection,Icecapade,コレラ,Halo,Wishing Well,ロイヤルスキー,アグネスレディー,Machiavellian,Party Doll,ラストタイクーン,Pilot Bird
2023107359,コントレイル,ロクセラーナ,ディープインパクト,ロードクロサイト,キングカメハメハ,ライフフォーセール,サンデーサイレンス,ウインドインハーヘア,Unbridled's Song,Folklore,Kingmambo,マンファス,Not For Sale,Doubt Fire,Halo,Wishing Well,Alzao,Burghclere,Unbridled,Trolley Song,Tiznow,Contrive,Mr. Prospector,Miesque,ラストタイクーン,Pilot Bird,Parade Marshal,Love for Sale,Ski Champ,My Little Life,Hail to Reason,Cosmah,Understanding,Mountain Flower,Lyphard,Lady Rebecca,Busted,Highclere,Fappiano,Gana Facil,Caro,Lucky Spell,Cee's Tizzy,Cee's Song,Storm Cat,Jeano,Raise a Native,Gold Digger,Nureyev,Pasadoble,トライマイベスト,Mill Princess,Blakeney,The Dancer,Caro,Stepping High,Laramie Trail,Museliere,Icecapade,Ski Goggle,Ghadeer,Dimane
2023105403,キタサンブラック,アメージングムーン,ブラックタイド,シュガーハート,アドマイヤムーン,ビッグテンビー,サンデーサイレンス,ウインドインハーヘア,サクラバクシンオー,オトメゴコロ,エンドスウィープ,マイケイティーズ,テンビー,モガミヒメ,Halo,Wishing Well,Alzao,Burghclere,サクラユタカオー,サクラハゴロモ,ジャッジアンジェルーチ,テイズリー,フォーティナイナー,Broom Dance,サンデーサイレンス,ケイティーズファースト,Caerleon,Shining Water,カコイーシーズ,モガミポイント,Hail to Reason,Cosmah,Understanding,Mountain Flower,Lyphard,Lady Rebecca,Busted,Highclere,テスコボーイ,アンジェリカ,ノーザンテースト,クリアアンバー,Honest Pleasure,Victorian Queen,Lyphard,Tizna,Mr. Prospector,File,Dance Spell,Witching Hour,Halo,Wishing Well,Kris,Katies,Nijinsky,Foreseer,Kalaglow,Idle Waters,Alydar,Careless Notion,マルゼンスキー,ポイントメーカー
2023106183,ゴールドシップ,アイワナビリーヴ,ステイゴールド,ポイントフラッグ,ジャスタウェイ,ワナダンス,サンデーサイレンス,ゴールデンサッシュ,メジロマックイーン,パストラリズム,ハーツクライ,シビル,The Leopard,Wannabe,Halo,Wishing Well,ディクタス,ダイナサッシュ,メジロティターン,メジロオーロラ,プルラリズム,トクノエイティー,サンデーサイレンス,アイリッシュダンス,Wild Again,シャロン,Storm Cat,Moon Safari,Mutakddim,Wally,Hail to Reason,Cosmah,Understanding,Mountain Flower,Sanctus,Doronic,ノーザンテースト,ロイヤルサッシュ,メジロアサマ,シエリル,リマンド,メジロアイリス,The Minstrel,Cambretta,トライバルチーフ,アイアンルビー,Halo,Wishing Well,トニービン,ビューパーダンス,Icecapade,Bushel-n-Peck,Mo Exception,Double Wiggle,Storm Bird,Terlingua,Mr. Prospector,Video,Seeking the Gold,Oscillate,サザンヘイロー,Welcome
2023107254,スワーヴリチャード,ミスティックリップス,ハーツクライ,ピラミマ,ジェネラス,Majorata,サンデーサイレンス,アイリッシュダンス,Unbridled's Song,キャリアコレクション,Caerleon,Doff the Derby,Acatenango,Majoritat,Halo,Wishing Well,トニービン,ビューパーダンス,Unbridled,Trolley Song,General Meeting,River of Stars,Nijinsky,Foreseer,Master Derby,Margarethen,Surumu,Aggravate,Konigsstuhl,Monacchia,Hail to Reason,Cosmah,Understanding,Mountain Flower,カンパラ,Severn Bridge,Lyphard,My Bupers,Fappiano,Gana Facil,Caro,Lucky Spell,Seattle Slew,Alydar's Promise,Riverman,Star Fortune,Northern Dancer,Flaming Page,Round Table,Regal Gleam,ダストコマンダー,Madam Jerry,Tulyar,Russ-Marie,Literat,Surama,Aggressor,Raven Locks,Dschingis Khan,Konigskronung,Bacchus,Monacensia
2023104943,レイデオロ,キャンディバローズ,キングカメハメハ,ラドラーダ,ディープインパクト,アフレタータ,Kingmambo,マンファス,シンボリクリスエス,レディブロンド,サンデーサイレンス,ウインドインハーヘア,タイキシャトル,チャイナブリーズ,Mr. Prospector,Miesque,ラストタイクーン,Pilot Bird,Kris S.,Tee Kay,Seeking the Gold,ウインドインハーヘア,Halo,Wishing Well,Alzao,Burghclere,Devil's Bag,ウェルシュマフィン,Capote,Nowanna,Raise a Native,Gold Digger,Nureyev,Pasadoble,トライマイベスト,Mill Princess,Blakeney,The Dancer,Roberto,Sharp Queen,Gold Meridian,Tri Argo,Mr. Prospector,Con Game,Alzao,Burghclere,Hail to Reason,Cosmah,Understanding,Mountain Flower,Lyphard,Lady Rebecca,Busted,Highclere,Halo,Ballade,Caerleon,Muffitys,Seattle Slew,Too Bald,Envoy,Distaff Decider
2023105309,リアルスティール,ティロレスカ,ディープインパクト,ラヴズオンリーミー,Roman Ruler,Tirolesa,サンデーサイレンス,ウインドインハーヘア,Storm Cat,Monevassia,Fusaichi Pegasus,Silvery Swan,Interprete,Tesitura,Halo,Wishing Well,Alzao,Burghclere,Storm Bird,Terlingua,Mr. Prospector,Miesque,Mr. Prospector,Angel Fever,Silver Deputy,Sociable Duck,Farnesio,Inaccesible,Robin des Pins,Thru the Rain,Hail to Reason,Cosmah,Understanding,Mountain Flower,Lyphard,Lady Rebecca,Busted,Highclere,Northern Dancer,South Ocean,Secretariat,Crimson Saint,Raise a Native,Gold Digger,Nureyev,Pasadoble,Raise a Native,Gold Digger,Danzig,Rowdy Angel,Deputy Minister,Silver Valley,Quack,Unsociable,Good Manners,La Farnesina,Liloy,Iliada,Nureyev,Rare Mint,Time for a Change,Queen Shirley
2023107160,サトノダイヤモンド,パレスルーマー,ディープインパクト,マルペンサ,Royal Anthem,Whisperifyoudare,サンデーサイレンス,ウインドインハーヘア,Orpen,Marsella,Theatrical,In Neon,Red Ransom,Stellar Affair,Halo,Wishing Well,Alzao,Burghclere,Lure,Bonita Francita,サザンヘイロー,Riviere,Nureyev,ツリーオブノレッジ,Ack Ack,Shamara,Roberto,アラビア,Skywalker,Fawn and Hahn,Hail to Reason,Cosmah,Understanding,Mountain Flower,Lyphard,Lady Rebecca,Busted,Highclere,Danzig,Endear,Devil's Bag,Raise the Standard,Halo,Northern Sea,Logical,Talonada,Northern Dancer,Special,Sassafras,Sensibility,Battle Joined,Fast Turn,Dewan,Palsy Walsy,Hail to Reason,Bramalea,Damascus,Christmas Wind,Relaunch,Bold Captive,Grey Dawn II,Ecstatica
2023105305,キズナ,セレスタ,ディープインパクト,キャットクイル,Jump Start,Serata,サンデーサイレンス,ウインドインハーヘア,Storm Cat,Pacific Princess,A.P. Indy,Steady Cat,Carson City,Maliziosa,Halo,Wishing Well,Alzao,Burghclere,Storm Bird,Terlingua,Damascus,Fiji,Seattle Slew,Weekend Surprise,Storm Cat,Hopespringsforever,Mr. Prospector,Blushing Promise,Dynaformer,Kuda,Hail to Reason,Cosmah,Understanding,Mountain Flower,Lyphard,Lady Rebecca,Busted,Highclere,Northern Dancer,South Ocean,Secretariat,Crimson Saint,Sword Dancer,Kerala,Acropolis,Rififi,Bold Reasoning,My Charmer,Secretariat,Lassie Dear,Storm Bird,Terlingua,Mr. Prospector,Hopespringseternal,Raise a Native,Gold Digger,Blushing Groom,Summertime Promise,Roberto,Andover Way,Strawberry Road,Tangaroa
2023104398,モーリス,スパイクナード,スクリーンヒーロー,メジロフランシス,ハーツクライ,スティーリンキッシーズ,グラスワンダー,ランニングヒロイン,カーネギー,メジロモントレー,サンデーサイレンス,アイリッシュダンス,Sky Mesa,Seewillo,Silver Hawk,Ameriflora,サンデーサイレンス,ダイナアクトレス,Sadler's Wells,Detroit,モガミ,メジロクインシー,Halo,Wishing Well,トニービン,ビューパーダンス,Pulpit,Caress,Pleasant Colony,Perfect Pigeon,Roberto,Gris Vitesse,Danzig,Graceful Touch,Halo,Wishing Well,ノーザンテースト,モデルスポート,Northern Dancer,Fairy Bridge,Riverman,Derna,Lyphard,ノーラック,フィディオン,メジロボサツ,Hail to Reason,Cosmah,Understanding,Mountain Flower,カンパラ,Severn Bridge,Lyphard,My Bupers,A.P. Indy,Preach,Storm Cat,La Affirmed,His Majesty,Sun Colony,Round Table,Pink Pigeon
2023107136,ブリックスアンドモルタル,ドナアトラエンテ,Giant's Causeway,Beyond the Waves,ディープインパクト,ドナブリーニ,Storm Cat,Mariah's Storm,Ocean Crest,Excedent,サンデーサイレンス,ウインドインハーヘア,Bertolini,Cal Norma's Lady,Storm Bird,Terlingua,Rahy,イメンス,Storm Bird,S.S.Aroma,Exceller,Broadway Lullaby,Halo,Wishing Well,Alzao,Burghclere,Danzig,Aquilegia,リファーズスペシャル,June Darling,Northern Dancer,South Ocean,Secretariat,Crimson Saint,Blushing Groom,Glorious Song,Roberto,Imsodear,Northern Dancer,South Ocean,Seattle Slew,Rare Bouquet,Vaguely Noble,Too Bald,Stage Door Johnny,リットルブレツシング,Hail to Reason,Cosmah,Understanding,Mountain Flower,Lyphard,Lady Rebecca,Busted,Highclere,Northern Dancer,Pas de Nom,Alydar,Courtly Dee,Lyphard,My Bupers,ジュニアス,Beau Darling
2023101081,ルーラーシップ,トーホウアルテミス,キングカメハメハ,エアグルーヴ,ハーツクライ,トーホウガイア,Kingmambo,マンファス,トニービン,ダイナカール,サンデーサイレンス,アイリッシュダンス,Unbridled's Song,Agami,Mr. Prospector,Miesque,ラストタイクーン,Pilot Bird,カンパラ,Severn Bridge,ノーザンテースト,シャダイフェザー,Halo,Wishing Well,トニービン,ビューパーダンス,Unbridled,Trolley Song,Nureyev,Agacerie,Raise a Native,Gold Digger,Nureyev,Pasadoble,トライマイベスト,Mill Princess,Blakeney,The Dancer,Kalamoun,State Pension,Hornbeam,Priddy Fair,Northern Dancer,Lady Victoria,ガーサント,パロクサイド,Hail to Reason,Cosmah,Understanding,Mountain Flower,カンパラ,Severn Bridge,Lyphard,My Bupers,Fappiano,Gana Facil,Caro,Lucky Spell,Northern Dancer,Special,Exclusive Native,Quiet Charm
2023102389,キズナ,ティズトレメンダス,ディープインパクト,キャットクイル,Tiz Wonderful,Proof Positive,サンデーサイレンス,ウインドインハーヘア,Storm Cat,Pacific Princess,Tiznow,Evil,Editor's Note,Rabida,Halo,Wishing Well,Alzao,Burghclere,Storm Bird,Terlingua,Damascus,Fiji,Cee's Tizzy,Cee's Song,ヘネシー,Lit'l Rose,フォーティナイナー,Beware of the Cat,Rollicking,Rattan,Hail to Reason,Cosmah,Understanding,Mountain Flower,Lyphard,Lady Rebecca,Busted,Highclere,Northern Dancer,South Ocean,Secretariat,Crimson Saint,Sword Dancer,Kerala,Acropolis,Rififi,Relaunch,テイズリー,Seattle Song,Lonely Dancer,Storm Cat,Island Kitty,Mr. Prospector,Girlfriend,Mr. Prospector,File,Caveat,T. C. Kitten,Rambunctious,Martinetta,Tatan,Cassarate
2023105687,ラブリーデイ,ビーチサンバ,キングカメハメハ,ポップコーンジャズ,クロフネ,フサイチエアデール,Kingmambo,マンファス,ダンスインザダーク,グレイスルーマー,フレンチデピュティ,ブルーアヴェニュー,サンデーサイレンス,ラスティックベル,Mr. Prospector,Miesque,ラストタイクーン,Pilot Bird,サンデーサイレンス,ダンシングキイ,トニービン,ディスクジョッキー,Deputy Minister,Mitterand,Classic Go Go,Eliza Blue,Halo,Wishing Well,Mr. Prospector,Ragtime Girl,Raise a Native,Gold Digger,Nureyev,Pasadoble,トライマイベスト,Mill Princess,Blakeney,The Dancer,Halo,Wishing Well,Nijinsky,Key Partner,カンパラ,Severn Bridge,リアルシャダイ,シャダイチャッター,Vice Regent,Mint Copy,Hold Your Peace,Laredo Lass,Pago Pago,Classic Perfection,Icecapade,コレラ,Hail to Reason,Cosmah,Understanding,Mountain Flower,Raise a Native,Gold Digger,Francis S.,Swinging Doll
2023107367,バゴ,ローズノーブル,Nashwan,Moonlight's Box,ディープインパクト,ヴィアンローズ,Blushing Groom,Height of Fashion,Nureyev,Coup de Genie,サンデーサイレンス,ウインドインハーヘア,Sevres Rose,Princesse de Viane,Red God,Runaway Bride,Bustino,Highclere,Northern Dancer,Special,Mr. Prospector,Coup de Folie,Halo,Wishing Well,Alzao,Burghclere,Caerleon,Indian Rose,Kaldoun,Life On the Road,Nasrullah,Spring Run,Wild Risk,Aimee,Busted,Ship Yard,Queen's Hussar,Highlight,Nearctic,Natalma,Forli,Thong,Raise a Native,Gold Digger,Halo,Raise the Standard,Hail to Reason,Cosmah,Understanding,Mountain Flower,Lyphard,Lady Rebecca,Busted,Highclere,Nijinsky,Foreseer,General Holme,Lady Berry,Caro,Katana,Persian Heights,Arkova
2023106080,サトノダイヤモンド,キングスミール,ディープインパクト,マルペンサ,Theatrical,スルーオール,サンデーサイレンス,ウインドインハーヘア,Orpen,Marsella,Nureyev,ツリーオブノレッジ,Seattle Slew,Over All,Halo,Wishing Well,Alzao,Burghclere,Lure,Bonita Francita,サザンヘイロー,Riviere,Northern Dancer,Special,Sassafras,Sensibility,Bold Reasoning,My Charmer,Mr. Prospector,Full Tigress,Hail to Reason,Cosmah,Understanding,Mountain Flower,Lyphard,Lady Rebecca,Busted,Highclere,Danzig,Endear,Devil's Bag,Raise the Standard,Halo,Northern Sea,Logical,Talonada,Nearctic,Natalma,Forli,Thong,Sheshoon,Ruta,Hail to Reason,Pange,Boldnesian,Reason to Earn,Poker,Fair Charmer,Raise a Native,Gold Digger,El Tigre Grande,Miss Fullhouse
2023104303,シスキン,バルレッタ,First Defence,Bird Flown,エピファネイア,リミニ,Unbridled's Song,Honest Lady,Oasis Dream,Silver Star,シンボリクリスエス,シーザリオ,ディープインパクト,ポルトフィーノ,Unbridled,Trolley Song,Seattle Slew,Toussaud,Green Desert,Hope,Zafonic,Monroe,Kris S.,Tee Kay,スペシャルウィーク,キロフプリミエール,サンデーサイレンス,ウインドインハーヘア,クロフネ,エアグルーヴ,Fappiano,Gana Facil,Caro,Lucky Spell,Bold Reasoning,My Charmer,El Gran Senor,Image of Reality,Danzig,Foreign Courier,ダンシングブレーヴ,Bahamian,Gone West,Zaizafon,Sir Ivor,Best in Show,Roberto,Sharp Queen,Gold Meridian,Tri Argo,サンデーサイレンス,キャンペンガール,Sadler's Wells,Querida,Halo,Wishing Well,Alzao,Burghclere,フレンチデピュティ,ブルーアヴェニュー,トニービン,ダイナカール
2023106886,サートゥルナーリア,ウィクトーリア,ロードカナロア,シーザリオ,ヴィクトワールピサ,ブラックエンブレム,キングカメハメハ,レディブラッサム,スペシャルウィーク,キロフプリミエール,ネオユニヴァース,ホワイトウォーターアフェア,ウォーエンブレム,ヴァンドノワール,Kingmambo,マンファス,Storm Cat,サラトガデュー,サンデーサイレンス,キャンペンガール,Sadler's Wells,Querida,サンデーサイレンス,ポインテッドパス,Machiavellian,Much Too Risky,Our Emblem,Sweetest Lady,ヘクタープロテクター,プリンセスデリーデ,Mr. Prospector,Miesque,ラストタイクーン,Pilot Bird,Storm Bird,Terlingua,Cormorant,Super Luna,Halo,Wishing Well,マルゼンスキー,レディーシラオキ,Northern Dancer,Fairy Bridge,Habitat,Principia,Halo,Wishing Well,Kris,Silken Way,Mr. Prospector,Coup de Folie,Bustino,Short Rations,Mr. Prospector,Personal Ensign,Lord at War,Sweetest Roman,Woodman,Korveya,Vaguely Noble,Flashy
2023103584,エピファネイア,ランドオーバーシー,シンボリクリスエス,シーザリオ,Bellamy Road,Belle Watling,Kris S.,Tee Kay,スペシャルウィーク,キロフプリミエール,Concerto,Hurry Home Hillary,Pulpit,Polly Adler,Roberto,Sharp Queen,Gold Meridian,Tri Argo,サンデーサイレンス,キャンペンガール,Sadler's Wells,Querida,Chief's Crown,Undeniably,Deputed Testamony,Ten Cents a Turn,A.P. Indy,Preach,ハウスバスター,Honest and True,Hail to Reason,Bramalea,Princequillo,Bridgework,Seattle Slew,Queen Louie,Tri Jet,Hail Proudly,Halo,Wishing Well,マルゼンスキー,レディーシラオキ,Northern Dancer,Fairy Bridge,Habitat,Principia,Danzig,Six Crowns,In Reality,Past Forgetting,Traffic Cop,Proof Requested,Cozzene,Rub al Khali,Seattle Slew,Weekend Surprise,Mr. Prospector,Narrate,Mt. Livermore,Big Dreams,Mr. Leader,Tell Meno Lies
2023106829,レイデオロ,アシュリン,キングカメハメハ,ラドラーダ,マンハッタンカフェ,アンティックドール,Kingmambo,マンファス,シンボリクリスエス,レディブロンド,サンデーサイレンス,サトルチェンジ,Fusaichi Pegasus,Antique Auction,Mr. Prospector,Miesque,ラストタイクーン,Pilot Bird,Kris S.,Tee Kay,Seeking the Gold,ウインドインハーヘア,Halo,Wishing Well,Law Society,Santa Luciana,Mr. Prospector,Angel Fever,Geiger Counter,オールドスタッフ,Raise a Native,Gold Digger,Nureyev,Pasadoble,トライマイベスト,Mill Princess,Blakeney,The Dancer,Roberto,Sharp Queen,Gold Meridian,Tri Argo,Mr. Prospector,Con Game,Alzao,Burghclere,Hail to Reason,Cosmah,Understanding,Mountain Flower,Alleged,Bold Bikini,Luciano,Suleika,Raise a Native,Gold Digger,Danzig,Rowdy Angel,Mr. Prospector,Thong,Irish River,アンティックヴァリュー
2023100529,シュヴァルグラン,ティアレ,ハーツクライ,ハルーワスウィート,キングカメハメハ,ササファイヤー,サンデーサイレンス,アイリッシュダンス,Machiavellian,ハルーワソング,Kingmambo,マンファス,Saint Ballado,La Ice Queen,Halo,Wishing Well,トニービン,ビューパーダンス,Mr. Prospector,Coup de Folie,Nureyev,Morn of Song,Mr. Prospector,Miesque,ラストタイクーン,Pilot Bird,Halo,Ballade,Icecapade,La Queen Bina,Hail to Reason,Cosmah,Understanding,Mountain Flower,カンパラ,Severn Bridge,Lyphard,My Bupers,Raise a Native,Gold Digger,Halo,Raise the Standard,Northern Dancer,Special,Blushing Groom,Glorious Song,Raise a Native,Gold Digger,Nureyev,Pasadoble,トライマイベスト,Mill Princess,Blakeney,The Dancer,Hail to Reason,Cosmah,Herbager,Miss Swapsco,Nearctic,Shenanigans,Circle Home,La Queenie
2023107145,シスキン,ノーブルリーズン,First Defence,Bird Flown,ネオユニヴァース,カメリアローズ,Unbridled's Song,Honest Lady,Oasis Dream,Silver Star,サンデーサイレンス,ポインテッドパス,ホワイトマズル,カプリコーン,Unbridled,Trolley Song,Seattle Slew,Toussaud,Green Desert,Hope,Zafonic,Monroe,Halo,Wishing Well,Kris,Silken Way,ダンシングブレーヴ,Fair of the Furze,キタノカチドキ,スキヤタリング,Fappiano,Gana Facil,Caro,Lucky Spell,Bold Reasoning,My Charmer,El Gran Senor,Image of Reality,Danzig,Foreign Courier,ダンシングブレーヴ,Bahamian,Gone West,Zaizafon,Sir Ivor,Best in Show,Hail to Reason,Cosmah,Understanding,Mountain Flower,Sharpen Up,Doubly Sure,Shantung,Boulevard,Lyphard,Navajo Princess,Ela-Mana-Mou,Autocratic,テスコボーイ,ライトフレーム,Busted,Mwanza
2023100043,インディチャンプ,フロンサック,ステイゴールド,ウィルパワー,ワークフォース,サンテミリオン,サンデーサイレンス,ゴールデンサッシュ,キングカメハメハ,トキオリアリティー,キングズベスト,Soviet Moon,ゼンノロブロイ,モテック,Halo,Wishing Well,ディクタス,ダイナサッシュ,Kingmambo,マンファス,Meadowlake,What a Reality,Kingmambo,Allegretta,Sadler's Wells,Eva Luna,サンデーサイレンス,ローミンレイチェル,ラストタイクーン,Sudaka,Hail to Reason,Cosmah,Understanding,Mountain Flower,Sanctus,Doronic,ノーザンテースト,ロイヤルサッシュ,Mr. Prospector,Miesque,ラストタイクーン,Pilot Bird,Hold Your Peace,Suspicious Native,In Reality,What Will Be,Mr. Prospector,Miesque,Lombard,Anatevka,Northern Dancer,Fairy Bridge,Alleged,Media Luna,Halo,Wishing Well,マイニング,One Smart Lady,トライマイベスト,Mill Princess,Garde Royale,Didia Clara
2023105102,サートゥルナーリア,クールアンフルール,ロードカナロア,シーザリオ,サクラバクシンオー,フレッシュミドリ,キングカメハメハ,レディブラッサム,スペシャルウィーク,キロフプリミエール,サクラユタカオー,サクラハゴロモ,ブレイヴェストローマン,ラストカツティング,Kingmambo,マンファス,Storm Cat,サラトガデュー,サンデーサイレンス,キャンペンガール,Sadler's Wells,Querida,テスコボーイ,アンジェリカ,ノーザンテースト,クリアアンバー,Never Bend,Roman Song,Final Straw,Cutle,Mr. Prospector,Miesque,ラストタイクーン,Pilot Bird,Storm Bird,Terlingua,Cormorant,Super Luna,Halo,Wishing Well,マルゼンスキー,レディーシラオキ,Northern Dancer,Fairy Bridge,Habitat,Principia,Princely Gift,Suncourt,ネヴァービート,スターハイネス,Northern Dancer,Lady Victoria,Ambiopoise,One Clear Call,Nasrullah,Lalun,Roman,Quiz Song,Thatch,Last Call,セントクレスピン,Cutter
2023100734,ロードカナロア,キストゥヘヴン,キングカメハメハ,レディブラッサム,アドマイヤベガ,ロングバージン,Kingmambo,マンファス,Storm Cat,サラトガデュー,サンデーサイレンス,ベガ,ノーザンテースト,スイーブ,Mr. Prospector,Miesque,ラストタイクーン,Pilot Bird,Storm Bird,Terlingua,Cormorant,Super Luna,Halo,Wishing Well,トニービン,アンティックヴァリュー,Northern Dancer,Lady Victoria,テューダーペリオッド,ゴールデンドラゴン,Raise a Native,Gold Digger,Nureyev,Pasadoble,トライマイベスト,Mill Princess,Blakeney,The Dancer,Northern Dancer,South Ocean,Secretariat,Crimson Saint,His Majesty,Song Sparrow,In Reality,Alada,Hail to Reason,Cosmah,Understanding,Mountain Flower,カンパラ,Severn Bridge,Northern Dancer,Moonscape,Nearctic,Natalma,Victoria Park,Lady Angela,Owen Tudor,Cornice,ヒンドスタン,第五カナデアンガール
2023103530,サートゥルナーリア,ブルーハワイアン,ロードカナロア,シーザリオ,ハーツクライ,ココナッツパルム,キングカメハメハ,レディブラッサム,スペシャルウィーク,キロフプリミエール,サンデーサイレンス,アイリッシュダンス,フレンチデピュティ,ココパシオン,Kingmambo,マンファス,Storm Cat,サラトガデュー,サンデーサイレンス,キャンペンガール,Sadler's Wells,Querida,Halo,Wishing Well,トニービン,ビューパーダンス,Deputy Minister,Mitterand,グルームダンサー,ゲートドクール,Mr. Prospector,Miesque,ラストタイクーン,Pilot Bird,Storm Bird,Terlingua,Cormorant,Super Luna,Halo,Wishing Well,マルゼンスキー,レディーシラオキ,Northern Dancer,Fairy Bridge,Habitat,Principia,Hail to Reason,Cosmah,Understanding,Mountain Flower,カンパラ,Severn Bridge,Lyphard,My Bupers,Vice Regent,Mint Copy,Hold Your Peace,Laredo Lass,Blushing Groom,Featherhill,Lomond,Gay Apparel
2023104200,ダノンプレミアム,アメリカンレジェンド,ディープインパクト,インディアナギャル,American Pharoah,Yong Musician,サンデーサイレンス,ウインドインハーヘア,Intikhab,Genial Jenny,Pioneerof the Nile,Littleprincessemma,Yonaguska,Alljazz,Halo,Wishing Well,Alzao,Burghclere,Red Ransom,Crafty Example,デインヒル,Joma Kaanem,エンパイアメーカー,Star of Goshen,Yankee Gentleman,Exclusive Rosette,Cherokee Run,Marital Spook,Stop the Music,Bounteous,Hail to Reason,Cosmah,Understanding,Mountain Flower,Lyphard,Lady Rebecca,Busted,Highclere,Roberto,アラビア,Crafty Prospector,Zienelle,Danzig,Razyana,Double Form,Ash Lawn,Unbridled,Toussaud,Lord at War,Castle Eight,Storm Cat,Key Phrase,Ecliptical,Zetta Jet,Runaway Groom,Cherokee Dame,Silver Ghost,Homewrecker,Hail to Reason,Bebopper,Master Derby,Mlle. Quille
2023105285,サトノダイヤモンド,ケルシャンス,ディープインパクト,マルペンサ,Dubawi,ケルアモーレ,サンデーサイレンス,ウインドインハーヘア,Orpen,Marsella,Dubai Millennium,Zomaradah,Monsun,Qelle Amie,Halo,Wishing Well,Alzao,Burghclere,Lure,Bonita Francita,サザンヘイロー,Riviere,Seeking the Gold,Colorado Dancer,Deploy,Jawaher,Konigsstuhl,Mosella,Beau Genius,Qui Bid,Hail to Reason,Cosmah,Understanding,Mountain Flower,Lyphard,Lady Rebecca,Busted,Highclere,Danzig,Endear,Devil's Bag,Raise the Standard,Halo,Northern Sea,Logical,Talonada,Mr. Prospector,Con Game,Shareef Dancer,Fall Aspen,Shirley Heights,Slightly Dangerous,ダンシングブレーヴ,High Tern,Dschingis Khan,Konigskronung,Surumu,Monasia,Bold Ruckus,Royal Colleen,Spectacular Bid,Qui Royalty
2023104054,イスラボニータ,メトロノーム,フジキセキ,イスラコジーン,ロードカナロア,セクシーディナー,サンデーサイレンス,ミルレーサー,Cozzene,Isla Mujeres,キングカメハメハ,レディブラッサム,キンググローリアス,スロクルージュ,Halo,Wishing Well,Le Fabuleux,Marston's Mill,Caro,Ride the Trails,Crafty Prospector,Lido Isle,Kingmambo,マンファス,Storm Cat,サラトガデュー,Naevus,Glorious Natalie,アスワン,シュアンス,Hail to Reason,Cosmah,Understanding,Mountain Flower,Wild Risk,Anguar,In Reality,Millicent,フォルティノ,Chambord,Prince John,Wildwook,Mr. Prospector,Real Crafty Lady,Far North,She Is Gorgeous,Mr. Prospector,Miesque,ラストタイクーン,Pilot Bird,Storm Bird,Terlingua,Cormorant,Super Luna,Mr. Prospector,Mudville,Reflected Glory,Blue Eyed Blonde,ノーザンテースト,リリーオブザナイル,ダンディルート,スタームーン
2023106415,スワーヴリチャード,マイネジェシカ,ハーツクライ,ピラミマ,ロージズインメイ,マイネアリーナ,サンデーサイレンス,アイリッシュダンス,Unbridled's Song,キャリアコレクション,Devil His Due,Tell a Secret,カツラギエース,レッドコスモス,Halo,Wishing Well,トニービン,ビューパーダンス,Unbridled,Trolley Song,General Meeting,River of Stars,Devil's Bag,Plenty O'Toole,Speak John,Secret Retreat,ボイズィーボーイ,タニノベンチヤ,マルゼンスキー,ヒンドバース,Hail to Reason,Cosmah,Understanding,Mountain Flower,カンパラ,Severn Bridge,Lyphard,My Bupers,Fappiano,Gana Facil,Caro,Lucky Spell,Seattle Slew,Alydar's Promise,Riverman,Star Fortune,Halo,Ballade,Raise a Cup,Li'l Puss,Prince John,Nuit de Folies,Clandestine,Retirement,King's Troop,Rising Hope,ヴェンチア,アベイブリッジ,Nijinsky,シル,ヒンドスタン,サンマリノ
2023104834,サトノクラウン,ギャラクシーハニー,Marju,ジョコンダ,スクリーンヒーロー,シルクユニバーサル,ラストタイクーン,Flame of Tara,Rossini,La Joconde,グラスワンダー,ランニングヒロイン,ブライアンズタイム,トロピカルサウンド,トライマイベスト,Mill Princess,アーテイアス,Welsh Flame,Miswaki,Touch of Greatness,Vettori,Lust,Silver Hawk,Ameriflora,サンデーサイレンス,ダイナアクトレス,Roberto,Kelley's Day,Fappiano,Pacific Princess,Northern Dancer,Sex Appeal,Mill Reef,Irish Lass,Round Table,Stylish Pattern,Welsh Pageant,Electric Flash,Mr. Prospector,Hopespringseternal,Hero's Honor,Ivory Wand,Machiavellian,Air Distingue,Pursuit of Love,Pato,Roberto,Gris Vitesse,Danzig,Graceful Touch,Halo,Wishing Well,ノーザンテースト,モデルスポート,Hail to Reason,Bramalea,Graustark,Golden Trail,Mr. Prospector,Killaloe,Damascus,Fiji
2023104221,アメリカンペイトリオット,シャンパンサーベル,War Front,Life Well Lived,キンシャサノキセキ,フェアリーバニヤン,Danzig,Starry Dreamer,Tiznow,Well Dressed,フジキセキ,ケルトシャーン,Honour and Glory,キャタラクト,Northern Dancer,Pas de Nom,Rubiano,Lara's Star,Cee's Tizzy,Cee's Song,Notebook,Trithenia,サンデーサイレンス,ミルレーサー,Pleasant Colony,Featherhill,Relaunch,Fair to All,Storm Cat,Queen Tutta,Nearctic,Natalma,Admiral's Voyage,Petitioner,Fappiano,Ruby Slippers,Forli,True Reality,Relaunch,テイズリー,Seattle Song,Lonely Dancer,Well Decorated,Mobcap,Gold Meridian,Tri Argo,Halo,Wishing Well,Le Fabuleux,Marston's Mill,His Majesty,Sun Colony,Lyphard,Lady Berry,In Reality,Foggy Note,Al Nasr,Gonfalon,Storm Bird,Terlingua,Kris S.,Tutta
2023107082,ルヴァンスレーヴ,スーブレット,シンボリクリスエス,マエストラーレ,ゴールドアリュール,フラーテイシャスミス,Kris S.,Tee Kay,ネオユニヴァース,オータムブリーズ,サンデーサイレンス,ニキーヤ,Mr. Greeley,Seductive Smile,Roberto,Sharp Queen,Gold Meridian,Tri Argo,サンデーサイレンス,ポインテッドパス,ティンバーカントリー,セプテンバーソング,Halo,Wishing Well,Nureyev,Reluctant Guest,Gone West,Long Legend,Silver Hawk,Exit Smiling,Hail to Reason,Bramalea,Princequillo,Bridgework,Seattle Slew,Queen Louie,Tri Jet,Hail Proudly,Halo,Wishing Well,Kris,Silken Way,Woodman,Fall Aspen,リアルシャダイ,ダイナフェアリー,Hail to Reason,Cosmah,Understanding,Mountain Flower,Northern Dancer,Special,Hostage,Vaguely Royal,Mr. Prospector,Secrettame,Reviewer,Lianga,Roberto,Gris Vitesse,Stage Door Johnny,Chandelier
2023100547,グレーターロンドン,ハッピーベリンダ,ディープインパクト,ロンドンブリッジ,アグネスデジタル,エイシンベリンダ,サンデーサイレンス,ウインドインハーヘア,ドクターデヴィアス,オールフォーロンドン,Crafty Prospector,Chancey Squaw,エルコンドルパサー,エイシンララミー,Halo,Wishing Well,Alzao,Burghclere,Ahonoora,Rose of Jericho,Danzig,Full Card,Mr. Prospector,Real Crafty Lady,Chief's Crown,Allicance,Kingmambo,サドラーズギャル,Time for a Change,Gander Crude,Hail to Reason,Cosmah,Understanding,Mountain Flower,Lyphard,Lady Rebecca,Busted,Highclere,Lorenzaccio,Helen Nichols,Alleged,Rose Red,Northern Dancer,Pas de Nom,Damascus,Belle of the Ball,Raise a Native,Gold Digger,In Reality,Princess Roycraft,Danzig,Six Crowns,Alleged,Runaway Bride,Mr. Prospector,Miesque,Sadler's Wells,Glenveagh,Damascus,Resolver,Quack,Grey Oil
2023103783,ブリックスアンドモルタル,ザガールインザットソング,Giant's Causeway,Beyond the Waves,My Golden Song,Belle of the Band,Storm Cat,Mariah's Storm,Ocean Crest,Excedent,Unbridled's Song,Golden Par,Dixieland Band,Alysbelle,Storm Bird,Terlingua,Rahy,イメンス,Storm Bird,S.S.Aroma,Exceller,Broadway Lullaby,Unbridled,Trolley Song,Gold Meridian,Par Three,Northern Dancer,Mississippi Mud,Alydar,Bel Sheba,Northern Dancer,South Ocean,Secretariat,Crimson Saint,Blushing Groom,Glorious Song,Roberto,Imsodear,Northern Dancer,South Ocean,Seattle Slew,Rare Bouquet,Vaguely Noble,Too Bald,Stage Door Johnny,リットルブレツシング,Fappiano,Gana Facil,Caro,Lucky Spell,Seattle Slew,Queen Louie,Alleged,Fairway Flyer,Nearctic,Natalma,Delta Judge,Sand Buggy,Raise a Native,Sweet Tooth,Lt. Stevens,Belthazar
2023103547,マインドユアビスケッツ,ベッサメモー,Posse,Jazzmane,Uncle Mo,Midnight Visit,Silver Deputy,Raska,Toccet,Alljazz,Indian Charlie,Playa Maya,ヘニーヒューズ,Open Window,Deputy Minister,Silver Valley,Rahy,Borishka,Awesome Again,Cozzene's Angel,Stop the Music,Bounteous,In Excess,Soviet Sojourn,Arch,Dixie Slippers,ヘネシー,Meadow Flyer,Trempolino,Vexation,Vice Regent,Mint Copy,Mr. Prospector,Seven Valleys,Blushing Groom,Glorious Song,Roberto,Queen Maud,Deputy Minister,Primal Force,Cozzene,Charming Pan,Hail to Reason,Bebopper,Master Derby,Mlle. Quille,Siberian Express,Kantado,Leo Castelli,Political Parfait,Kris S.,Aurora,Dixieland Band,Cyane's Slippers,Storm Cat,Island Kitty,Meadowlake,Shortley,Sharpen Up,Trephine,Vice Regent,Chagrin Falls
2023107162,クリソベリル,パールデュー,ゴールドアリュール,クリソプレーズ,キングカメハメハ,ブルーメンブラット,サンデーサイレンス,ニキーヤ,エルコンドルパサー,キャサリーンパー,Kingmambo,マンファス,アドマイヤベガ,マイワイルドフラワー,Halo,Wishing Well,Nureyev,Reluctant Guest,Kingmambo,サドラーズギャル,Riverman,Regal Exception,Mr. Prospector,Miesque,ラストタイクーン,Pilot Bird,サンデーサイレンス,ベガ,Topsider,Wildwook,Hail to Reason,Cosmah,Understanding,Mountain Flower,Northern Dancer,Special,Hostage,Vaguely Royal,Mr. Prospector,Miesque,Sadler's Wells,Glenveagh,Never Bend,River Lady,Ribot,Rajput Princess,Raise a Native,Gold Digger,Nureyev,Pasadoble,トライマイベスト,Mill Princess,Blakeney,The Dancer,Halo,Wishing Well,トニービン,アンティックヴァリュー,Northern Dancer,Drumtop,Sir Gaylord,Blue Canoe
2023102743,フォーウィールドライブ,ショーカノン,American Pharoah,Funfair,ブレイクランアウト,アンペア,Pioneerof the Nile,Littleprincessemma,More Than Ready,Fleuron,Smart Strike,キュー,ワイルドラッシュ,フリーフォーギブン,エンパイアメーカー,Star of Goshen,Yankee Gentleman,Exclusive Rosette,サザンヘイロー,Woodman's Girl,Distant View,Flamboyance,Mr. Prospector,Classy 'n Smart,フレンチデピュティ,P J Floral,Wild Again,Rose Park,Unbridled,Redeemer,Unbridled,Toussaud,Lord at War,Castle Eight,Storm Cat,Key Phrase,Ecliptical,Zetta Jet,Halo,Northern Sea,Woodman,Becky Be Good,Mr. Prospector,Seven Springs,Zilzal,Bridal Wreath,Raise a Native,Gold Digger,Smarten,No Class,Deputy Minister,Mitterand,Baldski,Peroxide Princess,Icecapade,Bushel-n-Peck,Plugged Nickle,Hardship,Fappiano,Gana Facil,Dixieland Band,Printing Press
2023101545,シュウジ,ペンデュラム,キンシャサノキセキ,カストリア,コンデュイット,コスモフォーチュン,フジキセキ,ケルトシャーン,Kingmambo,More Silver,Dalakhani,Well Head,マイネルラヴ,グレースマリヤ,サンデーサイレンス,ミルレーサー,Pleasant Colony,Featherhill,Mr. Prospector,Miesque,Silver Hawk,Dancing Lt.,Darshaan,Daltawa,Sadler's Wells,River Dancer,Seeking the Gold,Heart of Joy,グルームダンサー,ミホグレース,Halo,Wishing Well,Le Fabuleux,Marston's Mill,His Majesty,Sun Colony,Lyphard,Lady Berry,Raise a Native,Gold Digger,Nureyev,Pasadoble,Roberto,Gris Vitesse,San Feliou,Girl Lt.,Shirley Heights,Delsy,Miswaki,Damana,Northern Dancer,Fairy Bridge,Irish River,Dancing Shadow,Mr. Prospector,Con Game,リィフォー,Mythographer,Blushing Groom,Featherhill,アスワン,ビューティマリヤ
2023101148,ディスクリートキャット,ハッピーゴラッキー,Forestry,Pretty Discreet,パイロ,フェリシタス,Storm Cat,Shared Interest,Private Account,Pretty Persuasive,Pulpit,Wild Vision,キングズベスト,Embassy,Storm Bird,Terlingua,Pleasant Colony,Surgery,Damascus,Numbered Account,Believe It,Bury the Hatchet,A.P. Indy,Preach,Wild Again,Carol's Wonder,Kingmambo,Allegretta,Cadeaux Genereux,Pass the Peace,Northern Dancer,South Ocean,Secretariat,Crimson Saint,His Majesty,Sun Colony,Dr. Fager,Bold Sequence,Sword Dancer,Kerala,Buckpasser,Intriguing,In Reality,Breakfast Bell,Tom Rolfe,Christmas Whishes,Seattle Slew,Weekend Surprise,Mr. Prospector,Narrate,Icecapade,Bushel-n-Peck,Pass the Tab,Carols Christmas,Mr. Prospector,Miesque,Lombard,Anatevka,Young Generation,Smarten Up,Alzao,Lover's Rose
2023103628,ジャスタウェイ,コマノサラサ,ハーツクライ,シビル,クロフネ,コマノマコ,サンデーサイレンス,アイリッシュダンス,Wild Again,シャロン,フレンチデピュティ,ブルーアヴェニュー,フォーティナイナー,リンデンジョオー,Halo,Wishing Well,トニービン,ビューパーダンス,Icecapade,Bushel-n-Peck,Mo Exception,Double Wiggle,Deputy Minister,Mitterand,Classic Go Go,Eliza Blue,Mr. Prospector,File,リアルシャダイ,リンデンリリー,Hail to Reason,Cosmah,Understanding,Mountain Flower,カンパラ,Severn Bridge,Lyphard,My Bupers,Nearctic,Shenanigans,Khaled,Dama,Hard Work,With Exception,Sir Wiggle,Blue Double,Vice Regent,Mint Copy,Hold Your Peace,Laredo Lass,Pago Pago,Classic Perfection,Icecapade,コレラ,Raise a Native,Gold Digger,Tom Rolfe,Continue,Roberto,Desert Vixen,ミルジョージ,ラドンナリリー
2023103422,ポエティックフレア,シャドウノエル,Dawn Approach,Maria Lee,Le Havre,Magic Potion,New Approach,Hymn Of The Dawn,ロックオブジブラルタル,Elida,Noverre,Marie Rheinberg,ディヴァインライト,Magic Dawn,Galileo,Park Express,Phone Trick,Colonial Debut,デインヒル,Offshore Boom,ロイヤルアカデミー,Saviour,Rahy,ダンスールファビュルー,Surako,Marie d'Argonne,サンデーサイレンス,メルドスポート,Caerleon,マジックナイト,Sadler's Wells,Urban Sea,Ahonoora,Matcher,Clever Trick,Over the Phone,Pleasant Colony,Kittihawk Miss,Danzig,Razyana,Be My Guest,Push a Button,Nijinsky,Crimson Saint,Majestic Light,Victorian Queen,Blushing Groom,Glorious Song,Northern Dancer,Fabuleux Jane,Konigsstuhl,Surata,Jefferson,Mohair,Halo,Wishing Well,ノーザンテースト,シヤダイプリマ,Nijinsky,Foreseer,Le Nain Jaune,Pin Up Babe
2023104614,カレンブラックヒル,コンパクトモデル,ダイワメジャー,チャールストンハーバー,カンパニー,タイニーモデル,サンデーサイレンス,スカーレットブーケ,Grindstone,Penny's Valentine,ミラクルアドマイヤ,ブリリアントベリー,サンデーサイレンス,ダンシェンヌ,Halo,Wishing Well,ノーザンテースト,スカーレットインク,Unbridled,Buzz My Bell,Storm Cat,Mrs. Penny,トニービン,バレークイーン,ノーザンテースト,クラフテイワイフ,Halo,Wishing Well,グルームダンサー,Termienne,Hail to Reason,Cosmah,Understanding,Mountain Flower,Northern Dancer,Lady Victoria,Crimson Satan,Consentida,Fappiano,Gana Facil,Drone,Chateaupavia,Storm Bird,Terlingua,Great Nephew,Tananarive,カンパラ,Severn Bridge,Sadler's Wells,Sun Princess,Northern Dancer,Lady Victoria,Crafty Prospector,Wife Mistress,Hail to Reason,Cosmah,Understanding,Mountain Flower,Blushing Groom,Featherhill,Armos,Terrienne
2023103742,タイセイレジェンド,チャーミングメイト,キングカメハメハ,シャープキック,エンパイアメーカー,マジックシアター,Kingmambo,マンファス,メジロマックイーン,ペッパーキャロル,Unbridled,Toussaud,ネオユニヴァース,マジカルウーマン,Mr. Prospector,Miesque,ラストタイクーン,Pilot Bird,メジロティターン,メジロオーロラ,ニチドウアラシ,ダイナキャロル,Fappiano,Gana Facil,El Gran Senor,Image of Reality,サンデーサイレンス,ポインテッドパス,パラダイスクリーク,ブレイブウーマン,Raise a Native,Gold Digger,Nureyev,Pasadoble,トライマイベスト,Mill Princess,Blakeney,The Dancer,メジロアサマ,シエリル,リマンド,メジロアイリス,ボールドアンドエイブル,シャトーローズ,ノーザンテースト,クレアーブリッジ,Mr. Prospector,Killaloe,Le Fabuleux,Charedi,Northern Dancer,Sex Appeal,In Reality,Edee's Image,Halo,Wishing Well,Kris,Silken Way,Irish River,North Of Eden,ブレイヴェストローマン,チヨダフジ
2023101269,ダノンレジェンド,ドナプリモ,Macho Uno,マイグッドネス,フリオーソ,ドナビジュー,Holy Bull,Primal Force,Storm Cat,Caressing,ブライアンズタイム,ファーザ,スペシャルウィーク,ダンジグダンザグ,Great Above,Sharon Brown,Blushing Groom,Prime Prospect,Storm Bird,Terlingua,Honour and Glory,Lovin Touch,Roberto,Kelley's Day,Mr. Prospector,Baya,サンデーサイレンス,キャンペンガール,Danzig,Thatsallshewrote,Minnesota Mac,Ta Wee,Al Hattab,Agathea's Dawn,Red God,Runaway Bride,Mr. Prospector,Square Generation,Northern Dancer,South Ocean,Secretariat,Crimson Saint,Relaunch,Fair to All,Majestic Prince,Forest Princess,Hail to Reason,Bramalea,Graustark,Golden Trail,Raise a Native,Gold Digger,Nureyev,Barger,Halo,Wishing Well,マルゼンスキー,レディーシラオキ,Northern Dancer,Pas de Nom,Graustark,Dinner Partner
2023103552,マインドユアビスケッツ,マイレリーフ,Posse,Jazzmane,ルーラーシップ,クラウンプリンセス,Silver Deputy,Raska,Toccet,Alljazz,キングカメハメハ,エアグルーヴ,スペシャルウィーク,クラウンピース,Deputy Minister,Silver Valley,Rahy,Borishka,Awesome Again,Cozzene's Angel,Stop the Music,Bounteous,Kingmambo,マンファス,トニービン,ダイナカール,サンデーサイレンス,キャンペンガール,Seattle Slew,クラシッククラウン,Vice Regent,Mint Copy,Mr. Prospector,Seven Valleys,Blushing Groom,Glorious Song,Roberto,Queen Maud,Deputy Minister,Primal Force,Cozzene,Charming Pan,Hail to Reason,Bebopper,Master Derby,Mlle. Quille,Mr. Prospector,Miesque,ラストタイクーン,Pilot Bird,カンパラ,Severn Bridge,ノーザンテースト,シャダイフェザー,Halo,Wishing Well,マルゼンスキー,レディーシラオキ,Bold Reasoning,My Charmer,Mr. Prospector,Six Crowns
2023100133,ディスクリートキャット,レディナデシコ,Forestry,Pretty Discreet,ワイルドラッシュ,サッカーマム,Storm Cat,Shared Interest,Private Account,Pretty Persuasive,Wild Again,Rose Park,Kingmambo,Traverse City,Storm Bird,Terlingua,Pleasant Colony,Surgery,Damascus,Numbered Account,Believe It,Bury the Hatchet,Icecapade,Bushel-n-Peck,Plugged Nickle,Hardship,Mr. Prospector,Miesque,Halo,Cherry Jubilee,Northern Dancer,South Ocean,Secretariat,Crimson Saint,His Majesty,Sun Colony,Dr. Fager,Bold Sequence,Sword Dancer,Kerala,Buckpasser,Intriguing,In Reality,Breakfast Bell,Tom Rolfe,Christmas Whishes,Nearctic,Shenanigans,Khaled,Dama,Key to the Mint,Toll Booth,Drone,Hard and Fast,Raise a Native,Gold Digger,Nureyev,Pasadoble,Hail to Reason,Cosmah,Coastal,Cherry Willow
2023100741,カリフォルニアクローム,マネーペニー,Lucky Pulpit,Love the Chase,Monarchos,My White Corvette,Pulpit,Lucky Soph,Not for Love,Chase It Down,Maria's Mon,Regal Band,Tarr Road,Wind Chime,A.P. Indy,Preach,Cozzene,Lucky Spell,Mr. Prospector,Dance Number,Polish Numbers,Chase the Dream,Wavering Monarch,Carlotta Maria,Dixieland Band,リーガルロベルタ,Grey Dawn,Pure Reason,Marfa,Belles Native,Seattle Slew,Weekend Surprise,Mr. Prospector,Narrate,Caro,Ride the Trails,Lucky Mel,Incantation,Raise a Native,Gold Digger,Northern Dancer,Numbered Account,Danzig,Numbered Account,Sir Ivor,La Belle Fleur,Majestic Light,Uncommitted,Caro,Water Malone,Northern Dancer,Mississippi Mud,Roberto,Regal Road,Herbager,Polamia,Chieftain,Reason to Earn,Foolish Pleasure,Gray Matter,Raise a Native,Belle's Pocket
2022104219,シャンハイボビー,ペイシャフローレス,Harlan's Holiday,Steelin',ヴィクトワールピサ,プレザントケイプ,Harlan,Christmas in Aiken,Orientate,Steel Band,ネオユニヴァース,ホワイトウォーターアフェア,Cape Cross,Felicity,Storm Cat,Country Romance,Affirmed,Dowager,Mt. Livermore,Dream Team,Carson City,ウェディングバンド,サンデーサイレンス,ポインテッドパス,Machiavellian,Much Too Risky,Green Desert,Park Appeal,Selkirk,Las Flores,Storm Bird,Terlingua,Halo,Sweet Romance,Exclusive Native,Won't Tell You,Honest Pleasure,Princessnesian,Blushing Groom,Flama Ardiente,Cox's Ridge,Likely Double,Mr. Prospector,Blushing Promise,Mighty Appealing,Ring of Steel,Halo,Wishing Well,Kris,Silken Way,Mr. Prospector,Coup de Folie,Bustino,Short Rations,Danzig,Foreign Courier,Ahonoora,Balidaress,Sharpen Up,Annie Edge,Sadler's Wells,Producer
2021102154,キズナ,キョウエイカルラ,ディープインパクト,キャットクイル,アフリート,レイズユアグラス,サンデーサイレンス,ウインドインハーヘア,Storm Cat,Pacific Princess,Mr. Prospector,Polite Lady,アジュディケーティング,レイズアプランサー,Halo,Wishing Well,Alzao,Burghclere,Storm Bird,Terlingua,Damascus,Fiji,Raise a Native,Gold Digger,Venetian Jester,Friendly Ways,Danzig,Resolver,Raise a Native,Dancing Hostess,Hail to Reason,Cosmah,Understanding,Mountain Flower,Lyphard,Lady Rebecca,Busted,Highclere,Northern Dancer,South Ocean,Secretariat,Crimson Saint,Sword Dancer,Kerala,Acropolis,Rififi,Native Dancer,Raise You,Nashua,Sequence,Tom Fool,Venice,Green Ticket,Ways to Learn,Northern Dancer,Pas de Nom,Reviewer,Lovely Morning,Native Dancer,Raise You,Sword Dancer,Your Hostess
2021110161,Kantharos,Indigo Gin,Lion Heart,Contessa Halo,Lemon Drop Kid,Lady Bingo,Tale of the Cat,Satin Sunrise,サザンヘイロー,Queen of Savoy,Kingmambo,Charming Lassie,Galileo,Sharp Lisa,Storm Cat,Yarn,Mr. Leader,Logic,Halo,Northern Sea,Conquistador Cielo,Jill of All Trades,Mr. Prospector,Miesque,Seattle Slew,Lassie Dear,Sadler's Wells,Urban Sea,Dixieland Band,Winter's Gone,Storm Bird,Terlingua,Mr. Prospector,Narrate,Hail to Reason,Jolie Deja,Naskra,Bactu Reason,Hail to Reason,Cosmah,Northern Dancer,Sea Saga,Mr. Prospector,K D Princess,Codex,Mavera,Raise a Native,Gold Digger,Nureyev,Pasadoble,Bold Reasoning,My Charmer,Buckpasser,Gay Missile,Northern Dancer,Fairy Bridge,Miswaki,Allegretta,Northern Dancer,Mississippi Mud,Dynaformer,Stark Winter
2022106639,マインドユアビスケッツ,シャスターデイジー,Posse,Jazzmane,アグネスタキオン,サンドリオン,Silver Deputy,Raska,Toccet,Alljazz,サンデーサイレンス,アグネスフローラ,コマンダーインチーフ,シネマスコープ,Deputy Minister,Silver Valley,Rahy,Borishka,Awesome Again,Cozzene's Angel,Stop the Music,Bounteous,Halo,Wishing Well,ロイヤルスキー,アグネスレディー,ダンシングブレーヴ,Slightly Dangerous,トニービン,ブルーハワイ,Vice Regent,Mint Copy,Mr. Prospector,Seven Valleys,Blushing Groom,Glorious Song,Roberto,Queen Maud,Deputy Minister,Primal Force,Cozzene,Charming Pan,Hail to Reason,Bebopper,Master Derby,Mlle. Quille,Hail to Reason,Cosmah,Understanding,Mountain Flower,Raja Baba,Coz o'Nijinsky,リマンド,イコマエイカン,Lyphard,Navajo Princess,Roberto,Where You Lead,カンパラ,Severn Bridge,スリルショー,サニースワップス
2022110129,Tapit,L' Age d'Or,Pulpit,Tap Your Heels,Medaglia d'Oro,Mona de Momma,A.P. Indy,Preach,Unbridled,Ruby Slippers,El Prado,Cappucino Bay,Speightstown,Society Gal,Seattle Slew,Weekend Surprise,Mr. Prospector,Narrate,Fappiano,Gana Facil,Nijinsky,Moon Glitter,Sadler's Wells,Lady Capulet,Bailjumper,Dubbed In,Gone West,Silken Cat,Linkage,Long Legend,Bold Reasoning,My Charmer,Secretariat,Lassie Dear,Raise a Native,Gold Digger,Honest Pleasure,State,Mr. Prospector,Killaloe,Le Fabuleux,Charedi,Northern Dancer,Flaming Page,In Reality,Foggy Note,Northern Dancer,Fairy Bridge,Sir Ivor,Cap and Bells,Damascus,Court Circuit,Silent Screen,Society Singer,Mr. Prospector,Secrettame,Storm Cat,Silken Doll,Hoist the Flag,Unity Hall,Reviewer,Lianga
2021104762,ロードカナロア,スキャットレディビーダンシング,キングカメハメハ,レディブラッサム,Scat Daddy,La Violette,Kingmambo,マンファス,Storm Cat,サラトガデュー,ヨハネスブルグ,Love Style,コロナドズクエスト,Comical Cat,Mr. Prospector,Miesque,ラストタイクーン,Pilot Bird,Storm Bird,Terlingua,Cormorant,Super Luna,ヘネシー,Myth,Mr. Prospector,Likeable Style,フォーティナイナー,Laughing Look,Exceller,Six Months Long,Raise a Native,Gold Digger,Nureyev,Pasadoble,トライマイベスト,Mill Princess,Blakeney,The Dancer,Northern Dancer,South Ocean,Secretariat,Crimson Saint,His Majesty,Song Sparrow,In Reality,Alada,Storm Cat,Island Kitty,オジジアン,Yarn,Raise a Native,Gold Digger,Nijinsky,Personable Lady,Mr. Prospector,File,Damascus,Laughter,Vaguely Noble,Too Bald,Northern Dancer,Prime Time
2020104864,シニスターミニスター,プティトシャンティ,Old Trieste,Sweet Minister,ダノンシャンティ,チャームダンス,A.P. Indy,Lovlier Linda,The Prime Minister,Sweet Blue,フジキセキ,シャンソネット,アフリート,ダンシングゴッデス,Seattle Slew,Weekend Surprise,Vigors,Linda Summers,Deputy Minister,Stick to Beauty,Hurry Up Blue,Sugar Gold,サンデーサイレンス,ミルレーサー,Mark of Esteem,Glorious Song,Mr. Prospector,Polite Lady,Nijinsky,Producer,Bold Reasoning,My Charmer,Secretariat,Lassie Dear,Grey Dawn,Relifordie,Crozier,Queenly Gift,Vice Regent,Mint Copy,Illustrious,Hail to Beauty,Mr. Leader,Blue Baroness,Mr. Prospector,Miss Ironside,Halo,Wishing Well,Le Fabuleux,Marston's Mill,Darshaan,Homage,Halo,Ballade,Raise a Native,Gold Digger,Venetian Jester,Friendly Ways,Northern Dancer,Flaming Page,Nashua,Marion
2022105824,ヘニーヒューズ,バウンシーチューン,ヘネシー,Meadow Flyer,ステイゴールド,リーインフォースト,Storm Cat,Island Kitty,Meadowlake,Shortley,サンデーサイレンス,ゴールデンサッシュ,トニービン,ティアラ,Storm Bird,Terlingua,Hawaii,T. C. Kitten,Hold Your Peace,Suspicious Native,Hagley,Short Winded,Halo,Wishing Well,ディクタス,ダイナサッシュ,カンパラ,Severn Bridge,ノーザンテースト,シヤダイサイクル,Northern Dancer,South Ocean,Secretariat,Crimson Saint,Utrillo,Ethane,Tom Cat,Needlebug,Speak John,Blue Moon,Raise a Native,Be Suspicious,Olden Times,Teo Pepi,Harvest Singing,Wild Cloud,Hail to Reason,Cosmah,Understanding,Mountain Flower,Sanctus,Doronic,ノーザンテースト,ロイヤルサッシュ,Kalamoun,State Pension,Hornbeam,Priddy Fair,Northern Dancer,Lady Victoria,ヒッティングアウェー,サイクラス
2020106101,ドレフォン,クロエチャン,Gio Ponti,Eltimaas,スパイキュール,トレローニー,Tale of the Cat,Chipeta Springs,Ghostzapper,Najecam,サンデーサイレンス,クラフテイワイフ,ミスターダンディ,リトルバンデーラ,Storm Cat,Yarn,Alydar,Salt Spring,Awesome Again,Baby Zip,Trempolino,Sue Warner,Halo,Wishing Well,Crafty Prospector,Wife Mistress,オランテ,ダンディライアン,ダイゼンキング,ラバンデーラ,Storm Bird,Terlingua,Mr. Prospector,Narrate,Raise a Native,Sweet Tooth,Salt Marsh,Jungle Mythologic,Deputy Minister,Primal Force,Relaunch,Thirty Zip,Sharpen Up,Trephine,Forli,Bitty Girl,Hail to Reason,Cosmah,Understanding,Mountain Flower,Mr. Prospector,Real Crafty Lady,Secretariat,Political Payoff,Bold Bidder,Mock Orange,マツカゼオー,ミサキクラブ,トウショウボーイ,ブライヤア,Morston,Patois
2021109096,ニューイヤーズデイ,メイチャリティ,Street Cry,Justwhistledixie,ネオユニヴァース,メイフィールド,Machiavellian,Helen Street,Dixie Union,General Jeanne,サンデーサイレンス,ポインテッドパス,Tiger Hill,コムフレイ,Mr. Prospector,Coup de Folie,Troy,Waterway,Dixieland Band,She's Tops,Honour and Glory,Ahpo Hel,Halo,Wishing Well,Kris,Silken Way,デインヒル,The Filly,A.P. Indy,Myhrr,Raise a Native,Gold Digger,Halo,Raise the Standard,Petingo,La Milo,Riverman,Boulevard,Northern Dancer,Mississippi Mud,Capote,She's a Talent,Relaunch,Fair to All,Mr. Leader,Tiy,Hail to Reason,Cosmah,Understanding,Mountain Flower,Sharpen Up,Doubly Sure,Shantung,Boulevard,Danzig,Razyana,Appiani,Tigress Silver,Seattle Slew,Weekend Surprise,Mr. Prospector,Miesque
2020103477,モーリス,チャームドヴェール,スクリーンヒーロー,メジロフランシス,ネオユニヴァース,ヴェイルオブアヴァロン,グラスワンダー,ランニングヒロイン,カーネギー,メジロモントレー,サンデーサイレンス,ポインテッドパス,サンダーガルチ,ウインドインハーヘア,Silver Hawk,Ameriflora,サンデーサイレンス,ダイナアクトレス,Sadler's Wells,Detroit,モガミ,メジロクインシー,Halo,Wishing Well,Kris,Silken Way,Gulch,Line of Thunder,Alzao,Burghclere,Roberto,Gris Vitesse,Danzig,Graceful Touch,Halo,Wishing Well,ノーザンテースト,モデルスポート,Northern Dancer,Fairy Bridge,Riverman,Derna,Lyphard,ノーラック,フィディオン,メジロボサツ,Hail to Reason,Cosmah,Understanding,Mountain Flower,Sharpen Up,Doubly Sure,Shantung,Boulevard,Mr. Prospector,Jameela,Storm Bird,Shoot a Line,Lyphard,Lady Rebecca,Busted,Highclere
2019102552,マクフィ,オールオールオール,Dubawi,Dhelaal,アグネスタキオン,スターダーラ,Dubai Millennium,Zomaradah,Green Desert,Irish Valley,サンデーサイレンス,アグネスフローラ,Theatrical,Lydara,Seeking the Gold,Colorado Dancer,Deploy,Jawaher,Danzig,Foreign Courier,Irish River,Green Valley,Halo,Wishing Well,ロイヤルスキー,アグネスレディー,Nureyev,ツリーオブノレッジ,Alydar,Stick to Beauty,Mr. Prospector,Con Game,Shareef Dancer,Fall Aspen,Shirley Heights,Slightly Dangerous,ダンシングブレーヴ,High Tern,Northern Dancer,Pas de Nom,Sir Ivor,Courtly Dee,Riverman,Irish Star,Val de Loir,Sly Pola,Hail to Reason,Cosmah,Understanding,Mountain Flower,Raja Baba,Coz o'Nijinsky,リマンド,イコマエイカン,Northern Dancer,Special,Sassafras,Sensibility,Raise a Native,Sweet Tooth,Illustrious,Hail to Beauty
2021106734,ドレフォン,ナンシーフロムナイロビ,Gio Ponti,Eltimaas,Sixties Icon,Madame Hoi,Tale of the Cat,Chipeta Springs,Ghostzapper,Najecam,Galileo,Love Divine,Hawk Wing,Lindesberg,Storm Cat,Yarn,Alydar,Salt Spring,Awesome Again,Baby Zip,Trempolino,Sue Warner,Sadler's Wells,Urban Sea,Diesis,La Sky,Woodman,La Lorgnette,Doyoun,Be Discreet,Storm Bird,Terlingua,Mr. Prospector,Narrate,Raise a Native,Sweet Tooth,Salt Marsh,Jungle Mythologic,Deputy Minister,Primal Force,Relaunch,Thirty Zip,Sharpen Up,Trephine,Forli,Bitty Girl,Northern Dancer,Fairy Bridge,Miswaki,Allegretta,Sharpen Up,Doubly Sure,Law Society,Maryinsky,Mr. Prospector,プレイメイト,Val de l'Orne,The Temptress,Mill Reef,Dumka,ジュニアス,Querida
2019103570,ダンカーク,ニシノリコルディ,Unbridled's Song,Secret Status,ハーツクライ,ニシノブルームーン,Unbridled,Trolley Song,A.P. Indy,Private Status,サンデーサイレンス,アイリッシュダンス,タニノギムレット,カプリッチョーサ,Fappiano,Gana Facil,Caro,Lucky Spell,Seattle Slew,Weekend Surprise,Alydar,Miss Eva,Halo,Wishing Well,トニービン,ビューパーダンス,ブライアンズタイム,タニノクリスタル,Alzao,Clanjingle,Mr. Prospector,Killaloe,Le Fabuleux,Charedi,フォルティノ,Chambord,Lucky Mel,Incantation,Bold Reasoning,My Charmer,Secretariat,Lassie Dear,Raise a Native,Sweet Tooth,Con Brio,Apolinea,Hail to Reason,Cosmah,Understanding,Mountain Flower,カンパラ,Severn Bridge,Lyphard,My Bupers,Roberto,Kelley's Day,クリスタルパレス,タニノシーバード,Lyphard,Lady Rebecca,Tumble Wind,Fille Sifflante
2020103795,ドゥラメンテ,メジロマリアン,キングカメハメハ,アドマイヤグルーヴ,メジロベイリー,メジロサンドラ,Kingmambo,マンファス,サンデーサイレンス,エアグルーヴ,サンデーサイレンス,レールデュタン,メジロマックイーン,カンパナ,Mr. Prospector,Miesque,ラストタイクーン,Pilot Bird,Halo,Wishing Well,トニービン,ダイナカール,Halo,Wishing Well,マルゼンスキー,ケイツナミ,メジロティターン,メジロオーロラ,Sadler's Wells,Two Rings,Raise a Native,Gold Digger,Nureyev,Pasadoble,トライマイベスト,Mill Princess,Blakeney,The Dancer,Hail to Reason,Cosmah,Understanding,Mountain Flower,カンパラ,Severn Bridge,ノーザンテースト,シャダイフェザー,Hail to Reason,Cosmah,Understanding,Mountain Flower,Nijinsky,シル,ラディガ,ハイビスカス,メジロアサマ,シエリル,リマンド,メジロアイリス,Northern Dancer,Fairy Bridge,Round Table,Allofthem
2020103007,リアルスティール,ファビュラスセンス,ディープインパクト,ラヴズオンリーミー,グラスワンダー,ファビラスターン,サンデーサイレンス,ウインドインハーヘア,Storm Cat,Monevassia,Silver Hawk,Ameriflora,サンデーサイレンス,カッティングエッジ,Halo,Wishing Well,Alzao,Burghclere,Storm Bird,Terlingua,Mr. Prospector,Miesque,Roberto,Gris Vitesse,Danzig,Graceful Touch,Halo,Wishing Well,ファバージ,メルドスポート,Hail to Reason,Cosmah,Understanding,Mountain Flower,Lyphard,Lady Rebecca,Busted,Highclere,Northern Dancer,South Ocean,Secretariat,Crimson Saint,Raise a Native,Gold Digger,Nureyev,Pasadoble,Hail to Reason,Bramalea,Amerigo,Matchiche,Northern Dancer,Pas de Nom,His Majesty,Pi Phi Gal,Hail to Reason,Cosmah,Understanding,Mountain Flower,Princely Gift,Spring Offensive,ノーザンテースト,シヤダイプリマ
2018102040,ハーツクライ,キトゥンズクイーン,サンデーサイレンス,アイリッシュダンス,Kitten's Joy,High Chant,Halo,Wishing Well,トニービン,ビューパーダンス,El Prado,Kitten's First,War Chant,Highfalutin,Hail to Reason,Cosmah,Understanding,Mountain Flower,カンパラ,Severn Bridge,Lyphard,My Bupers,Sadler's Wells,Lady Capulet,Lear Fan,That's My Hon,Danzig,Hollywood Wildcat,Silver Deputy,Constant Change,Turn-to,Nothirdchance,Cosmic Bomb,Almahmoud,Promised Land,Pretty Ways,Montparnasse,Edelweiss,Kalamoun,State Pension,Hornbeam,Priddy Fair,Northern Dancer,Goofed,Bupers,Princess Revoked,Northern Dancer,Fairy Bridge,Sir Ivor,Cap and Bells,Roberto,Wac,L'Enjoleur,One Lane,Northern Dancer,Pas de Nom,Kris S.,Miss Wildcatter,Deputy Minister,Silver Valley,High Echelon,Never Scheme
2021100170,ロードカナロア,ルアンジュ,キングカメハメハ,レディブラッサム,マンハッタンカフェ,サッカーマム,Kingmambo,マンファス,Storm Cat,サラトガデュー,サンデーサイレンス,サトルチェンジ,Kingmambo,Traverse City,Mr. Prospector,Miesque,ラストタイクーン,Pilot Bird,Storm Bird,Terlingua,Cormorant,Super Luna,Halo,Wishing Well,Law Society,Santa Luciana,Mr. Prospector,Miesque,Halo,Cherry Jubilee,Raise a Native,Gold Digger,Nureyev,Pasadoble,トライマイベスト,Mill Princess,Blakeney,The Dancer,Northern Dancer,South Ocean,Secretariat,Crimson Saint,His Majesty,Song Sparrow,In Reality,Alada,Hail to Reason,Cosmah,Understanding,Mountain Flower,Alleged,Bold Bikini,Luciano,Suleika,Raise a Native,Gold Digger,Nureyev,Pasadoble,Hail to Reason,Cosmah,Coastal,Cherry Willow
2022105775,ルヴァンスレーヴ,カラフルデイズ,シンボリクリスエス,マエストラーレ,フジキセキ,アイヴォリーカラー,Kris S.,Tee Kay,ネオユニヴァース,オータムブリーズ,サンデーサイレンス,ミルレーサー,クロフネ,アピーリングストーリー,Roberto,Sharp Queen,Gold Meridian,Tri Argo,サンデーサイレンス,ポインテッドパス,ティンバーカントリー,セプテンバーソング,Halo,Wishing Well,Le Fabuleux,Marston's Mill,フレンチデピュティ,ブルーアヴェニュー,Valid Appeal,Charming Story,Hail to Reason,Bramalea,Princequillo,Bridgework,Seattle Slew,Queen Louie,Tri Jet,Hail Proudly,Halo,Wishing Well,Kris,Silken Way,Woodman,Fall Aspen,リアルシャダイ,ダイナフェアリー,Hail to Reason,Cosmah,Understanding,Mountain Flower,Wild Risk,Anguar,In Reality,Millicent,Deputy Minister,Mitterand,Classic Go Go,Eliza Blue,In Reality,Desert Trial,Hail to Reason,Dame Fritchie
2021104416,カリフォルニアクローム,ハナフブキ,Lucky Pulpit,Love the Chase,ディープインパクト,ハンナフレグランス,Pulpit,Lucky Soph,Not for Love,Chase It Down,サンデーサイレンス,ウインドインハーヘア,Favorite Trick,Eliza Donner,A.P. Indy,Preach,Cozzene,Lucky Spell,Mr. Prospector,Dance Number,Polish Numbers,Chase the Dream,Halo,Wishing Well,Alzao,Burghclere,Phone Trick,Evil Elaine,Oh Say,Witch Wabbit,Seattle Slew,Weekend Surprise,Mr. Prospector,Narrate,Caro,Ride the Trails,Lucky Mel,Incantation,Raise a Native,Gold Digger,Northern Dancer,Numbered Account,Danzig,Numbered Account,Sir Ivor,La Belle Fleur,Hail to Reason,Cosmah,Understanding,Mountain Flower,Lyphard,Lady Rebecca,Busted,Highclere,Clever Trick,Over the Phone,Medieval Man,Distinctive Elaine,Hoist the Flag,Light Hearted,Salem,Won Wabbit
2020102724,ドレフォン,リリカルホワイト,Gio Ponti,Eltimaas,ダイワメジャー,リリウム,Tale of the Cat,Chipeta Springs,Ghostzapper,Najecam,サンデーサイレンス,スカーレットブーケ,クロフネ,ベゴニア,Storm Cat,Yarn,Alydar,Salt Spring,Awesome Again,Baby Zip,Trempolino,Sue Warner,Halo,Wishing Well,ノーザンテースト,スカーレットインク,フレンチデピュティ,ブルーアヴェニュー,Plugged Nickle,Dahlia,Storm Bird,Terlingua,Mr. Prospector,Narrate,Raise a Native,Sweet Tooth,Salt Marsh,Jungle Mythologic,Deputy Minister,Primal Force,Relaunch,Thirty Zip,Sharpen Up,Trephine,Forli,Bitty Girl,Hail to Reason,Cosmah,Understanding,Mountain Flower,Northern Dancer,Lady Victoria,Crimson Satan,Consentida,Deputy Minister,Mitterand,Classic Go Go,Eliza Blue,Key to the Mint,Toll Booth,Vaguely Noble,Charming Alibi
2018101989,ディスクリートキャット,ジョディーズロマン,Forestry,Pretty Discreet,サムライハート,ジョディーディア,Storm Cat,Shared Interest,Private Account,Pretty Persuasive,サンデーサイレンス,エアグルーヴ,Woodman,Graceful Jody,Storm Bird,Terlingua,Pleasant Colony,Surgery,Damascus,Numbered Account,Believe It,Bury the Hatchet,Halo,Wishing Well,トニービン,ダイナカール,Mr. Prospector,プレイメイト,Vice Regent,Graceful Touch,Northern Dancer,South Ocean,Secretariat,Crimson Saint,His Majesty,Sun Colony,Dr. Fager,Bold Sequence,Sword Dancer,Kerala,Buckpasser,Intriguing,In Reality,Breakfast Bell,Tom Rolfe,Christmas Whishes,Hail to Reason,Cosmah,Understanding,Mountain Flower,カンパラ,Severn Bridge,ノーザンテースト,シャダイフェザー,Raise a Native,Gold Digger,Buckpasser,Intriguing,Northern Dancer,Victoria Regina,His Majesty,Pi Phi Gal
2022101818,デクラレーションオブウォー,ホウライアキコ,War Front,Tempo West,ヨハネスブルグ,ホウライサンデー,Danzig,Starry Dreamer,Rahy,Tempo,ヘネシー,Myth,サンデーサイレンス,ホウライコメット,Northern Dancer,Pas de Nom,Rubiano,Lara's Star,Blushing Groom,Glorious Song,Gone West,Terpsichorist,Storm Cat,Island Kitty,オジジアン,Yarn,Halo,Wishing Well,Woodman,Catopetl,Nearctic,Natalma,Admiral's Voyage,Petitioner,Fappiano,Ruby Slippers,Forli,True Reality,Red God,Runaway Bride,Halo,Ballade,Mr. Prospector,Secrettame,Nijinsky,Glad Rags,Storm Bird,Terlingua,Hawaii,T. C. Kitten,Damascus,Gonfalon,Mr. Prospector,Narrate,Hail to Reason,Cosmah,Understanding,Mountain Flower,Mr. Prospector,プレイメイト,Northern Dancer,Betty's Secret
2020105494,エイシンヒカリ,ニシノオマージュ,ディープインパクト,キャタリナ,ストリートセンス,ニシノフジムスメ,サンデーサイレンス,ウインドインハーヘア,Storm Cat,Carolina Saga,Street Cry,Bedazzle,キングヘイロー,ブランドアート,Halo,Wishing Well,Alzao,Burghclere,Storm Bird,Terlingua,Caro,Key to the Saga,Machiavellian,Helen Street,Dixieland Band,Majestic Legend,ダンシングブレーヴ,グッバイヘイロー,ビショップボブ,ニシノアート,Hail to Reason,Cosmah,Understanding,Mountain Flower,Lyphard,Lady Rebecca,Busted,Highclere,Northern Dancer,South Ocean,Secretariat,Crimson Saint,フォルティノ,Chambord,Key to the Mint,Sea Saga,Mr. Prospector,Coup de Folie,Troy,Waterway,Northern Dancer,Mississippi Mud,His Majesty,Long Legend,Lyphard,Navajo Princess,Halo,Pound Foolish,Clever Trick,Screen Shot,ネヴァーダンス,ムサシネイティブ
2021103096,サンダースノー,イデアオブクィーン,Helmet,Eastern Joy,キングカメハメハ,エムオーフィーバー,Exceed And Excel,Accessories,Dubai Destination,Red Slippers,Kingmambo,マンファス,メジロマックイーン,ハローシャノン,デインヒル,Patrona,シングスピール,Anna Matrushka,Kingmambo,Mysterial,Nureyev,Morning Devotion,Mr. Prospector,Miesque,ラストタイクーン,Pilot Bird,メジロティターン,メジロオーロラ,サンデーサイレンス,ハローサマー,Danzig,Razyana,Lomond,Gladiolus,In the Wings,Glorious Song,Mill Reef,Anna Paola,Mr. Prospector,Miesque,Alleged,Mysteries,Northern Dancer,Special,Affirmed,Morning Has Broken,Raise a Native,Gold Digger,Nureyev,Pasadoble,トライマイベスト,Mill Princess,Blakeney,The Dancer,メジロアサマ,シエリル,リマンド,メジロアイリス,Halo,Wishing Well,Diesis,Spring Adieu
2021105750,ドゥラメンテ,プリティカリーナ,キングカメハメハ,アドマイヤグルーヴ,Seeking the Gold,Ile de France,Kingmambo,マンファス,サンデーサイレンス,エアグルーヴ,Mr. Prospector,Con Game,Storm Cat,Cara Rafaela,Mr. Prospector,Miesque,ラストタイクーン,Pilot Bird,Halo,Wishing Well,トニービン,ダイナカール,Raise a Native,Gold Digger,Buckpasser,Broadway,Storm Bird,Terlingua,Quiet American,Oil Fable,Raise a Native,Gold Digger,Nureyev,Pasadoble,トライマイベスト,Mill Princess,Blakeney,The Dancer,Hail to Reason,Cosmah,Understanding,Mountain Flower,カンパラ,Severn Bridge,ノーザンテースト,シャダイフェザー,Native Dancer,Raise You,Nashua,Sequence,Tom Fool,Busanda,Hasty Road,Flitabout,Northern Dancer,South Ocean,Secretariat,Crimson Saint,Fappiano,Demure,Spectacular Bid,Northern Fable
2021102982,American Pharoah,ジャンナスキッキ,Pioneerof the Nile,Littleprincessemma,War Front,Shawara,エンパイアメーカー,Star of Goshen,Yankee Gentleman,Exclusive Rosette,Danzig,Starry Dreamer,Barathea,Shamawna,Unbridled,Toussaud,Lord at War,Castle Eight,Storm Cat,Key Phrase,Ecliptical,Zetta Jet,Northern Dancer,Pas de Nom,Rubiano,Lara's Star,Sadler's Wells,Brocade,Darshaan,Shamsana,Fappiano,Gana Facil,El Gran Senor,Image of Reality,General,Luna de Miel,Key to the Kingdom,Her Native,Storm Bird,Terlingua,Flying Paster,Sown,Exclusive Native,Minnetonka,Tri Jet,Queen Zetta,Nearctic,Natalma,Admiral's Voyage,Petitioner,Fappiano,Ruby Slippers,Forli,True Reality,Northern Dancer,Fairy Bridge,Habitat,Canton Silk,Shirley Heights,Delsy,Nijinsky,Shanizadeh
2021101235,スクリーンヒーロー,バラベルサイユ,グラスワンダー,ランニングヒロイン,アグネスデジタル,ナイスグリンベル,Silver Hawk,Ameriflora,サンデーサイレンス,ダイナアクトレス,Crafty Prospector,Chancey Squaw,クリスタルグリッターズ,ミヤサンレディ,Roberto,Gris Vitesse,Danzig,Graceful Touch,Halo,Wishing Well,ノーザンテースト,モデルスポート,Mr. Prospector,Real Crafty Lady,Chief's Crown,Allicance,Blushing Groom,Tales to Tell,ラッキーソブリン,タケノアレグロ,Hail to Reason,Bramalea,Amerigo,Matchiche,Northern Dancer,Pas de Nom,His Majesty,Pi Phi Gal,Hail to Reason,Cosmah,Understanding,Mountain Flower,Northern Dancer,Lady Victoria,モデルフール,マジックゴデイス,Raise a Native,Gold Digger,In Reality,Princess Roycraft,Danzig,Six Crowns,Alleged,Runaway Bride,Red God,Runaway Bride,Donut King,Fleeting Doll,Nijinsky,Sovereign,ファバージ,ヒンドバース
2022105564,ジャスタウェイ,ルーラ,ハーツクライ,シビル,Oasis Dream,Dominica,サンデーサイレンス,アイリッシュダンス,Wild Again,シャロン,Green Desert,Hope,Alhaarth,Dominio,Halo,Wishing Well,トニービン,ビューパーダンス,Icecapade,Bushel-n-Peck,Mo Exception,Double Wiggle,Danzig,Foreign Courier,ダンシングブレーヴ,Bahamian,Unfuwain,Irish Valley,Dominion,La Tuerta,Hail to Reason,Cosmah,Understanding,Mountain Flower,カンパラ,Severn Bridge,Lyphard,My Bupers,Nearctic,Shenanigans,Khaled,Dama,Hard Work,With Exception,Sir Wiggle,Blue Double,Northern Dancer,Pas de Nom,Sir Ivor,Courtly Dee,Lyphard,Navajo Princess,Mill Reef,Sorbus,Northern Dancer,Height of Fashion,Irish River,Green Valley,Derring-Do,Picture Palace,ホットスパーク,Smarten Up
2019105413,アジアエクスプレス,ベッライリス,ヘニーヒューズ,ランニングボブキャッツ,ディープインパクト,ベッラレイア,ヘネシー,Meadow Flyer,Running Stag,Backatem,サンデーサイレンス,ウインドインハーヘア,ナリタトップロード,マリスター,Storm Cat,Island Kitty,Meadowlake,Shortley,Cozzene,Fruhlingstag,Notebook,Deputy's Mistress,Halo,Wishing Well,Alzao,Burghclere,サッカーボーイ,フローラルマジック,Baldski,Pink Dove,Storm Bird,Terlingua,Hawaii,T. C. Kitten,Hold Your Peace,Suspicious Native,Hagley,Short Winded,Caro,Ride the Trails,Orsini,Revada,Well Decorated,Mobcap,Deputy Minister,River Crossing,Hail to Reason,Cosmah,Understanding,Mountain Flower,Lyphard,Lady Rebecca,Busted,Highclere,ディクタス,ダイナサッシュ,Affirmed,Rare Lady,Nijinsky,Too Bald,Argument,Perfect Pigeon
2022110120,Not This Time,Dos Vinos,Giant's Causeway,Miss Macy Sue,Twirling Candy,Gatorette,Storm Cat,Mariah's Storm,Trippi,Yada Yada,Candy Ride,House of Danzing,Distorted Humor,Gigi's Skyflyer,Storm Bird,Terlingua,Rahy,イメンス,エンドスウィープ,Jealous Appeal,Great Above,Stem,Ride the Rails,Candy Girl,Chester House,Danzing Crown,フォーティナイナー,Danzig's Beauty,Skywalker,Flying Paster Gigi,Northern Dancer,South Ocean,Secretariat,Crimson Saint,Blushing Groom,Glorious Song,Roberto,Imsodear,フォーティナイナー,Broom Dance,Valid Appeal,Jealous Cat,Minnesota Mac,Ta Wee,Damascus,Tweak,Cryptoclearance,Herbalesian,Candy Stripes,City Girl,Mr. Prospector,Toussaud,Danzig,Crownette,Mr. Prospector,File,Danzig,Sweetest Chant,Relaunch,Bold Captive,Flying Paster,Promised Woman
2022103614,ナダル,グリントオブライト,Blame,Ascending Angel,ステイゴールド,アドマイヤライト,Arch,Liable,Pulpit,Solar Colony,サンデーサイレンス,ゴールデンサッシュ,Kris S.,ホワットケイティーディド,Kris S.,Aurora,Seeking the Gold,Bound,A.P. Indy,Preach,Pleasant Colony,Meteor Stage,Halo,Wishing Well,ディクタス,ダイナサッシュ,Roberto,Sharp Queen,Nureyev,Katies,Roberto,Sharp Queen,Danzig,Althea,Mr. Prospector,Con Game,Nijinsky,Special,Seattle Slew,Weekend Surprise,Mr. Prospector,Narrate,His Majesty,Sun Colony,Stage Door Johnny,Northern Meteor,Hail to Reason,Cosmah,Understanding,Mountain Flower,Sanctus,Doronic,ノーザンテースト,ロイヤルサッシュ,Hail to Reason,Bramalea,Princequillo,Bridgework,Northern Dancer,Special,ノノアルコ,Mortefontaine
2023107288,サトノダイヤモンド,ライフフォーセール,ディープインパクト,マルペンサ,Not For Sale,Doubt Fire,サンデーサイレンス,ウインドインハーヘア,Orpen,Marsella,Parade Marshal,Love for Sale,Ski Champ,My Little Life,Halo,Wishing Well,Alzao,Burghclere,Lure,Bonita Francita,サザンヘイロー,Riviere,Caro,Stepping High,Laramie Trail,Museliere,Icecapade,Ski Goggle,Ghadeer,Dimane,Hail to Reason,Cosmah,Understanding,Mountain Flower,Lyphard,Lady Rebecca,Busted,Highclere,Danzig,Endear,Devil's Bag,Raise the Standard,Halo,Northern Sea,Logical,Talonada,フォルティノ,Chambord,No Robbery,Bebop,Swaps,Wildwook,Malambo,Romina,Nearctic,Shenanigans,ロイヤルスキー,Mississippi Siren,Lyphard,Swanilda,Janus,Oscilacao
2023100797,ジョーカプチーノ,クラウンハッピー,マンハッタンカフェ,ジョープシケ,スウェプトオーヴァーボード,シルクピュアハート,サンデーサイレンス,サトルチェンジ,フサイチコンコルド,ジョーユーチャリス,エンドスウィープ,Sheer Ice,マヤノトップガン,シルキーグランス,Halo,Wishing Well,Law Society,Santa Luciana,Caerleon,バレークイーン,トウショウボーイ,ジョーバブーン,フォーティナイナー,Broom Dance,Cutlass,Hey Dolly A.,ブライアンズタイム,アルプミープリーズ,Kingmambo,Northern Glance,Hail to Reason,Cosmah,Understanding,Mountain Flower,Alleged,Bold Bikini,Luciano,Suleika,Nijinsky,Foreseer,Sadler's Wells,Sun Princess,テスコボーイ,ソシアルバターフライ,フォルティノ,ハードゲイ,Mr. Prospector,File,Dance Spell,Witching Hour,Damascus,Aphonia,Ambehaving,Swift Deal,Roberto,Kelley's Day,Blushing Groom,Swiss,Mr. Prospector,Miesque,Nijinsky,Pass a Glance
2023103418,イスラボニータ,ザウェイアイアム,フジキセキ,イスラコジーン,Thewayyouare,Water Feature,サンデーサイレンス,ミルレーサー,Cozzene,Isla Mujeres,Kingmambo,Maryinsky,Dansili,Shining Water,Halo,Wishing Well,Le Fabuleux,Marston's Mill,Caro,Ride the Trails,Crafty Prospector,Lido Isle,Mr. Prospector,Miesque,Sadler's Wells,Blush With Pride,デインヒル,Hasili,Kalaglow,Idle Waters,Hail to Reason,Cosmah,Understanding,Mountain Flower,Wild Risk,Anguar,In Reality,Millicent,フォルティノ,Chambord,Prince John,Wildwook,Mr. Prospector,Real Crafty Lady,Far North,She Is Gorgeous,Raise a Native,Gold Digger,Nureyev,Pasadoble,Northern Dancer,Fairy Bridge,Blushing Groom,Best in Show,Danzig,Razyana,Kahyasi,Kerali,Kalamoun,Rossitor,Mill Reef,Midsummertime
2023104960,ダノンプレミアム,イゾラド,ディープインパクト,インディアナギャル,グラスワンダー,オールウェイズグッドサンクス,サンデーサイレンス,ウインドインハーヘア,Intikhab,Genial Jenny,Silver Hawk,Ameriflora,Miswaki,Redeemer,Halo,Wishing Well,Alzao,Burghclere,Red Ransom,Crafty Example,デインヒル,Joma Kaanem,Roberto,Gris Vitesse,Danzig,Graceful Touch,Mr. Prospector,Hopespringseternal,Dixieland Band,Printing Press,Hail to Reason,Cosmah,Understanding,Mountain Flower,Lyphard,Lady Rebecca,Busted,Highclere,Roberto,アラビア,Crafty Prospector,Zienelle,Danzig,Razyana,Double Form,Ash Lawn,Hail to Reason,Bramalea,Amerigo,Matchiche,Northern Dancer,Pas de Nom,His Majesty,Pi Phi Gal,Raise a Native,Gold Digger,Buckpasser,Rose Bower,Northern Dancer,Mississippi Mud,In Reality,Wealth of Nations
2023103101,ヘンリーバローズ,ラダームブランシェ,ディープインパクト,シルヴァースカヤ,チチカステナンゴ,アーデルハイト,サンデーサイレンス,ウインドインハーヘア,Silver Hawk,Boubskaia,Smadoun,スマラ,アグネスタキオン,ビワハイジ,Halo,Wishing Well,Alzao,Burghclere,Roberto,Gris Vitesse,Niniski,Frenetique,Kaldoun,Mossma,Antheus,Small Partie,サンデーサイレンス,アグネスフローラ,Caerleon,アグサン,Hail to Reason,Cosmah,Understanding,Mountain Flower,Lyphard,Lady Rebecca,Busted,Highclere,Hail to Reason,Bramalea,Amerigo,Matchiche,Nijinsky,Virginia Hills,Tyrant,Femina,Caro,Katana,Tip Moss,Ticma,Northern Dancer,Apachee,Fabulous Dancer,Summer Parties,Halo,Wishing Well,ロイヤルスキー,アグネスレディー,Nijinsky,Foreseer,Lord Gayle,Santa Luciana
2023100169,ダノンプレミアム,エレクトロワールド,ディープインパクト,インディアナギャル,Into Mischief,Ava Pie,サンデーサイレンス,ウインドインハーヘア,Intikhab,Genial Jenny,Harlan's Holiday,Leslie's Lady,Distorted Humor,Lakenheath,Halo,Wishing Well,Alzao,Burghclere,Red Ransom,Crafty Example,デインヒル,Joma Kaanem,Harlan,Christmas in Aiken,Tricky Creek,Crystal Lady,フォーティナイナー,Danzig's Beauty,コロニアルアッフェアー,November Breeze,Hail to Reason,Cosmah,Understanding,Mountain Flower,Lyphard,Lady Rebecca,Busted,Highclere,Roberto,アラビア,Crafty Prospector,Zienelle,Danzig,Razyana,Double Form,Ash Lawn,Storm Cat,Country Romance,Affirmed,Dowager,Clever Trick,Battle Creek Girl,Stop the Music,One Last Bird,Mr. Prospector,File,Danzig,Sweetest Chant,Pleasant Colony,Snuggle,Northern Baby,No Opening
2023105345,リオンディーズ,レイリオン,キングカメハメハ,シーザリオ,ダイワメジャー,リリサイド,Kingmambo,マンファス,スペシャルウィーク,キロフプリミエール,サンデーサイレンス,スカーレットブーケ,American Post,Miller's Lily,Mr. Prospector,Miesque,ラストタイクーン,Pilot Bird,サンデーサイレンス,キャンペンガール,Sadler's Wells,Querida,Halo,Wishing Well,ノーザンテースト,スカーレットインク,Bering,Wells Fargo,ミラーズメイト,Lymara,Raise a Native,Gold Digger,Nureyev,Pasadoble,トライマイベスト,Mill Princess,Blakeney,The Dancer,Halo,Wishing Well,マルゼンスキー,レディーシラオキ,Northern Dancer,Fairy Bridge,Habitat,Principia,Hail to Reason,Cosmah,Understanding,Mountain Flower,Northern Dancer,Lady Victoria,Crimson Satan,Consentida,Arctic Tern,Beaune,Sadler's Wells,Cruising Height,Mill Reef,Primatie,Lyphard,Maradadi
2023106325,インディチャンプ,カトルラポール,ステイゴールド,ウィルパワー,グラスワンダー,スポーティングラダー,サンデーサイレンス,ゴールデンサッシュ,キングカメハメハ,トキオリアリティー,Silver Hawk,Ameriflora,Danzig,Lydara,Halo,Wishing Well,ディクタス,ダイナサッシュ,Kingmambo,マンファス,Meadowlake,What a Reality,Roberto,Gris Vitesse,Danzig,Graceful Touch,Northern Dancer,Pas de Nom,Alydar,Stick to Beauty,Hail to Reason,Cosmah,Understanding,Mountain Flower,Sanctus,Doronic,ノーザンテースト,ロイヤルサッシュ,Mr. Prospector,Miesque,ラストタイクーン,Pilot Bird,Hold Your Peace,Suspicious Native,In Reality,What Will Be,Hail to Reason,Bramalea,Amerigo,Matchiche,Northern Dancer,Pas de Nom,His Majesty,Pi Phi Gal,Nearctic,Natalma,Admiral's Voyage,Petitioner,Raise a Native,Sweet Tooth,Illustrious,Hail to Beauty
2023110055,Kingman,フィドゥーシア,Invincible Spirit,Zenda,Medaglia d'Oro,ビリーヴ,Green Desert,Rafha,Zamindar,Hope,El Prado,Cappucino Bay,サンデーサイレンス,グレートクリスティーヌ,Danzig,Foreign Courier,Kris,Eljazzi,Gone West,Zaizafon,ダンシングブレーヴ,Bahamian,Sadler's Wells,Lady Capulet,Bailjumper,Dubbed In,Halo,Wishing Well,Danzig,Great Lady M.,Northern Dancer,Pas de Nom,Sir Ivor,Courtly Dee,Sharpen Up,Doubly Sure,アーテイアス,Border Bounty,Mr. Prospector,Secrettame,The Minstrel,Mofida,Lyphard,Navajo Princess,Mill Reef,Sorbus,Northern Dancer,Fairy Bridge,Sir Ivor,Cap and Bells,Damascus,Court Circuit,Silent Screen,Society Singer,Hail to Reason,Cosmah,Understanding,Mountain Flower,Northern Dancer,Pas de Nom,Icecapade,Sovereign Lady
2023101727,ビッグアーサー,ダイヤモンドアイズ,サクラバクシンオー,シヤボナ,マンハッタンカフェ,アグネスサクラ,サクラユタカオー,サクラハゴロモ,Kingmambo,Relish,サンデーサイレンス,サトルチェンジ,ホワイトマズル,アグネスパサー,テスコボーイ,アンジェリカ,ノーザンテースト,クリアアンバー,Mr. Prospector,Miesque,Sadler's Wells,Reloy,Halo,Wishing Well,Law Society,Santa Luciana,ダンシングブレーヴ,Fair of the Furze,エルコンドルパサー,アグネスセレーネー,Princely Gift,Suncourt,ネヴァービート,スターハイネス,Northern Dancer,Lady Victoria,Ambiopoise,One Clear Call,Raise a Native,Gold Digger,Nureyev,Pasadoble,Northern Dancer,Fairy Bridge,Liloy,Rescousse,Hail to Reason,Cosmah,Understanding,Mountain Flower,Alleged,Bold Bikini,Luciano,Suleika,Lyphard,Navajo Princess,Ela-Mana-Mou,Autocratic,Kingmambo,サドラーズギャル,トニービン,アグネスフローラ
2023106197,ビーチパトロール,フレンドパリ,Lemon Drop Kid,Bashful Bertie,アグネスデジタル,フェレット,Kingmambo,Charming Lassie,Quiet American,Clever Bertie,Crafty Prospector,Chancey Squaw,サンデーサイレンス,フェルモイ,Mr. Prospector,Miesque,Seattle Slew,Lassie Dear,Fappiano,Demure,Timeless Native,Clever But Costly,Mr. Prospector,Real Crafty Lady,Chief's Crown,Allicance,Halo,Wishing Well,Irish River,Victoress,Raise a Native,Gold Digger,Nureyev,Pasadoble,Bold Reasoning,My Charmer,Buckpasser,Gay Missile,Mr. Prospector,Killaloe,Dr. Fager,Quiet Charm,Timeless Moment,Head Off,Clever Trick,Swoonlow,Raise a Native,Gold Digger,In Reality,Princess Roycraft,Danzig,Six Crowns,Alleged,Runaway Bride,Hail to Reason,Cosmah,Understanding,Mountain Flower,Riverman,Irish Star,Conquistador Cielo,Royal Statute
2023110065,American Pharoah,Limari,Pioneerof the Nile,Littleprincessemma,Medaglia d'Oro,Elbe,エンパイアメーカー,Star of Goshen,Yankee Gentleman,Exclusive Rosette,El Prado,Cappucino Bay,Dansili,Imroz,Unbridled,Toussaud,Lord at War,Castle Eight,Storm Cat,Key Phrase,Ecliptical,Zetta Jet,Sadler's Wells,Lady Capulet,Bailjumper,Dubbed In,デインヒル,Hasili,Nureyev,All At Sea,Fappiano,Gana Facil,El Gran Senor,Image of Reality,General,Luna de Miel,Key to the Kingdom,Her Native,Storm Bird,Terlingua,Flying Paster,Sown,Exclusive Native,Minnetonka,Tri Jet,Queen Zetta,Northern Dancer,Fairy Bridge,Sir Ivor,Cap and Bells,Damascus,Court Circuit,Silent Screen,Society Singer,Danzig,Razyana,Kahyasi,Kerali,Northern Dancer,Special,Riverman,Lost Virtue
2023100398,シャンハイボビー,レディーロックフォード,Harlan's Holiday,Steelin',Invincible Spirit,Sheezalady,Harlan,Christmas in Aiken,Orientate,Steel Band,Green Desert,Rafha,Zafonic,Canadian Mill,Storm Cat,Country Romance,Affirmed,Dowager,Mt. Livermore,Dream Team,Carson City,ウェディングバンド,Danzig,Foreign Courier,Kris,Eljazzi,Gone West,Zaizafon,Mill Reef,Par Excellance,Storm Bird,Terlingua,Halo,Sweet Romance,Exclusive Native,Won't Tell You,Honest Pleasure,Princessnesian,Blushing Groom,Flama Ardiente,Cox's Ridge,Likely Double,Mr. Prospector,Blushing Promise,Mighty Appealing,Ring of Steel,Northern Dancer,Pas de Nom,Sir Ivor,Courtly Dee,Sharpen Up,Doubly Sure,アーテイアス,Border Bounty,Mr. Prospector,Secrettame,The Minstrel,Mofida,Never Bend,Milan Mill,L'Enjoleur,Cam Shaft
2023106104,ダノンキングリー,ピースオブラヴ,ディープインパクト,マイグッドネス,マイネルラヴ,ピアラプソディ,サンデーサイレンス,ウインドインハーヘア,Storm Cat,Caressing,Seeking the Gold,Heart of Joy,ブライアンズタイム,ベルプリンセス,Halo,Wishing Well,Alzao,Burghclere,Storm Bird,Terlingua,Honour and Glory,Lovin Touch,Mr. Prospector,Con Game,リィフォー,Mythographer,Roberto,Kelley's Day,シルバーシャーク,カネジョリー,Hail to Reason,Cosmah,Understanding,Mountain Flower,Lyphard,Lady Rebecca,Busted,Highclere,Northern Dancer,South Ocean,Secretariat,Crimson Saint,Relaunch,Fair to All,Majestic Prince,Forest Princess,Raise a Native,Gold Digger,Buckpasser,Broadway,Lyphard,Klaizia,Secretariat,Arachne,Hail to Reason,Bramalea,Graustark,Golden Trail,Buisson Ardent,Palsaka,グレイモナーク,シンカオル
2023102542,ファインニードル,ブラックヒューマー,アドマイヤムーン,ニードルクラフト,ブラックタイド,フェリシタス,エンドスウィープ,マイケイティーズ,Mark of Esteem,Sharp Point,サンデーサイレンス,ウインドインハーヘア,キングズベスト,Embassy,フォーティナイナー,Broom Dance,サンデーサイレンス,ケイティーズファースト,Darshaan,Homage,ロイヤルアカデミー,Nice Point,Halo,Wishing Well,Alzao,Burghclere,Kingmambo,Allegretta,Cadeaux Genereux,Pass the Peace,Mr. Prospector,File,Dance Spell,Witching Hour,Halo,Wishing Well,Kris,Katies,Shirley Heights,Delsy,Ajdal,Home Love,Nijinsky,Crimson Saint,Sharpen Up,Alpine Niece,Hail to Reason,Cosmah,Understanding,Mountain Flower,Lyphard,Lady Rebecca,Busted,Highclere,Mr. Prospector,Miesque,Lombard,Anatevka,Young Generation,Smarten Up,Alzao,Lover's Rose
2022104645,キタサンブラック,インクルードベティ,ブラックタイド,シュガーハート,Include,Betty's Solutions,サンデーサイレンス,ウインドインハーヘア,サクラバクシンオー,オトメゴコロ,Broad Brush,Illeria,Eltish,Betty Lobelia,Halo,Wishing Well,Alzao,Burghclere,サクラユタカオー,サクラハゴロモ,ジャッジアンジェルーチ,テイズリー,Ack Ack,Hay Patcher,Stop the Music,Baldski's Holiday,Cox's Ridge,Nimble Feet,Assert,Fair Rosalind,Hail to Reason,Cosmah,Understanding,Mountain Flower,Lyphard,Lady Rebecca,Busted,Highclere,テスコボーイ,アンジェリカ,ノーザンテースト,クリアアンバー,Honest Pleasure,Victorian Queen,Lyphard,Tizna,Battle Joined,Fast Turn,Hoist the Flag,Turn to Talent,Hail to Reason,Bebopper,Baldski,Verset Holiday,Best Turn,Our Martha,Danzig,Nimble Folly,Be My Guest,Irish Bird,Exclusive Native,Thirty Years
2021106738,キズナ,ポウリナズラヴ,ディープインパクト,キャットクイル,Mizzen Mast,Electric Cove,サンデーサイレンス,ウインドインハーヘア,Storm Cat,Pacific Princess,Cozzene,Kinema,スピニングワールド,Electric Talent,Halo,Wishing Well,Alzao,Burghclere,Storm Bird,Terlingua,Damascus,Fiji,Caro,Ride the Trails,Graustark,Mrs. Peterkin,Nureyev,Imperfect Circle,Capote,Catch On Quick,Hail to Reason,Cosmah,Understanding,Mountain Flower,Lyphard,Lady Rebecca,Busted,Highclere,Northern Dancer,South Ocean,Secretariat,Crimson Saint,Sword Dancer,Kerala,Acropolis,Rififi,フォルティノ,Chambord,Prince John,Wildwook,Ribot,Flower Bowl,Tom Fool,Legendra,Northern Dancer,Special,Riverman,Aviance,Seattle Slew,Too Bald,Smarten,Culture Shock
2022104655,リアルスティール,ウィクトーリア,ディープインパクト,ラヴズオンリーミー,ヴィクトワールピサ,ブラックエンブレム,サンデーサイレンス,ウインドインハーヘア,Storm Cat,Monevassia,ネオユニヴァース,ホワイトウォーターアフェア,ウォーエンブレム,ヴァンドノワール,Halo,Wishing Well,Alzao,Burghclere,Storm Bird,Terlingua,Mr. Prospector,Miesque,サンデーサイレンス,ポインテッドパス,Machiavellian,Much Too Risky,Our Emblem,Sweetest Lady,ヘクタープロテクター,プリンセスデリーデ,Hail to Reason,Cosmah,Understanding,Mountain Flower,Lyphard,Lady Rebecca,Busted,Highclere,Northern Dancer,South Ocean,Secretariat,Crimson Saint,Raise a Native,Gold Digger,Nureyev,Pasadoble,Halo,Wishing Well,Kris,Silken Way,Mr. Prospector,Coup de Folie,Bustino,Short Rations,Mr. Prospector,Personal Ensign,Lord at War,Sweetest Roman,Woodman,Korveya,Vaguely Noble,Flashy
2022104416,スワーヴリチャード,リトルシャンブルズ,ハーツクライ,ピラミマ,Shamardal,Meiosis,サンデーサイレンス,アイリッシュダンス,Unbridled's Song,キャリアコレクション,Giant's Causeway,Helsinki,Danzig,Golden Opinion,Halo,Wishing Well,トニービン,ビューパーダンス,Unbridled,Trolley Song,General Meeting,River of Stars,Storm Cat,Mariah's Storm,Machiavellian,Helen Street,Northern Dancer,Pas de Nom,Slew o' Gold,Optimistic Lass,Hail to Reason,Cosmah,Understanding,Mountain Flower,カンパラ,Severn Bridge,Lyphard,My Bupers,Fappiano,Gana Facil,Caro,Lucky Spell,Seattle Slew,Alydar's Promise,Riverman,Star Fortune,Storm Bird,Terlingua,Rahy,イメンス,Mr. Prospector,Coup de Folie,Troy,Waterway,Nearctic,Natalma,Admiral's Voyage,Petitioner,Seattle Slew,Alluvial,Mr. Prospector,Loveliest
2021101134,グレーターロンドン,ピースワンオーレ,ディープインパクト,ロンドンブリッジ,ジャングルポケット,スカイウェー,サンデーサイレンス,ウインドインハーヘア,ドクターデヴィアス,オールフォーロンドン,トニービン,ダンスチャーマー,Trans Island,Zilayah,Halo,Wishing Well,Alzao,Burghclere,Ahonoora,Rose of Jericho,Danzig,Full Card,カンパラ,Severn Bridge,Nureyev,Skillful Joy,Selkirk,Khubza,Zilzal,Welsh Garden,Hail to Reason,Cosmah,Understanding,Mountain Flower,Lyphard,Lady Rebecca,Busted,Highclere,Lorenzaccio,Helen Nichols,Alleged,Rose Red,Northern Dancer,Pas de Nom,Damascus,Belle of the Ball,Kalamoun,State Pension,Hornbeam,Priddy Fair,Northern Dancer,Special,Nodouble,Skillful Miss,Sharpen Up,Annie Edge,Green Desert,Breadcrumb,Nureyev,French Charmer,Welsh Saint,Garden of Eden
2019104828,キングカメハメハ,ドバウィハイツ,Kingmambo,マンファス,Dubawi,Rosie's Posy,Mr. Prospector,Miesque,ラストタイクーン,Pilot Bird,Dubai Millennium,Zomaradah,Suave Dancer,My Branch,Raise a Native,Gold Digger,Nureyev,Pasadoble,トライマイベスト,Mill Princess,Blakeney,The Dancer,Seeking the Gold,Colorado Dancer,Deploy,Jawaher,Green Dancer,Suavite,Distant Relative,Pay The Bank,Native Dancer,Raise You,Nashua,Sequence,Northern Dancer,Special,Prove Out,Santa Quilla,Northern Dancer,Sex Appeal,Mill Reef,Irish Lass,Hethersett,Windmill Girl,Green Dancer,Khazaeen,Mr. Prospector,Con Game,Shareef Dancer,Fall Aspen,Shirley Heights,Slightly Dangerous,ダンシングブレーヴ,High Tern,Nijinsky,Green Valley,Alleged,Guinevere's Folly,Habitat,Royal Sister,High Top,Zebra Grass
2021105574,レイデオロ,シンハディーパ,キングカメハメハ,ラドラーダ,ウォーエンブレム,シンハリーズ,Kingmambo,マンファス,シンボリクリスエス,レディブロンド,Our Emblem,Sweetest Lady,シングスピール,Baize,Mr. Prospector,Miesque,ラストタイクーン,Pilot Bird,Kris S.,Tee Kay,Seeking the Gold,ウインドインハーヘア,Mr. Prospector,Personal Ensign,Lord at War,Sweetest Roman,In the Wings,Glorious Song,Efisio,Bayonne,Raise a Native,Gold Digger,Nureyev,Pasadoble,トライマイベスト,Mill Princess,Blakeney,The Dancer,Roberto,Sharp Queen,Gold Meridian,Tri Argo,Mr. Prospector,Con Game,Alzao,Burghclere,Raise a Native,Gold Digger,Private Account,Grecian Banner,General,Luna de Miel,The Pruner,I Also,Sadler's Wells,High Hawk,Halo,Ballade,Formidable,Eldoret,Bay Express,Lambay
2020105749,ゴールドシップ,ゲッカコウ,ステイゴールド,ポイントフラッグ,ロージズインメイ,チューベローズ,サンデーサイレンス,ゴールデンサッシュ,メジロマックイーン,パストラリズム,Devil His Due,Tell a Secret,シンボリクリスエス,チューニー,Halo,Wishing Well,ディクタス,ダイナサッシュ,メジロティターン,メジロオーロラ,プルラリズム,トクノエイティー,Devil's Bag,Plenty O'Toole,Speak John,Secret Retreat,Kris S.,Tee Kay,サンデーサイレンス,フロムビヨンド,Hail to Reason,Cosmah,Understanding,Mountain Flower,Sanctus,Doronic,ノーザンテースト,ロイヤルサッシュ,メジロアサマ,シエリル,リマンド,メジロアイリス,The Minstrel,Cambretta,トライバルチーフ,アイアンルビー,Halo,Ballade,Raise a Cup,Li'l Puss,Prince John,Nuit de Folies,Clandestine,Retirement,Roberto,Sharp Queen,Gold Meridian,Tri Argo,Halo,Wishing Well,Kris,Magic of Life
2021101387,サトノダイヤモンド,ガリレオズソング,ディープインパクト,マルペンサ,Galileo,Song to Remember,サンデーサイレンス,ウインドインハーヘア,Orpen,Marsella,Sadler's Wells,Urban Sea,Storm Cat,Wedding Reception,Halo,Wishing Well,Alzao,Burghclere,Lure,Bonita Francita,サザンヘイロー,Riviere,Northern Dancer,Fairy Bridge,Miswaki,Allegretta,Storm Bird,Terlingua,Round Table,Prodana Neviesta,Hail to Reason,Cosmah,Understanding,Mountain Flower,Lyphard,Lady Rebecca,Busted,Highclere,Danzig,Endear,Devil's Bag,Raise the Standard,Halo,Northern Sea,Logical,Talonada,Nearctic,Natalma,Bold Reason,Special,Mr. Prospector,Hopespringseternal,Lombard,Anatevka,Northern Dancer,South Ocean,Secretariat,Crimson Saint,Princequillo,Knights Daughter,Reneged,Jolie Deja
2019105168,ハーツクライ,クルソラ,サンデーサイレンス,アイリッシュダンス,Candy Stripes,Calorica,Halo,Wishing Well,トニービン,ビューパーダンス,Blushing Groom,バブルカンパニー,Ahmad,Canchera,Hail to Reason,Cosmah,Understanding,Mountain Flower,カンパラ,Severn Bridge,Lyphard,My Bupers,Red God,Runaway Bride,Lyphard,Prodice,Good Manners,Azyade,Pepenador,Cargada,Turn-to,Nothirdchance,Cosmic Bomb,Almahmoud,Promised Land,Pretty Ways,Montparnasse,Edelweiss,Kalamoun,State Pension,Hornbeam,Priddy Fair,Northern Dancer,Goofed,Bupers,Princess Revoked,Nasrullah,Spring Run,Wild Risk,Aimee,Northern Dancer,Goofed,Prominer,Euridice,Nashua,Fun House,Churrinche,Zeilah,Lucky Debonair,Ninon,Mariache,Casandra Real
2022104756,ハービンジャー,グラマラスライフ,Dansili,Penang Pearl,ハーツクライ,プリティカリーナ,デインヒル,Hasili,Bering,Guapa,サンデーサイレンス,アイリッシュダンス,Seeking the Gold,Ile de France,Danzig,Razyana,Kahyasi,Kerali,Arctic Tern,Beaune,Shareef Dancer,Sauceboat,Halo,Wishing Well,トニービン,ビューパーダンス,Mr. Prospector,Con Game,Storm Cat,Cara Rafaela,Northern Dancer,Pas de Nom,His Majesty,Spring Adieu,イルドブルボン,Kadissya,High Line,Sookera,Sea-Bird,Bubbling Beauty,Lyphard,Barbra,Northern Dancer,Sweet Alliance,Connaught,Cranberry Sauce,Hail to Reason,Cosmah,Understanding,Mountain Flower,カンパラ,Severn Bridge,Lyphard,My Bupers,Raise a Native,Gold Digger,Buckpasser,Broadway,Storm Bird,Terlingua,Quiet American,Oil Fable
2022104875,モーリス,ソシアルクラブ,スクリーンヒーロー,メジロフランシス,キングカメハメハ,ブエナビスタ,グラスワンダー,ランニングヒロイン,カーネギー,メジロモントレー,Kingmambo,マンファス,スペシャルウィーク,ビワハイジ,Silver Hawk,Ameriflora,サンデーサイレンス,ダイナアクトレス,Sadler's Wells,Detroit,モガミ,メジロクインシー,Mr. Prospector,Miesque,ラストタイクーン,Pilot Bird,サンデーサイレンス,キャンペンガール,Caerleon,アグサン,Roberto,Gris Vitesse,Danzig,Graceful Touch,Halo,Wishing Well,ノーザンテースト,モデルスポート,Northern Dancer,Fairy Bridge,Riverman,Derna,Lyphard,ノーラック,フィディオン,メジロボサツ,Raise a Native,Gold Digger,Nureyev,Pasadoble,トライマイベスト,Mill Princess,Blakeney,The Dancer,Halo,Wishing Well,マルゼンスキー,レディーシラオキ,Nijinsky,Foreseer,Lord Gayle,Santa Luciana
2022105030,サトノアラジン,プンタステラ,ディープインパクト,マジックストーム,Elusive City,Eroica,サンデーサイレンス,ウインドインハーヘア,Storm Cat,Foppy Dancer,Elusive Quality,Star of Paris,Highest Honor,Eirehill,Halo,Wishing Well,Alzao,Burghclere,Storm Bird,Terlingua,Fappiano,Water Dance,Gone West,Touch of Greatness,Dayjur,Liturgism,Kenmare,High River,デインヒル,Elegie,Hail to Reason,Cosmah,Understanding,Mountain Flower,Lyphard,Lady Rebecca,Busted,Highclere,Northern Dancer,South Ocean,Secretariat,Crimson Saint,Mr. Prospector,Killaloe,Nijinsky,Luiana,Mr. Prospector,Secrettame,Hero's Honor,Ivory Wand,Danzig,Gold Beauty,Native Charger,Cult,Kalamoun,Belle of Ireland,Riverman,Hairbrush,Danzig,Razyana,Teotepec,Elektra
2021105575,レイデオロ,シンハライト,キングカメハメハ,ラドラーダ,ディープインパクト,シンハリーズ,Kingmambo,マンファス,シンボリクリスエス,レディブロンド,サンデーサイレンス,ウインドインハーヘア,シングスピール,Baize,Mr. Prospector,Miesque,ラストタイクーン,Pilot Bird,Kris S.,Tee Kay,Seeking the Gold,ウインドインハーヘア,Halo,Wishing Well,Alzao,Burghclere,In the Wings,Glorious Song,Efisio,Bayonne,Raise a Native,Gold Digger,Nureyev,Pasadoble,トライマイベスト,Mill Princess,Blakeney,The Dancer,Roberto,Sharp Queen,Gold Meridian,Tri Argo,Mr. Prospector,Con Game,Alzao,Burghclere,Hail to Reason,Cosmah,Understanding,Mountain Flower,Lyphard,Lady Rebecca,Busted,Highclere,Sadler's Wells,High Hawk,Halo,Ballade,Formidable,Eldoret,Bay Express,Lambay
2021105769,サトノダイヤモンド,ペルヴィアンリリー,ディープインパクト,マルペンサ,フレンチデピュティ,ラスティックベル,サンデーサイレンス,ウインドインハーヘア,Orpen,Marsella,Deputy Minister,Mitterand,Mr. Prospector,Ragtime Girl,Halo,Wishing Well,Alzao,Burghclere,Lure,Bonita Francita,サザンヘイロー,Riviere,Vice Regent,Mint Copy,Hold Your Peace,Laredo Lass,Raise a Native,Gold Digger,Francis S.,Swinging Doll,Hail to Reason,Cosmah,Understanding,Mountain Flower,Lyphard,Lady Rebecca,Busted,Highclere,Danzig,Endear,Devil's Bag,Raise the Standard,Halo,Northern Sea,Logical,Talonada,Northern Dancer,Victoria Regina,Bunty's Flight,Shakney,Speak John,Blue Moon,Bold Ruler,Fortunate Isle,Native Dancer,Raise You,Nashua,Sequence,Royal Charger,Blue Eyed Momo,Raise a Native,Doll Ina
2022101191,ノーブルミッション,ウインルキア,Galileo,Kind,ディープインパクト,ゴールドデイ,Sadler's Wells,Urban Sea,デインヒル,Rainbow Lake,サンデーサイレンス,ウインドインハーヘア,Seeking the Gold,Kelley's Day,Northern Dancer,Fairy Bridge,Miswaki,Allegretta,Danzig,Razyana,Rainbow Quest,Rockfest,Halo,Wishing Well,Alzao,Burghclere,Mr. Prospector,Con Game,Graustark,Golden Trail,Nearctic,Natalma,Bold Reason,Special,Mr. Prospector,Hopespringseternal,Lombard,Anatevka,Northern Dancer,Pas de Nom,His Majesty,Spring Adieu,Blushing Groom,I Will Follow,Stage Door Johnny,Rock Garden,Hail to Reason,Cosmah,Understanding,Mountain Flower,Lyphard,Lady Rebecca,Busted,Highclere,Raise a Native,Gold Digger,Buckpasser,Broadway,Ribot,Flower Bowl,Hasty Road,Sunny Vale
2022106150,ミッキースワロー,スコルピオンキッス,トーセンホマレボシ,マドレボニータ,フレンチデピュティ,スティンガー,ディープインパクト,エヴリウィスパー,ジャングルポケット,ツィンクルブライド,Deputy Minister,Mitterand,サンデーサイレンス,レガシーオブストレングス,サンデーサイレンス,ウインドインハーヘア,ノーザンテースト,クラフテイワイフ,トニービン,ダンスチャーマー,Lyphard,デビルズブライド,Vice Regent,Mint Copy,Hold Your Peace,Laredo Lass,Halo,Wishing Well,Affirmed,Katonka,Halo,Wishing Well,Alzao,Burghclere,Northern Dancer,Lady Victoria,Crafty Prospector,Wife Mistress,カンパラ,Severn Bridge,Nureyev,Skillful Joy,Northern Dancer,Goofed,Caro,Satan's Pride,Northern Dancer,Victoria Regina,Bunty's Flight,Shakney,Speak John,Blue Moon,Bold Ruler,Fortunate Isle,Hail to Reason,Cosmah,Understanding,Mountain Flower,Exclusive Native,Won't Tell You,Minnesota Mac,Minnetonka
2021106068,シルバーステート,ファインステラ,ディープインパクト,シルヴァースカヤ,ルーラーシップ,メジロラルゴ,サンデーサイレンス,ウインドインハーヘア,Silver Hawk,Boubskaia,キングカメハメハ,エアグルーヴ,フジキセキ,メジロゲーベル,Halo,Wishing Well,Alzao,Burghclere,Roberto,Gris Vitesse,Niniski,Frenetique,Kingmambo,マンファス,トニービン,ダイナカール,サンデーサイレンス,ミルレーサー,ドクターデヴィアス,メジロエマ,Hail to Reason,Cosmah,Understanding,Mountain Flower,Lyphard,Lady Rebecca,Busted,Highclere,Hail to Reason,Bramalea,Amerigo,Matchiche,Nijinsky,Virginia Hills,Tyrant,Femina,Mr. Prospector,Miesque,ラストタイクーン,Pilot Bird,カンパラ,Severn Bridge,ノーザンテースト,シャダイフェザー,Halo,Wishing Well,Le Fabuleux,Marston's Mill,Ahonoora,Rose of Jericho,モガミ,アマゾンウォリアー
2021104931,レイデオロ,レッツサッチャー,キングカメハメハ,ラドラーダ,フレンチデピュティ,モスフロックス,Kingmambo,マンファス,シンボリクリスエス,レディブロンド,Deputy Minister,Mitterand,サンデーサイレンス,センボンザクラ,Mr. Prospector,Miesque,ラストタイクーン,Pilot Bird,Kris S.,Tee Kay,Seeking the Gold,ウインドインハーヘア,Vice Regent,Mint Copy,Hold Your Peace,Laredo Lass,Halo,Wishing Well,サクラユタカオー,ダイナフランダース,Raise a Native,Gold Digger,Nureyev,Pasadoble,トライマイベスト,Mill Princess,Blakeney,The Dancer,Roberto,Sharp Queen,Gold Meridian,Tri Argo,Mr. Prospector,Con Game,Alzao,Burghclere,Northern Dancer,Victoria Regina,Bunty's Flight,Shakney,Speak John,Blue Moon,Bold Ruler,Fortunate Isle,Hail to Reason,Cosmah,Understanding,Mountain Flower,テスコボーイ,アンジェリカ,ノーザンテースト,レディフランダーズ
2022104786,サートゥルナーリア,サトノユリア,ロードカナロア,シーザリオ,ディープインパクト,ソニックグルーヴ,キングカメハメハ,レディブラッサム,スペシャルウィーク,キロフプリミエール,サンデーサイレンス,ウインドインハーヘア,フレンチデピュティ,エアグルーヴ,Kingmambo,マンファス,Storm Cat,サラトガデュー,サンデーサイレンス,キャンペンガール,Sadler's Wells,Querida,Halo,Wishing Well,Alzao,Burghclere,Deputy Minister,Mitterand,トニービン,ダイナカール,Mr. Prospector,Miesque,ラストタイクーン,Pilot Bird,Storm Bird,Terlingua,Cormorant,Super Luna,Halo,Wishing Well,マルゼンスキー,レディーシラオキ,Northern Dancer,Fairy Bridge,Habitat,Principia,Hail to Reason,Cosmah,Understanding,Mountain Flower,Lyphard,Lady Rebecca,Busted,Highclere,Vice Regent,Mint Copy,Hold Your Peace,Laredo Lass,カンパラ,Severn Bridge,ノーザンテースト,シャダイフェザー
2022106800,キタサンブラック,ホワイトウインド,ブラックタイド,シュガーハート,スウェプトオーヴァーボード,ウインドローズ,サンデーサイレンス,ウインドインハーヘア,サクラバクシンオー,オトメゴコロ,エンドスウィープ,Sheer Ice,スペシャルウィーク,ベルシャルマンテ,Halo,Wishing Well,Alzao,Burghclere,サクラユタカオー,サクラハゴロモ,ジャッジアンジェルーチ,テイズリー,フォーティナイナー,Broom Dance,Cutlass,Hey Dolly A.,サンデーサイレンス,キャンペンガール,ヤマニンスキー,ベルトップレディ,Hail to Reason,Cosmah,Understanding,Mountain Flower,Lyphard,Lady Rebecca,Busted,Highclere,テスコボーイ,アンジェリカ,ノーザンテースト,クリアアンバー,Honest Pleasure,Victorian Queen,Lyphard,Tizna,Mr. Prospector,File,Dance Spell,Witching Hour,Damascus,Aphonia,Ambehaving,Swift Deal,Halo,Wishing Well,マルゼンスキー,レディーシラオキ,Nijinsky,アンメンシヨナブル,トウショウボーイ,アイレバース
2022105014,リアルスティール,プティフォリー,ディープインパクト,ラヴズオンリーミー,Australia,Pretty Please,サンデーサイレンス,ウインドインハーヘア,Storm Cat,Monevassia,Galileo,Ouija Board,Dylan Thomas,Plante Rare,Halo,Wishing Well,Alzao,Burghclere,Storm Bird,Terlingua,Mr. Prospector,Miesque,Sadler's Wells,Urban Sea,Cape Cross,Selection Board,デインヒル,Lagrion,Giant's Causeway,Palmeraie,Hail to Reason,Cosmah,Understanding,Mountain Flower,Lyphard,Lady Rebecca,Busted,Highclere,Northern Dancer,South Ocean,Secretariat,Crimson Saint,Raise a Native,Gold Digger,Nureyev,Pasadoble,Northern Dancer,Fairy Bridge,Miswaki,Allegretta,Green Desert,Park Appeal,Welsh Pageant,Ouija,Danzig,Razyana,Diesis,Wrap It Up,Storm Cat,Mariah's Storm,Lear Fan,Petroleuse
2023107382,ゴールドドリーム,カロンセギュール,ゴールドアリュール,モンヴェール,Forest Camp,Yesterdays Gone,サンデーサイレンス,ニキーヤ,フレンチデピュティ,スペシャルジェイド,Deputy Minister,La Paz,Summer Squall,One Fine Day,Halo,Wishing Well,Nureyev,Reluctant Guest,Deputy Minister,Mitterand,Cox's Ridge,Statistic,Vice Regent,Mint Copy,Hold Your Peace,Classy Craft,Storm Bird,Weekend Surprise,Quadratic,Missile Belle,Hail to Reason,Cosmah,Understanding,Mountain Flower,Northern Dancer,Special,Hostage,Vaguely Royal,Vice Regent,Mint Copy,Hold Your Peace,Laredo Lass,Best Turn,Our Martha,Mr. Prospector,Number,Northern Dancer,Victoria Regina,Bunty's Flight,Shakney,Speak John,Blue Moon,Crafty Drone,Classy Stamp,Northern Dancer,South Ocean,Secretariat,Lassie Dear,Quadrangle,Smartaire,Missile,River Princess
2023106037,アルアイン,タイセイパルフェ,ディープインパクト,ドバイマジェスティ,ロードカナロア,マイネハッピー,サンデーサイレンス,ウインドインハーヘア,Essence of Dubai,Great Majesty,キングカメハメハ,レディブラッサム,ブライアンズタイム,コスモフォーチュン,Halo,Wishing Well,Alzao,Burghclere,Pulpit,Epitome,Great Above,Mistic Majesty,Kingmambo,マンファス,Storm Cat,サラトガデュー,Roberto,Kelley's Day,マイネルラヴ,グレースマリヤ,Hail to Reason,Cosmah,Understanding,Mountain Flower,Lyphard,Lady Rebecca,Busted,Highclere,A.P. Indy,Preach,Summing,Honest and True,Minnesota Mac,Ta Wee,His Majesty,Necaras Miss,Mr. Prospector,Miesque,ラストタイクーン,Pilot Bird,Storm Bird,Terlingua,Cormorant,Super Luna,Hail to Reason,Bramalea,Graustark,Golden Trail,Seeking the Gold,Heart of Joy,グルームダンサー,ミホグレース
2023100282,エスポワールシチー,アルフィルク,ゴールドアリュール,エミネントシチー,アグネスタキオン,タイキポーラ,サンデーサイレンス,ニキーヤ,ブライアンズタイム,ヘップバーンシチー,サンデーサイレンス,アグネスフローラ,トウカイテイオー,スターオブザノース,Halo,Wishing Well,Nureyev,Reluctant Guest,Roberto,Kelley's Day,ブレイヴェストローマン,コンパルシチー,Halo,Wishing Well,ロイヤルスキー,アグネスレディー,シンボリルドルフ,トウカイナチュラル,Chief Singer,Northern Scene,Hail to Reason,Cosmah,Understanding,Mountain Flower,Northern Dancer,Special,Hostage,Vaguely Royal,Hail to Reason,Bramalea,Graustark,Golden Trail,Never Bend,Roman Song,トラフィック,リンネス,Hail to Reason,Cosmah,Understanding,Mountain Flower,Raja Baba,Coz o'Nijinsky,リマンド,イコマエイカン,パーソロン,スイートルナ,ナイスダンサー,トウカイミドリ,Ballad Rock,Principia,Habitat,Algonkin
2023110008,Mendelssohn,Pioneer Queen,Scat Daddy,Leslie's Lady,Pioneerof the Nile,Expanse,ヨハネスブルグ,Love Style,Tricky Creek,Crystal Lady,エンパイアメーカー,Star of Goshen,Distant View,Dial a Trick,ヘネシー,Myth,Mr. Prospector,Likeable Style,Clever Trick,Battle Creek Girl,Stop the Music,One Last Bird,Unbridled,Toussaud,Lord at War,Castle Eight,Mr. Prospector,Seven Springs,Phone Trick,Ice Fantasy,Storm Cat,Island Kitty,オジジアン,Yarn,Raise a Native,Gold Digger,Nijinsky,Personable Lady,Icecapade,Kankakee Miss,His Majesty,Far Beyond,Hail to Reason,Bebopper,One for All,Last Bird,Fappiano,Gana Facil,El Gran Senor,Image of Reality,General,Luna de Miel,Key to the Kingdom,Her Native,Raise a Native,Gold Digger,Irish River,La Trinite,Clever Trick,Over the Phone,It's Freezing,Donna's Answer
2023103619,ドレフォン,インバウンド,Gio Ponti,Eltimaas,ロードカナロア,ハイドバウンド,Tale of the Cat,Chipeta Springs,Ghostzapper,Najecam,キングカメハメハ,レディブラッサム,Grand Slam,Hidden Dreams,Storm Cat,Yarn,Alydar,Salt Spring,Awesome Again,Baby Zip,Trempolino,Sue Warner,Kingmambo,マンファス,Storm Cat,サラトガデュー,Gone West,Bright Candles,ソヴィエトスター,Secret Asset,Storm Bird,Terlingua,Mr. Prospector,Narrate,Raise a Native,Sweet Tooth,Salt Marsh,Jungle Mythologic,Deputy Minister,Primal Force,Relaunch,Thirty Zip,Sharpen Up,Trephine,Forli,Bitty Girl,Mr. Prospector,Miesque,ラストタイクーン,Pilot Bird,Storm Bird,Terlingua,Cormorant,Super Luna,Mr. Prospector,Secrettame,El Gran Senor,Christmas Bonus,Nureyev,Veruschka,Graustark,Numbered Account
2023106658,ミッキーアイル,ディアデム,ディープインパクト,スターアイル,シンボリクリスエス,ハーレムスウィング,サンデーサイレンス,ウインドインハーヘア,ロックオブジブラルタル,アイルドフランス,Kris S.,Tee Kay,マンハッタンカフェ,コールミースーン,Halo,Wishing Well,Alzao,Burghclere,デインヒル,Offshore Boom,Nureyev,ステラマドリッド,Roberto,Sharp Queen,Gold Meridian,Tri Argo,サンデーサイレンス,サトルチェンジ,リファーズウィッシュ,コールミーネイム,Hail to Reason,Cosmah,Understanding,Mountain Flower,Lyphard,Lady Rebecca,Busted,Highclere,Danzig,Razyana,Be My Guest,Push a Button,Northern Dancer,Special,Alydar,My Juliet,Hail to Reason,Bramalea,Princequillo,Bridgework,Seattle Slew,Queen Louie,Tri Jet,Hail Proudly,Halo,Wishing Well,Law Society,Santa Luciana,Lyphard,Sally's Wish,アレミロード,ミスティコール
2023100633,ゴールドドリーム,オルガンパイプ,ゴールドアリュール,モンヴェール,サウスヴィグラス,キャッツプライド,サンデーサイレンス,ニキーヤ,フレンチデピュティ,スペシャルジェイド,エンドスウィープ,ダーケストスター,ヘネシー,Kirt's Pride,Halo,Wishing Well,Nureyev,Reluctant Guest,Deputy Minister,Mitterand,Cox's Ridge,Statistic,フォーティナイナー,Broom Dance,Star de Naskra,Minnie Riperton,Storm Cat,Island Kitty,Kirtling,Satan's Pride,Hail to Reason,Cosmah,Understanding,Mountain Flower,Northern Dancer,Special,Hostage,Vaguely Royal,Vice Regent,Mint Copy,Hold Your Peace,Laredo Lass,Best Turn,Our Martha,Mr. Prospector,Number,Mr. Prospector,File,Dance Spell,Witching Hour,Naskra,Candle Star,Cornish Prince,English Harbor,Storm Bird,Terlingua,Hawaii,T. C. Kitten,グランディ,Silky,Crimson Satan,Autumn Pride
2023106721,ミッキーアイル,マダムヴァシュモン,ディープインパクト,スターアイル,Teofilo,ユーブゴットイット,サンデーサイレンス,ウインドインハーヘア,ロックオブジブラルタル,アイルドフランス,Galileo,Speirbhean,Sea The Stars  Sea the Stars,Song,Halo,Wishing Well,Alzao,Burghclere,デインヒル,Offshore Boom,Nureyev,ステラマドリッド,Sadler's Wells,Urban Sea,デインヒル,Saviour,Cape Cross,Urban Sea,Sadler's Wells,Jude,Hail to Reason,Cosmah,Understanding,Mountain Flower,Lyphard,Lady Rebecca,Busted,Highclere,Danzig,Razyana,Be My Guest,Push a Button,Northern Dancer,Special,Alydar,My Juliet,Northern Dancer,Fairy Bridge,Miswaki,Allegretta,Danzig,Razyana,Majestic Light,Victorian Queen,Green Desert,Park Appeal,Miswaki,Allegretta,Northern Dancer,Fairy Bridge,Darshaan,Alruccaba
2023102504,ダノンキングリー,レローヴ,ディープインパクト,マイグッドネス,ヴィクトワールピサ,アイアムラヴィング,サンデーサイレンス,ウインドインハーヘア,Storm Cat,Caressing,ネオユニヴァース,ホワイトウォーターアフェア,ファルブラヴ,プラウドウイングス,Halo,Wishing Well,Alzao,Burghclere,Storm Bird,Terlingua,Honour and Glory,Lovin Touch,サンデーサイレンス,ポインテッドパス,Machiavellian,Much Too Risky,Fairy King,Gift of the Night,Dashing Blade,Peraja,Hail to Reason,Cosmah,Understanding,Mountain Flower,Lyphard,Lady Rebecca,Busted,Highclere,Northern Dancer,South Ocean,Secretariat,Crimson Saint,Relaunch,Fair to All,Majestic Prince,Forest Princess,Halo,Wishing Well,Kris,Silken Way,Mr. Prospector,Coup de Folie,Bustino,Short Rations,Northern Dancer,Fairy Bridge,Slewpy,Little Nana,Elegant Air,Sharp Castan,Kaiseradler,Perette
2023100892,フォーウィールドライブ,ナリタアルテミス,American Pharoah,Funfair,ネオユニヴァース,ナリタレインボウ,Pioneerof the Nile,Littleprincessemma,More Than Ready,Fleuron,サンデーサイレンス,ポインテッドパス,アフリート,オオシマルチア,エンパイアメーカー,Star of Goshen,Yankee Gentleman,Exclusive Rosette,サザンヘイロー,Woodman's Girl,Distant View,Flamboyance,Halo,Wishing Well,Kris,Silken Way,Mr. Prospector,Polite Lady,クリスタルグリッターズ,オオシマスズラン,Unbridled,Toussaud,Lord at War,Castle Eight,Storm Cat,Key Phrase,Ecliptical,Zetta Jet,Halo,Northern Sea,Woodman,Becky Be Good,Mr. Prospector,Seven Springs,Zilzal,Bridal Wreath,Hail to Reason,Cosmah,Understanding,Mountain Flower,Sharpen Up,Doubly Sure,Shantung,Boulevard,Raise a Native,Gold Digger,Venetian Jester,Friendly Ways,Blushing Groom,Tales to Tell,カウアイキング,ネバージョオー
2023101125,ファインニードル,ザマンダ,アドマイヤムーン,ニードルクラフト,コマンズ,ザミリア,エンドスウィープ,マイケイティーズ,Mark of Esteem,Sharp Point,デインヒル,Cotehele House,Cape Cross,Angelic Sounds,フォーティナイナー,Broom Dance,サンデーサイレンス,ケイティーズファースト,Darshaan,Homage,ロイヤルアカデミー,Nice Point,Danzig,Razyana,My Swanee,Eight Carat,Green Desert,Park Appeal,The Noble Player,Twany Angel,Mr. Prospector,File,Dance Spell,Witching Hour,Halo,Wishing Well,Kris,Katies,Shirley Heights,Delsy,Ajdal,Home Love,Nijinsky,Crimson Saint,Sharpen Up,Alpine Niece,Northern Dancer,Pas de Nom,His Majesty,Spring Adieu,Petition,Grey Rhythm,Pieces of Eight,Klairessa,Danzig,Foreign Courier,Ahonoora,Balidaress,The Minstrel,Noble Mark,Double Form,Athy Angel
2023106351,イスラボニータ,グラスルビー,フジキセキ,イスラコジーン,シングスピール,ルビー,サンデーサイレンス,ミルレーサー,Cozzene,Isla Mujeres,In the Wings In The Wings,Glorious Song,デインヒル,Offshore Boom,Halo,Wishing Well,Le Fabuleux,Marston's Mill,Caro,Ride the Trails,Crafty Prospector,Lido Isle,Sadler's Wells,High Hawk,Halo,Ballade,Danzig,Razyana,Be My Guest,Push a Button,Hail to Reason,Cosmah,Understanding,Mountain Flower,Wild Risk,Anguar,In Reality,Millicent,フォルティノ,Chambord,Prince John,Wildwook,Mr. Prospector,Real Crafty Lady,Far North,She Is Gorgeous,Northern Dancer,Fairy Bridge,Shirley Heights,Sunbittern,Hail to Reason,Cosmah,Herbager,Miss Swapsco,Northern Dancer,Pas de Nom,His Majesty,Spring Adieu,Northern Dancer,What a Treat,Bold Lad,River Lady
2023100101,スズカコーズウェイ,エアブライス,Giant's Causeway,フレンチリヴィエラ,ハービンジャー,ビスクドール,Storm Cat,Mariah's Storm,フレンチデピュティ,Actinella,Dansili,Penang Pearl,サンデーサイレンス,フェアリードール,Storm Bird,Terlingua,Rahy,イメンス,Deputy Minister,Mitterand,Seattle Slew,Aerturas,デインヒル,Hasili,Bering,Guapa,Halo,Wishing Well,Nureyev,Dream Deal,Northern Dancer,South Ocean,Secretariat,Crimson Saint,Blushing Groom,Glorious Song,Roberto,Imsodear,Vice Regent,Mint Copy,Hold Your Peace,Laredo Lass,Bold Reasoning,My Charmer,マナード,Amiel,Danzig,Razyana,Kahyasi,Kerali,Arctic Tern,Beaune,Shareef Dancer,Sauceboat,Hail to Reason,Cosmah,Understanding,Mountain Flower,Northern Dancer,Special,Sharpen Up,Likely Exchange
2023105562,シルバーステート,ラテアート,ディープインパクト,シルヴァースカヤ,サクラバクシンオー,ラテルネ,サンデーサイレンス,ウインドインハーヘア,Silver Hawk,Boubskaia,サクラユタカオー,サクラハゴロモ,トニービン,ヨシオカザン,Halo,Wishing Well,Alzao,Burghclere,Roberto,Gris Vitesse,Niniski,Frenetique,テスコボーイ,アンジェリカ,ノーザンテースト,クリアアンバー,カンパラ,Severn Bridge,エルギャロー,ミートミーレイター,Hail to Reason,Cosmah,Understanding,Mountain Flower,Lyphard,Lady Rebecca,Busted,Highclere,Hail to Reason,Bramalea,Amerigo,Matchiche,Nijinsky,Virginia Hills,Tyrant,Femina,Princely Gift,Suncourt,ネヴァービート,スターハイネス,Northern Dancer,Lady Victoria,Ambiopoise,One Clear Call,Kalamoun,State Pension,Hornbeam,Priddy Fair,マタドア,Discipliner,Barbizon,Sassetta
2023100328,リオンディーズ,ポリアンサ,キングカメハメハ,シーザリオ,ハービンジャー,メジロルルド,Kingmambo,マンファス,スペシャルウィーク,キロフプリミエール,Dansili,Penang Pearl,サンデーサイレンス,メジロドーベル,Mr. Prospector,Miesque,ラストタイクーン,Pilot Bird,サンデーサイレンス,キャンペンガール,Sadler's Wells,Querida,デインヒル,Hasili,Bering,Guapa,Halo,Wishing Well,メジロライアン,メジロビューティー,Raise a Native,Gold Digger,Nureyev,Pasadoble,トライマイベスト,Mill Princess,Blakeney,The Dancer,Halo,Wishing Well,マルゼンスキー,レディーシラオキ,Northern Dancer,Fairy Bridge,Habitat,Principia,Danzig,Razyana,Kahyasi,Kerali,Arctic Tern,Beaune,Shareef Dancer,Sauceboat,Hail to Reason,Cosmah,Understanding,Mountain Flower,アンバーシャダイ,メジロチェイサー,パーソロン,メジロナガサキ
2023102530,エスポワールシチー,セルブロックタンゴ,ゴールドアリュール,エミネントシチー,ロードカナロア,モレサンドニ,サンデーサイレンス,ニキーヤ,ブライアンズタイム,ヘップバーンシチー,キングカメハメハ,レディブラッサム,フジキセキ,ランペルティーザ,Halo,Wishing Well,Nureyev,Reluctant Guest,Roberto,Kelley's Day,ブレイヴェストローマン,コンパルシチー,Kingmambo,マンファス,Storm Cat,サラトガデュー,サンデーサイレンス,ミルレーサー,トワイニング,ヤングダリア,Hail to Reason,Cosmah,Understanding,Mountain Flower,Northern Dancer,Special,Hostage,Vaguely Royal,Hail to Reason,Bramalea,Graustark,Golden Trail,Never Bend,Roman Song,トラフィック,リンネス,Mr. Prospector,Miesque,ラストタイクーン,Pilot Bird,Storm Bird,Terlingua,Cormorant,Super Luna,Halo,Wishing Well,Le Fabuleux,Marston's Mill,フォーティナイナー,Courtly Dee,リヴリア,ラックオメガー
2023101644,オルフェーヴル,エナジャイズ,ステイゴールド,オリエンタルアート,キングカメハメハ,アリー,サンデーサイレンス,ゴールデンサッシュ,メジロマックイーン,エレクトロアート,Kingmambo,マンファス,Deputy Minister,Secret Partner,Halo,Wishing Well,ディクタス,ダイナサッシュ,メジロティターン,メジロオーロラ,ノーザンテースト,グランマスティーヴンス,Mr. Prospector,Miesque,ラストタイクーン,Pilot Bird,Vice Regent,Mint Copy,Rahy,Farewell Partner,Hail to Reason,Cosmah,Understanding,Mountain Flower,Sanctus,Doronic,ノーザンテースト,ロイヤルサッシュ,メジロアサマ,シエリル,リマンド,メジロアイリス,Northern Dancer,Lady Victoria,Lt. Stevens,Dhow,Raise a Native,Gold Digger,Nureyev,Pasadoble,トライマイベスト,Mill Princess,Blakeney,The Dancer,Northern Dancer,Victoria Regina,Bunty's Flight,Shakney,Blushing Groom,Glorious Song,Northern Dancer,Native Partner
2023105322,レイデオロ,ファシネートダイア,キングカメハメハ,ラドラーダ,アグネスタキオン,トコア,Kingmambo,マンファス,シンボリクリスエス,レディブロンド,サンデーサイレンス,アグネスフローラ,カーネギー,パーソナルファイル,Mr. Prospector,Miesque,ラストタイクーン,Pilot Bird,Kris S.,Tee Kay,Seeking the Gold,ウインドインハーヘア,Halo,Wishing Well,ロイヤルスキー,アグネスレディー,Sadler's Wells,Detroit,Private Account,ベーシイド,Raise a Native,Gold Digger,Nureyev,Pasadoble,トライマイベスト,Mill Princess,Blakeney,The Dancer,Roberto,Sharp Queen,Gold Meridian,Tri Argo,Mr. Prospector,Con Game,Alzao,Burghclere,Hail to Reason,Cosmah,Understanding,Mountain Flower,Raja Baba,Coz o'Nijinsky,リマンド,イコマエイカン,Northern Dancer,Fairy Bridge,Riverman,Derna,Damascus,Numbered Account,Cool Moon,Polondra
2023102833,サトノダイヤモンド,ホットスウェル,ディープインパクト,マルペンサ,Fusaichi Pegasus,New Meaning,サンデーサイレンス,ウインドインハーヘア,Orpen,Marsella,Mr. Prospector,Angel Fever,General Meeting,Big Spirit,Halo,Wishing Well,Alzao,Burghclere,Lure,Bonita Francita,サザンヘイロー,Riviere,Raise a Native,Gold Digger,Danzig,Rowdy Angel,Seattle Slew,Alydar's Promise,Big Spruce,Beautiful Spirit,Hail to Reason,Cosmah,Understanding,Mountain Flower,Lyphard,Lady Rebecca,Busted,Highclere,Danzig,Endear,Devil's Bag,Raise the Standard,Halo,Northern Sea,Logical,Talonada,Native Dancer,Raise You,Nashua,Sequence,Northern Dancer,Pas de Nom,Halo,Ramhyde,Bold Reasoning,My Charmer,Alydar,Summertime Promise,Herbager,Silver Sari,Bold Bidder,Baby La
2023103427,コントレイル,シャーラレイ,ディープインパクト,ロードクロサイト,Afleet Alex,Jinny's Gold,サンデーサイレンス,ウインドインハーヘア,Unbridled's Song,Folklore,Northern Afleet,Maggy Hawk,Gold Fever,Nijinsky Dancer,Halo,Wishing Well,Alzao,Burghclere,Unbridled,Trolley Song,Tiznow,Contrive,アフリート,Nuryette,ホークスター,Qualique,フォーティナイナー,Lead Kindly Light,Upper Nile,Band of Bronze,Hail to Reason,Cosmah,Understanding,Mountain Flower,Lyphard,Lady Rebecca,Busted,Highclere,Fappiano,Gana Facil,Caro,Lucky Spell,Cee's Tizzy,Cee's Song,Storm Cat,Jeano,Mr. Prospector,Polite Lady,Nureyev,Stellarette,Silver Hawk,Strait Lane,Hawaii,Dorothy Gaylord,Mr. Prospector,File,Majestic Light,Arabian Dancer,Nijinsky,Rosetta Stone,Banderilla,Bronze Award
2023106459,ダノンバラード,ハイタップ,ディープインパクト,レディバラード,Tapit,Don'tellmichelle,サンデーサイレンス,ウインドインハーヘア,Unbridled,Angelic Song,Pulpit,Tap Your Heels,Regal Classic,Linsatiable,Halo,Wishing Well,Alzao,Burghclere,Fappiano,Gana Facil,Halo,Ballade,A.P. Indy,Preach,Unbridled,Ruby Slippers,Vice Regent,No Class,Northern Dancer,Stalina,Hail to Reason,Cosmah,Understanding,Mountain Flower,Lyphard,Lady Rebecca,Busted,Highclere,Mr. Prospector,Killaloe,Le Fabuleux,Charedi,Hail to Reason,Cosmah,Herbager,Miss Swapsco,Seattle Slew,Weekend Surprise,Mr. Prospector,Narrate,Fappiano,Gana Facil,Nijinsky,Moon Glitter,Northern Dancer,Victoria Regina,Nodouble,Classy Quillo,Nearctic,Natalma,Stalino,Boscabell
2023102333,バゴ,スカイノーヴァ,Nashwan,Moonlight's Box,ステイゴールド,スカイディーバ,Blushing Groom,Height of Fashion,Nureyev,Coup de Genie,サンデーサイレンス,ゴールデンサッシュ,Sky Mesa,Swift Girl,Red God,Runaway Bride,Bustino,Highclere,Northern Dancer,Special,Mr. Prospector,Coup de Folie,Halo,Wishing Well,ディクタス,ダイナサッシュ,Pulpit,Caress,Unbridled,Gather The Clan,Nasrullah,Spring Run,Wild Risk,Aimee,Busted,Ship Yard,Queen's Hussar,Highlight,Nearctic,Natalma,Forli,Thong,Raise a Native,Gold Digger,Halo,Raise the Standard,Hail to Reason,Cosmah,Understanding,Mountain Flower,Sanctus,Doronic,ノーザンテースト,ロイヤルサッシュ,A.P. Indy,Preach,Storm Cat,La Affirmed,Fappiano,Gana Facil,General Assembly,What a Summer
2023100629,インディチャンプ,ラヴィーズラヴィン,ステイゴールド,ウィルパワー,Giant's Causeway,Lu Ravi,サンデーサイレンス,ゴールデンサッシュ,キングカメハメハ,トキオリアリティー,Storm Cat,Mariah's Storm,A.P. Indy,At the Half,Halo,Wishing Well,ディクタス,ダイナサッシュ,Kingmambo,マンファス,Meadowlake,What a Reality,Storm Bird,Terlingua,Rahy,イメンス,Seattle Slew,Weekend Surprise,Seeking the Gold,Knitted Gloves,Hail to Reason,Cosmah,Understanding,Mountain Flower,Sanctus,Doronic,ノーザンテースト,ロイヤルサッシュ,Mr. Prospector,Miesque,ラストタイクーン,Pilot Bird,Hold Your Peace,Suspicious Native,In Reality,What Will Be,Northern Dancer,South Ocean,Secretariat,Crimson Saint,Blushing Groom,Glorious Song,Roberto,Imsodear,Bold Reasoning,My Charmer,Secretariat,Lassie Dear,Mr. Prospector,Con Game,White Gloves,Fleet Needles
2023100332,カリフォルニアクローム,アルスノヴァ,Lucky Pulpit,Love the Chase,ダンスインザダーク,オリエンタルアート,Pulpit,Lucky Soph,Not for Love,Chase It Down,サンデーサイレンス,ダンシングキイ,メジロマックイーン,エレクトロアート,A.P. Indy,Preach,Cozzene,Lucky Spell,Mr. Prospector,Dance Number,Polish Numbers,Chase the Dream,Halo,Wishing Well,Nijinsky,Key Partner,メジロティターン,メジロオーロラ,ノーザンテースト,グランマスティーヴンス,Seattle Slew,Weekend Surprise,Mr. Prospector,Narrate,Caro,Ride the Trails,Lucky Mel,Incantation,Raise a Native,Gold Digger,Northern Dancer,Numbered Account,Danzig,Numbered Account,Sir Ivor,La Belle Fleur,Hail to Reason,Cosmah,Understanding,Mountain Flower,Northern Dancer,Flaming Page,Key to the Mint,Native Partner,メジロアサマ,シエリル,リマンド,メジロアイリス,Northern Dancer,Lady Victoria,Lt. Stevens,Dhow
2023104572,アポロケンタッキー,エンパイアライン,Langfuhr,Dixiana Delight,エンパイアメーカー,サクセスビスケット,Danzig,Sweet Briar Too,Gone West,Lake Lady,Unbridled,Toussaud,サンデーサイレンス,アワーミスレッグス,Northern Dancer,Pas de Nom,Briartic,Prima Babu Gum,Mr. Prospector,Secrettame,Salt Lake,Slinkylady,Fappiano,Gana Facil,El Gran Senor,Image of Reality,Halo,Wishing Well,Deputy Minister,Colonial Waters,Nearctic,Natalma,Admiral's Voyage,Petitioner,Nearctic,Sweet Lady Briar,Gummo,Princess Babu,Raise a Native,Gold Digger,Secretariat,Tamerett,Deputy Minister,Take Lady Anne,What a Hoist,Don't Call Debi,Mr. Prospector,Killaloe,Le Fabuleux,Charedi,Northern Dancer,Sex Appeal,In Reality,Edee's Image,Hail to Reason,Cosmah,Understanding,Mountain Flower,Vice Regent,Mint Copy,Pleasant Colony,Water Cress
2023105870,ゴールドドリーム,ウインメディウム,ゴールドアリュール,モンヴェール,ヘニーヒューズ,アラマササンデー,サンデーサイレンス,ニキーヤ,フレンチデピュティ,スペシャルジェイド,ヘネシー,Meadow Flyer,フジキセキ,アラマサダンサー,Halo,Wishing Well,Nureyev,Reluctant Guest,Deputy Minister,Mitterand,Cox's Ridge,Statistic,Storm Cat,Island Kitty,Meadowlake,Shortley,サンデーサイレンス,ミルレーサー,ダンシングブレーヴ,アラホウトク,Hail to Reason,Cosmah,Understanding,Mountain Flower,Northern Dancer,Special,Hostage,Vaguely Royal,Vice Regent,Mint Copy,Hold Your Peace,Laredo Lass,Best Turn,Our Martha,Mr. Prospector,Number,Storm Bird,Terlingua,Hawaii,T. C. Kitten,Hold Your Peace,Suspicious Native,Hagley,Short Winded,Halo,Wishing Well,Le Fabuleux,Marston's Mill,Lyphard,Navajo Princess,トウショウボーイ,ビンゴモレロ
2023100578,アドマイヤマーズ,グロッタアズーラ,ダイワメジャー,ヴィアメディチ,フジキセキ,サダムブルーアイズ,サンデーサイレンス,スカーレットブーケ,Medicean,Via Milano,サンデーサイレンス,ミルレーサー,エルコンドルパサー,ミスティックアイズ,Halo,Wishing Well,ノーザンテースト,スカーレットインク,Machiavellian,Mystic Goddess,シングスピール,Salvinaxia,Halo,Wishing Well,Le Fabuleux,Marston's Mill,Kingmambo,サドラーズギャル,Eastern Echo,スキム,Hail to Reason,Cosmah,Understanding,Mountain Flower,Northern Dancer,Lady Victoria,Crimson Satan,Consentida,Mr. Prospector,Coup de Folie,Storm Bird,Rose Goddess,In the Wings,Glorious Song,Linamix,Salve,Hail to Reason,Cosmah,Understanding,Mountain Flower,Wild Risk,Anguar,In Reality,Millicent,Mr. Prospector,Miesque,Sadler's Wells,Glenveagh,Damascus,Wild Applause,Nijinsky,Pass a Glance
2023102964,リオンディーズ,ロイヤルヴォルト,キングカメハメハ,シーザリオ,ディープインパクト,レディジョアン,Kingmambo,マンファス,スペシャルウィーク,キロフプリミエール,サンデーサイレンス,ウインドインハーヘア,Orientate,Oatsee,Mr. Prospector,Miesque,ラストタイクーン,Pilot Bird,サンデーサイレンス,キャンペンガール,Sadler's Wells,Querida,Halo,Wishing Well,Alzao,Burghclere,Mt. Livermore,Dream Team,Unbridled,With Every Wish,Raise a Native,Gold Digger,Nureyev,Pasadoble,トライマイベスト,Mill Princess,Blakeney,The Dancer,Halo,Wishing Well,マルゼンスキー,レディーシラオキ,Northern Dancer,Fairy Bridge,Habitat,Principia,Hail to Reason,Cosmah,Understanding,Mountain Flower,Lyphard,Lady Rebecca,Busted,Highclere,Blushing Groom,Flama Ardiente,Cox's Ridge,Likely Double,Fappiano,Gana Facil,Lear Fan,Amo
2023102266,ディープブリランテ,リゼブルー,ディープインパクト,ラヴアンドバブルズ,ダンカーク,ジョリファム,サンデーサイレンス,ウインドインハーヘア,Loup Sauvage,バブルドリーム,Unbridled's Song,Secret Status,スペシャルウィーク,メジロアニマート,Halo,Wishing Well,Alzao,Burghclere,Riverman,Louveterie,Akarad,バブルプロスペクター,Unbridled,Trolley Song,A.P. Indy,Private Status,サンデーサイレンス,キャンペンガール,フレンチデピュティ,コロンバイト,Hail to Reason,Cosmah,Understanding,Mountain Flower,Lyphard,Lady Rebecca,Busted,Highclere,Never Bend,River Lady,Nureyev,Lupe,Labus,Licata,Miswaki,バブルカンパニー,Fappiano,Gana Facil,Caro,Lucky Spell,Seattle Slew,Weekend Surprise,Alydar,Miss Eva,Halo,Wishing Well,マルゼンスキー,レディーシラオキ,Deputy Minister,Mitterand,Caerleon,Graphite
2023107196,Gun Runner,ブリリアントカット,Candy Ride,Quiet Giant,Speightstown,Polish a Diamond,Ride the Rails,Candy Girl,Giant's Causeway,Quiet Dance,Gone West,Silken Cat,ザファクター,Tap Your Feet,Cryptoclearance,Herbalesian,Candy Stripes,City Girl,Storm Cat,Mariah's Storm,Quiet American,Misty Dancer,Mr. Prospector,Secrettame,Storm Cat,Silken Doll,War Front,Greyciousness,Dixieland Band,Exotic Moves,Fappiano,Naval Orange,Herbager,Alanesian,Blushing Groom,バブルカンパニー,Farnesio,Cithara,Storm Bird,Terlingua,Rahy,イメンス,Fappiano,Demure,Lyphard,Flight Dancer,Raise a Native,Gold Digger,Secretariat,Tamerett,Storm Bird,Terlingua,Chieftain,Insilca,Danzig,Starry Dreamer,Miswaki,Skatingonthinice,Northern Dancer,Mississippi Mud,Miswaki,Syrian Dancer
2023106350,ダノンプレミアム,ミルキーハート,ディープインパクト,インディアナギャル,キングカメハメハ,ミルキーブロード,サンデーサイレンス,ウインドインハーヘア,Intikhab,Genial Jenny,Kingmambo,マンファス,クロフネ,グラスブロード,Halo,Wishing Well,Alzao,Burghclere,Red Ransom,Crafty Example,デインヒル,Joma Kaanem,Mr. Prospector,Miesque,ラストタイクーン,Pilot Bird,フレンチデピュティ,ブルーアヴェニュー,Fusaichi Pegasus,Magic Broad,Hail to Reason,Cosmah,Understanding,Mountain Flower,Lyphard,Lady Rebecca,Busted,Highclere,Roberto,アラビア,Crafty Prospector,Zienelle,Danzig,Razyana,Double Form,Ash Lawn,Raise a Native,Gold Digger,Nureyev,Pasadoble,トライマイベスト,Mill Princess,Blakeney,The Dancer,Deputy Minister,Mitterand,Classic Go Go,Eliza Blue,Mr. Prospector,Angel Fever,Broad Brush,Illeria
2023103543,ポエティックフレア,ベアトリッツ,Dawn Approach,Maria Lee,ディープインパクト,バルドウィナ,New Approach,Hymn Of The Dawn,ロックオブジブラルタル,Elida,サンデーサイレンス,ウインドインハーヘア,Pistolet Bleu,Balioka,Galileo,Park Express,Phone Trick,Colonial Debut,デインヒル,Offshore Boom,ロイヤルアカデミー,Saviour,Halo,Wishing Well,Alzao,Burghclere,Top Ville,Pampa Bella,Tourangeau,Bangalore,Sadler's Wells,Urban Sea,Ahonoora,Matcher,Clever Trick,Over the Phone,Pleasant Colony,Kittihawk Miss,Danzig,Razyana,Be My Guest,Push a Button,Nijinsky,Crimson Saint,Majestic Light,Victorian Queen,Hail to Reason,Cosmah,Understanding,Mountain Flower,Lyphard,Lady Rebecca,Busted,Highclere,High Top,Sega Ville,Armos,Kendie,Val de Loir,Torbella,Cadmus,Balbona
2023102033,ホークビル,トゥルヴァーユ,Kitten's Joy,Trensa,ダイワメジャー,グランバザール,El Prado,Kitten's First,Giant's Causeway,Serape,サンデーサイレンス,スカーレットブーケ,タマモクロス,マルゼンカーニバル,Sadler's Wells,Lady Capulet,Lear Fan,That's My Hon,Storm Cat,Mariah's Storm,Fappiano,Mochila,Halo,Wishing Well,ノーザンテースト,スカーレットインク,シービークロス,グリーンシャトー,マルゼンスキー,カーニバル,Northern Dancer,Fairy Bridge,Sir Ivor,Cap and Bells,Roberto,Wac,L'Enjoleur,One Lane,Storm Bird,Terlingua,Rahy,イメンス,Mr. Prospector,Killaloe,In Reality,Ride the Trails,Hail to Reason,Cosmah,Understanding,Mountain Flower,Northern Dancer,Lady Victoria,Crimson Satan,Consentida,フォルティノ,ズイシヨウ,シャトーゲイ,クインビー,Nijinsky,シル,Racing Is Fun,Malt
2023103588,イスラボニータ,リベルタンゴ,フジキセキ,イスラコジーン,Smart Strike,オジャグワ,サンデーサイレンス,ミルレーサー,Cozzene,Isla Mujeres,Mr. Prospector,Classy 'n Smart,Pure Prize,Open Secrets,Halo,Wishing Well,Le Fabuleux,Marston's Mill,Caro,Ride the Trails,Crafty Prospector,Lido Isle,Raise a Native,Gold Digger,Smarten,No Class,Storm Cat,Heavenly Prize,West by West,Griffe de Paris,Hail to Reason,Cosmah,Understanding,Mountain Flower,Wild Risk,Anguar,In Reality,Millicent,フォルティノ,Chambord,Prince John,Wildwook,Mr. Prospector,Real Crafty Lady,Far North,She Is Gorgeous,Native Dancer,Raise You,Nashua,Sequence,Cyane,Smartaire,Nodouble,Classy Quillo,Storm Bird,Terlingua,Seeking the Gold,Oh What a Dance,Gone West,West Turn,Telescopico,April in Paris
2023104679,サトノダイヤモンド,ハーランズワンダー,ディープインパクト,マルペンサ,Awesome Again,ハーランズルビー,サンデーサイレンス,ウインドインハーヘア,Orpen,Marsella,Deputy Minister,Primal Force,Harlan's Holiday,Smiling Eyes,Halo,Wishing Well,Alzao,Burghclere,Lure,Bonita Francita,サザンヘイロー,Riviere,Vice Regent,Mint Copy,Blushing Groom,Prime Prospect,Harlan,Christmas in Aiken,Saint Ballado,Western Lady,Hail to Reason,Cosmah,Understanding,Mountain Flower,Lyphard,Lady Rebecca,Busted,Highclere,Danzig,Endear,Devil's Bag,Raise the Standard,Halo,Northern Sea,Logical,Talonada,Northern Dancer,Victoria Regina,Bunty's Flight,Shakney,Red God,Runaway Bride,Mr. Prospector,Square Generation,Storm Cat,Country Romance,Affirmed,Dowager,Halo,Ballade,Gone West,Qena
2023106369,パイロ,テイストオブハニー,Pulpit,Wild Vision,オルフェーヴル,スウィートアンドフローレス,A.P. Indy,Preach,Wild Again,Carol's Wonder,ステイゴールド,オリエンタルアート,Unbridled's Song,Sweet and Ready,Seattle Slew,Weekend Surprise,Mr. Prospector,Narrate,Icecapade,Bushel-n-Peck,Pass the Tab,Carols Christmas,サンデーサイレンス,ゴールデンサッシュ,メジロマックイーン,エレクトロアート,Unbridled,Trolley Song,El Prado,Sweet and Steady,Bold Reasoning,My Charmer,Secretariat,Lassie Dear,Raise a Native,Gold Digger,Honest Pleasure,State,Nearctic,Shenanigans,Khaled,Dama,Al Hattab,Dantina,Whitesburg,Light Verse,Halo,Wishing Well,ディクタス,ダイナサッシュ,メジロティターン,メジロオーロラ,ノーザンテースト,グランマスティーヴンス,Fappiano,Gana Facil,Caro,Lucky Spell,Sadler's Wells,Lady Capulet,Steady Growth,Please Try Hard
2023105097,カリフォルニアクローム,ペルスネージュ,Lucky Pulpit,Love the Chase,ディープインパクト,スノースタイル,Pulpit,Lucky Soph,Not for Love,Chase It Down,サンデーサイレンス,ウインドインハーヘア,ホワイトマズル,シャルムダンサー,A.P. Indy,Preach,Cozzene,Lucky Spell,Mr. Prospector,Dance Number,Polish Numbers,Chase the Dream,Halo,Wishing Well,Alzao,Burghclere,ダンシングブレーヴ,Fair of the Furze,グルームダンサー,ダムスペクタキュラー,Seattle Slew,Weekend Surprise,Mr. Prospector,Narrate,Caro,Ride the Trails,Lucky Mel,Incantation,Raise a Native,Gold Digger,Northern Dancer,Numbered Account,Danzig,Numbered Account,Sir Ivor,La Belle Fleur,Hail to Reason,Cosmah,Understanding,Mountain Flower,Lyphard,Lady Rebecca,Busted,Highclere,Lyphard,Navajo Princess,Ela-Mana-Mou,Autocratic,Blushing Groom,Featherhill,Spectacular Bid,Damascening
2023101260,オルフェーヴル,クリノリーソクツモ,ステイゴールド,オリエンタルアート,プリサイスエンド,ダービーゾーン,サンデーサイレンス,ゴールデンサッシュ,メジロマックイーン,エレクトロアート,エンドスウィープ,Precisely,サニーブライアン,ダービーキングダム,Halo,Wishing Well,ディクタス,ダイナサッシュ,メジロティターン,メジロオーロラ,ノーザンテースト,グランマスティーヴンス,フォーティナイナー,Broom Dance,Summing,Crisp 'n Clear,ブライアンズタイム,サニースイフト,ロイヤルアカデミー,Acclimatise,Hail to Reason,Cosmah,Understanding,Mountain Flower,Sanctus,Doronic,ノーザンテースト,ロイヤルサッシュ,メジロアサマ,シエリル,リマンド,メジロアイリス,Northern Dancer,Lady Victoria,Lt. Stevens,Dhow,Mr. Prospector,File,Dance Spell,Witching Hour,Verbatim,Sumatra,Cold Reception,Ring O'Bells,Roberto,Kelley's Day,スイフトスワロー,サニーロマン,Nijinsky,Crimson Saint,Shirley Heights,Habituee
2023101878,ドレフォン,ナンヨーインディゴ,Gio Ponti,Eltimaas,キングカメハメハ,ウィーミスフランキー,Tale of the Cat,Chipeta Springs,Ghostzapper,Najecam,Kingmambo,マンファス,Sunriver,Starinthemeadow,Storm Cat,Yarn,Alydar,Salt Spring,Awesome Again,Baby Zip,Trempolino,Sue Warner,Mr. Prospector,Miesque,ラストタイクーン,Pilot Bird,Saint Ballado,Goulash,Meadowlake,Lite a Star,Storm Bird,Terlingua,Mr. Prospector,Narrate,Raise a Native,Sweet Tooth,Salt Marsh,Jungle Mythologic,Deputy Minister,Primal Force,Relaunch,Thirty Zip,Sharpen Up,Trephine,Forli,Bitty Girl,Raise a Native,Gold Digger,Nureyev,Pasadoble,トライマイベスト,Mill Princess,Blakeney,The Dancer,Halo,Ballade,Mari's Book,Wise Bride,Hold Your Peace,Suspicious Native,Our Michael,Twist a Star
2023106317,レーヴミストラル,マクルーバ,キングカメハメハ,レーヴドスカー,スズカマンボ,イットオールアッズアップ,Kingmambo,マンファス,Highest Honor,Numidie,サンデーサイレンス,スプリングマンボ,Our Emblem,Math,Mr. Prospector,Miesque,ラストタイクーン,Pilot Bird,Kenmare,High River,バイアモン,Yamuna,Halo,Wishing Well,Kingmambo,キーフライヤー,Mr. Prospector,Personal Ensign,Devil's Bag,Sum,Raise a Native,Gold Digger,Nureyev,Pasadoble,トライマイベスト,Mill Princess,Blakeney,The Dancer,Kalamoun,Belle of Ireland,Riverman,Hairbrush,Blushing Groom,Lodeve,Green Dancer,Yeovil,Hail to Reason,Cosmah,Understanding,Mountain Flower,Mr. Prospector,Miesque,Nijinsky,Key Partner,Raise a Native,Gold Digger,Private Account,Grecian Banner,Halo,Ballade,Spectacular Bid,Qui Royalty
2023106286,ポエティックフレア,ラナンキュラス,Dawn Approach,Maria Lee,スペシャルウィーク,ファレノプシス,New Approach,Hymn Of The Dawn,ロックオブジブラルタル,Elida,サンデーサイレンス,キャンペンガール,ブライアンズタイム,キャットクイル,Galileo,Park Express,Phone Trick,Colonial Debut,デインヒル,Offshore Boom,ロイヤルアカデミー,Saviour,Halo,Wishing Well,マルゼンスキー,レディーシラオキ,Roberto,Kelley's Day,Storm Cat,Pacific Princess,Sadler's Wells,Urban Sea,Ahonoora,Matcher,Clever Trick,Over the Phone,Pleasant Colony,Kittihawk Miss,Danzig,Razyana,Be My Guest,Push a Button,Nijinsky,Crimson Saint,Majestic Light,Victorian Queen,Hail to Reason,Cosmah,Understanding,Mountain Flower,Nijinsky,シル,セントクレスピン,ミスアシヤガワ,Hail to Reason,Bramalea,Graustark,Golden Trail,Storm Bird,Terlingua,Damascus,Fiji
2023101907,タニノフランケル,ドリームキセキ,Frankel,ウオッカ,フジキセキ,ドリームロッチ,Galileo,Kind,タニノギムレット,タニノシスター,サンデーサイレンス,ミルレーサー,アンシェントタイム,シバドリーム,Sadler's Wells,Urban Sea,デインヒル,Rainbow Lake,ブライアンズタイム,タニノクリスタル,ルション,エナジートウショウ,Halo,Wishing Well,Le Fabuleux,Marston's Mill,Nijinsky,Nellie Forbes,スティールハート,ロッチホーク,Northern Dancer,Fairy Bridge,Miswaki,Allegretta,Danzig,Razyana,Rainbow Quest,Rockfest,Roberto,Kelley's Day,クリスタルパレス,タニノシーバード,Riverman,ベルドリーヌ,トウショウボーイ,コーニストウショウ,Hail to Reason,Cosmah,Understanding,Mountain Flower,Wild Risk,Anguar,In Reality,Millicent,Northern Dancer,Flaming Page,Secretariat,Comely Nell,Habitat,A.,シーホーク,ロツチ
2023104025,ロジャーバローズ,ハイデンガールズ,ディープインパクト,リトルブック,サウスヴィグラス,チーキーガールズ,サンデーサイレンス,ウインドインハーヘア,Librettist,Cal Norma's Lady,エンドスウィープ,ダーケストスター,トワイニング,ブルーベイブリッジ,Halo,Wishing Well,Alzao,Burghclere,Danzig,Mysterial,リファーズスペシャル,June Darling,フォーティナイナー,Broom Dance,Star de Naskra,Minnie Riperton,フォーティナイナー,Courtly Dee,リーファーマッドネス,オオミリーガル,Hail to Reason,Cosmah,Understanding,Mountain Flower,Lyphard,Lady Rebecca,Busted,Highclere,Northern Dancer,Pas de Nom,Alleged,Mysteries,Lyphard,My Bupers,ジュニアス,Beau Darling,Mr. Prospector,File,Dance Spell,Witching Hour,Naskra,Candle Star,Cornish Prince,English Harbor,Mr. Prospector,File,Never Bend,Tulle,Mill Reef,Parsimony,ヴァイスリーガル,フライングシヤツトル
2023106285,コントレイル,フェアエレン,ディープインパクト,ロードクロサイト,Street Cry,Palais Versailles,サンデーサイレンス,ウインドインハーヘア,Unbridled's Song,Folklore,Machiavellian,Helen Street,Pulpit,Versailles Treaty,Halo,Wishing Well,Alzao,Burghclere,Unbridled,Trolley Song,Tiznow,Contrive,Mr. Prospector,Coup de Folie,Troy,Waterway,A.P. Indy,Preach,Danzig,Ten Cents a Dance,Hail to Reason,Cosmah,Understanding,Mountain Flower,Lyphard,Lady Rebecca,Busted,Highclere,Fappiano,Gana Facil,Caro,Lucky Spell,Cee's Tizzy,Cee's Song,Storm Cat,Jeano,Raise a Native,Gold Digger,Halo,Raise the Standard,Petingo,La Milo,Riverman,Boulevard,Seattle Slew,Weekend Surprise,Mr. Prospector,Narrate,Northern Dancer,Pas de Nom,Buckpasser,Exclusive Dancer
2023105475,スズカコーズウェイ,クラリティーエス,Giant's Causeway,フレンチリヴィエラ,シンボリクリスエス,キラリダイヤモンド,Storm Cat,Mariah's Storm,フレンチデピュティ,Actinella,Kris S.,Tee Kay,フジキセキ,ブリリアントカット,Storm Bird,Terlingua,Rahy,イメンス,Deputy Minister,Mitterand,Seattle Slew,Aerturas,Roberto,Sharp Queen,Gold Meridian,Tri Argo,サンデーサイレンス,ミルレーサー,ノーザンテースト,ジエヌインダイアモンド,Northern Dancer,South Ocean,Secretariat,Crimson Saint,Blushing Groom,Glorious Song,Roberto,Imsodear,Vice Regent,Mint Copy,Hold Your Peace,Laredo Lass,Bold Reasoning,My Charmer,マナード,Amiel,Hail to Reason,Bramalea,Princequillo,Bridgework,Seattle Slew,Queen Louie,Tri Jet,Hail Proudly,Halo,Wishing Well,Le Fabuleux,Marston's Mill,Northern Dancer,Lady Victoria,Irish Ruler,Diamonds for Dolly
2022110130,Exceedance,Beechal,Exceed And Excel,Bonnie Mac,Lonhro,Gabriella,デインヒル,Patrona,Thorn Park,Gold Class,Octagonal,Shadea,Cape Cross,Cape Merino,Danzig,Razyana,Lomond,Gladiolus,スピニングワールド,Joy,Gold Brose,Lightotouch,Zabeel,Eight Carat,Straight Strike,Concia,Green Desert,Park Appeal,Clantime,Laena,Northern Dancer,Pas de Nom,His Majesty,Spring Adieu,Northern Dancer,My Charmer,Watch Your Step,Back Britches,Nureyev,Imperfect Circle,Bluebird,Christmas Spirit,Huntingdale,Cryptic Verse,Iades,Brushly,Sir Tristram,Lady Giselle,Pieces of Eight,Klairessa,Mr. Prospector,Bend Not,First Consul,My Tricia,Danzig,Foreign Courier,Ahonoora,Balidaress,Music Boy,Penny Pincher,Roman Warrior,Poshteen
2022102262,フィエールマン,バレットテソーロ,ディープインパクト,リュヌドール,Camelot,Falling Rain,サンデーサイレンス,ウインドインハーヘア,Green Tune,Luth d'Or,モンジュー,Tarfah,Danehill Dancer,Neartica,Halo,Wishing Well,Alzao,Burghclere,Green Dancer,Soundings,Noir Et Or,Viole d'Amour,Sadler's Wells,Floripedes,Kingmambo,Fickle,デインヒル,Mira Adonde,Sadler's Wells,Born Gold,Hail to Reason,Cosmah,Understanding,Mountain Flower,Lyphard,Lady Rebecca,Busted,Highclere,Nijinsky,Green Valley,Mr. Prospector,Ocean's Answer,ラインゴールド,Pomme Rose,Luthier,Mandolinette,Northern Dancer,Fairy Bridge,Top Ville,Toute Cy,Mr. Prospector,Miesque,デインヒル,Fade,Danzig,Razyana,Sharpen Up,Lettre d'Amour,Northern Dancer,Fairy Bridge,Blushing Groom,Riviere D'or
2021100337,パイロ,ツウカイヤスナム,Pulpit,Wild Vision,カリスタグローリ,エスケーロイヤル,A.P. Indy,Preach,Wild Again,Carol's Wonder,ブレイヴェストローマン,ロッチテスコ,ロイヤルアカデミー,スイートスムースソウル,Seattle Slew,Weekend Surprise,Mr. Prospector,Narrate,Icecapade,Bushel-n-Peck,Pass the Tab,Carols Christmas,Never Bend,Roman Song,テスコボーイ,スターロツチ,Nijinsky,Crimson Saint,Alydar,Seattle Smooth,Bold Reasoning,My Charmer,Secretariat,Lassie Dear,Raise a Native,Gold Digger,Honest Pleasure,State,Nearctic,Shenanigans,Khaled,Dama,Al Hattab,Dantina,Whitesburg,Light Verse,Nasrullah,Lalun,Roman,Quiz Song,Princely Gift,Suncourt,ハロウエー,コロナ,Northern Dancer,Flaming Page,Crimson Satan,Bolero Rose,Raise a Native,Sweet Tooth,Seattle Slew,Golden Way
2022104639,サートゥルナーリア,イストワールファム,ロードカナロア,シーザリオ,ローエングリン,ヒストリックレディ,キングカメハメハ,レディブラッサム,スペシャルウィーク,キロフプリミエール,シングスピール,カーリング,ネオユニヴァース,ヒストリックスター,Kingmambo,マンファス,Storm Cat,サラトガデュー,サンデーサイレンス,キャンペンガール,Sadler's Wells,Querida,In the Wings,Glorious Song,Garde Royale,Corraleja,サンデーサイレンス,ポインテッドパス,ファルブラヴ,ベガ,Mr. Prospector,Miesque,ラストタイクーン,Pilot Bird,Storm Bird,Terlingua,Cormorant,Super Luna,Halo,Wishing Well,マルゼンスキー,レディーシラオキ,Northern Dancer,Fairy Bridge,Habitat,Principia,Sadler's Wells,High Hawk,Halo,Ballade,Mill Reef,Royal Way,Carvin,Darling Dale,Halo,Wishing Well,Kris,Silken Way,Fairy King,Gift of the Night,トニービン,アンティックヴァリュー
2022103577,ジャスタウェイ,ラズールリッキー,ハーツクライ,シビル,スタチューオブリバティ,コリンズグラス,サンデーサイレンス,アイリッシュダンス,Wild Again,シャロン,Storm Cat,Charming Lassie,グラスワンダー,ユキミザケ,Halo,Wishing Well,トニービン,ビューパーダンス,Icecapade,Bushel-n-Peck,Mo Exception,Double Wiggle,Storm Bird,Terlingua,Seattle Slew,Lassie Dear,Silver Hawk,Ameriflora,アレミロード,サムライクイーン,Hail to Reason,Cosmah,Understanding,Mountain Flower,カンパラ,Severn Bridge,Lyphard,My Bupers,Nearctic,Shenanigans,Khaled,Dama,Hard Work,With Exception,Sir Wiggle,Blue Double,Northern Dancer,South Ocean,Secretariat,Crimson Saint,Bold Reasoning,My Charmer,Buckpasser,Gay Missile,Roberto,Gris Vitesse,Danzig,Graceful Touch,Tom Rolfe,Why Me Lord,Wajima,Our Lady Queen
2021103283,シルバーステート,ラッシュカッター,ディープインパクト,シルヴァースカヤ,Red Ransom,Elizabeth Bay,サンデーサイレンス,ウインドインハーヘア,Silver Hawk,Boubskaia,Roberto,アラビア,Mr. Prospector,Life At the Top,Halo,Wishing Well,Alzao,Burghclere,Roberto,Gris Vitesse,Niniski,Frenetique,Hail to Reason,Bramalea,Damascus,Christmas Wind,Raise a Native,Gold Digger,Seattle Slew,See You At the Top,Hail to Reason,Cosmah,Understanding,Mountain Flower,Lyphard,Lady Rebecca,Busted,Highclere,Hail to Reason,Bramalea,Amerigo,Matchiche,Nijinsky,Virginia Hills,Tyrant,Femina,Turn-to,Nothirdchance,Nashua,Rarelea,Sword Dancer,Kerala,Nearctic,Bally Free,Native Dancer,Raise You,Nashua,Sequence,Bold Reasoning,My Charmer,Riva Ridge,Comely Nell
2021101081,シュヴァルグラン,マザックヤース,ハーツクライ,ハルーワスウィート,キンシャサノキセキ,イーサンラヴ,サンデーサイレンス,アイリッシュダンス,Machiavellian,ハルーワソング,フジキセキ,ケルトシャーン,マイネルラヴ,アイティーシャイン,Halo,Wishing Well,トニービン,ビューパーダンス,Mr. Prospector,Coup de Folie,Nureyev,Morn of Song,サンデーサイレンス,ミルレーサー,Pleasant Colony,Featherhill,Seeking the Gold,Heart of Joy,ニホンピロウイナー,フラッシュアワー,Hail to Reason,Cosmah,Understanding,Mountain Flower,カンパラ,Severn Bridge,Lyphard,My Bupers,Raise a Native,Gold Digger,Halo,Raise the Standard,Northern Dancer,Special,Blushing Groom,Glorious Song,Halo,Wishing Well,Le Fabuleux,Marston's Mill,His Majesty,Sun Colony,Lyphard,Lady Berry,Mr. Prospector,Con Game,リィフォー,Mythographer,スティールハート,ニホンピロエバート,フラッシュオブスティール,セレーザ
2022103472,ルヴァンスレーヴ,ロマネクイーン,シンボリクリスエス,マエストラーレ,マイネルラヴ,リストレーション,Kris S.,Tee Kay,ネオユニヴァース,オータムブリーズ,Seeking the Gold,Heart of Joy,ノーザンテースト,リセス,Roberto,Sharp Queen,Gold Meridian,Tri Argo,サンデーサイレンス,ポインテッドパス,ティンバーカントリー,セプテンバーソング,Mr. Prospector,Con Game,リィフォー,Mythographer,Northern Dancer,Lady Victoria,Stop the Music,Parlor Game,Hail to Reason,Bramalea,Princequillo,Bridgework,Seattle Slew,Queen Louie,Tri Jet,Hail Proudly,Halo,Wishing Well,Kris,Silken Way,Woodman,Fall Aspen,リアルシャダイ,ダイナフェアリー,Raise a Native,Gold Digger,Buckpasser,Broadway,Lyphard,Klaizia,Secretariat,Arachne,Nearctic,Natalma,Victoria Park,Lady Angela,Hail to Reason,Bebopper,Stage Door Johnny,Musical Chairs
2022105516,オルフェーヴル,マサノミネルバ,ステイゴールド,オリエンタルアート,ラムタラ,ハートステイジ,サンデーサイレンス,ゴールデンサッシュ,メジロマックイーン,エレクトロアート,Nijinsky,Snow Bride,カコイーシーズ,ハートブレイク,Halo,Wishing Well,ディクタス,ダイナサッシュ,メジロティターン,メジロオーロラ,ノーザンテースト,グランマスティーヴンス,Northern Dancer,Flaming Page,Blushing Groom,Awaasif,Alydar,Careless Notion,Stage Door Johnny,Royal Folly,Hail to Reason,Cosmah,Understanding,Mountain Flower,Sanctus,Doronic,ノーザンテースト,ロイヤルサッシュ,メジロアサマ,シエリル,リマンド,メジロアイリス,Northern Dancer,Lady Victoria,Lt. Stevens,Dhow,Nearctic,Natalma,Bull Page,Flaring Top,Red God,Runaway Bride,Snow Knight,Royal Statute,Raise a Native,Sweet Tooth,Jester,Miss Uppity,Prince John,Peroxide Blonde,Tom Fool,Golden Sari
2022103183,パイロ,アイアムネフライト,Pulpit,Wild Vision,アグネスタキオン,アイアムアドーター,A.P. Indy,Preach,Wild Again,Carol's Wonder,サンデーサイレンス,アグネスフローラ,デヒア,アイアムザウィナー,Seattle Slew,Weekend Surprise,Mr. Prospector,Narrate,Icecapade,Bushel-n-Peck,Pass the Tab,Carols Christmas,Halo,Wishing Well,ロイヤルスキー,アグネスレディー,Deputy Minister,Sister Dot,Danzig Connection,ブルージーンベイビー,Bold Reasoning,My Charmer,Secretariat,Lassie Dear,Raise a Native,Gold Digger,Honest Pleasure,State,Nearctic,Shenanigans,Khaled,Dama,Al Hattab,Dantina,Whitesburg,Light Verse,Hail to Reason,Cosmah,Understanding,Mountain Flower,Raja Baba,Coz o'Nijinsky,リマンド,イコマエイカン,Vice Regent,Mint Copy,Secretariat,Sword Game,Danzig,Gdynia,Mr. Prospector,Jones Time Machine
2020100555,ホッコータルマエ,トモトモリバー,キングカメハメハ,マダムチェロキー,ブラックタイド,ローズエンジェル,Kingmambo,マンファス,Cherokee Run,アンフォイルド,サンデーサイレンス,ウインドインハーヘア,アグネスデジタル,シュガースポット,Mr. Prospector,Miesque,ラストタイクーン,Pilot Bird,Runaway Groom,Cherokee Dame,Unbridled,Bold Foil,Halo,Wishing Well,Alzao,Burghclere,Crafty Prospector,Chancey Squaw,Lear Fan,トゥースフェアリー,Raise a Native,Gold Digger,Nureyev,Pasadoble,トライマイベスト,Mill Princess,Blakeney,The Dancer,Blushing Groom,Yonnie Girl,Silver Saber,Dame Francesca,Fappiano,Gana Facil,Bold Forbes,Perfect Foil,Hail to Reason,Cosmah,Understanding,Mountain Flower,Lyphard,Lady Rebecca,Busted,Highclere,Mr. Prospector,Real Crafty Lady,Chief's Crown,Allicance,Roberto,Wac,Sadler's Wells,'N Everything Nice
2020104617,ディープスカイ,エフシア,アグネスタキオン,アビ,アグネスデジタル,クリサンテーム,サンデーサイレンス,アグネスフローラ,Chief's Crown,Carmelized,Crafty Prospector,Chancey Squaw,コマンダーインチーフ,クレアーズオピニオン,Halo,Wishing Well,ロイヤルスキー,アグネスレディー,Danzig,Six Crowns,Key to the Mint,Carmelize,Mr. Prospector,Real Crafty Lady,Chief's Crown,Allicance,ダンシングブレーヴ,Slightly Dangerous,Devil's Bag,Duty Dance,Hail to Reason,Cosmah,Understanding,Mountain Flower,Raja Baba,Coz o'Nijinsky,リマンド,イコマエイカン,Northern Dancer,Pas de Nom,Secretariat,Chris Evert,Graustark,Key Bridge,Cornish Prince,Miss Carmie,Raise a Native,Gold Digger,In Reality,Princess Roycraft,Danzig,Six Crowns,Alleged,Runaway Bride,Lyphard,Navajo Princess,Roberto,Where You Lead,Halo,Ballade,Nijinsky,Discipline
2022101733,ホッコータルマエ,クリスタルストーン,キングカメハメハ,マダムチェロキー,ブライアンズタイム,リキセレナード,Kingmambo,マンファス,Cherokee Run,アンフォイルド,Roberto,Kelley's Day,ジェイドロバリー,ムーンセレナード,Mr. Prospector,Miesque,ラストタイクーン,Pilot Bird,Runaway Groom,Cherokee Dame,Unbridled,Bold Foil,Hail to Reason,Bramalea,Graustark,Golden Trail,Mr. Prospector,Number,ミスターシービー,ダイナセレナード,Raise a Native,Gold Digger,Nureyev,Pasadoble,トライマイベスト,Mill Princess,Blakeney,The Dancer,Blushing Groom,Yonnie Girl,Silver Saber,Dame Francesca,Fappiano,Gana Facil,Bold Forbes,Perfect Foil,Turn-to,Nothirdchance,Nashua,Rarelea,Ribot,Flower Bowl,Hasty Road,Sunny Vale,Raise a Native,Gold Digger,Nijinsky,Special,トウショウボーイ,シービークイン,エルセンタウロ,フリソデ
2021106759,シャンハイボビー,ユースティティア,Harlan's Holiday,Steelin',フジキセキ,ソブストーリー,Harlan,Christmas in Aiken,Orientate,Steel Band,サンデーサイレンス,ミルレーサー,エリシオ,シリーズ,Storm Cat,Country Romance,Affirmed,Dowager,Mt. Livermore,Dream Team,Carson City,ウェディングバンド,Halo,Wishing Well,Le Fabuleux,Marston's Mill,Fairy King,Helice,Mr. Prospector,File,Storm Bird,Terlingua,Halo,Sweet Romance,Exclusive Native,Won't Tell You,Honest Pleasure,Princessnesian,Blushing Groom,Flama Ardiente,Cox's Ridge,Likely Double,Mr. Prospector,Blushing Promise,Mighty Appealing,Ring of Steel,Hail to Reason,Cosmah,Understanding,Mountain Flower,Wild Risk,Anguar,In Reality,Millicent,Northern Dancer,Fairy Bridge,Slewpy,Hirondelle,Raise a Native,Gold Digger,Tom Rolfe,Continue
2022101060,フォーウィールドライブ,ゴールドカルラ,American Pharoah,Funfair,ゼンノロブロイ,ハッピーマキシマム,Pioneerof the Nile,Littleprincessemma,More Than Ready,Fleuron,サンデーサイレンス,ローミンレイチェル,サクラバクシンオー,カタクラヒメ,エンパイアメーカー,Star of Goshen,Yankee Gentleman,Exclusive Rosette,サザンヘイロー,Woodman's Girl,Distant View,Flamboyance,Halo,Wishing Well,マイニング,One Smart Lady,サクラユタカオー,サクラハゴロモ,タケシバオー,ライトミツコ,Unbridled,Toussaud,Lord at War,Castle Eight,Storm Cat,Key Phrase,Ecliptical,Zetta Jet,Halo,Northern Sea,Woodman,Becky Be Good,Mr. Prospector,Seven Springs,Zilzal,Bridal Wreath,Hail to Reason,Cosmah,Understanding,Mountain Flower,Mr. Prospector,I Pass,Clever Trick,Pia's Lady,テスコボーイ,アンジェリカ,ノーザンテースト,クリアアンバー,チャイナロック,タカツナミ,ロイヤルタタン,ライトパレー
2022103425,アメリカンペイトリオット,クインズアイザ,War Front,Life Well Lived,タイキシャトル,ケイアイアテナ,Danzig,Starry Dreamer,Tiznow,Well Dressed,Devil's Bag,ウェルシュマフィン,Afleet Alex,アンナステルツ,Northern Dancer,Pas de Nom,Rubiano,Lara's Star,Cee's Tizzy,Cee's Song,Notebook,Trithenia,Halo,Ballade,Caerleon,Muffitys,Northern Afleet,Maggy Hawk,Danzig,Edge,Nearctic,Natalma,Admiral's Voyage,Petitioner,Fappiano,Ruby Slippers,Forli,True Reality,Relaunch,テイズリー,Seattle Song,Lonely Dancer,Well Decorated,Mobcap,Gold Meridian,Tri Argo,Hail to Reason,Cosmah,Herbager,Miss Swapsco,Nijinsky,Foreseer,Thatch,Contrail,アフリート,Nuryette,ホークスター,Qualique,Northern Dancer,Pas de Nom,Damascus,Ponte Vecchio
2023105267,ロードカナロア,インピード,キングカメハメハ,レディブラッサム,Bated Breath,Coraline,Kingmambo,マンファス,Storm Cat,サラトガデュー,Dansili,Tantina,Sadler's Wells,Bahamian,Mr. Prospector,Miesque,ラストタイクーン,Pilot Bird,Storm Bird,Terlingua,Cormorant,Super Luna,デインヒル,Hasili,Distant View,Didina,Northern Dancer,Fairy Bridge,Mill Reef,Sorbus,Raise a Native,Gold Digger,Nureyev,Pasadoble,トライマイベスト,Mill Princess,Blakeney,The Dancer,Northern Dancer,South Ocean,Secretariat,Crimson Saint,His Majesty,Song Sparrow,In Reality,Alada,Danzig,Razyana,Kahyasi,Kerali,Mr. Prospector,Seven Springs,Nashwan,Didicoy,Nearctic,Natalma,Bold Reason,Special,Never Bend,Milan Mill,Busted,Censorship
2023103607,エピファネイア,レッドレイチェル,シンボリクリスエス,シーザリオ,Medaglia d'Oro,クーデンビーチ,Kris S.,Tee Kay,スペシャルウィーク,キロフプリミエール,El Prado,Cappucino Bay,パントレセレブル,Joyful,Roberto,Sharp Queen,Gold Meridian,Tri Argo,サンデーサイレンス,キャンペンガール,Sadler's Wells,Querida,Sadler's Wells,Lady Capulet,Bailjumper,Dubbed In,Nureyev,Peinture Bleue,Green Desert,Optimistic Lass,Hail to Reason,Bramalea,Princequillo,Bridgework,Seattle Slew,Queen Louie,Tri Jet,Hail Proudly,Halo,Wishing Well,マルゼンスキー,レディーシラオキ,Northern Dancer,Fairy Bridge,Habitat,Principia,Northern Dancer,Fairy Bridge,Sir Ivor,Cap and Bells,Damascus,Court Circuit,Silent Screen,Society Singer,Northern Dancer,Special,Alydar,Petroleuse,Danzig,Foreign Courier,Mr. Prospector,Loveliest
2023103726,サートゥルナーリア,リトルゲルダ,ロードカナロア,シーザリオ,Closing Argument,ビジューミス,キングカメハメハ,レディブラッサム,スペシャルウィーク,キロフプリミエール,Successful Appeal,Mrs. Greeley,Buddha,Above the Odds,Kingmambo,マンファス,Storm Cat,サラトガデュー,サンデーサイレンス,キャンペンガール,Sadler's Wells,Querida,Valid Appeal,Successful Dancer,Mr. Greeley,Rare Review,Unbridled's Song,Cahooters,Wild Again,Doppio Espresso,Mr. Prospector,Miesque,ラストタイクーン,Pilot Bird,Storm Bird,Terlingua,Cormorant,Super Luna,Halo,Wishing Well,マルゼンスキー,レディーシラオキ,Northern Dancer,Fairy Bridge,Habitat,Principia,In Reality,Desert Trial,Fortunate Prospect,Debonair Dancer,Gone West,Long Legend,Groovy,Royal Tantrum,Unbridled,Trolley Song,Storm Cat,Puss in Cahoots,Icecapade,Bushel-n-Peck,Java Gold,Eastern Dawn
2023104357,イスラボニータ,ヤマニンアストレア,フジキセキ,イスラコジーン,キングカメハメハ,ヤマニンアリーナ,サンデーサイレンス,ミルレーサー,Cozzene,Isla Mujeres,Kingmambo,マンファス,サンデーサイレンス,ティファニーラス,Halo,Wishing Well,Le Fabuleux,Marston's Mill,Caro,Ride the Trails,Crafty Prospector,Lido Isle,Mr. Prospector,Miesque,ラストタイクーン,Pilot Bird,Halo,Wishing Well,Bold Forbes,Sally Stark,Hail to Reason,Cosmah,Understanding,Mountain Flower,Wild Risk,Anguar,In Reality,Millicent,フォルティノ,Chambord,Prince John,Wildwook,Mr. Prospector,Real Crafty Lady,Far North,She Is Gorgeous,Raise a Native,Gold Digger,Nureyev,Pasadoble,トライマイベスト,Mill Princess,Blakeney,The Dancer,Hail to Reason,Cosmah,Understanding,Mountain Flower,Irish Castle,Comely Nell,Graustark,Sally Ship
2023107511,Wootton Bassett,Monegal,Iffraaj,Balladonia,Lope de Vega,Sublissime,Zafonic,Pastorale,Primo Dominie,Susquehanna Days,Shamardal,Lady Vettori,ロックオブジブラルタル,Reem Albaraari,Gone West,Zaizafon,Nureyev,Park Appeal,Dominion,Swan Ann,Chief's Crown,Gliding By,Giant's Causeway,Helsinki,Vettori,Lady Golconda,デインヒル,Offshore Boom,Sadler's Wells,Habibti,Mr. Prospector,Secrettame,The Minstrel,Mofida,Northern Dancer,Special,Ahonoora,Balidaress,Derring-Do,Picture Palace,My Swanee,Anna Barry,Danzig,Six Crowns,Tom Rolfe,Key Bridge,Storm Cat,Mariah's Storm,Machiavellian,Helen Street,Machiavellian,Air Distingue,Kendor,Lady Sharp,Danzig,Razyana,Be My Guest,Push a Button,Northern Dancer,Fairy Bridge,Habitat,Klairessa
2023102143,フォーウィールドライブ,アグネスフェアリー,American Pharoah,Funfair,ヴィクトワールピサ,アグネスラック,Pioneerof the Nile,Littleprincessemma,More Than Ready,Fleuron,ネオユニヴァース,ホワイトウォーターアフェア,クロフネ,アグネスセレーネー,エンパイアメーカー,Star of Goshen,Yankee Gentleman,Exclusive Rosette,サザンヘイロー,Woodman's Girl,Distant View,Flamboyance,サンデーサイレンス,ポインテッドパス,Machiavellian,Much Too Risky,フレンチデピュティ,ブルーアヴェニュー,トニービン,アグネスフローラ,Unbridled,Toussaud,Lord at War,Castle Eight,Storm Cat,Key Phrase,Ecliptical,Zetta Jet,Halo,Northern Sea,Woodman,Becky Be Good,Mr. Prospector,Seven Springs,Zilzal,Bridal Wreath,Halo,Wishing Well,Kris,Silken Way,Mr. Prospector,Coup de Folie,Bustino,Short Rations,Deputy Minister,Mitterand,Classic Go Go,Eliza Blue,カンパラ,Severn Bridge,ロイヤルスキー,アグネスレディー
2023106040,エポカドーロ,アグネスエンジェル,オルフェーヴル,ダイワパッション,ホワイトマズル,アグネスパサー,ステイゴールド,オリエンタルアート,フォーティナイナー,サンルージュ,ダンシングブレーヴ,Fair of the Furze,エルコンドルパサー,アグネスセレーネー,サンデーサイレンス,ゴールデンサッシュ,メジロマックイーン,エレクトロアート,Mr. Prospector,File,シェイディハイツ,チカノヴァ,Lyphard,Navajo Princess,Ela-Mana-Mou,Autocratic,Kingmambo,サドラーズギャル,トニービン,アグネスフローラ,Halo,Wishing Well,ディクタス,ダイナサッシュ,メジロティターン,メジロオーロラ,ノーザンテースト,グランマスティーヴンス,Raise a Native,Gold Digger,Tom Rolfe,Continue,Shirley Heights,Vaguely,Northern Dancer,Cairn Rouge,Northern Dancer,Goofed,Drone,Olmec,ピットカーン,Rose Bertin,Tyrant,Flight Table,Mr. Prospector,Miesque,Sadler's Wells,Glenveagh,カンパラ,Severn Bridge,ロイヤルスキー,アグネスレディー
2023105282,モーリス,クイーンズキトゥン,スクリーンヒーロー,メジロフランシス,ディープインパクト,ステファニーズキトゥン,グラスワンダー,ランニングヒロイン,カーネギー,メジロモントレー,サンデーサイレンス,ウインドインハーヘア,Kitten's Joy,Unfold the Rose,Silver Hawk,Ameriflora,サンデーサイレンス,ダイナアクトレス,Sadler's Wells,Detroit,モガミ,メジロクインシー,Halo,Wishing Well,Alzao,Burghclere,El Prado,Kitten's First,Catienus,Bail Out Becky,Roberto,Gris Vitesse,Danzig,Graceful Touch,Halo,Wishing Well,ノーザンテースト,モデルスポート,Northern Dancer,Fairy Bridge,Riverman,Derna,Lyphard,ノーラック,フィディオン,メジロボサツ,Hail to Reason,Cosmah,Understanding,Mountain Flower,Lyphard,Lady Rebecca,Busted,Highclere,Sadler's Wells,Lady Capulet,Lear Fan,That's My Hon,Storm Cat,ダイアモンドシティ,Red Ransom,Becky Be Good
2023107524,Authentic,Affianced,Into Mischief,Flawless,More Than Ready,All Star Heart,Harlan's Holiday,Leslie's Lady,Mr. Greeley,Oyster Baby,サザンヘイロー,Woodman's Girl,Arch,Gift Of The Heart,Harlan,Christmas in Aiken,Tricky Creek,Crystal Lady,Gone West,Long Legend,Wild Again,Really Fancy,Halo,Northern Sea,Woodman,Becky Be Good,Kris S.,Aurora,Ascot Knight,Devils Council,Storm Cat,Country Romance,Affirmed,Dowager,Clever Trick,Battle Creek Girl,Stop the Music,One Last Bird,Mr. Prospector,Secrettame,Reviewer,Lianga,Icecapade,Bushel-n-Peck,In Reality,Native Fancy,Hail to Reason,Cosmah,Northern Dancer,Sea Saga,Mr. Prospector,プレイメイト,Naskra,Good Landing,Roberto,Sharp Queen,Danzig,Althea,Danzig,Bambee T.T.,Devil Begone,Riveting
2023107530,Beau Liam,Sing Lady Sing,Liam's Map,Belle of Perintown,Scat Daddy,Saint Bernadette,Unbridled's Song,Miss Macy Sue,デヒア,Hot Match,ヨハネスブルグ,Love Style,Saint Ballado,Wedding Jitters,Unbridled,Trolley Song,Trippi,Yada Yada,Deputy Minister,Sister Dot,Mr. Prospector,Jeanne Jones,ヘネシー,Myth,Mr. Prospector,Likeable Style,Halo,Ballade,Runaway Groom,Classy Tricks,Fappiano,Gana Facil,Caro,Lucky Spell,エンドスウィープ,Jealous Appeal,Great Above,Stem,Vice Regent,Mint Copy,Secretariat,Sword Game,Raise a Native,Gold Digger,Nijinsky,Beautiful Glass,Storm Cat,Island Kitty,オジジアン,Yarn,Raise a Native,Gold Digger,Nijinsky,Personable Lady,Hail to Reason,Cosmah,Herbager,Miss Swapsco,Blushing Groom,Yonnie Girl,Hold Your Tricks,Mabel Faire
2023105360,ポエティックフレア,オートクレール,Dawn Approach,Maria Lee,デュランダル,ジョイアサーティン,New Approach,Hymn of the Dawn,ロックオブジブラルタル,Elida,サンデーサイレンス,サワヤカプリンセス,フォーティナイナー,アサーテイン,Galileo,Park Express,Phone Trick,Colonial Debut,デインヒル,Offshore Boom,ロイヤルアカデミー,Saviour,Halo,Wishing Well,ノーザンテースト,スコッチプリンセス,Mr. Prospector,File,Assert,Obeah,Sadler's Wells,Urban Sea,Ahonoora,Matcher,Clever Trick,Over the Phone,Pleasant Colony,Kittihawk Miss,Danzig,Razyana,Be My Guest,Push a Button,Nijinsky,Crimson Saint,Majestic Light,Victorian Queen,Hail to Reason,Cosmah,Understanding,Mountain Flower,Northern Dancer,Lady Victoria,Creme dela Creme,Meadow Saffron,Raise a Native,Gold Digger,Tom Rolfe,Continue,Be My Guest,Irish Bird,Cyane,Book of Verse
2023106606,モズアスコット,ミナレット,Frankel,India,スズカマンボ,ノワゼット,Galileo,Kind,ヘネシー,Misty Hour,サンデーサイレンス,スプリングマンボ,ウォーニング,ファーディーン,Sadler's Wells,Urban Sea,デインヒル,Rainbow Lake,Storm Cat,Island Kitty,Miswaki,Our Tina Marie,Halo,Wishing Well,Kingmambo,キーフライヤー,Known Fact,Slightly Dangerous,ファーディナンド,Conquisto,Northern Dancer,Fairy Bridge,Miswaki,Allegretta,Danzig,Razyana,Rainbow Quest,Rockfest,Storm Bird,Terlingua,Hawaii,T. C. Kitten,Mr. Prospector,Hopespringseternal,Nijinsky,Java Moon,Hail to Reason,Cosmah,Understanding,Mountain Flower,Mr. Prospector,Miesque,Nijinsky,Key Partner,In Reality,Tamerett,Roberto,Where You Lead,Nijinsky,Banja Luka,Conquistador Cielo,Gauri
2023107003,サートゥルナーリア,コントラチェック,ロードカナロア,シーザリオ,ディープインパクト,リッチダンサー,キングカメハメハ,レディブラッサム,スペシャルウィーク,キロフプリミエール,サンデーサイレンス,ウインドインハーヘア,Halling,Fairy Flight,Kingmambo,マンファス,Storm Cat,サラトガデュー,サンデーサイレンス,キャンペンガール,Sadler's Wells,Querida,Halo,Wishing Well,Alzao,Burghclere,Diesis,Dance Machine,Fairy King,Rising Tide,Mr. Prospector,Miesque,ラストタイクーン,Pilot Bird,Storm Bird,Terlingua,Cormorant,Super Luna,Halo,Wishing Well,マルゼンスキー,レディーシラオキ,Northern Dancer,Fairy Bridge,Habitat,Principia,Hail to Reason,Cosmah,Understanding,Mountain Flower,Lyphard,Lady Rebecca,Busted,Highclere,Sharpen Up,Doubly Sure,Green Dancer,Never a Lady,Northern Dancer,Fairy Bridge,レッドアラート,Naiad Queen
2023104847,ディスクリートキャット,ファイアリーラヴ,Forestry,Pretty Discreet,パイロ,アフェクショネット,Storm Cat,Shared Interest,Private Account,Pretty Persuasive,Pulpit,Wild Vision,Distorted Humor,Loving Kindness,Storm Bird,Terlingua,Pleasant Colony,Surgery,Damascus,Numbered Account,Believe It,Bury the Hatchet,A.P. Indy,Preach,Wild Again,Carol's Wonder,フォーティナイナー,Danzig's Beauty,Seattle Slew,Coup de Genie,Northern Dancer,South Ocean,Secretariat,Crimson Saint,His Majesty,Sun Colony,Dr. Fager,Bold Sequence,Sword Dancer,Kerala,Buckpasser,Intriguing,In Reality,Breakfast Bell,Tom Rolfe,Christmas Whishes,Seattle Slew,Weekend Surprise,Mr. Prospector,Narrate,Icecapade,Bushel-n-Peck,Pass the Tab,Carols Christmas,Mr. Prospector,File,Danzig,Sweetest Chant,Bold Reasoning,My Charmer,Mr. Prospector,Coup de Folie
2023100178,サートゥルナーリア,シルヴァーキトゥン,ロードカナロア,シーザリオ,Kitten's Joy,Exe,キングカメハメハ,レディブラッサム,スペシャルウィーク,キロフプリミエール,El Prado,Kitten's First,Exchange Rate,Exaggerate,Kingmambo,マンファス,Storm Cat,サラトガデュー,サンデーサイレンス,キャンペンガール,Sadler's Wells,Querida,Sadler's Wells,Lady Capulet,Lear Fan,That's My Hon,Danzig,Sterling Pound,Cat Thief,Tasha Lanae,Mr. Prospector,Miesque,ラストタイクーン,Pilot Bird,Storm Bird,Terlingua,Cormorant,Super Luna,Halo,Wishing Well,マルゼンスキー,レディーシラオキ,Northern Dancer,Fairy Bridge,Habitat,Principia,Northern Dancer,Fairy Bridge,Sir Ivor,Cap and Bells,Roberto,Wac,L'Enjoleur,One Lane,Northern Dancer,Pas de Nom,Seeking the Gold,Spectacular Bev,Storm Cat,Train Robbery,Air Forbes Won,Silent Swinger
2023101835,ビッグアーサー,ルージュバンブー,サクラバクシンオー,シヤボナ,マリエンバード,トロピカルナイト,サクラユタカオー,サクラハゴロモ,Kingmambo,Relish,Caerleon,マリエンバド,サンデーサイレンス,ウインドフレスカ,テスコボーイ,アンジェリカ,ノーザンテースト,クリアアンバー,Mr. Prospector,Miesque,Sadler's Wells,Reloy,Nijinsky,Foreseer,Darshaan,Marie de Fontenoy,Halo,Wishing Well,Kris S.,Donut Hole,Princely Gift,Suncourt,ネヴァービート,スターハイネス,Northern Dancer,Lady Victoria,Ambiopoise,One Clear Call,Raise a Native,Gold Digger,Nureyev,Pasadoble,Northern Dancer,Fairy Bridge,Liloy,Rescousse,Northern Dancer,Flaming Page,Round Table,Regal Gleam,Shirley Heights,Delsy,Lightning,Primula,Hail to Reason,Cosmah,Understanding,Mountain Flower,Roberto,Sharp Queen,Donut King,Really Sumthin
2021105584,Frankel,ジェットセッティング,Galileo,Kind,Fast Company,Mean Lae,Sadler's Wells,Urban Sea,デインヒル,Rainbow Lake,Danehill Dancer,Sheezalady,ヨハネスブルグ,Plume Rouge,Northern Dancer,Fairy Bridge,Miswaki,Allegretta,Danzig,Razyana,Rainbow Quest,Rockfest,デインヒル,Mira Adonde,Zafonic,Canadian Mill,ヘネシー,Myth,Pivotal,Classic Fan,Nearctic,Natalma,Bold Reason,Special,Mr. Prospector,Hopespringseternal,Lombard,Anatevka,Northern Dancer,Pas de Nom,His Majesty,Spring Adieu,Blushing Groom,I Will Follow,Stage Door Johnny,Rock Garden,Danzig,Razyana,Sharpen Up,Lettre d'Amour,Gone West,Zaizafon,Mill Reef,Par Excellance,Storm Cat,Island Kitty,オジジアン,Yarn,Polar Falcon,Fearless Revival,Lear Fan,Miss Boniface
2021105688,ドレフォン,ハピネスダンサー,Gio Ponti,Eltimaas,メイショウサムソン,クロノロジスト,Tale of the Cat,Chipeta Springs,Ghostzapper,Najecam,オペラハウス,マイヴィヴィアン,クロフネ,インディスユニゾン,Storm Cat,Yarn,Alydar,Salt Spring,Awesome Again,Baby Zip,Trempolino,Sue Warner,Sadler's Wells,Colorspin,ダンシングブレーヴ,ウイルプリンセス,フレンチデピュティ,ブルーアヴェニュー,サンデーサイレンス,ラスティックベル,Storm Bird,Terlingua,Mr. Prospector,Narrate,Raise a Native,Sweet Tooth,Salt Marsh,Jungle Mythologic,Deputy Minister,Primal Force,Relaunch,Thirty Zip,Sharpen Up,Trephine,Forli,Bitty Girl,Northern Dancer,Fairy Bridge,High Top,Reprocolor,Lyphard,Navajo Princess,サンプリンス,エール,Deputy Minister,Mitterand,Classic Go Go,Eliza Blue,Halo,Wishing Well,Mr. Prospector,Ragtime Girl
2022102769,ゴールドドリーム,ココクイーン,ゴールドアリュール,モンヴェール,キングカメハメハ,エムオーフィーバー,サンデーサイレンス,ニキーヤ,フレンチデピュティ,スペシャルジェイド,Kingmambo,マンファス,メジロマックイーン,ハローシャノン,Halo,Wishing Well,Nureyev,Reluctant Guest,Deputy Minister,Mitterand,Cox's Ridge,Statistic,Mr. Prospector,Miesque,ラストタイクーン,Pilot Bird,メジロティターン,メジロオーロラ,サンデーサイレンス,ハローサマー,Hail to Reason,Cosmah,Understanding,Mountain Flower,Northern Dancer,Special,Hostage,Vaguely Royal,Vice Regent,Mint Copy,Hold Your Peace,Laredo Lass,Best Turn,Our Martha,Mr. Prospector,Number,Raise a Native,Gold Digger,Nureyev,Pasadoble,トライマイベスト,Mill Princess,Blakeney,The Dancer,メジロアサマ,シエリル,リマンド,メジロアイリス,Halo,Wishing Well,Diesis,Spring Adieu
2022106975,リアルスティール,ラスリーズ,ディープインパクト,ラヴズオンリーミー,ブライアンズタイム,マチカネヒザクラ,サンデーサイレンス,ウインドインハーヘア,Storm Cat,Monevassia,Roberto,Kelley's Day,デインヒル,マチカネアイーダ,Halo,Wishing Well,Alzao,Burghclere,Storm Bird,Terlingua,Mr. Prospector,Miesque,Hail to Reason,Bramalea,Graustark,Golden Trail,Danzig,Razyana,Alydar,Lady's Secret,Hail to Reason,Cosmah,Understanding,Mountain Flower,Lyphard,Lady Rebecca,Busted,Highclere,Northern Dancer,South Ocean,Secretariat,Crimson Saint,Raise a Native,Gold Digger,Nureyev,Pasadoble,Turn-to,Nothirdchance,Nashua,Rarelea,Ribot,Flower Bowl,Hasty Road,Sunny Vale,Northern Dancer,Pas de Nom,His Majesty,Spring Adieu,Raise a Native,Sweet Tooth,Secretariat,Great Lady M.
2020106974,グレーターロンドン,デスティニーラブ,ディープインパクト,ロンドンブリッジ,アグネスデジタル,スローアキッス,サンデーサイレンス,ウインドインハーヘア,ドクターデヴィアス,オールフォーロンドン,Crafty Prospector,Chancey Squaw,スペシャルウィーク,ケイシー,Halo,Wishing Well,Alzao,Burghclere,Ahonoora,Rose of Jericho,Danzig,Full Card,Mr. Prospector,Real Crafty Lady,Chief's Crown,Allicance,サンデーサイレンス,キャンペンガール,Caerleon,Kiss,Hail to Reason,Cosmah,Understanding,Mountain Flower,Lyphard,Lady Rebecca,Busted,Highclere,Lorenzaccio,Helen Nichols,Alleged,Rose Red,Northern Dancer,Pas de Nom,Damascus,Belle of the Ball,Raise a Native,Gold Digger,In Reality,Princess Roycraft,Danzig,Six Crowns,Alleged,Runaway Bride,Halo,Wishing Well,マルゼンスキー,レディーシラオキ,Nijinsky,Foreseer,Habitat,Miss Petard
2021105993,カリフォルニアクローム,レイナカスターニャ,Lucky Pulpit,Love the Chase,キングカメハメハ,ナスカ,Pulpit,Lucky Soph,Not for Love,Chase It Down,Kingmambo,マンファス,サンデーサイレンス,アンデスレディー,A.P. Indy,Preach,Cozzene,Lucky Spell,Mr. Prospector,Dance Number,Polish Numbers,Chase the Dream,Mr. Prospector,Miesque,ラストタイクーン,Pilot Bird,Halo,Wishing Well,ノーザンテースト,ペルースポート,Seattle Slew,Weekend Surprise,Mr. Prospector,Narrate,Caro,Ride the Trails,Lucky Mel,Incantation,Raise a Native,Gold Digger,Northern Dancer,Numbered Account,Danzig,Numbered Account,Sir Ivor,La Belle Fleur,Raise a Native,Gold Digger,Nureyev,Pasadoble,トライマイベスト,Mill Princess,Blakeney,The Dancer,Hail to Reason,Cosmah,Understanding,Mountain Flower,Northern Dancer,Lady Victoria,ガーサント,グレートターフ
2022105160,ルヴァンスレーヴ,レッドパラス,シンボリクリスエス,マエストラーレ,クロフネ,レッドソンブレロ,Kris S.,Tee Kay,ネオユニヴァース,オータムブリーズ,フレンチデピュティ,ブルーアヴェニュー,キングカメハメハ,スカーレットレディ,Roberto,Sharp Queen,Gold Meridian,Tri Argo,サンデーサイレンス,ポインテッドパス,ティンバーカントリー,セプテンバーソング,Deputy Minister,Mitterand,Classic Go Go,Eliza Blue,Kingmambo,マンファス,サンデーサイレンス,スカーレットローズ,Hail to Reason,Bramalea,Princequillo,Bridgework,Seattle Slew,Queen Louie,Tri Jet,Hail Proudly,Halo,Wishing Well,Kris,Silken Way,Woodman,Fall Aspen,リアルシャダイ,ダイナフェアリー,Vice Regent,Mint Copy,Hold Your Peace,Laredo Lass,Pago Pago,Classic Perfection,Icecapade,コレラ,Mr. Prospector,Miesque,ラストタイクーン,Pilot Bird,Halo,Wishing Well,ノーザンテースト,スカーレットインク
2020101916,ゴールドシップ,セカンドノホシ,ステイゴールド,ポイントフラッグ,シンボリルドルフ,セカンドサービス,サンデーサイレンス,ゴールデンサッシュ,メジロマックイーン,パストラリズム,パーソロン,スイートルナ,リズム,ファーストサービス,Halo,Wishing Well,ディクタス,ダイナサッシュ,メジロティターン,メジロオーロラ,プルラリズム,トクノエイティー,Milesian,Paleo,スピードシンボリ,ダンスタイム,Mr. Prospector,Dance Number,Blushing Groom,Tournament Star,Hail to Reason,Cosmah,Understanding,Mountain Flower,Sanctus,Doronic,ノーザンテースト,ロイヤルサッシュ,メジロアサマ,シエリル,リマンド,メジロアイリス,The Minstrel,Cambretta,トライバルチーフ,アイアンルビー,My Babu,Oatflake,Pharis,Calonice,ロイヤルチャレンヂャー,スイートイン,Palestine,Samaritaine,Raise a Native,Gold Digger,Northern Dancer,Numbered Account,Red God,Runaway Bride,Nijinsky,Chris Evert
2022107233,エポカドーロ,カルカリーナ,オルフェーヴル,ダイワパッション,オウケンブルースリ,ジェネスタキオン,ステイゴールド,オリエンタルアート,フォーティナイナー,サンルージュ,ジャングルポケット,シルバージョイ,アグネスタキオン,コミラス,サンデーサイレンス,ゴールデンサッシュ,メジロマックイーン,エレクトロアート,Mr. Prospector,File,シェイディハイツ,チカノヴァ,トニービン,ダンスチャーマー,Silver Deputy,Joy of Myrtlewood,サンデーサイレンス,アグネスフローラ,Kaldoun,Rive Du Sud,Halo,Wishing Well,ディクタス,ダイナサッシュ,メジロティターン,メジロオーロラ,ノーザンテースト,グランマスティーヴンス,Raise a Native,Gold Digger,Tom Rolfe,Continue,Shirley Heights,Vaguely,Northern Dancer,Cairn Rouge,カンパラ,Severn Bridge,Nureyev,Skillful Joy,Deputy Minister,Silver Valley,Northern Jove,Myrtlewood Lass,Halo,Wishing Well,ロイヤルスキー,アグネスレディー,Caro,Katana,Nureyev,Riviere Doree
2021106063,シルバーステート,オーサムクイーン,ディープインパクト,シルヴァースカヤ,クロフネ,オーサムチャーム,サンデーサイレンス,ウインドインハーヘア,Silver Hawk,Boubskaia,フレンチデピュティ,ブルーアヴェニュー,Awesome Again,Reet Petite,Halo,Wishing Well,Alzao,Burghclere,Roberto,Gris Vitesse,Niniski,Frenetique,Deputy Minister,Mitterand,Classic Go Go,Eliza Blue,Deputy Minister,Primal Force,Maudlin,Nap Trap,Hail to Reason,Cosmah,Understanding,Mountain Flower,Lyphard,Lady Rebecca,Busted,Highclere,Hail to Reason,Bramalea,Amerigo,Matchiche,Nijinsky,Virginia Hills,Tyrant,Femina,Vice Regent,Mint Copy,Hold Your Peace,Laredo Lass,Pago Pago,Classic Perfection,Icecapade,コレラ,Vice Regent,Mint Copy,Blushing Groom,Prime Prospect,Foolish Pleasure,Zonta,Silent Screen,Encantadora
2022101259,リアルスティール,ショウナンハイル,ディープインパクト,ラヴズオンリーミー,ハーツクライ,ショウナンラノビア,サンデーサイレンス,ウインドインハーヘア,Storm Cat,Monevassia,サンデーサイレンス,アイリッシュダンス,フレンチデピュティ,ショウナンアクシア,Halo,Wishing Well,Alzao,Burghclere,Storm Bird,Terlingua,Mr. Prospector,Miesque,Halo,Wishing Well,トニービン,ビューパーダンス,Deputy Minister,Mitterand,ヘクタープロテクター,ショウナンプリティ,Hail to Reason,Cosmah,Understanding,Mountain Flower,Lyphard,Lady Rebecca,Busted,Highclere,Northern Dancer,South Ocean,Secretariat,Crimson Saint,Raise a Native,Gold Digger,Nureyev,Pasadoble,Hail to Reason,Cosmah,Understanding,Mountain Flower,カンパラ,Severn Bridge,Lyphard,My Bupers,Vice Regent,Mint Copy,Hold Your Peace,Laredo Lass,Woodman,Korveya,ウォロー,メジロハリマ
2021104052,ダノンレジェンド,サクラヴァニータ,Macho Uno,マイグッドネス,サクラローレル,サクラヒラメキ,Holy Bull,Primal Force,Storm Cat,Caressing,Rainbow Quest,ローラローラ,ノーザンテースト,サクラハツユキ,Great Above,Sharon Brown,Blushing Groom,Prime Prospect,Storm Bird,Terlingua,Honour and Glory,Lovin Touch,Blushing Groom,I Will Follow,Saint Cyrien,Bold Lady,Northern Dancer,Lady Victoria,パーソロン,サクラジョオー,Minnesota Mac,Ta Wee,Al Hattab,Agathea's Dawn,Red God,Runaway Bride,Mr. Prospector,Square Generation,Northern Dancer,South Ocean,Secretariat,Crimson Saint,Relaunch,Fair to All,Majestic Prince,Forest Princess,Red God,Runaway Bride,Herbager,Where You Lead,Luthier,Sevres,ボールドラツド,Tredam,Nearctic,Natalma,Victoria Park,Lady Angela,Milesian,Paleo,Alcide,スワンズウッドグローヴ
2022103327,ロジャーバローズ,デスティニーラブ,ディープインパクト,リトルブック,アグネスデジタル,スローアキッス,サンデーサイレンス,ウインドインハーヘア,Librettist,Cal Norma's Lady,Crafty Prospector,Chancey Squaw,スペシャルウィーク,ケイシー,Halo,Wishing Well,Alzao,Burghclere,Danzig,Mysterial,リファーズスペシャル,June Darling,Mr. Prospector,Real Crafty Lady,Chief's Crown,Allicance,サンデーサイレンス,キャンペンガール,Caerleon,Kiss,Hail to Reason,Cosmah,Understanding,Mountain Flower,Lyphard,Lady Rebecca,Busted,Highclere,Northern Dancer,Pas de Nom,Alleged,Mysteries,Lyphard,My Bupers,ジュニアス,Beau Darling,Raise a Native,Gold Digger,In Reality,Princess Roycraft,Danzig,Six Crowns,Alleged,Runaway Bride,Halo,Wishing Well,マルゼンスキー,レディーシラオキ,Nijinsky,Foreseer,Habitat,Miss Petard
2022102260,フィエールマン,トロントテソーロ,ディープインパクト,リュヌドール,シャンハイボビー,Rhapsody Queen,サンデーサイレンス,ウインドインハーヘア,Green Tune,Luth d'Or,Harlan's Holiday,Steelin',Unbridled's Song,To the Queen,Halo,Wishing Well,Alzao,Burghclere,Green Dancer,Soundings,Noir Et Or,Viole d'Amour,Harlan,Christmas in Aiken,Orientate,Steel Band,Unbridled,Trolley Song,Deputy Minister,Bally Five,Hail to Reason,Cosmah,Understanding,Mountain Flower,Lyphard,Lady Rebecca,Busted,Highclere,Nijinsky,Green Valley,Mr. Prospector,Ocean's Answer,ラインゴールド,Pomme Rose,Luthier,Mandolinette,Storm Cat,Country Romance,Affirmed,Dowager,Mt. Livermore,Dream Team,Carson City,ウェディングバンド,Fappiano,Gana Facil,Caro,Lucky Spell,Vice Regent,Mint Copy,Miswaki,Charlotte Amalie
2022106229,モーリス,コスモネモシン,スクリーンヒーロー,メジロフランシス,ゼンノロブロイ,デュプレ,グラスワンダー,ランニングヒロイン,カーネギー,メジロモントレー,サンデーサイレンス,ローミンレイチェル,シングスピール,Child Prodigy,Silver Hawk,Ameriflora,サンデーサイレンス,ダイナアクトレス,Sadler's Wells,Detroit,モガミ,メジロクインシー,Halo,Wishing Well,マイニング,One Smart Lady,In the Wings,Glorious Song,Ballad Rock,Minnie Habit,Roberto,Gris Vitesse,Danzig,Graceful Touch,Halo,Wishing Well,ノーザンテースト,モデルスポート,Northern Dancer,Fairy Bridge,Riverman,Derna,Lyphard,ノーラック,フィディオン,メジロボサツ,Hail to Reason,Cosmah,Understanding,Mountain Flower,Mr. Prospector,I Pass,Clever Trick,Pia's Lady,Sadler's Wells,High Hawk,Halo,Ballade,Bold Lad,True Rocket,Habitat,Minnie Tudor
2021105662,モーリス,ディアデラマドレ,スクリーンヒーロー,メジロフランシス,キングカメハメハ,ディアデラノビア,グラスワンダー,ランニングヒロイン,カーネギー,メジロモントレー,Kingmambo,マンファス,サンデーサイレンス,ポトリザリス,Silver Hawk,Ameriflora,サンデーサイレンス,ダイナアクトレス,Sadler's Wells,Detroit,モガミ,メジロクインシー,Mr. Prospector,Miesque,ラストタイクーン,Pilot Bird,Halo,Wishing Well,Potrillazo,Chaldee,Roberto,Gris Vitesse,Danzig,Graceful Touch,Halo,Wishing Well,ノーザンテースト,モデルスポート,Northern Dancer,Fairy Bridge,Riverman,Derna,Lyphard,ノーラック,フィディオン,メジロボサツ,Raise a Native,Gold Digger,Nureyev,Pasadoble,トライマイベスト,Mill Princess,Blakeney,The Dancer,Hail to Reason,Cosmah,Understanding,Mountain Flower,Ahmad,Azalee,Banner Sport,Gevar
2022106744,トーセンラー,コスモメリー,ディープインパクト,プリンセスオリビア,アドマイヤジャパン,ダンシングメリー,サンデーサイレンス,ウインドインハーヘア,Lycius,Dance Image,サンデーサイレンス,ビワハイジ,シンボリルドルフ,フジノダンサー,Halo,Wishing Well,Alzao,Burghclere,Mr. Prospector,Lypatia,Sadler's Wells,Diamond Spring,Halo,Wishing Well,Caerleon,アグサン,パーソロン,スイートルナ,ダンシングキャップ,フジノトルス,Hail to Reason,Cosmah,Understanding,Mountain Flower,Lyphard,Lady Rebecca,Busted,Highclere,Raise a Native,Gold Digger,Lyphard,Hypatia,Northern Dancer,Fairy Bridge,Vaguely Noble,Dumfries,Hail to Reason,Cosmah,Understanding,Mountain Flower,Nijinsky,Foreseer,Lord Gayle,Santa Luciana,Milesian,Paleo,スピードシンボリ,ダンスタイム,Native Dancer,Merry Madcap,ファバージ,ボンドセブン
2022105002,サートゥルナーリア,フローレスマジック,ロードカナロア,シーザリオ,ディープインパクト,マジックストーム,キングカメハメハ,レディブラッサム,スペシャルウィーク,キロフプリミエール,サンデーサイレンス,ウインドインハーヘア,Storm Cat,Foppy Dancer,Kingmambo,マンファス,Storm Cat,サラトガデュー,サンデーサイレンス,キャンペンガール,Sadler's Wells,Querida,Halo,Wishing Well,Alzao,Burghclere,Storm Bird,Terlingua,Fappiano,Water Dance,Mr. Prospector,Miesque,ラストタイクーン,Pilot Bird,Storm Bird,Terlingua,Cormorant,Super Luna,Halo,Wishing Well,マルゼンスキー,レディーシラオキ,Northern Dancer,Fairy Bridge,Habitat,Principia,Hail to Reason,Cosmah,Understanding,Mountain Flower,Lyphard,Lady Rebecca,Busted,Highclere,Northern Dancer,South Ocean,Secretariat,Crimson Saint,Mr. Prospector,Killaloe,Nijinsky,Luiana
2021105375,ブラックタイド,アパパネ,サンデーサイレンス,ウインドインハーヘア,キングカメハメハ,ソルティビッド,Halo,Wishing Well,Alzao,Burghclere,Kingmambo,マンファス,Salt Lake,Piper Piper,Hail to Reason,Cosmah,Understanding,Mountain Flower,Lyphard,Lady Rebecca,Busted,Highclere,Mr. Prospector,Miesque,ラストタイクーン,Pilot Bird,Deputy Minister,Take Lady Anne,Spectacular Bid,Alvarada,Turn-to,Nothirdchance,Cosmic Bomb,Almahmoud,Promised Land,Pretty Ways,Montparnasse,Edelweiss,Northern Dancer,Goofed,Sir Ivor,Pocahontas,Crepello,Sans le Sou,Queen's Hussar,Highlight,Raise a Native,Gold Digger,Nureyev,Pasadoble,トライマイベスト,Mill Princess,Blakeney,The Dancer,Vice Regent,Mint Copy,Queen City Lad,Lovita H.,Bold Bidder,Spectacular,Hard Work,Easterborn
2021101603,ルーラーシップ,トーホウアマポーラ,キングカメハメハ,エアグルーヴ,フジキセキ,トーホウガイア,Kingmambo,マンファス,トニービン,ダイナカール,サンデーサイレンス,ミルレーサー,Unbridled's Song,Agami,Mr. Prospector,Miesque,ラストタイクーン,Pilot Bird,カンパラ,Severn Bridge,ノーザンテースト,シャダイフェザー,Halo,Wishing Well,Le Fabuleux,Marston's Mill,Unbridled,Trolley Song,Nureyev,Agacerie,Raise a Native,Gold Digger,Nureyev,Pasadoble,トライマイベスト,Mill Princess,Blakeney,The Dancer,Kalamoun,State Pension,Hornbeam,Priddy Fair,Northern Dancer,Lady Victoria,ガーサント,パロクサイド,Hail to Reason,Cosmah,Understanding,Mountain Flower,Wild Risk,Anguar,In Reality,Millicent,Fappiano,Gana Facil,Caro,Lucky Spell,Northern Dancer,Special,Exclusive Native,Quiet Charm
2021105647,レイデオロ,チャーチクワイア,キングカメハメハ,ラドラーダ,ネオユニヴァース,ロレットチャペル,Kingmambo,マンファス,シンボリクリスエス,レディブロンド,サンデーサイレンス,ポインテッドパス,フレンチデピュティ,サンタフェトレイル,Mr. Prospector,Miesque,ラストタイクーン,Pilot Bird,Kris S.,Tee Kay,Seeking the Gold,ウインドインハーヘア,Halo,Wishing Well,Kris,Silken Way,Deputy Minister,Mitterand,ノーザンテースト,ハッピートレイルズ,Raise a Native,Gold Digger,Nureyev,Pasadoble,トライマイベスト,Mill Princess,Blakeney,The Dancer,Roberto,Sharp Queen,Gold Meridian,Tri Argo,Mr. Prospector,Con Game,Alzao,Burghclere,Hail to Reason,Cosmah,Understanding,Mountain Flower,Sharpen Up,Doubly Sure,Shantung,Boulevard,Vice Regent,Mint Copy,Hold Your Peace,Laredo Lass,Northern Dancer,Lady Victoria,ポツセ,ロイコン
2021100104,マインドユアビスケッツ,スルージエアー,Posse,Jazzmane,ダンスインザダーク,ライクザウインド,Silver Deputy,Raska,Toccet,Alljazz,サンデーサイレンス,ダンシングキイ,デインヒル,ウインドインハーヘア,Deputy Minister,Silver Valley,Rahy,Borishka,Awesome Again,Cozzene's Angel,Stop the Music,Bounteous,Halo,Wishing Well,Nijinsky,Key Partner,Danzig,Razyana,Alzao,Burghclere,Vice Regent,Mint Copy,Mr. Prospector,Seven Valleys,Blushing Groom,Glorious Song,Roberto,Queen Maud,Deputy Minister,Primal Force,Cozzene,Charming Pan,Hail to Reason,Bebopper,Master Derby,Mlle. Quille,Hail to Reason,Cosmah,Understanding,Mountain Flower,Northern Dancer,Flaming Page,Key to the Mint,Native Partner,Northern Dancer,Pas de Nom,His Majesty,Spring Adieu,Lyphard,Lady Rebecca,Busted,Highclere
2022105068,サートゥルナーリア,ミカリーニョ,ロードカナロア,シーザリオ,ハーツクライ,ミスエーニョ,キングカメハメハ,レディブラッサム,スペシャルウィーク,キロフプリミエール,サンデーサイレンス,アイリッシュダンス,Pulpit,Madcap Escapade,Kingmambo,マンファス,Storm Cat,サラトガデュー,サンデーサイレンス,キャンペンガール,Sadler's Wells,Querida,Halo,Wishing Well,トニービン,ビューパーダンス,A.P. Indy,Preach,ヘネシー,Sassy Pants,Mr. Prospector,Miesque,ラストタイクーン,Pilot Bird,Storm Bird,Terlingua,Cormorant,Super Luna,Halo,Wishing Well,マルゼンスキー,レディーシラオキ,Northern Dancer,Fairy Bridge,Habitat,Principia,Hail to Reason,Cosmah,Understanding,Mountain Flower,カンパラ,Severn Bridge,Lyphard,My Bupers,Seattle Slew,Weekend Surprise,Mr. Prospector,Narrate,Storm Cat,Island Kitty,Saratoga Six,Special Portion
2019100702,エイシンヒカリ,ルヴェソンヴェール,ディープインパクト,キャタリナ,クロフネ,フェートデュヴァン,サンデーサイレンス,ウインドインハーヘア,Storm Cat,Carolina Saga,フレンチデピュティ,ブルーアヴェニュー,メジロマックイーン,マーサズヴィンヤード,Halo,Wishing Well,Alzao,Burghclere,Storm Bird,Terlingua,Caro,Key to the Saga,Deputy Minister,Mitterand,Classic Go Go,Eliza Blue,メジロティターン,メジロオーロラ,Nijinsky,Crooning Water,Hail to Reason,Cosmah,Understanding,Mountain Flower,Lyphard,Lady Rebecca,Busted,Highclere,Northern Dancer,South Ocean,Secretariat,Crimson Saint,フォルティノ,Chambord,Key to the Mint,Sea Saga,Vice Regent,Mint Copy,Hold Your Peace,Laredo Lass,Pago Pago,Classic Perfection,Icecapade,コレラ,メジロアサマ,シエリル,リマンド,メジロアイリス,Northern Dancer,Flaming Page,Riva Ridge,Gliding By
2022105710,サートゥルナーリア,ディアマイダーリン,ロードカナロア,シーザリオ,ハーツクライ,オネストリーダーリン,キングカメハメハ,レディブラッサム,スペシャルウィーク,キロフプリミエール,サンデーサイレンス,アイリッシュダンス,Kingmambo,Reluctant Guest,Kingmambo,マンファス,Storm Cat,サラトガデュー,サンデーサイレンス,キャンペンガール,Sadler's Wells,Querida,Halo,Wishing Well,トニービン,ビューパーダンス,Mr. Prospector,Miesque,Hostage,Vaguely Royal,Mr. Prospector,Miesque,ラストタイクーン,Pilot Bird,Storm Bird,Terlingua,Cormorant,Super Luna,Halo,Wishing Well,マルゼンスキー,レディーシラオキ,Northern Dancer,Fairy Bridge,Habitat,Principia,Hail to Reason,Cosmah,Understanding,Mountain Flower,カンパラ,Severn Bridge,Lyphard,My Bupers,Raise a Native,Gold Digger,Nureyev,Pasadoble,Nijinsky,Entente,Vaguely Noble,Shoshanna
2019104953,ドゥラメンテ,ルーヴインペリアル,キングカメハメハ,アドマイヤグルーヴ,Giant's Causeway,Louveterie,Kingmambo,マンファス,サンデーサイレンス,エアグルーヴ,Storm Cat,Mariah's Storm,Nureyev,Lupe,Mr. Prospector,Miesque,ラストタイクーン,Pilot Bird,Halo,Wishing Well,トニービン,ダイナカール,Storm Bird,Terlingua,Rahy,イメンス,Northern Dancer,Special,プリメラ,Alcoa,Raise a Native,Gold Digger,Nureyev,Pasadoble,トライマイベスト,Mill Princess,Blakeney,The Dancer,Hail to Reason,Cosmah,Understanding,Mountain Flower,カンパラ,Severn Bridge,ノーザンテースト,シャダイフェザー,Northern Dancer,South Ocean,Secretariat,Crimson Saint,Blushing Groom,Glorious Song,Roberto,Imsodear,Nearctic,Natalma,Forli,Thong,My Babu,Pirette,Alycidon,Phyllis Court
2022102228,コパノリッキー,リーグルメアリー,ゴールドアリュール,コパノニキータ,Afternoon Deelites,リアリーライジング,サンデーサイレンス,ニキーヤ,ティンバーカントリー,ニホンピロローズ,Private Terms,Intimate Girl,For Really,Rising Writer,Halo,Wishing Well,Nureyev,Reluctant Guest,Woodman,Fall Aspen,トニービン,ウェディングブーケ,Private Account,Laughter,Medaille d'Or,Hot Food,Buckaroo,August Days,Staff Writer,Forever Rise,Hail to Reason,Cosmah,Understanding,Mountain Flower,Northern Dancer,Special,Hostage,Vaguely Royal,Mr. Prospector,プレイメイト,Pretense,Change Water,カンパラ,Severn Bridge,リアルシャダイ,アリーウイン,Damascus,Numbered Account,Bold Ruler,Shenanigans,Secretariat,Fanfreluche,Ack Ack,Loyal Ruler,Buckpasser,Stepping High,In Reality,Rather Special,Northern Dancer,Twill,Rising Market,Always Lucky
2021104889,ニューイヤーズデイ,ティックルゴールド,Street Cry,Justwhistledixie,ステイゴールド,ティックルピンク,Machiavellian,Helen Street,Dixie Union,General Jeanne,サンデーサイレンス,ゴールデンサッシュ,フレンチデピュティ,ブラッシングプリンセス,Mr. Prospector,Coup de Folie,Troy,Waterway,Dixieland Band,She's Tops,Honour and Glory,Ahpo Hel,Halo,Wishing Well,ディクタス,ダイナサッシュ,Deputy Minister,Mitterand,Crafty Prospector,Princess Laika,Raise a Native,Gold Digger,Halo,Raise the Standard,Petingo,La Milo,Riverman,Boulevard,Northern Dancer,Mississippi Mud,Capote,She's a Talent,Relaunch,Fair to All,Mr. Leader,Tiy,Hail to Reason,Cosmah,Understanding,Mountain Flower,Sanctus,Doronic,ノーザンテースト,ロイヤルサッシュ,Vice Regent,Mint Copy,Hold Your Peace,Laredo Lass,Mr. Prospector,Real Crafty Lady,Blushing Groom,Cool Mood
2021105085,エイシンフラッシュ,スターズバース,キングズベスト,ムーンレディ,タートルボウル,ボーンスター,Kingmambo,Allegretta,プラティニ,Midnight Fever,Dyhim Diamond,Clara Bow,サンデーサイレンス,ボーンフェイマス,Mr. Prospector,Miesque,Lombard,Anatevka,Surumu,Prairie Darling,Sure Blade,Majoritat,Night Shift,Happy Landing,Top Ville,Kamiya,Halo,Wishing Well,Exuberant,First One Holme,Raise a Native,Gold Digger,Nureyev,Pasadoble,Agio,Promised Lady,Espresso,Almyra,Literat,Surama,Stanford,Prairie Belle,Kris,Double Lock,Konigsstuhl,Monacchia,Northern Dancer,Ciboulette,Homing,Laughing Goddess,High Top,Sega Ville,Kalamoun,Shahinaaz,Hail to Reason,Cosmah,Understanding,Mountain Flower,What a Pleasure,Out in the Cold,Noholme Atoll,Beautiful Miss
2021106353,アポロキングダム,アポロプリンセス,Lemon Drop Kid,Bella Gatto,カネヒキリ,イットービコー,Kingmambo,Charming Lassie,Storm Cat,Winter Sparkle,フジキセキ,ライフアウトゼア,フォーティナイナー,キープイットアップ,Mr. Prospector,Miesque,Seattle Slew,Lassie Dear,Storm Bird,Terlingua,Northjet,Turn to Talent,サンデーサイレンス,ミルレーサー,Deputy Minister,Silver Valley,Mr. Prospector,File,モガミチャンピオン,イツトー,Raise a Native,Gold Digger,Nureyev,Pasadoble,Bold Reasoning,My Charmer,Buckpasser,Gay Missile,Northern Dancer,South Ocean,Secretariat,Crimson Saint,Northfields,Jellatina,Turn-to,Hidden Talent,Halo,Wishing Well,Le Fabuleux,Marston's Mill,Vice Regent,Mint Copy,Mr. Prospector,Seven Valleys,Raise a Native,Gold Digger,Tom Rolfe,Continue,トウショウボーイ,イーストサイド,ヴェンチア,ミスマルミチ
2019100615,ワンアンドオンリー,アンシャンタン,ハーツクライ,ヴァーチュ,Unbridled's Song,Celtic Melody,サンデーサイレンス,アイリッシュダンス,タイキシャトル,サンタムール,Unbridled,Trolley Song,Mr. Greeley,Ballynaugh,Halo,Wishing Well,トニービン,ビューパーダンス,Devil's Bag,ウェルシュマフィン,Danzig,アンブロジン,Fappiano,Gana Facil,Caro,Lucky Spell,Gone West,Long Legend,Desert Wine,Fool's Miss,Hail to Reason,Cosmah,Understanding,Mountain Flower,カンパラ,Severn Bridge,Lyphard,My Bupers,Halo,Ballade,Caerleon,Muffitys,Northern Dancer,Pas de Nom,Mr. Prospector,バラダ,Mr. Prospector,Killaloe,Le Fabuleux,Charedi,フォルティノ,Chambord,Lucky Mel,Incantation,Mr. Prospector,Secrettame,Reviewer,Lianga,Damascus,Anne Campbell,Saltville,Watch Lucille
2021105767,リアルスティール,ベルワトリング,ディープインパクト,ラヴズオンリーミー,Dushyantor,Biala,サンデーサイレンス,ウインドインハーヘア,Storm Cat,Monevassia,Sadler's Wells,Slightly Dangerous,The Great Shark,Damasquera,Halo,Wishing Well,Alzao,Burghclere,Storm Bird,Terlingua,Mr. Prospector,Miesque,Northern Dancer,Fairy Bridge,Roberto,Where You Lead,Storm Bird,Hot Gossip,Domineau,Discografia,Hail to Reason,Cosmah,Understanding,Mountain Flower,Lyphard,Lady Rebecca,Busted,Highclere,Northern Dancer,South Ocean,Secretariat,Crimson Saint,Raise a Native,Gold Digger,Nureyev,Pasadoble,Nearctic,Natalma,Bold Reason,Special,Hail to Reason,Bramalea,Raise a Native,Noblesse,Northern Dancer,South Ocean,Correspondent,Spotted Beauty,Never Bend,Pop's Pick,Damascus Silver,Secuestrada
2020105670,リアルスティール,フルボイス,ディープインパクト,ラヴズオンリーミー,ルーラーシップ,エヴリウィスパー,サンデーサイレンス,ウインドインハーヘア,Storm Cat,Monevassia,キングカメハメハ,エアグルーヴ,ノーザンテースト,クラフテイワイフ,Halo,Wishing Well,Alzao,Burghclere,Storm Bird,Terlingua,Mr. Prospector,Miesque,Kingmambo,マンファス,トニービン,ダイナカール,Northern Dancer,Lady Victoria,Crafty Prospector,Wife Mistress,Hail to Reason,Cosmah,Understanding,Mountain Flower,Lyphard,Lady Rebecca,Busted,Highclere,Northern Dancer,South Ocean,Secretariat,Crimson Saint,Raise a Native,Gold Digger,Nureyev,Pasadoble,Mr. Prospector,Miesque,ラストタイクーン,Pilot Bird,カンパラ,Severn Bridge,ノーザンテースト,シャダイフェザー,Nearctic,Natalma,Victoria Park,Lady Angela,Mr. Prospector,Real Crafty Lady,Secretariat,Political Payoff
2016100126,ドリームジャーニー,ヴードゥーレディ,ステイゴールド,オリエンタルアート,デインヒル,Saramah,サンデーサイレンス,ゴールデンサッシュ,メジロマックイーン,エレクトロアート,Danzig,Razyana,フォーティナイナー,シュバルヴォラント,Halo,Wishing Well,ディクタス,ダイナサッシュ,メジロティターン,メジロオーロラ,ノーザンテースト,グランマスティーヴンス,Northern Dancer,Pas de Nom,His Majesty,Spring Adieu,Mr. Prospector,File,Kris S.,Flight,Hail to Reason,Cosmah,Understanding,Mountain Flower,Sanctus,Doronic,ノーザンテースト,ロイヤルサッシュ,メジロアサマ,シエリル,リマンド,メジロアイリス,Northern Dancer,Lady Victoria,Lt. Stevens,Dhow,Nearctic,Natalma,Admiral's Voyage,Petitioner,Ribot,Flower Bowl,Buckpasser,Natalma,Raise a Native,Gold Digger,Tom Rolfe,Continue,Roberto,Sharp Queen,Barachois,Bright Merry
2020106549,ドレフォン,コウヨウマリア,Gio Ponti,Eltimaas,ダンスインザダーク,フォーティース,Tale of the Cat,Chipeta Springs,Ghostzapper,Najecam,サンデーサイレンス,ダンシングキイ,フォーティナイナー,Book Collector,Storm Cat,Yarn,Alydar,Salt Spring,Awesome Again,Baby Zip,Trempolino,Sue Warner,Halo,Wishing Well,Nijinsky,Key Partner,Mr. Prospector,File,Irish River,Lypatia,Storm Bird,Terlingua,Mr. Prospector,Narrate,Raise a Native,Sweet Tooth,Salt Marsh,Jungle Mythologic,Deputy Minister,Primal Force,Relaunch,Thirty Zip,Sharpen Up,Trephine,Forli,Bitty Girl,Hail to Reason,Cosmah,Understanding,Mountain Flower,Northern Dancer,Flaming Page,Key to the Mint,Native Partner,Raise a Native,Gold Digger,Tom Rolfe,Continue,Riverman,Irish Star,Lyphard,Hypatia
2023100940,ポエティックフレア,スナップドラゴン,Dawn Approach,Maria Lee,ゼンノロブロイ,ブレッシング,New Approach,Hymn Of The Dawn,ロックオブジブラルタル,Elida,サンデーサイレンス,ローミンレイチェル,マルゼンスキー,ブラダマンテ,Galileo,Park Express,Phone Trick,Colonial Debut,デインヒル,Offshore Boom,ロイヤルアカデミー,Saviour,Halo,Wishing Well,マイニング,One Smart Lady,Nijinsky,シル,Roberto,Sulemeif,Sadler's Wells,Urban Sea,Ahonoora,Matcher,Clever Trick,Over the Phone,Pleasant Colony,Kittihawk Miss,Danzig,Razyana,Be My Guest,Push a Button,Nijinsky,Crimson Saint,Majestic Light,Victorian Queen,Hail to Reason,Cosmah,Understanding,Mountain Flower,Mr. Prospector,I Pass,Clever Trick,Pia's Lady,Northern Dancer,Flaming Page,Buckpasser,Quill,Hail to Reason,Bramalea,Northern Dancer,Barely Even
2023107157,アルアイン,パッシングスルー,ディープインパクト,ドバイマジェスティ,ルーラーシップ,マイティースルー,サンデーサイレンス,ウインドインハーヘア,Essence of Dubai,Great Majesty,キングカメハメハ,エアグルーヴ,クロフネ,スルーオール,Halo,Wishing Well,Alzao,Burghclere,Pulpit,Epitome,Great Above,Mistic Majesty,Kingmambo,マンファス,トニービン,ダイナカール,フレンチデピュティ,ブルーアヴェニュー,Seattle Slew,Over All,Hail to Reason,Cosmah,Understanding,Mountain Flower,Lyphard,Lady Rebecca,Busted,Highclere,A.P. Indy,Preach,Summing,Honest and True,Minnesota Mac,Ta Wee,His Majesty,Necaras Miss,Mr. Prospector,Miesque,ラストタイクーン,Pilot Bird,カンパラ,Severn Bridge,ノーザンテースト,シャダイフェザー,Deputy Minister,Mitterand,Classic Go Go,Eliza Blue,Bold Reasoning,My Charmer,Mr. Prospector,Full Tigress
2023101566,ミスターメロディ,ペロチャン,Scat Daddy,Trusty Lady,サクラプレジデント,ジョウノエンジェル,ヨハネスブルグ,Love Style,Deputy Minister,Klassy Kim,サンデーサイレンス,セダンフォーエバー,トウショウボーイ,ザンベージ,ヘネシー,Myth,Mr. Prospector,Likeable Style,Vice Regent,Mint Copy,Silent Screen,クールアライヴァル,Halo,Wishing Well,マルゼンスキー,サクラセダン,テスコボーイ,ソシアルバターフライ,ノーザンテースト,ヨドセンリョウ,Storm Cat,Island Kitty,オジジアン,Yarn,Raise a Native,Gold Digger,Nijinsky,Personable Lady,Northern Dancer,Victoria Regina,Bunty's Flight,Shakney,Prince John,Prayer Bell,Relaunch,Irish Arrival,Hail to Reason,Cosmah,Understanding,Mountain Flower,Nijinsky,シル,セダン,スワンズウッドグローヴ,Princely Gift,Suncourt,Your Host,Wisteria,Northern Dancer,Lady Victoria,エルセンタウロ,リリーオブザナイル
2023106277,スワーヴリチャード,プルージャ,ハーツクライ,ピラミマ,Sidney's Candy,Pumpkin,サンデーサイレンス,アイリッシュダンス,Unbridled's Song,キャリアコレクション,Candy Ride,Fair Exchange,Pivotal,Gallivant,Halo,Wishing Well,トニービン,ビューパーダンス,Unbridled,Trolley Song,General Meeting,River of Stars,Ride the Rails,Candy Girl,Storm Cat,Exchange,Polar Falcon,Fearless Revival,デインヒル,Gay Gallanta,Hail to Reason,Cosmah,Understanding,Mountain Flower,カンパラ,Severn Bridge,Lyphard,My Bupers,Fappiano,Gana Facil,Caro,Lucky Spell,Seattle Slew,Alydar's Promise,Riverman,Star Fortune,Cryptoclearance,Herbalesian,Candy Stripes,City Girl,Storm Bird,Terlingua,Explodent,Wooly Willow,Nureyev,Marie d'Argonne,Cozzene,Stufida,Danzig,Razyana,Woodman,Gallanta
2023105002,エピファネイア,エンタイスド,シンボリクリスエス,シーザリオ,Galileo,Dialafara,Kris S.,Tee Kay,スペシャルウィーク,キロフプリミエール,Sadler's Wells,Urban Sea,Anabaa,Diamilina,Roberto,Sharp Queen,Gold Meridian,Tri Argo,サンデーサイレンス,キャンペンガール,Sadler's Wells,Querida,Northern Dancer,Fairy Bridge,Miswaki,Allegretta,Danzig,Balbonella,Linamix,Diamonaka,Hail to Reason,Bramalea,Princequillo,Bridgework,Seattle Slew,Queen Louie,Tri Jet,Hail Proudly,Halo,Wishing Well,マルゼンスキー,レディーシラオキ,Northern Dancer,Fairy Bridge,Habitat,Principia,Nearctic,Natalma,Bold Reason,Special,Mr. Prospector,Hopespringseternal,Lombard,Anatevka,Northern Dancer,Pas de Nom,ゲイメセン,Bamieres,メンデス,Lunadix,Akarad,Diamond Seal
2023101577,ドレフォン,テーオーヴィーナス,Gio Ponti,Eltimaas,ディープインパクト,シルクチャプター,Tale of the Cat,Chipeta Springs,Ghostzapper,Najecam,サンデーサイレンス,ウインドインハーヘア,アフリート,ノーブルプライド,Storm Cat,Yarn,Alydar,Salt Spring,Awesome Again,Baby Zip,Trempolino,Sue Warner,Halo,Wishing Well,Alzao,Burghclere,Mr. Prospector,Polite Lady,Caerleon,Noble Chick,Storm Bird,Terlingua,Mr. Prospector,Narrate,Raise a Native,Sweet Tooth,Salt Marsh,Jungle Mythologic,Deputy Minister,Primal Force,Relaunch,Thirty Zip,Sharpen Up,Trephine,Forli,Bitty Girl,Hail to Reason,Cosmah,Understanding,Mountain Flower,Lyphard,Lady Rebecca,Busted,Highclere,Raise a Native,Gold Digger,Venetian Jester,Friendly Ways,Nijinsky,Foreseer,Vaguely Noble,Margarethen
2023107320,エピファネイア,リリーズキャンドル,シンボリクリスエス,シーザリオ,Style Vendome,Golden Lily,Kris S.,Tee Kay,スペシャルウィーク,キロフプリミエール,Anabaa,プラスヴァンドーム,Dolphin Street,Miller's Lily,Roberto,Sharp Queen,Gold Meridian,Tri Argo,サンデーサイレンス,キャンペンガール,Sadler's Wells,Querida,Danzig,Balbonella,Dr Fong,Mediaeval,Bluebird,Or Vision,ミラーズメイト,Lymara,Hail to Reason,Bramalea,Princequillo,Bridgework,Seattle Slew,Queen Louie,Tri Jet,Hail Proudly,Halo,Wishing Well,マルゼンスキー,レディーシラオキ,Northern Dancer,Fairy Bridge,Habitat,Principia,Northern Dancer,Pas de Nom,ゲイメセン,Bamieres,Kris S.,Spring Flight,Medaaly,Domino Queen,Storm Bird,Ivory Dawn,Irish River,Luv Luvin',Mill Reef,Primatie,Lyphard,Maradadi
2023106921,ハービンジャー,エマノン,Dansili,Penang Pearl,ハーツクライ,ピラミマ,デインヒル,Hasili,Bering,Guapa,サンデーサイレンス,アイリッシュダンス,Unbridled's Song,キャリアコレクション,Danzig,Razyana,Kahyasi,Kerali,Arctic Tern,Beaune,Shareef Dancer,Sauceboat,Halo,Wishing Well,トニービン,ビューパーダンス,Unbridled,Trolley Song,General Meeting,River of Stars,Northern Dancer,Pas de Nom,His Majesty,Spring Adieu,イルドブルボン,Kadissya,High Line,Sookera,Sea-Bird,Bubbling Beauty,Lyphard,Barbra,Northern Dancer,Sweet Alliance,Connaught,Cranberry Sauce,Hail to Reason,Cosmah,Understanding,Mountain Flower,カンパラ,Severn Bridge,Lyphard,My Bupers,Fappiano,Gana Facil,Caro,Lucky Spell,Seattle Slew,Alydar's Promise,Riverman,Star Fortune
2023100967,モズアスコット,マートンパーク,Frankel,India,フレンチデピュティ,シャラポワ,Galileo,Kind,ヘネシー,Misty Hour,Deputy Minister,Mitterand,サンデーサイレンス,ウインブルドン,Sadler's Wells,Urban Sea,デインヒル,Rainbow Lake,Storm Cat,Island Kitty,Miswaki,Our Tina Marie,Vice Regent,Mint Copy,Hold Your Peace,Laredo Lass,Halo,Wishing Well,Blushing Groom,Tournament Star,Northern Dancer,Fairy Bridge,Miswaki,Allegretta,Danzig,Razyana,Rainbow Quest,Rockfest,Storm Bird,Terlingua,Hawaii,T. C. Kitten,Mr. Prospector,Hopespringseternal,Nijinsky,Java Moon,Northern Dancer,Victoria Regina,Bunty's Flight,Shakney,Speak John,Blue Moon,Bold Ruler,Fortunate Isle,Hail to Reason,Cosmah,Understanding,Mountain Flower,Red God,Runaway Bride,Nijinsky,Chris Evert
2023102730,サートゥルナーリア,ショウナンアイ,ロードカナロア,シーザリオ,Northern Afleet,Rhys,キングカメハメハ,レディブラッサム,スペシャルウィーク,キロフプリミエール,アフリート,Nuryette,Storm Cat,Tina Bull,Kingmambo,マンファス,Storm Cat,サラトガデュー,サンデーサイレンス,キャンペンガール,Sadler's Wells,Querida,Mr. Prospector,Polite Lady,Nureyev,Stellarette,Storm Bird,Terlingua,Holy Bull,Izana,Mr. Prospector,Miesque,ラストタイクーン,Pilot Bird,Storm Bird,Terlingua,Cormorant,Super Luna,Halo,Wishing Well,マルゼンスキー,レディーシラオキ,Northern Dancer,Fairy Bridge,Habitat,Principia,Raise a Native,Gold Digger,Venetian Jester,Friendly Ways,Northern Dancer,Special,Tentam,Square Angel,Northern Dancer,South Ocean,Secretariat,Crimson Saint,Great Above,Sharon Brown,Theatrical,Tersa
2023106426,ダノンバラード,ヴァニティールールズ,ディープインパクト,レディバラード,New Approach,Miss Pinkerton,サンデーサイレンス,ウインドインハーヘア,Unbridled,Angelic Song,Galileo,Park Express,デインヒル,Rebecca Sharp,Halo,Wishing Well,Alzao,Burghclere,Fappiano,Gana Facil,Halo,Ballade,Sadler's Wells,Urban Sea,Ahonoora,Matcher,Danzig,Razyana,Machiavellian,Nuryana,Hail to Reason,Cosmah,Understanding,Mountain Flower,Lyphard,Lady Rebecca,Busted,Highclere,Mr. Prospector,Killaloe,Le Fabuleux,Charedi,Hail to Reason,Cosmah,Herbager,Miss Swapsco,Northern Dancer,Fairy Bridge,Miswaki,Allegretta,Lorenzaccio,Helen Nichols,Match,Lachine,Northern Dancer,Pas de Nom,His Majesty,Spring Adieu,Mr. Prospector,Coup de Folie,Nureyev,Loralane
2023105153,ヴァンセンヌ,ショウナンアオバ,ディープインパクト,フラワーパーク,キングカメハメハ,ショウナンタイム,サンデーサイレンス,ウインドインハーヘア,ニホンピロウイナー,ノーザンフラワー,Kingmambo,マンファス,Gilded Time,Pennbrook's Lady,Halo,Wishing Well,Alzao,Burghclere,スティールハート,ニホンピロエバート,ノーザンテースト,ファイアフラワー,Mr. Prospector,Miesque,ラストタイクーン,Pilot Bird,Timeless Moment,Gilded Lilly,Nasty and Bold,Chicanery,Hail to Reason,Cosmah,Understanding,Mountain Flower,Lyphard,Lady Rebecca,Busted,Highclere,Habitat,A.,チャイナロック,ライトフレーム,Northern Dancer,Lady Victoria,Dike,Pascha,Raise a Native,Gold Digger,Nureyev,Pasadoble,トライマイベスト,Mill Princess,Blakeney,The Dancer,Damascus,Hour of Parting,What a Pleasure,Luquillo,Naskra,College Bold,Pretense,Forward March
2022106232,レイデオロ,ダイワベスパー,キングカメハメハ,ラドラーダ,ダイワメジャー,ダイワリプルス,Kingmambo,マンファス,シンボリクリスエス,レディブロンド,サンデーサイレンス,スカーレットブーケ,Gone West,Silken Ripples,Mr. Prospector,Miesque,ラストタイクーン,Pilot Bird,Kris S.,Tee Kay,Seeking the Gold,ウインドインハーヘア,Halo,Wishing Well,ノーザンテースト,スカーレットインク,Mr. Prospector,Secrettame,Roberto,Minnetonka,Raise a Native,Gold Digger,Nureyev,Pasadoble,トライマイベスト,Mill Princess,Blakeney,The Dancer,Roberto,Sharp Queen,Gold Meridian,Tri Argo,Mr. Prospector,Con Game,Alzao,Burghclere,Hail to Reason,Cosmah,Understanding,Mountain Flower,Northern Dancer,Lady Victoria,Crimson Satan,Consentida,Raise a Native,Gold Digger,Secretariat,Tamerett,Hail to Reason,Bramalea,Chieftain,Heliolight
2022104588,モーリス,アイリッシュシー,スクリーンヒーロー,メジロフランシス,Galileo,Fire Lily,グラスワンダー,ランニングヒロイン,カーネギー,メジロモントレー,Sadler's Wells,Urban Sea,Dansili,Beauty Is Truth,Silver Hawk,Ameriflora,サンデーサイレンス,ダイナアクトレス,Sadler's Wells,Detroit,モガミ,メジロクインシー,Northern Dancer,Fairy Bridge,Miswaki,Allegretta,デインヒル,Hasili,Pivotal,Zelding,Roberto,Gris Vitesse,Danzig,Graceful Touch,Halo,Wishing Well,ノーザンテースト,モデルスポート,Northern Dancer,Fairy Bridge,Riverman,Derna,Lyphard,ノーラック,フィディオン,メジロボサツ,Nearctic,Natalma,Bold Reason,Special,Mr. Prospector,Hopespringseternal,Lombard,Anatevka,Danzig,Razyana,Kahyasi,Kerali,Polar Falcon,Fearless Revival,ウォーニング,Zelda
2022106470,ミッキーアイル,スイートミーティア,ディープインパクト,スターアイル,ルーラーシップ,ホワイトミーティア,サンデーサイレンス,ウインドインハーヘア,ロックオブジブラルタル,アイルドフランス,キングカメハメハ,エアグルーヴ,ゼンノロブロイ,ガヴィオラ,Halo,Wishing Well,Alzao,Burghclere,デインヒル,Offshore Boom,Nureyev,ステラマドリッド,Kingmambo,マンファス,トニービン,ダイナカール,サンデーサイレンス,ローミンレイチェル,Cozzene,Forest Key,Hail to Reason,Cosmah,Understanding,Mountain Flower,Lyphard,Lady Rebecca,Busted,Highclere,Danzig,Razyana,Be My Guest,Push a Button,Northern Dancer,Special,Alydar,My Juliet,Mr. Prospector,Miesque,ラストタイクーン,Pilot Bird,カンパラ,Severn Bridge,ノーザンテースト,シャダイフェザー,Halo,Wishing Well,マイニング,One Smart Lady,Caro,Ride the Trails,Green Forest,Lady Ann's Key
2021105618,ロードカナロア,スマートレイアー,キングカメハメハ,レディブラッサム,ディープインパクト,スノースタイル,Kingmambo,マンファス,Storm Cat,サラトガデュー,サンデーサイレンス,ウインドインハーヘア,ホワイトマズル,シャルムダンサー,Mr. Prospector,Miesque,ラストタイクーン,Pilot Bird,Storm Bird,Terlingua,Cormorant,Super Luna,Halo,Wishing Well,Alzao,Burghclere,ダンシングブレーヴ,Fair of the Furze,グルームダンサー,ダムスペクタキュラー,Raise a Native,Gold Digger,Nureyev,Pasadoble,トライマイベスト,Mill Princess,Blakeney,The Dancer,Northern Dancer,South Ocean,Secretariat,Crimson Saint,His Majesty,Song Sparrow,In Reality,Alada,Hail to Reason,Cosmah,Understanding,Mountain Flower,Lyphard,Lady Rebecca,Busted,Highclere,Lyphard,Navajo Princess,Ela-Mana-Mou,Autocratic,Blushing Groom,Featherhill,Spectacular Bid,Damascening
2021101429,ビッグアーサー,パレード,サクラバクシンオー,シヤボナ,ディープインパクト,ハニーローズ,サクラユタカオー,サクラハゴロモ,Kingmambo,Relish,サンデーサイレンス,ウインドインハーヘア,Lode,Honey Honey,テスコボーイ,アンジェリカ,ノーザンテースト,クリアアンバー,Mr. Prospector,Miesque,Sadler's Wells,Reloy,Halo,Wishing Well,Alzao,Burghclere,Mr. Prospector,Grand Luxe,Strawberry Road,Blessings,Princely Gift,Suncourt,ネヴァービート,スターハイネス,Northern Dancer,Lady Victoria,Ambiopoise,One Clear Call,Raise a Native,Gold Digger,Nureyev,Pasadoble,Northern Dancer,Fairy Bridge,Liloy,Rescousse,Hail to Reason,Cosmah,Understanding,Mountain Flower,Lyphard,Lady Rebecca,Busted,Highclere,Raise a Native,Gold Digger,Sir Ivor,Fanfreluche,Whiskey Road,Giftisa,フロリバンダ,マラベル
2022103875,キズナ,ウアジェト,ディープインパクト,キャットクイル,シンボリクリスエス,リーチトゥピース,サンデーサイレンス,ウインドインハーヘア,Storm Cat,Pacific Princess,Kris S.,Tee Kay,Mud Route,Waki Betty,Halo,Wishing Well,Alzao,Burghclere,Storm Bird,Terlingua,Damascus,Fiji,Roberto,Sharp Queen,Gold Meridian,Tri Argo,Strawberry Road,Our Suzette,Miswaki,Auntie Betty,Hail to Reason,Cosmah,Understanding,Mountain Flower,Lyphard,Lady Rebecca,Busted,Highclere,Northern Dancer,South Ocean,Secretariat,Crimson Saint,Sword Dancer,Kerala,Acropolis,Rififi,Hail to Reason,Bramalea,Princequillo,Bridgework,Seattle Slew,Queen Louie,Tri Jet,Hail Proudly,Whiskey Road,Giftisa,Sunny's Halo,Lorgnette,Mr. Prospector,Hopespringseternal,Faraway Son,Manchester Miss
2021102461,バンドワゴン,ハッピーオーキッド,ホワイトマズル,ピラミマ,ルーラーシップ,ハッピーラン,ダンシングブレーヴ,Fair of the Furze,Unbridled's Song,キャリアコレクション,キングカメハメハ,エアグルーヴ,フレンチデピュティ,カタリスト,Lyphard,Navajo Princess,Ela-Mana-Mou,Autocratic,Unbridled,Trolley Song,General Meeting,River of Stars,Kingmambo,マンファス,トニービン,ダイナカール,Deputy Minister,Mitterand,Sadler's Wells,Welsh Love,Northern Dancer,Goofed,Drone,Olmec,ピットカーン,Rose Bertin,Tyrant,Flight Table,Fappiano,Gana Facil,Caro,Lucky Spell,Seattle Slew,Alydar's Promise,Riverman,Star Fortune,Mr. Prospector,Miesque,ラストタイクーン,Pilot Bird,カンパラ,Severn Bridge,ノーザンテースト,シャダイフェザー,Vice Regent,Mint Copy,Hold Your Peace,Laredo Lass,Northern Dancer,Fairy Bridge,Ela-Mana-Mou,Welsh Flame
2022105108,ミッキーアイル,ラカリフォルニー,ディープインパクト,スターアイル,Dutch Art,Secret History,サンデーサイレンス,ウインドインハーヘア,ロックオブジブラルタル,アイルドフランス,Medicean,Halland Park Lass,Bahri,Ravnina,Halo,Wishing Well,Alzao,Burghclere,デインヒル,Offshore Boom,Nureyev,ステラマドリッド,Machiavellian,Mystic Goddess,Spectrum,Palacegate Episode,Riverman,Wasnah,Nureyev,レイクヴァレー,Hail to Reason,Cosmah,Understanding,Mountain Flower,Lyphard,Lady Rebecca,Busted,Highclere,Danzig,Razyana,Be My Guest,Push a Button,Northern Dancer,Special,Alydar,My Juliet,Mr. Prospector,Coup de Folie,Storm Bird,Rose Goddess,Rainbow Quest,River Dancer,Drumalis,Pasadena Lady,Never Bend,River Lady,Nijinsky,Highest Trump,Northern Dancer,Special,Mr. Prospector,La Vue
2020103534,モーリス,パンデイア,スクリーンヒーロー,メジロフランシス,ディープインパクト,ムーンライトダンス,グラスワンダー,ランニングヒロイン,カーネギー,メジロモントレー,サンデーサイレンス,ウインドインハーヘア,Sinndar,Style of Life,Silver Hawk,Ameriflora,サンデーサイレンス,ダイナアクトレス,Sadler's Wells,Detroit,モガミ,メジロクインシー,Halo,Wishing Well,Alzao,Burghclere,Grand Lodge,Sinntara,The Minstrel,Bubinka,Roberto,Gris Vitesse,Danzig,Graceful Touch,Halo,Wishing Well,ノーザンテースト,モデルスポート,Northern Dancer,Fairy Bridge,Riverman,Derna,Lyphard,ノーラック,フィディオン,メジロボサツ,Hail to Reason,Cosmah,Understanding,Mountain Flower,Lyphard,Lady Rebecca,Busted,Highclere,Chief's Crown,La Papagena,Lashkari,Sidama,Northern Dancer,Fleur,Nashua,Stolen Date
2020110039,Frankel,ミッドサマーフェア,Galileo,Kind,タニノギムレット,ストロベリーフェア,Sadler's Wells,Urban Sea,デインヒル,Rainbow Lake,ブライアンズタイム,タニノクリスタル,Kingmambo,ストームソング,Northern Dancer,Fairy Bridge,Miswaki,Allegretta,Danzig,Razyana,Rainbow Quest,Rockfest,Roberto,Kelley's Day,クリスタルパレス,タニノシーバード,Mr. Prospector,Miesque,Summer Squall,Hum Along,Nearctic,Natalma,Bold Reason,Special,Mr. Prospector,Hopespringseternal,Lombard,Anatevka,Northern Dancer,Pas de Nom,His Majesty,Spring Adieu,Blushing Groom,I Will Follow,Stage Door Johnny,Rock Garden,Hail to Reason,Bramalea,Graustark,Golden Trail,Caro,Hermieres,Sea-Bird,Flaxen,Raise a Native,Gold Digger,Nureyev,Pasadoble,Storm Bird,Weekend Surprise,Fappiano,Minstress
2021105777,モーリス,ボージェスト,スクリーンヒーロー,メジロフランシス,キングカメハメハ,アドマイヤグルーヴ,グラスワンダー,ランニングヒロイン,カーネギー,メジロモントレー,Kingmambo,マンファス,サンデーサイレンス,エアグルーヴ,Silver Hawk,Ameriflora,サンデーサイレンス,ダイナアクトレス,Sadler's Wells,Detroit,モガミ,メジロクインシー,Mr. Prospector,Miesque,ラストタイクーン,Pilot Bird,Halo,Wishing Well,トニービン,ダイナカール,Roberto,Gris Vitesse,Danzig,Graceful Touch,Halo,Wishing Well,ノーザンテースト,モデルスポート,Northern Dancer,Fairy Bridge,Riverman,Derna,Lyphard,ノーラック,フィディオン,メジロボサツ,Raise a Native,Gold Digger,Nureyev,Pasadoble,トライマイベスト,Mill Princess,Blakeney,The Dancer,Hail to Reason,Cosmah,Understanding,Mountain Flower,カンパラ,Severn Bridge,ノーザンテースト,シャダイフェザー
2020102861,ハービンジャー,サプルマインド,Dansili,Penang Pearl,ディープインパクト,シリアスアティテュード,デインヒル,Hasili,Bering,Guapa,サンデーサイレンス,ウインドインハーヘア,Mtoto,ザミリア,Danzig,Razyana,Kahyasi,Kerali,Arctic Tern,Beaune,Shareef Dancer,Sauceboat,Halo,Wishing Well,Alzao,Burghclere,Busted,Amazer,Cape Cross,Angelic Sounds,Northern Dancer,Pas de Nom,His Majesty,Spring Adieu,イルドブルボン,Kadissya,High Line,Sookera,Sea-Bird,Bubbling Beauty,Lyphard,Barbra,Northern Dancer,Sweet Alliance,Connaught,Cranberry Sauce,Hail to Reason,Cosmah,Understanding,Mountain Flower,Lyphard,Lady Rebecca,Busted,Highclere,Crepello,Sans le Sou,ミンシオ,Alzara,Green Desert,Park Appeal,The Noble Player,Twany Angel
2020106900,ダノンバラード,メイショウアサツユ,ディープインパクト,レディバラード,タイキシャトル,アッファビリティー,サンデーサイレンス,ウインドインハーヘア,Unbridled,Angelic Song,Devil's Bag,ウェルシュマフィン,Unbridled,Galletto,Halo,Wishing Well,Alzao,Burghclere,Fappiano,Gana Facil,Halo,Ballade,Halo,Ballade,Caerleon,Muffitys,Fappiano,Gana Facil,Nijinsky,Gaia,Hail to Reason,Cosmah,Understanding,Mountain Flower,Lyphard,Lady Rebecca,Busted,Highclere,Mr. Prospector,Killaloe,Le Fabuleux,Charedi,Hail to Reason,Cosmah,Herbager,Miss Swapsco,Hail to Reason,Cosmah,Herbager,Miss Swapsco,Nijinsky,Foreseer,Thatch,Contrail,Mr. Prospector,Killaloe,Le Fabuleux,Charedi,Northern Dancer,Flaming Page,Charlottesville,Ghana
2018110149,スニッツェル,River Serenade,Redoute's Choice,Snippets' Lass,Hurricane Sky,Ride The Rapids,デインヒル,Shantha's Choice,Snippets,Snow Finch,Star Watch,Dancing Show,River Rough,Kilmarie,Danzig,Razyana,Canny Lad,Dancing Show,Lunchtime,Easy Date,Storm Bird,A Realgirl,Bletchingly,Light Of Peace,Nijinsky,Show Lady,Brigand,Romantic Glory,Bletchingly,Sheeaun,Northern Dancer,Pas de Nom,His Majesty,Spring Adieu,Bletchingly,Jesmond Lass,Nijinsky,Show Lady,Silly Season,Great Occasion,Grand Chaudiere,Scampering,Northern Dancer,South Ocean,In Reality,Secret Verdict,Biscay,Coogee,Light Wind,Flag Of Peace,Northern Dancer,Flaming Page,Sir Ivor,Best in Show,Noholme,Lady Sybil,Romantic,Snow Glory,Biscay,Coogee,Continuation,Sliprullah
2021103977,エピファネイア,マルケサ,シンボリクリスエス,シーザリオ,Kingmambo,Dietrich,Kris S.,Tee Kay,スペシャルウィーク,キロフプリミエール,Mr. Prospector,Miesque,Storm Cat,Piquetnol,Roberto,Sharp Queen,Gold Meridian,Tri Argo,サンデーサイレンス,キャンペンガール,Sadler's Wells,Querida,Raise a Native,Gold Digger,Nureyev,Pasadoble,Storm Bird,Terlingua,Private Account,Aviance,Hail to Reason,Bramalea,Princequillo,Bridgework,Seattle Slew,Queen Louie,Tri Jet,Hail Proudly,Halo,Wishing Well,マルゼンスキー,レディーシラオキ,Northern Dancer,Fairy Bridge,Habitat,Principia,Native Dancer,Raise You,Nashua,Sequence,Northern Dancer,Special,Prove Out,Santa Quilla,Northern Dancer,South Ocean,Secretariat,Crimson Saint,Damascus,Numbered Account,Northfields,Minnie Hauk
2020100145,ロードカナロア,オーシュペール,キングカメハメハ,レディブラッサム,ダイワメジャー,レディマーメイド,Kingmambo,マンファス,Storm Cat,サラトガデュー,サンデーサイレンス,スカーレットブーケ,Fusaichi Pegasus,Mother of Pearl,Mr. Prospector,Miesque,ラストタイクーン,Pilot Bird,Storm Bird,Terlingua,Cormorant,Super Luna,Halo,Wishing Well,ノーザンテースト,スカーレットインク,Mr. Prospector,Angel Fever,Sadler's Wells,Sisania,Raise a Native,Gold Digger,Nureyev,Pasadoble,トライマイベスト,Mill Princess,Blakeney,The Dancer,Northern Dancer,South Ocean,Secretariat,Crimson Saint,His Majesty,Song Sparrow,In Reality,Alada,Hail to Reason,Cosmah,Understanding,Mountain Flower,Northern Dancer,Lady Victoria,Crimson Satan,Consentida,Raise a Native,Gold Digger,Danzig,Rowdy Angel,Northern Dancer,Fairy Bridge,High Top,Targos Delight
2019103879,イスラボニータ,ディアコメット,フジキセキ,イスラコジーン,キングカメハメハ,サムタイム,サンデーサイレンス,ミルレーサー,Cozzene,Isla Mujeres,Kingmambo,マンファス,ブライアンズタイム,アコニットローマン,Halo,Wishing Well,Le Fabuleux,Marston's Mill,Caro,Ride the Trails,Crafty Prospector,Lido Isle,Mr. Prospector,Miesque,ラストタイクーン,Pilot Bird,Roberto,Kelley's Day,ブレイヴェストローマン,カミモリレディー,Hail to Reason,Cosmah,Understanding,Mountain Flower,Wild Risk,Anguar,In Reality,Millicent,フォルティノ,Chambord,Prince John,Wildwook,Mr. Prospector,Real Crafty Lady,Far North,She Is Gorgeous,Raise a Native,Gold Digger,Nureyev,Pasadoble,トライマイベスト,Mill Princess,Blakeney,The Dancer,Hail to Reason,Bramalea,Graustark,Golden Trail,Never Bend,Roman Song,ネプテューヌス,カミモリダイテン
2022100623,Into Mischief,オリーズキャンディ,Harlan's Holiday,Leslie's Lady,Candy Ride,Afternoon Stroll,Harlan,Christmas in Aiken,Tricky Creek,Crystal Lady,Ride the Rails,Candy Girl,Stroll,Gertie,Storm Cat,Country Romance,Affirmed,Dowager,Clever Trick,Battle Creek Girl,Stop the Music,One Last Bird,Cryptoclearance,Herbalesian,Candy Stripes,City Girl,Pulpit,Maid for Walking,Danzatore,Granny Ruth,Storm Bird,Terlingua,Halo,Sweet Romance,Exclusive Native,Won't Tell You,Honest Pleasure,Princessnesian,Icecapade,Kankakee Miss,His Majesty,Far Beyond,Hail to Reason,Bebopper,One for All,Last Bird,Fappiano,Naval Orange,Herbager,Alanesian,Blushing Groom,バブルカンパニー,Farnesio,Cithara,A.P. Indy,Preach,Prince Sabo,Stinging Nettle,Northern Dancer,Shake a Leg,Key to the Mint,Best of My Love
2020102904,ロゴタイプ,スタートアップ,ローエングリン,ステレオタイプ,ハービンジャー,アスタラビクトリア,シングスピール,カーリング,サンデーサイレンス,スターバレリーナ,Dansili,Penang Pearl,ネオユニヴァース,ホワイトウォーターアフェア,In the Wings,Glorious Song,Garde Royale,Corraleja,Halo,Wishing Well,Risen Star,ベリアーニ,デインヒル,Hasili,Bering,Guapa,サンデーサイレンス,ポインテッドパス,Machiavellian,Much Too Risky,Sadler's Wells,High Hawk,Halo,Ballade,Mill Reef,Royal Way,Carvin,Darling Dale,Hail to Reason,Cosmah,Understanding,Mountain Flower,Secretariat,Ribbon,Nureyev,Eleven Pleasures,Danzig,Razyana,Kahyasi,Kerali,Arctic Tern,Beaune,Shareef Dancer,Sauceboat,Halo,Wishing Well,Kris,Silken Way,Mr. Prospector,Coup de Folie,Bustino,Short Rations
2022105467,マインドユアビスケッツ,フィルムフランセ,Posse,Jazzmane,シンボリクリスエス,フレンチノワール,Silver Deputy,Raska,Toccet,Alljazz,Kris S.,Tee Kay,フレンチデピュティ,パープルホワイト,Deputy Minister,Silver Valley,Rahy,Borishka,Awesome Again,Cozzene's Angel,Stop the Music,Bounteous,Roberto,Sharp Queen,Gold Meridian,Tri Argo,Deputy Minister,Mitterand,フジキセキ,カノープス,Vice Regent,Mint Copy,Mr. Prospector,Seven Valleys,Blushing Groom,Glorious Song,Roberto,Queen Maud,Deputy Minister,Primal Force,Cozzene,Charming Pan,Hail to Reason,Bebopper,Master Derby,Mlle. Quille,Hail to Reason,Bramalea,Princequillo,Bridgework,Seattle Slew,Queen Louie,Tri Jet,Hail Proudly,Vice Regent,Mint Copy,Hold Your Peace,Laredo Lass,サンデーサイレンス,ミルレーサー,Theatrical,Heather Bee
2020101547,ロードカナロア,カラズマッチポイント,キングカメハメハ,レディブラッサム,Curlin,Home Court,Kingmambo,マンファス,Storm Cat,サラトガデュー,Smart Strike,Sherriff's Deputy,Storm Cat,Jewel Princess,Mr. Prospector,Miesque,ラストタイクーン,Pilot Bird,Storm Bird,Terlingua,Cormorant,Super Luna,Mr. Prospector,Classy'n Smart,Deputy Minister,Barbarika,Storm Bird,Terlingua,Key to the Mint,Jewell Ridge,Raise a Native,Gold Digger,Nureyev,Pasadoble,トライマイベスト,Mill Princess,Blakeney,The Dancer,Northern Dancer,South Ocean,Secretariat,Crimson Saint,His Majesty,Song Sparrow,In Reality,Alada,Raise a Native,Gold Digger,Smarten,No Class,Vice Regent,Mint Copy,Bates Motel,War Exchange,Northern Dancer,South Ocean,Secretariat,Crimson Saint,Graustark,Key Bridge,Melyno,Say What You Mean
2020110024,Maclean's Music,Warrior Kat,Distorted Humor,Forest Music,マジェスティックウォリアー,Katina K,フォーティナイナー,Danzig's Beauty,Unbridled's Song,Defer West,A.P. Indy,Dream Supreme,Distinctive Pro,Darlin Momma,Mr. Prospector,File,Danzig,Sweetest Chant,Unbridled,Trolley Song,Gone West,Defer,Seattle Slew,Weekend Surprise,Seeking the Gold,Spinning Round,Mr. Prospector,Well Done,Night Invader,Donna's Darlin,Raise a Native,Gold Digger,Tom Rolfe,Continue,Northern Dancer,Pas de Nom,Mr. Leader,Gay Sonnet,Fappiano,Gana Facil,Caro,Lucky Spell,Mr. Prospector,Secrettame,Damascus,I Pass,Bold Reasoning,My Charmer,Secretariat,Lassie Dear,Mr. Prospector,Con Game,Dixieland Band,Take Heart,Raise a Native,Gold Digger,Distinctive,Fable Effort,Misty Flight,Double Sun,Nehoc's Bullet,Perfect Friday
2021103868,リアルスティール,ユニキャラ,ディープインパクト,ラヴズオンリーミー,Into Mischief,Joke,サンデーサイレンス,ウインドインハーヘア,Storm Cat,Monevassia,Harlan's Holiday,Leslie's Lady,Phone Trick,Tour,Halo,Wishing Well,Alzao,Burghclere,Storm Bird,Terlingua,Mr. Prospector,Miesque,Harlan,Christmas in Aiken,Tricky Creek,Crystal Lady,Clever Trick,Over the Phone,フォーティナイナー,Fun Flight,Hail to Reason,Cosmah,Understanding,Mountain Flower,Lyphard,Lady Rebecca,Busted,Highclere,Northern Dancer,South Ocean,Secretariat,Crimson Saint,Raise a Native,Gold Digger,Nureyev,Pasadoble,Storm Cat,Country Romance,Affirmed,Dowager,Clever Trick,Battle Creek Girl,Stop the Music,One Last Bird,Icecapade,Kankakee Miss,Finnegan,Prattle,Mr. Prospector,File,Full Pocket,Fun and Tears
2021110126,パレスマリス,クイーンズターフ,Curlin,パレスルーマー,ディープインパクト,フラッテローザ,Smart Strike,Sherriff's Deputy,Royal Anthem,Whisperifyoudare,サンデーサイレンス,ウインドインハーヘア,ブライアンズタイム,ファーザ,Mr. Prospector,Classy'n Smart,Deputy Minister,Barbarika,Theatrical,In Neon,Red Ransom,Stellar Affair,Halo,Wishing Well,Alzao,Burghclere,Roberto,Kelley's Day,Mr. Prospector,Baya,Raise a Native,Gold Digger,Smarten,No Class,Vice Regent,Mint Copy,Bates Motel,War Exchange,Nureyev,ツリーオブノレッジ,Ack Ack,Shamara,Roberto,アラビア,Skywalker,Fawn and Hahn,Hail to Reason,Cosmah,Understanding,Mountain Flower,Lyphard,Lady Rebecca,Busted,Highclere,Hail to Reason,Bramalea,Graustark,Golden Trail,Raise a Native,Gold Digger,Nureyev,Barger
2021106935,エピカリス,リンガスウーノ,ゴールドアリュール,スターペスミツコ,サウスヴィグラス,リンガスローレル,サンデーサイレンス,ニキーヤ,カーネギー,マーチンミユキ,エンドスウィープ,ダーケストスター,サクラローレル,リンガスマドンナ,Halo,Wishing Well,Nureyev,Reluctant Guest,Sadler's Wells,Detroit,マルゼンスキー,ミユキカマダ,フォーティナイナー,Broom Dance,Star de Naskra,Minnie Riperton,Rainbow Quest,ローラローラ,トウショウボーイ,ロードマドンナ,Hail to Reason,Cosmah,Understanding,Mountain Flower,Northern Dancer,Special,Hostage,Vaguely Royal,Northern Dancer,Fairy Bridge,Riverman,Derna,Nijinsky,シル,ダイアトム,ヤヨイカマダ,Mr. Prospector,File,Dance Spell,Witching Hour,Naskra,Candle Star,Cornish Prince,English Harbor,Blushing Groom,I Will Follow,Saint Cyrien,Bold Lady,テスコボーイ,ソシアルバターフライ,シルバーシャーク,チヨウセイ
2022103622,ドレフォン,ダイアナヘイロー,Gio Ponti,Eltimaas,キングヘイロー,ヤマカツセイレーン,Tale of the Cat,Chipeta Springs,Ghostzapper,Najecam,ダンシングブレーヴ,グッバイヘイロー,グラスワンダー,ヤマカツサクラ,Storm Cat,Yarn,Alydar,Salt Spring,Awesome Again,Baby Zip,Trempolino,Sue Warner,Lyphard,Navajo Princess,Halo,Pound Foolish,Silver Hawk,Ameriflora,フジキセキ,ローズサッシュ,Storm Bird,Terlingua,Mr. Prospector,Narrate,Raise a Native,Sweet Tooth,Salt Marsh,Jungle Mythologic,Deputy Minister,Primal Force,Relaunch,Thirty Zip,Sharpen Up,Trephine,Forli,Bitty Girl,Northern Dancer,Goofed,Drone,Olmec,Hail to Reason,Cosmah,Sir Ivor,Squander,Roberto,Gris Vitesse,Danzig,Graceful Touch,サンデーサイレンス,ミルレーサー,ドクターデヴィアス,ゴールデンサッシュ
2020103616,リアルスティール,マイティースルー,ディープインパクト,ラヴズオンリーミー,クロフネ,スルーオール,サンデーサイレンス,ウインドインハーヘア,Storm Cat,Monevassia,フレンチデピュティ,ブルーアヴェニュー,Seattle Slew,Over All,Halo,Wishing Well,Alzao,Burghclere,Storm Bird,Terlingua,Mr. Prospector,Miesque,Deputy Minister,Mitterand,Classic Go Go,Eliza Blue,Bold Reasoning,My Charmer,Mr. Prospector,Full Tigress,Hail to Reason,Cosmah,Understanding,Mountain Flower,Lyphard,Lady Rebecca,Busted,Highclere,Northern Dancer,South Ocean,Secretariat,Crimson Saint,Raise a Native,Gold Digger,Nureyev,Pasadoble,Vice Regent,Mint Copy,Hold Your Peace,Laredo Lass,Pago Pago,Classic Perfection,Icecapade,コレラ,Boldnesian,Reason to Earn,Poker,Fair Charmer,Raise a Native,Gold Digger,El Tigre Grande,Miss Fullhouse
2019103529,マジェスティックウォリアー,ダイオプサイド,A.P. Indy,Dream Supreme,フジキセキ,ミリオンベル,Seattle Slew,Weekend Surprise,Seeking the Gold,Spinning Round,サンデーサイレンス,ミルレーサー,フォーティナイナー,ミナミノバレッツ,Bold Reasoning,My Charmer,Secretariat,Lassie Dear,Mr. Prospector,Con Game,Dixieland Band,Take Heart,Halo,Wishing Well,Le Fabuleux,Marston's Mill,Mr. Prospector,File,Easy Goer,Ivory Wings,Boldnesian,Reason to Earn,Poker,Fair Charmer,Bold Ruler,Somethingroyal,Buckpasser,Gay Missile,Raise a Native,Gold Digger,Buckpasser,Broadway,Northern Dancer,Mississippi Mud,Secretariat,Deck Stewardess,Hail to Reason,Cosmah,Understanding,Mountain Flower,Wild Risk,Anguar,In Reality,Millicent,Raise a Native,Gold Digger,Tom Rolfe,Continue,Alydar,Relaxing,Sir Ivor,Kittiwake
2017106642,カジノドライヴ,プレシャスエルフ,Mineshaft,Better Than Honour,コロナドズクエスト,プレシャスフラワー,A.P. Indy,Prospectors Delite,Deputy Minister,Blush With Pride,フォーティナイナー,Laughing Look,サンデーサイレンス,プレシャスキール,Seattle Slew,Weekend Surprise,Mr. Prospector,Up the Flagpole,Vice Regent,Mint Copy,Blushing Groom,Best in Show,Mr. Prospector,File,Damascus,Laughter,Halo,Wishing Well,ノーザンテースト,マルゼンキール,Bold Reasoning,My Charmer,Secretariat,Lassie Dear,Raise a Native,Gold Digger,Hoist the Flag,The Garden Club,Northern Dancer,Victoria Regina,Bunty's Flight,Shakney,Red God,Runaway Bride,Traffic Judge,Stolen Hour,Raise a Native,Gold Digger,Tom Rolfe,Continue,Sword Dancer,Kerala,Bold Ruler,Shenanigans,Hail to Reason,Cosmah,Understanding,Mountain Flower,Northern Dancer,Lady Victoria,ボールドラツド,シル
2020101301,キズナ,ドバウィディエティ,ディープインパクト,キャットクイル,Dubawi,Tanfidh,サンデーサイレンス,ウインドインハーヘア,Storm Cat,Pacific Princess,Dubai Millennium,Zomaradah,Marju,Wijdan,Halo,Wishing Well,Alzao,Burghclere,Storm Bird,Terlingua,Damascus,Fiji,Seeking the Gold,Colorado Dancer,Deploy,Jawaher,ラストタイクーン,Flame of Tara,Mr. Prospector,Height of Fashion,Hail to Reason,Cosmah,Understanding,Mountain Flower,Lyphard,Lady Rebecca,Busted,Highclere,Northern Dancer,South Ocean,Secretariat,Crimson Saint,Sword Dancer,Kerala,Acropolis,Rififi,Mr. Prospector,Con Game,Shareef Dancer,Fall Aspen,Shirley Heights,Slightly Dangerous,ダンシングブレーヴ,High Tern,トライマイベスト,Mill Princess,アーテイアス,Welsh Flame,Raise a Native,Gold Digger,Bustino,Highclere
2017101560,エスポワールシチー,アルヴェナ,ゴールドアリュール,エミネントシチー,Seeking the Gold,Willow Bunch,サンデーサイレンス,ニキーヤ,ブライアンズタイム,ヘップバーンシチー,Mr. Prospector,Con Game,Affirmed,Golden Mirage,Halo,Wishing Well,Nureyev,Reluctant Guest,Roberto,Kelley's Day,ブレイヴェストローマン,コンパルシチー,Raise a Native,Gold Digger,Buckpasser,Broadway,Exclusive Native,Won't Tell You,Green Desert,Please Widd,Hail to Reason,Cosmah,Understanding,Mountain Flower,Northern Dancer,Special,Hostage,Vaguely Royal,Hail to Reason,Bramalea,Graustark,Golden Trail,Never Bend,Roman Song,トラフィック,リンネス,Native Dancer,Raise You,Nashua,Sequence,Tom Fool,Busanda,Hasty Road,Flitabout,Raise a Native,Exclusive,Crafty Admiral,Scarlet Ribbon,Danzig,Foreign Courier,Thatching,Gold Piece
2023107321,キズナ,リリーノーブル,ディープインパクト,キャットクイル,ルーラーシップ,ピュアチャプレット,サンデーサイレンス,ウインドインハーヘア,Storm Cat,Pacific Princess,キングカメハメハ,エアグルーヴ,クロフネ,バプティスタ,Halo,Wishing Well,Alzao,Burghclere,Storm Bird,Terlingua,Damascus,Fiji,Kingmambo,マンファス,トニービン,ダイナカール,フレンチデピュティ,ブルーアヴェニュー,サンデーサイレンス,ビーバップ,Hail to Reason,Cosmah,Understanding,Mountain Flower,Lyphard,Lady Rebecca,Busted,Highclere,Northern Dancer,South Ocean,Secretariat,Crimson Saint,Sword Dancer,Kerala,Acropolis,Rififi,Mr. Prospector,Miesque,ラストタイクーン,Pilot Bird,カンパラ,Severn Bridge,ノーザンテースト,シャダイフェザー,Deputy Minister,Mitterand,Classic Go Go,Eliza Blue,Halo,Wishing Well,アンバーシャダイ,ビバールクイン
2023106432,ダノンバラード,オーサムボス,ディープインパクト,レディバラード,Street Boss,Caftan,サンデーサイレンス,ウインドインハーヘア,Unbridled,Angelic Song,Street Cry,Blushing Ogygian,Awesome Again,Jilbab,Halo,Wishing Well,Alzao,Burghclere,Fappiano,Gana Facil,Halo,Ballade,Machiavellian,Helen Street,オジジアン,Fruhlingshochzeit,Deputy Minister,Primal Force,A.P. Indy,Headline,Hail to Reason,Cosmah,Understanding,Mountain Flower,Lyphard,Lady Rebecca,Busted,Highclere,Mr. Prospector,Killaloe,Le Fabuleux,Charedi,Hail to Reason,Cosmah,Herbager,Miss Swapsco,Mr. Prospector,Coup de Folie,Troy,Waterway,Damascus,Gonfalon,Blushing Groom,Fruhlingstag,Vice Regent,Mint Copy,Blushing Groom,Prime Prospect,Seattle Slew,Weekend Surprise,Machiavellian,Priceless Fame
2023103458,ハービンジャー,セウアズール,Dansili,Penang Pearl,ディープインパクト,シャピーラ,デインヒル,Hasili,Bering,Guapa,サンデーサイレンス,ウインドインハーヘア,Kornado,Semplice,Danzig,Razyana,Kahyasi,Kerali,Arctic Tern,Beaune,Shareef Dancer,Sauceboat,Halo,Wishing Well,Alzao,Burghclere,Superlative,K-Sera,Common Grounds,Sarah Siddons,Northern Dancer,Pas de Nom,His Majesty,Spring Adieu,イルドブルボン,Kadissya,High Line,Sookera,Sea-Bird,Bubbling Beauty,Lyphard,Barbra,Northern Dancer,Sweet Alliance,Connaught,Cranberry Sauce,Hail to Reason,Cosmah,Understanding,Mountain Flower,Lyphard,Lady Rebecca,Busted,Highclere,Nebbiolo,Clariden,Lord Gayle,Deirdre,Kris,Sweetly,Reform,Stardom
2023103885,ブリックスアンドモルタル,イタリアンホワイト,Giant's Causeway,Beyond the Waves,ステイゴールド,リリウム,Storm Cat,Mariah's Storm,Ocean Crest,Excedent,サンデーサイレンス,ゴールデンサッシュ,クロフネ,ベゴニア,Storm Bird,Terlingua,Rahy,イメンス,Storm Bird,S.S.Aroma,Exceller,Broadway Lullaby,Halo,Wishing Well,ディクタス,ダイナサッシュ,フレンチデピュティ,ブルーアヴェニュー,Plugged Nickle,Dahlia,Northern Dancer,South Ocean,Secretariat,Crimson Saint,Blushing Groom,Glorious Song,Roberto,Imsodear,Northern Dancer,South Ocean,Seattle Slew,Rare Bouquet,Vaguely Noble,Too Bald,Stage Door Johnny,リットルブレツシング,Hail to Reason,Cosmah,Understanding,Mountain Flower,Sanctus,Doronic,ノーザンテースト,ロイヤルサッシュ,Deputy Minister,Mitterand,Classic Go Go,Eliza Blue,Key to the Mint,Toll Booth,Vaguely Noble,Charming Alibi
2023103799,ルヴァンスレーヴ,ダンスウィズキトゥン,シンボリクリスエス,マエストラーレ,Kitten's Joy,Madame Du Lac,Kris S.,Tee Kay,ネオユニヴァース,オータムブリーズ,El Prado,Kitten's First,Lemon Drop Kid,Geisha Girl,Roberto,Sharp Queen,Gold Meridian,Tri Argo,サンデーサイレンス,ポインテッドパス,ティンバーカントリー,セプテンバーソング,Sadler's Wells,Lady Capulet,Lear Fan,That's My Hon,Kingmambo,Charming Lassie,Nashwan,Miznah,Hail to Reason,Bramalea,Princequillo,Bridgework,Seattle Slew,Queen Louie,Tri Jet,Hail Proudly,Halo,Wishing Well,Kris,Silken Way,Woodman,Fall Aspen,リアルシャダイ,ダイナフェアリー,Northern Dancer,Fairy Bridge,Sir Ivor,Cap and Bells,Roberto,Wac,L'Enjoleur,One Lane,Mr. Prospector,Miesque,Seattle Slew,Lassie Dear,Blushing Groom,Height of Fashion,Sadler's Wells,La Dame Du Lac
2023104406,コントレイル,フォローアドリーム,ディープインパクト,ロードクロサイト,Giant's Causeway,Dream of Summer,サンデーサイレンス,ウインドインハーヘア,Unbridled's Song,Folklore,Storm Cat,Mariah's Storm,Siberian Summer,Mary's Dream,Halo,Wishing Well,Alzao,Burghclere,Unbridled,Trolley Song,Tiznow,Contrive,Storm Bird,Terlingua,Rahy,イメンス,Siberian Express,Mia Karina,Skywalker,Proper Mary,Hail to Reason,Cosmah,Understanding,Mountain Flower,Lyphard,Lady Rebecca,Busted,Highclere,Fappiano,Gana Facil,Caro,Lucky Spell,Cee's Tizzy,Cee's Song,Storm Cat,Jeano,Northern Dancer,South Ocean,Secretariat,Crimson Saint,Blushing Groom,Glorious Song,Roberto,Imsodear,Caro,Indian Call,Icecapade,Basin,Relaunch,Bold Captive,Properantes,My Mary
2023102662,リアルスティール,ノリミ,ディープインパクト,ラヴズオンリーミー,サマーバード,フローラルホーム,サンデーサイレンス,ウインドインハーヘア,Storm Cat,Monevassia,Birdstone,Hong Kong Squall,ケイムホーム,タイキフローラ,Halo,Wishing Well,Alzao,Burghclere,Storm Bird,Terlingua,Mr. Prospector,Miesque,Grindstone,Dear Birdie,Summer Squall,Hong Kong Jade,Gone West,Nice Assay,タイキシャトル,マリエドゥジュワン,Hail to Reason,Cosmah,Understanding,Mountain Flower,Lyphard,Lady Rebecca,Busted,Highclere,Northern Dancer,South Ocean,Secretariat,Crimson Saint,Raise a Native,Gold Digger,Nureyev,Pasadoble,Unbridled,Buzz My Bell,Storm Bird,Hush Dear,Storm Bird,Weekend Surprise,Alysheba,Ruby Slippers,Mr. Prospector,Secrettame,Clever Trick,インフルヴユー,Devil's Bag,ウェルシュマフィン,General Assembly,ロイコン
2023106612,アメリカンペイトリオット,クモリナキマナコ,War Front,Life Well Lived,エピファネイア,クィーンズトレイル,Danzig,Starry Dreamer,Tiznow,Well Dressed,シンボリクリスエス,シーザリオ,ディープインパクト,ヴェイパートレイル,Northern Dancer,Pas de Nom,Rubiano,Lara's Star,Cee's Tizzy,Cee's Song,Notebook,Trithenia,Kris S.,Tee Kay,スペシャルウィーク,キロフプリミエール,サンデーサイレンス,ウインドインハーヘア,カーネギー,ハッピートレイルズ,Nearctic,Natalma,Admiral's Voyage,Petitioner,Fappiano,Ruby Slippers,Forli,True Reality,Relaunch,テイズリー,Seattle Song,Lonely Dancer,Well Decorated,Mobcap,Gold Meridian,Tri Argo,Roberto,Sharp Queen,Gold Meridian,Tri Argo,サンデーサイレンス,キャンペンガール,Sadler's Wells,Querida,Halo,Wishing Well,Alzao,Burghclere,Sadler's Wells,Detroit,ポツセ,ロイコン
2023101215,ダノンプレミアム,ニシノマドカ,ディープインパクト,インディアナギャル,ジャングルポケット,ニシノプロミネンス,サンデーサイレンス,ウインドインハーヘア,Intikhab,Genial Jenny,トニービン,ダンスチャーマー,ブライアンズタイム,ブランドノーブル,Halo,Wishing Well,Alzao,Burghclere,Red Ransom,Crafty Example,デインヒル,Joma Kaanem,カンパラ,Severn Bridge,Nureyev,Skillful Joy,Roberto,Kelley's Day,シェルシュールドール,ニシノマッサリア,Hail to Reason,Cosmah,Understanding,Mountain Flower,Lyphard,Lady Rebecca,Busted,Highclere,Roberto,アラビア,Crafty Prospector,Zienelle,Danzig,Razyana,Double Form,Ash Lawn,Kalamoun,State Pension,Hornbeam,Priddy Fair,Northern Dancer,Special,Nodouble,Skillful Miss,Hail to Reason,Bramalea,Graustark,Golden Trail,Northern Dancer,Gold River,マグニテュード,エリシヤ
2023103298,レイデオロ,レッドエレノア,キングカメハメハ,ラドラーダ,ハーツクライ,サビアーレ,Kingmambo,マンファス,シンボリクリスエス,レディブロンド,サンデーサイレンス,アイリッシュダンス,Capote,Sakura Fabulous,Mr. Prospector,Miesque,ラストタイクーン,Pilot Bird,Kris S.,Tee Kay,Seeking the Gold,ウインドインハーヘア,Halo,Wishing Well,トニービン,ビューパーダンス,Seattle Slew,Too Bald,Fabulous Dancer,ローラローラ,Raise a Native,Gold Digger,Nureyev,Pasadoble,トライマイベスト,Mill Princess,Blakeney,The Dancer,Roberto,Sharp Queen,Gold Meridian,Tri Argo,Mr. Prospector,Con Game,Alzao,Burghclere,Hail to Reason,Cosmah,Understanding,Mountain Flower,カンパラ,Severn Bridge,Lyphard,My Bupers,Bold Reasoning,My Charmer,Bald Eagle,Hidden Talent,Northern Dancer,Last of the Line,Saint Cyrien,Bold Lady
2023105139,リオンディーズ,ナイアガラモンロー,キングカメハメハ,シーザリオ,アドマイヤムーン,マルハチメイフェア,Kingmambo,マンファス,スペシャルウィーク,キロフプリミエール,エンドスウィープ,マイケイティーズ,ホワイトマズル,ベストウーマン,Mr. Prospector,Miesque,ラストタイクーン,Pilot Bird,サンデーサイレンス,キャンペンガール,Sadler's Wells,Querida,フォーティナイナー,Broom Dance,サンデーサイレンス,ケイティーズファースト,ダンシングブレーヴ,Fair of the Furze,リアルシャダイ,グレースウーマン,Raise a Native,Gold Digger,Nureyev,Pasadoble,トライマイベスト,Mill Princess,Blakeney,The Dancer,Halo,Wishing Well,マルゼンスキー,レディーシラオキ,Northern Dancer,Fairy Bridge,Habitat,Principia,Mr. Prospector,File,Dance Spell,Witching Hour,Halo,Wishing Well,Kris,Katies,Lyphard,Navajo Princess,Ela-Mana-Mou,Autocratic,Roberto,Desert Vixen,マルゼンスキー,ランズプロント
2023101880,ハービンジャー,ヒアーズトウショウ,Dansili,Penang Pearl,フジキセキ,シーイズトウショウ,デインヒル,Hasili,Bering,Guapa,サンデーサイレンス,ミルレーサー,サクラバクシンオー,ジェーントウショウ,Danzig,Razyana,Kahyasi,Kerali,Arctic Tern,Beaune,Shareef Dancer,Sauceboat,Halo,Wishing Well,Le Fabuleux,Marston's Mill,サクラユタカオー,サクラハゴロモ,トウショウフリート,コーニストウショウ,Northern Dancer,Pas de Nom,His Majesty,Spring Adieu,イルドブルボン,Kadissya,High Line,Sookera,Sea-Bird,Bubbling Beauty,Lyphard,Barbra,Northern Dancer,Sweet Alliance,Connaught,Cranberry Sauce,Hail to Reason,Cosmah,Understanding,Mountain Flower,Wild Risk,Anguar,In Reality,Millicent,テスコボーイ,アンジェリカ,ノーザンテースト,クリアアンバー,トウショウペガサス,リバーストウショウ,ダンディルート,ローズトウショウ
2023106462,スクリーンヒーロー,バトーブラン,グラスワンダー,ランニングヒロイン,ゴールドシップ,マイネテレジア,Silver Hawk,Ameriflora,サンデーサイレンス,ダイナアクトレス,ステイゴールド,ポイントフラッグ,ロージズインメイ,マイネヌーヴェル,Roberto,Gris Vitesse,Danzig,Graceful Touch,Halo,Wishing Well,ノーザンテースト,モデルスポート,サンデーサイレンス,ゴールデンサッシュ,メジロマックイーン,パストラリズム,Devil His Due,Tell a Secret,ブライアンズタイム,マイネプリテンダー,Hail to Reason,Bramalea,Amerigo,Matchiche,Northern Dancer,Pas de Nom,His Majesty,Pi Phi Gal,Hail to Reason,Cosmah,Understanding,Mountain Flower,Northern Dancer,Lady Victoria,モデルフール,マジックゴデイス,Halo,Wishing Well,ディクタス,ダイナサッシュ,メジロティターン,メジロオーロラ,プルラリズム,トクノエイティー,Devil's Bag,Plenty O'Toole,Speak John,Secret Retreat,Roberto,Kelley's Day,Zabeel,Giladah
2023101438,ブラックタイド,パワフルラリマー,サンデーサイレンス,ウインドインハーヘア,サクラバクシンオー,ルピナスレイク,Halo,Wishing Well,Alzao,Burghclere,サクラユタカオー,サクラハゴロモ,キンググローリアス,ユメノトビラ,Hail to Reason,Cosmah,Understanding,Mountain Flower,Lyphard,Lady Rebecca,Busted,Highclere,テスコボーイ,アンジェリカ,ノーザンテースト,クリアアンバー,Naevus,Glorious Natalie,ダイナガリバー,ドリーミングウェイ,Turn-to,Nothirdchance,Cosmic Bomb,Almahmoud,Promised Land,Pretty Ways,Montparnasse,Edelweiss,Northern Dancer,Goofed,Sir Ivor,Pocahontas,Crepello,Sans le Sou,Queen's Hussar,Highlight,Princely Gift,Suncourt,ネヴァービート,スターハイネス,Northern Dancer,Lady Victoria,Ambiopoise,One Clear Call,Mr. Prospector,Mudville,Reflected Glory,Blue Eyed Blonde,ノーザンテースト,ユアースポート,クラウンドプリンス,ダブルドア
2023105712,エイシンフラッシュ,ヨッテウタッテ,キングズベスト,ムーンレディ,オレハマッテルゼ,オジャッタモンセ,Kingmambo,Allegretta,プラティニ,Midnight Fever,サンデーサイレンス,カーリーエンジェル,クロフネ,メロンパン,Mr. Prospector,Miesque,Lombard,Anatevka,Surumu,Prairie Darling,Sure Blade,Majoritat,Halo,Wishing Well,ジャッジアンジェルーチ,ダイナカール,フレンチデピュティ,ブルーアヴェニュー,Theatrical,Border Dawn,Raise a Native,Gold Digger,Nureyev,Pasadoble,Agio,Promised Lady,Espresso,Almyra,Literat,Surama,Stanford,Prairie Belle,Kris,Double Lock,Konigsstuhl,Monacchia,Hail to Reason,Cosmah,Understanding,Mountain Flower,Honest Pleasure,Victorian Queen,ノーザンテースト,シャダイフェザー,Deputy Minister,Mitterand,Classic Go Go,Eliza Blue,Nureyev,ツリーオブノレッジ,ピットカーン,My Fawn
2023101048,アドマイヤマーズ,アドマイヤナイト,ダイワメジャー,ヴィアメディチ,アドマイヤムーン,アドマイヤカグラ,サンデーサイレンス,スカーレットブーケ,Medicean,Via Milano,エンドスウィープ,マイケイティーズ,スペシャルウィーク,シーズライクリオ,Halo,Wishing Well,ノーザンテースト,スカーレットインク,Machiavellian,Mystic Goddess,Singspiel,Salvinaxia,フォーティナイナー,Broom Dance,サンデーサイレンス,ケイティーズファースト,サンデーサイレンス,キャンペンガール,Boundary,Leading Rhyme,Hail to Reason,Cosmah,Understanding,Mountain Flower,Northern Dancer,Lady Victoria,Crimson Satan,Consentida,Mr. Prospector,Coup de Folie,Storm Bird,Rose Goddess,In the Wings,Glorious Song,Linamix,Salve,Mr. Prospector,File,Dance Spell,Witching Hour,Halo,Wishing Well,Kris,Katies,Halo,Wishing Well,マルゼンスキー,レディーシラオキ,Danzig,Edge,Mr. Leader,Gay Sonnet
2023105429,Vino Rosso,シンシアズフューリー,Curlin,Mythical Bride,ユートピア,Send for an Angel,Smart Strike,Sherriff's Deputy,Street Cry,Flaming Heart,フォーティナイナー,ドリームビジョン,サザンヘイロー,Schematic,Mr. Prospector,Classy 'n Smart,Deputy Minister,Barbarika,Machiavellian,Helen Street,Touch Gold,Hot Lear,Mr. Prospector,File,ノーザンテースト,ハニードリーマー,Halo,Northern Sea,Upper Nile,Never Scheme,Raise a Native,Gold Digger,Smarten,No Class,Vice Regent,Mint Copy,Bates Motel,War Exchange,Mr. Prospector,Coup de Folie,Troy,Waterway,Deputy Minister,Passing Mood,Lear Fan,Medicine Woman,Raise a Native,Gold Digger,Tom Rolfe,Continue,Northern Dancer,Lady Victoria,Dewan,ハニーサツクルヴアイン,Hail to Reason,Cosmah,Northern Dancer,Sea Saga,Nijinsky,Rosetta Stone,Never Bend,Sweetly Scheming
2023102122,ドレフォン,ハワイアンローズ,Gio Ponti,Eltimaas,キングカメハメハ,サンタローズ,Tale of the Cat,Chipeta Springs,Ghostzapper,Najecam,Kingmambo,マンファス,パントレセレブル,ユキノローズ,Storm Cat,Yarn,Alydar,Salt Spring,Awesome Again,Baby Zip,Trempolino,Sue Warner,Mr. Prospector,Miesque,ラストタイクーン,Pilot Bird,Nureyev,Peinture Bleue,ミルジョージ,バンブーネラ,Storm Bird,Terlingua,Mr. Prospector,Narrate,Raise a Native,Sweet Tooth,Salt Marsh,Jungle Mythologic,Deputy Minister,Primal Force,Relaunch,Thirty Zip,Sharpen Up,Trephine,Forli,Bitty Girl,Raise a Native,Gold Digger,Nureyev,Pasadoble,トライマイベスト,Mill Princess,Blakeney,The Dancer,Northern Dancer,Special,Alydar,Petroleuse,Mill Reef,Miss Charisma,ポリック,クインバンブー
2023107067,ロードカナロア,スイープセレリタス,キングカメハメハ,レディブラッサム,ハーツクライ,スイープトウショウ,Kingmambo,マンファス,Storm Cat,サラトガデュー,サンデーサイレンス,アイリッシュダンス,エンドスウィープ,タバサトウショウ,Mr. Prospector,Miesque,ラストタイクーン,Pilot Bird,Storm Bird,Terlingua,Cormorant,Super Luna,Halo,Wishing Well,トニービン,ビューパーダンス,フォーティナイナー,Broom Dance,ダンシングブレーヴ,サマンサトウショウ,Raise a Native,Gold Digger,Nureyev,Pasadoble,トライマイベスト,Mill Princess,Blakeney,The Dancer,Northern Dancer,South Ocean,Secretariat,Crimson Saint,His Majesty,Song Sparrow,In Reality,Alada,Hail to Reason,Cosmah,Understanding,Mountain Flower,カンパラ,Severn Bridge,Lyphard,My Bupers,Mr. Prospector,File,Dance Spell,Witching Hour,Lyphard,Navajo Princess,トウショウボーイ,マーブルトウショウ
2023102602,ドレフォン,パワースポット,Gio Ponti,Eltimaas,スズカマンボ,セクシーシューズ,Tale of the Cat,Chipeta Springs,Ghostzapper,Najecam,サンデーサイレンス,スプリングマンボ,パラダイスクリーク,ベルパローレ,Storm Cat,Yarn,Alydar,Salt Spring,Awesome Again,Baby Zip,Trempolino,Sue Warner,Halo,Wishing Well,Kingmambo,キーフライヤー,Irish River,North Of Eden,グルームダンサー,Parole Et Musique,Storm Bird,Terlingua,Mr. Prospector,Narrate,Raise a Native,Sweet Tooth,Salt Marsh,Jungle Mythologic,Deputy Minister,Primal Force,Relaunch,Thirty Zip,Sharpen Up,Trephine,Forli,Bitty Girl,Hail to Reason,Cosmah,Understanding,Mountain Flower,Mr. Prospector,Miesque,Nijinsky,Key Partner,Riverman,Irish Star,Northfields,ツリーオブノレッジ,Blushing Groom,Featherhill,Nureyev,Alathea
2023102401,ダノンレジェンド,ハルシュタット,Macho Uno,マイグッドネス,ファスリエフ,フェリーク,Holy Bull,Primal Force,Storm Cat,Caressing,Nureyev,Mr. P's Princess,サンデーサイレンス,ジェドゥーザムール,Great Above,Sharon Brown,Blushing Groom,Prime Prospect,Storm Bird,Terlingua,Honour and Glory,Lovin Touch,Northern Dancer,Special,Mr. Prospector,Anne Campbell,Halo,Wishing Well,Top Ville,Pollenka,Minnesota Mac,Ta Wee,Al Hattab,Agathea's Dawn,Red God,Runaway Bride,Mr. Prospector,Square Generation,Northern Dancer,South Ocean,Secretariat,Crimson Saint,Relaunch,Fair to All,Majestic Prince,Forest Princess,Nearctic,Natalma,Forli,Thong,Raise a Native,Gold Digger,Never Bend,Repercussion,Hail to Reason,Cosmah,Understanding,Mountain Flower,High Top,Sega Ville,Reliance,Polana
2023105608,ニューイヤーズデイ,ビキニパレード,Street Cry,Justwhistledixie,キングカメハメハ,フレンチビキニ,Machiavellian,Helen Street,Dixie Union,General Jeanne,Kingmambo,マンファス,サンデーサイレンス,Fuenji,Mr. Prospector,Coup de Folie,Troy,Waterway,Dixieland Band,She's Tops,Honour and Glory,Ahpo Hel,Mr. Prospector,Miesque,ラストタイクーン,Pilot Bird,Halo,Wishing Well,Saumarez,Belle et Chere,Raise a Native,Gold Digger,Halo,Raise the Standard,Petingo,La Milo,Riverman,Boulevard,Northern Dancer,Mississippi Mud,Capote,She's a Talent,Relaunch,Fair to All,Mr. Leader,Tiy,Raise a Native,Gold Digger,Nureyev,Pasadoble,トライマイベスト,Mill Princess,Blakeney,The Dancer,Hail to Reason,Cosmah,Understanding,Mountain Flower,Rainbow Quest,Fiesta Fun,Lyphard,Madge
2023106133,パイロ,ウィーヴァー,Pulpit,Wild Vision,ストリートセンス,モケット,A.P. Indy,Preach,Wild Again,Carol's Wonder,Street Cry,Bedazzle,Maria's Mon,エターナルレーヴ,Seattle Slew,Weekend Surprise,Mr. Prospector,Narrate,Icecapade,Bushel-n-Peck,Pass the Tab,Carols Christmas,Machiavellian,Helen Street,Dixieland Band,Majestic Legend,Wavering Monarch,Carlotta Maria,Diesis,Northern Eternity,Bold Reasoning,My Charmer,Secretariat,Lassie Dear,Raise a Native,Gold Digger,Honest Pleasure,State,Nearctic,Shenanigans,Khaled,Dama,Al Hattab,Dantina,Whitesburg,Light Verse,Mr. Prospector,Coup de Folie,Troy,Waterway,Northern Dancer,Mississippi Mud,His Majesty,Long Legend,Majestic Light,Uncommitted,Caro,Water Malone,Sharpen Up,Doubly Sure,Northern Dancer,Hopespringseternal
2023102267,モーニン,リワードアメイン,ヘニーヒューズ,Giggly,グランシュヴァリエ,リワードクリエン,ヘネシー,Meadow Flyer,Distorted Humor,Chaste,タヤスツヨシ,ラストキッス,ケイムホーム,リワードエンプレス,Storm Cat,Island Kitty,Meadowlake,Shortley,フォーティナイナー,Danzig's Beauty,Cozzene,Purity,サンデーサイレンス,マガロ,マルゼンスキー,ユーワエアメール,Gone West,Nice Assay,オペラハウス,リワードピジョン,Storm Bird,Terlingua,Hawaii,T. C. Kitten,Hold Your Peace,Suspicious Native,Hagley,Short Winded,Mr. Prospector,File,Danzig,Sweetest Chant,Caro,Ride the Trails,Fappiano,Dame Mysterieuse,Halo,Wishing Well,Caro,Magic,Nijinsky,シル,ダイアトム,ブラットメール,Mr. Prospector,Secrettame,Clever Trick,インフルヴユー,Sadler's Wells,Colorspin,ミルジョージ,リワードウイング
2023103079,ディーマジェスティ,オーロラフラッシュ,ディープインパクト,エルメスティアラ,Frankel,Squeeze,サンデーサイレンス,ウインドインハーヘア,ブライアンズタイム,シンコウエルメス,Galileo,Kind,Danehill Dancer,Wedding Morn,Halo,Wishing Well,Alzao,Burghclere,Roberto,Kelley's Day,Sadler's Wells,Doff the Derby,Sadler's Wells,Urban Sea,デインヒル,Rainbow Lake,デインヒル,Mira Adonde,Sadler's Wells,Wedding Bouquet,Hail to Reason,Cosmah,Understanding,Mountain Flower,Lyphard,Lady Rebecca,Busted,Highclere,Hail to Reason,Bramalea,Graustark,Golden Trail,Northern Dancer,Fairy Bridge,Master Derby,Margarethen,Northern Dancer,Fairy Bridge,Miswaki,Allegretta,Danzig,Razyana,Rainbow Quest,Rockfest,Danzig,Razyana,Sharpen Up,Lettre d'Amour,Northern Dancer,Fairy Bridge,Kings Lake,Doff the Derby
2023100624,オルフェーヴル,ファストーゾ,ステイゴールド,オリエンタルアート,ロードカナロア,エーソングフォー,サンデーサイレンス,ゴールデンサッシュ,メジロマックイーン,エレクトロアート,キングカメハメハ,レディブラッサム,More Than Ready,Miss Garland,Halo,Wishing Well,ディクタス,ダイナサッシュ,メジロティターン,メジロオーロラ,ノーザンテースト,グランマスティーヴンス,Kingmambo,マンファス,Storm Cat,サラトガデュー,サザンヘイロー,Woodman's Girl,パレスミュージック,Miss Actress,Hail to Reason,Cosmah,Understanding,Mountain Flower,Sanctus,Doronic,ノーザンテースト,ロイヤルサッシュ,メジロアサマ,シエリル,リマンド,メジロアイリス,Northern Dancer,Lady Victoria,Lt. Stevens,Dhow,Mr. Prospector,Miesque,ラストタイクーン,Pilot Bird,Storm Bird,Terlingua,Cormorant,Super Luna,Halo,Northern Sea,Woodman,Becky Be Good,The Minstrel,Come My Prince,Mr. Cockatoo,T. V. Actress
2023105518,サトノダイヤモンド,エーシンクールディ,ディープインパクト,マルペンサ,Distorted Humor,キャタリナ,サンデーサイレンス,ウインドインハーヘア,Orpen,Marsella,フォーティナイナー,Danzig's Beauty,Storm Cat,Carolina Saga,Halo,Wishing Well,Alzao,Burghclere,Lure,Bonita Francita,サザンヘイロー,Riviere,Mr. Prospector,File,Danzig,Sweetest Chant,Storm Bird,Terlingua,Caro,Key to the Saga,Hail to Reason,Cosmah,Understanding,Mountain Flower,Lyphard,Lady Rebecca,Busted,Highclere,Danzig,Endear,Devil's Bag,Raise the Standard,Halo,Northern Sea,Logical,Talonada,Raise a Native,Gold Digger,Tom Rolfe,Continue,Northern Dancer,Pas de Nom,Mr. Leader,Gay Sonnet,Northern Dancer,South Ocean,Secretariat,Crimson Saint,フォルティノ,Chambord,Key to the Mint,Sea Saga
2023104809,シュヴァルグラン,スワンソング,ハーツクライ,ハルーワスウィート,Singspiel,ブリクセン,サンデーサイレンス,アイリッシュダンス,Machiavellian,ハルーワソング,In the Wings  In The Wings,Glorious Song,Gone West,Danish,Halo,Wishing Well,トニービン,ビューパーダンス,Mr. Prospector,Coup de Folie,Nureyev,Morn of Song,Sadler's Wells,High Hawk,Halo,Ballade,Mr. Prospector,Secrettame,デインヒル,Tea House,Hail to Reason,Cosmah,Understanding,Mountain Flower,カンパラ,Severn Bridge,Lyphard,My Bupers,Raise a Native,Gold Digger,Halo,Raise the Standard,Northern Dancer,Special,Blushing Groom,Glorious Song,Northern Dancer,Fairy Bridge,Shirley Heights,Sunbittern,Hail to Reason,Cosmah,Herbager,Miss Swapsco,Raise a Native,Gold Digger,Secretariat,Tamerett,Danzig,Razyana,Sassafras,House Tie
2023101046,モズアスコット,ライトフェアリー,Frankel,India,サムライハート,フラワーフェアリー,Galileo,Kind,ヘネシー,Misty Hour,サンデーサイレンス,エアグルーヴ,アルカセット,フリーフォーギブン,Sadler's Wells,Urban Sea,デインヒル,Rainbow Lake,Storm Cat,Island Kitty,Miswaki,Our Tina Marie,Halo,Wishing Well,トニービン,ダイナカール,Kingmambo,チェサプラナ,Unbridled,Redeemer,Northern Dancer,Fairy Bridge,Miswaki,Allegretta,Danzig,Razyana,Rainbow Quest,Rockfest,Storm Bird,Terlingua,Hawaii,T. C. Kitten,Mr. Prospector,Hopespringseternal,Nijinsky,Java Moon,Hail to Reason,Cosmah,Understanding,Mountain Flower,カンパラ,Severn Bridge,ノーザンテースト,シャダイフェザー,Mr. Prospector,Miesque,Niniski,Top of The League,Fappiano,Gana Facil,Dixieland Band,Printing Press
2023106709,サンダースノー,セレブリティ,Helmet,Eastern Joy,タニノギムレット,タニノシスター,Exceed And Excel,Accessories,Dubai Destination,Red Slippers,ブライアンズタイム,タニノクリスタル,ルション,エナジートウショウ,デインヒル,Patrona,Singspiel,Anna Matrushka,Kingmambo,Mysterial,Nureyev,Morning Devotion,Roberto,Kelley's Day,クリスタルパレス,タニノシーバード,Riverman,ベルドリーヌ,トウショウボーイ,コーニストウショウ,Danzig,Razyana,Lomond,Gladiolus,In the Wings,Glorious Song,Mill Reef,Anna Paola,Mr. Prospector,Miesque,Alleged,Mysteries,Northern Dancer,Special,Affirmed,Morning Has Broken,Hail to Reason,Bramalea,Graustark,Golden Trail,Caro,Hermieres,Sea-Bird,Flaxen,Never Bend,River Lady,Marshua's Dancer,Palsy Walsy,テスコボーイ,ソシアルバターフライ,ダンディルート,ローズトウショウ
2023106402,アスクピーターパン,プリンセスアスク,Frankel,ストレイトガール,ゼンノロブロイ,ディーズビバーチェ,Galileo,Kind,フジキセキ,ネヴァーピリオド,サンデーサイレンス,ローミンレイチェル,エルコンドルパサー,ファクテュアルパーシット,Sadler's Wells,Urban Sea,デインヒル,Rainbow Lake,サンデーサイレンス,ミルレーサー,タイキシャトル,フューチャハッピー,Halo,Wishing Well,マイニング,One Smart Lady,Kingmambo,サドラーズギャル,Known Fact,La Nobleza,Northern Dancer,Fairy Bridge,Miswaki,Allegretta,Danzig,Razyana,Rainbow Quest,Rockfest,Halo,Wishing Well,Le Fabuleux,Marston's Mill,Devil's Bag,ウェルシュマフィン,デインヒル,タイセイカグラ,Hail to Reason,Cosmah,Understanding,Mountain Flower,Mr. Prospector,I Pass,Clever Trick,Pia's Lady,Mr. Prospector,Miesque,Sadler's Wells,Glenveagh,In Reality,Tamerett,Damascus,Where You Lead
2023106466,ダノンバラード,パーフェクトノート,ディープインパクト,レディバラード,Shamardal,Mezzo Soprano,サンデーサイレンス,ウインドインハーヘア,Unbridled,Angelic Song,Giant's Causeway,Helsinki,Darshaan,Morn of Song,Halo,Wishing Well,Alzao,Burghclere,Fappiano,Gana Facil,Halo,Ballade,Storm Cat,Mariah's Storm,Machiavellian,Helen Street,Shirley Heights,Delsy,Blushing Groom,Glorious Song,Hail to Reason,Cosmah,Understanding,Mountain Flower,Lyphard,Lady Rebecca,Busted,Highclere,Mr. Prospector,Killaloe,Le Fabuleux,Charedi,Hail to Reason,Cosmah,Herbager,Miss Swapsco,Storm Bird,Terlingua,Rahy,イメンス,Mr. Prospector,Coup de Folie,Troy,Waterway,Mill Reef,Hardiemma,Abdos,Kelty,Red God,Runaway Bride,Halo,Ballade
2023101792,マクフィ,プロディジャス,Dubawi,Dhelaal,ハーツクライ,ロジャーズスー,Dubai Millennium,Zomaradah,Green Desert,Irish Valley,サンデーサイレンス,アイリッシュダンス,Forestry,Fabulous,Seeking the Gold,Colorado Dancer,Deploy,Jawaher,Danzig,Foreign Courier,Irish River,Green Valley,Halo,Wishing Well,トニービン,ビューパーダンス,Storm Cat,Shared Interest,Seeking the Gold,Gorgeous,Mr. Prospector,Con Game,Shareef Dancer,Fall Aspen,Shirley Heights,Slightly Dangerous,ダンシングブレーヴ,High Tern,Northern Dancer,Pas de Nom,Sir Ivor,Courtly Dee,Riverman,Irish Star,Val de Loir,Sly Pola,Hail to Reason,Cosmah,Understanding,Mountain Flower,カンパラ,Severn Bridge,Lyphard,My Bupers,Storm Bird,Terlingua,Pleasant Colony,Surgery,Mr. Prospector,Con Game,Slew o' Gold,Kamar
2023106577,タワーオブロンドン,ランリーナ,Raven's Pass,スノーパイン,エイシンフラッシュ,アップルティー,Elusive Quality,Ascutney,Dalakhani,シンコウエルメス,キングズベスト,ムーンレディ,サンデーサイレンス,アドマイス,Gone West,Touch of Greatness,Lord at War,Right Word,Darshaan,Daltawa,Sadler's Wells,Doff the Derby,Kingmambo,Allegretta,プラティニ,Midnight Fever,Halo,Wishing Well,Highest Honor,Admiration,Mr. Prospector,Secrettame,Hero's Honor,Ivory Wand,General,Luna de Miel,Verbatim,Oratorio,Shirley Heights,Delsy,Miswaki,Damana,Northern Dancer,Fairy Bridge,Master Derby,Margarethen,Mr. Prospector,Miesque,Lombard,Anatevka,Surumu,Prairie Darling,Sure Blade,Majoritat,Hail to Reason,Cosmah,Understanding,Mountain Flower,Kenmare,High River,Kashmir,Prue
2023102182,ダノンプレミアム,ピアレジーナ,ディープインパクト,インディアナギャル,タイキシャトル,アッシュベリー,サンデーサイレンス,ウインドインハーヘア,Intikhab,Genial Jenny,Devil's Bag,ウェルシュマフィン,Any Given Saturday,アシェラフ,Halo,Wishing Well,Alzao,Burghclere,Red Ransom,Crafty Example,デインヒル,Joma Kaanem,Halo,Ballade,Caerleon,Muffitys,Distorted Humor,Weekend in Indy,Deputy Minister,Cinnamon Sugar,Hail to Reason,Cosmah,Understanding,Mountain Flower,Lyphard,Lady Rebecca,Busted,Highclere,Roberto,アラビア,Crafty Prospector,Zienelle,Danzig,Razyana,Double Form,Ash Lawn,Hail to Reason,Cosmah,Herbager,Miss Swapsco,Nijinsky,Foreseer,Thatch,Contrail,フォーティナイナー,Danzig's Beauty,A.P. Indy,Whow,Vice Regent,Mint Copy,Wild Again,Sugar and Spice
2023100789,ダノンプレミアム,サリーバランセ,ディープインパクト,インディアナギャル,ヘニーヒューズ,マヤノマヤ,サンデーサイレンス,ウインドインハーヘア,Intikhab,Genial Jenny,ヘネシー,Meadow Flyer,タイキシャトル,ナリタフローラ,Halo,Wishing Well,Alzao,Burghclere,Red Ransom,Crafty Example,デインヒル,Joma Kaanem,Storm Cat,Island Kitty,Meadowlake,Shortley,Devil's Bag,ウェルシュマフィン,サンデーサイレンス,ナリタレッドバード,Hail to Reason,Cosmah,Understanding,Mountain Flower,Lyphard,Lady Rebecca,Busted,Highclere,Roberto,アラビア,Crafty Prospector,Zienelle,Danzig,Razyana,Double Form,Ash Lawn,Storm Bird,Terlingua,Hawaii,T. C. Kitten,Hold Your Peace,Suspicious Native,Hagley,Short Winded,Halo,Ballade,Caerleon,Muffitys,Halo,Wishing Well,マルゼンスキー,ビューティマリヤ
2023104232,タワーオブロンドン,ディープブルーム,Raven's Pass,スノーパイン,ディープブリランテ,タヤスブルーム,Elusive Quality,Ascutney,Dalakhani,シンコウエルメス,ディープインパクト,ラヴアンドバブルズ,Caerleon,ゲイロレンヌ,Gone West,Touch of Greatness,Lord at War,Right Word,Darshaan,Daltawa,Sadler's Wells,Doff the Derby,サンデーサイレンス,ウインドインハーヘア,Loup Sauvage,バブルドリーム,Nijinsky,Foreseer,Fabulous Dancer,Gay Spring,Mr. Prospector,Secrettame,Hero's Honor,Ivory Wand,General,Luna de Miel,Verbatim,Oratorio,Shirley Heights,Delsy,Miswaki,Damana,Northern Dancer,Fairy Bridge,Master Derby,Margarethen,Halo,Wishing Well,Alzao,Burghclere,Riverman,Louveterie,Akarad,バブルプロスペクター,Northern Dancer,Flaming Page,Round Table,Regal Gleam,Northern Dancer,Last of the Line,Free Round,Grey Autumn
2023101495,マジェスティックウォリアー,ワイルドシンガー,A.P. Indy,Dream Supreme,ワイルドラッシュ,ウインルーシッド,Seattle Slew,Weekend Surprise,Seeking the Gold,Spinning Round,Wild Again,Rose Park,Giant's Causeway,ルックトゥザシー,Bold Reasoning,My Charmer,Secretariat,Lassie Dear,Mr. Prospector,Con Game,Dixieland Band,Take Heart,Icecapade,Bushel-n-Peck,Plugged Nickle,Hardship,Storm Cat,Mariah's Storm,Seeking the Gold,Going Ashore,Boldnesian,Reason to Earn,Poker,Fair Charmer,Bold Ruler,Somethingroyal,Buckpasser,Gay Missile,Raise a Native,Gold Digger,Buckpasser,Broadway,Northern Dancer,Mississippi Mud,Secretariat,Deck Stewardess,Nearctic,Shenanigans,Khaled,Dama,Key to the Mint,Toll Booth,Drone,Hard and Fast,Storm Bird,Terlingua,Rahy,イメンス,Mr. Prospector,Con Game,ポリッシュネイビー,Blitey
2023105022,ダノンレジェンド,ブルーリヴァー,Macho Uno,マイグッドネス,パイロ,メイショウカガリビ,Holy Bull,Primal Force,Storm Cat,Caressing,Pulpit,Wild Vision,シンボリクリスエス,チアズグレイス,Great Above,Sharon Brown,Blushing Groom,Prime Prospect,Storm Bird,Terlingua,Honour and Glory,Lovin Touch,A.P. Indy,Preach,Wild Again,Carol's Wonder,Kris S.,Tee Kay,サンデーサイレンス,チアズフラワー,Minnesota Mac,Ta Wee,Al Hattab,Agathea's Dawn,Red God,Runaway Bride,Mr. Prospector,Square Generation,Northern Dancer,South Ocean,Secretariat,Crimson Saint,Relaunch,Fair to All,Majestic Prince,Forest Princess,Seattle Slew,Weekend Surprise,Mr. Prospector,Narrate,Icecapade,Bushel-n-Peck,Pass the Tab,Carols Christmas,Roberto,Sharp Queen,Gold Meridian,Tri Argo,Halo,Wishing Well,Al Nasr,デュカイナ
2023107223,ルヴァンスレーヴ,ペルペトゥオ,シンボリクリスエス,マエストラーレ,Pioneerof the Nile,Ribbon Taffy,Kris S.,Tee Kay,ネオユニヴァース,オータムブリーズ,エンパイアメーカー,Star of Goshen,Hard Spun,Partyship,Roberto,Sharp Queen,Gold Meridian,Tri Argo,サンデーサイレンス,ポインテッドパス,ティンバーカントリー,セプテンバーソング,Unbridled,Toussaud,Lord at War,Castle Eight,Danzig,Turkish Tryst,Premiership,Party's On Me,Hail to Reason,Bramalea,Princequillo,Bridgework,Seattle Slew,Queen Louie,Tri Jet,Hail Proudly,Halo,Wishing Well,Kris,Silken Way,Woodman,Fall Aspen,リアルシャダイ,ダイナフェアリー,Fappiano,Gana Facil,El Gran Senor,Image of Reality,General,Luna de Miel,Key to the Kingdom,Her Native,Northern Dancer,Pas de Nom,Turkoman,Darbyvail,Exclusive Native,Reminiscing,Stevedore,Pardon My Speed
2023103942,インディチャンプ,ゴールドエンジェル,ステイゴールド,ウィルパワー,クロフネ,エストレリータ,サンデーサイレンス,ゴールデンサッシュ,キングカメハメハ,トキオリアリティー,フレンチデピュティ,ブルーアヴェニュー,ダンスインザダーク,エアシャロン,Halo,Wishing Well,ディクタス,ダイナサッシュ,Kingmambo,マンファス,Meadowlake,What a Reality,Deputy Minister,Mitterand,Classic Go Go,Eliza Blue,サンデーサイレンス,ダンシングキイ,ノーザンテースト,エコルシユ,Hail to Reason,Cosmah,Understanding,Mountain Flower,Sanctus,Doronic,ノーザンテースト,ロイヤルサッシュ,Mr. Prospector,Miesque,ラストタイクーン,Pilot Bird,Hold Your Peace,Suspicious Native,In Reality,What Will Be,Vice Regent,Mint Copy,Hold Your Peace,Laredo Lass,Pago Pago,Classic Perfection,Icecapade,コレラ,Halo,Wishing Well,Nijinsky,Key Partner,Northern Dancer,Lady Victoria,Big Spruce,Idmon
2023102320,タニノフランケル,グッバイサマー,Frankel,ウオッカ,サマーバード,プレラット,Galileo,Kind,タニノギムレット,タニノシスター,Birdstone,Hong Kong Squall,サンデーサイレンス,マラブー,Sadler's Wells,Urban Sea,デインヒル,Rainbow Lake,ブライアンズタイム,タニノクリスタル,ルション,エナジートウショウ,Grindstone,Dear Birdie,Summer Squall,Hong Kong Jade,Halo,Wishing Well,Roberto,Last Feather,Northern Dancer,Fairy Bridge,Miswaki,Allegretta,Danzig,Razyana,Rainbow Quest,Rockfest,Roberto,Kelley's Day,クリスタルパレス,タニノシーバード,Riverman,ベルドリーヌ,トウショウボーイ,コーニストウショウ,Unbridled,Buzz My Bell,Storm Bird,Hush Dear,Storm Bird,Weekend Surprise,Alysheba,Ruby Slippers,Hail to Reason,Cosmah,Understanding,Mountain Flower,Hail to Reason,Bramalea,Vaguely Noble,Quill
2023110012,Frosted,Floral Hall,Tapit,Fast Cookie,Bodemeister,Painted Lady,Pulpit,Tap Your Heels,Deputy Minister,Fleet Lady,エンパイアメーカー,Untouched Talent,Broad Brush,Nastique,A.P. Indy,Preach,Unbridled,Ruby Slippers,Vice Regent,Mint Copy,Avenue of Flags,ディアーミミ,Unbridled,Toussaud,Storm Cat,Parade Queen,Ack Ack,Hay Patcher,Naskra,La Fantastique,Seattle Slew,Weekend Surprise,Mr. Prospector,Narrate,Fappiano,Gana Facil,Nijinsky,Moon Glitter,Northern Dancer,Victoria Regina,Bunty's Flight,Shakney,Seattle Slew,Beautiful Glass,Roberto,Carnival Princess,Fappiano,Gana Facil,El Gran Senor,Image of Reality,Storm Bird,Terlingua,A.P. Indy,Spanish Parade,Battle Joined,Fast Turn,Hoist the Flag,Turn to Talent,Nasram,Iskra,Le Fabuleux,Witherite
2023101910,ゴールドシップ,ドゥモワゼル,ステイゴールド,ポイントフラッグ,ショウナンカンプ,ステキプレゼント,サンデーサイレンス,ゴールデンサッシュ,メジロマックイーン,パストラリズム,サクラバクシンオー,ショウナングレイス,ジェニュイン,アララットサン,Halo,Wishing Well,ディクタス,ダイナサッシュ,メジロティターン,メジロオーロラ,プルラリズム,トクノエイティー,サクラユタカオー,サクラハゴロモ,ラッキーソブリン,ヤセイコーソ,サンデーサイレンス,クルーピアレディー,リアルシャダイ,ダイナフェザー,Hail to Reason,Cosmah,Understanding,Mountain Flower,Sanctus,Doronic,ノーザンテースト,ロイヤルサッシュ,メジロアサマ,シエリル,リマンド,メジロアイリス,The Minstrel,Cambretta,トライバルチーフ,アイアンルビー,テスコボーイ,アンジェリカ,ノーザンテースト,クリアアンバー,Nijinsky,Sovereign,タケシバオー,メジロチドリ,Halo,Wishing Well,What Luck,Question d'Argent,Roberto,Desert Vixen,ノーザンテースト,シャダイフェザー
2023104434,シスキン,フィネス,First Defence,Bird Flown,ディープインパクト,ディアマンティナ,Unbridled's Song,Honest Lady,Oasis Dream,Silver Star,サンデーサイレンス,ウインドインハーヘア,Seeking the Gold,Yousefia,Unbridled,Trolley Song,Seattle Slew,Toussaud,Green Desert,Hope,Zafonic,Monroe,Halo,Wishing Well,Alzao,Burghclere,Mr. Prospector,Con Game,Danzig,Foreign Courier,Fappiano,Gana Facil,Caro,Lucky Spell,Bold Reasoning,My Charmer,El Gran Senor,Image of Reality,Danzig,Foreign Courier,ダンシングブレーヴ,Bahamian,Gone West,Zaizafon,Sir Ivor,Best in Show,Hail to Reason,Cosmah,Understanding,Mountain Flower,Lyphard,Lady Rebecca,Busted,Highclere,Raise a Native,Gold Digger,Buckpasser,Broadway,Northern Dancer,Pas de Nom,Sir Ivor,Courtly Dee
2023101101,ダノンスマッシュ,アゴベイ,ロードカナロア,スピニングワイルドキャット,ハーツクライ,コージーベイ,キングカメハメハ,レディブラッサム,Hard Spun,Hollywood Wildcat,サンデーサイレンス,アイリッシュダンス,Storm Cat,Composure,Kingmambo,マンファス,Storm Cat,サラトガデュー,Danzig,Turkish Tryst,Kris S.,Miss Wildcatter,Halo,Wishing Well,トニービン,ビューパーダンス,Storm Bird,Terlingua,Touch Gold,Party Cited,Mr. Prospector,Miesque,ラストタイクーン,Pilot Bird,Storm Bird,Terlingua,Cormorant,Super Luna,Northern Dancer,Pas de Nom,Turkoman,Darbyvail,Roberto,Sharp Queen,Mr. Prospector,Elizabeth K.,Hail to Reason,Cosmah,Understanding,Mountain Flower,カンパラ,Severn Bridge,Lyphard,My Bupers,Northern Dancer,South Ocean,Secretariat,Crimson Saint,Deputy Minister,Passing Mood,Alleged,Dream Play
2023107509,Written Tycoon,Maui Girl,Iglesia,Party Miss,Lope de Vega,Run For Naara,ラストタイクーン,Yodells,Kenmare,Miss Entertainer,Shamardal,Lady Vettori,More Than Ready,Kristopher Street,トライマイベスト,Mill Princess,Marscay,Yodelling Lady,Kalamoun,Belle of Ireland,Vain,Viveza,Giant's Causeway,Helsinki,Vettori,Lady Golconda,サザンヘイロー,Woodman's Girl,Kris S.,Manhattan Doll,Northern Dancer,Sex Appeal,Mill Reef,Irish Lass,Biscay,Heart of Market,Paris Review,Alpine Pass,ゼダーン,Khairunissa,Milesian,Belle of the Ball,Wilkes,Elated,Better Boy,Emerald Fire,Storm Cat,Mariah's Storm,Machiavellian,Helen Street,Machiavellian,Air Distingue,Kendor,Lady Sharp,Halo,Northern Sea,Woodman,Becky Be Good,Roberto,Sharp Queen,Wig Out,Capricious Girl
2023105592,ミスチヴィアスアレックス,ポッドシャイニー,Into Mischief,White Pants Night,ゴールドアリュール,エリモシャイニー,Harlan's Holiday,Leslie's Lady,Speightstown,More d'Amour,サンデーサイレンス,ニキーヤ,ブライアンズタイム,エリモシック,Harlan,Christmas in Aiken,Tricky Creek,Crystal Lady,Gone West,Silken Cat,Tour d'Or,Love Connection,Halo,Wishing Well,Nureyev,Reluctant Guest,Roberto,Kelley's Day,ダンシングブレーヴ,エリモシューテング,Storm Cat,Country Romance,Affirmed,Dowager,Clever Trick,Battle Creek Girl,Stop the Music,One Last Bird,Mr. Prospector,Secrettame,Storm Cat,Silken Doll,Medaille d'Or,Debby's Turn,Master Derby,Perfect Connection,Hail to Reason,Cosmah,Understanding,Mountain Flower,Northern Dancer,Special,Hostage,Vaguely Royal,Hail to Reason,Bramalea,Graustark,Golden Trail,Lyphard,Navajo Princess,テスコボーイ,デプグリーフ
2023105405,ドレフォン,オモテナシ,Gio Ponti,Eltimaas,Henrythenavigator,ミリオンギフト,Tale of the Cat,Chipeta Springs,Ghostzapper,Najecam,Kingmambo,Sequoyah,サンデーサイレンス,メイプルジンスキー,Storm Cat,Yarn,Alydar,Salt Spring,Awesome Again,Baby Zip,Trempolino,Sue Warner,Mr. Prospector,Miesque,Sadler's Wells,Brigid,Halo,Wishing Well,Nijinsky,Gold Beauty,Storm Bird,Terlingua,Mr. Prospector,Narrate,Raise a Native,Sweet Tooth,Salt Marsh,Jungle Mythologic,Deputy Minister,Primal Force,Relaunch,Thirty Zip,Sharpen Up,Trephine,Forli,Bitty Girl,Raise a Native,Gold Digger,Nureyev,Pasadoble,Northern Dancer,Fairy Bridge,Irish River,Luv Luvin',Hail to Reason,Cosmah,Understanding,Mountain Flower,Northern Dancer,Flaming Page,Mr. Prospector,Stick to Beauty
2023100928,キセキ,シャンパンフルート,ルーラーシップ,ブリッツフィナーレ,クロフネ,トランシーフレーズ,キングカメハメハ,エアグルーヴ,ディープインパクト,ロンドンブリッジ,フレンチデピュティ,ブルーアヴェニュー,サンデーサイレンス,アンスチュアート,Kingmambo,マンファス,トニービン,ダイナカール,サンデーサイレンス,ウインドインハーヘア,ドクターデヴィアス,オールフォーロンドン,Deputy Minister,Mitterand,Classic Go Go,Eliza Blue,Halo,Wishing Well,Lyphard,Miss Carmie,Mr. Prospector,Miesque,ラストタイクーン,Pilot Bird,カンパラ,Severn Bridge,ノーザンテースト,シャダイフェザー,Halo,Wishing Well,Alzao,Burghclere,Ahonoora,Rose of Jericho,Danzig,Full Card,Vice Regent,Mint Copy,Hold Your Peace,Laredo Lass,Pago Pago,Classic Perfection,Icecapade,コレラ,Hail to Reason,Cosmah,Understanding,Mountain Flower,Northern Dancer,Goofed,T.V. Lark,Twice Over
2023101814,ビーチパトロール,アオイサンシャイン,Lemon Drop Kid,Bashful Bertie,ダイワメジャー,ツーオブハート,Kingmambo,Charming Lassie,Quiet American,Clever Bertie,サンデーサイレンス,スカーレットブーケ,メジロマックイーン,プレイアローン,Mr. Prospector,Miesque,Seattle Slew,Lassie Dear,Fappiano,Demure,Timeless Native,Clever But Costly,Halo,Wishing Well,ノーザンテースト,スカーレットインク,メジロティターン,メジロオーロラ,Lyphard,Cutlasee,Raise a Native,Gold Digger,Nureyev,Pasadoble,Bold Reasoning,My Charmer,Buckpasser,Gay Missile,Mr. Prospector,Killaloe,Dr. Fager,Quiet Charm,Timeless Moment,Head Off,Clever Trick,Swoonlow,Hail to Reason,Cosmah,Understanding,Mountain Flower,Northern Dancer,Lady Victoria,Crimson Satan,Consentida,メジロアサマ,シエリル,リマンド,メジロアイリス,Northern Dancer,Goofed,Cutlass,Ma Petite Fille
2023104603,レイデオロ,ウェストレー,キングカメハメハ,ラドラーダ,オルフェーヴル,ヴェイルオブアヴァロン,Kingmambo,マンファス,シンボリクリスエス,レディブロンド,ステイゴールド,オリエンタルアート,サンダーガルチ,ウインドインハーヘア,Mr. Prospector,Miesque,ラストタイクーン,Pilot Bird,Kris S.,Tee Kay,Seeking the Gold,ウインドインハーヘア,サンデーサイレンス,ゴールデンサッシュ,メジロマックイーン,エレクトロアート,Gulch,Line of Thunder,Alzao,Burghclere,Raise a Native,Gold Digger,Nureyev,Pasadoble,トライマイベスト,Mill Princess,Blakeney,The Dancer,Roberto,Sharp Queen,Gold Meridian,Tri Argo,Mr. Prospector,Con Game,Alzao,Burghclere,Halo,Wishing Well,ディクタス,ダイナサッシュ,メジロティターン,メジロオーロラ,ノーザンテースト,グランマスティーヴンス,Mr. Prospector,Jameela,Storm Bird,Shoot a Line,Lyphard,Lady Rebecca,Busted,Highclere
2023106119,アメリカンペイトリオット,ルージュノアール,War Front,Life Well Lived,ストーミングホーム,フェアリーブレス,Danzig,Starry Dreamer,Tiznow,Well Dressed,Machiavellian,Try to Catch Me,フレンチデピュティ,スイートマイハート,Northern Dancer,Pas de Nom,Rubiano,Lara's Star,Cee's Tizzy,Cee's Song,Notebook,Trithenia,Mr. Prospector,Coup de Folie,Shareef Dancer,It's in the Air,Deputy Minister,Mitterand,Caerleon,All My Heart,Nearctic,Natalma,Admiral's Voyage,Petitioner,Fappiano,Ruby Slippers,Forli,True Reality,Relaunch,テイズリー,Seattle Song,Lonely Dancer,Well Decorated,Mobcap,Gold Meridian,Tri Argo,Raise a Native,Gold Digger,Halo,Raise the Standard,Northern Dancer,Sweet Alliance,Mr. Prospector,A Wind Is Rising,Vice Regent,Mint Copy,Hold Your Peace,Laredo Lass,Nijinsky,Foreseer,Sharpen Up,Red Comes Up
2023100377,ダノンプレミアム,エーシンベタラネリ,ディープインパクト,インディアナギャル,Elusive Quality,バーモントガール,サンデーサイレンス,ウインドインハーヘア,Intikhab,Genial Jenny,Gone West,Touch of Greatness,ミシエロ,Raging Apalachee,Halo,Wishing Well,Alzao,Burghclere,Red Ransom,Crafty Example,デインヒル,Joma Kaanem,Mr. Prospector,Secrettame,Hero's Honor,Ivory Wand,Conquistador Cielo,My Inheritance,Apalachee,Fagers Charisma,Hail to Reason,Cosmah,Understanding,Mountain Flower,Lyphard,Lady Rebecca,Busted,Highclere,Roberto,アラビア,Crafty Prospector,Zienelle,Danzig,Razyana,Double Form,Ash Lawn,Raise a Native,Gold Digger,Secretariat,Tamerett,Northern Dancer,Glowing Tribute,Sir Ivor,Natashka,Mr. Prospector,K D Princess,Thatch,Edies Double,Round Table,Moccasin,Dr. Fager,Charisma Magic
2023104511,ゴールドアクター,ハチマンダイボサツ,スクリーンヒーロー,ヘイロンシン,マーベラスサンデー,アジヤタイリン,グラスワンダー,ランニングヒロイン,キョウワアリシバ,ハッピーヒエン,サンデーサイレンス,モミジダンサー,サクラユタカオー,アジヤフラワー,Silver Hawk,Ameriflora,サンデーサイレンス,ダイナアクトレス,Alysheba,Sulemeif,マナード,ブゼンフブキ,Halo,Wishing Well,ヴァイスリーガル,モミジ,テスコボーイ,アンジェリカ,ハビトニー,パーソスタン,Roberto,Gris Vitesse,Danzig,Graceful Touch,Halo,Wishing Well,ノーザンテースト,モデルスポート,Alydar,Bel Sheba,Northern Dancer,Barely Even,Captain's Gig,Slipstream,セダン,トサクイン,Hail to Reason,Cosmah,Understanding,Mountain Flower,Northern Dancer,Victoria Regina,Laugh Aloud,Hold Me Close,Princely Gift,Suncourt,ネヴァービート,スターハイネス,Habitat,Courteous Lady,パーソロン,マウントスタン
2023106733,オルフェーヴル,アオイテソーロ,ステイゴールド,オリエンタルアート,ルーラーシップ,リアルナンバー,サンデーサイレンス,ゴールデンサッシュ,メジロマックイーン,エレクトロアート,キングカメハメハ,エアグルーヴ,Rainbow Corner,Numeraria,Halo,Wishing Well,ディクタス,ダイナサッシュ,メジロティターン,メジロオーロラ,ノーザンテースト,グランマスティーヴンス,Kingmambo,マンファス,トニービン,ダイナカール,Rainbow Quest,Kingscote,サザンヘイロー,Numismatica,Hail to Reason,Cosmah,Understanding,Mountain Flower,Sanctus,Doronic,ノーザンテースト,ロイヤルサッシュ,メジロアサマ,シエリル,リマンド,メジロアイリス,Northern Dancer,Lady Victoria,Lt. Stevens,Dhow,Mr. Prospector,Miesque,ラストタイクーン,Pilot Bird,カンパラ,Severn Bridge,ノーザンテースト,シャダイフェザー,Blushing Groom,I Will Follow,Kings Lake,Bold Fantasy,Halo,Northern Sea,Salt Marsh,Nut
2023100770,レッドファルクス,チェス,スウェプトオーヴァーボード,ベルモット,フリオーソ,スズオリヅル,エンドスウィープ,Sheer Ice,サンデーサイレンス,レガシーオブストレングス,ブライアンズタイム,ファーザ,フサイチコンコルド,スズマイヒメ,フォーティナイナー,Broom Dance,Cutlass,Hey Dolly A.,Halo,Wishing Well,Affirmed,Katonka,Roberto,Kelley's Day,Mr. Prospector,Baya,Caerleon,バレークイーン,ハウスバスター,ポップアート,Mr. Prospector,File,Dance Spell,Witching Hour,Damascus,Aphonia,Ambehaving,Swift Deal,Hail to Reason,Cosmah,Understanding,Mountain Flower,Exclusive Native,Won't Tell You,Minnesota Mac,Minnetonka,Hail to Reason,Bramalea,Graustark,Golden Trail,Raise a Native,Gold Digger,Nureyev,Barger,Nijinsky,Foreseer,Sadler's Wells,Sun Princess,Mt. Livermore,Big Dreams,Relaunch,Popachee
2023102915,デクラレーションオブウォー,タッシーエルモ,War Front,Tempo West,エピファネイア,ストロングレダ,Danzig,Starry Dreamer,Rahy,Tempo,シンボリクリスエス,シーザリオ,マンハッタンカフェ,ハートオンウェーブ,Northern Dancer,Pas de Nom,Rubiano,Lara's Star,Blushing Groom,Glorious Song,Gone West,Terpsichorist,Kris S.,Tee Kay,スペシャルウィーク,キロフプリミエール,サンデーサイレンス,サトルチェンジ,Storm Cat,Fairy Heights,Nearctic,Natalma,Admiral's Voyage,Petitioner,Fappiano,Ruby Slippers,Forli,True Reality,Red God,Runaway Bride,Halo,Ballade,Mr. Prospector,Secrettame,Nijinsky,Glad Rags,Roberto,Sharp Queen,Gold Meridian,Tri Argo,サンデーサイレンス,キャンペンガール,Sadler's Wells,Querida,Halo,Wishing Well,Law Society,Santa Luciana,Storm Bird,Terlingua,Fairy King,Commanche Belle
2023101371,エイシンフラッシュ,マナツノヨノユメ,キングズベスト,ムーンレディ,ヴィクトワールピサ,アドマイヤダッシュ,Kingmambo,Allegretta,Platini,Midnight Fever,ネオユニヴァース,ホワイトウォーターアフェア,フサイチコンコルド,シンコウエンジェル,Mr. Prospector,Miesque,Lombard,Anatevka,Surumu,Prairie Darling,Sure Blade,Majoritat,サンデーサイレンス,ポインテッドパス,Machiavellian,Much Too Risky,Caerleon,バレークイーン,オジジアン,A Kiss for Luck,Raise a Native,Gold Digger,Nureyev,Pasadoble,Agio,Promised Lady,Espresso,Almyra,Literat,Surama,Stanford,Prairie Belle,Kris,Double Lock,Konigsstuhl,Monacchia,Halo,Wishing Well,Kris,Silken Way,Mr. Prospector,Coup de Folie,Bustino,Short Rations,Nijinsky,Foreseer,Sadler's Wells,Sun Princess,Damascus,Gonfalon,Reflected Glory,Painted Flag
2023105060,ナダル,バケットリスト,Blame,Ascending Angel,シンボリクリスエス,レチャーダ,Arch,Liable,Pulpit,Solar Colony,Kris S.,Tee Kay,ディープインパクト,ドゥルセデレーチェ,Kris S.,Aurora,Seeking the Gold,Bound,A.P. Indy,Preach,Pleasant Colony,Meteor Stage,Roberto,Sharp Queen,Gold Meridian,Tri Argo,サンデーサイレンス,ウインドインハーヘア,フレンチデピュティ,ポトリザリス,Roberto,Sharp Queen,Danzig,Althea,Mr. Prospector,Con Game,Nijinsky,Special,Seattle Slew,Weekend Surprise,Mr. Prospector,Narrate,His Majesty,Sun Colony,Stage Door Johnny,Northern Meteor,Hail to Reason,Bramalea,Princequillo,Bridgework,Seattle Slew,Queen Louie,Tri Jet,Hail Proudly,Halo,Wishing Well,Alzao,Burghclere,Deputy Minister,Mitterand,Potrillazo,Chaldee
2023103034,ワールドプレミア,メジャーメアリー,ディープインパクト,マンデラ,ブライアンズタイム,ウィムシカルソーツ,サンデーサイレンス,ウインドインハーヘア,Acatenango,Mandellicht,Roberto,Kelley's Day,Kingmambo,Valiant Jewel,Halo,Wishing Well,Alzao,Burghclere,Surumu,Aggravate,Be My Guest,Mandelauge,Hail to Reason,Bramalea,Graustark,Golden Trail,Mr. Prospector,Miesque,Buckley Boy,Every Effort,Hail to Reason,Cosmah,Understanding,Mountain Flower,Lyphard,Lady Rebecca,Busted,Highclere,Literat,Surama,Aggressor,Raven Locks,Northern Dancer,What a Treat,Elektrant,Mandriale,Turn-to,Nothirdchance,Nashua,Rarelea,Ribot,Flower Bowl,Hasty Road,Sunny Vale,Raise a Native,Gold Digger,Nureyev,Pasadoble,Alydar,Plankton,Full Out,Champ de Soleil
2023107537,Known Agenda,Cateybug,Curlin,Byrama,Tiznow,Little Bug,Smart Strike,Sherriff's Deputy,Byron,Aymara,Cee's Tizzy,Cee's Song,Dixie Union,Gin Running,Mr. Prospector,Classy 'n Smart,Deputy Minister,Barbarika,Green Desert,Gay Gallanta,Darshaan,Chipaya,Relaunch,テイズリー,Seattle Song,Lonely Dancer,Dixieland Band,She's Tops,Go for Gin,Crafty and Evil,Raise a Native,Gold Digger,Smarten,No Class,Vice Regent,Mint Copy,Bates Motel,War Exchange,Danzig,Foreign Courier,Woodman,Gallanta,Shirley Heights,Delsy,Northern Prospect,Flaming Rose,In Reality,Foggy Note,Lyphard,Tizna,Seattle Slew,Incantation,ナイスダンサー,Sleep Lonely,Northern Dancer,Mississippi Mud,Capote,She's a Talent,Cormorant,Never Knock,Crafty Prospector,Evil Elaine
2023105938,エピファネイア,ジュリアー,シンボリクリスエス,シーザリオ,Sky Mesa,Annika Rules,Kris S.,Tee Kay,スペシャルウィーク,キロフプリミエール,Pulpit,Caress,Seeking the Gold,ジュエルドクラウン,Roberto,Sharp Queen,Gold Meridian,Tri Argo,サンデーサイレンス,キャンペンガール,Sadler's Wells,Querida,A.P. Indy,Preach,Storm Cat,La Affirmed,Mr. Prospector,Con Game,Seattle Slew,Six Crowns,Hail to Reason,Bramalea,Princequillo,Bridgework,Seattle Slew,Queen Louie,Tri Jet,Hail Proudly,Halo,Wishing Well,マルゼンスキー,レディーシラオキ,Northern Dancer,Fairy Bridge,Habitat,Principia,Seattle Slew,Weekend Surprise,Mr. Prospector,Narrate,Storm Bird,Terlingua,Affirmed,La Mesa,Raise a Native,Gold Digger,Buckpasser,Broadway,Bold Reasoning,My Charmer,Secretariat,Chris Evert
2023102758,ミスターメロディ,シントーアサヒ,Scat Daddy,Trusty Lady,ストロングリターン,ケセラセラ,ヨハネスブルグ,Love Style,Deputy Minister,Klassy Kim,シンボリクリスエス,コートアウト,ゴールドアリュール,アニーブラウン,ヘネシー,Myth,Mr. Prospector,Likeable Style,Vice Regent,Mint Copy,Silent Screen,クールアライヴァル,Kris S.,Tee Kay,Smart Strike,アザール,サンデーサイレンス,ニキーヤ,ノーザンテースト,アルズアニー,Storm Cat,Island Kitty,オジジアン,Yarn,Raise a Native,Gold Digger,Nijinsky,Personable Lady,Northern Dancer,Victoria Regina,Bunty's Flight,Shakney,Prince John,Prayer Bell,Relaunch,Irish Arrival,Roberto,Sharp Queen,Gold Meridian,Tri Argo,Mr. Prospector,Classy 'n Smart,Nijinsky,Smart Heiress,Halo,Wishing Well,Nureyev,Reluctant Guest,Northern Dancer,Lady Victoria,Al Hattab,Annie Burns
2021103226,Justify,オールインファン,Scat Daddy,Stage Magic,Tapit,Devils Humor,ヨハネスブルグ,Love Style,Ghostzapper,Magical Illusion,Pulpit,Tap Your Heels,Distorted Humor,Fleet Renee,ヘネシー,Myth,Mr. Prospector,Likeable Style,Awesome Again,Baby Zip,Pulpit,Voodoo Lily,A.P. Indy,Preach,Unbridled,Ruby Slippers,フォーティナイナー,Danzig's Beauty,Seattle Slew,Darien Miss,Storm Cat,Island Kitty,オジジアン,Yarn,Raise a Native,Gold Digger,Nijinsky,Personable Lady,Deputy Minister,Primal Force,Relaunch,Thirty Zip,A.P. Indy,Preach,Baldski,Cap the Moment,Seattle Slew,Weekend Surprise,Mr. Prospector,Narrate,Fappiano,Gana Facil,Nijinsky,Moon Glitter,Mr. Prospector,File,Danzig,Sweetest Chant,Bold Reasoning,My Charmer,Mr. Leader,Gronas
2022104512,ナダル,タマモボレロ,Blame,Ascending Angel,ハーツクライ,チャームダンス,Arch,Liable,Pulpit,Solar Colony,サンデーサイレンス,アイリッシュダンス,アフリート,ダンシングゴッデス,Kris S.,Aurora,Seeking the Gold,Bound,A.P. Indy,Preach,Pleasant Colony,Meteor Stage,Halo,Wishing Well,トニービン,ビューパーダンス,Mr. Prospector,Polite Lady,Nijinsky,Producer,Roberto,Sharp Queen,Danzig,Althea,Mr. Prospector,Con Game,Nijinsky,Special,Seattle Slew,Weekend Surprise,Mr. Prospector,Narrate,His Majesty,Sun Colony,Stage Door Johnny,Northern Meteor,Hail to Reason,Cosmah,Understanding,Mountain Flower,カンパラ,Severn Bridge,Lyphard,My Bupers,Raise a Native,Gold Digger,Venetian Jester,Friendly Ways,Northern Dancer,Flaming Page,Nashua,Marion
2022105585,ナダル,レニーズゴットジップ,Blame,Ascending Angel,City Zip,No Dress Code,Arch,Liable,Pulpit,Solar Colony,Carson City,Baby Zip,Distorted Humor,Westfold Vale,Kris S.,Aurora,Seeking the Gold,Bound,A.P. Indy,Preach,Pleasant Colony,Meteor Stage,Mr. Prospector,Blushing Promise,Relaunch,Thirty Zip,フォーティナイナー,Danzig's Beauty,Flying Paster,In Hopes,Roberto,Sharp Queen,Danzig,Althea,Mr. Prospector,Con Game,Nijinsky,Special,Seattle Slew,Weekend Surprise,Mr. Prospector,Narrate,His Majesty,Sun Colony,Stage Door Johnny,Northern Meteor,Raise a Native,Gold Digger,Blushing Groom,Summertime Promise,In Reality,Foggy Note,Tri Jet,Sailaway,Mr. Prospector,File,Danzig,Sweetest Chant,Gummo,Procne,Affirmed,Cascapedia
2022105429,レッドファルクス,ナチュラルスタンス,スウェプトオーヴァーボード,ベルモット,フジキセキ,エールスタンス,エンドスウィープ,Sheer Ice,サンデーサイレンス,レガシーオブストレングス,サンデーサイレンス,ミルレーサー,エルコンドルパサー,エリンバード,フォーティナイナー,Broom Dance,Cutlass,Hey Dolly A.,Halo,Wishing Well,Affirmed,Katonka,Halo,Wishing Well,Le Fabuleux,Marston's Mill,Kingmambo,サドラーズギャル,Bluebird,Maid of Erin,Mr. Prospector,File,Dance Spell,Witching Hour,Damascus,Aphonia,Ambehaving,Swift Deal,Hail to Reason,Cosmah,Understanding,Mountain Flower,Exclusive Native,Won't Tell You,Minnesota Mac,Minnetonka,Hail to Reason,Cosmah,Understanding,Mountain Flower,Wild Risk,Anguar,In Reality,Millicent,Mr. Prospector,Miesque,Sadler's Wells,Glenveagh,Storm Bird,Ivory Dawn,Irish River,Dancing Shadow
2022104844,ドゥラメンテ,スウィッチインタイム,キングカメハメハ,アドマイヤグルーヴ,Galileo,Switch,Kingmambo,マンファス,サンデーサイレンス,エアグルーヴ,Sadler's Wells,Urban Sea,Quiet American,Antoniette,Mr. Prospector,Miesque,ラストタイクーン,Pilot Bird,Halo,Wishing Well,トニービン,ダイナカール,Northern Dancer,Fairy Bridge,Miswaki,Allegretta,Fappiano,Demure,Nicholas,Queen of Women,Raise a Native,Gold Digger,Nureyev,Pasadoble,トライマイベスト,Mill Princess,Blakeney,The Dancer,Hail to Reason,Cosmah,Understanding,Mountain Flower,カンパラ,Severn Bridge,ノーザンテースト,シャダイフェザー,Nearctic,Natalma,Bold Reason,Special,Mr. Prospector,Hopespringseternal,Lombard,Anatevka,Mr. Prospector,Killaloe,Dr. Fager,Quiet Charm,Danzig,Lulu Mon Amour,Sharpen Up,Tash
2022104800,ブリックスアンドモルタル,サンブルエミューズ,Giant's Causeway,Beyond the Waves,ダイワメジャー,ヴィートマルシェ,Storm Cat,Mariah's Storm,Ocean Crest,Excedent,サンデーサイレンス,スカーレットブーケ,フレンチデピュティ,キョウエイマーチ,Storm Bird,Terlingua,Rahy,イメンス,Storm Bird,S.S.Aroma,Exceller,Broadway Lullaby,Halo,Wishing Well,ノーザンテースト,スカーレットインク,Deputy Minister,Mitterand,ダンシングブレーヴ,インターシャルマン,Northern Dancer,South Ocean,Secretariat,Crimson Saint,Blushing Groom,Glorious Song,Roberto,Imsodear,Northern Dancer,South Ocean,Seattle Slew,Rare Bouquet,Vaguely Noble,Too Bald,Stage Door Johnny,リットルブレツシング,Hail to Reason,Cosmah,Understanding,Mountain Flower,Northern Dancer,Lady Victoria,Crimson Satan,Consentida,Vice Regent,Mint Copy,Hold Your Peace,Laredo Lass,Lyphard,Navajo Princess,ブレイヴェストローマン,トキノシュリリー
2022100511,アニマルキングダム,チャノカオリ,Leroidesanimaux,ダリシア,ゴールドアリュール,チャツミムスメ,Candy Stripes,Dissemble,Acatenango,Dynamis,サンデーサイレンス,ニキーヤ,サクラバクシンオー,ソウルディーバ,Blushing Groom,バブルカンパニー,Ahonoora,Kerali,Surumu,Aggravate,ダンシングブレーヴ,Diasprina,Halo,Wishing Well,Nureyev,Reluctant Guest,サクラユタカオー,サクラハゴロモ,アドマイヤベガ,メゾンブランシュ,Red God,Runaway Bride,Lyphard,Prodice,Lorenzaccio,Helen Nichols,High Line,Sookera,Literat,Surama,Aggressor,Raven Locks,Lyphard,Navajo Princess,Aspros,Dorle,Hail to Reason,Cosmah,Understanding,Mountain Flower,Northern Dancer,Special,Hostage,Vaguely Royal,テスコボーイ,アンジェリカ,ノーザンテースト,クリアアンバー,サンデーサイレンス,ベガ,Alleged,ブランシユレイン
2021104511,Omaha Beach,ティザチック,War Front,Charming,Tiznow,Never a No Hitter,Danzig,Starry Dreamer,Seeking the Gold,Take Charge Lady,Cee's Tizzy,Cee's Song,Kris S.,Jeano,Northern Dancer,Pas de Nom,Rubiano,Lara's Star,Mr. Prospector,Con Game,デヒア,Felicita,Relaunch,テイズリー,Seattle Song,Lonely Dancer,Roberto,Sharp Queen,Fappiano,バジー,Nearctic,Natalma,Admiral's Voyage,Petitioner,Fappiano,Ruby Slippers,Forli,True Reality,Raise a Native,Gold Digger,Buckpasser,Broadway,Deputy Minister,Sister Dot,Rubiano,Grand Bonheur,In Reality,Foggy Note,Lyphard,Tizna,Seattle Slew,Incantation,ナイスダンサー,Sleep Lonely,Hail to Reason,Bramalea,Princequillo,Bridgework,Mr. Prospector,Killaloe,In Reality,Stolen Base
2022104881,アドマイヤマーズ,ソーメニーウェイズ,ダイワメジャー,ヴィアメディチ,Sightseeing,Happy Scene,サンデーサイレンス,スカーレットブーケ,Medicean,Via Milano,Pulpit,Resort,デヒア,リアリーハッピー,Halo,Wishing Well,ノーザンテースト,スカーレットインク,Machiavellian,Mystic Goddess,シングスピール,Salvinaxia,A.P. Indy,Preach,Pleasant Colony,Extravagant Woman,Deputy Minister,Sister Dot,Avenue of Flags,Dear Laura,Hail to Reason,Cosmah,Understanding,Mountain Flower,Northern Dancer,Lady Victoria,Crimson Satan,Consentida,Mr. Prospector,Coup de Folie,Storm Bird,Rose Goddess,In the Wings,Glorious Song,Linamix,Salve,Seattle Slew,Weekend Surprise,Mr. Prospector,Narrate,His Majesty,Sun Colony,Alydar,Squander,Vice Regent,Mint Copy,Secretariat,Sword Game,Seattle Slew,Beautiful Glass,Youth,Six Months Long
2022106593,アドマイヤマーズ,プリティカポレイ,ダイワメジャー,ヴィアメディチ,クロフネ,タイムフェアレディ,サンデーサイレンス,スカーレットブーケ,Medicean,Via Milano,フレンチデピュティ,ブルーアヴェニュー,メジロマックイーン,トキファイター,Halo,Wishing Well,ノーザンテースト,スカーレットインク,Machiavellian,Mystic Goddess,シングスピール,Salvinaxia,Deputy Minister,Mitterand,Classic Go Go,Eliza Blue,メジロティターン,メジロオーロラ,カツラギエース,ダンシングファイタ,Hail to Reason,Cosmah,Understanding,Mountain Flower,Northern Dancer,Lady Victoria,Crimson Satan,Consentida,Mr. Prospector,Coup de Folie,Storm Bird,Rose Goddess,In the Wings,Glorious Song,Linamix,Salve,Vice Regent,Mint Copy,Hold Your Peace,Laredo Lass,Pago Pago,Classic Perfection,Icecapade,コレラ,メジロアサマ,シエリル,リマンド,メジロアイリス,ボイズィーボーイ,タニノベンチヤ,ダンシングキャップ,キシューファイター
2022105100,ドレフォン,ユキチャン,Gio Ponti,Eltimaas,クロフネ,シラユキヒメ,Tale of the Cat,Chipeta Springs,Ghostzapper,Najecam,フレンチデピュティ,ブルーアヴェニュー,サンデーサイレンス,ウェイブウインド,Storm Cat,Yarn,Alydar,Salt Spring,Awesome Again,Baby Zip,Trempolino,Sue Warner,Deputy Minister,Mitterand,Classic Go Go,Eliza Blue,Halo,Wishing Well,Topsider,Storm and Sunshine,Storm Bird,Terlingua,Mr. Prospector,Narrate,Raise a Native,Sweet Tooth,Salt Marsh,Jungle Mythologic,Deputy Minister,Primal Force,Relaunch,Thirty Zip,Sharpen Up,Trephine,Forli,Bitty Girl,Vice Regent,Mint Copy,Hold Your Peace,Laredo Lass,Pago Pago,Classic Perfection,Icecapade,コレラ,Hail to Reason,Cosmah,Understanding,Mountain Flower,Northern Dancer,Drumtop,Star de Naskra,Sea Drone
2022104908,オルフェーヴル,ティンバレス,ステイゴールド,オリエンタルアート,ウォーエンブレム,ティエッチマンボ,サンデーサイレンス,ゴールデンサッシュ,メジロマックイーン,エレクトロアート,Our Emblem,Sweetest Lady,Kingmambo,ブロートツウマインド,Halo,Wishing Well,ディクタス,ダイナサッシュ,メジロティターン,メジロオーロラ,ノーザンテースト,グランマスティーヴンス,Mr. Prospector,Personal Ensign,Lord at War,Sweetest Roman,Mr. Prospector,Miesque,Ruthie's Native,Eliza Blue,Hail to Reason,Cosmah,Understanding,Mountain Flower,Sanctus,Doronic,ノーザンテースト,ロイヤルサッシュ,メジロアサマ,シエリル,リマンド,メジロアイリス,Northern Dancer,Lady Victoria,Lt. Stevens,Dhow,Raise a Native,Gold Digger,Private Account,Grecian Banner,General,Luna de Miel,The Pruner,I Also,Raise a Native,Gold Digger,Nureyev,Pasadoble,Native Royalty,Right About,Icecapade,コレラ
2019104843,ハービンジャー,ハロックライン,Dansili,Penang Pearl,キングカメハメハ,ミスティックリバー,デインヒル,Hasili,Bering,Guapa,Kingmambo,マンファス,サンデーサイレンス,ホワイトウォーターアフェア,Danzig,Razyana,Kahyasi,Kerali,Arctic Tern,Beaune,Shareef Dancer,Sauceboat,Mr. Prospector,Miesque,ラストタイクーン,Pilot Bird,Halo,Wishing Well,Machiavellian,Much Too Risky,Northern Dancer,Pas de Nom,His Majesty,Spring Adieu,イルドブルボン,Kadissya,High Line,Sookera,Sea-Bird,Bubbling Beauty,Lyphard,Barbra,Northern Dancer,Sweet Alliance,Connaught,Cranberry Sauce,Raise a Native,Gold Digger,Nureyev,Pasadoble,トライマイベスト,Mill Princess,Blakeney,The Dancer,Hail to Reason,Cosmah,Understanding,Mountain Flower,Mr. Prospector,Coup de Folie,Bustino,Short Rations
2023103957,シルバーステート,ラヴザットマスタング,ディープインパクト,シルヴァースカヤ,Candy Ride,Proposed,サンデーサイレンス,ウインドインハーヘア,Silver Hawk,Boubskaia,Ride the Rails,Candy Girl,Benchmark,Quiet Romance,Halo,Wishing Well,Alzao,Burghclere,Roberto,Gris Vitesse,Niniski,Frenetique,Cryptoclearance,Herbalesian,Candy Stripes,City Girl,Alydar,Winters' Love,Bertrando,Brisa de Mar,Hail to Reason,Cosmah,Understanding,Mountain Flower,Lyphard,Lady Rebecca,Busted,Highclere,Hail to Reason,Bramalea,Amerigo,Matchiche,Nijinsky,Virginia Hills,Tyrant,Femina,Fappiano,Naval Orange,Herbager,Alanesian,Blushing Groom,バブルカンパニー,Farnesio,Cithara,Raise a Native,Sweet Tooth,Danzig,Cold Hearted,Skywalker,Gentle Hands,Pirate's Bounty,Viga
2023105404,コントレイル,スルターナ,ディープインパクト,ロードクロサイト,キングヘイロー,ラヴァーズレーン,サンデーサイレンス,ウインドインハーヘア,Unbridled's Song,Folklore,ダンシングブレーヴ,グッバイヘイロー,メジロライアン,モガミヒメ,Halo,Wishing Well,Alzao,Burghclere,Unbridled,Trolley Song,Tiznow,Contrive,Lyphard,Navajo Princess,Halo,Pound Foolish,アンバーシャダイ,メジロチェイサー,カコイーシーズ,モガミポイント,Hail to Reason,Cosmah,Understanding,Mountain Flower,Lyphard,Lady Rebecca,Busted,Highclere,Fappiano,Gana Facil,Caro,Lucky Spell,Cee's Tizzy,Cee's Song,Storm Cat,Jeano,Northern Dancer,Goofed,Drone,Olmec,Hail to Reason,Cosmah,Sir Ivor,Squander,ノーザンテースト,クリアアンバー,メジロサンマン,シエリル,Alydar,Careless Notion,マルゼンスキー,ポイントメーカー
2023105280,キタサンブラック,キラーグレイシス,ブラックタイド,シュガーハート,Congaree,Heatherdoesntbluff,サンデーサイレンス,ウインドインハーヘア,サクラバクシンオー,オトメゴコロ,アラジ,Mari's Sheba,Old Trieste,Michigan Bluff,Halo,Wishing Well,Alzao,Burghclere,サクラユタカオー,サクラハゴロモ,ジャッジアンジェルーチ,テイズリー,Blushing Groom,ダンスールファビュルー,Mari's Book,Sheba Little,A.P. Indy,Lovlier Linda,Skywalker,ミドルフォークラピッヅ,Hail to Reason,Cosmah,Understanding,Mountain Flower,Lyphard,Lady Rebecca,Busted,Highclere,テスコボーイ,アンジェリカ,ノーザンテースト,クリアアンバー,Honest Pleasure,Victorian Queen,Lyphard,Tizna,Red God,Runaway Bride,Northern Dancer,Fabuleux Jane,Northern Dancer,Mari Her,Known Fact,Come Back,Seattle Slew,Weekend Surprise,Vigors,Linda Summers,Relaunch,Bold Captive,Wild Again,Gleaming Water
2023105606,レイデオロ,ディエンティ,キングカメハメハ,ラドラーダ,Storm Cat,Lotta Dancing,Kingmambo,マンファス,シンボリクリスエス,レディブロンド,Storm Bird,Terlingua,Alydar,Lotka,Mr. Prospector,Miesque,ラストタイクーン,Pilot Bird,Kris S.,Tee Kay,Seeking the Gold,ウインドインハーヘア,Northern Dancer,South Ocean,Secretariat,Crimson Saint,Raise a Native,Sweet Tooth,Danzig,Kennelot,Raise a Native,Gold Digger,Nureyev,Pasadoble,トライマイベスト,Mill Princess,Blakeney,The Dancer,Roberto,Sharp Queen,Gold Meridian,Tri Argo,Mr. Prospector,Con Game,Alzao,Burghclere,Nearctic,Natalma,New Providence,Shining Sun,Bold Ruler,Somethingroyal,Crimson Satan,Bolero Rose,Native Dancer,Raise You,On-And-On,Plum Cake,Northern Dancer,Pas de Nom,Gallant Man,Queen Sucree
2023106341,アルバート,アカネサス,アドマイヤドン,フォルクローレ,ロードカナロア,クィーンズバーン,ティンバーカントリー,ベガ,ダンスインザダーク,アンデスレディー,キングカメハメハ,レディブラッサム,スペシャルウィーク,シンコウエンジェル,Woodman,Fall Aspen,トニービン,アンティックヴァリュー,サンデーサイレンス,ダンシングキイ,ノーザンテースト,ペルースポート,Kingmambo,マンファス,Storm Cat,サラトガデュー,サンデーサイレンス,キャンペンガール,オジジアン,A Kiss for Luck,Mr. Prospector,プレイメイト,Pretense,Change Water,カンパラ,Severn Bridge,Northern Dancer,Moonscape,Halo,Wishing Well,Nijinsky,Key Partner,Northern Dancer,Lady Victoria,ガーサント,グレートターフ,Mr. Prospector,Miesque,ラストタイクーン,Pilot Bird,Storm Bird,Terlingua,Cormorant,Super Luna,Halo,Wishing Well,マルゼンスキー,レディーシラオキ,Damascus,Gonfalon,Reflected Glory,Painted Flag
2023106593,ストーミーシー,タプローム,アドマイヤムーン,リーベストラウム,ケイムホーム,サンデーワールド,エンドスウィープ,マイケイティーズ,ゼンノエルシド,マウントモガミ,Gone West,Nice Assay,サンデーサイレンス,シャドーワールド,フォーティナイナー,Broom Dance,サンデーサイレンス,ケイティーズファースト,Caerleon,エンブラ,モガミ,マウントソブリン,Mr. Prospector,Secrettame,Clever Trick,インフルヴユー,Halo,Wishing Well,Nijinsky,Rare Mint,Mr. Prospector,File,Dance Spell,Witching Hour,Halo,Wishing Well,Kris,Katies,Nijinsky,Foreseer,Dominion,Kaftan,Lyphard,ノーラック,ラッキーソブリン,マルイチアサコ,Raise a Native,Gold Digger,Secretariat,Tamerett,Icecapade,Kankakee Miss,Full Out,Turn n'See,Hail to Reason,Cosmah,Understanding,Mountain Flower,Northern Dancer,Flaming Page,Key to the Mint,Another Treat
2023106879,ロードカナロア,インナーレルム,キングカメハメハ,レディブラッサム,Galileo,Offshore Boom,Kingmambo,マンファス,Storm Cat,サラトガデュー,Sadler's Wells,Urban Sea,Be My Guest,Push a Button,Mr. Prospector,Miesque,ラストタイクーン,Pilot Bird,Storm Bird,Terlingua,Cormorant,Super Luna,Northern Dancer,Fairy Bridge,Miswaki,Allegretta,Northern Dancer,What a Treat,Bold Lad,River Lady,Raise a Native,Gold Digger,Nureyev,Pasadoble,トライマイベスト,Mill Princess,Blakeney,The Dancer,Northern Dancer,South Ocean,Secretariat,Crimson Saint,His Majesty,Song Sparrow,In Reality,Alada,Nearctic,Natalma,Bold Reason,Special,Mr. Prospector,Hopespringseternal,Lombard,Anatevka,Nearctic,Natalma,Tudor Minstrel,Rare Treat,Bold Ruler,Barn Pride,Prince John,Nile Lily
2023106456,ウインブライト,ドリームローズ,ステイゴールド,サマーエタニティ,サクラバクシンオー,ビスクドール,サンデーサイレンス,ゴールデンサッシュ,アドマイヤコジーン,オールフォーゲラン,サクラユタカオー,サクラハゴロモ,サンデーサイレンス,フェアリードール,Halo,Wishing Well,ディクタス,ダイナサッシュ,Cozzene,アドマイヤマカディ,ジェイドロバリー,ミスゲラン,テスコボーイ,アンジェリカ,ノーザンテースト,クリアアンバー,Halo,Wishing Well,Nureyev,Dream Deal,Hail to Reason,Cosmah,Understanding,Mountain Flower,Sanctus,Doronic,ノーザンテースト,ロイヤルサッシュ,Caro,Ride the Trails,ノーザンテースト,ミセスマカディー,Mr. Prospector,Number,マルゼンスキー,ゲラン,Princely Gift,Suncourt,ネヴァービート,スターハイネス,Northern Dancer,Lady Victoria,Ambiopoise,One Clear Call,Hail to Reason,Cosmah,Understanding,Mountain Flower,Northern Dancer,Special,Sharpen Up,Likely Exchange
2023105530,エイシンヒカリ,エイシンロード,ディープインパクト,キャタリナ,ジャスタウェイ,ブライトアバンダンス,サンデーサイレンス,ウインドインハーヘア,Storm Cat,Carolina Saga,ハーツクライ,シビル,Quiet American,Quality Gift,Halo,Wishing Well,Alzao,Burghclere,Storm Bird,Terlingua,Caro,Key to the Saga,サンデーサイレンス,アイリッシュダンス,Wild Again,シャロン,Fappiano,Demure,ラストタイクーン,Manntika,Hail to Reason,Cosmah,Understanding,Mountain Flower,Lyphard,Lady Rebecca,Busted,Highclere,Northern Dancer,South Ocean,Secretariat,Crimson Saint,フォルティノ,Chambord,Key to the Mint,Sea Saga,Halo,Wishing Well,トニービン,ビューパーダンス,Icecapade,Bushel-n-Peck,Mo Exception,Double Wiggle,Mr. Prospector,Killaloe,Dr. Fager,Quiet Charm,トライマイベスト,Mill Princess,Kalamoun,Manushka
2023107018,ハービンジャー,サングレアル,Dansili,Penang Pearl,ゼンノロブロイ,ビワハイジ,デインヒル,Hasili,Bering,Guapa,サンデーサイレンス,ローミンレイチェル,Caerleon,アグサン,Danzig,Razyana,Kahyasi,Kerali,Arctic Tern,Beaune,Shareef Dancer,Sauceboat,Halo,Wishing Well,マイニング,One Smart Lady,Nijinsky,Foreseer,Lord Gayle,Santa Luciana,Northern Dancer,Pas de Nom,His Majesty,Spring Adieu,イルドブルボン,Kadissya,High Line,Sookera,Sea-Bird,Bubbling Beauty,Lyphard,Barbra,Northern Dancer,Sweet Alliance,Connaught,Cranberry Sauce,Hail to Reason,Cosmah,Understanding,Mountain Flower,Mr. Prospector,I Pass,Clever Trick,Pia's Lady,Northern Dancer,Flaming Page,Round Table,Regal Gleam,Sir Gaylord,Sticky Case,Luciano,Suleika
2023107134,ワールドプレミア,ドゥシャンパーニュ,ディープインパクト,マンデラ,ロードカナロア,ロゼシャンパーニュ,サンデーサイレンス,ウインドインハーヘア,Acatenango,Mandellicht,キングカメハメハ,レディブラッサム,ゼンノロブロイ,アーティストチョイス,Halo,Wishing Well,Alzao,Burghclere,Surumu,Aggravate,Be My Guest,Mandelauge,Kingmambo,マンファス,Storm Cat,サラトガデュー,サンデーサイレンス,ローミンレイチェル,Giant's Causeway,Astorg,Hail to Reason,Cosmah,Understanding,Mountain Flower,Lyphard,Lady Rebecca,Busted,Highclere,Literat,Surama,Aggressor,Raven Locks,Northern Dancer,What a Treat,Elektrant,Mandriale,Mr. Prospector,Miesque,ラストタイクーン,Pilot Bird,Storm Bird,Terlingua,Cormorant,Super Luna,Halo,Wishing Well,マイニング,One Smart Lady,Storm Cat,Mariah's Storm,Lear Fan,Action Francaise
2023105601,レインボーライン,オウケンサクラブ,ステイゴールド,レーゲンボーゲン,オウケンブルースリ,オウケンサクラ,サンデーサイレンス,ゴールデンサッシュ,フレンチデピュティ,レインボーファスト,ジャングルポケット,シルバージョイ,バゴ,ランフォザドリーム,Halo,Wishing Well,ディクタス,ダイナサッシュ,Deputy Minister,Mitterand,レインボーアンバー,レインボーローズ,トニービン,ダンスチャーマー,Silver Deputy,Joy of Myrtlewood,Nashwan,Moonlight's Box,リアルシャダイ,ミルフォードスルー,Hail to Reason,Cosmah,Understanding,Mountain Flower,Sanctus,Doronic,ノーザンテースト,ロイヤルサッシュ,Vice Regent,Mint Copy,Hold Your Peace,Laredo Lass,アンバーシャダイ,イーデンブルース,ファーストファミリー,プティットアミ,カンパラ,Severn Bridge,Nureyev,Skillful Joy,Deputy Minister,Silver Valley,Northern Jove,Myrtlewood Lass,Blushing Groom,Height of Fashion,Nureyev,Coup de Genie,Roberto,Desert Vixen,スルーザドラゴン,スピードキヨフジ
2023105361,キタサンブラック,オーロリンチェ,ブラックタイド,シュガーハート,ディスクリートキャット,It'schemistrybaby,サンデーサイレンス,ウインドインハーヘア,サクラバクシンオー,オトメゴコロ,Forestry,Pretty Discreet,Meadowlake,Not So Pleasant,Halo,Wishing Well,Alzao,Burghclere,サクラユタカオー,サクラハゴロモ,ジャッジアンジェルーチ,テイズリー,Storm Cat,Shared Interest,Private Account,Pretty Persuasive,Hold Your Peace,Suspicious Native,Pleasant Tap,Go for Bold,Hail to Reason,Cosmah,Understanding,Mountain Flower,Lyphard,Lady Rebecca,Busted,Highclere,テスコボーイ,アンジェリカ,ノーザンテースト,クリアアンバー,Honest Pleasure,Victorian Queen,Lyphard,Tizna,Storm Bird,Terlingua,Pleasant Colony,Surgery,Damascus,Numbered Account,Believe It,Bury the Hatchet,Speak John,Blue Moon,Raise a Native,Be Suspicious,Pleasant Colony,Never Knock,Bold Forbes,Perfect Pigeon
2023104544,ベンバトル,シュネッラー,Dubawi,Nahrain,オルフェーヴル,ロイヤルインパクト,Dubai Millennium,Zomaradah,Selkirk,Bahr,ステイゴールド,オリエンタルアート,ディープインパクト,シーキングロイヤル,Seeking the Gold,Colorado Dancer,Deploy,Jawaher,Sharpen Up,Annie Edge,ジェネラス,Lady of the Sea,サンデーサイレンス,ゴールデンサッシュ,メジロマックイーン,エレクトロアート,サンデーサイレンス,ウインドインハーヘア,Seeking the Gold,Canoodling,Mr. Prospector,Con Game,Shareef Dancer,Fall Aspen,Shirley Heights,Slightly Dangerous,ダンシングブレーヴ,High Tern,エタン,Rocchetta,Nebbiolo,Friendly Court,Caerleon,Doff the Derby,Mill Reef,La Mer,Halo,Wishing Well,ディクタス,ダイナサッシュ,メジロティターン,メジロオーロラ,ノーザンテースト,グランマスティーヴンス,Halo,Wishing Well,Alzao,Burghclere,Mr. Prospector,Con Game,Cyane,Instant Sin
2023104266,ビーチパトロール,サツキワルツ,Lemon Drop Kid,Bashful Bertie,アーネストリー,パンテール,Kingmambo,Charming Lassie,Quiet American,Clever Bertie,グラスワンダー,レットルダムール,ダンスインザダーク,ワンモアリウン,Mr. Prospector,Miesque,Seattle Slew,Lassie Dear,Fappiano,Demure,Timeless Native,Clever But Costly,Silver Hawk,Ameriflora,トニービン,ダイナチャイナ,サンデーサイレンス,ダンシングキイ,ヘクタープロテクター,ワンモアラブウエイ,Raise a Native,Gold Digger,Nureyev,Pasadoble,Bold Reasoning,My Charmer,Buckpasser,Gay Missile,Mr. Prospector,Killaloe,Dr. Fager,Quiet Charm,Timeless Moment,Head Off,Clever Trick,Swoonlow,Roberto,Gris Vitesse,Danzig,Graceful Touch,カンパラ,Severn Bridge,ノーザンテースト,アスコツトラップ,Halo,Wishing Well,Nijinsky,Key Partner,Woodman,Korveya,ダイナコスモス,ゼンギゴースト
2023101870,イスラボニータ,ポジショントーク,フジキセキ,イスラコジーン,シンボリクリスエス,シングライクトーク,サンデーサイレンス,ミルレーサー,Cozzene,Isla Mujeres,Kris S.,Tee Kay,ノーザンテースト,フリートーク,Halo,Wishing Well,Le Fabuleux,Marston's Mill,Caro,Ride the Trails,Crafty Prospector,Lido Isle,Roberto,Sharp Queen,Gold Meridian,Tri Argo,Northern Dancer,Lady Victoria,リアルシャダイ,ダイナフリート,Hail to Reason,Cosmah,Understanding,Mountain Flower,Wild Risk,Anguar,In Reality,Millicent,フォルティノ,Chambord,Prince John,Wildwook,Mr. Prospector,Real Crafty Lady,Far North,She Is Gorgeous,Hail to Reason,Bramalea,Princequillo,Bridgework,Seattle Slew,Queen Louie,Tri Jet,Hail Proudly,Nearctic,Natalma,Victoria Park,Lady Angela,Roberto,Desert Vixen,エルセンタウロ,ロイヤルレジナ
2023103820,ポエティックフレア,リバースシンキング,Dawn Approach,Maria Lee,ディープブリランテ,スタンドオンエンド,New Approach,Hymn of the Dawn,ロックオブジブラルタル,Elida,ディープインパクト,ラヴアンドバブルズ,エンドスウィープ,Delaware Country,Galileo,Park Express,Phone Trick,Colonial Debut,デインヒル,Offshore Boom,ロイヤルアカデミー,Saviour,サンデーサイレンス,ウインドインハーヘア,Loup Sauvage,バブルドリーム,フォーティナイナー,Broom Dance,Pancho Villa,Missile Belle,Sadler's Wells,Urban Sea,Ahonoora,Matcher,Clever Trick,Over the Phone,Pleasant Colony,Kittihawk Miss,Danzig,Razyana,Be My Guest,Push a Button,Nijinsky,Crimson Saint,Majestic Light,Victorian Queen,Halo,Wishing Well,Alzao,Burghclere,Riverman,Louveterie,Akarad,バブルプロスペクター,Mr. Prospector,File,Dance Spell,Witching Hour,Secretariat,Crimson Saint,Missile,River Princess
2023102439,シルバーステート,ロンス,ディープインパクト,シルヴァースカヤ,スウェプトオーヴァーボード,アイコチャン,サンデーサイレンス,ウインドインハーヘア,Silver Hawk,Boubskaia,エンドスウィープ,Sheer Ice,ピルサドスキー,マサコチャン,Halo,Wishing Well,Alzao,Burghclere,Roberto,Gris Vitesse,Niniski,Frenetique,フォーティナイナー,Broom Dance,Cutlass,Hey Dolly A.,Polish Precedent,Cocotte,サンデーサイレンス,チヨダマサコ,Hail to Reason,Cosmah,Understanding,Mountain Flower,Lyphard,Lady Rebecca,Busted,Highclere,Hail to Reason,Bramalea,Amerigo,Matchiche,Nijinsky,Virginia Hills,Tyrant,Femina,Mr. Prospector,File,Dance Spell,Witching Hour,Damascus,Aphonia,Ambehaving,Swift Deal,Danzig,Past Example,Troy,Gay Milly,Halo,Wishing Well,ラバージョン,ミスオーハヤブサ
2023102633,ヘンリーバローズ,チアズスワロー,ディープインパクト,シルヴァースカヤ,フレンチデピュティ,チアズダンサー,サンデーサイレンス,ウインドインハーヘア,Silver Hawk,Boubskaia,Deputy Minister,Mitterand,アンバーシャダイ,シャトーフォモサ,Halo,Wishing Well,Alzao,Burghclere,Roberto,Gris Vitesse,Niniski,Frenetique,Vice Regent,Mint Copy,Hold Your Peace,Laredo Lass,ノーザンテースト,クリアアンバー,シャトーゲイ,ネロリ,Hail to Reason,Cosmah,Understanding,Mountain Flower,Lyphard,Lady Rebecca,Busted,Highclere,Hail to Reason,Bramalea,Amerigo,Matchiche,Nijinsky,Virginia Hills,Tyrant,Femina,Northern Dancer,Victoria Regina,Bunty's Flight,Shakney,Speak John,Blue Moon,Bold Ruler,Fortunate Isle,Northern Dancer,Lady Victoria,Ambiopoise,One Clear Call,Swaps,Banquet Bell,Dan Cupid,Aurada
2023107319,アドマイヤマーズ,リリレフア,ダイワメジャー,ヴィアメディチ,ロードカナロア,リリサイド,サンデーサイレンス,スカーレットブーケ,Medicean,Via Milano,キングカメハメハ,レディブラッサム,American Post,Miller's Lily,Halo,Wishing Well,ノーザンテースト,スカーレットインク,Machiavellian,Mystic Goddess,Singspiel,Salvinaxia,Kingmambo,マンファス,Storm Cat,サラトガデュー,Bering,Wells Fargo,ミラーズメイト,Lymara,Hail to Reason,Cosmah,Understanding,Mountain Flower,Northern Dancer,Lady Victoria,Crimson Satan,Consentida,Mr. Prospector,Coup de Folie,Storm Bird,Rose Goddess,In the Wings,Glorious Song,Linamix,Salve,Mr. Prospector,Miesque,ラストタイクーン,Pilot Bird,Storm Bird,Terlingua,Cormorant,Super Luna,Arctic Tern,Beaune,Sadler's Wells,Cruising Height,Mill Reef,Primatie,Lyphard,Maradadi
2023103437,コントレイル,ジュマイエル,ディープインパクト,ロードクロサイト,Lope de Vega,Nawal,サンデーサイレンス,ウインドインハーヘア,Unbridled's Song,Folklore,Shamardal,Lady Vettori,Homme de Loi,Lute String,Halo,Wishing Well,Alzao,Burghclere,Unbridled,Trolley Song,Tiznow,Contrive,Giant's Causeway,Helsinki,Vettori,Lady Golconda,Law Society,Our Village,ノーリュート,Tarlace,Hail to Reason,Cosmah,Understanding,Mountain Flower,Lyphard,Lady Rebecca,Busted,Highclere,Fappiano,Gana Facil,Caro,Lucky Spell,Cee's Tizzy,Cee's Song,Storm Cat,Jeano,Storm Cat,Mariah's Storm,Machiavellian,Helen Street,Machiavellian,Air Distingue,Kendor,Lady Sharp,Alleged,Bold Bikini,Ballymore,Epona,Luthier,Prudent Miss,ターゴワイス,Alace
2023106589,ウインブライト,カレン,ステイゴールド,サマーエタニティ,ディープブリランテ,ヴェルナッツァ,サンデーサイレンス,ゴールデンサッシュ,アドマイヤコジーン,オールフォーゲラン,ディープインパクト,ラヴアンドバブルズ,Unbridled's Song,Fall Fashion,Halo,Wishing Well,ディクタス,ダイナサッシュ,Cozzene,アドマイヤマカディ,ジェイドロバリー,ミスゲラン,サンデーサイレンス,ウインドインハーヘア,Loup Sauvage,バブルドリーム,Unbridled,Trolley Song,Forestry,Digit,Hail to Reason,Cosmah,Understanding,Mountain Flower,Sanctus,Doronic,ノーザンテースト,ロイヤルサッシュ,Caro,Ride the Trails,ノーザンテースト,ミセスマカディー,Mr. Prospector,Number,マルゼンスキー,ゲラン,Halo,Wishing Well,Alzao,Burghclere,Riverman,Louveterie,Akarad,バブルプロスペクター,Fappiano,Gana Facil,Caro,Lucky Spell,Storm Cat,Shared Interest,フォーティナイナー,Number
2023103178,サートゥルナーリア,レーヌミノル,ロードカナロア,シーザリオ,ダイワメジャー,ダイワエンジェル,キングカメハメハ,レディブラッサム,スペシャルウィーク,キロフプリミエール,サンデーサイレンス,スカーレットブーケ,タイキシャトル,プリンセススキー,Kingmambo,マンファス,Storm Cat,サラトガデュー,サンデーサイレンス,キャンペンガール,Sadler's Wells,Querida,Halo,Wishing Well,ノーザンテースト,スカーレットインク,Devil's Bag,ウェルシュマフィン,ロイヤルスキー,ギフトプリンセス,Mr. Prospector,Miesque,ラストタイクーン,Pilot Bird,Storm Bird,Terlingua,Cormorant,Super Luna,Halo,Wishing Well,マルゼンスキー,レディーシラオキ,Northern Dancer,Fairy Bridge,Habitat,Principia,Hail to Reason,Cosmah,Understanding,Mountain Flower,Northern Dancer,Lady Victoria,Crimson Satan,Consentida,Halo,Ballade,Caerleon,Muffitys,Raja Baba,Coz o'Nijinsky,テスコボーイ,ヤマトタチバナ
2023103694,サングレーザー,スキャットレディビーダンシング,ディープインパクト,マンティスハント,Scat Daddy,La Violette,サンデーサイレンス,ウインドインハーヘア,Deputy Minister,ウィッチフルシンキング,ヨハネスブルグ,Love Style,コロナドズクエスト,Comical Cat,Halo,Wishing Well,Alzao,Burghclere,Vice Regent,Mint Copy,Lord Avie,Halloween Joy,ヘネシー,Myth,Mr. Prospector,Likeable Style,フォーティナイナー,Laughing Look,Exceller,Six Months Long,Hail to Reason,Cosmah,Understanding,Mountain Flower,Lyphard,Lady Rebecca,Busted,Highclere,Northern Dancer,Victoria Regina,Bunty's Flight,Shakney,Lord Gaylord,Avie,Exuberant,Halloween,Storm Cat,Island Kitty,オジジアン,Yarn,Raise a Native,Gold Digger,Nijinsky,Personable Lady,Mr. Prospector,File,Damascus,Laughter,Vaguely Noble,Too Bald,Northern Dancer,Prime Time
2023104401,コントレイル,ドリームジョブ,ディープインパクト,ロードクロサイト,Dubawi,Coretta,サンデーサイレンス,ウインドインハーヘア,Unbridled's Song,Folklore,Dubai Millennium,Zomaradah,Caerleon,Free At Last,Halo,Wishing Well,Alzao,Burghclere,Unbridled,Trolley Song,Tiznow,Contrive,Seeking the Gold,Colorado Dancer,Deploy,Jawaher,Nijinsky,Foreseer,Shirley Heights,Brocade,Hail to Reason,Cosmah,Understanding,Mountain Flower,Lyphard,Lady Rebecca,Busted,Highclere,Fappiano,Gana Facil,Caro,Lucky Spell,Cee's Tizzy,Cee's Song,Storm Cat,Jeano,Mr. Prospector,Con Game,Shareef Dancer,Fall Aspen,Shirley Heights,Slightly Dangerous,ダンシングブレーヴ,High Tern,Northern Dancer,Flaming Page,Round Table,Regal Gleam,Mill Reef,Hardiemma,Habitat,Canton Silk
2023107333,エピファネイア,レッドアヴァンセ,シンボリクリスエス,シーザリオ,ディープインパクト,エリモピクシー,Kris S.,Tee Kay,スペシャルウィーク,キロフプリミエール,サンデーサイレンス,ウインドインハーヘア,ダンシングブレーヴ,エリモシューテング,Roberto,Sharp Queen,Gold Meridian,Tri Argo,サンデーサイレンス,キャンペンガール,Sadler's Wells,Querida,Halo,Wishing Well,Alzao,Burghclere,Lyphard,Navajo Princess,テスコボーイ,デプグリーフ,Hail to Reason,Bramalea,Princequillo,Bridgework,Seattle Slew,Queen Louie,Tri Jet,Hail Proudly,Halo,Wishing Well,マルゼンスキー,レディーシラオキ,Northern Dancer,Fairy Bridge,Habitat,Principia,Hail to Reason,Cosmah,Understanding,Mountain Flower,Lyphard,Lady Rebecca,Busted,Highclere,Northern Dancer,Goofed,Drone,Olmec,Princely Gift,Suncourt,Vaguely Noble,デプス
2023106913,スワーヴリチャード,エクセランフィーユ,ハーツクライ,ピラミマ,Frankel,エクセレンス,サンデーサイレンス,アイリッシュダンス,Unbridled's Song,キャリアコレクション,Galileo,Kind,Champs Elysees,Xanadu Bliss,Halo,Wishing Well,トニービン,ビューパーダンス,Unbridled,Trolley Song,General Meeting,River of Stars,Sadler's Wells,Urban Sea,デインヒル,Rainbow Lake,デインヒル,Hasili,ザール,Marital Bliss,Hail to Reason,Cosmah,Understanding,Mountain Flower,カンパラ,Severn Bridge,Lyphard,My Bupers,Fappiano,Gana Facil,Caro,Lucky Spell,Seattle Slew,Alydar's Promise,Riverman,Star Fortune,Northern Dancer,Fairy Bridge,Miswaki,Allegretta,Danzig,Razyana,Rainbow Quest,Rockfest,Danzig,Razyana,Kahyasi,Kerali,Zafonic,Monroe,Double Bed,Gai Lizza
2023104606,ダノンバラード,エアビオンディ,ディープインパクト,レディバラード,ロードカナロア,エアマスカット,サンデーサイレンス,ウインドインハーヘア,Unbridled,Angelic Song,キングカメハメハ,レディブラッサム,ジャングルポケット,エアメサイア,Halo,Wishing Well,Alzao,Burghclere,Fappiano,Gana Facil,Halo,Ballade,Kingmambo,マンファス,Storm Cat,サラトガデュー,トニービン,ダンスチャーマー,サンデーサイレンス,エアデジャヴー,Hail to Reason,Cosmah,Understanding,Mountain Flower,Lyphard,Lady Rebecca,Busted,Highclere,Mr. Prospector,Killaloe,Le Fabuleux,Charedi,Hail to Reason,Cosmah,Herbager,Miss Swapsco,Mr. Prospector,Miesque,ラストタイクーン,Pilot Bird,Storm Bird,Terlingua,Cormorant,Super Luna,カンパラ,Severn Bridge,Nureyev,Skillful Joy,Halo,Wishing Well,ノーザンテースト,アイドリームドアドリーム
2023106482,ベンバトル,モエレカトリーナ,Dubawi,Nahrain,ゴールドヘイロー,シーワン,Dubai Millennium,Zomaradah,Selkirk,Bahr,サンデーサイレンス,ニアーザゴールド,タイトスポット,カリビアンブルー,Seeking the Gold,Colorado Dancer,Deploy,Jawaher,Sharpen Up,Annie Edge,ジェネラス,Lady of the Sea,Halo,Wishing Well,Seeking the Gold,ニヤー,His Majesty,Premium Win,Lord at War,Lady Lady,Mr. Prospector,Con Game,Shareef Dancer,Fall Aspen,Shirley Heights,Slightly Dangerous,ダンシングブレーヴ,High Tern,エタン,Rocchetta,Nebbiolo,Friendly Court,Caerleon,Doff the Derby,Mill Reef,La Mer,Hail to Reason,Cosmah,Understanding,Mountain Flower,Mr. Prospector,Con Game,Northern Dancer,Far,Ribot,Flower Bowl,Lyphard,Classic Perfection,General,Luna de Miel,Little Current,Lady Winborne
2023104018,ダノンスマッシュ,ロードライト,ロードカナロア,スピニングワイルドキャット,ヴィクトワールピサ,パパラチア,キングカメハメハ,レディブラッサム,Hard Spun,Hollywood Wildcat,ネオユニヴァース,ホワイトウォーターアフェア,グラスワンダー,ラッキーソング,Kingmambo,マンファス,Storm Cat,サラトガデュー,Danzig,Turkish Tryst,Kris S.,Miss Wildcatter,サンデーサイレンス,ポインテッドパス,Machiavellian,Much Too Risky,Silver Hawk,Ameriflora,Seattle Song,Lucky Us,Mr. Prospector,Miesque,ラストタイクーン,Pilot Bird,Storm Bird,Terlingua,Cormorant,Super Luna,Northern Dancer,Pas de Nom,Turkoman,Darbyvail,Roberto,Sharp Queen,Mr. Prospector,Elizabeth K.,Halo,Wishing Well,Kris,Silken Way,Mr. Prospector,Coup de Folie,Bustino,Short Rations,Roberto,Gris Vitesse,Danzig,Graceful Touch,Seattle Slew,Incantation,Nijinsky,La Sevillana
2023104128,ヘンリーバローズ,スマイルリリー,ディープインパクト,シルヴァースカヤ,スターリングローズ,コウエイベラドンナ,サンデーサイレンス,ウインドインハーヘア,Silver Hawk,Boubskaia,アフリート,コマーズ,メジロライアン,スエヒロジョウオー,Halo,Wishing Well,Alzao,Burghclere,Roberto,Gris Vitesse,Niniski,Frenetique,Mr. Prospector,Polite Lady,Danzig,ミドルマーチ,アンバーシャダイ,メジロチェイサー,トウショウペガサス,イセスズカ,Hail to Reason,Cosmah,Understanding,Mountain Flower,Lyphard,Lady Rebecca,Busted,Highclere,Hail to Reason,Bramalea,Amerigo,Matchiche,Nijinsky,Virginia Hills,Tyrant,Femina,Raise a Native,Gold Digger,Venetian Jester,Friendly Ways,Northern Dancer,Pas de Nom,Buckpasser,Nice Princess,ノーザンテースト,クリアアンバー,メジロサンマン,シエリル,ダンディルート,ソシアルトウショウ,マルゼンスキー,サリュウエイシヨン
2023100737,サトノクラウン,ソートアフター,Marju,ジョコンダ,ディープインパクト,ジャズプリンセス,ラストタイクーン,Flame of Tara,Rossini,La Joconde,サンデーサイレンス,ウインドインハーヘア,Bahhare,Jazz Up,トライマイベスト,Mill Princess,アーテイアス,Welsh Flame,Miswaki,Touch of Greatness,Vettori,Lust,Halo,Wishing Well,Alzao,Burghclere,Woodman,Wasnah,Cadeaux Genereux,Slow Jazz,Northern Dancer,Sex Appeal,Mill Reef,Irish Lass,Round Table,Stylish Pattern,Welsh Pageant,Electric Flash,Mr. Prospector,Hopespringseternal,Hero's Honor,Ivory Wand,Machiavellian,Air Distingue,Pursuit of Love,Pato,Hail to Reason,Cosmah,Understanding,Mountain Flower,Lyphard,Lady Rebecca,Busted,Highclere,Mr. Prospector,プレイメイト,Nijinsky,Highest Trump,Young Generation,Smarten Up,Chief's Crown,Blue Note
2023105092,マインドユアビスケッツ,ジョリーアップ,Posse,Jazzmane,バトルプラン,オオシマジョリー,Silver Deputy,Raska,Toccet,Alljazz,エンパイアメーカー,Flanders,アフリート,アザール,Deputy Minister,Silver Valley,Rahy,Borishka,Awesome Again,Cozzene's Angel,Stop the Music,Bounteous,Unbridled,Toussaud,Seeking the Gold,Starlet Storm,Mr. Prospector,Polite Lady,Nijinsky,Smart Heiress,Vice Regent,Mint Copy,Mr. Prospector,Seven Valleys,Blushing Groom,Glorious Song,Roberto,Queen Maud,Deputy Minister,Primal Force,Cozzene,Charming Pan,Hail to Reason,Bebopper,Master Derby,Mlle. Quille,Fappiano,Gana Facil,El Gran Senor,Image of Reality,Mr. Prospector,Con Game,Storm Bird,Cinegita,Raise a Native,Gold Digger,Venetian Jester,Friendly Ways,Northern Dancer,Flaming Page,Vaguely Noble,Smartaire
2023110094,Bolt d'Oro,Thundering Sky,Medaglia d'Oro,Globe Trot,Sky Mesa,Uninhibited Song,El Prado,Cappucino Bay,A.P. Indy,Trip,Pulpit,Caress,Unbridled's Song,Special Mistress,Sadler's Wells,Lady Capulet,Bailjumper,Dubbed In,Seattle Slew,Weekend Surprise,Lord at War,Tour,A.P. Indy,Preach,Storm Cat,La Affirmed,Unbridled,Trolley Song,Deputy Minister,Special Mah,Northern Dancer,Fairy Bridge,Sir Ivor,Cap and Bells,Damascus,Court Circuit,Silent Screen,Society Singer,Bold Reasoning,My Charmer,Secretariat,Lassie Dear,General,Luna de Miel,フォーティナイナー,Fun Flight,Seattle Slew,Weekend Surprise,Mr. Prospector,Narrate,Storm Bird,Terlingua,Affirmed,La Mesa,Fappiano,Gana Facil,Caro,Lucky Spell,Vice Regent,Mint Copy,Talc,Southern Special
2023103717,ドレフォン,ベラポーサ,Gio Ponti,Eltimaas,Tapit,Livin Lovin,Tale of the Cat,Chipeta Springs,Ghostzapper,Najecam,Pulpit,Tap Your Heels,Birdstone,Nurse Margaret,Storm Cat,Yarn,Alydar,Salt Spring,Awesome Again,Baby Zip,Trempolino,Sue Warner,A.P. Indy,Preach,Unbridled,Ruby Slippers,Grindstone,Dear Birdie,Captain Bodgit,McLean,Storm Bird,Terlingua,Mr. Prospector,Narrate,Raise a Native,Sweet Tooth,Salt Marsh,Jungle Mythologic,Deputy Minister,Primal Force,Relaunch,Thirty Zip,Sharpen Up,Trephine,Forli,Bitty Girl,Seattle Slew,Weekend Surprise,Mr. Prospector,Narrate,Fappiano,Gana Facil,Nijinsky,Moon Glitter,Unbridled,Buzz My Bell,Storm Bird,Hush Dear,Saint Ballado,Answering Echo,Hostage,Opposite Number
2023105748,モーニン,ライゼリート,ヘニーヒューズ,Giggly,ゼンノロブロイ,トラヴェルチーム,ヘネシー,Meadow Flyer,Distorted Humor,Chaste,サンデーサイレンス,ローミンレイチェル,Danzig,レディアップステージ,Storm Cat,Island Kitty,Meadowlake,Shortley,フォーティナイナー,Danzig's Beauty,Cozzene,Purity,Halo,Wishing Well,マイニング,One Smart Lady,Northern Dancer,Pas de Nom,Alzao,She's the Tops,Storm Bird,Terlingua,Hawaii,T. C. Kitten,Hold Your Peace,Suspicious Native,Hagley,Short Winded,Mr. Prospector,File,Danzig,Sweetest Chant,Caro,Ride the Trails,Fappiano,Dame Mysterieuse,Hail to Reason,Cosmah,Understanding,Mountain Flower,Mr. Prospector,I Pass,Clever Trick,Pia's Lady,Nearctic,Natalma,Admiral's Voyage,Petitioner,Lyphard,Lady Rebecca,Shernazar,Troytops
2023103751,ナダル,アリア,Blame,Ascending Angel,ダイワメジャー,ラプターセイハート,Arch,Liable,Pulpit,Solar Colony,サンデーサイレンス,スカーレットブーケ,トワイニング,リリウム,Kris S.,Aurora,Seeking the Gold,Bound,A.P. Indy,Preach,Pleasant Colony,Meteor Stage,Halo,Wishing Well,ノーザンテースト,スカーレットインク,フォーティナイナー,Courtly Dee,クロフネ,ベゴニア,Roberto,Sharp Queen,Danzig,Althea,Mr. Prospector,Con Game,Nijinsky,Special,Seattle Slew,Weekend Surprise,Mr. Prospector,Narrate,His Majesty,Sun Colony,Stage Door Johnny,Northern Meteor,Hail to Reason,Cosmah,Understanding,Mountain Flower,Northern Dancer,Lady Victoria,Crimson Satan,Consentida,Mr. Prospector,File,Never Bend,Tulle,フレンチデピュティ,ブルーアヴェニュー,Plugged Nickle,Dahlia
2023105545,タワーオブロンドン,ナイトオブスターズ,Raven's Pass,スノーパイン,Sea The Stars Sea the Stars,ラブアダブダブ,Elusive Quality,Ascutney,Dalakhani,シンコウエルメス,Cape Cross,Urban Sea,ファルブラヴ,Obsessive,Gone West,Touch of Greatness,Lord at War,Right Word,Darshaan,Daltawa,Sadler's Wells,Doff the Derby,Green Desert,Park Appeal,Miswaki,Allegretta,Fairy King,Gift of the Night,Seeking the Gold,Secret Obsession,Mr. Prospector,Secrettame,Hero's Honor,Ivory Wand,General,Luna de Miel,Verbatim,Oratorio,Shirley Heights,Delsy,Miswaki,Damana,Northern Dancer,Fairy Bridge,Master Derby,Margarethen,Danzig,Foreign Courier,Ahonoora,Balidaress,Mr. Prospector,Hopespringseternal,Lombard,Anatevka,Northern Dancer,Fairy Bridge,Slewpy,Little Nana,Mr. Prospector,Con Game,Secretariat,アンスチュアート
2023106312,ミスチヴィアスアレックス,ジェイエルシップ,Into Mischief,White Pants Night,ハービンジャー,ホウライサンデー,Harlan's Holiday,Leslie's Lady,Speightstown,More d'Amour,Dansili,Penang Pearl,サンデーサイレンス,ホウライコメット,Harlan,Christmas in Aiken,Tricky Creek,Crystal Lady,Gone West,Silken Cat,Tour d'Or,Love Connection,デインヒル,Hasili,Bering,Guapa,Halo,Wishing Well,Woodman,Catopetl,Storm Cat,Country Romance,Affirmed,Dowager,Clever Trick,Battle Creek Girl,Stop the Music,One Last Bird,Mr. Prospector,Secrettame,Storm Cat,Silken Doll,Medaille d'Or,Debby's Turn,Master Derby,Perfect Connection,Danzig,Razyana,Kahyasi,Kerali,Arctic Tern,Beaune,Shareef Dancer,Sauceboat,Hail to Reason,Cosmah,Understanding,Mountain Flower,Mr. Prospector,プレイメイト,Northern Dancer,Betty's Secret
2023103274,サンダースノー,ラルティスタ,Helmet,Eastern Joy,マイネルラヴ,セクシーココナッツ,Exceed And Excel,Accessories,Dubai Destination,Red Slippers,Seeking the Gold,Heart of Joy,ダンスインザダーク,ココパシオン,デインヒル,Patrona,Singspiel,Anna Matrushka,Kingmambo,Mysterial,Nureyev,Morning Devotion,Mr. Prospector,Con Game,リィフォー,Mythographer,サンデーサイレンス,ダンシングキイ,グルームダンサー,ゲートドクール,Danzig,Razyana,Lomond,Gladiolus,In the Wings,Glorious Song,Mill Reef,Anna Paola,Mr. Prospector,Miesque,Alleged,Mysteries,Northern Dancer,Special,Affirmed,Morning Has Broken,Raise a Native,Gold Digger,Buckpasser,Broadway,Lyphard,Klaizia,Secretariat,Arachne,Halo,Wishing Well,Nijinsky,Key Partner,Blushing Groom,Featherhill,Lomond,Gay Apparel
2023102007,モズアスコット,ラッキーペニー,Frankel,India,ダイワメジャー,クイックセイコー,Galileo,Kind,ヘネシー,Misty Hour,サンデーサイレンス,スカーレットブーケ,エルコンドルパサー,スコールイ,Sadler's Wells,Urban Sea,デインヒル,Rainbow Lake,Storm Cat,Island Kitty,Miswaki,Our Tina Marie,Halo,Wishing Well,ノーザンテースト,スカーレットインク,Kingmambo,サドラーズギャル,Seeking the Gold,Premier Playmate,Northern Dancer,Fairy Bridge,Miswaki,Allegretta,Danzig,Razyana,Rainbow Quest,Rockfest,Storm Bird,Terlingua,Hawaii,T. C. Kitten,Mr. Prospector,Hopespringseternal,Nijinsky,Java Moon,Hail to Reason,Cosmah,Understanding,Mountain Flower,Northern Dancer,Lady Victoria,Crimson Satan,Consentida,Mr. Prospector,Miesque,Sadler's Wells,Glenveagh,Mr. Prospector,Con Game,Pass Catcher,Bedtime Toy
2023101397,モーニン,スパイスシャワー,ヘニーヒューズ,Giggly,フジキセキ,スパイシークラウン,ヘネシー,Meadow Flyer,Distorted Humor,Chaste,サンデーサイレンス,ミルレーサー,タバスコキャット,ウエストバイノースウエスト,Storm Cat,Island Kitty,Meadowlake,Shortley,フォーティナイナー,Danzig's Beauty,Cozzene,Purity,Halo,Wishing Well,Le Fabuleux,Marston's Mill,Storm Cat,Barbicue Sauce,Gone West,Star in the North,Storm Bird,Terlingua,Hawaii,T. C. Kitten,Hold Your Peace,Suspicious Native,Hagley,Short Winded,Mr. Prospector,File,Danzig,Sweetest Chant,Caro,Ride the Trails,Fappiano,Dame Mysterieuse,Hail to Reason,Cosmah,Understanding,Mountain Flower,Wild Risk,Anguar,In Reality,Millicent,Storm Bird,Terlingua,Sauce Boat,Lady Barbizon,Mr. Prospector,Secrettame,Northern Dancer,Lighted Lamp
2023104309,シャンハイボビー,チュロ,Harlan's Holiday,Steelin',キングヘイロー,オールマイティ,Harlan,Christmas in Aiken,Orientate,Steel Band,ダンシングブレーヴ,グッバイヘイロー,フジキセキ,ファイトガリバー,Storm Cat,Country Romance,Affirmed,Dowager,Mt. Livermore,Dream Team,Carson City,ウェディングバンド,Lyphard,Navajo Princess,Halo,Pound Foolish,サンデーサイレンス,ミルレーサー,ダイナガリバー,ビューティマリヤ,Storm Bird,Terlingua,Halo,Sweet Romance,Exclusive Native,Won't Tell You,Honest Pleasure,Princessnesian,Blushing Groom,Flama Ardiente,Cox's Ridge,Likely Double,Mr. Prospector,Blushing Promise,Mighty Appealing,Ring of Steel,Northern Dancer,Goofed,Drone,Olmec,Hail to Reason,Cosmah,Sir Ivor,Squander,Halo,Wishing Well,Le Fabuleux,Marston's Mill,ノーザンテースト,ユアースポート,トライバルチーフ,チュウオーマリヤ
2023105784,ダノンプレミアム,アイポステリー,ディープインパクト,インディアナギャル,ロードカナロア,スピニングワイルドキャット,サンデーサイレンス,ウインドインハーヘア,Intikhab,Genial Jenny,キングカメハメハ,レディブラッサム,Hard Spun,Hollywood Wildcat,Halo,Wishing Well,Alzao,Burghclere,Red Ransom,Crafty Example,デインヒル,Joma Kaanem,Kingmambo,マンファス,Storm Cat,サラトガデュー,Danzig,Turkish Tryst,Kris S.,Miss Wildcatter,Hail to Reason,Cosmah,Understanding,Mountain Flower,Lyphard,Lady Rebecca,Busted,Highclere,Roberto,アラビア,Crafty Prospector,Zienelle,Danzig,Razyana,Double Form,Ash Lawn,Mr. Prospector,Miesque,ラストタイクーン,Pilot Bird,Storm Bird,Terlingua,Cormorant,Super Luna,Northern Dancer,Pas de Nom,Turkoman,Darbyvail,Roberto,Sharp Queen,Mr. Prospector,Elizabeth K.
2023104150,モズアスコット,クィーンオブシバ,Frankel,India,ファスリエフ,コンキスタドレス,Galileo,Kind,ヘネシー,Misty Hour,Nureyev,Mr. P's Princess,Seeking the Gold,Bless You,Sadler's Wells,Urban Sea,デインヒル,Rainbow Lake,Storm Cat,Island Kitty,Miswaki,Our Tina Marie,Northern Dancer,Special,Mr. Prospector,Anne Campbell,Mr. Prospector,Con Game,Halo,Wedding Party,Northern Dancer,Fairy Bridge,Miswaki,Allegretta,Danzig,Razyana,Rainbow Quest,Rockfest,Storm Bird,Terlingua,Hawaii,T. C. Kitten,Mr. Prospector,Hopespringseternal,Nijinsky,Java Moon,Nearctic,Natalma,Forli,Thong,Raise a Native,Gold Digger,Never Bend,Repercussion,Raise a Native,Gold Digger,Buckpasser,Broadway,Hail to Reason,Cosmah,Hoist the Flag,Betrothed
2023104849,ドレフォン,ミチャチスインテンタ,Gio Ponti,Eltimaas,Paynter,Miss Moon,Tale of the Cat,Chipeta Springs,Ghostzapper,Najecam,Awesome Again,Tizso,Malibu Moon,Folklore,Storm Cat,Yarn,Alydar,Salt Spring,Awesome Again,Baby Zip,Trempolino,Sue Warner,Deputy Minister,Primal Force,Cee's Tizzy,Cee's Song,A.P. Indy,Macoumba,Tiznow,Contrive,Storm Bird,Terlingua,Mr. Prospector,Narrate,Raise a Native,Sweet Tooth,Salt Marsh,Jungle Mythologic,Deputy Minister,Primal Force,Relaunch,Thirty Zip,Sharpen Up,Trephine,Forli,Bitty Girl,Vice Regent,Mint Copy,Blushing Groom,Prime Prospect,Relaunch,テイズリー,Seattle Song,Lonely Dancer,Seattle Slew,Weekend Surprise,Mr. Prospector,Maximova,Cee's Tizzy,Cee's Song,Storm Cat,Jeano
2023107400,ミスターメロディ,ディアルーモ,Scat Daddy,Trusty Lady,ネオユニヴァース,アインアイン,ヨハネスブルグ,Love Style,Deputy Minister,Klassy Kim,サンデーサイレンス,ポインテッドパス,パークリージェント,アインフローラ,ヘネシー,Myth,Mr. Prospector,Likeable Style,Vice Regent,Mint Copy,Silent Screen,クールアライヴァル,Halo,Wishing Well,Kris,Silken Way,Vice Regent,Miss Attractive,ガロト,ボールドアンドイージー,Storm Cat,Island Kitty,オジジアン,Yarn,Raise a Native,Gold Digger,Nijinsky,Personable Lady,Northern Dancer,Victoria Regina,Bunty's Flight,Shakney,Prince John,Prayer Bell,Relaunch,Irish Arrival,Hail to Reason,Cosmah,Understanding,Mountain Flower,Sharpen Up,Doubly Sure,Shantung,Boulevard,Northern Dancer,Victoria Regina,Victoria Park,Nice Princess,Lyphard,Spicy,Bold Lad,Free and Easy
2023101724,モズアスコット,スニップ,Frankel,India,エピファネイア,アソルータ,Galileo,Kind,ヘネシー,Misty Hour,シンボリクリスエス,シーザリオ,ゼンノロブロイ,フレンチバレリーナ,Sadler's Wells,Urban Sea,デインヒル,Rainbow Lake,Storm Cat,Island Kitty,Miswaki,Our Tina Marie,Kris S.,Tee Kay,スペシャルウィーク,キロフプリミエール,サンデーサイレンス,ローミンレイチェル,フレンチデピュティ,バレークイーン,Northern Dancer,Fairy Bridge,Miswaki,Allegretta,Danzig,Razyana,Rainbow Quest,Rockfest,Storm Bird,Terlingua,Hawaii,T. C. Kitten,Mr. Prospector,Hopespringseternal,Nijinsky,Java Moon,Roberto,Sharp Queen,Gold Meridian,Tri Argo,サンデーサイレンス,キャンペンガール,Sadler's Wells,Querida,Halo,Wishing Well,マイニング,One Smart Lady,Deputy Minister,Mitterand,Sadler's Wells,Sun Princess
2023105208,モズアスコット,ピエモンテ,Frankel,India,フジキセキ,ブレッシング,Galileo,Kind,ヘネシー,Misty Hour,サンデーサイレンス,ミルレーサー,マルゼンスキー,ブラダマンテ,Sadler's Wells,Urban Sea,デインヒル,Rainbow Lake,Storm Cat,Island Kitty,Miswaki,Our Tina Marie,Halo,Wishing Well,Le Fabuleux,Marston's Mill,Nijinsky,シル,Roberto,Sulemeif,Northern Dancer,Fairy Bridge,Miswaki,Allegretta,Danzig,Razyana,Rainbow Quest,Rockfest,Storm Bird,Terlingua,Hawaii,T. C. Kitten,Mr. Prospector,Hopespringseternal,Nijinsky,Java Moon,Hail to Reason,Cosmah,Understanding,Mountain Flower,Wild Risk,Anguar,In Reality,Millicent,Northern Dancer,Flaming Page,Buckpasser,Quill,Hail to Reason,Bramalea,Northern Dancer,Barely Even
2023100949,マテラスカイ,ネオヴァシュラン,Speightstown,Mostaqeleh,エンパイアメーカー,ピサノキャニオン,Gone West,Silken Cat,Rahy,Istiqlal,Unbridled,Toussaud,サンデーサイレンス,オーパスワン,Mr. Prospector,Secrettame,Storm Cat,Silken Doll,Blushing Groom,Glorious Song,Diesis,Wasnah,Fappiano,Gana Facil,El Gran Senor,Image of Reality,Halo,Wishing Well,Theatrical,ティルティング,Raise a Native,Gold Digger,Secretariat,Tamerett,Storm Bird,Terlingua,Chieftain,Insilca,Red God,Runaway Bride,Halo,Ballade,Sharpen Up,Doubly Sure,Nijinsky,Highest Trump,Mr. Prospector,Killaloe,Le Fabuleux,Charedi,Northern Dancer,Sex Appeal,In Reality,Edee's Image,Hail to Reason,Cosmah,Understanding,Mountain Flower,Nureyev,ツリーオブノレッジ,Seattle Slew,Aldonza
2023103149,ミッキーロケット,マーケットレイズン,キングカメハメハ,マネーキャントバイミーラヴ,フサイチリシャール,トミノラブラドール,Kingmambo,マンファス,Pivotal,Sabreon,クロフネ,フサイチエアデール,ハンティングホーク,ジョリフィーユ,Mr. Prospector,Miesque,ラストタイクーン,Pilot Bird,Polar Falcon,Fearless Revival,Caerleon,Sabria,フレンチデピュティ,ブルーアヴェニュー,サンデーサイレンス,ラスティックベル,Sadler's Wells,High Hawk,マルゼンスキー,トミアルコ,Raise a Native,Gold Digger,Nureyev,Pasadoble,トライマイベスト,Mill Princess,Blakeney,The Dancer,Nureyev,Marie d'Argonne,Cozzene,Stufida,Nijinsky,Foreseer,Miswaki,Flood,Deputy Minister,Mitterand,Classic Go Go,Eliza Blue,Halo,Wishing Well,Mr. Prospector,Ragtime Girl,Northern Dancer,Fairy Bridge,Shirley Heights,Sunbittern,Nijinsky,シル,ノノアルコ,ヒトミフラッシュ
2023100861,タワーオブロンドン,スマートプラネット,Raven's Pass,スノーパイン,ファルブラヴ,アンダルシア,Elusive Quality,Ascutney,Dalakhani,シンコウエルメス,Fairy King,Gift of the Night,アルカセット,メイクアスメリー,Gone West,Touch of Greatness,Lord at War,Right Word,Darshaan,Daltawa,Sadler's Wells,Doff the Derby,Northern Dancer,Fairy Bridge,Slewpy,Little Nana,Kingmambo,チェサプラナ,Easy Goer,ダジルミージョリエ,Mr. Prospector,Secrettame,Hero's Honor,Ivory Wand,General,Luna de Miel,Verbatim,Oratorio,Shirley Heights,Delsy,Miswaki,Damana,Northern Dancer,Fairy Bridge,Master Derby,Margarethen,Nearctic,Natalma,Bold Reason,Special,Seattle Slew,Rare Bouquet,Lithiot,Nenana Road,Mr. Prospector,Miesque,Niniski,Top of The League,Alydar,Relaxing,Carr de Naskra,Mawgrit
2023103291,ドレフォン,ダイワドレッサー,Gio Ponti,Eltimaas,ネオユニヴァース,リバティープリント,Tale of the Cat,Chipeta Springs,Ghostzapper,Najecam,サンデーサイレンス,ポインテッドパス,スウェプトオーヴァーボード,エアリバティー,Storm Cat,Yarn,Alydar,Salt Spring,Awesome Again,Baby Zip,Trempolino,Sue Warner,Halo,Wishing Well,Kris,Silken Way,エンドスウィープ,Sheer Ice,トニービン,ジョイアスピルエット,Storm Bird,Terlingua,Mr. Prospector,Narrate,Raise a Native,Sweet Tooth,Salt Marsh,Jungle Mythologic,Deputy Minister,Primal Force,Relaunch,Thirty Zip,Sharpen Up,Trephine,Forli,Bitty Girl,Hail to Reason,Cosmah,Understanding,Mountain Flower,Sharpen Up,Doubly Sure,Shantung,Boulevard,フォーティナイナー,Broom Dance,Cutlass,Hey Dolly A.,カンパラ,Severn Bridge,Nureyev,グリーミングスマイル
2023105398,キタサンブラック,シェイリーン,ブラックタイド,シュガーハート,Rip Van Winkle,Snow Key,サンデーサイレンス,ウインドインハーヘア,サクラバクシンオー,オトメゴコロ,Galileo,Looking Back,Cozzene,Snowbowl,Halo,Wishing Well,Alzao,Burghclere,サクラユタカオー,サクラハゴロモ,ジャッジアンジェルーチ,テイズリー,Sadler's Wells,Urban Sea,ストラヴィンスキー,Mustique Dream,Caro,Ride the Trails,Northjet,Royal Dilemma,Hail to Reason,Cosmah,Understanding,Mountain Flower,Lyphard,Lady Rebecca,Busted,Highclere,テスコボーイ,アンジェリカ,ノーザンテースト,クリアアンバー,Honest Pleasure,Victorian Queen,Lyphard,Tizna,Northern Dancer,Fairy Bridge,Miswaki,Allegretta,Nureyev,Fire the Groom,Don't Forget Me,Jamaican Punch,フォルティノ,Chambord,Prince John,Wildwook,Northfields,Jellatina,Buckpasser,Queen Empress
2023100668,ルヴァンスレーヴ,エスコルピオン,シンボリクリスエス,マエストラーレ,ダンスインザダーク,フィールドソング,Kris S.,Tee Kay,ネオユニヴァース,オータムブリーズ,サンデーサイレンス,ダンシングキイ,Gulch,A Kiss for Luck,Roberto,Sharp Queen,Gold Meridian,Tri Argo,サンデーサイレンス,ポインテッドパス,ティンバーカントリー,セプテンバーソング,Halo,Wishing Well,Nijinsky,Key Partner,Mr. Prospector,Jameela,Reflected Glory,Painted Flag,Hail to Reason,Bramalea,Princequillo,Bridgework,Seattle Slew,Queen Louie,Tri Jet,Hail Proudly,Halo,Wishing Well,Kris,Silken Way,Woodman,Fall Aspen,リアルシャダイ,ダイナフェアリー,Hail to Reason,Cosmah,Understanding,Mountain Flower,Northern Dancer,Flaming Page,Key to the Mint,Native Partner,Raise a Native,Gold Digger,Rambunctious,Asbury Mary,Jester,Lysistrate,Dusty Canyon,Duchess Peg
2023106305,キタサンブラック,アウトスマート,ブラックタイド,シュガーハート,Smart Strike,Sweettrickydancer,サンデーサイレンス,ウインドインハーヘア,サクラバクシンオー,オトメゴコロ,Mr. Prospector,Classy 'n Smart,Green Dancer,My Sweet Talker,Halo,Wishing Well,Alzao,Burghclere,サクラユタカオー,サクラハゴロモ,ジャッジアンジェルーチ,テイズリー,Raise a Native,Gold Digger,Smarten,No Class,Nijinsky,Green Valley,Phone Trick,Sweet Shampagne,Hail to Reason,Cosmah,Understanding,Mountain Flower,Lyphard,Lady Rebecca,Busted,Highclere,テスコボーイ,アンジェリカ,ノーザンテースト,クリアアンバー,Honest Pleasure,Victorian Queen,Lyphard,Tizna,Native Dancer,Raise You,Nashua,Sequence,Cyane,Smartaire,Nodouble,Classy Quillo,Northern Dancer,Flaming Page,Val de Loir,Sly Pola,Clever Trick,Over the Phone,Sham,Alert Princess
2023104952,サンダースノー,ロザリウム,Helmet,Eastern Joy,キングカメハメハ,ローズバド,Exceed And Excel,Accessories,Dubai Destination,Red Slippers,Kingmambo,マンファス,サンデーサイレンス,ロゼカラー,デインヒル,Patrona,Singspiel,Anna Matrushka,Kingmambo,Mysterial,Nureyev,Morning Devotion,Mr. Prospector,Miesque,ラストタイクーン,Pilot Bird,Halo,Wishing Well,Shirley Heights,ローザネイ,Danzig,Razyana,Lomond,Gladiolus,In the Wings,Glorious Song,Mill Reef,Anna Paola,Mr. Prospector,Miesque,Alleged,Mysteries,Northern Dancer,Special,Affirmed,Morning Has Broken,Raise a Native,Gold Digger,Nureyev,Pasadoble,トライマイベスト,Mill Princess,Blakeney,The Dancer,Hail to Reason,Cosmah,Understanding,Mountain Flower,Mill Reef,Hardiemma,Lyphard,Riviere Doree
2023101279,サトノジェネシス,ムーンエコロジー,ディープインパクト,マルペンサ,クリーンエコロジー,リーチフォーザムーン,サンデーサイレンス,ウインドインハーヘア,Orpen,Marsella,キングカメハメハ,スパークルジュエル,Pulpit,Chancey Squaw,Halo,Wishing Well,Alzao,Burghclere,Lure,Bonita Francita,サザンヘイロー,Riviere,Kingmambo,マンファス,Unbridled's Song,Golden Jewel Box,A.P. Indy,Preach,Chief's Crown,Allicance,Hail to Reason,Cosmah,Understanding,Mountain Flower,Lyphard,Lady Rebecca,Busted,Highclere,Danzig,Endear,Devil's Bag,Raise the Standard,Halo,Northern Sea,Logical,Talonada,Mr. Prospector,Miesque,ラストタイクーン,Pilot Bird,Unbridled,Trolley Song,Slew o' Gold,Miss Storm Bird,Seattle Slew,Weekend Surprise,Mr. Prospector,Narrate,Danzig,Six Crowns,Alleged,Runaway Bride
2023101837,ダノンキングリー,アングレカム,ディープインパクト,マイグッドネス,Pour Moi,Mia Le Fay,サンデーサイレンス,ウインドインハーヘア,Storm Cat,Caressing,モンジュー,Gwynn,Zabeel,Guinevere,Halo,Wishing Well,Alzao,Burghclere,Storm Bird,Terlingua,Honour and Glory,Lovin Touch,Sadler's Wells,Floripedes,Darshaan,Victoress,Sir Tristram,Lady Giselle,Fairy King,Masskana,Hail to Reason,Cosmah,Understanding,Mountain Flower,Lyphard,Lady Rebecca,Busted,Highclere,Northern Dancer,South Ocean,Secretariat,Crimson Saint,Relaunch,Fair to All,Majestic Prince,Forest Princess,Northern Dancer,Fairy Bridge,Top Ville,Toute Cy,Shirley Heights,Delsy,Conquistador Cielo,Royal Statute,Sir Ivor,Isolt,Nureyev,Valderna,Northern Dancer,Fairy Bridge,Darshaan,Masarika
2023106576,タニノフランケル,アツコ,Frankel,ウオッカ,ワークフォース,シックファイター,Galileo,Kind,タニノギムレット,タニノシスター,キングズベスト,Soviet Moon,ヘクタープロテクター,インヴァイト,Sadler's Wells,Urban Sea,デインヒル,Rainbow Lake,ブライアンズタイム,タニノクリスタル,ルション,エナジートウショウ,Kingmambo,Allegretta,Sadler's Wells,Eva Luna,Woodman,Korveya,Be My Guest,Burghclere,Northern Dancer,Fairy Bridge,Miswaki,Allegretta,Danzig,Razyana,Rainbow Quest,Rockfest,Roberto,Kelley's Day,クリスタルパレス,タニノシーバード,Riverman,ベルドリーヌ,トウショウボーイ,コーニストウショウ,Mr. Prospector,Miesque,Lombard,Anatevka,Northern Dancer,Fairy Bridge,Alleged,Media Luna,Mr. Prospector,プレイメイト,Riverman,Konafa,Northern Dancer,What a Treat,Busted,Highclere
2023107475,アルアイン,イグアスフォールズ,ディープインパクト,ドバイマジェスティ,サウスヴィグラス,ロスグラシアレス,サンデーサイレンス,ウインドインハーヘア,Essence of Dubai,Great Majesty,エンドスウィープ,ダーケストスター,シンボリクリスエス,ロスマリヌス,Halo,Wishing Well,Alzao,Burghclere,Pulpit,Epitome,Great Above,Mistic Majesty,フォーティナイナー,Broom Dance,Star de Naskra,Minnie Riperton,Kris S.,Tee Kay,サンデーサイレンス,アンブロジン,Hail to Reason,Cosmah,Understanding,Mountain Flower,Lyphard,Lady Rebecca,Busted,Highclere,A.P. Indy,Preach,Summing,Honest and True,Minnesota Mac,Ta Wee,His Majesty,Necaras Miss,Mr. Prospector,File,Dance Spell,Witching Hour,Naskra,Candle Star,Cornish Prince,English Harbor,Roberto,Sharp Queen,Gold Meridian,Tri Argo,Halo,Wishing Well,Mr. Prospector,バラダ
2023105962,オルフェーヴル,フジマサリアル,ステイゴールド,オリエンタルアート,リアルインパクト,メジロヒラリー,サンデーサイレンス,ゴールデンサッシュ,メジロマックイーン,エレクトロアート,ディープインパクト,トキオリアリティー,エルコンドルパサー,メジロドーベル,Halo,Wishing Well,ディクタス,ダイナサッシュ,メジロティターン,メジロオーロラ,ノーザンテースト,グランマスティーヴンス,サンデーサイレンス,ウインドインハーヘア,Meadowlake,What a Reality,Kingmambo,サドラーズギャル,メジロライアン,メジロビューティー,Hail to Reason,Cosmah,Understanding,Mountain Flower,Sanctus,Doronic,ノーザンテースト,ロイヤルサッシュ,メジロアサマ,シエリル,リマンド,メジロアイリス,Northern Dancer,Lady Victoria,Lt. Stevens,Dhow,Halo,Wishing Well,Alzao,Burghclere,Hold Your Peace,Suspicious Native,In Reality,What Will Be,Mr. Prospector,Miesque,Sadler's Wells,Glenveagh,アンバーシャダイ,メジロチェイサー,パーソロン,メジロナガサキ
2023106052,キタサンブラック,マイウェイアムール,ブラックタイド,シュガーハート,ロードカナロア,レイズユアグラス,サンデーサイレンス,ウインドインハーヘア,サクラバクシンオー,オトメゴコロ,キングカメハメハ,レディブラッサム,アジュディケーティング,レイズアプランサー,Halo,Wishing Well,Alzao,Burghclere,サクラユタカオー,サクラハゴロモ,ジャッジアンジェルーチ,テイズリー,Kingmambo,マンファス,Storm Cat,サラトガデュー,Danzig,Resolver,Raise a Native,Dancing Hostess,Hail to Reason,Cosmah,Understanding,Mountain Flower,Lyphard,Lady Rebecca,Busted,Highclere,テスコボーイ,アンジェリカ,ノーザンテースト,クリアアンバー,Honest Pleasure,Victorian Queen,Lyphard,Tizna,Mr. Prospector,Miesque,ラストタイクーン,Pilot Bird,Storm Bird,Terlingua,Cormorant,Super Luna,Northern Dancer,Pas de Nom,Reviewer,Lovely Morning,Native Dancer,Raise You,Sword Dancer,Your Hostess
2023105177,ルヴァンスレーヴ,ヒシアルコル,シンボリクリスエス,マエストラーレ,ダイワメジャー,ヒシピナクル,Kris S.,Tee Kay,ネオユニヴァース,オータムブリーズ,サンデーサイレンス,スカーレットブーケ,Theatrical,Katies,Roberto,Sharp Queen,Gold Meridian,Tri Argo,サンデーサイレンス,ポインテッドパス,ティンバーカントリー,セプテンバーソング,Halo,Wishing Well,ノーザンテースト,スカーレットインク,Nureyev,ツリーオブノレッジ,ノノアルコ,Mortefontaine,Hail to Reason,Bramalea,Princequillo,Bridgework,Seattle Slew,Queen Louie,Tri Jet,Hail Proudly,Halo,Wishing Well,Kris,Silken Way,Woodman,Fall Aspen,リアルシャダイ,ダイナフェアリー,Hail to Reason,Cosmah,Understanding,Mountain Flower,Northern Dancer,Lady Victoria,Crimson Satan,Consentida,Northern Dancer,Special,Sassafras,Sensibility,Nearctic,Seximee,ポリック,Brabantia
2023106060,ゴールドドリーム,グレイスキッパー,ゴールドアリュール,モンヴェール,カレンブラックヒル,スモーキークォーツ,サンデーサイレンス,ニキーヤ,フレンチデピュティ,スペシャルジェイド,ダイワメジャー,チャールストンハーバー,ヘクタープロテクター,エイシンフリスキー,Halo,Wishing Well,Nureyev,Reluctant Guest,Deputy Minister,Mitterand,Cox's Ridge,Statistic,サンデーサイレンス,スカーレットブーケ,Grindstone,Penny's Valentine,Woodman,Korveya,ジャッジアンジェルーチ,ダムグリス,Hail to Reason,Cosmah,Understanding,Mountain Flower,Northern Dancer,Special,Hostage,Vaguely Royal,Vice Regent,Mint Copy,Hold Your Peace,Laredo Lass,Best Turn,Our Martha,Mr. Prospector,Number,Halo,Wishing Well,ノーザンテースト,スカーレットインク,Unbridled,Buzz My Bell,Storm Cat,Mrs. Penny,Mr. Prospector,プレイメイト,Riverman,Konafa,Honest Pleasure,Victorian Queen,Grey Dawn II,Bessie's Mother
2023106452,ゴールドシップ,ディスポーザブルプレジャー,ステイゴールド,ポイントフラッグ,Giacomo,My Canada,サンデーサイレンス,ゴールデンサッシュ,メジロマックイーン,パストラリズム,Holy Bull,Set Them Free,With Approval,My Sweet Country,Halo,Wishing Well,ディクタス,ダイナサッシュ,メジロティターン,メジロオーロラ,プルラリズム,トクノエイティー,Great Above,Sharon Brown,Stop the Music,Valseuse,Caro,Passing Mood,Bold Ruckus,Devinette,Hail to Reason,Cosmah,Understanding,Mountain Flower,Sanctus,Doronic,ノーザンテースト,ロイヤルサッシュ,メジロアサマ,シエリル,リマンド,メジロアイリス,The Minstrel,Cambretta,トライバルチーフ,アイアンルビー,Minnesota Mac,Ta Wee,Al Hattab,Agathea's Dawn,Hail to Reason,Bebopper,Tyrant,Barbarossa,フォルティノ,Chambord,Buckpasser,Cool Mood,Boldnesian,Raise a Ruckus,Secretariat,Respond
2023107307,アドマイヤマーズ,リアアントニア,ダイワメジャー,ヴィアメディチ,Rockport Harbor,Beer Baroness,サンデーサイレンス,スカーレットブーケ,Medicean,Via Milano,Unbridled's Song,Regal Miss Copelan,Mr. Greeley,Lavish Numbers,Halo,Wishing Well,ノーザンテースト,スカーレットインク,Machiavellian,Mystic Goddess,Singspiel,Salvinaxia,Unbridled,Trolley Song,Copelan,Regal Pennant,Gone West,Long Legend,Polish Numbers,Timeleighness,Hail to Reason,Cosmah,Understanding,Mountain Flower,Northern Dancer,Lady Victoria,Crimson Satan,Consentida,Mr. Prospector,Coup de Folie,Storm Bird,Rose Goddess,In the Wings,Glorious Song,Linamix,Salve,Fappiano,Gana Facil,Caro,Lucky Spell,Tri Jet,Susan's Girl,Banner Bob,Regal Relation,Mr. Prospector,Secrettame,Reviewer,Lianga,Danzig,Numbered Account,Sir Raleigh,Pleasure Moment
2023105371,コントレイル,バイバイベイビー,ディープインパクト,ロードクロサイト,Galileo,Remember When,サンデーサイレンス,ウインドインハーヘア,Unbridled's Song,Folklore,Sadler's Wells,Urban Sea,Danehill Dancer,Lagrion,Halo,Wishing Well,Alzao,Burghclere,Unbridled,Trolley Song,Tiznow,Contrive,Northern Dancer,Fairy Bridge,Miswaki,Allegretta,デインヒル,Mira Adonde,Diesis,Wrap It Up,Hail to Reason,Cosmah,Understanding,Mountain Flower,Lyphard,Lady Rebecca,Busted,Highclere,Fappiano,Gana Facil,Caro,Lucky Spell,Cee's Tizzy,Cee's Song,Storm Cat,Jeano,Nearctic,Natalma,Bold Reason,Special,Mr. Prospector,Hopespringseternal,Lombard,Anatevka,Danzig,Razyana,Sharpen Up,Lettre d'Amour,Sharpen Up,Doubly Sure,Mount Hagen,Doc Nan
2023103729,ハービンジャー,リープオブフェイス,Dansili,Penang Pearl,クロフネ,ラバヤデール,デインヒル,Hasili,Bering,Guapa,フレンチデピュティ,ブルーアヴェニュー,サンデーサイレンス,ニキーヤ,Danzig,Razyana,Kahyasi,Kerali,Arctic Tern,Beaune,Shareef Dancer,Sauceboat,Deputy Minister,Mitterand,Classic Go Go,Eliza Blue,Halo,Wishing Well,Nureyev,Reluctant Guest,Northern Dancer,Pas de Nom,His Majesty,Spring Adieu,イルドブルボン,Kadissya,High Line,Sookera,Sea-Bird,Bubbling Beauty,Lyphard,Barbra,Northern Dancer,Sweet Alliance,Connaught,Cranberry Sauce,Vice Regent,Mint Copy,Hold Your Peace,Laredo Lass,Pago Pago,Classic Perfection,Icecapade,コレラ,Hail to Reason,Cosmah,Understanding,Mountain Flower,Northern Dancer,Special,Hostage,Vaguely Royal
2023105413,ゴールドドリーム,ブルーチッパー,ゴールドアリュール,モンヴェール,ボーナスフィーバー,ペケジェイ,サンデーサイレンス,ニキーヤ,フレンチデピュティ,スペシャルジェイド,Seeking the Gold,Angel Fever,Tiznow,スイートテイスト,Halo,Wishing Well,Nureyev,Reluctant Guest,Deputy Minister,Mitterand,Cox's Ridge,Statistic,Mr. Prospector,Con Game,Danzig,Rowdy Angel,Cee's Tizzy,Cee's Song,Salt Lake,Say What You Mean,Hail to Reason,Cosmah,Understanding,Mountain Flower,Northern Dancer,Special,Hostage,Vaguely Royal,Vice Regent,Mint Copy,Hold Your Peace,Laredo Lass,Best Turn,Our Martha,Mr. Prospector,Number,Raise a Native,Gold Digger,Buckpasser,Broadway,Northern Dancer,Pas de Nom,Halo,Ramhyde,Relaunch,テイズリー,Seattle Song,Lonely Dancer,Deputy Minister,Take Lady Anne,ジャッジャー,Call the Queen
2023100994,ヴァンゴッホ,ダノンエンジェル,American Pharoah,Imagine,ディープインパクト,アイアムエンジェル,Pioneerof the Nile,Littleprincessemma,Sadler's Wells,Doff the Derby,サンデーサイレンス,ウインドインハーヘア,ボストンハーバー,アイアムザウィナー,エンパイアメーカー,Star of Goshen,Yankee Gentleman,Exclusive Rosette,Northern Dancer,Fairy Bridge,Master Derby,Margarethen,Halo,Wishing Well,Alzao,Burghclere,Capote,Harbor Springs,Danzig Connection,ブルージーンベイビー,Unbridled,Toussaud,Lord at War,Castle Eight,Storm Cat,Key Phrase,Ecliptical,Zetta Jet,Nearctic,Natalma,Bold Reason,Special,ダストコマンダー,Madam Jerry,Tulyar,Russ-Marie,Hail to Reason,Cosmah,Understanding,Mountain Flower,Lyphard,Lady Rebecca,Busted,Highclere,Seattle Slew,Too Bald,Vice Regent,Tinnitus,Danzig,Gdynia,Mr. Prospector,Jones Time Machine
2023109080,オルフェーヴル,ニイガッタメール,ステイゴールド,オリエンタルアート,シンボリクリスエス,ロイヤルティアラ,サンデーサイレンス,ゴールデンサッシュ,メジロマックイーン,エレクトロアート,Kris S.,Tee Kay,ノーザンテースト,ロイヤルコスマー,Halo,Wishing Well,ディクタス,ダイナサッシュ,メジロティターン,メジロオーロラ,ノーザンテースト,グランマスティーヴンス,Roberto,Sharp Queen,Gold Meridian,Tri Argo,Northern Dancer,Lady Victoria,ロイヤルスキー,マツチレスネイティヴ,Hail to Reason,Cosmah,Understanding,Mountain Flower,Sanctus,Doronic,ノーザンテースト,ロイヤルサッシュ,メジロアサマ,シエリル,リマンド,メジロアイリス,Northern Dancer,Lady Victoria,Lt. Stevens,Dhow,Hail to Reason,Bramalea,Princequillo,Bridgework,Seattle Slew,Queen Louie,Tri Jet,Hail Proudly,Nearctic,Natalma,Victoria Park,Lady Angela,Raja Baba,Coz o'Nijinsky,Raise a Native,Royal Match
2023100318,ホッコータルマエ,トーセンミルキー,キングカメハメハ,マダムチェロキー,クロフネ,ピンクパピヨン,Kingmambo,マンファス,Cherokee Run,アンフォイルド,フレンチデピュティ,ブルーアヴェニュー,サンデーサイレンス,マリスター,Mr. Prospector,Miesque,ラストタイクーン,Pilot Bird,Runaway Groom,Cherokee Dame,Unbridled,Bold Foil,Deputy Minister,Mitterand,Classic Go Go,Eliza Blue,Halo,Wishing Well,Baldski,Pink Dove,Raise a Native,Gold Digger,Nureyev,Pasadoble,トライマイベスト,Mill Princess,Blakeney,The Dancer,Blushing Groom,Yonnie Girl,Silver Saber,Dame Francesca,Fappiano,Gana Facil,Bold Forbes,Perfect Foil,Vice Regent,Mint Copy,Hold Your Peace,Laredo Lass,Pago Pago,Classic Perfection,Icecapade,コレラ,Hail to Reason,Cosmah,Understanding,Mountain Flower,Nijinsky,Too Bald,Argument,Perfect Pigeon
2023103144,サトノダイヤモンド,パーフェクトワン,ディープインパクト,マルペンサ,ノヴェリスト,メジロミドウ,サンデーサイレンス,ウインドインハーヘア,Orpen,Marsella,Monsun,Night Lagoon,ステイゴールド,メジロサンドラ,Halo,Wishing Well,Alzao,Burghclere,Lure,Bonita Francita,サザンヘイロー,Riviere,Konigsstuhl,Mosella,Lagunas,Nenuphar,サンデーサイレンス,ゴールデンサッシュ,メジロマックイーン,カンパナ,Hail to Reason,Cosmah,Understanding,Mountain Flower,Lyphard,Lady Rebecca,Busted,Highclere,Danzig,Endear,Devil's Bag,Raise the Standard,Halo,Northern Sea,Logical,Talonada,Dschingis Khan,Konigskronung,Surumu,Monasia,イルドブルボン,Liranga,Night Shift,Narola,Halo,Wishing Well,ディクタス,ダイナサッシュ,メジロティターン,メジロオーロラ,Sadler's Wells,Two Rings
2023103129,レイデオロ,リュウノシャンソン,キングカメハメハ,ラドラーダ,トーセンラー,ハッピービーチ,Kingmambo,マンファス,シンボリクリスエス,レディブロンド,ディープインパクト,プリンセスオリビア,タイキシャトル,ナギサ,Mr. Prospector,Miesque,ラストタイクーン,Pilot Bird,Kris S.,Tee Kay,Seeking the Gold,ウインドインハーヘア,サンデーサイレンス,ウインドインハーヘア,Lycius,Dance Image,Devil's Bag,ウェルシュマフィン,マークオブディスティンクション,ミデオンルビー,Raise a Native,Gold Digger,Nureyev,Pasadoble,トライマイベスト,Mill Princess,Blakeney,The Dancer,Roberto,Sharp Queen,Gold Meridian,Tri Argo,Mr. Prospector,Con Game,Alzao,Burghclere,Halo,Wishing Well,Alzao,Burghclere,Mr. Prospector,Lypatia,Sadler's Wells,Diamond Spring,Halo,Ballade,Caerleon,Muffitys,Known Fact,Ghislaine,ノーザリー,ワールドソロン
2023106994,ドレフォン,グロリアーナ,Gio Ponti,Eltimaas,ハーツクライ,ベネンシアドール,Tale of the Cat,Chipeta Springs,Ghostzapper,Najecam,サンデーサイレンス,アイリッシュダンス,キングカメハメハ,フェアリードール,Storm Cat,Yarn,Alydar,Salt Spring,Awesome Again,Baby Zip,Trempolino,Sue Warner,Halo,Wishing Well,トニービン,ビューパーダンス,Kingmambo,マンファス,Nureyev,Dream Deal,Storm Bird,Terlingua,Mr. Prospector,Narrate,Raise a Native,Sweet Tooth,Salt Marsh,Jungle Mythologic,Deputy Minister,Primal Force,Relaunch,Thirty Zip,Sharpen Up,Trephine,Forli,Bitty Girl,Hail to Reason,Cosmah,Understanding,Mountain Flower,カンパラ,Severn Bridge,Lyphard,My Bupers,Mr. Prospector,Miesque,ラストタイクーン,Pilot Bird,Northern Dancer,Special,Sharpen Up,Likely Exchange
2023102581,ダノンスマッシュ,スズカエンジェル,ロードカナロア,スピニングワイルドキャット,High Yield,イルグンスエンジェル,キングカメハメハ,レディブラッサム,Hard Spun,Hollywood Wildcat,Storm Cat,Scoop the Gold,Irgun,November Morn,Kingmambo,マンファス,Storm Cat,サラトガデュー,Danzig,Turkish Tryst,Kris S.,Miss Wildcatter,Storm Bird,Terlingua,フォーティナイナー,Leap Lively,Sunny's Halo,Late From Lunch,Capote,Roving Girl,Mr. Prospector,Miesque,ラストタイクーン,Pilot Bird,Storm Bird,Terlingua,Cormorant,Super Luna,Northern Dancer,Pas de Nom,Turkoman,Darbyvail,Roberto,Sharp Queen,Mr. Prospector,Elizabeth K.,Northern Dancer,South Ocean,Secretariat,Crimson Saint,Mr. Prospector,File,Nijinsky,Quilloquick,Halo,Mostly Sunny,Secretariat,Kankam,Seattle Slew,Too Bald,Olden Times,Black Eyed Lucy
2023100485,ベストウォーリア,スールマカロン,マジェスティックウォリアー,フラーテイシャスミス,ハービンジャー,マカロンドナンシー,A.P. Indy,Dream Supreme,Mr. Greeley,Seductive Smile,Dansili,Penang Pearl,ダンスインザダーク,アドマイヤマカディ,Seattle Slew,Weekend Surprise,Seeking the Gold,Spinning Round,Gone West,Long Legend,Silver Hawk,Exit Smiling,デインヒル,Hasili,Bering,Guapa,サンデーサイレンス,ダンシングキイ,ノーザンテースト,ミセスマカディー,Bold Reasoning,My Charmer,Secretariat,Lassie Dear,Mr. Prospector,Con Game,Dixieland Band,Take Heart,Mr. Prospector,Secrettame,Reviewer,Lianga,Roberto,Gris Vitesse,Stage Door Johnny,Chandelier,Danzig,Razyana,Kahyasi,Kerali,Arctic Tern,Beaune,Shareef Dancer,Sauceboat,Halo,Wishing Well,Nijinsky,Key Partner,Northern Dancer,Lady Victoria,トライバルチーフ,Hanina
2023100964,レイデオロ,マウレア,キングカメハメハ,ラドラーダ,ディープインパクト,バイザキャット,Kingmambo,マンファス,シンボリクリスエス,レディブロンド,サンデーサイレンス,ウインドインハーヘア,Storm Cat,Buy the Firm,Mr. Prospector,Miesque,ラストタイクーン,Pilot Bird,Kris S.,Tee Kay,Seeking the Gold,ウインドインハーヘア,Halo,Wishing Well,Alzao,Burghclere,Storm Bird,Terlingua,Affirmed,By the Hand,Raise a Native,Gold Digger,Nureyev,Pasadoble,トライマイベスト,Mill Princess,Blakeney,The Dancer,Roberto,Sharp Queen,Gold Meridian,Tri Argo,Mr. Prospector,Con Game,Alzao,Burghclere,Hail to Reason,Cosmah,Understanding,Mountain Flower,Lyphard,Lady Rebecca,Busted,Highclere,Northern Dancer,South Ocean,Secretariat,Crimson Saint,Exclusive Native,Won't Tell You,Intentionally,De Hostess
2023106085,オルフェーヴル,サイドストリート,ステイゴールド,オリエンタルアート,ヨハネスブルグ,メアリーズガーデン,サンデーサイレンス,ゴールデンサッシュ,メジロマックイーン,エレクトロアート,ヘネシー,Myth,ファルブラヴ,サンデーピクニック,Halo,Wishing Well,ディクタス,ダイナサッシュ,メジロティターン,メジロオーロラ,ノーザンテースト,グランマスティーヴンス,Storm Cat,Island Kitty,オジジアン,Yarn,Fairy King,Gift of the Night,サンデーサイレンス,アトール,Hail to Reason,Cosmah,Understanding,Mountain Flower,Sanctus,Doronic,ノーザンテースト,ロイヤルサッシュ,メジロアサマ,シエリル,リマンド,メジロアイリス,Northern Dancer,Lady Victoria,Lt. Stevens,Dhow,Storm Bird,Terlingua,Hawaii,T. C. Kitten,Damascus,Gonfalon,Mr. Prospector,Narrate,Northern Dancer,Fairy Bridge,Slewpy,Little Nana,Halo,Wishing Well,Caerleon,Shirley Reef
2023107422,サンダースノー,イフィゲニア,Helmet,Eastern Joy,エピファネイア,エヴァモア,Exceed And Excel,Accessories,Dubai Destination,Red Slippers,シンボリクリスエス,シーザリオ,Dansili,Reunite,デインヒル,Patrona,Singspiel,Anna Matrushka,Kingmambo,Mysterial,Nureyev,Morning Devotion,Kris S.,Tee Kay,スペシャルウィーク,キロフプリミエール,デインヒル,Hasili,Kingmambo,Allez Les Trois,Danzig,Razyana,Lomond,Gladiolus,In the Wings,Glorious Song,Mill Reef,Anna Paola,Mr. Prospector,Miesque,Alleged,Mysteries,Northern Dancer,Special,Affirmed,Morning Has Broken,Roberto,Sharp Queen,Gold Meridian,Tri Argo,サンデーサイレンス,キャンペンガール,Sadler's Wells,Querida,Danzig,Razyana,Kahyasi,Kerali,Mr. Prospector,Miesque,Riverman,Allegretta
2023104432,モーリス,オーヴォドーロ,スクリーンヒーロー,メジロフランシス,ローエングリン,ステラマリス,グラスワンダー,ランニングヒロイン,カーネギー,メジロモントレー,Singspiel,カーリング,サンデーサイレンス,ステラマドリッド,Silver Hawk,Ameriflora,サンデーサイレンス,ダイナアクトレス,Sadler's Wells,Detroit,モガミ,メジロクインシー,In the Wings,Glorious Song,Garde Royale,Corraleja,Halo,Wishing Well,Alydar,My Juliet,Roberto,Gris Vitesse,Danzig,Graceful Touch,Halo,Wishing Well,ノーザンテースト,モデルスポート,Northern Dancer,Fairy Bridge,Riverman,Derna,Lyphard,ノーラック,フィディオン,メジロボサツ,Sadler's Wells,High Hawk,Halo,Ballade,Mill Reef,Royal Way,Carvin,Darling Dale,Hail to Reason,Cosmah,Understanding,Mountain Flower,Raise a Native,Sweet Tooth,Gallant Romeo,My Bupers
2023104274,ロージズインメイ,カメチャン,Devil His Due,Tell a Secret,タートルボウル,ダンスオンザルーフ,Devil's Bag,Plenty O'Toole,Speak John,Secret Retreat,Dyhim Diamond,Clara Bow,シンボリクリスエス,ダンシングサンデー,Halo,Ballade,Raise a Cup,Li'l Puss,Prince John,Nuit de Folies,Clandestine,Retirement,Night Shift,Happy Landing,Top Ville,Kamiya,Kris S.,Tee Kay,サンデーサイレンス,ダンシングキイ,Hail to Reason,Cosmah,Herbager,Miss Swapsco,Raise a Native,Spring Sunshine,Noble Jay,Li'l Sis,Princequillo,Not Afraid,Tornado,Folle Nuit,Double Jay,Conniver,Royal Gem,Marie J.,Northern Dancer,Ciboulette,Homing,Laughing Goddess,High Top,Sega Ville,Kalamoun,Shahinaaz,Roberto,Sharp Queen,Gold Meridian,Tri Argo,Halo,Wishing Well,Nijinsky,Key Partner
2023106444,エピファネイア,サッシーイメージ,シンボリクリスエス,シーザリオ,Broken Vow,Ideal Image,Kris S.,Tee Kay,スペシャルウィーク,キロフプリミエール,Unbridled,Wedding Vow,ヘネシー,Amore Cielo,Roberto,Sharp Queen,Gold Meridian,Tri Argo,サンデーサイレンス,キャンペンガール,Sadler's Wells,Querida,Fappiano,Gana Facil,Nijinsky,Wedding Picture,Storm Cat,Island Kitty,Conquistador Cielo,Header Card,Hail to Reason,Bramalea,Princequillo,Bridgework,Seattle Slew,Queen Louie,Tri Jet,Hail Proudly,Halo,Wishing Well,マルゼンスキー,レディーシラオキ,Northern Dancer,Fairy Bridge,Habitat,Principia,Mr. Prospector,Killaloe,Le Fabuleux,Charedi,Northern Dancer,Flaming Page,Blushing Groom,Strike a Pose,Storm Bird,Terlingua,Hawaii,T. C. Kitten,Mr. Prospector,K D Princess,Quack,Shelf Talker
2023106308,クリソベリル,ニュアージュドール,ゴールドアリュール,クリソプレーズ,ディープスカイ,ゴールドレリック,サンデーサイレンス,ニキーヤ,エルコンドルパサー,キャサリーンパー,アグネスタキオン,アビ,Kingmambo,Gold Bust,Halo,Wishing Well,Nureyev,Reluctant Guest,Kingmambo,サドラーズギャル,Riverman,Regal Exception,サンデーサイレンス,アグネスフローラ,Chief's Crown,Carmelized,Mr. Prospector,Miesque,Nashwan,Riviere D'or,Hail to Reason,Cosmah,Understanding,Mountain Flower,Northern Dancer,Special,Hostage,Vaguely Royal,Mr. Prospector,Miesque,Sadler's Wells,Glenveagh,Never Bend,River Lady,Ribot,Rajput Princess,Halo,Wishing Well,ロイヤルスキー,アグネスレディー,Danzig,Six Crowns,Key to the Mint,Carmelize,Raise a Native,Gold Digger,Nureyev,Pasadoble,Blushing Groom,Height of Fashion,Lyphard,Gold River
2023100863,ストロングリターン,ファストソング,シンボリクリスエス,コートアウト,ヘクタープロテクター,ステッバイステップ,Kris S.,Tee Kay,Smart Strike,アザール,Woodman,Korveya,カリズマティック,オルビタル,Roberto,Sharp Queen,Gold Meridian,Tri Argo,Mr. Prospector,Classy 'n Smart,Nijinsky,Smart Heiress,Mr. Prospector,プレイメイト,Riverman,Konafa,Summer Squall,Bali Babe,Caerleon,Asteroid Field,Hail to Reason,Bramalea,Princequillo,Bridgework,Seattle Slew,Queen Louie,Tri Jet,Hail Proudly,Raise a Native,Gold Digger,Smarten,No Class,Northern Dancer,Flaming Page,Vaguely Noble,Smartaire,Raise a Native,Gold Digger,Buckpasser,Intriguing,Never Bend,River Lady,Damascus,Royal Statute,Storm Bird,Weekend Surprise,Drone,Polynesian Charm,Nijinsky,Foreseer,Forli,Star Strewn
2023105650,サートゥルナーリア,モンクール,ロードカナロア,シーザリオ,ディープインパクト,プレシャスキール,キングカメハメハ,レディブラッサム,スペシャルウィーク,キロフプリミエール,サンデーサイレンス,ウインドインハーヘア,ノーザンテースト,マルゼンキール,Kingmambo,マンファス,Storm Cat,サラトガデュー,サンデーサイレンス,キャンペンガール,Sadler's Wells,Querida,Halo,Wishing Well,Alzao,Burghclere,Northern Dancer,Lady Victoria,ボールドラツド,シル,Mr. Prospector,Miesque,ラストタイクーン,Pilot Bird,Storm Bird,Terlingua,Cormorant,Super Luna,Halo,Wishing Well,マルゼンスキー,レディーシラオキ,Northern Dancer,Fairy Bridge,Habitat,Principia,Hail to Reason,Cosmah,Understanding,Mountain Flower,Lyphard,Lady Rebecca,Busted,Highclere,Nearctic,Natalma,Victoria Park,Lady Angela,Bold Ruler,Misty Morn,Buckpasser,Quill
2023106349,シニスターミニスター,グラスエトワール,Old Trieste,Sweet Minister,ヴァーミリアン,グラスブロード,A.P. Indy,Lovlier Linda,The Prime Minister,Sweet Blue,エルコンドルパサー,スカーレットレディ,Fusaichi Pegasus,Magic Broad,Seattle Slew,Weekend Surprise,Vigors,Linda Summers,Deputy Minister,Stick to Beauty,Hurry Up Blue,Sugar Gold,Kingmambo,サドラーズギャル,サンデーサイレンス,スカーレットローズ,Mr. Prospector,Angel Fever,Broad Brush,Illeria,Bold Reasoning,My Charmer,Secretariat,Lassie Dear,Grey Dawn,Relifordie,Crozier,Queenly Gift,Vice Regent,Mint Copy,Illustrious,Hail to Beauty,Mr. Leader,Blue Baroness,Mr. Prospector,Miss Ironside,Mr. Prospector,Miesque,Sadler's Wells,Glenveagh,Halo,Wishing Well,ノーザンテースト,スカーレットインク,Raise a Native,Gold Digger,Danzig,Rowdy Angel,Ack Ack,Hay Patcher,Stop the Music,Baldski's Holiday
2023103253,シャンハイボビー,プティトシャンティ,Harlan's Holiday,Steelin',ダノンシャンティ,チャームダンス,Harlan,Christmas in Aiken,Orientate,Steel Band,フジキセキ,シャンソネット,アフリート,ダンシングゴッデス,Storm Cat,Country Romance,Affirmed,Dowager,Mt. Livermore,Dream Team,Carson City,ウェディングバンド,サンデーサイレンス,ミルレーサー,Mark of Esteem,Glorious Song,Mr. Prospector,Polite Lady,Nijinsky,Producer,Storm Bird,Terlingua,Halo,Sweet Romance,Exclusive Native,Won't Tell You,Honest Pleasure,Princessnesian,Blushing Groom,Flama Ardiente,Cox's Ridge,Likely Double,Mr. Prospector,Blushing Promise,Mighty Appealing,Ring of Steel,Halo,Wishing Well,Le Fabuleux,Marston's Mill,Darshaan,Homage,Halo,Ballade,Raise a Native,Gold Digger,Venetian Jester,Friendly Ways,Northern Dancer,Flaming Page,Nashua,Marion
2023100991,タニノフランケル,スカーレットテイル,Frankel,ウオッカ,ハービンジャー,ダイワレジェンド,Galileo,Kind,タニノギムレット,タニノシスター,Dansili,Penang Pearl,キングカメハメハ,ダイワスカーレット,Sadler's Wells,Urban Sea,デインヒル,Rainbow Lake,ブライアンズタイム,タニノクリスタル,ルション,エナジートウショウ,デインヒル,Hasili,Bering,Guapa,Kingmambo,マンファス,アグネスタキオン,スカーレットブーケ,Northern Dancer,Fairy Bridge,Miswaki,Allegretta,Danzig,Razyana,Rainbow Quest,Rockfest,Roberto,Kelley's Day,クリスタルパレス,タニノシーバード,Riverman,ベルドリーヌ,トウショウボーイ,コーニストウショウ,Danzig,Razyana,Kahyasi,Kerali,Arctic Tern,Beaune,Shareef Dancer,Sauceboat,Mr. Prospector,Miesque,ラストタイクーン,Pilot Bird,サンデーサイレンス,アグネスフローラ,ノーザンテースト,スカーレットインク
2023105961,Earthlight,アシーアビューティ,Shamardal,Winters Moon,Dabirsim,Anabasis,Giant's Causeway,Helsinki,New Approach,Summertime Legacy,ハットトリック,Rumored,High Chaparral,Allure,Storm Cat,Mariah's Storm,Machiavellian,Helen Street,Galileo,Park Express,Darshaan,Zawaahy,サンデーサイレンス,トリッキーコード,ロイヤルアカデミー,Bright Generation,Sadler's Wells,Kasora,Konigsstuhl,Adjani,Storm Bird,Terlingua,Rahy,イメンス,Mr. Prospector,Coup de Folie,Troy,Waterway,Sadler's Wells,Urban Sea,Ahonoora,Matcher,Shirley Heights,Delsy,El Gran Senor,Exotic Treat,Halo,Wishing Well,Lost Code,Dam Clever,Nijinsky,Crimson Saint,Rainbow Quest,New Generation,Northern Dancer,Fairy Bridge,Darshaan,Kozana,Dschingis Khan,Konigskronung,Surumu,Annaberta
2023102263,インカンテーション,パイクーニャン,シニスターミニスター,オリジナルスピン,フレンチデピュティ,パイアン,Old Trieste,Sweet Minister,Machiavellian,Not Before Time,Deputy Minister,Mitterand,Cozzene,ウッドマンズシック,A.P. Indy,Lovlier Linda,The Prime Minister,Sweet Blue,Mr. Prospector,Coup de Folie,Polish Precedent,Time Charter,Vice Regent,Mint Copy,Hold Your Peace,Laredo Lass,Caro,Ride the Trails,Woodman,ラディカルチック,Seattle Slew,Weekend Surprise,Vigors,Linda Summers,Deputy Minister,Stick to Beauty,Hurry Up Blue,Sugar Gold,Raise a Native,Gold Digger,Halo,Raise the Standard,Danzig,Past Example,Saritamer,Centrocon,Northern Dancer,Victoria Regina,Bunty's Flight,Shakney,Speak John,Blue Moon,Bold Ruler,Fortunate Isle,フォルティノ,Chambord,Prince John,Wildwook,Mr. Prospector,プレイメイト,Sadler's Wells,Santa Roseanna
2023104504,ゴールドアクター,ゴールドアクション,スクリーンヒーロー,ヘイロンシン,ヘニーヒューズ,グローバルリーダー,グラスワンダー,ランニングヒロイン,キョウワアリシバ,ハッピーヒエン,ヘネシー,Meadow Flyer,テンビー,ホクショウマリー,Silver Hawk,Ameriflora,サンデーサイレンス,ダイナアクトレス,Alysheba,Sulemeif,マナード,ブゼンフブキ,Storm Cat,Island Kitty,Meadowlake,Shortley,Caerleon,Shining Water,テイオーソロン,レオナール,Roberto,Gris Vitesse,Danzig,Graceful Touch,Halo,Wishing Well,ノーザンテースト,モデルスポート,Alydar,Bel Sheba,Northern Dancer,Barely Even,Captain's Gig,Slipstream,セダン,トサクイン,Storm Bird,Terlingua,Hawaii,T. C. Kitten,Hold Your Peace,Suspicious Native,Hagley,Short Winded,Nijinsky,Foreseer,Kalaglow,Idle Waters,パーソロン,リーダーシツプ,プルラリズム,ハーバーマドンナ
2023106069,キタサンブラック,アスールプラージャ,ブラックタイド,シュガーハート,エンパイアメーカー,ダブルオベリスク,サンデーサイレンス,ウインドインハーヘア,サクラバクシンオー,オトメゴコロ,Unbridled,Toussaud,アグネスタキオン,クィーンズダガー,Halo,Wishing Well,Alzao,Burghclere,サクラユタカオー,サクラハゴロモ,ジャッジアンジェルーチ,テイズリー,Fappiano,Gana Facil,El Gran Senor,Image of Reality,サンデーサイレンス,アグネスフローラ,Rahy,ケイティーズファースト,Hail to Reason,Cosmah,Understanding,Mountain Flower,Lyphard,Lady Rebecca,Busted,Highclere,テスコボーイ,アンジェリカ,ノーザンテースト,クリアアンバー,Honest Pleasure,Victorian Queen,Lyphard,Tizna,Mr. Prospector,Killaloe,Le Fabuleux,Charedi,Northern Dancer,Sex Appeal,In Reality,Edee's Image,Halo,Wishing Well,ロイヤルスキー,アグネスレディー,Blushing Groom,Glorious Song,Kris,Katies
2023101658,リオンディーズ,ホワイトフーガ,キングカメハメハ,シーザリオ,クロフネ,マリーンウィナー,Kingmambo,マンファス,スペシャルウィーク,キロフプリミエール,フレンチデピュティ,ブルーアヴェニュー,フジキセキ,ドバイソプラノ,Mr. Prospector,Miesque,ラストタイクーン,Pilot Bird,サンデーサイレンス,キャンペンガール,Sadler's Wells,Querida,Deputy Minister,Mitterand,Classic Go Go,Eliza Blue,サンデーサイレンス,ミルレーサー,Zafonic,Ring of Music,Raise a Native,Gold Digger,Nureyev,Pasadoble,トライマイベスト,Mill Princess,Blakeney,The Dancer,Halo,Wishing Well,マルゼンスキー,レディーシラオキ,Northern Dancer,Fairy Bridge,Habitat,Principia,Vice Regent,Mint Copy,Hold Your Peace,Laredo Lass,Pago Pago,Classic Perfection,Icecapade,コレラ,Halo,Wishing Well,Le Fabuleux,Marston's Mill,Gone West,Zaizafon,Sadler's Wells,Glorious Song
2023105049,ミスチヴィアスアレックス,イトククリ,Into Mischief,White Pants Night,サクラバクシンオー,フォーリアクイーン,Harlan's Holiday,Leslie's Lady,Speightstown,More d'Amour,サクラユタカオー,サクラハゴロモ,サンデーサイレンス,フォーリア,Harlan,Christmas in Aiken,Tricky Creek,Crystal Lady,Gone West,Silken Cat,Tour d'Or,Love Connection,テスコボーイ,アンジェリカ,ノーザンテースト,クリアアンバー,Halo,Wishing Well,Sadler's Wells,Dunoof,Storm Cat,Country Romance,Affirmed,Dowager,Clever Trick,Battle Creek Girl,Stop the Music,One Last Bird,Mr. Prospector,Secrettame,Storm Cat,Silken Doll,Medaille d'Or,Debby's Turn,Master Derby,Perfect Connection,Princely Gift,Suncourt,ネヴァービート,スターハイネス,Northern Dancer,Lady Victoria,Ambiopoise,One Clear Call,Hail to Reason,Cosmah,Understanding,Mountain Flower,Northern Dancer,Fairy Bridge,Shirley Heights,Sunbittern
2023106726,ドレフォン,ユーブゴットイット,Gio Ponti,Eltimaas,Sea The Stars  Sea the Stars,Song,Tale of the Cat,Chipeta Springs,Ghostzapper,Najecam,Cape Cross,Urban Sea,Sadler's Wells,Jude,Storm Cat,Yarn,Alydar,Salt Spring,Awesome Again,Baby Zip,Trempolino,Sue Warner,Green Desert,Park Appeal,Miswaki,Allegretta,Northern Dancer,Fairy Bridge,Darshaan,Alruccaba,Storm Bird,Terlingua,Mr. Prospector,Narrate,Raise a Native,Sweet Tooth,Salt Marsh,Jungle Mythologic,Deputy Minister,Primal Force,Relaunch,Thirty Zip,Sharpen Up,Trephine,Forli,Bitty Girl,Danzig,Foreign Courier,Ahonoora,Balidaress,Mr. Prospector,Hopespringseternal,Lombard,Anatevka,Nearctic,Natalma,Bold Reason,Special,Shirley Heights,Delsy,クリスタルパレス,Allara
2023100835,アルアイン,ハタノリュクス,ディープインパクト,ドバイマジェスティ,ロードカナロア,ハタノエンジェル,サンデーサイレンス,ウインドインハーヘア,Essence of Dubai,Great Majesty,キングカメハメハ,レディブラッサム,ブライアンズタイム,ヴィヴィッドエンジェル,Halo,Wishing Well,Alzao,Burghclere,Pulpit,Epitome,Great Above,Mistic Majesty,Kingmambo,マンファス,Storm Cat,サラトガデュー,Roberto,Kelley's Day,Septieme Ciel,Setting,Hail to Reason,Cosmah,Understanding,Mountain Flower,Lyphard,Lady Rebecca,Busted,Highclere,A.P. Indy,Preach,Summing,Honest and True,Minnesota Mac,Ta Wee,His Majesty,Necaras Miss,Mr. Prospector,Miesque,ラストタイクーン,Pilot Bird,Storm Bird,Terlingua,Cormorant,Super Luna,Hail to Reason,Bramalea,Graustark,Golden Trail,Seattle Slew,Maximova,Exclusive Native,Round Pearl
2023106740,フィエールマン,グリーズアージェント,ディープインパクト,リュヌドール,Clodovil,Grande Rousse,サンデーサイレンス,ウインドインハーヘア,Green Tune,Luth d'Or,デインヒル,Clodora,Act One,Geriba,Halo,Wishing Well,Alzao,Burghclere,Green Dancer,Soundings,Noir Et Or,Viole d'Amour,Danzig,Razyana,Linamix,Cloche d'Or,In the Wings,Summer Sonnet,Gone West,Angelic Song,Hail to Reason,Cosmah,Understanding,Mountain Flower,Lyphard,Lady Rebecca,Busted,Highclere,Nijinsky,Green Valley,Mr. Prospector,Ocean's Answer,ラインゴールド,Pomme Rose,Luthier,Mandolinette,Northern Dancer,Pas de Nom,His Majesty,Spring Adieu,メンデス,Lunadix,Good Times,Chrysicabana,Sadler's Wells,High Hawk,バイアモン,ノエシス,Mr. Prospector,Secrettame,Halo,Ballade
2023110037,Bolt d'Oro,Rosey Bay,Medaglia d'Oro,Globe Trot,Golden Missile,Baymont,El Prado,Cappucino Bay,A.P. Indy,Trip,A.P. Indy,Santa Catalina,Wild Again,Gold Fleece,Sadler's Wells,Lady Capulet,Bailjumper,Dubbed In,Seattle Slew,Weekend Surprise,Lord at War,Tour,Seattle Slew,Weekend Surprise,Cure the Blues,Swept Off Her Feet,Icecapade,Bushel-n-Peck,Deputed Testamony,Go Solo,Northern Dancer,Fairy Bridge,Sir Ivor,Cap and Bells,Damascus,Court Circuit,Silent Screen,Society Singer,Bold Reasoning,My Charmer,Secretariat,Lassie Dear,General,Luna de Miel,フォーティナイナー,Fun Flight,Bold Reasoning,My Charmer,Secretariat,Lassie Dear,Stop the Music,Quick Cure,Forceten,Shipboard Romance,Nearctic,Shenanigans,Khaled,Dama,Traffic Cop,Proof Requested,Riverman,Sing Back
2023101458,レイデオロ,ハーフバック,キングカメハメハ,ラドラーダ,ジャスタウェイ,キトゥンブルー,Kingmambo,マンファス,シンボリクリスエス,レディブロンド,ハーツクライ,シビル,ダンスインザダーク,キトゥントリックス,Mr. Prospector,Miesque,ラストタイクーン,Pilot Bird,Kris S.,Tee Kay,Seeking the Gold,ウインドインハーヘア,サンデーサイレンス,アイリッシュダンス,Wild Again,シャロン,サンデーサイレンス,ダンシングキイ,Storm Cat,Tricky Game,Raise a Native,Gold Digger,Nureyev,Pasadoble,トライマイベスト,Mill Princess,Blakeney,The Dancer,Roberto,Sharp Queen,Gold Meridian,Tri Argo,Mr. Prospector,Con Game,Alzao,Burghclere,Halo,Wishing Well,トニービン,ビューパーダンス,Icecapade,Bushel-n-Peck,Mo Exception,Double Wiggle,Halo,Wishing Well,Nijinsky,Key Partner,Storm Bird,Terlingua,Majestic Light,Con Game
2023100543,パイロ,カリビアンロマンス,Pulpit,Wild Vision,コマンズ,サバナパディーダ,A.P. Indy,Preach,Wild Again,Carol's Wonder,デインヒル,Cotehele House,Cape Cross,Capriola,Seattle Slew,Weekend Surprise,Mr. Prospector,Narrate,Icecapade,Bushel-n-Peck,Pass the Tab,Carols Christmas,Danzig,Razyana,My Swanee,Eight Carat,Green Desert,Park Appeal,Mr. Prospector,High Point Lady,Bold Reasoning,My Charmer,Secretariat,Lassie Dear,Raise a Native,Gold Digger,Honest Pleasure,State,Nearctic,Shenanigans,Khaled,Dama,Al Hattab,Dantina,Whitesburg,Light Verse,Northern Dancer,Pas de Nom,His Majesty,Spring Adieu,Petition,Grey Rhythm,Pieces of Eight,Klairessa,Danzig,Foreign Courier,Ahonoora,Balidaress,Raise a Native,Gold Digger,Knightly Dawn,Miss Jet Holme
2023101720,シニスターミニスター,シンプリーノキセキ,Old Trieste,Sweet Minister,キンシャサノキセキ,シンプリーディヴァイン,A.P. Indy,Lovlier Linda,The Prime Minister,Sweet Blue,フジキセキ,ケルトシャーン,Grand Slam,Fashion Editor,Seattle Slew,Weekend Surprise,Vigors,Linda Summers,Deputy Minister,Stick to Beauty,Hurry Up Blue,Sugar Gold,サンデーサイレンス,ミルレーサー,Pleasant Colony,Featherhill,Gone West,Bright Candles,Deputy Minister,Fashion Delight,Bold Reasoning,My Charmer,Secretariat,Lassie Dear,Grey Dawn II,Relifordie,Crozier,Queenly Gift,Vice Regent,Mint Copy,Illustrious,Hail to Beauty,Mr. Leader,Blue Baroness,Mr. Prospector,Miss Ironside,Halo,Wishing Well,Le Fabuleux,Marston's Mill,His Majesty,Sun Colony,Lyphard,Lady Berry,Mr. Prospector,Secrettame,El Gran Senor,Christmas Bonus,Vice Regent,Mint Copy,Fappiano,Charleston Rag
2023104235,モーニン,ライクエグザイル,ヘニーヒューズ,Giggly,プリサイスエンド,シルクスウィフト,ヘネシー,Meadow Flyer,Distorted Humor,Chaste,エンドスウィープ,Precisely,ブラックタイアフェアー,ルミネッセンス,Storm Cat,Island Kitty,Meadowlake,Shortley,フォーティナイナー,Danzig's Beauty,Cozzene,Purity,フォーティナイナー,Broom Dance,Summing,Crisp 'n Clear,Miswaki,Hat Tab Girl,ブライアンズタイム,ルナパーク,Storm Bird,Terlingua,Hawaii,T. C. Kitten,Hold Your Peace,Suspicious Native,Hagley,Short Winded,Mr. Prospector,File,Danzig,Sweetest Chant,Caro,Ride the Trails,Fappiano,Dame Mysterieuse,Mr. Prospector,File,Dance Spell,Witching Hour,Verbatim,Sumatra,Cold Reception,Ring O'Bells,Mr. Prospector,Hopespringseternal,Al Hattab,Desperate Action,Roberto,Kelley's Day,ノーザンテースト,サイクラス
2023102714,サトノアラジン,セブンシーミノル,ディープインパクト,マジックストーム,エンパイアメーカー,セブンシークィーン,サンデーサイレンス,ウインドインハーヘア,Storm Cat,Foppy Dancer,Unbridled,Toussaud,コロナドズクエスト,ダンツプリンセス,Halo,Wishing Well,Alzao,Burghclere,Storm Bird,Terlingua,Fappiano,Water Dance,Fappiano,Gana Facil,El Gran Senor,Image of Reality,フォーティナイナー,Laughing Look,サンデーサイレンス,ミラクルミユキ,Hail to Reason,Cosmah,Understanding,Mountain Flower,Lyphard,Lady Rebecca,Busted,Highclere,Northern Dancer,South Ocean,Secretariat,Crimson Saint,Mr. Prospector,Killaloe,Nijinsky,Luiana,Mr. Prospector,Killaloe,Le Fabuleux,Charedi,Northern Dancer,Sex Appeal,In Reality,Edee's Image,Mr. Prospector,File,Damascus,Laughter,Halo,Wishing Well,ノーザンテースト,タニノベンチヤ
2023101460,マインドユアビスケッツ,フレグラントエリア,Posse,Jazzmane,ハーツクライ,ベルエアシズル,Silver Deputy,Raska,Toccet,Alljazz,サンデーサイレンス,アイリッシュダンス,Unusual Heat,Bel Air Belle,Deputy Minister,Silver Valley,Rahy,Borishka,Awesome Again,Cozzene's Angel,Stop the Music,Bounteous,Halo,Wishing Well,トニービン,ビューパーダンス,Nureyev,Rossard,Runaway Groom,Progressive Lady,Vice Regent,Mint Copy,Mr. Prospector,Seven Valleys,Blushing Groom,Glorious Song,Roberto,Queen Maud,Deputy Minister,Primal Force,Cozzene,Charming Pan,Hail to Reason,Bebopper,Master Derby,Mlle. Quille,Hail to Reason,Cosmah,Understanding,Mountain Flower,カンパラ,Severn Bridge,Lyphard,My Bupers,Northern Dancer,Special,Glacial,Peas-Blossom,Blushing Groom,Yonnie Girl,Crafty Prospector,Retrogress
2023105855,ポエティックフレア,ウインガーネット,Dawn Approach,Maria Lee,ヴィクトワールピサ,コスモクリスタル,New Approach,Hymn of the Dawn,ロックオブジブラルタル,Elida,ネオユニヴァース,ホワイトウォーターアフェア,マイネルラヴ,クリスチャンネーム,Galileo,Park Express,Phone Trick,Colonial Debut,デインヒル,Offshore Boom,ロイヤルアカデミー,Saviour,サンデーサイレンス,ポインテッドパス,Machiavellian,Much Too Risky,Seeking the Gold,Heart of Joy,Cadeaux Genereux,Colorvista,Sadler's Wells,Urban Sea,Ahonoora,Matcher,Clever Trick,Over the Phone,Pleasant Colony,Kittihawk Miss,Danzig,Razyana,Be My Guest,Push a Button,Nijinsky,Crimson Saint,Majestic Light,Victorian Queen,Halo,Wishing Well,Kris,Silken Way,Mr. Prospector,Coup de Folie,Bustino,Short Rations,Mr. Prospector,Con Game,リィフォー,Mythographer,Young Generation,Smarten Up,Shirley Heights,Reprocolor
2023100942,キタサンブラック,ターフウォー,ブラックタイド,シュガーハート,War Front,Starstruck,サンデーサイレンス,ウインドインハーヘア,サクラバクシンオー,オトメゴコロ,Danzig,Starry Dreamer,Galileo,Agnetha,Halo,Wishing Well,Alzao,Burghclere,サクラユタカオー,サクラハゴロモ,ジャッジアンジェルーチ,テイズリー,Northern Dancer,Pas de Nom,Rubiano,Lara's Star,Sadler's Wells,Urban Sea,Big Shuffle,Aerleona,Hail to Reason,Cosmah,Understanding,Mountain Flower,Lyphard,Lady Rebecca,Busted,Highclere,テスコボーイ,アンジェリカ,ノーザンテースト,クリアアンバー,Honest Pleasure,Victorian Queen,Lyphard,Tizna,Nearctic,Natalma,Admiral's Voyage,Petitioner,Fappiano,Ruby Slippers,Forli,True Reality,Northern Dancer,Fairy Bridge,Miswaki,Allegretta,Super Concorde,Raise Your Skirts,Caerleon,Alata
2023107234,シルバーステート,マイエンフェルト,ディープインパクト,シルヴァースカヤ,ハービンジャー,アーデルハイト,サンデーサイレンス,ウインドインハーヘア,Silver Hawk,Boubskaia,Dansili,Penang Pearl,アグネスタキオン,ビワハイジ,Halo,Wishing Well,Alzao,Burghclere,Roberto,Gris Vitesse,Niniski,Frenetique,デインヒル,Hasili,Bering,Guapa,サンデーサイレンス,アグネスフローラ,Caerleon,アグサン,Hail to Reason,Cosmah,Understanding,Mountain Flower,Lyphard,Lady Rebecca,Busted,Highclere,Hail to Reason,Bramalea,Amerigo,Matchiche,Nijinsky,Virginia Hills,Tyrant,Femina,Danzig,Razyana,Kahyasi,Kerali,Arctic Tern,Beaune,Shareef Dancer,Sauceboat,Halo,Wishing Well,ロイヤルスキー,アグネスレディー,Nijinsky,Foreseer,Lord Gayle,Santa Luciana
2023102388,ダノンバラード,ツインクルスター,ディープインパクト,レディバラード,サクラバクシンオー,キョウエイトルース,サンデーサイレンス,ウインドインハーヘア,Unbridled,Angelic Song,サクラユタカオー,サクラハゴロモ,フジキセキ,キョウエイヨシノ,Halo,Wishing Well,Alzao,Burghclere,Fappiano,Gana Facil,Halo,Ballade,テスコボーイ,アンジェリカ,ノーザンテースト,クリアアンバー,サンデーサイレンス,ミルレーサー,プラウドデボネア,キョウエイミート,Hail to Reason,Cosmah,Understanding,Mountain Flower,Lyphard,Lady Rebecca,Busted,Highclere,Mr. Prospector,Killaloe,Le Fabuleux,Charedi,Hail to Reason,Cosmah,Herbager,Miss Swapsco,Princely Gift,Suncourt,ネヴァービート,スターハイネス,Northern Dancer,Lady Victoria,Ambiopoise,One Clear Call,Halo,Wishing Well,Le Fabuleux,Marston's Mill,Lyphard,Proud Delta,クラウンドプリンス,キョウエイオリーブ
2023102511,サトノダイヤモンド,ダイリュウキセキ,ディープインパクト,マルペンサ,ファスリエフ,キタサンラブソング,サンデーサイレンス,ウインドインハーヘア,Orpen,Marsella,Nureyev,Mr. P's Princess,ダンスインザダーク,オリンピアデュカキス,Halo,Wishing Well,Alzao,Burghclere,Lure,Bonita Francita,サザンヘイロー,Riviere,Northern Dancer,Special,Mr. Prospector,Anne Campbell,サンデーサイレンス,ダンシングキイ,Isopach,Jaana,Hail to Reason,Cosmah,Understanding,Mountain Flower,Lyphard,Lady Rebecca,Busted,Highclere,Danzig,Endear,Devil's Bag,Raise the Standard,Halo,Northern Sea,Logical,Talonada,Nearctic,Natalma,Forli,Thong,Raise a Native,Gold Digger,Never Bend,Repercussion,Halo,Wishing Well,Nijinsky,Key Partner,Reviewer,Klepto,Cure the Blues,Stradavari
2023102886,ゴールドシップ,アルマリンピア,ステイゴールド,ポイントフラッグ,タイキシャトル,テイクザレインズ,サンデーサイレンス,ゴールデンサッシュ,メジロマックイーン,パストラリズム,Devil's Bag,ウェルシュマフィン,ブライアンズタイム,クラシックダンサー,Halo,Wishing Well,ディクタス,ダイナサッシュ,メジロティターン,メジロオーロラ,プルラリズム,トクノエイティー,Halo,Ballade,Caerleon,Muffitys,Roberto,Kelley's Day,ノーザンテースト,ビクトリアクラウン,Hail to Reason,Cosmah,Understanding,Mountain Flower,Sanctus,Doronic,ノーザンテースト,ロイヤルサッシュ,メジロアサマ,シエリル,リマンド,メジロアイリス,The Minstrel,Cambretta,トライバルチーフ,アイアンルビー,Hail to Reason,Cosmah,Herbager,Miss Swapsco,Nijinsky,Foreseer,Thatch,Contrail,Hail to Reason,Bramalea,Graustark,Golden Trail,Northern Dancer,Lady Victoria,ファバージ,ワールドハヤブサ
2023106404,アスクピーターパン,ミラクルアスク,Frankel,ストレイトガール,ディープインパクト,イルバチオ,Galileo,Kind,フジキセキ,ネヴァーピリオド,サンデーサイレンス,ウインドインハーヘア,ロイヤルアカデミー,サーファーガール,Sadler's Wells,Urban Sea,デインヒル,Rainbow Lake,サンデーサイレンス,ミルレーサー,タイキシャトル,フューチャハッピー,Halo,Wishing Well,Alzao,Burghclere,Nijinsky,Crimson Saint,マナード,マテイネラ,Northern Dancer,Fairy Bridge,Miswaki,Allegretta,Danzig,Razyana,Rainbow Quest,Rockfest,Halo,Wishing Well,Le Fabuleux,Marston's Mill,Devil's Bag,ウェルシュマフィン,デインヒル,タイセイカグラ,Hail to Reason,Cosmah,Understanding,Mountain Flower,Lyphard,Lady Rebecca,Busted,Highclere,Northern Dancer,Flaming Page,Crimson Satan,Bolero Rose,Captain's Gig,Slipstream,Crepello,マタテイナ
2023103236,サトノダイヤモンド,エナチャン,ディープインパクト,マルペンサ,キンシャサノキセキ,エンジェルシード,サンデーサイレンス,ウインドインハーヘア,Orpen,Marsella,フジキセキ,ケルトシャーン,Broad Brush,Fara's Team,Halo,Wishing Well,Alzao,Burghclere,Lure,Bonita Francita,サザンヘイロー,Riviere,サンデーサイレンス,ミルレーサー,Pleasant Colony,Featherhill,Ack Ack,Hay Patcher,Tunerup,Specialization,Hail to Reason,Cosmah,Understanding,Mountain Flower,Lyphard,Lady Rebecca,Busted,Highclere,Danzig,Endear,Devil's Bag,Raise the Standard,Halo,Northern Sea,Logical,Talonada,Halo,Wishing Well,Le Fabuleux,Marston's Mill,His Majesty,Sun Colony,Lyphard,Lady Berry,Battle Joined,Fast Turn,Hoist the Flag,Turn to Talent,The Pruner,Our Girl,Princely Native,Special Vintage
2023103369,モーリス,カラフルマーメイド,スクリーンヒーロー,メジロフランシス,ハービンジャー,カラフルトーク,グラスワンダー,ランニングヒロイン,カーネギー,メジロモントレー,Dansili,Penang Pearl,サンデーサイレンス,シングライクトーク,Silver Hawk,Ameriflora,サンデーサイレンス,ダイナアクトレス,Sadler's Wells,Detroit,モガミ,メジロクインシー,デインヒル,Hasili,Bering,Guapa,Halo,Wishing Well,ノーザンテースト,フリートーク,Roberto,Gris Vitesse,Danzig,Graceful Touch,Halo,Wishing Well,ノーザンテースト,モデルスポート,Northern Dancer,Fairy Bridge,Riverman,Derna,Lyphard,ノーラック,フィディオン,メジロボサツ,Danzig,Razyana,Kahyasi,Kerali,Arctic Tern,Beaune,Shareef Dancer,Sauceboat,Hail to Reason,Cosmah,Understanding,Mountain Flower,Northern Dancer,Lady Victoria,リアルシャダイ,ダイナフリート
2023107349,サトノダイヤモンド,レディホークフィールド,ディープインパクト,マルペンサ,Hawk Wing,Hoity Toity,サンデーサイレンス,ウインドインハーヘア,Orpen,Marsella,Woodman,La Lorgnette,Darshaan,Hiwaayati,Halo,Wishing Well,Alzao,Burghclere,Lure,Bonita Francita,サザンヘイロー,Riviere,Mr. Prospector,プレイメイト,Val de l'Orne,The Temptress,Shirley Heights,Delsy,Shadeed,Alathea,Hail to Reason,Cosmah,Understanding,Mountain Flower,Lyphard,Lady Rebecca,Busted,Highclere,Danzig,Endear,Devil's Bag,Raise the Standard,Halo,Northern Sea,Logical,Talonada,Raise a Native,Gold Digger,Buckpasser,Intriguing,Val de Loir,Aglae,Nijinsky,La Sevillana,Mill Reef,Hardiemma,Abdos,Kelty,Nijinsky,Continual,Lorenzaccio,Vive La Reine
2023104302,ルーラーシップ,トウカイメガミ,キングカメハメハ,エアグルーヴ,サンデーサイレンス,トウカイテネシー,Kingmambo,マンファス,トニービン,ダイナカール,Halo,Wishing Well,シンボリルドルフ,トウカイナチュラル,Mr. Prospector,Miesque,ラストタイクーン,Pilot Bird,カンパラ,Severn Bridge,ノーザンテースト,シャダイフェザー,Hail to Reason,Cosmah,Understanding,Mountain Flower,パーソロン,スイートルナ,ナイスダンサー,トウカイミドリ,Raise a Native,Gold Digger,Nureyev,Pasadoble,トライマイベスト,Mill Princess,Blakeney,The Dancer,Kalamoun,State Pension,Hornbeam,Priddy Fair,Northern Dancer,Lady Victoria,ガーサント,パロクサイド,Turn-to,Nothirdchance,Cosmic Bomb,Almahmoud,Promised Land,Pretty Ways,Montparnasse,Edelweiss,Milesian,Paleo,スピードシンボリ,ダンスタイム,Northern Dancer,Nice Princess,ファバージ,トウカイクイン
2023102259,ロジャーバローズ,ウーマッハ,ディープインパクト,リトルブック,ロードアルティマ,ダラス,サンデーサイレンス,ウインドインハーヘア,Librettist,Cal Norma's Lady,Seeking the Gold,Secrettame,ハイライズ,ロマンシンザホオン,Halo,Wishing Well,Alzao,Burghclere,Danzig,Mysterial,リファーズスペシャル,June Darling,Mr. Prospector,Con Game,Secretariat,Tamerett,ハイエステイト,High Tern,Saratoga Six,Mallorca,Hail to Reason,Cosmah,Understanding,Mountain Flower,Lyphard,Lady Rebecca,Busted,Highclere,Northern Dancer,Pas de Nom,Alleged,Mysteries,Lyphard,My Bupers,ジュニアス,Beau Darling,Raise a Native,Gold Digger,Buckpasser,Broadway,Bold Ruler,Somethingroyal,Tim Tam,Mixed Marriage,Shirley Heights,Regal Beauty,High Line,Sunbittern,Alydar,Priceless Fame,Full Out,Heladi
2023100595,カリフォルニアクローム,ピュアココロ,Lucky Pulpit,Love the Chase,ハーツクライ,ピュアプレジャー,Pulpit,Lucky Soph,Not for Love,Chase It Down,サンデーサイレンス,アイリッシュダンス,Tiznow,ケリーケイズプレジャー,A.P. Indy,Preach,Cozzene,Lucky Spell,Mr. Prospector,Dance Number,Polish Numbers,Chase the Dream,Halo,Wishing Well,トニービン,ビューパーダンス,Cee's Tizzy,Cee's Song,Kelly Kip,Flip's Pleasure,Seattle Slew,Weekend Surprise,Mr. Prospector,Narrate,Caro,Ride the Trails,Lucky Mel,Incantation,Raise a Native,Gold Digger,Northern Dancer,Numbered Account,Danzig,Numbered Account,Sir Ivor,La Belle Fleur,Hail to Reason,Cosmah,Understanding,Mountain Flower,カンパラ,Severn Bridge,Lyphard,My Bupers,Relaunch,テイズリー,Seattle Song,Lonely Dancer,Kipper Kelly,Marianne Theresa,Flip Sal,Molly's Pleasure
2023109163,ビッグアーサー,サクラコ,サクラバクシンオー,シヤボナ,メジロベイリー,パルカエ,サクラユタカオー,サクラハゴロモ,Kingmambo,Relish,サンデーサイレンス,レールデュタン,ヘクタープロテクター,ラムールフ,テスコボーイ,アンジェリカ,ノーザンテースト,クリアアンバー,Mr. Prospector,Miesque,Sadler's Wells,Reloy,Halo,Wishing Well,マルゼンスキー,ケイツナミ,Woodman,Korveya,ラストタイクーン,Flamme d'Amour,Princely Gift,Suncourt,ネヴァービート,スターハイネス,Northern Dancer,Lady Victoria,Ambiopoise,One Clear Call,Raise a Native,Gold Digger,Nureyev,Pasadoble,Northern Dancer,Fairy Bridge,Liloy,Rescousse,Hail to Reason,Cosmah,Understanding,Mountain Flower,Nijinsky,シル,ラディガ,ハイビスカス,Mr. Prospector,プレイメイト,Riverman,Konafa,トライマイベスト,Mill Princess,Gift Card,Gazolina
2023105197,アメリカンペイトリオット,レッドルシアン,War Front,Life Well Lived,ゼンノロブロイ,アルウェン,Danzig,Starry Dreamer,Tiznow,Well Dressed,サンデーサイレンス,ローミンレイチェル,トニービン,アドラーブル,Northern Dancer,Pas de Nom,Rubiano,Lara's Star,Cee's Tizzy,Cee's Song,Notebook,Trithenia,Halo,Wishing Well,マイニング,One Smart Lady,カンパラ,Severn Bridge,ノーザンテースト,エコルシユ,Nearctic,Natalma,Admiral's Voyage,Petitioner,Fappiano,Ruby Slippers,Forli,True Reality,Relaunch,テイズリー,Seattle Song,Lonely Dancer,Well Decorated,Mobcap,Gold Meridian,Tri Argo,Hail to Reason,Cosmah,Understanding,Mountain Flower,Mr. Prospector,I Pass,Clever Trick,Pia's Lady,Kalamoun,State Pension,Hornbeam,Priddy Fair,Northern Dancer,Lady Victoria,Big Spruce,Idmon
2023106773,オルフェーヴル,シセイカナタ,ステイゴールド,オリエンタルアート,バゴ,シセイハルカ,サンデーサイレンス,ゴールデンサッシュ,メジロマックイーン,エレクトロアート,Nashwan,Moonlight's Box,マンハッタンカフェ,シーヴィーナス,Halo,Wishing Well,ディクタス,ダイナサッシュ,メジロティターン,メジロオーロラ,ノーザンテースト,グランマスティーヴンス,Blushing Groom,Height of Fashion,Nureyev,Coup de Genie,サンデーサイレンス,サトルチェンジ,Dayjur,アサーティブプリンセス,Hail to Reason,Cosmah,Understanding,Mountain Flower,Sanctus,Doronic,ノーザンテースト,ロイヤルサッシュ,メジロアサマ,シエリル,リマンド,メジロアイリス,Northern Dancer,Lady Victoria,Lt. Stevens,Dhow,Red God,Runaway Bride,Bustino,Highclere,Northern Dancer,Special,Mr. Prospector,Coup de Folie,Halo,Wishing Well,Law Society,Santa Luciana,Danzig,Gold Beauty,Assert,Pacific Princess
2023104977,モズアスコット,ニットウムギ,Frankel,India,ケイムホーム,エイシンサーメット,Galileo,Kind,ヘネシー,Misty Hour,Gone West,Nice Assay,エイシンサンディ,エイシンスポーケン,Sadler's Wells,Urban Sea,デインヒル,Rainbow Lake,Storm Cat,Island Kitty,Miswaki,Our Tina Marie,Mr. Prospector,Secrettame,Clever Trick,インフルヴユー,サンデーサイレンス,エイシンウイザード,Alydar,Steady Gaze,Northern Dancer,Fairy Bridge,Miswaki,Allegretta,Danzig,Razyana,Rainbow Quest,Rockfest,Storm Bird,Terlingua,Hawaii,T. C. Kitten,Mr. Prospector,Hopespringseternal,Nijinsky,Java Moon,Raise a Native,Gold Digger,Secretariat,Tamerett,Icecapade,Kankakee Miss,Full Out,Turn n'See,Halo,Wishing Well,ノーザリー,シルバーナイキ,Raise a Native,Sweet Tooth,Storm Bird,Sweeping View
2023107163,レイデオロ,ヒストリックレディ,キングカメハメハ,ラドラーダ,ネオユニヴァース,ヒストリックスター,Kingmambo,マンファス,シンボリクリスエス,レディブロンド,サンデーサイレンス,ポインテッドパス,ファルブラヴ,ベガ,Mr. Prospector,Miesque,ラストタイクーン,Pilot Bird,Kris S.,Tee Kay,Seeking the Gold,ウインドインハーヘア,Halo,Wishing Well,Kris,Silken Way,Fairy King,Gift of the Night,トニービン,アンティックヴァリュー,Raise a Native,Gold Digger,Nureyev,Pasadoble,トライマイベスト,Mill Princess,Blakeney,The Dancer,Roberto,Sharp Queen,Gold Meridian,Tri Argo,Mr. Prospector,Con Game,Alzao,Burghclere,Hail to Reason,Cosmah,Understanding,Mountain Flower,Sharpen Up,Doubly Sure,Shantung,Boulevard,Northern Dancer,Fairy Bridge,Slewpy,Little Nana,カンパラ,Severn Bridge,Northern Dancer,Moonscape
2023105248,レイデオロ,ブリッジクライム,キングカメハメハ,ラドラーダ,ゼンノロブロイ,リーチマイハーバー,Kingmambo,マンファス,シンボリクリスエス,レディブロンド,サンデーサイレンス,ローミンレイチェル,ボストンハーバー,Rezagante,Mr. Prospector,Miesque,ラストタイクーン,Pilot Bird,Kris S.,Tee Kay,Seeking the Gold,ウインドインハーヘア,Halo,Wishing Well,マイニング,One Smart Lady,Capote,Harbor Springs,Practicante,Rezumba,Raise a Native,Gold Digger,Nureyev,Pasadoble,トライマイベスト,Mill Princess,Blakeney,The Dancer,Roberto,Sharp Queen,Gold Meridian,Tri Argo,Mr. Prospector,Con Game,Alzao,Burghclere,Hail to Reason,Cosmah,Understanding,Mountain Flower,Mr. Prospector,I Pass,Clever Trick,Pia's Lady,Seattle Slew,Too Bald,Vice Regent,Tinnitus,Pronto,Extraneza,Resuello,Rumbatica
2023105552,デクラレーションオブウォー,ロマンチックキス,War Front,Tempo West,ルーラーシップ,スターリーロマンス,Danzig,Starry Dreamer,Rahy,Tempo,キングカメハメハ,エアグルーヴ,サンデーサイレンス,ミルレーサー,Northern Dancer,Pas de Nom,Rubiano,Lara's Star,Blushing Groom,Glorious Song,Gone West,Terpsichorist,Kingmambo,マンファス,トニービン,ダイナカール,Halo,Wishing Well,Le Fabuleux,Marston's Mill,Nearctic,Natalma,Admiral's Voyage,Petitioner,Fappiano,Ruby Slippers,Forli,True Reality,Red God,Runaway Bride,Halo,Ballade,Mr. Prospector,Secrettame,Nijinsky,Glad Rags,Mr. Prospector,Miesque,ラストタイクーン,Pilot Bird,カンパラ,Severn Bridge,ノーザンテースト,シャダイフェザー,Hail to Reason,Cosmah,Understanding,Mountain Flower,Wild Risk,Anguar,In Reality,Millicent
2023102942,キタサンブラック,プレシャスライフ,ブラックタイド,シュガーハート,タイキシャトル,スターマイライフ,サンデーサイレンス,ウインドインハーヘア,サクラバクシンオー,オトメゴコロ,Devil's Bag,ウェルシュマフィン,Storm Cat,Great Lady M.,Halo,Wishing Well,Alzao,Burghclere,サクラユタカオー,サクラハゴロモ,ジャッジアンジェルーチ,テイズリー,Halo,Ballade,Caerleon,Muffitys,Storm Bird,Terlingua,Icecapade,Sovereign Lady,Hail to Reason,Cosmah,Understanding,Mountain Flower,Lyphard,Lady Rebecca,Busted,Highclere,テスコボーイ,アンジェリカ,ノーザンテースト,クリアアンバー,Honest Pleasure,Victorian Queen,Lyphard,Tizna,Hail to Reason,Cosmah,Herbager,Miss Swapsco,Nijinsky,Foreseer,Thatch,Contrail,Northern Dancer,South Ocean,Secretariat,Crimson Saint,Nearctic,Shenanigans,Young Emperor,Sweety Kid
2023102937,ゴールドシップ,ブライテストリング,ステイゴールド,ポイントフラッグ,ダノンシャンティ,ハピネスフォーユー,サンデーサイレンス,ゴールデンサッシュ,メジロマックイーン,パストラリズム,フジキセキ,シャンソネット,A.P. Indy,Sophorific,Halo,Wishing Well,ディクタス,ダイナサッシュ,メジロティターン,メジロオーロラ,プルラリズム,トクノエイティー,サンデーサイレンス,ミルレーサー,Mark of Esteem,Glorious Song,Seattle Slew,Weekend Surprise,デインヒル,Saucy Maid,Hail to Reason,Cosmah,Understanding,Mountain Flower,Sanctus,Doronic,ノーザンテースト,ロイヤルサッシュ,メジロアサマ,シエリル,リマンド,メジロアイリス,The Minstrel,Cambretta,トライバルチーフ,アイアンルビー,Halo,Wishing Well,Le Fabuleux,Marston's Mill,Darshaan,Homage,Halo,Ballade,Bold Reasoning,My Charmer,Secretariat,Lassie Dear,Danzig,Razyana,Sure Blade,Gay Milly
2023104597,サトノダイヤモンド,ブライトメッセージ,ディープインパクト,マルペンサ,シンボリクリスエス,エヴリウィスパー,サンデーサイレンス,ウインドインハーヘア,Orpen,Marsella,Kris S.,Tee Kay,ノーザンテースト,クラフテイワイフ,Halo,Wishing Well,Alzao,Burghclere,Lure,Bonita Francita,サザンヘイロー,Riviere,Roberto,Sharp Queen,Gold Meridian,Tri Argo,Northern Dancer,Lady Victoria,Crafty Prospector,Wife Mistress,Hail to Reason,Cosmah,Understanding,Mountain Flower,Lyphard,Lady Rebecca,Busted,Highclere,Danzig,Endear,Devil's Bag,Raise the Standard,Halo,Northern Sea,Logical,Talonada,Hail to Reason,Bramalea,Princequillo,Bridgework,Seattle Slew,Queen Louie,Tri Jet,Hail Proudly,Nearctic,Natalma,Victoria Park,Lady Angela,Mr. Prospector,Real Crafty Lady,Secretariat,Political Payoff
2023106974,リアルスティール,クラシックココア,ディープインパクト,ラヴズオンリーミー,Fastnet Rock,Alberton Park,サンデーサイレンス,ウインドインハーヘア,Storm Cat,Monevassia,デインヒル,Piccadilly Circus,Thorn Park,Alberton Star,Halo,Wishing Well,Alzao,Burghclere,Storm Bird,Terlingua,Mr. Prospector,Miesque,Danzig,Razyana,ロイヤルアカデミー,Gatana,スピニングワールド,Joy,Stylish Century,Alberton Lass,Hail to Reason,Cosmah,Understanding,Mountain Flower,Lyphard,Lady Rebecca,Busted,Highclere,Northern Dancer,South Ocean,Secretariat,Crimson Saint,Raise a Native,Gold Digger,Nureyev,Pasadoble,Northern Dancer,Pas de Nom,His Majesty,Spring Adieu,Nijinsky,Crimson Saint,Marauding,Twigalae,Nureyev,Imperfect Circle,Bluebird,Christmas Spirit,Double Century,Stylish,Adios,Magic River
2023106467,ゴールドシップ,パールオブアフリカ,ステイゴールド,ポイントフラッグ,Jeremy,Kournikova,サンデーサイレンス,ゴールデンサッシュ,メジロマックイーン,パストラリズム,Danehill Dancer,グリントインハーアイ,Sportsworld,Faberge Flowers,Halo,Wishing Well,ディクタス,ダイナサッシュ,メジロティターン,メジロオーロラ,プルラリズム,トクノエイティー,デインヒル,Mira Adonde,アラジ,ウインドインハーヘア,Alleged,Gallanta,Russian Fox,Queen of The Rings,Hail to Reason,Cosmah,Understanding,Mountain Flower,Sanctus,Doronic,ノーザンテースト,ロイヤルサッシュ,メジロアサマ,シエリル,リマンド,メジロアイリス,The Minstrel,Cambretta,トライバルチーフ,アイアンルビー,Danzig,Razyana,Sharpen Up,Lettre d'Amour,Blushing Groom,ダンスールファビュルー,Alzao,Burghclere,Hoist the Flag,Princess Pout,Nureyev,Gay Missile,Nijinsky,Flying Fur,Royal prerogative,Saturna
2023103506,ジャスタウェイ,パールサイド,ハーツクライ,シビル,Alhaarth,Prickly Pearl,サンデーサイレンス,アイリッシュダンス,Wild Again,シャロン,Unfuwain,Irish Valley,Lahib,Kashna,Halo,Wishing Well,トニービン,ビューパーダンス,Icecapade,Bushel-n-Peck,Mo Exception,Double Wiggle,Northern Dancer,Height of Fashion,Irish River,Green Valley,Riverman,Lady Cutlass,Blushing Groom,Kareena,Hail to Reason,Cosmah,Understanding,Mountain Flower,カンパラ,Severn Bridge,Lyphard,My Bupers,Nearctic,Shenanigans,Khaled,Dama,Hard Work,With Exception,Sir Wiggle,Blue Double,Nearctic,Natalma,Bustino,Highclere,Riverman,Irish Star,Val de Loir,Sly Pola,Never Bend,River Lady,Cutlass,Generals Sister,Red God,Runaway Bride,Riverman,Kermiya
2023103066,サートゥルナーリア,ディープラヴ,ロードカナロア,シーザリオ,ディープインパクト,シーズインクルーデッド,キングカメハメハ,レディブラッサム,スペシャルウィーク,キロフプリミエール,サンデーサイレンス,ウインドインハーヘア,Include,Dancingonice,Kingmambo,マンファス,Storm Cat,サラトガデュー,サンデーサイレンス,キャンペンガール,Sadler's Wells,Querida,Halo,Wishing Well,Alzao,Burghclere,Broad Brush,Illeria,Robyn Dancer,Codallthetime,Mr. Prospector,Miesque,ラストタイクーン,Pilot Bird,Storm Bird,Terlingua,Cormorant,Super Luna,Halo,Wishing Well,マルゼンスキー,レディーシラオキ,Northern Dancer,Fairy Bridge,Habitat,Principia,Hail to Reason,Cosmah,Understanding,Mountain Flower,Lyphard,Lady Rebecca,Busted,Highclere,Ack Ack,Hay Patcher,Stop the Music,Baldski's Holiday,Crafty Prospector,Double Dancer,It's Freezing,Pass the Mums
2023106422,ゴールドシップ,アメリオラシオン,ステイゴールド,ポイントフラッグ,ルーラーシップ,ローズシティ,サンデーサイレンス,ゴールデンサッシュ,メジロマックイーン,パストラリズム,キングカメハメハ,エアグルーヴ,フレンチデピュティ,ロゼダンジュ,Halo,Wishing Well,ディクタス,ダイナサッシュ,メジロティターン,メジロオーロラ,プルラリズム,トクノエイティー,Kingmambo,マンファス,トニービン,ダイナカール,Deputy Minister,Mitterand,サンデーサイレンス,ローザネイ,Hail to Reason,Cosmah,Understanding,Mountain Flower,Sanctus,Doronic,ノーザンテースト,ロイヤルサッシュ,メジロアサマ,シエリル,リマンド,メジロアイリス,The Minstrel,Cambretta,トライバルチーフ,アイアンルビー,Mr. Prospector,Miesque,ラストタイクーン,Pilot Bird,カンパラ,Severn Bridge,ノーザンテースト,シャダイフェザー,Vice Regent,Mint Copy,Hold Your Peace,Laredo Lass,Halo,Wishing Well,Lyphard,Riviere Doree
2023107406,ジャスタウェイ,クレバークリス,ハーツクライ,シビル,クロフネ,エアクリスティーナ,サンデーサイレンス,アイリッシュダンス,Wild Again,シャロン,フレンチデピュティ,ブルーアヴェニュー,フジキセキ,シークレットシェアラー,Halo,Wishing Well,トニービン,ビューパーダンス,Icecapade,Bushel-n-Peck,Mo Exception,Double Wiggle,Deputy Minister,Mitterand,Classic Go Go,Eliza Blue,サンデーサイレンス,ミルレーサー,Secretariat,Nijana,Hail to Reason,Cosmah,Understanding,Mountain Flower,カンパラ,Severn Bridge,Lyphard,My Bupers,Nearctic,Shenanigans,Khaled,Dama,Hard Work,With Exception,Sir Wiggle,Blue Double,Vice Regent,Mint Copy,Hold Your Peace,Laredo Lass,Pago Pago,Classic Perfection,Icecapade,コレラ,Halo,Wishing Well,Le Fabuleux,Marston's Mill,Bold Ruler,Somethingroyal,Nijinsky,Prodana Neviesta
2023104932,ハッピースプリント,タカンナ,アッミラーレ,マーゴーン,スピルバーグ,テンイムホウ,サンデーサイレンス,ダジルミージョリエ,Dayjur,Whispered Secret,ディープインパクト,プリンセスオリビア,ラムタラ,ラッキーダイアリー,Halo,Wishing Well,Carr de Naskra,Mawgrit,Danzig,Gold Beauty,Secretariat,Classy 'n Smart,サンデーサイレンス,ウインドインハーヘア,Lycius,Dance Image,Nijinsky,Snow Bride,ジャッジアンジェルーチ,ダイナシュペール,Hail to Reason,Cosmah,Understanding,Mountain Flower,Star de Naskra,Cornish Runner,Hoist the Flag,Spring Sunshine,Northern Dancer,Pas de Nom,Mr. Prospector,Stick to Beauty,Bold Ruler,Somethingroyal,Smarten,No Class,Halo,Wishing Well,Alzao,Burghclere,Mr. Prospector,Lypatia,Sadler's Wells,Diamond Spring,Northern Dancer,Flaming Page,Blushing Groom,Awaasif,Honest Pleasure,Victorian Queen,ノーザンテースト,カレンダーメイド
2023102251,キセキ,ロックザボート,ルーラーシップ,ブリッツフィナーレ,Fastnet Rock,ローマンエンプレス,キングカメハメハ,エアグルーヴ,ディープインパクト,ロンドンブリッジ,デインヒル,Piccadilly Circus,Sadler's Wells,Ionian Sea,Kingmambo,マンファス,トニービン,ダイナカール,サンデーサイレンス,ウインドインハーヘア,ドクターデヴィアス,オールフォーロンドン,Danzig,Razyana,ロイヤルアカデミー,Gatana,Northern Dancer,Fairy Bridge,Slip Anchor,Snow Day,Mr. Prospector,Miesque,ラストタイクーン,Pilot Bird,カンパラ,Severn Bridge,ノーザンテースト,シャダイフェザー,Halo,Wishing Well,Alzao,Burghclere,Ahonoora,Rose of Jericho,Danzig,Full Card,Northern Dancer,Pas de Nom,His Majesty,Spring Adieu,Nijinsky,Crimson Saint,Marauding,Twigalae,Nearctic,Natalma,Bold Reason,Special,Shirley Heights,Sayonara,Reliance,Vindaria
2023103433,ジャスタウェイ,ジプシーハイウェイ,ハーツクライ,シビル,High Chaparral,ローズジプシー,サンデーサイレンス,アイリッシュダンス,Wild Again,シャロン,Sadler's Wells,Kasora,Green Desert,Krisalya,Halo,Wishing Well,トニービン,ビューパーダンス,Icecapade,Bushel-n-Peck,Mo Exception,Double Wiggle,Northern Dancer,Fairy Bridge,Darshaan,Kozana,Danzig,Foreign Courier,Kris,Sassalya,Hail to Reason,Cosmah,Understanding,Mountain Flower,カンパラ,Severn Bridge,Lyphard,My Bupers,Nearctic,Shenanigans,Khaled,Dama,Hard Work,With Exception,Sir Wiggle,Blue Double,Nearctic,Natalma,Bold Reason,Special,Shirley Heights,Delsy,Kris,Koblenza,Northern Dancer,Pas de Nom,Sir Ivor,Courtly Dee,Sharpen Up,Doubly Sure,Sassafras,Valya
2023106582,ストーミーシー,イオ,アドマイヤムーン,リーベストラウム,タイキシャトル,クラウンガルチ,エンドスウィープ,マイケイティーズ,ゼンノエルシド,マウントモガミ,Devil's Bag,ウェルシュマフィン,Gulch,モムズクラウン,フォーティナイナー,Broom Dance,サンデーサイレンス,ケイティーズファースト,Caerleon,エンブラ,モガミ,マウントソブリン,Halo,Ballade,Caerleon,Muffitys,Mr. Prospector,Jameela,Chief's Crown,Mom's Command,Mr. Prospector,File,Dance Spell,Witching Hour,Halo,Wishing Well,Kris,Katies,Nijinsky,Foreseer,Dominion,Kaftan,Lyphard,ノーラック,ラッキーソブリン,マルイチアサコ,Hail to Reason,Cosmah,Herbager,Miss Swapsco,Nijinsky,Foreseer,Thatch,Contrail,Raise a Native,Gold Digger,Rambunctious,Asbury Mary,Danzig,Six Crowns,Top Command,Star Mommy
2023103375,ダイワメジャー,カンカンガール,サンデーサイレンス,スカーレットブーケ,Exchange Rate,カンビーナ,Halo,Wishing Well,ノーザンテースト,スカーレットインク,Danzig,Sterling Pound,Hawk Wing,Await,Hail to Reason,Cosmah,Understanding,Mountain Flower,Northern Dancer,Lady Victoria,Crimson Satan,Consentida,Northern Dancer,Pas de Nom,Seeking the Gold,Spectacular Bev,Woodman,La Lorgnette,パントレセレブル,Starring Role,Turn-to,Nothirdchance,Cosmic Bomb,Almahmoud,Promised Land,Pretty Ways,Montparnasse,Edelweiss,Nearctic,Natalma,Victoria Park,Lady Angela,Spy Song,Papila,Beau Max,La Menina,Nearctic,Natalma,Admiral's Voyage,Petitioner,Mr. Prospector,Con Game,Spectacular Bid,Bev Bev,Mr. Prospector,プレイメイト,Val de l'Orne,The Temptress,Nureyev,Peinture Bleue,Glenstal,Tough Lady
2023100784,ブラックタイド,ワイルドアフリカ,サンデーサイレンス,ウインドインハーヘア,ワイルドラッシュ,タカノルージュ,Halo,Wishing Well,Alzao,Burghclere,Wild Again,Rose Park,アレミロード,ニレザクラ,Hail to Reason,Cosmah,Understanding,Mountain Flower,Lyphard,Lady Rebecca,Busted,Highclere,Icecapade,Bushel-n-Peck,Plugged Nickle,Hardship,Tom Rolfe,Why Me Lord,マルゼンスキー,ラツキーフォックス,Turn-to,Nothirdchance,Cosmic Bomb,Almahmoud,Promised Land,Pretty Ways,Montparnasse,Edelweiss,Northern Dancer,Goofed,Sir Ivor,Pocahontas,Crepello,Sans le Sou,Queen's Hussar,Highlight,Nearctic,Shenanigans,Khaled,Dama,Key to the Mint,Toll Booth,Drone,Hard and Fast,Ribot,Pocahontas,Bold Reasoning,Tomorrowland,Nijinsky,シル,トピオ,ブルーベリー
2021104189,ロジャーバローズ,アルジェント,ディープインパクト,リトルブック,Shamardal,サマナケイ,サンデーサイレンス,ウインドインハーヘア,Librettist,Cal Norma's Lady,Giant's Causeway,Helsinki,Authorized,Tessa Reef,Halo,Wishing Well,Alzao,Burghclere,Danzig,Mysterial,リファーズスペシャル,June Darling,Storm Cat,Mariah's Storm,Machiavellian,Helen Street,モンジュー,Funsie,Mark of Esteem,Massaraat,Hail to Reason,Cosmah,Understanding,Mountain Flower,Lyphard,Lady Rebecca,Busted,Highclere,Northern Dancer,Pas de Nom,Alleged,Mysteries,Lyphard,My Bupers,ジュニアス,Beau Darling,Storm Bird,Terlingua,Rahy,イメンス,Mr. Prospector,Coup de Folie,Troy,Waterway,Sadler's Wells,Floripedes,Saumarez,Vallee Dansante,Darshaan,Homage,Nureyev,Pasadoble
2021105670,No Nay Never,デルフィニア,Scat Daddy,Cat's Eye Witness,Galileo,Again,ヨハネスブルグ,Love Style,Elusive Quality,Comical Cat,Sadler's Wells,Urban Sea,Danehill Dancer,Cumbres,ヘネシー,Myth,Mr. Prospector,Likeable Style,Gone West,Touch of Greatness,Exceller,Six Months Long,Northern Dancer,Fairy Bridge,Miswaki,Allegretta,デインヒル,Mira Adonde,Kahyasi,Floripedes,Storm Cat,Island Kitty,オジジアン,Yarn,Raise a Native,Gold Digger,Nijinsky,Personable Lady,Mr. Prospector,Secrettame,Hero's Honor,Ivory Wand,Vaguely Noble,Too Bald,Northern Dancer,Prime Time,Nearctic,Natalma,Bold Reason,Special,Mr. Prospector,Hopespringseternal,Lombard,Anatevka,Danzig,Razyana,Sharpen Up,Lettre d'Amour,イルドブルボン,Kadissya,Top Ville,Toute Cy
2022105501,イスラボニータ,プレミアステップス,フジキセキ,イスラコジーン,Footstepsinthesand,Primissima,サンデーサイレンス,ミルレーサー,Cozzene,Isla Mujeres,Giant's Causeway,Glatisant,Second Set,Princess Taufan,Halo,Wishing Well,Le Fabuleux,Marston's Mill,Caro,Ride the Trails,Crafty Prospector,Lido Isle,Storm Cat,Mariah's Storm,Rainbow Quest,Dancing Rocks,Alzao,Merriment,Taufan,Guindilla,Hail to Reason,Cosmah,Understanding,Mountain Flower,Wild Risk,Anguar,In Reality,Millicent,フォルティノ,Chambord,Prince John,Wildwook,Mr. Prospector,Real Crafty Lady,Far North,She Is Gorgeous,Storm Bird,Terlingua,Rahy,イメンス,Blushing Groom,I Will Follow,Green Dancer,Croda Rossa,Lyphard,Lady Rebecca,ゴーマーチング,Tiddlywinks,Stop the Music,Stolen Date,アーテイアス,Gayshuka
2020100446,ゴールドシップ,カワカミサクラ,ステイゴールド,ポイントフラッグ,Danehill Dancer,ボールルーム,サンデーサイレンス,ゴールデンサッシュ,メジロマックイーン,パストラリズム,デインヒル,Mira Adonde,Storm Cat,Virginia Waters,Halo,Wishing Well,ディクタス,ダイナサッシュ,メジロティターン,メジロオーロラ,プルラリズム,トクノエイティー,Danzig,Razyana,Sharpen Up,Lettre d'Amour,Storm Bird,Terlingua,Kingmambo,Legend Maker,Hail to Reason,Cosmah,Understanding,Mountain Flower,Sanctus,Doronic,ノーザンテースト,ロイヤルサッシュ,メジロアサマ,シエリル,リマンド,メジロアイリス,The Minstrel,Cambretta,トライバルチーフ,アイアンルビー,Northern Dancer,Pas de Nom,His Majesty,Spring Adieu,エタン,Rocchetta,Caro,Lianga,Northern Dancer,South Ocean,Secretariat,Crimson Saint,Mr. Prospector,Miesque,Sadler's Wells,High Spirited
2022105849,ドレフォン,マスターワーク,Gio Ponti,Eltimaas,ダイワメジャー,イグジビットワン,Tale of the Cat,Chipeta Springs,Ghostzapper,Najecam,サンデーサイレンス,スカーレットブーケ,Silver Hawk,Tsar's Pride,Storm Cat,Yarn,Alydar,Salt Spring,Awesome Again,Baby Zip,Trempolino,Sue Warner,Halo,Wishing Well,ノーザンテースト,スカーレットインク,Roberto,Gris Vitesse,Sadler's Wells,Bold Empress,Storm Bird,Terlingua,Mr. Prospector,Narrate,Raise a Native,Sweet Tooth,Salt Marsh,Jungle Mythologic,Deputy Minister,Primal Force,Relaunch,Thirty Zip,Sharpen Up,Trephine,Forli,Bitty Girl,Hail to Reason,Cosmah,Understanding,Mountain Flower,Northern Dancer,Lady Victoria,Crimson Satan,Consentida,Hail to Reason,Bramalea,Amerigo,Matchiche,Northern Dancer,Fairy Bridge,Diesis,Zaizafon
2021100469,ダンカーク,カフェローレル,Unbridled's Song,Secret Status,マンハッタンカフェ,ローレルウィッチ,Unbridled,Trolley Song,A.P. Indy,Private Status,サンデーサイレンス,サトルチェンジ,エルコンドルパサー,マイサクセション,Fappiano,Gana Facil,Caro,Lucky Spell,Seattle Slew,Weekend Surprise,Alydar,Miss Eva,Halo,Wishing Well,Law Society,Santa Luciana,Kingmambo,サドラーズギャル,クリミナルタイプ,My Juliet,Mr. Prospector,Killaloe,Le Fabuleux,Charedi,フォルティノ,Chambord,Lucky Mel,Incantation,Bold Reasoning,My Charmer,Secretariat,Lassie Dear,Raise a Native,Sweet Tooth,Con Brio,Apolinea,Hail to Reason,Cosmah,Understanding,Mountain Flower,Alleged,Bold Bikini,Luciano,Suleika,Mr. Prospector,Miesque,Sadler's Wells,Glenveagh,Alydar,Klepto,Gallant Romeo,My Bupers
2022105032,ドゥラメンテ,ベアインマインド,キングカメハメハ,アドマイヤグルーヴ,ディープインパクト,ウルトラブレンド,Kingmambo,マンファス,サンデーサイレンス,エアグルーヴ,サンデーサイレンス,ウインドインハーヘア,Richly Blended,Ankha,Mr. Prospector,Miesque,ラストタイクーン,Pilot Bird,Halo,Wishing Well,トニービン,ダイナカール,Halo,Wishing Well,Alzao,Burghclere,Rizzi,Valid Blend,Desert Classic,Distant Runner,Raise a Native,Gold Digger,Nureyev,Pasadoble,トライマイベスト,Mill Princess,Blakeney,The Dancer,Hail to Reason,Cosmah,Understanding,Mountain Flower,カンパラ,Severn Bridge,ノーザンテースト,シャダイフェザー,Hail to Reason,Cosmah,Understanding,Mountain Flower,Lyphard,Lady Rebecca,Busted,Highclere,アフリート,トップウィッシュ,Valid Appeal,Blend of Poetry,Damascus,Classic Perfection,Distant Day,Mat Mit
2022104815,シスキン,シャンボールフィズ,First Defence,Bird Flown,キングカメハメハ,マンハッタンフィズ,Unbridled's Song,Honest Lady,Oasis Dream,Silver Star,Kingmambo,マンファス,サンデーサイレンス,サトルチェンジ,Unbridled,Trolley Song,Seattle Slew,Toussaud,Green Desert,Hope,Zafonic,Monroe,Mr. Prospector,Miesque,ラストタイクーン,Pilot Bird,Halo,Wishing Well,Law Society,Santa Luciana,Fappiano,Gana Facil,Caro,Lucky Spell,Bold Reasoning,My Charmer,El Gran Senor,Image of Reality,Danzig,Foreign Courier,ダンシングブレーヴ,Bahamian,Gone West,Zaizafon,Sir Ivor,Best in Show,Raise a Native,Gold Digger,Nureyev,Pasadoble,トライマイベスト,Mill Princess,Blakeney,The Dancer,Hail to Reason,Cosmah,Understanding,Mountain Flower,Alleged,Bold Bikini,Luciano,Suleika
2021105415,スワーヴリチャード,ウェイクミーアップ,ハーツクライ,ピラミマ,ロックオブジブラルタル,Hymn Of The Dawn,サンデーサイレンス,アイリッシュダンス,Unbridled's Song,キャリアコレクション,デインヒル,Offshore Boom,Phone Trick,Colonial Debut,Halo,Wishing Well,トニービン,ビューパーダンス,Unbridled,Trolley Song,General Meeting,River of Stars,Danzig,Razyana,Be My Guest,Push a Button,Clever Trick,Over the Phone,Pleasant Colony,Kittihawk Miss,Hail to Reason,Cosmah,Understanding,Mountain Flower,カンパラ,Severn Bridge,Lyphard,My Bupers,Fappiano,Gana Facil,Caro,Lucky Spell,Seattle Slew,Alydar's Promise,Riverman,Star Fortune,Northern Dancer,Pas de Nom,His Majesty,Spring Adieu,Northern Dancer,What a Treat,Bold Lad,River Lady,Icecapade,Kankakee Miss,Finnegan,Prattle,His Majesty,Sun Colony,Alydar,Kittiwake
2022110138,Liam's Map,Cousin Newyork Fay,Unbridled's Song,Miss Macy Sue,Bluegrass Cat,Still Secret,Unbridled,Trolley Song,Trippi,Yada Yada,Storm Cat,She's a Winner,ヘネシー,Runaway Spy,Fappiano,Gana Facil,Caro,Lucky Spell,エンドスウィープ,Jealous Appeal,Great Above,Stem,Storm Bird,Terlingua,A.P. Indy,Get Lucky,Storm Cat,Island Kitty,Mt. Livermore,Pretty Driver,Mr. Prospector,Killaloe,Le Fabuleux,Charedi,フォルティノ,Chambord,Lucky Mel,Incantation,フォーティナイナー,Broom Dance,Valid Appeal,Jealous Cat,Minnesota Mac,Ta Wee,Damascus,Tweak,Northern Dancer,South Ocean,Secretariat,Crimson Saint,Seattle Slew,Weekend Surprise,Mr. Prospector,Dance Number,Storm Bird,Terlingua,Hawaii,T. C. Kitten,Blushing Groom,Flama Ardiente,Lt. Stevens,Reckless Driver
2022105381,リオンディーズ,スノーエンジェル,キングカメハメハ,シーザリオ,スウェプトオーヴァーボード,サイレントプレアー,Kingmambo,マンファス,スペシャルウィーク,キロフプリミエール,エンドスウィープ,Sheer Ice,サンデーサイレンス,ジェントルスピリット,Mr. Prospector,Miesque,ラストタイクーン,Pilot Bird,サンデーサイレンス,キャンペンガール,Sadler's Wells,Querida,フォーティナイナー,Broom Dance,Cutlass,Hey Dolly A.,Halo,Wishing Well,Nijinsky,Banderole,Raise a Native,Gold Digger,Nureyev,Pasadoble,トライマイベスト,Mill Princess,Blakeney,The Dancer,Halo,Wishing Well,マルゼンスキー,レディーシラオキ,Northern Dancer,Fairy Bridge,Habitat,Principia,Mr. Prospector,File,Dance Spell,Witching Hour,Damascus,Aphonia,Ambehaving,Swift Deal,Hail to Reason,Cosmah,Understanding,Mountain Flower,Northern Dancer,Flaming Page,Hoist the Flag,Mrs. Peterkin
2021101905,ビッグアーサー,キョウエイレガシー,サクラバクシンオー,シヤボナ,ハービンジャー,ビジャリカ,サクラユタカオー,サクラハゴロモ,Kingmambo,Relish,Dansili,Penang Pearl,ディープインパクト,リーサ,テスコボーイ,アンジェリカ,ノーザンテースト,クリアアンバー,Mr. Prospector,Miesque,Sadler's Wells,Reloy,デインヒル,Hasili,Bering,Guapa,サンデーサイレンス,ウインドインハーヘア,Hussonet,Dinasty,Princely Gift,Suncourt,ネヴァービート,スターハイネス,Northern Dancer,Lady Victoria,Ambiopoise,One Clear Call,Raise a Native,Gold Digger,Nureyev,Pasadoble,Northern Dancer,Fairy Bridge,Liloy,Rescousse,Danzig,Razyana,Kahyasi,Kerali,Arctic Tern,Beaune,Shareef Dancer,Sauceboat,Halo,Wishing Well,Alzao,Burghclere,Mr. Prospector,Sacahuista,Cresta Rider,Grela
2021110109,Liam's Map,Layla,Unbridled's Song,Miss Macy Sue,Union Rags,I'm a Flake,Unbridled,Trolley Song,Trippi,Yada Yada,Dixie Union,Tempo,Mineshaft,November Snow,Fappiano,Gana Facil,Caro,Lucky Spell,エンドスウィープ,Jealous Appeal,Great Above,Stem,Dixieland Band,She's Tops,Gone West,Terpsichorist,A.P. Indy,Prospectors Delite,Storm Cat,Princess Alydar,Mr. Prospector,Killaloe,Le Fabuleux,Charedi,フォルティノ,Chambord,Lucky Mel,Incantation,フォーティナイナー,Broom Dance,Valid Appeal,Jealous Cat,Minnesota Mac,Ta Wee,Damascus,Tweak,Northern Dancer,Mississippi Mud,Capote,She's a Talent,Mr. Prospector,Secrettame,Nijinsky,Glad Rags,Seattle Slew,Weekend Surprise,Mr. Prospector,Up the Flagpole,Storm Bird,Terlingua,Alydar,Sunny Morning
2022103211,ナダル,グアン,Blame,Ascending Angel,オルフェーヴル,マルヴァーンスプリング,Arch,Liable,Pulpit,Solar Colony,ステイゴールド,オリエンタルアート,Silver Deputy,Chelsey Flower,Kris S.,Aurora,Seeking the Gold,Bound,A.P. Indy,Preach,Pleasant Colony,Meteor Stage,サンデーサイレンス,ゴールデンサッシュ,メジロマックイーン,エレクトロアート,Deputy Minister,Silver Valley,His Majesty,Chelsey Dancer,Roberto,Sharp Queen,Danzig,Althea,Mr. Prospector,Con Game,Nijinsky,Special,Seattle Slew,Weekend Surprise,Mr. Prospector,Narrate,His Majesty,Sun Colony,Stage Door Johnny,Northern Meteor,Halo,Wishing Well,ディクタス,ダイナサッシュ,メジロティターン,メジロオーロラ,ノーザンテースト,グランマスティーヴンス,Vice Regent,Mint Copy,Mr. Prospector,Seven Valleys,Ribot,Flower Bowl,Affirmed,Chelseanna
2021106673,ドレフォン,エフティマイア,Gio Ponti,Eltimaas,フジキセキ,カツラドライバー,Tale of the Cat,Chipeta Springs,Ghostzapper,Najecam,サンデーサイレンス,ミルレーサー,ニホンピロウイナー,ノーザンマイア,Storm Cat,Yarn,Alydar,Salt Spring,Awesome Again,Baby Zip,Trempolino,Sue Warner,Halo,Wishing Well,Le Fabuleux,Marston's Mill,スティールハート,ニホンピロエバート,ノーザンテースト,マイア,Storm Bird,Terlingua,Mr. Prospector,Narrate,Raise a Native,Sweet Tooth,Salt Marsh,Jungle Mythologic,Deputy Minister,Primal Force,Relaunch,Thirty Zip,Sharpen Up,Trephine,Forli,Bitty Girl,Hail to Reason,Cosmah,Understanding,Mountain Flower,Wild Risk,Anguar,In Reality,Millicent,Habitat,A.,チャイナロック,ライトフレーム,Northern Dancer,Lady Victoria,Cipol,Leandra
2021104464,マクフィ,エレンボーゲン,Dubawi,Dhelaal,ブラックタイド,ショアー,Dubai Millennium,Zomaradah,Green Desert,Irish Valley,サンデーサイレンス,ウインドインハーヘア,Acatenango,So Sedulous,Seeking the Gold,Colorado Dancer,Deploy,Jawaher,Danzig,Foreign Courier,Irish River,Green Valley,Halo,Wishing Well,Alzao,Burghclere,Surumu,Aggravate,The Minstrel,Sedulous,Mr. Prospector,Con Game,Shareef Dancer,Fall Aspen,Shirley Heights,Slightly Dangerous,ダンシングブレーヴ,High Tern,Northern Dancer,Pas de Nom,Sir Ivor,Courtly Dee,Riverman,Irish Star,Val de Loir,Sly Pola,Hail to Reason,Cosmah,Understanding,Mountain Flower,Lyphard,Lady Rebecca,Busted,Highclere,Literat,Surama,Aggressor,Raven Locks,Northern Dancer,Fleur,タップオンウッド,Pendulina
2022105774,ナダル,カイカヨソウ,Blame,Ascending Angel,ティンバーカントリー,マチカネヤマザクラ,Arch,Liable,Pulpit,Solar Colony,Woodman,Fall Aspen,エリシオ,マチカネミラージュ,Kris S.,Aurora,Seeking the Gold,Bound,A.P. Indy,Preach,Pleasant Colony,Meteor Stage,Mr. Prospector,プレイメイト,Pretense,Change Water,Fairy King,Helice,Machiavellian,Melodrama,Roberto,Sharp Queen,Danzig,Althea,Mr. Prospector,Con Game,Nijinsky,Special,Seattle Slew,Weekend Surprise,Mr. Prospector,Narrate,His Majesty,Sun Colony,Stage Door Johnny,Northern Meteor,Raise a Native,Gold Digger,Buckpasser,Intriguing,Endeavour,Imitation,Swaps,Portage,Northern Dancer,Fairy Bridge,Slewpy,Hirondelle,Mr. Prospector,Coup de Folie,Busted,Matinee
2021105974,ロードカナロア,マイミスリリー,キングカメハメハ,レディブラッサム,Tapit,Wicked Deed,Kingmambo,マンファス,Storm Cat,サラトガデュー,Pulpit,Tap Your Heels,Harlan's Holiday,Marfa's Squall,Mr. Prospector,Miesque,ラストタイクーン,Pilot Bird,Storm Bird,Terlingua,Cormorant,Super Luna,A.P. Indy,Preach,Unbridled,Ruby Slippers,Harlan,Christmas in Aiken,Marfa,Western Squall,Raise a Native,Gold Digger,Nureyev,Pasadoble,トライマイベスト,Mill Princess,Blakeney,The Dancer,Northern Dancer,South Ocean,Secretariat,Crimson Saint,His Majesty,Song Sparrow,In Reality,Alada,Seattle Slew,Weekend Surprise,Mr. Prospector,Narrate,Fappiano,Gana Facil,Nijinsky,Moon Glitter,Storm Cat,Country Romance,Affirmed,Dowager,Foolish Pleasure,Gray Matter,Gone West,Reiterate
2020105813,エスポワールシチー,シリカ,ゴールドアリュール,エミネントシチー,メイショウボーラー,グリーンヒルコマチ,サンデーサイレンス,ニキーヤ,ブライアンズタイム,ヘップバーンシチー,タイキシャトル,ナイスレイズ,アフリート,ツネノコトブキ,Halo,Wishing Well,Nureyev,Reluctant Guest,Roberto,Kelley's Day,ブレイヴェストローマン,コンパルシチー,Devil's Bag,ウェルシュマフィン,Storm Cat,Nice Tradition,Mr. Prospector,Polite Lady,サンシャインボーイ,オリエントゴールド,Hail to Reason,Cosmah,Understanding,Mountain Flower,Northern Dancer,Special,Hostage,Vaguely Royal,Hail to Reason,Bramalea,Graustark,Golden Trail,Never Bend,Roman Song,トラフィック,リンネス,Halo,Ballade,Caerleon,Muffitys,Storm Bird,Terlingua,Search Tradition,Nice Dancing,Raise a Native,Gold Digger,Venetian Jester,Friendly Ways,テスコボーイ,ソーダストリーム,タニノチカラ,センゾクチカラ
2020106687,イスラボニータ,アイヴォリーカラー,フジキセキ,イスラコジーン,クロフネ,アピーリングストーリー,サンデーサイレンス,ミルレーサー,Cozzene,Isla Mujeres,フレンチデピュティ,ブルーアヴェニュー,Valid Appeal,Charming Story,Halo,Wishing Well,Le Fabuleux,Marston's Mill,Caro,Ride the Trails,Crafty Prospector,Lido Isle,Deputy Minister,Mitterand,Classic Go Go,Eliza Blue,In Reality,Desert Trial,Hail to Reason,Dame Fritchie,Hail to Reason,Cosmah,Understanding,Mountain Flower,Wild Risk,Anguar,In Reality,Millicent,フォルティノ,Chambord,Prince John,Wildwook,Mr. Prospector,Real Crafty Lady,Far North,She Is Gorgeous,Vice Regent,Mint Copy,Hold Your Peace,Laredo Lass,Pago Pago,Classic Perfection,Icecapade,コレラ,Intentionally,My Dear Girl,Moslem Chief,Scotch Verdict,Turn-to,Nothirdchance,Count of Honor,So Proudly
2021109086,シャンハイボビー,エイシンバンバ,Harlan's Holiday,Steelin',Rock Hard Ten,Stella Blue,Harlan,Christmas in Aiken,Orientate,Steel Band,Kris S.,Tersa,Anabaa,Libanoor,Storm Cat,Country Romance,Affirmed,Dowager,Mt. Livermore,Dream Team,Carson City,ウェディングバンド,Roberto,Sharp Queen,Mr. Prospector,Peacefully,Danzig,Balbonella,Highest Honor,Baino Bluff,Storm Bird,Terlingua,Halo,Sweet Romance,Exclusive Native,Won't Tell You,Honest Pleasure,Princessnesian,Blushing Groom,Flama Ardiente,Cox's Ridge,Likely Double,Mr. Prospector,Blushing Promise,Mighty Appealing,Ring of Steel,Hail to Reason,Bramalea,Princequillo,Bridgework,Raise a Native,Gold Digger,Jacinto,Morning Calm,Northern Dancer,Pas de Nom,ゲイメセン,Bamieres,Kenmare,High River,Be My Guest,Rapids
2020104676,ロゴタイプ,ユキノクイーン,ローエングリン,ステレオタイプ,タイキシャトル,ラスターゲイン,シングスピール,カーリング,サンデーサイレンス,スターバレリーナ,Devil's Bag,ウェルシュマフィン,ホリスキー,カランボラ,In the Wings,Glorious Song,Garde Royale,Corraleja,Halo,Wishing Well,Risen Star,ベリアーニ,Halo,Ballade,Caerleon,Muffitys,マルゼンスキー,オキノバンダ,Alleged,Dusk,Sadler's Wells,High Hawk,Halo,Ballade,Mill Reef,Royal Way,Carvin,Darling Dale,Hail to Reason,Cosmah,Understanding,Mountain Flower,Secretariat,Ribbon,Nureyev,Eleven Pleasures,Hail to Reason,Cosmah,Herbager,Miss Swapsco,Nijinsky,Foreseer,Thatch,Contrail,Nijinsky,シル,オンリーフォアライフ,メジロビーナス,Hoist the Flag,Princess Pout,Olden Times,Tropic Star
2020102784,キンシャサノキセキ,エヴァディングタンペット,フジキセキ,ケルトシャーン,Dubai Destination,Late Summer,サンデーサイレンス,ミルレーサー,Pleasant Colony,Featherhill,Kingmambo,Mysterial,Gone West,Sun and Shade,Halo,Wishing Well,Le Fabuleux,Marston's Mill,His Majesty,Sun Colony,Lyphard,Lady Berry,Mr. Prospector,Miesque,Alleged,Mysteries,Mr. Prospector,Secrettame,Ajdal,Shadywood,Hail to Reason,Cosmah,Understanding,Mountain Flower,Wild Risk,Anguar,In Reality,Millicent,Ribot,Flower Bowl,Sunrise Flight,Colonia,Northern Dancer,Goofed,Violon d'Ingres,Moss Rose,Raise a Native,Gold Digger,Nureyev,Pasadoble,Hoist the Flag,Princess Pout,Seattle Slew,Phydilla,Raise a Native,Gold Digger,Secretariat,Tamerett,Northern Dancer,Native Partner,Habitat,Milly Moss
2019106777,ディスクリートキャット,ヒメスズラン,Forestry,Pretty Discreet,ゴールドアリュール,イシノスティール,Storm Cat,Shared Interest,Private Account,Pretty Persuasive,サンデーサイレンス,ニキーヤ,ラムタラ,プラチナウェーブ,Storm Bird,Terlingua,Pleasant Colony,Surgery,Damascus,Numbered Account,Believe It,Bury the Hatchet,Halo,Wishing Well,Nureyev,Reluctant Guest,Nijinsky,Snow Bride,Mr. Prospector,Coiffure,Northern Dancer,South Ocean,Secretariat,Crimson Saint,His Majesty,Sun Colony,Dr. Fager,Bold Sequence,Sword Dancer,Kerala,Buckpasser,Intriguing,In Reality,Breakfast Bell,Tom Rolfe,Christmas Whishes,Hail to Reason,Cosmah,Understanding,Mountain Flower,Northern Dancer,Special,Hostage,Vaguely Royal,Northern Dancer,Flaming Page,Blushing Groom,Awaasif,Raise a Native,Gold Digger,Sir Gaylord,Style
2023103907,サートゥルナーリア,メジロスプレンダー,ロードカナロア,シーザリオ,シンボリクリスエス,クライウィズジョイ,キングカメハメハ,レディブラッサム,スペシャルウィーク,キロフプリミエール,Kris S.,Tee Kay,トニービン,クライングフォーモア,Kingmambo,マンファス,Storm Cat,サラトガデュー,サンデーサイレンス,キャンペンガール,Sadler's Wells,Querida,Roberto,Sharp Queen,Gold Meridian,Tri Argo,カンパラ,Severn Bridge,Always Run Lucky,オールドスタッフ,Mr. Prospector,Miesque,ラストタイクーン,Pilot Bird,Storm Bird,Terlingua,Cormorant,Super Luna,Halo,Wishing Well,マルゼンスキー,レディーシラオキ,Northern Dancer,Fairy Bridge,Habitat,Principia,Hail to Reason,Bramalea,Princequillo,Bridgework,Seattle Slew,Queen Louie,Tri Jet,Hail Proudly,Kalamoun,State Pension,Hornbeam,Priddy Fair,What Luck,Big Puddles,Irish River,アンティックヴァリュー
2023107256,キズナ,ミスベジル,ディープインパクト,キャットクイル,Medaglia d'Oro,Quiet Dance,サンデーサイレンス,ウインドインハーヘア,Storm Cat,Pacific Princess,El Prado,Cappucino Bay,Quiet American,Misty Dancer,Halo,Wishing Well,Alzao,Burghclere,Storm Bird,Terlingua,Damascus,Fiji,Sadler's Wells,Lady Capulet,Bailjumper,Dubbed In,Fappiano,Demure,Lyphard,Flight Dancer,Hail to Reason,Cosmah,Understanding,Mountain Flower,Lyphard,Lady Rebecca,Busted,Highclere,Northern Dancer,South Ocean,Secretariat,Crimson Saint,Sword Dancer,Kerala,Acropolis,Rififi,Northern Dancer,Fairy Bridge,Sir Ivor,Cap and Bells,Damascus,Court Circuit,Silent Screen,Society Singer,Mr. Prospector,Killaloe,Dr. Fager,Quiet Charm,Northern Dancer,Goofed,Misty Flight,Courbette
2023107107,キタサンブラック,チェリーコレクト,ブラックタイド,シュガーハート,Oratorio,Holy Moon,サンデーサイレンス,ウインドインハーヘア,サクラバクシンオー,オトメゴコロ,デインヒル,Mahrah,エルナンド,Centinela,Halo,Wishing Well,Alzao,Burghclere,サクラユタカオー,サクラハゴロモ,ジャッジアンジェルーチ,テイズリー,Danzig,Razyana,Vaguely Noble,Montage,Niniski,Whakilyric,Caerleon,New Generation,Hail to Reason,Cosmah,Understanding,Mountain Flower,Lyphard,Lady Rebecca,Busted,Highclere,テスコボーイ,アンジェリカ,ノーザンテースト,クリアアンバー,Honest Pleasure,Victorian Queen,Lyphard,Tizna,Northern Dancer,Pas de Nom,His Majesty,Spring Adieu,ヴィエナ,Noble Lassie,Alydar,Katonka,Nijinsky,Virginia Hills,Miswaki,リリズム,Nijinsky,Foreseer,Young Generation,Madina
2023104676,リオンリオン,タイセイアヴァンセ,ルーラーシップ,アゲヒバリ,ハービンジャー,ゼフィランサス,キングカメハメハ,エアグルーヴ,クロフネ,トゥザヴィクトリー,Dansili,Penang Pearl,キングヘイロー,モガミヒメ,Kingmambo,マンファス,トニービン,ダイナカール,フレンチデピュティ,ブルーアヴェニュー,サンデーサイレンス,フェアリードール,デインヒル,Hasili,Bering,Guapa,ダンシングブレーヴ,グッバイヘイロー,カコイーシーズ,モガミポイント,Mr. Prospector,Miesque,ラストタイクーン,Pilot Bird,カンパラ,Severn Bridge,ノーザンテースト,シャダイフェザー,Deputy Minister,Mitterand,Classic Go Go,Eliza Blue,Halo,Wishing Well,Nureyev,Dream Deal,Danzig,Razyana,Kahyasi,Kerali,Arctic Tern,Beaune,Shareef Dancer,Sauceboat,Lyphard,Navajo Princess,Halo,Pound Foolish,Alydar,Careless Notion,マルゼンスキー,ポイントメーカー
2023103391,キズナ,グリーンバナナズ,ディープインパクト,キャットクイル,Green Tune,Anabaa Republic,サンデーサイレンス,ウインドインハーヘア,Storm Cat,Pacific Princess,Green Dancer,Soundings,Anabaa,Gigawatt,Halo,Wishing Well,Alzao,Burghclere,Storm Bird,Terlingua,Damascus,Fiji,Nijinsky,Green Valley,Mr. Prospector,Ocean's Answer,Danzig,Balbonella,Double Bed,Jimka,Hail to Reason,Cosmah,Understanding,Mountain Flower,Lyphard,Lady Rebecca,Busted,Highclere,Northern Dancer,South Ocean,Secretariat,Crimson Saint,Sword Dancer,Kerala,Acropolis,Rififi,Northern Dancer,Flaming Page,Val de Loir,Sly Pola,Raise a Native,Gold Digger,ノーザンアンサー,South Ocean,Northern Dancer,Pas de Nom,ゲイメセン,Bamieres,Be My Guest,Claire's Slipper,ジムフレンチ,Kastueuse
2023100237,ヴァンゴッホ,マナローラ,American Pharoah,Imagine,ハーツクライ,シェープアップ,Pioneerof the Nile,Littleprincessemma,Sadler's Wells,Doff the Derby,サンデーサイレンス,アイリッシュダンス,Kingmambo,ライフアウトゼア,エンパイアメーカー,Star of Goshen,Yankee Gentleman,Exclusive Rosette,Northern Dancer,Fairy Bridge,Master Derby,Margarethen,Halo,Wishing Well,トニービン,ビューパーダンス,Mr. Prospector,Miesque,Deputy Minister,Silver Valley,Unbridled,Toussaud,Lord at War,Castle Eight,Storm Cat,Key Phrase,Ecliptical,Zetta Jet,Nearctic,Natalma,Bold Reason,Special,ダストコマンダー,Madam Jerry,Tulyar,Russ-Marie,Hail to Reason,Cosmah,Understanding,Mountain Flower,カンパラ,Severn Bridge,Lyphard,My Bupers,Raise a Native,Gold Digger,Nureyev,Pasadoble,Vice Regent,Mint Copy,Mr. Prospector,Seven Valleys
2023100913,コントレイル,ガリレオズソング,ディープインパクト,ロードクロサイト,Galileo,Song to Remember,サンデーサイレンス,ウインドインハーヘア,Unbridled's Song,Folklore,Sadler's Wells,Urban Sea,Storm Cat,Wedding Reception,Halo,Wishing Well,Alzao,Burghclere,Unbridled,Trolley Song,Tiznow,Contrive,Northern Dancer,Fairy Bridge,Miswaki,Allegretta,Storm Bird,Terlingua,Round Table,Prodana Neviesta,Hail to Reason,Cosmah,Understanding,Mountain Flower,Lyphard,Lady Rebecca,Busted,Highclere,Fappiano,Gana Facil,Caro,Lucky Spell,Cee's Tizzy,Cee's Song,Storm Cat,Jeano,Nearctic,Natalma,Bold Reason,Special,Mr. Prospector,Hopespringseternal,Lombard,Anatevka,Northern Dancer,South Ocean,Secretariat,Crimson Saint,Princequillo,Knights Daughter,Reneged,Jolie Deja
2022104812,シスキン,シャンドランジュ,First Defence,Bird Flown,マンハッタンカフェ,ハルーワソング,Unbridled's Song,Honest Lady,Oasis Dream,Silver Star,サンデーサイレンス,サトルチェンジ,Nureyev,Morn of Song,Unbridled,Trolley Song,Seattle Slew,Toussaud,Green Desert,Hope,Zafonic,Monroe,Halo,Wishing Well,Law Society,Santa Luciana,Northern Dancer,Special,Blushing Groom,Glorious Song,Fappiano,Gana Facil,Caro,Lucky Spell,Bold Reasoning,My Charmer,El Gran Senor,Image of Reality,Danzig,Foreign Courier,ダンシングブレーヴ,Bahamian,Gone West,Zaizafon,Sir Ivor,Best in Show,Hail to Reason,Cosmah,Understanding,Mountain Flower,Alleged,Bold Bikini,Luciano,Suleika,Nearctic,Natalma,Forli,Thong,Red God,Runaway Bride,Halo,Ballade
2022105157,ロードカナロア,レッドオルガ,キングカメハメハ,レディブラッサム,ディープインパクト,エリモピクシー,Kingmambo,マンファス,Storm Cat,サラトガデュー,サンデーサイレンス,ウインドインハーヘア,ダンシングブレーヴ,エリモシューテング,Mr. Prospector,Miesque,ラストタイクーン,Pilot Bird,Storm Bird,Terlingua,Cormorant,Super Luna,Halo,Wishing Well,Alzao,Burghclere,Lyphard,Navajo Princess,テスコボーイ,デプグリーフ,Raise a Native,Gold Digger,Nureyev,Pasadoble,トライマイベスト,Mill Princess,Blakeney,The Dancer,Northern Dancer,South Ocean,Secretariat,Crimson Saint,His Majesty,Song Sparrow,In Reality,Alada,Hail to Reason,Cosmah,Understanding,Mountain Flower,Lyphard,Lady Rebecca,Busted,Highclere,Northern Dancer,Goofed,Drone,Olmec,Princely Gift,Suncourt,Vaguely Noble,デプス
2021104865,エピファネイア,シャルール,シンボリクリスエス,シーザリオ,ゼンノロブロイ,グレイトフィーヴァー,Kris S.,Tee Kay,スペシャルウィーク,キロフプリミエール,サンデーサイレンス,ローミンレイチェル,Kaldoun,My Great Hope,Roberto,Sharp Queen,Gold Meridian,Tri Argo,サンデーサイレンス,キャンペンガール,Sadler's Wells,Querida,Halo,Wishing Well,マイニング,One Smart Lady,Caro,Katana,Simply Great,Martingale,Hail to Reason,Bramalea,Princequillo,Bridgework,Seattle Slew,Queen Louie,Tri Jet,Hail Proudly,Halo,Wishing Well,マルゼンスキー,レディーシラオキ,Northern Dancer,Fairy Bridge,Habitat,Principia,Hail to Reason,Cosmah,Understanding,Mountain Flower,Mr. Prospector,I Pass,Clever Trick,Pia's Lady,フォルティノ,Chambord,Le Haar,Embellie,Mill Reef,Seneca,Luthier,Moonmadness
2020103487,ドゥラメンテ,テーブルロンド,キングカメハメハ,アドマイヤグルーヴ,Astronomer Royal,Tanzania,Kingmambo,マンファス,サンデーサイレンス,エアグルーヴ,Danzig,Sheepscot,Alzao,Triple Couronne,Mr. Prospector,Miesque,ラストタイクーン,Pilot Bird,Halo,Wishing Well,トニービン,ダイナカール,Northern Dancer,Pas de Nom,Easy Goer,Escrow Agent,Lyphard,Lady Rebecca,Riverman,Trillion,Raise a Native,Gold Digger,Nureyev,Pasadoble,トライマイベスト,Mill Princess,Blakeney,The Dancer,Hail to Reason,Cosmah,Understanding,Mountain Flower,カンパラ,Severn Bridge,ノーザンテースト,シャダイフェザー,Nearctic,Natalma,Admiral's Voyage,Petitioner,Alydar,Relaxing,El Gran Senor,Viva Sec,Northern Dancer,Goofed,Sir Ivor,Pocahontas,Never Bend,River Lady,Hail to Reason,Margarethen
2022105815,キタサンブラック,ダンスウィズキトゥン,ブラックタイド,シュガーハート,Kitten's Joy,Madame Du Lac,サンデーサイレンス,ウインドインハーヘア,サクラバクシンオー,オトメゴコロ,El Prado,Kitten's First,Lemon Drop Kid,Geisha Girl,Halo,Wishing Well,Alzao,Burghclere,サクラユタカオー,サクラハゴロモ,ジャッジアンジェルーチ,テイズリー,Sadler's Wells,Lady Capulet,Lear Fan,That's My Hon,Kingmambo,Charming Lassie,Nashwan,Miznah,Hail to Reason,Cosmah,Understanding,Mountain Flower,Lyphard,Lady Rebecca,Busted,Highclere,テスコボーイ,アンジェリカ,ノーザンテースト,クリアアンバー,Honest Pleasure,Victorian Queen,Lyphard,Tizna,Northern Dancer,Fairy Bridge,Sir Ivor,Cap and Bells,Roberto,Wac,L'Enjoleur,One Lane,Mr. Prospector,Miesque,Seattle Slew,Lassie Dear,Blushing Groom,Height of Fashion,Sadler's Wells,La Dame Du Lac
2020103553,ハーツクライ,ピラミマ,サンデーサイレンス,アイリッシュダンス,Unbridled's Song,キャリアコレクション,Halo,Wishing Well,トニービン,ビューパーダンス,Unbridled,Trolley Song,General Meeting,River of Stars,Hail to Reason,Cosmah,Understanding,Mountain Flower,カンパラ,Severn Bridge,Lyphard,My Bupers,Fappiano,Gana Facil,Caro,Lucky Spell,Seattle Slew,Alydar's Promise,Riverman,Star Fortune,Turn-to,Nothirdchance,Cosmic Bomb,Almahmoud,Promised Land,Pretty Ways,Montparnasse,Edelweiss,Kalamoun,State Pension,Hornbeam,Priddy Fair,Northern Dancer,Goofed,Bupers,Princess Revoked,Mr. Prospector,Killaloe,Le Fabuleux,Charedi,フォルティノ,Chambord,Lucky Mel,Incantation,Bold Reasoning,My Charmer,Alydar,Summertime Promise,Never Bend,River Lady,Pia Star,Flitter Flutter
2020109027,シルバーステート,ヴルタヴァ,ディープインパクト,シルヴァースカヤ,ロードカナロア,ラタフィア,サンデーサイレンス,ウインドインハーヘア,Silver Hawk,Boubskaia,キングカメハメハ,レディブラッサム,Cozzene,Sakura Fabulous,Halo,Wishing Well,Alzao,Burghclere,Roberto,Gris Vitesse,Niniski,Frenetique,Kingmambo,マンファス,Storm Cat,サラトガデュー,Caro,Ride the Trails,Fabulous Dancer,ローラローラ,Hail to Reason,Cosmah,Understanding,Mountain Flower,Lyphard,Lady Rebecca,Busted,Highclere,Hail to Reason,Bramalea,Amerigo,Matchiche,Nijinsky,Virginia Hills,Tyrant,Femina,Mr. Prospector,Miesque,ラストタイクーン,Pilot Bird,Storm Bird,Terlingua,Cormorant,Super Luna,フォルティノ,Chambord,Prince John,Wildwook,Northern Dancer,Last of the Line,Saint Cyrien,Bold Lady
2020100934,トビーズコーナー,ルナフォース,Bellamy Road,Brandon's Ride,ディープブリランテ,ジョイフルスマイル,Concerto,Hurry Home Hillary,Mister Frisky,Mrs. Bumble,ディープインパクト,ラヴアンドバブルズ,マヤノトップガン,ゴーオンマイウェイ,Chief's Crown,Undeniably,Deputed Testamony,Ten Cents a Turn,Marsayas,Frisky Flyer,Restivo,Bumble,サンデーサイレンス,ウインドインハーヘア,Loup Sauvage,バブルドリーム,ブライアンズタイム,アルプミープリーズ,ジョリーズヘイロー,シーキングロイヤル,Danzig,Six Crowns,In Reality,Past Forgetting,Traffic Cop,Proof Requested,Cozzene,Rub al Khali,Damascus,Extra Place,Highest Tide,Eager Nymph,Restless Native,Jaffa,Poker,Distant Scene,Halo,Wishing Well,Alzao,Burghclere,Riverman,Louveterie,Akarad,バブルプロスペクター,Roberto,Kelley's Day,Blushing Groom,Swiss,Halo,Jolie Jolie,Seeking the Gold,Canoodling
2020103240,ドゥラメンテ,イルーシヴハピネス,キングカメハメハ,アドマイヤグルーヴ,Frankel,イルーシヴウェーヴ,Kingmambo,マンファス,サンデーサイレンス,エアグルーヴ,Galileo,Kind,Elusive City,Multicolour Wave,Mr. Prospector,Miesque,ラストタイクーン,Pilot Bird,Halo,Wishing Well,トニービン,ダイナカール,Sadler's Wells,Urban Sea,デインヒル,Rainbow Lake,Elusive Quality,Star of Paris,Rainbow Quest,Echoes,Raise a Native,Gold Digger,Nureyev,Pasadoble,トライマイベスト,Mill Princess,Blakeney,The Dancer,Hail to Reason,Cosmah,Understanding,Mountain Flower,カンパラ,Severn Bridge,ノーザンテースト,シャダイフェザー,Northern Dancer,Fairy Bridge,Miswaki,Allegretta,Danzig,Razyana,Rainbow Quest,Rockfest,Gone West,Touch of Greatness,Dayjur,Liturgism,Blushing Groom,I Will Follow,Niniski,Equal Honor
2021105800,リアルスティール,ミスエルテ,ディープインパクト,ラヴズオンリーミー,Frankel,ミスエーニョ,サンデーサイレンス,ウインドインハーヘア,Storm Cat,Monevassia,Galileo,Kind,Pulpit,Madcap Escapade,Halo,Wishing Well,Alzao,Burghclere,Storm Bird,Terlingua,Mr. Prospector,Miesque,Sadler's Wells,Urban Sea,デインヒル,Rainbow Lake,A.P. Indy,Preach,ヘネシー,Sassy Pants,Hail to Reason,Cosmah,Understanding,Mountain Flower,Lyphard,Lady Rebecca,Busted,Highclere,Northern Dancer,South Ocean,Secretariat,Crimson Saint,Raise a Native,Gold Digger,Nureyev,Pasadoble,Northern Dancer,Fairy Bridge,Miswaki,Allegretta,Danzig,Razyana,Rainbow Quest,Rockfest,Seattle Slew,Weekend Surprise,Mr. Prospector,Narrate,Storm Cat,Island Kitty,Saratoga Six,Special Portion
2019106527,キズナ,レディインディ,ディープインパクト,キャットクイル,A.P. Indy,Fiji,サンデーサイレンス,ウインドインハーヘア,Storm Cat,Pacific Princess,Seattle Slew,Weekend Surprise,Rainbow Quest,Island Jamboree,Halo,Wishing Well,Alzao,Burghclere,Storm Bird,Terlingua,Damascus,Fiji,Bold Reasoning,My Charmer,Secretariat,Lassie Dear,Blushing Groom,I Will Follow,Explodent,Careless Virgin,Hail to Reason,Cosmah,Understanding,Mountain Flower,Lyphard,Lady Rebecca,Busted,Highclere,Northern Dancer,South Ocean,Secretariat,Crimson Saint,Sword Dancer,Kerala,Acropolis,Rififi,Boldnesian,Reason to Earn,Poker,Fair Charmer,Bold Ruler,Somethingroyal,Buckpasser,Gay Missile,Red God,Runaway Bride,Herbager,Where You Lead,Nearctic,Venomous,Wing Out,Careless Notion
2021105557,レイデオロ,シャルマント,キングカメハメハ,ラドラーダ,エンパイアメーカー,ライツェント,Kingmambo,マンファス,シンボリクリスエス,レディブロンド,Unbridled,Toussaud,スペシャルウィーク,ソニンク,Mr. Prospector,Miesque,ラストタイクーン,Pilot Bird,Kris S.,Tee Kay,Seeking the Gold,ウインドインハーヘア,Fappiano,Gana Facil,El Gran Senor,Image of Reality,サンデーサイレンス,キャンペンガール,Machiavellian,Sonic Lady,Raise a Native,Gold Digger,Nureyev,Pasadoble,トライマイベスト,Mill Princess,Blakeney,The Dancer,Roberto,Sharp Queen,Gold Meridian,Tri Argo,Mr. Prospector,Con Game,Alzao,Burghclere,Mr. Prospector,Killaloe,Le Fabuleux,Charedi,Northern Dancer,Sex Appeal,In Reality,Edee's Image,Halo,Wishing Well,マルゼンスキー,レディーシラオキ,Mr. Prospector,Coup de Folie,Nureyev,Stumped
2021107098,シルバーステート,ゴッドパイレーツ,ディープインパクト,シルヴァースカヤ,ベーカバド,ゴッドインチーフ,サンデーサイレンス,ウインドインハーヘア,Silver Hawk,Boubskaia,Cape Cross,Behkara,コマンダーインチーフ,ファーガーズプロスペクト,Halo,Wishing Well,Alzao,Burghclere,Roberto,Gris Vitesse,Niniski,Frenetique,Green Desert,Park Appeal,Kris,Behera,ダンシングブレーヴ,Slightly Dangerous,Chief's Crown,Fager's Glory,Hail to Reason,Cosmah,Understanding,Mountain Flower,Lyphard,Lady Rebecca,Busted,Highclere,Hail to Reason,Bramalea,Amerigo,Matchiche,Nijinsky,Virginia Hills,Tyrant,Femina,Danzig,Foreign Courier,Ahonoora,Balidaress,Sharpen Up,Doubly Sure,Mill Reef,Borushka,Lyphard,Navajo Princess,Roberto,Where You Lead,Danzig,Six Crowns,Mr. Prospector,Street's Glory
2021100953,ドレフォン,ウォーターピオニー,Gio Ponti,Eltimaas,ヴィクトワールピサ,マチカネハヤテ,Tale of the Cat,Chipeta Springs,Ghostzapper,Najecam,ネオユニヴァース,ホワイトウォーターアフェア,サクラバクシンオー,ベルセゾン,Storm Cat,Yarn,Alydar,Salt Spring,Awesome Again,Baby Zip,Trempolino,Sue Warner,サンデーサイレンス,ポインテッドパス,Machiavellian,Much Too Risky,サクラユタカオー,サクラハゴロモ,ベリファ,ヴアインゴールド,Storm Bird,Terlingua,Mr. Prospector,Narrate,Raise a Native,Sweet Tooth,Salt Marsh,Jungle Mythologic,Deputy Minister,Primal Force,Relaunch,Thirty Zip,Sharpen Up,Trephine,Forli,Bitty Girl,Halo,Wishing Well,Kris,Silken Way,Mr. Prospector,Coup de Folie,Bustino,Short Rations,テスコボーイ,アンジェリカ,ノーザンテースト,クリアアンバー,Lyphard,Belga,Mr. Prospector,Chancy Dance
2020103075,ドゥラメンテ,メモリアルライフ,キングカメハメハ,アドマイヤグルーヴ,Reckless Abandon,Baldovina,Kingmambo,マンファス,サンデーサイレンス,エアグルーヴ,Exchange Rate,Sant Elena,Tale of the Cat,バルドウィナ,Mr. Prospector,Miesque,ラストタイクーン,Pilot Bird,Halo,Wishing Well,トニービン,ダイナカール,Danzig,Sterling Pound,Efisio,Argent Du Bois,Storm Cat,Yarn,Pistolet Bleu,Balioka,Raise a Native,Gold Digger,Nureyev,Pasadoble,トライマイベスト,Mill Princess,Blakeney,The Dancer,Hail to Reason,Cosmah,Understanding,Mountain Flower,カンパラ,Severn Bridge,ノーザンテースト,シャダイフェザー,Northern Dancer,Pas de Nom,Seeking the Gold,Spectacular Bev,Formidable,Eldoret,Silver Hawk,Wiener Wald,Storm Bird,Terlingua,Mr. Prospector,Narrate,Top Ville,Pampa Bella,Tourangeau,Bangalore
2021104094,マクフィ,オールドフレイム,Dubawi,Dhelaal,ゼンノロブロイ,オーラオブザムーン,Dubai Millennium,Zomaradah,Green Desert,Irish Valley,サンデーサイレンス,ローミンレイチェル,Tiznow,レディジョアン,Seeking the Gold,Colorado Dancer,Deploy,Jawaher,Danzig,Foreign Courier,Irish River,Green Valley,Halo,Wishing Well,マイニング,One Smart Lady,Cee's Tizzy,Cee's Song,Orientate,Oatsee,Mr. Prospector,Con Game,Shareef Dancer,Fall Aspen,Shirley Heights,Slightly Dangerous,ダンシングブレーヴ,High Tern,Northern Dancer,Pas de Nom,Sir Ivor,Courtly Dee,Riverman,Irish Star,Val de Loir,Sly Pola,Hail to Reason,Cosmah,Understanding,Mountain Flower,Mr. Prospector,I Pass,Clever Trick,Pia's Lady,Relaunch,テイズリー,Seattle Song,Lonely Dancer,Mt. Livermore,Dream Team,Unbridled,With Every Wish
2020103640,ミッキーロケット,ミッキークイーン,キングカメハメハ,マネーキャントバイミーラヴ,ディープインパクト,ミュージカルウェイ,Kingmambo,マンファス,Pivotal,Sabreon,サンデーサイレンス,ウインドインハーヘア,Gold Away,Mulika,Mr. Prospector,Miesque,ラストタイクーン,Pilot Bird,Polar Falcon,Fearless Revival,Caerleon,Sabria,Halo,Wishing Well,Alzao,Burghclere,Goldneyev,Blushing Away,Procida,Gazelia,Raise a Native,Gold Digger,Nureyev,Pasadoble,トライマイベスト,Mill Princess,Blakeney,The Dancer,Nureyev,Marie d'Argonne,Cozzene,Stufida,Nijinsky,Foreseer,Miswaki,Flood,Hail to Reason,Cosmah,Understanding,Mountain Flower,Lyphard,Lady Rebecca,Busted,Highclere,Nureyev,Gold River,Blushing Groom,スイートリベンジ,Mr. Prospector,With Distinction,Icecapade,Dols Jaminque
2020103674,ロードカナロア,ラルケット,キングカメハメハ,レディブラッサム,ファルブラヴ,アズサユミ,Kingmambo,マンファス,Storm Cat,サラトガデュー,Fairy King,Gift of the Night,サンデーサイレンス,ファーストクラス,Mr. Prospector,Miesque,ラストタイクーン,Pilot Bird,Storm Bird,Terlingua,Cormorant,Super Luna,Northern Dancer,Fairy Bridge,Slewpy,Little Nana,Halo,Wishing Well,トウショウボーイ,スイートコンコルド,Raise a Native,Gold Digger,Nureyev,Pasadoble,トライマイベスト,Mill Princess,Blakeney,The Dancer,Northern Dancer,South Ocean,Secretariat,Crimson Saint,His Majesty,Song Sparrow,In Reality,Alada,Nearctic,Natalma,Bold Reason,Special,Seattle Slew,Rare Bouquet,Lithiot,Nenana Road,Hail to Reason,Cosmah,Understanding,Mountain Flower,テスコボーイ,ソシアルバターフライ,パーソロン,スイートルナ
2019105496,ロードカナロア,ラストグルーヴ,キングカメハメハ,レディブラッサム,ディープインパクト,エアグルーヴ,Kingmambo,マンファス,Storm Cat,サラトガデュー,サンデーサイレンス,ウインドインハーヘア,トニービン,ダイナカール,Mr. Prospector,Miesque,ラストタイクーン,Pilot Bird,Storm Bird,Terlingua,Cormorant,Super Luna,Halo,Wishing Well,Alzao,Burghclere,カンパラ,Severn Bridge,ノーザンテースト,シャダイフェザー,Raise a Native,Gold Digger,Nureyev,Pasadoble,トライマイベスト,Mill Princess,Blakeney,The Dancer,Northern Dancer,South Ocean,Secretariat,Crimson Saint,His Majesty,Song Sparrow,In Reality,Alada,Hail to Reason,Cosmah,Understanding,Mountain Flower,Lyphard,Lady Rebecca,Busted,Highclere,Kalamoun,State Pension,Hornbeam,Priddy Fair,Northern Dancer,Lady Victoria,ガーサント,パロクサイド
2017103751,ネオユニヴァース,サクラレーヌ,サンデーサイレンス,ポインテッドパス,シンボリクリスエス,セダンフォーエバー,Halo,Wishing Well,Kris,Silken Way,Kris S.,Tee Kay,マルゼンスキー,サクラセダン,Hail to Reason,Cosmah,Understanding,Mountain Flower,Sharpen Up,Doubly Sure,Shantung,Boulevard,Roberto,Sharp Queen,Gold Meridian,Tri Argo,Nijinsky,シル,セダン,スワンズウッドグローヴ,Turn-to,Nothirdchance,Cosmic Bomb,Almahmoud,Promised Land,Pretty Ways,Montparnasse,Edelweiss,エタン,Rocchetta,Reliance,Soft Angels,Sicambre,Barley Corn,Pall Mall,Costa Sola,Hail to Reason,Bramalea,Princequillo,Bridgework,Seattle Slew,Queen Louie,Tri Jet,Hail Proudly,Northern Dancer,Flaming Page,Buckpasser,Quill,Prince Bio,Staffa,Grey Sovereign,Fakhry
2021110031,Farhh,ローズトレイル,Pivotal,Gonbarda,Kingmambo,Mannington,Polar Falcon,Fearless Revival,Lando,Gonfalon,Mr. Prospector,Miesque,デインヒル,Bint Marscay,Nureyev,Marie d'Argonne,Cozzene,Stufida,Acatenango,Laurea,Slip Anchor,Grimpola,Raise a Native,Gold Digger,Nureyev,Pasadoble,Danzig,Razyana,Marscay,Eau d'Etoile,Northern Dancer,Special,Jefferson,Mohair,Caro,Ride the Trails,Bustino,Zerbinetta,Surumu,Aggravate,Sharpman,Licata,Shirley Heights,Sayonara,Windwurf,Gondel,Native Dancer,Raise You,Nashua,Sequence,Northern Dancer,Special,Prove Out,Santa Quilla,Northern Dancer,Pas de Nom,His Majesty,Spring Adieu,Biscay,Heart of Market,Sir Tristram,Fille d'Etoile
2022106691,ドレフォン,ルミナスソード,Gio Ponti,Eltimaas,Candy Ride,カラズマッチポイント,Tale of the Cat,Chipeta Springs,Ghostzapper,Najecam,Ride the Rails,Candy Girl,Curlin,Home Court,Storm Cat,Yarn,Alydar,Salt Spring,Awesome Again,Baby Zip,Trempolino,Sue Warner,Cryptoclearance,Herbalesian,Candy Stripes,City Girl,Smart Strike,Sherriff's Deputy,Storm Cat,Jewel Princess,Storm Bird,Terlingua,Mr. Prospector,Narrate,Raise a Native,Sweet Tooth,Salt Marsh,Jungle Mythologic,Deputy Minister,Primal Force,Relaunch,Thirty Zip,Sharpen Up,Trephine,Forli,Bitty Girl,Fappiano,Naval Orange,Herbager,Alanesian,Blushing Groom,バブルカンパニー,Farnesio,Cithara,Mr. Prospector,Classy 'n Smart,Deputy Minister,Barbarika,Storm Bird,Terlingua,Key to the Mint,Jewell Ridge
2022104772,キズナ,コナブリュワーズ,ディープインパクト,キャットクイル,キングカメハメハ,アンブロワーズ,サンデーサイレンス,ウインドインハーヘア,Storm Cat,Pacific Princess,Kingmambo,マンファス,フレンチデピュティ,フサイチミニヨン,Halo,Wishing Well,Alzao,Burghclere,Storm Bird,Terlingua,Damascus,Fiji,Mr. Prospector,Miesque,ラストタイクーン,Pilot Bird,Deputy Minister,Mitterand,サンデーサイレンス,バレークイーン,Hail to Reason,Cosmah,Understanding,Mountain Flower,Lyphard,Lady Rebecca,Busted,Highclere,Northern Dancer,South Ocean,Secretariat,Crimson Saint,Sword Dancer,Kerala,Acropolis,Rififi,Raise a Native,Gold Digger,Nureyev,Pasadoble,トライマイベスト,Mill Princess,Blakeney,The Dancer,Vice Regent,Mint Copy,Hold Your Peace,Laredo Lass,Halo,Wishing Well,Sadler's Wells,Sun Princess
2020100680,ディープブリランテ,ショウナンカラット,ディープインパクト,ラヴアンドバブルズ,ブライアンズタイム,ニュースヴァリュー,サンデーサイレンス,ウインドインハーヘア,Loup Sauvage,バブルドリーム,Roberto,Kelley's Day,Seattle Song,アンティックヴァリュー,Halo,Wishing Well,Alzao,Burghclere,Riverman,Louveterie,Akarad,バブルプロスペクター,Hail to Reason,Bramalea,Graustark,Golden Trail,Seattle Slew,Incantation,Northern Dancer,Moonscape,Hail to Reason,Cosmah,Understanding,Mountain Flower,Lyphard,Lady Rebecca,Busted,Highclere,Never Bend,River Lady,Nureyev,Lupe,Labus,Licata,Miswaki,バブルカンパニー,Turn-to,Nothirdchance,Nashua,Rarelea,Ribot,Flower Bowl,Hasty Road,Sunny Vale,Bold Reasoning,My Charmer,Prince Blessed,Magic Spell,Nearctic,Natalma,Tom Fool,Brazen
2017104172,ロードカナロア,ラルティスタ,キングカメハメハ,レディブラッサム,マイネルラヴ,セクシーココナッツ,Kingmambo,マンファス,Storm Cat,サラトガデュー,Seeking the Gold,Heart of Joy,ダンスインザダーク,ココパシオン,Mr. Prospector,Miesque,ラストタイクーン,Pilot Bird,Storm Bird,Terlingua,Cormorant,Super Luna,Mr. Prospector,Con Game,リィフォー,Mythographer,サンデーサイレンス,ダンシングキイ,グルームダンサー,ゲートドクール,Raise a Native,Gold Digger,Nureyev,Pasadoble,トライマイベスト,Mill Princess,Blakeney,The Dancer,Northern Dancer,South Ocean,Secretariat,Crimson Saint,His Majesty,Song Sparrow,In Reality,Alada,Raise a Native,Gold Digger,Buckpasser,Broadway,Lyphard,Klaizia,Secretariat,Arachne,Halo,Wishing Well,Nijinsky,Key Partner,Blushing Groom,Featherhill,Lomond,Gay Apparel
2021105454,リオンディーズ,オーサムウインド,キングカメハメハ,シーザリオ,ディープインパクト,オーサムフェザー,Kingmambo,マンファス,スペシャルウィーク,キロフプリミエール,サンデーサイレンス,ウインドインハーヘア,Awesome of Course,Precious Feather,Mr. Prospector,Miesque,ラストタイクーン,Pilot Bird,サンデーサイレンス,キャンペンガール,Sadler's Wells,Querida,Halo,Wishing Well,Alzao,Burghclere,Awesome Again,Mais Oui,Gone West,Last Feather,Raise a Native,Gold Digger,Nureyev,Pasadoble,トライマイベスト,Mill Princess,Blakeney,The Dancer,Halo,Wishing Well,マルゼンスキー,レディーシラオキ,Northern Dancer,Fairy Bridge,Habitat,Principia,Hail to Reason,Cosmah,Understanding,Mountain Flower,Lyphard,Lady Rebecca,Busted,Highclere,Deputy Minister,Primal Force,Lyphard,Affirmatively,Mr. Prospector,Secrettame,Vaguely Noble,Quill
2019100596,イスラボニータ,ヤマニンエマイユ,フジキセキ,イスラコジーン,ホワイトマズル,ヤマニンザナドゥ,サンデーサイレンス,ミルレーサー,Cozzene,Isla Mujeres,ダンシングブレーヴ,Fair of the Furze,トニービン,ワンオブアクライン,Halo,Wishing Well,Le Fabuleux,Marston's Mill,Caro,Ride the Trails,Crafty Prospector,Lido Isle,Lyphard,Navajo Princess,Ela-Mana-Mou,Autocratic,カンパラ,Severn Bridge,Danzig,Barely Even,Hail to Reason,Cosmah,Understanding,Mountain Flower,Wild Risk,Anguar,In Reality,Millicent,フォルティノ,Chambord,Prince John,Wildwook,Mr. Prospector,Real Crafty Lady,Far North,She Is Gorgeous,Northern Dancer,Goofed,Drone,Olmec,ピットカーン,Rose Bertin,Tyrant,Flight Table,Kalamoun,State Pension,Hornbeam,Priddy Fair,Northern Dancer,Pas de Nom,Creme dela Creme,Dodge Me
2022106471,アジアエクスプレス,バトルジェジェジェ,ヘニーヒューズ,ランニングボブキャッツ,ステイゴールド,ジェイドストリーク,ヘネシー,Meadow Flyer,Running Stag,Backatem,サンデーサイレンス,ゴールデンサッシュ,ジェイドロバリー,シゴネーラ,Storm Cat,Island Kitty,Meadowlake,Shortley,Cozzene,Fruhlingstag,Notebook,Deputy's Mistress,Halo,Wishing Well,ディクタス,ダイナサッシュ,Mr. Prospector,Number,Nureyev,Ionian Raja,Storm Bird,Terlingua,Hawaii,T. C. Kitten,Hold Your Peace,Suspicious Native,Hagley,Short Winded,Caro,Ride the Trails,Orsini,Revada,Well Decorated,Mobcap,Deputy Minister,River Crossing,Hail to Reason,Cosmah,Understanding,Mountain Flower,Sanctus,Doronic,ノーザンテースト,ロイヤルサッシュ,Raise a Native,Gold Digger,Nijinsky,Special,Northern Dancer,Special,Raja Baba,Ionian Idol
2021104058,ダンカーク,サクラナスカ,Unbridled's Song,Secret Status,サクラバクシンオー,サクラコンドル,Unbridled,Trolley Song,A.P. Indy,Private Status,サクラユタカオー,サクラハゴロモ,サンデーサイレンス,ローラローラ,Fappiano,Gana Facil,Caro,Lucky Spell,Seattle Slew,Weekend Surprise,Alydar,Miss Eva,テスコボーイ,アンジェリカ,ノーザンテースト,クリアアンバー,Halo,Wishing Well,Saint Cyrien,Bold Lady,Mr. Prospector,Killaloe,Le Fabuleux,Charedi,フォルティノ,Chambord,Lucky Mel,Incantation,Bold Reasoning,My Charmer,Secretariat,Lassie Dear,Raise a Native,Sweet Tooth,Con Brio,Apolinea,Princely Gift,Suncourt,ネヴァービート,スターハイネス,Northern Dancer,Lady Victoria,Ambiopoise,One Clear Call,Hail to Reason,Cosmah,Understanding,Mountain Flower,Luthier,Sevres,ボールドラツド,Tredam
2022107272,ヘニーヒューズ,シーイズチャンプ,ヘネシー,Meadow Flyer,ダノンシャンティ,シーイズトウショウ,Storm Cat,Island Kitty,Meadowlake,Shortley,フジキセキ,シャンソネット,サクラバクシンオー,ジェーントウショウ,Storm Bird,Terlingua,Hawaii,T. C. Kitten,Hold Your Peace,Suspicious Native,Hagley,Short Winded,サンデーサイレンス,ミルレーサー,Mark of Esteem,Glorious Song,サクラユタカオー,サクラハゴロモ,トウショウフリート,コーニストウショウ,Northern Dancer,South Ocean,Secretariat,Crimson Saint,Utrillo,Ethane,Tom Cat,Needlebug,Speak John,Blue Moon,Raise a Native,Be Suspicious,Olden Times,Teo Pepi,Harvest Singing,Wild Cloud,Halo,Wishing Well,Le Fabuleux,Marston's Mill,Darshaan,Homage,Halo,Ballade,テスコボーイ,アンジェリカ,ノーザンテースト,クリアアンバー,トウショウペガサス,リバーストウショウ,ダンディルート,ローズトウショウ
2021101015,ルーラーシップ,セレブレーション,キングカメハメハ,エアグルーヴ,ハーツクライ,フェアレストケープ,Kingmambo,マンファス,トニービン,ダイナカール,サンデーサイレンス,アイリッシュダンス,Storm Cat,Myth,Mr. Prospector,Miesque,ラストタイクーン,Pilot Bird,カンパラ,Severn Bridge,ノーザンテースト,シャダイフェザー,Halo,Wishing Well,トニービン,ビューパーダンス,Storm Bird,Terlingua,オジジアン,Yarn,Raise a Native,Gold Digger,Nureyev,Pasadoble,トライマイベスト,Mill Princess,Blakeney,The Dancer,Kalamoun,State Pension,Hornbeam,Priddy Fair,Northern Dancer,Lady Victoria,ガーサント,パロクサイド,Hail to Reason,Cosmah,Understanding,Mountain Flower,カンパラ,Severn Bridge,Lyphard,My Bupers,Northern Dancer,South Ocean,Secretariat,Crimson Saint,Damascus,Gonfalon,Mr. Prospector,Narrate
2022103639,ロードカナロア,ヤマカツマリリン,キングカメハメハ,レディブラッサム,グラスワンダー,イクセプトフォーワンダ,Kingmambo,マンファス,Storm Cat,サラトガデュー,Silver Hawk,Ameriflora,Tejabo,Unique Gal,Mr. Prospector,Miesque,ラストタイクーン,Pilot Bird,Storm Bird,Terlingua,Cormorant,Super Luna,Roberto,Gris Vitesse,Danzig,Graceful Touch,Deputy Minister,Cutty,Bold Ruckus,Spin to Win,Raise a Native,Gold Digger,Nureyev,Pasadoble,トライマイベスト,Mill Princess,Blakeney,The Dancer,Northern Dancer,South Ocean,Secretariat,Crimson Saint,His Majesty,Song Sparrow,In Reality,Alada,Hail to Reason,Bramalea,Amerigo,Matchiche,Northern Dancer,Pas de Nom,His Majesty,Pi Phi Gal,Vice Regent,Mint Copy,Smart,Real Sincere,Boldnesian,Raise a Ruckus,Right Combination,Vice and Virtue
2021104313,コパノリッキー,テツナゴオ,ゴールドアリュール,コパノニキータ,ハーツクライ,フライトオブエンジェルス,サンデーサイレンス,ニキーヤ,ティンバーカントリー,ニホンピロローズ,サンデーサイレンス,アイリッシュダンス,アフリート,Intently,Halo,Wishing Well,Nureyev,Reluctant Guest,Woodman,Fall Aspen,トニービン,ウェディングブーケ,Halo,Wishing Well,トニービン,ビューパーダンス,Mr. Prospector,Polite Lady,Drone,Naughty Intentions,Hail to Reason,Cosmah,Understanding,Mountain Flower,Northern Dancer,Special,Hostage,Vaguely Royal,Mr. Prospector,プレイメイト,Pretense,Change Water,カンパラ,Severn Bridge,リアルシャダイ,アリーウイン,Hail to Reason,Cosmah,Understanding,Mountain Flower,カンパラ,Severn Bridge,Lyphard,My Bupers,Raise a Native,Gold Digger,Venetian Jester,Friendly Ways,Sir Gaylord,Cap and Bells,Candy Spots,Teresa Negro
2022106324,Quality Road,ホールハーテッド,Elusive Quality,Kobla,Awesome Again,My Baby Baby,Gone West,Touch of Greatness,Strawberry Road,Winglet,Deputy Minister,Primal Force,Bernstein,Sarah Darling,Mr. Prospector,Secrettame,Hero's Honor,Ivory Wand,Whiskey Road,Giftisa,Alydar,Highest Trump,Vice Regent,Mint Copy,Blushing Groom,Prime Prospect,Storm Cat,La Affirmed,Wavering Monarch,Essie's Maid,Raise a Native,Gold Digger,Secretariat,Tamerett,Northern Dancer,Glowing Tribute,Sir Ivor,Natashka,Nijinsky,Bowl of Flowers,Rich Gift,Wahkeena,Raise a Native,Sweet Tooth,Bold Bidder,Dear April,Northern Dancer,Victoria Regina,Bunty's Flight,Shakney,Red God,Runaway Bride,Mr. Prospector,Square Generation,Storm Bird,Terlingua,Affirmed,La Mesa,Majestic Light,Uncommitted,Linkage,Essie Bs Venture
2022100182,リオンディーズ,ティアップブロンド,キングカメハメハ,シーザリオ,ゴールドアリュール,フォーティエース,Kingmambo,マンファス,スペシャルウィーク,キロフプリミエール,サンデーサイレンス,ニキーヤ,フォーティナイナー,ピンクシェイド,Mr. Prospector,Miesque,ラストタイクーン,Pilot Bird,サンデーサイレンス,キャンペンガール,Sadler's Wells,Querida,Halo,Wishing Well,Nureyev,Reluctant Guest,Mr. Prospector,File,Lyphard,Pink Valley,Raise a Native,Gold Digger,Nureyev,Pasadoble,トライマイベスト,Mill Princess,Blakeney,The Dancer,Halo,Wishing Well,マルゼンスキー,レディーシラオキ,Northern Dancer,Fairy Bridge,Habitat,Principia,Hail to Reason,Cosmah,Understanding,Mountain Flower,Northern Dancer,Special,Hostage,Vaguely Royal,Raise a Native,Gold Digger,Tom Rolfe,Continue,Northern Dancer,Goofed,Never Bend,Green Valley
2020101086,キズナ,デイドリーム,ディープインパクト,キャットクイル,アドマイヤムーン,シルクヴィーナス,サンデーサイレンス,ウインドインハーヘア,Storm Cat,Pacific Princess,エンドスウィープ,マイケイティーズ,ティンバーカントリー,シルクフレアー,Halo,Wishing Well,Alzao,Burghclere,Storm Bird,Terlingua,Damascus,Fiji,フォーティナイナー,Broom Dance,サンデーサイレンス,ケイティーズファースト,Woodman,Fall Aspen,Danzig,Jet Route,Hail to Reason,Cosmah,Understanding,Mountain Flower,Lyphard,Lady Rebecca,Busted,Highclere,Northern Dancer,South Ocean,Secretariat,Crimson Saint,Sword Dancer,Kerala,Acropolis,Rififi,Mr. Prospector,File,Dance Spell,Witching Hour,Halo,Wishing Well,Kris,Katies,Mr. Prospector,プレイメイト,Pretense,Change Water,Northern Dancer,Pas de Nom,Alydar,Katies
2021101930,シャンハイボビー,ヤサカオディール,Harlan's Holiday,Steelin',メイショウボーラー,ヴァドヴィーツェ,Harlan,Christmas in Aiken,Orientate,Steel Band,タイキシャトル,ナイスレイズ,エリシオ,コンクラーベ,Storm Cat,Country Romance,Affirmed,Dowager,Mt. Livermore,Dream Team,Carson City,ウェディングバンド,Devil's Bag,ウェルシュマフィン,Storm Cat,Nice Tradition,Fairy King,Helice,アンバーシャダイ,コンカロ,Storm Bird,Terlingua,Halo,Sweet Romance,Exclusive Native,Won't Tell You,Honest Pleasure,Princessnesian,Blushing Groom,Flama Ardiente,Cox's Ridge,Likely Double,Mr. Prospector,Blushing Promise,Mighty Appealing,Ring of Steel,Halo,Ballade,Caerleon,Muffitys,Storm Bird,Terlingua,Search Tradition,Nice Dancing,Northern Dancer,Fairy Bridge,Slewpy,Hirondelle,ノーザンテースト,クリアアンバー,Caro,Confess
2021103482,レッドファルクス,エリモフローラ,スウェプトオーヴァーボード,ベルモット,ゼンノロブロイ,ユニバーサル,エンドスウィープ,Sheer Ice,サンデーサイレンス,レガシーオブストレングス,サンデーサイレンス,ローミンレイチェル,ブライアンズタイム,エリモエクセル,フォーティナイナー,Broom Dance,Cutlass,Hey Dolly A.,Halo,Wishing Well,Affirmed,Katonka,Halo,Wishing Well,マイニング,One Smart Lady,Roberto,Kelley's Day,ロドリゴデトリアーノ,エリモファンタジー,Mr. Prospector,File,Dance Spell,Witching Hour,Damascus,Aphonia,Ambehaving,Swift Deal,Hail to Reason,Cosmah,Understanding,Mountain Flower,Exclusive Native,Won't Tell You,Minnesota Mac,Minnetonka,Hail to Reason,Cosmah,Understanding,Mountain Flower,Mr. Prospector,I Pass,Clever Trick,Pia's Lady,Hail to Reason,Bramalea,Graustark,Golden Trail,El Gran Senor,Hot Princess,Riverman,Share the Fantasy
2022102423,サンダースノー,ピンクペルレ,Helmet,Eastern Joy,ヨハネスブルグ,ネーラペルレ,Exceed And Excel,Accessories,Dubai Destination,Red Slippers,ヘネシー,Myth,キングカメハメハ,ポンテペルレ,デインヒル,Patrona,シングスピール,Anna Matrushka,Kingmambo,Mysterial,Nureyev,Morning Devotion,Storm Cat,Island Kitty,オジジアン,Yarn,Kingmambo,マンファス,Green Desert,ファーザ,Danzig,Razyana,Lomond,Gladiolus,In the Wings,Glorious Song,Mill Reef,Anna Paola,Mr. Prospector,Miesque,Alleged,Mysteries,Northern Dancer,Special,Affirmed,Morning Has Broken,Storm Bird,Terlingua,Hawaii,T. C. Kitten,Damascus,Gonfalon,Mr. Prospector,Narrate,Mr. Prospector,Miesque,ラストタイクーン,Pilot Bird,Danzig,Foreign Courier,Mr. Prospector,Baya
2021102774,ディスクリートキャット,リコリアーノ,Forestry,Pretty Discreet,タニノギムレット,レースパイロット,Storm Cat,Shared Interest,Private Account,Pretty Persuasive,ブライアンズタイム,タニノクリスタル,サンデーサイレンス,マンファス,Storm Bird,Terlingua,Pleasant Colony,Surgery,Damascus,Numbered Account,Believe It,Bury the Hatchet,Roberto,Kelley's Day,クリスタルパレス,タニノシーバード,Halo,Wishing Well,ラストタイクーン,Pilot Bird,Northern Dancer,South Ocean,Secretariat,Crimson Saint,His Majesty,Sun Colony,Dr. Fager,Bold Sequence,Sword Dancer,Kerala,Buckpasser,Intriguing,In Reality,Breakfast Bell,Tom Rolfe,Christmas Whishes,Hail to Reason,Bramalea,Graustark,Golden Trail,Caro,Hermieres,Sea-Bird,Flaxen,Hail to Reason,Cosmah,Understanding,Mountain Flower,トライマイベスト,Mill Princess,Blakeney,The Dancer
2022102880,ハッピースプリント,ブリリアントアリス,アッミラーレ,マーゴーン,シニスターミニスター,ポーカーアリス,サンデーサイレンス,ダジルミージョリエ,Dayjur,Whispered Secret,Old Trieste,Sweet Minister,スウェプトオーヴァーボード,パルセイト,Halo,Wishing Well,Carr de Naskra,Mawgrit,Danzig,Gold Beauty,Secretariat,Classy 'n Smart,A.P. Indy,Lovlier Linda,The Prime Minister,Sweet Blue,エンドスウィープ,Sheer Ice,リアルシャダイ,サウンド,Hail to Reason,Cosmah,Understanding,Mountain Flower,Star de Naskra,Cornish Runner,Hoist the Flag,Spring Sunshine,Northern Dancer,Pas de Nom,Mr. Prospector,Stick to Beauty,Bold Ruler,Somethingroyal,Smarten,No Class,Seattle Slew,Weekend Surprise,Vigors,Linda Summers,Deputy Minister,Stick to Beauty,Hurry Up Blue,Sugar Gold,フォーティナイナー,Broom Dance,Cutlass,Hey Dolly A.,Roberto,Desert Vixen,Danzig,Din
2022106122,モーニン,スレドボ,ヘニーヒューズ,Giggly,コマンズ,アークティックミスト,ヘネシー,Meadow Flyer,Distorted Humor,Chaste,デインヒル,Cotehele House,Seeking the Gold,Tee Kay,Storm Cat,Island Kitty,Meadowlake,Shortley,フォーティナイナー,Danzig's Beauty,Cozzene,Purity,Danzig,Razyana,My Swanee,Eight Carat,Mr. Prospector,Con Game,Gold Meridian,Tri Argo,Storm Bird,Terlingua,Hawaii,T. C. Kitten,Hold Your Peace,Suspicious Native,Hagley,Short Winded,Mr. Prospector,File,Danzig,Sweetest Chant,Caro,Ride the Trails,Fappiano,Dame Mysterieuse,Northern Dancer,Pas de Nom,His Majesty,Spring Adieu,Petition,Grey Rhythm,Pieces of Eight,Klairessa,Raise a Native,Gold Digger,Buckpasser,Broadway,Seattle Slew,Queen Louie,Tri Jet,Hail Proudly
2023102057,モズアスコット,トウカイパシオン,Frankel,India,ヨハネスブルグ,トウカイポプリ,Galileo,Kind,ヘネシー,Misty Hour,ヘネシー,Myth,タイキシャトル,トウカイティアラ,Sadler's Wells,Urban Sea,デインヒル,Rainbow Lake,Storm Cat,Island Kitty,Miswaki,Our Tina Marie,Storm Cat,Island Kitty,オジジアン,Yarn,Devil's Bag,ウェルシュマフィン,サンデーサイレンス,トウカイナチュラル,Northern Dancer,Fairy Bridge,Miswaki,Allegretta,Danzig,Razyana,Rainbow Quest,Rockfest,Storm Bird,Terlingua,Hawaii,T. C. Kitten,Mr. Prospector,Hopespringseternal,Nijinsky,Java Moon,Storm Bird,Terlingua,Hawaii,T. C. Kitten,Damascus,Gonfalon,Mr. Prospector,Narrate,Halo,Ballade,Caerleon,Muffitys,Halo,Wishing Well,ナイスダンサー,トウカイミドリ
2023101037,リーチザクラウン,キャプテンガール,スペシャルウィーク,クラウンピース,キャプテンスティーヴ,ツーツーエイプリル,サンデーサイレンス,キャンペンガール,Seattle Slew,クラシッククラウン,Fly So Free,Sparkling Delite,グラスワンダー,モガミポイント,Halo,Wishing Well,マルゼンスキー,レディーシラオキ,Bold Reasoning,My Charmer,Mr. Prospector,Six Crowns,Time for a Change,Free to Fly,Vice Regent,Sparkling Topaz,Silver Hawk,Ameriflora,マルゼンスキー,ポイントメーカー,Hail to Reason,Cosmah,Understanding,Mountain Flower,Nijinsky,シル,セントクレスピン,ミスアシヤガワ,Boldnesian,Reason to Earn,Poker,Fair Charmer,Raise a Native,Gold Digger,Secretariat,Chris Evert,Damascus,Resolver,Stevward,Dancing Lark,Northern Dancer,Victoria Regina,Jacinto,Alotoffun,Roberto,Gris Vitesse,Danzig,Graceful Touch,Nijinsky,シル,ボールドラツド,クリヒデ
2023107346,シルバーステート,レディイヴァンカ,ディープインパクト,シルヴァースカヤ,Tiz Wonderful,Lady Leftennant,サンデーサイレンス,ウインドインハーヘア,Silver Hawk,Boubskaia,Tiznow,Evil,Officer,Jetinwith Kennedy,Halo,Wishing Well,Alzao,Burghclere,Roberto,Gris Vitesse,Niniski,Frenetique,Cee's Tizzy,Cee's Song,ヘネシー,Lit'l Rose,Bertrando,St. Helens Shadow,Kennedy Road,Blue Jet Set,Hail to Reason,Cosmah,Understanding,Mountain Flower,Lyphard,Lady Rebecca,Busted,Highclere,Hail to Reason,Bramalea,Amerigo,Matchiche,Nijinsky,Virginia Hills,Tyrant,Femina,Relaunch,テイズリー,Seattle Song,Lonely Dancer,Storm Cat,Island Kitty,Mr. Prospector,Girlfriend,Skywalker,Gentle Hands,Septieme Ciel,Little Bar Fly,Victoria Park,Nearis,Blue Eyed Davy,Shimmering
2023102674,サトノダイヤモンド,ファッションストリート,ディープインパクト,マルペンサ,ストリートセンス,Couture Cat,サンデーサイレンス,ウインドインハーヘア,Orpen,Marsella,Street Cry,Bedazzle,Storm Cat,Runway Model,Halo,Wishing Well,Alzao,Burghclere,Lure,Bonita Francita,サザンヘイロー,Riviere,Machiavellian,Helen Street,Dixieland Band,Majestic Legend,Storm Bird,Terlingua,Petionville,Ticket to Houston,Hail to Reason,Cosmah,Understanding,Mountain Flower,Lyphard,Lady Rebecca,Busted,Highclere,Danzig,Endear,Devil's Bag,Raise the Standard,Halo,Northern Sea,Logical,Talonada,Mr. Prospector,Coup de Folie,Troy,Waterway,Northern Dancer,Mississippi Mud,His Majesty,Long Legend,Northern Dancer,South Ocean,Secretariat,Crimson Saint,Seeking the Gold,Vana Turns,Houston,Stave
2023104074,アジアエクスプレス,ヒルド,ヘニーヒューズ,ランニングボブキャッツ,ロードカナロア,ローズアダージョ,ヘネシー,Meadow Flyer,Running Stag,Backatem,キングカメハメハ,レディブラッサム,ディープインパクト,ファーストナイト,Storm Cat,Island Kitty,Meadowlake,Shortley,Cozzene,Fruhlingstag,Notebook,Deputy's Mistress,Kingmambo,マンファス,Storm Cat,サラトガデュー,サンデーサイレンス,ウインドインハーヘア,Sadler's Wells,Morning Devotion,Storm Bird,Terlingua,Hawaii,T. C. Kitten,Hold Your Peace,Suspicious Native,Hagley,Short Winded,Caro,Ride the Trails,Orsini,Revada,Well Decorated,Mobcap,Deputy Minister,River Crossing,Mr. Prospector,Miesque,ラストタイクーン,Pilot Bird,Storm Bird,Terlingua,Cormorant,Super Luna,Halo,Wishing Well,Alzao,Burghclere,Northern Dancer,Fairy Bridge,Affirmed,Morning Has Broken
2023105800,ロードカナロア,シグナライズ,キングカメハメハ,レディブラッサム,Frankel,ワイルドココ,Kingmambo,マンファス,Storm Cat,サラトガデュー,Galileo,Kind,Shirocco,Wild Side,Mr. Prospector,Miesque,ラストタイクーン,Pilot Bird,Storm Bird,Terlingua,Cormorant,Super Luna,Sadler's Wells,Urban Sea,デインヒル,Rainbow Lake,Monsun,So Sedulous,Sternkonig,Wild Romance,Raise a Native,Gold Digger,Nureyev,Pasadoble,トライマイベスト,Mill Princess,Blakeney,The Dancer,Northern Dancer,South Ocean,Secretariat,Crimson Saint,His Majesty,Song Sparrow,In Reality,Alada,Northern Dancer,Fairy Bridge,Miswaki,Allegretta,Danzig,Razyana,Rainbow Quest,Rockfest,Konigsstuhl,Mosella,The Minstrel,Sedulous,Kalaglow,Sternwappen,Alkalde,Win Hands Down
2023107249,モーリス,マーブルケーキ,スクリーンヒーロー,メジロフランシス,キングカメハメハ,シラユキヒメ,グラスワンダー,ランニングヒロイン,カーネギー,メジロモントレー,Kingmambo,マンファス,サンデーサイレンス,ウェイブウインド,Silver Hawk,Ameriflora,サンデーサイレンス,ダイナアクトレス,Sadler's Wells,Detroit,モガミ,メジロクインシー,Mr. Prospector,Miesque,ラストタイクーン,Pilot Bird,Halo,Wishing Well,Topsider,Storm and Sunshine,Roberto,Gris Vitesse,Danzig,Graceful Touch,Halo,Wishing Well,ノーザンテースト,モデルスポート,Northern Dancer,Fairy Bridge,Riverman,Derna,Lyphard,ノーラック,フィディオン,メジロボサツ,Raise a Native,Gold Digger,Nureyev,Pasadoble,トライマイベスト,Mill Princess,Blakeney,The Dancer,Hail to Reason,Cosmah,Understanding,Mountain Flower,Northern Dancer,Drumtop,Star de Naskra,Sea Drone
2023106904,ドレフォン,ヴィレンスクラフト,Gio Ponti,Eltimaas,ダイワメジャー,ウィルパワー,Tale of the Cat,Chipeta Springs,Ghostzapper,Najecam,サンデーサイレンス,スカーレットブーケ,キングカメハメハ,トキオリアリティー,Storm Cat,Yarn,Alydar,Salt Spring,Awesome Again,Baby Zip,Trempolino,Sue Warner,Halo,Wishing Well,ノーザンテースト,スカーレットインク,Kingmambo,マンファス,Meadowlake,What a Reality,Storm Bird,Terlingua,Mr. Prospector,Narrate,Raise a Native,Sweet Tooth,Salt Marsh,Jungle Mythologic,Deputy Minister,Primal Force,Relaunch,Thirty Zip,Sharpen Up,Trephine,Forli,Bitty Girl,Hail to Reason,Cosmah,Understanding,Mountain Flower,Northern Dancer,Lady Victoria,Crimson Satan,Consentida,Mr. Prospector,Miesque,ラストタイクーン,Pilot Bird,Hold Your Peace,Suspicious Native,In Reality,What Will Be
2023102925,ゴールドドリーム,ハートオブマイン,ゴールドアリュール,モンヴェール,ルーラーシップ,ラブミーテンダー,サンデーサイレンス,ニキーヤ,フレンチデピュティ,スペシャルジェイド,キングカメハメハ,エアグルーヴ,ゼンノロブロイ,フォーチュンワード,Halo,Wishing Well,Nureyev,Reluctant Guest,Deputy Minister,Mitterand,Cox's Ridge,Statistic,Kingmambo,マンファス,トニービン,ダイナカール,サンデーサイレンス,ローミンレイチェル,デヒア,コパノオマモリ,Hail to Reason,Cosmah,Understanding,Mountain Flower,Northern Dancer,Special,Hostage,Vaguely Royal,Vice Regent,Mint Copy,Hold Your Peace,Laredo Lass,Best Turn,Our Martha,Mr. Prospector,Number,Mr. Prospector,Miesque,ラストタイクーン,Pilot Bird,カンパラ,Severn Bridge,ノーザンテースト,シャダイフェザー,Halo,Wishing Well,マイニング,One Smart Lady,Deputy Minister,Sister Dot,エリシオ,ビクトリアクラウン
2023102941,ミスターメロディ,プレシャスメイト,Scat Daddy,Trusty Lady,ステイゴールド,トウカイパートナー,ヨハネスブルグ,Love Style,Deputy Minister,Klassy Kim,サンデーサイレンス,ゴールデンサッシュ,ブライアンズタイム,エミネントガール,ヘネシー,Myth,Mr. Prospector,Likeable Style,Vice Regent,Mint Copy,Silent Screen,クールアライヴァル,Halo,Wishing Well,ディクタス,ダイナサッシュ,Roberto,Kelley's Day,Nashwan,タレンティドガール,Storm Cat,Island Kitty,オジジアン,Yarn,Raise a Native,Gold Digger,Nijinsky,Personable Lady,Northern Dancer,Victoria Regina,Bunty's Flight,Shakney,Prince John,Prayer Bell,Relaunch,Irish Arrival,Hail to Reason,Cosmah,Understanding,Mountain Flower,Sanctus,Doronic,ノーザンテースト,ロイヤルサッシュ,Hail to Reason,Bramalea,Graustark,Golden Trail,Blushing Groom,Height of Fashion,リマンド,チヨダマサコ
2023103421,ドレフォン,シャインサンデー,Gio Ponti,Eltimaas,トワイニング,マニックサンデー,Tale of the Cat,Chipeta Springs,Ghostzapper,Najecam,フォーティナイナー,Courtly Dee,サンデーサイレンス,バブルプロスペクター,Storm Cat,Yarn,Alydar,Salt Spring,Awesome Again,Baby Zip,Trempolino,Sue Warner,Mr. Prospector,File,Never Bend,Tulle,Halo,Wishing Well,Miswaki,バブルカンパニー,Storm Bird,Terlingua,Mr. Prospector,Narrate,Raise a Native,Sweet Tooth,Salt Marsh,Jungle Mythologic,Deputy Minister,Primal Force,Relaunch,Thirty Zip,Sharpen Up,Trephine,Forli,Bitty Girl,Raise a Native,Gold Digger,Tom Rolfe,Continue,Nasrullah,Lalun,War Admiral,Judy-Rae,Hail to Reason,Cosmah,Understanding,Mountain Flower,Mr. Prospector,Hopespringseternal,Lyphard,Prodice
2023102794,オルフェーヴル,タマモキャペリン,ステイゴールド,オリエンタルアート,ダンカーク,チャームキャップ,サンデーサイレンス,ゴールデンサッシュ,メジロマックイーン,エレクトロアート,Unbridled's Song,Secret Status,キャプテンスティーヴ,ラブソーリー,Halo,Wishing Well,ディクタス,ダイナサッシュ,メジロティターン,メジロオーロラ,ノーザンテースト,グランマスティーヴンス,Unbridled,Trolley Song,A.P. Indy,Private Status,Fly So Free,Sparkling Delite,ウォーニング,ソワレ,Hail to Reason,Cosmah,Understanding,Mountain Flower,Sanctus,Doronic,ノーザンテースト,ロイヤルサッシュ,メジロアサマ,シエリル,リマンド,メジロアイリス,Northern Dancer,Lady Victoria,Lt. Stevens,Dhow,Fappiano,Gana Facil,Caro,Lucky Spell,Seattle Slew,Weekend Surprise,Alydar,Miss Eva,Time for a Change,Free to Fly,Vice Regent,Sparkling Topaz,Known Fact,Slightly Dangerous,Sadler's Wells,Seminar
2023103841,アルアイン,マナエヴァ,ディープインパクト,ドバイマジェスティ,クロフネ,グルカッシュ,サンデーサイレンス,ウインドインハーヘア,Essence of Dubai,Great Majesty,フレンチデピュティ,ブルーアヴェニュー,Machiavellian,Kilma,Halo,Wishing Well,Alzao,Burghclere,Pulpit,Epitome,Great Above,Mistic Majesty,Deputy Minister,Mitterand,Classic Go Go,Eliza Blue,Mr. Prospector,Coup de Folie,Silver Hawk,ニキシカ,Hail to Reason,Cosmah,Understanding,Mountain Flower,Lyphard,Lady Rebecca,Busted,Highclere,A.P. Indy,Preach,Summing,Honest and True,Minnesota Mac,Ta Wee,His Majesty,Necaras Miss,Vice Regent,Mint Copy,Hold Your Peace,Laredo Lass,Pago Pago,Classic Perfection,Icecapade,コレラ,Raise a Native,Gold Digger,Halo,Raise the Standard,Roberto,Gris Vitesse,Nijinsky,Bendara
2023104349,ダイワメジャー,マラコスタンブレ,サンデーサイレンス,スカーレットブーケ,Lizard Island,Mapul Wells,Halo,Wishing Well,ノーザンテースト,スカーレットインク,Danehill Dancer,Add,Poliglote,Pulma,Hail to Reason,Cosmah,Understanding,Mountain Flower,Northern Dancer,Lady Victoria,Crimson Satan,Consentida,デインヒル,Mira Adonde,Spectacular Bid,Number,Sadler's Wells,Alexandrie,New Dandy,Pulina,Turn-to,Nothirdchance,Cosmic Bomb,Almahmoud,Promised Land,Pretty Ways,Montparnasse,Edelweiss,Nearctic,Natalma,Victoria Park,Lady Angela,Spy Song,Papila,Beau Max,La Menina,Danzig,Razyana,Sharpen Up,Lettre d'Amour,Bold Bidder,Spectacular,Nijinsky,Special,Northern Dancer,Fairy Bridge,Val de l'Orne,Apachee,New Noble,Nice Dancing,Francis U.,Pulidez
2022105022,Into Mischief,プリンセスノーア,Harlan's Holiday,Leslie's Lady,Not This Time,Sheza Smoke Show,Harlan,Christmas in Aiken,Tricky Creek,Crystal Lady,Giant's Causeway,Miss Macy Sue,Wilko,Avery Hall,Storm Cat,Country Romance,Affirmed,Dowager,Clever Trick,Battle Creek Girl,Stop the Music,One Last Bird,Storm Cat,Mariah's Storm,Trippi,Yada Yada,Awesome Again,ネイティブルーツ,エーピージェット,Royal Form,Storm Bird,Terlingua,Halo,Sweet Romance,Exclusive Native,Won't Tell You,Honest Pleasure,Princessnesian,Icecapade,Kankakee Miss,His Majesty,Far Beyond,Hail to Reason,Bebopper,One for All,Last Bird,Storm Bird,Terlingua,Rahy,イメンス,エンドスウィープ,Jealous Appeal,Great Above,Stem,Deputy Minister,Primal Force,Indian Ridge,Phazania,Fappiano,Taminette,Dynaformer,Royal Troupe
2022104766,マインドユアビスケッツ,ケアレスウィスパー,Posse,Jazzmane,フジキセキ,エヴリウィスパー,Silver Deputy,Raska,Toccet,Alljazz,サンデーサイレンス,ミルレーサー,ノーザンテースト,クラフテイワイフ,Deputy Minister,Silver Valley,Rahy,Borishka,Awesome Again,Cozzene's Angel,Stop the Music,Bounteous,Halo,Wishing Well,Le Fabuleux,Marston's Mill,Northern Dancer,Lady Victoria,Crafty Prospector,Wife Mistress,Vice Regent,Mint Copy,Mr. Prospector,Seven Valleys,Blushing Groom,Glorious Song,Roberto,Queen Maud,Deputy Minister,Primal Force,Cozzene,Charming Pan,Hail to Reason,Bebopper,Master Derby,Mlle. Quille,Hail to Reason,Cosmah,Understanding,Mountain Flower,Wild Risk,Anguar,In Reality,Millicent,Nearctic,Natalma,Victoria Park,Lady Angela,Mr. Prospector,Real Crafty Lady,Secretariat,Political Payoff
2022105940,サトノアラジン,メイショウルミナス,ディープインパクト,マジックストーム,アイルハヴアナザー,メイショウマリア,サンデーサイレンス,ウインドインハーヘア,Storm Cat,Foppy Dancer,Flower Alley,Arch's Gal Edith,マンハッタンカフェ,メイショウサブリナ,Halo,Wishing Well,Alzao,Burghclere,Storm Bird,Terlingua,Fappiano,Water Dance,Distorted Humor,プリンセスオリビア,Arch,Force Five Gal,サンデーサイレンス,サトルチェンジ,Kris S.,タラズチャーマー,Hail to Reason,Cosmah,Understanding,Mountain Flower,Lyphard,Lady Rebecca,Busted,Highclere,Northern Dancer,South Ocean,Secretariat,Crimson Saint,Mr. Prospector,Killaloe,Nijinsky,Luiana,フォーティナイナー,Danzig's Beauty,Lycius,Dance Image,Kris S.,Aurora,Pleasant Tap,Last Cause,Halo,Wishing Well,Law Society,Santa Luciana,Roberto,Sharp Queen,Majestic Light,French Charmer
2021100884,モーニン,ヒシアルコル,ヘニーヒューズ,Giggly,ダイワメジャー,ヒシピナクル,ヘネシー,Meadow Flyer,Distorted Humor,Chaste,サンデーサイレンス,スカーレットブーケ,Theatrical,Katies,Storm Cat,Island Kitty,Meadowlake,Shortley,フォーティナイナー,Danzig's Beauty,Cozzene,Purity,Halo,Wishing Well,ノーザンテースト,スカーレットインク,Nureyev,ツリーオブノレッジ,ノノアルコ,Mortefontaine,Storm Bird,Terlingua,Hawaii,T. C. Kitten,Hold Your Peace,Suspicious Native,Hagley,Short Winded,Mr. Prospector,File,Danzig,Sweetest Chant,Caro,Ride the Trails,Fappiano,Dame Mysterieuse,Hail to Reason,Cosmah,Understanding,Mountain Flower,Northern Dancer,Lady Victoria,Crimson Satan,Consentida,Northern Dancer,Special,Sassafras,Sensibility,Nearctic,Seximee,ポリック,Brabantia
2022103263,スワーヴリチャード,メイショウブーケ,ハーツクライ,ピラミマ,フレンチデピュティ,アドマイヤベリー,サンデーサイレンス,アイリッシュダンス,Unbridled's Song,キャリアコレクション,Deputy Minister,Mitterand,ダンスインザダーク,ブリリアントベリー,Halo,Wishing Well,トニービン,ビューパーダンス,Unbridled,Trolley Song,General Meeting,River of Stars,Vice Regent,Mint Copy,Hold Your Peace,Laredo Lass,サンデーサイレンス,ダンシングキイ,ノーザンテースト,クラフテイワイフ,Hail to Reason,Cosmah,Understanding,Mountain Flower,カンパラ,Severn Bridge,Lyphard,My Bupers,Fappiano,Gana Facil,Caro,Lucky Spell,Seattle Slew,Alydar's Promise,Riverman,Star Fortune,Northern Dancer,Victoria Regina,Bunty's Flight,Shakney,Speak John,Blue Moon,Bold Ruler,Fortunate Isle,Halo,Wishing Well,Nijinsky,Key Partner,Northern Dancer,Lady Victoria,Crafty Prospector,Wife Mistress
2022104312,ディーマジェスティ,ディアレストトリックスキ,ディープインパクト,エルメスティアラ,Proudest Romeo,Trickski,サンデーサイレンス,ウインドインハーヘア,ブライアンズタイム,シンコウエルメス,Proud Truth,Dearest Indu,Peteski,Explosive Trick,Halo,Wishing Well,Alzao,Burghclere,Roberto,Kelley's Day,Sadler's Wells,Doff the Derby,Graustark,Wake Robin,Full Pocket,Capulet,Affirmed,ビベ,Phone Trick,Miss Rock Island,Hail to Reason,Cosmah,Understanding,Mountain Flower,Lyphard,Lady Rebecca,Busted,Highclere,Hail to Reason,Bramalea,Graustark,Golden Trail,Northern Dancer,Fairy Bridge,Master Derby,Margarethen,Ribot,Flower Bowl,Summer Tan,War Ribbon,Olden Times,Dearest Mommy,Gallant Romeo,Indaba,Exclusive Native,Won't Tell You,Nureyev,ビバレジナ,Clever Trick,Over the Phone,Explodent,Look Out Liz
2022102745,レイデオロ,ペイフォワード,キングカメハメハ,ラドラーダ,ディープインパクト,ハートシェイプト,Kingmambo,マンファス,シンボリクリスエス,レディブロンド,サンデーサイレンス,ウインドインハーヘア,Storm Cat,Twenty Eight Carat,Mr. Prospector,Miesque,ラストタイクーン,Pilot Bird,Kris S.,Tee Kay,Seeking the Gold,ウインドインハーヘア,Halo,Wishing Well,Alzao,Burghclere,Storm Bird,Terlingua,Alydar,Voo Doo Dance,Raise a Native,Gold Digger,Nureyev,Pasadoble,トライマイベスト,Mill Princess,Blakeney,The Dancer,Roberto,Sharp Queen,Gold Meridian,Tri Argo,Mr. Prospector,Con Game,Alzao,Burghclere,Hail to Reason,Cosmah,Understanding,Mountain Flower,Lyphard,Lady Rebecca,Busted,Highclere,Northern Dancer,South Ocean,Secretariat,Crimson Saint,Raise a Native,Sweet Tooth,Stage Door Johnny,Witch Dance
2022102097,ビッグアーサー,ベリーベリータイム,サクラバクシンオー,シヤボナ,ブライアンズタイム,ワイルドベリー,サクラユタカオー,サクラハゴロモ,Kingmambo,Relish,Roberto,Kelley's Day,フジキセキ,アグネスミネルバ,テスコボーイ,アンジェリカ,ノーザンテースト,クリアアンバー,Mr. Prospector,Miesque,Sadler's Wells,Reloy,Hail to Reason,Bramalea,Graustark,Golden Trail,サンデーサイレンス,ミルレーサー,トニービン,ベリアーニ,Princely Gift,Suncourt,ネヴァービート,スターハイネス,Northern Dancer,Lady Victoria,Ambiopoise,One Clear Call,Raise a Native,Gold Digger,Nureyev,Pasadoble,Northern Dancer,Fairy Bridge,Liloy,Rescousse,Turn-to,Nothirdchance,Nashua,Rarelea,Ribot,Flower Bowl,Hasty Road,Sunny Vale,Halo,Wishing Well,Le Fabuleux,Marston's Mill,カンパラ,Severn Bridge,Nureyev,Eleven Pleasures
2022105767,カリフォルニアクローム,ウィズエモーション,Lucky Pulpit,Love the Chase,クロフネ,ミスアルダント,Pulpit,Lucky Soph,Not for Love,Chase It Down,フレンチデピュティ,ブルーアヴェニュー,サンデーサイレンス,マガロ,A.P. Indy,Preach,Cozzene,Lucky Spell,Mr. Prospector,Dance Number,Polish Numbers,Chase the Dream,Deputy Minister,Mitterand,Classic Go Go,Eliza Blue,Halo,Wishing Well,Caro,Magic,Seattle Slew,Weekend Surprise,Mr. Prospector,Narrate,Caro,Ride the Trails,Lucky Mel,Incantation,Raise a Native,Gold Digger,Northern Dancer,Numbered Account,Danzig,Numbered Account,Sir Ivor,La Belle Fleur,Vice Regent,Mint Copy,Hold Your Peace,Laredo Lass,Pago Pago,Classic Perfection,Icecapade,コレラ,Hail to Reason,Cosmah,Understanding,Mountain Flower,フォルティノ,Chambord,Buckpasser,Aspidistra
2022105697,ブリックスアンドモルタル,サイモンミラベル,Giant's Causeway,Beyond the Waves,ダイワメジャー,ミリアム,Storm Cat,Mariah's Storm,Ocean Crest,Excedent,サンデーサイレンス,スカーレットブーケ,キングカメハメハ,ウェルカムミレニアム,Storm Bird,Terlingua,Rahy,イメンス,Storm Bird,S.S.Aroma,Exceller,Broadway Lullaby,Halo,Wishing Well,ノーザンテースト,スカーレットインク,Kingmambo,マンファス,Kendor,Tambura,Northern Dancer,South Ocean,Secretariat,Crimson Saint,Blushing Groom,Glorious Song,Roberto,Imsodear,Northern Dancer,South Ocean,Seattle Slew,Rare Bouquet,Vaguely Noble,Too Bald,Stage Door Johnny,リットルブレツシング,Hail to Reason,Cosmah,Understanding,Mountain Flower,Northern Dancer,Lady Victoria,Crimson Satan,Consentida,Mr. Prospector,Miesque,ラストタイクーン,Pilot Bird,Kenmare,Belle Mecene,Kaldoun,Belle du Bresil
2020103118,ハーツクライ,レディオブフィフティ,サンデーサイレンス,アイリッシュダンス,After Market,K. D.'s Shady Lady,Halo,Wishing Well,トニービン,ビューパーダンス,Storm Cat,Tranquility Lake,Maria's Mon,Annie's Apple,Hail to Reason,Cosmah,Understanding,Mountain Flower,カンパラ,Severn Bridge,Lyphard,My Bupers,Storm Bird,Terlingua,Rahy,Winters' Love,Wavering Monarch,Carlotta Maria,Shawklit Won,Maid for Steele,Turn-to,Nothirdchance,Cosmic Bomb,Almahmoud,Promised Land,Pretty Ways,Montparnasse,Edelweiss,Kalamoun,State Pension,Hornbeam,Priddy Fair,Northern Dancer,Goofed,Bupers,Princess Revoked,Northern Dancer,South Ocean,Secretariat,Crimson Saint,Blushing Groom,Glorious Song,Danzig,Cold Hearted,Majestic Light,Uncommitted,Caro,Water Malone,Air Forbes Won,Shawklit,Rare Performer,Jump Ship
2023105224,ルヴァンスレーヴ,タイムハンドラー,シンボリクリスエス,マエストラーレ,ディープブリランテ,タイムトラベリング,Kris S.,Tee Kay,ネオユニヴァース,オータムブリーズ,ディープインパクト,ラヴアンドバブルズ,ブライアンズタイム,ジョリーザザ,Roberto,Sharp Queen,Gold Meridian,Tri Argo,サンデーサイレンス,ポインテッドパス,ティンバーカントリー,セプテンバーソング,サンデーサイレンス,ウインドインハーヘア,Loup Sauvage,バブルドリーム,Roberto,Kelley's Day,Alzao,Bold Lady,Hail to Reason,Bramalea,Princequillo,Bridgework,Seattle Slew,Queen Louie,Tri Jet,Hail Proudly,Halo,Wishing Well,Kris,Silken Way,Woodman,Fall Aspen,リアルシャダイ,ダイナフェアリー,Halo,Wishing Well,Alzao,Burghclere,Riverman,Louveterie,Akarad,バブルプロスペクター,Hail to Reason,Bramalea,Graustark,Golden Trail,Lyphard,Lady Rebecca,ボールドラツド,Tredam
2023107158,クリソベリル,パリスビキニ,ゴールドアリュール,クリソプレーズ,Bernardini,Lacadena,サンデーサイレンス,ニキーヤ,エルコンドルパサー,キャサリーンパー,A.P. Indy,Cara Rafaela,ファスリエフ,Butterfly Blue,Halo,Wishing Well,Nureyev,Reluctant Guest,Kingmambo,サドラーズギャル,Riverman,Regal Exception,Seattle Slew,Weekend Surprise,Quiet American,Oil Fable,Nureyev,Mr. P's Princess,Sadler's Wells,Blush With Pride,Hail to Reason,Cosmah,Understanding,Mountain Flower,Northern Dancer,Special,Hostage,Vaguely Royal,Mr. Prospector,Miesque,Sadler's Wells,Glenveagh,Never Bend,River Lady,Ribot,Rajput Princess,Bold Reasoning,My Charmer,Secretariat,Lassie Dear,Fappiano,Demure,Spectacular Bid,Northern Fable,Northern Dancer,Special,Mr. Prospector,Anne Campbell,Northern Dancer,Fairy Bridge,Blushing Groom,Best in Show
2023105308,ミッキーアイル,チャイマックス,ディープインパクト,スターアイル,Congrats,Icy Tea,サンデーサイレンス,ウインドインハーヘア,ロックオブジブラルタル,アイルドフランス,A.P. Indy,Praise,Storm Cat,Miss Sobriety,Halo,Wishing Well,Alzao,Burghclere,デインヒル,Offshore Boom,Nureyev,ステラマドリッド,Seattle Slew,Weekend Surprise,Mr. Prospector,Wild Applause,Storm Bird,Terlingua,Temperence Hill,Quillummo,Hail to Reason,Cosmah,Understanding,Mountain Flower,Lyphard,Lady Rebecca,Busted,Highclere,Danzig,Razyana,Be My Guest,Push a Button,Northern Dancer,Special,Alydar,My Juliet,Bold Reasoning,My Charmer,Secretariat,Lassie Dear,Raise a Native,Gold Digger,Northern Dancer,Glowing Tribute,Northern Dancer,South Ocean,Secretariat,Crimson Saint,Stop the Music,Sister Shannon,Gummo,Quillopoly
2023105081,カリフォルニアクローム,バイカターキン,Lucky Pulpit,Love the Chase,エンパイアメーカー,アブラシオ,Pulpit,Lucky Soph,Not for Love,Chase It Down,Unbridled,Toussaud,グラスワンダー,ジュウジホウセキ,A.P. Indy,Preach,Cozzene,Lucky Spell,Mr. Prospector,Dance Number,Polish Numbers,Chase the Dream,Fappiano,Gana Facil,El Gran Senor,Image of Reality,Silver Hawk,Ameriflora,マルゼンスキー,ジュウジターキン,Seattle Slew,Weekend Surprise,Mr. Prospector,Narrate,Caro,Ride the Trails,Lucky Mel,Incantation,Raise a Native,Gold Digger,Northern Dancer,Numbered Account,Danzig,Numbered Account,Sir Ivor,La Belle Fleur,Mr. Prospector,Killaloe,Le Fabuleux,Charedi,Northern Dancer,Sex Appeal,In Reality,Edee's Image,Roberto,Gris Vitesse,Danzig,Graceful Touch,Nijinsky,シル,ハンターコム,シヤダイターキン
2023107348,キズナ,レディデラウェア,ディープインパクト,キャットクイル,American Pharoah,More Hennessy,サンデーサイレンス,ウインドインハーヘア,Storm Cat,Pacific Princess,Pioneerof the Nile,Littleprincessemma,ヘネシー,Dance Move,Halo,Wishing Well,Alzao,Burghclere,Storm Bird,Terlingua,Damascus,Fiji,エンパイアメーカー,Star of Goshen,Yankee Gentleman,Exclusive Rosette,Storm Cat,Island Kitty,Capote,Dance Teacher,Hail to Reason,Cosmah,Understanding,Mountain Flower,Lyphard,Lady Rebecca,Busted,Highclere,Northern Dancer,South Ocean,Secretariat,Crimson Saint,Sword Dancer,Kerala,Acropolis,Rififi,Unbridled,Toussaud,Lord at War,Castle Eight,Storm Cat,Key Phrase,Ecliptical,Zetta Jet,Storm Bird,Terlingua,Hawaii,T. C. Kitten,Seattle Slew,Too Bald,Smarten,Intentional Move
2023102171,ダノンスマッシュ,セルディアーナ,ロードカナロア,スピニングワイルドキャット,ハーツクライ,ストゥデンテッサ,キングカメハメハ,レディブラッサム,Hard Spun,Hollywood Wildcat,サンデーサイレンス,アイリッシュダンス,High Yield,Student Body Pres,Kingmambo,マンファス,Storm Cat,サラトガデュー,Danzig,Turkish Tryst,Kris S.,Miss Wildcatter,Halo,Wishing Well,トニービン,ビューパーダンス,Storm Cat,Scoop the Gold,Mr. Leader,Guanajibena,Mr. Prospector,Miesque,ラストタイクーン,Pilot Bird,Storm Bird,Terlingua,Cormorant,Super Luna,Northern Dancer,Pas de Nom,Turkoman,Darbyvail,Roberto,Sharp Queen,Mr. Prospector,Elizabeth K.,Hail to Reason,Cosmah,Understanding,Mountain Flower,カンパラ,Severn Bridge,Lyphard,My Bupers,Storm Bird,Terlingua,フォーティナイナー,Leap Lively,Hail to Reason,Jolie Deja,Outing Class,チルドレンズアワー
2023106398,オルフェーヴル,ダイヤモンドアスク,ステイゴールド,オリエンタルアート,ジャングルポケット,フューチャサンデー,サンデーサイレンス,ゴールデンサッシュ,メジロマックイーン,エレクトロアート,トニービン,ダンスチャーマー,サンデーサイレンス,アスクローザ,Halo,Wishing Well,ディクタス,ダイナサッシュ,メジロティターン,メジロオーロラ,ノーザンテースト,グランマスティーヴンス,カンパラ,Severn Bridge,Nureyev,Skillful Joy,Halo,Wishing Well,リアルシャダイ,オオミーアキノ,Hail to Reason,Cosmah,Understanding,Mountain Flower,Sanctus,Doronic,ノーザンテースト,ロイヤルサッシュ,メジロアサマ,シエリル,リマンド,メジロアイリス,Northern Dancer,Lady Victoria,Lt. Stevens,Dhow,Kalamoun,State Pension,Hornbeam,Priddy Fair,Northern Dancer,Special,Nodouble,Skillful Miss,Hail to Reason,Cosmah,Understanding,Mountain Flower,Roberto,Desert Vixen,ノーザンテースト,オオミシヤダイ
2023106646,ヴァンゴッホ,スカイキューティー,American Pharoah,Imagine,スペシャルウィーク,スギノキューティー,Pioneerof the Nile,Littleprincessemma,Sadler's Wells,Doff the Derby,サンデーサイレンス,キャンペンガール,Majestic Light,Summer Mood,エンパイアメーカー,Star of Goshen,Yankee Gentleman,Exclusive Rosette,Northern Dancer,Fairy Bridge,Master Derby,Margarethen,Halo,Wishing Well,マルゼンスキー,レディーシラオキ,Majestic Prince,Irradiate,Raja Baba,Fairly Regal,Unbridled,Toussaud,Lord at War,Castle Eight,Storm Cat,Key Phrase,Ecliptical,Zetta Jet,Nearctic,Natalma,Bold Reason,Special,ダストコマンダー,Madam Jerry,Tulyar,Russ-Marie,Hail to Reason,Cosmah,Understanding,Mountain Flower,Nijinsky,シル,セントクレスピン,ミスアシヤガワ,Raise a Native,Gay Hostess,Ribot,High Voltage,Bold Ruler,Missy Baba,ヴァイスリーガル,Fair
2023105662,マテラスカイ,ヴィブラビ,Speightstown,Mostaqeleh,ネオユニヴァース,ショウリダバンザイ,Gone West,Silken Cat,Rahy,Istiqlal,サンデーサイレンス,ポインテッドパス,プリサイスエンド,オレンジスペシャル,Mr. Prospector,Secrettame,Storm Cat,Silken Doll,Blushing Groom,Glorious Song,Diesis,Wasnah,Halo,Wishing Well,Kris,Silken Way,エンドスウィープ,Precisely,ジェイドロバリー,オレンジジャスミン,Raise a Native,Gold Digger,Secretariat,Tamerett,Storm Bird,Terlingua,Chieftain,Insilca,Red God,Runaway Bride,Halo,Ballade,Sharpen Up,Doubly Sure,Nijinsky,Highest Trump,Hail to Reason,Cosmah,Understanding,Mountain Flower,Sharpen Up,Doubly Sure,Shantung,Boulevard,フォーティナイナー,Broom Dance,Summing,Crisp 'n Clear,Mr. Prospector,Number,Masterclass,La Mortola
2023100851,スマートファルコン,マヤチャン,ゴールドアリュール,ケイシュウハーブ,ロードカナロア,トランプクイーン,サンデーサイレンス,ニキーヤ,ミシシッピアン,キョウエイシラユキ,キングカメハメハ,レディブラッサム,ネオユニヴァース,バレークイーン,Halo,Wishing Well,Nureyev,Reluctant Guest,Vaguely Noble,Gazala,クラウンドプリンス,アリアーン,Kingmambo,マンファス,Storm Cat,サラトガデュー,サンデーサイレンス,ポインテッドパス,Sadler's Wells,Sun Princess,Hail to Reason,Cosmah,Understanding,Mountain Flower,Northern Dancer,Special,Hostage,Vaguely Royal,ヴィエナ,Noble Lassie,Dark Star,Belle Angevine,Raise a Native,Gay Hostess,シルバーシャーク,Nucciolina,Mr. Prospector,Miesque,ラストタイクーン,Pilot Bird,Storm Bird,Terlingua,Cormorant,Super Luna,Halo,Wishing Well,Kris,Silken Way,Northern Dancer,Fairy Bridge,イングリッシュプリンス,Sunny Valley
2023101095,シャンハイボビー,メイシャイン,Harlan's Holiday,Steelin',シンボリクリスエス,スターアルファ,Harlan,Christmas in Aiken,Orientate,Steel Band,Kris S.,Tee Kay,サンデーサイレンス,アンティックヴァリュー,Storm Cat,Country Romance,Affirmed,Dowager,Mt. Livermore,Dream Team,Carson City,ウェディングバンド,Roberto,Sharp Queen,Gold Meridian,Tri Argo,Halo,Wishing Well,Northern Dancer,Moonscape,Storm Bird,Terlingua,Halo,Sweet Romance,Exclusive Native,Won't Tell You,Honest Pleasure,Princessnesian,Blushing Groom,Flama Ardiente,Cox's Ridge,Likely Double,Mr. Prospector,Blushing Promise,Mighty Appealing,Ring of Steel,Hail to Reason,Bramalea,Princequillo,Bridgework,Seattle Slew,Queen Louie,Tri Jet,Hail Proudly,Hail to Reason,Cosmah,Understanding,Mountain Flower,Nearctic,Natalma,Tom Fool,Brazen
2023101524,サートゥルナーリア,キョウエイカプリス,ロードカナロア,シーザリオ,ゴールドアリュール,レイズユアグラス,キングカメハメハ,レディブラッサム,スペシャルウィーク,キロフプリミエール,サンデーサイレンス,ニキーヤ,アジュディケーティング,レイズアプランサー,Kingmambo,マンファス,Storm Cat,サラトガデュー,サンデーサイレンス,キャンペンガール,Sadler's Wells,Querida,Halo,Wishing Well,Nureyev,Reluctant Guest,Danzig,Resolver,Raise a Native,Dancing Hostess,Mr. Prospector,Miesque,ラストタイクーン,Pilot Bird,Storm Bird,Terlingua,Cormorant,Super Luna,Halo,Wishing Well,マルゼンスキー,レディーシラオキ,Northern Dancer,Fairy Bridge,Habitat,Principia,Hail to Reason,Cosmah,Understanding,Mountain Flower,Northern Dancer,Special,Hostage,Vaguely Royal,Northern Dancer,Pas de Nom,Reviewer,Lovely Morning,Native Dancer,Raise You,Sword Dancer,Your Hostess
2023104698,ダンカーク,セイウンピーチ,Unbridled's Song,Secret Status,モーリス,ファイアマーシャル,Unbridled,Trolley Song,A.P. Indy,Private Status,スクリーンヒーロー,メジロフランシス,ディープインパクト,ブッシュファイヤー,Fappiano,Gana Facil,Caro,Lucky Spell,Seattle Slew,Weekend Surprise,Alydar,Miss Eva,グラスワンダー,ランニングヒロイン,カーネギー,メジロモントレー,サンデーサイレンス,ウインドインハーヘア,Louis Quatorze,Traki Traki,Mr. Prospector,Killaloe,Le Fabuleux,Charedi,フォルティノ,Chambord,Lucky Mel,Incantation,Bold Reasoning,My Charmer,Secretariat,Lassie Dear,Raise a Native,Sweet Tooth,Con Brio,Apolinea,Silver Hawk,Ameriflora,サンデーサイレンス,ダイナアクトレス,Sadler's Wells,Detroit,モガミ,メジロクインシー,Halo,Wishing Well,Alzao,Burghclere,Sovereign Dancer,On to Royalty,Mo Power,Ride the Rainbow
2023105365,American Pharoah,マールボロロード,Pioneerof the Nile,Littleprincessemma,The Gurkha,Song to Remember,エンパイアメーカー,Star of Goshen,Yankee Gentleman,Exclusive Rosette,Galileo,Chintz,Storm Cat,Wedding Reception,Unbridled,Toussaud,Lord at War,Castle Eight,Storm Cat,Key Phrase,Ecliptical,Zetta Jet,Sadler's Wells,Urban Sea,Danehill Dancer,Gold Dodger,Storm Bird,Terlingua,Round Table,Prodana Neviesta,Fappiano,Gana Facil,El Gran Senor,Image of Reality,General,Luna de Miel,Key to the Kingdom,Her Native,Storm Bird,Terlingua,Flying Paster,Sown,Exclusive Native,Minnetonka,Tri Jet,Queen Zetta,Northern Dancer,Fairy Bridge,Miswaki,Allegretta,デインヒル,Mira Adonde,Slew o' Gold,Brooklyn's Dance,Northern Dancer,South Ocean,Secretariat,Crimson Saint,Princequillo,Knights Daughter,Reneged,Jolie Deja
2023106261,セイウンコウセイ,レッドエーデル,アドマイヤムーン,オブザーヴァント,ルーラーシップ,アドマイヤリッチ,エンドスウィープ,マイケイティーズ,Capote,パテントリークリア,キングカメハメハ,エアグルーヴ,サンデーサイレンス,レース,フォーティナイナー,Broom Dance,サンデーサイレンス,ケイティーズファースト,Seattle Slew,Too Bald,Miswaki,Badge of Courage,Kingmambo,マンファス,トニービン,ダイナカール,Halo,Wishing Well,Gulch,キーフライヤー,Mr. Prospector,File,Dance Spell,Witching Hour,Halo,Wishing Well,Kris,Katies,Bold Reasoning,My Charmer,Bald Eagle,Hidden Talent,Mr. Prospector,Hopespringseternal,Well Decorated,Tamerett,Mr. Prospector,Miesque,ラストタイクーン,Pilot Bird,カンパラ,Severn Bridge,ノーザンテースト,シャダイフェザー,Hail to Reason,Cosmah,Understanding,Mountain Flower,Mr. Prospector,Jameela,Nijinsky,Key Partner
2023105594,トランセンド,シールヴィクトリー,ワイルドラッシュ,シネマスコープ,キングカメハメハ,ヴィクトリーマーチ,Wild Again,Rose Park,トニービン,ブルーハワイ,Kingmambo,マンファス,アグネスタキオン,ヴィクトリークライ,Icecapade,Bushel-n-Peck,Plugged Nickle,Hardship,カンパラ,Severn Bridge,スリルショー,サニースワップス,Mr. Prospector,Miesque,ラストタイクーン,Pilot Bird,サンデーサイレンス,アグネスフローラ,Caerleon,Verveine,Nearctic,Shenanigans,Khaled,Dama,Key to the Mint,Toll Booth,Drone,Hard and Fast,Kalamoun,State Pension,Hornbeam,Priddy Fair,Northern Baby,Splendid Girl,Hawaii,アイアンエイジ,Raise a Native,Gold Digger,Nureyev,Pasadoble,トライマイベスト,Mill Princess,Blakeney,The Dancer,Halo,Wishing Well,ロイヤルスキー,アグネスレディー,Nijinsky,Foreseer,Lear Fan,Venise
2023105164,ダノンレジェンド,レッドペルル,Macho Uno,マイグッドネス,ディープインパクト,フェルメールブルー,Holy Bull,Primal Force,Storm Cat,Caressing,サンデーサイレンス,ウインドインハーヘア,ノーザンテースト,ノースフライト,Great Above,Sharon Brown,Blushing Groom,Prime Prospect,Storm Bird,Terlingua,Honour and Glory,Lovin Touch,Halo,Wishing Well,Alzao,Burghclere,Northern Dancer,Lady Victoria,トニービン,シヤダイフライト,Minnesota Mac,Ta Wee,Al Hattab,Agathea's Dawn,Red God,Runaway Bride,Mr. Prospector,Square Generation,Northern Dancer,South Ocean,Secretariat,Crimson Saint,Relaunch,Fair to All,Majestic Prince,Forest Princess,Hail to Reason,Cosmah,Understanding,Mountain Flower,Lyphard,Lady Rebecca,Busted,Highclere,Nearctic,Natalma,Victoria Park,Lady Angela,カンパラ,Severn Bridge,ヒッティングアウェー,フォーワードフライト
2023106167,スワーヴリチャード,スプリングイズヒア,ハーツクライ,ピラミマ,キングカメハメハ,レニーズゴットジップ,サンデーサイレンス,アイリッシュダンス,Unbridled's Song,キャリアコレクション,Kingmambo,マンファス,City Zip,No Dress Code,Halo,Wishing Well,トニービン,ビューパーダンス,Unbridled,Trolley Song,General Meeting,River of Stars,Mr. Prospector,Miesque,ラストタイクーン,Pilot Bird,Carson City,Baby Zip,Distorted Humor,Westfold Vale,Hail to Reason,Cosmah,Understanding,Mountain Flower,カンパラ,Severn Bridge,Lyphard,My Bupers,Fappiano,Gana Facil,Caro,Lucky Spell,Seattle Slew,Alydar's Promise,Riverman,Star Fortune,Raise a Native,Gold Digger,Nureyev,Pasadoble,トライマイベスト,Mill Princess,Blakeney,The Dancer,Mr. Prospector,Blushing Promise,Relaunch,Thirty Zip,フォーティナイナー,Danzig's Beauty,Flying Paster,In Hopes
2023103787,ゴールドシップ,スアデラ,ステイゴールド,ポイントフラッグ,ゴールドアリュール,マサノミネルバ,サンデーサイレンス,ゴールデンサッシュ,メジロマックイーン,パストラリズム,サンデーサイレンス,ニキーヤ,ラムタラ,ハートステイジ,Halo,Wishing Well,ディクタス,ダイナサッシュ,メジロティターン,メジロオーロラ,プルラリズム,トクノエイティー,Halo,Wishing Well,Nureyev,Reluctant Guest,Nijinsky,Snow Bride,カコイーシーズ,ハートブレイク,Hail to Reason,Cosmah,Understanding,Mountain Flower,Sanctus,Doronic,ノーザンテースト,ロイヤルサッシュ,メジロアサマ,シエリル,リマンド,メジロアイリス,The Minstrel,Cambretta,トライバルチーフ,アイアンルビー,Hail to Reason,Cosmah,Understanding,Mountain Flower,Northern Dancer,Special,Hostage,Vaguely Royal,Northern Dancer,Flaming Page,Blushing Groom,Awaasif,Alydar,Careless Notion,Stage Door Johnny,Royal Folly
2023102377,マインドユアビスケッツ,シュエットヌーベル,Posse,Jazzmane,スマートファルコン,クイックメール,Silver Deputy,Raska,Toccet,Alljazz,ゴールドアリュール,ケイシュウハーブ,タイキシャトル,タニノメール,Deputy Minister,Silver Valley,Rahy,Borishka,Awesome Again,Cozzene's Angel,Stop the Music,Bounteous,サンデーサイレンス,ニキーヤ,ミシシッピアン,キョウエイシラユキ,Devil's Bag,ウェルシュマフィン,リヴリア,アロマックアステル,Vice Regent,Mint Copy,Mr. Prospector,Seven Valleys,Blushing Groom,Glorious Song,Roberto,Queen Maud,Deputy Minister,Primal Force,Cozzene,Charming Pan,Hail to Reason,Bebopper,Master Derby,Mlle. Quille,Halo,Wishing Well,Nureyev,Reluctant Guest,Vaguely Noble,Gazala,クラウンドプリンス,アリアーン,Halo,Ballade,Caerleon,Muffitys,Riverman,Dahlia,ラッキーソブリン,タニノテスコ
2023101141,アメリカンペイトリオット,トリンカデイラ,War Front,Life Well Lived,Lope de Vega,Palanca,Danzig,Starry Dreamer,Tiznow,Well Dressed,Shamardal,Lady Vettori,Inchinor,Putout,Northern Dancer,Pas de Nom,Rubiano,Lara's Star,Cee's Tizzy,Cee's Song,Notebook,Trithenia,Giant's Causeway,Helsinki,Vettori,Lady Golconda,Ahonoora,Inchmurrin,ドージング,Putupon,Nearctic,Natalma,Admiral's Voyage,Petitioner,Fappiano,Ruby Slippers,Forli,True Reality,Relaunch,テイズリー,Seattle Song,Lonely Dancer,Well Decorated,Mobcap,Gold Meridian,Tri Argo,Storm Cat,Mariah's Storm,Machiavellian,Helen Street,Machiavellian,Air Distingue,Kendor,Lady Sharp,Lorenzaccio,Helen Nichols,Lomond,On Show,Riverman,Prospector's Fire,Mummy's Pet,Mrs. Moss
2023103734,Essential Quality,レッドラーク,Tapit,Delightful Quality,Epaulette,Firecrest,Pulpit,Tap Your Heels,Elusive Quality,Contrive,コマンズ,Accessories,Darshaan,Trefoil,A.P. Indy,Preach,Unbridled,Ruby Slippers,Gone West,Touch of Greatness,Storm Cat,Jeano,デインヒル,Cotehele House,Singspiel,Anna Matrushka,Shirley Heights,Delsy,Blakeney,First Bloom,Seattle Slew,Weekend Surprise,Mr. Prospector,Narrate,Fappiano,Gana Facil,Nijinsky,Moon Glitter,Mr. Prospector,Secrettame,Hero's Honor,Ivory Wand,Storm Bird,Terlingua,Fappiano,バジー,Danzig,Razyana,My Swanee,Eight Carat,In the Wings,Glorious Song,Mill Reef,Anna Paola,Mill Reef,Hardiemma,Abdos,Kelty,Hethersett,Windmill Girl,プリメラ,Flower Dance
2023100534,ミスターメロディ,サイエン,Scat Daddy,Trusty Lady,バゴ,トウカイルックス,ヨハネスブルグ,Love Style,Deputy Minister,Klassy Kim,Nashwan,Moonlight's Box,サンデーサイレンス,ボブズディレンマ,ヘネシー,Myth,Mr. Prospector,Likeable Style,Vice Regent,Mint Copy,Silent Screen,クールアライヴァル,Blushing Groom,Height of Fashion,Nureyev,Coup de Genie,Halo,Wishing Well,Mr. Prospector,Hay Patcher,Storm Cat,Island Kitty,オジジアン,Yarn,Raise a Native,Gold Digger,Nijinsky,Personable Lady,Northern Dancer,Victoria Regina,Bunty's Flight,Shakney,Prince John,Prayer Bell,Relaunch,Irish Arrival,Red God,Runaway Bride,Bustino,Highclere,Northern Dancer,Special,Mr. Prospector,Coup de Folie,Hail to Reason,Cosmah,Understanding,Mountain Flower,Raise a Native,Gold Digger,Hoist the Flag,Turn to Talent
2023107408,ルーラーシップ,アースマリン,キングカメハメハ,エアグルーヴ,マリエンバード,ハヤベニコマチ,Kingmambo,マンファス,トニービン,ダイナカール,Caerleon,マリエンバド,サンデーサイレンス,ターンツーダイナ,Mr. Prospector,Miesque,ラストタイクーン,Pilot Bird,カンパラ,Severn Bridge,ノーザンテースト,シャダイフェザー,Nijinsky,Foreseer,Darshaan,Marie de Fontenoy,Halo,Wishing Well,ノーザンテースト,ナイスランディング,Raise a Native,Gold Digger,Nureyev,Pasadoble,トライマイベスト,Mill Princess,Blakeney,The Dancer,Kalamoun,State Pension,Hornbeam,Priddy Fair,Northern Dancer,Lady Victoria,ガーサント,パロクサイド,Northern Dancer,Flaming Page,Round Table,Regal Gleam,Shirley Heights,Delsy,Lightning,Primula,Hail to Reason,Cosmah,Understanding,Mountain Flower,Northern Dancer,Lady Victoria,First Landing,Pashmina
2023106238,フォーウィールドライブ,ナムラココロ,American Pharoah,Funfair,サウスヴィグラス,ネクストタイム,Pioneerof the Nile,Littleprincessemma,More Than Ready,Fleuron,エンドスウィープ,ダーケストスター,アフリート,ジャビラバ,エンパイアメーカー,Star of Goshen,Yankee Gentleman,Exclusive Rosette,サザンヘイロー,Woodman's Girl,Distant View,Flamboyance,フォーティナイナー,Broom Dance,Star de Naskra,Minnie Riperton,Mr. Prospector,Polite Lady,Majestic Light,コマーズ,Unbridled,Toussaud,Lord at War,Castle Eight,Storm Cat,Key Phrase,Ecliptical,Zetta Jet,Halo,Northern Sea,Woodman,Becky Be Good,Mr. Prospector,Seven Springs,Zilzal,Bridal Wreath,Mr. Prospector,File,Dance Spell,Witching Hour,Naskra,Candle Star,Cornish Prince,English Harbor,Raise a Native,Gold Digger,Venetian Jester,Friendly Ways,Majestic Prince,Irradiate,Danzig,ミドルマーチ
2023107338,マジェスティックウォリアー,レッドソンブレロ,A.P. Indy,Dream Supreme,キングカメハメハ,スカーレットレディ,Seattle Slew,Weekend Surprise,Seeking the Gold,Spinning Round,Kingmambo,マンファス,サンデーサイレンス,スカーレットローズ,Bold Reasoning,My Charmer,Secretariat,Lassie Dear,Mr. Prospector,Con Game,Dixieland Band,Take Heart,Mr. Prospector,Miesque,ラストタイクーン,Pilot Bird,Halo,Wishing Well,ノーザンテースト,スカーレットインク,Boldnesian,Reason to Earn,Poker,Fair Charmer,Bold Ruler,Somethingroyal,Buckpasser,Gay Missile,Raise a Native,Gold Digger,Buckpasser,Broadway,Northern Dancer,Mississippi Mud,Secretariat,Deck Stewardess,Raise a Native,Gold Digger,Nureyev,Pasadoble,トライマイベスト,Mill Princess,Blakeney,The Dancer,Hail to Reason,Cosmah,Understanding,Mountain Flower,Northern Dancer,Lady Victoria,Crimson Satan,Consentida
2023100272,エポカドーロ,ノボピュアリティ,オルフェーヴル,ダイワパッション,ノボトゥルー,ノボキッス,ステイゴールド,オリエンタルアート,フォーティナイナー,サンルージュ,Broad Brush,Nastique,フレンチデピュティ,ライズキッス,サンデーサイレンス,ゴールデンサッシュ,メジロマックイーン,エレクトロアート,Mr. Prospector,File,シェイディハイツ,チカノヴァ,Ack Ack,Hay Patcher,Naskra,La Fantastique,Deputy Minister,Mitterand,Dayjur,Take Lady Anne,Halo,Wishing Well,ディクタス,ダイナサッシュ,メジロティターン,メジロオーロラ,ノーザンテースト,グランマスティーヴンス,Raise a Native,Gold Digger,Tom Rolfe,Continue,Shirley Heights,Vaguely,Northern Dancer,Cairn Rouge,Battle Joined,Fast Turn,Hoist the Flag,Turn to Talent,Nasram,Iskra,Le Fabuleux,Witherite,Vice Regent,Mint Copy,Hold Your Peace,Laredo Lass,Danzig,Gold Beauty,Queen City Lad,Lovita H.
2023107507,Victor Ludorum,Locomotion,Shamardal,Antiquities,ストリートセンス,Chausie,Giant's Causeway,Helsinki,Kaldounevees,Historian,Street Cry,Bedazzle,Bluegrass Cat,Descapate,Storm Cat,Mariah's Storm,Machiavellian,Helen Street,Kaldoun,Safaroa,Pennekamp,Helen Street,Machiavellian,Helen Street,Dixieland Band,Majestic Legend,Storm Cat,She's a Winner,デヒア,Scapegoat,Storm Bird,Terlingua,Rahy,イメンス,Mr. Prospector,Coup de Folie,Troy,Waterway,Caro,Katana,サティンゴ,Traverse Afar,Bering,Coral Dance,Troy,Waterway,Mr. Prospector,Coup de Folie,Troy,Waterway,Northern Dancer,Mississippi Mud,His Majesty,Long Legend,Storm Bird,Terlingua,A.P. Indy,Get Lucky,Deputy Minister,Sister Dot,フォーティナイナー,Old Goat
2023104109,ロゴタイプ,ラガッツァカリーナ,ローエングリン,ステレオタイプ,ヴァーミリアン,ベネヴェント,Singspiel,カーリング,サンデーサイレンス,スターバレリーナ,エルコンドルパサー,スカーレットレディ,トニービン,ダイナシュート,In the Wings,Glorious Song,Garde Royale,Corraleja,Halo,Wishing Well,Risen Star,ベリアーニ,Kingmambo,サドラーズギャル,サンデーサイレンス,スカーレットローズ,カンパラ,Severn Bridge,ノーザンテースト,シヤダイマイン,Sadler's Wells,High Hawk,Halo,Ballade,Mill Reef,Royal Way,Carvin,Darling Dale,Hail to Reason,Cosmah,Understanding,Mountain Flower,Secretariat,Ribbon,Nureyev,Eleven Pleasures,Mr. Prospector,Miesque,Sadler's Wells,Glenveagh,Halo,Wishing Well,ノーザンテースト,スカーレットインク,Kalamoun,State Pension,Hornbeam,Priddy Fair,Northern Dancer,Lady Victoria,ヒッティングアウェー,ファンシミン
2023100733,Liam's Map,エノラゲイ,Unbridled's Song,Miss Macy Sue,Uncle Mo,Dakota Queen,Unbridled,Trolley Song,Trippi,Yada Yada,Indian Charlie,Playa Maya,War Front,Moon Queen,Fappiano,Gana Facil,Caro,Lucky Spell,エンドスウィープ,Jealous Appeal,Great Above,Stem,In Excess,Soviet Sojourn,Arch,Dixie Slippers,Danzig,Starry Dreamer,Sadler's Wells,Infamy,Mr. Prospector,Killaloe,Le Fabuleux,Charedi,フォルティノ,Chambord,Lucky Mel,Incantation,フォーティナイナー,Broom Dance,Valid Appeal,Jealous Cat,Minnesota Mac,Ta Wee,Damascus,Tweak,Siberian Express,Kantado,Leo Castelli,Political Parfait,Kris S.,Aurora,Dixieland Band,Cyane's Slippers,Northern Dancer,Pas de Nom,Rubiano,Lara's Star,Northern Dancer,Fairy Bridge,Shirley Heights,Seriema
2023102134,イスラボニータ,カレイメモワール,フジキセキ,イスラコジーン,アドマイヤムーン,ラピュセル,サンデーサイレンス,ミルレーサー,Cozzene,Isla Mujeres,エンドスウィープ,マイケイティーズ,エリシオ,アイシーゴーグル,Halo,Wishing Well,Le Fabuleux,Marston's Mill,Caro,Ride the Trails,Crafty Prospector,Lido Isle,フォーティナイナー,Broom Dance,サンデーサイレンス,ケイティーズファースト,Fairy King,Helice,ロイヤルスキー,シャダイアイバー,Hail to Reason,Cosmah,Understanding,Mountain Flower,Wild Risk,Anguar,In Reality,Millicent,フォルティノ,Chambord,Prince John,Wildwook,Mr. Prospector,Real Crafty Lady,Far North,She Is Gorgeous,Mr. Prospector,File,Dance Spell,Witching Hour,Halo,Wishing Well,Kris,Katies,Northern Dancer,Fairy Bridge,Slewpy,Hirondelle,Raja Baba,Coz o'Nijinsky,ノーザンテースト,サワーオレンジ
2023103281,ダノンスマッシュ,アンシェルブルー,ロードカナロア,スピニングワイルドキャット,マンハッタンカフェ,バードキャット,キングカメハメハ,レディブラッサム,Hard Spun,Hollywood Wildcat,サンデーサイレンス,サトルチェンジ,Storm Cat,Wield,Kingmambo,マンファス,Storm Cat,サラトガデュー,Danzig,Turkish Tryst,Kris S.,Miss Wildcatter,Halo,Wishing Well,Law Society,Santa Luciana,Storm Bird,Terlingua,ジャッジャー,Special,Mr. Prospector,Miesque,ラストタイクーン,Pilot Bird,Storm Bird,Terlingua,Cormorant,Super Luna,Northern Dancer,Pas de Nom,Turkoman,Darbyvail,Roberto,Sharp Queen,Mr. Prospector,Elizabeth K.,Hail to Reason,Cosmah,Understanding,Mountain Flower,Alleged,Bold Bikini,Luciano,Suleika,Northern Dancer,South Ocean,Secretariat,Crimson Saint,Damascus,Face the Facts,Forli,Thong
2023107021,ダノンスマッシュ,サンデースマイル,ロードカナロア,スピニングワイルドキャット,サンデーサイレンス,センセーション,キングカメハメハ,レディブラッサム,Hard Spun,Hollywood Wildcat,Halo,Wishing Well,ソヴィエトスター,Outstandingly,Kingmambo,マンファス,Storm Cat,サラトガデュー,Danzig,Turkish Tryst,Kris S.,Miss Wildcatter,Hail to Reason,Cosmah,Understanding,Mountain Flower,Nureyev,Veruschka,Exclusive Native,La Mesa,Mr. Prospector,Miesque,ラストタイクーン,Pilot Bird,Storm Bird,Terlingua,Cormorant,Super Luna,Northern Dancer,Pas de Nom,Turkoman,Darbyvail,Roberto,Sharp Queen,Mr. Prospector,Elizabeth K.,Turn-to,Nothirdchance,Cosmic Bomb,Almahmoud,Promised Land,Pretty Ways,Montparnasse,Edelweiss,Northern Dancer,Special,ヴェンチア,Marie d'Anjou,Raise a Native,Exclusive,Round Table,Finance
2023105263,インディチャンプ,アイムユアーズ,ステイゴールド,ウィルパワー,Invincible Spirit,Rebelline,サンデーサイレンス,ゴールデンサッシュ,キングカメハメハ,トキオリアリティー,Green Desert,Rafha,Robellino,Fleeting Rainbow,Halo,Wishing Well,ディクタス,ダイナサッシュ,Kingmambo,マンファス,Meadowlake,What a Reality,Danzig,Foreign Courier,Kris,Eljazzi,Roberto,Isobelline,Rainbow Quest,Taplow,Hail to Reason,Cosmah,Understanding,Mountain Flower,Sanctus,Doronic,ノーザンテースト,ロイヤルサッシュ,Mr. Prospector,Miesque,ラストタイクーン,Pilot Bird,Hold Your Peace,Suspicious Native,In Reality,What Will Be,Northern Dancer,Pas de Nom,Sir Ivor,Courtly Dee,Sharpen Up,Doubly Sure,アーテイアス,Border Bounty,Hail to Reason,Bramalea,Pronto,Isobella,Blushing Groom,I Will Follow,タップオンウッド,Fighting
2023101827,マテラスカイ,ヨドノプルメリア,Speightstown,Mostaqeleh,アンライバルド,ヨドノグレイス,Gone West,Silken Cat,Rahy,Istiqlal,ネオユニヴァース,バレークイーン,バゴ,ハナマル,Mr. Prospector,Secrettame,Storm Cat,Silken Doll,Blushing Groom,Glorious Song,Diesis,Wasnah,サンデーサイレンス,ポインテッドパス,Sadler's Wells,Sun Princess,Nashwan,Moonlight's Box,アフリート,パーティプラザ,Raise a Native,Gold Digger,Secretariat,Tamerett,Storm Bird,Terlingua,Chieftain,Insilca,Red God,Runaway Bride,Halo,Ballade,Sharpen Up,Doubly Sure,Nijinsky,Highest Trump,Halo,Wishing Well,Kris,Silken Way,Northern Dancer,Fairy Bridge,イングリッシュプリンス,Sunny Valley,Blushing Groom,Height of Fashion,Nureyev,Coup de Genie,Mr. Prospector,Polite Lady,トウショウボーイ,パーソネラ
2023106299,ダノンスマッシュ,パープルセイル,ロードカナロア,スピニングワイルドキャット,フジキセキ,ガゼルロワイヤル,キングカメハメハ,レディブラッサム,Hard Spun,Hollywood Wildcat,サンデーサイレンス,ミルレーサー,Garde Royale,Beautywal,Kingmambo,マンファス,Storm Cat,サラトガデュー,Danzig,Turkish Tryst,Kris S.,Miss Wildcatter,Halo,Wishing Well,Le Fabuleux,Marston's Mill,Mill Reef,Royal Way,Magwal,True Beauty,Mr. Prospector,Miesque,ラストタイクーン,Pilot Bird,Storm Bird,Terlingua,Cormorant,Super Luna,Northern Dancer,Pas de Nom,Turkoman,Darbyvail,Roberto,Sharp Queen,Mr. Prospector,Elizabeth K.,Hail to Reason,Cosmah,Understanding,Mountain Flower,Wild Risk,Anguar,In Reality,Millicent,Never Bend,Milan Mill,Sicambre,Right Away,ディクタス,Val Gardena,サンプリンス,Be True
2023102209,シルバーステート,アイアムネフライト,ディープインパクト,シルヴァースカヤ,アグネスタキオン,アイアムアドーター,サンデーサイレンス,ウインドインハーヘア,Silver Hawk,Boubskaia,サンデーサイレンス,アグネスフローラ,デヒア,アイアムザウィナー,Halo,Wishing Well,Alzao,Burghclere,Roberto,Gris Vitesse,Niniski,Frenetique,Halo,Wishing Well,ロイヤルスキー,アグネスレディー,Deputy Minister,Sister Dot,Danzig Connection,ブルージーンベイビー,Hail to Reason,Cosmah,Understanding,Mountain Flower,Lyphard,Lady Rebecca,Busted,Highclere,Hail to Reason,Bramalea,Amerigo,Matchiche,Nijinsky,Virginia Hills,Tyrant,Femina,Hail to Reason,Cosmah,Understanding,Mountain Flower,Raja Baba,Coz o'Nijinsky,リマンド,イコマエイカン,Vice Regent,Mint Copy,Secretariat,Sword Game,Danzig,Gdynia,Mr. Prospector,Jones Time Machine
2023100653,ダノンプレミアム,スピアーノ,ディープインパクト,インディアナギャル,ヴィクトワールピサ,マイネレーヌ,サンデーサイレンス,ウインドインハーヘア,Intikhab,Genial Jenny,ネオユニヴァース,ホワイトウォーターアフェア,マイネルラヴ,グレースマリヤ,Halo,Wishing Well,Alzao,Burghclere,Red Ransom,Crafty Example,デインヒル,Joma Kaanem,サンデーサイレンス,ポインテッドパス,Machiavellian,Much Too Risky,Seeking the Gold,Heart of Joy,グルームダンサー,ミホグレース,Hail to Reason,Cosmah,Understanding,Mountain Flower,Lyphard,Lady Rebecca,Busted,Highclere,Roberto,アラビア,Crafty Prospector,Zienelle,Danzig,Razyana,Double Form,Ash Lawn,Halo,Wishing Well,Kris,Silken Way,Mr. Prospector,Coup de Folie,Bustino,Short Rations,Mr. Prospector,Con Game,リィフォー,Mythographer,Blushing Groom,Featherhill,アスワン,ビューティマリヤ
2023107255,ルヴァンスレーヴ,ミスドバウィ,シンボリクリスエス,マエストラーレ,Dubawi,Coyote,Kris S.,Tee Kay,ネオユニヴァース,オータムブリーズ,Dubai Millennium,Zomaradah,Indian Ridge,Caramba,Roberto,Sharp Queen,Gold Meridian,Tri Argo,サンデーサイレンス,ポインテッドパス,ティンバーカントリー,セプテンバーソング,Seeking the Gold,Colorado Dancer,Deploy,Jawaher,Ahonoora,Hillbrow,Belmez,Melodrama,Hail to Reason,Bramalea,Princequillo,Bridgework,Seattle Slew,Queen Louie,Tri Jet,Hail Proudly,Halo,Wishing Well,Kris,Silken Way,Woodman,Fall Aspen,リアルシャダイ,ダイナフェアリー,Mr. Prospector,Con Game,Shareef Dancer,Fall Aspen,Shirley Heights,Slightly Dangerous,ダンシングブレーヴ,High Tern,Lorenzaccio,Helen Nichols,Swing Easy,Golden City,El Gran Senor,Grace Note,Busted,Matinee
2023103002,シュヴァルグラン,エムエヌメロディー,ハーツクライ,ハルーワスウィート,グラスワンダー,ムーンセレナード,サンデーサイレンス,アイリッシュダンス,Machiavellian,ハルーワソング,Silver Hawk,Ameriflora,ミスターシービー,ダイナセレナード,Halo,Wishing Well,トニービン,ビューパーダンス,Mr. Prospector,Coup de Folie,Nureyev,Morn of Song,Roberto,Gris Vitesse,Danzig,Graceful Touch,トウショウボーイ,シービークイン,エルセンタウロ,フリソデ,Hail to Reason,Cosmah,Understanding,Mountain Flower,カンパラ,Severn Bridge,Lyphard,My Bupers,Raise a Native,Gold Digger,Halo,Raise the Standard,Northern Dancer,Special,Blushing Groom,Glorious Song,Hail to Reason,Bramalea,Amerigo,Matchiche,Northern Dancer,Pas de Nom,His Majesty,Pi Phi Gal,テスコボーイ,ソシアルバターフライ,トピオ,メイドウ,Sideral,Planetaria,Noholme,Mr. B's Sister
2023103237,レイデオロ,カーフムーンベイ,キングカメハメハ,ラドラーダ,Bodemeister,Detect,Kingmambo,マンファス,シンボリクリスエス,レディブロンド,エンパイアメーカー,Untouched Talent,Devil's Bag,Find,Mr. Prospector,Miesque,ラストタイクーン,Pilot Bird,Kris S.,Tee Kay,Seeking the Gold,ウインドインハーヘア,Unbridled,Toussaud,Storm Cat,Parade Queen,Halo,Ballade,Mr. Prospector,Veroushka,Raise a Native,Gold Digger,Nureyev,Pasadoble,トライマイベスト,Mill Princess,Blakeney,The Dancer,Roberto,Sharp Queen,Gold Meridian,Tri Argo,Mr. Prospector,Con Game,Alzao,Burghclere,Fappiano,Gana Facil,El Gran Senor,Image of Reality,Storm Bird,Terlingua,A.P. Indy,Spanish Parade,Hail to Reason,Cosmah,Herbager,Miss Swapsco,Raise a Native,Gold Digger,Nijinsky,Iskra
2023100607,レイデオロ,セントセシリア,キングカメハメハ,ラドラーダ,ハービンジャー,セシリア,Kingmambo,マンファス,シンボリクリスエス,レディブロンド,Dansili,Penang Pearl,アグネスタキオン,マシュール,Mr. Prospector,Miesque,ラストタイクーン,Pilot Bird,Kris S.,Tee Kay,Seeking the Gold,ウインドインハーヘア,デインヒル,Hasili,Bering,Guapa,サンデーサイレンス,アグネスフローラ,Giant's Causeway,ヴェイルオブアヴァロン,Raise a Native,Gold Digger,Nureyev,Pasadoble,トライマイベスト,Mill Princess,Blakeney,The Dancer,Roberto,Sharp Queen,Gold Meridian,Tri Argo,Mr. Prospector,Con Game,Alzao,Burghclere,Danzig,Razyana,Kahyasi,Kerali,Arctic Tern,Beaune,Shareef Dancer,Sauceboat,Halo,Wishing Well,ロイヤルスキー,アグネスレディー,Storm Cat,Mariah's Storm,サンダーガルチ,ウインドインハーヘア
2023104317,ダイシンサンダー,タガノカピート,アドマイヤムーン,イチゴイチエ,ケイムホーム,タガノアルデバラン,エンドスウィープ,マイケイティーズ,マンハッタンカフェ,アイチェックユー,Gone West,Nice Assay,ダンスインザダーク,バラファミー,フォーティナイナー,Broom Dance,サンデーサイレンス,ケイティーズファースト,サンデーサイレンス,サトルチェンジ,Miswaki,ジョーンズギフト,Mr. Prospector,Secrettame,Clever Trick,インフルヴユー,サンデーサイレンス,ダンシングキイ,Barathea,Infamy,Mr. Prospector,File,Dance Spell,Witching Hour,Halo,Wishing Well,Kris,Katies,Halo,Wishing Well,Law Society,Santa Luciana,Mr. Prospector,Hopespringseternal,デュラブ,アグサン,Raise a Native,Gold Digger,Secretariat,Tamerett,Icecapade,Kankakee Miss,Full Out,Turn n'See,Halo,Wishing Well,Nijinsky,Key Partner,Sadler's Wells,Brocade,Shirley Heights,Seriema
2023101280,セイウンコウセイ,メイショウオスカル,アドマイヤムーン,オブザーヴァント,フジキセキ,メイショウヤヨイ,エンドスウィープ,マイケイティーズ,Capote,パテントリークリア,サンデーサイレンス,ミルレーサー,アンバーシャダイ,ニッセイリラ,フォーティナイナー,Broom Dance,サンデーサイレンス,ケイティーズファースト,Seattle Slew,Too Bald,Miswaki,Badge of Courage,Halo,Wishing Well,Le Fabuleux,Marston's Mill,ノーザンテースト,クリアアンバー,ロードリージ,パールリラ,Mr. Prospector,File,Dance Spell,Witching Hour,Halo,Wishing Well,Kris,Katies,Bold Reasoning,My Charmer,Bald Eagle,Hidden Talent,Mr. Prospector,Hopespringseternal,Well Decorated,Tamerett,Hail to Reason,Cosmah,Understanding,Mountain Flower,Wild Risk,Anguar,In Reality,Millicent,Northern Dancer,Lady Victoria,Ambiopoise,One Clear Call,Sir Gaylord,Attica,モンタヴァル,ミスリラ
2023102673,シャンハイボビー,ハイカックウ,Harlan's Holiday,Steelin',High Chaparral,オブザーヴァント,Harlan,Christmas in Aiken,Orientate,Steel Band,Sadler's Wells,Kasora,Capote,パテントリークリア,Storm Cat,Country Romance,Affirmed,Dowager,Mt. Livermore,Dream Team,Carson City,ウェディングバンド,Northern Dancer,Fairy Bridge,Darshaan,Kozana,Seattle Slew,Too Bald,Miswaki,Badge of Courage,Storm Bird,Terlingua,Halo,Sweet Romance,Exclusive Native,Won't Tell You,Honest Pleasure,Princessnesian,Blushing Groom,Flama Ardiente,Cox's Ridge,Likely Double,Mr. Prospector,Blushing Promise,Mighty Appealing,Ring of Steel,Nearctic,Natalma,Bold Reason,Special,Shirley Heights,Delsy,Kris,Koblenza,Bold Reasoning,My Charmer,Bald Eagle,Hidden Talent,Mr. Prospector,Hopespringseternal,Well Decorated,Tamerett
2023107179,エピファネイア,フォエヴァーダーリング,シンボリクリスエス,シーザリオ,Congrats,Darling My Darling,Kris S.,Tee Kay,スペシャルウィーク,キロフプリミエール,A.P. Indy,Praise,Deputy Minister,ローミンレイチェル,Roberto,Sharp Queen,Gold Meridian,Tri Argo,サンデーサイレンス,キャンペンガール,Sadler's Wells,Querida,Seattle Slew,Weekend Surprise,Mr. Prospector,Wild Applause,Vice Regent,Mint Copy,マイニング,One Smart Lady,Hail to Reason,Bramalea,Princequillo,Bridgework,Seattle Slew,Queen Louie,Tri Jet,Hail Proudly,Halo,Wishing Well,マルゼンスキー,レディーシラオキ,Northern Dancer,Fairy Bridge,Habitat,Principia,Bold Reasoning,My Charmer,Secretariat,Lassie Dear,Raise a Native,Gold Digger,Northern Dancer,Glowing Tribute,Northern Dancer,Victoria Regina,Bunty's Flight,Shakney,Mr. Prospector,I Pass,Clever Trick,Pia's Lady
2023107024,ロードカナロア,ザズー,キングカメハメハ,レディブラッサム,Tapit,Rhumb Line,Kingmambo,マンファス,Storm Cat,サラトガデュー,Pulpit,Tap Your Heels,Mr. Greeley,Rose Rhapsody,Mr. Prospector,Miesque,ラストタイクーン,Pilot Bird,Storm Bird,Terlingua,Cormorant,Super Luna,A.P. Indy,Preach,Unbridled,Ruby Slippers,Gone West,Long Legend,Pleasant Colony,Rosy Spectre,Raise a Native,Gold Digger,Nureyev,Pasadoble,トライマイベスト,Mill Princess,Blakeney,The Dancer,Northern Dancer,South Ocean,Secretariat,Crimson Saint,His Majesty,Song Sparrow,In Reality,Alada,Seattle Slew,Weekend Surprise,Mr. Prospector,Narrate,Fappiano,Gana Facil,Nijinsky,Moon Glitter,Mr. Prospector,Secrettame,Reviewer,Lianga,His Majesty,Sun Colony,Nijinsky,Like a Charm
2023104680,サートゥルナーリア,ファーストチェア,ロードカナロア,シーザリオ,ジャングルポケット,マイケイティーズ,キングカメハメハ,レディブラッサム,スペシャルウィーク,キロフプリミエール,トニービン,ダンスチャーマー,サンデーサイレンス,ケイティーズファースト,Kingmambo,マンファス,Storm Cat,サラトガデュー,サンデーサイレンス,キャンペンガール,Sadler's Wells,Querida,カンパラ,Severn Bridge,Nureyev,Skillful Joy,Halo,Wishing Well,Kris,Katies,Mr. Prospector,Miesque,ラストタイクーン,Pilot Bird,Storm Bird,Terlingua,Cormorant,Super Luna,Halo,Wishing Well,マルゼンスキー,レディーシラオキ,Northern Dancer,Fairy Bridge,Habitat,Principia,Kalamoun,State Pension,Hornbeam,Priddy Fair,Northern Dancer,Special,Nodouble,Skillful Miss,Hail to Reason,Cosmah,Understanding,Mountain Flower,Sharpen Up,Doubly Sure,ノノアルコ,Mortefontaine
2023105243,イスラボニータ,ダヴォス,フジキセキ,イスラコジーン,シニスターミニスター,イオス,サンデーサイレンス,ミルレーサー,Cozzene,Isla Mujeres,Old Trieste,Sweet Minister,バゴ,チューニー,Halo,Wishing Well,Le Fabuleux,Marston's Mill,Caro,Ride the Trails,Crafty Prospector,Lido Isle,A.P. Indy,Lovlier Linda,The Prime Minister,Sweet Blue,Nashwan,Moonlight's Box,サンデーサイレンス,フロムビヨンド,Hail to Reason,Cosmah,Understanding,Mountain Flower,Wild Risk,Anguar,In Reality,Millicent,フォルティノ,Chambord,Prince John,Wildwook,Mr. Prospector,Real Crafty Lady,Far North,She Is Gorgeous,Seattle Slew,Weekend Surprise,Vigors,Linda Summers,Deputy Minister,Stick to Beauty,Hurry Up Blue,Sugar Gold,Blushing Groom,Height of Fashion,Nureyev,Coup de Genie,Halo,Wishing Well,Kris,Magic of Life
2023106411,ダノンバラード,マイネアロマ,ディープインパクト,レディバラード,ロージズインメイ,ダイイチビビット,サンデーサイレンス,ウインドインハーヘア,Unbridled,Angelic Song,Devil His Due,Tell a Secret,トニービン,ダイイチルビー,Halo,Wishing Well,Alzao,Burghclere,Fappiano,Gana Facil,Halo,Ballade,Devil's Bag,Plenty O'Toole,Speak John,Secret Retreat,カンパラ,Severn Bridge,トウショウボーイ,ハギノトップレディ,Hail to Reason,Cosmah,Understanding,Mountain Flower,Lyphard,Lady Rebecca,Busted,Highclere,Mr. Prospector,Killaloe,Le Fabuleux,Charedi,Hail to Reason,Cosmah,Herbager,Miss Swapsco,Halo,Ballade,Raise a Cup,Li'l Puss,Prince John,Nuit de Folies,Clandestine,Retirement,Kalamoun,State Pension,Hornbeam,Priddy Fair,テスコボーイ,ソシアルバターフライ,サンシー,イツトー
2023101328,スワーヴリチャード,ロゼットネビュラ,ハーツクライ,ピラミマ,ネオユニヴァース,ローザネイ,サンデーサイレンス,アイリッシュダンス,Unbridled's Song,キャリアコレクション,サンデーサイレンス,ポインテッドパス,Lyphard,Riviere Doree,Halo,Wishing Well,トニービン,ビューパーダンス,Unbridled,Trolley Song,General Meeting,River of Stars,Halo,Wishing Well,Kris,Silken Way,Northern Dancer,Goofed,Secretariat,Riverqueen,Hail to Reason,Cosmah,Understanding,Mountain Flower,カンパラ,Severn Bridge,Lyphard,My Bupers,Fappiano,Gana Facil,Caro,Lucky Spell,Seattle Slew,Alydar's Promise,Riverman,Star Fortune,Hail to Reason,Cosmah,Understanding,Mountain Flower,Sharpen Up,Doubly Sure,Shantung,Boulevard,Nearctic,Natalma,Court Martial,Barra,Bold Ruler,Somethingroyal,Luthier,Riverside
2023103686,エピファネイア,クィーンチャーム,シンボリクリスエス,シーザリオ,キングカメハメハ,オリエントチャーム,Kris S.,Tee Kay,スペシャルウィーク,キロフプリミエール,Kingmambo,マンファス,サンデーサイレンス,ニキーヤ,Roberto,Sharp Queen,Gold Meridian,Tri Argo,サンデーサイレンス,キャンペンガール,Sadler's Wells,Querida,Mr. Prospector,Miesque,ラストタイクーン,Pilot Bird,Halo,Wishing Well,Nureyev,Reluctant Guest,Hail to Reason,Bramalea,Princequillo,Bridgework,Seattle Slew,Queen Louie,Tri Jet,Hail Proudly,Halo,Wishing Well,マルゼンスキー,レディーシラオキ,Northern Dancer,Fairy Bridge,Habitat,Principia,Raise a Native,Gold Digger,Nureyev,Pasadoble,トライマイベスト,Mill Princess,Blakeney,The Dancer,Hail to Reason,Cosmah,Understanding,Mountain Flower,Northern Dancer,Special,Hostage,Vaguely Royal
2023103321,レイデオロ,アルマンド,キングカメハメハ,ラドラーダ,ディープインパクト,フォーチュネイトダムゼル,Kingmambo,マンファス,シンボリクリスエス,レディブロンド,サンデーサイレンス,ウインドインハーヘア,Runaway Groom,Consider It Done,Mr. Prospector,Miesque,ラストタイクーン,Pilot Bird,Kris S.,Tee Kay,Seeking the Gold,ウインドインハーヘア,Halo,Wishing Well,Alzao,Burghclere,Blushing Groom,Yonnie Girl,Green Dancer,Consider the Lily,Raise a Native,Gold Digger,Nureyev,Pasadoble,トライマイベスト,Mill Princess,Blakeney,The Dancer,Roberto,Sharp Queen,Gold Meridian,Tri Argo,Mr. Prospector,Con Game,Alzao,Burghclere,Hail to Reason,Cosmah,Understanding,Mountain Flower,Lyphard,Lady Rebecca,Busted,Highclere,Red God,Runaway Bride,Call the Witness,Po'chile,Nijinsky,Green Valley,Fappiano,Top Corsage
2023103465,トーセンラー,ダイワウィズミー,ディープインパクト,プリンセスオリビア,キングカメハメハ,ダイワスカーレット,サンデーサイレンス,ウインドインハーヘア,Lycius,Dance Image,Kingmambo,マンファス,アグネスタキオン,スカーレットブーケ,Halo,Wishing Well,Alzao,Burghclere,Mr. Prospector,Lypatia,Sadler's Wells,Diamond Spring,Mr. Prospector,Miesque,ラストタイクーン,Pilot Bird,サンデーサイレンス,アグネスフローラ,ノーザンテースト,スカーレットインク,Hail to Reason,Cosmah,Understanding,Mountain Flower,Lyphard,Lady Rebecca,Busted,Highclere,Raise a Native,Gold Digger,Lyphard,Hypatia,Northern Dancer,Fairy Bridge,Vaguely Noble,Dumfries,Raise a Native,Gold Digger,Nureyev,Pasadoble,トライマイベスト,Mill Princess,Blakeney,The Dancer,Halo,Wishing Well,ロイヤルスキー,アグネスレディー,Northern Dancer,Lady Victoria,Crimson Satan,Consentida
2023103051,シルバーステート,スティルウォーター,ディープインパクト,シルヴァースカヤ,キングカメハメハ,ソリッドプラチナム,サンデーサイレンス,ウインドインハーヘア,Silver Hawk,Boubskaia,Kingmambo,マンファス,ステイゴールド,リザーブシート,Halo,Wishing Well,Alzao,Burghclere,Roberto,Gris Vitesse,Niniski,Frenetique,Mr. Prospector,Miesque,ラストタイクーン,Pilot Bird,サンデーサイレンス,ゴールデンサッシュ,クリエイター,インヴァイト,Hail to Reason,Cosmah,Understanding,Mountain Flower,Lyphard,Lady Rebecca,Busted,Highclere,Hail to Reason,Bramalea,Amerigo,Matchiche,Nijinsky,Virginia Hills,Tyrant,Femina,Raise a Native,Gold Digger,Nureyev,Pasadoble,トライマイベスト,Mill Princess,Blakeney,The Dancer,Halo,Wishing Well,ディクタス,ダイナサッシュ,Mill Reef,Chalon,Be My Guest,Burghclere
2023105283,シスキン,クッカーニャ,First Defence,Bird Flown,フジキセキ,ドリームスケイプ,Unbridled's Song,Honest Lady,Oasis Dream,Silver Star,サンデーサイレンス,ミルレーサー,エルコンドルパサー,ドリームビジョン,Unbridled,Trolley Song,Seattle Slew,Toussaud,Green Desert,Hope,Zafonic,Monroe,Halo,Wishing Well,Le Fabuleux,Marston's Mill,Kingmambo,サドラーズギャル,ノーザンテースト,ハニードリーマー,Fappiano,Gana Facil,Caro,Lucky Spell,Bold Reasoning,My Charmer,El Gran Senor,Image of Reality,Danzig,Foreign Courier,ダンシングブレーヴ,Bahamian,Gone West,Zaizafon,Sir Ivor,Best in Show,Hail to Reason,Cosmah,Understanding,Mountain Flower,Wild Risk,Anguar,In Reality,Millicent,Mr. Prospector,Miesque,Sadler's Wells,Glenveagh,Northern Dancer,Lady Victoria,Dewan,ハニーサツクルヴアイン
2023102163,ノーブルミッション,ミスミズ,Galileo,Kind,Mizzen Mast,Silimiss,Sadler's Wells,Urban Sea,デインヒル,Rainbow Lake,Cozzene,Kinema,Dansili,Daring Miss,Northern Dancer,Fairy Bridge,Miswaki,Allegretta,Danzig,Razyana,Rainbow Quest,Rockfest,Caro,Ride the Trails,Graustark,Mrs. Peterkin,デインヒル,Hasili,Sadler's Wells,Bourbon Girl,Nearctic,Natalma,Bold Reason,Special,Mr. Prospector,Hopespringseternal,Lombard,Anatevka,Northern Dancer,Pas de Nom,His Majesty,Spring Adieu,Blushing Groom,I Will Follow,Stage Door Johnny,Rock Garden,フォルティノ,Chambord,Prince John,Wildwook,Ribot,Flower Bowl,Tom Fool,Legendra,Danzig,Razyana,Kahyasi,Kerali,Northern Dancer,Fairy Bridge,イルドブルボン,Fleet Girl
2023101629,キタサンブラック,グランドクララ,ブラックタイド,シュガーハート,Frankel,ファウヴェリア,サンデーサイレンス,ウインドインハーヘア,サクラバクシンオー,オトメゴコロ,Galileo,Kind,Polish Precedent,Marion,Halo,Wishing Well,Alzao,Burghclere,サクラユタカオー,サクラハゴロモ,ジャッジアンジェルーチ,テイズリー,Sadler's Wells,Urban Sea,デインヒル,Rainbow Lake,Danzig,Past Example,Doyoun,Saxon Maid,Hail to Reason,Cosmah,Understanding,Mountain Flower,Lyphard,Lady Rebecca,Busted,Highclere,テスコボーイ,アンジェリカ,ノーザンテースト,クリアアンバー,Honest Pleasure,Victorian Queen,Lyphard,Tizna,Northern Dancer,Fairy Bridge,Miswaki,Allegretta,Danzig,Razyana,Rainbow Quest,Rockfest,Northern Dancer,Pas de Nom,Buckpasser,Bold Example,Mill Reef,Dumka,Sadler's Wells,Britannia's Rule
2023106592,グレーターロンドン,スノードーナツ,ディープインパクト,ロンドンブリッジ,パイロ,エフエロッチ,サンデーサイレンス,ウインドインハーヘア,ドクターデヴィアス,オールフォーロンドン,Pulpit,Wild Vision,スペシャルウィーク,ロッチラヴウインク,Halo,Wishing Well,Alzao,Burghclere,Ahonoora,Rose of Jericho,Danzig,Full Card,A.P. Indy,Preach,Wild Again,Carol's Wonder,サンデーサイレンス,キャンペンガール,ダンシングブレーヴ,ロッチアイ,Hail to Reason,Cosmah,Understanding,Mountain Flower,Lyphard,Lady Rebecca,Busted,Highclere,Lorenzaccio,Helen Nichols,Alleged,Rose Red,Northern Dancer,Pas de Nom,Damascus,Belle of the Ball,Seattle Slew,Weekend Surprise,Mr. Prospector,Narrate,Icecapade,Bushel-n-Peck,Pass the Tab,Carols Christmas,Halo,Wishing Well,マルゼンスキー,レディーシラオキ,Lyphard,Navajo Princess,ファバージ,ネバーロッチ
2023109063,ノーブルミッション,ワンダフルメモリー,Galileo,Kind,パイロ,グロリアスメモリー,Sadler's Wells,Urban Sea,デインヒル,Rainbow Lake,Pulpit,Wild Vision,アドマイヤベガ,マジカルウーマン,Northern Dancer,Fairy Bridge,Miswaki,Allegretta,Danzig,Razyana,Rainbow Quest,Rockfest,A.P. Indy,Preach,Wild Again,Carol's Wonder,サンデーサイレンス,ベガ,パラダイスクリーク,ブレイブウーマン,Nearctic,Natalma,Bold Reason,Special,Mr. Prospector,Hopespringseternal,Lombard,Anatevka,Northern Dancer,Pas de Nom,His Majesty,Spring Adieu,Blushing Groom,I Will Follow,Stage Door Johnny,Rock Garden,Seattle Slew,Weekend Surprise,Mr. Prospector,Narrate,Icecapade,Bushel-n-Peck,Pass the Tab,Carols Christmas,Halo,Wishing Well,トニービン,アンティックヴァリュー,Irish River,North Of Eden,ブレイヴェストローマン,チヨダフジ
2023107243,ドレフォン,マリアライト,Gio Ponti,Eltimaas,ディープインパクト,クリソプレーズ,Tale of the Cat,Chipeta Springs,Ghostzapper,Najecam,サンデーサイレンス,ウインドインハーヘア,エルコンドルパサー,キャサリーンパー,Storm Cat,Yarn,Alydar,Salt Spring,Awesome Again,Baby Zip,Trempolino,Sue Warner,Halo,Wishing Well,Alzao,Burghclere,Kingmambo,サドラーズギャル,Riverman,Regal Exception,Storm Bird,Terlingua,Mr. Prospector,Narrate,Raise a Native,Sweet Tooth,Salt Marsh,Jungle Mythologic,Deputy Minister,Primal Force,Relaunch,Thirty Zip,Sharpen Up,Trephine,Forli,Bitty Girl,Hail to Reason,Cosmah,Understanding,Mountain Flower,Lyphard,Lady Rebecca,Busted,Highclere,Mr. Prospector,Miesque,Sadler's Wells,Glenveagh,Never Bend,River Lady,Ribot,Rajput Princess
2023100935,ダノンスマッシュ,ジャルディナージュ,ロードカナロア,スピニングワイルドキャット,Bernardini,ジャルダン,キングカメハメハ,レディブラッサム,Hard Spun,Hollywood Wildcat,A.P. Indy,Cara Rafaela,Montbrook,Unlimited Pleasure,Kingmambo,マンファス,Storm Cat,サラトガデュー,Danzig,Turkish Tryst,Kris S.,Miss Wildcatter,Seattle Slew,Weekend Surprise,Quiet American,Oil Fable,Buckaroo,Secret Papers,Valid Appeal,Cricket Box,Mr. Prospector,Miesque,ラストタイクーン,Pilot Bird,Storm Bird,Terlingua,Cormorant,Super Luna,Northern Dancer,Pas de Nom,Turkoman,Darbyvail,Roberto,Sharp Queen,Mr. Prospector,Elizabeth K.,Bold Reasoning,My Charmer,Secretariat,Lassie Dear,Fappiano,Demure,Spectacular Bid,Northern Fable,Buckpasser,Stepping High,Jet Diplomacy,Attache Case,In Reality,Desert Trial,Notebook,Patsy's Lil Girl
2023103680,モーリス,ヴィクトリーマーチ,スクリーンヒーロー,メジロフランシス,アグネスタキオン,ヴィクトリークライ,グラスワンダー,ランニングヒロイン,カーネギー,メジロモントレー,サンデーサイレンス,アグネスフローラ,Caerleon,Verveine,Silver Hawk,Ameriflora,サンデーサイレンス,ダイナアクトレス,Sadler's Wells,Detroit,モガミ,メジロクインシー,Halo,Wishing Well,ロイヤルスキー,アグネスレディー,Nijinsky,Foreseer,Lear Fan,Venise,Roberto,Gris Vitesse,Danzig,Graceful Touch,Halo,Wishing Well,ノーザンテースト,モデルスポート,Northern Dancer,Fairy Bridge,Riverman,Derna,Lyphard,ノーラック,フィディオン,メジロボサツ,Hail to Reason,Cosmah,Understanding,Mountain Flower,Raja Baba,Coz o'Nijinsky,リマンド,イコマエイカン,Northern Dancer,Flaming Page,Round Table,Regal Gleam,Roberto,Wac,Nureyev,Virunga
2023106883,エピファネイア,イーデンキー,シンボリクリスエス,シーザリオ,No Nay Never,Seeking Solace,Kris S.,Tee Kay,スペシャルウィーク,キロフプリミエール,Scat Daddy,Cat's Eye Witness,Exceed And Excel,Flamelet,Roberto,Sharp Queen,Gold Meridian,Tri Argo,サンデーサイレンス,キャンペンガール,Sadler's Wells,Querida,ヨハネスブルグ,Love Style,Elusive Quality,Comical Cat,デインヒル,Patrona,Theatrical,Darling Flame,Hail to Reason,Bramalea,Princequillo,Bridgework,Seattle Slew,Queen Louie,Tri Jet,Hail Proudly,Halo,Wishing Well,マルゼンスキー,レディーシラオキ,Northern Dancer,Fairy Bridge,Habitat,Principia,ヘネシー,Myth,Mr. Prospector,Likeable Style,Gone West,Touch of Greatness,Exceller,Six Months Long,Danzig,Razyana,Lomond,Gladiolus,Nureyev,ツリーオブノレッジ,Capote,My Darling One
2023104450,シスキン,ラプソディーア,First Defence,Bird Flown,ディープブリランテ,ハルーワソング,Unbridled's Song,Honest Lady,Oasis Dream,Silver Star,ディープインパクト,ラヴアンドバブルズ,Nureyev,Morn of Song,Unbridled,Trolley Song,Seattle Slew,Toussaud,Green Desert,Hope,Zafonic,Monroe,サンデーサイレンス,ウインドインハーヘア,Loup Sauvage,バブルドリーム,Northern Dancer,Special,Blushing Groom,Glorious Song,Fappiano,Gana Facil,Caro,Lucky Spell,Bold Reasoning,My Charmer,El Gran Senor,Image of Reality,Danzig,Foreign Courier,ダンシングブレーヴ,Bahamian,Gone West,Zaizafon,Sir Ivor,Best in Show,Halo,Wishing Well,Alzao,Burghclere,Riverman,Louveterie,Akarad,バブルプロスペクター,Nearctic,Natalma,Forli,Thong,Red God,Runaway Bride,Halo,Ballade
2023103917,ミッキーアイル,ネオイリュージョン,ディープインパクト,スターアイル,ネオユニヴァース,マンファス,サンデーサイレンス,ウインドインハーヘア,ロックオブジブラルタル,アイルドフランス,サンデーサイレンス,ポインテッドパス,ラストタイクーン,Pilot Bird,Halo,Wishing Well,Alzao,Burghclere,デインヒル,Offshore Boom,Nureyev,ステラマドリッド,Halo,Wishing Well,Kris,Silken Way,トライマイベスト,Mill Princess,Blakeney,The Dancer,Hail to Reason,Cosmah,Understanding,Mountain Flower,Lyphard,Lady Rebecca,Busted,Highclere,Danzig,Razyana,Be My Guest,Push a Button,Northern Dancer,Special,Alydar,My Juliet,Hail to Reason,Cosmah,Understanding,Mountain Flower,Sharpen Up,Doubly Sure,Shantung,Boulevard,Northern Dancer,Sex Appeal,Mill Reef,Irish Lass,Hethersett,Windmill Girl,Green Dancer,Khazaeen
2023106780,ダノンキングリー,ベネラ,ディープインパクト,マイグッドネス,フォーティナイナー,ダーケストスター,サンデーサイレンス,ウインドインハーヘア,Storm Cat,Caressing,Mr. Prospector,File,Star de Naskra,Minnie Riperton,Halo,Wishing Well,Alzao,Burghclere,Storm Bird,Terlingua,Honour and Glory,Lovin Touch,Raise a Native,Gold Digger,Tom Rolfe,Continue,Naskra,Candle Star,Cornish Prince,English Harbor,Hail to Reason,Cosmah,Understanding,Mountain Flower,Lyphard,Lady Rebecca,Busted,Highclere,Northern Dancer,South Ocean,Secretariat,Crimson Saint,Relaunch,Fair to All,Majestic Prince,Forest Princess,Native Dancer,Raise You,Nashua,Sequence,Ribot,Pocahontas,Double Jay,Courtesy,Nasram,Iskra,Clandestine,Star Minstrel,Bold Ruler,Teleran,War Admiral,Level Sands
2023106269,リーチザクラウン,セイウンヒロイン,スペシャルウィーク,クラウンピース,スクリーンヒーロー,メジロバーミューズ,サンデーサイレンス,キャンペンガール,Seattle Slew,クラシッククラウン,グラスワンダー,ランニングヒロイン,アサティス,メジロエバート,Halo,Wishing Well,マルゼンスキー,レディーシラオキ,Bold Reasoning,My Charmer,Mr. Prospector,Six Crowns,Silver Hawk,Ameriflora,サンデーサイレンス,ダイナアクトレス,Topsider,Secret Asset,モガミ,メジロエニフ,Hail to Reason,Cosmah,Understanding,Mountain Flower,Nijinsky,シル,セントクレスピン,ミスアシヤガワ,Boldnesian,Reason to Earn,Poker,Fair Charmer,Raise a Native,Gold Digger,Secretariat,Chris Evert,Roberto,Gris Vitesse,Danzig,Graceful Touch,Halo,Wishing Well,ノーザンテースト,モデルスポート,Northern Dancer,Drumtop,Graustark,Numbered Account,Lyphard,ノーラック,フィディオン,シエリル
2023106477,ベンバトル,マイネサヴァラン,Dubawi,Nahrain,マンハッタンカフェ,マイネデセール,Dubai Millennium,Zomaradah,Selkirk,Bahr,サンデーサイレンス,サトルチェンジ,マイネルラヴ,メインディッシュ,Seeking the Gold,Colorado Dancer,Deploy,Jawaher,Sharpen Up,Annie Edge,ジェネラス,Lady of the Sea,Halo,Wishing Well,Law Society,Santa Luciana,Seeking the Gold,Heart of Joy,サンシー,メイワキミコ,Mr. Prospector,Con Game,Shareef Dancer,Fall Aspen,Shirley Heights,Slightly Dangerous,ダンシングブレーヴ,High Tern,エタン,Rocchetta,Nebbiolo,Friendly Court,Caerleon,Doff the Derby,Mill Reef,La Mer,Hail to Reason,Cosmah,Understanding,Mountain Flower,Alleged,Bold Bikini,Luciano,Suleika,Mr. Prospector,Con Game,リィフォー,Mythographer,Sanctus,Wordys,Gallant Man,ハワイアンドーン
2023101558,エイシンフラッシュ,ブランシェール,キングズベスト,ムーンレディ,ディープインパクト,アドヴァーシティ,Kingmambo,Allegretta,Platini,Midnight Fever,サンデーサイレンス,ウインドインハーヘア,Seeking the Gold,Dispute,Mr. Prospector,Miesque,Lombard,Anatevka,Surumu,Prairie Darling,Sure Blade,Majoritat,Halo,Wishing Well,Alzao,Burghclere,Mr. Prospector,Con Game,Danzig,Resolver,Raise a Native,Gold Digger,Nureyev,Pasadoble,Agio,Promised Lady,Espresso,Almyra,Literat,Surama,Stanford,Prairie Belle,Kris,Double Lock,Konigsstuhl,Monacchia,Hail to Reason,Cosmah,Understanding,Mountain Flower,Lyphard,Lady Rebecca,Busted,Highclere,Raise a Native,Gold Digger,Buckpasser,Broadway,Northern Dancer,Pas de Nom,Reviewer,Lovely Morning
2023103361,ロジャーバローズ,オレンジティアラ,ディープインパクト,リトルブック,サクラバクシンオー,オレンジブロッサム,サンデーサイレンス,ウインドインハーヘア,Librettist,Cal Norma's Lady,サクラユタカオー,サクラハゴロモ,サンデーサイレンス,バッフドオレンジ,Halo,Wishing Well,Alzao,Burghclere,Danzig,Mysterial,リファーズスペシャル,June Darling,テスコボーイ,アンジェリカ,ノーザンテースト,クリアアンバー,Halo,Wishing Well,Exclusive Native,Sally Stark,Hail to Reason,Cosmah,Understanding,Mountain Flower,Lyphard,Lady Rebecca,Busted,Highclere,Northern Dancer,Pas de Nom,Alleged,Mysteries,Lyphard,My Bupers,ジュニアス,Beau Darling,Princely Gift,Suncourt,ネヴァービート,スターハイネス,Northern Dancer,Lady Victoria,Ambiopoise,One Clear Call,Hail to Reason,Cosmah,Understanding,Mountain Flower,Raise a Native,Exclusive,Graustark,Sally Ship
2023100479,マテラスカイ,スズカグレイス,Speightstown,Mostaqeleh,サンデーサイレンス,ワキアオブスズカ,Gone West,Silken Cat,Rahy,Istiqlal,Halo,Wishing Well,ダンスオブライフ,ワキア,Mr. Prospector,Secrettame,Storm Cat,Silken Doll,Blushing Groom,Glorious Song,Diesis,Wasnah,Hail to Reason,Cosmah,Understanding,Mountain Flower,Nijinsky,Spring Is Here,Miswaki,Rascal Rascal,Raise a Native,Gold Digger,Secretariat,Tamerett,Storm Bird,Terlingua,Chieftain,Insilca,Red God,Runaway Bride,Halo,Ballade,Sharpen Up,Doubly Sure,Nijinsky,Highest Trump,Turn-to,Nothirdchance,Cosmic Bomb,Almahmoud,Promised Land,Pretty Ways,Montparnasse,Edelweiss,Northern Dancer,Flaming Page,In Reality,First Feather,Mr. Prospector,Hopespringseternal,Ack Ack,Savage Bunny
2023100728,キズナ,リネンパズル,ディープインパクト,キャットクイル,パラダイスクリーク,アルテミスターキン,サンデーサイレンス,ウインドインハーヘア,Storm Cat,Pacific Princess,Irish River,North Of Eden,ジョリーズヘイロー,シャコージュノー,Halo,Wishing Well,Alzao,Burghclere,Storm Bird,Terlingua,Damascus,Fiji,Riverman,Irish Star,Northfields,ツリーオブノレッジ,Halo,Jolie Jolie,ノーザンテースト,ダイナアルテミス,Hail to Reason,Cosmah,Understanding,Mountain Flower,Lyphard,Lady Rebecca,Busted,Highclere,Northern Dancer,South Ocean,Secretariat,Crimson Saint,Sword Dancer,Kerala,Acropolis,Rififi,Never Bend,River Lady,Klairon,Botany Bay,Northern Dancer,Little Hut,Sassafras,Sensibility,Hail to Reason,Cosmah,Sir Ivor,Who's to Know,Northern Dancer,Lady Victoria,ファバージ,シヤダイターキン
2023103557,モーリス,マジックリアリズム,スクリーンヒーロー,メジロフランシス,ディープインパクト,ソーマジック,グラスワンダー,ランニングヒロイン,カーネギー,メジロモントレー,サンデーサイレンス,ウインドインハーヘア,シンボリクリスエス,スーア,Silver Hawk,Ameriflora,サンデーサイレンス,ダイナアクトレス,Sadler's Wells,Detroit,モガミ,メジロクインシー,Halo,Wishing Well,Alzao,Burghclere,Kris S.,Tee Kay,Fairy King,Bold Starlet,Roberto,Gris Vitesse,Danzig,Graceful Touch,Halo,Wishing Well,ノーザンテースト,モデルスポート,Northern Dancer,Fairy Bridge,Riverman,Derna,Lyphard,ノーラック,フィディオン,メジロボサツ,Hail to Reason,Cosmah,Understanding,Mountain Flower,Lyphard,Lady Rebecca,Busted,Highclere,Roberto,Sharp Queen,Gold Meridian,Tri Argo,Northern Dancer,Fairy Bridge,Precocious,Cadasi
2023100776,アルアイン,ジレーネ,ディープインパクト,ドバイマジェスティ,キングカメハメハ,ソベラニア,サンデーサイレンス,ウインドインハーヘア,Essence of Dubai,Great Majesty,Kingmambo,マンファス,Monsun,Sasuela,Halo,Wishing Well,Alzao,Burghclere,Pulpit,Epitome,Great Above,Mistic Majesty,Mr. Prospector,Miesque,ラストタイクーン,Pilot Bird,Konigsstuhl,Mosella,Dashing Blade,Sacarina,Hail to Reason,Cosmah,Understanding,Mountain Flower,Lyphard,Lady Rebecca,Busted,Highclere,A.P. Indy,Preach,Summing,Honest and True,Minnesota Mac,Ta Wee,His Majesty,Necaras Miss,Raise a Native,Gold Digger,Nureyev,Pasadoble,トライマイベスト,Mill Princess,Blakeney,The Dancer,Dschingis Khan,Konigskronung,Surumu,Monasia,Elegant Air,Sharp Castan,オールドヴィック,Brave Lass
2023106479,アドマイヤマーズ,マイネノンノ,ダイワメジャー,ヴィアメディチ,タイキシャトル,ノンコ,サンデーサイレンス,スカーレットブーケ,Medicean,Via Milano,Devil's Bag,ウェルシュマフィン,アグネスタキオン,レディータイクーン,Halo,Wishing Well,ノーザンテースト,スカーレットインク,Machiavellian,Mystic Goddess,シングスピール,Salvinaxia,Halo,Ballade,Caerleon,Muffitys,サンデーサイレンス,アグネスフローラ,クリミナルタイプ,ビューパーダンス,Hail to Reason,Cosmah,Understanding,Mountain Flower,Northern Dancer,Lady Victoria,Crimson Satan,Consentida,Mr. Prospector,Coup de Folie,Storm Bird,Rose Goddess,In the Wings,Glorious Song,Linamix,Salve,Hail to Reason,Cosmah,Herbager,Miss Swapsco,Nijinsky,Foreseer,Thatch,Contrail,Halo,Wishing Well,ロイヤルスキー,アグネスレディー,Alydar,Klepto,Lyphard,My Bupers
2023104108,モズアスコット,ヤマノローラ,Frankel,India,スペシャルウィーク,ボーイントンキャニオン,Galileo,Kind,ヘネシー,Misty Hour,サンデーサイレンス,キャンペンガール,Gone West,Hometown Queen,Sadler's Wells,Urban Sea,デインヒル,Rainbow Lake,Storm Cat,Island Kitty,Miswaki,Our Tina Marie,Halo,Wishing Well,マルゼンスキー,レディーシラオキ,Mr. Prospector,Secrettame,Pleasant Colony,Nijinsky Star,Northern Dancer,Fairy Bridge,Miswaki,Allegretta,Danzig,Razyana,Rainbow Quest,Rockfest,Storm Bird,Terlingua,Hawaii,T. C. Kitten,Mr. Prospector,Hopespringseternal,Nijinsky,Java Moon,Hail to Reason,Cosmah,Understanding,Mountain Flower,Nijinsky,シル,セントクレスピン,ミスアシヤガワ,Raise a Native,Gold Digger,Secretariat,Tamerett,His Majesty,Sun Colony,Nijinsky,Chris Evert
2021103525,ミッキーグローリー,パリージョ,ディープインパクト,メリッサ,タイキシャトル,アレグリアス,サンデーサイレンス,ウインドインハーヘア,ホワイトマズル,ストーミーラン,Devil's Bag,ウェルシュマフィン,フォーティナイナー,インヴァイト,Halo,Wishing Well,Alzao,Burghclere,ダンシングブレーヴ,Fair of the Furze,トニービン,ウインドオブサマー,Halo,Ballade,Caerleon,Muffitys,Mr. Prospector,File,Be My Guest,Burghclere,Hail to Reason,Cosmah,Understanding,Mountain Flower,Lyphard,Lady Rebecca,Busted,Highclere,Lyphard,Navajo Princess,Ela-Mana-Mou,Autocratic,カンパラ,Severn Bridge,ノーザリー,アイレバース,Hail to Reason,Cosmah,Herbager,Miss Swapsco,Nijinsky,Foreseer,Thatch,Contrail,Raise a Native,Gold Digger,Tom Rolfe,Continue,Northern Dancer,What a Treat,Busted,Highclere
2021101053,サトノクラウン,ケイティバローズ,Marju,ジョコンダ,マンハッタンカフェ,ホットマンボ,ラストタイクーン,Flame of Tara,Rossini,La Joconde,サンデーサイレンス,サトルチェンジ,Kingmambo,A. O. L. Hayes,トライマイベスト,Mill Princess,アーテイアス,Welsh Flame,Miswaki,Touch of Greatness,Vettori,Lust,Halo,Wishing Well,Law Society,Santa Luciana,Mr. Prospector,Miesque,A.P. Indy,Possible Mate,Northern Dancer,Sex Appeal,Mill Reef,Irish Lass,Round Table,Stylish Pattern,Welsh Pageant,Electric Flash,Mr. Prospector,Hopespringseternal,Hero's Honor,Ivory Wand,Machiavellian,Air Distingue,Pursuit of Love,Pato,Hail to Reason,Cosmah,Understanding,Mountain Flower,Alleged,Bold Bikini,Luciano,Suleika,Raise a Native,Gold Digger,Nureyev,Pasadoble,Seattle Slew,Weekend Surprise,King's Bishop,Execution
2022105198,ヘニーヒューズ,ワンミリオンス,ヘネシー,Meadow Flyer,ゴールドアリュール,シーズインポッシブル,Storm Cat,Island Kitty,Meadowlake,Shortley,サンデーサイレンス,ニキーヤ,Yankee Victor,ディフィカルト,Storm Bird,Terlingua,Hawaii,T. C. Kitten,Hold Your Peace,Suspicious Native,Hagley,Short Winded,Halo,Wishing Well,Nureyev,Reluctant Guest,Saint Ballado,Highest Carol,Concern,Wings of Jove,Northern Dancer,South Ocean,Secretariat,Crimson Saint,Utrillo,Ethane,Tom Cat,Needlebug,Speak John,Blue Moon,Raise a Native,Be Suspicious,Olden Times,Teo Pepi,Harvest Singing,Wild Cloud,Hail to Reason,Cosmah,Understanding,Mountain Flower,Northern Dancer,Special,Hostage,Vaguely Royal,Halo,Ballade,Caro,Tokyo Princess,Broad Brush,Fara's Team,Northern Jove,Regatela
2022101572,マジェスティックウォリアー,レッドシャンデル,A.P. Indy,Dream Supreme,ネオユニヴァース,アイアンブリッジ,Seattle Slew,Weekend Surprise,Seeking the Gold,Spinning Round,サンデーサイレンス,ポインテッドパス,トニービン,パイナップルスター,Bold Reasoning,My Charmer,Secretariat,Lassie Dear,Mr. Prospector,Con Game,Dixieland Band,Take Heart,Halo,Wishing Well,Kris,Silken Way,カンパラ,Severn Bridge,ニホンピロウイナー,ダイナスワップス,Boldnesian,Reason to Earn,Poker,Fair Charmer,Bold Ruler,Somethingroyal,Buckpasser,Gay Missile,Raise a Native,Gold Digger,Buckpasser,Broadway,Northern Dancer,Mississippi Mud,Secretariat,Deck Stewardess,Hail to Reason,Cosmah,Understanding,Mountain Flower,Sharpen Up,Doubly Sure,Shantung,Boulevard,Kalamoun,State Pension,Hornbeam,Priddy Fair,スティールハート,ニホンピロエバート,ノーザンテースト,サニースワップス
2021104856,リアルインパクト,サダムグランジュテ,ディープインパクト,トキオリアリティー,キングカメハメハ,シーズライクリオ,サンデーサイレンス,ウインドインハーヘア,Meadowlake,What a Reality,Kingmambo,マンファス,Boundary,Leading Rhyme,Halo,Wishing Well,Alzao,Burghclere,Hold Your Peace,Suspicious Native,In Reality,What Will Be,Mr. Prospector,Miesque,ラストタイクーン,Pilot Bird,Danzig,Edge,Mr. Leader,Gay Sonnet,Hail to Reason,Cosmah,Understanding,Mountain Flower,Lyphard,Lady Rebecca,Busted,Highclere,Speak John,Blue Moon,Raise a Native,Be Suspicious,Intentionally,My Dear Girl,Crozier,Solabar,Raise a Native,Gold Digger,Nureyev,Pasadoble,トライマイベスト,Mill Princess,Blakeney,The Dancer,Northern Dancer,Pas de Nom,Damascus,Ponte Vecchio,Hail to Reason,Jolie Deja,Sailor,Gay Rig
2021105707,ロードカナロア,ヒルダズパッション,キングカメハメハ,レディブラッサム,Canadian Frontier,Executricker,Kingmambo,マンファス,Storm Cat,サラトガデュー,Gone West,Borodislew,El Prado,Trick Trick,Mr. Prospector,Miesque,ラストタイクーン,Pilot Bird,Storm Bird,Terlingua,Cormorant,Super Luna,Mr. Prospector,Secrettame,Seattle Slew,Breath Taking,Sadler's Wells,Lady Capulet,Clever Trick,Full Virtue,Raise a Native,Gold Digger,Nureyev,Pasadoble,トライマイベスト,Mill Princess,Blakeney,The Dancer,Northern Dancer,South Ocean,Secretariat,Crimson Saint,His Majesty,Song Sparrow,In Reality,Alada,Raise a Native,Gold Digger,Secretariat,Tamerett,Bold Reasoning,My Charmer,Nureyev,Cap d'Antibes,Northern Dancer,Fairy Bridge,Sir Ivor,Cap and Bells,Icecapade,Kankakee Miss,Full Out,Lost Virtue
2022110117,Tom's d'Etat,Figure,Smart Strike,Julia Tuttle,Overanalyze,Armathwaite,Mr. Prospector,Classy 'n Smart,Giant's Causeway,Candy Cane,Dixie Union,Unacloud,Sky Classic,Foolish Beauty,Raise a Native,Gold Digger,Smarten,No Class,Storm Cat,Mariah's Storm,Ride the Rails,Candy Girl,Dixieland Band,She's Tops,Unaccounted For,Cloud's Ambre,Nijinsky,No Class,Foolish Pleasure,Secret Beauty,Native Dancer,Raise You,Nashua,Sequence,Cyane,Smartaire,Nodouble,Classy Quillo,Storm Bird,Terlingua,Rahy,イメンス,Cryptoclearance,Herbalesian,Candy Stripes,City Girl,Northern Dancer,Mississippi Mud,Capote,She's a Talent,Private Account,Mrs. Jenney,Two Punch,Arctic Cloud,Northern Dancer,Flaming Page,Nodouble,Classy Quillo,What a Pleasure,Fool-Me-Not,Raise a Native,Dandy Blitzen
2022104120,デクラレーションオブウォー,オリーブティアラ,War Front,Tempo West,キングカメハメハ,スティールパス,Danzig,Starry Dreamer,Rahy,Tempo,Kingmambo,マンファス,ネオユニヴァース,ロイヤルペルラ,Northern Dancer,Pas de Nom,Rubiano,Lara's Star,Blushing Groom,Glorious Song,Gone West,Terpsichorist,Mr. Prospector,Miesque,ラストタイクーン,Pilot Bird,サンデーサイレンス,ポインテッドパス,ブライアンズタイム,スターマイライフ,Nearctic,Natalma,Admiral's Voyage,Petitioner,Fappiano,Ruby Slippers,Forli,True Reality,Red God,Runaway Bride,Halo,Ballade,Mr. Prospector,Secrettame,Nijinsky,Glad Rags,Raise a Native,Gold Digger,Nureyev,Pasadoble,トライマイベスト,Mill Princess,Blakeney,The Dancer,Halo,Wishing Well,Kris,Silken Way,Roberto,Kelley's Day,Storm Cat,Great Lady M.
2021103708,ニューイヤーズデイ,アップトゥユー,Street Cry,Justwhistledixie,サウスヴィグラス,ファーストレディ,Machiavellian,Helen Street,Dixie Union,General Jeanne,エンドスウィープ,ダーケストスター,スマートボーイ,ラストヒット,Mr. Prospector,Coup de Folie,Troy,Waterway,Dixieland Band,She's Tops,Honour and Glory,Ahpo Hel,フォーティナイナー,Broom Dance,Star de Naskra,Minnie Riperton,アサティス,アンラブル,スラヴィック,ゲートアンドフライ,Raise a Native,Gold Digger,Halo,Raise the Standard,Petingo,La Milo,Riverman,Boulevard,Northern Dancer,Mississippi Mud,Capote,She's a Talent,Relaunch,Fair to All,Mr. Leader,Tiy,Mr. Prospector,File,Dance Spell,Witching Hour,Naskra,Candle Star,Cornish Prince,English Harbor,Topsider,Secret Asset,ノーリュート,アラート,Danzig,Bamesian,クラウンドプリンス,ヤマノコトブキ
2017102043,タイムパラドックス,ピンクサプライズ,ブライアンズタイム,ジョリーザザ,ネオユニヴァース,ハピネスヒロイン,Roberto,Kelley's Day,Alzao,Bold Lady,サンデーサイレンス,ポインテッドパス,ナリタブライアン,パーソナルレター,Hail to Reason,Bramalea,Graustark,Golden Trail,Lyphard,Lady Rebecca,ボールドラツド,Tredam,Halo,Wishing Well,Kris,Silken Way,ブライアンズタイム,パシフィカス,Mr. Prospector,Tea At Five,Turn-to,Nothirdchance,Nashua,Rarelea,Ribot,Flower Bowl,Hasty Road,Sunny Vale,Northern Dancer,Goofed,Sir Ivor,Pocahontas,Bold Ruler,Misty Morn,High Treason,Damasi,Hail to Reason,Cosmah,Understanding,Mountain Flower,Sharpen Up,Doubly Sure,Shantung,Boulevard,Roberto,Kelley's Day,Northern Dancer,Pacific Princess,Raise a Native,Gold Digger,Olden Times,Lady Attica
2021104576,ヘニーヒューズ,スターリーウインド,ヘネシー,Meadow Flyer,ゼンノロブロイ,スターズインハーアイズ,Storm Cat,Island Kitty,Meadowlake,Shortley,サンデーサイレンス,ローミンレイチェル,Woodman,ウインドインハーヘア,Storm Bird,Terlingua,Hawaii,T. C. Kitten,Hold Your Peace,Suspicious Native,Hagley,Short Winded,Halo,Wishing Well,マイニング,One Smart Lady,Mr. Prospector,プレイメイト,Alzao,Burghclere,Northern Dancer,South Ocean,Secretariat,Crimson Saint,Utrillo,Ethane,Tom Cat,Needlebug,Speak John,Blue Moon,Raise a Native,Be Suspicious,Olden Times,Teo Pepi,Harvest Singing,Wild Cloud,Hail to Reason,Cosmah,Understanding,Mountain Flower,Mr. Prospector,I Pass,Clever Trick,Pia's Lady,Raise a Native,Gold Digger,Buckpasser,Intriguing,Lyphard,Lady Rebecca,Busted,Highclere
2021105262,クリエイター,ラセレシオン,Tapit,Morena,ゼンノロブロイ,アルゼンチンスター,Pulpit,Tap Your Heels,Privately Held,Charytin,サンデーサイレンス,ローミンレイチェル,Candy Stripes,ディフェレンテ,A.P. Indy,Preach,Unbridled,Ruby Slippers,Private Account,Aviance,Summing,Crownit,Halo,Wishing Well,マイニング,One Smart Lady,Blushing Groom,バブルカンパニー,Propicio,Derepente,Seattle Slew,Weekend Surprise,Mr. Prospector,Narrate,Fappiano,Gana Facil,Nijinsky,Moon Glitter,Damascus,Numbered Account,Northfields,Minnie Hauk,Verbatim,Sumatra,King of Macedon,Queens Up,Hail to Reason,Cosmah,Understanding,Mountain Flower,Mr. Prospector,I Pass,Clever Trick,Pia's Lady,Red God,Runaway Bride,Lyphard,Prodice,Dorileo,Prontisima,Samos,Desalmada
2021105779,リアルインパクト,ポルケテスエーニョ,ディープインパクト,トキオリアリティー,Medaglia d'Oro,ミスエーニョ,サンデーサイレンス,ウインドインハーヘア,Meadowlake,What a Reality,El Prado,Cappucino Bay,Pulpit,Madcap Escapade,Halo,Wishing Well,Alzao,Burghclere,Hold Your Peace,Suspicious Native,In Reality,What Will Be,Sadler's Wells,Lady Capulet,Bailjumper,Dubbed In,A.P. Indy,Preach,ヘネシー,Sassy Pants,Hail to Reason,Cosmah,Understanding,Mountain Flower,Lyphard,Lady Rebecca,Busted,Highclere,Speak John,Blue Moon,Raise a Native,Be Suspicious,Intentionally,My Dear Girl,Crozier,Solabar,Northern Dancer,Fairy Bridge,Sir Ivor,Cap and Bells,Damascus,Court Circuit,Silent Screen,Society Singer,Seattle Slew,Weekend Surprise,Mr. Prospector,Narrate,Storm Cat,Island Kitty,Saratoga Six,Special Portion
2022106999,ホークビル,セイウンリリシイ,Kitten's Joy,Trensa,ダイワメジャー,コーンドリー,El Prado,Kitten's First,Giant's Causeway,Serape,サンデーサイレンス,スカーレットブーケ,Indian Charlie,ドリータルボ,Sadler's Wells,Lady Capulet,Lear Fan,That's My Hon,Storm Cat,Mariah's Storm,Fappiano,Mochila,Halo,Wishing Well,ノーザンテースト,スカーレットインク,In Excess,Soviet Sojourn,Capote,Lochlin,Northern Dancer,Fairy Bridge,Sir Ivor,Cap and Bells,Roberto,Wac,L'Enjoleur,One Lane,Storm Bird,Terlingua,Rahy,イメンス,Mr. Prospector,Killaloe,In Reality,Ride the Trails,Hail to Reason,Cosmah,Understanding,Mountain Flower,Northern Dancer,Lady Victoria,Crimson Satan,Consentida,Siberian Express,Kantado,Leo Castelli,Political Parfait,Seattle Slew,Too Bald,Screen King,Dorothy Kay
2021103227,ルーラーシップ,カンタービレ,キングカメハメハ,エアグルーヴ,ディープインパクト,シャンロッサ,Kingmambo,マンファス,トニービン,ダイナカール,サンデーサイレンス,ウインドインハーヘア,Galileo,Palacoona,Mr. Prospector,Miesque,ラストタイクーン,Pilot Bird,カンパラ,Severn Bridge,ノーザンテースト,シャダイフェザー,Halo,Wishing Well,Alzao,Burghclere,Sadler's Wells,Urban Sea,ラストタイクーン,Palavera,Raise a Native,Gold Digger,Nureyev,Pasadoble,トライマイベスト,Mill Princess,Blakeney,The Dancer,Kalamoun,State Pension,Hornbeam,Priddy Fair,Northern Dancer,Lady Victoria,ガーサント,パロクサイド,Hail to Reason,Cosmah,Understanding,Mountain Flower,Lyphard,Lady Rebecca,Busted,Highclere,Northern Dancer,Fairy Bridge,Miswaki,Allegretta,トライマイベスト,Mill Princess,Bikala,ポーリスタナ
2022101490,ハクサンムーン,ハッピーベリンダ,アドマイヤムーン,チリエージェ,アグネスデジタル,エイシンベリンダ,エンドスウィープ,マイケイティーズ,サクラバクシンオー,メガミゲラン,Crafty Prospector,Chancey Squaw,エルコンドルパサー,エイシンララミー,フォーティナイナー,Broom Dance,サンデーサイレンス,ケイティーズファースト,サクラユタカオー,サクラハゴロモ,シェイディハイツ,モガミゲラン,Mr. Prospector,Real Crafty Lady,Chief's Crown,Allicance,Kingmambo,サドラーズギャル,Time for a Change,Gander Crude,Mr. Prospector,File,Dance Spell,Witching Hour,Halo,Wishing Well,Kris,Katies,テスコボーイ,アンジェリカ,ノーザンテースト,クリアアンバー,Shirley Heights,Vaguely,モガミ,ミスゲラン,Raise a Native,Gold Digger,In Reality,Princess Roycraft,Danzig,Six Crowns,Alleged,Runaway Bride,Mr. Prospector,Miesque,Sadler's Wells,Glenveagh,Damascus,Resolver,Quack,Grey Oil
2022105466,キズナ,フィオドラ,ディープインパクト,キャットクイル,Lord of England,Forever Nice,サンデーサイレンス,ウインドインハーヘア,Storm Cat,Pacific Princess,Dashing Blade,Loveria,Greinton,Fox for Gold,Halo,Wishing Well,Alzao,Burghclere,Storm Bird,Terlingua,Damascus,Fiji,Elegant Air,Sharp Castan,Los Santos,Liranga,Green Dancer,Crystal Queen,Glint of Gold,Little Bittern,Hail to Reason,Cosmah,Understanding,Mountain Flower,Lyphard,Lady Rebecca,Busted,Highclere,Northern Dancer,South Ocean,Secretariat,Crimson Saint,Sword Dancer,Kerala,Acropolis,Rififi,Shirley Heights,Elegant Tern,Sharpen Up,Sultry One,Caracol,Loanda,Literat,Love In,Nijinsky,Green Valley,High Top,Crystal Drop,Mill Reef,Crown Treasure,Riva Ridge,Spray
2021106563,シュヴァルグラン,エンプレスティアラ,ハーツクライ,ハルーワスウィート,クロフネ,ゴールドティアラ,サンデーサイレンス,アイリッシュダンス,Machiavellian,ハルーワソング,フレンチデピュティ,ブルーアヴェニュー,Seeking the Gold,Bright Tiara,Halo,Wishing Well,トニービン,ビューパーダンス,Mr. Prospector,Coup de Folie,Nureyev,Morn of Song,Deputy Minister,Mitterand,Classic Go Go,Eliza Blue,Mr. Prospector,Con Game,Chief's Crown,Expressive Dance,Hail to Reason,Cosmah,Understanding,Mountain Flower,カンパラ,Severn Bridge,Lyphard,My Bupers,Raise a Native,Gold Digger,Halo,Raise the Standard,Northern Dancer,Special,Blushing Groom,Glorious Song,Vice Regent,Mint Copy,Hold Your Peace,Laredo Lass,Pago Pago,Classic Perfection,Icecapade,コレラ,Raise a Native,Gold Digger,Buckpasser,Broadway,Danzig,Six Crowns,Riva Ridge,Exclusive Dancer
2022104635,エピファネイア,アーモンドアイ,シンボリクリスエス,シーザリオ,ロードカナロア,フサイチパンドラ,Kris S.,Tee Kay,スペシャルウィーク,キロフプリミエール,キングカメハメハ,レディブラッサム,サンデーサイレンス,ロッタレース,Roberto,Sharp Queen,Gold Meridian,Tri Argo,サンデーサイレンス,キャンペンガール,Sadler's Wells,Querida,Kingmambo,マンファス,Storm Cat,サラトガデュー,Halo,Wishing Well,Nureyev,Sex Appeal,Hail to Reason,Bramalea,Princequillo,Bridgework,Seattle Slew,Queen Louie,Tri Jet,Hail Proudly,Halo,Wishing Well,マルゼンスキー,レディーシラオキ,Northern Dancer,Fairy Bridge,Habitat,Principia,Mr. Prospector,Miesque,ラストタイクーン,Pilot Bird,Storm Bird,Terlingua,Cormorant,Super Luna,Hail to Reason,Cosmah,Understanding,Mountain Flower,Northern Dancer,Special,Buckpasser,Best in Show
2020105737,レインボーライン,キタサンテンニョ,ステイゴールド,レーゲンボーゲン,キングヘイロー,ソラーラ,サンデーサイレンス,ゴールデンサッシュ,フレンチデピュティ,レインボーファスト,ダンシングブレーヴ,グッバイヘイロー,Gulch,Mount Helena,Halo,Wishing Well,ディクタス,ダイナサッシュ,Deputy Minister,Mitterand,レインボーアンバー,レインボーローズ,Lyphard,Navajo Princess,Halo,Pound Foolish,Mr. Prospector,Jameela,Danzig,Helen Street,Hail to Reason,Cosmah,Understanding,Mountain Flower,Sanctus,Doronic,ノーザンテースト,ロイヤルサッシュ,Vice Regent,Mint Copy,Hold Your Peace,Laredo Lass,アンバーシャダイ,イーデンブルース,ファーストファミリー,プティットアミ,Northern Dancer,Goofed,Drone,Olmec,Hail to Reason,Cosmah,Sir Ivor,Squander,Raise a Native,Gold Digger,Rambunctious,Asbury Mary,Northern Dancer,Pas de Nom,Troy,Waterway
2019103827,フェノーメノ,オウケンサクラブ,ステイゴールド,ディラローシェ,オウケンブルースリ,オウケンサクラ,サンデーサイレンス,ゴールデンサッシュ,デインヒル,Sea Port,ジャングルポケット,シルバージョイ,バゴ,ランフォザドリーム,Halo,Wishing Well,ディクタス,ダイナサッシュ,Danzig,Razyana,Averof,Anchor,トニービン,ダンスチャーマー,Silver Deputy,Joy of Myrtlewood,Nashwan,Moonlight's Box,リアルシャダイ,ミルフォードスルー,Hail to Reason,Cosmah,Understanding,Mountain Flower,Sanctus,Doronic,ノーザンテースト,ロイヤルサッシュ,Northern Dancer,Pas de Nom,His Majesty,Spring Adieu,Sing Sing,Argentina,Major Portion,Ripeck,カンパラ,Severn Bridge,Nureyev,Skillful Joy,Deputy Minister,Silver Valley,Northern Jove,Myrtlewood Lass,Blushing Groom,Height of Fashion,Nureyev,Coup de Genie,Roberto,Desert Vixen,スルーザドラゴン,スピードキヨフジ
2020103803,エピファネイア,レーヌドブリエ,シンボリクリスエス,シーザリオ,ゼンノロブロイ,メジロドーベル,Kris S.,Tee Kay,スペシャルウィーク,キロフプリミエール,サンデーサイレンス,ローミンレイチェル,メジロライアン,メジロビューティー,Roberto,Sharp Queen,Gold Meridian,Tri Argo,サンデーサイレンス,キャンペンガール,Sadler's Wells,Querida,Halo,Wishing Well,マイニング,One Smart Lady,アンバーシャダイ,メジロチェイサー,パーソロン,メジロナガサキ,Hail to Reason,Bramalea,Princequillo,Bridgework,Seattle Slew,Queen Louie,Tri Jet,Hail Proudly,Halo,Wishing Well,マルゼンスキー,レディーシラオキ,Northern Dancer,Fairy Bridge,Habitat,Principia,Hail to Reason,Cosmah,Understanding,Mountain Flower,Mr. Prospector,I Pass,Clever Trick,Pia's Lady,ノーザンテースト,クリアアンバー,メジロサンマン,シエリル,Milesian,Paleo,ネヴァービート,メジロボサツ
2021100597,シュヴァルグラン,ブルーインザスカイ,ハーツクライ,ハルーワスウィート,チチカステナンゴ,レンデフルール,サンデーサイレンス,アイリッシュダンス,Machiavellian,ハルーワソング,Smadoun,スマラ,ブライアンズタイム,フローラルマジック,Halo,Wishing Well,トニービン,ビューパーダンス,Mr. Prospector,Coup de Folie,Nureyev,Morn of Song,Kaldoun,Mossma,Antheus,Small Partie,Roberto,Kelley's Day,Affirmed,Rare Lady,Hail to Reason,Cosmah,Understanding,Mountain Flower,カンパラ,Severn Bridge,Lyphard,My Bupers,Raise a Native,Gold Digger,Halo,Raise the Standard,Northern Dancer,Special,Blushing Groom,Glorious Song,Caro,Katana,Tip Moss,Ticma,Northern Dancer,Apachee,Fabulous Dancer,Summer Parties,Hail to Reason,Bramalea,Graustark,Golden Trail,Exclusive Native,Won't Tell You,Never Bend,Double Agent
2018105073,ディープインパクト,シーヴ,サンデーサイレンス,ウインドインハーヘア,Mineshaft,Belterra,Halo,Wishing Well,Alzao,Burghclere,A.P. Indy,Prospectors Delite,Unbridled,Cruising Haven,Hail to Reason,Cosmah,Understanding,Mountain Flower,Lyphard,Lady Rebecca,Busted,Highclere,Seattle Slew,Weekend Surprise,Mr. Prospector,Up the Flagpole,Fappiano,Gana Facil,Shelter Half,Sailing Leader,Turn-to,Nothirdchance,Cosmic Bomb,Almahmoud,Promised Land,Pretty Ways,Montparnasse,Edelweiss,Northern Dancer,Goofed,Sir Ivor,Pocahontas,Crepello,Sans le Sou,Queen's Hussar,Highlight,Bold Reasoning,My Charmer,Secretariat,Lassie Dear,Raise a Native,Gold Digger,Hoist the Flag,The Garden Club,Mr. Prospector,Killaloe,Le Fabuleux,Charedi,Tentam,Gay Matelda,Mr. Leader,Sailor Town
2021106658,シニスターミニスター,ローレライ,Old Trieste,Sweet Minister,ゴールドアリュール,アルデュイナ,A.P. Indy,Lovlier Linda,The Prime Minister,Sweet Blue,サンデーサイレンス,ニキーヤ,クロフネ,アクイレジア,Seattle Slew,Weekend Surprise,Vigors,Linda Summers,Deputy Minister,Stick to Beauty,Hurry Up Blue,Sugar Gold,Halo,Wishing Well,Nureyev,Reluctant Guest,フレンチデピュティ,ブルーアヴェニュー,フォーティナイナー,ロジータ,Bold Reasoning,My Charmer,Secretariat,Lassie Dear,Grey Dawn,Relifordie,Crozier,Queenly Gift,Vice Regent,Mint Copy,Illustrious,Hail to Beauty,Mr. Leader,Blue Baroness,Mr. Prospector,Miss Ironside,Hail to Reason,Cosmah,Understanding,Mountain Flower,Northern Dancer,Special,Hostage,Vaguely Royal,Deputy Minister,Mitterand,Classic Go Go,Eliza Blue,Mr. Prospector,File,ミルジョージ,メロウマダング
2022103264,シニスターミニスター,メイショウミハル,Old Trieste,Sweet Minister,ダイワメジャー,アルペンローズ,A.P. Indy,Lovlier Linda,The Prime Minister,Sweet Blue,サンデーサイレンス,スカーレットブーケ,Kris S.,Amizette,Seattle Slew,Weekend Surprise,Vigors,Linda Summers,Deputy Minister,Stick to Beauty,Hurry Up Blue,Sugar Gold,Halo,Wishing Well,ノーザンテースト,スカーレットインク,Roberto,Sharp Queen,フォーティナイナー,Courtly Dee,Bold Reasoning,My Charmer,Secretariat,Lassie Dear,Grey Dawn,Relifordie,Crozier,Queenly Gift,Vice Regent,Mint Copy,Illustrious,Hail to Beauty,Mr. Leader,Blue Baroness,Mr. Prospector,Miss Ironside,Hail to Reason,Cosmah,Understanding,Mountain Flower,Northern Dancer,Lady Victoria,Crimson Satan,Consentida,Hail to Reason,Bramalea,Princequillo,Bridgework,Mr. Prospector,File,Never Bend,Tulle
2020100406,キンシャサノキセキ,キングアンドクイン,フジキセキ,ケルトシャーン,キングカメハメハ,エレガンスクイーン,サンデーサイレンス,ミルレーサー,Pleasant Colony,Featherhill,Kingmambo,マンファス,スペシャルウィーク,コランディアクイン,Halo,Wishing Well,Le Fabuleux,Marston's Mill,His Majesty,Sun Colony,Lyphard,Lady Berry,Mr. Prospector,Miesque,ラストタイクーン,Pilot Bird,サンデーサイレンス,キャンペンガール,リアルシャダイ,ルイジアナピット,Hail to Reason,Cosmah,Understanding,Mountain Flower,Wild Risk,Anguar,In Reality,Millicent,Ribot,Flower Bowl,Sunrise Flight,Colonia,Northern Dancer,Goofed,Violon d'Ingres,Moss Rose,Raise a Native,Gold Digger,Nureyev,Pasadoble,トライマイベスト,Mill Princess,Blakeney,The Dancer,Halo,Wishing Well,マルゼンスキー,レディーシラオキ,Roberto,Desert Vixen,ヴァリィフォージュ,ミユキカマダ
2022102399,アドマイヤマーズ,クイックリトルミス,ダイワメジャー,ヴィアメディチ,Freud,Swift Girl,サンデーサイレンス,スカーレットブーケ,Medicean,Via Milano,Storm Cat,Mariah's Storm,Unbridled,Gather The Clan,Halo,Wishing Well,ノーザンテースト,スカーレットインク,Machiavellian,Mystic Goddess,シングスピール,Salvinaxia,Storm Bird,Terlingua,Rahy,イメンス,Fappiano,Gana Facil,General Assembly,What a Summer,Hail to Reason,Cosmah,Understanding,Mountain Flower,Northern Dancer,Lady Victoria,Crimson Satan,Consentida,Mr. Prospector,Coup de Folie,Storm Bird,Rose Goddess,In the Wings,Glorious Song,Linamix,Salve,Northern Dancer,South Ocean,Secretariat,Crimson Saint,Blushing Groom,Glorious Song,Roberto,Imsodear,Mr. Prospector,Killaloe,Le Fabuleux,Charedi,Secretariat,Exclusive Dancer,What Luck,Summer Classic
2020110120,Gun Runner,Loure,Candy Ride,Quiet Giant,A.P. Indy,ラヴィングプライド,Ride the Rails,Candy Girl,Giant's Causeway,Quiet Dance,Seattle Slew,Weekend Surprise,Quiet American,Yafill,Cryptoclearance,Herbalesian,Candy Stripes,City Girl,Storm Cat,Mariah's Storm,Quiet American,Misty Dancer,Bold Reasoning,My Charmer,Secretariat,Lassie Dear,Fappiano,Demure,Nureyev,タラズチャーマー,Fappiano,Naval Orange,Herbager,Alanesian,Blushing Groom,バブルカンパニー,Farnesio,Cithara,Storm Bird,Terlingua,Rahy,イメンス,Fappiano,Demure,Lyphard,Flight Dancer,Boldnesian,Reason to Earn,Poker,Fair Charmer,Bold Ruler,Somethingroyal,Buckpasser,Gay Missile,Mr. Prospector,Killaloe,Dr. Fager,Quiet Charm,Northern Dancer,Special,Majestic Light,French Charmer
2021105356,ブラックタイド,アズールムーン,サンデーサイレンス,ウインドインハーヘア,Malibu Moon,ターシャズスター,Halo,Wishing Well,Alzao,Burghclere,A.P. Indy,Macoumba,Spanish Steps,Ms. Cuvee Napa,Hail to Reason,Cosmah,Understanding,Mountain Flower,Lyphard,Lady Rebecca,Busted,Highclere,Seattle Slew,Weekend Surprise,Mr. Prospector,Maximova,Unbridled,Trolley Song,Relaunch,A Penny Is a Penny,Turn-to,Nothirdchance,Cosmic Bomb,Almahmoud,Promised Land,Pretty Ways,Montparnasse,Edelweiss,Northern Dancer,Goofed,Sir Ivor,Pocahontas,Crepello,Sans le Sou,Queen's Hussar,Highlight,Bold Reasoning,My Charmer,Secretariat,Lassie Dear,Raise a Native,Gold Digger,Green Dancer,Baracala,Fappiano,Gana Facil,Caro,Lucky Spell,In Reality,Foggy Note,Temperence Hill,Raise a Penny
2021105120,ロードカナロア,ダンスファンタジア,キングカメハメハ,レディブラッサム,ファルブラヴ,ダンスインザムード,Kingmambo,マンファス,Storm Cat,サラトガデュー,Fairy King,Gift of the Night,サンデーサイレンス,ダンシングキイ,Mr. Prospector,Miesque,ラストタイクーン,Pilot Bird,Storm Bird,Terlingua,Cormorant,Super Luna,Northern Dancer,Fairy Bridge,Slewpy,Little Nana,Halo,Wishing Well,Nijinsky,Key Partner,Raise a Native,Gold Digger,Nureyev,Pasadoble,トライマイベスト,Mill Princess,Blakeney,The Dancer,Northern Dancer,South Ocean,Secretariat,Crimson Saint,His Majesty,Song Sparrow,In Reality,Alada,Nearctic,Natalma,Bold Reason,Special,Seattle Slew,Rare Bouquet,Lithiot,Nenana Road,Hail to Reason,Cosmah,Understanding,Mountain Flower,Northern Dancer,Flaming Page,Key to the Mint,Native Partner
2020100583,ヘニーヒューズ,バイカターキン,ヘネシー,Meadow Flyer,エンパイアメーカー,アブラシオ,Storm Cat,Island Kitty,Meadowlake,Shortley,Unbridled,Toussaud,グラスワンダー,ジュウジホウセキ,Storm Bird,Terlingua,Hawaii,T. C. Kitten,Hold Your Peace,Suspicious Native,Hagley,Short Winded,Fappiano,Gana Facil,El Gran Senor,Image of Reality,Silver Hawk,Ameriflora,マルゼンスキー,ジュウジターキン,Northern Dancer,South Ocean,Secretariat,Crimson Saint,Utrillo,Ethane,Tom Cat,Needlebug,Speak John,Blue Moon,Raise a Native,Be Suspicious,Olden Times,Teo Pepi,Harvest Singing,Wild Cloud,Mr. Prospector,Killaloe,Le Fabuleux,Charedi,Northern Dancer,Sex Appeal,In Reality,Edee's Image,Roberto,Gris Vitesse,Danzig,Graceful Touch,Nijinsky,シル,ハンターコム,シヤダイターキン
2021103288,サンダースノー,ルミエールカフェ,Helmet,Eastern Joy,マンハッタンカフェ,ファンシーカフェ,Exceed And Excel,Accessories,Dubai Destination,Red Slippers,サンデーサイレンス,サトルチェンジ,プレシャスカフェ,ファンシーオレンジ,デインヒル,Patrona,シングスピール,Anna Matrushka,Kingmambo,Mysterial,Nureyev,Morning Devotion,Halo,Wishing Well,Law Society,Santa Luciana,ハートレイク,エアインセンス,マイニング,ブランチリーヴス,Danzig,Razyana,Lomond,Gladiolus,In the Wings,Glorious Song,Mill Reef,Anna Paola,Mr. Prospector,Miesque,Alleged,Mysteries,Northern Dancer,Special,Affirmed,Morning Has Broken,Hail to Reason,Cosmah,Understanding,Mountain Flower,Alleged,Bold Bikini,Luciano,Suleika,Nureyev,My Darling One,サンデーサイレンス,ブラウンアイボリー,Mr. Prospector,I Pass,ミルジョージ,フラッグスターフ
2022101703,パイロ,レッドフェザー,Pulpit,Wild Vision,ディープスカイ,チャリティークエスト,A.P. Indy,Preach,Wild Again,Carol's Wonder,アグネスタキオン,アビ,コロナドズクエスト,Sweet Charity,Seattle Slew,Weekend Surprise,Mr. Prospector,Narrate,Icecapade,Bushel-n-Peck,Pass the Tab,Carols Christmas,サンデーサイレンス,アグネスフローラ,Chief's Crown,Carmelized,フォーティナイナー,Laughing Look,A.P. Indy,Banker's Lady,Bold Reasoning,My Charmer,Secretariat,Lassie Dear,Raise a Native,Gold Digger,Honest Pleasure,State,Nearctic,Shenanigans,Khaled,Dama,Al Hattab,Dantina,Whitesburg,Light Verse,Halo,Wishing Well,ロイヤルスキー,アグネスレディー,Danzig,Six Crowns,Key to the Mint,Carmelize,Mr. Prospector,File,Damascus,Laughter,Seattle Slew,Weekend Surprise,Nijinsky,Impetuous Gal
2022104972,ミッキーアイル,ビバリーヒルズ,ディープインパクト,スターアイル,スニッツェル,ブリリアントベリー,サンデーサイレンス,ウインドインハーヘア,ロックオブジブラルタル,アイルドフランス,Redoute's Choice,Snippets' Lass,ノーザンテースト,クラフテイワイフ,Halo,Wishing Well,Alzao,Burghclere,デインヒル,Offshore Boom,Nureyev,ステラマドリッド,デインヒル,Shantha's Choice,Snippets,Snow Finch,Northern Dancer,Lady Victoria,Crafty Prospector,Wife Mistress,Hail to Reason,Cosmah,Understanding,Mountain Flower,Lyphard,Lady Rebecca,Busted,Highclere,Danzig,Razyana,Be My Guest,Push a Button,Northern Dancer,Special,Alydar,My Juliet,Danzig,Razyana,Canny Lad,Dancing Show,Lunchtime,Easy Date,Storm Bird,A Realgirl,Nearctic,Natalma,Victoria Park,Lady Angela,Mr. Prospector,Real Crafty Lady,Secretariat,Political Payoff
2020103033,ロードカナロア,プリンセスオブシルマー,キングカメハメハ,レディブラッサム,マジェスティックウォリアー,Storm Dixie,Kingmambo,マンファス,Storm Cat,サラトガデュー,A.P. Indy,Dream Supreme,Catienus,Golden Wave Band,Mr. Prospector,Miesque,ラストタイクーン,Pilot Bird,Storm Bird,Terlingua,Cormorant,Super Luna,Seattle Slew,Weekend Surprise,Seeking the Gold,Spinning Round,Storm Cat,ダイアモンドシティ,Dixieland Band,Wind Talk,Raise a Native,Gold Digger,Nureyev,Pasadoble,トライマイベスト,Mill Princess,Blakeney,The Dancer,Northern Dancer,South Ocean,Secretariat,Crimson Saint,His Majesty,Song Sparrow,In Reality,Alada,Bold Reasoning,My Charmer,Secretariat,Lassie Dear,Mr. Prospector,Con Game,Dixieland Band,Take Heart,Storm Bird,Terlingua,Mr. Prospector,Honey's Flag,Northern Dancer,Mississippi Mud,Drone,Chic Chuck
2019103692,ザファクター,トウカイポプリ,War Front,Greyciousness,タイキシャトル,トウカイティアラ,Danzig,Starry Dreamer,Miswaki,Skatingonthinice,Devil's Bag,ウェルシュマフィン,サンデーサイレンス,トウカイナチュラル,Northern Dancer,Pas de Nom,Rubiano,Lara's Star,Mr. Prospector,Hopespringseternal,Icecapade,Rain Shower,Halo,Ballade,Caerleon,Muffitys,Halo,Wishing Well,ナイスダンサー,トウカイミドリ,Nearctic,Natalma,Admiral's Voyage,Petitioner,Fappiano,Ruby Slippers,Forli,True Reality,Raise a Native,Gold Digger,Buckpasser,Rose Bower,Nearctic,Shenanigans,Bold Forbes,Right as Rain,Hail to Reason,Cosmah,Herbager,Miss Swapsco,Nijinsky,Foreseer,Thatch,Contrail,Hail to Reason,Cosmah,Understanding,Mountain Flower,Northern Dancer,Nice Princess,ファバージ,トウカイクイン
2019102082,トーセンジョーダン,マキアージュシチー,ジャングルポケット,エヴリウィスパー,ダイワメジャー,スウィーピングズ,トニービン,ダンスチャーマー,ノーザンテースト,クラフテイワイフ,サンデーサイレンス,スカーレットブーケ,Mr. Prospector,Broom Dance,カンパラ,Severn Bridge,Nureyev,Skillful Joy,Northern Dancer,Lady Victoria,Crafty Prospector,Wife Mistress,Halo,Wishing Well,ノーザンテースト,スカーレットインク,Raise a Native,Gold Digger,Dance Spell,Witching Hour,Kalamoun,State Pension,Hornbeam,Priddy Fair,Northern Dancer,Special,Nodouble,Skillful Miss,Nearctic,Natalma,Victoria Park,Lady Angela,Mr. Prospector,Real Crafty Lady,Secretariat,Political Payoff,Hail to Reason,Cosmah,Understanding,Mountain Flower,Northern Dancer,Lady Victoria,Crimson Satan,Consentida,Native Dancer,Raise You,Nashua,Sequence,Northern Dancer,Obeah,Thinking Cap,Enchanted Eve
2021100557,エピファネイア,グランドクララ,シンボリクリスエス,シーザリオ,Frankel,ファウヴェリア,Kris S.,Tee Kay,スペシャルウィーク,キロフプリミエール,Galileo,Kind,Polish Precedent,Marion,Roberto,Sharp Queen,Gold Meridian,Tri Argo,サンデーサイレンス,キャンペンガール,Sadler's Wells,Querida,Sadler's Wells,Urban Sea,デインヒル,Rainbow Lake,Danzig,Past Example,Doyoun,Saxon Maid,Hail to Reason,Bramalea,Princequillo,Bridgework,Seattle Slew,Queen Louie,Tri Jet,Hail Proudly,Halo,Wishing Well,マルゼンスキー,レディーシラオキ,Northern Dancer,Fairy Bridge,Habitat,Principia,Northern Dancer,Fairy Bridge,Miswaki,Allegretta,Danzig,Razyana,Rainbow Quest,Rockfest,Northern Dancer,Pas de Nom,Buckpasser,Bold Example,Mill Reef,Dumka,Sadler's Wells,Britannia's Rule
2023107146,キズナ,ノームコア,ディープインパクト,キャットクイル,ハービンジャー,クロノロジスト,サンデーサイレンス,ウインドインハーヘア,Storm Cat,Pacific Princess,Dansili,Penang Pearl,クロフネ,インディスユニゾン,Halo,Wishing Well,Alzao,Burghclere,Storm Bird,Terlingua,Damascus,Fiji,デインヒル,Hasili,Bering,Guapa,フレンチデピュティ,ブルーアヴェニュー,サンデーサイレンス,ラスティックベル,Hail to Reason,Cosmah,Understanding,Mountain Flower,Lyphard,Lady Rebecca,Busted,Highclere,Northern Dancer,South Ocean,Secretariat,Crimson Saint,Sword Dancer,Kerala,Acropolis,Rififi,Danzig,Razyana,Kahyasi,Kerali,Arctic Tern,Beaune,Shareef Dancer,Sauceboat,Deputy Minister,Mitterand,Classic Go Go,Eliza Blue,Halo,Wishing Well,Mr. Prospector,Ragtime Girl
2023103434,ロードカナロア,ジペッサ,キングカメハメハ,レディブラッサム,City Zip,Precious Princess,Kingmambo,マンファス,Storm Cat,サラトガデュー,Carson City,Baby Zip,Horse Chestnut,Dootsie,Mr. Prospector,Miesque,ラストタイクーン,Pilot Bird,Storm Bird,Terlingua,Cormorant,Super Luna,Mr. Prospector,Blushing Promise,Relaunch,Thirty Zip,Fort Wood,London Wall,Dixieland Band,Skybox,Raise a Native,Gold Digger,Nureyev,Pasadoble,トライマイベスト,Mill Princess,Blakeney,The Dancer,Northern Dancer,South Ocean,Secretariat,Crimson Saint,His Majesty,Song Sparrow,In Reality,Alada,Raise a Native,Gold Digger,Blushing Groom,Summertime Promise,In Reality,Foggy Note,Tri Jet,Sailaway,Sadler's Wells,Fall Aspen,Col Pickering,Nalatale,Northern Dancer,Mississippi Mud,Spend a Buck,A Status Symbol
2023105714,スクリーンヒーロー,イプスウィッチ,グラスワンダー,ランニングヒロイン,Danehill Dancer,Imperial Beauty,Silver Hawk,Ameriflora,サンデーサイレンス,ダイナアクトレス,デインヒル,Mira Adonde,Imperial Ballet,Multimara,Roberto,Gris Vitesse,Danzig,Graceful Touch,Halo,Wishing Well,ノーザンテースト,モデルスポート,Danzig,Razyana,Sharpen Up,Lettre d'Amour,Sadler's Wells,Amaranda,Arctic Tern,イブニングエアー,Hail to Reason,Bramalea,Amerigo,Matchiche,Northern Dancer,Pas de Nom,His Majesty,Pi Phi Gal,Hail to Reason,Cosmah,Understanding,Mountain Flower,Northern Dancer,Lady Victoria,モデルフール,マジックゴデイス,Northern Dancer,Pas de Nom,His Majesty,Spring Adieu,エタン,Rocchetta,Caro,Lianga,Northern Dancer,Fairy Bridge,Bold Lad,Favoletta,Sea-Bird,Bubbling Beauty,J.O. Tobin,Nellie Forbes
2023106810,シスキン,マスターワーク,First Defence,Bird Flown,ダイワメジャー,イグジビットワン,Unbridled's Song,Honest Lady,Oasis Dream,Silver Star,サンデーサイレンス,スカーレットブーケ,Silver Hawk,Tsar's Pride,Unbridled,Trolley Song,Seattle Slew,Toussaud,Green Desert,Hope,Zafonic,Monroe,Halo,Wishing Well,ノーザンテースト,スカーレットインク,Roberto,Gris Vitesse,Sadler's Wells,Bold Empress,Fappiano,Gana Facil,Caro,Lucky Spell,Bold Reasoning,My Charmer,El Gran Senor,Image of Reality,Danzig,Foreign Courier,ダンシングブレーヴ,Bahamian,Gone West,Zaizafon,Sir Ivor,Best in Show,Hail to Reason,Cosmah,Understanding,Mountain Flower,Northern Dancer,Lady Victoria,Crimson Satan,Consentida,Hail to Reason,Bramalea,Amerigo,Matchiche,Northern Dancer,Fairy Bridge,Diesis,Zaizafon
2023106844,インディチャンプ,アビラ,ステイゴールド,ウィルパワー,ロックオブジブラルタル,Animatrice,サンデーサイレンス,ゴールデンサッシュ,キングカメハメハ,トキオリアリティー,デインヒル,Offshore Boom,Alleged,Alexandrie,Halo,Wishing Well,ディクタス,ダイナサッシュ,Kingmambo,マンファス,Meadowlake,What a Reality,Danzig,Razyana,Be My Guest,Push a Button,Hoist the Flag,Princess Pout,Val de l'Orne,Apachee,Hail to Reason,Cosmah,Understanding,Mountain Flower,Sanctus,Doronic,ノーザンテースト,ロイヤルサッシュ,Mr. Prospector,Miesque,ラストタイクーン,Pilot Bird,Hold Your Peace,Suspicious Native,In Reality,What Will Be,Northern Dancer,Pas de Nom,His Majesty,Spring Adieu,Northern Dancer,What a Treat,Bold Lad,River Lady,Tom Rolfe,Wavy Navy,Prince John,Determined Lady,Val de Loir,Aglae,Sir Gaylord,Americaine
2023107277,モーリス,モシーン,スクリーンヒーロー,メジロフランシス,Fastnet Rock,Sumehra,グラスワンダー,ランニングヒロイン,カーネギー,メジロモントレー,デインヒル,Piccadilly Circus,ストラヴィンスキー,Miss Priority,Silver Hawk,Ameriflora,サンデーサイレンス,ダイナアクトレス,Sadler's Wells,Detroit,モガミ,メジロクインシー,Danzig,Razyana,ロイヤルアカデミー,Gatana,Nureyev,Fire the Groom,Kaapstad,Benediction,Roberto,Gris Vitesse,Danzig,Graceful Touch,Halo,Wishing Well,ノーザンテースト,モデルスポート,Northern Dancer,Fairy Bridge,Riverman,Derna,Lyphard,ノーラック,フィディオン,メジロボサツ,Northern Dancer,Pas de Nom,His Majesty,Spring Adieu,Nijinsky,Crimson Saint,Marauding,Twigalae,Northern Dancer,Special,Blushing Groom,Prospector's Fire,Sir Tristram,Eight Carat,Day Is Done,Cathedra
2023107191,モーリス,ブチコ,スクリーンヒーロー,メジロフランシス,キングカメハメハ,シラユキヒメ,グラスワンダー,ランニングヒロイン,カーネギー,メジロモントレー,Kingmambo,マンファス,サンデーサイレンス,ウェイブウインド,Silver Hawk,Ameriflora,サンデーサイレンス,ダイナアクトレス,Sadler's Wells,Detroit,モガミ,メジロクインシー,Mr. Prospector,Miesque,ラストタイクーン,Pilot Bird,Halo,Wishing Well,Topsider,Storm and Sunshine,Roberto,Gris Vitesse,Danzig,Graceful Touch,Halo,Wishing Well,ノーザンテースト,モデルスポート,Northern Dancer,Fairy Bridge,Riverman,Derna,Lyphard,ノーラック,フィディオン,メジロボサツ,Raise a Native,Gold Digger,Nureyev,Pasadoble,トライマイベスト,Mill Princess,Blakeney,The Dancer,Hail to Reason,Cosmah,Understanding,Mountain Flower,Northern Dancer,Drumtop,Star de Naskra,Sea Drone
2023100917,レイデオロ,ケアレディー,キングカメハメハ,ラドラーダ,Equal Stripes,Care For,Kingmambo,マンファス,シンボリクリスエス,レディブロンド,Candy Stripes,Equity,Pure Prize,Careful,Mr. Prospector,Miesque,ラストタイクーン,Pilot Bird,Kris S.,Tee Kay,Seeking the Gold,ウインドインハーヘア,Blushing Groom,バブルカンパニー,Equalize,Elysee,Storm Cat,Heavenly Prize,Equalize,Carleata,Raise a Native,Gold Digger,Nureyev,Pasadoble,トライマイベスト,Mill Princess,Blakeney,The Dancer,Roberto,Sharp Queen,Gold Meridian,Tri Argo,Mr. Prospector,Con Game,Alzao,Burghclere,Red God,Runaway Bride,Lyphard,Prodice,Northern Jove,Zonta,El Gran Capitan,Empiric,Storm Bird,Terlingua,Seeking the Gold,Oh What a Dance,Northern Jove,Zonta,Careafolie,Redta
2023105825,ロードカナロア,レキシールー,キングカメハメハ,レディブラッサム,Sligo Bay,Oneexcessivenite,Kingmambo,マンファス,Storm Cat,サラトガデュー,Sadler's Wells,Angelic Song,In Excess,Favored One,Mr. Prospector,Miesque,ラストタイクーン,Pilot Bird,Storm Bird,Terlingua,Cormorant,Super Luna,Northern Dancer,Fairy Bridge,Halo,Ballade,Siberian Express,Kantado,Son of Briartic,Highly Favored,Raise a Native,Gold Digger,Nureyev,Pasadoble,トライマイベスト,Mill Princess,Blakeney,The Dancer,Northern Dancer,South Ocean,Secretariat,Crimson Saint,His Majesty,Song Sparrow,In Reality,Alada,Nearctic,Natalma,Bold Reason,Special,Hail to Reason,Cosmah,Herbager,Miss Swapsco,Caro,Indian Call,Saulingo,Vi,Briartic,Tabola,Favorecidian,Minie Ball
2023103499,イスラボニータ,ハーエミネンシー,フジキセキ,イスラコジーン,Successful Appeal,Chic Dancer,サンデーサイレンス,ミルレーサー,Cozzene,Isla Mujeres,Valid Appeal,Successful Dancer,Joyeux Danseur,Stylish Accent,Halo,Wishing Well,Le Fabuleux,Marston's Mill,Caro,Ride the Trails,Crafty Prospector,Lido Isle,In Reality,Desert Trial,Fortunate Prospect,Debonair Dancer,Nureyev,Fabuleux Jane,Beau's Eagle,Ubetshedid,Hail to Reason,Cosmah,Understanding,Mountain Flower,Wild Risk,Anguar,In Reality,Millicent,フォルティノ,Chambord,Prince John,Wildwook,Mr. Prospector,Real Crafty Lady,Far North,She Is Gorgeous,Intentionally,My Dear Girl,Moslem Chief,Scotch Verdict,Northern Prospect,Fortunate Bid,Staff Writer,In the Bag,Northern Dancer,Special,Le Fabuleux,Native Partner,Golden Eagle,Beaufield,King Pellinore,Ubetido
2023105325,モーリス,フィールザレース,スクリーンヒーロー,メジロフランシス,Orpen,Feel the Song,グラスワンダー,ランニングヒロイン,カーネギー,メジロモントレー,Lure,Bonita Francita,Lode,Feluka,Silver Hawk,Ameriflora,サンデーサイレンス,ダイナアクトレス,Sadler's Wells,Detroit,モガミ,メジロクインシー,Danzig,Endear,Devil's Bag,Raise the Standard,Mr. Prospector,Grand Luxe,Fitzcarraldo,Felicidades,Roberto,Gris Vitesse,Danzig,Graceful Touch,Halo,Wishing Well,ノーザンテースト,モデルスポート,Northern Dancer,Fairy Bridge,Riverman,Derna,Lyphard,ノーラック,フィディオン,メジロボサツ,Northern Dancer,Pas de Nom,Alydar,Chappaquiddick,Halo,Ballade,Hoist the Flag,Natalma,Raise a Native,Gold Digger,Sir Ivor,Fanfreluche,Cipayo,Stall Only,Con Brio,Good Will
2023103766,ポエティックフレア,ガロシェ,Dawn Approach,Maria Lee,ルーラーシップ,キストゥヘヴン,New Approach,Hymn Of The Dawn,ロックオブジブラルタル,Elida,キングカメハメハ,エアグルーヴ,アドマイヤベガ,ロングバージン,Galileo,Park Express,Phone Trick,Colonial Debut,デインヒル,Offshore Boom,ロイヤルアカデミー,Saviour,Kingmambo,マンファス,トニービン,ダイナカール,サンデーサイレンス,ベガ,ノーザンテースト,スイーブ,Sadler's Wells,Urban Sea,Ahonoora,Matcher,Clever Trick,Over the Phone,Pleasant Colony,Kittihawk Miss,Danzig,Razyana,Be My Guest,Push a Button,Nijinsky,Crimson Saint,Majestic Light,Victorian Queen,Mr. Prospector,Miesque,ラストタイクーン,Pilot Bird,カンパラ,Severn Bridge,ノーザンテースト,シャダイフェザー,Halo,Wishing Well,トニービン,アンティックヴァリュー,Northern Dancer,Lady Victoria,テューダーペリオッド,ゴールデンドラゴン
2023105239,トーセンラー,シャンデリアスピン,ディープインパクト,プリンセスオリビア,ノヴェリスト,ダンスインザムード,サンデーサイレンス,ウインドインハーヘア,Lycius,Dance Image,Monsun,Night Lagoon,サンデーサイレンス,ダンシングキイ,Halo,Wishing Well,Alzao,Burghclere,Mr. Prospector,Lypatia,Sadler's Wells,Diamond Spring,Konigsstuhl,Mosella,Lagunas,Nenuphar,Halo,Wishing Well,Nijinsky,Key Partner,Hail to Reason,Cosmah,Understanding,Mountain Flower,Lyphard,Lady Rebecca,Busted,Highclere,Raise a Native,Gold Digger,Lyphard,Hypatia,Northern Dancer,Fairy Bridge,Vaguely Noble,Dumfries,Dschingis Khan,Konigskronung,Surumu,Monasia,イルドブルボン,Liranga,Night Shift,Narola,Hail to Reason,Cosmah,Understanding,Mountain Flower,Northern Dancer,Flaming Page,Key to the Mint,Native Partner
2023104523,モーリス,ナスカザン,スクリーンヒーロー,メジロフランシス,ダイワメジャー,ルーズブルーマーズ,グラスワンダー,ランニングヒロイン,カーネギー,メジロモントレー,サンデーサイレンス,スカーレットブーケ,Deputy Minister,Late Bloomer,Silver Hawk,Ameriflora,サンデーサイレンス,ダイナアクトレス,Sadler's Wells,Detroit,モガミ,メジロクインシー,Halo,Wishing Well,ノーザンテースト,スカーレットインク,Vice Regent,Mint Copy,Stage Door Johnny,Dunce Cap,Roberto,Gris Vitesse,Danzig,Graceful Touch,Halo,Wishing Well,ノーザンテースト,モデルスポート,Northern Dancer,Fairy Bridge,Riverman,Derna,Lyphard,ノーラック,フィディオン,メジロボサツ,Hail to Reason,Cosmah,Understanding,Mountain Flower,Northern Dancer,Lady Victoria,Crimson Satan,Consentida,Northern Dancer,Victoria Regina,Bunty's Flight,Shakney,Prince John,Peroxide Blonde,Tom Fool,Bright Coronet
2023105141,シルバーステート,ハイノリッジ,ディープインパクト,シルヴァースカヤ,マンハッタンカフェ,ゴールドグレース,サンデーサイレンス,ウインドインハーヘア,Silver Hawk,Boubskaia,サンデーサイレンス,サトルチェンジ,エリシオ,グレースウーマン,Halo,Wishing Well,Alzao,Burghclere,Roberto,Gris Vitesse,Niniski,Frenetique,Halo,Wishing Well,Law Society,Santa Luciana,Fairy King,Helice,マルゼンスキー,ランズプロント,Hail to Reason,Cosmah,Understanding,Mountain Flower,Lyphard,Lady Rebecca,Busted,Highclere,Hail to Reason,Bramalea,Amerigo,Matchiche,Nijinsky,Virginia Hills,Tyrant,Femina,Hail to Reason,Cosmah,Understanding,Mountain Flower,Alleged,Bold Bikini,Luciano,Suleika,Northern Dancer,Fairy Bridge,Slewpy,Hirondelle,Nijinsky,シル,プロント,トサモアー
2023106484,ベンバトル,リープフラウミルヒ,Dubawi,Nahrain,ステイゴールド,ピノブラン,Dubai Millennium,Zomaradah,Selkirk,Bahr,サンデーサイレンス,ゴールデンサッシュ,クロフネ,フェートデュヴァン,Seeking the Gold,Colorado Dancer,Deploy,Jawaher,Sharpen Up,Annie Edge,ジェネラス,Lady of the Sea,Halo,Wishing Well,ディクタス,ダイナサッシュ,フレンチデピュティ,ブルーアヴェニュー,メジロマックイーン,マーサズヴィンヤード,Mr. Prospector,Con Game,Shareef Dancer,Fall Aspen,Shirley Heights,Slightly Dangerous,ダンシングブレーヴ,High Tern,エタン,Rocchetta,Nebbiolo,Friendly Court,Caerleon,Doff the Derby,Mill Reef,La Mer,Hail to Reason,Cosmah,Understanding,Mountain Flower,Sanctus,Doronic,ノーザンテースト,ロイヤルサッシュ,Deputy Minister,Mitterand,Classic Go Go,Eliza Blue,メジロティターン,メジロオーロラ,Nijinsky,Crooning Water
2022105601,サートゥルナーリア,ホーリーウーマン,ロードカナロア,シーザリオ,Tawqeet,Holly Filly,キングカメハメハ,レディブラッサム,スペシャルウィーク,キロフプリミエール,Kingmambo,カーレス,Lode,Holly Mosses,Kingmambo,マンファス,Storm Cat,サラトガデュー,サンデーサイレンス,キャンペンガール,Sadler's Wells,Querida,Mr. Prospector,Miesque,Caerleon,Barger,Mr. Prospector,Grand Luxe,Fain,Holly Night,Mr. Prospector,Miesque,ラストタイクーン,Pilot Bird,Storm Bird,Terlingua,Cormorant,Super Luna,Halo,Wishing Well,マルゼンスキー,レディーシラオキ,Northern Dancer,Fairy Bridge,Habitat,Principia,Raise a Native,Gold Digger,Nureyev,Pasadoble,Nijinsky,Foreseer,Riverman,Trillion,Raise a Native,Gold Digger,Sir Ivor,Fanfreluche,Dancing Moss,Fallow's Sister,Keats,Great Peace
2021103145,レッドファルクス,マレーナ,スウェプトオーヴァーボード,ベルモット,ダイワメジャー,ウィストラム,エンドスウィープ,Sheer Ice,サンデーサイレンス,レガシーオブストレングス,サンデーサイレンス,スカーレットブーケ,フレンチデピュティ,リュドゥパーム,フォーティナイナー,Broom Dance,Cutlass,Hey Dolly A.,Halo,Wishing Well,Affirmed,Katonka,Halo,Wishing Well,ノーザンテースト,スカーレットインク,Deputy Minister,Mitterand,Icecapade,Am Reasonable,Mr. Prospector,File,Dance Spell,Witching Hour,Damascus,Aphonia,Ambehaving,Swift Deal,Hail to Reason,Cosmah,Understanding,Mountain Flower,Exclusive Native,Won't Tell You,Minnesota Mac,Minnetonka,Hail to Reason,Cosmah,Understanding,Mountain Flower,Northern Dancer,Lady Victoria,Crimson Satan,Consentida,Vice Regent,Mint Copy,Hold Your Peace,Laredo Lass,Nearctic,Shenanigans,Turn to Reason,Ampart
2021105486,リアルスティール,キラモサ,ディープインパクト,ラヴズオンリーミー,Alamosa,Freyja,サンデーサイレンス,ウインドインハーヘア,Storm Cat,Monevassia,O'Reilly,Lodore Mystic,Danske,Olga's Pal,Halo,Wishing Well,Alzao,Burghclere,Storm Bird,Terlingua,Mr. Prospector,Miesque,ラストタイクーン,Courtza,Centaine,Logical Miss,デインヒル,Our Tristalight,Straight Strike,Tinawin,Hail to Reason,Cosmah,Understanding,Mountain Flower,Lyphard,Lady Rebecca,Busted,Highclere,Northern Dancer,South Ocean,Secretariat,Crimson Saint,Raise a Native,Gold Digger,Nureyev,Pasadoble,トライマイベスト,Mill Princess,Pompeii Court,Hunza,Century,Rainbeam,Sound Reason,Ciquita,Danzig,Razyana,Sir Tristram,Tudor Light,Mr. Prospector,Bend Not,Resurgent,Honeybunch
2021105871,リアルインパクト,ルミナスパレード,ディープインパクト,トキオリアリティー,シンボリクリスエス,ルミナスポイント,サンデーサイレンス,ウインドインハーヘア,Meadowlake,What a Reality,Kris S.,Tee Kay,アグネスタキオン,ソニンク,Halo,Wishing Well,Alzao,Burghclere,Hold Your Peace,Suspicious Native,In Reality,What Will Be,Roberto,Sharp Queen,Gold Meridian,Tri Argo,サンデーサイレンス,アグネスフローラ,Machiavellian,Sonic Lady,Hail to Reason,Cosmah,Understanding,Mountain Flower,Lyphard,Lady Rebecca,Busted,Highclere,Speak John,Blue Moon,Raise a Native,Be Suspicious,Intentionally,My Dear Girl,Crozier,Solabar,Hail to Reason,Bramalea,Princequillo,Bridgework,Seattle Slew,Queen Louie,Tri Jet,Hail Proudly,Halo,Wishing Well,ロイヤルスキー,アグネスレディー,Mr. Prospector,Coup de Folie,Nureyev,Stumped
2022102988,スワーヴリチャード,ドメニカ,ハーツクライ,ピラミマ,Redattore,Jolie Celina,サンデーサイレンス,アイリッシュダンス,Unbridled's Song,キャリアコレクション,Roi Normand,Political Intrigue,Trempolino,China Empress,Halo,Wishing Well,トニービン,ビューパーダンス,Unbridled,Trolley Song,General Meeting,River of Stars,Exclusive Native,Luth de Saron,Deputy Minister,Fascinating Trick,Sharpen Up,Trephine,Wavering Monarch,Autumn Rythym,Hail to Reason,Cosmah,Understanding,Mountain Flower,カンパラ,Severn Bridge,Lyphard,My Bupers,Fappiano,Gana Facil,Caro,Lucky Spell,Seattle Slew,Alydar's Promise,Riverman,Star Fortune,Raise a Native,Exclusive,Luthier,Rose de Saron,Vice Regent,Mint Copy,Buckpasser,Intriguing,エタン,Rocchetta,ヴァイスリーガル,Quiriquina,Majestic Light,Uncommitted,Slew o' Gold,Herecomesthebride
2022102064,キズナ,ファータグリーン,ディープインパクト,キャットクイル,タニノギムレット,レディーダービー,サンデーサイレンス,ウインドインハーヘア,Storm Cat,Pacific Princess,ブライアンズタイム,タニノクリスタル,スペシャルウィーク,ウメノファイバー,Halo,Wishing Well,Alzao,Burghclere,Storm Bird,Terlingua,Damascus,Fiji,Roberto,Kelley's Day,クリスタルパレス,タニノシーバード,サンデーサイレンス,キャンペンガール,サクラユタカオー,ウメノローザ,Hail to Reason,Cosmah,Understanding,Mountain Flower,Lyphard,Lady Rebecca,Busted,Highclere,Northern Dancer,South Ocean,Secretariat,Crimson Saint,Sword Dancer,Kerala,Acropolis,Rififi,Hail to Reason,Bramalea,Graustark,Golden Trail,Caro,Hermieres,Sea-Bird,Flaxen,Halo,Wishing Well,マルゼンスキー,レディーシラオキ,テスコボーイ,アンジェリカ,ノーザンディクテイター,ウメノシルバー
2022105047,スワーヴリチャード,ボシンシェ,ハーツクライ,ピラミマ,Kingmambo,Hatoof,サンデーサイレンス,アイリッシュダンス,Unbridled's Song,キャリアコレクション,Mr. Prospector,Miesque,Irish River,Cadeaux d'Amie,Halo,Wishing Well,トニービン,ビューパーダンス,Unbridled,Trolley Song,General Meeting,River of Stars,Raise a Native,Gold Digger,Nureyev,Pasadoble,Riverman,Irish Star,Lyphard,Tananarive,Hail to Reason,Cosmah,Understanding,Mountain Flower,カンパラ,Severn Bridge,Lyphard,My Bupers,Fappiano,Gana Facil,Caro,Lucky Spell,Seattle Slew,Alydar's Promise,Riverman,Star Fortune,Native Dancer,Raise You,Nashua,Sequence,Northern Dancer,Special,Prove Out,Santa Quilla,Never Bend,River Lady,Klairon,Botany Bay,Northern Dancer,Goofed,Le Fabuleux,Ten Double
2022103394,ミッキーグローリー,オヒナサマ,ディープインパクト,メリッサ,カジノドライヴ,バンデリータ,サンデーサイレンス,ウインドインハーヘア,ホワイトマズル,ストーミーラン,Mineshaft,Better Than Honour,メイショウオウドウ,リトルバンデーラ,Halo,Wishing Well,Alzao,Burghclere,ダンシングブレーヴ,Fair of the Furze,トニービン,ウインドオブサマー,A.P. Indy,Prospector's Delite,Deputy Minister,Blush With Pride,サンデーサイレンス,アルタデナ,ダイゼンキング,ラバンデーラ,Hail to Reason,Cosmah,Understanding,Mountain Flower,Lyphard,Lady Rebecca,Busted,Highclere,Lyphard,Navajo Princess,Ela-Mana-Mou,Autocratic,カンパラ,Severn Bridge,ノーザリー,アイレバース,Seattle Slew,Weekend Surprise,Mr. Prospector,Up the Flagpole,Vice Regent,Mint Copy,Blushing Groom,Best in Show,Halo,Wishing Well,Lyphard,Lacovia,トウショウボーイ,ブライヤア,Morston,Patois
2022106950,レッドベルジュール,リヴィアローズ,ディープインパクト,レッドファンタジア,Galileo,Kiftsgate Rose,サンデーサイレンス,ウインドインハーヘア,Unbridled's Song,Cat Chat,Sadler's Wells,Urban Sea,Nashwan,Kapuchka,Halo,Wishing Well,Alzao,Burghclere,Unbridled,Trolley Song,Storm Cat,Phone Chatter,Northern Dancer,Fairy Bridge,Miswaki,Allegretta,Blushing Groom,Height of Fashion,ソヴィエトスター,Proskona,Hail to Reason,Cosmah,Understanding,Mountain Flower,Lyphard,Lady Rebecca,Busted,Highclere,Fappiano,Gana Facil,Caro,Lucky Spell,Storm Bird,Terlingua,Phone Trick,Passing My Way,Nearctic,Natalma,Bold Reason,Special,Mr. Prospector,Hopespringseternal,Lombard,Anatevka,Red God,Runaway Bride,Bustino,Highclere,Nureyev,Veruschka,Mr. Prospector,Konafa
2022101517,グレーターロンドン,クリスマスローズ,ディープインパクト,ロンドンブリッジ,アグネスデジタル,ミスイロンデル,サンデーサイレンス,ウインドインハーヘア,ドクターデヴィアス,オールフォーロンドン,Crafty Prospector,Chancey Squaw,コマンダーインチーフ,ミスシャグラ,Halo,Wishing Well,Alzao,Burghclere,Ahonoora,Rose of Jericho,Danzig,Full Card,Mr. Prospector,Real Crafty Lady,Chief's Crown,Allicance,ダンシングブレーヴ,Slightly Dangerous,Danzig,Dusty Dollar,Hail to Reason,Cosmah,Understanding,Mountain Flower,Lyphard,Lady Rebecca,Busted,Highclere,Lorenzaccio,Helen Nichols,Alleged,Rose Red,Northern Dancer,Pas de Nom,Damascus,Belle of the Ball,Raise a Native,Gold Digger,In Reality,Princess Roycraft,Danzig,Six Crowns,Alleged,Runaway Bride,Lyphard,Navajo Princess,Roberto,Where You Lead,Northern Dancer,Pas de Nom,Kris,Sauceboat
2022104898,ブリックスアンドモルタル,チェッキーノ,Giant's Causeway,Beyond the Waves,キングカメハメハ,ハッピーパス,Storm Cat,Mariah's Storm,Ocean Crest,Excedent,Kingmambo,マンファス,サンデーサイレンス,ハッピートレイルズ,Storm Bird,Terlingua,Rahy,イメンス,Storm Bird,S.S.Aroma,Exceller,Broadway Lullaby,Mr. Prospector,Miesque,ラストタイクーン,Pilot Bird,Halo,Wishing Well,ポツセ,ロイコン,Northern Dancer,South Ocean,Secretariat,Crimson Saint,Blushing Groom,Glorious Song,Roberto,Imsodear,Northern Dancer,South Ocean,Seattle Slew,Rare Bouquet,Vaguely Noble,Too Bald,Stage Door Johnny,リットルブレツシング,Raise a Native,Gold Digger,Nureyev,Pasadoble,トライマイベスト,Mill Princess,Blakeney,The Dancer,Hail to Reason,Cosmah,Understanding,Mountain Flower,Forli,In Hot Pursuit,High Top,Madelon
2022105131,リアルスティール,リップスポイズン,ディープインパクト,ラヴズオンリーミー,Mamool,Lips Plane,サンデーサイレンス,ウインドインハーヘア,Storm Cat,Monevassia,In the Wings In The Wings,Genovefa,Ashkalani,Royal House,Halo,Wishing Well,Alzao,Burghclere,Storm Bird,Terlingua,Mr. Prospector,Miesque,Sadler's Wells,High Hawk,Woodman,Reigning Countess,ソヴィエトスター,Ashtarka,ロイヤルアカデミー,Reine Caroline,Hail to Reason,Cosmah,Understanding,Mountain Flower,Lyphard,Lady Rebecca,Busted,Highclere,Northern Dancer,South Ocean,Secretariat,Crimson Saint,Raise a Native,Gold Digger,Nureyev,Pasadoble,Northern Dancer,Fairy Bridge,Shirley Heights,Sunbittern,Mr. Prospector,プレイメイト,Far North,Countess Fager,Nureyev,Veruschka,Dalsaan,Asharaz,Nijinsky,Crimson Saint,Pharly,Royal Model
2021106118,イスラボニータ,シークレットベース,フジキセキ,イスラコジーン,テレグノシス,アペイロン,サンデーサイレンス,ミルレーサー,Cozzene,Isla Mujeres,トニービン,メイクアウイッシュ,エルコンドルパサー,カリーノ,Halo,Wishing Well,Le Fabuleux,Marston's Mill,Caro,Ride the Trails,Crafty Prospector,Lido Isle,カンパラ,Severn Bridge,ノーザンテースト,メツシーナ,Kingmambo,サドラーズギャル,サンデーサイレンス,ダンスロマンス,Hail to Reason,Cosmah,Understanding,Mountain Flower,Wild Risk,Anguar,In Reality,Millicent,フォルティノ,Chambord,Prince John,Wildwook,Mr. Prospector,Real Crafty Lady,Far North,She Is Gorgeous,Kalamoun,State Pension,Hornbeam,Priddy Fair,Northern Dancer,Lady Victoria,Secretariat,Aphonia,Mr. Prospector,Miesque,Sadler's Wells,Glenveagh,Halo,Wishing Well,Northern Dancer,Blue Tepee
2022104533,ディープブリランテ,オフェーリアシチー,ディープインパクト,ラヴアンドバブルズ,アドマイヤコジーン,ツーソックス,サンデーサイレンス,ウインドインハーヘア,Loup Sauvage,バブルドリーム,Cozzene,アドマイヤマカディ,ファルブラヴ,ダンジグウィズウルヴス,Halo,Wishing Well,Alzao,Burghclere,Riverman,Louveterie,Akarad,バブルプロスペクター,Caro,Ride the Trails,ノーザンテースト,ミセスマカディー,Fairy King,Gift of the Night,Danzig,Strategic Maneuver,Hail to Reason,Cosmah,Understanding,Mountain Flower,Lyphard,Lady Rebecca,Busted,Highclere,Never Bend,River Lady,Nureyev,Lupe,Labus,Licata,Miswaki,バブルカンパニー,フォルティノ,Chambord,Prince John,Wildwook,Northern Dancer,Lady Victoria,トライバルチーフ,Hanina,Northern Dancer,Fairy Bridge,Slewpy,Little Nana,Northern Dancer,Pas de Nom,Cryptoclearance,プレイヤーホイール
2022102338,キズナ,マイダイアリー,ディープインパクト,キャットクイル,Frankel,Diary,サンデーサイレンス,ウインドインハーヘア,Storm Cat,Pacific Princess,Galileo,Kind,Green Desert,ダレリー,Halo,Wishing Well,Alzao,Burghclere,Storm Bird,Terlingua,Damascus,Fiji,Sadler's Wells,Urban Sea,デインヒル,Rainbow Lake,Danzig,Foreign Courier,Darshaan,Flamenco,Hail to Reason,Cosmah,Understanding,Mountain Flower,Lyphard,Lady Rebecca,Busted,Highclere,Northern Dancer,South Ocean,Secretariat,Crimson Saint,Sword Dancer,Kerala,Acropolis,Rififi,Northern Dancer,Fairy Bridge,Miswaki,Allegretta,Danzig,Razyana,Rainbow Quest,Rockfest,Northern Dancer,Pas de Nom,Sir Ivor,Courtly Dee,Shirley Heights,Delsy,Dance Spell,Santiago Sweetie
2022104953,モーリス,バンゴール,スクリーンヒーロー,メジロフランシス,キングカメハメハ,ローザブランカ,グラスワンダー,ランニングヒロイン,カーネギー,メジロモントレー,Kingmambo,マンファス,クロフネ,ローズバド,Silver Hawk,Ameriflora,サンデーサイレンス,ダイナアクトレス,Sadler's Wells,Detroit,モガミ,メジロクインシー,Mr. Prospector,Miesque,ラストタイクーン,Pilot Bird,フレンチデピュティ,ブルーアヴェニュー,サンデーサイレンス,ロゼカラー,Roberto,Gris Vitesse,Danzig,Graceful Touch,Halo,Wishing Well,ノーザンテースト,モデルスポート,Northern Dancer,Fairy Bridge,Riverman,Derna,Lyphard,ノーラック,フィディオン,メジロボサツ,Raise a Native,Gold Digger,Nureyev,Pasadoble,トライマイベスト,Mill Princess,Blakeney,The Dancer,Deputy Minister,Mitterand,Classic Go Go,Eliza Blue,Halo,Wishing Well,Shirley Heights,ローザネイ
2023100803,ナダル,ブロッサムレーン,Blame,Ascending Angel,New Approach,Monturani,Arch,Liable,Pulpit,Solar Colony,Galileo,Park Express,Indian Ridge,Mezzogiorno,Kris S.,Aurora,Seeking the Gold,Bound,A.P. Indy,Preach,Pleasant Colony,Meteor Stage,Sadler's Wells,Urban Sea,Ahonoora,Matcher,Ahonoora,Hillbrow,Unfuwain,Aigue,Roberto,Sharp Queen,Danzig,Althea,Mr. Prospector,Con Game,Nijinsky,Special,Seattle Slew,Weekend Surprise,Mr. Prospector,Narrate,His Majesty,Sun Colony,Stage Door Johnny,Northern Meteor,Northern Dancer,Fairy Bridge,Miswaki,Allegretta,Lorenzaccio,Helen Nichols,Match,Lachine,Lorenzaccio,Helen Nichols,Swing Easy,Golden City,Northern Dancer,Height of Fashion,High Top,Cecilia Bianchi
2023104545,ディーマジェスティ,シュンラン,ディープインパクト,エルメスティアラ,アルデバラン,ハナガスミ,サンデーサイレンス,ウインドインハーヘア,ブライアンズタイム,シンコウエルメス,Mr. Prospector,Chimes of Freedom,クロコルージュ,ミラーズタイム,Halo,Wishing Well,Alzao,Burghclere,Roberto,Kelley's Day,Sadler's Wells,Doff the Derby,Raise a Native,Gold Digger,Private Account,Aviance,Rainbow Quest,Alligatrix,ブライアンズタイム,ミラーズラス,Hail to Reason,Cosmah,Understanding,Mountain Flower,Lyphard,Lady Rebecca,Busted,Highclere,Hail to Reason,Bramalea,Graustark,Golden Trail,Northern Dancer,Fairy Bridge,Master Derby,Margarethen,Native Dancer,Raise You,Nashua,Sequence,Damascus,Numbered Account,Northfields,Minnie Hauk,Blushing Groom,I Will Follow,Alleged,Shore,Roberto,Kelley's Day,Mill Reef,Prudent Girl
2023101323,シニスターミニスター,モリトシラギク,Old Trieste,Sweet Minister,クロフネ,アズマサンダース,A.P. Indy,Lovlier Linda,The Prime Minister,Sweet Blue,フレンチデピュティ,ブルーアヴェニュー,サンデーサイレンス,オースミシャイン,Seattle Slew,Weekend Surprise,Vigors,Linda Summers,Deputy Minister,Stick to Beauty,Hurry Up Blue,Sugar Gold,Deputy Minister,Mitterand,Classic Go Go,Eliza Blue,Halo,Wishing Well,シンボリルドルフ,コランデアガール,Bold Reasoning,My Charmer,Secretariat,Lassie Dear,Grey Dawn,Relifordie,Crozier,Queenly Gift,Vice Regent,Mint Copy,Illustrious,Hail to Beauty,Mr. Leader,Blue Baroness,Mr. Prospector,Miss Ironside,Vice Regent,Mint Copy,Hold Your Peace,Laredo Lass,Pago Pago,Classic Perfection,Icecapade,コレラ,Hail to Reason,Cosmah,Understanding,Mountain Flower,パーソロン,スイートルナ,ネヴァービート,ヤヨイカマダ
2023100359,ミスチヴィアスアレックス,パワフルノンコ,Into Mischief,White Pants Night,ワークフォース,ノンコ,Harlan's Holiday,Leslie's Lady,Speightstown,More d'Amour,キングズベスト,Soviet Moon,アグネスタキオン,レディータイクーン,Harlan,Christmas in Aiken,Tricky Creek,Crystal Lady,Gone West,Silken Cat,Tour d'Or,Love Connection,Kingmambo,Allegretta,Sadler's Wells,Eva Luna,サンデーサイレンス,アグネスフローラ,クリミナルタイプ,ビューパーダンス,Storm Cat,Country Romance,Affirmed,Dowager,Clever Trick,Battle Creek Girl,Stop the Music,One Last Bird,Mr. Prospector,Secrettame,Storm Cat,Silken Doll,Medaille d'Or,Debby's Turn,Master Derby,Perfect Connection,Mr. Prospector,Miesque,Lombard,Anatevka,Northern Dancer,Fairy Bridge,Alleged,Media Luna,Halo,Wishing Well,ロイヤルスキー,アグネスレディー,Alydar,Klepto,Lyphard,My Bupers
2023106331,ミスチヴィアスアレックス,ドリームデュネット,Into Mischief,White Pants Night,ディープインパクト,ドリームカムカム,Harlan's Holiday,Leslie's Lady,Speightstown,More d'Amour,サンデーサイレンス,ウインドインハーヘア,メジロライアン,ドリーミングガール,Harlan,Christmas in Aiken,Tricky Creek,Crystal Lady,Gone West,Silken Cat,Tour d'Or,Love Connection,Halo,Wishing Well,Alzao,Burghclere,アンバーシャダイ,メジロチェイサー,Lomond,デユネット,Storm Cat,Country Romance,Affirmed,Dowager,Clever Trick,Battle Creek Girl,Stop the Music,One Last Bird,Mr. Prospector,Secrettame,Storm Cat,Silken Doll,Medaille d'Or,Debby's Turn,Master Derby,Perfect Connection,Hail to Reason,Cosmah,Understanding,Mountain Flower,Lyphard,Lady Rebecca,Busted,Highclere,ノーザンテースト,クリアアンバー,メジロサンマン,シエリル,Northern Dancer,My Charmer,ハードツービート,Pram
2023106272,ドレフォン,ニシノウララ,Gio Ponti,Eltimaas,リーチザクラウン,パラディナ,Tale of the Cat,Chipeta Springs,Ghostzapper,Najecam,スペシャルウィーク,クラウンピース,Rahy,Khumba Mela,Storm Cat,Yarn,Alydar,Salt Spring,Awesome Again,Baby Zip,Trempolino,Sue Warner,サンデーサイレンス,キャンペンガール,Seattle Slew,クラシッククラウン,Blushing Groom,Glorious Song,Hero's Honor,Luth de Crystal,Storm Bird,Terlingua,Mr. Prospector,Narrate,Raise a Native,Sweet Tooth,Salt Marsh,Jungle Mythologic,Deputy Minister,Primal Force,Relaunch,Thirty Zip,Sharpen Up,Trephine,Forli,Bitty Girl,Halo,Wishing Well,マルゼンスキー,レディーシラオキ,Bold Reasoning,My Charmer,Mr. Prospector,Six Crowns,Red God,Runaway Bride,Halo,Ballade,Northern Dancer,Glowing Tribute,クリスタルグリッターズ,Luth Enchantee
2023106407,ダノンバラード,マイネフェリックス,ディープインパクト,レディバラード,アグネスデジタル,マイネカレッシュ,サンデーサイレンス,ウインドインハーヘア,Unbridled,Angelic Song,Crafty Prospector,Chancey Squaw,スペシャルウィーク,ノーザンドライバー,Halo,Wishing Well,Alzao,Burghclere,Fappiano,Gana Facil,Halo,Ballade,Mr. Prospector,Real Crafty Lady,Chief's Crown,Allicance,サンデーサイレンス,キャンペンガール,ノーザンテースト,ダイナドライブ,Hail to Reason,Cosmah,Understanding,Mountain Flower,Lyphard,Lady Rebecca,Busted,Highclere,Mr. Prospector,Killaloe,Le Fabuleux,Charedi,Hail to Reason,Cosmah,Herbager,Miss Swapsco,Raise a Native,Gold Digger,In Reality,Princess Roycraft,Danzig,Six Crowns,Alleged,Runaway Bride,Halo,Wishing Well,マルゼンスキー,レディーシラオキ,Northern Dancer,Lady Victoria,ハンターコム,ロードマップ
2023106601,ホッコータルマエ,ファンファーレ,キングカメハメハ,マダムチェロキー,フレンチデピュティ,エリモフィナーレ,Kingmambo,マンファス,Cherokee Run,アンフォイルド,Deputy Minister,Mitterand,サンデーサイレンス,エリモアメジスト,Mr. Prospector,Miesque,ラストタイクーン,Pilot Bird,Runaway Groom,Cherokee Dame,Unbridled,Bold Foil,Vice Regent,Mint Copy,Hold Your Peace,Laredo Lass,Halo,Wishing Well,Seattle Slew,ステラーオデッセイ,Raise a Native,Gold Digger,Nureyev,Pasadoble,トライマイベスト,Mill Princess,Blakeney,The Dancer,Blushing Groom,Yonnie Girl,Silver Saber,Dame Francesca,Fappiano,Gana Facil,Bold Forbes,Perfect Foil,Northern Dancer,Victoria Regina,Bunty's Flight,Shakney,Speak John,Blue Moon,Bold Ruler,Fortunate Isle,Hail to Reason,Cosmah,Understanding,Mountain Flower,Bold Reasoning,My Charmer,Northern Dancer,Queen Sucree
2023102774,シニスターミニスター,ミヤビフィオーラ,Old Trieste,Sweet Minister,マンハッタンカフェ,ミヤビグレイス,A.P. Indy,Lovlier Linda,The Prime Minister,Sweet Blue,サンデーサイレンス,サトルチェンジ,キングカメハメハ,システィーナ,Seattle Slew,Weekend Surprise,Vigors,Linda Summers,Deputy Minister,Stick to Beauty,Hurry Up Blue,Sugar Gold,Halo,Wishing Well,Law Society,Santa Luciana,Kingmambo,マンファス,サクラユタカオー,ダイナコマネチ,Bold Reasoning,My Charmer,Secretariat,Lassie Dear,Grey Dawn II,Relifordie,Crozier,Queenly Gift,Vice Regent,Mint Copy,Illustrious,Hail to Beauty,Mr. Leader,Blue Baroness,Mr. Prospector,Miss Ironside,Hail to Reason,Cosmah,Understanding,Mountain Flower,Alleged,Bold Bikini,Luciano,Suleika,Mr. Prospector,Miesque,ラストタイクーン,Pilot Bird,テスコボーイ,アンジェリカ,ノーザンテースト,シャダイリーズン
2023100517,キンシャサノキセキ,オートキュイジーヌ,フジキセキ,ケルトシャーン,フレンチデピュティ,メヤディーニ,サンデーサイレンス,ミルレーサー,Pleasant Colony,Featherhill,Deputy Minister,Mitterand,Mr. Prospector,Niodini,Halo,Wishing Well,Le Fabuleux,Marston's Mill,His Majesty,Sun Colony,Lyphard,Lady Berry,Vice Regent,Mint Copy,Hold Your Peace,Laredo Lass,Raise a Native,Gold Digger,Nijinsky,Home Thoughts,Hail to Reason,Cosmah,Understanding,Mountain Flower,Wild Risk,Anguar,In Reality,Millicent,Ribot,Flower Bowl,Sunrise Flight,Colonia,Northern Dancer,Goofed,Violon d'Ingres,Moss Rose,Northern Dancer,Victoria Regina,Bunty's Flight,Shakney,Speak John,Blue Moon,Bold Ruler,Fortunate Isle,Native Dancer,Raise You,Nashua,Sequence,Northern Dancer,Flaming Page,Tom Rolfe,Idle Thoughts
2023103221,ダノンキングリー,プレシャスゴールド,ディープインパクト,マイグッドネス,Speightstown,プレシャライジング,サンデーサイレンス,ウインドインハーヘア,Storm Cat,Caressing,Gone West,Silken Cat,Henrythenavigator,Vertigineux,Halo,Wishing Well,Alzao,Burghclere,Storm Bird,Terlingua,Honour and Glory,Lovin Touch,Mr. Prospector,Secrettame,Storm Cat,Silken Doll,Kingmambo,Sequoyah,Kris S.,For the Flag,Hail to Reason,Cosmah,Understanding,Mountain Flower,Lyphard,Lady Rebecca,Busted,Highclere,Northern Dancer,South Ocean,Secretariat,Crimson Saint,Relaunch,Fair to All,Majestic Prince,Forest Princess,Raise a Native,Gold Digger,Secretariat,Tamerett,Storm Bird,Terlingua,Chieftain,Insilca,Mr. Prospector,Miesque,Sadler's Wells,Brigid,Roberto,Sharp Queen,Forli,In the Offing
2023107455,タリスマニック,ミスアバンセ,Medaglia d'Oro,Magic Mission,パイロ,ブリッツケーニギン,El Prado,Cappucino Bay,Machiavellian,Dream Ticket,Pulpit,Wild Vision,タバスコキャット,シー,Sadler's Wells,Lady Capulet,Bailjumper,Dubbed In,Mr. Prospector,Coup de Folie,Danzig,Capo Di Monte,A.P. Indy,Preach,Wild Again,Carol's Wonder,Storm Cat,Barbicue Sauce,Damascus,Foreseer,Northern Dancer,Fairy Bridge,Sir Ivor,Cap and Bells,Damascus,Court Circuit,Silent Screen,Society Singer,Raise a Native,Gold Digger,Halo,Raise the Standard,Northern Dancer,Pas de Nom,Final Straw,Burghclere,Seattle Slew,Weekend Surprise,Mr. Prospector,Narrate,Icecapade,Bushel-n-Peck,Pass the Tab,Carols Christmas,Storm Bird,Terlingua,Sauce Boat,Lady Barbizon,Sword Dancer,Kerala,Round Table,Regal Gleam
2023100667,フィエールマン,アバンダント,ディープインパクト,リュヌドール,ハービンジャー,ワイルドラズベリー,サンデーサイレンス,ウインドインハーヘア,Green Tune,Luth d'Or,Dansili,Penang Pearl,ファルブラヴ,ディアアドマイヤ,Halo,Wishing Well,Alzao,Burghclere,Green Dancer,Soundings,Noir Et Or,Viole d'Amour,デインヒル,Hasili,Bering,Guapa,Fairy King,Gift of the Night,サンデーサイレンス,マリスター,Hail to Reason,Cosmah,Understanding,Mountain Flower,Lyphard,Lady Rebecca,Busted,Highclere,Nijinsky,Green Valley,Mr. Prospector,Ocean's Answer,ラインゴールド,Pomme Rose,Luthier,Mandolinette,Danzig,Razyana,Kahyasi,Kerali,Arctic Tern,Beaune,Shareef Dancer,Sauceboat,Northern Dancer,Fairy Bridge,Slewpy,Little Nana,Halo,Wishing Well,Baldski,Pink Dove
2023106340,コパノリッキー,シルバージェニー,ゴールドアリュール,コパノニキータ,Lantana Mob,Jennierees,サンデーサイレンス,ニキーヤ,ティンバーカントリー,ニホンピロローズ,Posse,Lantana,Gold Case,Native Hanna,Halo,Wishing Well,Nureyev,Reluctant Guest,Woodman,Fall Aspen,トニービン,ウェディングブーケ,Silver Deputy,Raska,Copelan,Sea Art,フォーティナイナー,Silent Account,Our Native,Hard Hearted Hanna,Hail to Reason,Cosmah,Understanding,Mountain Flower,Northern Dancer,Special,Hostage,Vaguely Royal,Mr. Prospector,プレイメイト,Pretense,Change Water,カンパラ,Severn Bridge,リアルシャダイ,アリーウイン,Deputy Minister,Silver Valley,Rahy,Borishka,Tri Jet,Susan's Girl,Journey At Sea,School of Art,Mr. Prospector,File,Private Account,Ciao,Exclusive Native,Our Jackie,ダンサーズイメージ,Masque Bleu
2023106654,マクフィ,ルタンメルヴェイユ,Dubawi,Dhelaal,ゴールドアリュール,ドリームモーメント,Dubai Millennium,Zomaradah,Green Desert,Irish Valley,サンデーサイレンス,ニキーヤ,Machiavellian,Dream Ticket,Seeking the Gold,Colorado Dancer,Deploy,Jawaher,Danzig,Foreign Courier,Irish River,Green Valley,Halo,Wishing Well,Nureyev,Reluctant Guest,Mr. Prospector,Coup de Folie,Danzig,Capo Di Monte,Mr. Prospector,Con Game,Shareef Dancer,Fall Aspen,Shirley Heights,Slightly Dangerous,ダンシングブレーヴ,High Tern,Northern Dancer,Pas de Nom,Sir Ivor,Courtly Dee,Riverman,Irish Star,Val de Loir,Sly Pola,Hail to Reason,Cosmah,Understanding,Mountain Flower,Northern Dancer,Special,Hostage,Vaguely Royal,Raise a Native,Gold Digger,Halo,Raise the Standard,Northern Dancer,Pas de Nom,Final Straw,Burghclere
2023106177,サトノアラジン,ミシシッピコースト,ディープインパクト,マジックストーム,Super Saver,Rumors Are Flying,サンデーサイレンス,ウインドインハーヘア,Storm Cat,Foppy Dancer,Maria's Mon,Supercharger,Kris S.,Missed the Wedding,Halo,Wishing Well,Alzao,Burghclere,Storm Bird,Terlingua,Fappiano,Water Dance,Wavering Monarch,Carlotta Maria,A.P. Indy,Get Lucky,Roberto,Sharp Queen,Blushing Groom,Miss Carmie,Hail to Reason,Cosmah,Understanding,Mountain Flower,Lyphard,Lady Rebecca,Busted,Highclere,Northern Dancer,South Ocean,Secretariat,Crimson Saint,Mr. Prospector,Killaloe,Nijinsky,Luiana,Majestic Light,Uncommitted,Caro,Water Malone,Seattle Slew,Weekend Surprise,Mr. Prospector,Dance Number,Hail to Reason,Bramalea,Princequillo,Bridgework,Red God,Runaway Bride,T.V. Lark,Twice Over
2023106595,ダノンバラード,チェリッシュユー,ディープインパクト,レディバラード,ヴィクトワールピサ,チェリーミルズ,サンデーサイレンス,ウインドインハーヘア,Unbridled,Angelic Song,ネオユニヴァース,ホワイトウォーターアフェア,Invincible Spirit,ヒントオブスプリング,Halo,Wishing Well,Alzao,Burghclere,Fappiano,Gana Facil,Halo,Ballade,サンデーサイレンス,ポインテッドパス,Machiavellian,Much Too Risky,Green Desert,Rafha,Seeking the Gold,チェロキーローズ,Hail to Reason,Cosmah,Understanding,Mountain Flower,Lyphard,Lady Rebecca,Busted,Highclere,Mr. Prospector,Killaloe,Le Fabuleux,Charedi,Hail to Reason,Cosmah,Herbager,Miss Swapsco,Halo,Wishing Well,Kris,Silken Way,Mr. Prospector,Coup de Folie,Bustino,Short Rations,Danzig,Foreign Courier,Kris,Eljazzi,Mr. Prospector,Con Game,ダンシングブレーヴ,Celtic Assembly
2023105281,サートゥルナーリア,ギモーヴ,ロードカナロア,シーザリオ,ハービンジャー,ヒカルアマランサス,キングカメハメハ,レディブラッサム,スペシャルウィーク,キロフプリミエール,Dansili,Penang Pearl,アグネスタキオン,スターミー,Kingmambo,マンファス,Storm Cat,サラトガデュー,サンデーサイレンス,キャンペンガール,Sadler's Wells,Querida,デインヒル,Hasili,Bering,Guapa,サンデーサイレンス,アグネスフローラ,A.P. Indy,Caerlina,Mr. Prospector,Miesque,ラストタイクーン,Pilot Bird,Storm Bird,Terlingua,Cormorant,Super Luna,Halo,Wishing Well,マルゼンスキー,レディーシラオキ,Northern Dancer,Fairy Bridge,Habitat,Principia,Danzig,Razyana,Kahyasi,Kerali,Arctic Tern,Beaune,Shareef Dancer,Sauceboat,Halo,Wishing Well,ロイヤルスキー,アグネスレディー,Seattle Slew,Weekend Surprise,Caerleon,Dinalina
2023102336,ジャスタウェイ,ポートキャンベル,ハーツクライ,シビル,ルーラーシップ,レディクローリス,サンデーサイレンス,アイリッシュダンス,Wild Again,シャロン,キングカメハメハ,エアグルーヴ,フォーティナイナー,シンコウラブリイ,Halo,Wishing Well,トニービン,ビューパーダンス,Icecapade,Bushel-n-Peck,Mo Exception,Double Wiggle,Kingmambo,マンファス,トニービン,ダイナカール,Mr. Prospector,File,Caerleon,ハッピートレイルズ,Hail to Reason,Cosmah,Understanding,Mountain Flower,カンパラ,Severn Bridge,Lyphard,My Bupers,Nearctic,Shenanigans,Khaled,Dama,Hard Work,With Exception,Sir Wiggle,Blue Double,Mr. Prospector,Miesque,ラストタイクーン,Pilot Bird,カンパラ,Severn Bridge,ノーザンテースト,シャダイフェザー,Raise a Native,Gold Digger,Tom Rolfe,Continue,Nijinsky,Foreseer,ポツセ,ロイコン
2023105162,コパノリッキー,ルナマティーノ,ゴールドアリュール,コパノニキータ,キンシャサノキセキ,ロザージュ,サンデーサイレンス,ニキーヤ,ティンバーカントリー,ニホンピロローズ,フジキセキ,ケルトシャーン,Giant's Causeway,Adieu,Halo,Wishing Well,Nureyev,Reluctant Guest,Woodman,Fall Aspen,トニービン,ウェディングブーケ,サンデーサイレンス,ミルレーサー,Pleasant Colony,Featherhill,Storm Cat,Mariah's Storm,El Corredor,Irene's Talkin,Hail to Reason,Cosmah,Understanding,Mountain Flower,Northern Dancer,Special,Hostage,Vaguely Royal,Mr. Prospector,プレイメイト,Pretense,Change Water,カンパラ,Severn Bridge,リアルシャダイ,アリーウイン,Halo,Wishing Well,Le Fabuleux,Marston's Mill,His Majesty,Sun Colony,Lyphard,Lady Berry,Storm Bird,Terlingua,Rahy,イメンス,Mr. Greeley,Silvery Swan,At the Threshold,Classy Irene
2023102107,マジェスティックウォリアー,オーシャンケリー,A.P. Indy,Dream Supreme,シンボリクリスエス,ベイルリ,Seattle Slew,Weekend Surprise,Seeking the Gold,Spinning Round,Kris S.,Tee Kay,スペシャルウィーク,アミティエ,Bold Reasoning,My Charmer,Secretariat,Lassie Dear,Mr. Prospector,Con Game,Dixieland Band,Take Heart,Roberto,Sharp Queen,Gold Meridian,Tri Argo,サンデーサイレンス,キャンペンガール,Sadler's Wells,Charming Life,Boldnesian,Reason to Earn,Poker,Fair Charmer,Bold Ruler,Somethingroyal,Buckpasser,Gay Missile,Raise a Native,Gold Digger,Buckpasser,Broadway,Northern Dancer,Mississippi Mud,Secretariat,Deck Stewardess,Hail to Reason,Bramalea,Princequillo,Bridgework,Seattle Slew,Queen Louie,Tri Jet,Hail Proudly,Halo,Wishing Well,マルゼンスキー,レディーシラオキ,Northern Dancer,Fairy Bridge,Habitat,Fighting
2023103438,ブリックスアンドモルタル,ジュリエットシアトル,Giant's Causeway,Beyond the Waves,Seattle Fitz,Giulie-Halo,Storm Cat,Mariah's Storm,Ocean Crest,Excedent,Fitzcarraldo,Hug a Slew,サザンヘイロー,Giulietta,Storm Bird,Terlingua,Rahy,イメンス,Storm Bird,S.S.Aroma,Exceller,Broadway Lullaby,Cipayo,Stall Only,Seattle Slew,Huggle Duggle,Halo,Northern Sea,Saint Sever,La Fornarina,Northern Dancer,South Ocean,Secretariat,Crimson Saint,Blushing Groom,Glorious Song,Roberto,Imsodear,Northern Dancer,South Ocean,Seattle Slew,Rare Bouquet,Vaguely Noble,Too Bald,Stage Door Johnny,リットルブレツシング,Lacydon,Tsarina,Stallwood,Broadcast,Bold Reasoning,My Charmer,Never Bend,Crown the Queen,Hail to Reason,Cosmah,Northern Dancer,Sea Saga,Lyphard,Suffisante,Good Manners,La Farnesina
2023104002,ダノンバラード,スプリングガール,ディープインパクト,レディバラード,トーセンブライト,ガールズトーク,サンデーサイレンス,ウインドインハーヘア,Unbridled,Angelic Song,ブライアンズタイム,アサヒブライト,ステイゴールド,ワーキングガール,Halo,Wishing Well,Alzao,Burghclere,Fappiano,Gana Facil,Halo,Ballade,Roberto,Kelley's Day,ジェイドロバリー,コスモローマン,サンデーサイレンス,ゴールデンサッシュ,パドスール,シャダイワーデン,Hail to Reason,Cosmah,Understanding,Mountain Flower,Lyphard,Lady Rebecca,Busted,Highclere,Mr. Prospector,Killaloe,Le Fabuleux,Charedi,Hail to Reason,Cosmah,Herbager,Miss Swapsco,Hail to Reason,Bramalea,Graustark,Golden Trail,Mr. Prospector,Number,ナイスダンサー,ジェラルレツド,Halo,Wishing Well,ディクタス,ダイナサッシュ,Mill Reef,Thereby,ノーザンテースト,シヤダイプリマ
2023101917,デクラレーションオブウォー,ジオパーククイーン,War Front,Tempo West,バトルプラン,アドマイヤパンチ,Danzig,Starry Dreamer,Rahy,Tempo,エンパイアメーカー,Flanders,ワイルドラッシュ,ロイヤルカード,Northern Dancer,Pas de Nom,Rubiano,Lara's Star,Blushing Groom,Glorious Song,Gone West,Terpsichorist,Unbridled,Toussaud,Seeking the Gold,Starlet Storm,Wild Again,Rose Park,サンデーサイレンス,アドマイヤラピス,Nearctic,Natalma,Admiral's Voyage,Petitioner,Fappiano,Ruby Slippers,Forli,True Reality,Red God,Runaway Bride,Halo,Ballade,Mr. Prospector,Secrettame,Nijinsky,Glad Rags,Fappiano,Gana Facil,El Gran Senor,Image of Reality,Mr. Prospector,Con Game,Storm Bird,Cinegita,Icecapade,Bushel-n-Peck,Plugged Nickle,Hardship,Halo,Wishing Well,Be My Guest,Elevate
2023100800,ベンバトル,クラウンロゼ,Dubawi,Nahrain,ロサード,ヒシアスカ,Dubai Millennium,Zomaradah,Selkirk,Bahr,サンデーサイレンス,ローザネイ,ヒシアケボノ,ヒシカデイーナ,Seeking the Gold,Colorado Dancer,Deploy,Jawaher,Sharpen Up,Annie Edge,ジェネラス,Lady of the Sea,Halo,Wishing Well,Lyphard,Riviere Doree,Woodman,Mysteries,サウスアトランティック,チェリーセフト,Mr. Prospector,Con Game,Shareef Dancer,Fall Aspen,Shirley Heights,Slightly Dangerous,ダンシングブレーヴ,High Tern,エタン,Rocchetta,Nebbiolo,Friendly Court,Caerleon,Doff the Derby,Mill Reef,La Mer,Hail to Reason,Cosmah,Understanding,Mountain Flower,Northern Dancer,Goofed,Secretariat,Riverqueen,Mr. Prospector,プレイメイト,Seattle Slew,Phydilla,Mill Reef,Arkadina,テスコボーイ,ソロナフォード
2023104686,ノーブルミッション,イエローポピー,Galileo,Kind,キンシャサノキセキ,オリエンタルポピー,Sadler's Wells,Urban Sea,デインヒル,Rainbow Lake,フジキセキ,ケルトシャーン,キングカメハメハ,トールポピー,Northern Dancer,Fairy Bridge,Miswaki,Allegretta,Danzig,Razyana,Rainbow Quest,Rockfest,サンデーサイレンス,ミルレーサー,Pleasant Colony,Featherhill,Kingmambo,マンファス,ジャングルポケット,アドマイヤサンデー,Nearctic,Natalma,Bold Reason,Special,Mr. Prospector,Hopespringseternal,Lombard,Anatevka,Northern Dancer,Pas de Nom,His Majesty,Spring Adieu,Blushing Groom,I Will Follow,Stage Door Johnny,Rock Garden,Halo,Wishing Well,Le Fabuleux,Marston's Mill,His Majesty,Sun Colony,Lyphard,Lady Berry,Mr. Prospector,Miesque,ラストタイクーン,Pilot Bird,トニービン,ダンスチャーマー,サンデーサイレンス,ムーンインディゴ
2023100612,クリソベリル,クレイジーアクセル,ゴールドアリュール,クリソプレーズ,ロージズインメイ,ベアフルート,サンデーサイレンス,ニキーヤ,エルコンドルパサー,キャサリーンパー,Devil His Due,Tell a Secret,サクラバクシンオー,エアジンクス,Halo,Wishing Well,Nureyev,Reluctant Guest,Kingmambo,サドラーズギャル,Riverman,Regal Exception,Devil's Bag,Plenty O'Toole,Speak John,Secret Retreat,サクラユタカオー,サクラハゴロモ,スペシャルウィーク,エアラグドール,Hail to Reason,Cosmah,Understanding,Mountain Flower,Northern Dancer,Special,Hostage,Vaguely Royal,Mr. Prospector,Miesque,Sadler's Wells,Glenveagh,Never Bend,River Lady,Ribot,Rajput Princess,Halo,Ballade,Raise a Cup,Li'l Puss,Prince John,Nuit de Folies,Clandestine,Retirement,テスコボーイ,アンジェリカ,ノーザンテースト,クリアアンバー,サンデーサイレンス,キャンペンガール,Storm Cat,ステラマドリッド
2023103748,ナダル,アサクサティアラ,Blame,Ascending Angel,ディープインパクト,ミルグレイン,Arch,Liable,Pulpit,Solar Colony,サンデーサイレンス,ウインドインハーヘア,Polish Precedent,Mill Line,Kris S.,Aurora,Seeking the Gold,Bound,A.P. Indy,Preach,Pleasant Colony,Meteor Stage,Halo,Wishing Well,Alzao,Burghclere,Danzig,Past Example,Mill Reef,Quay Line,Roberto,Sharp Queen,Danzig,Althea,Mr. Prospector,Con Game,Nijinsky,Special,Seattle Slew,Weekend Surprise,Mr. Prospector,Narrate,His Majesty,Sun Colony,Stage Door Johnny,Northern Meteor,Hail to Reason,Cosmah,Understanding,Mountain Flower,Lyphard,Lady Rebecca,Busted,Highclere,Northern Dancer,Pas de Nom,Buckpasser,Bold Example,Never Bend,Milan Mill,High Line,Dark Finale
2023102354,ブリックスアンドモルタル,アナンジュパス,Giant's Causeway,Beyond the Waves,ディープインパクト,エンゼルカロ,Storm Cat,Mariah's Storm,Ocean Crest,Excedent,サンデーサイレンス,ウインドインハーヘア,スターオブコジーン,ヤマフノーザリー,Storm Bird,Terlingua,Rahy,イメンス,Storm Bird,S.S.Aroma,Exceller,Broadway Lullaby,Halo,Wishing Well,Alzao,Burghclere,Cozzene,Star Gem,ノーザリー,テスコエンゼル,Northern Dancer,South Ocean,Secretariat,Crimson Saint,Blushing Groom,Glorious Song,Roberto,Imsodear,Northern Dancer,South Ocean,Seattle Slew,Rare Bouquet,Vaguely Noble,Too Bald,Stage Door Johnny,リットルブレツシング,Hail to Reason,Cosmah,Understanding,Mountain Flower,Lyphard,Lady Rebecca,Busted,Highclere,Caro,Ride the Trails,Pia Star,Soonerland,Northern Dancer,Politely,テスコボーイ,キタノリュウ
2023105240,マインドユアビスケッツ,ショコラトリー,Posse,Jazzmane,ノヴェリスト,アグネスショコラ,Silver Deputy,Raska,Toccet,Alljazz,Monsun,Night Lagoon,サンデーサイレンス,スキーパラダイス,Deputy Minister,Silver Valley,Rahy,Borishka,Awesome Again,Cozzene's Angel,Stop the Music,Bounteous,Konigsstuhl,Mosella,Lagunas,Nenuphar,Halo,Wishing Well,Lyphard,Ski Goggle,Vice Regent,Mint Copy,Mr. Prospector,Seven Valleys,Blushing Groom,Glorious Song,Roberto,Queen Maud,Deputy Minister,Primal Force,Cozzene,Charming Pan,Hail to Reason,Bebopper,Master Derby,Mlle. Quille,Dschingis Khan,Konigskronung,Surumu,Monasia,イルドブルボン,Liranga,Night Shift,Narola,Hail to Reason,Cosmah,Understanding,Mountain Flower,Northern Dancer,Goofed,ロイヤルスキー,Mississippi Siren
2023101730,ダノンスマッシュ,ティアップブロンド,ロードカナロア,スピニングワイルドキャット,ゴールドアリュール,フォーティエース,キングカメハメハ,レディブラッサム,Hard Spun,Hollywood Wildcat,サンデーサイレンス,ニキーヤ,フォーティナイナー,ピンクシェイド,Kingmambo,マンファス,Storm Cat,サラトガデュー,Danzig,Turkish Tryst,Kris S.,Miss Wildcatter,Halo,Wishing Well,Nureyev,Reluctant Guest,Mr. Prospector,File,Lyphard,Pink Valley,Mr. Prospector,Miesque,ラストタイクーン,Pilot Bird,Storm Bird,Terlingua,Cormorant,Super Luna,Northern Dancer,Pas de Nom,Turkoman,Darbyvail,Roberto,Sharp Queen,Mr. Prospector,Elizabeth K.,Hail to Reason,Cosmah,Understanding,Mountain Flower,Northern Dancer,Special,Hostage,Vaguely Royal,Raise a Native,Gold Digger,Tom Rolfe,Continue,Northern Dancer,Goofed,Never Bend,Green Valley
2023104347,フィエールマン,フライアゲイン,ディープインパクト,リュヌドール,Fusaichi Pegasus,Encore,サンデーサイレンス,ウインドインハーヘア,Green Tune,Luth d'Or,Mr. Prospector,Angel Fever,Storm Cat,Cash Run,Halo,Wishing Well,Alzao,Burghclere,Green Dancer,Soundings,Noir Et Or,Viole d'Amour,Raise a Native,Gold Digger,Danzig,Rowdy Angel,Storm Bird,Terlingua,Seeking the Gold,Shared Interest,Hail to Reason,Cosmah,Understanding,Mountain Flower,Lyphard,Lady Rebecca,Busted,Highclere,Nijinsky,Green Valley,Mr. Prospector,Ocean's Answer,ラインゴールド,Pomme Rose,Luthier,Mandolinette,Native Dancer,Raise You,Nashua,Sequence,Northern Dancer,Pas de Nom,Halo,Ramhyde,Northern Dancer,South Ocean,Secretariat,Crimson Saint,Mr. Prospector,Con Game,Pleasant Colony,Surgery
2023106976,クリソベリル,クラーベセクレタ,ゴールドアリュール,クリソプレーズ,ワイルドラッシュ,シークレットルーム,サンデーサイレンス,ニキーヤ,エルコンドルパサー,キャサリーンパー,Wild Again,Rose Park,タイキシャトル,リボーズシークレット,Halo,Wishing Well,Nureyev,Reluctant Guest,Kingmambo,サドラーズギャル,Riverman,Regal Exception,Icecapade,Bushel-n-Peck,Plugged Nickle,Hardship,Devil's Bag,ウェルシュマフィン,デインヒル,Glim,Hail to Reason,Cosmah,Understanding,Mountain Flower,Northern Dancer,Special,Hostage,Vaguely Royal,Mr. Prospector,Miesque,Sadler's Wells,Glenveagh,Never Bend,River Lady,Ribot,Rajput Princess,Nearctic,Shenanigans,Khaled,Dama,Key to the Mint,Toll Booth,Drone,Hard and Fast,Halo,Ballade,Caerleon,Muffitys,Danzig,Razyana,Damascus,Glisk
2023104975,ダノンプレミアム,ガチコ,ディープインパクト,インディアナギャル,プリサイスエンド,エイシンサーメット,サンデーサイレンス,ウインドインハーヘア,Intikhab,Genial Jenny,エンドスウィープ,Precisely,エイシンサンディ,エイシンスポーケン,Halo,Wishing Well,Alzao,Burghclere,Red Ransom,Crafty Example,デインヒル,Joma Kaanem,フォーティナイナー,Broom Dance,Summing,Crisp 'n Clear,サンデーサイレンス,エイシンウイザード,Alydar,Steady Gaze,Hail to Reason,Cosmah,Understanding,Mountain Flower,Lyphard,Lady Rebecca,Busted,Highclere,Roberto,アラビア,Crafty Prospector,Zienelle,Danzig,Razyana,Double Form,Ash Lawn,Mr. Prospector,File,Dance Spell,Witching Hour,Verbatim,Sumatra,Cold Reception,Ring O'Bells,Halo,Wishing Well,ノーザリー,シルバーナイキ,Raise a Native,Sweet Tooth,Storm Bird,Sweeping View
2023100759,アメリカンペイトリオット,マシェリガール,War Front,Life Well Lived,トーセンファントム,トーセンバスケット,Danzig,Starry Dreamer,Tiznow,Well Dressed,ネオユニヴァース,バースデイローズ,ブライアンズタイム,フルーティマズル,Northern Dancer,Pas de Nom,Rubiano,Lara's Star,Cee's Tizzy,Cee's Song,Notebook,Trithenia,サンデーサイレンス,ポインテッドパス,トニービン,エリザベスローズ,Roberto,Kelley's Day,ホワイトマズル,メローフルーツ,Nearctic,Natalma,Admiral's Voyage,Petitioner,Fappiano,Ruby Slippers,Forli,True Reality,Relaunch,テイズリー,Seattle Song,Lonely Dancer,Well Decorated,Mobcap,Gold Meridian,Tri Argo,Halo,Wishing Well,Kris,Silken Way,カンパラ,Severn Bridge,ノーザンテースト,ノーベンバーローズ,Hail to Reason,Bramalea,Graustark,Golden Trail,ダンシングブレーヴ,Fair of the Furze,Halo,バッフドオレンジ
2023105373,リアルスティール,レッドラフィーネ,ディープインパクト,ラヴズオンリーミー,ハービンジャー,クロノロジスト,サンデーサイレンス,ウインドインハーヘア,Storm Cat,Monevassia,Dansili,Penang Pearl,クロフネ,インディスユニゾン,Halo,Wishing Well,Alzao,Burghclere,Storm Bird,Terlingua,Mr. Prospector,Miesque,デインヒル,Hasili,Bering,Guapa,フレンチデピュティ,ブルーアヴェニュー,サンデーサイレンス,ラスティックベル,Hail to Reason,Cosmah,Understanding,Mountain Flower,Lyphard,Lady Rebecca,Busted,Highclere,Northern Dancer,South Ocean,Secretariat,Crimson Saint,Raise a Native,Gold Digger,Nureyev,Pasadoble,Danzig,Razyana,Kahyasi,Kerali,Arctic Tern,Beaune,Shareef Dancer,Sauceboat,Deputy Minister,Mitterand,Classic Go Go,Eliza Blue,Halo,Wishing Well,Mr. Prospector,Ragtime Girl
2023106732,ミッキーロケット,ゴールデンテソーロ,キングカメハメハ,マネーキャントバイミーラヴ,ゴールドアリュール,カネツプリンセス,Kingmambo,マンファス,Pivotal,Sabreon,サンデーサイレンス,ニキーヤ,サクラバクシンオー,プロポーション,Mr. Prospector,Miesque,ラストタイクーン,Pilot Bird,Polar Falcon,Fearless Revival,Caerleon,Sabria,Halo,Wishing Well,Nureyev,Reluctant Guest,サクラユタカオー,サクラハゴロモ,ハバット,ヘーゼルブロンド,Raise a Native,Gold Digger,Nureyev,Pasadoble,トライマイベスト,Mill Princess,Blakeney,The Dancer,Nureyev,Marie d'Argonne,Cozzene,Stufida,Nijinsky,Foreseer,Miswaki,Flood,Hail to Reason,Cosmah,Understanding,Mountain Flower,Northern Dancer,Special,Hostage,Vaguely Royal,テスコボーイ,アンジェリカ,ノーザンテースト,クリアアンバー,Habitat,Atrevida,サンシー,マルイチスピード
2023103252,ブリックスアンドモルタル,タマモボレロ,Giant's Causeway,Beyond the Waves,ハーツクライ,チャームダンス,Storm Cat,Mariah's Storm,Ocean Crest,Excedent,サンデーサイレンス,アイリッシュダンス,アフリート,ダンシングゴッデス,Storm Bird,Terlingua,Rahy,イメンス,Storm Bird,S.S.Aroma,Exceller,Broadway Lullaby,Halo,Wishing Well,トニービン,ビューパーダンス,Mr. Prospector,Polite Lady,Nijinsky,Producer,Northern Dancer,South Ocean,Secretariat,Crimson Saint,Blushing Groom,Glorious Song,Roberto,Imsodear,Northern Dancer,South Ocean,Seattle Slew,Rare Bouquet,Vaguely Noble,Too Bald,Stage Door Johnny,リットルブレツシング,Hail to Reason,Cosmah,Understanding,Mountain Flower,カンパラ,Severn Bridge,Lyphard,My Bupers,Raise a Native,Gold Digger,Venetian Jester,Friendly Ways,Northern Dancer,Flaming Page,Nashua,Marion
2023102371,マインドユアビスケッツ,ギャラクシーセレブ,Posse,Jazzmane,ブラックタイド,セレブレイト,Silver Deputy,Raska,Toccet,Alljazz,サンデーサイレンス,ウインドインハーヘア,パントレセレブル,エリモファンタジー,Deputy Minister,Silver Valley,Rahy,Borishka,Awesome Again,Cozzene's Angel,Stop the Music,Bounteous,Halo,Wishing Well,Alzao,Burghclere,Nureyev,Peinture Bleue,Riverman,Share the Fantasy,Vice Regent,Mint Copy,Mr. Prospector,Seven Valleys,Blushing Groom,Glorious Song,Roberto,Queen Maud,Deputy Minister,Primal Force,Cozzene,Charming Pan,Hail to Reason,Bebopper,Master Derby,Mlle. Quille,Hail to Reason,Cosmah,Understanding,Mountain Flower,Lyphard,Lady Rebecca,Busted,Highclere,Northern Dancer,Special,Alydar,Petroleuse,Never Bend,River Lady,Exclusive Native,Misukaw
2023100727,デクラレーションオブウォー,ヨウヨウ,War Front,Tempo West,マヤノトップガン,フィジーガール,Danzig,Starry Dreamer,Rahy,Tempo,ブライアンズタイム,アルプミープリーズ,カコイーシーズ,ツバキヒメ,Northern Dancer,Pas de Nom,Rubiano,Lara's Star,Blushing Groom,Glorious Song,Gone West,Terpsichorist,Roberto,Kelley's Day,Blushing Groom,Swiss,Alydar,Careless Notion,マルゼンスキー,ヒルガオ,Nearctic,Natalma,Admiral's Voyage,Petitioner,Fappiano,Ruby Slippers,Forli,True Reality,Red God,Runaway Bride,Halo,Ballade,Mr. Prospector,Secrettame,Nijinsky,Glad Rags,Hail to Reason,Bramalea,Graustark,Golden Trail,Red God,Runaway Bride,Vaguely Noble,Gala Host,Raise a Native,Sweet Tooth,Jester,Miss Uppity,Nijinsky,シル,スティンティノ,ロージズデー
2023106087,レイデオロ,シルバートレイン,キングカメハメハ,ラドラーダ,Singspiel,シルバーレーン,Kingmambo,マンファス,シンボリクリスエス,レディブロンド,In the Wings  In The Wings,Glorious Song,Silver Hawk,Strait Lane,Mr. Prospector,Miesque,ラストタイクーン,Pilot Bird,Kris S.,Tee Kay,Seeking the Gold,ウインドインハーヘア,Sadler's Wells,High Hawk,Halo,Ballade,Roberto,Gris Vitesse,Chieftain,Level Sands,Raise a Native,Gold Digger,Nureyev,Pasadoble,トライマイベスト,Mill Princess,Blakeney,The Dancer,Roberto,Sharp Queen,Gold Meridian,Tri Argo,Mr. Prospector,Con Game,Alzao,Burghclere,Northern Dancer,Fairy Bridge,Shirley Heights,Sunbittern,Hail to Reason,Cosmah,Herbager,Miss Swapsco,Hail to Reason,Bramalea,Amerigo,Matchiche,Bold Ruler,Pocahontas,Mahmoud,Crawfish
2023101347,タリスマニック,オースミイヒラニ,Medaglia d'Oro,Magic Mission,ハーツクライ,ナリタレインボウ,El Prado,Cappucino Bay,Machiavellian,Dream Ticket,サンデーサイレンス,アイリッシュダンス,アフリート,オオシマルチア,Sadler's Wells,Lady Capulet,Bailjumper,Dubbed In,Mr. Prospector,Coup de Folie,Danzig,Capo Di Monte,Halo,Wishing Well,トニービン,ビューパーダンス,Mr. Prospector,Polite Lady,クリスタルグリッターズ,オオシマスズラン,Northern Dancer,Fairy Bridge,Sir Ivor,Cap and Bells,Damascus,Court Circuit,Silent Screen,Society Singer,Raise a Native,Gold Digger,Halo,Raise the Standard,Northern Dancer,Pas de Nom,Final Straw,Burghclere,Hail to Reason,Cosmah,Understanding,Mountain Flower,カンパラ,Severn Bridge,Lyphard,My Bupers,Raise a Native,Gold Digger,Venetian Jester,Friendly Ways,Blushing Groom,Tales to Tell,カウアイキング,ネバージョオー
2023103389,ナダル,クールデザイン,Blame,Ascending Angel,ディープインパクト,シンディ,Arch,Liable,Pulpit,Solar Colony,サンデーサイレンス,ウインドインハーヘア,A.P. Indy,Dance Design,Kris S.,Aurora,Seeking the Gold,Bound,A.P. Indy,Preach,Pleasant Colony,Meteor Stage,Halo,Wishing Well,Alzao,Burghclere,Seattle Slew,Weekend Surprise,Sadler's Wells,Elegance in Design,Roberto,Sharp Queen,Danzig,Althea,Mr. Prospector,Con Game,Nijinsky,Special,Seattle Slew,Weekend Surprise,Mr. Prospector,Narrate,His Majesty,Sun Colony,Stage Door Johnny,Northern Meteor,Hail to Reason,Cosmah,Understanding,Mountain Flower,Lyphard,Lady Rebecca,Busted,Highclere,Bold Reasoning,My Charmer,Secretariat,Lassie Dear,Northern Dancer,Fairy Bridge,Habitat,Areola
2023110013,Ghaiyyath,Oriental Step,Dubawi,Nightime,Tamayuz,Oriental Fashion,Dubai Millennium,Zomaradah,Galileo,Caumshinaun,Nayef,Al Ishq,Marju,Wijdan,Seeking the Gold,Colorado Dancer,Deploy,Jawaher,Sadler's Wells,Urban Sea,Indian Ridge,Ridge Pool,Gulch,Height of Fashion,Nureyev,Allez Les Trois,ラストタイクーン,Flame of Tara,Mr. Prospector,Height of Fashion,Mr. Prospector,Con Game,Shareef Dancer,Fall Aspen,Shirley Heights,Slightly Dangerous,ダンシングブレーヴ,High Tern,Northern Dancer,Fairy Bridge,Miswaki,Allegretta,Ahonoora,Hillbrow,Bluebird,Casting Couch,Mr. Prospector,Jameela,Bustino,Highclere,Northern Dancer,Special,Riverman,Allegretta,トライマイベスト,Mill Princess,アーテイアス,Welsh Flame,Raise a Native,Gold Digger,Bustino,Highclere
2023101383,ホッコータルマエ,フィーユレヴーズ,キングカメハメハ,マダムチェロキー,オルフェーヴル,シナスタジア,Kingmambo,マンファス,Cherokee Run,アンフォイルド,ステイゴールド,オリエンタルアート,Gone West,Honest Cause,Mr. Prospector,Miesque,ラストタイクーン,Pilot Bird,Runaway Groom,Cherokee Dame,Unbridled,Bold Foil,サンデーサイレンス,ゴールデンサッシュ,メジロマックイーン,エレクトロアート,Mr. Prospector,Secrettame,Giant's Causeway,Quite Honestly,Raise a Native,Gold Digger,Nureyev,Pasadoble,トライマイベスト,Mill Princess,Blakeney,The Dancer,Blushing Groom,Yonnie Girl,Silver Saber,Dame Francesca,Fappiano,Gana Facil,Bold Forbes,Perfect Foil,Halo,Wishing Well,ディクタス,ダイナサッシュ,メジロティターン,メジロオーロラ,ノーザンテースト,グランマスティーヴンス,Raise a Native,Gold Digger,Secretariat,Tamerett,Storm Cat,Mariah's Storm,Believe It,Tesao
2023105137,ルヴァンスレーヴ,ゴールドグレース,シンボリクリスエス,マエストラーレ,エリシオ,グレースウーマン,Kris S.,Tee Kay,ネオユニヴァース,オータムブリーズ,Fairy King,Helice,マルゼンスキー,ランズプロント,Roberto,Sharp Queen,Gold Meridian,Tri Argo,サンデーサイレンス,ポインテッドパス,ティンバーカントリー,セプテンバーソング,Northern Dancer,Fairy Bridge,Slewpy,Hirondelle,Nijinsky,シル,プロント,トサモアー,Hail to Reason,Bramalea,Princequillo,Bridgework,Seattle Slew,Queen Louie,Tri Jet,Hail Proudly,Halo,Wishing Well,Kris,Silken Way,Woodman,Fall Aspen,リアルシャダイ,ダイナフェアリー,Nearctic,Natalma,Bold Reason,Special,Seattle Slew,Rare Bouquet,Val de l'Orne,Hermanville,Northern Dancer,Flaming Page,Buckpasser,Quill,Prince Taj,La Caravelle,トサミドリ,第三スターリングモア
2023105013,アドマイヤマーズ,ジェラスガール,ダイワメジャー,ヴィアメディチ,Petionville,イスラコジーン,サンデーサイレンス,スカーレットブーケ,Medicean,Via Milano,Seeking the Gold,Vana Turns,Cozzene,Isla Mujeres,Halo,Wishing Well,ノーザンテースト,スカーレットインク,Machiavellian,Mystic Goddess,Singspiel,Salvinaxia,Mr. Prospector,Con Game,Wavering Monarch,The Wheel Turns,Caro,Ride the Trails,Crafty Prospector,Lido Isle,Hail to Reason,Cosmah,Understanding,Mountain Flower,Northern Dancer,Lady Victoria,Crimson Satan,Consentida,Mr. Prospector,Coup de Folie,Storm Bird,Rose Goddess,In the Wings,Glorious Song,Linamix,Salve,Raise a Native,Gold Digger,Buckpasser,Broadway,Majestic Light,Uncommitted,Big Burn,Manina,フォルティノ,Chambord,Prince John,Wildwook,Mr. Prospector,Real Crafty Lady,Far North,She Is Gorgeous
2023105771,ルヴァンスレーヴ,ショウナンカサロ,シンボリクリスエス,マエストラーレ,キングカメハメハ,ショウナンアルス,Kris S.,Tee Kay,ネオユニヴァース,オータムブリーズ,Kingmambo,マンファス,サンデーサイレンス,ショウナンハピネス,Roberto,Sharp Queen,Gold Meridian,Tri Argo,サンデーサイレンス,ポインテッドパス,ティンバーカントリー,セプテンバーソング,Mr. Prospector,Miesque,ラストタイクーン,Pilot Bird,Halo,Wishing Well,Kris S.,Rambling Barb,Hail to Reason,Bramalea,Princequillo,Bridgework,Seattle Slew,Queen Louie,Tri Jet,Hail Proudly,Halo,Wishing Well,Kris,Silken Way,Woodman,Fall Aspen,リアルシャダイ,ダイナフェアリー,Raise a Native,Gold Digger,Nureyev,Pasadoble,トライマイベスト,Mill Princess,Blakeney,The Dancer,Hail to Reason,Cosmah,Understanding,Mountain Flower,Roberto,Sharp Queen,Cormorant,Bouncy Barb
2023102477,ヤマカツエース,フラヴィニー,キングカメハメハ,ヤマカツマリリン,キンシャサノキセキ,キッスパシオン,Kingmambo,マンファス,グラスワンダー,イクセプトフォーワンダ,フジキセキ,ケルトシャーン,ジェイドロバリー,レツツキツス,Mr. Prospector,Miesque,ラストタイクーン,Pilot Bird,Silver Hawk,Ameriflora,Tejabo,Unique Gal,サンデーサイレンス,ミルレーサー,Pleasant Colony,Featherhill,Mr. Prospector,Number,Lyphard,Limoya,Raise a Native,Gold Digger,Nureyev,Pasadoble,トライマイベスト,Mill Princess,Blakeney,The Dancer,Roberto,Gris Vitesse,Danzig,Graceful Touch,Deputy Minister,Cutty,Bold Ruckus,Spin to Win,Halo,Wishing Well,Le Fabuleux,Marston's Mill,His Majesty,Sun Colony,Lyphard,Lady Berry,Raise a Native,Gold Digger,Nijinsky,Special,Northern Dancer,Goofed,Riva Ridge,Peronelle
2023103846,オルフェーヴル,ジョーヌダンブル,ステイゴールド,オリエンタルアート,アグネスデジタル,マルターズヒート,サンデーサイレンス,ゴールデンサッシュ,メジロマックイーン,エレクトロアート,Crafty Prospector,Chancey Squaw,Old Trieste,Heat Is On,Halo,Wishing Well,ディクタス,ダイナサッシュ,メジロティターン,メジロオーロラ,ノーザンテースト,グランマスティーヴンス,Mr. Prospector,Real Crafty Lady,Chief's Crown,Allicance,A.P. Indy,Lovlier Linda,サンシャインフォーエヴァー,Barbs Dancer,Hail to Reason,Cosmah,Understanding,Mountain Flower,Sanctus,Doronic,ノーザンテースト,ロイヤルサッシュ,メジロアサマ,シエリル,リマンド,メジロアイリス,Northern Dancer,Lady Victoria,Lt. Stevens,Dhow,Raise a Native,Gold Digger,In Reality,Princess Roycraft,Danzig,Six Crowns,Alleged,Runaway Bride,Seattle Slew,Weekend Surprise,Vigors,Linda Summers,Roberto,Outward Sunshine,Northern Dancer,Periodista
2023105708,カレンブラックヒル,サンバホイッスル,ダイワメジャー,チャールストンハーバー,サウスヴィグラス,チャームカーニバル,サンデーサイレンス,スカーレットブーケ,Grindstone,Penny's Valentine,エンドスウィープ,ダーケストスター,アサティス,リップスティック,Halo,Wishing Well,ノーザンテースト,スカーレットインク,Unbridled,Buzz My Bell,Storm Cat,Mrs. Penny,フォーティナイナー,Broom Dance,Star de Naskra,Minnie Riperton,Topsider,Secret Asset,キャタオラ,イスズアロー,Hail to Reason,Cosmah,Understanding,Mountain Flower,Northern Dancer,Lady Victoria,Crimson Satan,Consentida,Fappiano,Gana Facil,Drone,Chateaupavia,Storm Bird,Terlingua,Great Nephew,Tananarive,Mr. Prospector,File,Dance Spell,Witching Hour,Naskra,Candle Star,Cornish Prince,English Harbor,Northern Dancer,Drumtop,Graustark,Numbered Account,Never Bend,Silent Beauty,アローエクスプレス,イスズヒメ
2023105664,クリソベリル,スイートザザ,ゴールドアリュール,クリソプレーズ,スウェプトオーヴァーボード,スイートケンメア,サンデーサイレンス,ニキーヤ,エルコンドルパサー,キャサリーンパー,エンドスウィープ,Sheer Ice,Kenmare,スイートテイタニア,Halo,Wishing Well,Nureyev,Reluctant Guest,Kingmambo,サドラーズギャル,Riverman,Regal Exception,フォーティナイナー,Broom Dance,Cutlass,Hey Dolly A.,Kalamoun,Belle of Ireland,Fabulous Dancer,Contestation,Hail to Reason,Cosmah,Understanding,Mountain Flower,Northern Dancer,Special,Hostage,Vaguely Royal,Mr. Prospector,Miesque,Sadler's Wells,Glenveagh,Never Bend,River Lady,Ribot,Rajput Princess,Mr. Prospector,File,Dance Spell,Witching Hour,Damascus,Aphonia,Ambehaving,Swift Deal,ゼダーン,Khairunissa,Milesian,Belle of the Ball,Northern Dancer,Last of the Line,Abdos,Norma
2023103678,エピファネイア,イルーシヴキャット,シンボリクリスエス,シーザリオ,キングカメハメハ,レッドキャット,Kris S.,Tee Kay,スペシャルウィーク,キロフプリミエール,Kingmambo,マンファス,Storm Cat,Lady Sharp,Roberto,Sharp Queen,Gold Meridian,Tri Argo,サンデーサイレンス,キャンペンガール,Sadler's Wells,Querida,Mr. Prospector,Miesque,ラストタイクーン,Pilot Bird,Storm Bird,Terlingua,Sharpman,Golondrina,Hail to Reason,Bramalea,Princequillo,Bridgework,Seattle Slew,Queen Louie,Tri Jet,Hail Proudly,Halo,Wishing Well,マルゼンスキー,レディーシラオキ,Northern Dancer,Fairy Bridge,Habitat,Principia,Raise a Native,Gold Digger,Nureyev,Pasadoble,トライマイベスト,Mill Princess,Blakeney,The Dancer,Northern Dancer,South Ocean,Secretariat,Crimson Saint,Sharpen Up,Miss Manon,Sheshoon,La Gueldra
2023106784,ニューイヤーズデイ,オンクーラン,Street Cry,Justwhistledixie,ジャスタウェイ,メイキアシー,Machiavellian,Helen Street,Dixie Union,General Jeanne,ハーツクライ,シビル,Sadler's Wells,Gwynn,Mr. Prospector,Coup de Folie,Troy,Waterway,Dixieland Band,She's Tops,Honour and Glory,Ahpo Hel,サンデーサイレンス,アイリッシュダンス,Wild Again,シャロン,Northern Dancer,Fairy Bridge,Darshaan,Victoress,Raise a Native,Gold Digger,Halo,Raise the Standard,Petingo,La Milo,Riverman,Boulevard,Northern Dancer,Mississippi Mud,Capote,She's a Talent,Relaunch,Fair to All,Mr. Leader,Tiy,Halo,Wishing Well,トニービン,ビューパーダンス,Icecapade,Bushel-n-Peck,Mo Exception,Double Wiggle,Nearctic,Natalma,Bold Reason,Special,Shirley Heights,Delsy,Conquistador Cielo,Royal Statute
2023100084,ウインブライト,ブーケドロゼブルー,ステイゴールド,サマーエタニティ,ロージズインメイ,イセノトウショウ,サンデーサイレンス,ゴールデンサッシュ,アドマイヤコジーン,オールフォーゲラン,Devil His Due,Tell a Secret,トウショウボーイ,マルミチーフ,Halo,Wishing Well,ディクタス,ダイナサッシュ,Cozzene,アドマイヤマカディ,ジェイドロバリー,ミスゲラン,Devil's Bag,Plenty O'Toole,Speak John,Secret Retreat,テスコボーイ,ソシアルバターフライ,ビッグディザイアー,トキワアイゼン,Hail to Reason,Cosmah,Understanding,Mountain Flower,Sanctus,Doronic,ノーザンテースト,ロイヤルサッシュ,Caro,Ride the Trails,ノーザンテースト,ミセスマカディー,Mr. Prospector,Number,マルゼンスキー,ゲラン,Halo,Ballade,Raise a Cup,Li'l Puss,Prince John,Nuit de Folies,Clandestine,Retirement,Princely Gift,Suncourt,Your Host,Wisteria,トライバルチーフ,クリアヤメ,キタノカチドキ,トキノマサト
2023106219,サートゥルナーリア,サムシングジャスト,ロードカナロア,シーザリオ,ヴィクトワールピサ,ツルマルオトメ,キングカメハメハ,レディブラッサム,スペシャルウィーク,キロフプリミエール,ネオユニヴァース,ホワイトウォーターアフェア,タイキシャトル,メモリーズオブロニー,Kingmambo,マンファス,Storm Cat,サラトガデュー,サンデーサイレンス,キャンペンガール,Sadler's Wells,Querida,サンデーサイレンス,ポインテッドパス,Machiavellian,Much Too Risky,Devil's Bag,ウェルシュマフィン,Storm Cat,Pass Away,Mr. Prospector,Miesque,ラストタイクーン,Pilot Bird,Storm Bird,Terlingua,Cormorant,Super Luna,Halo,Wishing Well,マルゼンスキー,レディーシラオキ,Northern Dancer,Fairy Bridge,Habitat,Principia,Halo,Wishing Well,Kris,Silken Way,Mr. Prospector,Coup de Folie,Bustino,Short Rations,Halo,Ballade,Caerleon,Muffitys,Storm Bird,Terlingua,Swing Pass,Reelaway
2023104576,シルバーステート,シーサイドチャペル,ディープインパクト,シルヴァースカヤ,シンボリクリスエス,チャペルコンサート,サンデーサイレンス,ウインドインハーヘア,Silver Hawk,Boubskaia,Kris S.,Tee Kay,サンデーサイレンス,リープフォージョイ,Halo,Wishing Well,Alzao,Burghclere,Roberto,Gris Vitesse,Niniski,Frenetique,Roberto,Sharp Queen,Gold Meridian,Tri Argo,Halo,Wishing Well,Sharpo,Humble Pie,Hail to Reason,Cosmah,Understanding,Mountain Flower,Lyphard,Lady Rebecca,Busted,Highclere,Hail to Reason,Bramalea,Amerigo,Matchiche,Nijinsky,Virginia Hills,Tyrant,Femina,Hail to Reason,Bramalea,Princequillo,Bridgework,Seattle Slew,Queen Louie,Tri Jet,Hail Proudly,Hail to Reason,Cosmah,Understanding,Mountain Flower,Sharpen Up,Moiety Bird,Known Fact,Scarcely Blessed
2023101857,サートゥルナーリア,ララプリムヴェール,ロードカナロア,シーザリオ,クロフネ,マチカネハナサソウ,キングカメハメハ,レディブラッサム,スペシャルウィーク,キロフプリミエール,フレンチデピュティ,ブルーアヴェニュー,スペシャルウィーク,マチカネハツシマダ,Kingmambo,マンファス,Storm Cat,サラトガデュー,サンデーサイレンス,キャンペンガール,Sadler's Wells,Querida,Deputy Minister,Mitterand,Classic Go Go,Eliza Blue,サンデーサイレンス,キャンペンガール,Private Account,Yousefia,Mr. Prospector,Miesque,ラストタイクーン,Pilot Bird,Storm Bird,Terlingua,Cormorant,Super Luna,Halo,Wishing Well,マルゼンスキー,レディーシラオキ,Northern Dancer,Fairy Bridge,Habitat,Principia,Vice Regent,Mint Copy,Hold Your Peace,Laredo Lass,Pago Pago,Classic Perfection,Icecapade,コレラ,Halo,Wishing Well,マルゼンスキー,レディーシラオキ,Damascus,Numbered Account,Danzig,Foreign Courier
2023107376,アルアイン,ムーンライトダンス,ディープインパクト,ドバイマジェスティ,Sinndar,Style of Life,サンデーサイレンス,ウインドインハーヘア,Essence of Dubai,Great Majesty,Grand Lodge,Sinntara,The Minstrel,Bubinka,Halo,Wishing Well,Alzao,Burghclere,Pulpit,Epitome,Great Above,Mistic Majesty,Chief's Crown,La Papagena,Lashkari,Sidama,Northern Dancer,Fleur,Nashua,Stolen Date,Hail to Reason,Cosmah,Understanding,Mountain Flower,Lyphard,Lady Rebecca,Busted,Highclere,A.P. Indy,Preach,Summing,Honest and True,Minnesota Mac,Ta Wee,His Majesty,Necaras Miss,Danzig,Six Crowns,Habitat,Magic Flute,Mill Reef,Larannda,Top Ville,Stoyana,Nearctic,Natalma,Victoria Park,Flaming Page,Nasrullah,Segula,Sadair,Stolen Hour
2023103075,コントレイル,レガリニ,ディープインパクト,ロードクロサイト,Hard Spun,ダストアンドダイヤモンズ,サンデーサイレンス,ウインドインハーヘア,Unbridled's Song,Folklore,Danzig,Turkish Tryst,Vindication,Majestically,Halo,Wishing Well,Alzao,Burghclere,Unbridled,Trolley Song,Tiznow,Contrive,Northern Dancer,Pas de Nom,Turkoman,Darbyvail,Seattle Slew,Strawberry Reason,Gone West,Darling Dame,Hail to Reason,Cosmah,Understanding,Mountain Flower,Lyphard,Lady Rebecca,Busted,Highclere,Fappiano,Gana Facil,Caro,Lucky Spell,Cee's Tizzy,Cee's Song,Storm Cat,Jeano,Nearctic,Natalma,Admiral's Voyage,Petitioner,Alydar,Taba,Roberto,Luiana,Bold Reasoning,My Charmer,Strawberry Road,Pretty Reason,Mr. Prospector,Secrettame,Lyphard,Darling Lady
2023102183,ラブリーデイ,フェリーチェ,キングカメハメハ,ポップコーンジャズ,モンテロッソ,タイキキララ,Kingmambo,マンファス,ダンスインザダーク,グレイスルーマー,Dubawi,Porto Roca,キングヘイロー,タイキステラ,Mr. Prospector,Miesque,ラストタイクーン,Pilot Bird,サンデーサイレンス,ダンシングキイ,トニービン,ディスクジョッキー,Dubai Millennium,Zomaradah,Barathea,Antelliere,ダンシングブレーヴ,グッバイヘイロー,Miswaki,ロイヤルブライド,Raise a Native,Gold Digger,Nureyev,Pasadoble,トライマイベスト,Mill Princess,Blakeney,The Dancer,Halo,Wishing Well,Nijinsky,Key Partner,カンパラ,Severn Bridge,リアルシャダイ,シャダイチャッター,Seeking the Gold,Colorado Dancer,Deploy,Jawaher,Sadler's Wells,Brocade,Salieri,Anntelle,Lyphard,Navajo Princess,Halo,Pound Foolish,Mr. Prospector,Hopespringseternal,Blushing Groom,ロイコン
2023106451,Dawn Approach,テオロジア,New Approach,Hymn Of The Dawn,Teofilo,Maria Lee,Galileo,Park Express,Phone Trick,Colonial Debut,Galileo,Speirbhean,ロックオブジブラルタル,Elida,Sadler's Wells,Urban Sea,Ahonoora,Matcher,Clever Trick,Over the Phone,Pleasant Colony,Kittihawk Miss,Sadler's Wells,Urban Sea,デインヒル,Saviour,デインヒル,Offshore Boom,ロイヤルアカデミー,Saviour,Northern Dancer,Fairy Bridge,Miswaki,Allegretta,Lorenzaccio,Helen Nichols,Match,Lachine,Icecapade,Kankakee Miss,Finnegan,Prattle,His Majesty,Sun Colony,Alydar,Kittiwake,Northern Dancer,Fairy Bridge,Miswaki,Allegretta,Danzig,Razyana,Majestic Light,Victorian Queen,Danzig,Razyana,Be My Guest,Push a Button,Nijinsky,Crimson Saint,Majestic Light,Victorian Queen
2023106146,フィエールマン,カラミンサ,ディープインパクト,リュヌドール,ルーラーシップ,ツィンクルブーケ,サンデーサイレンス,ウインドインハーヘア,Green Tune,Luth d'Or,キングカメハメハ,エアグルーヴ,シンボリクリスエス,ツィンクルヴェール,Halo,Wishing Well,Alzao,Burghclere,Green Dancer,Soundings,Noir Et Or,Viole d'Amour,Kingmambo,マンファス,トニービン,ダイナカール,Kris S.,Tee Kay,サンデーサイレンス,ツィンクルブライド,Hail to Reason,Cosmah,Understanding,Mountain Flower,Lyphard,Lady Rebecca,Busted,Highclere,Nijinsky,Green Valley,Mr. Prospector,Ocean's Answer,ラインゴールド,Pomme Rose,Luthier,Mandolinette,Mr. Prospector,Miesque,ラストタイクーン,Pilot Bird,カンパラ,Severn Bridge,ノーザンテースト,シャダイフェザー,Roberto,Sharp Queen,Gold Meridian,Tri Argo,Halo,Wishing Well,Lyphard,デビルズブライド
2023102732,イスラボニータ,ジュヴィ,フジキセキ,イスラコジーン,ハーツクライ,ファーストナイト,サンデーサイレンス,ミルレーサー,Cozzene,Isla Mujeres,サンデーサイレンス,アイリッシュダンス,Sadler's Wells,Morning Devotion,Halo,Wishing Well,Le Fabuleux,Marston's Mill,Caro,Ride the Trails,Crafty Prospector,Lido Isle,Halo,Wishing Well,トニービン,ビューパーダンス,Northern Dancer,Fairy Bridge,Affirmed,Morning Has Broken,Hail to Reason,Cosmah,Understanding,Mountain Flower,Wild Risk,Anguar,In Reality,Millicent,フォルティノ,Chambord,Prince John,Wildwook,Mr. Prospector,Real Crafty Lady,Far North,She Is Gorgeous,Hail to Reason,Cosmah,Understanding,Mountain Flower,カンパラ,Severn Bridge,Lyphard,My Bupers,Nearctic,Natalma,Bold Reason,Special,Exclusive Native,Won't Tell You,Prince John,A Wind Is Rising
2023101812,シルバーステート,スパークルキャット,ディープインパクト,シルヴァースカヤ,ダンスインザダーク,オーピーキャット,サンデーサイレンス,ウインドインハーヘア,Silver Hawk,Boubskaia,サンデーサイレンス,ダンシングキイ,Storm Cat,Princess S.,Halo,Wishing Well,Alzao,Burghclere,Roberto,Gris Vitesse,Niniski,Frenetique,Halo,Wishing Well,Nijinsky,Key Partner,Storm Bird,Terlingua,Assagai Jr.,Princess Thelma,Hail to Reason,Cosmah,Understanding,Mountain Flower,Lyphard,Lady Rebecca,Busted,Highclere,Hail to Reason,Bramalea,Amerigo,Matchiche,Nijinsky,Virginia Hills,Tyrant,Femina,Hail to Reason,Cosmah,Understanding,Mountain Flower,Northern Dancer,Flaming Page,Key to the Mint,Native Partner,Northern Dancer,South Ocean,Secretariat,Crimson Saint,Assagai,Perverse,Princequillo,Thelma Berger
2023100637,サトノクラウン,ディスパーション,Marju,ジョコンダ,ダイワメジャー,プリンセスカット,ラストタイクーン,Flame of Tara,Rossini,La Joconde,サンデーサイレンス,スカーレットブーケ,トニービン,ブリリアントカット,トライマイベスト,Mill Princess,アーテイアス,Welsh Flame,Miswaki,Touch of Greatness,Vettori,Lust,Halo,Wishing Well,ノーザンテースト,スカーレットインク,カンパラ,Severn Bridge,ノーザンテースト,ジエヌインダイアモンド,Northern Dancer,Sex Appeal,Mill Reef,Irish Lass,Round Table,Stylish Pattern,Welsh Pageant,Electric Flash,Mr. Prospector,Hopespringseternal,Hero's Honor,Ivory Wand,Machiavellian,Air Distingue,Pursuit of Love,Pato,Hail to Reason,Cosmah,Understanding,Mountain Flower,Northern Dancer,Lady Victoria,Crimson Satan,Consentida,Kalamoun,State Pension,Hornbeam,Priddy Fair,Northern Dancer,Lady Victoria,Irish Ruler,Diamonds for Dolly
2023100651,アルアイン,アンジュデュバン,ディープインパクト,ドバイマジェスティ,ハーツクライ,マイネレーヌ,サンデーサイレンス,ウインドインハーヘア,Essence of Dubai,Great Majesty,サンデーサイレンス,アイリッシュダンス,マイネルラヴ,グレースマリヤ,Halo,Wishing Well,Alzao,Burghclere,Pulpit,Epitome,Great Above,Mistic Majesty,Halo,Wishing Well,トニービン,ビューパーダンス,Seeking the Gold,Heart of Joy,グルームダンサー,ミホグレース,Hail to Reason,Cosmah,Understanding,Mountain Flower,Lyphard,Lady Rebecca,Busted,Highclere,A.P. Indy,Preach,Summing,Honest and True,Minnesota Mac,Ta Wee,His Majesty,Necaras Miss,Hail to Reason,Cosmah,Understanding,Mountain Flower,カンパラ,Severn Bridge,Lyphard,My Bupers,Mr. Prospector,Con Game,リィフォー,Mythographer,Blushing Groom,Featherhill,アスワン,ビューティマリヤ
2023104819,ダノンバラード,プラッキーエリーナ,ディープインパクト,レディバラード,マヤノトップガン,ショコット,サンデーサイレンス,ウインドインハーヘア,Unbridled,Angelic Song,ブライアンズタイム,アルプミープリーズ,デインヒル,ショーガール,Halo,Wishing Well,Alzao,Burghclere,Fappiano,Gana Facil,Halo,Ballade,Roberto,Kelley's Day,Blushing Groom,Swiss,Danzig,Razyana,Alleged,Bold Bikini,Hail to Reason,Cosmah,Understanding,Mountain Flower,Lyphard,Lady Rebecca,Busted,Highclere,Mr. Prospector,Killaloe,Le Fabuleux,Charedi,Hail to Reason,Cosmah,Herbager,Miss Swapsco,Hail to Reason,Bramalea,Graustark,Golden Trail,Red God,Runaway Bride,Vaguely Noble,Gala Host,Northern Dancer,Pas de Nom,His Majesty,Spring Adieu,Hoist the Flag,Princess Pout,Boldnesian,Ran-Tan
2023105369,キタサンブラック,エントロピア,ブラックタイド,シュガーハート,Mount Nelson,Embrace Her,サンデーサイレンス,ウインドインハーヘア,サクラバクシンオー,オトメゴコロ,ロックオブジブラルタル,Independence,Editor's Note,Embrace Me,Halo,Wishing Well,Alzao,Burghclere,サクラユタカオー,サクラハゴロモ,ジャッジアンジェルーチ,テイズリー,デインヒル,Offshore Boom,Selkirk,Yukon Hope,フォーティナイナー,Beware of the Cat,Equalize,Embouche,Hail to Reason,Cosmah,Understanding,Mountain Flower,Lyphard,Lady Rebecca,Busted,Highclere,テスコボーイ,アンジェリカ,ノーザンテースト,クリアアンバー,Honest Pleasure,Victorian Queen,Lyphard,Tizna,Danzig,Razyana,Be My Guest,Push a Button,Sharpen Up,Annie Edge,フォーティナイナー,Sahara Forest,Mr. Prospector,File,Caveat,T. C. Kitten,Northern Jove,Zonta,Ringaro,Emboscada
2023106826,シルバーステート,アエロリット,ディープインパクト,シルヴァースカヤ,クロフネ,アステリックス,サンデーサイレンス,ウインドインハーヘア,Silver Hawk,Boubskaia,フレンチデピュティ,ブルーアヴェニュー,ネオユニヴァース,アイルドフランス,Halo,Wishing Well,Alzao,Burghclere,Roberto,Gris Vitesse,Niniski,Frenetique,Deputy Minister,Mitterand,Classic Go Go,Eliza Blue,サンデーサイレンス,ポインテッドパス,Nureyev,ステラマドリッド,Hail to Reason,Cosmah,Understanding,Mountain Flower,Lyphard,Lady Rebecca,Busted,Highclere,Hail to Reason,Bramalea,Amerigo,Matchiche,Nijinsky,Virginia Hills,Tyrant,Femina,Vice Regent,Mint Copy,Hold Your Peace,Laredo Lass,Pago Pago,Classic Perfection,Icecapade,コレラ,Halo,Wishing Well,Kris,Silken Way,Northern Dancer,Special,Alydar,My Juliet
2020103048,キズナ,ホワイトローズ,ディープインパクト,キャットクイル,Tapit,Garden Dance,サンデーサイレンス,ウインドインハーヘア,Storm Cat,Pacific Princess,Pulpit,Tap Your Heels,El Prado,Clearthedancefloor,Halo,Wishing Well,Alzao,Burghclere,Storm Bird,Terlingua,Damascus,Fiji,A.P. Indy,Preach,Unbridled,Ruby Slippers,Sadler's Wells,Lady Capulet,Cryptoclearance,Music Queen,Hail to Reason,Cosmah,Understanding,Mountain Flower,Lyphard,Lady Rebecca,Busted,Highclere,Northern Dancer,South Ocean,Secretariat,Crimson Saint,Sword Dancer,Kerala,Acropolis,Rififi,Seattle Slew,Weekend Surprise,Mr. Prospector,Narrate,Fappiano,Gana Facil,Nijinsky,Moon Glitter,Northern Dancer,Fairy Bridge,Sir Ivor,Cap and Bells,Fappiano,Naval Orange,Stop the Music,Royal Tara
2022104884,ルーラーシップ,タッチングスピーチ,キングカメハメハ,エアグルーヴ,ディープインパクト,リッスン,Kingmambo,マンファス,トニービン,ダイナカール,サンデーサイレンス,ウインドインハーヘア,Sadler's Wells,Brigid,Mr. Prospector,Miesque,ラストタイクーン,Pilot Bird,カンパラ,Severn Bridge,ノーザンテースト,シャダイフェザー,Halo,Wishing Well,Alzao,Burghclere,Northern Dancer,Fairy Bridge,Irish River,Luv Luvin',Raise a Native,Gold Digger,Nureyev,Pasadoble,トライマイベスト,Mill Princess,Blakeney,The Dancer,Kalamoun,State Pension,Hornbeam,Priddy Fair,Northern Dancer,Lady Victoria,ガーサント,パロクサイド,Hail to Reason,Cosmah,Understanding,Mountain Flower,Lyphard,Lady Rebecca,Busted,Highclere,Nearctic,Natalma,Bold Reason,Special,Riverman,Irish Star,Raise a Native,Ringing Bells
2021104831,ノヴェリスト,インクレセント,Monsun,Night Lagoon,アグネスタキオン,インコグニート,Konigsstuhl,Mosella,Lagunas,Nenuphar,サンデーサイレンス,アグネスフローラ,Gone West,デインスカヤ,Dschingis Khan,Konigskronung,Surumu,Monasia,イルドブルボン,Liranga,Night Shift,Narola,Halo,Wishing Well,ロイヤルスキー,アグネスレディー,Mr. Prospector,Secrettame,デインヒル,Boubskaia,Tamerlane,Donna Diana,Tiepoletto,Kronung,Literat,Surama,Authi,Monacensia,Nijinsky,Roseliere,Literat,Love In,Northern Dancer,Ciboulette,Nebos,Nubia,Hail to Reason,Cosmah,Understanding,Mountain Flower,Raja Baba,Coz o'Nijinsky,リマンド,イコマエイカン,Raise a Native,Gold Digger,Secretariat,Tamerett,Danzig,Razyana,Niniski,Frenetique
2022105633,シュヴァルグラン,ディープストーリー,ハーツクライ,ハルーワスウィート,ディープインパクト,リードストーリー,サンデーサイレンス,アイリッシュダンス,Machiavellian,ハルーワソング,サンデーサイレンス,ウインドインハーヘア,Editor's Note,Gwenjinsky,Halo,Wishing Well,トニービン,ビューパーダンス,Mr. Prospector,Coup de Folie,Nureyev,Morn of Song,Halo,Wishing Well,Alzao,Burghclere,フォーティナイナー,Beware of the Cat,シアトルダンサー,Carols Folly,Hail to Reason,Cosmah,Understanding,Mountain Flower,カンパラ,Severn Bridge,Lyphard,My Bupers,Raise a Native,Gold Digger,Halo,Raise the Standard,Northern Dancer,Special,Blushing Groom,Glorious Song,Hail to Reason,Cosmah,Understanding,Mountain Flower,Lyphard,Lady Rebecca,Busted,Highclere,Mr. Prospector,File,Caveat,T. C. Kitten,Nijinsky,My Charmer,Taylor's Falls,No Trespassing
2021106972,キズナ,ウェストレー,ディープインパクト,キャットクイル,オルフェーヴル,ヴェイルオブアヴァロン,サンデーサイレンス,ウインドインハーヘア,Storm Cat,Pacific Princess,ステイゴールド,オリエンタルアート,サンダーガルチ,ウインドインハーヘア,Halo,Wishing Well,Alzao,Burghclere,Storm Bird,Terlingua,Damascus,Fiji,サンデーサイレンス,ゴールデンサッシュ,メジロマックイーン,エレクトロアート,Gulch,Line of Thunder,Alzao,Burghclere,Hail to Reason,Cosmah,Understanding,Mountain Flower,Lyphard,Lady Rebecca,Busted,Highclere,Northern Dancer,South Ocean,Secretariat,Crimson Saint,Sword Dancer,Kerala,Acropolis,Rififi,Halo,Wishing Well,ディクタス,ダイナサッシュ,メジロティターン,メジロオーロラ,ノーザンテースト,グランマスティーヴンス,Mr. Prospector,Jameela,Storm Bird,Shoot a Line,Lyphard,Lady Rebecca,Busted,Highclere
2019105076,ディープインパクト,ウィキッドリーパーフェクト,サンデーサイレンス,ウインドインハーヘア,Congrats,Wickedly Wise,Halo,Wishing Well,Alzao,Burghclere,A.P. Indy,Praise,Tactical Cat,Winter Display,Hail to Reason,Cosmah,Understanding,Mountain Flower,Lyphard,Lady Rebecca,Busted,Highclere,Seattle Slew,Weekend Surprise,Mr. Prospector,Wild Applause,Storm Cat,Terre Haute,Cold Reception,Show Off,Turn-to,Nothirdchance,Cosmic Bomb,Almahmoud,Promised Land,Pretty Ways,Montparnasse,Edelweiss,Northern Dancer,Goofed,Sir Ivor,Pocahontas,Crepello,Sans le Sou,Queen's Hussar,Highlight,Bold Reasoning,My Charmer,Secretariat,Lassie Dear,Raise a Native,Gold Digger,Northern Dancer,Glowing Tribute,Storm Bird,Terlingua,Caro,Mia Dancer,Secretariat,Cold Comfort,Olympia,Look Ma
2022105289,ミッキーアイル,カンビーナ,ディープインパクト,スターアイル,Hawk Wing,Await,サンデーサイレンス,ウインドインハーヘア,ロックオブジブラルタル,アイルドフランス,Woodman,La Lorgnette,パントレセレブル,Starring Role,Halo,Wishing Well,Alzao,Burghclere,デインヒル,Offshore Boom,Nureyev,ステラマドリッド,Mr. Prospector,プレイメイト,Val de l'Orne,The Temptress,Nureyev,Peinture Bleue,Glenstal,Tough Lady,Hail to Reason,Cosmah,Understanding,Mountain Flower,Lyphard,Lady Rebecca,Busted,Highclere,Danzig,Razyana,Be My Guest,Push a Button,Northern Dancer,Special,Alydar,My Juliet,Raise a Native,Gold Digger,Buckpasser,Intriguing,Val de Loir,Aglae,Nijinsky,La Sevillana,Northern Dancer,Special,Alydar,Petroleuse,Northern Dancer,Cloonlara,Bay Express,Nevetta
2022103642,キタサンブラック,ローズカリーナ,ブラックタイド,シュガーハート,ハービンジャー,ロゼカラー,サンデーサイレンス,ウインドインハーヘア,サクラバクシンオー,オトメゴコロ,Dansili,Penang Pearl,Shirley Heights,ローザネイ,Halo,Wishing Well,Alzao,Burghclere,サクラユタカオー,サクラハゴロモ,ジャッジアンジェルーチ,テイズリー,デインヒル,Hasili,Bering,Guapa,Mill Reef,Hardiemma,Lyphard,Riviere Doree,Hail to Reason,Cosmah,Understanding,Mountain Flower,Lyphard,Lady Rebecca,Busted,Highclere,テスコボーイ,アンジェリカ,ノーザンテースト,クリアアンバー,Honest Pleasure,Victorian Queen,Lyphard,Tizna,Danzig,Razyana,Kahyasi,Kerali,Arctic Tern,Beaune,Shareef Dancer,Sauceboat,Never Bend,Milan Mill,ハーディカヌート,Grand Cross,Northern Dancer,Goofed,Secretariat,Riverqueen
2021105418,ドゥラメンテ,ヴァシリカ,キングカメハメハ,アドマイヤグルーヴ,Skipshot,La Belle Marquet,Kingmambo,マンファス,サンデーサイレンス,エアグルーヴ,Skip Away,Heavenly Note,Marquetry,Good for Her,Mr. Prospector,Miesque,ラストタイクーン,Pilot Bird,Halo,Wishing Well,トニービン,ダイナカール,Skip Trial,Ingot Way,Sunny's Halo,Muted Music,Conquistador Cielo,Regent's Walk,Topsider,Please Try Hard,Raise a Native,Gold Digger,Nureyev,Pasadoble,トライマイベスト,Mill Princess,Blakeney,The Dancer,Hail to Reason,Cosmah,Understanding,Mountain Flower,カンパラ,Severn Bridge,ノーザンテースト,シャダイフェザー,Bailjumper,Looks Promising,Diplomat Way,Ingot,Halo,Mostly Sunny,Golden Ruler,Hushaby,Mr. Prospector,K D Princess,Vice Regent,Lover's Walk,Northern Dancer,Drumtop,Nashua,We Try Harder
2022106824,ゴールドシップ,ゲハイムローゼ,ステイゴールド,ポイントフラッグ,ロージズインメイ,コスモエンドレス,サンデーサイレンス,ゴールデンサッシュ,メジロマックイーン,パストラリズム,Devil His Due,Tell a Secret,スターオブコジーン,マイネエクセル,Halo,Wishing Well,ディクタス,ダイナサッシュ,メジロティターン,メジロオーロラ,プルラリズム,トクノエイティー,Devil's Bag,Plenty O'Toole,Speak John,Secret Retreat,Cozzene,Star Gem,タマモクロス,オカノブルー,Hail to Reason,Cosmah,Understanding,Mountain Flower,Sanctus,Doronic,ノーザンテースト,ロイヤルサッシュ,メジロアサマ,シエリル,リマンド,メジロアイリス,The Minstrel,Cambretta,トライバルチーフ,アイアンルビー,Halo,Ballade,Raise a Cup,Li'l Puss,Prince John,Nuit de Folies,Clandestine,Retirement,Caro,Ride the Trails,Pia Star,Soonerland,シービークロス,グリーンシャトー,ネプテューヌス,ヒンドバース
2022105292,アルアイン,キャットタング,ディープインパクト,ドバイマジェスティ,Tapit,Wile Cat,サンデーサイレンス,ウインドインハーヘア,Essence of Dubai,Great Majesty,Pulpit,Tap Your Heels,Storm Cat,Strategic Maneuver,Halo,Wishing Well,Alzao,Burghclere,Pulpit,Epitome,Great Above,Mistic Majesty,A.P. Indy,Preach,Unbridled,Ruby Slippers,Storm Bird,Terlingua,Cryptoclearance,プレイヤーホイール,Hail to Reason,Cosmah,Understanding,Mountain Flower,Lyphard,Lady Rebecca,Busted,Highclere,A.P. Indy,Preach,Summing,Honest and True,Minnesota Mac,Ta Wee,His Majesty,Necaras Miss,Seattle Slew,Weekend Surprise,Mr. Prospector,Narrate,Fappiano,Gana Facil,Nijinsky,Moon Glitter,Northern Dancer,South Ocean,Secretariat,Crimson Saint,Fappiano,Naval Orange,Conquistador Cielo,Halo Reply
2022104362,トーセンラー,キョウエイトリガー,ディープインパクト,プリンセスオリビア,イーグルカフェ,ハイフレンドソウル,サンデーサイレンス,ウインドインハーヘア,Lycius,Dance Image,Gulch,Net Dancer,コマンダーインチーフ,トキファイター,Halo,Wishing Well,Alzao,Burghclere,Mr. Prospector,Lypatia,Sadler's Wells,Diamond Spring,Mr. Prospector,Jameela,Nureyev,Doubles Partner,ダンシングブレーヴ,Slightly Dangerous,カツラギエース,ダンシングファイタ,Hail to Reason,Cosmah,Understanding,Mountain Flower,Lyphard,Lady Rebecca,Busted,Highclere,Raise a Native,Gold Digger,Lyphard,Hypatia,Northern Dancer,Fairy Bridge,Vaguely Noble,Dumfries,Raise a Native,Gold Digger,Rambunctious,Asbury Mary,Northern Dancer,Special,Damascus,Fabuleux Jane,Lyphard,Navajo Princess,Roberto,Where You Lead,ボイズィーボーイ,タニノベンチヤ,ダンシングキャップ,キシューファイター
2022104595,サトノダイヤモンド,アスコルティ,ディープインパクト,マルペンサ,Danehill Dancer,リッスン,サンデーサイレンス,ウインドインハーヘア,Orpen,Marsella,デインヒル,Mira Adonde,Sadler's Wells,Brigid,Halo,Wishing Well,Alzao,Burghclere,Lure,Bonita Francita,サザンヘイロー,Riviere,Danzig,Razyana,Sharpen Up,Lettre d'Amour,Northern Dancer,Fairy Bridge,Irish River,Luv Luvin',Hail to Reason,Cosmah,Understanding,Mountain Flower,Lyphard,Lady Rebecca,Busted,Highclere,Danzig,Endear,Devil's Bag,Raise the Standard,Halo,Northern Sea,Logical,Talonada,Northern Dancer,Pas de Nom,His Majesty,Spring Adieu,エタン,Rocchetta,Caro,Lianga,Nearctic,Natalma,Bold Reason,Special,Riverman,Irish Star,Raise a Native,Ringing Bells
2022100702,モズアスコット,シェクロエ,Frankel,India,ノヴェリスト,ネオイリュージョン,Galileo,Kind,ヘネシー,Misty Hour,Monsun,Night Lagoon,ネオユニヴァース,マンファス,Sadler's Wells,Urban Sea,デインヒル,Rainbow Lake,Storm Cat,Island Kitty,Miswaki,Our Tina Marie,Konigsstuhl,Mosella,Lagunas,Nenuphar,サンデーサイレンス,ポインテッドパス,ラストタイクーン,Pilot Bird,Northern Dancer,Fairy Bridge,Miswaki,Allegretta,Danzig,Razyana,Rainbow Quest,Rockfest,Storm Bird,Terlingua,Hawaii,T. C. Kitten,Mr. Prospector,Hopespringseternal,Nijinsky,Java Moon,Dschingis Khan,Konigskronung,Surumu,Monasia,イルドブルボン,Liranga,Night Shift,Narola,Halo,Wishing Well,Kris,Silken Way,トライマイベスト,Mill Princess,Blakeney,The Dancer
2021102276,レッドファルクス,ダラステソーロ,スウェプトオーヴァーボード,ベルモット,Cairo Prince,Copelan's Angel,エンドスウィープ,Sheer Ice,サンデーサイレンス,レガシーオブストレングス,Pioneerof the Nile,Holy Bubbette,Copelan,ダンジグエンジェル,フォーティナイナー,Broom Dance,Cutlass,Hey Dolly A.,Halo,Wishing Well,Affirmed,Katonka,エンパイアメーカー,Star of Goshen,Holy Bull,Juliac,Tri Jet,Susan's Girl,Danzig Connection,Chelseanna,Mr. Prospector,File,Dance Spell,Witching Hour,Damascus,Aphonia,Ambehaving,Swift Deal,Hail to Reason,Cosmah,Understanding,Mountain Flower,Exclusive Native,Won't Tell You,Minnesota Mac,Minnetonka,Unbridled,Toussaud,Lord at War,Castle Eight,Great Above,Sharon Brown,Accipiter,Juliet,Jester,Haze,Quadrangle,Quaze,Danzig,Gdynia,ナイスダンサー,Lady Cornwall
2019106520,ロードカナロア,ホワイトエレガンス,キングカメハメハ,レディブラッサム,クロフネ,レディベローナ,Kingmambo,マンファス,Storm Cat,サラトガデュー,フレンチデピュティ,ブルーアヴェニュー,サンデーサイレンス,シンコウラブリイ,Mr. Prospector,Miesque,ラストタイクーン,Pilot Bird,Storm Bird,Terlingua,Cormorant,Super Luna,Deputy Minister,Mitterand,Classic Go Go,Eliza Blue,Halo,Wishing Well,Caerleon,ハッピートレイルズ,Raise a Native,Gold Digger,Nureyev,Pasadoble,トライマイベスト,Mill Princess,Blakeney,The Dancer,Northern Dancer,South Ocean,Secretariat,Crimson Saint,His Majesty,Song Sparrow,In Reality,Alada,Vice Regent,Mint Copy,Hold Your Peace,Laredo Lass,Pago Pago,Classic Perfection,Icecapade,コレラ,Hail to Reason,Cosmah,Understanding,Mountain Flower,Nijinsky,Foreseer,ポツセ,ロイコン
2022101938,ダノンレジェンド,ピンクスター,Macho Uno,マイグッドネス,タートルボウル,レアクラシック,Holy Bull,Primal Force,Storm Cat,Caressing,Dyhim Diamond,Clara Bow,スペシャルウィーク,クラシッククラウン,Great Above,Sharon Brown,Blushing Groom,Prime Prospect,Storm Bird,Terlingua,Honour and Glory,Lovin Touch,Night Shift,Happy Landing,Top Ville,Kamiya,サンデーサイレンス,キャンペンガール,Mr. Prospector,Six Crowns,Minnesota Mac,Ta Wee,Al Hattab,Agathea's Dawn,Red God,Runaway Bride,Mr. Prospector,Square Generation,Northern Dancer,South Ocean,Secretariat,Crimson Saint,Relaunch,Fair to All,Majestic Prince,Forest Princess,Northern Dancer,Ciboulette,Homing,Laughing Goddess,High Top,Sega Ville,Kalamoun,Shahinaaz,Halo,Wishing Well,マルゼンスキー,レディーシラオキ,Raise a Native,Gold Digger,Secretariat,Chris Evert
2022106011,ディーマジェスティ,クニコチャン,ディープインパクト,エルメスティアラ,ゴールドアリュール,クバター,サンデーサイレンス,ウインドインハーヘア,ブライアンズタイム,シンコウエルメス,サンデーサイレンス,ニキーヤ,De Ramiro,Golden Relic,Halo,Wishing Well,Alzao,Burghclere,Roberto,Kelley's Day,Sadler's Wells,Doff the Derby,Halo,Wishing Well,Nureyev,Reluctant Guest,Kasteel,Cassel,Relko,Golden Girdle,Hail to Reason,Cosmah,Understanding,Mountain Flower,Lyphard,Lady Rebecca,Busted,Highclere,Hail to Reason,Bramalea,Graustark,Golden Trail,Northern Dancer,Fairy Bridge,Master Derby,Margarethen,Hail to Reason,Cosmah,Understanding,Mountain Flower,Northern Dancer,Special,Hostage,Vaguely Royal,King of the Castle,Esme,Irmak,Tabea,Tanerko,Relance,Ballymoss,Chaste and Fair
2022106656,キズナ,フェアエレン,ディープインパクト,キャットクイル,Street Cry,Palais Versailles,サンデーサイレンス,ウインドインハーヘア,Storm Cat,Pacific Princess,Machiavellian,Helen Street,Pulpit,Versailles Treaty,Halo,Wishing Well,Alzao,Burghclere,Storm Bird,Terlingua,Damascus,Fiji,Mr. Prospector,Coup de Folie,Troy,Waterway,A.P. Indy,Preach,Danzig,Ten Cents a Dance,Hail to Reason,Cosmah,Understanding,Mountain Flower,Lyphard,Lady Rebecca,Busted,Highclere,Northern Dancer,South Ocean,Secretariat,Crimson Saint,Sword Dancer,Kerala,Acropolis,Rififi,Raise a Native,Gold Digger,Halo,Raise the Standard,Petingo,La Milo,Riverman,Boulevard,Seattle Slew,Weekend Surprise,Mr. Prospector,Narrate,Northern Dancer,Pas de Nom,Buckpasser,Exclusive Dancer
2021103325,カレンブラックヒル,オルレアンノオトメ,ダイワメジャー,チャールストンハーバー,チーフベアハート,マイネカプリース,サンデーサイレンス,スカーレットブーケ,Grindstone,Penny's Valentine,Chief's Crown,Amelia Bearhart,タヤスツヨシ,ダイナカプリ,Halo,Wishing Well,ノーザンテースト,スカーレットインク,Unbridled,Buzz My Bell,Storm Cat,Mrs. Penny,Danzig,Six Crowns,Bold Hour,Myrtlewood Lass,サンデーサイレンス,マガロ,サウスアトランティック,ダイナギフト,Hail to Reason,Cosmah,Understanding,Mountain Flower,Northern Dancer,Lady Victoria,Crimson Satan,Consentida,Fappiano,Gana Facil,Drone,Chateaupavia,Storm Bird,Terlingua,Great Nephew,Tananarive,Northern Dancer,Pas de Nom,Secretariat,Chris Evert,Bold Ruler,Seven Thirty,Ribot,Gold Digger,Halo,Wishing Well,Caro,Magic,Mill Reef,Arkadina,エルセンタウロ,ロイヤルサッシュ
2022102681,ゴールドドリーム,マイネオレンジ,ゴールドアリュール,モンヴェール,ロージズインメイ,コスモバレンシア,サンデーサイレンス,ニキーヤ,フレンチデピュティ,スペシャルジェイド,Devil His Due,Tell a Secret,ティンバーカントリー,スナークバンダム,Halo,Wishing Well,Nureyev,Reluctant Guest,Deputy Minister,Mitterand,Cox's Ridge,Statistic,Devil's Bag,Plenty O'Toole,Speak John,Secret Retreat,Woodman,Fall Aspen,ホリスキー,スナークコトブキ,Hail to Reason,Cosmah,Understanding,Mountain Flower,Northern Dancer,Special,Hostage,Vaguely Royal,Vice Regent,Mint Copy,Hold Your Peace,Laredo Lass,Best Turn,Our Martha,Mr. Prospector,Number,Halo,Ballade,Raise a Cup,Li'l Puss,Prince John,Nuit de Folies,Clandestine,Retirement,Mr. Prospector,プレイメイト,Pretense,Change Water,マルゼンスキー,オキノバンダ,ノーザンテースト,ニューシルバーイン
2020102952,マインドユアビスケッツ,デアリングハート,Posse,Jazzmane,サンデーサイレンス,デアリングダンジグ,Silver Deputy,Raska,Toccet,Alljazz,Halo,Wishing Well,Danzig,Impetuous Gal,Deputy Minister,Silver Valley,Rahy,Borishka,Awesome Again,Cozzene's Angel,Stop the Music,Bounteous,Hail to Reason,Cosmah,Understanding,Mountain Flower,Northern Dancer,Pas de Nom,Briartic,Impetuous Lady,Vice Regent,Mint Copy,Mr. Prospector,Seven Valleys,Blushing Groom,Glorious Song,Roberto,Queen Maud,Deputy Minister,Primal Force,Cozzene,Charming Pan,Hail to Reason,Bebopper,Master Derby,Mlle. Quille,Turn-to,Nothirdchance,Cosmic Bomb,Almahmoud,Promised Land,Pretty Ways,Montparnasse,Edelweiss,Nearctic,Natalma,Admiral's Voyage,Petitioner,Nearctic,Sweet Lady Briar,Hasty Road,Escocesa
2020106429,ディーマジェスティ,マウンテンミステリー,ディープインパクト,エルメスティアラ,Mt. Livermore,Search the Sea,サンデーサイレンス,ウインドインハーヘア,ブライアンズタイム,シンコウエルメス,Blushing Groom,Flama Ardiente,Seeking the Gold,Sea Regent,Halo,Wishing Well,Alzao,Burghclere,Roberto,Kelley's Day,Sadler's Wells,Doff the Derby,Red God,Runaway Bride,Crimson Satan,Royal Rafele,Mr. Prospector,Con Game,Vice Regent,Miss Tidal Wave,Hail to Reason,Cosmah,Understanding,Mountain Flower,Lyphard,Lady Rebecca,Busted,Highclere,Hail to Reason,Bramalea,Graustark,Golden Trail,Northern Dancer,Fairy Bridge,Master Derby,Margarethen,Nasrullah,Spring Run,Wild Risk,Aimee,Spy Song,Papila,Reneged,Questar,Raise a Native,Gold Digger,Buckpasser,Broadway,Northern Dancer,Victoria Regina,Captain's Gig,Summerdale
2020103559,ロードカナロア,ファイネストシティ,キングカメハメハ,レディブラッサム,City Zip,Be Envied,Kingmambo,マンファス,Storm Cat,サラトガデュー,Carson City,Baby Zip,Lemon Drop Kid,While Rome Burns,Mr. Prospector,Miesque,ラストタイクーン,Pilot Bird,Storm Bird,Terlingua,Cormorant,Super Luna,Mr. Prospector,Blushing Promise,Relaunch,Thirty Zip,Kingmambo,Charming Lassie,Overskate,Fiddlesticks,Raise a Native,Gold Digger,Nureyev,Pasadoble,トライマイベスト,Mill Princess,Blakeney,The Dancer,Northern Dancer,South Ocean,Secretariat,Crimson Saint,His Majesty,Song Sparrow,In Reality,Alada,Raise a Native,Gold Digger,Blushing Groom,Summertime Promise,In Reality,Foggy Note,Tri Jet,Sailaway,Mr. Prospector,Miesque,Seattle Slew,Lassie Dear,Nodouble,Overstate,Northern Dancer,Discipline
2021101647,バゴ,ゴールデンチャンス,Nashwan,Moonlight's Box,ステイゴールド,ファーザ,Blushing Groom,Height of Fashion,Nureyev,Coup de Genie,サンデーサイレンス,ゴールデンサッシュ,Mr. Prospector,Baya,Red God,Runaway Bride,Bustino,Highclere,Northern Dancer,Special,Mr. Prospector,Coup de Folie,Halo,Wishing Well,ディクタス,ダイナサッシュ,Raise a Native,Gold Digger,Nureyev,Barger,Nasrullah,Spring Run,Wild Risk,Aimee,Busted,Ship Yard,Queen's Hussar,Highlight,Nearctic,Natalma,Forli,Thong,Raise a Native,Gold Digger,Halo,Raise the Standard,Hail to Reason,Cosmah,Understanding,Mountain Flower,Sanctus,Doronic,ノーザンテースト,ロイヤルサッシュ,Native Dancer,Raise You,Nashua,Sequence,Northern Dancer,Special,Riverman,Trillion
2022106102,サンダースノー,ブラックシュガー,Helmet,Eastern Joy,ブラックタイド,キシュウソウシュウ,Exceed And Excel,Accessories,Dubai Destination,Red Slippers,サンデーサイレンス,ウインドインハーヘア,Machiavellian,スーティー,デインヒル,Patrona,シングスピール,Anna Matrushka,Kingmambo,Mysterial,Nureyev,Morning Devotion,Halo,Wishing Well,Alzao,Burghclere,Mr. Prospector,Coup de Folie,Caerleon,アグサン,Danzig,Razyana,Lomond,Gladiolus,In the Wings,Glorious Song,Mill Reef,Anna Paola,Mr. Prospector,Miesque,Alleged,Mysteries,Northern Dancer,Special,Affirmed,Morning Has Broken,Hail to Reason,Cosmah,Understanding,Mountain Flower,Lyphard,Lady Rebecca,Busted,Highclere,Raise a Native,Gold Digger,Halo,Raise the Standard,Nijinsky,Foreseer,Lord Gayle,Santa Luciana
2021101211,ヴィクトワールピサ,トレグラツィエ,ネオユニヴァース,ホワイトウォーターアフェア,シンボリクリスエス,サビアーレ,サンデーサイレンス,ポインテッドパス,Machiavellian,Much Too Risky,Kris S.,Tee Kay,Capote,Sakura Fabulous,Halo,Wishing Well,Kris,Silken Way,Mr. Prospector,Coup de Folie,Bustino,Short Rations,Roberto,Sharp Queen,Gold Meridian,Tri Argo,Seattle Slew,Too Bald,Fabulous Dancer,ローラローラ,Hail to Reason,Cosmah,Understanding,Mountain Flower,Sharpen Up,Doubly Sure,Shantung,Boulevard,Raise a Native,Gold Digger,Halo,Raise the Standard,Busted,Ship Yard,Lorenzaccio,Short Commons,Hail to Reason,Bramalea,Princequillo,Bridgework,Seattle Slew,Queen Louie,Tri Jet,Hail Proudly,Bold Reasoning,My Charmer,Bald Eagle,Hidden Talent,Northern Dancer,Last of the Line,Saint Cyrien,Bold Lady
2022102994,ナダル,ファイナルドリーム,Blame,Ascending Angel,Frankel,Steel Princess,Arch,Liable,Pulpit,Solar Colony,Galileo,Kind,デインヒル,Champaka,Kris S.,Aurora,Seeking the Gold,Bound,A.P. Indy,Preach,Pleasant Colony,Meteor Stage,Sadler's Wells,Urban Sea,デインヒル,Rainbow Lake,Danzig,Razyana,Caerleon,Fleur Royale,Roberto,Sharp Queen,Danzig,Althea,Mr. Prospector,Con Game,Nijinsky,Special,Seattle Slew,Weekend Surprise,Mr. Prospector,Narrate,His Majesty,Sun Colony,Stage Door Johnny,Northern Meteor,Northern Dancer,Fairy Bridge,Miswaki,Allegretta,Danzig,Razyana,Rainbow Quest,Rockfest,Northern Dancer,Pas de Nom,His Majesty,Spring Adieu,Nijinsky,Foreseer,Mill Reef,Sweet Mimosa
2021100564,エピファネイア,ブライトガーランド,シンボリクリスエス,シーザリオ,ダイワメジャー,ブリリアントレイ,Kris S.,Tee Kay,スペシャルウィーク,キロフプリミエール,サンデーサイレンス,スカーレットブーケ,キングカメハメハ,ブラダマンテ,Roberto,Sharp Queen,Gold Meridian,Tri Argo,サンデーサイレンス,キャンペンガール,Sadler's Wells,Querida,Halo,Wishing Well,ノーザンテースト,スカーレットインク,Kingmambo,マンファス,Roberto,Sulemeif,Hail to Reason,Bramalea,Princequillo,Bridgework,Seattle Slew,Queen Louie,Tri Jet,Hail Proudly,Halo,Wishing Well,マルゼンスキー,レディーシラオキ,Northern Dancer,Fairy Bridge,Habitat,Principia,Hail to Reason,Cosmah,Understanding,Mountain Flower,Northern Dancer,Lady Victoria,Crimson Satan,Consentida,Mr. Prospector,Miesque,ラストタイクーン,Pilot Bird,Hail to Reason,Bramalea,Northern Dancer,Barely Even
2020103388,リアルスティール,サンタフェチーフ,ディープインパクト,ラヴズオンリーミー,Wiesenpfad,Saldentigerin,サンデーサイレンス,ウインドインハーヘア,Storm Cat,Monevassia,Waky Nao,Waldbeere,Tiger Hill,Salde,Halo,Wishing Well,Alzao,Burghclere,Storm Bird,Terlingua,Mr. Prospector,Miesque,Alzao,Waky Na,Mark of Esteem,Wurftaube,デインヒル,The Filly,Alkalde,Saite,Hail to Reason,Cosmah,Understanding,Mountain Flower,Lyphard,Lady Rebecca,Busted,Highclere,Northern Dancer,South Ocean,Secretariat,Crimson Saint,Raise a Native,Gold Digger,Nureyev,Pasadoble,Lyphard,Lady Rebecca,Ahonoora,Myra's Best,Darshaan,Homage,Acatenango,Wurfbahn,Danzig,Razyana,Appiani,Tigress Silver,Konigsstuhl,Astra,Marduk,Salesiana
2022105070,キズナ,ミスエルテ,ディープインパクト,キャットクイル,Frankel,ミスエーニョ,サンデーサイレンス,ウインドインハーヘア,Storm Cat,Pacific Princess,Galileo,Kind,Pulpit,Madcap Escapade,Halo,Wishing Well,Alzao,Burghclere,Storm Bird,Terlingua,Damascus,Fiji,Sadler's Wells,Urban Sea,デインヒル,Rainbow Lake,A.P. Indy,Preach,ヘネシー,Sassy Pants,Hail to Reason,Cosmah,Understanding,Mountain Flower,Lyphard,Lady Rebecca,Busted,Highclere,Northern Dancer,South Ocean,Secretariat,Crimson Saint,Sword Dancer,Kerala,Acropolis,Rififi,Northern Dancer,Fairy Bridge,Miswaki,Allegretta,Danzig,Razyana,Rainbow Quest,Rockfest,Seattle Slew,Weekend Surprise,Mr. Prospector,Narrate,Storm Cat,Island Kitty,Saratoga Six,Special Portion
2021102106,ヤングマンパワー,ハイタッチクイーン,スニッツェル,スナップショット,キングヘイロー,オペラレディ,Redoute's Choice,Snippets' Lass,サンデーサイレンス,ルフィーラ,ダンシングブレーヴ,グッバイヘイロー,オペラハウス,レディステラ,デインヒル,Shantha's Choice,Snippets,Snow Finch,Halo,Wishing Well,Nureyev,River Memories,Lyphard,Navajo Princess,Halo,Pound Foolish,Sadler's Wells,Colorspin,Crafty Prospector,Maggie J. Jones,Danzig,Razyana,Canny Lad,Dancing Show,Lunchtime,Easy Date,Storm Bird,A Realgirl,Hail to Reason,Cosmah,Understanding,Mountain Flower,Northern Dancer,Special,Riverman,Le Vague a l'Ame,Northern Dancer,Goofed,Drone,Olmec,Hail to Reason,Cosmah,Sir Ivor,Squander,Northern Dancer,Fairy Bridge,High Top,Reprocolor,Mr. Prospector,Real Crafty Lady,Angle Light,Two Bidders
2021103486,ブリックスアンドモルタル,オヒア,Giant's Causeway,Beyond the Waves,ブラックタイド,ギガンティア,Storm Cat,Mariah's Storm,Ocean Crest,Excedent,サンデーサイレンス,ウインドインハーヘア,Fusaichi Pegasus,ベストブート,Storm Bird,Terlingua,Rahy,イメンス,Storm Bird,S.S.Aroma,Exceller,Broadway Lullaby,Halo,Wishing Well,Alzao,Burghclere,Mr. Prospector,Angel Fever,Storm Boot,Bright Tiara,Northern Dancer,South Ocean,Secretariat,Crimson Saint,Blushing Groom,Glorious Song,Roberto,Imsodear,Northern Dancer,South Ocean,Seattle Slew,Rare Bouquet,Vaguely Noble,Too Bald,Stage Door Johnny,リットルブレツシング,Hail to Reason,Cosmah,Understanding,Mountain Flower,Lyphard,Lady Rebecca,Busted,Highclere,Raise a Native,Gold Digger,Danzig,Rowdy Angel,Storm Cat,Aliata,Chief's Crown,Expressive Dance
2020101258,ダノンバラード,オピニオン,ディープインパクト,レディバラード,アイルハヴアナザー,アドマイヤオンリー,サンデーサイレンス,ウインドインハーヘア,Unbridled,Angelic Song,Flower Alley,Arch's Gal Edith,クロフネ,トウカイステラ,Halo,Wishing Well,Alzao,Burghclere,Fappiano,Gana Facil,Halo,Ballade,Distorted Humor,プリンセスオリビア,Arch,Force Five Gal,フレンチデピュティ,ブルーアヴェニュー,トウカイテイオー,ツジノダイアナ,Hail to Reason,Cosmah,Understanding,Mountain Flower,Lyphard,Lady Rebecca,Busted,Highclere,Mr. Prospector,Killaloe,Le Fabuleux,Charedi,Hail to Reason,Cosmah,Herbager,Miss Swapsco,フォーティナイナー,Danzig's Beauty,Lycius,Dance Image,Kris S.,Aurora,Pleasant Tap,Last Cause,Deputy Minister,Mitterand,Classic Go Go,Eliza Blue,シンボリルドルフ,トウカイナチュラル,マグニテュード,テツノアーク
2021105367,エピファネイア,アドマイヤセプター,シンボリクリスエス,シーザリオ,キングカメハメハ,アドマイヤグルーヴ,Kris S.,Tee Kay,スペシャルウィーク,キロフプリミエール,Kingmambo,マンファス,サンデーサイレンス,エアグルーヴ,Roberto,Sharp Queen,Gold Meridian,Tri Argo,サンデーサイレンス,キャンペンガール,Sadler's Wells,Querida,Mr. Prospector,Miesque,ラストタイクーン,Pilot Bird,Halo,Wishing Well,トニービン,ダイナカール,Hail to Reason,Bramalea,Princequillo,Bridgework,Seattle Slew,Queen Louie,Tri Jet,Hail Proudly,Halo,Wishing Well,マルゼンスキー,レディーシラオキ,Northern Dancer,Fairy Bridge,Habitat,Principia,Raise a Native,Gold Digger,Nureyev,Pasadoble,トライマイベスト,Mill Princess,Blakeney,The Dancer,Hail to Reason,Cosmah,Understanding,Mountain Flower,カンパラ,Severn Bridge,ノーザンテースト,シャダイフェザー
2021102200,エイシンフラッシュ,ブランシェール,キングズベスト,ムーンレディ,ディープインパクト,アドヴァーシティ,Kingmambo,Allegretta,プラティニ,Midnight Fever,サンデーサイレンス,ウインドインハーヘア,Seeking the Gold,Dispute,Mr. Prospector,Miesque,Lombard,Anatevka,Surumu,Prairie Darling,Sure Blade,Majoritat,Halo,Wishing Well,Alzao,Burghclere,Mr. Prospector,Con Game,Danzig,Resolver,Raise a Native,Gold Digger,Nureyev,Pasadoble,Agio,Promised Lady,Espresso,Almyra,Literat,Surama,Stanford,Prairie Belle,Kris,Double Lock,Konigsstuhl,Monacchia,Hail to Reason,Cosmah,Understanding,Mountain Flower,Lyphard,Lady Rebecca,Busted,Highclere,Raise a Native,Gold Digger,Buckpasser,Broadway,Northern Dancer,Pas de Nom,Reviewer,Lovely Morning
2021103799,イスラボニータ,スウィートハース,フジキセキ,イスラコジーン,Touch Gold,Sweet Gold,サンデーサイレンス,ミルレーサー,Cozzene,Isla Mujeres,Deputy Minister,Passing Mood,Gilded Time,Anti Social,Halo,Wishing Well,Le Fabuleux,Marston's Mill,Caro,Ride the Trails,Crafty Prospector,Lido Isle,Vice Regent,Mint Copy,Buckpasser,Cool Mood,Timeless Moment,Gilded Lilly,Pretense,Wind Song,Hail to Reason,Cosmah,Understanding,Mountain Flower,Wild Risk,Anguar,In Reality,Millicent,フォルティノ,Chambord,Prince John,Wildwook,Mr. Prospector,Real Crafty Lady,Far North,She Is Gorgeous,Northern Dancer,Victoria Regina,Bunty's Flight,Shakney,Tom Fool,Busanda,Northern Dancer,Happy Mood,Damascus,Hour of Parting,What a Pleasure,Luquillo,Endeavour,Imitation,Mr. Music,Windsail
2021104365,オルフェーヴル,フレンズ,ステイゴールド,オリエンタルアート,クロフネ,フォーント,サンデーサイレンス,ゴールデンサッシュ,メジロマックイーン,エレクトロアート,フレンチデピュティ,ブルーアヴェニュー,Kris S.,Salt Spring,Halo,Wishing Well,ディクタス,ダイナサッシュ,メジロティターン,メジロオーロラ,ノーザンテースト,グランマスティーヴンス,Deputy Minister,Mitterand,Classic Go Go,Eliza Blue,Roberto,Sharp Queen,Salt Marsh,Jungle Mythologic,Hail to Reason,Cosmah,Understanding,Mountain Flower,Sanctus,Doronic,ノーザンテースト,ロイヤルサッシュ,メジロアサマ,シエリル,リマンド,メジロアイリス,Northern Dancer,Lady Victoria,Lt. Stevens,Dhow,Vice Regent,Mint Copy,Hold Your Peace,Laredo Lass,Pago Pago,Classic Perfection,Icecapade,コレラ,Hail to Reason,Bramalea,Princequillo,Bridgework,Tom Rolfe,Saline,Mount Athos,Jungle Queen
2022105590,ブリックスアンドモルタル,ワントゥワン,Giant's Causeway,Beyond the Waves,ディープインパクト,ワンカラット,Storm Cat,Mariah's Storm,Ocean Crest,Excedent,サンデーサイレンス,ウインドインハーヘア,ファルブラヴ,バルドウィナ,Storm Bird,Terlingua,Rahy,イメンス,Storm Bird,S.S.Aroma,Exceller,Broadway Lullaby,Halo,Wishing Well,Alzao,Burghclere,Fairy King,Gift of the Night,Pistolet Bleu,Balioka,Northern Dancer,South Ocean,Secretariat,Crimson Saint,Blushing Groom,Glorious Song,Roberto,Imsodear,Northern Dancer,South Ocean,Seattle Slew,Rare Bouquet,Vaguely Noble,Too Bald,Stage Door Johnny,リットルブレツシング,Hail to Reason,Cosmah,Understanding,Mountain Flower,Lyphard,Lady Rebecca,Busted,Highclere,Northern Dancer,Fairy Bridge,Slewpy,Little Nana,Top Ville,Pampa Bella,Tourangeau,Bangalore
2020104960,ビッグアーサー,トロピカルガーデン,サクラバクシンオー,シヤボナ,ハイアーゲーム,ウディバードソング,サクラユタカオー,サクラハゴロモ,Kingmambo,Relish,サンデーサイレンス,ファンジカ,Woodman,All for Erika,テスコボーイ,アンジェリカ,ノーザンテースト,クリアアンバー,Mr. Prospector,Miesque,Sadler's Wells,Reloy,Halo,Wishing Well,Law Society,Florie,Mr. Prospector,プレイメイト,Capote,Weber City Miss,Princely Gift,Suncourt,ネヴァービート,スターハイネス,Northern Dancer,Lady Victoria,Ambiopoise,One Clear Call,Raise a Native,Gold Digger,Nureyev,Pasadoble,Northern Dancer,Fairy Bridge,Liloy,Rescousse,Hail to Reason,Cosmah,Understanding,Mountain Flower,Alleged,Bold Bikini,ゲイメセン,Figure Libre,Raise a Native,Gold Digger,Buckpasser,Intriguing,Seattle Slew,Too Bald,Berkley Prince,Esirnus
2022104893,エピファネイア,ダノングレース,シンボリクリスエス,シーザリオ,ディープインパクト,チェリーコレクト,Kris S.,Tee Kay,スペシャルウィーク,キロフプリミエール,サンデーサイレンス,ウインドインハーヘア,Oratorio,Holy Moon,Roberto,Sharp Queen,Gold Meridian,Tri Argo,サンデーサイレンス,キャンペンガール,Sadler's Wells,Querida,Halo,Wishing Well,Alzao,Burghclere,デインヒル,Mahrah,エルナンド,Centinela,Hail to Reason,Bramalea,Princequillo,Bridgework,Seattle Slew,Queen Louie,Tri Jet,Hail Proudly,Halo,Wishing Well,マルゼンスキー,レディーシラオキ,Northern Dancer,Fairy Bridge,Habitat,Principia,Hail to Reason,Cosmah,Understanding,Mountain Flower,Lyphard,Lady Rebecca,Busted,Highclere,Danzig,Razyana,Vaguely Noble,Montage,Niniski,Whakilyric,Caerleon,New Generation
2022104814,フィエールマン,シャンブルドット,ディープインパクト,リュヌドール,Lope de Vega,Multicolour Wave,サンデーサイレンス,ウインドインハーヘア,Green Tune,Luth d'Or,Shamardal,Lady Vettori,Rainbow Quest,Echoes,Halo,Wishing Well,Alzao,Burghclere,Green Dancer,Soundings,Noir Et Or,Viole d'Amour,Giant's Causeway,Helsinki,Vettori,Lady Golconda,Blushing Groom,I Will Follow,Niniski,Equal Honor,Hail to Reason,Cosmah,Understanding,Mountain Flower,Lyphard,Lady Rebecca,Busted,Highclere,Nijinsky,Green Valley,Mr. Prospector,Ocean's Answer,ラインゴールド,Pomme Rose,Luthier,Mandolinette,Storm Cat,Mariah's Storm,Machiavellian,Helen Street,Machiavellian,Air Distingue,Kendor,Lady Sharp,Red God,Runaway Bride,Herbager,Where You Lead,Nijinsky,Virginia Hills,Round Table,Bold Honor
2021103259,ロードカナロア,ミッキーチャーム,キングカメハメハ,レディブラッサム,ディープインパクト,リップルスメイド,Kingmambo,マンファス,Storm Cat,サラトガデュー,サンデーサイレンス,ウインドインハーヘア,Dansili,Rivers Rhapsody,Mr. Prospector,Miesque,ラストタイクーン,Pilot Bird,Storm Bird,Terlingua,Cormorant,Super Luna,Halo,Wishing Well,Alzao,Burghclere,デインヒル,Hasili,Dominion,Trwyn Cilan,Raise a Native,Gold Digger,Nureyev,Pasadoble,トライマイベスト,Mill Princess,Blakeney,The Dancer,Northern Dancer,South Ocean,Secretariat,Crimson Saint,His Majesty,Song Sparrow,In Reality,Alada,Hail to Reason,Cosmah,Understanding,Mountain Flower,Lyphard,Lady Rebecca,Busted,Highclere,Danzig,Razyana,Kahyasi,Kerali,Derring-Do,Picture Palace,Import,Welsh Cape
2021105578,ドゥラメンテ,シーヴ,キングカメハメハ,アドマイヤグルーヴ,Mineshaft,Belterra,Kingmambo,マンファス,サンデーサイレンス,エアグルーヴ,A.P. Indy,Prospectors Delite,Unbridled,Cruising Haven,Mr. Prospector,Miesque,ラストタイクーン,Pilot Bird,Halo,Wishing Well,トニービン,ダイナカール,Seattle Slew,Weekend Surprise,Mr. Prospector,Up the Flagpole,Fappiano,Gana Facil,Shelter Half,Sailing Leader,Raise a Native,Gold Digger,Nureyev,Pasadoble,トライマイベスト,Mill Princess,Blakeney,The Dancer,Hail to Reason,Cosmah,Understanding,Mountain Flower,カンパラ,Severn Bridge,ノーザンテースト,シャダイフェザー,Bold Reasoning,My Charmer,Secretariat,Lassie Dear,Raise a Native,Gold Digger,Hoist the Flag,The Garden Club,Mr. Prospector,Killaloe,Le Fabuleux,Charedi,Tentam,Gay Matelda,Mr. Leader,Sailor Town
2022104594,モーリス,アシュリン,スクリーンヒーロー,メジロフランシス,マンハッタンカフェ,アンティックドール,グラスワンダー,ランニングヒロイン,カーネギー,メジロモントレー,サンデーサイレンス,サトルチェンジ,Fusaichi Pegasus,Antique Auction,Silver Hawk,Ameriflora,サンデーサイレンス,ダイナアクトレス,Sadler's Wells,Detroit,モガミ,メジロクインシー,Halo,Wishing Well,Law Society,Santa Luciana,Mr. Prospector,Angel Fever,Geiger Counter,オールドスタッフ,Roberto,Gris Vitesse,Danzig,Graceful Touch,Halo,Wishing Well,ノーザンテースト,モデルスポート,Northern Dancer,Fairy Bridge,Riverman,Derna,Lyphard,ノーラック,フィディオン,メジロボサツ,Hail to Reason,Cosmah,Understanding,Mountain Flower,Alleged,Bold Bikini,Luciano,Suleika,Raise a Native,Gold Digger,Danzig,Rowdy Angel,Mr. Prospector,Thong,Irish River,アンティックヴァリュー
2022105830,ワールドエース,ヒカルアモーレ,ディープインパクト,マンデラ,クロフネ,グレイトフィーヴァー,サンデーサイレンス,ウインドインハーヘア,Acatenango,Mandellicht,フレンチデピュティ,ブルーアヴェニュー,Kaldoun,My Great Hope,Halo,Wishing Well,Alzao,Burghclere,Surumu,Aggravate,Be My Guest,Mandelauge,Deputy Minister,Mitterand,Classic Go Go,Eliza Blue,Caro,Katana,Simply Great,Martingale,Hail to Reason,Cosmah,Understanding,Mountain Flower,Lyphard,Lady Rebecca,Busted,Highclere,Literat,Surama,Aggressor,Raven Locks,Northern Dancer,What a Treat,Elektrant,Mandriale,Vice Regent,Mint Copy,Hold Your Peace,Laredo Lass,Pago Pago,Classic Perfection,Icecapade,コレラ,フォルティノ,Chambord,Le Haar,Embellie,Mill Reef,Seneca,Luthier,Moonmadness
2021110030,Iffraaj,Latharna Skies,Zafonic,Pastorale,Dubawi,Firth of Lorne,Gone West,Zaizafon,Nureyev,Park Appeal,Dubai Millennium,Zomaradah,デインヒル,Kerrera,Mr. Prospector,Secrettame,The Minstrel,Mofida,Northern Dancer,Special,Ahonoora,Balidaress,Seeking the Gold,Colorado Dancer,Deploy,Jawaher,Danzig,Razyana,Diesis,Rimosa's Pet,Raise a Native,Gold Digger,Secretariat,Tamerett,Northern Dancer,Fleur,Right Tack,Wold Lass,Nearctic,Natalma,Forli,Thong,Lorenzaccio,Helen Nichols,Balidar,Innocence,Mr. Prospector,Con Game,Shareef Dancer,Fall Aspen,Shirley Heights,Slightly Dangerous,ダンシングブレーヴ,High Tern,Northern Dancer,Pas de Nom,His Majesty,Spring Adieu,Sharpen Up,Doubly Sure,Petingo,Rimosa
2021105757,ハービンジャー,プロクリス,Dansili,Penang Pearl,キングカメハメハ,ライラプス,デインヒル,Hasili,Bering,Guapa,Kingmambo,マンファス,フレンチデピュティ,フサイチエアデール,Danzig,Razyana,Kahyasi,Kerali,Arctic Tern,Beaune,Shareef Dancer,Sauceboat,Mr. Prospector,Miesque,ラストタイクーン,Pilot Bird,Deputy Minister,Mitterand,サンデーサイレンス,ラスティックベル,Northern Dancer,Pas de Nom,His Majesty,Spring Adieu,イルドブルボン,Kadissya,High Line,Sookera,Sea-Bird,Bubbling Beauty,Lyphard,Barbra,Northern Dancer,Sweet Alliance,Connaught,Cranberry Sauce,Raise a Native,Gold Digger,Nureyev,Pasadoble,トライマイベスト,Mill Princess,Blakeney,The Dancer,Vice Regent,Mint Copy,Hold Your Peace,Laredo Lass,Halo,Wishing Well,Mr. Prospector,Ragtime Girl
2021110088,Saxon Warrior,フォローアドリーム,ディープインパクト,メイビー,Giant's Causeway,Dream of Summer,サンデーサイレンス,ウインドインハーヘア,Galileo,Sumora,Storm Cat,Mariah's Storm,Siberian Summer,Mary's Dream,Halo,Wishing Well,Alzao,Burghclere,Sadler's Wells,Urban Sea,デインヒル,Rain Flower,Storm Bird,Terlingua,Rahy,イメンス,Siberian Express,Mia Karina,Skywalker,Proper Mary,Hail to Reason,Cosmah,Understanding,Mountain Flower,Lyphard,Lady Rebecca,Busted,Highclere,Northern Dancer,Fairy Bridge,Miswaki,Allegretta,Danzig,Razyana,Indian Ridge,Rose of Jericho,Northern Dancer,South Ocean,Secretariat,Crimson Saint,Blushing Groom,Glorious Song,Roberto,Imsodear,Caro,Indian Call,Icecapade,Basin,Relaunch,Bold Captive,Properantes,My Mary
2021102419,ファインニードル,ディープサウス,アドマイヤムーン,ニードルクラフト,ディープインパクト,ストレイトフロムテキサス,エンドスウィープ,マイケイティーズ,Mark of Esteem,Sharp Point,サンデーサイレンス,ウインドインハーヘア,Judge T C,Tellum Texan,フォーティナイナー,Broom Dance,サンデーサイレンス,ケイティーズファースト,Darshaan,Homage,ロイヤルアカデミー,Nice Point,Halo,Wishing Well,Alzao,Burghclere,Judge Smells,I'm Pretty,Eastern Echo,Drone Qui,Mr. Prospector,File,Dance Spell,Witching Hour,Halo,Wishing Well,Kris,Katies,Shirley Heights,Delsy,Ajdal,Home Love,Nijinsky,Crimson Saint,Sharpen Up,Alpine Niece,Hail to Reason,Cosmah,Understanding,Mountain Flower,Lyphard,Lady Rebecca,Busted,Highclere,In Reality,Timeforaturn,Secretariat,Quit Me Not,Damascus,Wild Applause,Drone,Qui Silent
2021104167,サトノアラジン,ラストメッセージ,ディープインパクト,マジックストーム,ジャングルポケット,フェニックスバード,サンデーサイレンス,ウインドインハーヘア,Storm Cat,Foppy Dancer,トニービン,ダンスチャーマー,Kingmambo,トロフィーポイント,Halo,Wishing Well,Alzao,Burghclere,Storm Bird,Terlingua,Fappiano,Water Dance,カンパラ,Severn Bridge,Nureyev,Skillful Joy,Mr. Prospector,Miesque,オジジアン,Tricky Game,Hail to Reason,Cosmah,Understanding,Mountain Flower,Lyphard,Lady Rebecca,Busted,Highclere,Northern Dancer,South Ocean,Secretariat,Crimson Saint,Mr. Prospector,Killaloe,Nijinsky,Luiana,Kalamoun,State Pension,Hornbeam,Priddy Fair,Northern Dancer,Special,Nodouble,Skillful Miss,Raise a Native,Gold Digger,Nureyev,Pasadoble,Damascus,Gonfalon,Majestic Light,Con Game
2021105105,キズナ,ソーマジック,ディープインパクト,キャットクイル,シンボリクリスエス,スーア,サンデーサイレンス,ウインドインハーヘア,Storm Cat,Pacific Princess,Kris S.,Tee Kay,Fairy King,Bold Starlet,Halo,Wishing Well,Alzao,Burghclere,Storm Bird,Terlingua,Damascus,Fiji,Roberto,Sharp Queen,Gold Meridian,Tri Argo,Northern Dancer,Fairy Bridge,Precocious,Cadasi,Hail to Reason,Cosmah,Understanding,Mountain Flower,Lyphard,Lady Rebecca,Busted,Highclere,Northern Dancer,South Ocean,Secretariat,Crimson Saint,Sword Dancer,Kerala,Acropolis,Rififi,Hail to Reason,Bramalea,Princequillo,Bridgework,Seattle Slew,Queen Louie,Tri Jet,Hail Proudly,Nearctic,Natalma,Bold Reason,Special,Mummy's Pet,Mrs. Moss,Persian Bold,Beau Darling
2018106154,モーリス,スマッシュハート,スクリーンヒーロー,メジロフランシス,キングカメハメハ,ビーナスライン,グラスワンダー,ランニングヒロイン,カーネギー,メジロモントレー,Kingmambo,マンファス,フジキセキ,ホクトペンダント,Silver Hawk,Ameriflora,サンデーサイレンス,ダイナアクトレス,Sadler's Wells,Detroit,モガミ,メジロクインシー,Mr. Prospector,Miesque,ラストタイクーン,Pilot Bird,サンデーサイレンス,ミルレーサー,パークリージェント,ホクトビーナス,Roberto,Gris Vitesse,Danzig,Graceful Touch,Halo,Wishing Well,ノーザンテースト,モデルスポート,Northern Dancer,Fairy Bridge,Riverman,Derna,Lyphard,ノーラック,フィディオン,メジロボサツ,Raise a Native,Gold Digger,Nureyev,Pasadoble,トライマイベスト,Mill Princess,Blakeney,The Dancer,Halo,Wishing Well,Le Fabuleux,Marston's Mill,Vice Regent,Miss Attractive,マルゼンスキー,ホクトヒシヨウ
2016105797,レッドスパーダ,コウユーヒカリママ,タイキシャトル,バービキャット,ロックオブジブラルタル,クーチュア,Devil's Bag,ウェルシュマフィン,Storm Cat,Barbarika,デインヒル,Offshore Boom,Capote,Madeleine's Dream,Halo,Ballade,Caerleon,Muffitys,Storm Bird,Terlingua,Bates Motel,War Exchange,Danzig,Razyana,Be My Guest,Push a Button,Seattle Slew,Too Bald,Theatrical,L'Attrayante,Hail to Reason,Cosmah,Herbager,Miss Swapsco,Nijinsky,Foreseer,Thatch,Contrail,Northern Dancer,South Ocean,Secretariat,Crimson Saint,Sir Ivor,Sunday Purchase,Wise Exchange,Jungle War,Northern Dancer,Pas de Nom,His Majesty,Spring Adieu,Northern Dancer,What a Treat,Bold Lad,River Lady,Bold Reasoning,My Charmer,Bald Eagle,Hidden Talent,Nureyev,ツリーオブノレッジ,Tyrant,Camerata
2021110112,Mendelssohn,Season Maker,Scat Daddy,Leslie's Lady,Pioneerof the Nile,Season's Greetings,ヨハネスブルグ,Love Style,Tricky Creek,Crystal Lady,エンパイアメーカー,Star of Goshen,Ezzoud,Dream Season,ヘネシー,Myth,Mr. Prospector,Likeable Style,Clever Trick,Battle Creek Girl,Stop the Music,One Last Bird,Unbridled,Toussaud,Lord at War,Castle Eight,ラストタイクーン,Royal Sister,Mr. Prospector,Life At the Top,Storm Cat,Island Kitty,オジジアン,Yarn,Raise a Native,Gold Digger,Nijinsky,Personable Lady,Icecapade,Kankakee Miss,His Majesty,Far Beyond,Hail to Reason,Bebopper,One for All,Last Bird,Fappiano,Gana Facil,El Gran Senor,Image of Reality,General,Luna de Miel,Key to the Kingdom,Her Native,トライマイベスト,Mill Princess,Claude,Ribasha,Raise a Native,Gold Digger,Seattle Slew,See You At the Top
2022106942,アジアエクスプレス,ハギノウィッシュ,ヘニーヒューズ,ランニングボブキャッツ,アグネスタキオン,アヴェニューズレディ,ヘネシー,Meadow Flyer,Running Stag,Backatem,サンデーサイレンス,アグネスフローラ,Avenue of Flags,Lady Sauce Boat,Storm Cat,Island Kitty,Meadowlake,Shortley,Cozzene,Fruhlingstag,Notebook,Deputy's Mistress,Halo,Wishing Well,ロイヤルスキー,アグネスレディー,Seattle Slew,Beautiful Glass,Sauce Boat,Lady Barbizon,Storm Bird,Terlingua,Hawaii,T. C. Kitten,Hold Your Peace,Suspicious Native,Hagley,Short Winded,Caro,Ride the Trails,Orsini,Revada,Well Decorated,Mobcap,Deputy Minister,River Crossing,Hail to Reason,Cosmah,Understanding,Mountain Flower,Raja Baba,Coz o'Nijinsky,リマンド,イコマエイカン,Bold Reasoning,My Charmer,Pass the Glass,Beautiful Spirit,Key to the Mint,Missy Baba,Barbizon,Cancelada
2020106873,キタサンブラック,ジェラスガール,ブラックタイド,シュガーハート,Petionville,イスラコジーン,サンデーサイレンス,ウインドインハーヘア,サクラバクシンオー,オトメゴコロ,Seeking the Gold,Vana Turns,Cozzene,Isla Mujeres,Halo,Wishing Well,Alzao,Burghclere,サクラユタカオー,サクラハゴロモ,ジャッジアンジェルーチ,テイズリー,Mr. Prospector,Con Game,Wavering Monarch,The Wheel Turns,Caro,Ride the Trails,Crafty Prospector,Lido Isle,Hail to Reason,Cosmah,Understanding,Mountain Flower,Lyphard,Lady Rebecca,Busted,Highclere,テスコボーイ,アンジェリカ,ノーザンテースト,クリアアンバー,Honest Pleasure,Victorian Queen,Lyphard,Tizna,Raise a Native,Gold Digger,Buckpasser,Broadway,Majestic Light,Uncommitted,Big Burn,Manina,フォルティノ,Chambord,Prince John,Wildwook,Mr. Prospector,Real Crafty Lady,Far North,She Is Gorgeous
2020101373,ラニ,サンバホイッスル,Tapit,ヘヴンリーロマンス,サウスヴィグラス,チャームカーニバル,Pulpit,Tap Your Heels,サンデーサイレンス,ファーストアクト,エンドスウィープ,ダーケストスター,アサティス,リップスティック,A.P. Indy,Preach,Unbridled,Ruby Slippers,Halo,Wishing Well,Sadler's Wells,Arkadina,フォーティナイナー,Broom Dance,Star de Naskra,Minnie Riperton,Topsider,Secret Asset,キャタオラ,イスズアロー,Seattle Slew,Weekend Surprise,Mr. Prospector,Narrate,Fappiano,Gana Facil,Nijinsky,Moon Glitter,Hail to Reason,Cosmah,Understanding,Mountain Flower,Northern Dancer,Fairy Bridge,Ribot,Natashka,Mr. Prospector,File,Dance Spell,Witching Hour,Naskra,Candle Star,Cornish Prince,English Harbor,Northern Dancer,Drumtop,Graustark,Numbered Account,Never Bend,Silent Beauty,アローエクスプレス,イスズヒメ
2020105545,コパノリッキー,チャーリーズ,ゴールドアリュール,コパノニキータ,キングカメハメハ,タガノチャーリーズ,サンデーサイレンス,ニキーヤ,ティンバーカントリー,ニホンピロローズ,Kingmambo,マンファス,Saint Ballado,Charlies Paradise,Halo,Wishing Well,Nureyev,Reluctant Guest,Woodman,Fall Aspen,トニービン,ウェディングブーケ,Mr. Prospector,Miesque,ラストタイクーン,Pilot Bird,Halo,Ballade,Winrightt,Rajab's Treasure,Hail to Reason,Cosmah,Understanding,Mountain Flower,Northern Dancer,Special,Hostage,Vaguely Royal,Mr. Prospector,プレイメイト,Pretense,Change Water,カンパラ,Severn Bridge,リアルシャダイ,アリーウイン,Raise a Native,Gold Digger,Nureyev,Pasadoble,トライマイベスト,Mill Princess,Blakeney,The Dancer,Hail to Reason,Cosmah,Herbager,Miss Swapsco,Distinctive,Fleet Lygia,Rajab,Yeroque
2020106756,キンシャサノキセキ,メイショウユウゼン,フジキセキ,ケルトシャーン,タイキシャトル,ローマステーション,サンデーサイレンス,ミルレーサー,Pleasant Colony,Featherhill,Devil's Bag,ウェルシュマフィン,Law Society,アルパインスウィフト,Halo,Wishing Well,Le Fabuleux,Marston's Mill,His Majesty,Sun Colony,Lyphard,Lady Berry,Halo,Ballade,Caerleon,Muffitys,Alleged,Bold Bikini,Storm Bird,La Dame Du Lac,Hail to Reason,Cosmah,Understanding,Mountain Flower,Wild Risk,Anguar,In Reality,Millicent,Ribot,Flower Bowl,Sunrise Flight,Colonia,Northern Dancer,Goofed,Violon d'Ingres,Moss Rose,Hail to Reason,Cosmah,Herbager,Miss Swapsco,Nijinsky,Foreseer,Thatch,Contrail,Hoist the Flag,Princess Pout,Boldnesian,Ran-Tan,Northern Dancer,South Ocean,Round Table,Cosmah
2020102843,マインドユアビスケッツ,グラッブユアコート,Posse,Jazzmane,ゴールドアリュール,グラッブユアハート,Silver Deputy,Raska,Toccet,Alljazz,サンデーサイレンス,ニキーヤ,Deputy Commander,Kelly Amber,Deputy Minister,Silver Valley,Rahy,Borishka,Awesome Again,Cozzene's Angel,Stop the Music,Bounteous,Halo,Wishing Well,Nureyev,Reluctant Guest,Deputy Minister,Anka Germania,Highland Park,Pamela Kay,Vice Regent,Mint Copy,Mr. Prospector,Seven Valleys,Blushing Groom,Glorious Song,Roberto,Queen Maud,Deputy Minister,Primal Force,Cozzene,Charming Pan,Hail to Reason,Bebopper,Master Derby,Mlle. Quille,Hail to Reason,Cosmah,Understanding,Mountain Flower,Northern Dancer,Special,Hostage,Vaguely Royal,Vice Regent,Mint Copy,Malinowski,Affaire d'Amour,Raise a Native,Old Goat,Hold Your Peace,Proven Right
2021110148,パレスマリス,Noble Ready,Curlin,パレスルーマー,More Than Ready,Aristocratic Lady,Smart Strike,Sherriff's Deputy,Royal Anthem,Whisperifyoudare,サザンヘイロー,Woodman's Girl,Kris S.,American Dynasty,Mr. Prospector,Classy'n Smart,Deputy Minister,Barbarika,Theatrical,In Neon,Red Ransom,Stellar Affair,Halo,Northern Sea,Woodman,Becky Be Good,Roberto,Sharp Queen,Quiet American,Northern Dynasty,Raise a Native,Gold Digger,Smarten,No Class,Vice Regent,Mint Copy,Bates Motel,War Exchange,Nureyev,ツリーオブノレッジ,Ack Ack,Shamara,Roberto,アラビア,Skywalker,Fawn and Hahn,Hail to Reason,Cosmah,Northern Dancer,Sea Saga,Mr. Prospector,プレイメイト,Naskra,Good Landing,Hail to Reason,Bramalea,Princequillo,Bridgework,Fappiano,Demure,Northern Jove,Savage Bunny
2020103661,ルーラーシップ,ライツェント,キングカメハメハ,エアグルーヴ,スペシャルウィーク,ソニンク,Kingmambo,マンファス,トニービン,ダイナカール,サンデーサイレンス,キャンペンガール,Machiavellian,Sonic Lady,Mr. Prospector,Miesque,ラストタイクーン,Pilot Bird,カンパラ,Severn Bridge,ノーザンテースト,シャダイフェザー,Halo,Wishing Well,マルゼンスキー,レディーシラオキ,Mr. Prospector,Coup de Folie,Nureyev,Stumped,Raise a Native,Gold Digger,Nureyev,Pasadoble,トライマイベスト,Mill Princess,Blakeney,The Dancer,Kalamoun,State Pension,Hornbeam,Priddy Fair,Northern Dancer,Lady Victoria,ガーサント,パロクサイド,Hail to Reason,Cosmah,Understanding,Mountain Flower,Nijinsky,シル,セントクレスピン,ミスアシヤガワ,Raise a Native,Gold Digger,Halo,Raise the Standard,Northern Dancer,Special,Owen Anthony,Luckhurst
2021106587,エピファネイア,レゼトワール,シンボリクリスエス,シーザリオ,ファスリエフ,サンデーエイコーン,Kris S.,Tee Kay,スペシャルウィーク,キロフプリミエール,Nureyev,Mr. P's Princess,サンデーサイレンス,エイコーンカップ,Roberto,Sharp Queen,Gold Meridian,Tri Argo,サンデーサイレンス,キャンペンガール,Sadler's Wells,Querida,Northern Dancer,Special,Mr. Prospector,Anne Campbell,Halo,Wishing Well,ノーザンテースト,ダイナエイコーン,Hail to Reason,Bramalea,Princequillo,Bridgework,Seattle Slew,Queen Louie,Tri Jet,Hail Proudly,Halo,Wishing Well,マルゼンスキー,レディーシラオキ,Northern Dancer,Fairy Bridge,Habitat,Principia,Nearctic,Natalma,Forli,Thong,Raise a Native,Gold Digger,Never Bend,Repercussion,Hail to Reason,Cosmah,Understanding,Mountain Flower,Northern Dancer,Lady Victoria,ロイヤルスキー,ライバリュウ
2021106637,パイロ,トラディション,Pulpit,Wild Vision,ゴールドアリュール,シネマスコープ,A.P. Indy,Preach,Wild Again,Carol's Wonder,サンデーサイレンス,ニキーヤ,トニービン,ブルーハワイ,Seattle Slew,Weekend Surprise,Mr. Prospector,Narrate,Icecapade,Bushel-n-Peck,Pass the Tab,Carols Christmas,Halo,Wishing Well,Nureyev,Reluctant Guest,カンパラ,Severn Bridge,スリルショー,サニースワップス,Bold Reasoning,My Charmer,Secretariat,Lassie Dear,Raise a Native,Gold Digger,Honest Pleasure,State,Nearctic,Shenanigans,Khaled,Dama,Al Hattab,Dantina,Whitesburg,Light Verse,Hail to Reason,Cosmah,Understanding,Mountain Flower,Northern Dancer,Special,Hostage,Vaguely Royal,Kalamoun,State Pension,Hornbeam,Priddy Fair,Northern Baby,Splendid Girl,Hawaii,アイアンエイジ
2019101681,リオンディーズ,ローマンブリッジ,キングカメハメハ,シーザリオ,ブライアンズタイム,メインリー,Kingmambo,マンファス,スペシャルウィーク,キロフプリミエール,Roberto,Kelley's Day,Wild Again,Primarily,Mr. Prospector,Miesque,ラストタイクーン,Pilot Bird,サンデーサイレンス,キャンペンガール,Sadler's Wells,Querida,Hail to Reason,Bramalea,Graustark,Golden Trail,Icecapade,Bushel-n-Peck,Lord at War,Mostly,Raise a Native,Gold Digger,Nureyev,Pasadoble,トライマイベスト,Mill Princess,Blakeney,The Dancer,Halo,Wishing Well,マルゼンスキー,レディーシラオキ,Northern Dancer,Fairy Bridge,Habitat,Principia,Turn-to,Nothirdchance,Nashua,Rarelea,Ribot,Flower Bowl,Hasty Road,Sunny Vale,Nearctic,Shenanigans,Khaled,Dama,General,Luna de Miel,Grey Dawn,Rare Relish
2021105926,サトノアラジン,クラウンアスリート,ディープインパクト,マジックストーム,アフリート,クラウンフォレスト,サンデーサイレンス,ウインドインハーヘア,Storm Cat,Foppy Dancer,Mr. Prospector,Polite Lady,Chief's Crown,プレイメイト,Halo,Wishing Well,Alzao,Burghclere,Storm Bird,Terlingua,Fappiano,Water Dance,Raise a Native,Gold Digger,Venetian Jester,Friendly Ways,Danzig,Six Crowns,Buckpasser,Intriguing,Hail to Reason,Cosmah,Understanding,Mountain Flower,Lyphard,Lady Rebecca,Busted,Highclere,Northern Dancer,South Ocean,Secretariat,Crimson Saint,Mr. Prospector,Killaloe,Nijinsky,Luiana,Native Dancer,Raise You,Nashua,Sequence,Tom Fool,Venice,Green Ticket,Ways to Learn,Northern Dancer,Pas de Nom,Secretariat,Chris Evert,Tom Fool,Busanda,Swaps,Glamour
2019105482,カレンブラックヒル,ライクザウインド,ダイワメジャー,チャールストンハーバー,デインヒル,ウインドインハーヘア,サンデーサイレンス,スカーレットブーケ,Grindstone,Penny's Valentine,Danzig,Razyana,Alzao,Burghclere,Halo,Wishing Well,ノーザンテースト,スカーレットインク,Unbridled,Buzz My Bell,Storm Cat,Mrs. Penny,Northern Dancer,Pas de Nom,His Majesty,Spring Adieu,Lyphard,Lady Rebecca,Busted,Highclere,Hail to Reason,Cosmah,Understanding,Mountain Flower,Northern Dancer,Lady Victoria,Crimson Satan,Consentida,Fappiano,Gana Facil,Drone,Chateaupavia,Storm Bird,Terlingua,Great Nephew,Tananarive,Nearctic,Natalma,Admiral's Voyage,Petitioner,Ribot,Flower Bowl,Buckpasser,Natalma,Northern Dancer,Goofed,Sir Ivor,Pocahontas,Crepello,Sans le Sou,Queen's Hussar,Highlight
2020103063,イスラボニータ,マルバイユ,フジキセキ,イスラコジーン,Marju,Hambye,サンデーサイレンス,ミルレーサー,Cozzene,Isla Mujeres,ラストタイクーン,Flame of Tara,Distant Relative,Paglietta Gener,Halo,Wishing Well,Le Fabuleux,Marston's Mill,Caro,Ride the Trails,Crafty Prospector,Lido Isle,トライマイベスト,Mill Princess,アーテイアス,Welsh Flame,Habitat,Royal Sister,Final Straw,Miss Puddleduck,Hail to Reason,Cosmah,Understanding,Mountain Flower,Wild Risk,Anguar,In Reality,Millicent,フォルティノ,Chambord,Prince John,Wildwook,Mr. Prospector,Real Crafty Lady,Far North,She Is Gorgeous,Northern Dancer,Sex Appeal,Mill Reef,Irish Lass,Round Table,Stylish Pattern,Welsh Pageant,Electric Flash,Sir Gaylord,Little Hut,Claude,Ribasha,Thatch,Last Call,Mummy's Pet,Goosie-Gantlet
2023103604,ポエティックフレア,レッドミラベル,Dawn Approach,Maria Lee,ステイゴールド,ダンスーズデトワール,New Approach,Hymn Of The Dawn,ロックオブジブラルタル,Elida,サンデーサイレンス,ゴールデンサッシュ,Highest Honor,Latifolia,Galileo,Park Express,Phone Trick,Colonial Debut,デインヒル,Offshore Boom,ロイヤルアカデミー,Saviour,Halo,Wishing Well,ディクタス,ダイナサッシュ,Kenmare,High River,ダンシングブレーヴ,ラストカマー,Sadler's Wells,Urban Sea,Ahonoora,Matcher,Clever Trick,Over the Phone,Pleasant Colony,Kittihawk Miss,Danzig,Razyana,Be My Guest,Push a Button,Nijinsky,Crimson Saint,Majestic Light,Victorian Queen,Hail to Reason,Cosmah,Understanding,Mountain Flower,Sanctus,Doronic,ノーザンテースト,ロイヤルサッシュ,Kalamoun,Belle of Ireland,Riverman,Hairbrush,Lyphard,Navajo Princess,Kris,Hatter's Dream
2023106983,エピファネイア,クロノジェネシス,シンボリクリスエス,シーザリオ,バゴ,クロノロジスト,Kris S.,Tee Kay,スペシャルウィーク,キロフプリミエール,Nashwan,Moonlight's Box,クロフネ,インディスユニゾン,Roberto,Sharp Queen,Gold Meridian,Tri Argo,サンデーサイレンス,キャンペンガール,Sadler's Wells,Querida,Blushing Groom,Height of Fashion,Nureyev,Coup de Genie,フレンチデピュティ,ブルーアヴェニュー,サンデーサイレンス,ラスティックベル,Hail to Reason,Bramalea,Princequillo,Bridgework,Seattle Slew,Queen Louie,Tri Jet,Hail Proudly,Halo,Wishing Well,マルゼンスキー,レディーシラオキ,Northern Dancer,Fairy Bridge,Habitat,Principia,Red God,Runaway Bride,Bustino,Highclere,Northern Dancer,Special,Mr. Prospector,Coup de Folie,Deputy Minister,Mitterand,Classic Go Go,Eliza Blue,Halo,Wishing Well,Mr. Prospector,Ragtime Girl
2023107089,ワールドプレミア,ソングライティング,ディープインパクト,マンデラ,Giant's Causeway,Embur's Song,サンデーサイレンス,ウインドインハーヘア,Acatenango,Mandellicht,Storm Cat,Mariah's Storm,Unbridled's Song,Embur Sunshine,Halo,Wishing Well,Alzao,Burghclere,Surumu,Aggravate,Be My Guest,Mandelauge,Storm Bird,Terlingua,Rahy,イメンス,Unbridled,Trolley Song,Bold Ruckus,Vevila,Hail to Reason,Cosmah,Understanding,Mountain Flower,Lyphard,Lady Rebecca,Busted,Highclere,Literat,Surama,Aggressor,Raven Locks,Northern Dancer,What a Treat,Elektrant,Mandriale,Northern Dancer,South Ocean,Secretariat,Crimson Saint,Blushing Groom,Glorious Song,Roberto,Imsodear,Fappiano,Gana Facil,Caro,Lucky Spell,Boldnesian,Raise a Ruckus,The Minstrel,Bon Debarras
2023105238,ロードカナロア,コンテスティッド,キングカメハメハ,レディブラッサム,Ghostzapper,Gold Vault,Kingmambo,マンファス,Storm Cat,サラトガデュー,Awesome Again,Baby Zip,Arch,Questress,Mr. Prospector,Miesque,ラストタイクーン,Pilot Bird,Storm Bird,Terlingua,Cormorant,Super Luna,Deputy Minister,Primal Force,Relaunch,Thirty Zip,Kris S.,Aurora,Seeking the Gold,Nahema,Raise a Native,Gold Digger,Nureyev,Pasadoble,トライマイベスト,Mill Princess,Blakeney,The Dancer,Northern Dancer,South Ocean,Secretariat,Crimson Saint,His Majesty,Song Sparrow,In Reality,Alada,Vice Regent,Mint Copy,Blushing Groom,Prime Prospect,In Reality,Foggy Note,Tri Jet,Sailaway,Roberto,Sharp Queen,Danzig,Althea,Mr. Prospector,Con Game,Believe It,Flickering Star
2023103452,スワーヴリチャード,ストロベリームーン,ハーツクライ,ピラミマ,キンシャサノキセキ,エヴァディングタンペット,サンデーサイレンス,アイリッシュダンス,Unbridled's Song,キャリアコレクション,フジキセキ,ケルトシャーン,Dubai Destination,Late Summer,Halo,Wishing Well,トニービン,ビューパーダンス,Unbridled,Trolley Song,General Meeting,River of Stars,サンデーサイレンス,ミルレーサー,Pleasant Colony,Featherhill,Kingmambo,Mysterial,Gone West,Sun and Shade,Hail to Reason,Cosmah,Understanding,Mountain Flower,カンパラ,Severn Bridge,Lyphard,My Bupers,Fappiano,Gana Facil,Caro,Lucky Spell,Seattle Slew,Alydar's Promise,Riverman,Star Fortune,Halo,Wishing Well,Le Fabuleux,Marston's Mill,His Majesty,Sun Colony,Lyphard,Lady Berry,Mr. Prospector,Miesque,Alleged,Mysteries,Mr. Prospector,Secrettame,Ajdal,Shadywood
2023100724,グレーターロンドン,メメクザリアーナ,ディープインパクト,ロンドンブリッジ,ジャングルポケット,ピエナビーナス,サンデーサイレンス,ウインドインハーヘア,ドクターデヴィアス,オールフォーロンドン,トニービン,ダンスチャーマー,フジキセキ,オープニングタイトル,Halo,Wishing Well,Alzao,Burghclere,Ahonoora,Rose of Jericho,Danzig,Full Card,カンパラ,Severn Bridge,Nureyev,Skillful Joy,サンデーサイレンス,ミルレーサー,Caerleon,Maiden Concert,Hail to Reason,Cosmah,Understanding,Mountain Flower,Lyphard,Lady Rebecca,Busted,Highclere,Lorenzaccio,Helen Nichols,Alleged,Rose Red,Northern Dancer,Pas de Nom,Damascus,Belle of the Ball,Kalamoun,State Pension,Hornbeam,Priddy Fair,Northern Dancer,Special,Nodouble,Skillful Miss,Halo,Wishing Well,Le Fabuleux,Marston's Mill,Nijinsky,Foreseer,Condorcet,Merdemain
2023100681,モズアスコット,ゴールドテーラー,Frankel,India,ステイゴールド,ホットレッグス,Galileo,Kind,ヘネシー,Misty Hour,サンデーサイレンス,ゴールデンサッシュ,Galileo,アクセラレイション,Sadler's Wells,Urban Sea,デインヒル,Rainbow Lake,Storm Cat,Island Kitty,Miswaki,Our Tina Marie,Halo,Wishing Well,ディクタス,ダイナサッシュ,Sadler's Wells,Urban Sea,Acatenango,ワールウインド,Northern Dancer,Fairy Bridge,Miswaki,Allegretta,Danzig,Razyana,Rainbow Quest,Rockfest,Storm Bird,Terlingua,Hawaii,T. C. Kitten,Mr. Prospector,Hopespringseternal,Nijinsky,Java Moon,Hail to Reason,Cosmah,Understanding,Mountain Flower,Sanctus,Doronic,ノーザンテースト,ロイヤルサッシュ,Northern Dancer,Fairy Bridge,Miswaki,Allegretta,Surumu,Aggravate,Leading Counsel,Battledress
2023102814,キズナ,エセンテペ,ディープインパクト,キャットクイル,Oratorio,Mythie,サンデーサイレンス,ウインドインハーヘア,Storm Cat,Pacific Princess,デインヒル,Mahrah,Octagonal,Mythologie,Halo,Wishing Well,Alzao,Burghclere,Storm Bird,Terlingua,Damascus,Fiji,Danzig,Razyana,Vaguely Noble,Montage,Zabeel,Eight Carat,Bering,Mondovision,Hail to Reason,Cosmah,Understanding,Mountain Flower,Lyphard,Lady Rebecca,Busted,Highclere,Northern Dancer,South Ocean,Secretariat,Crimson Saint,Sword Dancer,Kerala,Acropolis,Rififi,Northern Dancer,Pas de Nom,His Majesty,Spring Adieu,ヴィエナ,Noble Lassie,Alydar,Katonka,Sir Tristram,Lady Giselle,Pieces of Eight,Klairessa,Arctic Tern,Beaune,Luthier,Moskvitchka
2023105314,ポエティックフレア,トーセンソレイユ,Dawn Approach,Maria Lee,ネオユニヴァース,ウインドインハーヘア,New Approach,Hymn Of The Dawn,ロックオブジブラルタル,Elida,サンデーサイレンス,ポインテッドパス,Alzao,Burghclere,Galileo,Park Express,Phone Trick,Colonial Debut,デインヒル,Offshore Boom,ロイヤルアカデミー,Saviour,Halo,Wishing Well,Kris,Silken Way,Lyphard,Lady Rebecca,Busted,Highclere,Sadler's Wells,Urban Sea,Ahonoora,Matcher,Clever Trick,Over the Phone,Pleasant Colony,Kittihawk Miss,Danzig,Razyana,Be My Guest,Push a Button,Nijinsky,Crimson Saint,Majestic Light,Victorian Queen,Hail to Reason,Cosmah,Understanding,Mountain Flower,Sharpen Up,Doubly Sure,Shantung,Boulevard,Northern Dancer,Goofed,Sir Ivor,Pocahontas,Crepello,Sans le Sou,Queen's Hussar,Highlight
2021106328,カレンブラックヒル,ママキジャ,ダイワメジャー,チャールストンハーバー,ストラヴィンスキー,サヤカ,サンデーサイレンス,スカーレットブーケ,Grindstone,Penny's Valentine,Nureyev,Fire the Groom,A.P. Indy,Spectacular Sue,Halo,Wishing Well,ノーザンテースト,スカーレットインク,Unbridled,Buzz My Bell,Storm Cat,Mrs. Penny,Northern Dancer,Special,Blushing Groom,Prospector's Fire,Seattle Slew,Weekend Surprise,Spectacular Bid,In Concert,Hail to Reason,Cosmah,Understanding,Mountain Flower,Northern Dancer,Lady Victoria,Crimson Satan,Consentida,Fappiano,Gana Facil,Drone,Chateaupavia,Storm Bird,Terlingua,Great Nephew,Tananarive,Nearctic,Natalma,Forli,Thong,Red God,Runaway Bride,Mr. Prospector,Native Street,Bold Reasoning,My Charmer,Secretariat,Lassie Dear,Bold Bidder,Spectacular,Riverman,What Charisma
2021105583,ドゥラメンテ,ジェイウォーク,キングカメハメハ,アドマイヤグルーヴ,Cross Traffic,Lady Pewitt,Kingmambo,マンファス,サンデーサイレンス,エアグルーヴ,Unbridled's Song,Stop Traffic,Orientate,Spin Room,Mr. Prospector,Miesque,ラストタイクーン,Pilot Bird,Halo,Wishing Well,トニービン,ダイナカール,Unbridled,Trolley Song,Cure the Blues,Save My Soul,Mt. Livermore,Dream Team,スピニングワールド,La Paz,Raise a Native,Gold Digger,Nureyev,Pasadoble,トライマイベスト,Mill Princess,Blakeney,The Dancer,Hail to Reason,Cosmah,Understanding,Mountain Flower,カンパラ,Severn Bridge,ノーザンテースト,シャダイフェザー,Fappiano,Gana Facil,Caro,Lucky Spell,Stop the Music,Quick Cure,I'ma Hell Raiser,Somethingexciting,Blushing Groom,Flama Ardiente,Cox's Ridge,Likely Double,Nureyev,Imperfect Circle,Hold Your Peace,Classy Craft
2019105041,ロードカナロア,アドマイヤテンバ,キングカメハメハ,レディブラッサム,クロフネ,アドマイヤグルーヴ,Kingmambo,マンファス,Storm Cat,サラトガデュー,フレンチデピュティ,ブルーアヴェニュー,サンデーサイレンス,エアグルーヴ,Mr. Prospector,Miesque,ラストタイクーン,Pilot Bird,Storm Bird,Terlingua,Cormorant,Super Luna,Deputy Minister,Mitterand,Classic Go Go,Eliza Blue,Halo,Wishing Well,トニービン,ダイナカール,Raise a Native,Gold Digger,Nureyev,Pasadoble,トライマイベスト,Mill Princess,Blakeney,The Dancer,Northern Dancer,South Ocean,Secretariat,Crimson Saint,His Majesty,Song Sparrow,In Reality,Alada,Vice Regent,Mint Copy,Hold Your Peace,Laredo Lass,Pago Pago,Classic Perfection,Icecapade,コレラ,Hail to Reason,Cosmah,Understanding,Mountain Flower,カンパラ,Severn Bridge,ノーザンテースト,シャダイフェザー
2019106808,ミッキーアイル,クエストフォーワンダー,ディープインパクト,スターアイル,マクフィ,Sinndiya,サンデーサイレンス,ウインドインハーヘア,ロックオブジブラルタル,アイルドフランス,Dubawi,Dhelaal,Pharly,Sinntara,Halo,Wishing Well,Alzao,Burghclere,デインヒル,Offshore Boom,Nureyev,ステラマドリッド,Dubai Millennium,Zomaradah,Green Desert,Irish Valley,Lyphard,Comely,Lashkari,Sidama,Hail to Reason,Cosmah,Understanding,Mountain Flower,Lyphard,Lady Rebecca,Busted,Highclere,Danzig,Razyana,Be My Guest,Push a Button,Northern Dancer,Special,Alydar,My Juliet,Seeking the Gold,Colorado Dancer,Deploy,Jawaher,Danzig,Foreign Courier,Irish River,Green Valley,Northern Dancer,Goofed,Boran,Princesse Comnene,Mill Reef,Larannda,Top Ville,Stoyana
2021105229,キズナ,ベストロケーション,ディープインパクト,キャットクイル,クロフネ,ダイナアクトレス,サンデーサイレンス,ウインドインハーヘア,Storm Cat,Pacific Princess,フレンチデピュティ,ブルーアヴェニュー,ノーザンテースト,モデルスポート,Halo,Wishing Well,Alzao,Burghclere,Storm Bird,Terlingua,Damascus,Fiji,Deputy Minister,Mitterand,Classic Go Go,Eliza Blue,Northern Dancer,Lady Victoria,モデルフール,マジックゴデイス,Hail to Reason,Cosmah,Understanding,Mountain Flower,Lyphard,Lady Rebecca,Busted,Highclere,Northern Dancer,South Ocean,Secretariat,Crimson Saint,Sword Dancer,Kerala,Acropolis,Rififi,Vice Regent,Mint Copy,Hold Your Peace,Laredo Lass,Pago Pago,Classic Perfection,Icecapade,コレラ,Nearctic,Natalma,Victoria Park,Lady Angela,Tom Fool,Model Joy,Red God,Like Magic
2022104674,サトノアラジン,ヴィートマルシェ,ディープインパクト,マジックストーム,フレンチデピュティ,キョウエイマーチ,サンデーサイレンス,ウインドインハーヘア,Storm Cat,Foppy Dancer,Deputy Minister,Mitterand,ダンシングブレーヴ,インターシャルマン,Halo,Wishing Well,Alzao,Burghclere,Storm Bird,Terlingua,Fappiano,Water Dance,Vice Regent,Mint Copy,Hold Your Peace,Laredo Lass,Lyphard,Navajo Princess,ブレイヴェストローマン,トキノシュリリー,Hail to Reason,Cosmah,Understanding,Mountain Flower,Lyphard,Lady Rebecca,Busted,Highclere,Northern Dancer,South Ocean,Secretariat,Crimson Saint,Mr. Prospector,Killaloe,Nijinsky,Luiana,Northern Dancer,Victoria Regina,Bunty's Flight,Shakney,Speak John,Blue Moon,Bold Ruler,Fortunate Isle,Northern Dancer,Goofed,Drone,Olmec,Never Bend,Roman Song,スティンティノ,トミニシキ
2021104514,カリフォルニアクローム,ハニーパイ,Lucky Pulpit,Love the Chase,サウスヴィグラス,チャームカーニバル,Pulpit,Lucky Soph,Not for Love,Chase It Down,エンドスウィープ,ダーケストスター,アサティス,リップスティック,A.P. Indy,Preach,Cozzene,Lucky Spell,Mr. Prospector,Dance Number,Polish Numbers,Chase the Dream,フォーティナイナー,Broom Dance,Star de Naskra,Minnie Riperton,Topsider,Secret Asset,キャタオラ,イスズアロー,Seattle Slew,Weekend Surprise,Mr. Prospector,Narrate,Caro,Ride the Trails,Lucky Mel,Incantation,Raise a Native,Gold Digger,Northern Dancer,Numbered Account,Danzig,Numbered Account,Sir Ivor,La Belle Fleur,Mr. Prospector,File,Dance Spell,Witching Hour,Naskra,Candle Star,Cornish Prince,English Harbor,Northern Dancer,Drumtop,Graustark,Numbered Account,Never Bend,Silent Beauty,アローエクスプレス,イスズヒメ
2019101753,ラブリーデイ,スイートピグレット,キングカメハメハ,ポップコーンジャズ,ブライアンズタイム,クロカミ,Kingmambo,マンファス,ダンスインザダーク,グレイスルーマー,Roberto,Kelley's Day,Caerleon,ミルド,Mr. Prospector,Miesque,ラストタイクーン,Pilot Bird,サンデーサイレンス,ダンシングキイ,トニービン,ディスクジョッキー,Hail to Reason,Bramalea,Graustark,Golden Trail,Nijinsky,Foreseer,Desert Wine,Margie Belle,Raise a Native,Gold Digger,Nureyev,Pasadoble,トライマイベスト,Mill Princess,Blakeney,The Dancer,Halo,Wishing Well,Nijinsky,Key Partner,カンパラ,Severn Bridge,リアルシャダイ,シャダイチャッター,Turn-to,Nothirdchance,Nashua,Rarelea,Ribot,Flower Bowl,Hasty Road,Sunny Vale,Northern Dancer,Flaming Page,Round Table,Regal Gleam,Damascus,Anne Campbell,Vaguely Noble,Margravine
2022105798,Vekoma ヴェコマ,サーティーンスクエアド,Candy Ride,Mona de Momma,Liaison,House of Fortune,Ride the Rails,Candy Girl,Speightstown,Society Gal,Indian Charlie,Galloping Gal,Free House,So Fortunate,Cryptoclearance,Herbalesian,Candy Stripes,City Girl,Gone West,Silken Cat,Linkage,Long Legend,In Excess,Soviet Sojourn,Victory Gallop,Indy Flash,Smokester,Fountain Lake,Garthorn,Delicate Vine,Fappiano,Naval Orange,Herbager,Alanesian,Blushing Groom,バブルカンパニー,Farnesio,Cithara,Mr. Prospector,Secrettame,Storm Cat,Silken Doll,Hoist the Flag,Unity Hall,Reviewer,Lianga,Siberian Express,Kantado,Leo Castelli,Political Parfait,Cryptoclearance,Victorious Lil,A.P. Indy,Mirror Bright,Never Tabled,Small World,Vigors,Hotsie Totsie,Believe It,Garden Verse,Knights Choice,Fool's Miss
2019102341,コパノリッキー,プレゼンスウーマン,ゴールドアリュール,コパノニキータ,サクラローレル,ステファーナ,サンデーサイレンス,ニキーヤ,ティンバーカントリー,ニホンピロローズ,Rainbow Quest,ローラローラ,リアルシャダイ,ダイナコマネチ,Halo,Wishing Well,Nureyev,Reluctant Guest,Woodman,Fall Aspen,トニービン,ウェディングブーケ,Blushing Groom,I Will Follow,Saint Cyrien,Bold Lady,Roberto,Desert Vixen,ノーザンテースト,シャダイリーズン,Hail to Reason,Cosmah,Understanding,Mountain Flower,Northern Dancer,Special,Hostage,Vaguely Royal,Mr. Prospector,プレイメイト,Pretense,Change Water,カンパラ,Severn Bridge,リアルシャダイ,アリーウイン,Red God,Runaway Bride,Herbager,Where You Lead,Luthier,Sevres,ボールドラツド,Tredam,Hail to Reason,Bramalea,In Reality,Desert Trial,Northern Dancer,Lady Victoria,マリーノ,ニアーリーズン
2020103218,ジャスタウェイ,アブソルートリー,ハーツクライ,シビル,Redoute's Choice,Catshaan,サンデーサイレンス,アイリッシュダンス,Wild Again,シャロン,デインヒル,Shantha's Choice,Catrail,ケルトシャーン,Halo,Wishing Well,トニービン,ビューパーダンス,Icecapade,Bushel-n-Peck,Mo Exception,Double Wiggle,Danzig,Razyana,Canny Lad,Dancing Show,Storm Cat,Tough as Nails,Pleasant Colony,Featherhill,Hail to Reason,Cosmah,Understanding,Mountain Flower,カンパラ,Severn Bridge,Lyphard,My Bupers,Nearctic,Shenanigans,Khaled,Dama,Hard Work,With Exception,Sir Wiggle,Blue Double,Northern Dancer,Pas de Nom,His Majesty,Spring Adieu,Bletchingly,Jesmond Lass,Nijinsky,Show Lady,Storm Bird,Terlingua,Majestic Light,Hardliner,His Majesty,Sun Colony,Lyphard,Lady Berry
2022103630,カリフォルニアクローム,プリンセスバリュー,Lucky Pulpit,Love the Chase,サウスヴィグラス,ベストバリュー,Pulpit,Lucky Soph,Not for Love,Chase It Down,エンドスウィープ,ダーケストスター,クロフネ,スリーソウツ,A.P. Indy,Preach,Cozzene,Lucky Spell,Mr. Prospector,Dance Number,Polish Numbers,Chase the Dream,フォーティナイナー,Broom Dance,Star de Naskra,Minnie Riperton,フレンチデピュティ,ブルーアヴェニュー,Halo,Three Secrets,Seattle Slew,Weekend Surprise,Mr. Prospector,Narrate,Caro,Ride the Trails,Lucky Mel,Incantation,Raise a Native,Gold Digger,Northern Dancer,Numbered Account,Danzig,Numbered Account,Sir Ivor,La Belle Fleur,Mr. Prospector,File,Dance Spell,Witching Hour,Naskra,Candle Star,Cornish Prince,English Harbor,Deputy Minister,Mitterand,Classic Go Go,Eliza Blue,Hail to Reason,Cosmah,Secretariat,Three Troikas
2022105495,マインドユアビスケッツ,プリエンプト,Posse,Jazzmane,ステイゴールド,スウィフトテンパー,Silver Deputy,Raska,Toccet,Alljazz,サンデーサイレンス,ゴールデンサッシュ,Giant's Causeway,Glasgow's Gold,Deputy Minister,Silver Valley,Rahy,Borishka,Awesome Again,Cozzene's Angel,Stop the Music,Bounteous,Halo,Wishing Well,ディクタス,ダイナサッシュ,Storm Cat,Mariah's Storm,Seeking the Gold,Gorgeous,Vice Regent,Mint Copy,Mr. Prospector,Seven Valleys,Blushing Groom,Glorious Song,Roberto,Queen Maud,Deputy Minister,Primal Force,Cozzene,Charming Pan,Hail to Reason,Bebopper,Master Derby,Mlle. Quille,Hail to Reason,Cosmah,Understanding,Mountain Flower,Sanctus,Doronic,ノーザンテースト,ロイヤルサッシュ,Storm Bird,Terlingua,Rahy,イメンス,Mr. Prospector,Con Game,Slew o' Gold,Kamar
2020105471,ホッコータルマエ,マンノアクトレス,キングカメハメハ,マダムチェロキー,ハーツクライ,ウェーブクイーン,Kingmambo,マンファス,Cherokee Run,アンフォイルド,サンデーサイレンス,アイリッシュダンス,サッカーボーイ,マウンテンクィーン,Mr. Prospector,Miesque,ラストタイクーン,Pilot Bird,Runaway Groom,Cherokee Dame,Unbridled,Bold Foil,Halo,Wishing Well,トニービン,ビューパーダンス,ディクタス,ダイナサッシュ,ニゾン,ヤマカクイン,Raise a Native,Gold Digger,Nureyev,Pasadoble,トライマイベスト,Mill Princess,Blakeney,The Dancer,Blushing Groom,Yonnie Girl,Silver Saber,Dame Francesca,Fappiano,Gana Facil,Bold Forbes,Perfect Foil,Hail to Reason,Cosmah,Understanding,Mountain Flower,カンパラ,Severn Bridge,Lyphard,My Bupers,Sanctus,Doronic,ノーザンテースト,ロイヤルサッシュ,Nijinsky,Exit Smiling,バーボンプリンス,フエンス
2020100714,トビーズコーナー,カネトシジュテーム,Bellamy Road,Brandon's Ride,キングズベスト,カネトシディザイア,Concerto,Hurry Home Hillary,Mister Frisky,Mrs. Bumble,Kingmambo,Allegretta,フジキセキ,ゴーンプロフェッショナル,Chief's Crown,Undeniably,Deputed Testamony,Ten Cents a Turn,Marsayas,Frisky Flyer,Restivo,Bumble,Mr. Prospector,Miesque,Lombard,Anatevka,サンデーサイレンス,ミルレーサー,Gone West,Professional Dance,Danzig,Six Crowns,In Reality,Past Forgetting,Traffic Cop,Proof Requested,Cozzene,Rub al Khali,Damascus,Extra Place,Highest Tide,Eager Nymph,Restless Native,Jaffa,Poker,Distant Scene,Raise a Native,Gold Digger,Nureyev,Pasadoble,Agio,Promised Lady,Espresso,Almyra,Halo,Wishing Well,Le Fabuleux,Marston's Mill,Mr. Prospector,Secrettame,Nijinsky,Perfecta
