,枠,馬番,馬名,性齢,斤量,騎手,厩舎,馬体重(増減),所属,horse_id,jockey_id,peds_0,peds_1,peds_4,score,rank
0,1,1,ナムラヴンダー,牡2,56.0,岩田康,河嶋,434(+2),栗東,2023106243,05203,キセキ,ナムラジュノー,トーセンホマレボシ,-0.7948546723637087,4
1,2,2,クープグラッセ,牝2,55.0,菱田,岡田,426(-12),栗東,2023101318,01144,リオンディーズ,パフェムリ,ヴィクトワールピサ,2.1274579260418394,1
2,3,3,ブレットパス,牡2,56.0,川田,中内田,490(-6),栗東,2023107157,01088,アルアイン,パッシングスルー,ルーラーシップ,-2.1948206962125214,9
3,4,4,カフジエメンタール,牡2,56.0,坂井,矢作,516(+16),栗東,2023103899,01163,ポエティックフレア,パンデリング,キングカメハメハ,-1.8934577656128373,8
4,5,5,マーズローバー,牡2,56.0,西村淳,佐々木,468(+12),栗東,2023107000,01171,アドマイヤマーズ,コパカティ,ハービンジャー,-1.2297236616445428,6
5,6,6,スーパービジー,牡2,56.0,Ｍデムーロ,庄野,462(+4),栗東,2023101893,05212,スワーヴリチャード,キスオンザグリーン,オルフェーヴル,-1.628608693846255,7
6,7,7,トンデトンデトンデ,牡2,56.0,高杉,北出,458(+8),栗東,2023101914,01213,キセキ,オタカラハッケン,オペラハウス,-0.9711181412803604,5
7,8,8,ロゼア,牝2,55.0,北村友,高野,378(+4),栗東,2023104675,01102,キズナ,ゼフィランサス,キングヘイロー,1.8398292310889939,2
8,8,9,サイモンシャリオ,牡2,56.0,松山,梅田,496(0),栗東,2023101569,01126,アルアイン,キュアロージズ,ロージズインメイ,-0.5789311529393768,3
