index,着順,race_type,course_len,ground_state,class,peds_0,peds_1,peds_2,peds_3,peds_4,peds_5,peds_6,peds_7,peds_8,peds_9,peds_10,peds_11,peds_12,peds_13,peds_14,peds_15,peds_16,peds_17,peds_18,peds_19,peds_20,peds_21,peds_22,peds_23,peds_24,peds_25,peds_26,peds_27,peds_28,peds_29,peds_30,peds_31,peds_32,peds_33,peds_34,peds_35,peds_36,peds_37,peds_38,peds_39,peds_40,peds_41,peds_42,peds_43,peds_44,peds_45,peds_46,peds_47,peds_48,peds_49,peds_50,peds_51,peds_52,peds_53,peds_54,peds_55,peds_56,peds_57,peds_58,peds_59,peds_60,peds_61
202609010101,1,ダート,1200,良,未勝利,キズナ,シュウギン,ディープインパクト,キャットクイル,スウェプトオーヴァーボード,キングスミール,サンデーサイレンス,ウインドインハーヘア,Storm Cat,Pacific Princess,エンドスウィープ,Sheer Ice,Theatrical,スルーオール,Halo,Wishing Well,Alzao,Burghclere,Storm Bird,Terlingua,Damascus,Fiji,フォーティナイナー,Broom Dance,Cutlass,Hey Dolly A.,Nureyev,ツリーオブノレッジ,Seattle Slew,Over All,Hail to Reason,Cosmah,Understanding,Mountain Flower,Lyphard,Lady Rebecca,Busted,Highclere,Northern Dancer,South Ocean,Secretariat,Crimson Saint,Sword Dancer,Kerala,Acropolis,Rififi,Mr. Prospector,File,Dance Spell,Witching Hour,Damascus,Aphonia,Ambehaving,Swift Deal,Northern Dancer,Special,Sassafras,Sensibility,Bold Reasoning,My Charmer,Mr. Prospector,Full Tigress
202609010101,2,ダート,1200,良,未勝利,シルバーステート,スマートレイチェル,ディープインパクト,シルヴァースカヤ,キングカメハメハ,ショウナンアクト,サンデーサイレンス,ウインドインハーヘア,Silver Hawk,Boubskaia,Kingmambo,マンファス,フレンチデピュティ,ゴールデンページ,Halo,Wishing Well,Alzao,Burghclere,Roberto,Gris Vitesse,Niniski,Frenetique,Mr. Prospector,Miesque,ラストタイクーン,Pilot Bird,Deputy Minister,Mitterand,サンデーサイレンス,ゴールデンリッカ,Hail to Reason,Cosmah,Understanding,Mountain Flower,Lyphard,Lady Rebecca,Busted,Highclere,Hail to Reason,Bramalea,Amerigo,Matchiche,Nijinsky,Virginia Hills,Tyrant,Femina,Raise a Native,Gold Digger,Nureyev,Pasadoble,トライマイベスト,Mill Princess,Blakeney,The Dancer,Vice Regent,Mint Copy,Hold Your Peace,Laredo Lass,Halo,Wishing Well,ラッキーソブリン,グロリーウエイ
202609010101,3,ダート,1200,良,未勝利,マインドユアビスケッツ,タマモサーティーン,Posse,Jazzmane,ジョーカプチーノ,ドリーミーアイ,Silver Deputy,Raska,Toccet,Alljazz,マンハッタンカフェ,ジョープシケ,カコイーシーズ,アイシャドー,Deputy Minister,Silver Valley,Rahy,Borishka,Awesome Again,Cozzene's Angel,Stop the Music,Bounteous,サンデーサイレンス,サトルチェンジ,フサイチコンコルド,ジョーユーチャリス,Alydar,Careless Notion,エンペリー,スイートベルン,Vice Regent,Mint Copy,Mr. Prospector,Seven Valleys,Blushing Groom,Glorious Song,Roberto,Queen Maud,Deputy Minister,Primal Force,Cozzene,Charming Pan,Hail to Reason,Bebopper,Master Derby,Mlle. Quille,Halo,Wishing Well,Law Society,Santa Luciana,Caerleon,バレークイーン,トウショウボーイ,ジョーバブーン,Raise a Native,Sweet Tooth,Jester,Miss Uppity,Vaguely Noble,Pamplona,パーソロン,スイートエイト
202609010101,4,ダート,1200,良,未勝利,サンダースノー,ニードルクラフト,Helmet,Eastern Joy,Mark of Esteem,Sharp Point,Exceed And Excel,Accessories,Dubai Destination,Red Slippers,Darshaan,Homage,ロイヤルアカデミー,Nice Point,デインヒル,Patrona,Singspiel,Anna Matrushka,Kingmambo,Mysterial,Nureyev,Morning Devotion,Shirley Heights,Delsy,Ajdal,Home Love,Nijinsky,Crimson Saint,Sharpen Up,Alpine Niece,Danzig,Razyana,Lomond,Gladiolus,In the Wings,Glorious Song,Mill Reef,Anna Paola,Mr. Prospector,Miesque,Alleged,Mysteries,Northern Dancer,Special,Affirmed,Morning Has Broken,Mill Reef,Hardiemma,Abdos,Kelty,Northern Dancer,Native Partner,Vaguely Noble,Homespun,Northern Dancer,Flaming Page,Crimson Satan,Bolero Rose,エタン,Rocchetta,Great Nephew,Fragrant Morn
202609010101,5,ダート,1200,良,未勝利,ハービンジャー,トーホウスプライト,Dansili,Penang Pearl,ディープインパクト,トーホウアスカ,デインヒル,Hasili,Bering,Guapa,サンデーサイレンス,ウインドインハーヘア,チーフベアハート,カガミアスカ,Danzig,Razyana,Kahyasi,Kerali,Arctic Tern,Beaune,Shareef Dancer,Sauceboat,Halo,Wishing Well,Alzao,Burghclere,Chief's Crown,Amelia Bearhart,General Assembly,クリスタルレイル,Northern Dancer,Pas de Nom,His Majesty,Spring Adieu,イルドブルボン,Kadissya,High Line,Sookera,Sea-Bird,Bubbling Beauty,Lyphard,Barbra,Northern Dancer,Sweet Alliance,Connaught,Cranberry Sauce,Hail to Reason,Cosmah,Understanding,Mountain Flower,Lyphard,Lady Rebecca,Busted,Highclere,Danzig,Six Crowns,Bold Hour,Myrtlewood Lass,Secretariat,Exclusive Dancer,Great Above,T. V. Actress
202609010101,6,ダート,1200,良,未勝利,ニューイヤーズデイ,スウィートチェリー,Street Cry,Justwhistledixie,オルフェーヴル,スイートフラッグ,Machiavellian,Helen Street,Dixie Union,General Jeanne,ステイゴールド,オリエンタルアート,Kingmambo,Serengeti Day,Mr. Prospector,Coup de Folie,Troy,Waterway,Dixieland Band,She's Tops,Honour and Glory,Ahpo Hel,サンデーサイレンス,ゴールデンサッシュ,メジロマックイーン,エレクトロアート,Mr. Prospector,Miesque,Alleged,Lassie Dear,Raise a Native,Gold Digger,Halo,Raise the Standard,Petingo,La Milo,Riverman,Boulevard,Northern Dancer,Mississippi Mud,Capote,She's a Talent,Relaunch,Fair to All,Mr. Leader,Tiy,Halo,Wishing Well,ディクタス,ダイナサッシュ,メジロティターン,メジロオーロラ,ノーザンテースト,グランマスティーヴンス,Raise a Native,Gold Digger,Nureyev,Pasadoble,Hoist the Flag,Princess Pout,Buckpasser,Gay Missile
202609010101,7,ダート,1200,良,未勝利,ミスチヴィアスアレックス,プランタンビジュー,Into Mischief,White Pants Night,ダイワメジャー,スプリングチケット,Harlan's Holiday,Leslie's Lady,Speightstown,More d'Amour,サンデーサイレンス,スカーレットブーケ,トニービン,カズミハルコマ,Harlan,Christmas in Aiken,Tricky Creek,Crystal Lady,Gone West,Silken Cat,Tour d'Or,Love Connection,Halo,Wishing Well,ノーザンテースト,スカーレットインク,カンパラ,Severn Bridge,マルゼンスキー,センシユータカラ,Storm Cat,Country Romance,Affirmed,Dowager,Clever Trick,Battle Creek Girl,Stop the Music,One Last Bird,Mr. Prospector,Secrettame,Storm Cat,Silken Doll,Medaille d'Or,Debby's Turn,Master Derby,Perfect Connection,Hail to Reason,Cosmah,Understanding,Mountain Flower,Northern Dancer,Lady Victoria,Crimson Satan,Consentida,Kalamoun,State Pension,Hornbeam,Priddy Fair,Nijinsky,シル,ヴェンチア,シヤダイウイング
202609010101,8,ダート,1200,良,未勝利,ニューイヤーズデイ,フラーテイシャスミス,Street Cry,Justwhistledixie,Mr. Greeley,Seductive Smile,Machiavellian,Helen Street,Dixie Union,General Jeanne,Gone West,Long Legend,Silver Hawk,Exit Smiling,Mr. Prospector,Coup de Folie,Troy,Waterway,Dixieland Band,She's Tops,Honour and Glory,Ahpo Hel,Mr. Prospector,Secrettame,Reviewer,Lianga,Roberto,Gris Vitesse,Stage Door Johnny,Chandelier,Raise a Native,Gold Digger,Halo,Raise the Standard,Petingo,La Milo,Riverman,Boulevard,Northern Dancer,Mississippi Mud,Capote,She's a Talent,Relaunch,Fair to All,Mr. Leader,Tiy,Raise a Native,Gold Digger,Secretariat,Tamerett,Bold Ruler,Broadway,ダンサーズイメージ,Leven Ones,Hail to Reason,Bramalea,Amerigo,Matchiche,Prince John,Peroxide Blonde,Goyama,Queen of Light
202609010101,9,ダート,1200,良,未勝利,イスラボニータ,フサイチリニモ,フジキセキ,イスラコジーン,ジャングルポケット,トキオリアリティー,サンデーサイレンス,ミルレーサー,Cozzene,Isla Mujeres,トニービン,ダンスチャーマー,Meadowlake,What a Reality,Halo,Wishing Well,Le Fabuleux,Marston's Mill,Caro,Ride the Trails,Crafty Prospector,Lido Isle,カンパラ,Severn Bridge,Nureyev,Skillful Joy,Hold Your Peace,Suspicious Native,In Reality,What Will Be,Hail to Reason,Cosmah,Understanding,Mountain Flower,Wild Risk,Anguar,In Reality,Millicent,フォルティノ,Chambord,Prince John,Wildwook,Mr. Prospector,Real Crafty Lady,Far North,She Is Gorgeous,Kalamoun,State Pension,Hornbeam,Priddy Fair,Northern Dancer,Special,Nodouble,Skillful Miss,Speak John,Blue Moon,Raise a Native,Be Suspicious,Intentionally,My Dear Girl,Crozier,Solabar
202609010101,10,ダート,1200,良,未勝利,ルヴァンスレーヴ,ハイワイヤー,シンボリクリスエス,マエストラーレ,Street Cry,Awe That,Kris S.,Tee Kay,ネオユニヴァース,オータムブリーズ,Machiavellian,Helen Street,Boundary,Bangled,Roberto,Sharp Queen,Gold Meridian,Tri Argo,サンデーサイレンス,ポインテッドパス,ティンバーカントリー,セプテンバーソング,Mr. Prospector,Coup de Folie,Troy,Waterway,Danzig,Edge,Alysheba,Green Greek,Hail to Reason,Bramalea,Princequillo,Bridgework,Seattle Slew,Queen Louie,Tri Jet,Hail Proudly,Halo,Wishing Well,Kris,Silken Way,Woodman,Fall Aspen,リアルシャダイ,ダイナフェアリー,Raise a Native,Gold Digger,Halo,Raise the Standard,Petingo,La Milo,Riverman,Boulevard,Northern Dancer,Pas de Nom,Damascus,Ponte Vecchio,Alydar,Bel Sheba,Green Ticket,Athena the Great
202609010101,11,ダート,1200,良,未勝利,ダノンスマッシュ,タイキソレイユ,ロードカナロア,スピニングワイルドキャット,フジキセキ,タイキトゥインクル,キングカメハメハ,レディブラッサム,Hard Spun,Hollywood Wildcat,サンデーサイレンス,ミルレーサー,リアルシャダイ,サブミッション,Kingmambo,マンファス,Storm Cat,サラトガデュー,Danzig,Turkish Tryst,Kris S.,Miss Wildcatter,Halo,Wishing Well,Le Fabuleux,Marston's Mill,Roberto,Desert Vixen,Darshaan,Yes My Dear,Mr. Prospector,Miesque,ラストタイクーン,Pilot Bird,Storm Bird,Terlingua,Cormorant,Super Luna,Northern Dancer,Pas de Nom,Turkoman,Darbyvail,Roberto,Sharp Queen,Mr. Prospector,Elizabeth K.,Hail to Reason,Cosmah,Understanding,Mountain Flower,Wild Risk,Anguar,In Reality,Millicent,Hail to Reason,Bramalea,In Reality,Desert Trial,Shirley Heights,Delsy,Affirmed,デイオラマ
202609010101,12,ダート,1200,良,未勝利,ビーチパトロール,ナデシコニッポン,Lemon Drop Kid,Bashful Bertie,アドマイヤジャパン,ロイヤルペルラ,Kingmambo,Charming Lassie,Quiet American,Clever Bertie,サンデーサイレンス,ビワハイジ,ブライアンズタイム,スターマイライフ,Mr. Prospector,Miesque,Seattle Slew,Lassie Dear,Fappiano,Demure,Timeless Native,Clever But Costly,Halo,Wishing Well,Caerleon,アグサン,Roberto,Kelley's Day,Storm Cat,Great Lady M.,Raise a Native,Gold Digger,Nureyev,Pasadoble,Bold Reasoning,My Charmer,Buckpasser,Gay Missile,Mr. Prospector,Killaloe,Dr. Fager,Quiet Charm,Timeless Moment,Head Off,Clever Trick,Swoonlow,Hail to Reason,Cosmah,Understanding,Mountain Flower,Nijinsky,Foreseer,Lord Gayle,Santa Luciana,Hail to Reason,Bramalea,Graustark,Golden Trail,Storm Bird,Terlingua,Icecapade,Sovereign Lady
202609010101,13,ダート,1200,良,未勝利,シニスターミニスター,ペルレストラーダ,Old Trieste,Sweet Minister,アルデバラン,ドーニングストーム,A.P. Indy,Lovlier Linda,The Prime Minister,Sweet Blue,Mr. Prospector,Chimes of Freedom,Storm Cat,Triumph At Dawn,Seattle Slew,Weekend Surprise,Vigors,Linda Summers,Deputy Minister,Stick to Beauty,Hurry Up Blue,Sugar Gold,Raise a Native,Gold Digger,Private Account,Aviance,Storm Bird,Terlingua,Alydar,Dawn's Curtsey,Bold Reasoning,My Charmer,Secretariat,Lassie Dear,Grey Dawn,Relifordie,Crozier,Queenly Gift,Vice Regent,Mint Copy,Illustrious,Hail to Beauty,Mr. Leader,Blue Baroness,Mr. Prospector,Miss Ironside,Native Dancer,Raise You,Nashua,Sequence,Damascus,Numbered Account,Northfields,Minnie Hauk,Northern Dancer,South Ocean,Secretariat,Crimson Saint,Raise a Native,Sweet Tooth,Far North,Liberty Spirit
202609010101,14,ダート,1200,良,未勝利,ミッキーアイル,ディオニージア,ディープインパクト,スターアイル,Tejano Run,Essie's Maid,サンデーサイレンス,ウインドインハーヘア,ロックオブジブラルタル,アイルドフランス,Tejano,Royal Run,Linkage,Essie Bs Venture,Halo,Wishing Well,Alzao,Burghclere,デインヒル,Offshore Boom,Nureyev,ステラマドリッド,Caro,アンファンテ,Wavering Monarch,Kazadancoa,Hoist the Flag,Unity Hall,Intentionally,Choke Point,Hail to Reason,Cosmah,Understanding,Mountain Flower,Lyphard,Lady Rebecca,Busted,Highclere,Danzig,Razyana,Be My Guest,Push a Button,Northern Dancer,Special,Alydar,My Juliet,フォルティノ,Chambord,Exclusive Native,Keep a Secret,Majestic Light,Uncommitted,Green Dancer,Khazaeen,Tom Rolfe,Wavy Navy,Cyane,Rum Bottle Bay,Intent,My Recipe,Irish Lancer,Esoteric
202609010101,15,ダート,1200,良,未勝利,グレーターロンドン,インプレスゴールド,ディープインパクト,ロンドンブリッジ,ブライアンズタイム,ビューティフルゴールド,サンデーサイレンス,ウインドインハーヘア,ドクターデヴィアス,オールフォーロンドン,Roberto,Kelley's Day,Mr. Prospector,Before Dawn,Halo,Wishing Well,Alzao,Burghclere,Ahonoora,Rose of Jericho,Danzig,Full Card,Hail to Reason,Bramalea,Graustark,Golden Trail,Raise a Native,Gold Digger,Raise a Cup,Moonbeam,Hail to Reason,Cosmah,Understanding,Mountain Flower,Lyphard,Lady Rebecca,Busted,Highclere,Lorenzaccio,Helen Nichols,Alleged,Rose Red,Northern Dancer,Pas de Nom,Damascus,Belle of the Ball,Turn-to,Nothirdchance,Nashua,Rarelea,Ribot,Flower Bowl,Hasty Road,Sunny Vale,Native Dancer,Raise You,Nashua,Sequence,Raise a Native,Spring Sunshine,Tim Tam,A Gleam
202609010101,16,ダート,1200,良,未勝利,ニューイヤーズデイ,レイクキャリー,Street Cry,Justwhistledixie,ダイワメジャー,リリーアメリカ,Machiavellian,Helen Street,Dixie Union,General Jeanne,サンデーサイレンス,スカーレットブーケ,American Post,Miller's Lily,Mr. Prospector,Coup de Folie,Troy,Waterway,Dixieland Band,She's Tops,Honour and Glory,Ahpo Hel,Halo,Wishing Well,ノーザンテースト,スカーレットインク,Bering,Wells Fargo,ミラーズメイト,Lymara,Raise a Native,Gold Digger,Halo,Raise the Standard,Petingo,La Milo,Riverman,Boulevard,Northern Dancer,Mississippi Mud,Capote,She's a Talent,Relaunch,Fair to All,Mr. Leader,Tiy,Hail to Reason,Cosmah,Understanding,Mountain Flower,Northern Dancer,Lady Victoria,Crimson Satan,Consentida,Arctic Tern,Beaune,Sadler's Wells,Cruising Height,Mill Reef,Primatie,Lyphard,Maradadi
202609010102,1,ダート,1800,良,未勝利,コントレイル,クリアリーコンフューズド,ディープインパクト,ロードクロサイト,Successful Appeal,Nice of You,サンデーサイレンス,ウインドインハーヘア,Unbridled's Song,Folklore,Valid Appeal,Successful Dancer,Allen's Prospect,Toes Knows,Halo,Wishing Well,Alzao,Burghclere,Unbridled,Trolley Song,Tiznow,Contrive,In Reality,Desert Trial,Fortunate Prospect,Debonair Dancer,Mr. Prospector,Change Water,Cormorant,Melrose Queen,Hail to Reason,Cosmah,Understanding,Mountain Flower,Lyphard,Lady Rebecca,Busted,Highclere,Fappiano,Gana Facil,Caro,Lucky Spell,Cee's Tizzy,Cee's Song,Storm Cat,Jeano,Intentionally,My Dear Girl,Moslem Chief,Scotch Verdict,Northern Prospect,Fortunate Bid,Staff Writer,In the Bag,Raise a Native,Gold Digger,Swaps,Portage,His Majesty,Song Sparrow,Rose Argent,Miss Jig
202609010102,2,ダート,1800,良,未勝利,デクラレーションオブウォー,アンフィデルマール,War Front,Tempo West,エンパイアメーカー,ゴレラ,Danzig,Starry Dreamer,Rahy,Tempo,Unbridled,Toussaud,Grape Tree Road,Exciting Times,Northern Dancer,Pas de Nom,Rubiano,Lara's Star,Blushing Groom,Glorious Song,Gone West,Terpsichorist,Fappiano,Gana Facil,El Gran Senor,Image of Reality,Caerleon,One Way Street,Jeune Homme,Eloura,Nearctic,Natalma,Admiral's Voyage,Petitioner,Fappiano,Ruby Slippers,Forli,True Reality,Red God,Runaway Bride,Halo,Ballade,Mr. Prospector,Secrettame,Nijinsky,Glad Rags,Mr. Prospector,Killaloe,Le Fabuleux,Charedi,Northern Dancer,Sex Appeal,In Reality,Edee's Image,Nijinsky,Foreseer,Habitat,Guillotina,Nureyev,Alydariel,Top Ville,Eurissia
202609010102,3,ダート,1800,良,未勝利,アメリカンペイトリオット,マオノココロ,War Front,Life Well Lived,ヴァーミリアン,キスアンドクライ,Danzig,Starry Dreamer,Tiznow,Well Dressed,エルコンドルパサー,スカーレットレディ,タイキシャトル,ペリウィンクル,Northern Dancer,Pas de Nom,Rubiano,Lara's Star,Cee's Tizzy,Cee's Song,Notebook,Trithenia,Kingmambo,サドラーズギャル,サンデーサイレンス,スカーレットローズ,Devil's Bag,ウェルシュマフィン,フォーティナイナー,ダジルミージョリエ,Nearctic,Natalma,Admiral's Voyage,Petitioner,Fappiano,Ruby Slippers,Forli,True Reality,Relaunch,テイズリー,Seattle Song,Lonely Dancer,Well Decorated,Mobcap,Gold Meridian,Tri Argo,Mr. Prospector,Miesque,Sadler's Wells,Glenveagh,Halo,Wishing Well,ノーザンテースト,スカーレットインク,Halo,Ballade,Caerleon,Muffitys,Mr. Prospector,File,Carr de Naskra,Mawgrit
202609010102,4,ダート,1800,良,未勝利,サンダースノー,チェリーミルズ,Helmet,Eastern Joy,Invincible Spirit,ヒントオブスプリング,Exceed And Excel,Accessories,Dubai Destination,Red Slippers,Green Desert,Rafha,Seeking the Gold,チェロキーローズ,デインヒル,Patrona,Singspiel,Anna Matrushka,Kingmambo,Mysterial,Nureyev,Morning Devotion,Danzig,Foreign Courier,Kris,Eljazzi,Mr. Prospector,Con Game,ダンシングブレーヴ,Celtic Assembly,Danzig,Razyana,Lomond,Gladiolus,In the Wings,Glorious Song,Mill Reef,Anna Paola,Mr. Prospector,Miesque,Alleged,Mysteries,Northern Dancer,Special,Affirmed,Morning Has Broken,Northern Dancer,Pas de Nom,Sir Ivor,Courtly Dee,Sharpen Up,Doubly Sure,アーテイアス,Border Bounty,Raise a Native,Gold Digger,Buckpasser,Broadway,Lyphard,Navajo Princess,Secretariat,Welsh Garden
202609010102,5,ダート,1800,良,未勝利,サトノダイヤモンド,トピカ,ディープインパクト,マルペンサ,Whipper,Sovana,サンデーサイレンス,ウインドインハーヘア,Orpen,Marsella,Miesque's Son,Myth to Reality,デザートキング,Piacenza,Halo,Wishing Well,Alzao,Burghclere,Lure,Bonita Francita,サザンヘイロー,Riviere,Mr. Prospector,Miesque,Sadler's Wells,Millieme,デインヒル,Sabaah,Darshaan,Kahara,Hail to Reason,Cosmah,Understanding,Mountain Flower,Lyphard,Lady Rebecca,Busted,Highclere,Danzig,Endear,Devil's Bag,Raise the Standard,Halo,Northern Sea,Logical,Talonada,Raise a Native,Gold Digger,Nureyev,Pasadoble,Northern Dancer,Fairy Bridge,Mill Reef,Hardiemma,Danzig,Razyana,Nureyev,Dish Dash,Shirley Heights,Delsy,Habitat,Starina
202609010102,6,ダート,1800,良,未勝利,ロジャーバローズ,テンキセキ,ディープインパクト,リトルブック,アグネスデジタル,ホシノキンカ,サンデーサイレンス,ウインドインハーヘア,Librettist,Cal Norma's Lady,Crafty Prospector,Chancey Squaw,ラムタラ,スターマイライフ,Halo,Wishing Well,Alzao,Burghclere,Danzig,Mysterial,リファーズスペシャル,June Darling,Mr. Prospector,Real Crafty Lady,Chief's Crown,Allicance,Nijinsky,Snow Bride,Storm Cat,Great Lady M.,Hail to Reason,Cosmah,Understanding,Mountain Flower,Lyphard,Lady Rebecca,Busted,Highclere,Northern Dancer,Pas de Nom,Alleged,Mysteries,Lyphard,My Bupers,ジュニアス,Beau Darling,Raise a Native,Gold Digger,In Reality,Princess Roycraft,Danzig,Six Crowns,Alleged,Runaway Bride,Northern Dancer,Flaming Page,Blushing Groom,Awaasif,Storm Bird,Terlingua,Icecapade,Sovereign Lady
202609010102,7,ダート,1800,良,未勝利,デクラレーションオブウォー,ショウナンワヒネ,War Front,Tempo West,シンボリクリスエス,メヤディーニ,Danzig,Starry Dreamer,Rahy,Tempo,Kris S.,Tee Kay,Mr. Prospector,Niodini,Northern Dancer,Pas de Nom,Rubiano,Lara's Star,Blushing Groom,Glorious Song,Gone West,Terpsichorist,Roberto,Sharp Queen,Gold Meridian,Tri Argo,Raise a Native,Gold Digger,Nijinsky,Home Thoughts,Nearctic,Natalma,Admiral's Voyage,Petitioner,Fappiano,Ruby Slippers,Forli,True Reality,Red God,Runaway Bride,Halo,Ballade,Mr. Prospector,Secrettame,Nijinsky,Glad Rags,Hail to Reason,Bramalea,Princequillo,Bridgework,Seattle Slew,Queen Louie,Tri Jet,Hail Proudly,Native Dancer,Raise You,Nashua,Sequence,Northern Dancer,Flaming Page,Tom Rolfe,Idle Thoughts
202609010102,8,ダート,1800,良,未勝利,ミッキーアイル,リボンティアラ,ディープインパクト,スターアイル,アドマイヤムーン,ハートオブクィーン,サンデーサイレンス,ウインドインハーヘア,ロックオブジブラルタル,アイルドフランス,エンドスウィープ,マイケイティーズ,ジョリーズヘイロー,マイシークレット,Halo,Wishing Well,Alzao,Burghclere,デインヒル,Offshore Boom,Nureyev,ステラマドリッド,フォーティナイナー,Broom Dance,サンデーサイレンス,ケイティーズファースト,Halo,Jolie Jolie,Woodman,ヘブンズシークレット,Hail to Reason,Cosmah,Understanding,Mountain Flower,Lyphard,Lady Rebecca,Busted,Highclere,Danzig,Razyana,Be My Guest,Push a Button,Northern Dancer,Special,Alydar,My Juliet,Mr. Prospector,File,Dance Spell,Witching Hour,Halo,Wishing Well,Kris,Katies,Hail to Reason,Cosmah,Sir Ivor,Who's to Know,Mr. Prospector,プレイメイト,セクレト,Heavenly Blue
202609010102,9,ダート,1800,良,未勝利,ダノンレジェンド,スズノレイラ,Macho Uno,マイグッドネス,エスポワールシチー,カルブンクルス,Holy Bull,Primal Force,Storm Cat,Caressing,ゴールドアリュール,エミネントシチー,スタチューオブリバティ,フェアナタリー,Great Above,Sharon Brown,Blushing Groom,Prime Prospect,Storm Bird,Terlingua,Honour and Glory,Lovin Touch,サンデーサイレンス,ニキーヤ,ブライアンズタイム,ヘップバーンシチー,Storm Cat,Charming Lassie,ダンスインザダーク,フェアディール,Minnesota Mac,Ta Wee,Al Hattab,Agathea's Dawn,Red God,Runaway Bride,Mr. Prospector,Square Generation,Northern Dancer,South Ocean,Secretariat,Crimson Saint,Relaunch,Fair to All,Majestic Prince,Forest Princess,Halo,Wishing Well,Nureyev,Reluctant Guest,Roberto,Kelley's Day,ブレイヴェストローマン,コンパルシチー,Storm Bird,Terlingua,Seattle Slew,Lassie Dear,サンデーサイレンス,ダンシングキイ,Zilzal,ファデッタ
202609010102,10,ダート,1800,良,未勝利,ロジャーバローズ,プリティホワイト,ディープインパクト,リトルブック,クロフネ,レディタキオン,サンデーサイレンス,ウインドインハーヘア,Librettist,Cal Norma's Lady,フレンチデピュティ,ブルーアヴェニュー,アグネスタキオン,オースミシャイン,Halo,Wishing Well,Alzao,Burghclere,Danzig,Mysterial,リファーズスペシャル,June Darling,Deputy Minister,Mitterand,Classic Go Go,Eliza Blue,サンデーサイレンス,アグネスフローラ,シンボリルドルフ,コランデアガール,Hail to Reason,Cosmah,Understanding,Mountain Flower,Lyphard,Lady Rebecca,Busted,Highclere,Northern Dancer,Pas de Nom,Alleged,Mysteries,Lyphard,My Bupers,ジュニアス,Beau Darling,Vice Regent,Mint Copy,Hold Your Peace,Laredo Lass,Pago Pago,Classic Perfection,Icecapade,コレラ,Halo,Wishing Well,ロイヤルスキー,アグネスレディー,パーソロン,スイートルナ,ネヴァービート,ヤヨイカマダ
202609010102,11,ダート,1800,良,未勝利,ミッキーロケット,スイートシャイン,キングカメハメハ,マネーキャントバイミーラヴ,ディープブリランテ,スイートチャーム,Kingmambo,マンファス,Pivotal,Sabreon,ディープインパクト,ラヴアンドバブルズ,Cozzene,Sunbaked,Mr. Prospector,Miesque,ラストタイクーン,Pilot Bird,Polar Falcon,Fearless Revival,Caerleon,Sabria,サンデーサイレンス,ウインドインハーヘア,Loup Sauvage,バブルドリーム,Caro,Ride the Trails,Lyphard,Island Charm,Raise a Native,Gold Digger,Nureyev,Pasadoble,トライマイベスト,Mill Princess,Blakeney,The Dancer,Nureyev,Marie d'Argonne,Cozzene,Stufida,Nijinsky,Foreseer,Miswaki,Flood,Halo,Wishing Well,Alzao,Burghclere,Riverman,Louveterie,Akarad,バブルプロスペクター,フォルティノ,Chambord,Prince John,Wildwook,Northern Dancer,Goofed,Hawaii,Gaylord's Touch
202609010102,12,ダート,1800,良,未勝利,イスラボニータ,ニュープロヴィデンス,フジキセキ,イスラコジーン,Bahamian Bounty,Bayja,サンデーサイレンス,ミルレーサー,Cozzene,Isla Mujeres,Cadeaux Genereux,Clarentia,Giant's Causeway,Bayberry,Halo,Wishing Well,Le Fabuleux,Marston's Mill,Caro,Ride the Trails,Crafty Prospector,Lido Isle,Young Generation,Smarten Up,Ballad Rock,Laharden,Storm Cat,Mariah's Storm,Bering,Baya,Hail to Reason,Cosmah,Understanding,Mountain Flower,Wild Risk,Anguar,In Reality,Millicent,フォルティノ,Chambord,Prince John,Wildwook,Mr. Prospector,Real Crafty Lady,Far North,She Is Gorgeous,Balidar,Brig O'Doon,Sharpen Up,L'Anguissola,Bold Lad,True Rocket,Mount Hagen,Sinella,Storm Bird,Terlingua,Rahy,イメンス,Arctic Tern,Beaune,Nureyev,Barger
202609010102,13,ダート,1800,良,未勝利,カリフォルニアクローム,マガスイート,Lucky Pulpit,Love the Chase,パレスマリス,Guest House,Pulpit,Lucky Soph,Not for Love,Chase It Down,Curlin,パレスルーマー,Ghostzapper,Welcome Surprise,A.P. Indy,Preach,Cozzene,Lucky Spell,Mr. Prospector,Dance Number,Polish Numbers,Chase the Dream,Smart Strike,Sherriff's Deputy,Royal Anthem,Whisperifyoudare,Awesome Again,Baby Zip,Seeking the Gold,Weekend Surprise,Seattle Slew,Weekend Surprise,Mr. Prospector,Narrate,Caro,Ride the Trails,Lucky Mel,Incantation,Raise a Native,Gold Digger,Northern Dancer,Numbered Account,Danzig,Numbered Account,Sir Ivor,La Belle Fleur,Mr. Prospector,Classy 'n Smart,Deputy Minister,Barbarika,Theatrical,In Neon,Red Ransom,Stellar Affair,Deputy Minister,Primal Force,Relaunch,Thirty Zip,Mr. Prospector,Con Game,Secretariat,Lassie Dear
202609010102,14,ダート,1800,良,未勝利,リオンディーズ,サトノルミナス,キングカメハメハ,シーザリオ,ディープインパクト,カトマンドゥ,Kingmambo,マンファス,スペシャルウィーク,キロフプリミエール,サンデーサイレンス,ウインドインハーヘア,Country Reel,Louvardie,Mr. Prospector,Miesque,ラストタイクーン,Pilot Bird,サンデーサイレンス,キャンペンガール,Sadler's Wells,Querida,Halo,Wishing Well,Alzao,Burghclere,Danzig,Country Belle,Loup Solitaire,Kaldevees,Raise a Native,Gold Digger,Nureyev,Pasadoble,トライマイベスト,Mill Princess,Blakeney,The Dancer,Halo,Wishing Well,マルゼンスキー,レディーシラオキ,Northern Dancer,Fairy Bridge,Habitat,Principia,Hail to Reason,Cosmah,Understanding,Mountain Flower,Lyphard,Lady Rebecca,Busted,Highclere,Northern Dancer,Pas de Nom,Seattle Slew,Balbonella,Lear Fan,Louveterie,Kaldoun,Safaroa
202609010103,1,ダート,1400,良,未勝利,タワーオブロンドン,タイキエイワン,Raven's Pass,スノーパイン,フサイチコンコルド,ヤエノジョオー,Elusive Quality,Ascutney,Dalakhani,シンコウエルメス,Caerleon,バレークイーン,Cure the Blues,リンクスオブゴールド,Gone West,Touch of Greatness,Lord at War,Right Word,Darshaan,Daltawa,Sadler's Wells,Doff the Derby,Nijinsky,Foreseer,Sadler's Wells,Sun Princess,Stop the Music,Quick Cure,Linkage,State Treasure,Mr. Prospector,Secrettame,Hero's Honor,Ivory Wand,General,Luna de Miel,Verbatim,Oratorio,Shirley Heights,Delsy,Miswaki,Damana,Northern Dancer,Fairy Bridge,Master Derby,Margarethen,Northern Dancer,Flaming Page,Round Table,Regal Gleam,Northern Dancer,Fairy Bridge,イングリッシュプリンス,Sunny Valley,Hail to Reason,Bebopper,Dr. Fager,Speedwell,Hoist the Flag,Unity Hall,Secretariat,Diomedia
202609010103,2,ダート,1400,良,未勝利,サートゥルナーリア,ベルライン,ロードカナロア,シーザリオ,ダイワメジャー,カリズマティックゴールド,キングカメハメハ,レディブラッサム,スペシャルウィーク,キロフプリミエール,サンデーサイレンス,スカーレットブーケ,カリズマティック,Color of Gold,Kingmambo,マンファス,Storm Cat,サラトガデュー,サンデーサイレンス,キャンペンガール,Sadler's Wells,Querida,Halo,Wishing Well,ノーザンテースト,スカーレットインク,Summer Squall,Bali Babe,Seeking the Gold,Sulemeif,Mr. Prospector,Miesque,ラストタイクーン,Pilot Bird,Storm Bird,Terlingua,Cormorant,Super Luna,Halo,Wishing Well,マルゼンスキー,レディーシラオキ,Northern Dancer,Fairy Bridge,Habitat,Principia,Hail to Reason,Cosmah,Understanding,Mountain Flower,Northern Dancer,Lady Victoria,Crimson Satan,Consentida,Storm Bird,Weekend Surprise,Drone,Polynesian Charm,Mr. Prospector,Con Game,Northern Dancer,Barely Even
202609010103,3,ダート,1400,良,未勝利,オウケンワールド,オウケンザパール,クロフネ,オウケンガール,オルフェーヴル,オウケンサクラ,フレンチデピュティ,ブルーアヴェニュー,マーベラスサンデー,シスターソノ,ステイゴールド,オリエンタルアート,バゴ,ランフォザドリーム,Deputy Minister,Mitterand,Classic Go Go,Eliza Blue,サンデーサイレンス,モミジダンサー,ナスルエルアラブ,ロジータ,サンデーサイレンス,ゴールデンサッシュ,メジロマックイーン,エレクトロアート,Nashwan,Moonlight's Box,リアルシャダイ,ミルフォードスルー,Vice Regent,Mint Copy,Hold Your Peace,Laredo Lass,Pago Pago,Classic Perfection,Icecapade,コレラ,Halo,Wishing Well,ヴァイスリーガル,モミジ,Al Nasr,Coral Dance,ミルジョージ,メロウマダング,Halo,Wishing Well,ディクタス,ダイナサッシュ,メジロティターン,メジロオーロラ,ノーザンテースト,グランマスティーヴンス,Blushing Groom,Height of Fashion,Nureyev,Coup de Genie,Roberto,Desert Vixen,スルーザドラゴン,スピードキヨフジ
202609010103,4,ダート,1400,良,未勝利,パイロ,ハニーディスタフ,Pulpit,Wild Vision,ゴールドアリュール,ダッシングハニー,A.P. Indy,Preach,Wild Again,Carol's Wonder,サンデーサイレンス,ニキーヤ,アサティス,ラストヒット,Seattle Slew,Weekend Surprise,Mr. Prospector,Narrate,Icecapade,Bushel-n-Peck,Pass the Tab,Carols Christmas,Halo,Wishing Well,Nureyev,Reluctant Guest,Topsider,Secret Asset,スラヴィック,ゲートアンドフライ,Bold Reasoning,My Charmer,Secretariat,Lassie Dear,Raise a Native,Gold Digger,Honest Pleasure,State,Nearctic,Shenanigans,Khaled,Dama,Al Hattab,Dantina,Whitesburg,Light Verse,Hail to Reason,Cosmah,Understanding,Mountain Flower,Northern Dancer,Special,Hostage,Vaguely Royal,Northern Dancer,Drumtop,Graustark,Numbered Account,Danzig,Bamesian,クラウンドプリンス,ヤマノコトブキ
202609010103,5,ダート,1400,良,未勝利,シュヴァルグラン,アメリカンニーニャ,ハーツクライ,ハルーワスウィート,Carpe Diem,Mane Princess,サンデーサイレンス,アイリッシュダンス,Machiavellian,ハルーワソング,Giant's Causeway,Rebridled Dreams,Mineshaft,Extended Applause,Halo,Wishing Well,トニービン,ビューパーダンス,Mr. Prospector,Coup de Folie,Nureyev,Morn of Song,Storm Cat,Mariah's Storm,Unbridled's Song,Key Cents,A.P. Indy,Prospector's Delite,Exbourne,Vivid Concert,Hail to Reason,Cosmah,Understanding,Mountain Flower,カンパラ,Severn Bridge,Lyphard,My Bupers,Raise a Native,Gold Digger,Halo,Raise the Standard,Northern Dancer,Special,Blushing Groom,Glorious Song,Storm Bird,Terlingua,Rahy,イメンス,Unbridled,Trolley Song,Corridor Key,Centimeter,Seattle Slew,Weekend Surprise,Mr. Prospector,Up the Flagpole,Explodent,Social Lesson,Chief Singer,Vive La Difference
202609010103,6,ダート,1400,良,未勝利,アニマルキングダム,タキオンメーカー,Leroidesanimaux,ダリシア,エンパイアメーカー,タッキーナ,Candy Stripes,Dissemble,Acatenango,Dynamis,Unbridled,Toussaud,アグネスタキオン,ビアンキ,Blushing Groom,バブルカンパニー,Ahonoora,Kerali,Surumu,Aggravate,ダンシングブレーヴ,Diasprina,Fappiano,Gana Facil,El Gran Senor,Image of Reality,サンデーサイレンス,アグネスフローラ,Gulch,Northern Trick,Red God,Runaway Bride,Lyphard,Prodice,Lorenzaccio,Helen Nichols,High Line,Sookera,Literat,Surama,Aggressor,Raven Locks,Lyphard,Navajo Princess,Aspros,Dorle,Mr. Prospector,Killaloe,Le Fabuleux,Charedi,Northern Dancer,Sex Appeal,In Reality,Edee's Image,Halo,Wishing Well,ロイヤルスキー,アグネスレディー,Mr. Prospector,Jameela,Northern Dancer,Trick Chick
202609010103,7,ダート,1400,良,未勝利,アジアエクスプレス,デアリングプライド,ヘニーヒューズ,ランニングボブキャッツ,ダイワメジャー,デアリングダンジグ,ヘネシー,Meadow Flyer,Running Stag,Backatem,サンデーサイレンス,スカーレットブーケ,Danzig,Impetuous Gal,Storm Cat,Island Kitty,Meadowlake,Shortley,Cozzene,Fruhlingstag,Notebook,Deputy's Mistress,Halo,Wishing Well,ノーザンテースト,スカーレットインク,Northern Dancer,Pas de Nom,Briartic,Impetuous Lady,Storm Bird,Terlingua,Hawaii,T. C. Kitten,Hold Your Peace,Suspicious Native,Hagley,Short Winded,Caro,Ride the Trails,Orsini,Revada,Well Decorated,Mobcap,Deputy Minister,River Crossing,Hail to Reason,Cosmah,Understanding,Mountain Flower,Northern Dancer,Lady Victoria,Crimson Satan,Consentida,Nearctic,Natalma,Admiral's Voyage,Petitioner,Nearctic,Sweet Lady Briar,Hasty Road,Escocesa
202609010103,8,ダート,1400,良,未勝利,エーシントップ,ドリームアドリーム,Tale of the Cat,Ecology,ディープインパクト,ジョシュズマデリン,Storm Cat,Yarn,Unbridled's Song,Gdansk's Honour,サンデーサイレンス,ウインドインハーヘア,Quiet American,Intend to Win,Storm Bird,Terlingua,Mr. Prospector,Narrate,Unbridled,Trolley Song,Danzig,Royal Honoree,Halo,Wishing Well,Alzao,Burghclere,Fappiano,Demure,ハウスバスター,Intently,Northern Dancer,South Ocean,Secretariat,Crimson Saint,Raise a Native,Gold Digger,Honest Pleasure,State,Fappiano,Gana Facil,Caro,Lucky Spell,Northern Dancer,Pas de Nom,Round Table,Matriarch,Hail to Reason,Cosmah,Understanding,Mountain Flower,Lyphard,Lady Rebecca,Busted,Highclere,Mr. Prospector,Killaloe,Dr. Fager,Quiet Charm,Mt. Livermore,Big Dreams,Drone,Naughty Intentions
202609010103,9,ダート,1400,良,未勝利,リオンディーズ,アリストライン,キングカメハメハ,シーザリオ,ハーツクライ,アディクティド,Kingmambo,マンファス,スペシャルウィーク,キロフプリミエール,サンデーサイレンス,アイリッシュダンス,ディクタット,Astica,Mr. Prospector,Miesque,ラストタイクーン,Pilot Bird,サンデーサイレンス,キャンペンガール,Sadler's Wells,Querida,Halo,Wishing Well,トニービン,ビューパーダンス,ウォーニング,アルヴォラ,Surumu,Auenliebe,Raise a Native,Gold Digger,Nureyev,Pasadoble,トライマイベスト,Mill Princess,Blakeney,The Dancer,Halo,Wishing Well,マルゼンスキー,レディーシラオキ,Northern Dancer,Fairy Bridge,Habitat,Principia,Hail to Reason,Cosmah,Understanding,Mountain Flower,カンパラ,Severn Bridge,Lyphard,My Bupers,Known Fact,Slightly Dangerous,Sadler's Wells,Park Appeal,Literat,Surama,Pentathlon,Allergie
202609010103,10,ダート,1400,良,未勝利,エピファネイア,レッドベルローズ,シンボリクリスエス,シーザリオ,ディープインパクト,レッドファンタジア,Kris S.,Tee Kay,スペシャルウィーク,キロフプリミエール,サンデーサイレンス,ウインドインハーヘア,Unbridled's Song,Cat Chat,Roberto,Sharp Queen,Gold Meridian,Tri Argo,サンデーサイレンス,キャンペンガール,Sadler's Wells,Querida,Halo,Wishing Well,Alzao,Burghclere,Unbridled,Trolley Song,Storm Cat,Phone Chatter,Hail to Reason,Bramalea,Princequillo,Bridgework,Seattle Slew,Queen Louie,Tri Jet,Hail Proudly,Halo,Wishing Well,マルゼンスキー,レディーシラオキ,Northern Dancer,Fairy Bridge,Habitat,Principia,Hail to Reason,Cosmah,Understanding,Mountain Flower,Lyphard,Lady Rebecca,Busted,Highclere,Fappiano,Gana Facil,Caro,Lucky Spell,Storm Bird,Terlingua,Phone Trick,Passing My Way
202609010103,11,ダート,1400,良,未勝利,サトノインプレッサ,パイタ,ディープインパクト,サプレザ,Intikhab,Prada,サンデーサイレンス,ウインドインハーヘア,Sahm,Sorpresa,Red Ransom,Crafty Example,Lagunas,Pradera,Halo,Wishing Well,Alzao,Burghclere,Mr. Prospector,Salsabil,Pleasant Tap,Dubiously,Roberto,アラビア,Crafty Prospector,Zienelle,イルドブルボン,Liranga,Abary,Pedra,Hail to Reason,Cosmah,Understanding,Mountain Flower,Lyphard,Lady Rebecca,Busted,Highclere,Raise a Native,Gold Digger,Sadler's Wells,Flame of Tara,Pleasant Colony,Never Knock,Jolie Jo,Skeptic Lady,Hail to Reason,Bramalea,Damascus,Christmas Wind,Mr. Prospector,Real Crafty Lady,Danzig,Past Example,Nijinsky,Roseliere,Literat,Love In,Roi Dagobert,Antioquia,Caracol,Palmares
202609010103,12,ダート,1400,良,未勝利,ミスチヴィアスアレックス,イトククリ,Into Mischief,White Pants Night,サクラバクシンオー,フォーリアクイーン,Harlan's Holiday,Leslie's Lady,Speightstown,More d'Amour,サクラユタカオー,サクラハゴロモ,サンデーサイレンス,フォーリア,Harlan,Christmas in Aiken,Tricky Creek,Crystal Lady,Gone West,Silken Cat,Tour d'Or,Love Connection,テスコボーイ,アンジェリカ,ノーザンテースト,クリアアンバー,Halo,Wishing Well,Sadler's Wells,Dunoof,Storm Cat,Country Romance,Affirmed,Dowager,Clever Trick,Battle Creek Girl,Stop the Music,One Last Bird,Mr. Prospector,Secrettame,Storm Cat,Silken Doll,Medaille d'Or,Debby's Turn,Master Derby,Perfect Connection,Princely Gift,Suncourt,ネヴァービート,スターハイネス,Northern Dancer,Lady Victoria,Ambiopoise,One Clear Call,Hail to Reason,Cosmah,Understanding,Mountain Flower,Northern Dancer,Fairy Bridge,Shirley Heights,Sunbittern
202609010103,13,ダート,1400,良,未勝利,エスポワールシチー,サブノイナズマ,ゴールドアリュール,エミネントシチー,カコイーシーズ,サブノアフロディア,サンデーサイレンス,ニキーヤ,ブライアンズタイム,ヘップバーンシチー,Alydar,Careless Notion,フジキセキ,サニーモーニング,Halo,Wishing Well,Nureyev,Reluctant Guest,Roberto,Kelley's Day,ブレイヴェストローマン,コンパルシチー,Raise a Native,Sweet Tooth,Jester,Miss Uppity,サンデーサイレンス,ミルレーサー,Law Society,Golden Oriole,Hail to Reason,Cosmah,Understanding,Mountain Flower,Northern Dancer,Special,Hostage,Vaguely Royal,Hail to Reason,Bramalea,Graustark,Golden Trail,Never Bend,Roman Song,トラフィック,リンネス,Native Dancer,Raise You,On-And-On,Plum Cake,Tom Fool,Golden Apple,Nasrullah,Nursery School,Halo,Wishing Well,Le Fabuleux,Marston's Mill,Alleged,Bold Bikini,Northern Dancer,Sex Appeal
202609010103,14,ダート,1400,良,未勝利,ルーラーシップ,シャワークライム,キングカメハメハ,エアグルーヴ,ローエングリン,ミスティックリバー,Kingmambo,マンファス,トニービン,ダイナカール,Singspiel,カーリング,サンデーサイレンス,ホワイトウォーターアフェア,Mr. Prospector,Miesque,ラストタイクーン,Pilot Bird,カンパラ,Severn Bridge,ノーザンテースト,シャダイフェザー,In the Wings,Glorious Song,Garde Royale,Corraleja,Halo,Wishing Well,Machiavellian,Much Too Risky,Raise a Native,Gold Digger,Nureyev,Pasadoble,トライマイベスト,Mill Princess,Blakeney,The Dancer,Kalamoun,State Pension,Hornbeam,Priddy Fair,Northern Dancer,Lady Victoria,ガーサント,パロクサイド,Sadler's Wells,High Hawk,Halo,Ballade,Mill Reef,Royal Way,Carvin,Darling Dale,Hail to Reason,Cosmah,Understanding,Mountain Flower,Mr. Prospector,Coup de Folie,Bustino,Short Rations
202609010103,15,ダート,1400,良,未勝利,サートゥルナーリア,マサノヴィクトワル,ロードカナロア,シーザリオ,ヴィクトワールピサ,ファーストナイナー,キングカメハメハ,レディブラッサム,スペシャルウィーク,キロフプリミエール,ネオユニヴァース,ホワイトウォーターアフェア,フォーティナイナー,レディダンジグ,Kingmambo,マンファス,Storm Cat,サラトガデュー,サンデーサイレンス,キャンペンガール,Sadler's Wells,Querida,サンデーサイレンス,ポインテッドパス,Machiavellian,Much Too Risky,Mr. Prospector,File,Danzig,Lady's Secret,Mr. Prospector,Miesque,ラストタイクーン,Pilot Bird,Storm Bird,Terlingua,Cormorant,Super Luna,Halo,Wishing Well,マルゼンスキー,レディーシラオキ,Northern Dancer,Fairy Bridge,Habitat,Principia,Halo,Wishing Well,Kris,Silken Way,Mr. Prospector,Coup de Folie,Bustino,Short Rations,Raise a Native,Gold Digger,Tom Rolfe,Continue,Northern Dancer,Pas de Nom,Secretariat,Great Lady M.
202609010103,取,ダート,1400,良,未勝利,アニマルキングダム,ナムラストロベリー,Leroidesanimaux,ダリシア,ヨハネスブルグ,ナムラチアーズ,Candy Stripes,Dissemble,Acatenango,Dynamis,ヘネシー,Myth,マンハッタンカフェ,ニフティニース,Blushing Groom,バブルカンパニー,Ahonoora,Kerali,Surumu,Aggravate,ダンシングブレーヴ,Diasprina,Storm Cat,Island Kitty,オジジアン,Yarn,サンデーサイレンス,サトルチェンジ,Raise a Native,ニフテイアンドニート,Red God,Runaway Bride,Lyphard,Prodice,Lorenzaccio,Helen Nichols,High Line,Sookera,Literat,Surama,Aggressor,Raven Locks,Lyphard,Navajo Princess,Aspros,Dorle,Storm Bird,Terlingua,Hawaii,T. C. Kitten,Damascus,Gonfalon,Mr. Prospector,Narrate,Halo,Wishing Well,Law Society,Santa Luciana,Native Dancer,Raise You,Vigors,Haleallah
202609010104,1,ダート,1800,良,新馬,ルヴァンスレーヴ,エイコーンウィル,シンボリクリスエス,マエストラーレ,キングカメハメハ,サンデーエイコーン,Kris S.,Tee Kay,ネオユニヴァース,オータムブリーズ,Kingmambo,マンファス,サンデーサイレンス,エイコーンカップ,Roberto,Sharp Queen,Gold Meridian,Tri Argo,サンデーサイレンス,ポインテッドパス,ティンバーカントリー,セプテンバーソング,Mr. Prospector,Miesque,ラストタイクーン,Pilot Bird,Halo,Wishing Well,ノーザンテースト,ダイナエイコーン,Hail to Reason,Bramalea,Princequillo,Bridgework,Seattle Slew,Queen Louie,Tri Jet,Hail Proudly,Halo,Wishing Well,Kris,Silken Way,Woodman,Fall Aspen,リアルシャダイ,ダイナフェアリー,Raise a Native,Gold Digger,Nureyev,Pasadoble,トライマイベスト,Mill Princess,Blakeney,The Dancer,Hail to Reason,Cosmah,Understanding,Mountain Flower,Northern Dancer,Lady Victoria,ロイヤルスキー,ライバリュウ
202609010104,2,ダート,1800,良,新馬,キズナ,ペルルドール,ディープインパクト,キャットクイル,ウィルテイクチャージ,パープル,サンデーサイレンス,ウインドインハーヘア,Storm Cat,Pacific Princess,Unbridled's Song,Take Charge Lady,Galileo,ネックレス,Halo,Wishing Well,Alzao,Burghclere,Storm Bird,Terlingua,Damascus,Fiji,Unbridled,Trolley Song,デヒア,Felicita,Sadler's Wells,Urban Sea,Darshaan,Spinning The Yarn,Hail to Reason,Cosmah,Understanding,Mountain Flower,Lyphard,Lady Rebecca,Busted,Highclere,Northern Dancer,South Ocean,Secretariat,Crimson Saint,Sword Dancer,Kerala,Acropolis,Rififi,Fappiano,Gana Facil,Caro,Lucky Spell,Deputy Minister,Sister Dot,Rubiano,Grand Bonheur,Northern Dancer,Fairy Bridge,Miswaki,Allegretta,Shirley Heights,Delsy,Barathea,Colorspin
202609010104,3,ダート,1800,良,新馬,Curlin,シャムロックローズ,Smart Strike,Sherriff's Deputy,First Dude,Slew's Quality,Mr. Prospector,Classy 'n Smart,Deputy Minister,Barbarika,Stephen Got Even,Run Sarah Run,Elusive Quality,Great Lady Slew,Raise a Native,Gold Digger,Smarten,No Class,Vice Regent,Mint Copy,Bates Motel,War Exchange,A.P. Indy,Immerse,Smart Strike,Breech,Gone West,Touch of Greatness,Seattle Slew,Great Lady Sharon,Native Dancer,Raise You,Nashua,Sequence,Cyane,Smartaire,Nodouble,Classy Quillo,Northern Dancer,Victoria Regina,Bunty's Flight,Shakney,Sir Ivor,Sunday Purchase,Wise Exchange,Jungle War,Seattle Slew,Weekend Surprise,Cox's Ridge,Baroness Direct,Mr. Prospector,Classy 'n Smart,Relaunch,Scatter Plan,Mr. Prospector,Secrettame,Hero's Honor,Ivory Wand,Bold Reasoning,My Charmer,Alydar,Great Lady M.
202609010104,4,ダート,1800,良,新馬,スクリーンヒーロー,エイシンミノアカ,グラスワンダー,ランニングヒロイン,キングカメハメハ,ミッションガール,Silver Hawk,Ameriflora,サンデーサイレンス,ダイナアクトレス,Kingmambo,マンファス,Deputy Minister,Triple Strike,Roberto,Gris Vitesse,Danzig,Graceful Touch,Halo,Wishing Well,ノーザンテースト,モデルスポート,Mr. Prospector,Miesque,ラストタイクーン,Pilot Bird,Vice Regent,Mint Copy,Secretariat,Seeker's Gold,Hail to Reason,Bramalea,Amerigo,Matchiche,Northern Dancer,Pas de Nom,His Majesty,Pi Phi Gal,Hail to Reason,Cosmah,Understanding,Mountain Flower,Northern Dancer,Lady Victoria,モデルフール,マジックゴデイス,Raise a Native,Gold Digger,Nureyev,Pasadoble,トライマイベスト,Mill Princess,Blakeney,The Dancer,Northern Dancer,Victoria Regina,Bunty's Flight,Shakney,Bold Ruler,Somethingroyal,Mr. Prospector,I Understand
202609010104,5,ダート,1800,良,新馬,アルアイン,ブライトエルフ,ディープインパクト,ドバイマジェスティ,ブライアンズタイム,スウィートエルフ,サンデーサイレンス,ウインドインハーヘア,Essence of Dubai,Great Majesty,Roberto,Kelley's Day,タマモクロス,ダンシングエルフ,Halo,Wishing Well,Alzao,Burghclere,Pulpit,Epitome,Great Above,Mistic Majesty,Hail to Reason,Bramalea,Graustark,Golden Trail,シービークロス,グリーンシャトー,ダンシングブレーヴ,クラウドナイン,Hail to Reason,Cosmah,Understanding,Mountain Flower,Lyphard,Lady Rebecca,Busted,Highclere,A.P. Indy,Preach,Summing,Honest and True,Minnesota Mac,Ta Wee,His Majesty,Necaras Miss,Turn-to,Nothirdchance,Nashua,Rarelea,Ribot,Flower Bowl,Hasty Road,Sunny Vale,フォルティノ,ズイシヨウ,シャトーゲイ,クインビー,Lyphard,Navajo Princess,ディクタス,マイエルフ
202609010104,6,ダート,1800,良,新馬,エスポワールシチー,ジョワユーズ,ゴールドアリュール,エミネントシチー,エンパイアメーカー,ビッグテンビー,サンデーサイレンス,ニキーヤ,ブライアンズタイム,ヘップバーンシチー,Unbridled,Toussaud,テンビー,モガミヒメ,Halo,Wishing Well,Nureyev,Reluctant Guest,Roberto,Kelley's Day,ブレイヴェストローマン,コンパルシチー,Fappiano,Gana Facil,El Gran Senor,Image of Reality,Caerleon,Shining Water,カコイーシーズ,モガミポイント,Hail to Reason,Cosmah,Understanding,Mountain Flower,Northern Dancer,Special,Hostage,Vaguely Royal,Hail to Reason,Bramalea,Graustark,Golden Trail,Never Bend,Roman Song,トラフィック,リンネス,Mr. Prospector,Killaloe,Le Fabuleux,Charedi,Northern Dancer,Sex Appeal,In Reality,Edee's Image,Nijinsky,Foreseer,Kalaglow,Idle Waters,Alydar,Careless Notion,マルゼンスキー,ポイントメーカー
202609010104,7,ダート,1800,良,新馬,アメリカンペイトリオット,メジャータイフーン,War Front,Life Well Lived,ダイワメジャー,マザイ,Danzig,Starry Dreamer,Tiznow,Well Dressed,サンデーサイレンス,スカーレットブーケ,ファスリエフ,ムーンレディ,Northern Dancer,Pas de Nom,Rubiano,Lara's Star,Cee's Tizzy,Cee's Song,Notebook,Trithenia,Halo,Wishing Well,ノーザンテースト,スカーレットインク,Nureyev,Mr. P's Princess,Platini,Midnight Fever,Nearctic,Natalma,Admiral's Voyage,Petitioner,Fappiano,Ruby Slippers,Forli,True Reality,Relaunch,テイズリー,Seattle Song,Lonely Dancer,Well Decorated,Mobcap,Gold Meridian,Tri Argo,Hail to Reason,Cosmah,Understanding,Mountain Flower,Northern Dancer,Lady Victoria,Crimson Satan,Consentida,Northern Dancer,Special,Mr. Prospector,Anne Campbell,Surumu,Prairie Darling,Sure Blade,Majoritat
202609010104,8,ダート,1800,良,新馬,リオンリオン,レディアリエッタ,ルーラーシップ,アゲヒバリ,ディープインパクト,ディアチャンス,キングカメハメハ,エアグルーヴ,クロフネ,トゥザヴィクトリー,サンデーサイレンス,ウインドインハーヘア,タイキシャトル,マルカムーンライト,Kingmambo,マンファス,トニービン,ダイナカール,フレンチデピュティ,ブルーアヴェニュー,サンデーサイレンス,フェアリードール,Halo,Wishing Well,Alzao,Burghclere,Devil's Bag,ウェルシュマフィン,マルゼンスキー,アヤテンリュウ,Mr. Prospector,Miesque,ラストタイクーン,Pilot Bird,カンパラ,Severn Bridge,ノーザンテースト,シャダイフェザー,Deputy Minister,Mitterand,Classic Go Go,Eliza Blue,Halo,Wishing Well,Nureyev,Dream Deal,Hail to Reason,Cosmah,Understanding,Mountain Flower,Lyphard,Lady Rebecca,Busted,Highclere,Halo,Ballade,Caerleon,Muffitys,Nijinsky,シル,シャトーゲイ,フォーテリング
202609010104,9,ダート,1800,良,新馬,コントレイル,テオレーマ,ディープインパクト,ロードクロサイト,ジャスタウェイ,スターズアラインド,サンデーサイレンス,ウインドインハーヘア,Unbridled's Song,Folklore,ハーツクライ,シビル,Sea The Stars  Sea the Stars,Senora Galilei,Halo,Wishing Well,Alzao,Burghclere,Unbridled,Trolley Song,Tiznow,Contrive,サンデーサイレンス,アイリッシュダンス,Wild Again,シャロン,Cape Cross,Urban Sea,Galileo,Speirbhean,Hail to Reason,Cosmah,Understanding,Mountain Flower,Lyphard,Lady Rebecca,Busted,Highclere,Fappiano,Gana Facil,Caro,Lucky Spell,Cee's Tizzy,Cee's Song,Storm Cat,Jeano,Halo,Wishing Well,トニービン,ビューパーダンス,Icecapade,Bushel-n-Peck,Mo Exception,Double Wiggle,Green Desert,Park Appeal,Miswaki,Allegretta,Sadler's Wells,Urban Sea,デインヒル,Saviour
202609010104,10,ダート,1800,良,新馬,ゴールドドリーム,エアコンヴィーナ,ゴールドアリュール,モンヴェール,ヴァーミリアン,エアレモネード,サンデーサイレンス,ニキーヤ,フレンチデピュティ,スペシャルジェイド,エルコンドルパサー,スカーレットレディ,Afleet Alex,Chez La Femme,Halo,Wishing Well,Nureyev,Reluctant Guest,Deputy Minister,Mitterand,Cox's Ridge,Statistic,Kingmambo,サドラーズギャル,サンデーサイレンス,スカーレットローズ,Northern Afleet,Maggy Hawk,Afternoon Deelites,She's Ecstatic,Hail to Reason,Cosmah,Understanding,Mountain Flower,Northern Dancer,Special,Hostage,Vaguely Royal,Vice Regent,Mint Copy,Hold Your Peace,Laredo Lass,Best Turn,Our Martha,Mr. Prospector,Number,Mr. Prospector,Miesque,Sadler's Wells,Glenveagh,Halo,Wishing Well,ノーザンテースト,スカーレットインク,アフリート,Nuryette,ホークスター,Qualique,Private Terms,Intimate Girl,Sauce Boat,She's Armed
202609010104,11,ダート,1800,良,新馬,American Pharoah,Treasure Trail,Pioneerof the Nile,Littleprincessemma,Pulpit,Vertigineux,エンパイアメーカー,Star of Goshen,Yankee Gentleman,Exclusive Rosette,A.P. Indy,Preach,Kris S.,For the Flag,Unbridled,Toussaud,Lord at War,Castle Eight,Storm Cat,Key Phrase,Ecliptical,Zetta Jet,Seattle Slew,Weekend Surprise,Mr. Prospector,Narrate,Roberto,Sharp Queen,Forli,In the Offing,Fappiano,Gana Facil,El Gran Senor,Image of Reality,General,Luna de Miel,Key to the Kingdom,Her Native,Storm Bird,Terlingua,Flying Paster,Sown,Exclusive Native,Minnetonka,Tri Jet,Queen Zetta,Bold Reasoning,My Charmer,Secretariat,Lassie Dear,Raise a Native,Gold Digger,Honest Pleasure,State,Hail to Reason,Bramalea,Princequillo,Bridgework,Aristophanes,Trevisa,Hoist the Flag,Mrs. Peterkin
202609010104,12,ダート,1800,良,新馬,リオンディーズ,ベルエポック,キングカメハメハ,シーザリオ,モーリス,アドマイヤテンバ,Kingmambo,マンファス,スペシャルウィーク,キロフプリミエール,スクリーンヒーロー,メジロフランシス,クロフネ,アドマイヤグルーヴ,Mr. Prospector,Miesque,ラストタイクーン,Pilot Bird,サンデーサイレンス,キャンペンガール,Sadler's Wells,Querida,グラスワンダー,ランニングヒロイン,カーネギー,メジロモントレー,フレンチデピュティ,ブルーアヴェニュー,サンデーサイレンス,エアグルーヴ,Raise a Native,Gold Digger,Nureyev,Pasadoble,トライマイベスト,Mill Princess,Blakeney,The Dancer,Halo,Wishing Well,マルゼンスキー,レディーシラオキ,Northern Dancer,Fairy Bridge,Habitat,Principia,Silver Hawk,Ameriflora,サンデーサイレンス,ダイナアクトレス,Sadler's Wells,Detroit,モガミ,メジロクインシー,Deputy Minister,Mitterand,Classic Go Go,Eliza Blue,Halo,Wishing Well,トニービン,ダイナカール
202609010104,13,ダート,1800,良,新馬,ウインブライト,クアンナム,ステイゴールド,サマーエタニティ,Invincible Spirit,Quan Yin,サンデーサイレンス,ゴールデンサッシュ,アドマイヤコジーン,オールフォーゲラン,Green Desert,Rafha,Sadler's Wells,East of the Moon,Halo,Wishing Well,ディクタス,ダイナサッシュ,Cozzene,アドマイヤマカディ,ジェイドロバリー,ミスゲラン,Danzig,Foreign Courier,Kris,Eljazzi,Northern Dancer,Fairy Bridge,Private Account,Miesque,Hail to Reason,Cosmah,Understanding,Mountain Flower,Sanctus,Doronic,ノーザンテースト,ロイヤルサッシュ,Caro,Ride the Trails,ノーザンテースト,ミセスマカディー,Mr. Prospector,Number,マルゼンスキー,ゲラン,Northern Dancer,Pas de Nom,Sir Ivor,Courtly Dee,Sharpen Up,Doubly Sure,アーテイアス,Border Bounty,Nearctic,Natalma,Bold Reason,Special,Damascus,Numbered Account,Nureyev,Pasadoble
202609010104,14,ダート,1800,良,新馬,ホッコータルマエ,パレニア,キングカメハメハ,マダムチェロキー,キングズベスト,オオシマパンジー,Kingmambo,マンファス,Cherokee Run,アンフォイルド,Kingmambo,Allegretta,スキャン,オオシマダリア,Mr. Prospector,Miesque,ラストタイクーン,Pilot Bird,Runaway Groom,Cherokee Dame,Unbridled,Bold Foil,Mr. Prospector,Miesque,Lombard,Anatevka,Mr. Prospector,Video,モガミ,オオシマスズラン,Raise a Native,Gold Digger,Nureyev,Pasadoble,トライマイベスト,Mill Princess,Blakeney,The Dancer,Blushing Groom,Yonnie Girl,Silver Saber,Dame Francesca,Fappiano,Gana Facil,Bold Forbes,Perfect Foil,Raise a Native,Gold Digger,Nureyev,Pasadoble,Agio,Promised Lady,Espresso,Almyra,Raise a Native,Gold Digger,Nijinsky,Foreseer,Lyphard,ノーラック,カウアイキング,ネバージョオー
202609010105,1,芝,1600,良,未勝利,ジョーカプチーノ,ナムラキッス,マンハッタンカフェ,ジョープシケ,マツリダゴッホ,ナムラシンシア,サンデーサイレンス,サトルチェンジ,フサイチコンコルド,ジョーユーチャリス,サンデーサイレンス,ペイパーレイン,パントレセレブル,ナムラヒミコ,Halo,Wishing Well,Law Society,Santa Luciana,Caerleon,バレークイーン,トウショウボーイ,ジョーバブーン,Halo,Wishing Well,Bel Bolide,フローラルマジック,Nureyev,Peinture Bleue,キンググローリアス,ダイナハニー,Hail to Reason,Cosmah,Understanding,Mountain Flower,Alleged,Bold Bikini,Luciano,Suleika,Nijinsky,Foreseer,Sadler's Wells,Sun Princess,テスコボーイ,ソシアルバターフライ,フォルティノ,ハードゲイ,Hail to Reason,Cosmah,Understanding,Mountain Flower,Bold Bidder,Lady Graustark,Affirmed,Rare Lady,Northern Dancer,Special,Alydar,Petroleuse,Naevus,Glorious Natalie,ボールドアンドエイブル,スイートターフ
202609010105,2,芝,1600,良,未勝利,イスラボニータ,コッパ,フジキセキ,イスラコジーン,Yesbyjimminy,Diplomatic Angel,サンデーサイレンス,ミルレーサー,Cozzene,Isla Mujeres,Yes It's True,Sisters Creek,Valid Appeal,Royal Angelique,Halo,Wishing Well,Le Fabuleux,Marston's Mill,Caro,Ride the Trails,Crafty Prospector,Lido Isle,Is It True,Clever Monique,Pentelicus,Mighty Intimate,In Reality,Desert Trial,Diplomat Way,Royal Contessa,Hail to Reason,Cosmah,Understanding,Mountain Flower,Wild Risk,Anguar,In Reality,Millicent,フォルティノ,Chambord,Prince John,Wildwook,Mr. Prospector,Real Crafty Lady,Far North,She Is Gorgeous,Raja Baba,Roman Rockette,Clever Trick,Monique Rene,Fappiano,Charedi,Mighty Appealing,Royal Ties,Intentionally,My Dear Girl,Moslem Chief,Scotch Verdict,Nashua,Jandy,Royal Union,Noble Princess
202609010105,3,芝,1600,良,未勝利,ダノンスマッシュ,ダノングラシアス,ロードカナロア,スピニングワイルドキャット,マンハッタンカフェ,サーキットレディ,キングカメハメハ,レディブラッサム,Hard Spun,Hollywood Wildcat,サンデーサイレンス,サトルチェンジ,Grand Slam,ラグナセカ,Kingmambo,マンファス,Storm Cat,サラトガデュー,Danzig,Turkish Tryst,Kris S.,Miss Wildcatter,Halo,Wishing Well,Law Society,Santa Luciana,Gone West,Bright Candles,Seattle Slew,Topicount,Mr. Prospector,Miesque,ラストタイクーン,Pilot Bird,Storm Bird,Terlingua,Cormorant,Super Luna,Northern Dancer,Pas de Nom,Turkoman,Darbyvail,Roberto,Sharp Queen,Mr. Prospector,Elizabeth K.,Hail to Reason,Cosmah,Understanding,Mountain Flower,Alleged,Bold Bikini,Luciano,Suleika,Mr. Prospector,Secrettame,El Gran Senor,Christmas Bonus,Bold Reasoning,My Charmer,Private Account,Hot Topic
202609010105,4,芝,1600,良,未勝利,グレーターロンドン,ミラノリッチ,ディープインパクト,ロンドンブリッジ,キングカメハメハ,ファイヤーチェリー,サンデーサイレンス,ウインドインハーヘア,ドクターデヴィアス,オールフォーロンドン,Kingmambo,マンファス,Horse Chestnut,Muskoka Command,Halo,Wishing Well,Alzao,Burghclere,Ahonoora,Rose of Jericho,Danzig,Full Card,Mr. Prospector,Miesque,ラストタイクーン,Pilot Bird,Fort Wood,London Wall,Top Command,Victory Songster,Hail to Reason,Cosmah,Understanding,Mountain Flower,Lyphard,Lady Rebecca,Busted,Highclere,Lorenzaccio,Helen Nichols,Alleged,Rose Red,Northern Dancer,Pas de Nom,Damascus,Belle of the Ball,Raise a Native,Gold Digger,Nureyev,Pasadoble,トライマイベスト,Mill Princess,Blakeney,The Dancer,Sadler's Wells,Fall Aspen,Col Pickering,Nalatale,Bold Ruler,Polly Girl,Stratus,Victory Chant
202609010105,5,芝,1600,良,未勝利,デクラレーションオブウォー,レットハーゴー,War Front,Tempo West,ネオユニヴァース,ファダラン,Danzig,Starry Dreamer,Rahy,Tempo,サンデーサイレンス,ポインテッドパス,Cherokee Run,ダンスールファビュルー,Northern Dancer,Pas de Nom,Rubiano,Lara's Star,Blushing Groom,Glorious Song,Gone West,Terpsichorist,Halo,Wishing Well,Kris,Silken Way,Runaway Groom,Cherokee Dame,Northern Dancer,Fabuleux Jane,Nearctic,Natalma,Admiral's Voyage,Petitioner,Fappiano,Ruby Slippers,Forli,True Reality,Red God,Runaway Bride,Halo,Ballade,Mr. Prospector,Secrettame,Nijinsky,Glad Rags,Hail to Reason,Cosmah,Understanding,Mountain Flower,Sharpen Up,Doubly Sure,Shantung,Boulevard,Blushing Groom,Yonnie Girl,Silver Saber,Dame Francesca,Nearctic,Natalma,Le Fabuleux,Native Partner
202609010105,6,芝,1600,良,未勝利,サートゥルナーリア,リトルゲルダ,ロードカナロア,シーザリオ,Closing Argument,ビジューミス,キングカメハメハ,レディブラッサム,スペシャルウィーク,キロフプリミエール,Successful Appeal,Mrs. Greeley,Buddha,Above the Odds,Kingmambo,マンファス,Storm Cat,サラトガデュー,サンデーサイレンス,キャンペンガール,Sadler's Wells,Querida,Valid Appeal,Successful Dancer,Mr. Greeley,Rare Review,Unbridled's Song,Cahooters,Wild Again,Doppio Espresso,Mr. Prospector,Miesque,ラストタイクーン,Pilot Bird,Storm Bird,Terlingua,Cormorant,Super Luna,Halo,Wishing Well,マルゼンスキー,レディーシラオキ,Northern Dancer,Fairy Bridge,Habitat,Principia,In Reality,Desert Trial,Fortunate Prospect,Debonair Dancer,Gone West,Long Legend,Groovy,Royal Tantrum,Unbridled,Trolley Song,Storm Cat,Puss in Cahoots,Icecapade,Bushel-n-Peck,Java Gold,Eastern Dawn
202609010105,7,芝,1600,良,未勝利,サートゥルナーリア,ランドスケープ,ロードカナロア,シーザリオ,ジャスタウェイ,ベストロケーション,キングカメハメハ,レディブラッサム,スペシャルウィーク,キロフプリミエール,ハーツクライ,シビル,クロフネ,ダイナアクトレス,Kingmambo,マンファス,Storm Cat,サラトガデュー,サンデーサイレンス,キャンペンガール,Sadler's Wells,Querida,サンデーサイレンス,アイリッシュダンス,Wild Again,シャロン,フレンチデピュティ,ブルーアヴェニュー,ノーザンテースト,モデルスポート,Mr. Prospector,Miesque,ラストタイクーン,Pilot Bird,Storm Bird,Terlingua,Cormorant,Super Luna,Halo,Wishing Well,マルゼンスキー,レディーシラオキ,Northern Dancer,Fairy Bridge,Habitat,Principia,Halo,Wishing Well,トニービン,ビューパーダンス,Icecapade,Bushel-n-Peck,Mo Exception,Double Wiggle,Deputy Minister,Mitterand,Classic Go Go,Eliza Blue,Northern Dancer,Lady Victoria,モデルフール,マジックゴデイス
202609010105,8,芝,1600,良,未勝利,ポエティックフレア,ヴェルザンディ,Dawn Approach,Maria Lee,アグネスタキオン,ウインドインハーヘア,New Approach,Hymn Of The Dawn,ロックオブジブラルタル,Elida,サンデーサイレンス,アグネスフローラ,Alzao,Burghclere,Galileo,Park Express,Phone Trick,Colonial Debut,デインヒル,Offshore Boom,ロイヤルアカデミー,Saviour,Halo,Wishing Well,ロイヤルスキー,アグネスレディー,Lyphard,Lady Rebecca,Busted,Highclere,Sadler's Wells,Urban Sea,Ahonoora,Matcher,Clever Trick,Over the Phone,Pleasant Colony,Kittihawk Miss,Danzig,Razyana,Be My Guest,Push a Button,Nijinsky,Crimson Saint,Majestic Light,Victorian Queen,Hail to Reason,Cosmah,Understanding,Mountain Flower,Raja Baba,Coz o'Nijinsky,リマンド,イコマエイカン,Northern Dancer,Goofed,Sir Ivor,Pocahontas,Crepello,Sans le Sou,Queen's Hussar,Highlight
202609010105,9,芝,1600,良,未勝利,サトノクラウン,エリンズロマーネ,Marju,ジョコンダ,ノヴェリスト,エリンコート,ラストタイクーン,Flame of Tara,Rossini,La Joconde,Monsun,Night Lagoon,デュランダル,エリンバード,トライマイベスト,Mill Princess,アーテイアス,Welsh Flame,Miswaki,Touch of Greatness,Vettori,Lust,Konigsstuhl,Mosella,Lagunas,Nenuphar,サンデーサイレンス,サワヤカプリンセス,Bluebird,Maid of Erin,Northern Dancer,Sex Appeal,Mill Reef,Irish Lass,Round Table,Stylish Pattern,Welsh Pageant,Electric Flash,Mr. Prospector,Hopespringseternal,Hero's Honor,Ivory Wand,Machiavellian,Air Distingue,Pursuit of Love,Pato,Dschingis Khan,Konigskronung,Surumu,Monasia,イルドブルボン,Liranga,Night Shift,Narola,Halo,Wishing Well,ノーザンテースト,スコッチプリンセス,Storm Bird,Ivory Dawn,Irish River,Dancing Shadow
202609010105,10,芝,1600,良,未勝利,リオンディーズ,パフェムリ,キングカメハメハ,シーザリオ,ヴィクトワールピサ,タイヨウパフューム,Kingmambo,マンファス,スペシャルウィーク,キロフプリミエール,ネオユニヴァース,ホワイトウォーターアフェア,ジャングルポケット,ノーザンヴィーナス,Mr. Prospector,Miesque,ラストタイクーン,Pilot Bird,サンデーサイレンス,キャンペンガール,Sadler's Wells,Querida,サンデーサイレンス,ポインテッドパス,Machiavellian,Much Too Risky,トニービン,ダンスチャーマー,ノーザンテースト,ダボナアンビション,Raise a Native,Gold Digger,Nureyev,Pasadoble,トライマイベスト,Mill Princess,Blakeney,The Dancer,Halo,Wishing Well,マルゼンスキー,レディーシラオキ,Northern Dancer,Fairy Bridge,Habitat,Principia,Halo,Wishing Well,Kris,Silken Way,Mr. Prospector,Coup de Folie,Bustino,Short Rations,カンパラ,Severn Bridge,Nureyev,Skillful Joy,Northern Dancer,Lady Victoria,Seattle Slew,ダボナゴールド
202609010105,11,芝,1600,良,未勝利,サトノアラジン,ブリングミージョイ,ディープインパクト,マジックストーム,ドゥラメンテ,エルラディユー,サンデーサイレンス,ウインドインハーヘア,Storm Cat,Foppy Dancer,キングカメハメハ,アドマイヤグルーヴ,Unbridled's Song,レーヴドフィユ,Halo,Wishing Well,Alzao,Burghclere,Storm Bird,Terlingua,Fappiano,Water Dance,Kingmambo,マンファス,サンデーサイレンス,エアグルーヴ,Unbridled,Trolley Song,Storm Cat,Bosra Sham,Hail to Reason,Cosmah,Understanding,Mountain Flower,Lyphard,Lady Rebecca,Busted,Highclere,Northern Dancer,South Ocean,Secretariat,Crimson Saint,Mr. Prospector,Killaloe,Nijinsky,Luiana,Mr. Prospector,Miesque,ラストタイクーン,Pilot Bird,Halo,Wishing Well,トニービン,ダイナカール,Fappiano,Gana Facil,Caro,Lucky Spell,Storm Bird,Terlingua,Woodman,Korveya
202609010105,12,芝,1600,良,未勝利,エピファネイア,レッドレイチェル,シンボリクリスエス,シーザリオ,Medaglia d'Oro,クーデンビーチ,Kris S.,Tee Kay,スペシャルウィーク,キロフプリミエール,El Prado,Cappucino Bay,パントレセレブル,Joyful,Roberto,Sharp Queen,Gold Meridian,Tri Argo,サンデーサイレンス,キャンペンガール,Sadler's Wells,Querida,Sadler's Wells,Lady Capulet,Bailjumper,Dubbed In,Nureyev,Peinture Bleue,Green Desert,Optimistic Lass,Hail to Reason,Bramalea,Princequillo,Bridgework,Seattle Slew,Queen Louie,Tri Jet,Hail Proudly,Halo,Wishing Well,マルゼンスキー,レディーシラオキ,Northern Dancer,Fairy Bridge,Habitat,Principia,Northern Dancer,Fairy Bridge,Sir Ivor,Cap and Bells,Damascus,Court Circuit,Silent Screen,Society Singer,Northern Dancer,Special,Alydar,Petroleuse,Danzig,Foreign Courier,Mr. Prospector,Loveliest
202609010105,13,芝,1600,良,未勝利,コントレイル,ピエナミント,ディープインパクト,ロードクロサイト,ノヴェリスト,スペシャルフロート,サンデーサイレンス,ウインドインハーヘア,Unbridled's Song,Folklore,Monsun,Night Lagoon,スペシャルウィーク,ダイイチフローネ,Halo,Wishing Well,Alzao,Burghclere,Unbridled,Trolley Song,Tiznow,Contrive,Konigsstuhl,Mosella,Lagunas,Nenuphar,サンデーサイレンス,キャンペンガール,リアルシャダイ,レガシーオブストレングス,Hail to Reason,Cosmah,Understanding,Mountain Flower,Lyphard,Lady Rebecca,Busted,Highclere,Fappiano,Gana Facil,Caro,Lucky Spell,Cee's Tizzy,Cee's Song,Storm Cat,Jeano,Dschingis Khan,Konigskronung,Surumu,Monasia,イルドブルボン,Liranga,Night Shift,Narola,Halo,Wishing Well,マルゼンスキー,レディーシラオキ,Roberto,Desert Vixen,Affirmed,Katonka
202609010105,14,芝,1600,良,未勝利,コントレイル,ストレイトガール,ディープインパクト,ロードクロサイト,フジキセキ,ネヴァーピリオド,サンデーサイレンス,ウインドインハーヘア,Unbridled's Song,Folklore,サンデーサイレンス,ミルレーサー,タイキシャトル,フューチャハッピー,Halo,Wishing Well,Alzao,Burghclere,Unbridled,Trolley Song,Tiznow,Contrive,Halo,Wishing Well,Le Fabuleux,Marston's Mill,Devil's Bag,ウェルシュマフィン,デインヒル,タイセイカグラ,Hail to Reason,Cosmah,Understanding,Mountain Flower,Lyphard,Lady Rebecca,Busted,Highclere,Fappiano,Gana Facil,Caro,Lucky Spell,Cee's Tizzy,Cee's Song,Storm Cat,Jeano,Hail to Reason,Cosmah,Understanding,Mountain Flower,Wild Risk,Anguar,In Reality,Millicent,Halo,Ballade,Caerleon,Muffitys,Danzig,Razyana,モーニングフローリック,ミリーバード
202609010105,15,芝,1600,良,未勝利,サートゥルナーリア,グァカモーレ,ロードカナロア,シーザリオ,Flat Out,Officially,キングカメハメハ,レディブラッサム,スペシャルウィーク,キロフプリミエール,Flatter,Cresta Lil,Officer,Shepherd's Moon,Kingmambo,マンファス,Storm Cat,サラトガデュー,サンデーサイレンス,キャンペンガール,Sadler's Wells,Querida,A.P. Indy,Praise,Cresta Rider,Rugosa,Bertrando,St. Helens Shadow,Silver Hawk,Look North,Mr. Prospector,Miesque,ラストタイクーン,Pilot Bird,Storm Bird,Terlingua,Cormorant,Super Luna,Halo,Wishing Well,マルゼンスキー,レディーシラオキ,Northern Dancer,Fairy Bridge,Habitat,Principia,Seattle Slew,Weekend Surprise,Mr. Prospector,Wild Applause,Northern Dancer,Thoroly Blue,Double Jay,Rose,Skywalker,Gentle Hands,Septieme Ciel,Little Bar Fly,Roberto,Gris Vitesse,Northern Dancer,Passing Look
202609010105,16,芝,1600,良,未勝利,ダノンプレミアム,キーポケット,ディープインパクト,インディアナギャル,デヒア,ターフメビュース,サンデーサイレンス,ウインドインハーヘア,Intikhab,Genial Jenny,Deputy Minister,Sister Dot,エブロス,ローマステーション,Halo,Wishing Well,Alzao,Burghclere,Red Ransom,Crafty Example,デインヒル,Joma Kaanem,Vice Regent,Mint Copy,Secretariat,Sword Game,Mr. Prospector,Scuff,Law Society,アルパインスウィフト,Hail to Reason,Cosmah,Understanding,Mountain Flower,Lyphard,Lady Rebecca,Busted,Highclere,Roberto,アラビア,Crafty Prospector,Zienelle,Danzig,Razyana,Double Form,Ash Lawn,Northern Dancer,Victoria Regina,Bunty's Flight,Shakney,Bold Ruler,Somethingroyal,Damascus,Bill and I,Raise a Native,Gold Digger,Forli,Moccasin,Alleged,Bold Bikini,Storm Bird,La Dame Du Lac
202609010105,17,芝,1600,良,未勝利,オルフェーヴル,ピエールドリュヌ,ステイゴールド,オリエンタルアート,キングカメハメハ,ムーンザドリーム,サンデーサイレンス,ゴールデンサッシュ,メジロマックイーン,エレクトロアート,Kingmambo,マンファス,ダンスインザダーク,ミヨシチェリー,Halo,Wishing Well,ディクタス,ダイナサッシュ,メジロティターン,メジロオーロラ,ノーザンテースト,グランマスティーヴンス,Mr. Prospector,Miesque,ラストタイクーン,Pilot Bird,サンデーサイレンス,ダンシングキイ,メンデス,ミズノコマチ,Hail to Reason,Cosmah,Understanding,Mountain Flower,Sanctus,Doronic,ノーザンテースト,ロイヤルサッシュ,メジロアサマ,シエリル,リマンド,メジロアイリス,Northern Dancer,Lady Victoria,Lt. Stevens,Dhow,Raise a Native,Gold Digger,Nureyev,Pasadoble,トライマイベスト,Mill Princess,Blakeney,The Dancer,Halo,Wishing Well,Nijinsky,Key Partner,ベリファ,Miss Carina,フィダルゴ,ラインランド
202609010105,18,芝,1600,良,未勝利,ロードカナロア,メンディド,キングカメハメハ,レディブラッサム,Broken Vow,Fair and Square,Kingmambo,マンファス,Storm Cat,サラトガデュー,Unbridled,Wedding Vow,Awesome Again,Untarnished,Mr. Prospector,Miesque,ラストタイクーン,Pilot Bird,Storm Bird,Terlingua,Cormorant,Super Luna,Fappiano,Gana Facil,Nijinsky,Wedding Picture,Deputy Minister,Primal Force,Unbridled,Banshee Winds,Raise a Native,Gold Digger,Nureyev,Pasadoble,トライマイベスト,Mill Princess,Blakeney,The Dancer,Northern Dancer,South Ocean,Secretariat,Crimson Saint,His Majesty,Song Sparrow,In Reality,Alada,Mr. Prospector,Killaloe,Le Fabuleux,Charedi,Northern Dancer,Flaming Page,Blushing Groom,Strike a Pose,Vice Regent,Mint Copy,Blushing Groom,Prime Prospect,Fappiano,Gana Facil,Known Fact,Quack a Doodledoo
202609010106,1,芝,2400,良,未勝利,コントレイル,コンヴィクション,ディープインパクト,ロードクロサイト,City Banker,Cronwell Land,サンデーサイレンス,ウインドインハーヘア,Unbridled's Song,Folklore,Lode,Cirandinha,サザンヘイロー,Crown Golda,Halo,Wishing Well,Alzao,Burghclere,Unbridled,Trolley Song,Tiznow,Contrive,Mr. Prospector,Grand Luxe,Ibero,Cintilante,Halo,Northern Sea,Crown Thy Good,Gevar,Hail to Reason,Cosmah,Understanding,Mountain Flower,Lyphard,Lady Rebecca,Busted,Highclere,Fappiano,Gana Facil,Caro,Lucky Spell,Cee's Tizzy,Cee's Song,Storm Cat,Jeano,Raise a Native,Gold Digger,Sir Ivor,Fanfreluche,Cinco Grande,Iberienne,オジジアン,Harvard's Bay,Hail to Reason,Cosmah,Northern Dancer,Sea Saga,Hoist the Flag,Society Column,Right of Way,Zaris
202609010106,2,芝,2400,良,未勝利,キタサンブラック,シナジーウィスパー,ブラックタイド,シュガーハート,ネオユニヴァース,エヴリウィスパー,サンデーサイレンス,ウインドインハーヘア,サクラバクシンオー,オトメゴコロ,サンデーサイレンス,ポインテッドパス,ノーザンテースト,クラフテイワイフ,Halo,Wishing Well,Alzao,Burghclere,サクラユタカオー,サクラハゴロモ,ジャッジアンジェルーチ,テイズリー,Halo,Wishing Well,Kris,Silken Way,Northern Dancer,Lady Victoria,Crafty Prospector,Wife Mistress,Hail to Reason,Cosmah,Understanding,Mountain Flower,Lyphard,Lady Rebecca,Busted,Highclere,テスコボーイ,アンジェリカ,ノーザンテースト,クリアアンバー,Honest Pleasure,Victorian Queen,Lyphard,Tizna,Hail to Reason,Cosmah,Understanding,Mountain Flower,Sharpen Up,Doubly Sure,Shantung,Boulevard,Nearctic,Natalma,Victoria Park,Lady Angela,Mr. Prospector,Real Crafty Lady,Secretariat,Political Payoff
202609010106,3,芝,2400,良,未勝利,コントレイル,スルターナ,ディープインパクト,ロードクロサイト,キングヘイロー,ラヴァーズレーン,サンデーサイレンス,ウインドインハーヘア,Unbridled's Song,Folklore,ダンシングブレーヴ,グッバイヘイロー,メジロライアン,モガミヒメ,Halo,Wishing Well,Alzao,Burghclere,Unbridled,Trolley Song,Tiznow,Contrive,Lyphard,Navajo Princess,Halo,Pound Foolish,アンバーシャダイ,メジロチェイサー,カコイーシーズ,モガミポイント,Hail to Reason,Cosmah,Understanding,Mountain Flower,Lyphard,Lady Rebecca,Busted,Highclere,Fappiano,Gana Facil,Caro,Lucky Spell,Cee's Tizzy,Cee's Song,Storm Cat,Jeano,Northern Dancer,Goofed,Drone,Olmec,Hail to Reason,Cosmah,Sir Ivor,Squander,ノーザンテースト,クリアアンバー,メジロサンマン,シエリル,Alydar,Careless Notion,マルゼンスキー,ポイントメーカー
202609010106,4,芝,2400,良,未勝利,フィエールマン,メモリーコロネット,ディープインパクト,リュヌドール,ロードカナロア,メモリーパフィア,サンデーサイレンス,ウインドインハーヘア,Green Tune,Luth d'Or,キングカメハメハ,レディブラッサム,ノボジャック,メモリーラマン,Halo,Wishing Well,Alzao,Burghclere,Green Dancer,Soundings,Noir Et Or,Viole d'Amour,Kingmambo,マンファス,Storm Cat,サラトガデュー,フレンチデピュティ,フライトオブエンジェルス,トニービン,パーカツシヨン,Hail to Reason,Cosmah,Understanding,Mountain Flower,Lyphard,Lady Rebecca,Busted,Highclere,Nijinsky,Green Valley,Mr. Prospector,Ocean's Answer,ラインゴールド,Pomme Rose,Luthier,Mandolinette,Mr. Prospector,Miesque,ラストタイクーン,Pilot Bird,Storm Bird,Terlingua,Cormorant,Super Luna,Deputy Minister,Mitterand,アフリート,Intently,カンパラ,Severn Bridge,Lyphard,Rose de Saron
202609010106,5,芝,2400,良,未勝利,キズナ,ザナ,ディープインパクト,キャットクイル,Galileo,Maskaya,サンデーサイレンス,ウインドインハーヘア,Storm Cat,Pacific Princess,Sadler's Wells,Urban Sea,Machiavellian,Majinskaya,Halo,Wishing Well,Alzao,Burghclere,Storm Bird,Terlingua,Damascus,Fiji,Northern Dancer,Fairy Bridge,Miswaki,Allegretta,Mr. Prospector,Coup de Folie,Marignan,Makarova,Hail to Reason,Cosmah,Understanding,Mountain Flower,Lyphard,Lady Rebecca,Busted,Highclere,Northern Dancer,South Ocean,Secretariat,Crimson Saint,Sword Dancer,Kerala,Acropolis,Rififi,Nearctic,Natalma,Bold Reason,Special,Mr. Prospector,Hopespringseternal,Lombard,Anatevka,Raise a Native,Gold Digger,Halo,Raise the Standard,Blushing Groom,Madelia,Nijinsky,Midou
202609010106,6,芝,2400,良,未勝利,サトノダイヤモンド,メチャコルタ,ディープインパクト,マルペンサ,El Corredor,Aqui Lulu,サンデーサイレンス,ウインドインハーヘア,Orpen,Marsella,Mr. Greeley,Silvery Swan,Lucky Roberto,Great Stampa,Halo,Wishing Well,Alzao,Burghclere,Lure,Bonita Francita,サザンヘイロー,Riviere,Gone West,Long Legend,Silver Deputy,Sociable Duck,Belong to Me,Roberto's Gal,Senor Pete,Bella Stampa,Hail to Reason,Cosmah,Understanding,Mountain Flower,Lyphard,Lady Rebecca,Busted,Highclere,Danzig,Endear,Devil's Bag,Raise the Standard,Halo,Northern Sea,Logical,Talonada,Mr. Prospector,Secrettame,Reviewer,Lianga,Deputy Minister,Silver Valley,Quack,Unsociable,Danzig,Belonging,Roberto,Grafitti Gal,Green Dancer,She Won't Tell,Gold Alert,Go Forward
202609010106,7,芝,2400,良,未勝利,エピファネイア,パイネ,シンボリクリスエス,シーザリオ,ディープインパクト,ミスアンコール,Kris S.,Tee Kay,スペシャルウィーク,キロフプリミエール,サンデーサイレンス,ウインドインハーヘア,キングカメハメハ,ブロードアピール,Roberto,Sharp Queen,Gold Meridian,Tri Argo,サンデーサイレンス,キャンペンガール,Sadler's Wells,Querida,Halo,Wishing Well,Alzao,Burghclere,Kingmambo,マンファス,Broad Brush,Valid Allure,Hail to Reason,Bramalea,Princequillo,Bridgework,Seattle Slew,Queen Louie,Tri Jet,Hail Proudly,Halo,Wishing Well,マルゼンスキー,レディーシラオキ,Northern Dancer,Fairy Bridge,Habitat,Principia,Hail to Reason,Cosmah,Understanding,Mountain Flower,Lyphard,Lady Rebecca,Busted,Highclere,Mr. Prospector,Miesque,ラストタイクーン,Pilot Bird,Ack Ack,Hay Patcher,Valid Appeal,Alluring Girl
202609010106,8,芝,2400,良,未勝利,ファインニードル,マンノアクトレス,アドマイヤムーン,ニードルクラフト,ハーツクライ,ウェーブクイーン,エンドスウィープ,マイケイティーズ,Mark of Esteem,Sharp Point,サンデーサイレンス,アイリッシュダンス,サッカーボーイ,マウンテンクィーン,フォーティナイナー,Broom Dance,サンデーサイレンス,ケイティーズファースト,Darshaan,Homage,ロイヤルアカデミー,Nice Point,Halo,Wishing Well,トニービン,ビューパーダンス,ディクタス,ダイナサッシュ,ニゾン,ヤマカクイン,Mr. Prospector,File,Dance Spell,Witching Hour,Halo,Wishing Well,Kris,Katies,Shirley Heights,Delsy,Ajdal,Home Love,Nijinsky,Crimson Saint,Sharpen Up,Alpine Niece,Hail to Reason,Cosmah,Understanding,Mountain Flower,カンパラ,Severn Bridge,Lyphard,My Bupers,Sanctus,Doronic,ノーザンテースト,ロイヤルサッシュ,Nijinsky,Exit Smiling,バーボンプリンス,フエンス
202609010106,9,芝,2400,良,未勝利,キズナ,ゼフィランサス,ディープインパクト,キャットクイル,キングヘイロー,モガミヒメ,サンデーサイレンス,ウインドインハーヘア,Storm Cat,Pacific Princess,ダンシングブレーヴ,グッバイヘイロー,カコイーシーズ,モガミポイント,Halo,Wishing Well,Alzao,Burghclere,Storm Bird,Terlingua,Damascus,Fiji,Lyphard,Navajo Princess,Halo,Pound Foolish,Alydar,Careless Notion,マルゼンスキー,ポイントメーカー,Hail to Reason,Cosmah,Understanding,Mountain Flower,Lyphard,Lady Rebecca,Busted,Highclere,Northern Dancer,South Ocean,Secretariat,Crimson Saint,Sword Dancer,Kerala,Acropolis,Rififi,Northern Dancer,Goofed,Drone,Olmec,Hail to Reason,Cosmah,Sir Ivor,Squander,Raise a Native,Sweet Tooth,Jester,Miss Uppity,Nijinsky,シル,ボールドラツド,クリヒデ
202609010106,10,芝,2400,良,未勝利,リアルスティール,プリティカポレイ,ディープインパクト,ラヴズオンリーミー,クロフネ,タイムフェアレディ,サンデーサイレンス,ウインドインハーヘア,Storm Cat,Monevassia,フレンチデピュティ,ブルーアヴェニュー,メジロマックイーン,トキファイター,Halo,Wishing Well,Alzao,Burghclere,Storm Bird,Terlingua,Mr. Prospector,Miesque,Deputy Minister,Mitterand,Classic Go Go,Eliza Blue,メジロティターン,メジロオーロラ,カツラギエース,ダンシングファイタ,Hail to Reason,Cosmah,Understanding,Mountain Flower,Lyphard,Lady Rebecca,Busted,Highclere,Northern Dancer,South Ocean,Secretariat,Crimson Saint,Raise a Native,Gold Digger,Nureyev,Pasadoble,Vice Regent,Mint Copy,Hold Your Peace,Laredo Lass,Pago Pago,Classic Perfection,Icecapade,コレラ,メジロアサマ,シエリル,リマンド,メジロアイリス,ボイズィーボーイ,タニノベンチヤ,ダンシングキャップ,キシューファイター
202609010106,11,芝,2400,良,未勝利,ゴールドシップ,イロジカケ,ステイゴールド,ポイントフラッグ,クロフネ,リッジローズ,サンデーサイレンス,ゴールデンサッシュ,メジロマックイーン,パストラリズム,フレンチデピュティ,ブルーアヴェニュー,Sadler's Wells,Fig Tree Drive,Halo,Wishing Well,ディクタス,ダイナサッシュ,メジロティターン,メジロオーロラ,プルラリズム,トクノエイティー,Deputy Minister,Mitterand,Classic Go Go,Eliza Blue,Northern Dancer,Fairy Bridge,Miswaki,Rose O'Riley,Hail to Reason,Cosmah,Understanding,Mountain Flower,Sanctus,Doronic,ノーザンテースト,ロイヤルサッシュ,メジロアサマ,シエリル,リマンド,メジロアイリス,The Minstrel,Cambretta,トライバルチーフ,アイアンルビー,Vice Regent,Mint Copy,Hold Your Peace,Laredo Lass,Pago Pago,Classic Perfection,Icecapade,コレラ,Nearctic,Natalma,Bold Reason,Special,Mr. Prospector,Hopespringseternal,Nijinsky,Rosetta Stone
202609010107,1,ダート,1400,良,1勝クラス,フォーウィールドライブ,ケージーハッピー,American Pharoah,Funfair,ジェイドロバリー,ナポレオンオオミネ,Pioneerof the Nile,Littleprincessemma,More Than Ready,Fleuron,Mr. Prospector,Number,ダンスインザダーク,アクチンアグリー,エンパイアメーカー,Star of Goshen,Yankee Gentleman,Exclusive Rosette,サザンヘイロー,Woodman's Girl,Distant View,Flamboyance,Raise a Native,Gold Digger,Nijinsky,Special,サンデーサイレンス,ダンシングキイ,Bold Ruckus,アサーティブプリンセス,Unbridled,Toussaud,Lord at War,Castle Eight,Storm Cat,Key Phrase,Ecliptical,Zetta Jet,Halo,Northern Sea,Woodman,Becky Be Good,Mr. Prospector,Seven Springs,Zilzal,Bridal Wreath,Native Dancer,Raise You,Nashua,Sequence,Northern Dancer,Flaming Page,Forli,Thong,Halo,Wishing Well,Nijinsky,Key Partner,Boldnesian,Raise a Ruckus,Assert,Pacific Princess
202609010107,2,ダート,1400,良,1勝クラス,ナダル,ヒシアルコル,Blame,Ascending Angel,ダイワメジャー,ヒシピナクル,Arch,Liable,Pulpit,Solar Colony,サンデーサイレンス,スカーレットブーケ,Theatrical,Katies,Kris S.,Aurora,Seeking the Gold,Bound,A.P. Indy,Preach,Pleasant Colony,Meteor Stage,Halo,Wishing Well,ノーザンテースト,スカーレットインク,Nureyev,ツリーオブノレッジ,ノノアルコ,Mortefontaine,Roberto,Sharp Queen,Danzig,Althea,Mr. Prospector,Con Game,Nijinsky,Special,Seattle Slew,Weekend Surprise,Mr. Prospector,Narrate,His Majesty,Sun Colony,Stage Door Johnny,Northern Meteor,Hail to Reason,Cosmah,Understanding,Mountain Flower,Northern Dancer,Lady Victoria,Crimson Satan,Consentida,Northern Dancer,Special,Sassafras,Sensibility,Nearctic,Seximee,ポリック,Brabantia
202609010107,3,ダート,1400,良,1勝クラス,ブリックスアンドモルタル,コンテスティッド,Giant's Causeway,Beyond the Waves,Ghostzapper,Gold Vault,Storm Cat,Mariah's Storm,Ocean Crest,Excedent,Awesome Again,Baby Zip,Arch,Questress,Storm Bird,Terlingua,Rahy,イメンス,Storm Bird,S.S.Aroma,Exceller,Broadway Lullaby,Deputy Minister,Primal Force,Relaunch,Thirty Zip,Kris S.,Aurora,Seeking the Gold,Nahema,Northern Dancer,South Ocean,Secretariat,Crimson Saint,Blushing Groom,Glorious Song,Roberto,Imsodear,Northern Dancer,South Ocean,Seattle Slew,Rare Bouquet,Vaguely Noble,Too Bald,Stage Door Johnny,リットルブレツシング,Vice Regent,Mint Copy,Blushing Groom,Prime Prospect,In Reality,Foggy Note,Tri Jet,Sailaway,Roberto,Sharp Queen,Danzig,Althea,Mr. Prospector,Con Game,Believe It,Flickering Star
202609010107,4,ダート,1400,良,1勝クラス,マクフィ,ミラクルクロス,Dubawi,Dhelaal,フジキセキ,ロイヤルクロス,Dubai Millennium,Zomaradah,Green Desert,Irish Valley,サンデーサイレンス,ミルレーサー,スリルショー,スタームーン,Seeking the Gold,Colorado Dancer,Deploy,Jawaher,Danzig,Foreign Courier,Irish River,Green Valley,Halo,Wishing Well,Le Fabuleux,Marston's Mill,Northern Baby,Splendid Girl,シャトーゲイ,ブラックバトー,Mr. Prospector,Con Game,Shareef Dancer,Fall Aspen,Shirley Heights,Slightly Dangerous,ダンシングブレーヴ,High Tern,Northern Dancer,Pas de Nom,Sir Ivor,Courtly Dee,Riverman,Irish Star,Val de Loir,Sly Pola,Hail to Reason,Cosmah,Understanding,Mountain Flower,Wild Risk,Anguar,In Reality,Millicent,Northern Dancer,Two Rings,Golden Eagle,Coccinea,Swaps,Banquet Bell,ヒンドスタン,チエス
202609010107,5,ダート,1400,良,1勝クラス,ラブリーデイ,アンドリエッテ,キングカメハメハ,ポップコーンジャズ,ディープインパクト,アナバシュドチャーム,Kingmambo,マンファス,ダンスインザダーク,グレイスルーマー,サンデーサイレンス,ウインドインハーヘア,Silver Deputy,Unbridled Hope,Mr. Prospector,Miesque,ラストタイクーン,Pilot Bird,サンデーサイレンス,ダンシングキイ,トニービン,ディスクジョッキー,Halo,Wishing Well,Alzao,Burghclere,Deputy Minister,Silver Valley,Unbridled,D'Youville Nurse,Raise a Native,Gold Digger,Nureyev,Pasadoble,トライマイベスト,Mill Princess,Blakeney,The Dancer,Halo,Wishing Well,Nijinsky,Key Partner,カンパラ,Severn Bridge,リアルシャダイ,シャダイチャッター,Hail to Reason,Cosmah,Understanding,Mountain Flower,Lyphard,Lady Rebecca,Busted,Highclere,Vice Regent,Mint Copy,Mr. Prospector,Seven Valleys,Fappiano,Gana Facil,Dr. Blum,Field Point Road
202609010107,6,ダート,1400,良,1勝クラス,サンダースノー,ブルーミスト,Helmet,Eastern Joy,スクリーンヒーロー,ブルーストーン,Exceed And Excel,Accessories,Dubai Destination,Red Slippers,グラスワンダー,ランニングヒロイン,コマンズ,オルダニー,デインヒル,Patrona,シングスピール,Anna Matrushka,Kingmambo,Mysterial,Nureyev,Morning Devotion,Silver Hawk,Ameriflora,サンデーサイレンス,ダイナアクトレス,デインヒル,Cotehele House,Elusive Quality,Adonesque,Danzig,Razyana,Lomond,Gladiolus,In the Wings,Glorious Song,Mill Reef,Anna Paola,Mr. Prospector,Miesque,Alleged,Mysteries,Northern Dancer,Special,Affirmed,Morning Has Broken,Roberto,Gris Vitesse,Danzig,Graceful Touch,Halo,Wishing Well,ノーザンテースト,モデルスポート,Danzig,Razyana,My Swanee,Eight Carat,Gone West,Touch of Greatness,Sadler's Wells,Mira Adonde
202609010107,7,ダート,1400,良,1勝クラス,ドレフォン,ジュリエットベール,Gio Ponti,Eltimaas,ヴィクトワールピサ,マリアロワイヤル,Tale of the Cat,Chipeta Springs,Ghostzapper,Najecam,ネオユニヴァース,ホワイトウォーターアフェア,モンジュー,Notable,Storm Cat,Yarn,Alydar,Salt Spring,Awesome Again,Baby Zip,Trempolino,Sue Warner,サンデーサイレンス,ポインテッドパス,Machiavellian,Much Too Risky,Sadler's Wells,Floripedes,Zafonic,Nesaah,Storm Bird,Terlingua,Mr. Prospector,Narrate,Raise a Native,Sweet Tooth,Salt Marsh,Jungle Mythologic,Deputy Minister,Primal Force,Relaunch,Thirty Zip,Sharpen Up,Trephine,Forli,Bitty Girl,Halo,Wishing Well,Kris,Silken Way,Mr. Prospector,Coup de Folie,Bustino,Short Rations,Northern Dancer,Fairy Bridge,Top Ville,Toute Cy,Gone West,Zaizafon,Topsider,Sylph
202609010107,8,ダート,1400,良,1勝クラス,ロードカナロア,ジャストアスミッジ,キングカメハメハ,レディブラッサム,Into Mischief,Pooh Corner,Kingmambo,マンファス,Storm Cat,サラトガデュー,Harlan's Holiday,Leslie's Lady,Tapit,Opulent,Mr. Prospector,Miesque,ラストタイクーン,Pilot Bird,Storm Bird,Terlingua,Cormorant,Super Luna,Harlan,Christmas in Aiken,Tricky Creek,Crystal Lady,Pulpit,Tap Your Heels,Meadowlake,Katilac Ofthestars,Raise a Native,Gold Digger,Nureyev,Pasadoble,トライマイベスト,Mill Princess,Blakeney,The Dancer,Northern Dancer,South Ocean,Secretariat,Crimson Saint,His Majesty,Song Sparrow,In Reality,Alada,Storm Cat,Country Romance,Affirmed,Dowager,Clever Trick,Battle Creek Girl,Stop the Music,One Last Bird,A.P. Indy,Preach,Unbridled,Ruby Slippers,Hold Your Peace,Suspicious Native,Katowice,Above the Stars
202609010107,9,ダート,1400,良,1勝クラス,ダノンレジェンド,ジャドール,Macho Uno,マイグッドネス,フジキセキ,イージーラヴァー,Holy Bull,Primal Force,Storm Cat,Caressing,サンデーサイレンス,ミルレーサー,Alwasmi,Colors Inthe Storm,Great Above,Sharon Brown,Blushing Groom,Prime Prospect,Storm Bird,Terlingua,Honour and Glory,Lovin Touch,Halo,Wishing Well,Le Fabuleux,Marston's Mill,Northern Dancer,Height of Fashion,Relaunch,Color Me Beautiful,Minnesota Mac,Ta Wee,Al Hattab,Agathea's Dawn,Red God,Runaway Bride,Mr. Prospector,Square Generation,Northern Dancer,South Ocean,Secretariat,Crimson Saint,Relaunch,Fair to All,Majestic Prince,Forest Princess,Hail to Reason,Cosmah,Understanding,Mountain Flower,Wild Risk,Anguar,In Reality,Millicent,Nearctic,Natalma,Bustino,Highclere,In Reality,Foggy Note,Vice Regent,Floral Victory
202609010107,10,ダート,1400,良,1勝クラス,スワーヴリチャード,タイムハンドラー,ハーツクライ,ピラミマ,ディープブリランテ,タイムトラベリング,サンデーサイレンス,アイリッシュダンス,Unbridled's Song,キャリアコレクション,ディープインパクト,ラヴアンドバブルズ,ブライアンズタイム,ジョリーザザ,Halo,Wishing Well,トニービン,ビューパーダンス,Unbridled,Trolley Song,General Meeting,River of Stars,サンデーサイレンス,ウインドインハーヘア,Loup Sauvage,バブルドリーム,Roberto,Kelley's Day,Alzao,Bold Lady,Hail to Reason,Cosmah,Understanding,Mountain Flower,カンパラ,Severn Bridge,Lyphard,My Bupers,Fappiano,Gana Facil,Caro,Lucky Spell,Seattle Slew,Alydar's Promise,Riverman,Star Fortune,Halo,Wishing Well,Alzao,Burghclere,Riverman,Louveterie,Akarad,バブルプロスペクター,Hail to Reason,Bramalea,Graustark,Golden Trail,Lyphard,Lady Rebecca,ボールドラツド,Tredam
202609010107,11,ダート,1400,良,1勝クラス,ポアゾンブラック,ジョジョニー,マイネルラヴ,サンライトチーフ,ゴールドアリュール,タカヒロスニッツ,Seeking the Gold,Heart of Joy,チーフベアハート,サンライトコール,サンデーサイレンス,ニキーヤ,スニッツェル,キョウエイペルレ,Mr. Prospector,Con Game,リィフォー,Mythographer,Chief's Crown,Amelia Bearhart,スルーザドラゴン,イズミサンエイ,Halo,Wishing Well,Nureyev,Reluctant Guest,Redoute's Choice,Snippets' Lass,ワージブ,ケイシュウハーブ,Raise a Native,Gold Digger,Buckpasser,Broadway,Lyphard,Klaizia,Secretariat,Arachne,Danzig,Six Crowns,Bold Hour,Myrtlewood Lass,Seattle Slew,Gueniviere,クラウンドプリンス,シユウエイホープ,Hail to Reason,Cosmah,Understanding,Mountain Flower,Northern Dancer,Special,Hostage,Vaguely Royal,デインヒル,Shantha's Choice,Snippets,Snow Finch,トライマイベスト,Coryana,ミシシッピアン,キョウエイシラユキ
202609010107,12,ダート,1400,良,1勝クラス,ゴールドドリーム,スターペスユウコ,ゴールドアリュール,モンヴェール,バトルライン,ピアローズ,サンデーサイレンス,ニキーヤ,フレンチデピュティ,スペシャルジェイド,オジジアン,Line of Thunder,ジェニュイン,ピアマキシム,Halo,Wishing Well,Nureyev,Reluctant Guest,Deputy Minister,Mitterand,Cox's Ridge,Statistic,Damascus,Gonfalon,Storm Bird,Shoot a Line,サンデーサイレンス,クルーピアレディー,Diesis,Pia Bride,Hail to Reason,Cosmah,Understanding,Mountain Flower,Northern Dancer,Special,Hostage,Vaguely Royal,Vice Regent,Mint Copy,Hold Your Peace,Laredo Lass,Best Turn,Our Martha,Mr. Prospector,Number,Sword Dancer,Kerala,Francis S.,Grand Splendor,Northern Dancer,South Ocean,High Line,Death Ray,Halo,Wishing Well,What Luck,Question d'Argent,Sharpen Up,Doubly Sure,El Gran Senor,Beaming Bride
202609010107,13,ダート,1400,良,1勝クラス,ドゥラメンテ,エリザベスムーン,キングカメハメハ,アドマイヤグルーヴ,ダンスインザダーク,エリザベスローズ,Kingmambo,マンファス,サンデーサイレンス,エアグルーヴ,サンデーサイレンス,ダンシングキイ,ノーザンテースト,ノーベンバーローズ,Mr. Prospector,Miesque,ラストタイクーン,Pilot Bird,Halo,Wishing Well,トニービン,ダイナカール,Halo,Wishing Well,Nijinsky,Key Partner,Northern Dancer,Lady Victoria,Caro,Jedina,Raise a Native,Gold Digger,Nureyev,Pasadoble,トライマイベスト,Mill Princess,Blakeney,The Dancer,Hail to Reason,Cosmah,Understanding,Mountain Flower,カンパラ,Severn Bridge,ノーザンテースト,シャダイフェザー,Hail to Reason,Cosmah,Understanding,Mountain Flower,Northern Dancer,Flaming Page,Key to the Mint,Native Partner,Nearctic,Natalma,Victoria Park,Lady Angela,フォルティノ,Chambord,What a Pleasure,Killaloe
202609010107,14,ダート,1400,良,1勝クラス,リオンディーズ,パイオニアプライド,キングカメハメハ,シーザリオ,クロフネ,グローバルピース,Kingmambo,マンファス,スペシャルウィーク,キロフプリミエール,フレンチデピュティ,ブルーアヴェニュー,サンデーサイレンス,エミネントガール,Mr. Prospector,Miesque,ラストタイクーン,Pilot Bird,サンデーサイレンス,キャンペンガール,Sadler's Wells,Querida,Deputy Minister,Mitterand,Classic Go Go,Eliza Blue,Halo,Wishing Well,Nashwan,タレンティドガール,Raise a Native,Gold Digger,Nureyev,Pasadoble,トライマイベスト,Mill Princess,Blakeney,The Dancer,Halo,Wishing Well,マルゼンスキー,レディーシラオキ,Northern Dancer,Fairy Bridge,Habitat,Principia,Vice Regent,Mint Copy,Hold Your Peace,Laredo Lass,Pago Pago,Classic Perfection,Icecapade,コレラ,Hail to Reason,Cosmah,Understanding,Mountain Flower,Blushing Groom,Height of Fashion,リマンド,チヨダマサコ
202609010107,15,ダート,1400,良,1勝クラス,ドレフォン,ラテラス,Gio Ponti,Eltimaas,Harlan's Holiday,Garden Party,Tale of the Cat,Chipeta Springs,Ghostzapper,Najecam,Harlan,Christmas in Aiken,エーピージェット,Damerelle,Storm Cat,Yarn,Alydar,Salt Spring,Awesome Again,Baby Zip,Trempolino,Sue Warner,Storm Cat,Country Romance,Affirmed,Dowager,Fappiano,Taminette,King's Bishop,Cheddar Pink,Storm Bird,Terlingua,Mr. Prospector,Narrate,Raise a Native,Sweet Tooth,Salt Marsh,Jungle Mythologic,Deputy Minister,Primal Force,Relaunch,Thirty Zip,Sharpen Up,Trephine,Forli,Bitty Girl,Storm Bird,Terlingua,Halo,Sweet Romance,Exclusive Native,Won't Tell You,Honest Pleasure,Princessnesian,Mr. Prospector,Killaloe,In Reality,Tamerett,Round Table,Spearfish,Olden Times,Dianthus
202609010107,16,ダート,1400,良,1勝クラス,スノードラゴン,プリンセスレジーナ,アドマイヤコジーン,マイネカプリース,トーセンジョーダン,マイネレジーナ,Cozzene,アドマイヤマカディ,タヤスツヨシ,ダイナカプリ,ジャングルポケット,エヴリウィスパー,サンデーサイレンス,フミノスキー,Caro,Ride the Trails,ノーザンテースト,ミセスマカディー,サンデーサイレンス,マガロ,サウスアトランティック,ダイナギフト,トニービン,ダンスチャーマー,ノーザンテースト,クラフテイワイフ,Halo,Wishing Well,マルゼンスキー,ベンドユウホウ,フォルティノ,Chambord,Prince John,Wildwook,Northern Dancer,Lady Victoria,トライバルチーフ,Hanina,Halo,Wishing Well,Caro,Magic,Mill Reef,Arkadina,エルセンタウロ,ロイヤルサッシュ,カンパラ,Severn Bridge,Nureyev,Skillful Joy,Northern Dancer,Lady Victoria,Crafty Prospector,Wife Mistress,Hail to Reason,Cosmah,Understanding,Mountain Flower,Nijinsky,シル,ダイハード,タイイサミ
202609010108,1,芝,2200,良,オープン,ベンバトル,ナスノフォルテ,Dubawi,Nahrain,ジャスタウェイ,ナスノシベリウス,Dubai Millennium,Zomaradah,Selkirk,Bahr,ハーツクライ,シビル,Unbridled's Song,Cradlesong,Seeking the Gold,Colorado Dancer,Deploy,Jawaher,Sharpen Up,Annie Edge,ジェネラス,Lady of the Sea,サンデーサイレンス,アイリッシュダンス,Wild Again,シャロン,Unbridled,Trolley Song,Pine Bluff,Happy Tune,Mr. Prospector,Con Game,Shareef Dancer,Fall Aspen,Shirley Heights,Slightly Dangerous,ダンシングブレーヴ,High Tern,エタン,Rocchetta,Nebbiolo,Friendly Court,Caerleon,Doff the Derby,Mill Reef,La Mer,Halo,Wishing Well,トニービン,ビューパーダンス,Icecapade,Bushel-n-Peck,Mo Exception,Double Wiggle,Fappiano,Gana Facil,Caro,Lucky Spell,Danzig,Rowdy Angel,A.P. Indy,Hum Along
202609010108,2,芝,2200,良,オープン,ハービンジャー,スターズインヘヴン,Dansili,Penang Pearl,ワークフォース,ハンドレッドスコア,デインヒル,Hasili,Bering,Guapa,キングズベスト,Soviet Moon,ホワイトマズル,サンデーエイコーン,Danzig,Razyana,Kahyasi,Kerali,Arctic Tern,Beaune,Shareef Dancer,Sauceboat,Kingmambo,Allegretta,Sadler's Wells,Eva Luna,ダンシングブレーヴ,Fair of the Furze,サンデーサイレンス,エイコーンカップ,Northern Dancer,Pas de Nom,His Majesty,Spring Adieu,イルドブルボン,Kadissya,High Line,Sookera,Sea-Bird,Bubbling Beauty,Lyphard,Barbra,Northern Dancer,Sweet Alliance,Connaught,Cranberry Sauce,Mr. Prospector,Miesque,Lombard,Anatevka,Northern Dancer,Fairy Bridge,Alleged,Media Luna,Lyphard,Navajo Princess,Ela-Mana-Mou,Autocratic,Halo,Wishing Well,ノーザンテースト,ダイナエイコーン
202609010108,3,芝,2200,良,オープン,ドレフォン,ノチェブランカ,Gio Ponti,Eltimaas,ディープインパクト,ナイトマジック,Tale of the Cat,Chipeta Springs,Ghostzapper,Najecam,サンデーサイレンス,ウインドインハーヘア,Sholokhov,Night Woman,Storm Cat,Yarn,Alydar,Salt Spring,Awesome Again,Baby Zip,Trempolino,Sue Warner,Halo,Wishing Well,Alzao,Burghclere,Sadler's Wells,La Meilleure,Monsun,Noveka,Storm Bird,Terlingua,Mr. Prospector,Narrate,Raise a Native,Sweet Tooth,Salt Marsh,Jungle Mythologic,Deputy Minister,Primal Force,Relaunch,Thirty Zip,Sharpen Up,Trephine,Forli,Bitty Girl,Hail to Reason,Cosmah,Understanding,Mountain Flower,Lyphard,Lady Rebecca,Busted,Highclere,Northern Dancer,Fairy Bridge,Lord Gayle,Gradille,Konigsstuhl,Mosella,Kalaglow,Novelle
202609010108,4,芝,2200,良,オープン,レイデオロ,グラディーヴァ,キングカメハメハ,ラドラーダ,ハービンジャー,カノーロ,Kingmambo,マンファス,シンボリクリスエス,レディブロンド,Dansili,Penang Pearl,ディープインパクト,ソニックグルーヴ,Mr. Prospector,Miesque,ラストタイクーン,Pilot Bird,Kris S.,Tee Kay,Seeking the Gold,ウインドインハーヘア,デインヒル,Hasili,Bering,Guapa,サンデーサイレンス,ウインドインハーヘア,フレンチデピュティ,エアグルーヴ,Raise a Native,Gold Digger,Nureyev,Pasadoble,トライマイベスト,Mill Princess,Blakeney,The Dancer,Roberto,Sharp Queen,Gold Meridian,Tri Argo,Mr. Prospector,Con Game,Alzao,Burghclere,Danzig,Razyana,Kahyasi,Kerali,Arctic Tern,Beaune,Shareef Dancer,Sauceboat,Halo,Wishing Well,Alzao,Burghclere,Deputy Minister,Mitterand,トニービン,ダイナカール
202609010108,5,芝,2200,良,オープン,ホークビル,シティリズム,Kitten's Joy,Trensa,エイシンフラッシュ,サトノジュエル,El Prado,Kitten's First,Giant's Causeway,Serape,キングズベスト,ムーンレディ,アグネスタキオン,スパークルジュエル,Sadler's Wells,Lady Capulet,Lear Fan,That's My Hon,Storm Cat,Mariah's Storm,Fappiano,Mochila,Kingmambo,Allegretta,プラティニ,Midnight Fever,サンデーサイレンス,アグネスフローラ,Unbridled's Song,Golden Jewel Box,Northern Dancer,Fairy Bridge,Sir Ivor,Cap and Bells,Roberto,Wac,L'Enjoleur,One Lane,Storm Bird,Terlingua,Rahy,イメンス,Mr. Prospector,Killaloe,In Reality,Ride the Trails,Mr. Prospector,Miesque,Lombard,Anatevka,Surumu,Prairie Darling,Sure Blade,Majoritat,Halo,Wishing Well,ロイヤルスキー,アグネスレディー,Unbridled,Trolley Song,Slew o' Gold,Miss Storm Bird
202609010108,6,芝,2200,良,オープン,エピファネイア,コールバック,シンボリクリスエス,シーザリオ,ストリートセンス,Quickest,Kris S.,Tee Kay,スペシャルウィーク,キロフプリミエール,Street Cry,Bedazzle,Forest Wildcat,Supercharger,Roberto,Sharp Queen,Gold Meridian,Tri Argo,サンデーサイレンス,キャンペンガール,Sadler's Wells,Querida,Machiavellian,Helen Street,Dixieland Band,Majestic Legend,Storm Cat,Victoria Beauty,A.P. Indy,Get Lucky,Hail to Reason,Bramalea,Princequillo,Bridgework,Seattle Slew,Queen Louie,Tri Jet,Hail Proudly,Halo,Wishing Well,マルゼンスキー,レディーシラオキ,Northern Dancer,Fairy Bridge,Habitat,Principia,Mr. Prospector,Coup de Folie,Troy,Waterway,Northern Dancer,Mississippi Mud,His Majesty,Long Legend,Storm Bird,Terlingua,Bold Native,Abifaith,Seattle Slew,Weekend Surprise,Mr. Prospector,Dance Number
202609010108,7,芝,2200,良,オープン,キタサンブラック,ワンダーフィリー,ブラックタイド,シュガーハート,Invincible Spirit,Wicken Wonder,サンデーサイレンス,ウインドインハーヘア,サクラバクシンオー,オトメゴコロ,Green Desert,Rafha,Distant Relative,Blue Guitar,Halo,Wishing Well,Alzao,Burghclere,サクラユタカオー,サクラハゴロモ,ジャッジアンジェルーチ,テイズリー,Danzig,Foreign Courier,Kris,Eljazzi,Habitat,Royal Sister,Cure the Blues,Mettle,Hail to Reason,Cosmah,Understanding,Mountain Flower,Lyphard,Lady Rebecca,Busted,Highclere,テスコボーイ,アンジェリカ,ノーザンテースト,クリアアンバー,Honest Pleasure,Victorian Queen,Lyphard,Tizna,Northern Dancer,Pas de Nom,Sir Ivor,Courtly Dee,Sharpen Up,Doubly Sure,アーテイアス,Border Bounty,Sir Gaylord,Little Hut,Claude,Ribasha,Stop the Music,Quick Cure,Pretendre,Summer Mark
202609010109,1,芝,1600,良,1勝クラス,エピファネイア,インディゴブルー,シンボリクリスエス,シーザリオ,ロードカナロア,ブルーダイアモンド,Kris S.,Tee Kay,スペシャルウィーク,キロフプリミエール,キングカメハメハ,レディブラッサム,ディープインパクト,グレースアドマイヤ,Roberto,Sharp Queen,Gold Meridian,Tri Argo,サンデーサイレンス,キャンペンガール,Sadler's Wells,Querida,Kingmambo,マンファス,Storm Cat,サラトガデュー,サンデーサイレンス,ウインドインハーヘア,トニービン,バレークイーン,Hail to Reason,Bramalea,Princequillo,Bridgework,Seattle Slew,Queen Louie,Tri Jet,Hail Proudly,Halo,Wishing Well,マルゼンスキー,レディーシラオキ,Northern Dancer,Fairy Bridge,Habitat,Principia,Mr. Prospector,Miesque,ラストタイクーン,Pilot Bird,Storm Bird,Terlingua,Cormorant,Super Luna,Halo,Wishing Well,Alzao,Burghclere,カンパラ,Severn Bridge,Sadler's Wells,Sun Princess
202609010109,2,芝,1600,良,1勝クラス,イスラボニータ,リベルタンゴ,フジキセキ,イスラコジーン,Smart Strike,オジャグワ,サンデーサイレンス,ミルレーサー,Cozzene,Isla Mujeres,Mr. Prospector,Classy 'n Smart,Pure Prize,Open Secrets,Halo,Wishing Well,Le Fabuleux,Marston's Mill,Caro,Ride the Trails,Crafty Prospector,Lido Isle,Raise a Native,Gold Digger,Smarten,No Class,Storm Cat,Heavenly Prize,West by West,Griffe de Paris,Hail to Reason,Cosmah,Understanding,Mountain Flower,Wild Risk,Anguar,In Reality,Millicent,フォルティノ,Chambord,Prince John,Wildwook,Mr. Prospector,Real Crafty Lady,Far North,She Is Gorgeous,Native Dancer,Raise You,Nashua,Sequence,Cyane,Smartaire,Nodouble,Classy Quillo,Storm Bird,Terlingua,Seeking the Gold,Oh What a Dance,Gone West,West Turn,Telescopico,April In Paris
202609010109,3,芝,1600,良,1勝クラス,ワールドエース,ソングライティング,ディープインパクト,マンデラ,Giant's Causeway,Embur's Song,サンデーサイレンス,ウインドインハーヘア,Acatenango,Mandellicht,Storm Cat,Mariah's Storm,Unbridled's Song,Embur Sunshine,Halo,Wishing Well,Alzao,Burghclere,Surumu,Aggravate,Be My Guest,Mandelauge,Storm Bird,Terlingua,Rahy,イメンス,Unbridled,Trolley Song,Bold Ruckus,Vevila,Hail to Reason,Cosmah,Understanding,Mountain Flower,Lyphard,Lady Rebecca,Busted,Highclere,Literat,Surama,Aggressor,Raven Locks,Northern Dancer,What a Treat,Elektrant,Mandriale,Northern Dancer,South Ocean,Secretariat,Crimson Saint,Blushing Groom,Glorious Song,Roberto,Imsodear,Fappiano,Gana Facil,Caro,Lucky Spell,Boldnesian,Raise a Ruckus,The Minstrel,Bon Debarras
202609010109,4,芝,1600,良,1勝クラス,サートゥルナーリア,インナーアージ,ロードカナロア,シーザリオ,ディープインパクト,ミュージカルウェイ,キングカメハメハ,レディブラッサム,スペシャルウィーク,キロフプリミエール,サンデーサイレンス,ウインドインハーヘア,Gold Away,Mulika,Kingmambo,マンファス,Storm Cat,サラトガデュー,サンデーサイレンス,キャンペンガール,Sadler's Wells,Querida,Halo,Wishing Well,Alzao,Burghclere,Goldneyev,Blushing Away,Procida,Gazelia,Mr. Prospector,Miesque,ラストタイクーン,Pilot Bird,Storm Bird,Terlingua,Cormorant,Super Luna,Halo,Wishing Well,マルゼンスキー,レディーシラオキ,Northern Dancer,Fairy Bridge,Habitat,Principia,Hail to Reason,Cosmah,Understanding,Mountain Flower,Lyphard,Lady Rebecca,Busted,Highclere,Nureyev,Gold River,Blushing Groom,スイートリベンジ,Mr. Prospector,With Distinction,Icecapade,Dols Jaminque
202609010109,5,芝,1600,良,1勝クラス,ハーツクライ,セデュイール,サンデーサイレンス,アイリッシュダンス,Elusive Quality,Holy Eclair,Halo,Wishing Well,トニービン,ビューパーダンス,Gone West,Touch of Greatness,Holy Bull,Wild Lightning,Hail to Reason,Cosmah,Understanding,Mountain Flower,カンパラ,Severn Bridge,Lyphard,My Bupers,Mr. Prospector,Secrettame,Hero's Honor,Ivory Wand,Great Above,Sharon Brown,Wild Again,Louisiana Flash,Turn-to,Nothirdchance,Cosmic Bomb,Almahmoud,Promised Land,Pretty Ways,Montparnasse,Edelweiss,Kalamoun,State Pension,Hornbeam,Priddy Fair,Northern Dancer,Goofed,Bupers,Princess Revoked,Raise a Native,Gold Digger,Secretariat,Tamerett,Northern Dancer,Glowing Tribute,Sir Ivor,Natashka,Minnesota Mac,Ta Wee,Al Hattab,Agathea's Dawn,Icecapade,Bushel-n-Peck,Future Hope,Oughtness
202609010109,6,芝,1600,良,1勝クラス,エピファネイア,カジノブギ,シンボリクリスエス,シーザリオ,ワークフォース,ギミーシェルター,Kris S.,Tee Kay,スペシャルウィーク,キロフプリミエール,キングズベスト,Soviet Moon,サンデーサイレンス,オークツリー,Roberto,Sharp Queen,Gold Meridian,Tri Argo,サンデーサイレンス,キャンペンガール,Sadler's Wells,Querida,Kingmambo,Allegretta,Sadler's Wells,Eva Luna,Halo,Wishing Well,リアルシャダイ,シャダイアイバー,Hail to Reason,Bramalea,Princequillo,Bridgework,Seattle Slew,Queen Louie,Tri Jet,Hail Proudly,Halo,Wishing Well,マルゼンスキー,レディーシラオキ,Northern Dancer,Fairy Bridge,Habitat,Principia,Mr. Prospector,Miesque,Lombard,Anatevka,Northern Dancer,Fairy Bridge,Alleged,Media Luna,Hail to Reason,Cosmah,Understanding,Mountain Flower,Roberto,Desert Vixen,ノーザンテースト,サワーオレンジ
202609010109,7,芝,1600,良,1勝クラス,ファインニードル,トウカイセンス,アドマイヤムーン,ニードルクラフト,ハーツクライ,トウカイファイン,エンドスウィープ,マイケイティーズ,Mark of Esteem,Sharp Point,サンデーサイレンス,アイリッシュダンス,フレンチデピュティ,トウカイステラ,フォーティナイナー,Broom Dance,サンデーサイレンス,ケイティーズファースト,Darshaan,Homage,ロイヤルアカデミー,Nice Point,Halo,Wishing Well,トニービン,ビューパーダンス,Deputy Minister,Mitterand,トウカイテイオー,ツジノダイアナ,Mr. Prospector,File,Dance Spell,Witching Hour,Halo,Wishing Well,Kris,Katies,Shirley Heights,Delsy,Ajdal,Home Love,Nijinsky,Crimson Saint,Sharpen Up,Alpine Niece,Hail to Reason,Cosmah,Understanding,Mountain Flower,カンパラ,Severn Bridge,Lyphard,My Bupers,Vice Regent,Mint Copy,Hold Your Peace,Laredo Lass,シンボリルドルフ,トウカイナチュラル,マグニテュード,テツノアーク
202609010109,8,芝,1600,良,1勝クラス,リアルインパクト,ウォークロニクル,ディープインパクト,トキオリアリティー,ウォーエンブレム,クロノロジスト,サンデーサイレンス,ウインドインハーヘア,Meadowlake,What a Reality,Our Emblem,Sweetest Lady,クロフネ,インディスユニゾン,Halo,Wishing Well,Alzao,Burghclere,Hold Your Peace,Suspicious Native,In Reality,What Will Be,Mr. Prospector,Personal Ensign,Lord at War,Sweetest Roman,フレンチデピュティ,ブルーアヴェニュー,サンデーサイレンス,ラスティックベル,Hail to Reason,Cosmah,Understanding,Mountain Flower,Lyphard,Lady Rebecca,Busted,Highclere,Speak John,Blue Moon,Raise a Native,Be Suspicious,Intentionally,My Dear Girl,Crozier,Solabar,Raise a Native,Gold Digger,Private Account,Grecian Banner,General,Luna de Miel,The Pruner,I Also,Deputy Minister,Mitterand,Classic Go Go,Eliza Blue,Halo,Wishing Well,Mr. Prospector,Ragtime Girl
202609010109,9,芝,1600,良,1勝クラス,ブリックスアンドモルタル,アプリコットフィズ,Giant's Causeway,Beyond the Waves,ジャングルポケット,マンハッタンフィズ,Storm Cat,Mariah's Storm,Ocean Crest,Excedent,トニービン,ダンスチャーマー,サンデーサイレンス,サトルチェンジ,Storm Bird,Terlingua,Rahy,イメンス,Storm Bird,S.S.Aroma,Exceller,Broadway Lullaby,カンパラ,Severn Bridge,Nureyev,Skillful Joy,Halo,Wishing Well,Law Society,Santa Luciana,Northern Dancer,South Ocean,Secretariat,Crimson Saint,Blushing Groom,Glorious Song,Roberto,Imsodear,Northern Dancer,South Ocean,Seattle Slew,Rare Bouquet,Vaguely Noble,Too Bald,Stage Door Johnny,リットルブレツシング,Kalamoun,State Pension,Hornbeam,Priddy Fair,Northern Dancer,Special,Nodouble,Skillful Miss,Hail to Reason,Cosmah,Understanding,Mountain Flower,Alleged,Bold Bikini,Luciano,Suleika
202609010109,10,芝,1600,良,1勝クラス,モズアスコット,クロランサス,Frankel,India,ディープインパクト,クリアンサス,Galileo,Kind,ヘネシー,Misty Hour,サンデーサイレンス,ウインドインハーヘア,Redoute's Choice,フラワーパーク,Sadler's Wells,Urban Sea,デインヒル,Rainbow Lake,Storm Cat,Island Kitty,Miswaki,Our Tina Marie,Halo,Wishing Well,Alzao,Burghclere,デインヒル,Shantha's Choice,ニホンピロウイナー,ノーザンフラワー,Northern Dancer,Fairy Bridge,Miswaki,Allegretta,Danzig,Razyana,Rainbow Quest,Rockfest,Storm Bird,Terlingua,Hawaii,T. C. Kitten,Mr. Prospector,Hopespringseternal,Nijinsky,Java Moon,Hail to Reason,Cosmah,Understanding,Mountain Flower,Lyphard,Lady Rebecca,Busted,Highclere,Danzig,Razyana,Canny Lad,Dancing Show,スティールハート,ニホンピロエバート,ノーザンテースト,ファイアフラワー
202609010109,11,芝,1600,良,1勝クラス,ミッキーロケット,スピードリッパー,キングカメハメハ,マネーキャントバイミーラヴ,ファルブラヴ,ポップス,Kingmambo,マンファス,Pivotal,Sabreon,Fairy King,Gift of the Night,サンデーサイレンス,ポップシンガー,Mr. Prospector,Miesque,ラストタイクーン,Pilot Bird,Polar Falcon,Fearless Revival,Caerleon,Sabria,Northern Dancer,Fairy Bridge,Slewpy,Little Nana,Halo,Wishing Well,Secretariat,Icy Pop,Raise a Native,Gold Digger,Nureyev,Pasadoble,トライマイベスト,Mill Princess,Blakeney,The Dancer,Nureyev,Marie d'Argonne,Cozzene,Stufida,Nijinsky,Foreseer,Miswaki,Flood,Nearctic,Natalma,Bold Reason,Special,Seattle Slew,Rare Bouquet,Lithiot,Nenana Road,Hail to Reason,Cosmah,Understanding,Mountain Flower,Bold Ruler,Somethingroyal,Icecapade,Calaki
202609010109,12,芝,1600,良,1勝クラス,サンダースノー,モズカッチャン,Helmet,Eastern Joy,ハービンジャー,サイトディーラー,Exceed And Excel,Accessories,Dubai Destination,Red Slippers,Dansili,Penang Pearl,キングカメハメハ,ベストブート,デインヒル,Patrona,シングスピール,Anna Matrushka,Kingmambo,Mysterial,Nureyev,Morning Devotion,デインヒル,Hasili,Bering,Guapa,Kingmambo,マンファス,Storm Boot,Bright Tiara,Danzig,Razyana,Lomond,Gladiolus,In the Wings,Glorious Song,Mill Reef,Anna Paola,Mr. Prospector,Miesque,Alleged,Mysteries,Northern Dancer,Special,Affirmed,Morning Has Broken,Danzig,Razyana,Kahyasi,Kerali,Arctic Tern,Beaune,Shareef Dancer,Sauceboat,Mr. Prospector,Miesque,ラストタイクーン,Pilot Bird,Storm Cat,Aliata,Chief's Crown,Expressive Dance
202609010109,13,芝,1600,良,1勝クラス,エピファネイア,ベルダム,シンボリクリスエス,シーザリオ,ディープインパクト,ドナブリーニ,Kris S.,Tee Kay,スペシャルウィーク,キロフプリミエール,サンデーサイレンス,ウインドインハーヘア,Bertolini,Cal Norma's Lady,Roberto,Sharp Queen,Gold Meridian,Tri Argo,サンデーサイレンス,キャンペンガール,Sadler's Wells,Querida,Halo,Wishing Well,Alzao,Burghclere,Danzig,Aquilegia,リファーズスペシャル,June Darling,Hail to Reason,Bramalea,Princequillo,Bridgework,Seattle Slew,Queen Louie,Tri Jet,Hail Proudly,Halo,Wishing Well,マルゼンスキー,レディーシラオキ,Northern Dancer,Fairy Bridge,Habitat,Principia,Hail to Reason,Cosmah,Understanding,Mountain Flower,Lyphard,Lady Rebecca,Busted,Highclere,Northern Dancer,Pas de Nom,Alydar,Courtly Dee,Lyphard,My Bupers,ジュニアス,Beau Darling
202609010109,14,芝,1600,良,1勝クラス,Saxon Warrior,レディノーラ,ディープインパクト,メイビー,Nathaniel,Vital Statistics,サンデーサイレンス,ウインドインハーヘア,Galileo,Sumora,Galileo,Magnificient Style,Indian Ridge,Emerald Peace,Halo,Wishing Well,Alzao,Burghclere,Sadler's Wells,Urban Sea,デインヒル,Rain Flower,Sadler's Wells,Urban Sea,Silver Hawk,Mia Karina,Ahonoora,Hillbrow,Green Desert,Puck's Castle,Hail to Reason,Cosmah,Understanding,Mountain Flower,Lyphard,Lady Rebecca,Busted,Highclere,Northern Dancer,Fairy Bridge,Miswaki,Allegretta,Danzig,Razyana,Indian Ridge,Rose of Jericho,Northern Dancer,Fairy Bridge,Miswaki,Allegretta,Roberto,Gris Vitesse,Icecapade,Basin,Lorenzaccio,Helen Nichols,Swing Easy,Golden City,Danzig,Foreign Courier,Shirley Heights,Pass the Peace
202609010109,15,芝,1600,良,1勝クラス,エピファネイア,ダーヌビウス,シンボリクリスエス,シーザリオ,キングカメハメハ,ドナウブルー,Kris S.,Tee Kay,スペシャルウィーク,キロフプリミエール,Kingmambo,マンファス,ディープインパクト,ドナブリーニ,Roberto,Sharp Queen,Gold Meridian,Tri Argo,サンデーサイレンス,キャンペンガール,Sadler's Wells,Querida,Mr. Prospector,Miesque,ラストタイクーン,Pilot Bird,サンデーサイレンス,ウインドインハーヘア,Bertolini,Cal Norma's Lady,Hail to Reason,Bramalea,Princequillo,Bridgework,Seattle Slew,Queen Louie,Tri Jet,Hail Proudly,Halo,Wishing Well,マルゼンスキー,レディーシラオキ,Northern Dancer,Fairy Bridge,Habitat,Principia,Raise a Native,Gold Digger,Nureyev,Pasadoble,トライマイベスト,Mill Princess,Blakeney,The Dancer,Halo,Wishing Well,Alzao,Burghclere,Danzig,Aquilegia,リファーズスペシャル,June Darling
202609010109,16,芝,1600,良,1勝クラス,モズアスコット,トウカイレーヌ,Frankel,India,ディープインパクト,トウカイミステリー,Galileo,Kind,ヘネシー,Misty Hour,サンデーサイレンス,ウインドインハーヘア,キングカメハメハ,タイキミステリー,Sadler's Wells,Urban Sea,デインヒル,Rainbow Lake,Storm Cat,Island Kitty,Miswaki,Our Tina Marie,Halo,Wishing Well,Alzao,Burghclere,Kingmambo,マンファス,Green Forest,Certain Secret,Northern Dancer,Fairy Bridge,Miswaki,Allegretta,Danzig,Razyana,Rainbow Quest,Rockfest,Storm Bird,Terlingua,Hawaii,T. C. Kitten,Mr. Prospector,Hopespringseternal,Nijinsky,Java Moon,Hail to Reason,Cosmah,Understanding,Mountain Flower,Lyphard,Lady Rebecca,Busted,Highclere,Mr. Prospector,Miesque,ラストタイクーン,Pilot Bird,Shecky Greene,Tell Meno Lies,Known Fact,フリーズザシークレット
202609010109,17,芝,1600,良,1勝クラス,バゴ,アンジュデジール,Nashwan,Moonlight's Box,ディープインパクト,ティックルピンク,Blushing Groom,Height of Fashion,Nureyev,Coup de Genie,サンデーサイレンス,ウインドインハーヘア,フレンチデピュティ,ブラッシングプリンセス,Red God,Runaway Bride,Bustino,Highclere,Northern Dancer,Special,Mr. Prospector,Coup de Folie,Halo,Wishing Well,Alzao,Burghclere,Deputy Minister,Mitterand,Crafty Prospector,Princess Laika,Nasrullah,Spring Run,Wild Risk,Aimee,Busted,Ship Yard,Queen's Hussar,Highlight,Nearctic,Natalma,Forli,Thong,Raise a Native,Gold Digger,Halo,Raise the Standard,Hail to Reason,Cosmah,Understanding,Mountain Flower,Lyphard,Lady Rebecca,Busted,Highclere,Vice Regent,Mint Copy,Hold Your Peace,Laredo Lass,Mr. Prospector,Real Crafty Lady,Blushing Groom,Cool Mood
202609010109,18,芝,1600,良,1勝クラス,エピファネイア,プロクリス,シンボリクリスエス,シーザリオ,キングカメハメハ,ライラプス,Kris S.,Tee Kay,スペシャルウィーク,キロフプリミエール,Kingmambo,マンファス,フレンチデピュティ,フサイチエアデール,Roberto,Sharp Queen,Gold Meridian,Tri Argo,サンデーサイレンス,キャンペンガール,Sadler's Wells,Querida,Mr. Prospector,Miesque,ラストタイクーン,Pilot Bird,Deputy Minister,Mitterand,サンデーサイレンス,ラスティックベル,Hail to Reason,Bramalea,Princequillo,Bridgework,Seattle Slew,Queen Louie,Tri Jet,Hail Proudly,Halo,Wishing Well,マルゼンスキー,レディーシラオキ,Northern Dancer,Fairy Bridge,Habitat,Principia,Raise a Native,Gold Digger,Nureyev,Pasadoble,トライマイベスト,Mill Princess,Blakeney,The Dancer,Vice Regent,Mint Copy,Hold Your Peace,Laredo Lass,Halo,Wishing Well,Mr. Prospector,Ragtime Girl
202609010110,1,ダート,1400,良,3勝クラス,ロードカナロア,ベルカント,キングカメハメハ,レディブラッサム,サクラバクシンオー,セレブラール,Kingmambo,マンファス,Storm Cat,サラトガデュー,サクラユタカオー,サクラハゴロモ,ボストンハーバー,モンローウォーク,Mr. Prospector,Miesque,ラストタイクーン,Pilot Bird,Storm Bird,Terlingua,Cormorant,Super Luna,テスコボーイ,アンジェリカ,ノーザンテースト,クリアアンバー,Capote,Harbor Springs,Sir Tristram,Amarissa,Raise a Native,Gold Digger,Nureyev,Pasadoble,トライマイベスト,Mill Princess,Blakeney,The Dancer,Northern Dancer,South Ocean,Secretariat,Crimson Saint,His Majesty,Song Sparrow,In Reality,Alada,Princely Gift,Suncourt,ネヴァービート,スターハイネス,Northern Dancer,Lady Victoria,Ambiopoise,One Clear Call,Seattle Slew,Too Bald,Vice Regent,Tinnitus,Sir Ivor,Isolt,Alydar,Amaranda
202609010110,2,ダート,1400,良,3勝クラス,デクラレーションオブウォー,チャームポット,War Front,Tempo West,フジキセキ,ホットプレイ,Danzig,Starry Dreamer,Rahy,Tempo,サンデーサイレンス,ミルレーサー,ノーザンテースト,ダイナホット,Northern Dancer,Pas de Nom,Rubiano,Lara's Star,Blushing Groom,Glorious Song,Gone West,Terpsichorist,Halo,Wishing Well,Le Fabuleux,Marston's Mill,Northern Dancer,Lady Victoria,ディクタス,ロイヤルサッシュ,Nearctic,Natalma,Admiral's Voyage,Petitioner,Fappiano,Ruby Slippers,Forli,True Reality,Red God,Runaway Bride,Halo,Ballade,Mr. Prospector,Secrettame,Nijinsky,Glad Rags,Hail to Reason,Cosmah,Understanding,Mountain Flower,Wild Risk,Anguar,In Reality,Millicent,Nearctic,Natalma,Victoria Park,Lady Angela,Sanctus,Doronic,Princely Gift,Sash of Honour
202609010110,3,ダート,1400,良,3勝クラス,ディーマジェスティ,ヤマニンアタシャン,ディープインパクト,エルメスティアラ,フレンチデピュティ,ヤマニンパンテール,サンデーサイレンス,ウインドインハーヘア,ブライアンズタイム,シンコウエルメス,Deputy Minister,Mitterand,ニホンピロウイナー,ヤマニンアリュール,Halo,Wishing Well,Alzao,Burghclere,Roberto,Kelley's Day,Sadler's Wells,Doff the Derby,Vice Regent,Mint Copy,Hold Your Peace,Laredo Lass,スティールハート,ニホンピロエバート,サンデーサイレンス,ヤマニンポリシー,Hail to Reason,Cosmah,Understanding,Mountain Flower,Lyphard,Lady Rebecca,Busted,Highclere,Hail to Reason,Bramalea,Graustark,Golden Trail,Northern Dancer,Fairy Bridge,Master Derby,Margarethen,Northern Dancer,Victoria Regina,Bunty's Flight,Shakney,Speak John,Blue Moon,Bold Ruler,Fortunate Isle,Habitat,A.,チャイナロック,ライトフレーム,Halo,Wishing Well,Blushing Groom,ヤマホウユウ
202609010110,4,ダート,1400,良,3勝クラス,ナダル,スパイラルステップ,Blame,Ascending Angel,シンボリクリスエス,スパイラルリング,Arch,Liable,Pulpit,Solar Colony,Kris S.,Tee Kay,エンドスウィープ,ウェディングバンド,Kris S.,Aurora,Seeking the Gold,Bound,A.P. Indy,Preach,Pleasant Colony,Meteor Stage,Roberto,Sharp Queen,Gold Meridian,Tri Argo,フォーティナイナー,Broom Dance,Mighty Appealing,Ring of Steel,Roberto,Sharp Queen,Danzig,Althea,Mr. Prospector,Con Game,Nijinsky,Special,Seattle Slew,Weekend Surprise,Mr. Prospector,Narrate,His Majesty,Sun Colony,Stage Door Johnny,Northern Meteor,Hail to Reason,Bramalea,Princequillo,Bridgework,Seattle Slew,Queen Louie,Tri Jet,Hail Proudly,Mr. Prospector,File,Dance Spell,Witching Hour,Valid Appeal,Patsy's Lil Girl,Assagai,Spinning Reel
202609010110,5,ダート,1400,良,3勝クラス,Runhappy,Distinguishable,Super Saver,Bella Jolie,Distorted Humor,Officiate,Maria's Mon,Supercharger,Broken Vow,Jolie Boutique,フォーティナイナー,Danzig's Beauty,Deputy Minister,Tricky Squaw,Wavering Monarch,Carlotta Maria,A.P. Indy,Get Lucky,Unbridled,Wedding Vow,Northern Jove,Mimi La Sardine,Mr. Prospector,File,Danzig,Sweetest Chant,Vice Regent,Mint Copy,Clever Trick,Black Apache,Majestic Light,Uncommitted,Caro,Water Malone,Seattle Slew,Weekend Surprise,Mr. Prospector,Dance Number,Fappiano,Gana Facil,Nijinsky,Wedding Picture,Northern Dancer,Junonia,Tank's Prospect,Fran Nasra,Raise a Native,Gold Digger,Tom Rolfe,Continue,Northern Dancer,Pas de Nom,Mr. Leader,Gay Sonnet,Northern Dancer,Victoria Regina,Bunty's Flight,Shakney,Icecapade,Kankakee Miss,Gainsworth,Apache Nell
202609010110,6,ダート,1400,良,3勝クラス,シャンハイボビー,ペイシャフローレス,Harlan's Holiday,Steelin',ヴィクトワールピサ,プレザントケイプ,Harlan,Christmas in Aiken,Orientate,Steel Band,ネオユニヴァース,ホワイトウォーターアフェア,Cape Cross,Felicity,Storm Cat,Country Romance,Affirmed,Dowager,Mt. Livermore,Dream Team,Carson City,ウェディングバンド,サンデーサイレンス,ポインテッドパス,Machiavellian,Much Too Risky,Green Desert,Park Appeal,Selkirk,Las Flores,Storm Bird,Terlingua,Halo,Sweet Romance,Exclusive Native,Won't Tell You,Honest Pleasure,Princessnesian,Blushing Groom,Flama Ardiente,Cox's Ridge,Likely Double,Mr. Prospector,Blushing Promise,Mighty Appealing,Ring of Steel,Halo,Wishing Well,Kris,Silken Way,Mr. Prospector,Coup de Folie,Bustino,Short Rations,Danzig,Foreign Courier,Ahonoora,Balidaress,Sharpen Up,Annie Edge,Sadler's Wells,Producer
202609010110,7,ダート,1400,良,3勝クラス,ハクサンムーン,キャメロンロード,アドマイヤムーン,チリエージェ,デュランダル,オーデコロン,エンドスウィープ,マイケイティーズ,サクラバクシンオー,メガミゲラン,サンデーサイレンス,サワヤカプリンセス,ボストンハーバー,マキーナ,フォーティナイナー,Broom Dance,サンデーサイレンス,ケイティーズファースト,サクラユタカオー,サクラハゴロモ,シェイディハイツ,モガミゲラン,Halo,Wishing Well,ノーザンテースト,スコッチプリンセス,Capote,Harbor Springs,Machiavellian,Musical Bliss,Mr. Prospector,File,Dance Spell,Witching Hour,Halo,Wishing Well,Kris,Katies,テスコボーイ,アンジェリカ,ノーザンテースト,クリアアンバー,Shirley Heights,Vaguely,モガミ,ミスゲラン,Hail to Reason,Cosmah,Understanding,Mountain Flower,Northern Dancer,Lady Victoria,Creme dela Creme,Meadow Saffron,Seattle Slew,Too Bald,Vice Regent,Tinnitus,Mr. Prospector,Coup de Folie,The Minstrel,Bori
202609010110,8,ダート,1400,良,3勝クラス,ドレフォン,アグネスリース,Gio Ponti,Eltimaas,フレンチデピュティ,アグネスシスター,Tale of the Cat,Chipeta Springs,Ghostzapper,Najecam,Deputy Minister,Mitterand,ダンスインザダーク,アグネスオーロラ,Storm Cat,Yarn,Alydar,Salt Spring,Awesome Again,Baby Zip,Trempolino,Sue Warner,Vice Regent,Mint Copy,Hold Your Peace,Laredo Lass,サンデーサイレンス,ダンシングキイ,イルドブルボン,アグネスレディー,Storm Bird,Terlingua,Mr. Prospector,Narrate,Raise a Native,Sweet Tooth,Salt Marsh,Jungle Mythologic,Deputy Minister,Primal Force,Relaunch,Thirty Zip,Sharpen Up,Trephine,Forli,Bitty Girl,Northern Dancer,Victoria Regina,Bunty's Flight,Shakney,Speak John,Blue Moon,Bold Ruler,Fortunate Isle,Halo,Wishing Well,Nijinsky,Key Partner,Nijinsky,Roseliere,リマンド,イコマエイカン
202609010110,9,ダート,1400,良,3勝クラス,キタサンブラック,タガノジョイナー,ブラックタイド,シュガーハート,キングカメハメハ,タガノチャーリーズ,サンデーサイレンス,ウインドインハーヘア,サクラバクシンオー,オトメゴコロ,Kingmambo,マンファス,Saint Ballado,Charlies Paradise,Halo,Wishing Well,Alzao,Burghclere,サクラユタカオー,サクラハゴロモ,ジャッジアンジェルーチ,テイズリー,Mr. Prospector,Miesque,ラストタイクーン,Pilot Bird,Halo,Ballade,Winrightt,Rajab's Treasure,Hail to Reason,Cosmah,Understanding,Mountain Flower,Lyphard,Lady Rebecca,Busted,Highclere,テスコボーイ,アンジェリカ,ノーザンテースト,クリアアンバー,Honest Pleasure,Victorian Queen,Lyphard,Tizna,Raise a Native,Gold Digger,Nureyev,Pasadoble,トライマイベスト,Mill Princess,Blakeney,The Dancer,Hail to Reason,Cosmah,Herbager,Miss Swapsco,Distinctive,Fleet Lygia,Rajab,Yeroque
202609010110,10,ダート,1400,良,3勝クラス,ドゥラメンテ,サトノジョリー,キングカメハメハ,アドマイヤグルーヴ,Bernardini,ハニーローズ,Kingmambo,マンファス,サンデーサイレンス,エアグルーヴ,A.P. Indy,Cara Rafaela,Lode,Honey Honey,Mr. Prospector,Miesque,ラストタイクーン,Pilot Bird,Halo,Wishing Well,トニービン,ダイナカール,Seattle Slew,Weekend Surprise,Quiet American,Oil Fable,Mr. Prospector,Grand Luxe,Strawberry Road,Blessings,Raise a Native,Gold Digger,Nureyev,Pasadoble,トライマイベスト,Mill Princess,Blakeney,The Dancer,Hail to Reason,Cosmah,Understanding,Mountain Flower,カンパラ,Severn Bridge,ノーザンテースト,シャダイフェザー,Bold Reasoning,My Charmer,Secretariat,Lassie Dear,Fappiano,Demure,Spectacular Bid,Northern Fable,Raise a Native,Gold Digger,Sir Ivor,Fanfreluche,Whiskey Road,Giftisa,フロリバンダ,マラベル
202609010110,11,ダート,1400,良,3勝クラス,モーニン,マザーレイク,ヘニーヒューズ,Giggly,サンデーサイレンス,ソルティーレディー,ヘネシー,Meadow Flyer,Distorted Humor,Chaste,Halo,Wishing Well,ニホンピロウイナー,ダイナバーディ,Storm Cat,Island Kitty,Meadowlake,Shortley,フォーティナイナー,Danzig's Beauty,Cozzene,Purity,Hail to Reason,Cosmah,Understanding,Mountain Flower,スティールハート,ニホンピロエバート,ノーザンテースト,タミーズターン,Storm Bird,Terlingua,Hawaii,T. C. Kitten,Hold Your Peace,Suspicious Native,Hagley,Short Winded,Mr. Prospector,File,Danzig,Sweetest Chant,Caro,Ride the Trails,Fappiano,Dame Mysterieuse,Turn-to,Nothirdchance,Cosmic Bomb,Almahmoud,Promised Land,Pretty Ways,Montparnasse,Edelweiss,Habitat,A.,チャイナロック,ライトフレーム,Northern Dancer,Lady Victoria,Turn-to,Tammy Twist
202609010110,12,ダート,1400,良,3勝クラス,ヘニーヒューズ,チャームポット,ヘネシー,Meadow Flyer,フジキセキ,ホットプレイ,Storm Cat,Island Kitty,Meadowlake,Shortley,サンデーサイレンス,ミルレーサー,ノーザンテースト,ダイナホット,Storm Bird,Terlingua,Hawaii,T. C. Kitten,Hold Your Peace,Suspicious Native,Hagley,Short Winded,Halo,Wishing Well,Le Fabuleux,Marston's Mill,Northern Dancer,Lady Victoria,ディクタス,ロイヤルサッシュ,Northern Dancer,South Ocean,Secretariat,Crimson Saint,Utrillo,Ethane,Tom Cat,Needlebug,Speak John,Blue Moon,Raise a Native,Be Suspicious,Olden Times,Teo Pepi,Harvest Singing,Wild Cloud,Hail to Reason,Cosmah,Understanding,Mountain Flower,Wild Risk,Anguar,In Reality,Millicent,Nearctic,Natalma,Victoria Park,Lady Angela,Sanctus,Doronic,Princely Gift,Sash of Honour
202609010110,13,ダート,1400,良,3勝クラス,シニスターミニスター,メイショウスコール,Old Trieste,Sweet Minister,メイショウオウドウ,メイショウアヤメ,A.P. Indy,Lovlier Linda,The Prime Minister,Sweet Blue,サンデーサイレンス,アルタデナ,ジェイドロバリー,ウイルムーン,Seattle Slew,Weekend Surprise,Vigors,Linda Summers,Deputy Minister,Stick to Beauty,Hurry Up Blue,Sugar Gold,Halo,Wishing Well,Lyphard,Lacovia,Mr. Prospector,Number,ミルジョージ,ダイアンベンチヤ,Bold Reasoning,My Charmer,Secretariat,Lassie Dear,Grey Dawn,Relifordie,Crozier,Queenly Gift,Vice Regent,Mint Copy,Illustrious,Hail to Beauty,Mr. Leader,Blue Baroness,Mr. Prospector,Miss Ironside,Hail to Reason,Cosmah,Understanding,Mountain Flower,Northern Dancer,Goofed,Majestic Light,Hope for All,Raise a Native,Gold Digger,Nijinsky,Special,Mill Reef,Miss Charisma,ヴェンチア,マルイチジョウオー
202609010110,14,ダート,1400,良,3勝クラス,ビーチパトロール,ジェルヴェーズ,Lemon Drop Kid,Bashful Bertie,メイショウサムソン,ジェルミナル,Kingmambo,Charming Lassie,Quiet American,Clever Bertie,オペラハウス,マイヴィヴィアン,アグネスタキオン,オンブルリジェール,Mr. Prospector,Miesque,Seattle Slew,Lassie Dear,Fappiano,Demure,Timeless Native,Clever But Costly,Sadler's Wells,Colorspin,ダンシングブレーヴ,ウイルプリンセス,サンデーサイレンス,アグネスフローラ,Double Bed,Flawlessly,Raise a Native,Gold Digger,Nureyev,Pasadoble,Bold Reasoning,My Charmer,Buckpasser,Gay Missile,Mr. Prospector,Killaloe,Dr. Fager,Quiet Charm,Timeless Moment,Head Off,Clever Trick,Swoonlow,Northern Dancer,Fairy Bridge,High Top,Reprocolor,Lyphard,Navajo Princess,サンプリンス,エール,Halo,Wishing Well,ロイヤルスキー,アグネスレディー,Be My Guest,Claire's Slipper,Rainbow Quest,Pauvresse
202609010110,15,ダート,1400,良,3勝クラス,シニスターミニスター,グラスルノン,Old Trieste,Sweet Minister,フレンチデピュティ,グラスブロード,A.P. Indy,Lovlier Linda,The Prime Minister,Sweet Blue,Deputy Minister,Mitterand,Fusaichi Pegasus,Magic Broad,Seattle Slew,Weekend Surprise,Vigors,Linda Summers,Deputy Minister,Stick to Beauty,Hurry Up Blue,Sugar Gold,Vice Regent,Mint Copy,Hold Your Peace,Laredo Lass,Mr. Prospector,Angel Fever,Broad Brush,Illeria,Bold Reasoning,My Charmer,Secretariat,Lassie Dear,Grey Dawn,Relifordie,Crozier,Queenly Gift,Vice Regent,Mint Copy,Illustrious,Hail to Beauty,Mr. Leader,Blue Baroness,Mr. Prospector,Miss Ironside,Northern Dancer,Victoria Regina,Bunty's Flight,Shakney,Speak John,Blue Moon,Bold Ruler,Fortunate Isle,Raise a Native,Gold Digger,Danzig,Rowdy Angel,Ack Ack,Hay Patcher,Stop the Music,Baldski's Holiday
202609010110,16,ダート,1400,良,3勝クラス,プリサイスエンド,オーミチェリッシュ,エンドスウィープ,Precisely,キャプテンスティーヴ,メイショウユキカゼ,フォーティナイナー,Broom Dance,Summing,Crisp 'n Clear,Fly So Free,Sparkling Delite,ダイナガリバー,セブンレットウ,Mr. Prospector,File,Dance Spell,Witching Hour,Verbatim,Sumatra,Cold Reception,Ring O'Bells,Time for a Change,Free to Fly,Vice Regent,Sparkling Topaz,ノーザンテースト,ユアースポート,パーソロン,ホクセーミドリ,Raise a Native,Gold Digger,Tom Rolfe,Continue,Northern Dancer,Obeah,Thinking Cap,Enchanted Eve,Speak John,Well Kept,Groton,Sunda Strait,Secretariat,Cold Comfort,Grey Dawn,Aldonza,Damascus,Resolver,Stevward,Dancing Lark,Northern Dancer,Victoria Regina,Jacinto,Alotoffun,Northern Dancer,Lady Victoria,バウンティアス,ファインサラ,Milesian,Paleo,ヴェンチア,フェアリーテイル
202609010111,1,芝,1400,良,オープン,Night of Thunder,Afdhaad,Dubawi,Forest Storm,Nayef,Albaraah,Dubai Millennium,Zomaradah,Galileo,Quiet Storm,Gulch,Height of Fashion,Oasis Dream,Coconut Show,Seeking the Gold,Colorado Dancer,Deploy,Jawaher,Sadler's Wells,Urban Sea,Desert Prince,Hertford Castle,Mr. Prospector,Jameela,Bustino,Highclere,Green Desert,Hope,Linamix,Vingt et Une,Mr. Prospector,Con Game,Shareef Dancer,Fall Aspen,Shirley Heights,Slightly Dangerous,ダンシングブレーヴ,High Tern,Northern Dancer,Fairy Bridge,Miswaki,Allegretta,Green Desert,Flying Fairy,Reference Point,Forest Flower,Raise a Native,Gold Digger,Rambunctious,Asbury Mary,Busted,Ship Yard,Queen's Hussar,Highlight,Danzig,Foreign Courier,ダンシングブレーヴ,Bahamian,メンデス,Lunadix,Sadler's Wells,Whakilyric
202609010111,2,芝,1400,良,オープン,カリフォルニアクローム,ララプリムヴェール,Lucky Pulpit,Love the Chase,クロフネ,マチカネハナサソウ,Pulpit,Lucky Soph,Not for Love,Chase It Down,フレンチデピュティ,ブルーアヴェニュー,スペシャルウィーク,マチカネハツシマダ,A.P. Indy,Preach,Cozzene,Lucky Spell,Mr. Prospector,Dance Number,Polish Numbers,Chase the Dream,Deputy Minister,Mitterand,Classic Go Go,Eliza Blue,サンデーサイレンス,キャンペンガール,Private Account,Yousefia,Seattle Slew,Weekend Surprise,Mr. Prospector,Narrate,Caro,Ride the Trails,Lucky Mel,Incantation,Raise a Native,Gold Digger,Northern Dancer,Numbered Account,Danzig,Numbered Account,Sir Ivor,La Belle Fleur,Vice Regent,Mint Copy,Hold Your Peace,Laredo Lass,Pago Pago,Classic Perfection,Icecapade,コレラ,Halo,Wishing Well,マルゼンスキー,レディーシラオキ,Damascus,Numbered Account,Danzig,Foreign Courier
202609010111,3,芝,1400,良,オープン,トーセンラー,プレシャスドロップ,ディープインパクト,プリンセスオリビア,フレンチデピュティ,ザラストドロップ,サンデーサイレンス,ウインドインハーヘア,Lycius,Dance Image,Deputy Minister,Mitterand,ヤマニンスキー,カーペディエム,Halo,Wishing Well,Alzao,Burghclere,Mr. Prospector,Lypatia,Sadler's Wells,Diamond Spring,Vice Regent,Mint Copy,Hold Your Peace,Laredo Lass,Nijinsky,アンメンシヨナブル,サクラユタカオー,スカーレットブルー,Hail to Reason,Cosmah,Understanding,Mountain Flower,Lyphard,Lady Rebecca,Busted,Highclere,Raise a Native,Gold Digger,Lyphard,Hypatia,Northern Dancer,Fairy Bridge,Vaguely Noble,Dumfries,Northern Dancer,Victoria Regina,Bunty's Flight,Shakney,Speak John,Blue Moon,Bold Ruler,Fortunate Isle,Northern Dancer,Flaming Page,Buckpasser,Petticoat,テスコボーイ,アンジェリカ,ノーザンテースト,スカーレットインク
202609010111,4,芝,1400,良,オープン,ロードカナロア,ドナウブルー,キングカメハメハ,レディブラッサム,ディープインパクト,ドナブリーニ,Kingmambo,マンファス,Storm Cat,サラトガデュー,サンデーサイレンス,ウインドインハーヘア,Bertolini,Cal Norma's Lady,Mr. Prospector,Miesque,ラストタイクーン,Pilot Bird,Storm Bird,Terlingua,Cormorant,Super Luna,Halo,Wishing Well,Alzao,Burghclere,Danzig,Aquilegia,リファーズスペシャル,June Darling,Raise a Native,Gold Digger,Nureyev,Pasadoble,トライマイベスト,Mill Princess,Blakeney,The Dancer,Northern Dancer,South Ocean,Secretariat,Crimson Saint,His Majesty,Song Sparrow,In Reality,Alada,Hail to Reason,Cosmah,Understanding,Mountain Flower,Lyphard,Lady Rebecca,Busted,Highclere,Northern Dancer,Pas de Nom,Alydar,Courtly Dee,Lyphard,My Bupers,ジュニアス,Beau Darling
202609010111,5,芝,1400,良,オープン,キズナ,アサカラヴァーズ,ディープインパクト,キャットクイル,キングヘイロー,キョウワノコイビト,サンデーサイレンス,ウインドインハーヘア,Storm Cat,Pacific Princess,ダンシングブレーヴ,グッバイヘイロー,トニービン,エールノコイビト,Halo,Wishing Well,Alzao,Burghclere,Storm Bird,Terlingua,Damascus,Fiji,Lyphard,Navajo Princess,Halo,Pound Foolish,カンパラ,Severn Bridge,Caerleon,グレンビーサマー,Hail to Reason,Cosmah,Understanding,Mountain Flower,Lyphard,Lady Rebecca,Busted,Highclere,Northern Dancer,South Ocean,Secretariat,Crimson Saint,Sword Dancer,Kerala,Acropolis,Rififi,Northern Dancer,Goofed,Drone,Olmec,Hail to Reason,Cosmah,Sir Ivor,Squander,Kalamoun,State Pension,Hornbeam,Priddy Fair,Nijinsky,Foreseer,General Assembly,What a Summer
202609010111,6,芝,1400,良,オープン,モーリス,クルミネイト,スクリーンヒーロー,メジロフランシス,ディープインパクト,クルソラ,グラスワンダー,ランニングヒロイン,カーネギー,メジロモントレー,サンデーサイレンス,ウインドインハーヘア,Candy Stripes,Calorica,Silver Hawk,Ameriflora,サンデーサイレンス,ダイナアクトレス,Sadler's Wells,Detroit,モガミ,メジロクインシー,Halo,Wishing Well,Alzao,Burghclere,Blushing Groom,バブルカンパニー,Ahmad,Canchera,Roberto,Gris Vitesse,Danzig,Graceful Touch,Halo,Wishing Well,ノーザンテースト,モデルスポート,Northern Dancer,Fairy Bridge,Riverman,Derna,Lyphard,ノーラック,フィディオン,メジロボサツ,Hail to Reason,Cosmah,Understanding,Mountain Flower,Lyphard,Lady Rebecca,Busted,Highclere,Red God,Runaway Bride,Lyphard,Prodice,Good Manners,Azyade,Pepenador,Cargada
202609010111,7,芝,1400,良,オープン,エピファネイア,キャンディバローズ,シンボリクリスエス,シーザリオ,ディープインパクト,アフレタータ,Kris S.,Tee Kay,スペシャルウィーク,キロフプリミエール,サンデーサイレンス,ウインドインハーヘア,タイキシャトル,チャイナブリーズ,Roberto,Sharp Queen,Gold Meridian,Tri Argo,サンデーサイレンス,キャンペンガール,Sadler's Wells,Querida,Halo,Wishing Well,Alzao,Burghclere,Devil's Bag,ウェルシュマフィン,Capote,Nowanna,Hail to Reason,Bramalea,Princequillo,Bridgework,Seattle Slew,Queen Louie,Tri Jet,Hail Proudly,Halo,Wishing Well,マルゼンスキー,レディーシラオキ,Northern Dancer,Fairy Bridge,Habitat,Principia,Hail to Reason,Cosmah,Understanding,Mountain Flower,Lyphard,Lady Rebecca,Busted,Highclere,Halo,Ballade,Caerleon,Muffitys,Seattle Slew,Too Bald,Envoy,Distaff Decider
202609010111,8,芝,1400,良,オープン,Frankel,Noyelles,Galileo,Kind,Docksider,Bellarida,Sadler's Wells,Urban Sea,デインヒル,Rainbow Lake,Diesis,Pump,ベリファ,Lerida,Northern Dancer,Fairy Bridge,Miswaki,Allegretta,Danzig,Razyana,Rainbow Quest,Rockfest,Sharpen Up,Doubly Sure,Forli,Espadrille,Lyphard,Belga,Riverman,Lalika,Nearctic,Natalma,Bold Reason,Special,Mr. Prospector,Hopespringseternal,Lombard,Anatevka,Northern Dancer,Pas de Nom,His Majesty,Spring Adieu,Blushing Groom,I Will Follow,Stage Door Johnny,Rock Garden,エタン,Rocchetta,Reliance,Soft Angels,Aristophanes,Trevisa,Damascus,Thong,Northern Dancer,Goofed,Le Fabuleux,Belle de Retz,Never Bend,River Lady,Le Fabuleux,Kalila
202609010111,9,芝,1400,良,オープン,ダノンバラード,エントリーチケット,ディープインパクト,レディバラード,マツリダゴッホ,コスモエンドレス,サンデーサイレンス,ウインドインハーヘア,Unbridled,Angelic Song,サンデーサイレンス,ペイパーレイン,スターオブコジーン,マイネエクセル,Halo,Wishing Well,Alzao,Burghclere,Fappiano,Gana Facil,Halo,Ballade,Halo,Wishing Well,Bel Bolide,フローラルマジック,Cozzene,Star Gem,タマモクロス,オカノブルー,Hail to Reason,Cosmah,Understanding,Mountain Flower,Lyphard,Lady Rebecca,Busted,Highclere,Mr. Prospector,Killaloe,Le Fabuleux,Charedi,Hail to Reason,Cosmah,Herbager,Miss Swapsco,Hail to Reason,Cosmah,Understanding,Mountain Flower,Bold Bidder,Lady Graustark,Affirmed,Rare Lady,Caro,Ride the Trails,Pia Star,Soonerland,シービークロス,グリーンシャトー,ネプテューヌス,ヒンドバース
202609010111,10,芝,1400,良,オープン,シルバーステート,マサノジュエリー,ディープインパクト,シルヴァースカヤ,メイショウボーラー,パルティシオン,サンデーサイレンス,ウインドインハーヘア,Silver Hawk,Boubskaia,タイキシャトル,ナイスレイズ,エルコンドルパサー,ポーラリヴァール,Halo,Wishing Well,Alzao,Burghclere,Roberto,Gris Vitesse,Niniski,Frenetique,Devil's Bag,ウェルシュマフィン,Storm Cat,Nice Tradition,Kingmambo,サドラーズギャル,Caveat,Dodie,Hail to Reason,Cosmah,Understanding,Mountain Flower,Lyphard,Lady Rebecca,Busted,Highclere,Hail to Reason,Bramalea,Amerigo,Matchiche,Nijinsky,Virginia Hills,Tyrant,Femina,Halo,Ballade,Caerleon,Muffitys,Storm Bird,Terlingua,Search Tradition,Nice Dancing,Mr. Prospector,Miesque,Sadler's Wells,Glenveagh,Cannonade,Cold Hearted,Blakeney,Rhodie
202609010111,11,芝,1400,良,オープン,ディープインパクト,リトルゲルダ,サンデーサイレンス,ウインドインハーヘア,Closing Argument,ビジューミス,Halo,Wishing Well,Alzao,Burghclere,Successful Appeal,Mrs. Greeley,Buddha,Above the Odds,Hail to Reason,Cosmah,Understanding,Mountain Flower,Lyphard,Lady Rebecca,Busted,Highclere,Valid Appeal,Successful Dancer,Mr. Greeley,Rare Review,Unbridled's Song,Cahooters,Wild Again,Doppio Espresso,Turn-to,Nothirdchance,Cosmic Bomb,Almahmoud,Promised Land,Pretty Ways,Montparnasse,Edelweiss,Northern Dancer,Goofed,Sir Ivor,Pocahontas,Crepello,Sans le Sou,Queen's Hussar,Highlight,In Reality,Desert Trial,Fortunate Prospect,Debonair Dancer,Gone West,Long Legend,Groovy,Royal Tantrum,Unbridled,Trolley Song,Storm Cat,Puss in Cahoots,Icecapade,Bushel-n-Peck,Java Gold,Eastern Dawn
202609010111,12,芝,1400,良,オープン,リアルインパクト,アンティフォナ,ディープインパクト,トキオリアリティー,Songandaprayer,スナッチド,サンデーサイレンス,ウインドインハーヘア,Meadowlake,What a Reality,Unbridled's Song,Alizea,Cat Thief,Christmas Star,Halo,Wishing Well,Alzao,Burghclere,Hold Your Peace,Suspicious Native,In Reality,What Will Be,Unbridled,Trolley Song,Premiership,Fancy Medallion,Storm Cat,Train Robbery,Star de Naskra,Carols Christmas,Hail to Reason,Cosmah,Understanding,Mountain Flower,Lyphard,Lady Rebecca,Busted,Highclere,Speak John,Blue Moon,Raise a Native,Be Suspicious,Intentionally,My Dear Girl,Crozier,Solabar,Fappiano,Gana Facil,Caro,Lucky Spell,Exclusive Native,Reminiscing,Well Decorated,Attache Case,Storm Bird,Terlingua,Alydar,Track Robbery,Naskra,Candle Star,Whitesburg,Light Verse
202609010111,13,芝,1400,良,オープン,ロードカナロア,ラルティスタ,キングカメハメハ,レディブラッサム,マイネルラヴ,セクシーココナッツ,Kingmambo,マンファス,Storm Cat,サラトガデュー,Seeking the Gold,Heart of Joy,ダンスインザダーク,ココパシオン,Mr. Prospector,Miesque,ラストタイクーン,Pilot Bird,Storm Bird,Terlingua,Cormorant,Super Luna,Mr. Prospector,Con Game,リィフォー,Mythographer,サンデーサイレンス,ダンシングキイ,グルームダンサー,ゲートドクール,Raise a Native,Gold Digger,Nureyev,Pasadoble,トライマイベスト,Mill Princess,Blakeney,The Dancer,Northern Dancer,South Ocean,Secretariat,Crimson Saint,His Majesty,Song Sparrow,In Reality,Alada,Raise a Native,Gold Digger,Buckpasser,Broadway,Lyphard,Klaizia,Secretariat,Arachne,Halo,Wishing Well,Nijinsky,Key Partner,Blushing Groom,Featherhill,Lomond,Gay Apparel
202609010111,14,芝,1400,良,オープン,キズナ,ケイティーズギフト,ディープインパクト,キャットクイル,フレンチデピュティ,ケイティーズファースト,サンデーサイレンス,ウインドインハーヘア,Storm Cat,Pacific Princess,Deputy Minister,Mitterand,Kris,Katies,Halo,Wishing Well,Alzao,Burghclere,Storm Bird,Terlingua,Damascus,Fiji,Vice Regent,Mint Copy,Hold Your Peace,Laredo Lass,Sharpen Up,Doubly Sure,ノノアルコ,Mortefontaine,Hail to Reason,Cosmah,Understanding,Mountain Flower,Lyphard,Lady Rebecca,Busted,Highclere,Northern Dancer,South Ocean,Secretariat,Crimson Saint,Sword Dancer,Kerala,Acropolis,Rififi,Northern Dancer,Victoria Regina,Bunty's Flight,Shakney,Speak John,Blue Moon,Bold Ruler,Fortunate Isle,エタン,Rocchetta,Reliance,Soft Angels,Nearctic,Seximee,ポリック,Brabantia
202609010111,15,芝,1400,良,オープン,ビッグアーサー,クェスタボルタ,サクラバクシンオー,シヤボナ,ノヴェリスト,ワイドサファイア,サクラユタカオー,サクラハゴロモ,Kingmambo,Relish,Monsun,Night Lagoon,アグネスタキオン,クイーンソネット,テスコボーイ,アンジェリカ,ノーザンテースト,クリアアンバー,Mr. Prospector,Miesque,Sadler's Wells,Reloy,Konigsstuhl,Mosella,Lagunas,Nenuphar,サンデーサイレンス,アグネスフローラ,ノーザンテースト,エイプリルソネット,Princely Gift,Suncourt,ネヴァービート,スターハイネス,Northern Dancer,Lady Victoria,Ambiopoise,One Clear Call,Raise a Native,Gold Digger,Nureyev,Pasadoble,Northern Dancer,Fairy Bridge,Liloy,Rescousse,Dschingis Khan,Konigskronung,Surumu,Monasia,イルドブルボン,Liranga,Night Shift,Narola,Halo,Wishing Well,ロイヤルスキー,アグネスレディー,Northern Dancer,Lady Victoria,Dike,Pass Me
202609010111,16,芝,1400,良,オープン,ミスターメロディ,ルミノハレブタイ,Scat Daddy,Trusty Lady,クロフネ,スカーレットミカ,ヨハネスブルグ,Love Style,Deputy Minister,Klassy Kim,フレンチデピュティ,ブルーアヴェニュー,アドマイヤベガ,スカーレットローズ,ヘネシー,Myth,Mr. Prospector,Likeable Style,Vice Regent,Mint Copy,Silent Screen,クールアライヴァル,Deputy Minister,Mitterand,Classic Go Go,Eliza Blue,サンデーサイレンス,ベガ,ノーザンテースト,スカーレットインク,Storm Cat,Island Kitty,オジジアン,Yarn,Raise a Native,Gold Digger,Nijinsky,Personable Lady,Northern Dancer,Victoria Regina,Bunty's Flight,Shakney,Prince John,Prayer Bell,Relaunch,Irish Arrival,Vice Regent,Mint Copy,Hold Your Peace,Laredo Lass,Pago Pago,Classic Perfection,Icecapade,コレラ,Halo,Wishing Well,トニービン,アンティックヴァリュー,Northern Dancer,Lady Victoria,Crimson Satan,Consentida
202609010111,17,芝,1400,良,オープン,リアルインパクト,サンクイーン,ディープインパクト,トキオリアリティー,Storm Cat,Fountain of Peace,サンデーサイレンス,ウインドインハーヘア,Meadowlake,What a Reality,Storm Bird,Terlingua,Kris S.,Coup de Genie,Halo,Wishing Well,Alzao,Burghclere,Hold Your Peace,Suspicious Native,In Reality,What Will Be,Northern Dancer,South Ocean,Secretariat,Crimson Saint,Roberto,Sharp Queen,Mr. Prospector,Coup de Folie,Hail to Reason,Cosmah,Understanding,Mountain Flower,Lyphard,Lady Rebecca,Busted,Highclere,Speak John,Blue Moon,Raise a Native,Be Suspicious,Intentionally,My Dear Girl,Crozier,Solabar,Nearctic,Natalma,New Providence,Shining Sun,Bold Ruler,Somethingroyal,Crimson Satan,Bolero Rose,Hail to Reason,Bramalea,Princequillo,Bridgework,Raise a Native,Gold Digger,Halo,Raise the Standard
202609010111,18,芝,1400,良,オープン,モーリス,メイショウデイム,スクリーンヒーロー,メジロフランシス,マンハッタンカフェ,メイショウカガヤキ,グラスワンダー,ランニングヒロイン,カーネギー,メジロモントレー,サンデーサイレンス,サトルチェンジ,ヘクタープロテクター,ハツノナタリー,Silver Hawk,Ameriflora,サンデーサイレンス,ダイナアクトレス,Sadler's Wells,Detroit,モガミ,メジロクインシー,Halo,Wishing Well,Law Society,Santa Luciana,Woodman,Korveya,トウショウボーイ,インターレディ,Roberto,Gris Vitesse,Danzig,Graceful Touch,Halo,Wishing Well,ノーザンテースト,モデルスポート,Northern Dancer,Fairy Bridge,Riverman,Derna,Lyphard,ノーラック,フィディオン,メジロボサツ,Hail to Reason,Cosmah,Understanding,Mountain Flower,Alleged,Bold Bikini,Luciano,Suleika,Mr. Prospector,プレイメイト,Riverman,Konafa,テスコボーイ,ソシアルバターフライ,ネヴァービート,ヒガシヒメ
202609010112,1,ダート,1800,良,2勝クラス,マインドユアビスケッツ,アーキタイプ,Posse,Jazzmane,ディープインパクト,ウィステリアアーチ,Silver Deputy,Raska,Toccet,Alljazz,サンデーサイレンス,ウインドインハーヘア,キングカメハメハ,バービキャット,Deputy Minister,Silver Valley,Rahy,Borishka,Awesome Again,Cozzene's Angel,Stop the Music,Bounteous,Halo,Wishing Well,Alzao,Burghclere,Kingmambo,マンファス,Storm Cat,Barbarika,Vice Regent,Mint Copy,Mr. Prospector,Seven Valleys,Blushing Groom,Glorious Song,Roberto,Queen Maud,Deputy Minister,Primal Force,Cozzene,Charming Pan,Hail to Reason,Bebopper,Master Derby,Mlle. Quille,Hail to Reason,Cosmah,Understanding,Mountain Flower,Lyphard,Lady Rebecca,Busted,Highclere,Mr. Prospector,Miesque,ラストタイクーン,Pilot Bird,Storm Bird,Terlingua,Bates Motel,War Exchange
202609010112,2,ダート,1800,良,2勝クラス,ホッコータルマエ,ソリッドリーズン,キングカメハメハ,マダムチェロキー,ジャングルポケット,レディーダービー,Kingmambo,マンファス,Cherokee Run,アンフォイルド,トニービン,ダンスチャーマー,スペシャルウィーク,ウメノファイバー,Mr. Prospector,Miesque,ラストタイクーン,Pilot Bird,Runaway Groom,Cherokee Dame,Unbridled,Bold Foil,カンパラ,Severn Bridge,Nureyev,Skillful Joy,サンデーサイレンス,キャンペンガール,サクラユタカオー,ウメノローザ,Raise a Native,Gold Digger,Nureyev,Pasadoble,トライマイベスト,Mill Princess,Blakeney,The Dancer,Blushing Groom,Yonnie Girl,Silver Saber,Dame Francesca,Fappiano,Gana Facil,Bold Forbes,Perfect Foil,Kalamoun,State Pension,Hornbeam,Priddy Fair,Northern Dancer,Special,Nodouble,Skillful Miss,Halo,Wishing Well,マルゼンスキー,レディーシラオキ,テスコボーイ,アンジェリカ,ノーザンディクテイター,ウメノシルバー
202609010112,3,ダート,1800,良,2勝クラス,レッドファルクス,マコトクラダリング,スウェプトオーヴァーボード,ベルモット,シンボリクリスエス,マコトキンラン,エンドスウィープ,Sheer Ice,サンデーサイレンス,レガシーオブストレングス,Kris S.,Tee Kay,サンデーサイレンス,ブゼンキャンドル,フォーティナイナー,Broom Dance,Cutlass,Hey Dolly A.,Halo,Wishing Well,Affirmed,Katonka,Roberto,Sharp Queen,Gold Meridian,Tri Argo,Halo,Wishing Well,モガミ,ブゼンスワン,Mr. Prospector,File,Dance Spell,Witching Hour,Damascus,Aphonia,Ambehaving,Swift Deal,Hail to Reason,Cosmah,Understanding,Mountain Flower,Exclusive Native,Won't Tell You,Minnesota Mac,Minnetonka,Hail to Reason,Bramalea,Princequillo,Bridgework,Seattle Slew,Queen Louie,Tri Jet,Hail Proudly,Hail to Reason,Cosmah,Understanding,Mountain Flower,Lyphard,ノーラック,アスワン,ブゼンノハナ
202609010112,4,ダート,1800,良,2勝クラス,ドゥラメンテ,アイリスフィール,キングカメハメハ,アドマイヤグルーヴ,ハービンジャー,シルクアイリス,Kingmambo,マンファス,サンデーサイレンス,エアグルーヴ,Dansili,Penang Pearl,ディープインパクト,タガノアイリス,Mr. Prospector,Miesque,ラストタイクーン,Pilot Bird,Halo,Wishing Well,トニービン,ダイナカール,デインヒル,Hasili,Bering,Guapa,サンデーサイレンス,ウインドインハーヘア,トニービン,マルカアイリス,Raise a Native,Gold Digger,Nureyev,Pasadoble,トライマイベスト,Mill Princess,Blakeney,The Dancer,Hail to Reason,Cosmah,Understanding,Mountain Flower,カンパラ,Severn Bridge,ノーザンテースト,シャダイフェザー,Danzig,Razyana,Kahyasi,Kerali,Arctic Tern,Beaune,Shareef Dancer,Sauceboat,Halo,Wishing Well,Alzao,Burghclere,カンパラ,Severn Bridge,ブレイヴェストローマン,イカホゲレン
202609010112,5,ダート,1800,良,2勝クラス,リアルインパクト,フューチャーベース,ディープインパクト,トキオリアリティー,ディスクリートキャット,バックシートリズム,サンデーサイレンス,ウインドインハーヘア,Meadowlake,What a Reality,Forestry,Pretty Discreet,El Corredor,Kiss a Miss,Halo,Wishing Well,Alzao,Burghclere,Hold Your Peace,Suspicious Native,In Reality,What Will Be,Storm Cat,Shared Interest,Private Account,Pretty Persuasive,Mr. Greeley,Silvery Swan,Kissin Kris,Belleville Miss,Hail to Reason,Cosmah,Understanding,Mountain Flower,Lyphard,Lady Rebecca,Busted,Highclere,Speak John,Blue Moon,Raise a Native,Be Suspicious,Intentionally,My Dear Girl,Crozier,Solabar,Storm Bird,Terlingua,Pleasant Colony,Surgery,Damascus,Numbered Account,Believe It,Bury the Hatchet,Gone West,Long Legend,Silver Deputy,Sociable Duck,Kris S.,Toes Forward,Herat,Barkerville Belle
202609010112,6,ダート,1800,良,2勝クラス,ドレフォン,ポリアフ,Gio Ponti,Eltimaas,キングカメハメハ,ユキチャン,Tale of the Cat,Chipeta Springs,Ghostzapper,Najecam,Kingmambo,マンファス,クロフネ,シラユキヒメ,Storm Cat,Yarn,Alydar,Salt Spring,Awesome Again,Baby Zip,Trempolino,Sue Warner,Mr. Prospector,Miesque,ラストタイクーン,Pilot Bird,フレンチデピュティ,ブルーアヴェニュー,サンデーサイレンス,ウェイブウインド,Storm Bird,Terlingua,Mr. Prospector,Narrate,Raise a Native,Sweet Tooth,Salt Marsh,Jungle Mythologic,Deputy Minister,Primal Force,Relaunch,Thirty Zip,Sharpen Up,Trephine,Forli,Bitty Girl,Raise a Native,Gold Digger,Nureyev,Pasadoble,トライマイベスト,Mill Princess,Blakeney,The Dancer,Deputy Minister,Mitterand,Classic Go Go,Eliza Blue,Halo,Wishing Well,Topsider,Storm and Sunshine
202609010112,7,ダート,1800,良,2勝クラス,ビーチパトロール,アルデュール,Lemon Drop Kid,Bashful Bertie,フレンチデピュティ,ミスアルダント,Kingmambo,Charming Lassie,Quiet American,Clever Bertie,Deputy Minister,Mitterand,サンデーサイレンス,マガロ,Mr. Prospector,Miesque,Seattle Slew,Lassie Dear,Fappiano,Demure,Timeless Native,Clever But Costly,Vice Regent,Mint Copy,Hold Your Peace,Laredo Lass,Halo,Wishing Well,Caro,Magic,Raise a Native,Gold Digger,Nureyev,Pasadoble,Bold Reasoning,My Charmer,Buckpasser,Gay Missile,Mr. Prospector,Killaloe,Dr. Fager,Quiet Charm,Timeless Moment,Head Off,Clever Trick,Swoonlow,Northern Dancer,Victoria Regina,Bunty's Flight,Shakney,Speak John,Blue Moon,Bold Ruler,Fortunate Isle,Hail to Reason,Cosmah,Understanding,Mountain Flower,フォルティノ,Chambord,Buckpasser,Aspidistra
202609010112,8,ダート,1800,良,2勝クラス,リアルスティール,ベルワトリング,ディープインパクト,ラヴズオンリーミー,Dushyantor,Biala,サンデーサイレンス,ウインドインハーヘア,Storm Cat,Monevassia,Sadler's Wells,Slightly Dangerous,The Great Shark,Damasquera,Halo,Wishing Well,Alzao,Burghclere,Storm Bird,Terlingua,Mr. Prospector,Miesque,Northern Dancer,Fairy Bridge,Roberto,Where You Lead,Storm Bird,Hot Gossip,Domineau,Discografia,Hail to Reason,Cosmah,Understanding,Mountain Flower,Lyphard,Lady Rebecca,Busted,Highclere,Northern Dancer,South Ocean,Secretariat,Crimson Saint,Raise a Native,Gold Digger,Nureyev,Pasadoble,Nearctic,Natalma,Bold Reason,Special,Hail to Reason,Bramalea,Raise a Native,Noblesse,Northern Dancer,South Ocean,Correspondent,Spotted Beauty,Never Bend,Pop's Pick,Damascus Silver,Secuestrada
202609010112,9,ダート,1800,良,2勝クラス,シニスターミニスター,カリビアンセレブ,Old Trieste,Sweet Minister,ゴールドアリュール,カリビアンボイス,A.P. Indy,Lovlier Linda,The Prime Minister,Sweet Blue,サンデーサイレンス,ニキーヤ,ジェイドロバリー,カーペンタービー,Seattle Slew,Weekend Surprise,Vigors,Linda Summers,Deputy Minister,Stick to Beauty,Hurry Up Blue,Sugar Gold,Halo,Wishing Well,Nureyev,Reluctant Guest,Mr. Prospector,Number,ルドゥターブル,ファイアフラワー,Bold Reasoning,My Charmer,Secretariat,Lassie Dear,Grey Dawn,Relifordie,Crozier,Queenly Gift,Vice Regent,Mint Copy,Illustrious,Hail to Beauty,Mr. Leader,Blue Baroness,Mr. Prospector,Miss Ironside,Hail to Reason,Cosmah,Understanding,Mountain Flower,Northern Dancer,Special,Hostage,Vaguely Royal,Raise a Native,Gold Digger,Nijinsky,Special,Tyrant,Alvina,Dike,Pascha
202609010112,10,ダート,1800,良,2勝クラス,ゴールドアリュール,テスティコ,サンデーサイレンス,ニキーヤ,Tiznow,Last Crown,Halo,Wishing Well,Nureyev,Reluctant Guest,Cee's Tizzy,Cee's Song,El Prado,Six Crowns,Hail to Reason,Cosmah,Understanding,Mountain Flower,Northern Dancer,Special,Hostage,Vaguely Royal,Relaunch,テイズリー,Seattle Song,Lonely Dancer,Sadler's Wells,Lady Capulet,Secretariat,Chris Evert,Turn-to,Nothirdchance,Cosmic Bomb,Almahmoud,Promised Land,Pretty Ways,Montparnasse,Edelweiss,Nearctic,Natalma,Forli,Thong,Nijinsky,Entente,Vaguely Noble,Shoshanna,In Reality,Foggy Note,Lyphard,Tizna,Seattle Slew,Incantation,ナイスダンサー,Sleep Lonely,Northern Dancer,Fairy Bridge,Sir Ivor,Cap and Bells,Bold Ruler,Somethingroyal,Swoon's Son,Miss Carmie
202609010112,11,ダート,1800,良,2勝クラス,ワンアンドオンリー,アンシャンタン,ハーツクライ,ヴァーチュ,Unbridled's Song,Celtic Melody,サンデーサイレンス,アイリッシュダンス,タイキシャトル,サンタムール,Unbridled,Trolley Song,Mr. Greeley,Ballynaugh,Halo,Wishing Well,トニービン,ビューパーダンス,Devil's Bag,ウェルシュマフィン,Danzig,アンブロジン,Fappiano,Gana Facil,Caro,Lucky Spell,Gone West,Long Legend,Desert Wine,Fool's Miss,Hail to Reason,Cosmah,Understanding,Mountain Flower,カンパラ,Severn Bridge,Lyphard,My Bupers,Halo,Ballade,Caerleon,Muffitys,Northern Dancer,Pas de Nom,Mr. Prospector,バラダ,Mr. Prospector,Killaloe,Le Fabuleux,Charedi,フォルティノ,Chambord,Lucky Mel,Incantation,Mr. Prospector,Secrettame,Reviewer,Lianga,Damascus,Anne Campbell,Saltville,Watch Lucille
202609010112,12,ダート,1800,良,2勝クラス,リーチザクラウン,キトゥンズグレイス,スペシャルウィーク,クラウンピース,Kitten's Joy,イマーキュレイトキャット,サンデーサイレンス,キャンペンガール,Seattle Slew,クラシッククラウン,El Prado,Kitten's First,Storm Cat,Myhrr,Halo,Wishing Well,マルゼンスキー,レディーシラオキ,Bold Reasoning,My Charmer,Mr. Prospector,Six Crowns,Sadler's Wells,Lady Capulet,Lear Fan,That's My Hon,Storm Bird,Terlingua,Mr. Prospector,Miesque,Hail to Reason,Cosmah,Understanding,Mountain Flower,Nijinsky,シル,セントクレスピン,ミスアシヤガワ,Boldnesian,Reason to Earn,Poker,Fair Charmer,Raise a Native,Gold Digger,Secretariat,Chris Evert,Northern Dancer,Fairy Bridge,Sir Ivor,Cap and Bells,Roberto,Wac,L'Enjoleur,One Lane,Northern Dancer,South Ocean,Secretariat,Crimson Saint,Raise a Native,Gold Digger,Nureyev,Pasadoble
202609010112,13,ダート,1800,良,2勝クラス,エピファネイア,ピースオブラヴ,シンボリクリスエス,シーザリオ,マイネルラヴ,ピアラプソディ,Kris S.,Tee Kay,スペシャルウィーク,キロフプリミエール,Seeking the Gold,Heart of Joy,ブライアンズタイム,ベルプリンセス,Roberto,Sharp Queen,Gold Meridian,Tri Argo,サンデーサイレンス,キャンペンガール,Sadler's Wells,Querida,Mr. Prospector,Con Game,リィフォー,Mythographer,Roberto,Kelley's Day,シルバーシャーク,カネジョリー,Hail to Reason,Bramalea,Princequillo,Bridgework,Seattle Slew,Queen Louie,Tri Jet,Hail Proudly,Halo,Wishing Well,マルゼンスキー,レディーシラオキ,Northern Dancer,Fairy Bridge,Habitat,Principia,Raise a Native,Gold Digger,Buckpasser,Broadway,Lyphard,Klaizia,Secretariat,Arachne,Hail to Reason,Bramalea,Graustark,Golden Trail,Buisson Ardent,Palsaka,グレイモナーク,シンカオル
202609010112,取,ダート,1800,良,2勝クラス,ブリックスアンドモルタル,ハワイアンローズ,Giant's Causeway,Beyond the Waves,キングカメハメハ,サンタローズ,Storm Cat,Mariah's Storm,Ocean Crest,Excedent,Kingmambo,マンファス,パントレセレブル,ユキノローズ,Storm Bird,Terlingua,Rahy,イメンス,Storm Bird,S.S.Aroma,Exceller,Broadway Lullaby,Mr. Prospector,Miesque,ラストタイクーン,Pilot Bird,Nureyev,Peinture Bleue,ミルジョージ,バンブーネラ,Northern Dancer,South Ocean,Secretariat,Crimson Saint,Blushing Groom,Glorious Song,Roberto,Imsodear,Northern Dancer,South Ocean,Seattle Slew,Rare Bouquet,Vaguely Noble,Too Bald,Stage Door Johnny,リットルブレツシング,Raise a Native,Gold Digger,Nureyev,Pasadoble,トライマイベスト,Mill Princess,Blakeney,The Dancer,Northern Dancer,Special,Alydar,Petroleuse,Mill Reef,Miss Charisma,ポリック,クインバンブー
202609010112,除,ダート,1800,良,2勝クラス,ドレフォン,ハッピーアビラ,Gio Ponti,Eltimaas,ディープインパクト,アビラ,Tale of the Cat,Chipeta Springs,Ghostzapper,Najecam,サンデーサイレンス,ウインドインハーヘア,ロックオブジブラルタル,Animatrice,Storm Cat,Yarn,Alydar,Salt Spring,Awesome Again,Baby Zip,Trempolino,Sue Warner,Halo,Wishing Well,Alzao,Burghclere,デインヒル,Offshore Boom,Alleged,Alexandrie,Storm Bird,Terlingua,Mr. Prospector,Narrate,Raise a Native,Sweet Tooth,Salt Marsh,Jungle Mythologic,Deputy Minister,Primal Force,Relaunch,Thirty Zip,Sharpen Up,Trephine,Forli,Bitty Girl,Hail to Reason,Cosmah,Understanding,Mountain Flower,Lyphard,Lady Rebecca,Busted,Highclere,Danzig,Razyana,Be My Guest,Push a Button,Hoist the Flag,Princess Pout,Val de l'Orne,Apachee
202609010201,1,ダート,1800,良,未勝利,ルヴァンスレーヴ,バーグアンノール,シンボリクリスエス,マエストラーレ,キングカメハメハ,レクレドール,Kris S.,Tee Kay,ネオユニヴァース,オータムブリーズ,Kingmambo,マンファス,サンデーサイレンス,ゴールデンサッシュ,Roberto,Sharp Queen,Gold Meridian,Tri Argo,サンデーサイレンス,ポインテッドパス,ティンバーカントリー,セプテンバーソング,Mr. Prospector,Miesque,ラストタイクーン,Pilot Bird,Halo,Wishing Well,ディクタス,ダイナサッシュ,Hail to Reason,Bramalea,Princequillo,Bridgework,Seattle Slew,Queen Louie,Tri Jet,Hail Proudly,Halo,Wishing Well,Kris,Silken Way,Woodman,Fall Aspen,リアルシャダイ,ダイナフェアリー,Raise a Native,Gold Digger,Nureyev,Pasadoble,トライマイベスト,Mill Princess,Blakeney,The Dancer,Hail to Reason,Cosmah,Understanding,Mountain Flower,Sanctus,Doronic,ノーザンテースト,ロイヤルサッシュ
202609010201,2,ダート,1800,良,未勝利,ゴールドドリーム,ジョーゲルダ,ゴールドアリュール,モンヴェール,オペラハウス,ジョーセレブレイト,サンデーサイレンス,ニキーヤ,フレンチデピュティ,スペシャルジェイド,Sadler's Wells,Colorspin,ヘクタープロテクター,ジョーイライザ,Halo,Wishing Well,Nureyev,Reluctant Guest,Deputy Minister,Mitterand,Cox's Ridge,Statistic,Northern Dancer,Fairy Bridge,High Top,Reprocolor,Woodman,Korveya,タップオンウッド,ジョージユホー,Hail to Reason,Cosmah,Understanding,Mountain Flower,Northern Dancer,Special,Hostage,Vaguely Royal,Vice Regent,Mint Copy,Hold Your Peace,Laredo Lass,Best Turn,Our Martha,Mr. Prospector,Number,Nearctic,Natalma,Bold Reason,Special,Derring-Do,Camenae,Jimmy Reppin,Blue Queen,Mr. Prospector,プレイメイト,Riverman,Konafa,Sallust,Cat O'Mountaine,ネヴァービート,シアラ
202609010201,3,ダート,1800,良,未勝利,マインドユアビスケッツ,ペガサスハーツ,Posse,Jazzmane,ハーツクライ,マリンフェスタ,Silver Deputy,Raska,Toccet,Alljazz,サンデーサイレンス,アイリッシュダンス,サクラバクシンオー,ロングチアーズ,Deputy Minister,Silver Valley,Rahy,Borishka,Awesome Again,Cozzene's Angel,Stop the Music,Bounteous,Halo,Wishing Well,トニービン,ビューパーダンス,サクラユタカオー,サクラハゴロモ,ミホシンザン,スイーブ,Vice Regent,Mint Copy,Mr. Prospector,Seven Valleys,Blushing Groom,Glorious Song,Roberto,Queen Maud,Deputy Minister,Primal Force,Cozzene,Charming Pan,Hail to Reason,Bebopper,Master Derby,Mlle. Quille,Hail to Reason,Cosmah,Understanding,Mountain Flower,カンパラ,Severn Bridge,Lyphard,My Bupers,テスコボーイ,アンジェリカ,ノーザンテースト,クリアアンバー,シンザン,ナポリジョオー,テューダーペリオッド,ゴールデンドラゴン
202609010201,4,ダート,1800,良,未勝利,シャンハイボビー,トーホウシンバル,Harlan's Holiday,Steelin',ステイゴールド,トーホウローマン,Harlan,Christmas in Aiken,Orientate,Steel Band,サンデーサイレンス,ゴールデンサッシュ,ヘネシー,クロケタリー,Storm Cat,Country Romance,Affirmed,Dowager,Mt. Livermore,Dream Team,Carson City,ウェディングバンド,Halo,Wishing Well,ディクタス,ダイナサッシュ,Storm Cat,Island Kitty,Alydar,Croquis,Storm Bird,Terlingua,Halo,Sweet Romance,Exclusive Native,Won't Tell You,Honest Pleasure,Princessnesian,Blushing Groom,Flama Ardiente,Cox's Ridge,Likely Double,Mr. Prospector,Blushing Promise,Mighty Appealing,Ring of Steel,Hail to Reason,Cosmah,Understanding,Mountain Flower,Sanctus,Doronic,ノーザンテースト,ロイヤルサッシュ,Storm Bird,Terlingua,Hawaii,T. C. Kitten,Raise a Native,Sweet Tooth,Arts and Letters,Unity Hall
202609010201,5,ダート,1800,良,未勝利,ゴールドドリーム,フューチャーベース,ゴールドアリュール,モンヴェール,ディスクリートキャット,バックシートリズム,サンデーサイレンス,ニキーヤ,フレンチデピュティ,スペシャルジェイド,Forestry,Pretty Discreet,El Corredor,Kiss a Miss,Halo,Wishing Well,Nureyev,Reluctant Guest,Deputy Minister,Mitterand,Cox's Ridge,Statistic,Storm Cat,Shared Interest,Private Account,Pretty Persuasive,Mr. Greeley,Silvery Swan,Kissin Kris,Belleville Miss,Hail to Reason,Cosmah,Understanding,Mountain Flower,Northern Dancer,Special,Hostage,Vaguely Royal,Vice Regent,Mint Copy,Hold Your Peace,Laredo Lass,Best Turn,Our Martha,Mr. Prospector,Number,Storm Bird,Terlingua,Pleasant Colony,Surgery,Damascus,Numbered Account,Believe It,Bury the Hatchet,Gone West,Long Legend,Silver Deputy,Sociable Duck,Kris S.,Toes Forward,Herat,Barkerville Belle
202609010201,6,ダート,1800,良,未勝利,ストロングリターン,ファストソング,シンボリクリスエス,コートアウト,ヘクタープロテクター,ステッバイステップ,Kris S.,Tee Kay,Smart Strike,アザール,Woodman,Korveya,カリズマティック,オルビタル,Roberto,Sharp Queen,Gold Meridian,Tri Argo,Mr. Prospector,Classy 'n Smart,Nijinsky,Smart Heiress,Mr. Prospector,プレイメイト,Riverman,Konafa,Summer Squall,Bali Babe,Caerleon,Asteroid Field,Hail to Reason,Bramalea,Princequillo,Bridgework,Seattle Slew,Queen Louie,Tri Jet,Hail Proudly,Raise a Native,Gold Digger,Smarten,No Class,Northern Dancer,Flaming Page,Vaguely Noble,Smartaire,Raise a Native,Gold Digger,Buckpasser,Intriguing,Never Bend,River Lady,Damascus,Royal Statute,Storm Bird,Weekend Surprise,Drone,Polynesian Charm,Nijinsky,Foreseer,Forli,Star Strewn
202609010201,7,ダート,1800,良,未勝利,ルーラーシップ,ブライトロージー,キングカメハメハ,エアグルーヴ,ハーツクライ,コージーロージー,Kingmambo,マンファス,トニービン,ダイナカール,サンデーサイレンス,アイリッシュダンス,Pleasantly Perfect,Felidia,Mr. Prospector,Miesque,ラストタイクーン,Pilot Bird,カンパラ,Severn Bridge,ノーザンテースト,シャダイフェザー,Halo,Wishing Well,トニービン,ビューパーダンス,Pleasant Colony,Regal State,Golden Fleece,Exclusive Fable,Raise a Native,Gold Digger,Nureyev,Pasadoble,トライマイベスト,Mill Princess,Blakeney,The Dancer,Kalamoun,State Pension,Hornbeam,Priddy Fair,Northern Dancer,Lady Victoria,ガーサント,パロクサイド,Hail to Reason,Cosmah,Understanding,Mountain Flower,カンパラ,Severn Bridge,Lyphard,My Bupers,His Majesty,Sun Colony,Affirmed,La Trinite,Nijinsky,Exotic Treat,Exclusive Native,Ancient Fables
202609010201,8,ダート,1800,良,未勝利,マインドユアビスケッツ,エヌワイパフューム,Posse,Jazzmane,ジャスタウェイ,ラプターセイハート,Silver Deputy,Raska,Toccet,Alljazz,ハーツクライ,シビル,トワイニング,リリウム,Deputy Minister,Silver Valley,Rahy,Borishka,Awesome Again,Cozzene's Angel,Stop the Music,Bounteous,サンデーサイレンス,アイリッシュダンス,Wild Again,シャロン,フォーティナイナー,Courtly Dee,クロフネ,ベゴニア,Vice Regent,Mint Copy,Mr. Prospector,Seven Valleys,Blushing Groom,Glorious Song,Roberto,Queen Maud,Deputy Minister,Primal Force,Cozzene,Charming Pan,Hail to Reason,Bebopper,Master Derby,Mlle. Quille,Halo,Wishing Well,トニービン,ビューパーダンス,Icecapade,Bushel-n-Peck,Mo Exception,Double Wiggle,Mr. Prospector,File,Never Bend,Tulle,フレンチデピュティ,ブルーアヴェニュー,Plugged Nickle,Dahlia
202609010201,9,ダート,1800,良,未勝利,ヴァンゴッホ,テーオーピコタン,American Pharoah,Imagine,ダイワメジャー,タイセイエトワール,Pioneerof the Nile,Littleprincessemma,Sadler's Wells,Doff the Derby,サンデーサイレンス,スカーレットブーケ,トニービン,エンスラーリング,エンパイアメーカー,Star of Goshen,Yankee Gentleman,Exclusive Rosette,Northern Dancer,Fairy Bridge,Master Derby,Margarethen,Halo,Wishing Well,ノーザンテースト,スカーレットインク,カンパラ,Severn Bridge,ヘクタープロテクター,エンスラーリングレイディ,Unbridled,Toussaud,Lord at War,Castle Eight,Storm Cat,Key Phrase,Ecliptical,Zetta Jet,Nearctic,Natalma,Bold Reason,Special,ダストコマンダー,Madam Jerry,Tulyar,Russ-Marie,Hail to Reason,Cosmah,Understanding,Mountain Flower,Northern Dancer,Lady Victoria,Crimson Satan,Consentida,Kalamoun,State Pension,Hornbeam,Priddy Fair,Woodman,Korveya,El Gran Senor,Enthraller
202609010201,10,ダート,1800,良,未勝利,ニューイヤーズデイ,ボカイウヴァ,Street Cry,Justwhistledixie,Teofilo,Breath of Love,Machiavellian,Helen Street,Dixie Union,General Jeanne,Galileo,Speirbhean,Mutakddim,Breath Taking,Mr. Prospector,Coup de Folie,Troy,Waterway,Dixieland Band,She's Tops,Honour and Glory,Ahpo Hel,Sadler's Wells,Urban Sea,デインヒル,Saviour,Seeking the Gold,Oscillate,Nureyev,Cap d'Antibes,Raise a Native,Gold Digger,Halo,Raise the Standard,Petingo,La Milo,Riverman,Boulevard,Northern Dancer,Mississippi Mud,Capote,She's a Talent,Relaunch,Fair to All,Mr. Leader,Tiy,Northern Dancer,Fairy Bridge,Miswaki,Allegretta,Danzig,Razyana,Majestic Light,Victorian Queen,Mr. Prospector,Con Game,Seattle Slew,Dance Number,Northern Dancer,Special,Better Boy,Tereus
202609010202,1,ダート,1200,良,未勝利,シャンハイボビー,クーファエラン,Harlan's Holiday,Steelin',オルフェーヴル,ウインアンジェラス,Harlan,Christmas in Aiken,Orientate,Steel Band,ステイゴールド,オリエンタルアート,Bertolini,エシュクアルバー,Storm Cat,Country Romance,Affirmed,Dowager,Mt. Livermore,Dream Team,Carson City,ウェディングバンド,サンデーサイレンス,ゴールデンサッシュ,メジロマックイーン,エレクトロアート,Danzig,Aquilegia,Riverman,Equate,Storm Bird,Terlingua,Halo,Sweet Romance,Exclusive Native,Won't Tell You,Honest Pleasure,Princessnesian,Blushing Groom,Flama Ardiente,Cox's Ridge,Likely Double,Mr. Prospector,Blushing Promise,Mighty Appealing,Ring of Steel,Halo,Wishing Well,ディクタス,ダイナサッシュ,メジロティターン,メジロオーロラ,ノーザンテースト,グランマスティーヴンス,Northern Dancer,Pas de Nom,Alydar,Courtly Dee,Never Bend,River Lady,Raja Baba,Bank On Love
202609010202,2,ダート,1200,良,未勝利,ミッキーアイル,モーレアモーレ,ディープインパクト,スターアイル,ジャイアントレッカー,サンレイフレール,サンデーサイレンス,ウインドインハーヘア,ロックオブジブラルタル,アイルドフランス,Giant's Causeway,Homewrecker,ダンスインザダーク,ダンシングフレール,Halo,Wishing Well,Alzao,Burghclere,デインヒル,Offshore Boom,Nureyev,ステラマドリッド,Storm Cat,Mariah's Storm,Buckaroo,Execution,サンデーサイレンス,ダンシングキイ,ノーザンテースト,フレールドウプランタン,Hail to Reason,Cosmah,Understanding,Mountain Flower,Lyphard,Lady Rebecca,Busted,Highclere,Danzig,Razyana,Be My Guest,Push a Button,Northern Dancer,Special,Alydar,My Juliet,Storm Bird,Terlingua,Rahy,イメンス,Buckpasser,Stepping High,The Axe,House of Cards,Halo,Wishing Well,Nijinsky,Key Partner,Northern Dancer,Lady Victoria,Caro,Savage Bunny
202609010202,3,ダート,1200,良,未勝利,ジャスタウェイ,ポプラ,ハーツクライ,シビル,Frankel,ハーフムーン,サンデーサイレンス,アイリッシュダンス,Wild Again,シャロン,Galileo,Kind,Duke of Marmalade,Quarter moon,Halo,Wishing Well,トニービン,ビューパーダンス,Icecapade,Bushel-n-Peck,Mo Exception,Double Wiggle,Sadler's Wells,Urban Sea,デインヒル,Rainbow Lake,デインヒル,Love Me True,Sadler's Wells,Jude,Hail to Reason,Cosmah,Understanding,Mountain Flower,カンパラ,Severn Bridge,Lyphard,My Bupers,Nearctic,Shenanigans,Khaled,Dama,Hard Work,With Exception,Sir Wiggle,Blue Double,Northern Dancer,Fairy Bridge,Miswaki,Allegretta,Danzig,Razyana,Rainbow Quest,Rockfest,Danzig,Razyana,Kingmambo,Lassie's Lady,Northern Dancer,Fairy Bridge,Darshaan,Alruccaba
202609010202,4,ダート,1200,良,未勝利,アニマルキングダム,ナムラユメ,Leroidesanimaux,ダリシア,ゼンノロブロイ,ビストロドゥパリ,Candy Stripes,Dissemble,Acatenango,Dynamis,サンデーサイレンス,ローミンレイチェル,フレンチグローリー,ドッフ,Blushing Groom,バブルカンパニー,Ahonoora,Kerali,Surumu,Aggravate,ダンシングブレーヴ,Diasprina,Halo,Wishing Well,マイニング,One Smart Lady,Sadler's Wells,デユネット,Mr. Prospector,Furling,Red God,Runaway Bride,Lyphard,Prodice,Lorenzaccio,Helen Nichols,High Line,Sookera,Literat,Surama,Aggressor,Raven Locks,Lyphard,Navajo Princess,Aspros,Dorle,Hail to Reason,Cosmah,Understanding,Mountain Flower,Mr. Prospector,I Pass,Clever Trick,Pia's Lady,Northern Dancer,Fairy Bridge,ハードツービート,Pram,Raise a Native,Gold Digger,Hoist the Flag,Continue
202609010202,5,ダート,1200,良,未勝利,フィレンツェファイア,シェルトファータ,Poseidon's Warrior,My Every Wish,ヘニーヒューズ,セイントブルック,Speightstown,Poised to Pounce,Langfuhr,Mille Lacs,ヘネシー,Meadow Flyer,Saint Ballado,Royal Brook,Gone West,Silken Cat,Smarten,Lady Lyndy,Danzig,Sweet Briar Too,Unbridled,With Every Wish,Storm Cat,Island Kitty,Meadowlake,Shortley,Halo,Ballade,Lomond,Never Scheme,Mr. Prospector,Secrettame,Storm Cat,Silken Doll,Cyane,Smartaire,Bold Favorite,Counterflight,Northern Dancer,Pas de Nom,Briartic,Prima Babu Gum,Fappiano,Gana Facil,Lear Fan,Amo,Storm Bird,Terlingua,Hawaii,T. C. Kitten,Hold Your Peace,Suspicious Native,Hagley,Short Winded,Hail to Reason,Cosmah,Herbager,Miss Swapsco,Northern Dancer,My Charmer,Never Bend,Sweetly Scheming
202609010202,6,ダート,1200,良,未勝利,インディチャンプ,ゴールドエンジェル,ステイゴールド,ウィルパワー,クロフネ,エストレリータ,サンデーサイレンス,ゴールデンサッシュ,キングカメハメハ,トキオリアリティー,フレンチデピュティ,ブルーアヴェニュー,ダンスインザダーク,エアシャロン,Halo,Wishing Well,ディクタス,ダイナサッシュ,Kingmambo,マンファス,Meadowlake,What a Reality,Deputy Minister,Mitterand,Classic Go Go,Eliza Blue,サンデーサイレンス,ダンシングキイ,ノーザンテースト,エコルシユ,Hail to Reason,Cosmah,Understanding,Mountain Flower,Sanctus,Doronic,ノーザンテースト,ロイヤルサッシュ,Mr. Prospector,Miesque,ラストタイクーン,Pilot Bird,Hold Your Peace,Suspicious Native,In Reality,What Will Be,Vice Regent,Mint Copy,Hold Your Peace,Laredo Lass,Pago Pago,Classic Perfection,Icecapade,コレラ,Halo,Wishing Well,Nijinsky,Key Partner,Northern Dancer,Lady Victoria,Big Spruce,Idmon
202609010202,7,ダート,1200,良,未勝利,フォーウィールドライブ,サンデーローズ,American Pharoah,Funfair,ブライアンズタイム,サンデーエイコーン,Pioneerof the Nile,Littleprincessemma,More Than Ready,Fleuron,Roberto,Kelley's Day,サンデーサイレンス,エイコーンカップ,エンパイアメーカー,Star of Goshen,Yankee Gentleman,Exclusive Rosette,サザンヘイロー,Woodman's Girl,Distant View,Flamboyance,Hail to Reason,Bramalea,Graustark,Golden Trail,Halo,Wishing Well,ノーザンテースト,ダイナエイコーン,Unbridled,Toussaud,Lord at War,Castle Eight,Storm Cat,Key Phrase,Ecliptical,Zetta Jet,Halo,Northern Sea,Woodman,Becky Be Good,Mr. Prospector,Seven Springs,Zilzal,Bridal Wreath,Turn-to,Nothirdchance,Nashua,Rarelea,Ribot,Flower Bowl,Hasty Road,Sunny Vale,Hail to Reason,Cosmah,Understanding,Mountain Flower,Northern Dancer,Lady Victoria,ロイヤルスキー,ライバリュウ
202609010202,8,ダート,1200,良,未勝利,ヴァンセンヌ,イチザラブ,ディープインパクト,フラワーパーク,タイムパラドックス,リトルラブソング,サンデーサイレンス,ウインドインハーヘア,ニホンピロウイナー,ノーザンフラワー,ブライアンズタイム,ジョリーザザ,マイネルラヴ,ダブルシンホニー,Halo,Wishing Well,Alzao,Burghclere,スティールハート,ニホンピロエバート,ノーザンテースト,ファイアフラワー,Roberto,Kelley's Day,Alzao,Bold Lady,Seeking the Gold,Heart of Joy,アンバーシャダイ,ダブルファースト,Hail to Reason,Cosmah,Understanding,Mountain Flower,Lyphard,Lady Rebecca,Busted,Highclere,Habitat,A.,チャイナロック,ライトフレーム,Northern Dancer,Lady Victoria,Dike,Pascha,Hail to Reason,Bramalea,Graustark,Golden Trail,Lyphard,Lady Rebecca,ボールドラツド,Tredam,Mr. Prospector,Con Game,リィフォー,Mythographer,ノーザンテースト,クリアアンバー,パーソロン,ダブルドア
202609010202,9,ダート,1200,良,未勝利,ゴールドドリーム,オルガンパイプ,ゴールドアリュール,モンヴェール,サウスヴィグラス,キャッツプライド,サンデーサイレンス,ニキーヤ,フレンチデピュティ,スペシャルジェイド,エンドスウィープ,ダーケストスター,ヘネシー,Kirt's Pride,Halo,Wishing Well,Nureyev,Reluctant Guest,Deputy Minister,Mitterand,Cox's Ridge,Statistic,フォーティナイナー,Broom Dance,Star de Naskra,Minnie Riperton,Storm Cat,Island Kitty,Kirtling,Satan's Pride,Hail to Reason,Cosmah,Understanding,Mountain Flower,Northern Dancer,Special,Hostage,Vaguely Royal,Vice Regent,Mint Copy,Hold Your Peace,Laredo Lass,Best Turn,Our Martha,Mr. Prospector,Number,Mr. Prospector,File,Dance Spell,Witching Hour,Naskra,Candle Star,Cornish Prince,English Harbor,Storm Bird,Terlingua,Hawaii,T. C. Kitten,グランディ,Silky,Crimson Satan,Autumn Pride
202609010202,10,ダート,1200,良,未勝利,モズアスコット,マリカ,Frankel,India,サウスヴィグラス,ウィンワーシップ,Galileo,Kind,ヘネシー,Misty Hour,エンドスウィープ,ダーケストスター,マイニング,カチウマキャシー,Sadler's Wells,Urban Sea,デインヒル,Rainbow Lake,Storm Cat,Island Kitty,Miswaki,Our Tina Marie,フォーティナイナー,Broom Dance,Star de Naskra,Minnie Riperton,Mr. Prospector,I Pass,ストームオンザルース,レイディアック,Northern Dancer,Fairy Bridge,Miswaki,Allegretta,Danzig,Razyana,Rainbow Quest,Rockfest,Storm Bird,Terlingua,Hawaii,T. C. Kitten,Mr. Prospector,Hopespringseternal,Nijinsky,Java Moon,Mr. Prospector,File,Dance Spell,Witching Hour,Naskra,Candle Star,Cornish Prince,English Harbor,Raise a Native,Gold Digger,Buckpasser,Impish,Lyphard,That's a Kennedy,Ack Ack,Assurgent
202609010202,11,ダート,1200,良,未勝利,ベストウォーリア,キョウモバライロ,マジェスティックウォリアー,フラーテイシャスミス,フリオーソ,エルサフィール,A.P. Indy,Dream Supreme,Mr. Greeley,Seductive Smile,ブライアンズタイム,ファーザ,タヤスツヨシ,ポルタトーリ,Seattle Slew,Weekend Surprise,Seeking the Gold,Spinning Round,Gone West,Long Legend,Silver Hawk,Exit Smiling,Roberto,Kelley's Day,Mr. Prospector,Baya,サンデーサイレンス,マガロ,マルゼンスキー,ブルーサファイア,Bold Reasoning,My Charmer,Secretariat,Lassie Dear,Mr. Prospector,Con Game,Dixieland Band,Take Heart,Mr. Prospector,Secrettame,Reviewer,Lianga,Roberto,Gris Vitesse,Stage Door Johnny,Chandelier,Hail to Reason,Bramalea,Graustark,Golden Trail,Raise a Native,Gold Digger,Nureyev,Barger,Halo,Wishing Well,Caro,Magic,Nijinsky,シル,Damascus,Ancient Art
202609010202,12,ダート,1200,良,未勝利,リアルスティール,グランドウイズダム,ディープインパクト,ラヴズオンリーミー,キングカメハメハ,グランドグリーン,サンデーサイレンス,ウインドインハーヘア,Storm Cat,Monevassia,Kingmambo,マンファス,ナリタブライアン,メタモルフォース,Halo,Wishing Well,Alzao,Burghclere,Storm Bird,Terlingua,Mr. Prospector,Miesque,Mr. Prospector,Miesque,ラストタイクーン,Pilot Bird,ブライアンズタイム,パシフィカス,Lord Avie,Normia,Hail to Reason,Cosmah,Understanding,Mountain Flower,Lyphard,Lady Rebecca,Busted,Highclere,Northern Dancer,South Ocean,Secretariat,Crimson Saint,Raise a Native,Gold Digger,Nureyev,Pasadoble,Raise a Native,Gold Digger,Nureyev,Pasadoble,トライマイベスト,Mill Princess,Blakeney,The Dancer,Roberto,Kelley's Day,Northern Dancer,Pacific Princess,Lord Gaylord,Avie,Northfields,Mia Pola
202609010202,13,ダート,1200,良,未勝利,マクフィ,アーキタイプ,Dubawi,Dhelaal,ディープインパクト,ウィステリアアーチ,Dubai Millennium,Zomaradah,Green Desert,Irish Valley,サンデーサイレンス,ウインドインハーヘア,キングカメハメハ,バービキャット,Seeking the Gold,Colorado Dancer,Deploy,Jawaher,Danzig,Foreign Courier,Irish River,Green Valley,Halo,Wishing Well,Alzao,Burghclere,Kingmambo,マンファス,Storm Cat,Barbarika,Mr. Prospector,Con Game,Shareef Dancer,Fall Aspen,Shirley Heights,Slightly Dangerous,ダンシングブレーヴ,High Tern,Northern Dancer,Pas de Nom,Sir Ivor,Courtly Dee,Riverman,Irish Star,Val de Loir,Sly Pola,Hail to Reason,Cosmah,Understanding,Mountain Flower,Lyphard,Lady Rebecca,Busted,Highclere,Mr. Prospector,Miesque,ラストタイクーン,Pilot Bird,Storm Bird,Terlingua,Bates Motel,War Exchange
202609010202,14,ダート,1200,良,未勝利,キセキ,メイショウイチヒメ,ルーラーシップ,ブリッツフィナーレ,メイショウボーラー,メイショウマンボ,キングカメハメハ,エアグルーヴ,ディープインパクト,ロンドンブリッジ,タイキシャトル,ナイスレイズ,スズカマンボ,メイショウモモカ,Kingmambo,マンファス,トニービン,ダイナカール,サンデーサイレンス,ウインドインハーヘア,ドクターデヴィアス,オールフォーロンドン,Devil's Bag,ウェルシュマフィン,Storm Cat,Nice Tradition,サンデーサイレンス,スプリングマンボ,グラスワンダー,メイショウアヤメ,Mr. Prospector,Miesque,ラストタイクーン,Pilot Bird,カンパラ,Severn Bridge,ノーザンテースト,シャダイフェザー,Halo,Wishing Well,Alzao,Burghclere,Ahonoora,Rose of Jericho,Danzig,Full Card,Halo,Ballade,Caerleon,Muffitys,Storm Bird,Terlingua,Search Tradition,Nice Dancing,Halo,Wishing Well,Kingmambo,キーフライヤー,Silver Hawk,Ameriflora,ジェイドロバリー,ウイルムーン
202609010202,15,ダート,1200,良,未勝利,フィレンツェファイア,テンザンオトヒメ,Poseidon's Warrior,My Every Wish,フジキセキ,パパラッシオ,Speightstown,Poised to Pounce,Langfuhr,Mille Lacs,サンデーサイレンス,ミルレーサー,Nureyev,Population,Gone West,Silken Cat,Smarten,Lady Lyndy,Danzig,Sweet Briar Too,Unbridled,With Every Wish,Halo,Wishing Well,Le Fabuleux,Marston's Mill,Northern Dancer,Special,General Assembly,Prudent Girl,Mr. Prospector,Secrettame,Storm Cat,Silken Doll,Cyane,Smartaire,Bold Favorite,Counterflight,Northern Dancer,Pas de Nom,Briartic,Prima Babu Gum,Fappiano,Gana Facil,Lear Fan,Amo,Hail to Reason,Cosmah,Understanding,Mountain Flower,Wild Risk,Anguar,In Reality,Millicent,Nearctic,Natalma,Forli,Thong,Secretariat,Exclusive Dancer,プリメラ,Bride Elect
202609010202,16,ダート,1200,良,未勝利,サトノアラジン,メイショウアキシノ,ディープインパクト,マジックストーム,デュランダル,アンティックタイル,サンデーサイレンス,ウインドインハーヘア,Storm Cat,Foppy Dancer,サンデーサイレンス,サワヤカプリンセス,Fusaichi Pegasus,Antique Auction,Halo,Wishing Well,Alzao,Burghclere,Storm Bird,Terlingua,Fappiano,Water Dance,Halo,Wishing Well,ノーザンテースト,スコッチプリンセス,Mr. Prospector,Angel Fever,Geiger Counter,オールドスタッフ,Hail to Reason,Cosmah,Understanding,Mountain Flower,Lyphard,Lady Rebecca,Busted,Highclere,Northern Dancer,South Ocean,Secretariat,Crimson Saint,Mr. Prospector,Killaloe,Nijinsky,Luiana,Hail to Reason,Cosmah,Understanding,Mountain Flower,Northern Dancer,Lady Victoria,Creme dela Creme,Meadow Saffron,Raise a Native,Gold Digger,Danzig,Rowdy Angel,Mr. Prospector,Thong,Irish River,アンティックヴァリュー
202609010203,1,ダート,1800,良,未勝利,トランセンド,ディーブラッド,ワイルドラッシュ,シネマスコープ,ディープインパクト,グローリーブラッド,Wild Again,Rose Park,トニービン,ブルーハワイ,サンデーサイレンス,ウインドインハーヘア,Gone West,Ski Dancer,Icecapade,Bushel-n-Peck,Plugged Nickle,Hardship,カンパラ,Severn Bridge,スリルショー,サニースワップス,Halo,Wishing Well,Alzao,Burghclere,Mr. Prospector,Secrettame,Baldski,Dance Song,Nearctic,Shenanigans,Khaled,Dama,Key to the Mint,Toll Booth,Drone,Hard and Fast,Kalamoun,State Pension,Hornbeam,Priddy Fair,Northern Baby,Splendid Girl,Hawaii,アイアンエイジ,Hail to Reason,Cosmah,Understanding,Mountain Flower,Lyphard,Lady Rebecca,Busted,Highclere,Raise a Native,Gold Digger,Secretariat,Tamerett,Nijinsky,Too Bald,Run Dusty Run,Judith C.
202609010203,2,ダート,1800,良,未勝利,ゴールドドリーム,クインズモモナ,ゴールドアリュール,モンヴェール,エイシンフラッシュ,プラチナレイン,サンデーサイレンス,ニキーヤ,フレンチデピュティ,スペシャルジェイド,キングズベスト,ムーンレディ,アグネスタキオン,Post Parade,Halo,Wishing Well,Nureyev,Reluctant Guest,Deputy Minister,Mitterand,Cox's Ridge,Statistic,Kingmambo,Allegretta,Platini,Midnight Fever,サンデーサイレンス,アグネスフローラ,A.P. Indy,Spanish Parade,Hail to Reason,Cosmah,Understanding,Mountain Flower,Northern Dancer,Special,Hostage,Vaguely Royal,Vice Regent,Mint Copy,Hold Your Peace,Laredo Lass,Best Turn,Our Martha,Mr. Prospector,Number,Mr. Prospector,Miesque,Lombard,Anatevka,Surumu,Prairie Darling,Sure Blade,Majoritat,Halo,Wishing Well,ロイヤルスキー,アグネスレディー,Seattle Slew,Weekend Surprise,Roberto,Nijit
202609010203,3,ダート,1800,良,未勝利,フィレンツェファイア,レッドアルカナ,Poseidon's Warrior,My Every Wish,ディープインパクト,シークレットジプシー,Speightstown,Poised to Pounce,Langfuhr,Mille Lacs,サンデーサイレンス,ウインドインハーヘア,Sea of Secrets,Miss Utada,Gone West,Silken Cat,Smarten,Lady Lyndy,Danzig,Sweet Briar Too,Unbridled,With Every Wish,Halo,Wishing Well,Alzao,Burghclere,Storm Cat,Love From Mom,Rahy,Morini,Mr. Prospector,Secrettame,Storm Cat,Silken Doll,Cyane,Smartaire,Bold Favorite,Counterflight,Northern Dancer,Pas de Nom,Briartic,Prima Babu Gum,Fappiano,Gana Facil,Lear Fan,Amo,Hail to Reason,Cosmah,Understanding,Mountain Flower,Lyphard,Lady Rebecca,Busted,Highclere,Storm Bird,Terlingua,Mr. Prospector,Hoso,Blushing Groom,Glorious Song,Unfuwain,Possessive Lady
202609010203,4,ダート,1800,良,未勝利,クリソベリル,ルーレットクイーン,ゴールドアリュール,クリソプレーズ,ドリームジャーニー,ペレブラッサム,サンデーサイレンス,ニキーヤ,エルコンドルパサー,キャサリーンパー,ステイゴールド,オリエンタルアート,ダンシングブレーヴ,サークルショウワ,Halo,Wishing Well,Nureyev,Reluctant Guest,Kingmambo,サドラーズギャル,Riverman,Regal Exception,サンデーサイレンス,ゴールデンサッシュ,メジロマックイーン,エレクトロアート,Lyphard,Navajo Princess,モンテプリンス,サークルカマダ,Hail to Reason,Cosmah,Understanding,Mountain Flower,Northern Dancer,Special,Hostage,Vaguely Royal,Mr. Prospector,Miesque,Sadler's Wells,Glenveagh,Never Bend,River Lady,Ribot,Rajput Princess,Halo,Wishing Well,ディクタス,ダイナサッシュ,メジロティターン,メジロオーロラ,ノーザンテースト,グランマスティーヴンス,Northern Dancer,Goofed,Drone,Olmec,シーホーク,モンテオーカン,ヒデチカラ,キングスサークル
202609010203,5,ダート,1800,良,未勝利,ヴァンゴッホ,カリブメーカー,American Pharoah,Imagine,エンパイアメーカー,カリブストーリー,Pioneerof the Nile,Littleprincessemma,Sadler's Wells,Doff the Derby,Unbridled,Toussaud,アグネスタキオン,カリブレディ,エンパイアメーカー,Star of Goshen,Yankee Gentleman,Exclusive Rosette,Northern Dancer,Fairy Bridge,Master Derby,Margarethen,Fappiano,Gana Facil,El Gran Senor,Image of Reality,サンデーサイレンス,アグネスフローラ,Sadler's Wells,Belle Passe,Unbridled,Toussaud,Lord at War,Castle Eight,Storm Cat,Key Phrase,Ecliptical,Zetta Jet,Nearctic,Natalma,Bold Reason,Special,ダストコマンダー,Madam Jerry,Tulyar,Russ-Marie,Mr. Prospector,Killaloe,Le Fabuleux,Charedi,Northern Dancer,Sex Appeal,In Reality,Edee's Image,Halo,Wishing Well,ロイヤルスキー,アグネスレディー,Northern Dancer,Fairy Bridge,Be My Guest,Passing Fancy
202609010203,6,ダート,1800,良,未勝利,デクラレーションオブウォー,リンネ,War Front,Tempo West,ワイルドラッシュ,ペケジェイ,Danzig,Starry Dreamer,Rahy,Tempo,Wild Again,Rose Park,Tiznow,スイートテイスト,Northern Dancer,Pas de Nom,Rubiano,Lara's Star,Blushing Groom,Glorious Song,Gone West,Terpsichorist,Icecapade,Bushel-n-Peck,Plugged Nickle,Hardship,Cee's Tizzy,Cee's Song,Salt Lake,Say What You Mean,Nearctic,Natalma,Admiral's Voyage,Petitioner,Fappiano,Ruby Slippers,Forli,True Reality,Red God,Runaway Bride,Halo,Ballade,Mr. Prospector,Secrettame,Nijinsky,Glad Rags,Nearctic,Shenanigans,Khaled,Dama,Key to the Mint,Toll Booth,Drone,Hard and Fast,Relaunch,テイズリー,Seattle Song,Lonely Dancer,Deputy Minister,Take Lady Anne,ジャッジャー,Call the Queen
202609010203,7,ダート,1800,良,未勝利,ナダル,リャスナ,Blame,Ascending Angel,ディープインパクト,ココシュニック,Arch,Liable,Pulpit,Solar Colony,サンデーサイレンス,ウインドインハーヘア,クロフネ,ゴールドティアラ,Kris S.,Aurora,Seeking the Gold,Bound,A.P. Indy,Preach,Pleasant Colony,Meteor Stage,Halo,Wishing Well,Alzao,Burghclere,フレンチデピュティ,ブルーアヴェニュー,Seeking the Gold,Bright Tiara,Roberto,Sharp Queen,Danzig,Althea,Mr. Prospector,Con Game,Nijinsky,Special,Seattle Slew,Weekend Surprise,Mr. Prospector,Narrate,His Majesty,Sun Colony,Stage Door Johnny,Northern Meteor,Hail to Reason,Cosmah,Understanding,Mountain Flower,Lyphard,Lady Rebecca,Busted,Highclere,Deputy Minister,Mitterand,Classic Go Go,Eliza Blue,Mr. Prospector,Con Game,Chief's Crown,Expressive Dance
202609010203,8,ダート,1800,良,未勝利,サトノダイヤモンド,タケノローマン,ディープインパクト,マルペンサ,キングカメハメハ,ストーミーウェザー,サンデーサイレンス,ウインドインハーヘア,Orpen,Marsella,Kingmambo,マンファス,Storm Cat,Bay Harbor,Halo,Wishing Well,Alzao,Burghclere,Lure,Bonita Francita,サザンヘイロー,Riviere,Mr. Prospector,Miesque,ラストタイクーン,Pilot Bird,Storm Bird,Terlingua,フォーティナイナー,Harbor Springs,Hail to Reason,Cosmah,Understanding,Mountain Flower,Lyphard,Lady Rebecca,Busted,Highclere,Danzig,Endear,Devil's Bag,Raise the Standard,Halo,Northern Sea,Logical,Talonada,Raise a Native,Gold Digger,Nureyev,Pasadoble,トライマイベスト,Mill Princess,Blakeney,The Dancer,Northern Dancer,South Ocean,Secretariat,Crimson Saint,Mr. Prospector,File,Vice Regent,Tinnitus
202609010203,9,ダート,1800,良,未勝利,サトノアラジン,ダウンタウンガール,ディープインパクト,マジックストーム,City Zip,Beautiful Moment,サンデーサイレンス,ウインドインハーヘア,Storm Cat,Foppy Dancer,Carson City,Baby Zip,Crusader Sword,Proud Minstrel,Halo,Wishing Well,Alzao,Burghclere,Storm Bird,Terlingua,Fappiano,Water Dance,Mr. Prospector,Blushing Promise,Relaunch,Thirty Zip,Damascus,Copernica,Proud Birdie,Minstrel Lady,Hail to Reason,Cosmah,Understanding,Mountain Flower,Lyphard,Lady Rebecca,Busted,Highclere,Northern Dancer,South Ocean,Secretariat,Crimson Saint,Mr. Prospector,Killaloe,Nijinsky,Luiana,Raise a Native,Gold Digger,Blushing Groom,Summertime Promise,In Reality,Foggy Note,Tri Jet,Sailaway,Sword Dancer,Kerala,Nijinsky,Copper Canyon,Proud Clarion,Bernie Bird,Poona,Tiny Wonder
202609010203,10,ダート,1800,良,未勝利,トビーズコーナー,シーホース,Bellamy Road,Brandon's Ride,キングヘイロー,フレンチドール,Concerto,Hurry Home Hillary,Mister Frisky,Mrs. Bumble,ダンシングブレーヴ,グッバイヘイロー,フレンチデピュティ,ワルツダンサー,Chief's Crown,Undeniably,Deputed Testamony,Ten Cents a Turn,Marsayas,Frisky Flyer,Restivo,Bumble,Lyphard,Navajo Princess,Halo,Pound Foolish,Deputy Minister,Mitterand,サンデーサイレンス,ウィシングフォーアスター,Danzig,Six Crowns,In Reality,Past Forgetting,Traffic Cop,Proof Requested,Cozzene,Rub al Khali,Damascus,Extra Place,Highest Tide,Eager Nymph,Restless Native,Jaffa,Poker,Distant Scene,Northern Dancer,Goofed,Drone,Olmec,Hail to Reason,Cosmah,Sir Ivor,Squander,Vice Regent,Mint Copy,Hold Your Peace,Laredo Lass,Halo,Wishing Well,Mr. Prospector,Barbs Dancer
202609010203,11,ダート,1800,良,未勝利,クリソベリル,ミコブラック,ゴールドアリュール,クリソプレーズ,パイロ,ペニーブラック,サンデーサイレンス,ニキーヤ,エルコンドルパサー,キャサリーンパー,Pulpit,Wild Vision,Redoute's Choice,ジェイズミラクル,Halo,Wishing Well,Nureyev,Reluctant Guest,Kingmambo,サドラーズギャル,Riverman,Regal Exception,A.P. Indy,Preach,Wild Again,Carol's Wonder,デインヒル,Shantha's Choice,フジキセキ,アサーション,Hail to Reason,Cosmah,Understanding,Mountain Flower,Northern Dancer,Special,Hostage,Vaguely Royal,Mr. Prospector,Miesque,Sadler's Wells,Glenveagh,Never Bend,River Lady,Ribot,Rajput Princess,Seattle Slew,Weekend Surprise,Mr. Prospector,Narrate,Icecapade,Bushel-n-Peck,Pass the Tab,Carols Christmas,Danzig,Razyana,Canny Lad,Dancing Show,サンデーサイレンス,ミルレーサー,Assert,Yes Please
202609010204,1,ダート,1400,良,新馬,ナダル,エイコオウイング,Blame,Ascending Angel,アフリート,ホクトブルーバード,Arch,Liable,Pulpit,Solar Colony,Mr. Prospector,Polite Lady,アサティス,ホクトフローラ,Kris S.,Aurora,Seeking the Gold,Bound,A.P. Indy,Preach,Pleasant Colony,Meteor Stage,Raise a Native,Gold Digger,Venetian Jester,Friendly Ways,Topsider,Secret Asset,テュデナム,アローマーメイド,Roberto,Sharp Queen,Danzig,Althea,Mr. Prospector,Con Game,Nijinsky,Special,Seattle Slew,Weekend Surprise,Mr. Prospector,Narrate,His Majesty,Sun Colony,Stage Door Johnny,Northern Meteor,Native Dancer,Raise You,Nashua,Sequence,Tom Fool,Venice,Green Ticket,Ways to Learn,Northern Dancer,Drumtop,Graustark,Numbered Account,Tudor Melody,Heath Rose,アローエクスプレス,ミモザ
202609010204,2,ダート,1400,良,新馬,ナダル,ステイウィズアンナ,Blame,Ascending Angel,ステイゴールド,アンナモンダ,Arch,Liable,Pulpit,Solar Colony,サンデーサイレンス,ゴールデンサッシュ,Monsun,Anna of Kiev,Kris S.,Aurora,Seeking the Gold,Bound,A.P. Indy,Preach,Pleasant Colony,Meteor Stage,Halo,Wishing Well,ディクタス,ダイナサッシュ,Konigsstuhl,Mosella,Salse,Anna Matrushka,Roberto,Sharp Queen,Danzig,Althea,Mr. Prospector,Con Game,Nijinsky,Special,Seattle Slew,Weekend Surprise,Mr. Prospector,Narrate,His Majesty,Sun Colony,Stage Door Johnny,Northern Meteor,Hail to Reason,Cosmah,Understanding,Mountain Flower,Sanctus,Doronic,ノーザンテースト,ロイヤルサッシュ,Dschingis Khan,Konigskronung,Surumu,Monasia,Topsider,Carnival Princess,Mill Reef,Anna Paola
202609010204,3,ダート,1400,良,新馬,シルバーステート,フェットデメール,ディープインパクト,シルヴァースカヤ,エピファネイア,ディアデラマドレ,サンデーサイレンス,ウインドインハーヘア,Silver Hawk,Boubskaia,シンボリクリスエス,シーザリオ,キングカメハメハ,ディアデラノビア,Halo,Wishing Well,Alzao,Burghclere,Roberto,Gris Vitesse,Niniski,Frenetique,Kris S.,Tee Kay,スペシャルウィーク,キロフプリミエール,Kingmambo,マンファス,サンデーサイレンス,ポトリザリス,Hail to Reason,Cosmah,Understanding,Mountain Flower,Lyphard,Lady Rebecca,Busted,Highclere,Hail to Reason,Bramalea,Amerigo,Matchiche,Nijinsky,Virginia Hills,Tyrant,Femina,Roberto,Sharp Queen,Gold Meridian,Tri Argo,サンデーサイレンス,キャンペンガール,Sadler's Wells,Querida,Mr. Prospector,Miesque,ラストタイクーン,Pilot Bird,Halo,Wishing Well,Potrillazo,Chaldee
202609010204,4,ダート,1400,良,新馬,シャンハイボビー,スマートスピカ,Harlan's Holiday,Steelin',キングカメハメハ,ショウナンガッド,Harlan,Christmas in Aiken,Orientate,Steel Band,Kingmambo,マンファス,フジキセキ,シャンラン,Storm Cat,Country Romance,Affirmed,Dowager,Mt. Livermore,Dream Team,Carson City,ウェディングバンド,Mr. Prospector,Miesque,ラストタイクーン,Pilot Bird,サンデーサイレンス,ミルレーサー,Great Commotion,Down the Line,Storm Bird,Terlingua,Halo,Sweet Romance,Exclusive Native,Won't Tell You,Honest Pleasure,Princessnesian,Blushing Groom,Flama Ardiente,Cox's Ridge,Likely Double,Mr. Prospector,Blushing Promise,Mighty Appealing,Ring of Steel,Raise a Native,Gold Digger,Nureyev,Pasadoble,トライマイベスト,Mill Princess,Blakeney,The Dancer,Halo,Wishing Well,Le Fabuleux,Marston's Mill,Nureyev,Alathea,Brigadier Gerard,Sizzler
202609010204,5,ダート,1400,良,新馬,フォーウィールドライブ,バトルムーングロウ,American Pharoah,Funfair,アドマイヤムーン,ポリリズム,Pioneerof the Nile,Littleprincessemma,More Than Ready,Fleuron,エンドスウィープ,マイケイティーズ,バチアー,スプリットザナイト,エンパイアメーカー,Star of Goshen,Yankee Gentleman,Exclusive Rosette,サザンヘイロー,Woodman's Girl,Distant View,Flamboyance,フォーティナイナー,Broom Dance,サンデーサイレンス,ケイティーズファースト,Desert Style,Morning Welcome,トニービン,サウンド,Unbridled,Toussaud,Lord at War,Castle Eight,Storm Cat,Key Phrase,Ecliptical,Zetta Jet,Halo,Northern Sea,Woodman,Becky Be Good,Mr. Prospector,Seven Springs,Zilzal,Bridal Wreath,Mr. Prospector,File,Dance Spell,Witching Hour,Halo,Wishing Well,Kris,Katies,Green Desert,Organza,Be My Guest,Dawn Is Breaking,カンパラ,Severn Bridge,Danzig,Din
202609010204,6,ダート,1400,良,新馬,クリソベリル,ゴールウェイ,ゴールドアリュール,クリソプレーズ,フサイチコンコルド,メジロシルエット,サンデーサイレンス,ニキーヤ,エルコンドルパサー,キャサリーンパー,Caerleon,バレークイーン,メジロライアン,メジロアンジュ,Halo,Wishing Well,Nureyev,Reluctant Guest,Kingmambo,サドラーズギャル,Riverman,Regal Exception,Nijinsky,Foreseer,Sadler's Wells,Sun Princess,アンバーシャダイ,メジロチェイサー,リアルシャダイ,メジロエマ,Hail to Reason,Cosmah,Understanding,Mountain Flower,Northern Dancer,Special,Hostage,Vaguely Royal,Mr. Prospector,Miesque,Sadler's Wells,Glenveagh,Never Bend,River Lady,Ribot,Rajput Princess,Northern Dancer,Flaming Page,Round Table,Regal Gleam,Northern Dancer,Fairy Bridge,イングリッシュプリンス,Sunny Valley,ノーザンテースト,クリアアンバー,メジロサンマン,シエリル,Roberto,Desert Vixen,モガミ,アマゾンウォリアー
202609010204,7,ダート,1400,良,新馬,レイデオロ,エバーミランダ,キングカメハメハ,ラドラーダ,ディープインパクト,シリアスアティテュード,Kingmambo,マンファス,シンボリクリスエス,レディブロンド,サンデーサイレンス,ウインドインハーヘア,Mtoto,ザミリア,Mr. Prospector,Miesque,ラストタイクーン,Pilot Bird,Kris S.,Tee Kay,Seeking the Gold,ウインドインハーヘア,Halo,Wishing Well,Alzao,Burghclere,Busted,Amazer,Cape Cross,Angelic Sounds,Raise a Native,Gold Digger,Nureyev,Pasadoble,トライマイベスト,Mill Princess,Blakeney,The Dancer,Roberto,Sharp Queen,Gold Meridian,Tri Argo,Mr. Prospector,Con Game,Alzao,Burghclere,Hail to Reason,Cosmah,Understanding,Mountain Flower,Lyphard,Lady Rebecca,Busted,Highclere,Crepello,Sans le Sou,ミンシオ,Alzara,Green Desert,Park Appeal,The Noble Player,Twany Angel
202609010204,8,ダート,1400,良,新馬,ニューイヤーズデイ,レッドカチューシャ,Street Cry,Justwhistledixie,ディープインパクト,デルモニコキャット,Machiavellian,Helen Street,Dixie Union,General Jeanne,サンデーサイレンス,ウインドインハーヘア,Storm Cat,Glass Ceiling,Mr. Prospector,Coup de Folie,Troy,Waterway,Dixieland Band,She's Tops,Honour and Glory,Ahpo Hel,Halo,Wishing Well,Alzao,Burghclere,Storm Bird,Terlingua,Pirate's Bounty,Forever Faithful,Raise a Native,Gold Digger,Halo,Raise the Standard,Petingo,La Milo,Riverman,Boulevard,Northern Dancer,Mississippi Mud,Capote,She's a Talent,Relaunch,Fair to All,Mr. Leader,Tiy,Hail to Reason,Cosmah,Understanding,Mountain Flower,Lyphard,Lady Rebecca,Busted,Highclere,Northern Dancer,South Ocean,Secretariat,Crimson Saint,Hoist the Flag,Bad Seed,ブレイヴェストローマン,Dawn Chorus
202609010204,9,ダート,1400,良,新馬,エスポワールシチー,ベルメーリャ,ゴールドアリュール,エミネントシチー,キングカメハメハ,フロムアップランド,サンデーサイレンス,ニキーヤ,ブライアンズタイム,ヘップバーンシチー,Kingmambo,マンファス,エリシオ,ハイランドトーク,Halo,Wishing Well,Nureyev,Reluctant Guest,Roberto,Kelley's Day,ブレイヴェストローマン,コンパルシチー,Mr. Prospector,Miesque,ラストタイクーン,Pilot Bird,Fairy King,Helice,Highland Park,Speaking of Sweets,Hail to Reason,Cosmah,Understanding,Mountain Flower,Northern Dancer,Special,Hostage,Vaguely Royal,Hail to Reason,Bramalea,Graustark,Golden Trail,Never Bend,Roman Song,トラフィック,リンネス,Raise a Native,Gold Digger,Nureyev,Pasadoble,トライマイベスト,Mill Princess,Blakeney,The Dancer,Northern Dancer,Fairy Bridge,Slewpy,Hirondelle,Raise a Native,Old Goat,Elocutionist,Rolltosweets
202609010204,10,ダート,1400,良,新馬,ヘンリーバローズ,タガノグリュック,ディープインパクト,シルヴァースカヤ,タガノロックオン,タガノハピネス,サンデーサイレンス,ウインドインハーヘア,Silver Hawk,Boubskaia,ロックオブジブラルタル,タガノチャーリーズ,タガノゲルニカ,タガノラフレシア,Halo,Wishing Well,Alzao,Burghclere,Roberto,Gris Vitesse,Niniski,Frenetique,デインヒル,Offshore Boom,Saint Ballado,Charlies Paradise,ブライアンズタイム,ブロードマラ,エリシオ,スプリンターキャット,Hail to Reason,Cosmah,Understanding,Mountain Flower,Lyphard,Lady Rebecca,Busted,Highclere,Hail to Reason,Bramalea,Amerigo,Matchiche,Nijinsky,Virginia Hills,Tyrant,Femina,Danzig,Razyana,Be My Guest,Push a Button,Halo,Ballade,Winrightt,Rajab's Treasure,Roberto,Kelley's Day,Thatching,アージ,Fairy King,Helice,Storm Cat,My Cherie Amour
202609010204,11,ダート,1400,良,新馬,モーリス,アヴィオール,スクリーンヒーロー,メジロフランシス,Redoute's Choice,ヴェルダ,グラスワンダー,ランニングヒロイン,カーネギー,メジロモントレー,デインヒル,Shantha's Choice,Observatory,Viavigoni,Silver Hawk,Ameriflora,サンデーサイレンス,ダイナアクトレス,Sadler's Wells,Detroit,モガミ,メジロクインシー,Danzig,Razyana,Canny Lad,Dancing Show,Distant View,Stellaria,Mark of Esteem,Val d'Erica,Roberto,Gris Vitesse,Danzig,Graceful Touch,Halo,Wishing Well,ノーザンテースト,モデルスポート,Northern Dancer,Fairy Bridge,Riverman,Derna,Lyphard,ノーラック,フィディオン,メジロボサツ,Northern Dancer,Pas de Nom,His Majesty,Spring Adieu,Bletchingly,Jesmond Lass,Nijinsky,Show Lady,Mr. Prospector,Seven Springs,Roberto,Victoria Star,Darshaan,Homage,Ashmore,Laconia
202609010204,12,ダート,1400,良,新馬,クリソベリル,ミヤジマミー,ゴールドアリュール,クリソプレーズ,ヴィクトワールピサ,シャイニンオーラ,サンデーサイレンス,ニキーヤ,エルコンドルパサー,キャサリーンパー,ネオユニヴァース,ホワイトウォーターアフェア,キングカメハメハ,シャイニンルビー,Halo,Wishing Well,Nureyev,Reluctant Guest,Kingmambo,サドラーズギャル,Riverman,Regal Exception,サンデーサイレンス,ポインテッドパス,Machiavellian,Much Too Risky,Kingmambo,マンファス,サンデーサイレンス,シャイニンレーサー,Hail to Reason,Cosmah,Understanding,Mountain Flower,Northern Dancer,Special,Hostage,Vaguely Royal,Mr. Prospector,Miesque,Sadler's Wells,Glenveagh,Never Bend,River Lady,Ribot,Rajput Princess,Halo,Wishing Well,Kris,Silken Way,Mr. Prospector,Coup de Folie,Bustino,Short Rations,Mr. Prospector,Miesque,ラストタイクーン,Pilot Bird,Halo,Wishing Well,ノーザンテースト,ミルレーサー
202609010204,13,ダート,1400,良,新馬,シルバーステート,タニオブフェーブル,ディープインパクト,シルヴァースカヤ,オルフェーヴル,サンタローズ,サンデーサイレンス,ウインドインハーヘア,Silver Hawk,Boubskaia,ステイゴールド,オリエンタルアート,パントレセレブル,ユキノローズ,Halo,Wishing Well,Alzao,Burghclere,Roberto,Gris Vitesse,Niniski,Frenetique,サンデーサイレンス,ゴールデンサッシュ,メジロマックイーン,エレクトロアート,Nureyev,Peinture Bleue,ミルジョージ,バンブーネラ,Hail to Reason,Cosmah,Understanding,Mountain Flower,Lyphard,Lady Rebecca,Busted,Highclere,Hail to Reason,Bramalea,Amerigo,Matchiche,Nijinsky,Virginia Hills,Tyrant,Femina,Halo,Wishing Well,ディクタス,ダイナサッシュ,メジロティターン,メジロオーロラ,ノーザンテースト,グランマスティーヴンス,Northern Dancer,Special,Alydar,Petroleuse,Mill Reef,Miss Charisma,ポリック,クインバンブー
202609010204,14,ダート,1400,良,新馬,サトノクラウン,サトノサンシャイン,Marju,ジョコンダ,ステイゴールド,ノーブルステラ,ラストタイクーン,Flame of Tara,Rossini,La Joconde,サンデーサイレンス,ゴールデンサッシュ,Monsun,Noble Pearl,トライマイベスト,Mill Princess,アーテイアス,Welsh Flame,Miswaki,Touch of Greatness,Vettori,Lust,Halo,Wishing Well,ディクタス,ダイナサッシュ,Konigsstuhl,Mosella,Dashing Blade,Noble Girl,Northern Dancer,Sex Appeal,Mill Reef,Irish Lass,Round Table,Stylish Pattern,Welsh Pageant,Electric Flash,Mr. Prospector,Hopespringseternal,Hero's Honor,Ivory Wand,Machiavellian,Air Distingue,Pursuit of Love,Pato,Hail to Reason,Cosmah,Understanding,Mountain Flower,Sanctus,Doronic,ノーザンテースト,ロイヤルサッシュ,Dschingis Khan,Konigskronung,Surumu,Monasia,Elegant Air,Sharp Castan,Esclavo,Novenka
202609010205,1,芝,2000,良,未勝利,キタサンブラック,グローバルビューティ,ブラックタイド,シュガーハート,Global Hunter,Kiwi Girl,サンデーサイレンス,ウインドインハーヘア,サクラバクシンオー,オトメゴコロ,ジェイドハンター,Griffe de Paris,ストラヴィンスキー,Starlyte Girl,Halo,Wishing Well,Alzao,Burghclere,サクラユタカオー,サクラハゴロモ,ジャッジアンジェルーチ,テイズリー,Mr. Prospector,Jadana,Telescopico,April In Paris,Nureyev,Fire the Groom,Fairy King,ブラッシングストーム,Hail to Reason,Cosmah,Understanding,Mountain Flower,Lyphard,Lady Rebecca,Busted,Highclere,テスコボーイ,アンジェリカ,ノーザンテースト,クリアアンバー,Honest Pleasure,Victorian Queen,Lyphard,Tizna,Raise a Native,Gold Digger,Pharly,Janina,Table Play,Filipina,Locris,Aptness,Northern Dancer,Special,Blushing Groom,Prospector's Fire,Northern Dancer,Fairy Bridge,Blushing Groom,ウイットワタースランド
202609010205,2,芝,2000,良,未勝利,コントレイル,ビューティフルストリート,ディープインパクト,ロードクロサイト,Street Cry,Sky Dreamer,サンデーサイレンス,ウインドインハーヘア,Unbridled's Song,Folklore,Machiavellian,Helen Street,Sky Mesa,To Dream About,Halo,Wishing Well,Alzao,Burghclere,Unbridled,Trolley Song,Tiznow,Contrive,Mr. Prospector,Coup de Folie,Troy,Waterway,Pulpit,Caress,Monarchos,Beautiful Pleasure,Hail to Reason,Cosmah,Understanding,Mountain Flower,Lyphard,Lady Rebecca,Busted,Highclere,Fappiano,Gana Facil,Caro,Lucky Spell,Cee's Tizzy,Cee's Song,Storm Cat,Jeano,Raise a Native,Gold Digger,Halo,Raise the Standard,Petingo,La Milo,Riverman,Boulevard,A.P. Indy,Preach,Storm Cat,La Affirmed,Maria's Mon,Regal Band,Maudlin,Beautiful Bid
202609010205,3,芝,2000,良,未勝利,サートゥルナーリア,オンディナドバイ,ロードカナロア,シーザリオ,E Dubai,Orquestada,キングカメハメハ,レディブラッサム,スペシャルウィーク,キロフプリミエール,Mr. Prospector,Words of War,Alphabet Soup,Mystical Kingdom,Kingmambo,マンファス,Storm Cat,サラトガデュー,サンデーサイレンス,キャンペンガール,Sadler's Wells,Querida,Raise a Native,Gold Digger,Lord at War,Right Word,Cozzene,Illiterate,Silver Hawk,Orca,Mr. Prospector,Miesque,ラストタイクーン,Pilot Bird,Storm Bird,Terlingua,Cormorant,Super Luna,Halo,Wishing Well,マルゼンスキー,レディーシラオキ,Northern Dancer,Fairy Bridge,Habitat,Principia,Native Dancer,Raise You,Nashua,Sequence,General,Luna de Miel,Verbatim,Oratorio,Caro,Ride the Trails,Arts and Letters,Laurel Mae,Roberto,Gris Vitesse,サザンヘイロー,Oh'Sun
202609010205,4,芝,2000,良,未勝利,キタサンブラック,デルマカトリーナ,ブラックタイド,シュガーハート,Ghostzapper,Ruthian,サンデーサイレンス,ウインドインハーヘア,サクラバクシンオー,オトメゴコロ,Awesome Again,Baby Zip,Rahy,Adoryphar,Halo,Wishing Well,Alzao,Burghclere,サクラユタカオー,サクラハゴロモ,ジャッジアンジェルーチ,テイズリー,Deputy Minister,Primal Force,Relaunch,Thirty Zip,Blushing Groom,Glorious Song,Lyphard,Adorable Micol,Hail to Reason,Cosmah,Understanding,Mountain Flower,Lyphard,Lady Rebecca,Busted,Highclere,テスコボーイ,アンジェリカ,ノーザンテースト,クリアアンバー,Honest Pleasure,Victorian Queen,Lyphard,Tizna,Vice Regent,Mint Copy,Blushing Groom,Prime Prospect,In Reality,Foggy Note,Tri Jet,Sailaway,Red God,Runaway Bride,Halo,Ballade,Northern Dancer,Goofed,Riverman,Turn to Me
202609010205,5,芝,2000,良,未勝利,フィエールマン,モルフェオルフェ,ディープインパクト,リュヌドール,オルフェーヴル,スマッシュ,サンデーサイレンス,ウインドインハーヘア,Green Tune,Luth d'Or,ステイゴールド,オリエンタルアート,キングカメハメハ,ロフティーエイム,Halo,Wishing Well,Alzao,Burghclere,Green Dancer,Soundings,Noir Et Or,Viole d'Amour,サンデーサイレンス,ゴールデンサッシュ,メジロマックイーン,エレクトロアート,Kingmambo,マンファス,サンデーサイレンス,ウィッチフルシンキング,Hail to Reason,Cosmah,Understanding,Mountain Flower,Lyphard,Lady Rebecca,Busted,Highclere,Nijinsky,Green Valley,Mr. Prospector,Ocean's Answer,ラインゴールド,Pomme Rose,Luthier,Mandolinette,Halo,Wishing Well,ディクタス,ダイナサッシュ,メジロティターン,メジロオーロラ,ノーザンテースト,グランマスティーヴンス,Mr. Prospector,Miesque,ラストタイクーン,Pilot Bird,Halo,Wishing Well,Lord Avie,Halloween Joy
202609010205,6,芝,2000,良,未勝利,キタサンブラック,セルフプリザヴェーション,ブラックタイド,シュガーハート,Lion Heart,Saintly Speaking,サンデーサイレンス,ウインドインハーヘア,サクラバクシンオー,オトメゴコロ,Tale of the Cat,Satin Sunrise,ダハール,Saintly,Halo,Wishing Well,Alzao,Burghclere,サクラユタカオー,サクラハゴロモ,ジャッジアンジェルーチ,テイズリー,Storm Cat,Yarn,Mr. Leader,Logic,Lyphard,Dahlia,King's Bishop,Holy Terror,Hail to Reason,Cosmah,Understanding,Mountain Flower,Lyphard,Lady Rebecca,Busted,Highclere,テスコボーイ,アンジェリカ,ノーザンテースト,クリアアンバー,Honest Pleasure,Victorian Queen,Lyphard,Tizna,Storm Bird,Terlingua,Mr. Prospector,Narrate,Hail to Reason,Jolie Deja,Naskra,Bactu Reason,Northern Dancer,Goofed,Vaguely Noble,Charming Alibi,Round Table,Spearfish,Ambehaving,Venomous
202609010205,7,芝,2000,良,未勝利,カリフォルニアクローム,レインドロップス,Lucky Pulpit,Love the Chase,ロードカナロア,ティアドロップス,Pulpit,Lucky Soph,Not for Love,Chase It Down,キングカメハメハ,レディブラッサム,サンデーサイレンス,パイナップルスター,A.P. Indy,Preach,Cozzene,Lucky Spell,Mr. Prospector,Dance Number,Polish Numbers,Chase the Dream,Kingmambo,マンファス,Storm Cat,サラトガデュー,Halo,Wishing Well,ニホンピロウイナー,ダイナスワップス,Seattle Slew,Weekend Surprise,Mr. Prospector,Narrate,Caro,Ride the Trails,Lucky Mel,Incantation,Raise a Native,Gold Digger,Northern Dancer,Numbered Account,Danzig,Numbered Account,Sir Ivor,La Belle Fleur,Mr. Prospector,Miesque,ラストタイクーン,Pilot Bird,Storm Bird,Terlingua,Cormorant,Super Luna,Hail to Reason,Cosmah,Understanding,Mountain Flower,スティールハート,ニホンピロエバート,ノーザンテースト,サニースワップス
202609010205,8,芝,2000,良,未勝利,サートゥルナーリア,ブルーイリュージョン,ロードカナロア,シーザリオ,Dubawi,Blue Bunting,キングカメハメハ,レディブラッサム,スペシャルウィーク,キロフプリミエール,Dubai Millennium,Zomaradah,Dynaformer,Miarixa,Kingmambo,マンファス,Storm Cat,サラトガデュー,サンデーサイレンス,キャンペンガール,Sadler's Wells,Querida,Seeking the Gold,Colorado Dancer,Deploy,Jawaher,Roberto,Andover Way,Linamix,Mrs Arkada,Mr. Prospector,Miesque,ラストタイクーン,Pilot Bird,Storm Bird,Terlingua,Cormorant,Super Luna,Halo,Wishing Well,マルゼンスキー,レディーシラオキ,Northern Dancer,Fairy Bridge,Habitat,Principia,Mr. Prospector,Con Game,Shareef Dancer,Fall Aspen,Shirley Heights,Slightly Dangerous,ダンシングブレーヴ,High Tern,Hail to Reason,Bramalea,His Majesty,On the Trail,メンデス,Lunadix,Akarad,Mrs Annie
202609010205,9,芝,2000,良,未勝利,コントレイル,コンクエストハーラネイト,ディープインパクト,ロードクロサイト,Harlan's Holiday,Allison's Pride,サンデーサイレンス,ウインドインハーヘア,Unbridled's Song,Folklore,Harlan,Christmas in Aiken,Dixieland Band,Mrs. Highness,Halo,Wishing Well,Alzao,Burghclere,Unbridled,Trolley Song,Tiznow,Contrive,Storm Cat,Country Romance,Affirmed,Dowager,Northern Dancer,Mississippi Mud,Alydar,Famed Princess,Hail to Reason,Cosmah,Understanding,Mountain Flower,Lyphard,Lady Rebecca,Busted,Highclere,Fappiano,Gana Facil,Caro,Lucky Spell,Cee's Tizzy,Cee's Song,Storm Cat,Jeano,Storm Bird,Terlingua,Halo,Sweet Romance,Exclusive Native,Won't Tell You,Honest Pleasure,Princessnesian,Nearctic,Natalma,Delta Judge,Sand Buggy,Raise a Native,Sweet Tooth,Nashua,Copper Princess
202609010205,10,芝,2000,良,未勝利,ラブリーデイ,フェリーチェ,キングカメハメハ,ポップコーンジャズ,モンテロッソ,タイキキララ,Kingmambo,マンファス,ダンスインザダーク,グレイスルーマー,Dubawi,Porto Roca,キングヘイロー,タイキステラ,Mr. Prospector,Miesque,ラストタイクーン,Pilot Bird,サンデーサイレンス,ダンシングキイ,トニービン,ディスクジョッキー,Dubai Millennium,Zomaradah,Barathea,Antelliere,ダンシングブレーヴ,グッバイヘイロー,Miswaki,ロイヤルブライド,Raise a Native,Gold Digger,Nureyev,Pasadoble,トライマイベスト,Mill Princess,Blakeney,The Dancer,Halo,Wishing Well,Nijinsky,Key Partner,カンパラ,Severn Bridge,リアルシャダイ,シャダイチャッター,Seeking the Gold,Colorado Dancer,Deploy,Jawaher,Sadler's Wells,Brocade,Salieri,Anntelle,Lyphard,Navajo Princess,Halo,Pound Foolish,Mr. Prospector,Hopespringseternal,Blushing Groom,ロイコン
202609010205,11,芝,2000,良,未勝利,ダノンバラード,メイショウユウスゲ,ディープインパクト,レディバラード,マジェスティックウォリアー,ブラックティー,サンデーサイレンス,ウインドインハーヘア,Unbridled,Angelic Song,A.P. Indy,Dream Supreme,チーフベアハート,チャップ,Halo,Wishing Well,Alzao,Burghclere,Fappiano,Gana Facil,Halo,Ballade,Seattle Slew,Weekend Surprise,Seeking the Gold,Spinning Round,Chief's Crown,Amelia Bearhart,ダンシングブレーヴ,セナリオ,Hail to Reason,Cosmah,Understanding,Mountain Flower,Lyphard,Lady Rebecca,Busted,Highclere,Mr. Prospector,Killaloe,Le Fabuleux,Charedi,Hail to Reason,Cosmah,Herbager,Miss Swapsco,Bold Reasoning,My Charmer,Secretariat,Lassie Dear,Mr. Prospector,Con Game,Dixieland Band,Take Heart,Danzig,Six Crowns,Bold Hour,Myrtlewood Lass,Lyphard,Navajo Princess,フォーティナイナー,Recital
202609010205,12,芝,2000,良,未勝利,キズナ,スプリンググローリー,ディープインパクト,キャットクイル,Manipulator,Southern Glory,サンデーサイレンス,ウインドインハーヘア,Storm Cat,Pacific Princess,Unbridled,Inside Information,Honour and Glory,Southern Spring,Halo,Wishing Well,Alzao,Burghclere,Storm Bird,Terlingua,Damascus,Fiji,Fappiano,Gana Facil,Private Account,Pure Profit,Relaunch,Fair to All,サザンヘイロー,Spring Light,Hail to Reason,Cosmah,Understanding,Mountain Flower,Lyphard,Lady Rebecca,Busted,Highclere,Northern Dancer,South Ocean,Secretariat,Crimson Saint,Sword Dancer,Kerala,Acropolis,Rififi,Mr. Prospector,Killaloe,Le Fabuleux,Charedi,Damascus,Numbered Account,Key to the Mint,Clear Ceiling,In Reality,Foggy Note,Al Nasr,Gonfalon,Halo,Northern Sea,More Light,Song of Spring
202609010205,13,芝,2000,良,未勝利,タリスマニック,エリーフェアリー,Medaglia d'Oro,Magic Mission,アルデバラン,キセキスティール,El Prado,Cappucino Bay,Machiavellian,Dream Ticket,Mr. Prospector,Chimes of Freedom,フジキセキ,シンワスティール,Sadler's Wells,Lady Capulet,Bailjumper,Dubbed In,Mr. Prospector,Coup de Folie,Danzig,Capo Di Monte,Raise a Native,Gold Digger,Private Account,Aviance,サンデーサイレンス,ミルレーサー,クリスタルグリッターズ,ベストスティール,Northern Dancer,Fairy Bridge,Sir Ivor,Cap and Bells,Damascus,Court Circuit,Silent Screen,Society Singer,Raise a Native,Gold Digger,Halo,Raise the Standard,Northern Dancer,Pas de Nom,Final Straw,Burghclere,Native Dancer,Raise You,Nashua,Sequence,Damascus,Numbered Account,Northfields,Minnie Hauk,Halo,Wishing Well,Le Fabuleux,Marston's Mill,Blushing Groom,Tales to Tell,スティールハート,エチゼンシプリア
202609010206,1,ダート,1400,良,1勝クラス,エスポワールシチー,メイショウコゴミ,ゴールドアリュール,エミネントシチー,クロフネ,メイショウユウダチ,サンデーサイレンス,ニキーヤ,ブライアンズタイム,ヘップバーンシチー,フレンチデピュティ,ブルーアヴェニュー,メイショウボーラー,メイショウスコール,Halo,Wishing Well,Nureyev,Reluctant Guest,Roberto,Kelley's Day,ブレイヴェストローマン,コンパルシチー,Deputy Minister,Mitterand,Classic Go Go,Eliza Blue,タイキシャトル,ナイスレイズ,メイショウオウドウ,メイショウアヤメ,Hail to Reason,Cosmah,Understanding,Mountain Flower,Northern Dancer,Special,Hostage,Vaguely Royal,Hail to Reason,Bramalea,Graustark,Golden Trail,Never Bend,Roman Song,トラフィック,リンネス,Vice Regent,Mint Copy,Hold Your Peace,Laredo Lass,Pago Pago,Classic Perfection,Icecapade,コレラ,Devil's Bag,ウェルシュマフィン,Storm Cat,Nice Tradition,サンデーサイレンス,アルタデナ,ジェイドロバリー,ウイルムーン
202609010206,2,ダート,1400,良,1勝クラス,ミスチヴィアスアレックス,ヒルノケアンズ,Into Mischief,White Pants Night,ハーツクライ,スルーザシーズン,Harlan's Holiday,Leslie's Lady,Speightstown,More d'Amour,サンデーサイレンス,アイリッシュダンス,スキャン,ビクトリーマッハ,Harlan,Christmas in Aiken,Tricky Creek,Crystal Lady,Gone West,Silken Cat,Tour d'Or,Love Connection,Halo,Wishing Well,トニービン,ビューパーダンス,Mr. Prospector,Video,バンブーアトラス,ワンスウエド,Storm Cat,Country Romance,Affirmed,Dowager,Clever Trick,Battle Creek Girl,Stop the Music,One Last Bird,Mr. Prospector,Secrettame,Storm Cat,Silken Doll,Medaille d'Or,Debby's Turn,Master Derby,Perfect Connection,Hail to Reason,Cosmah,Understanding,Mountain Flower,カンパラ,Severn Bridge,Lyphard,My Bupers,Raise a Native,Gold Digger,Nijinsky,Foreseer,ジムフレンチ,バンブーシザラ,Blushing Groom,Noura
202609010206,3,ダート,1400,良,1勝クラス,ミスチヴィアスアレックス,レディギャング,Into Mischief,White Pants Night,クロフネ,ギガンティア,Harlan's Holiday,Leslie's Lady,Speightstown,More d'Amour,フレンチデピュティ,ブルーアヴェニュー,Fusaichi Pegasus,ベストブート,Harlan,Christmas in Aiken,Tricky Creek,Crystal Lady,Gone West,Silken Cat,Tour d'Or,Love Connection,Deputy Minister,Mitterand,Classic Go Go,Eliza Blue,Mr. Prospector,Angel Fever,Storm Boot,Bright Tiara,Storm Cat,Country Romance,Affirmed,Dowager,Clever Trick,Battle Creek Girl,Stop the Music,One Last Bird,Mr. Prospector,Secrettame,Storm Cat,Silken Doll,Medaille d'Or,Debby's Turn,Master Derby,Perfect Connection,Vice Regent,Mint Copy,Hold Your Peace,Laredo Lass,Pago Pago,Classic Perfection,Icecapade,コレラ,Raise a Native,Gold Digger,Danzig,Rowdy Angel,Storm Cat,Aliata,Chief's Crown,Expressive Dance
202609010206,4,ダート,1400,良,1勝クラス,ミスチヴィアスアレックス,プルメリアミコ,Into Mischief,White Pants Night,ケイムホーム,ミコノス,Harlan's Holiday,Leslie's Lady,Speightstown,More d'Amour,Gone West,Nice Assay,With Approval,リベラノ,Harlan,Christmas in Aiken,Tricky Creek,Crystal Lady,Gone West,Silken Cat,Tour d'Or,Love Connection,Mr. Prospector,Secrettame,Clever Trick,インフルヴユー,Caro,Passing Mood,Rubiano,Skillful Joy,Storm Cat,Country Romance,Affirmed,Dowager,Clever Trick,Battle Creek Girl,Stop the Music,One Last Bird,Mr. Prospector,Secrettame,Storm Cat,Silken Doll,Medaille d'Or,Debby's Turn,Master Derby,Perfect Connection,Raise a Native,Gold Digger,Secretariat,Tamerett,Icecapade,Kankakee Miss,Full Out,Turn n'See,フォルティノ,Chambord,Buckpasser,Cool Mood,Fappiano,Ruby Slippers,Nodouble,Skillful Miss
202609010206,5,ダート,1400,良,1勝クラス,タワーオブロンドン,ショレアドルチェ,Raven's Pass,スノーパイン,ドゥラメンテ,サトノアスカ,Elusive Quality,Ascutney,Dalakhani,シンコウエルメス,キングカメハメハ,アドマイヤグルーヴ,Giant's Causeway,ベルアリュール,Gone West,Touch of Greatness,Lord at War,Right Word,Darshaan,Daltawa,Sadler's Wells,Doff the Derby,Kingmambo,マンファス,サンデーサイレンス,エアグルーヴ,Storm Cat,Mariah's Storm,Numerous,Mare Aux Fees,Mr. Prospector,Secrettame,Hero's Honor,Ivory Wand,General,Luna de Miel,Verbatim,Oratorio,Shirley Heights,Delsy,Miswaki,Damana,Northern Dancer,Fairy Bridge,Master Derby,Margarethen,Mr. Prospector,Miesque,ラストタイクーン,Pilot Bird,Halo,Wishing Well,トニービン,ダイナカール,Storm Bird,Terlingua,Rahy,イメンス,Mr. Prospector,Number,Kenmare,Feerie Boreale
202609010206,6,ダート,1400,良,1勝クラス,レイデオロ,ゴールデンフレアー,キングカメハメハ,ラドラーダ,Medaglia d'Oro,Fire the Groom,Kingmambo,マンファス,シンボリクリスエス,レディブロンド,El Prado,Cappucino Bay,Blushing Groom,Prospector's Fire,Mr. Prospector,Miesque,ラストタイクーン,Pilot Bird,Kris S.,Tee Kay,Seeking the Gold,ウインドインハーヘア,Sadler's Wells,Lady Capulet,Bailjumper,Dubbed In,Red God,Runaway Bride,Mr. Prospector,Native Street,Raise a Native,Gold Digger,Nureyev,Pasadoble,トライマイベスト,Mill Princess,Blakeney,The Dancer,Roberto,Sharp Queen,Gold Meridian,Tri Argo,Mr. Prospector,Con Game,Alzao,Burghclere,Northern Dancer,Fairy Bridge,Sir Ivor,Cap and Bells,Damascus,Court Circuit,Silent Screen,Society Singer,Nasrullah,Spring Run,Wild Risk,Aimee,Raise a Native,Gold Digger,Native Dancer,Beaver Street
202609010206,7,ダート,1400,良,1勝クラス,フィレンツェファイア,グラスルノン,Poseidon's Warrior,My Every Wish,フレンチデピュティ,グラスブロード,Speightstown,Poised to Pounce,Langfuhr,Mille Lacs,Deputy Minister,Mitterand,Fusaichi Pegasus,Magic Broad,Gone West,Silken Cat,Smarten,Lady Lyndy,Danzig,Sweet Briar Too,Unbridled,With Every Wish,Vice Regent,Mint Copy,Hold Your Peace,Laredo Lass,Mr. Prospector,Angel Fever,Broad Brush,Illeria,Mr. Prospector,Secrettame,Storm Cat,Silken Doll,Cyane,Smartaire,Bold Favorite,Counterflight,Northern Dancer,Pas de Nom,Briartic,Prima Babu Gum,Fappiano,Gana Facil,Lear Fan,Amo,Northern Dancer,Victoria Regina,Bunty's Flight,Shakney,Speak John,Blue Moon,Bold Ruler,Fortunate Isle,Raise a Native,Gold Digger,Danzig,Rowdy Angel,Ack Ack,Hay Patcher,Stop the Music,Baldski's Holiday
202609010206,8,ダート,1400,良,1勝クラス,パイロ,スピリットレイク,Pulpit,Wild Vision,Invincible Spirit,アクアリスト,A.P. Indy,Preach,Wild Again,Carol's Wonder,Green Desert,Rafha,コロナドズクエスト,Oyster Catcher,Seattle Slew,Weekend Surprise,Mr. Prospector,Narrate,Icecapade,Bushel-n-Peck,Pass the Tab,Carols Christmas,Danzig,Foreign Courier,Kris,Eljazzi,フォーティナイナー,Laughing Look,Bluebird,Brigid,Bold Reasoning,My Charmer,Secretariat,Lassie Dear,Raise a Native,Gold Digger,Honest Pleasure,State,Nearctic,Shenanigans,Khaled,Dama,Al Hattab,Dantina,Whitesburg,Light Verse,Northern Dancer,Pas de Nom,Sir Ivor,Courtly Dee,Sharpen Up,Doubly Sure,アーテイアス,Border Bounty,Mr. Prospector,File,Damascus,Laughter,Storm Bird,Ivory Dawn,Irish River,Luv Luvin'
202609010206,9,ダート,1400,良,1勝クラス,ナダル,ハルサンサン,Blame,Ascending Angel,サウスヴィグラス,ハルワカ,Arch,Liable,Pulpit,Solar Colony,エンドスウィープ,ダーケストスター,ワカオライデン,ホリワカ,Kris S.,Aurora,Seeking the Gold,Bound,A.P. Indy,Preach,Pleasant Colony,Meteor Stage,フォーティナイナー,Broom Dance,Star de Naskra,Minnie Riperton,ロイヤルスキー,オキワカ,ホリスキー,ダスシェーネ,Roberto,Sharp Queen,Danzig,Althea,Mr. Prospector,Con Game,Nijinsky,Special,Seattle Slew,Weekend Surprise,Mr. Prospector,Narrate,His Majesty,Sun Colony,Stage Door Johnny,Northern Meteor,Mr. Prospector,File,Dance Spell,Witching Hour,Naskra,Candle Star,Cornish Prince,English Harbor,Raja Baba,Coz o'Nijinsky,リマンド,ワカクモ,マルゼンスキー,オキノバンダ,ボールドリック,イチワカ
202609010206,10,ダート,1400,良,1勝クラス,Beau Liam,Mistress of Evil,Liam's Map,Belle of Perintown,Frosted,Laquesta,Unbridled's Song,Miss Macy Sue,デヒア,Hot Match,Tapit,Fast Cookie,Lemon Drop Kid,Country Cafe,Unbridled,Trolley Song,Trippi,Yada Yada,Deputy Minister,Sister Dot,Mr. Prospector,Jeanne Jones,Pulpit,Tap Your Heels,Deputy Minister,Fleet Lady,Kingmambo,Charming Lassie,Lion Heart,Pretty 'n Smart,Fappiano,Gana Facil,Caro,Lucky Spell,エンドスウィープ,Jealous Appeal,Great Above,Stem,Vice Regent,Mint Copy,Secretariat,Sword Game,Raise a Native,Gold Digger,Nijinsky,Beautiful Glass,A.P. Indy,Preach,Unbridled,Ruby Slippers,Vice Regent,Mint Copy,Avenue of Flags,ディアーミミ,Mr. Prospector,Miesque,Seattle Slew,Lassie Dear,Tale of the Cat,Satin Sunrise,Beau Genius,Charge d'Affaires
202609010206,11,ダート,1400,良,1勝クラス,Good Magic,Entirely,Curlin,Glinda the Good,Point of Entry,Reef Bay,Smart Strike,Sherriff's Deputy,Hard Spun,Magical Flash,Dynaformer,Matlacha Pass,Danzig,Morena Park,Mr. Prospector,Classy 'n Smart,Deputy Minister,Barbarika,Danzig,Turkish Tryst,Miswaki,Gils Magic,Roberto,Andover Way,Seeking the Gold,Our Country Place,Northern Dancer,Pas de Nom,Pivotal,Peace In The Park,Raise a Native,Gold Digger,Smarten,No Class,Vice Regent,Mint Copy,Bates Motel,War Exchange,Northern Dancer,Pas de Nom,Turkoman,Darbyvail,Mr. Prospector,Hopespringseternal,Magesterial,Display Copy,Hail to Reason,Bramalea,His Majesty,On the Trail,Mr. Prospector,Con Game,Pleasant Colony,メイプルジンスキー,Nearctic,Natalma,Admiral's Voyage,Petitioner,Polar Falcon,Fearless Revival,Ahonoora,Palm Dove
202609010207,1,芝,2400,良,1勝クラス,キズナ,ダノンエレガント,ディープインパクト,キャットクイル,ブライアンズタイム,ドリームカムカム,サンデーサイレンス,ウインドインハーヘア,Storm Cat,Pacific Princess,Roberto,Kelley's Day,メジロライアン,ドリーミングガール,Halo,Wishing Well,Alzao,Burghclere,Storm Bird,Terlingua,Damascus,Fiji,Hail to Reason,Bramalea,Graustark,Golden Trail,アンバーシャダイ,メジロチェイサー,Lomond,デユネット,Hail to Reason,Cosmah,Understanding,Mountain Flower,Lyphard,Lady Rebecca,Busted,Highclere,Northern Dancer,South Ocean,Secretariat,Crimson Saint,Sword Dancer,Kerala,Acropolis,Rififi,Turn-to,Nothirdchance,Nashua,Rarelea,Ribot,Flower Bowl,Hasty Road,Sunny Vale,ノーザンテースト,クリアアンバー,メジロサンマン,シエリル,Northern Dancer,My Charmer,ハードツービート,Pram
202609010207,2,芝,2400,良,1勝クラス,サトノダイヤモンド,スクールミストレス,ディープインパクト,マルペンサ,Equal Stripes,Stellify,サンデーサイレンス,ウインドインハーヘア,Orpen,Marsella,Candy Stripes,Equity,サザンヘイロー,Other Star,Halo,Wishing Well,Alzao,Burghclere,Lure,Bonita Francita,サザンヘイロー,Riviere,Blushing Groom,バブルカンパニー,Equalize,Elysee,Halo,Northern Sea,Logical,Off Limits,Hail to Reason,Cosmah,Understanding,Mountain Flower,Lyphard,Lady Rebecca,Busted,Highclere,Danzig,Endear,Devil's Bag,Raise the Standard,Halo,Northern Sea,Logical,Talonada,Red God,Runaway Bride,Lyphard,Prodice,Northern Jove,Zonta,El Gran Capitan,Empiric,Hail to Reason,Cosmah,Northern Dancer,Sea Saga,Buckpasser,Smart Deb,Make Tracks,Orizaba
202609010207,3,芝,2400,良,1勝クラス,フィエールマン,エトワールブリエ,ディープインパクト,リュヌドール,ロードカナロア,スターコレクション,サンデーサイレンス,ウインドインハーヘア,Green Tune,Luth d'Or,キングカメハメハ,レディブラッサム,アグネスタキオン,シンコウエトワール,Halo,Wishing Well,Alzao,Burghclere,Green Dancer,Soundings,Noir Et Or,Viole d'Amour,Kingmambo,マンファス,Storm Cat,サラトガデュー,サンデーサイレンス,アグネスフローラ,トニービン,ダイナフラッグ,Hail to Reason,Cosmah,Understanding,Mountain Flower,Lyphard,Lady Rebecca,Busted,Highclere,Nijinsky,Green Valley,Mr. Prospector,Ocean's Answer,ラインゴールド,Pomme Rose,Luthier,Mandolinette,Mr. Prospector,Miesque,ラストタイクーン,Pilot Bird,Storm Bird,Terlingua,Cormorant,Super Luna,Halo,Wishing Well,ロイヤルスキー,アグネスレディー,カンパラ,Severn Bridge,ノーザンテースト,シヤダイフラッグ
202609010207,4,芝,2400,良,1勝クラス,キズナ,マゲバ,ディープインパクト,キャットクイル,Wootton Bassett,Melilot,サンデーサイレンス,ウインドインハーヘア,Storm Cat,Pacific Princess,Iffraaj,Balladonia,Elusive City,Liwana,Halo,Wishing Well,Alzao,Burghclere,Storm Bird,Terlingua,Damascus,Fiji,Zafonic,Pastorale,Primo Dominie,Susquehanna Days,Elusive Quality,Star of Paris,Rainbow Quest,Linnga,Hail to Reason,Cosmah,Understanding,Mountain Flower,Lyphard,Lady Rebecca,Busted,Highclere,Northern Dancer,South Ocean,Secretariat,Crimson Saint,Sword Dancer,Kerala,Acropolis,Rififi,Gone West,Zaizafon,Nureyev,Park Appeal,Dominion,Swan Ann,Chief's Crown,Gliding By I,Gone West,Touch of Greatness,Dayjur,Liturgism,Blushing Groom,I Will Follow,Shardari,Lisana
202609010207,5,芝,2400,良,1勝クラス,ゴールドシップ,フォロミーバゴ,ステイゴールド,ポイントフラッグ,バゴ,フォローミー,サンデーサイレンス,ゴールデンサッシュ,メジロマックイーン,パストラリズム,Nashwan,Moonlight's Box,クロフネ,トシザダンサー,Halo,Wishing Well,ディクタス,ダイナサッシュ,メジロティターン,メジロオーロラ,プルラリズム,トクノエイティー,Blushing Groom,Height of Fashion,Nureyev,Coup de Genie,フレンチデピュティ,ブルーアヴェニュー,シアトルダンサー,ノルデンフリマー,Hail to Reason,Cosmah,Understanding,Mountain Flower,Sanctus,Doronic,ノーザンテースト,ロイヤルサッシュ,メジロアサマ,シエリル,リマンド,メジロアイリス,The Minstrel,Cambretta,トライバルチーフ,アイアンルビー,Red God,Runaway Bride,Bustino,Highclere,Northern Dancer,Special,Mr. Prospector,Coup de Folie,Deputy Minister,Mitterand,Classic Go Go,Eliza Blue,Nijinsky,My Charmer,ブレイヴェストローマン,ヒダカサクセス
202609010207,6,芝,2400,良,1勝クラス,キズナ,カヴァートラブ,ディープインパクト,キャットクイル,Azamour,ウイングステルス,サンデーサイレンス,ウインドインハーヘア,Storm Cat,Pacific Princess,Night Shift,Asmara,Hawk Wing,Starlight Smile,Halo,Wishing Well,Alzao,Burghclere,Storm Bird,Terlingua,Damascus,Fiji,Northern Dancer,Ciboulette,Lear Fan,Anaza,Woodman,La Lorgnette,Green Dancer,Bubinka,Hail to Reason,Cosmah,Understanding,Mountain Flower,Lyphard,Lady Rebecca,Busted,Highclere,Northern Dancer,South Ocean,Secretariat,Crimson Saint,Sword Dancer,Kerala,Acropolis,Rififi,Nearctic,Natalma,Chop Chop,Windy Answer,Roberto,Wac,Darshaan,Azaarika,Mr. Prospector,プレイメイト,Val de l'Orne,The Temptress,Nijinsky,Green Valley,Nashua,Stolen Date
202609010207,7,芝,2400,良,1勝クラス,エピファネイア,エマノン,シンボリクリスエス,シーザリオ,ハーツクライ,ピラミマ,Kris S.,Tee Kay,スペシャルウィーク,キロフプリミエール,サンデーサイレンス,アイリッシュダンス,Unbridled's Song,キャリアコレクション,Roberto,Sharp Queen,Gold Meridian,Tri Argo,サンデーサイレンス,キャンペンガール,Sadler's Wells,Querida,Halo,Wishing Well,トニービン,ビューパーダンス,Unbridled,Trolley Song,General Meeting,River of Stars,Hail to Reason,Bramalea,Princequillo,Bridgework,Seattle Slew,Queen Louie,Tri Jet,Hail Proudly,Halo,Wishing Well,マルゼンスキー,レディーシラオキ,Northern Dancer,Fairy Bridge,Habitat,Principia,Hail to Reason,Cosmah,Understanding,Mountain Flower,カンパラ,Severn Bridge,Lyphard,My Bupers,Fappiano,Gana Facil,Caro,Lucky Spell,Seattle Slew,Alydar's Promise,Riverman,Star Fortune
202609010207,8,芝,2400,良,1勝クラス,レイデオロ,アオイスカーレット,キングカメハメハ,ラドラーダ,ディープインパクト,エリモエクセル,Kingmambo,マンファス,シンボリクリスエス,レディブロンド,サンデーサイレンス,ウインドインハーヘア,ロドリゴデトリアーノ,エリモファンタジー,Mr. Prospector,Miesque,ラストタイクーン,Pilot Bird,Kris S.,Tee Kay,Seeking the Gold,ウインドインハーヘア,Halo,Wishing Well,Alzao,Burghclere,El Gran Senor,Hot Princess,Riverman,Share the Fantasy,Raise a Native,Gold Digger,Nureyev,Pasadoble,トライマイベスト,Mill Princess,Blakeney,The Dancer,Roberto,Sharp Queen,Gold Meridian,Tri Argo,Mr. Prospector,Con Game,Alzao,Burghclere,Hail to Reason,Cosmah,Understanding,Mountain Flower,Lyphard,Lady Rebecca,Busted,Highclere,Northern Dancer,Sex Appeal,ホットスパーク,Aspara,Never Bend,River Lady,Exclusive Native,Misukaw
202609010207,9,芝,2400,良,1勝クラス,ハービンジャー,ハロックライン,Dansili,Penang Pearl,キングカメハメハ,ミスティックリバー,デインヒル,Hasili,Bering,Guapa,Kingmambo,マンファス,サンデーサイレンス,ホワイトウォーターアフェア,Danzig,Razyana,Kahyasi,Kerali,Arctic Tern,Beaune,Shareef Dancer,Sauceboat,Mr. Prospector,Miesque,ラストタイクーン,Pilot Bird,Halo,Wishing Well,Machiavellian,Much Too Risky,Northern Dancer,Pas de Nom,His Majesty,Spring Adieu,イルドブルボン,Kadissya,High Line,Sookera,Sea-Bird,Bubbling Beauty,Lyphard,Barbra,Northern Dancer,Sweet Alliance,Connaught,Cranberry Sauce,Raise a Native,Gold Digger,Nureyev,Pasadoble,トライマイベスト,Mill Princess,Blakeney,The Dancer,Hail to Reason,Cosmah,Understanding,Mountain Flower,Mr. Prospector,Coup de Folie,Bustino,Short Rations
202609010208,1,ダート,1800,良,1勝クラス,アニマルキングダム,タガノバトラ,Leroidesanimaux,ダリシア,フレンチデピュティ,ホワイトペッパー,Candy Stripes,Dissemble,Acatenango,Dynamis,Deputy Minister,Mitterand,サンデーサイレンス,レッドチリペッパー,Blushing Groom,バブルカンパニー,Ahonoora,Kerali,Surumu,Aggravate,ダンシングブレーヴ,Diasprina,Vice Regent,Mint Copy,Hold Your Peace,Laredo Lass,Halo,Wishing Well,Unbridled,Raise a Carter,Red God,Runaway Bride,Lyphard,Prodice,Lorenzaccio,Helen Nichols,High Line,Sookera,Literat,Surama,Aggressor,Raven Locks,Lyphard,Navajo Princess,Aspros,Dorle,Northern Dancer,Victoria Regina,Bunty's Flight,Shakney,Speak John,Blue Moon,Bold Ruler,Fortunate Isle,Hail to Reason,Cosmah,Understanding,Mountain Flower,Fappiano,Gana Facil,Dr. Carter,Raise an Heiress
202609010208,2,ダート,1800,良,1勝クラス,ドゥラメンテ,デルフィーノ,キングカメハメハ,アドマイヤグルーヴ,ハーツクライ,レディアーティスト,Kingmambo,マンファス,サンデーサイレンス,エアグルーヴ,サンデーサイレンス,アイリッシュダンス,フレンチデピュティ,レディバラード,Mr. Prospector,Miesque,ラストタイクーン,Pilot Bird,Halo,Wishing Well,トニービン,ダイナカール,Halo,Wishing Well,トニービン,ビューパーダンス,Deputy Minister,Mitterand,Unbridled,Angelic Song,Raise a Native,Gold Digger,Nureyev,Pasadoble,トライマイベスト,Mill Princess,Blakeney,The Dancer,Hail to Reason,Cosmah,Understanding,Mountain Flower,カンパラ,Severn Bridge,ノーザンテースト,シャダイフェザー,Hail to Reason,Cosmah,Understanding,Mountain Flower,カンパラ,Severn Bridge,Lyphard,My Bupers,Vice Regent,Mint Copy,Hold Your Peace,Laredo Lass,Fappiano,Gana Facil,Halo,Ballade
202609010208,3,ダート,1800,良,1勝クラス,オルフェーヴル,ショウナンマオ,ステイゴールド,オリエンタルアート,ダイワメジャー,ショウナンハピネス,サンデーサイレンス,ゴールデンサッシュ,メジロマックイーン,エレクトロアート,サンデーサイレンス,スカーレットブーケ,Kris S.,Rambling Barb,Halo,Wishing Well,ディクタス,ダイナサッシュ,メジロティターン,メジロオーロラ,ノーザンテースト,グランマスティーヴンス,Halo,Wishing Well,ノーザンテースト,スカーレットインク,Roberto,Sharp Queen,Cormorant,Bouncy Barb,Hail to Reason,Cosmah,Understanding,Mountain Flower,Sanctus,Doronic,ノーザンテースト,ロイヤルサッシュ,メジロアサマ,シエリル,リマンド,メジロアイリス,Northern Dancer,Lady Victoria,Lt. Stevens,Dhow,Hail to Reason,Cosmah,Understanding,Mountain Flower,Northern Dancer,Lady Victoria,Crimson Satan,Consentida,Hail to Reason,Bramalea,Princequillo,Bridgework,His Majesty,Song Sparrow,Rollicking,Miss Fairfield
202609010208,4,ダート,1800,良,1勝クラス,Global Campaign,Above Heaven,Curlin,Globe Trot,Mr. Greeley,レディジョアン,Smart Strike,Sherriff's Deputy,A.P. Indy,Trip,Gone West,Long Legend,Orientate,Oatsee,Mr. Prospector,Classy 'n Smart,Deputy Minister,Barbarika,Seattle Slew,Weekend Surprise,Lord at War,Tour,Mr. Prospector,Secrettame,Reviewer,Lianga,Mt. Livermore,Dream Team,Unbridled,With Every Wish,Raise a Native,Gold Digger,Smarten,No Class,Vice Regent,Mint Copy,Bates Motel,War Exchange,Bold Reasoning,My Charmer,Secretariat,Lassie Dear,General,Luna de Miel,フォーティナイナー,Fun Flight,Raise a Native,Gold Digger,Secretariat,Tamerett,Bold Ruler,Broadway,ダンサーズイメージ,Leven Ones,Blushing Groom,Flama Ardiente,Cox's Ridge,Likely Double,Fappiano,Gana Facil,Lear Fan,Amo
202609010208,5,ダート,1800,良,1勝クラス,スマートファルコン,ゲシートショウリ,ゴールドアリュール,ケイシュウハーブ,タイキシャトル,シロキタガデス,サンデーサイレンス,ニキーヤ,ミシシッピアン,キョウエイシラユキ,Devil's Bag,ウェルシュマフィン,サニーブライアン,シクレノンメモリー,Halo,Wishing Well,Nureyev,Reluctant Guest,Vaguely Noble,Gazala,クラウンドプリンス,アリアーン,Halo,Ballade,Caerleon,Muffitys,ブライアンズタイム,サニースイフト,トニービン,シクレノンセピア,Hail to Reason,Cosmah,Understanding,Mountain Flower,Northern Dancer,Special,Hostage,Vaguely Royal,ヴィエナ,Noble Lassie,Dark Star,Belle Angevine,Raise a Native,Gay Hostess,シルバーシャーク,Nucciolina,Hail to Reason,Cosmah,Herbager,Miss Swapsco,Nijinsky,Foreseer,Thatch,Contrail,Roberto,Kelley's Day,スイフトスワロー,サニーロマン,カンパラ,Severn Bridge,マナード,トウジンホマレ
202609010208,6,ダート,1800,良,1勝クラス,マジェスティックウォリアー,イグレット,A.P. Indy,Dream Supreme,Distorted Humor,ヘヴンリーロマンス,Seattle Slew,Weekend Surprise,Seeking the Gold,Spinning Round,フォーティナイナー,Danzig's Beauty,サンデーサイレンス,ファーストアクト,Bold Reasoning,My Charmer,Secretariat,Lassie Dear,Mr. Prospector,Con Game,Dixieland Band,Take Heart,Mr. Prospector,File,Danzig,Sweetest Chant,Halo,Wishing Well,Sadler's Wells,Arkadina,Boldnesian,Reason to Earn,Poker,Fair Charmer,Bold Ruler,Somethingroyal,Buckpasser,Gay Missile,Raise a Native,Gold Digger,Buckpasser,Broadway,Northern Dancer,Mississippi Mud,Secretariat,Deck Stewardess,Raise a Native,Gold Digger,Tom Rolfe,Continue,Northern Dancer,Pas de Nom,Mr. Leader,Gay Sonnet,Hail to Reason,Cosmah,Understanding,Mountain Flower,Northern Dancer,Fairy Bridge,Ribot,Natashka
202609010208,7,ダート,1800,良,1勝クラス,ワールドエース,アンジェラスキッス,ディープインパクト,マンデラ,Gone West,River Fairy,サンデーサイレンス,ウインドインハーヘア,Acatenango,Mandellicht,Mr. Prospector,Secrettame,Irish River,Fairy Garden,Halo,Wishing Well,Alzao,Burghclere,Surumu,Aggravate,Be My Guest,Mandelauge,Raise a Native,Gold Digger,Secretariat,Tamerett,Riverman,Irish Star,Lyphard,Possible Mate,Hail to Reason,Cosmah,Understanding,Mountain Flower,Lyphard,Lady Rebecca,Busted,Highclere,Literat,Surama,Aggressor,Raven Locks,Northern Dancer,What a Treat,Elektrant,Mandriale,Native Dancer,Raise You,Nashua,Sequence,Bold Ruler,Somethingroyal,Tim Tam,Mixed Marriage,Never Bend,River Lady,Klairon,Botany Bay,Northern Dancer,Goofed,King's Bishop,Execution
202609010208,8,ダート,1800,良,1勝クラス,シニスターミニスター,カリビアンロマンス,Old Trieste,Sweet Minister,コマンズ,サバナパディーダ,A.P. Indy,Lovlier Linda,The Prime Minister,Sweet Blue,デインヒル,Cotehele House,Cape Cross,Capriola,Seattle Slew,Weekend Surprise,Vigors,Linda Summers,Deputy Minister,Stick to Beauty,Hurry Up Blue,Sugar Gold,Danzig,Razyana,My Swanee,Eight Carat,Green Desert,Park Appeal,Mr. Prospector,High Point Lady,Bold Reasoning,My Charmer,Secretariat,Lassie Dear,Grey Dawn,Relifordie,Crozier,Queenly Gift,Vice Regent,Mint Copy,Illustrious,Hail to Beauty,Mr. Leader,Blue Baroness,Mr. Prospector,Miss Ironside,Northern Dancer,Pas de Nom,His Majesty,Spring Adieu,Petition,Grey Rhythm,Pieces of Eight,Klairessa,Danzig,Foreign Courier,Ahonoora,Balidaress,Raise a Native,Gold Digger,Knightly Dawn,Miss Jet Holme
202609010208,9,ダート,1800,良,1勝クラス,Frankel,レッツゴードンキ,Galileo,Kind,キングカメハメハ,マルトク,Sadler's Wells,Urban Sea,デインヒル,Rainbow Lake,Kingmambo,マンファス,マーベラスサンデー,エリットビーナス,Northern Dancer,Fairy Bridge,Miswaki,Allegretta,Danzig,Razyana,Rainbow Quest,Rockfest,Mr. Prospector,Miesque,ラストタイクーン,Pilot Bird,サンデーサイレンス,モミジダンサー,ジェイドロバリー,フリースピリット,Nearctic,Natalma,Bold Reason,Special,Mr. Prospector,Hopespringseternal,Lombard,Anatevka,Northern Dancer,Pas de Nom,His Majesty,Spring Adieu,Blushing Groom,I Will Follow,Stage Door Johnny,Rock Garden,Raise a Native,Gold Digger,Nureyev,Pasadoble,トライマイベスト,Mill Princess,Blakeney,The Dancer,Halo,Wishing Well,ヴァイスリーガル,モミジ,Mr. Prospector,Number,リアルシャダイ,ダイナフランダース
202609010208,10,ダート,1800,良,1勝クラス,マインドユアビスケッツ,エクスプレスレーン,Posse,Jazzmane,ディープインパクト,カウアイレーン,Silver Deputy,Raska,Toccet,Alljazz,サンデーサイレンス,ウインドインハーヘア,キングカメハメハ,シルバーレーン,Deputy Minister,Silver Valley,Rahy,Borishka,Awesome Again,Cozzene's Angel,Stop the Music,Bounteous,Halo,Wishing Well,Alzao,Burghclere,Kingmambo,マンファス,Silver Hawk,Strait Lane,Vice Regent,Mint Copy,Mr. Prospector,Seven Valleys,Blushing Groom,Glorious Song,Roberto,Queen Maud,Deputy Minister,Primal Force,Cozzene,Charming Pan,Hail to Reason,Bebopper,Master Derby,Mlle. Quille,Hail to Reason,Cosmah,Understanding,Mountain Flower,Lyphard,Lady Rebecca,Busted,Highclere,Mr. Prospector,Miesque,ラストタイクーン,Pilot Bird,Roberto,Gris Vitesse,Chieftain,Level Sands
202609010208,11,ダート,1800,良,1勝クラス,ミッキーアイル,ダノンオスカル,ディープインパクト,スターアイル,キングカメハメハ,ジンジャーミスト,サンデーサイレンス,ウインドインハーヘア,ロックオブジブラルタル,アイルドフランス,Kingmambo,マンファス,Bernardini,ジンジャーパンチ,Halo,Wishing Well,Alzao,Burghclere,デインヒル,Offshore Boom,Nureyev,ステラマドリッド,Mr. Prospector,Miesque,ラストタイクーン,Pilot Bird,A.P. Indy,Cara Rafaela,Awesome Again,Nappelon,Hail to Reason,Cosmah,Understanding,Mountain Flower,Lyphard,Lady Rebecca,Busted,Highclere,Danzig,Razyana,Be My Guest,Push a Button,Northern Dancer,Special,Alydar,My Juliet,Raise a Native,Gold Digger,Nureyev,Pasadoble,トライマイベスト,Mill Princess,Blakeney,The Dancer,Seattle Slew,Weekend Surprise,Quiet American,Oil Fable,Deputy Minister,Primal Force,Bold Revenue,Sally Go Gray
202609010208,12,ダート,1800,良,1勝クラス,Gun Runner,Pioneer Queen,Candy Ride,Quiet Giant,Pioneerof the Nile,Expanse,Ride the Rails,Candy Girl,Giant's Causeway,Quiet Dance,エンパイアメーカー,Star of Goshen,Distant View,Dial a Trick,Cryptoclearance,Herbalesian,Candy Stripes,City Girl,Storm Cat,Mariah's Storm,Quiet American,Misty Dancer,Unbridled,Toussaud,Lord at War,Castle Eight,Mr. Prospector,Seven Springs,Phone Trick,Ice Fantasy,Fappiano,Naval Orange,Herbager,Alanesian,Blushing Groom,バブルカンパニー,Farnesio,Cithara,Storm Bird,Terlingua,Rahy,イメンス,Fappiano,Demure,Lyphard,Flight Dancer,Fappiano,Gana Facil,El Gran Senor,Image of Reality,General,Luna de Miel,Key to the Kingdom,Her Native,Raise a Native,Gold Digger,Irish River,La Trinite,Clever Trick,Over the Phone,It's Freezing,Donna's Answer
202609010208,13,ダート,1800,良,1勝クラス,ホッコータルマエ,ディアハート,キングカメハメハ,マダムチェロキー,ヘニーヒューズ,マーチャンテイマー,Kingmambo,マンファス,Cherokee Run,アンフォイルド,ヘネシー,Meadow Flyer,クロフネ,マサコチャン,Mr. Prospector,Miesque,ラストタイクーン,Pilot Bird,Runaway Groom,Cherokee Dame,Unbridled,Bold Foil,Storm Cat,Island Kitty,Meadowlake,Shortley,フレンチデピュティ,ブルーアヴェニュー,サンデーサイレンス,チヨダマサコ,Raise a Native,Gold Digger,Nureyev,Pasadoble,トライマイベスト,Mill Princess,Blakeney,The Dancer,Blushing Groom,Yonnie Girl,Silver Saber,Dame Francesca,Fappiano,Gana Facil,Bold Forbes,Perfect Foil,Storm Bird,Terlingua,Hawaii,T. C. Kitten,Hold Your Peace,Suspicious Native,Hagley,Short Winded,Deputy Minister,Mitterand,Classic Go Go,Eliza Blue,Halo,Wishing Well,ラバージョン,ミスオーハヤブサ
202609010208,14,ダート,1800,良,1勝クラス,カリフォルニアクローム,ウィズエモーション,Lucky Pulpit,Love the Chase,クロフネ,ミスアルダント,Pulpit,Lucky Soph,Not for Love,Chase It Down,フレンチデピュティ,ブルーアヴェニュー,サンデーサイレンス,マガロ,A.P. Indy,Preach,Cozzene,Lucky Spell,Mr. Prospector,Dance Number,Polish Numbers,Chase the Dream,Deputy Minister,Mitterand,Classic Go Go,Eliza Blue,Halo,Wishing Well,Caro,Magic,Seattle Slew,Weekend Surprise,Mr. Prospector,Narrate,Caro,Ride the Trails,Lucky Mel,Incantation,Raise a Native,Gold Digger,Northern Dancer,Numbered Account,Danzig,Numbered Account,Sir Ivor,La Belle Fleur,Vice Regent,Mint Copy,Hold Your Peace,Laredo Lass,Pago Pago,Classic Perfection,Icecapade,コレラ,Hail to Reason,Cosmah,Understanding,Mountain Flower,フォルティノ,Chambord,Buckpasser,Aspidistra
202609010208,15,ダート,1800,良,1勝クラス,No Nay Never,エリーシエズワールド,Scat Daddy,Cat's Eye Witness,Champs Elysees,Ideal World,ヨハネスブルグ,Love Style,Elusive Quality,Comical Cat,デインヒル,Hasili,シングスピール,リブユアドリームス,ヘネシー,Myth,Mr. Prospector,Likeable Style,Gone West,Touch of Greatness,Exceller,Six Months Long,Danzig,Razyana,Kahyasi,Kerali,In the Wings,Glorious Song,Mt. Livermore,Night and Dreams,Storm Cat,Island Kitty,オジジアン,Yarn,Raise a Native,Gold Digger,Nijinsky,Personable Lady,Mr. Prospector,Secrettame,Hero's Honor,Ivory Wand,Vaguely Noble,Too Bald,Northern Dancer,Prime Time,Northern Dancer,Pas de Nom,His Majesty,Spring Adieu,イルドブルボン,Kadissya,High Line,Sookera,Sadler's Wells,High Hawk,Halo,Ballade,Blushing Groom,Flama Ardiente,Fappiano,Big Dreams
202609010209,1,芝,1600,良,2勝クラス,スマートオーディン,オーガストウェイ,ダノンシャンティ,レディアップステージ,アグネスタキオン,オウリエット,フジキセキ,シャンソネット,Alzao,She's the Tops,サンデーサイレンス,アグネスフローラ,Caerleon,Rose de Crystal,サンデーサイレンス,ミルレーサー,Mark of Esteem,Glorious Song,Lyphard,Lady Rebecca,Shernazar,Troytops,Halo,Wishing Well,ロイヤルスキー,アグネスレディー,Nijinsky,Foreseer,クリスタルグリッターズ,Rose Above,Halo,Wishing Well,Le Fabuleux,Marston's Mill,Darshaan,Homage,Halo,Ballade,Northern Dancer,Goofed,Sir Ivor,Pocahontas,Busted,Sharmeen,Troy,Topsy,Hail to Reason,Cosmah,Understanding,Mountain Flower,Raja Baba,Coz o'Nijinsky,リマンド,イコマエイカン,Northern Dancer,Flaming Page,Round Table,Regal Gleam,Blushing Groom,Tales to Tell,Sir Herbert,Rise Above
202609010209,2,芝,1600,良,2勝クラス,ブリックスアンドモルタル,テラノヴァ,Giant's Causeway,Beyond the Waves,ヴィクトワールピサ,エアトゥーレ,Storm Cat,Mariah's Storm,Ocean Crest,Excedent,ネオユニヴァース,ホワイトウォーターアフェア,トニービン,スキーパラダイス,Storm Bird,Terlingua,Rahy,イメンス,Storm Bird,S.S.Aroma,Exceller,Broadway Lullaby,サンデーサイレンス,ポインテッドパス,Machiavellian,Much Too Risky,カンパラ,Severn Bridge,Lyphard,Ski Goggle,Northern Dancer,South Ocean,Secretariat,Crimson Saint,Blushing Groom,Glorious Song,Roberto,Imsodear,Northern Dancer,South Ocean,Seattle Slew,Rare Bouquet,Vaguely Noble,Too Bald,Stage Door Johnny,リットルブレツシング,Halo,Wishing Well,Kris,Silken Way,Mr. Prospector,Coup de Folie,Bustino,Short Rations,Kalamoun,State Pension,Hornbeam,Priddy Fair,Northern Dancer,Goofed,ロイヤルスキー,Mississippi Siren
202609010209,3,芝,1600,良,2勝クラス,ウォータービルド,クリアーパッション,ディープインパクト,ウォーターエナン,キングヘイロー,クリアーパス,サンデーサイレンス,ウインドインハーヘア,ボストンハーバー,Scrape,ダンシングブレーヴ,グッバイヘイロー,A.P. Indy,Masake,Halo,Wishing Well,Alzao,Burghclere,Capote,Harbor Springs,Mr. Prospector,File,Lyphard,Navajo Princess,Halo,Pound Foolish,Seattle Slew,Weekend Surprise,Master Willie,Northern Lake,Hail to Reason,Cosmah,Understanding,Mountain Flower,Lyphard,Lady Rebecca,Busted,Highclere,Seattle Slew,Too Bald,Vice Regent,Tinnitus,Raise a Native,Gold Digger,Tom Rolfe,Continue,Northern Dancer,Goofed,Drone,Olmec,Hail to Reason,Cosmah,Sir Ivor,Squander,Bold Reasoning,My Charmer,Secretariat,Lassie Dear,High Line,Fair Winter,Northern Dancer,Willow Lake
202609010209,4,芝,1600,良,2勝クラス,イスラボニータ,メモリアルライフ,フジキセキ,イスラコジーン,Reckless Abandon,Baldovina,サンデーサイレンス,ミルレーサー,Cozzene,Isla Mujeres,Exchange Rate,Sant Elena,Tale of the Cat,バルドウィナ,Halo,Wishing Well,Le Fabuleux,Marston's Mill,Caro,Ride the Trails,Crafty Prospector,Lido Isle,Danzig,Sterling Pound,Efisio,Argent Du Bois,Storm Cat,Yarn,Pistolet Bleu,Balioka,Hail to Reason,Cosmah,Understanding,Mountain Flower,Wild Risk,Anguar,In Reality,Millicent,フォルティノ,Chambord,Prince John,Wildwook,Mr. Prospector,Real Crafty Lady,Far North,She Is Gorgeous,Northern Dancer,Pas de Nom,Seeking the Gold,Spectacular Bev,Formidable,Eldoret,Silver Hawk,Wiener Wald,Storm Bird,Terlingua,Mr. Prospector,Narrate,Top Ville,Pampa Bella,Tourangeau,Bangalore
202609010209,5,芝,1600,良,2勝クラス,ハーツクライ,リリーアメリカ,サンデーサイレンス,アイリッシュダンス,American Post,Miller's Lily,Halo,Wishing Well,トニービン,ビューパーダンス,Bering,Wells Fargo,ミラーズメイト,Lymara,Hail to Reason,Cosmah,Understanding,Mountain Flower,カンパラ,Severn Bridge,Lyphard,My Bupers,Arctic Tern,Beaune,Sadler's Wells,Cruising Height,Mill Reef,Primatie,Lyphard,Maradadi,Turn-to,Nothirdchance,Cosmic Bomb,Almahmoud,Promised Land,Pretty Ways,Montparnasse,Edelweiss,Kalamoun,State Pension,Hornbeam,Priddy Fair,Northern Dancer,Goofed,Bupers,Princess Revoked,Sea-Bird,Bubbling Beauty,Lyphard,Barbra,Northern Dancer,Fairy Bridge,Shirley Heights,Nomadic Pleasure,Never Bend,Milan Mill,Vaguely Noble,Pistol Packer,Northern Dancer,Goofed,The Marshal,Dilly-Dally
202609010209,6,芝,1600,良,2勝クラス,アルアイン,ジレーネ,ディープインパクト,ドバイマジェスティ,キングカメハメハ,ソベラニア,サンデーサイレンス,ウインドインハーヘア,Essence of Dubai,Great Majesty,Kingmambo,マンファス,Monsun,Sasuela,Halo,Wishing Well,Alzao,Burghclere,Pulpit,Epitome,Great Above,Mistic Majesty,Mr. Prospector,Miesque,ラストタイクーン,Pilot Bird,Konigsstuhl,Mosella,Dashing Blade,Sacarina,Hail to Reason,Cosmah,Understanding,Mountain Flower,Lyphard,Lady Rebecca,Busted,Highclere,A.P. Indy,Preach,Summing,Honest and True,Minnesota Mac,Ta Wee,His Majesty,Necaras Miss,Raise a Native,Gold Digger,Nureyev,Pasadoble,トライマイベスト,Mill Princess,Blakeney,The Dancer,Dschingis Khan,Konigskronung,Surumu,Monasia,Elegant Air,Sharp Castan,オールドヴィック,Brave Lass
202609010209,7,芝,1600,良,2勝クラス,サトノダイヤモンド,ナレラ,ディープインパクト,マルペンサ,Reliable Man,Naomia,サンデーサイレンス,ウインドインハーヘア,Orpen,Marsella,Dalakhani,On Fair Stage,Monsun,Nagoya,Halo,Wishing Well,Alzao,Burghclere,Lure,Bonita Francita,サザンヘイロー,Riviere,Darshaan,Daltawa,Sadler's Wells,Fair Salinia,Konigsstuhl,Mosella,Goofalik,Nuas,Hail to Reason,Cosmah,Understanding,Mountain Flower,Lyphard,Lady Rebecca,Busted,Highclere,Danzig,Endear,Devil's Bag,Raise the Standard,Halo,Northern Sea,Logical,Talonada,Shirley Heights,Delsy,Miswaki,Damana,Northern Dancer,Fairy Bridge,Petingo,Fair Arabella,Dschingis Khan,Konigskronung,Surumu,Monasia,Lyphard,Alik,Aspros,Nutria
202609010209,8,芝,1600,良,2勝クラス,ミッキーアイル,サザンスターズ,ディープインパクト,スターアイル,Smart Strike,スタセリタ,サンデーサイレンス,ウインドインハーヘア,ロックオブジブラルタル,アイルドフランス,Mr. Prospector,Classy 'n Smart,Monsun,Soignee,Halo,Wishing Well,Alzao,Burghclere,デインヒル,Offshore Boom,Nureyev,ステラマドリッド,Raise a Native,Gold Digger,Smarten,No Class,Konigsstuhl,Mosella,Dashing Blade,Suivez,Hail to Reason,Cosmah,Understanding,Mountain Flower,Lyphard,Lady Rebecca,Busted,Highclere,Danzig,Razyana,Be My Guest,Push a Button,Northern Dancer,Special,Alydar,My Juliet,Native Dancer,Raise You,Nashua,Sequence,Cyane,Smartaire,Nodouble,Classy Quillo,Dschingis Khan,Konigskronung,Surumu,Monasia,Elegant Air,Sharp Castan,Fioravanti,Sea Symphony
202609010209,9,芝,1600,良,2勝クラス,エピファネイア,ランドオーバーシー,シンボリクリスエス,シーザリオ,Bellamy Road,Belle Watling,Kris S.,Tee Kay,スペシャルウィーク,キロフプリミエール,Concerto,Hurry Home Hillary,Pulpit,Polly Adler,Roberto,Sharp Queen,Gold Meridian,Tri Argo,サンデーサイレンス,キャンペンガール,Sadler's Wells,Querida,Chief's Crown,Undeniably,Deputed Testamony,Ten Cents a Turn,A.P. Indy,Preach,ハウスバスター,Honest and True,Hail to Reason,Bramalea,Princequillo,Bridgework,Seattle Slew,Queen Louie,Tri Jet,Hail Proudly,Halo,Wishing Well,マルゼンスキー,レディーシラオキ,Northern Dancer,Fairy Bridge,Habitat,Principia,Danzig,Six Crowns,In Reality,Past Forgetting,Traffic Cop,Proof Requested,Cozzene,Rub al Khali,Seattle Slew,Weekend Surprise,Mr. Prospector,Narrate,Mt. Livermore,Big Dreams,Mr. Leader,Tell Meno Lies
202609010209,10,芝,1600,良,2勝クラス,バトルプラン,エアリーチューン,エンパイアメーカー,Flanders,ステイゴールド,リーインフォースト,Unbridled,Toussaud,Seeking the Gold,Starlet Storm,サンデーサイレンス,ゴールデンサッシュ,トニービン,ティアラ,Fappiano,Gana Facil,El Gran Senor,Image of Reality,Mr. Prospector,Con Game,Storm Bird,Cinegita,Halo,Wishing Well,ディクタス,ダイナサッシュ,カンパラ,Severn Bridge,ノーザンテースト,シヤダイサイクル,Mr. Prospector,Killaloe,Le Fabuleux,Charedi,Northern Dancer,Sex Appeal,In Reality,Edee's Image,Raise a Native,Gold Digger,Buckpasser,Broadway,Northern Dancer,South Ocean,Secretariat,Wanika,Hail to Reason,Cosmah,Understanding,Mountain Flower,Sanctus,Doronic,ノーザンテースト,ロイヤルサッシュ,Kalamoun,State Pension,Hornbeam,Priddy Fair,Northern Dancer,Lady Victoria,ヒッティングアウェー,サイクラス
202609010210,1,芝,1400,良,3勝クラス,キズナ,ウアジェト,ディープインパクト,キャットクイル,シンボリクリスエス,リーチトゥピース,サンデーサイレンス,ウインドインハーヘア,Storm Cat,Pacific Princess,Kris S.,Tee Kay,Mud Route,Waki Betty,Halo,Wishing Well,Alzao,Burghclere,Storm Bird,Terlingua,Damascus,Fiji,Roberto,Sharp Queen,Gold Meridian,Tri Argo,Strawberry Road,Our Suzette,Miswaki,Auntie Betty,Hail to Reason,Cosmah,Understanding,Mountain Flower,Lyphard,Lady Rebecca,Busted,Highclere,Northern Dancer,South Ocean,Secretariat,Crimson Saint,Sword Dancer,Kerala,Acropolis,Rififi,Hail to Reason,Bramalea,Princequillo,Bridgework,Seattle Slew,Queen Louie,Tri Jet,Hail Proudly,Whiskey Road,Giftisa,Sunny's Halo,Lorgnette,Mr. Prospector,Hopespringseternal,Faraway Son,Manchester Miss
202609010210,2,芝,1400,良,3勝クラス,モーリス,アイリッシュシー,スクリーンヒーロー,メジロフランシス,Galileo,Fire Lily,グラスワンダー,ランニングヒロイン,カーネギー,メジロモントレー,Sadler's Wells,Urban Sea,Dansili,Beauty Is Truth,Silver Hawk,Ameriflora,サンデーサイレンス,ダイナアクトレス,Sadler's Wells,Detroit,モガミ,メジロクインシー,Northern Dancer,Fairy Bridge,Miswaki,Allegretta,デインヒル,Hasili,Pivotal,Zelding,Roberto,Gris Vitesse,Danzig,Graceful Touch,Halo,Wishing Well,ノーザンテースト,モデルスポート,Northern Dancer,Fairy Bridge,Riverman,Derna,Lyphard,ノーラック,フィディオン,メジロボサツ,Nearctic,Natalma,Bold Reason,Special,Mr. Prospector,Hopespringseternal,Lombard,Anatevka,Danzig,Razyana,Kahyasi,Kerali,Polar Falcon,Fearless Revival,ウォーニング,Zelda
202609010210,3,芝,1400,良,3勝クラス,Frankel,ミッドサマーフェア,Galileo,Kind,タニノギムレット,ストロベリーフェア,Sadler's Wells,Urban Sea,デインヒル,Rainbow Lake,ブライアンズタイム,タニノクリスタル,Kingmambo,ストームソング,Northern Dancer,Fairy Bridge,Miswaki,Allegretta,Danzig,Razyana,Rainbow Quest,Rockfest,Roberto,Kelley's Day,クリスタルパレス,タニノシーバード,Mr. Prospector,Miesque,Summer Squall,Hum Along,Nearctic,Natalma,Bold Reason,Special,Mr. Prospector,Hopespringseternal,Lombard,Anatevka,Northern Dancer,Pas de Nom,His Majesty,Spring Adieu,Blushing Groom,I Will Follow,Stage Door Johnny,Rock Garden,Hail to Reason,Bramalea,Graustark,Golden Trail,Caro,Hermieres,Sea-Bird,Flaxen,Raise a Native,Gold Digger,Nureyev,Pasadoble,Storm Bird,Weekend Surprise,Fappiano,Minstress
202609010210,4,芝,1400,良,3勝クラス,ダイワメジャー,シークレットジプシー,サンデーサイレンス,スカーレットブーケ,Sea of Secrets,Miss Utada,Halo,Wishing Well,ノーザンテースト,スカーレットインク,Storm Cat,Love From Mom,Rahy,Morini,Hail to Reason,Cosmah,Understanding,Mountain Flower,Northern Dancer,Lady Victoria,Crimson Satan,Consentida,Storm Bird,Terlingua,Mr. Prospector,Hoso,Blushing Groom,Glorious Song,Unfuwain,Possessive Lady,Turn-to,Nothirdchance,Cosmic Bomb,Almahmoud,Promised Land,Pretty Ways,Montparnasse,Edelweiss,Nearctic,Natalma,Victoria Park,Lady Angela,Spy Song,Papila,Beau Max,La Menina,Northern Dancer,South Ocean,Secretariat,Crimson Saint,Raise a Native,Gold Digger,Solo Landing,Holly-O.,Red God,Runaway Bride,Halo,Ballade,Northern Dancer,Height of Fashion,Dara Monarch,Possessive
202609010210,5,芝,1400,良,3勝クラス,コパノリッキー,ミスマープル,ゴールドアリュール,コパノニキータ,Sinndar,ドラマティーク,サンデーサイレンス,ニキーヤ,ティンバーカントリー,ニホンピロローズ,Grand Lodge,Sinntara,Darshaan,Mystery Play,Halo,Wishing Well,Nureyev,Reluctant Guest,Woodman,Fall Aspen,トニービン,ウェディングブーケ,Chief's Crown,La Papagena,Lashkari,Sidama,Shirley Heights,Delsy,Sadler's Wells,Kereolle,Hail to Reason,Cosmah,Understanding,Mountain Flower,Northern Dancer,Special,Hostage,Vaguely Royal,Mr. Prospector,プレイメイト,Pretense,Change Water,カンパラ,Severn Bridge,リアルシャダイ,アリーウイン,Danzig,Six Crowns,Habitat,Magic Flute,Mill Reef,Larannda,Top Ville,Stoyana,Mill Reef,Hardiemma,Abdos,Kelty,Northern Dancer,Fairy Bridge,Riverman,Miss Molly
202609010210,6,芝,1400,良,3勝クラス,キタサンブラック,キタサンプリンセス,ブラックタイド,シュガーハート,エンパイアメーカー,キタサンオウシャン,サンデーサイレンス,ウインドインハーヘア,サクラバクシンオー,オトメゴコロ,Unbridled,Toussaud,Kingmambo,Kitasan Dream,Halo,Wishing Well,Alzao,Burghclere,サクラユタカオー,サクラハゴロモ,ジャッジアンジェルーチ,テイズリー,Fappiano,Gana Facil,El Gran Senor,Image of Reality,Mr. Prospector,Miesque,Alzao,Better Fantasy,Hail to Reason,Cosmah,Understanding,Mountain Flower,Lyphard,Lady Rebecca,Busted,Highclere,テスコボーイ,アンジェリカ,ノーザンテースト,クリアアンバー,Honest Pleasure,Victorian Queen,Lyphard,Tizna,Mr. Prospector,Killaloe,Le Fabuleux,Charedi,Northern Dancer,Sex Appeal,In Reality,Edee's Image,Raise a Native,Gold Digger,Nureyev,Pasadoble,Lyphard,Lady Rebecca,Better Boy,Pure Fantasy
202609010210,7,芝,1400,良,3勝クラス,トーホウジャッカル,トーホウプリンセス,スペシャルウィーク,トーホウガイア,サクラバクシンオー,トーホウアスカ,サンデーサイレンス,キャンペンガール,Unbridled's Song,Agami,サクラユタカオー,サクラハゴロモ,チーフベアハート,カガミアスカ,Halo,Wishing Well,マルゼンスキー,レディーシラオキ,Unbridled,Trolley Song,Nureyev,Agacerie,テスコボーイ,アンジェリカ,ノーザンテースト,クリアアンバー,Chief's Crown,Amelia Bearhart,General Assembly,クリスタルレイル,Hail to Reason,Cosmah,Understanding,Mountain Flower,Nijinsky,シル,セントクレスピン,ミスアシヤガワ,Fappiano,Gana Facil,Caro,Lucky Spell,Northern Dancer,Special,Exclusive Native,Quiet Charm,Princely Gift,Suncourt,ネヴァービート,スターハイネス,Northern Dancer,Lady Victoria,Ambiopoise,One Clear Call,Danzig,Six Crowns,Bold Hour,Myrtlewood Lass,Secretariat,Exclusive Dancer,Great Above,T. V. Actress
202609010210,8,芝,1400,良,3勝クラス,ニューイヤーズデイ,ルシルク,Street Cry,Justwhistledixie,Dynaformer,キュー,Machiavellian,Helen Street,Dixie Union,General Jeanne,Roberto,Andover Way,フレンチデピュティ,P J Floral,Mr. Prospector,Coup de Folie,Troy,Waterway,Dixieland Band,She's Tops,Honour and Glory,Ahpo Hel,Hail to Reason,Bramalea,His Majesty,On the Trail,Deputy Minister,Mitterand,Baldski,Peroxide Princess,Raise a Native,Gold Digger,Halo,Raise the Standard,Petingo,La Milo,Riverman,Boulevard,Northern Dancer,Mississippi Mud,Capote,She's a Talent,Relaunch,Fair to All,Mr. Leader,Tiy,Turn-to,Nothirdchance,Nashua,Rarelea,Ribot,Flower Bowl,Olympia,Golden Trail,Vice Regent,Mint Copy,Hold Your Peace,Laredo Lass,Nijinsky,Too Bald,What a Pleasure,Shanghai Mary
202609010211,1,ダート,1200,良,オープン,ロードカナロア,ドリームオブジェニー,キングカメハメハ,レディブラッサム,Pivotal,Glia,Kingmambo,マンファス,Storm Cat,サラトガデュー,Polar Falcon,Fearless Revival,A.P. Indy,Coup de Genie,Mr. Prospector,Miesque,ラストタイクーン,Pilot Bird,Storm Bird,Terlingua,Cormorant,Super Luna,Nureyev,Marie d'Argonne,Cozzene,Stufida,Seattle Slew,Weekend Surprise,Mr. Prospector,Coup de Folie,Raise a Native,Gold Digger,Nureyev,Pasadoble,トライマイベスト,Mill Princess,Blakeney,The Dancer,Northern Dancer,South Ocean,Secretariat,Crimson Saint,His Majesty,Song Sparrow,In Reality,Alada,Northern Dancer,Special,Jefferson,Mohair,Caro,Ride the Trails,Bustino,Zerbinetta,Bold Reasoning,My Charmer,Secretariat,Lassie Dear,Raise a Native,Gold Digger,Halo,Raise the Standard
202609010211,2,ダート,1200,良,オープン,Speightstown,Charge of Angels,Gone West,Silken Cat,Distorted Humor,She's a Winner,Mr. Prospector,Secrettame,Storm Cat,Silken Doll,フォーティナイナー,Danzig's Beauty,A.P. Indy,Get Lucky,Raise a Native,Gold Digger,Secretariat,Tamerett,Storm Bird,Terlingua,Chieftain,Insilca,Mr. Prospector,File,Danzig,Sweetest Chant,Seattle Slew,Weekend Surprise,Mr. Prospector,Dance Number,Native Dancer,Raise You,Nashua,Sequence,Bold Ruler,Somethingroyal,Tim Tam,Mixed Marriage,Northern Dancer,South Ocean,Secretariat,Crimson Saint,Bold Ruler,Pocahontas,Buckpasser,Copper Canyon,Raise a Native,Gold Digger,Tom Rolfe,Continue,Northern Dancer,Pas de Nom,Mr. Leader,Gay Sonnet,Bold Reasoning,My Charmer,Secretariat,Lassie Dear,Raise a Native,Gold Digger,Northern Dancer,Numbered Account
202609010211,3,ダート,1200,良,オープン,ラニ,サンバホイッスル,Tapit,ヘヴンリーロマンス,サウスヴィグラス,チャームカーニバル,Pulpit,Tap Your Heels,サンデーサイレンス,ファーストアクト,エンドスウィープ,ダーケストスター,アサティス,リップスティック,A.P. Indy,Preach,Unbridled,Ruby Slippers,Halo,Wishing Well,Sadler's Wells,Arkadina,フォーティナイナー,Broom Dance,Star de Naskra,Minnie Riperton,Topsider,Secret Asset,キャタオラ,イスズアロー,Seattle Slew,Weekend Surprise,Mr. Prospector,Narrate,Fappiano,Gana Facil,Nijinsky,Moon Glitter,Hail to Reason,Cosmah,Understanding,Mountain Flower,Northern Dancer,Fairy Bridge,Ribot,Natashka,Mr. Prospector,File,Dance Spell,Witching Hour,Naskra,Candle Star,Cornish Prince,English Harbor,Northern Dancer,Drumtop,Graustark,Numbered Account,Never Bend,Silent Beauty,アローエクスプレス,イスズヒメ
202609010211,4,ダート,1200,良,オープン,コパノリッキー,チャーリーズ,ゴールドアリュール,コパノニキータ,キングカメハメハ,タガノチャーリーズ,サンデーサイレンス,ニキーヤ,ティンバーカントリー,ニホンピロローズ,Kingmambo,マンファス,Saint Ballado,Charlies Paradise,Halo,Wishing Well,Nureyev,Reluctant Guest,Woodman,Fall Aspen,トニービン,ウェディングブーケ,Mr. Prospector,Miesque,ラストタイクーン,Pilot Bird,Halo,Ballade,Winrightt,Rajab's Treasure,Hail to Reason,Cosmah,Understanding,Mountain Flower,Northern Dancer,Special,Hostage,Vaguely Royal,Mr. Prospector,プレイメイト,Pretense,Change Water,カンパラ,Severn Bridge,リアルシャダイ,アリーウイン,Raise a Native,Gold Digger,Nureyev,Pasadoble,トライマイベスト,Mill Princess,Blakeney,The Dancer,Hail to Reason,Cosmah,Herbager,Miss Swapsco,Distinctive,Fleet Lygia,Rajab,Yeroque
202609010211,5,ダート,1200,良,オープン,バトルプラン,サリール,エンパイアメーカー,Flanders,スペシャルウィーク,ファーストセーラ,Unbridled,Toussaud,Seeking the Gold,Starlet Storm,サンデーサイレンス,キャンペンガール,ミルジョージ,セニヨーラ,Fappiano,Gana Facil,El Gran Senor,Image of Reality,Mr. Prospector,Con Game,Storm Bird,Cinegita,Halo,Wishing Well,マルゼンスキー,レディーシラオキ,Mill Reef,Miss Charisma,Conquistador Cielo,Very Special Lady,Mr. Prospector,Killaloe,Le Fabuleux,Charedi,Northern Dancer,Sex Appeal,In Reality,Edee's Image,Raise a Native,Gold Digger,Buckpasser,Broadway,Northern Dancer,South Ocean,Secretariat,Wanika,Hail to Reason,Cosmah,Understanding,Mountain Flower,Nijinsky,シル,セントクレスピン,ミスアシヤガワ,Never Bend,Milan Mill,Ragusa,マタテイナ,Mr. Prospector,K D Princess,Buckpasser,Midway Island
202609010211,6,ダート,1200,良,オープン,ダノンレジェンド,ジョーカルーア,Macho Uno,マイグッドネス,ジョーカプチーノ,ジョーイロンデル,Holy Bull,Primal Force,Storm Cat,Caressing,マンハッタンカフェ,ジョープシケ,クロフネ,ジョーテンオン,Great Above,Sharon Brown,Blushing Groom,Prime Prospect,Storm Bird,Terlingua,Honour and Glory,Lovin Touch,サンデーサイレンス,サトルチェンジ,フサイチコンコルド,ジョーユーチャリス,フレンチデピュティ,ブルーアヴェニュー,サンデーサイレンス,サクラギャル,Minnesota Mac,Ta Wee,Al Hattab,Agathea's Dawn,Red God,Runaway Bride,Mr. Prospector,Square Generation,Northern Dancer,South Ocean,Secretariat,Crimson Saint,Relaunch,Fair to All,Majestic Prince,Forest Princess,Halo,Wishing Well,Law Society,Santa Luciana,Caerleon,バレークイーン,トウショウボーイ,ジョーバブーン,Deputy Minister,Mitterand,Classic Go Go,Eliza Blue,Halo,Wishing Well,ノーザンテースト,シヤダイアンブリー
202609010211,7,ダート,1200,良,オープン,Frosted,Miss Malibu,Tapit,Fast Cookie,Into Mischief,Malibu Pier,Pulpit,Tap Your Heels,Deputy Minister,Fleet Lady,Harlan's Holiday,Leslie's Lady,Malibu Moon,Blue Moon,A.P. Indy,Preach,Unbridled,Ruby Slippers,Vice Regent,Mint Copy,Avenue of Flags,ディアーミミ,Harlan,Christmas in Aiken,Tricky Creek,Crystal Lady,A.P. Indy,Macoumba,Lomitas,To the Rainbow,Seattle Slew,Weekend Surprise,Mr. Prospector,Narrate,Fappiano,Gana Facil,Nijinsky,Moon Glitter,Northern Dancer,Victoria Regina,Bunty's Flight,Shakney,Seattle Slew,Beautiful Glass,Roberto,Carnival Princess,Storm Cat,Country Romance,Affirmed,Dowager,Clever Trick,Battle Creek Girl,Stop the Music,One Last Bird,Seattle Slew,Weekend Surprise,Mr. Prospector,Maximova,Niniski,La Colorada,Rainbow Quest,Trelex
202609010211,8,ダート,1200,良,オープン,Into Mischief,Zapara,Harlan's Holiday,Leslie's Lady,Not for Love,Play all Day,Harlan,Christmas in Aiken,Tricky Creek,Crystal Lady,Mr. Prospector,Dance Number,Steady Growth,Playful Spirit,Storm Cat,Country Romance,Affirmed,Dowager,Clever Trick,Battle Creek Girl,Stop the Music,One Last Bird,Raise a Native,Gold Digger,Northern Dancer,Numbered Account,Briartic,Crelita,Bold Hour,Shy Spirit,Storm Bird,Terlingua,Halo,Sweet Romance,Exclusive Native,Won't Tell You,Honest Pleasure,Princessnesian,Icecapade,Kankakee Miss,His Majesty,Far Beyond,Hail to Reason,Bebopper,One for All,Last Bird,Native Dancer,Raise You,Nashua,Sequence,Nearctic,Natalma,Buckpasser,Intriguing,Nearctic,Sweet Lady Briar,Crepello,Carmelita,Bold Ruler,Seven Thirty,パーソナリティ,Cool Mood
202609010211,9,ダート,1200,良,オープン,Into Mischief,Separationofpowers,Harlan's Holiday,Leslie's Lady,Candy Ride,Shehadmefromhello,Harlan,Christmas in Aiken,Tricky Creek,Crystal Lady,Ride the Rails,Candy Girl,エンパイアメーカー,Lasting Code,Storm Cat,Country Romance,Affirmed,Dowager,Clever Trick,Battle Creek Girl,Stop the Music,One Last Bird,Cryptoclearance,Herbalesian,Candy Stripes,City Girl,Unbridled,Toussaud,Lost Code,Cajun Nite Lady,Storm Bird,Terlingua,Halo,Sweet Romance,Exclusive Native,Won't Tell You,Honest Pleasure,Princessnesian,Icecapade,Kankakee Miss,His Majesty,Far Beyond,Hail to Reason,Bebopper,One for All,Last Bird,Fappiano,Naval Orange,Herbager,Alanesian,Blushing Groom,バブルカンパニー,Farnesio,Cithara,Fappiano,Gana Facil,El Gran Senor,Image of Reality,Codex,Loss Or Gain,オジジアン,Lady Hardwick
202609010211,10,ダート,1200,良,オープン,ディープインパクト,ケイアイガーベラ,サンデーサイレンス,ウインドインハーヘア,Smarty Jones,アンナステルツ,Halo,Wishing Well,Alzao,Burghclere,Elusive Quality,I'll Get Along,Danzig,Edge,Hail to Reason,Cosmah,Understanding,Mountain Flower,Lyphard,Lady Rebecca,Busted,Highclere,Gone West,Touch of Greatness,Smile,Dont Worry Bout Me,Northern Dancer,Pas de Nom,Damascus,Ponte Vecchio,Turn-to,Nothirdchance,Cosmic Bomb,Almahmoud,Promised Land,Pretty Ways,Montparnasse,Edelweiss,Northern Dancer,Goofed,Sir Ivor,Pocahontas,Crepello,Sans le Sou,Queen's Hussar,Highlight,Mr. Prospector,Secrettame,Hero's Honor,Ivory Wand,In Reality,Sunny Smile,Foolish Pleasure,Stolen Base,Nearctic,Natalma,Admiral's Voyage,Petitioner,Sword Dancer,Kerala,Round Table,Terentia
202609010211,11,ダート,1200,良,オープン,ドレフォン,アンデスクイーン,Gio Ponti,Eltimaas,タートルボウル,レイナカスターニャ,Tale of the Cat,Chipeta Springs,Ghostzapper,Najecam,Dyhim Diamond,Clara Bow,キングカメハメハ,ナスカ,Storm Cat,Yarn,Alydar,Salt Spring,Awesome Again,Baby Zip,Trempolino,Sue Warner,Night Shift,Happy Landing,Top Ville,Kamiya,Kingmambo,マンファス,サンデーサイレンス,アンデスレディー,Storm Bird,Terlingua,Mr. Prospector,Narrate,Raise a Native,Sweet Tooth,Salt Marsh,Jungle Mythologic,Deputy Minister,Primal Force,Relaunch,Thirty Zip,Sharpen Up,Trephine,Forli,Bitty Girl,Northern Dancer,Ciboulette,Homing,Laughing Goddess,High Top,Sega Ville,Kalamoun,Shahinaaz,Mr. Prospector,Miesque,ラストタイクーン,Pilot Bird,Halo,Wishing Well,ノーザンテースト,ペルースポート
202609010211,12,ダート,1200,良,オープン,ドレフォン,ポプラ,Gio Ponti,Eltimaas,Frankel,ハーフムーン,Tale of the Cat,Chipeta Springs,Ghostzapper,Najecam,Galileo,Kind,Duke of Marmalade,Quarter moon,Storm Cat,Yarn,Alydar,Salt Spring,Awesome Again,Baby Zip,Trempolino,Sue Warner,Sadler's Wells,Urban Sea,デインヒル,Rainbow Lake,デインヒル,Love Me True,Sadler's Wells,Jude,Storm Bird,Terlingua,Mr. Prospector,Narrate,Raise a Native,Sweet Tooth,Salt Marsh,Jungle Mythologic,Deputy Minister,Primal Force,Relaunch,Thirty Zip,Sharpen Up,Trephine,Forli,Bitty Girl,Northern Dancer,Fairy Bridge,Miswaki,Allegretta,Danzig,Razyana,Rainbow Quest,Rockfest,Danzig,Razyana,Kingmambo,Lassie's Lady,Northern Dancer,Fairy Bridge,Darshaan,Alruccaba
202609010212,1,ダート,1400,良,2勝クラス,ベストウォーリア,メリーウェザー,マジェスティックウォリアー,フラーテイシャスミス,メジロベイリー,パシフィックベル,A.P. Indy,Dream Supreme,Mr. Greeley,Seductive Smile,サンデーサイレンス,レールデュタン,アフリート,ザスキート,Seattle Slew,Weekend Surprise,Seeking the Gold,Spinning Round,Gone West,Long Legend,Silver Hawk,Exit Smiling,Halo,Wishing Well,マルゼンスキー,ケイツナミ,Mr. Prospector,Polite Lady,Nureyev,Shoot a Line,Bold Reasoning,My Charmer,Secretariat,Lassie Dear,Mr. Prospector,Con Game,Dixieland Band,Take Heart,Mr. Prospector,Secrettame,Reviewer,Lianga,Roberto,Gris Vitesse,Stage Door Johnny,Chandelier,Hail to Reason,Cosmah,Understanding,Mountain Flower,Nijinsky,シル,ラディガ,ハイビスカス,Raise a Native,Gold Digger,Venetian Jester,Friendly Ways,Northern Dancer,Special,High Line,Death Ray
202609010212,2,ダート,1400,良,2勝クラス,ダイワメジャー,ルリオン,サンデーサイレンス,スカーレットブーケ,キングカメハメハ,クロスウォーター,Halo,Wishing Well,ノーザンテースト,スカーレットインク,Kingmambo,マンファス,Storm Cat,Bay Harbor,Hail to Reason,Cosmah,Understanding,Mountain Flower,Northern Dancer,Lady Victoria,Crimson Satan,Consentida,Mr. Prospector,Miesque,ラストタイクーン,Pilot Bird,Storm Bird,Terlingua,フォーティナイナー,Harbor Springs,Turn-to,Nothirdchance,Cosmic Bomb,Almahmoud,Promised Land,Pretty Ways,Montparnasse,Edelweiss,Nearctic,Natalma,Victoria Park,Lady Angela,Spy Song,Papila,Beau Max,La Menina,Raise a Native,Gold Digger,Nureyev,Pasadoble,トライマイベスト,Mill Princess,Blakeney,The Dancer,Northern Dancer,South Ocean,Secretariat,Crimson Saint,Mr. Prospector,File,Vice Regent,Tinnitus
202609010212,3,ダート,1400,良,2勝クラス,モーニン,チェインブラッド,ヘニーヒューズ,Giggly,マンハッタンカフェ,ナスキ,ヘネシー,Meadow Flyer,Distorted Humor,Chaste,サンデーサイレンス,サトルチェンジ,Nashwan,Calpella,Storm Cat,Island Kitty,Meadowlake,Shortley,フォーティナイナー,Danzig's Beauty,Cozzene,Purity,Halo,Wishing Well,Law Society,Santa Luciana,Blushing Groom,Height of Fashion,Ajdal,Calandra,Storm Bird,Terlingua,Hawaii,T. C. Kitten,Hold Your Peace,Suspicious Native,Hagley,Short Winded,Mr. Prospector,File,Danzig,Sweetest Chant,Caro,Ride the Trails,Fappiano,Dame Mysterieuse,Hail to Reason,Cosmah,Understanding,Mountain Flower,Alleged,Bold Bikini,Luciano,Suleika,Red God,Runaway Bride,Bustino,Highclere,Northern Dancer,Native Partner,Sir Ivor,Intrepid Lady
202609010212,4,ダート,1400,良,2勝クラス,モーニン,スルーレート,ヘニーヒューズ,Giggly,フレンチデピュティ,スルーオール,ヘネシー,Meadow Flyer,Distorted Humor,Chaste,Deputy Minister,Mitterand,Seattle Slew,Over All,Storm Cat,Island Kitty,Meadowlake,Shortley,フォーティナイナー,Danzig's Beauty,Cozzene,Purity,Vice Regent,Mint Copy,Hold Your Peace,Laredo Lass,Bold Reasoning,My Charmer,Mr. Prospector,Full Tigress,Storm Bird,Terlingua,Hawaii,T. C. Kitten,Hold Your Peace,Suspicious Native,Hagley,Short Winded,Mr. Prospector,File,Danzig,Sweetest Chant,Caro,Ride the Trails,Fappiano,Dame Mysterieuse,Northern Dancer,Victoria Regina,Bunty's Flight,Shakney,Speak John,Blue Moon,Bold Ruler,Fortunate Isle,Boldnesian,Reason to Earn,Poker,Fair Charmer,Raise a Native,Gold Digger,El Tigre Grande,Miss Fullhouse
202609010212,5,ダート,1400,良,2勝クラス,サートゥルナーリア,エピストロフィー,ロードカナロア,シーザリオ,Charm Spirit,Cheriearch,キングカメハメハ,レディブラッサム,スペシャルウィーク,キロフプリミエール,Invincible Spirit,L'Enjoleuse,Arch,Cherish Destiny,Kingmambo,マンファス,Storm Cat,サラトガデュー,サンデーサイレンス,キャンペンガール,Sadler's Wells,Querida,Green Desert,Rafha,モンジュー,Machaera,Kris S.,Aurora,Grand Slam,Silver Hiawatha,Mr. Prospector,Miesque,ラストタイクーン,Pilot Bird,Storm Bird,Terlingua,Cormorant,Super Luna,Halo,Wishing Well,マルゼンスキー,レディーシラオキ,Northern Dancer,Fairy Bridge,Habitat,Principia,Danzig,Foreign Courier,Kris,Eljazzi,Sadler's Wells,Floripedes,Machiavellian,Somfas,Roberto,Sharp Queen,Danzig,Althea,Gone West,Bright Candles,Silver Buck,Seminole Girl
202609010212,6,ダート,1400,良,2勝クラス,リアルスティール,アイリッシュシー,ディープインパクト,ラヴズオンリーミー,Galileo,Fire Lily,サンデーサイレンス,ウインドインハーヘア,Storm Cat,Monevassia,Sadler's Wells,Urban Sea,Dansili,Beauty Is Truth,Halo,Wishing Well,Alzao,Burghclere,Storm Bird,Terlingua,Mr. Prospector,Miesque,Northern Dancer,Fairy Bridge,Miswaki,Allegretta,デインヒル,Hasili,Pivotal,Zelding,Hail to Reason,Cosmah,Understanding,Mountain Flower,Lyphard,Lady Rebecca,Busted,Highclere,Northern Dancer,South Ocean,Secretariat,Crimson Saint,Raise a Native,Gold Digger,Nureyev,Pasadoble,Nearctic,Natalma,Bold Reason,Special,Mr. Prospector,Hopespringseternal,Lombard,Anatevka,Danzig,Razyana,Kahyasi,Kerali,Polar Falcon,Fearless Revival,ウォーニング,Zelda
202609010212,7,ダート,1400,良,2勝クラス,ラブリーデイ,フィリス,キングカメハメハ,ポップコーンジャズ,アフリート,フィラストリート,Kingmambo,マンファス,ダンスインザダーク,グレイスルーマー,Mr. Prospector,Polite Lady,Cozzene,Phydilla,Mr. Prospector,Miesque,ラストタイクーン,Pilot Bird,サンデーサイレンス,ダンシングキイ,トニービン,ディスクジョッキー,Raise a Native,Gold Digger,Venetian Jester,Friendly Ways,Caro,Ride the Trails,Lyphard,Godzilla,Raise a Native,Gold Digger,Nureyev,Pasadoble,トライマイベスト,Mill Princess,Blakeney,The Dancer,Halo,Wishing Well,Nijinsky,Key Partner,カンパラ,Severn Bridge,リアルシャダイ,シャダイチャッター,Native Dancer,Raise You,Nashua,Sequence,Tom Fool,Venice,Green Ticket,Ways to Learn,フォルティノ,Chambord,Prince John,Wildwook,Northern Dancer,Goofed,Gyr,Gently
202609010212,8,ダート,1400,良,2勝クラス,エイシンヒカリ,スナークスズラン,ディープインパクト,キャタリナ,ダンシングブレーヴ,フリートレガッタ,サンデーサイレンス,ウインドインハーヘア,Storm Cat,Carolina Saga,Lyphard,Navajo Princess,リアルシャダイ,ダイナフリート,Halo,Wishing Well,Alzao,Burghclere,Storm Bird,Terlingua,Caro,Key to the Saga,Northern Dancer,Goofed,Drone,Olmec,Roberto,Desert Vixen,エルセンタウロ,ロイヤルレジナ,Hail to Reason,Cosmah,Understanding,Mountain Flower,Lyphard,Lady Rebecca,Busted,Highclere,Northern Dancer,South Ocean,Secretariat,Crimson Saint,フォルティノ,Chambord,Key to the Mint,Sea Saga,Nearctic,Natalma,Court Martial,Barra,Sir Gaylord,Cap and Bells,Pago Pago,Chocolate Beau,Hail to Reason,Bramalea,In Reality,Desert Trial,Sideral,Planetaria,Fleet Nasrullah,Fine Catch
202609010212,9,ダート,1400,良,2勝クラス,パドトロワ,シンデレラロマンス,スウェプトオーヴァーボード,グランパドドゥ,Elusive Quality,シンディ,エンドスウィープ,Sheer Ice,フジキセキ,スターバレリーナ,Gone West,Touch of Greatness,A.P. Indy,Dance Design,フォーティナイナー,Broom Dance,Cutlass,Hey Dolly A.,サンデーサイレンス,ミルレーサー,Risen Star,ベリアーニ,Mr. Prospector,Secrettame,Hero's Honor,Ivory Wand,Seattle Slew,Weekend Surprise,Sadler's Wells,Elegance in Design,Mr. Prospector,File,Dance Spell,Witching Hour,Damascus,Aphonia,Ambehaving,Swift Deal,Halo,Wishing Well,Le Fabuleux,Marston's Mill,Secretariat,Ribbon,Nureyev,Eleven Pleasures,Raise a Native,Gold Digger,Secretariat,Tamerett,Northern Dancer,Glowing Tribute,Sir Ivor,Natashka,Bold Reasoning,My Charmer,Secretariat,Lassie Dear,Northern Dancer,Fairy Bridge,Habitat,Areola
202609010212,10,ダート,1400,良,2勝クラス,ドレフォン,プントバンコ,Gio Ponti,Eltimaas,フジキセキ,ポリーズフリート,Tale of the Cat,Chipeta Springs,Ghostzapper,Najecam,サンデーサイレンス,ミルレーサー,アフリート,Polly's Harde,Storm Cat,Yarn,Alydar,Salt Spring,Awesome Again,Baby Zip,Trempolino,Sue Warner,Halo,Wishing Well,Le Fabuleux,Marston's Mill,Mr. Prospector,Polite Lady,Lyphard,Polly's Girl,Storm Bird,Terlingua,Mr. Prospector,Narrate,Raise a Native,Sweet Tooth,Salt Marsh,Jungle Mythologic,Deputy Minister,Primal Force,Relaunch,Thirty Zip,Sharpen Up,Trephine,Forli,Bitty Girl,Hail to Reason,Cosmah,Understanding,Mountain Flower,Wild Risk,Anguar,In Reality,Millicent,Raise a Native,Gold Digger,Venetian Jester,Friendly Ways,Northern Dancer,Goofed,Hard Tack,Polly Macaw
202609010212,11,ダート,1400,良,2勝クラス,ドレフォン,アカカホール,Gio Ponti,Eltimaas,ダイワメジャー,フォーティカラーズ,Tale of the Cat,Chipeta Springs,Ghostzapper,Najecam,サンデーサイレンス,スカーレットブーケ,フォーティナイナー,ダンジグカラーズ,Storm Cat,Yarn,Alydar,Salt Spring,Awesome Again,Baby Zip,Trempolino,Sue Warner,Halo,Wishing Well,ノーザンテースト,スカーレットインク,Mr. Prospector,File,Danzig,Winning Colors,Storm Bird,Terlingua,Mr. Prospector,Narrate,Raise a Native,Sweet Tooth,Salt Marsh,Jungle Mythologic,Deputy Minister,Primal Force,Relaunch,Thirty Zip,Sharpen Up,Trephine,Forli,Bitty Girl,Hail to Reason,Cosmah,Understanding,Mountain Flower,Northern Dancer,Lady Victoria,Crimson Satan,Consentida,Raise a Native,Gold Digger,Tom Rolfe,Continue,Northern Dancer,Pas de Nom,Caro,All Rainbows
202609010212,12,ダート,1400,良,2勝クラス,サトノアラジン,レジェンドトレイル,ディープインパクト,マジックストーム,フレンチデピュティ,ハッピートレイルズ,サンデーサイレンス,ウインドインハーヘア,Storm Cat,Foppy Dancer,Deputy Minister,Mitterand,ポツセ,ロイコン,Halo,Wishing Well,Alzao,Burghclere,Storm Bird,Terlingua,Fappiano,Water Dance,Vice Regent,Mint Copy,Hold Your Peace,Laredo Lass,Forli,In Hot Pursuit,High Top,Madelon,Hail to Reason,Cosmah,Understanding,Mountain Flower,Lyphard,Lady Rebecca,Busted,Highclere,Northern Dancer,South Ocean,Secretariat,Crimson Saint,Mr. Prospector,Killaloe,Nijinsky,Luiana,Northern Dancer,Victoria Regina,Bunty's Flight,Shakney,Speak John,Blue Moon,Bold Ruler,Fortunate Isle,Aristophanes,Trevisa,Bold Ruler,Lady Be Good,Derring-Do,Camenae,セントクレスピン,Azurine
202609010212,13,ダート,1400,良,2勝クラス,マクフィ,リキサンエルピーダ,Dubawi,Dhelaal,ネオユニヴァース,リキサンピュアティ,Dubai Millennium,Zomaradah,Green Desert,Irish Valley,サンデーサイレンス,ポインテッドパス,トニービン,プリンセスリーベ,Seeking the Gold,Colorado Dancer,Deploy,Jawaher,Danzig,Foreign Courier,Irish River,Green Valley,Halo,Wishing Well,Kris,Silken Way,カンパラ,Severn Bridge,ノーザンテースト,プリンセスデリーデ,Mr. Prospector,Con Game,Shareef Dancer,Fall Aspen,Shirley Heights,Slightly Dangerous,ダンシングブレーヴ,High Tern,Northern Dancer,Pas de Nom,Sir Ivor,Courtly Dee,Riverman,Irish Star,Val de Loir,Sly Pola,Hail to Reason,Cosmah,Understanding,Mountain Flower,Sharpen Up,Doubly Sure,Shantung,Boulevard,Kalamoun,State Pension,Hornbeam,Priddy Fair,Northern Dancer,Lady Victoria,Vaguely Noble,Flashy
202609010212,14,ダート,1400,良,2勝クラス,シルバーステート,ルックアミリオン,ディープインパクト,シルヴァースカヤ,フレンチデピュティ,ファストフレンド,サンデーサイレンス,ウインドインハーヘア,Silver Hawk,Boubskaia,Deputy Minister,Mitterand,アイネスフウジン,ザラストワード,Halo,Wishing Well,Alzao,Burghclere,Roberto,Gris Vitesse,Niniski,Frenetique,Vice Regent,Mint Copy,Hold Your Peace,Laredo Lass,シーホーク,テスコパール,ノーザンテースト,グロリアウエーブ,Hail to Reason,Cosmah,Understanding,Mountain Flower,Lyphard,Lady Rebecca,Busted,Highclere,Hail to Reason,Bramalea,Amerigo,Matchiche,Nijinsky,Virginia Hills,Tyrant,Femina,Northern Dancer,Victoria Regina,Bunty's Flight,Shakney,Speak John,Blue Moon,Bold Ruler,Fortunate Isle,Herbager,Sea Nymph,テスコボーイ,ムツミパール,Northern Dancer,Lady Victoria,シルバーシャーク,ブルーウェーブ
202609010212,15,ダート,1400,良,2勝クラス,イスラボニータ,ラベンダーメモリー,フジキセキ,イスラコジーン,ナカヤマフェスタ,ケイアイステルス,サンデーサイレンス,ミルレーサー,Cozzene,Isla Mujeres,ステイゴールド,ディアウィンク,マヤノトップガン,コガネパーク,Halo,Wishing Well,Le Fabuleux,Marston's Mill,Caro,Ride the Trails,Crafty Prospector,Lido Isle,サンデーサイレンス,ゴールデンサッシュ,タイトスポット,セイレイ,ブライアンズタイム,アルプミープリーズ,イルドブルボン,デイオブレコニング,Hail to Reason,Cosmah,Understanding,Mountain Flower,Wild Risk,Anguar,In Reality,Millicent,フォルティノ,Chambord,Prince John,Wildwook,Mr. Prospector,Real Crafty Lady,Far North,She Is Gorgeous,Halo,Wishing Well,ディクタス,ダイナサッシュ,His Majesty,Premium Win,デインヒル,センスオブリズム,Roberto,Kelley's Day,Blushing Groom,Swiss,Nijinsky,Roseliere,Busted,Atonement
202609010212,16,ダート,1400,良,2勝クラス,マジェスティックウォリアー,アンソロジー,A.P. Indy,Dream Supreme,サクラバクシンオー,ポップス,Seattle Slew,Weekend Surprise,Seeking the Gold,Spinning Round,サクラユタカオー,サクラハゴロモ,サンデーサイレンス,ポップシンガー,Bold Reasoning,My Charmer,Secretariat,Lassie Dear,Mr. Prospector,Con Game,Dixieland Band,Take Heart,テスコボーイ,アンジェリカ,ノーザンテースト,クリアアンバー,Halo,Wishing Well,Secretariat,Icy Pop,Boldnesian,Reason to Earn,Poker,Fair Charmer,Bold Ruler,Somethingroyal,Buckpasser,Gay Missile,Raise a Native,Gold Digger,Buckpasser,Broadway,Northern Dancer,Mississippi Mud,Secretariat,Deck Stewardess,Princely Gift,Suncourt,ネヴァービート,スターハイネス,Northern Dancer,Lady Victoria,Ambiopoise,One Clear Call,Hail to Reason,Cosmah,Understanding,Mountain Flower,Bold Ruler,Somethingroyal,Icecapade,Calaki
202609010301,1,ダート,1400,良,未勝利,ヘニーヒューズ,キョウワジャンヌ,ヘネシー,Meadow Flyer,ハーツクライ,アサカフジ,Storm Cat,Island Kitty,Meadowlake,Shortley,サンデーサイレンス,アイリッシュダンス,Seeking the Gold,Connie's Gift,Storm Bird,Terlingua,Hawaii,T. C. Kitten,Hold Your Peace,Suspicious Native,Hagley,Short Winded,Halo,Wishing Well,トニービン,ビューパーダンス,Mr. Prospector,Con Game,Nijinsky,コニーノーズ,Northern Dancer,South Ocean,Secretariat,Crimson Saint,Utrillo,Ethane,Tom Cat,Needlebug,Speak John,Blue Moon,Raise a Native,Be Suspicious,Olden Times,Teo Pepi,Harvest Singing,Wild Cloud,Hail to Reason,Cosmah,Understanding,Mountain Flower,カンパラ,Severn Bridge,Lyphard,My Bupers,Raise a Native,Gold Digger,Buckpasser,Broadway,Northern Dancer,Flaming Page,Buckpasser,Homespun
202609010301,2,ダート,1400,良,未勝利,ナダル,ベルプラージュ,Blame,Ascending Angel,キングカメハメハ,ベルフィーチャー,Arch,Liable,Pulpit,Solar Colony,Kingmambo,マンファス,アグネスタキオン,ベルクラシック,Kris S.,Aurora,Seeking the Gold,Bound,A.P. Indy,Preach,Pleasant Colony,Meteor Stage,Mr. Prospector,Miesque,ラストタイクーン,Pilot Bird,サンデーサイレンス,アグネスフローラ,A.P. Indy,ベルピアノ,Roberto,Sharp Queen,Danzig,Althea,Mr. Prospector,Con Game,Nijinsky,Special,Seattle Slew,Weekend Surprise,Mr. Prospector,Narrate,His Majesty,Sun Colony,Stage Door Johnny,Northern Meteor,Raise a Native,Gold Digger,Nureyev,Pasadoble,トライマイベスト,Mill Princess,Blakeney,The Dancer,Halo,Wishing Well,ロイヤルスキー,アグネスレディー,Seattle Slew,Weekend Surprise,Fappiano,Bel Sheba
202609010301,3,ダート,1400,良,未勝利,レイデオロ,ショウナンハイル,キングカメハメハ,ラドラーダ,ハーツクライ,ショウナンラノビア,Kingmambo,マンファス,シンボリクリスエス,レディブロンド,サンデーサイレンス,アイリッシュダンス,フレンチデピュティ,ショウナンアクシア,Mr. Prospector,Miesque,ラストタイクーン,Pilot Bird,Kris S.,Tee Kay,Seeking the Gold,ウインドインハーヘア,Halo,Wishing Well,トニービン,ビューパーダンス,Deputy Minister,Mitterand,ヘクタープロテクター,ショウナンプリティ,Raise a Native,Gold Digger,Nureyev,Pasadoble,トライマイベスト,Mill Princess,Blakeney,The Dancer,Roberto,Sharp Queen,Gold Meridian,Tri Argo,Mr. Prospector,Con Game,Alzao,Burghclere,Hail to Reason,Cosmah,Understanding,Mountain Flower,カンパラ,Severn Bridge,Lyphard,My Bupers,Vice Regent,Mint Copy,Hold Your Peace,Laredo Lass,Woodman,Korveya,ウォロー,メジロハリマ
202609010301,4,ダート,1400,良,未勝利,アドマイヤマーズ,ヴォルカン,ダイワメジャー,ヴィアメディチ,ロードカナロア,ショウナンアクト,サンデーサイレンス,スカーレットブーケ,Medicean,Via Milano,キングカメハメハ,レディブラッサム,フレンチデピュティ,ゴールデンページ,Halo,Wishing Well,ノーザンテースト,スカーレットインク,Machiavellian,Mystic Goddess,シングスピール,Salvinaxia,Kingmambo,マンファス,Storm Cat,サラトガデュー,Deputy Minister,Mitterand,サンデーサイレンス,ゴールデンリッカ,Hail to Reason,Cosmah,Understanding,Mountain Flower,Northern Dancer,Lady Victoria,Crimson Satan,Consentida,Mr. Prospector,Coup de Folie,Storm Bird,Rose Goddess,In the Wings,Glorious Song,Linamix,Salve,Mr. Prospector,Miesque,ラストタイクーン,Pilot Bird,Storm Bird,Terlingua,Cormorant,Super Luna,Vice Regent,Mint Copy,Hold Your Peace,Laredo Lass,Halo,Wishing Well,ラッキーソブリン,グロリーウエイ
202609010301,5,ダート,1400,良,未勝利,クリソベリル,プリンシアルーチェ,ゴールドアリュール,クリソプレーズ,ヘニーヒューズ,ヤサシイキモチ,サンデーサイレンス,ニキーヤ,エルコンドルパサー,キャサリーンパー,ヘネシー,Meadow Flyer,ビッグサンデー,ビッグハッピー,Halo,Wishing Well,Nureyev,Reluctant Guest,Kingmambo,サドラーズギャル,Riverman,Regal Exception,Storm Cat,Island Kitty,Meadowlake,Shortley,サンデーサイレンス,キタノオゴジョ,アフリート,モルゲンロート,Hail to Reason,Cosmah,Understanding,Mountain Flower,Northern Dancer,Special,Hostage,Vaguely Royal,Mr. Prospector,Miesque,Sadler's Wells,Glenveagh,Never Bend,River Lady,Ribot,Rajput Princess,Storm Bird,Terlingua,Hawaii,T. C. Kitten,Hold Your Peace,Suspicious Native,Hagley,Short Winded,Halo,Wishing Well,トウショウボーイ,キタノベンチャー,Mr. Prospector,Polite Lady,マルゼンスキー,サンライトリバー
202609010301,6,ダート,1400,良,未勝利,マジェスティックウォリアー,ウィッシュハピネス,A.P. Indy,Dream Supreme,ゴールドアリュール,フロムスクラッチ,Seattle Slew,Weekend Surprise,Seeking the Gold,Spinning Round,サンデーサイレンス,ニキーヤ,Grand Slam,Snow Dance,Bold Reasoning,My Charmer,Secretariat,Lassie Dear,Mr. Prospector,Con Game,Dixieland Band,Take Heart,Halo,Wishing Well,Nureyev,Reluctant Guest,Gone West,Bright Candles,Forest Wildcat,Northern Pageant,Boldnesian,Reason to Earn,Poker,Fair Charmer,Bold Ruler,Somethingroyal,Buckpasser,Gay Missile,Raise a Native,Gold Digger,Buckpasser,Broadway,Northern Dancer,Mississippi Mud,Secretariat,Deck Stewardess,Hail to Reason,Cosmah,Understanding,Mountain Flower,Northern Dancer,Special,Hostage,Vaguely Royal,Mr. Prospector,Secrettame,El Gran Senor,Christmas Bonus,Storm Cat,Victoria Beauty,Spectacular Bid,Northern Sea
202609010301,7,ダート,1400,良,未勝利,モズアスコット,ジークイーン,Frankel,India,ケープブランコ,Vivalita,Galileo,Kind,ヘネシー,Misty Hour,Galileo,Laurel Delight,Deputy Minister,Viva Sec,Sadler's Wells,Urban Sea,デインヒル,Rainbow Lake,Storm Cat,Island Kitty,Miswaki,Our Tina Marie,Sadler's Wells,Urban Sea,Presidium,Foudroyer,Vice Regent,Mint Copy,Secretariat,Viva La Vivi,Northern Dancer,Fairy Bridge,Miswaki,Allegretta,Danzig,Razyana,Rainbow Quest,Rockfest,Storm Bird,Terlingua,Hawaii,T. C. Kitten,Mr. Prospector,Hopespringseternal,Nijinsky,Java Moon,Northern Dancer,Fairy Bridge,Miswaki,Allegretta,General Assembly,Doubly Sure,アーテイアス,Foudre,Northern Dancer,Victoria Regina,Bunty's Flight,Shakney,Bold Ruler,Somethingroyal,Royal Note,Draego
202609010301,8,ダート,1400,良,未勝利,モズアスコット,タイムピース,Frankel,India,ルーラーシップ,エアラグーン,Galileo,Kind,ヘネシー,Misty Hour,キングカメハメハ,エアグルーヴ,サンデーサイレンス,アイドリームドアドリーム,Sadler's Wells,Urban Sea,デインヒル,Rainbow Lake,Storm Cat,Island Kitty,Miswaki,Our Tina Marie,Kingmambo,マンファス,トニービン,ダイナカール,Halo,Wishing Well,Well Decorated,Hidden Trail,Northern Dancer,Fairy Bridge,Miswaki,Allegretta,Danzig,Razyana,Rainbow Quest,Rockfest,Storm Bird,Terlingua,Hawaii,T. C. Kitten,Mr. Prospector,Hopespringseternal,Nijinsky,Java Moon,Mr. Prospector,Miesque,ラストタイクーン,Pilot Bird,カンパラ,Severn Bridge,ノーザンテースト,シャダイフェザー,Hail to Reason,Cosmah,Understanding,Mountain Flower,Raja Baba,Paris Breeze,Gleaming,Tobacco Trail
202609010301,9,ダート,1400,良,未勝利,フォーウィールドライブ,ルンルンキャット,American Pharoah,Funfair,キングヘイロー,ホッコーユニバース,Pioneerof the Nile,Littleprincessemma,More Than Ready,Fleuron,ダンシングブレーヴ,グッバイヘイロー,アグネスタキオン,ウイングドキャット,エンパイアメーカー,Star of Goshen,Yankee Gentleman,Exclusive Rosette,サザンヘイロー,Woodman's Girl,Distant View,Flamboyance,Lyphard,Navajo Princess,Halo,Pound Foolish,サンデーサイレンス,アグネスフローラ,Storm Cat,Winglet,Unbridled,Toussaud,Lord at War,Castle Eight,Storm Cat,Key Phrase,Ecliptical,Zetta Jet,Halo,Northern Sea,Woodman,Becky Be Good,Mr. Prospector,Seven Springs,Zilzal,Bridal Wreath,Northern Dancer,Goofed,Drone,Olmec,Hail to Reason,Cosmah,Sir Ivor,Squander,Halo,Wishing Well,ロイヤルスキー,アグネスレディー,Storm Bird,Terlingua,Alydar,Highest Trump
202609010301,10,ダート,1400,良,未勝利,タイセイレジェンド,ブラウンキャビア,キングカメハメハ,シャープキック,Kodiac,Cassava,Kingmambo,マンファス,メジロマックイーン,ペッパーキャロル,デインヒル,Rafha,Vettori,Maycocks Bay,Mr. Prospector,Miesque,ラストタイクーン,Pilot Bird,メジロティターン,メジロオーロラ,ニチドウアラシ,ダイナキャロル,Danzig,Razyana,Kris,Eljazzi,Machiavellian,Air Distingue,Muhtarram,Beacon,Raise a Native,Gold Digger,Nureyev,Pasadoble,トライマイベスト,Mill Princess,Blakeney,The Dancer,メジロアサマ,シエリル,リマンド,メジロアイリス,ボールドアンドエイブル,シャトーローズ,ノーザンテースト,クレアーブリッジ,Northern Dancer,Pas de Nom,His Majesty,Spring Adieu,Sharpen Up,Doubly Sure,アーテイアス,Border Bounty,Mr. Prospector,Coup de Folie,Sir Ivor,Euryanthe,Alleged,Ballet de France,High Top,Mountain Lodge
202609010301,11,ダート,1400,良,未勝利,アルアイン,スターライトピンク,ディープインパクト,ドバイマジェスティ,バゴ,ピンクベリーニ,サンデーサイレンス,ウインドインハーヘア,Essence of Dubai,Great Majesty,Nashwan,Moonlight's Box,フジキセキ,フラライン,Halo,Wishing Well,Alzao,Burghclere,Pulpit,Epitome,Great Above,Mistic Majesty,Blushing Groom,Height of Fashion,Nureyev,Coup de Genie,サンデーサイレンス,ミルレーサー,Distorted Humor,Call Me Granny,Hail to Reason,Cosmah,Understanding,Mountain Flower,Lyphard,Lady Rebecca,Busted,Highclere,A.P. Indy,Preach,Summing,Honest and True,Minnesota Mac,Ta Wee,His Majesty,Necaras Miss,Red God,Runaway Bride,Bustino,Highclere,Northern Dancer,Special,Mr. Prospector,Coup de Folie,Halo,Wishing Well,Le Fabuleux,Marston's Mill,フォーティナイナー,Danzig's Beauty,Slew City Slew,Granny Calling
202609010301,12,ダート,1400,良,未勝利,リアルスティール,ジャミン,ディープインパクト,ラヴズオンリーミー,エンパイアメーカー,ボールルーム,サンデーサイレンス,ウインドインハーヘア,Storm Cat,Monevassia,Unbridled,Toussaud,Storm Cat,Virginia Waters,Halo,Wishing Well,Alzao,Burghclere,Storm Bird,Terlingua,Mr. Prospector,Miesque,Fappiano,Gana Facil,El Gran Senor,Image of Reality,Storm Bird,Terlingua,Kingmambo,Legend Maker,Hail to Reason,Cosmah,Understanding,Mountain Flower,Lyphard,Lady Rebecca,Busted,Highclere,Northern Dancer,South Ocean,Secretariat,Crimson Saint,Raise a Native,Gold Digger,Nureyev,Pasadoble,Mr. Prospector,Killaloe,Le Fabuleux,Charedi,Northern Dancer,Sex Appeal,In Reality,Edee's Image,Northern Dancer,South Ocean,Secretariat,Crimson Saint,Mr. Prospector,Miesque,Sadler's Wells,High Spirited
202609010301,13,ダート,1400,良,未勝利,マクフィ,ペイシャドリーム,Dubawi,Dhelaal,ディープブリランテ,ドリームプレイ,Dubai Millennium,Zomaradah,Green Desert,Irish Valley,ディープインパクト,ラヴアンドバブルズ,コマンダーインチーフ,シネマライフ,Seeking the Gold,Colorado Dancer,Deploy,Jawaher,Danzig,Foreign Courier,Irish River,Green Valley,サンデーサイレンス,ウインドインハーヘア,Loup Sauvage,バブルドリーム,ダンシングブレーヴ,Slightly Dangerous,マルゼンスキー,デイオラマ,Mr. Prospector,Con Game,Shareef Dancer,Fall Aspen,Shirley Heights,Slightly Dangerous,ダンシングブレーヴ,High Tern,Northern Dancer,Pas de Nom,Sir Ivor,Courtly Dee,Riverman,Irish Star,Val de Loir,Sly Pola,Halo,Wishing Well,Alzao,Burghclere,Riverman,Louveterie,Akarad,バブルプロスペクター,Lyphard,Navajo Princess,Roberto,Where You Lead,Nijinsky,シル,Secretariat,Diomedia
202609010301,14,ダート,1400,良,未勝利,ルヴァンスレーヴ,オートルフィーユ,シンボリクリスエス,マエストラーレ,アイルハヴアナザー,プリンセスゴールド,Kris S.,Tee Kay,ネオユニヴァース,オータムブリーズ,Flower Alley,Arch's Gal Edith,サンデーサイレンス,ゴールデンサッシュ,Roberto,Sharp Queen,Gold Meridian,Tri Argo,サンデーサイレンス,ポインテッドパス,ティンバーカントリー,セプテンバーソング,Distorted Humor,プリンセスオリビア,Arch,Force Five Gal,Halo,Wishing Well,ディクタス,ダイナサッシュ,Hail to Reason,Bramalea,Princequillo,Bridgework,Seattle Slew,Queen Louie,Tri Jet,Hail Proudly,Halo,Wishing Well,Kris,Silken Way,Woodman,Fall Aspen,リアルシャダイ,ダイナフェアリー,フォーティナイナー,Danzig's Beauty,Lycius,Dance Image,Kris S.,Aurora,Pleasant Tap,Last Cause,Hail to Reason,Cosmah,Understanding,Mountain Flower,Sanctus,Doronic,ノーザンテースト,ロイヤルサッシュ
202609010301,15,ダート,1400,良,未勝利,ダノンスマッシュ,コマノスクアーロ,ロードカナロア,スピニングワイルドキャット,ゼンノロブロイ,コマノマコ,キングカメハメハ,レディブラッサム,Hard Spun,Hollywood Wildcat,サンデーサイレンス,ローミンレイチェル,フォーティナイナー,リンデンジョオー,Kingmambo,マンファス,Storm Cat,サラトガデュー,Danzig,Turkish Tryst,Kris S.,Miss Wildcatter,Halo,Wishing Well,マイニング,One Smart Lady,Mr. Prospector,File,リアルシャダイ,リンデンリリー,Mr. Prospector,Miesque,ラストタイクーン,Pilot Bird,Storm Bird,Terlingua,Cormorant,Super Luna,Northern Dancer,Pas de Nom,Turkoman,Darbyvail,Roberto,Sharp Queen,Mr. Prospector,Elizabeth K.,Hail to Reason,Cosmah,Understanding,Mountain Flower,Mr. Prospector,I Pass,Clever Trick,Pia's Lady,Raise a Native,Gold Digger,Tom Rolfe,Continue,Roberto,Desert Vixen,ミルジョージ,ラドンナリリー
202609010301,16,ダート,1400,良,未勝利,カレンブラックヒル,ハナズルナピエナ,ダイワメジャー,チャールストンハーバー,アドマイヤムーン,ウインディーパレード,サンデーサイレンス,スカーレットブーケ,Grindstone,Penny's Valentine,エンドスウィープ,マイケイティーズ,Kris S.,Banner Dancer,Halo,Wishing Well,ノーザンテースト,スカーレットインク,Unbridled,Buzz My Bell,Storm Cat,Mrs. Penny,フォーティナイナー,Broom Dance,サンデーサイレンス,ケイティーズファースト,Roberto,Sharp Queen,Danzig,Nalees Flying Flag,Hail to Reason,Cosmah,Understanding,Mountain Flower,Northern Dancer,Lady Victoria,Crimson Satan,Consentida,Fappiano,Gana Facil,Drone,Chateaupavia,Storm Bird,Terlingua,Great Nephew,Tananarive,Mr. Prospector,File,Dance Spell,Witching Hour,Halo,Wishing Well,Kris,Katies,Hail to Reason,Bramalea,Princequillo,Bridgework,Northern Dancer,Pas de Nom,Hoist the Flag,Nalee
202609010302,1,ダート,1800,良,未勝利,ホッコータルマエ,アグネスダリム,キングカメハメハ,マダムチェロキー,ゴールドアリュール,アグネスパサー,Kingmambo,マンファス,Cherokee Run,アンフォイルド,サンデーサイレンス,ニキーヤ,エルコンドルパサー,アグネスセレーネー,Mr. Prospector,Miesque,ラストタイクーン,Pilot Bird,Runaway Groom,Cherokee Dame,Unbridled,Bold Foil,Halo,Wishing Well,Nureyev,Reluctant Guest,Kingmambo,サドラーズギャル,トニービン,アグネスフローラ,Raise a Native,Gold Digger,Nureyev,Pasadoble,トライマイベスト,Mill Princess,Blakeney,The Dancer,Blushing Groom,Yonnie Girl,Silver Saber,Dame Francesca,Fappiano,Gana Facil,Bold Forbes,Perfect Foil,Hail to Reason,Cosmah,Understanding,Mountain Flower,Northern Dancer,Special,Hostage,Vaguely Royal,Mr. Prospector,Miesque,Sadler's Wells,Glenveagh,カンパラ,Severn Bridge,ロイヤルスキー,アグネスレディー
202609010302,2,ダート,1800,良,未勝利,クリソベリル,リップスポイズン,ゴールドアリュール,クリソプレーズ,Mamool,Lips Plane,サンデーサイレンス,ニキーヤ,エルコンドルパサー,キャサリーンパー,In the Wings  In The Wings,Genovefa,Ashkalani,Royal House,Halo,Wishing Well,Nureyev,Reluctant Guest,Kingmambo,サドラーズギャル,Riverman,Regal Exception,Sadler's Wells,High Hawk,Woodman,Reigning Countess,ソヴィエトスター,Ashtarka,ロイヤルアカデミー,Reine Caroline,Hail to Reason,Cosmah,Understanding,Mountain Flower,Northern Dancer,Special,Hostage,Vaguely Royal,Mr. Prospector,Miesque,Sadler's Wells,Glenveagh,Never Bend,River Lady,Ribot,Rajput Princess,Northern Dancer,Fairy Bridge,Shirley Heights,Sunbittern,Mr. Prospector,プレイメイト,Far North,Countess Fager,Nureyev,Veruschka,Dalsaan,Asharaz,Nijinsky,Crimson Saint,Pharly,Royal Model
202609010302,3,ダート,1800,良,未勝利,Essential Quality,レッドラーク,Tapit,Delightful Quality,Epaulette,Firecrest,Pulpit,Tap Your Heels,Elusive Quality,Contrive,コマンズ,Accessories,Darshaan,Trefoil,A.P. Indy,Preach,Unbridled,Ruby Slippers,Gone West,Touch of Greatness,Storm Cat,Jeano,デインヒル,Cotehele House,Singspiel,Anna Matrushka,Shirley Heights,Delsy,Blakeney,First Bloom,Seattle Slew,Weekend Surprise,Mr. Prospector,Narrate,Fappiano,Gana Facil,Nijinsky,Moon Glitter,Mr. Prospector,Secrettame,Hero's Honor,Ivory Wand,Storm Bird,Terlingua,Fappiano,バジー,Danzig,Razyana,My Swanee,Eight Carat,In the Wings,Glorious Song,Mill Reef,Anna Paola,Mill Reef,Hardiemma,Abdos,Kelty,Hethersett,Windmill Girl,プリメラ,Flower Dance
202609010302,4,ダート,1800,良,未勝利,リーチザクラウン,エンゲージスマイル,スペシャルウィーク,クラウンピース,シンボリクリスエス,エミーズスマイル,サンデーサイレンス,キャンペンガール,Seattle Slew,クラシッククラウン,Kris S.,Tee Kay,アグネスタキオン,エミスフェール,Halo,Wishing Well,マルゼンスキー,レディーシラオキ,Bold Reasoning,My Charmer,Mr. Prospector,Six Crowns,Roberto,Sharp Queen,Gold Meridian,Tri Argo,サンデーサイレンス,アグネスフローラ,ホワイトマズル,グレイエミネンス,Hail to Reason,Cosmah,Understanding,Mountain Flower,Nijinsky,シル,セントクレスピン,ミスアシヤガワ,Boldnesian,Reason to Earn,Poker,Fair Charmer,Raise a Native,Gold Digger,Secretariat,Chris Evert,Hail to Reason,Bramalea,Princequillo,Bridgework,Seattle Slew,Queen Louie,Tri Jet,Hail Proudly,Halo,Wishing Well,ロイヤルスキー,アグネスレディー,ダンシングブレーヴ,Fair of the Furze,トニービン,グレイキル
202609010302,5,ダート,1800,良,未勝利,キズナ,プリカジュール,ディープインパクト,キャットクイル,アーネストリー,シャインリザルト,サンデーサイレンス,ウインドインハーヘア,Storm Cat,Pacific Princess,グラスワンダー,レットルダムール,Victory Gallop,Princess Patti,Halo,Wishing Well,Alzao,Burghclere,Storm Bird,Terlingua,Damascus,Fiji,Silver Hawk,Ameriflora,トニービン,ダイナチャイナ,Cryptoclearance,Victorious Lil,Polish Numbers,Joanie's Princess,Hail to Reason,Cosmah,Understanding,Mountain Flower,Lyphard,Lady Rebecca,Busted,Highclere,Northern Dancer,South Ocean,Secretariat,Crimson Saint,Sword Dancer,Kerala,Acropolis,Rififi,Roberto,Gris Vitesse,Danzig,Graceful Touch,カンパラ,Severn Bridge,ノーザンテースト,アスコツトラップ,Fappiano,Naval Orange,Vice Regent,Glass House,Danzig,Numbered Account,Joanie's Chief,Spunky Princess
202609010302,6,ダート,1800,良,未勝利,ダノンプレミアム,スリールドランジュ,ディープインパクト,インディアナギャル,ゼンノロブロイ,アドマイヤハッピー,サンデーサイレンス,ウインドインハーヘア,Intikhab,Genial Jenny,サンデーサイレンス,ローミンレイチェル,トニービン,カーリーエンジェル,Halo,Wishing Well,Alzao,Burghclere,Red Ransom,Crafty Example,デインヒル,Joma Kaanem,Halo,Wishing Well,マイニング,One Smart Lady,カンパラ,Severn Bridge,ジャッジアンジェルーチ,ダイナカール,Hail to Reason,Cosmah,Understanding,Mountain Flower,Lyphard,Lady Rebecca,Busted,Highclere,Roberto,アラビア,Crafty Prospector,Zienelle,Danzig,Razyana,Double Form,Ash Lawn,Hail to Reason,Cosmah,Understanding,Mountain Flower,Mr. Prospector,I Pass,Clever Trick,Pia's Lady,Kalamoun,State Pension,Hornbeam,Priddy Fair,Honest Pleasure,Victorian Queen,ノーザンテースト,シャダイフェザー
202609010302,7,ダート,1800,良,未勝利,マインドユアビスケッツ,ガールズバンド,Posse,Jazzmane,ディープインパクト,エレクトラレーン,Silver Deputy,Raska,Toccet,Alljazz,サンデーサイレンス,ウインドインハーヘア,Dubawi,Imperialistic,Deputy Minister,Silver Valley,Rahy,Borishka,Awesome Again,Cozzene's Angel,Stop the Music,Bounteous,Halo,Wishing Well,Alzao,Burghclere,Dubai Millennium,Zomaradah,Imperial Ballet,Shefoog,Vice Regent,Mint Copy,Mr. Prospector,Seven Valleys,Blushing Groom,Glorious Song,Roberto,Queen Maud,Deputy Minister,Primal Force,Cozzene,Charming Pan,Hail to Reason,Bebopper,Master Derby,Mlle. Quille,Hail to Reason,Cosmah,Understanding,Mountain Flower,Lyphard,Lady Rebecca,Busted,Highclere,Seeking the Gold,Colorado Dancer,Deploy,Jawaher,Sadler's Wells,Amaranda,Kefaah,Masarrah
202609010302,8,ダート,1800,良,未勝利,サートゥルナーリア,ギモーヴ,ロードカナロア,シーザリオ,ハービンジャー,ヒカルアマランサス,キングカメハメハ,レディブラッサム,スペシャルウィーク,キロフプリミエール,Dansili,Penang Pearl,アグネスタキオン,スターミー,Kingmambo,マンファス,Storm Cat,サラトガデュー,サンデーサイレンス,キャンペンガール,Sadler's Wells,Querida,デインヒル,Hasili,Bering,Guapa,サンデーサイレンス,アグネスフローラ,A.P. Indy,Caerlina,Mr. Prospector,Miesque,ラストタイクーン,Pilot Bird,Storm Bird,Terlingua,Cormorant,Super Luna,Halo,Wishing Well,マルゼンスキー,レディーシラオキ,Northern Dancer,Fairy Bridge,Habitat,Principia,Danzig,Razyana,Kahyasi,Kerali,Arctic Tern,Beaune,Shareef Dancer,Sauceboat,Halo,Wishing Well,ロイヤルスキー,アグネスレディー,Seattle Slew,Weekend Surprise,Caerleon,Dinalina
202609010302,9,ダート,1800,良,未勝利,コパノリッキー,ビナスイート,ゴールドアリュール,コパノニキータ,シニスターミニスター,シンセイアカリ,サンデーサイレンス,ニキーヤ,ティンバーカントリー,ニホンピロローズ,Old Trieste,Sweet Minister,マヤノトップガン,ピンクノワンピース,Halo,Wishing Well,Nureyev,Reluctant Guest,Woodman,Fall Aspen,トニービン,ウェディングブーケ,A.P. Indy,Lovlier Linda,The Prime Minister,Sweet Blue,ブライアンズタイム,アルプミープリーズ,トウショウボーイ,チョウコーピート,Hail to Reason,Cosmah,Understanding,Mountain Flower,Northern Dancer,Special,Hostage,Vaguely Royal,Mr. Prospector,プレイメイト,Pretense,Change Water,カンパラ,Severn Bridge,リアルシャダイ,アリーウイン,Seattle Slew,Weekend Surprise,Vigors,Linda Summers,Deputy Minister,Stick to Beauty,Hurry Up Blue,Sugar Gold,Roberto,Kelley's Day,Blushing Groom,Swiss,テスコボーイ,ソシアルバターフライ,ネヴァービート,フシミエース
202609010302,10,ダート,1800,良,未勝利,イスラボニータ,ニュープロヴィデンス,フジキセキ,イスラコジーン,Bahamian Bounty,Bayja,サンデーサイレンス,ミルレーサー,Cozzene,Isla Mujeres,Cadeaux Genereux,Clarentia,Giant's Causeway,Bayberry,Halo,Wishing Well,Le Fabuleux,Marston's Mill,Caro,Ride the Trails,Crafty Prospector,Lido Isle,Young Generation,Smarten Up,Ballad Rock,Laharden,Storm Cat,Mariah's Storm,Bering,Baya,Hail to Reason,Cosmah,Understanding,Mountain Flower,Wild Risk,Anguar,In Reality,Millicent,フォルティノ,Chambord,Prince John,Wildwook,Mr. Prospector,Real Crafty Lady,Far North,She Is Gorgeous,Balidar,Brig O'Doon,Sharpen Up,L'Anguissola,Bold Lad,True Rocket,Mount Hagen,Sinella,Storm Bird,Terlingua,Rahy,イメンス,Arctic Tern,Beaune,Nureyev,Barger
202609010302,11,ダート,1800,良,未勝利,ハービンジャー,ラバーズケープ,Dansili,Penang Pearl,ダイワメジャー,ヒカルアモーレ,デインヒル,Hasili,Bering,Guapa,サンデーサイレンス,スカーレットブーケ,クロフネ,グレイトフィーヴァー,Danzig,Razyana,Kahyasi,Kerali,Arctic Tern,Beaune,Shareef Dancer,Sauceboat,Halo,Wishing Well,ノーザンテースト,スカーレットインク,フレンチデピュティ,ブルーアヴェニュー,Kaldoun,My Great Hope,Northern Dancer,Pas de Nom,His Majesty,Spring Adieu,イルドブルボン,Kadissya,High Line,Sookera,Sea-Bird,Bubbling Beauty,Lyphard,Barbra,Northern Dancer,Sweet Alliance,Connaught,Cranberry Sauce,Hail to Reason,Cosmah,Understanding,Mountain Flower,Northern Dancer,Lady Victoria,Crimson Satan,Consentida,Deputy Minister,Mitterand,Classic Go Go,Eliza Blue,Caro,Katana,Simply Great,Martingale
202609010302,12,ダート,1800,良,未勝利,フィレンツェファイア,マイスクエアワン,Poseidon's Warrior,My Every Wish,Giant's Causeway,シビサーバ,Speightstown,Poised to Pounce,Langfuhr,Mille Lacs,Storm Cat,Mariah's Storm,Dixieland Band,Dancing Mirage,Gone West,Silken Cat,Smarten,Lady Lyndy,Danzig,Sweet Briar Too,Unbridled,With Every Wish,Storm Bird,Terlingua,Rahy,イメンス,Northern Dancer,Mississippi Mud,Alleged,Flaming Leaves,Mr. Prospector,Secrettame,Storm Cat,Silken Doll,Cyane,Smartaire,Bold Favorite,Counterflight,Northern Dancer,Pas de Nom,Briartic,Prima Babu Gum,Fappiano,Gana Facil,Lear Fan,Amo,Northern Dancer,South Ocean,Secretariat,Crimson Saint,Blushing Groom,Glorious Song,Roberto,Imsodear,Nearctic,Natalma,Delta Judge,Sand Buggy,Hoist the Flag,Princess Pout,Olden Times,Distaff Decider
202609010302,13,ダート,1800,良,未勝利,サンダースノー,クレオール,Helmet,Eastern Joy,チチカステナンゴ,リンガフランカ,Exceed And Excel,Accessories,Dubai Destination,Red Slippers,Smadoun,スマラ,サンデーサイレンス,フランクアーギュメント,デインヒル,Patrona,Singspiel,Anna Matrushka,Kingmambo,Mysterial,Nureyev,Morning Devotion,Kaldoun,Mossma,Antheus,Small Partie,Halo,Wishing Well,Argument,Franca,Danzig,Razyana,Lomond,Gladiolus,In the Wings,Glorious Song,Mill Reef,Anna Paola,Mr. Prospector,Miesque,Alleged,Mysteries,Northern Dancer,Special,Affirmed,Morning Has Broken,Caro,Katana,Tip Moss,Ticma,Northern Dancer,Apachee,Fabulous Dancer,Summer Parties,Hail to Reason,Cosmah,Understanding,Mountain Flower,Kautokeino,Arantelle,ヴァイスリーガル,Tudor Gwen
202609010302,14,ダート,1800,良,未勝利,リアルスティール,プリティカポレイ,ディープインパクト,ラヴズオンリーミー,クロフネ,タイムフェアレディ,サンデーサイレンス,ウインドインハーヘア,Storm Cat,Monevassia,フレンチデピュティ,ブルーアヴェニュー,メジロマックイーン,トキファイター,Halo,Wishing Well,Alzao,Burghclere,Storm Bird,Terlingua,Mr. Prospector,Miesque,Deputy Minister,Mitterand,Classic Go Go,Eliza Blue,メジロティターン,メジロオーロラ,カツラギエース,ダンシングファイタ,Hail to Reason,Cosmah,Understanding,Mountain Flower,Lyphard,Lady Rebecca,Busted,Highclere,Northern Dancer,South Ocean,Secretariat,Crimson Saint,Raise a Native,Gold Digger,Nureyev,Pasadoble,Vice Regent,Mint Copy,Hold Your Peace,Laredo Lass,Pago Pago,Classic Perfection,Icecapade,コレラ,メジロアサマ,シエリル,リマンド,メジロアイリス,ボイズィーボーイ,タニノベンチヤ,ダンシングキャップ,キシューファイター
202609010303,1,ダート,1200,良,未勝利,McKinzie,Blueeyesintherein,ストリートセンス,Runway Model,Magna Graduate,Tartufi,Street Cry,Bedazzle,Petionville,Ticket to Houston,Honor Grades,Peacock Alley,Mr. Greeley,Black Truffle,Machiavellian,Helen Street,Dixieland Band,Majestic Legend,Seeking the Gold,Vana Turns,Houston,Stave,Danzig,Weekend Surprise,Fast Play,Anna's Honor,Gone West,Long Legend,Mt. Livermore,Mariella,Mr. Prospector,Coup de Folie,Troy,Waterway,Northern Dancer,Mississippi Mud,His Majesty,Long Legend,Mr. Prospector,Con Game,Wavering Monarch,The Wheel Turns,Seattle Slew,Smart Angle,Navajo,Worden Lady,Northern Dancer,Pas de Nom,Secretariat,Lassie Dear,Seattle Slew,Con Game,Alleged,Honor to Her,Mr. Prospector,Secrettame,Reviewer,Lianga,Blushing Groom,Flama Ardiente,Roberto,Monade
202609010303,2,ダート,1200,良,未勝利,ジャスタウェイ,キタノオドリコ,ハーツクライ,シビル,エスポワールシチー,ブライドウッド,サンデーサイレンス,アイリッシュダンス,Wild Again,シャロン,ゴールドアリュール,エミネントシチー,Danzig,Braiswick,Halo,Wishing Well,トニービン,ビューパーダンス,Icecapade,Bushel-n-Peck,Mo Exception,Double Wiggle,サンデーサイレンス,ニキーヤ,ブライアンズタイム,ヘップバーンシチー,Northern Dancer,Pas de Nom,King of Spain,Laughing Girl,Hail to Reason,Cosmah,Understanding,Mountain Flower,カンパラ,Severn Bridge,Lyphard,My Bupers,Nearctic,Shenanigans,Khaled,Dama,Hard Work,With Exception,Sir Wiggle,Blue Double,Halo,Wishing Well,Nureyev,Reluctant Guest,Roberto,Kelley's Day,ブレイヴェストローマン,コンパルシチー,Nearctic,Natalma,Admiral's Voyage,Petitioner,フィリップオブスペイン,Sovereign Sails,Sassafras,Violetta
202609010303,3,ダート,1200,良,未勝利,クリソベリル,レッドシャーロット,ゴールドアリュール,クリソプレーズ,ロードカナロア,シルバーフォックス,サンデーサイレンス,ニキーヤ,エルコンドルパサー,キャサリーンパー,キングカメハメハ,レディブラッサム,クロフネ,ビーポジティブ,Halo,Wishing Well,Nureyev,Reluctant Guest,Kingmambo,サドラーズギャル,Riverman,Regal Exception,Kingmambo,マンファス,Storm Cat,サラトガデュー,フレンチデピュティ,ブルーアヴェニュー,サンデーサイレンス,フェアリードール,Hail to Reason,Cosmah,Understanding,Mountain Flower,Northern Dancer,Special,Hostage,Vaguely Royal,Mr. Prospector,Miesque,Sadler's Wells,Glenveagh,Never Bend,River Lady,Ribot,Rajput Princess,Mr. Prospector,Miesque,ラストタイクーン,Pilot Bird,Storm Bird,Terlingua,Cormorant,Super Luna,Deputy Minister,Mitterand,Classic Go Go,Eliza Blue,Halo,Wishing Well,Nureyev,Dream Deal
202609010303,4,ダート,1200,良,未勝利,フォーウィールドライブ,メイショウミソラ,American Pharoah,Funfair,ハーツクライ,エーシンアクセント,Pioneerof the Nile,Littleprincessemma,More Than Ready,Fleuron,サンデーサイレンス,アイリッシュダンス,Cozzene,Above the Salt,エンパイアメーカー,Star of Goshen,Yankee Gentleman,Exclusive Rosette,サザンヘイロー,Woodman's Girl,Distant View,Flamboyance,Halo,Wishing Well,トニービン,ビューパーダンス,Caro,Ride the Trails,Master Derby,Salt In My Stew,Unbridled,Toussaud,Lord at War,Castle Eight,Storm Cat,Key Phrase,Ecliptical,Zetta Jet,Halo,Northern Sea,Woodman,Becky Be Good,Mr. Prospector,Seven Springs,Zilzal,Bridal Wreath,Hail to Reason,Cosmah,Understanding,Mountain Flower,カンパラ,Severn Bridge,Lyphard,My Bupers,フォルティノ,Chambord,Prince John,Wildwook,ダストコマンダー,Madam Jerry,Dr. Blum,Cream in My Coffee
202609010303,5,ダート,1200,良,未勝利,ディスクリートキャット,オルトグラフ,Forestry,Pretty Discreet,パイロ,リリク,Storm Cat,Shared Interest,Private Account,Pretty Persuasive,Pulpit,Wild Vision,Iffraaj,Opera Comique,Storm Bird,Terlingua,Pleasant Colony,Surgery,Damascus,Numbered Account,Believe It,Bury the Hatchet,A.P. Indy,Preach,Wild Again,Carol's Wonder,Zafonic,Pastorale,Singspiel,Grace Note,Northern Dancer,South Ocean,Secretariat,Crimson Saint,His Majesty,Sun Colony,Dr. Fager,Bold Sequence,Sword Dancer,Kerala,Buckpasser,Intriguing,In Reality,Breakfast Bell,Tom Rolfe,Christmas Whishes,Seattle Slew,Weekend Surprise,Mr. Prospector,Narrate,Icecapade,Bushel-n-Peck,Pass the Tab,Carols Christmas,Gone West,Zaizafon,Nureyev,Park Appeal,In the Wings,Glorious Song,Top Ville,Val de Grace
202609010303,6,ダート,1200,良,未勝利,ナダル,ジルダ,Blame,Ascending Angel,ゼンノロブロイ,エアデジャヴー,Arch,Liable,Pulpit,Solar Colony,サンデーサイレンス,ローミンレイチェル,ノーザンテースト,アイドリームドアドリーム,Kris S.,Aurora,Seeking the Gold,Bound,A.P. Indy,Preach,Pleasant Colony,Meteor Stage,Halo,Wishing Well,マイニング,One Smart Lady,Northern Dancer,Lady Victoria,Well Decorated,Hidden Trail,Roberto,Sharp Queen,Danzig,Althea,Mr. Prospector,Con Game,Nijinsky,Special,Seattle Slew,Weekend Surprise,Mr. Prospector,Narrate,His Majesty,Sun Colony,Stage Door Johnny,Northern Meteor,Hail to Reason,Cosmah,Understanding,Mountain Flower,Mr. Prospector,I Pass,Clever Trick,Pia's Lady,Nearctic,Natalma,Victoria Park,Lady Angela,Raja Baba,Paris Breeze,Gleaming,Tobacco Trail
202609010303,7,ダート,1200,良,未勝利,Beau Liam,Miss Andorra,Liam's Map,Belle of Perintown,Malibu Moon,Kinlin,Unbridled's Song,Miss Macy Sue,デヒア,Hot Match,A.P. Indy,Macoumba,Unbridled,Secret Red,Unbridled,Trolley Song,Trippi,Yada Yada,Deputy Minister,Sister Dot,Mr. Prospector,Jeanne Jones,Seattle Slew,Weekend Surprise,Mr. Prospector,Maximova,Fappiano,Gana Facil,Secretariat,Ruby Slippers,Fappiano,Gana Facil,Caro,Lucky Spell,エンドスウィープ,Jealous Appeal,Great Above,Stem,Vice Regent,Mint Copy,Secretariat,Sword Game,Raise a Native,Gold Digger,Nijinsky,Beautiful Glass,Bold Reasoning,My Charmer,Secretariat,Lassie Dear,Raise a Native,Gold Digger,Green Dancer,Baracala,Mr. Prospector,Killaloe,Le Fabuleux,Charedi,Bold Ruler,Somethingroyal,Nijinsky,Moon Glitter
202609010303,8,ダート,1200,良,未勝利,Tiz the Law,ダヴィダ,Constitution,Tizfiz,アニマルキングダム,Beyond the Waves,Tapit,Baffled,Tiznow,Gin Running,Leroidesanimaux,ダリシア,Ocean Crest,Excedent,Pulpit,Tap Your Heels,Distorted Humor,Surf Club,Cee's Tizzy,Cee's Song,Go for Gin,Crafty and Evil,Candy Stripes,Dissemble,Acatenango,Dynamis,Storm Bird,S.S.Aroma,Exceller,Broadway Lullaby,A.P. Indy,Preach,Unbridled,Ruby Slippers,フォーティナイナー,Danzig's Beauty,Ocean Crest,Horns Gray,Relaunch,テイズリー,Seattle Song,Lonely Dancer,Cormorant,Never Knock,Crafty Prospector,Evil Elaine,Blushing Groom,バブルカンパニー,Ahonoora,Kerali,Surumu,Aggravate,ダンシングブレーヴ,Diasprina,Northern Dancer,South Ocean,Seattle Slew,Rare Bouquet,Vaguely Noble,Too Bald,Stage Door Johnny,リットルブレツシング
202609010303,9,ダート,1200,良,未勝利,ドレフォン,ブエナビスタ,Gio Ponti,Eltimaas,スペシャルウィーク,ビワハイジ,Tale of the Cat,Chipeta Springs,Ghostzapper,Najecam,サンデーサイレンス,キャンペンガール,Caerleon,アグサン,Storm Cat,Yarn,Alydar,Salt Spring,Awesome Again,Baby Zip,Trempolino,Sue Warner,Halo,Wishing Well,マルゼンスキー,レディーシラオキ,Nijinsky,Foreseer,Lord Gayle,Santa Luciana,Storm Bird,Terlingua,Mr. Prospector,Narrate,Raise a Native,Sweet Tooth,Salt Marsh,Jungle Mythologic,Deputy Minister,Primal Force,Relaunch,Thirty Zip,Sharpen Up,Trephine,Forli,Bitty Girl,Hail to Reason,Cosmah,Understanding,Mountain Flower,Nijinsky,シル,セントクレスピン,ミスアシヤガワ,Northern Dancer,Flaming Page,Round Table,Regal Gleam,Sir Gaylord,Sticky Case,Luciano,Suleika
202609010303,10,ダート,1200,良,未勝利,フィレンツェファイア,ウイングルイーズ,Poseidon's Warrior,My Every Wish,ハーツクライ,ビューティーコンテスト,Speightstown,Poised to Pounce,Langfuhr,Mille Lacs,サンデーサイレンス,アイリッシュダンス,Singspiel,Beldarian,Gone West,Silken Cat,Smarten,Lady Lyndy,Danzig,Sweet Briar Too,Unbridled,With Every Wish,Halo,Wishing Well,トニービン,ビューパーダンス,In the Wings,Glorious Song,ラストタイクーン,Sorbus,Mr. Prospector,Secrettame,Storm Cat,Silken Doll,Cyane,Smartaire,Bold Favorite,Counterflight,Northern Dancer,Pas de Nom,Briartic,Prima Babu Gum,Fappiano,Gana Facil,Lear Fan,Amo,Hail to Reason,Cosmah,Understanding,Mountain Flower,カンパラ,Severn Bridge,Lyphard,My Bupers,Sadler's Wells,High Hawk,Halo,Ballade,トライマイベスト,Mill Princess,Busted,Censorship
202609010303,11,ダート,1200,良,未勝利,ゴールドドリーム,フロイデシューネル,ゴールドアリュール,モンヴェール,ワイルドラッシュ,フロイデタンツェン,サンデーサイレンス,ニキーヤ,フレンチデピュティ,スペシャルジェイド,Wild Again,Rose Park,ストローズクリーク,ターフサルート,Halo,Wishing Well,Nureyev,Reluctant Guest,Deputy Minister,Mitterand,Cox's Ridge,Statistic,Icecapade,Bushel-n-Peck,Plugged Nickle,Hardship,Halo,Bottle Top,Lord at War,Wanda Kaye,Hail to Reason,Cosmah,Understanding,Mountain Flower,Northern Dancer,Special,Hostage,Vaguely Royal,Vice Regent,Mint Copy,Hold Your Peace,Laredo Lass,Best Turn,Our Martha,Mr. Prospector,Number,Nearctic,Shenanigans,Khaled,Dama,Key to the Mint,Toll Booth,Drone,Hard and Fast,Hail to Reason,Cosmah,Topsider,Rhubarb,General,Luna de Miel,Timeless Native,Wings of Night
202609010303,12,ダート,1200,良,未勝利,ミッキーアイル,アスターヒューモア,ディープインパクト,スターアイル,More Than Ready,Saratoga Humor,サンデーサイレンス,ウインドインハーヘア,ロックオブジブラルタル,アイルドフランス,サザンヘイロー,Woodman's Girl,Distorted Humor,Saratoga Ack,Halo,Wishing Well,Alzao,Burghclere,デインヒル,Offshore Boom,Nureyev,ステラマドリッド,Halo,Northern Sea,Woodman,Becky Be Good,フォーティナイナー,Danzig's Beauty,Saratoga Six,Fleeting Ack,Hail to Reason,Cosmah,Understanding,Mountain Flower,Lyphard,Lady Rebecca,Busted,Highclere,Danzig,Razyana,Be My Guest,Push a Button,Northern Dancer,Special,Alydar,My Juliet,Hail to Reason,Cosmah,Northern Dancer,Sea Saga,Mr. Prospector,プレイメイト,Naskra,Good Landing,Mr. Prospector,File,Danzig,Sweetest Chant,Alydar,Priceless Fame,Ack Ack,Fleeting North
202609010303,13,ダート,1200,良,未勝利,ナダル,ティックルゴールド,Blame,Ascending Angel,ステイゴールド,ティックルピンク,Arch,Liable,Pulpit,Solar Colony,サンデーサイレンス,ゴールデンサッシュ,フレンチデピュティ,ブラッシングプリンセス,Kris S.,Aurora,Seeking the Gold,Bound,A.P. Indy,Preach,Pleasant Colony,Meteor Stage,Halo,Wishing Well,ディクタス,ダイナサッシュ,Deputy Minister,Mitterand,Crafty Prospector,Princess Laika,Roberto,Sharp Queen,Danzig,Althea,Mr. Prospector,Con Game,Nijinsky,Special,Seattle Slew,Weekend Surprise,Mr. Prospector,Narrate,His Majesty,Sun Colony,Stage Door Johnny,Northern Meteor,Hail to Reason,Cosmah,Understanding,Mountain Flower,Sanctus,Doronic,ノーザンテースト,ロイヤルサッシュ,Vice Regent,Mint Copy,Hold Your Peace,Laredo Lass,Mr. Prospector,Real Crafty Lady,Blushing Groom,Cool Mood
202609010303,14,ダート,1200,良,未勝利,アルアイン,コスタネラ,ディープインパクト,ドバイマジェスティ,ステイゴールド,サンタテレジータ,サンデーサイレンス,ウインドインハーヘア,Essence of Dubai,Great Majesty,サンデーサイレンス,ゴールデンサッシュ,Lemon Drop Kid,Sweet Gold,Halo,Wishing Well,Alzao,Burghclere,Pulpit,Epitome,Great Above,Mistic Majesty,Halo,Wishing Well,ディクタス,ダイナサッシュ,Kingmambo,Charming Lassie,Gilded Time,Anti Social,Hail to Reason,Cosmah,Understanding,Mountain Flower,Lyphard,Lady Rebecca,Busted,Highclere,A.P. Indy,Preach,Summing,Honest and True,Minnesota Mac,Ta Wee,His Majesty,Necaras Miss,Hail to Reason,Cosmah,Understanding,Mountain Flower,Sanctus,Doronic,ノーザンテースト,ロイヤルサッシュ,Mr. Prospector,Miesque,Seattle Slew,Lassie Dear,Timeless Moment,Gilded Lilly,Pretense,Wind Song
202609010303,15,ダート,1200,良,未勝利,ヴァンゴッホ,サンデーインアスク,American Pharoah,Imagine,ディープインパクト,サティアナ,Pioneerof the Nile,Littleprincessemma,Sadler's Wells,Doff the Derby,サンデーサイレンス,ウインドインハーヘア,Street Cry,Lovely Regina,エンパイアメーカー,Star of Goshen,Yankee Gentleman,Exclusive Rosette,Northern Dancer,Fairy Bridge,Master Derby,Margarethen,Halo,Wishing Well,Alzao,Burghclere,Machiavellian,Helen Street,Deputy Minister,Cara Rafaela,Unbridled,Toussaud,Lord at War,Castle Eight,Storm Cat,Key Phrase,Ecliptical,Zetta Jet,Nearctic,Natalma,Bold Reason,Special,ダストコマンダー,Madam Jerry,Tulyar,Russ-Marie,Hail to Reason,Cosmah,Understanding,Mountain Flower,Lyphard,Lady Rebecca,Busted,Highclere,Mr. Prospector,Coup de Folie,Troy,Waterway,Vice Regent,Mint Copy,Quiet American,Oil Fable
202609010303,16,ダート,1200,良,未勝利,コパノリッキー,コパノディール,ゴールドアリュール,コパノニキータ,エンパイアメーカー,リスキーディール,サンデーサイレンス,ニキーヤ,ティンバーカントリー,ニホンピロローズ,Unbridled,Toussaud,ネオユニヴァース,リッチアフェアー,Halo,Wishing Well,Nureyev,Reluctant Guest,Woodman,Fall Aspen,トニービン,ウェディングブーケ,Fappiano,Gana Facil,El Gran Senor,Image of Reality,サンデーサイレンス,ポインテッドパス,Machiavellian,Much Too Risky,Hail to Reason,Cosmah,Understanding,Mountain Flower,Northern Dancer,Special,Hostage,Vaguely Royal,Mr. Prospector,プレイメイト,Pretense,Change Water,カンパラ,Severn Bridge,リアルシャダイ,アリーウイン,Mr. Prospector,Killaloe,Le Fabuleux,Charedi,Northern Dancer,Sex Appeal,In Reality,Edee's Image,Halo,Wishing Well,Kris,Silken Way,Mr. Prospector,Coup de Folie,Bustino,Short Rations
202609010304,1,ダート,1800,良,未勝利,キタサンブラック,リーグルメアリー,ブラックタイド,シュガーハート,Afternoon Deelites,リアリーライジング,サンデーサイレンス,ウインドインハーヘア,サクラバクシンオー,オトメゴコロ,Private Terms,Intimate Girl,For Really,Rising Writer,Halo,Wishing Well,Alzao,Burghclere,サクラユタカオー,サクラハゴロモ,ジャッジアンジェルーチ,テイズリー,Private Account,Laughter,Medaille d'Or,Hot Food,Buckaroo,August Days,Staff Writer,Forever Rise,Hail to Reason,Cosmah,Understanding,Mountain Flower,Lyphard,Lady Rebecca,Busted,Highclere,テスコボーイ,アンジェリカ,ノーザンテースト,クリアアンバー,Honest Pleasure,Victorian Queen,Lyphard,Tizna,Damascus,Numbered Account,Bold Ruler,Shenanigans,Secretariat,Fanfreluche,Ack Ack,Loyal Ruler,Buckpasser,Stepping High,In Reality,Rather Special,Northern Dancer,Twill,Rising Market,Always Lucky
202609010304,2,ダート,1800,良,未勝利,ルヴァンスレーヴ,レッドジャンヌ,シンボリクリスエス,マエストラーレ,ブラックタイド,ソニックグルーヴ,Kris S.,Tee Kay,ネオユニヴァース,オータムブリーズ,サンデーサイレンス,ウインドインハーヘア,フレンチデピュティ,エアグルーヴ,Roberto,Sharp Queen,Gold Meridian,Tri Argo,サンデーサイレンス,ポインテッドパス,ティンバーカントリー,セプテンバーソング,Halo,Wishing Well,Alzao,Burghclere,Deputy Minister,Mitterand,トニービン,ダイナカール,Hail to Reason,Bramalea,Princequillo,Bridgework,Seattle Slew,Queen Louie,Tri Jet,Hail Proudly,Halo,Wishing Well,Kris,Silken Way,Woodman,Fall Aspen,リアルシャダイ,ダイナフェアリー,Hail to Reason,Cosmah,Understanding,Mountain Flower,Lyphard,Lady Rebecca,Busted,Highclere,Vice Regent,Mint Copy,Hold Your Peace,Laredo Lass,カンパラ,Severn Bridge,ノーザンテースト,シャダイフェザー
202609010304,3,ダート,1800,良,未勝利,ヴァンゴッホ,プレインズウーマン,American Pharoah,Imagine,Zensational,Plaintiff,Pioneerof the Nile,Littleprincessemma,Sadler's Wells,Doff the Derby,Unbridled's Song,Joke,Seeking the Gold,Dispute,エンパイアメーカー,Star of Goshen,Yankee Gentleman,Exclusive Rosette,Northern Dancer,Fairy Bridge,Master Derby,Margarethen,Unbridled,Trolley Song,Phone Trick,Tour,Mr. Prospector,Con Game,Danzig,Resolver,Unbridled,Toussaud,Lord at War,Castle Eight,Storm Cat,Key Phrase,Ecliptical,Zetta Jet,Nearctic,Natalma,Bold Reason,Special,ダストコマンダー,Madam Jerry,Tulyar,Russ-Marie,Fappiano,Gana Facil,Caro,Lucky Spell,Clever Trick,Over the Phone,フォーティナイナー,Fun Flight,Raise a Native,Gold Digger,Buckpasser,Broadway,Northern Dancer,Pas de Nom,Reviewer,Lovely Morning
202609010304,4,ダート,1800,良,未勝利,シニスターミニスター,ストロングハート,Old Trieste,Sweet Minister,サウスヴィグラス,ファーストレディ,A.P. Indy,Lovlier Linda,The Prime Minister,Sweet Blue,エンドスウィープ,ダーケストスター,スマートボーイ,ラストヒット,Seattle Slew,Weekend Surprise,Vigors,Linda Summers,Deputy Minister,Stick to Beauty,Hurry Up Blue,Sugar Gold,フォーティナイナー,Broom Dance,Star de Naskra,Minnie Riperton,アサティス,アンラブル,スラヴィック,ゲートアンドフライ,Bold Reasoning,My Charmer,Secretariat,Lassie Dear,Grey Dawn II,Relifordie,Crozier,Queenly Gift,Vice Regent,Mint Copy,Illustrious,Hail to Beauty,Mr. Leader,Blue Baroness,Mr. Prospector,Miss Ironside,Mr. Prospector,File,Dance Spell,Witching Hour,Naskra,Candle Star,Cornish Prince,English Harbor,Topsider,Secret Asset,ノーリュート,アラート,Danzig,Bamesian,クラウンドプリンス,ヤマノコトブキ
202609010304,5,ダート,1800,良,未勝利,ヴァンゴッホ,フラワーロック,American Pharoah,Imagine,アッミラーレ,カシオペアレディ,Pioneerof the Nile,Littleprincessemma,Sadler's Wells,Doff the Derby,サンデーサイレンス,ダジルミージョリエ,デインヒル,タケノファルコン,エンパイアメーカー,Star of Goshen,Yankee Gentleman,Exclusive Rosette,Northern Dancer,Fairy Bridge,Master Derby,Margarethen,Halo,Wishing Well,Carr de Naskra,Mawgrit,Danzig,Razyana,フィリップオブスペイン,クールフェアー,Unbridled,Toussaud,Lord at War,Castle Eight,Storm Cat,Key Phrase,Ecliptical,Zetta Jet,Nearctic,Natalma,Bold Reason,Special,ダストコマンダー,Madam Jerry,Tulyar,Russ-Marie,Hail to Reason,Cosmah,Understanding,Mountain Flower,Star de Naskra,Cornish Runner,Hoist the Flag,Spring Sunshine,Northern Dancer,Pas de Nom,His Majesty,Spring Adieu,Tudor Melody,Lerida,イエローゴッド,シャークスキン
202609010304,6,ダート,1800,良,未勝利,フィエールマン,ヤマニンラレーヌ,ディープインパクト,リュヌドール,ヤマニンセラフィム,ヤマニンジュエリー,サンデーサイレンス,ウインドインハーヘア,Green Tune,Luth d'Or,サンデーサイレンス,ヤマニンパラダイス,Nijinsky,ティファニーラス,Halo,Wishing Well,Alzao,Burghclere,Green Dancer,Soundings,Noir Et Or,Viole d'Amour,Halo,Wishing Well,Danzig,Althea,Northern Dancer,Flaming Page,Bold Forbes,Sally Stark,Hail to Reason,Cosmah,Understanding,Mountain Flower,Lyphard,Lady Rebecca,Busted,Highclere,Nijinsky,Green Valley,Mr. Prospector,Ocean's Answer,ラインゴールド,Pomme Rose,Luthier,Mandolinette,Hail to Reason,Cosmah,Understanding,Mountain Flower,Northern Dancer,Pas de Nom,Alydar,Courtly Dee,Nearctic,Natalma,Bull Page,Flaring Top,Irish Castle,Comely Nell,Graustark,Sally Ship
202609010304,7,ダート,1800,良,未勝利,ゴールドドリーム,アースサウンド,ゴールドアリュール,モンヴェール,Yes It's True,Leilani's Song,サンデーサイレンス,ニキーヤ,フレンチデピュティ,スペシャルジェイド,Is It True,Clever Monique,Fit to Fight,Aspenglo,Halo,Wishing Well,Nureyev,Reluctant Guest,Deputy Minister,Mitterand,Cox's Ridge,Statistic,Raja Baba,Roman Rockette,Clever Trick,Monique Rene,Chieftain,Hasty Queen,Raise a Native,Alpine Peak,Hail to Reason,Cosmah,Understanding,Mountain Flower,Northern Dancer,Special,Hostage,Vaguely Royal,Vice Regent,Mint Copy,Hold Your Peace,Laredo Lass,Best Turn,Our Martha,Mr. Prospector,Number,Bold Ruler,Missy Baba,Proudest Roman,Kitchen Window,Icecapade,Kankakee Miss,Prince of Ascot,Party Date,Bold Ruler,Pocahontas,One Count,Queen Hopeful,Native Dancer,Raise You,Olympia,Bright Silver
202609010304,8,ダート,1800,良,未勝利,ビッグアーサー,ビーウィッチド,サクラバクシンオー,シヤボナ,ハービンジャー,ロフティーエイム,サクラユタカオー,サクラハゴロモ,Kingmambo,Relish,Dansili,Penang Pearl,サンデーサイレンス,ウィッチフルシンキング,テスコボーイ,アンジェリカ,ノーザンテースト,クリアアンバー,Mr. Prospector,Miesque,Sadler's Wells,Reloy,デインヒル,Hasili,Bering,Guapa,Halo,Wishing Well,Lord Avie,Halloween Joy,Princely Gift,Suncourt,ネヴァービート,スターハイネス,Northern Dancer,Lady Victoria,Ambiopoise,One Clear Call,Raise a Native,Gold Digger,Nureyev,Pasadoble,Northern Dancer,Fairy Bridge,Liloy,Rescousse,Danzig,Razyana,Kahyasi,Kerali,Arctic Tern,Beaune,Shareef Dancer,Sauceboat,Hail to Reason,Cosmah,Understanding,Mountain Flower,Lord Gaylord,Avie,Exuberant,Halloween
202609010304,9,ダート,1800,良,未勝利,キズナ,ラルムドランジュ,ディープインパクト,キャットクイル,Dansili,Mer de Corail,サンデーサイレンス,ウインドインハーヘア,Storm Cat,Pacific Princess,デインヒル,Hasili,Sadler's Wells,Miss Tahiti,Halo,Wishing Well,Alzao,Burghclere,Storm Bird,Terlingua,Damascus,Fiji,Danzig,Razyana,Kahyasi,Kerali,Northern Dancer,Fairy Bridge,Tirol,Mini Luthe,Hail to Reason,Cosmah,Understanding,Mountain Flower,Lyphard,Lady Rebecca,Busted,Highclere,Northern Dancer,South Ocean,Secretariat,Crimson Saint,Sword Dancer,Kerala,Acropolis,Rififi,Northern Dancer,Pas de Nom,His Majesty,Spring Adieu,イルドブルボン,Kadissya,High Line,Sookera,Nearctic,Natalma,Bold Reason,Special,Thatching,Alpine Niece,Luthier,Minifer
202609010304,10,ダート,1800,良,未勝利,マジェスティックウォリアー,スノードリーム,A.P. Indy,Dream Supreme,スウェプトオーヴァーボード,マルカジュリエット,Seattle Slew,Weekend Surprise,Seeking the Gold,Spinning Round,エンドスウィープ,Sheer Ice,サンデーサイレンス,クルーピアレディー,Bold Reasoning,My Charmer,Secretariat,Lassie Dear,Mr. Prospector,Con Game,Dixieland Band,Take Heart,フォーティナイナー,Broom Dance,Cutlass,Hey Dolly A.,Halo,Wishing Well,What Luck,Question d'Argent,Boldnesian,Reason to Earn,Poker,Fair Charmer,Bold Ruler,Somethingroyal,Buckpasser,Gay Missile,Raise a Native,Gold Digger,Buckpasser,Broadway,Northern Dancer,Mississippi Mud,Secretariat,Deck Stewardess,Mr. Prospector,File,Dance Spell,Witching Hour,Damascus,Aphonia,Ambehaving,Swift Deal,Hail to Reason,Cosmah,Understanding,Mountain Flower,Bold Ruler,Irish Jay,Tentam,Cold Reply
202609010304,11,ダート,1800,良,未勝利,シニスターミニスター,ナリタブルースター,Old Trieste,Sweet Minister,マンハッタンカフェ,ストームティグレス,A.P. Indy,Lovlier Linda,The Prime Minister,Sweet Blue,サンデーサイレンス,サトルチェンジ,Storm Cat,アンファンテ,Seattle Slew,Weekend Surprise,Vigors,Linda Summers,Deputy Minister,Stick to Beauty,Hurry Up Blue,Sugar Gold,Halo,Wishing Well,Law Society,Santa Luciana,Storm Bird,Terlingua,Exclusive Native,Keep a Secret,Bold Reasoning,My Charmer,Secretariat,Lassie Dear,Grey Dawn,Relifordie,Crozier,Queenly Gift,Vice Regent,Mint Copy,Illustrious,Hail to Beauty,Mr. Leader,Blue Baroness,Mr. Prospector,Miss Ironside,Hail to Reason,Cosmah,Understanding,Mountain Flower,Alleged,Bold Bikini,Luciano,Suleika,Northern Dancer,South Ocean,Secretariat,Crimson Saint,Raise a Native,Exclusive,Never Bend,Secret Story
202609010304,12,ダート,1800,良,未勝利,モズアスコット,モズジャカランダ,Frankel,India,Congrats,Redwood Dancer,Galileo,Kind,ヘネシー,Misty Hour,A.P. Indy,Praise,Forestry,Fiery Pursuit,Sadler's Wells,Urban Sea,デインヒル,Rainbow Lake,Storm Cat,Island Kitty,Miswaki,Our Tina Marie,Seattle Slew,Weekend Surprise,Mr. Prospector,Wild Applause,Storm Cat,Shared Interest,Carson City,Engaging,Northern Dancer,Fairy Bridge,Miswaki,Allegretta,Danzig,Razyana,Rainbow Quest,Rockfest,Storm Bird,Terlingua,Hawaii,T. C. Kitten,Mr. Prospector,Hopespringseternal,Nijinsky,Java Moon,Bold Reasoning,My Charmer,Secretariat,Lassie Dear,Raise a Native,Gold Digger,Northern Dancer,Glowing Tribute,Storm Bird,Terlingua,Pleasant Colony,Surgery,Mr. Prospector,Blushing Promise,Private Account,Starlet Storm
202609010304,13,ダート,1800,良,未勝利,キズナ,カラクレナイ,ディープインパクト,キャットクイル,ローエングリン,バーニングレッド,サンデーサイレンス,ウインドインハーヘア,Storm Cat,Pacific Princess,Singspiel,カーリング,アグネスタキオン,レッドチリペッパー,Halo,Wishing Well,Alzao,Burghclere,Storm Bird,Terlingua,Damascus,Fiji,In the Wings,Glorious Song,Garde Royale,Corraleja,サンデーサイレンス,アグネスフローラ,Unbridled,Raise a Carter,Hail to Reason,Cosmah,Understanding,Mountain Flower,Lyphard,Lady Rebecca,Busted,Highclere,Northern Dancer,South Ocean,Secretariat,Crimson Saint,Sword Dancer,Kerala,Acropolis,Rififi,Sadler's Wells,High Hawk,Halo,Ballade,Mill Reef,Royal Way,Carvin,Darling Dale,Halo,Wishing Well,ロイヤルスキー,アグネスレディー,Fappiano,Gana Facil,Dr. Carter,Raise an Heiress
202609010304,14,ダート,1800,良,未勝利,ファインニードル,トーセンジュエル,アドマイヤムーン,ニードルクラフト,ヴィクトワールピサ,ローズジプシー,エンドスウィープ,マイケイティーズ,Mark of Esteem,Sharp Point,ネオユニヴァース,ホワイトウォーターアフェア,Green Desert,Krisalya,フォーティナイナー,Broom Dance,サンデーサイレンス,ケイティーズファースト,Darshaan,Homage,ロイヤルアカデミー,Nice Point,サンデーサイレンス,ポインテッドパス,Machiavellian,Much Too Risky,Danzig,Foreign Courier,Kris,Sassalya,Mr. Prospector,File,Dance Spell,Witching Hour,Halo,Wishing Well,Kris,Katies,Shirley Heights,Delsy,Ajdal,Home Love,Nijinsky,Crimson Saint,Sharpen Up,Alpine Niece,Halo,Wishing Well,Kris,Silken Way,Mr. Prospector,Coup de Folie,Bustino,Short Rations,Northern Dancer,Pas de Nom,Sir Ivor,Courtly Dee,Sharpen Up,Doubly Sure,Sassafras,Valya
202609010305,1,芝,1800,良,未勝利,シルバーステート,ジュルビアン,ディープインパクト,シルヴァースカヤ,ルーラーシップ,アウトシャイン,サンデーサイレンス,ウインドインハーヘア,Silver Hawk,Boubskaia,キングカメハメハ,エアグルーヴ,ネオユニヴァース,レディブラッサム,Halo,Wishing Well,Alzao,Burghclere,Roberto,Gris Vitesse,Niniski,Frenetique,Kingmambo,マンファス,トニービン,ダイナカール,サンデーサイレンス,ポインテッドパス,Storm Cat,サラトガデュー,Hail to Reason,Cosmah,Understanding,Mountain Flower,Lyphard,Lady Rebecca,Busted,Highclere,Hail to Reason,Bramalea,Amerigo,Matchiche,Nijinsky,Virginia Hills,Tyrant,Femina,Mr. Prospector,Miesque,ラストタイクーン,Pilot Bird,カンパラ,Severn Bridge,ノーザンテースト,シャダイフェザー,Halo,Wishing Well,Kris,Silken Way,Storm Bird,Terlingua,Cormorant,Super Luna
202609010305,2,芝,1800,良,未勝利,ロードカナロア,フィオドラ,キングカメハメハ,レディブラッサム,Lord of England,Forever Nice,Kingmambo,マンファス,Storm Cat,サラトガデュー,Dashing Blade,Loveria,Greinton,Fox for Gold,Mr. Prospector,Miesque,ラストタイクーン,Pilot Bird,Storm Bird,Terlingua,Cormorant,Super Luna,Elegant Air,Sharp Castan,Los Santos,Liranga,Green Dancer,Crystal Queen,Glint of Gold,Little Bittern,Raise a Native,Gold Digger,Nureyev,Pasadoble,トライマイベスト,Mill Princess,Blakeney,The Dancer,Northern Dancer,South Ocean,Secretariat,Crimson Saint,His Majesty,Song Sparrow,In Reality,Alada,Shirley Heights,Elegant Tern,Sharpen Up,Sultry One,Caracol,Loanda,Literat,Love In,Nijinsky,Green Valley,High Top,Crystal Drop,Mill Reef,Crown Treasure,Riva Ridge,Spray
202609010305,3,芝,1800,良,未勝利,コントレイル,アンナペレンナ,ディープインパクト,ロードクロサイト,Tale of Ekati,Maria's Storm,サンデーサイレンス,ウインドインハーヘア,Unbridled's Song,Folklore,Tale of the Cat,サイレンスビューティ,Maria's Mon,バイユーストーム,Halo,Wishing Well,Alzao,Burghclere,Unbridled,Trolley Song,Tiznow,Contrive,Storm Cat,Yarn,サンデーサイレンス,メイプルジンスキー,Wavering Monarch,Carlotta Maria,Storm Cat,At the Half,Hail to Reason,Cosmah,Understanding,Mountain Flower,Lyphard,Lady Rebecca,Busted,Highclere,Fappiano,Gana Facil,Caro,Lucky Spell,Cee's Tizzy,Cee's Song,Storm Cat,Jeano,Storm Bird,Terlingua,Mr. Prospector,Narrate,Halo,Wishing Well,Nijinsky,Gold Beauty,Majestic Light,Uncommitted,Caro,Water Malone,Storm Bird,Terlingua,Seeking the Gold,Knitted Gloves
202609010305,4,芝,1800,良,未勝利,コントレイル,フリートバーティー,ディープインパクト,ロードクロサイト,Afleet Alex,Whirlie Bertie,サンデーサイレンス,ウインドインハーヘア,Unbridled's Song,Folklore,Northern Afleet,Maggy Hawk,Stormin Fever,De Bertie,Halo,Wishing Well,Alzao,Burghclere,Unbridled,Trolley Song,Tiznow,Contrive,アフリート,Nuryette,ホークスター,Qualique,Storm Cat,Pennant Fever,De Niro,Pigeon Pea,Hail to Reason,Cosmah,Understanding,Mountain Flower,Lyphard,Lady Rebecca,Busted,Highclere,Fappiano,Gana Facil,Caro,Lucky Spell,Cee's Tizzy,Cee's Song,Storm Cat,Jeano,Mr. Prospector,Polite Lady,Nureyev,Stellarette,Silver Hawk,Strait Lane,Hawaii,Dorothy Gaylord,Storm Bird,Terlingua,Seattle Slew,Letty's Pennant,Gulch,Waya,Topsider,Run Come See
202609010305,5,芝,1800,良,未勝利,Dark Angel,レディオブパーシャ,Acclamation,Midnight Angel,Shamardal,ビールジャント,Royal Applause,Princess Athena,Machiavellian,Night At Sea,Giant's Causeway,Helsinki,Green Desert,Belle Genius,ワージブ,Flying Melody,Ahonoora,Shopping Wise,Mr. Prospector,Coup de Folie,Night Shift,Into Harbour,Storm Cat,Mariah's Storm,Machiavellian,Helen Street,Danzig,Foreign Courier,Beau Genius,Time and Tide,トライマイベスト,Coryana,Auction Ring,Whispering Star,Lorenzaccio,Helen Nichols,フロリバンダ,Sea Melody,Raise a Native,Gold Digger,Halo,Raise the Standard,Northern Dancer,Ciboulette,Right Tack,Headland,Storm Bird,Terlingua,Rahy,イメンス,Mr. Prospector,Coup de Folie,Troy,Waterway,Northern Dancer,Pas de Nom,Sir Ivor,Courtly Dee,Bold Ruckus,Royal Colleen,Mr. Leader,Irish Wave
202609010305,6,芝,1800,良,未勝利,ロジャーバローズ,ヒバリ,ディープインパクト,リトルブック,エピファネイア,エトピリカ,サンデーサイレンス,ウインドインハーヘア,Librettist,Cal Norma's Lady,シンボリクリスエス,シーザリオ,キングカメハメハ,アフレイタス,Halo,Wishing Well,Alzao,Burghclere,Danzig,Mysterial,リファーズスペシャル,June Darling,Kris S.,Tee Kay,スペシャルウィーク,キロフプリミエール,Kingmambo,マンファス,サンデーサイレンス,リボーズシークレット,Hail to Reason,Cosmah,Understanding,Mountain Flower,Lyphard,Lady Rebecca,Busted,Highclere,Northern Dancer,Pas de Nom,Alleged,Mysteries,Lyphard,My Bupers,ジュニアス,Beau Darling,Roberto,Sharp Queen,Gold Meridian,Tri Argo,サンデーサイレンス,キャンペンガール,Sadler's Wells,Querida,Mr. Prospector,Miesque,ラストタイクーン,Pilot Bird,Halo,Wishing Well,デインヒル,Glim
202609010305,7,芝,1800,良,未勝利,アスクピーターパン,ミラクルアスク,Frankel,ストレイトガール,ディープインパクト,イルバチオ,Galileo,Kind,フジキセキ,ネヴァーピリオド,サンデーサイレンス,ウインドインハーヘア,ロイヤルアカデミー,サーファーガール,Sadler's Wells,Urban Sea,デインヒル,Rainbow Lake,サンデーサイレンス,ミルレーサー,タイキシャトル,フューチャハッピー,Halo,Wishing Well,Alzao,Burghclere,Nijinsky,Crimson Saint,マナード,マテイネラ,Northern Dancer,Fairy Bridge,Miswaki,Allegretta,Danzig,Razyana,Rainbow Quest,Rockfest,Halo,Wishing Well,Le Fabuleux,Marston's Mill,Devil's Bag,ウェルシュマフィン,デインヒル,タイセイカグラ,Hail to Reason,Cosmah,Understanding,Mountain Flower,Lyphard,Lady Rebecca,Busted,Highclere,Northern Dancer,Flaming Page,Crimson Satan,Bolero Rose,Captain's Gig,Slipstream,Crepello,マタテイナ
202609010305,8,芝,1800,良,未勝利,コントレイル,エスキモーキセス,ディープインパクト,ロードクロサイト,To Honor and Serve,Silver Colors,サンデーサイレンス,ウインドインハーヘア,Unbridled's Song,Folklore,Bernardini,Pilfer,Mr. Greeley,Winning Colors,Halo,Wishing Well,Alzao,Burghclere,Unbridled,Trolley Song,Tiznow,Contrive,A.P. Indy,Cara Rafaela,Deputy Minister,Misty Hour,Gone West,Long Legend,Caro,All Rainbows,Hail to Reason,Cosmah,Understanding,Mountain Flower,Lyphard,Lady Rebecca,Busted,Highclere,Fappiano,Gana Facil,Caro,Lucky Spell,Cee's Tizzy,Cee's Song,Storm Cat,Jeano,Seattle Slew,Weekend Surprise,Quiet American,Oil Fable,Vice Regent,Mint Copy,Miswaki,Our Tina Marie,Mr. Prospector,Secrettame,Reviewer,Lianga,フォルティノ,Chambord,Bold Hour,Miss Carmie
202609010305,9,芝,1800,良,未勝利,キズナ,スティーリンキッシーズ,ディープインパクト,キャットクイル,Sky Mesa,Seewillo,サンデーサイレンス,ウインドインハーヘア,Storm Cat,Pacific Princess,Pulpit,Caress,Pleasant Colony,Perfect Pigeon,Halo,Wishing Well,Alzao,Burghclere,Storm Bird,Terlingua,Damascus,Fiji,A.P. Indy,Preach,Storm Cat,La Affirmed,His Majesty,Sun Colony,Round Table,Pink Pigeon,Hail to Reason,Cosmah,Understanding,Mountain Flower,Lyphard,Lady Rebecca,Busted,Highclere,Northern Dancer,South Ocean,Secretariat,Crimson Saint,Sword Dancer,Kerala,Acropolis,Rififi,Seattle Slew,Weekend Surprise,Mr. Prospector,Narrate,Storm Bird,Terlingua,Affirmed,La Mesa,Ribot,Flower Bowl,Sunrise Flight,Colonia,Princequillo,Knights Daughter,T.V. Lark,Ruwenzori
202609010305,10,芝,1800,良,未勝利,エポカドーロ,アースウィンド,オルフェーヴル,ダイワパッション,ディープスカイ,ベストオブチャンス,ステイゴールド,オリエンタルアート,フォーティナイナー,サンルージュ,アグネスタキオン,アビ,サクラローレル,サガミコトブキ,サンデーサイレンス,ゴールデンサッシュ,メジロマックイーン,エレクトロアート,Mr. Prospector,File,シェイディハイツ,チカノヴァ,サンデーサイレンス,アグネスフローラ,Chief's Crown,Carmelized,Rainbow Quest,ローラローラ,ノーザンアンサー,ロニイ,Halo,Wishing Well,ディクタス,ダイナサッシュ,メジロティターン,メジロオーロラ,ノーザンテースト,グランマスティーヴンス,Raise a Native,Gold Digger,Tom Rolfe,Continue,Shirley Heights,Vaguely,Northern Dancer,Cairn Rouge,Halo,Wishing Well,ロイヤルスキー,アグネスレディー,Danzig,Six Crowns,Key to the Mint,Carmelize,Blushing Groom,I Will Follow,Saint Cyrien,Bold Lady,Northern Dancer,Windy Answer,シルバーシャーク,マルセーズ
202609010305,11,芝,1800,良,未勝利,Wootton Bassett,Monegal,Iffraaj,Balladonia,Lope de Vega,Sublissime,Zafonic,Pastorale,Primo Dominie,Susquehanna Days,Shamardal,Lady Vettori,ロックオブジブラルタル,Reem Albaraari,Gone West,Zaizafon,Nureyev,Park Appeal,Dominion,Swan Ann,Chief's Crown,Gliding By,Giant's Causeway,Helsinki,Vettori,Lady Golconda,デインヒル,Offshore Boom,Sadler's Wells,Habibti,Mr. Prospector,Secrettame,The Minstrel,Mofida,Northern Dancer,Special,Ahonoora,Balidaress,Derring-Do,Picture Palace,My Swanee,Anna Barry,Danzig,Six Crowns,Tom Rolfe,Key Bridge,Storm Cat,Mariah's Storm,Machiavellian,Helen Street,Machiavellian,Air Distingue,Kendor,Lady Sharp,Danzig,Razyana,Be My Guest,Push a Button,Northern Dancer,Fairy Bridge,Habitat,Klairessa
202609010305,12,芝,1800,良,未勝利,サトノクラウン,エンジェルユー,Marju,ジョコンダ,ディープインパクト,テレサザティーチャ,ラストタイクーン,Flame of Tara,Rossini,La Joconde,サンデーサイレンス,ウインドインハーヘア,Cure the Blues,Proud n' Appeal,トライマイベスト,Mill Princess,アーテイアス,Welsh Flame,Miswaki,Touch of Greatness,Vettori,Lust,Halo,Wishing Well,Alzao,Burghclere,Stop the Music,Quick Cure,Proud Appeal,Darby Dame,Northern Dancer,Sex Appeal,Mill Reef,Irish Lass,Round Table,Stylish Pattern,Welsh Pageant,Electric Flash,Mr. Prospector,Hopespringseternal,Hero's Honor,Ivory Wand,Machiavellian,Air Distingue,Pursuit of Love,Pato,Hail to Reason,Cosmah,Understanding,Mountain Flower,Lyphard,Lady Rebecca,Busted,Highclere,Hail to Reason,Bebopper,Dr. Fager,Speedwell,Valid Appeal,Proud n' Happy,His Majesty,Stealaway
202609010305,13,芝,1800,良,未勝利,マジェスティックウォリアー,ウエスタンビジュー,A.P. Indy,Dream Supreme,エンパイアメーカー,ウエスタンダンサー,Seattle Slew,Weekend Surprise,Seeking the Gold,Spinning Round,Unbridled,Toussaud,デヒア,ウエスタンローズ,Bold Reasoning,My Charmer,Secretariat,Lassie Dear,Mr. Prospector,Con Game,Dixieland Band,Take Heart,Fappiano,Gana Facil,El Gran Senor,Image of Reality,Deputy Minister,Sister Dot,オペラハウス,ミュージカルラーク,Boldnesian,Reason to Earn,Poker,Fair Charmer,Bold Ruler,Somethingroyal,Buckpasser,Gay Missile,Raise a Native,Gold Digger,Buckpasser,Broadway,Northern Dancer,Mississippi Mud,Secretariat,Deck Stewardess,Mr. Prospector,Killaloe,Le Fabuleux,Charedi,Northern Dancer,Sex Appeal,In Reality,Edee's Image,Vice Regent,Mint Copy,Secretariat,Sword Game,Sadler's Wells,Colorspin,Cure the Blues,Sparkalark
202609010305,14,芝,1800,良,未勝利,タワーオブロンドン,メテオーリカ,Raven's Pass,スノーパイン,ディープインパクト,アルヴァーダ,Elusive Quality,Ascutney,Dalakhani,シンコウエルメス,サンデーサイレンス,ウインドインハーヘア,エルナンド,Lalindi,Gone West,Touch of Greatness,Lord at War,Right Word,Darshaan,Daltawa,Sadler's Wells,Doff the Derby,Halo,Wishing Well,Alzao,Burghclere,Niniski,Whakilyric,Cadeaux Genereux,Soemba,Mr. Prospector,Secrettame,Hero's Honor,Ivory Wand,General,Luna de Miel,Verbatim,Oratorio,Shirley Heights,Delsy,Miswaki,Damana,Northern Dancer,Fairy Bridge,Master Derby,Margarethen,Hail to Reason,Cosmah,Understanding,Mountain Flower,Lyphard,Lady Rebecca,Busted,Highclere,Nijinsky,Virginia Hills,Miswaki,リリズム,Young Generation,Smarten Up,General Assembly,Seven seas
202609010306,1,ダート,1800,良,1勝クラス,シニスターミニスター,メイショウネイロ,Old Trieste,Sweet Minister,ネオユニヴァース,トランクイルデイズ,A.P. Indy,Lovlier Linda,The Prime Minister,Sweet Blue,サンデーサイレンス,ポインテッドパス,Easy Goer,Kissogram Girl,Seattle Slew,Weekend Surprise,Vigors,Linda Summers,Deputy Minister,Stick to Beauty,Hurry Up Blue,Sugar Gold,Halo,Wishing Well,Kris,Silken Way,Alydar,Relaxing,Danzig,Foreign Courier,Bold Reasoning,My Charmer,Secretariat,Lassie Dear,Grey Dawn,Relifordie,Crozier,Queenly Gift,Vice Regent,Mint Copy,Illustrious,Hail to Beauty,Mr. Leader,Blue Baroness,Mr. Prospector,Miss Ironside,Hail to Reason,Cosmah,Understanding,Mountain Flower,Sharpen Up,Doubly Sure,Shantung,Boulevard,Raise a Native,Sweet Tooth,Buckpasser,Marking Time,Northern Dancer,Pas de Nom,Sir Ivor,Courtly Dee
202609010306,2,ダート,1800,良,1勝クラス,ルヴァンスレーヴ,ビヴァレッジクイーン,シンボリクリスエス,マエストラーレ,Indygo Shiner,Beer Baroness,Kris S.,Tee Kay,ネオユニヴァース,オータムブリーズ,A.P. Indy,Navarra,Mr. Greeley,Lavish Numbers,Roberto,Sharp Queen,Gold Meridian,Tri Argo,サンデーサイレンス,ポインテッドパス,ティンバーカントリー,セプテンバーソング,Seattle Slew,Weekend Surprise,El Gran Senor,Image of Reality,Gone West,Long Legend,Polish Numbers,Timeleighness,Hail to Reason,Bramalea,Princequillo,Bridgework,Seattle Slew,Queen Louie,Tri Jet,Hail Proudly,Halo,Wishing Well,Kris,Silken Way,Woodman,Fall Aspen,リアルシャダイ,ダイナフェアリー,Bold Reasoning,My Charmer,Secretariat,Lassie Dear,Northern Dancer,Sex Appeal,In Reality,Edee's Image,Mr. Prospector,Secrettame,Reviewer,Lianga,Danzig,Numbered Account,Sir Raleigh,Pleasure Moment
202609010306,3,ダート,1800,良,1勝クラス,ホッコータルマエ,テツナゴオ,キングカメハメハ,マダムチェロキー,ハーツクライ,フライトオブエンジェルス,Kingmambo,マンファス,Cherokee Run,アンフォイルド,サンデーサイレンス,アイリッシュダンス,アフリート,Intently,Mr. Prospector,Miesque,ラストタイクーン,Pilot Bird,Runaway Groom,Cherokee Dame,Unbridled,Bold Foil,Halo,Wishing Well,トニービン,ビューパーダンス,Mr. Prospector,Polite Lady,Drone,Naughty Intentions,Raise a Native,Gold Digger,Nureyev,Pasadoble,トライマイベスト,Mill Princess,Blakeney,The Dancer,Blushing Groom,Yonnie Girl,Silver Saber,Dame Francesca,Fappiano,Gana Facil,Bold Forbes,Perfect Foil,Hail to Reason,Cosmah,Understanding,Mountain Flower,カンパラ,Severn Bridge,Lyphard,My Bupers,Raise a Native,Gold Digger,Venetian Jester,Friendly Ways,Sir Gaylord,Cap and Bells,Candy Spots,Teresa Negro
202609010306,4,ダート,1800,良,1勝クラス,リアルスティール,フジミ,ディープインパクト,ラヴズオンリーミー,ロードカナロア,キルシュワッサー,サンデーサイレンス,ウインドインハーヘア,Storm Cat,Monevassia,キングカメハメハ,レディブラッサム,サクラバクシンオー,ナミビア,Halo,Wishing Well,Alzao,Burghclere,Storm Bird,Terlingua,Mr. Prospector,Miesque,Kingmambo,マンファス,Storm Cat,サラトガデュー,サクラユタカオー,サクラハゴロモ,Seeking the Gold,Going Ashore,Hail to Reason,Cosmah,Understanding,Mountain Flower,Lyphard,Lady Rebecca,Busted,Highclere,Northern Dancer,South Ocean,Secretariat,Crimson Saint,Raise a Native,Gold Digger,Nureyev,Pasadoble,Mr. Prospector,Miesque,ラストタイクーン,Pilot Bird,Storm Bird,Terlingua,Cormorant,Super Luna,テスコボーイ,アンジェリカ,ノーザンテースト,クリアアンバー,Mr. Prospector,Con Game,ポリッシュネイビー,Blitey
202609010306,5,ダート,1800,良,1勝クラス,エポカドーロ,カルカリーナ,オルフェーヴル,ダイワパッション,オウケンブルースリ,ジェネスタキオン,ステイゴールド,オリエンタルアート,フォーティナイナー,サンルージュ,ジャングルポケット,シルバージョイ,アグネスタキオン,コミラス,サンデーサイレンス,ゴールデンサッシュ,メジロマックイーン,エレクトロアート,Mr. Prospector,File,シェイディハイツ,チカノヴァ,トニービン,ダンスチャーマー,Silver Deputy,Joy of Myrtlewood,サンデーサイレンス,アグネスフローラ,Kaldoun,Rive Du Sud,Halo,Wishing Well,ディクタス,ダイナサッシュ,メジロティターン,メジロオーロラ,ノーザンテースト,グランマスティーヴンス,Raise a Native,Gold Digger,Tom Rolfe,Continue,Shirley Heights,Vaguely,Northern Dancer,Cairn Rouge,カンパラ,Severn Bridge,Nureyev,Skillful Joy,Deputy Minister,Silver Valley,Northern Jove,Myrtlewood Lass,Halo,Wishing Well,ロイヤルスキー,アグネスレディー,Caro,Katana,Nureyev,Riviere Doree
202609010306,6,ダート,1800,良,1勝クラス,ナダル,ボールドアテンプト,Blame,Ascending Angel,ゴールドアリュール,タイムトラベリング,Arch,Liable,Pulpit,Solar Colony,サンデーサイレンス,ニキーヤ,ブライアンズタイム,ジョリーザザ,Kris S.,Aurora,Seeking the Gold,Bound,A.P. Indy,Preach,Pleasant Colony,Meteor Stage,Halo,Wishing Well,Nureyev,Reluctant Guest,Roberto,Kelley's Day,Alzao,Bold Lady,Roberto,Sharp Queen,Danzig,Althea,Mr. Prospector,Con Game,Nijinsky,Special,Seattle Slew,Weekend Surprise,Mr. Prospector,Narrate,His Majesty,Sun Colony,Stage Door Johnny,Northern Meteor,Hail to Reason,Cosmah,Understanding,Mountain Flower,Northern Dancer,Special,Hostage,Vaguely Royal,Hail to Reason,Bramalea,Graustark,Golden Trail,Lyphard,Lady Rebecca,ボールドラツド,Tredam
202609010306,7,ダート,1800,良,1勝クラス,クレスコグランド,ミヤビペルラ,タニノギムレット,マンハッタンフィズ,ロードカナロア,ルナレディ,ブライアンズタイム,タニノクリスタル,サンデーサイレンス,サトルチェンジ,キングカメハメハ,レディブラッサム,タイキシャトル,レディソーサリス,Roberto,Kelley's Day,クリスタルパレス,タニノシーバード,Halo,Wishing Well,Law Society,Santa Luciana,Kingmambo,マンファス,Storm Cat,サラトガデュー,Devil's Bag,ウェルシュマフィン,サンデーサイレンス,マジックショール,Hail to Reason,Bramalea,Graustark,Golden Trail,Caro,Hermieres,Sea-Bird,Flaxen,Hail to Reason,Cosmah,Understanding,Mountain Flower,Alleged,Bold Bikini,Luciano,Suleika,Mr. Prospector,Miesque,ラストタイクーン,Pilot Bird,Storm Bird,Terlingua,Cormorant,Super Luna,Halo,Ballade,Caerleon,Muffitys,Halo,Wishing Well,ダイヤモンドショール,マガロ
202609010306,8,ダート,1800,良,1勝クラス,ルヴァンスレーヴ,マザーズウィッシュ,シンボリクリスエス,マエストラーレ,タイキシャトル,ゴールデンカラーズ,Kris S.,Tee Kay,ネオユニヴァース,オータムブリーズ,Devil's Bag,ウェルシュマフィン,Mr. Prospector,Winning Colors,Roberto,Sharp Queen,Gold Meridian,Tri Argo,サンデーサイレンス,ポインテッドパス,ティンバーカントリー,セプテンバーソング,Halo,Ballade,Caerleon,Muffitys,Raise a Native,Gold Digger,Caro,All Rainbows,Hail to Reason,Bramalea,Princequillo,Bridgework,Seattle Slew,Queen Louie,Tri Jet,Hail Proudly,Halo,Wishing Well,Kris,Silken Way,Woodman,Fall Aspen,リアルシャダイ,ダイナフェアリー,Hail to Reason,Cosmah,Herbager,Miss Swapsco,Nijinsky,Foreseer,Thatch,Contrail,Native Dancer,Raise You,Nashua,Sequence,フォルティノ,Chambord,Bold Hour,Miss Carmie
202609010306,9,ダート,1800,良,1勝クラス,レインボーライン,アテナブルー,ステイゴールド,レーゲンボーゲン,ジャングルポケット,セイントセーラ,サンデーサイレンス,ゴールデンサッシュ,フレンチデピュティ,レインボーファスト,トニービン,ダンスチャーマー,Caerleon,マラブー,Halo,Wishing Well,ディクタス,ダイナサッシュ,Deputy Minister,Mitterand,レインボーアンバー,レインボーローズ,カンパラ,Severn Bridge,Nureyev,Skillful Joy,Nijinsky,Foreseer,Roberto,Last Feather,Hail to Reason,Cosmah,Understanding,Mountain Flower,Sanctus,Doronic,ノーザンテースト,ロイヤルサッシュ,Vice Regent,Mint Copy,Hold Your Peace,Laredo Lass,アンバーシャダイ,イーデンブルース,ファーストファミリー,プティットアミ,Kalamoun,State Pension,Hornbeam,Priddy Fair,Northern Dancer,Special,Nodouble,Skillful Miss,Northern Dancer,Flaming Page,Round Table,Regal Gleam,Hail to Reason,Bramalea,Vaguely Noble,Quill
202609010306,10,ダート,1800,良,1勝クラス,ブリックスアンドモルタル,メイショウオウヒ,Giant's Causeway,Beyond the Waves,マンハッタンカフェ,アルペンローズ,Storm Cat,Mariah's Storm,Ocean Crest,Excedent,サンデーサイレンス,サトルチェンジ,Kris S.,Amizette,Storm Bird,Terlingua,Rahy,イメンス,Storm Bird,S.S.Aroma,Exceller,Broadway Lullaby,Halo,Wishing Well,Law Society,Santa Luciana,Roberto,Sharp Queen,フォーティナイナー,Courtly Dee,Northern Dancer,South Ocean,Secretariat,Crimson Saint,Blushing Groom,Glorious Song,Roberto,Imsodear,Northern Dancer,South Ocean,Seattle Slew,Rare Bouquet,Vaguely Noble,Too Bald,Stage Door Johnny,リットルブレツシング,Hail to Reason,Cosmah,Understanding,Mountain Flower,Alleged,Bold Bikini,Luciano,Suleika,Hail to Reason,Bramalea,Princequillo,Bridgework,Mr. Prospector,File,Never Bend,Tulle
202609010306,11,ダート,1800,良,1勝クラス,スワーヴリチャード,ポプラ,ハーツクライ,ピラミマ,Frankel,ハーフムーン,サンデーサイレンス,アイリッシュダンス,Unbridled's Song,キャリアコレクション,Galileo,Kind,Duke of Marmalade,Quarter moon,Halo,Wishing Well,トニービン,ビューパーダンス,Unbridled,Trolley Song,General Meeting,River of Stars,Sadler's Wells,Urban Sea,デインヒル,Rainbow Lake,デインヒル,Love Me True,Sadler's Wells,Jude,Hail to Reason,Cosmah,Understanding,Mountain Flower,カンパラ,Severn Bridge,Lyphard,My Bupers,Fappiano,Gana Facil,Caro,Lucky Spell,Seattle Slew,Alydar's Promise,Riverman,Star Fortune,Northern Dancer,Fairy Bridge,Miswaki,Allegretta,Danzig,Razyana,Rainbow Quest,Rockfest,Danzig,Razyana,Kingmambo,Lassie's Lady,Northern Dancer,Fairy Bridge,Darshaan,Alruccaba
202609010306,12,ダート,1800,良,1勝クラス,シャンハイボビー,ラブリーアリュール,Harlan's Holiday,Steelin',ゴールドアリュール,ラブリープリンセス,Harlan,Christmas in Aiken,Orientate,Steel Band,サンデーサイレンス,ニキーヤ,エンドスウィープ,ラブリーサンライズ,Storm Cat,Country Romance,Affirmed,Dowager,Mt. Livermore,Dream Team,Carson City,ウェディングバンド,Halo,Wishing Well,Nureyev,Reluctant Guest,フォーティナイナー,Broom Dance,ノーザンテースト,ナイトブリーズ,Storm Bird,Terlingua,Halo,Sweet Romance,Exclusive Native,Won't Tell You,Honest Pleasure,Princessnesian,Blushing Groom,Flama Ardiente,Cox's Ridge,Likely Double,Mr. Prospector,Blushing Promise,Mighty Appealing,Ring of Steel,Hail to Reason,Cosmah,Understanding,Mountain Flower,Northern Dancer,Special,Hostage,Vaguely Royal,Mr. Prospector,File,Dance Spell,Witching Hour,Northern Dancer,Lady Victoria,パーソロン,コサージターフ
202609010306,13,ダート,1800,良,1勝クラス,ダンカーク,ロイヤルソード,Unbridled's Song,Secret Status,スウェプトオーヴァーボード,ルスナイオブカラー,Unbridled,Trolley Song,A.P. Indy,Private Status,エンドスウィープ,Sheer Ice,ブライアンズタイム,フジノキャラット,Fappiano,Gana Facil,Caro,Lucky Spell,Seattle Slew,Weekend Surprise,Alydar,Miss Eva,フォーティナイナー,Broom Dance,Cutlass,Hey Dolly A.,Roberto,Kelley's Day,リズム,ハギノトップレディ,Mr. Prospector,Killaloe,Le Fabuleux,Charedi,フォルティノ,Chambord,Lucky Mel,Incantation,Bold Reasoning,My Charmer,Secretariat,Lassie Dear,Raise a Native,Sweet Tooth,Con Brio,Apolinea,Mr. Prospector,File,Dance Spell,Witching Hour,Damascus,Aphonia,Ambehaving,Swift Deal,Hail to Reason,Bramalea,Graustark,Golden Trail,Mr. Prospector,Dance Number,サンシー,イツトー
202609010307,1,ダート,1400,良,1勝クラス,ダノンレジェンド,ストリーク,Macho Uno,マイグッドネス,エイシンフラッシュ,メイショウセイカ,Holy Bull,Primal Force,Storm Cat,Caressing,キングズベスト,ムーンレディ,クロフネ,チアズグレイス,Great Above,Sharon Brown,Blushing Groom,Prime Prospect,Storm Bird,Terlingua,Honour and Glory,Lovin Touch,Kingmambo,Allegretta,プラティニ,Midnight Fever,フレンチデピュティ,ブルーアヴェニュー,サンデーサイレンス,チアズフラワー,Minnesota Mac,Ta Wee,Al Hattab,Agathea's Dawn,Red God,Runaway Bride,Mr. Prospector,Square Generation,Northern Dancer,South Ocean,Secretariat,Crimson Saint,Relaunch,Fair to All,Majestic Prince,Forest Princess,Mr. Prospector,Miesque,Lombard,Anatevka,Surumu,Prairie Darling,Sure Blade,Majoritat,Deputy Minister,Mitterand,Classic Go Go,Eliza Blue,Halo,Wishing Well,Al Nasr,デュカイナ
202609010307,2,ダート,1400,良,1勝クラス,スワーヴリチャード,ザクイーン,ハーツクライ,ピラミマ,ヴィクトワールピサ,サマーハ,サンデーサイレンス,アイリッシュダンス,Unbridled's Song,キャリアコレクション,ネオユニヴァース,ホワイトウォーターアフェア,シングスピール,Genovefa,Halo,Wishing Well,トニービン,ビューパーダンス,Unbridled,Trolley Song,General Meeting,River of Stars,サンデーサイレンス,ポインテッドパス,Machiavellian,Much Too Risky,In the Wings,Glorious Song,Woodman,Reigning Countess,Hail to Reason,Cosmah,Understanding,Mountain Flower,カンパラ,Severn Bridge,Lyphard,My Bupers,Fappiano,Gana Facil,Caro,Lucky Spell,Seattle Slew,Alydar's Promise,Riverman,Star Fortune,Halo,Wishing Well,Kris,Silken Way,Mr. Prospector,Coup de Folie,Bustino,Short Rations,Sadler's Wells,High Hawk,Halo,Ballade,Mr. Prospector,プレイメイト,Far North,Countess Fager
202609010307,3,ダート,1400,良,1勝クラス,エイシンヒカリ,エーシンアマゾーン,ディープインパクト,キャタリナ,ファルブラヴ,ワイオミングガール,サンデーサイレンス,ウインドインハーヘア,Storm Cat,Carolina Saga,Fairy King,Gift of the Night,Supremo,Above the Salt,Halo,Wishing Well,Alzao,Burghclere,Storm Bird,Terlingua,Caro,Key to the Saga,Northern Dancer,Fairy Bridge,Slewpy,Little Nana,Gone West,Personal Glory,Master Derby,Salt In My Stew,Hail to Reason,Cosmah,Understanding,Mountain Flower,Lyphard,Lady Rebecca,Busted,Highclere,Northern Dancer,South Ocean,Secretariat,Crimson Saint,フォルティノ,Chambord,Key to the Mint,Sea Saga,Nearctic,Natalma,Bold Reason,Special,Seattle Slew,Rare Bouquet,Lithiot,Nenana Road,Mr. Prospector,Secrettame,Danzig,Andover Way,ダストコマンダー,Madam Jerry,Dr. Blum,Cream in My Coffee
202609010307,4,ダート,1400,良,1勝クラス,ドレフォン,ステップオブダンス,Gio Ponti,Eltimaas,ゴールドアリュール,ルカダンス,Tale of the Cat,Chipeta Springs,Ghostzapper,Najecam,サンデーサイレンス,ニキーヤ,ヘクタープロテクター,ダンスダンスダンス,Storm Cat,Yarn,Alydar,Salt Spring,Awesome Again,Baby Zip,Trempolino,Sue Warner,Halo,Wishing Well,Nureyev,Reluctant Guest,Woodman,Korveya,ナイスダンサー,リセス,Storm Bird,Terlingua,Mr. Prospector,Narrate,Raise a Native,Sweet Tooth,Salt Marsh,Jungle Mythologic,Deputy Minister,Primal Force,Relaunch,Thirty Zip,Sharpen Up,Trephine,Forli,Bitty Girl,Hail to Reason,Cosmah,Understanding,Mountain Flower,Northern Dancer,Special,Hostage,Vaguely Royal,Mr. Prospector,プレイメイト,Riverman,Konafa,Northern Dancer,Nice Princess,Stop the Music,Parlor Game
202609010307,5,ダート,1400,良,1勝クラス,コパノリッキー,ミヤジヴィジェ,ゴールドアリュール,コパノニキータ,エンパイアメーカー,ミヤジマッドレー,サンデーサイレンス,ニキーヤ,ティンバーカントリー,ニホンピロローズ,Unbridled,Toussaud,アグネスタキオン,ゴールデンコマーズ,Halo,Wishing Well,Nureyev,Reluctant Guest,Woodman,Fall Aspen,トニービン,ウェディングブーケ,Fappiano,Gana Facil,El Gran Senor,Image of Reality,サンデーサイレンス,アグネスフローラ,ティンバーカントリー,コマーズ,Hail to Reason,Cosmah,Understanding,Mountain Flower,Northern Dancer,Special,Hostage,Vaguely Royal,Mr. Prospector,プレイメイト,Pretense,Change Water,カンパラ,Severn Bridge,リアルシャダイ,アリーウイン,Mr. Prospector,Killaloe,Le Fabuleux,Charedi,Northern Dancer,Sex Appeal,In Reality,Edee's Image,Halo,Wishing Well,ロイヤルスキー,アグネスレディー,Woodman,Fall Aspen,Danzig,ミドルマーチ
202609010307,6,ダート,1400,良,1勝クラス,カレンブラックヒル,メリオール,ダイワメジャー,チャールストンハーバー,キングカメハメハ,メリュジーヌ,サンデーサイレンス,スカーレットブーケ,Grindstone,Penny's Valentine,Kingmambo,マンファス,フレンチデピュティ,メジェール,Halo,Wishing Well,ノーザンテースト,スカーレットインク,Unbridled,Buzz My Bell,Storm Cat,Mrs. Penny,Mr. Prospector,Miesque,ラストタイクーン,Pilot Bird,Deputy Minister,Mitterand,タバスコキャット,カスパースカイゴールド,Hail to Reason,Cosmah,Understanding,Mountain Flower,Northern Dancer,Lady Victoria,Crimson Satan,Consentida,Fappiano,Gana Facil,Drone,Chateaupavia,Storm Bird,Terlingua,Great Nephew,Tananarive,Raise a Native,Gold Digger,Nureyev,Pasadoble,トライマイベスト,Mill Princess,Blakeney,The Dancer,Vice Regent,Mint Copy,Hold Your Peace,Laredo Lass,Storm Cat,Barbicue Sauce,Seeking the Gold,ビベ
202609010307,7,ダート,1400,良,1勝クラス,ゴールデンバローズ,ティヤム,Tapit,マザーロシア,サンカルロ,アズサユミ,Pulpit,Tap Your Heels,Mayakovsky,Still Secret,シンボリクリスエス,ディーバ,サンデーサイレンス,ファーストクラス,A.P. Indy,Preach,Unbridled,Ruby Slippers,Matty G,Joy to Raise,ヘネシー,Runaway Spy,Kris S.,Tee Kay,Crafty Prospector,ミスセクレト,Halo,Wishing Well,トウショウボーイ,スイートコンコルド,Seattle Slew,Weekend Surprise,Mr. Prospector,Narrate,Fappiano,Gana Facil,Nijinsky,Moon Glitter,Capote,Star Gem,Raise a Man,Joy to Tell,Storm Cat,Island Kitty,Mt. Livermore,Pretty Driver,Roberto,Sharp Queen,Gold Meridian,Tri Argo,Mr. Prospector,Real Crafty Lady,セクレト,My First Fling,Hail to Reason,Cosmah,Understanding,Mountain Flower,テスコボーイ,ソシアルバターフライ,パーソロン,スイートルナ
202609010307,8,ダート,1400,良,1勝クラス,ルヴァンスレーヴ,ナショナルホリデー,シンボリクリスエス,マエストラーレ,ダンスインザダーク,ナショナルフラッグ,Kris S.,Tee Kay,ネオユニヴァース,オータムブリーズ,サンデーサイレンス,ダンシングキイ,ディクタス,ダイナワールド,Roberto,Sharp Queen,Gold Meridian,Tri Argo,サンデーサイレンス,ポインテッドパス,ティンバーカントリー,セプテンバーソング,Halo,Wishing Well,Nijinsky,Key Partner,Sanctus,Doronic,ハンターコム,ハニードリーマー,Hail to Reason,Bramalea,Princequillo,Bridgework,Seattle Slew,Queen Louie,Tri Jet,Hail Proudly,Halo,Wishing Well,Kris,Silken Way,Woodman,Fall Aspen,リアルシャダイ,ダイナフェアリー,Hail to Reason,Cosmah,Understanding,Mountain Flower,Northern Dancer,Flaming Page,Key to the Mint,Native Partner,Fine Top,Sanelta,Worden,Dulzetta,Derring-Do,Ergina,Dewan,ハニーサツクルヴアイン
202609010307,9,ダート,1400,良,1勝クラス,ミスターメロディ,ヒメベニサクラ,Scat Daddy,Trusty Lady,ディープブリランテ,サトノサクラ,ヨハネスブルグ,Love Style,Deputy Minister,Klassy Kim,ディープインパクト,ラヴアンドバブルズ,シンボリクリスエス,シジェームサン,ヘネシー,Myth,Mr. Prospector,Likeable Style,Vice Regent,Mint Copy,Silent Screen,クールアライヴァル,サンデーサイレンス,ウインドインハーヘア,Loup Sauvage,バブルドリーム,Kris S.,Tee Kay,Septieme Ciel,Samalex,Storm Cat,Island Kitty,オジジアン,Yarn,Raise a Native,Gold Digger,Nijinsky,Personable Lady,Northern Dancer,Victoria Regina,Bunty's Flight,Shakney,Prince John,Prayer Bell,Relaunch,Irish Arrival,Halo,Wishing Well,Alzao,Burghclere,Riverman,Louveterie,Akarad,バブルプロスペクター,Roberto,Sharp Queen,Gold Meridian,Tri Argo,Seattle Slew,Maximova,Ela-Mana-Mou,Pampas Miss
202609010307,10,ダート,1400,良,1勝クラス,ロードカナロア,ジャストアスミッジ,キングカメハメハ,レディブラッサム,Into Mischief,Pooh Corner,Kingmambo,マンファス,Storm Cat,サラトガデュー,Harlan's Holiday,Leslie's Lady,Tapit,Opulent,Mr. Prospector,Miesque,ラストタイクーン,Pilot Bird,Storm Bird,Terlingua,Cormorant,Super Luna,Harlan,Christmas in Aiken,Tricky Creek,Crystal Lady,Pulpit,Tap Your Heels,Meadowlake,Katilac Ofthestars,Raise a Native,Gold Digger,Nureyev,Pasadoble,トライマイベスト,Mill Princess,Blakeney,The Dancer,Northern Dancer,South Ocean,Secretariat,Crimson Saint,His Majesty,Song Sparrow,In Reality,Alada,Storm Cat,Country Romance,Affirmed,Dowager,Clever Trick,Battle Creek Girl,Stop the Music,One Last Bird,A.P. Indy,Preach,Unbridled,Ruby Slippers,Hold Your Peace,Suspicious Native,Katowice,Above the Stars
202609010307,11,ダート,1400,良,1勝クラス,バトルプラン,ティンタジェル,エンパイアメーカー,Flanders,キングカメハメハ,メジロシェダー,Unbridled,Toussaud,Seeking the Gold,Starlet Storm,Kingmambo,マンファス,アグネスタキオン,ニーニャデガルチ,Fappiano,Gana Facil,El Gran Senor,Image of Reality,Mr. Prospector,Con Game,Storm Bird,Cinegita,Mr. Prospector,Miesque,ラストタイクーン,Pilot Bird,サンデーサイレンス,アグネスフローラ,Gulch,Diva's Debut,Mr. Prospector,Killaloe,Le Fabuleux,Charedi,Northern Dancer,Sex Appeal,In Reality,Edee's Image,Raise a Native,Gold Digger,Buckpasser,Broadway,Northern Dancer,South Ocean,Secretariat,Wanika,Raise a Native,Gold Digger,Nureyev,Pasadoble,トライマイベスト,Mill Princess,Blakeney,The Dancer,Halo,Wishing Well,ロイヤルスキー,アグネスレディー,Mr. Prospector,Jameela,Deputy Minister,Prima Maria
202609010307,12,ダート,1400,良,1勝クラス,ヘニーヒューズ,タイキグラミー,ヘネシー,Meadow Flyer,フレンチデピュティ,リンクスオブタイム,Storm Cat,Island Kitty,Meadowlake,Shortley,Deputy Minister,Mitterand,ジェイドロバリー,リンクスオブゴールド,Storm Bird,Terlingua,Hawaii,T. C. Kitten,Hold Your Peace,Suspicious Native,Hagley,Short Winded,Vice Regent,Mint Copy,Hold Your Peace,Laredo Lass,Mr. Prospector,Number,Linkage,State Treasure,Northern Dancer,South Ocean,Secretariat,Crimson Saint,Utrillo,Ethane,Tom Cat,Needlebug,Speak John,Blue Moon,Raise a Native,Be Suspicious,Olden Times,Teo Pepi,Harvest Singing,Wild Cloud,Northern Dancer,Victoria Regina,Bunty's Flight,Shakney,Speak John,Blue Moon,Bold Ruler,Fortunate Isle,Raise a Native,Gold Digger,Nijinsky,Special,Hoist the Flag,Unity Hall,Secretariat,Diomedia
202609010307,13,ダート,1400,良,1勝クラス,ジャスタウェイ,インザスポットライト,ハーツクライ,シビル,Exceed And Excel,Naruko,サンデーサイレンス,アイリッシュダンス,Wild Again,シャロン,デインヒル,Patrona,Street Cry,Lake Toya,Halo,Wishing Well,トニービン,ビューパーダンス,Icecapade,Bushel-n-Peck,Mo Exception,Double Wiggle,Danzig,Razyana,Lomond,Gladiolus,Machiavellian,Helen Street,Darshaan,シンコウエルメス,Hail to Reason,Cosmah,Understanding,Mountain Flower,カンパラ,Severn Bridge,Lyphard,My Bupers,Nearctic,Shenanigans,Khaled,Dama,Hard Work,With Exception,Sir Wiggle,Blue Double,Northern Dancer,Pas de Nom,His Majesty,Spring Adieu,Northern Dancer,My Charmer,Watch Your Step,Back Britches,Mr. Prospector,Coup de Folie,Troy,Waterway,Shirley Heights,Delsy,Sadler's Wells,Doff the Derby
202609010307,14,ダート,1400,良,1勝クラス,エピファネイア,スカイノダン,シンボリクリスエス,シーザリオ,サクラバクシンオー,シビル,Kris S.,Tee Kay,スペシャルウィーク,キロフプリミエール,サクラユタカオー,サクラハゴロモ,Wild Again,シャロン,Roberto,Sharp Queen,Gold Meridian,Tri Argo,サンデーサイレンス,キャンペンガール,Sadler's Wells,Querida,テスコボーイ,アンジェリカ,ノーザンテースト,クリアアンバー,Icecapade,Bushel-n-Peck,Mo Exception,Double Wiggle,Hail to Reason,Bramalea,Princequillo,Bridgework,Seattle Slew,Queen Louie,Tri Jet,Hail Proudly,Halo,Wishing Well,マルゼンスキー,レディーシラオキ,Northern Dancer,Fairy Bridge,Habitat,Principia,Princely Gift,Suncourt,ネヴァービート,スターハイネス,Northern Dancer,Lady Victoria,Ambiopoise,One Clear Call,Nearctic,Shenanigans,Khaled,Dama,Hard Work,With Exception,Sir Wiggle,Blue Double
202609010307,15,ダート,1400,良,1勝クラス,ルーラーシップ,クレオール,キングカメハメハ,エアグルーヴ,チチカステナンゴ,リンガフランカ,Kingmambo,マンファス,トニービン,ダイナカール,Smadoun,スマラ,サンデーサイレンス,フランクアーギュメント,Mr. Prospector,Miesque,ラストタイクーン,Pilot Bird,カンパラ,Severn Bridge,ノーザンテースト,シャダイフェザー,Kaldoun,Mossma,Antheus,Small Partie,Halo,Wishing Well,Argument,Franca,Raise a Native,Gold Digger,Nureyev,Pasadoble,トライマイベスト,Mill Princess,Blakeney,The Dancer,Kalamoun,State Pension,Hornbeam,Priddy Fair,Northern Dancer,Lady Victoria,ガーサント,パロクサイド,Caro,Katana,Tip Moss,Ticma,Northern Dancer,Apachee,Fabulous Dancer,Summer Parties,Hail to Reason,Cosmah,Understanding,Mountain Flower,Kautokeino,Arantelle,ヴァイスリーガル,Tudor Gwen
202609010307,16,ダート,1400,良,1勝クラス,ゴールドドリーム,フラニーフロイド,ゴールドアリュール,モンヴェール,Freud,Frankly Fran,サンデーサイレンス,ニキーヤ,フレンチデピュティ,スペシャルジェイド,Storm Cat,Mariah's Storm,D'Accord,Las Manitas,Halo,Wishing Well,Nureyev,Reluctant Guest,Deputy Minister,Mitterand,Cox's Ridge,Statistic,Storm Bird,Terlingua,Rahy,イメンス,Secretariat,Fanfreluche,Faraway Son,Maimiti,Hail to Reason,Cosmah,Understanding,Mountain Flower,Northern Dancer,Special,Hostage,Vaguely Royal,Vice Regent,Mint Copy,Hold Your Peace,Laredo Lass,Best Turn,Our Martha,Mr. Prospector,Number,Northern Dancer,South Ocean,Secretariat,Crimson Saint,Blushing Groom,Glorious Song,Roberto,Imsodear,Bold Ruler,Somethingroyal,Northern Dancer,Ciboulette,Ambiopoise,Locust Time,Never Bend,Hula Girl
202609010308,1,ダート,1800,良,2勝クラス,Tiz the Law,アーチョコレート,Constitution,Tizfiz,Candy Ride,Ahh,Tapit,Baffled,Tiznow,Gin Running,Ride the Rails,Candy Girl,Saint Liam,Ministrada,Pulpit,Tap Your Heels,Distorted Humor,Surf Club,Cee's Tizzy,Cee's Song,Go for Gin,Crafty and Evil,Cryptoclearance,Herbalesian,Candy Stripes,City Girl,Saint Ballado,Quiet Dance,Deputy Minister,Funistrada,A.P. Indy,Preach,Unbridled,Ruby Slippers,フォーティナイナー,Danzig's Beauty,Ocean Crest,Horns Gray,Relaunch,テイズリー,Seattle Song,Lonely Dancer,Cormorant,Never Knock,Crafty Prospector,Evil Elaine,Fappiano,Naval Orange,Herbager,Alanesian,Blushing Groom,バブルカンパニー,Farnesio,Cithara,Halo,Ballade,Quiet American,Misty Dancer,Vice Regent,Mint Copy,Fappiano,Mesabi
202609010308,2,ダート,1800,良,2勝クラス,カリフォルニアクローム,スペルオンミー,Lucky Pulpit,Love the Chase,ダイワメジャー,ウィッチズハット,Pulpit,Lucky Soph,Not for Love,Chase It Down,サンデーサイレンス,スカーレットブーケ,Storm Cat,Mrs. Hat,A.P. Indy,Preach,Cozzene,Lucky Spell,Mr. Prospector,Dance Number,Polish Numbers,Chase the Dream,Halo,Wishing Well,ノーザンテースト,スカーレットインク,Storm Bird,Terlingua,Sharpen Up,Hatter's Dream,Seattle Slew,Weekend Surprise,Mr. Prospector,Narrate,Caro,Ride the Trails,Lucky Mel,Incantation,Raise a Native,Gold Digger,Northern Dancer,Numbered Account,Danzig,Numbered Account,Sir Ivor,La Belle Fleur,Hail to Reason,Cosmah,Understanding,Mountain Flower,Northern Dancer,Lady Victoria,Crimson Satan,Consentida,Northern Dancer,South Ocean,Secretariat,Crimson Saint,エタン,Rocchetta,Buckpasser,Glad Rags
202609010308,3,ダート,1800,良,2勝クラス,リアルスティール,センショウレイナ,ディープインパクト,ラヴズオンリーミー,ハービンジャー,ブルーリッジリバー,サンデーサイレンス,ウインドインハーヘア,Storm Cat,Monevassia,Dansili,Penang Pearl,フジキセキ,スカーレットブルー,Halo,Wishing Well,Alzao,Burghclere,Storm Bird,Terlingua,Mr. Prospector,Miesque,デインヒル,Hasili,Bering,Guapa,サンデーサイレンス,ミルレーサー,ノーザンテースト,スカーレットインク,Hail to Reason,Cosmah,Understanding,Mountain Flower,Lyphard,Lady Rebecca,Busted,Highclere,Northern Dancer,South Ocean,Secretariat,Crimson Saint,Raise a Native,Gold Digger,Nureyev,Pasadoble,Danzig,Razyana,Kahyasi,Kerali,Arctic Tern,Beaune,Shareef Dancer,Sauceboat,Halo,Wishing Well,Le Fabuleux,Marston's Mill,Northern Dancer,Lady Victoria,Crimson Satan,Consentida
202609010308,4,ダート,1800,良,2勝クラス,ナダル,エスティタート,Blame,Ascending Angel,ドリームジャーニー,スキッフル,Arch,Liable,Pulpit,Solar Colony,ステイゴールド,オリエンタルアート,トニービン,ザスキート,Kris S.,Aurora,Seeking the Gold,Bound,A.P. Indy,Preach,Pleasant Colony,Meteor Stage,サンデーサイレンス,ゴールデンサッシュ,メジロマックイーン,エレクトロアート,カンパラ,Severn Bridge,Nureyev,Shoot a Line,Roberto,Sharp Queen,Danzig,Althea,Mr. Prospector,Con Game,Nijinsky,Special,Seattle Slew,Weekend Surprise,Mr. Prospector,Narrate,His Majesty,Sun Colony,Stage Door Johnny,Northern Meteor,Halo,Wishing Well,ディクタス,ダイナサッシュ,メジロティターン,メジロオーロラ,ノーザンテースト,グランマスティーヴンス,Kalamoun,State Pension,Hornbeam,Priddy Fair,Northern Dancer,Special,High Line,Death Ray
202609010308,5,ダート,1800,良,2勝クラス,ルーラーシップ,コンダクトレス,キングカメハメハ,エアグルーヴ,ホワイトマズル,ファーストチェア,Kingmambo,マンファス,トニービン,ダイナカール,ダンシングブレーヴ,Fair of the Furze,ジャングルポケット,マイケイティーズ,Mr. Prospector,Miesque,ラストタイクーン,Pilot Bird,カンパラ,Severn Bridge,ノーザンテースト,シャダイフェザー,Lyphard,Navajo Princess,Ela-Mana-Mou,Autocratic,トニービン,ダンスチャーマー,サンデーサイレンス,ケイティーズファースト,Raise a Native,Gold Digger,Nureyev,Pasadoble,トライマイベスト,Mill Princess,Blakeney,The Dancer,Kalamoun,State Pension,Hornbeam,Priddy Fair,Northern Dancer,Lady Victoria,ガーサント,パロクサイド,Northern Dancer,Goofed,Drone,Olmec,ピットカーン,Rose Bertin,Tyrant,Flight Table,カンパラ,Severn Bridge,Nureyev,Skillful Joy,Halo,Wishing Well,Kris,Katies
202609010308,6,ダート,1800,良,2勝クラス,ブラックタイド,ウィンターコスモス,サンデーサイレンス,ウインドインハーヘア,キングカメハメハ,ミスパスカリ,Halo,Wishing Well,Alzao,Burghclere,Kingmambo,マンファス,Mr. Greeley,ブルーアヴェニュー,Hail to Reason,Cosmah,Understanding,Mountain Flower,Lyphard,Lady Rebecca,Busted,Highclere,Mr. Prospector,Miesque,ラストタイクーン,Pilot Bird,Gone West,Long Legend,Classic Go Go,Eliza Blue,Turn-to,Nothirdchance,Cosmic Bomb,Almahmoud,Promised Land,Pretty Ways,Montparnasse,Edelweiss,Northern Dancer,Goofed,Sir Ivor,Pocahontas,Crepello,Sans le Sou,Queen's Hussar,Highlight,Raise a Native,Gold Digger,Nureyev,Pasadoble,トライマイベスト,Mill Princess,Blakeney,The Dancer,Mr. Prospector,Secrettame,Reviewer,Lianga,Pago Pago,Classic Perfection,Icecapade,コレラ
202609010308,7,ダート,1800,良,2勝クラス,ルヴァンスレーヴ,マトリョーシカ,シンボリクリスエス,マエストラーレ,クロフネ,アイスドール,Kris S.,Tee Kay,ネオユニヴァース,オータムブリーズ,フレンチデピュティ,ブルーアヴェニュー,キャプテンスティーヴ,ビスクドール,Roberto,Sharp Queen,Gold Meridian,Tri Argo,サンデーサイレンス,ポインテッドパス,ティンバーカントリー,セプテンバーソング,Deputy Minister,Mitterand,Classic Go Go,Eliza Blue,Fly So Free,Sparkling Delite,サンデーサイレンス,フェアリードール,Hail to Reason,Bramalea,Princequillo,Bridgework,Seattle Slew,Queen Louie,Tri Jet,Hail Proudly,Halo,Wishing Well,Kris,Silken Way,Woodman,Fall Aspen,リアルシャダイ,ダイナフェアリー,Vice Regent,Mint Copy,Hold Your Peace,Laredo Lass,Pago Pago,Classic Perfection,Icecapade,コレラ,Time for a Change,Free to Fly,Vice Regent,Sparkling Topaz,Halo,Wishing Well,Nureyev,Dream Deal
202609010308,8,ダート,1800,良,2勝クラス,アニマルキングダム,カグラヤルージュ,Leroidesanimaux,ダリシア,ヨハネスブルグ,アルウェット,Candy Stripes,Dissemble,Acatenango,Dynamis,ヘネシー,Myth,エンパイアメーカー,アルヴァーダ,Blushing Groom,バブルカンパニー,Ahonoora,Kerali,Surumu,Aggravate,ダンシングブレーヴ,Diasprina,Storm Cat,Island Kitty,オジジアン,Yarn,Unbridled,Toussaud,エルナンド,Lalindi,Red God,Runaway Bride,Lyphard,Prodice,Lorenzaccio,Helen Nichols,High Line,Sookera,Literat,Surama,Aggressor,Raven Locks,Lyphard,Navajo Princess,Aspros,Dorle,Storm Bird,Terlingua,Hawaii,T. C. Kitten,Damascus,Gonfalon,Mr. Prospector,Narrate,Fappiano,Gana Facil,El Gran Senor,Image of Reality,Niniski,Whakilyric,Cadeaux Genereux,Soemba
202609010308,9,ダート,1800,良,2勝クラス,ハービンジャー,エレーデ,Dansili,Penang Pearl,ディープインパクト,ローブデコルテ,デインヒル,Hasili,Bering,Guapa,サンデーサイレンス,ウインドインハーヘア,Cozzene,Color of Gold,Danzig,Razyana,Kahyasi,Kerali,Arctic Tern,Beaune,Shareef Dancer,Sauceboat,Halo,Wishing Well,Alzao,Burghclere,Caro,Ride the Trails,Seeking the Gold,Sulemeif,Northern Dancer,Pas de Nom,His Majesty,Spring Adieu,イルドブルボン,Kadissya,High Line,Sookera,Sea-Bird,Bubbling Beauty,Lyphard,Barbra,Northern Dancer,Sweet Alliance,Connaught,Cranberry Sauce,Hail to Reason,Cosmah,Understanding,Mountain Flower,Lyphard,Lady Rebecca,Busted,Highclere,フォルティノ,Chambord,Prince John,Wildwook,Mr. Prospector,Con Game,Northern Dancer,Barely Even
202609010308,10,ダート,1800,良,2勝クラス,ジャスタウェイ,エピックラヴ,ハーツクライ,シビル,Dansili,Leopard Hunt,サンデーサイレンス,アイリッシュダンス,Wild Again,シャロン,デインヒル,Hasili,Diesis,Alcando,Halo,Wishing Well,トニービン,ビューパーダンス,Icecapade,Bushel-n-Peck,Mo Exception,Double Wiggle,Danzig,Razyana,Kahyasi,Kerali,Sharpen Up,Doubly Sure,Alzao,Kaniz,Hail to Reason,Cosmah,Understanding,Mountain Flower,カンパラ,Severn Bridge,Lyphard,My Bupers,Nearctic,Shenanigans,Khaled,Dama,Hard Work,With Exception,Sir Wiggle,Blue Double,Northern Dancer,Pas de Nom,His Majesty,Spring Adieu,イルドブルボン,Kadissya,High Line,Sookera,エタン,Rocchetta,Reliance,Soft Angels,Lyphard,Lady Rebecca,Darius,Desca
202609010308,11,ダート,1800,良,2勝クラス,マインドユアビスケッツ,シグルーン,Posse,Jazzmane,アイルハヴアナザー,ワルキューレ,Silver Deputy,Raska,Toccet,Alljazz,Flower Alley,Arch's Gal Edith,ステイゴールド,キョウエイセオリー,Deputy Minister,Silver Valley,Rahy,Borishka,Awesome Again,Cozzene's Angel,Stop the Music,Bounteous,Distorted Humor,プリンセスオリビア,Arch,Force Five Gal,サンデーサイレンス,ゴールデンサッシュ,ジェネラス,アップザアパラッチ,Vice Regent,Mint Copy,Mr. Prospector,Seven Valleys,Blushing Groom,Glorious Song,Roberto,Queen Maud,Deputy Minister,Primal Force,Cozzene,Charming Pan,Hail to Reason,Bebopper,Master Derby,Mlle. Quille,フォーティナイナー,Danzig's Beauty,Lycius,Dance Image,Kris S.,Aurora,Pleasant Tap,Last Cause,Halo,Wishing Well,ディクタス,ダイナサッシュ,Caerleon,Doff the Derby,Apalachee,Party Up
202609010308,12,ダート,1800,良,2勝クラス,サトノダイヤモンド,ピースエンブレム,ディープインパクト,マルペンサ,ウォーエンブレム,ヴァンドノワール,サンデーサイレンス,ウインドインハーヘア,Orpen,Marsella,Our Emblem,Sweetest Lady,ヘクタープロテクター,プリンセスデリーデ,Halo,Wishing Well,Alzao,Burghclere,Lure,Bonita Francita,サザンヘイロー,Riviere,Mr. Prospector,Personal Ensign,Lord at War,Sweetest Roman,Woodman,Korveya,Vaguely Noble,Flashy,Hail to Reason,Cosmah,Understanding,Mountain Flower,Lyphard,Lady Rebecca,Busted,Highclere,Danzig,Endear,Devil's Bag,Raise the Standard,Halo,Northern Sea,Logical,Talonada,Raise a Native,Gold Digger,Private Account,Grecian Banner,General,Luna de Miel,The Pruner,I Also,Mr. Prospector,プレイメイト,Riverman,Konafa,ヴィエナ,Noble Lassie,Sir Ivor,Sovereign
202609010308,13,ダート,1800,良,2勝クラス,Justify,オールインファン,Scat Daddy,Stage Magic,Tapit,Devils Humor,ヨハネスブルグ,Love Style,Ghostzapper,Magical Illusion,Pulpit,Tap Your Heels,Distorted Humor,Fleet Renee,ヘネシー,Myth,Mr. Prospector,Likeable Style,Awesome Again,Baby Zip,Pulpit,Voodoo Lily,A.P. Indy,Preach,Unbridled,Ruby Slippers,フォーティナイナー,Danzig's Beauty,Seattle Slew,Darien Miss,Storm Cat,Island Kitty,オジジアン,Yarn,Raise a Native,Gold Digger,Nijinsky,Personable Lady,Deputy Minister,Primal Force,Relaunch,Thirty Zip,A.P. Indy,Preach,Baldski,Cap the Moment,Seattle Slew,Weekend Surprise,Mr. Prospector,Narrate,Fappiano,Gana Facil,Nijinsky,Moon Glitter,Mr. Prospector,File,Danzig,Sweetest Chant,Bold Reasoning,My Charmer,Mr. Leader,Gronas
202609010308,14,ダート,1800,良,2勝クラス,ゴールドシップ,メイショウタラチネ,ステイゴールド,ポイントフラッグ,メイショウボーラー,メイショウバトラー,サンデーサイレンス,ゴールデンサッシュ,メジロマックイーン,パストラリズム,タイキシャトル,ナイスレイズ,メイショウホムラ,メイショウハゴロモ,Halo,Wishing Well,ディクタス,ダイナサッシュ,メジロティターン,メジロオーロラ,プルラリズム,トクノエイティー,Devil's Bag,ウェルシュマフィン,Storm Cat,Nice Tradition,ブレイヴェストローマン,メイショウスキー,ダイナガリバー,メイショウエンゼル,Hail to Reason,Cosmah,Understanding,Mountain Flower,Sanctus,Doronic,ノーザンテースト,ロイヤルサッシュ,メジロアサマ,シエリル,リマンド,メジロアイリス,The Minstrel,Cambretta,トライバルチーフ,アイアンルビー,Halo,Ballade,Caerleon,Muffitys,Storm Bird,Terlingua,Search Tradition,Nice Dancing,Never Bend,Roman Song,マルゼンスキー,フェアリーテイル,ノーザンテースト,ユアースポート,テュデナム,グリンホースメン
202609010308,中,ダート,1800,良,2勝クラス,ナダル,アンドリエッテ,Blame,Ascending Angel,ディープインパクト,アナバシュドチャーム,Arch,Liable,Pulpit,Solar Colony,サンデーサイレンス,ウインドインハーヘア,Silver Deputy,Unbridled Hope,Kris S.,Aurora,Seeking the Gold,Bound,A.P. Indy,Preach,Pleasant Colony,Meteor Stage,Halo,Wishing Well,Alzao,Burghclere,Deputy Minister,Silver Valley,Unbridled,D'Youville Nurse,Roberto,Sharp Queen,Danzig,Althea,Mr. Prospector,Con Game,Nijinsky,Special,Seattle Slew,Weekend Surprise,Mr. Prospector,Narrate,His Majesty,Sun Colony,Stage Door Johnny,Northern Meteor,Hail to Reason,Cosmah,Understanding,Mountain Flower,Lyphard,Lady Rebecca,Busted,Highclere,Vice Regent,Mint Copy,Mr. Prospector,Seven Valleys,Fappiano,Gana Facil,Dr. Blum,Field Point Road
202609010309,1,芝,3000,良,3勝クラス,ブラックタイド,アパパネ,サンデーサイレンス,ウインドインハーヘア,キングカメハメハ,ソルティビッド,Halo,Wishing Well,Alzao,Burghclere,Kingmambo,マンファス,Salt Lake,Piper Piper,Hail to Reason,Cosmah,Understanding,Mountain Flower,Lyphard,Lady Rebecca,Busted,Highclere,Mr. Prospector,Miesque,ラストタイクーン,Pilot Bird,Deputy Minister,Take Lady Anne,Spectacular Bid,Alvarada,Turn-to,Nothirdchance,Cosmic Bomb,Almahmoud,Promised Land,Pretty Ways,Montparnasse,Edelweiss,Northern Dancer,Goofed,Sir Ivor,Pocahontas,Crepello,Sans le Sou,Queen's Hussar,Highlight,Raise a Native,Gold Digger,Nureyev,Pasadoble,トライマイベスト,Mill Princess,Blakeney,The Dancer,Vice Regent,Mint Copy,Queen City Lad,Lovita H.,Bold Bidder,Spectacular,Hard Work,Easterborn
202609010309,2,芝,3000,良,3勝クラス,ドゥラメンテ,レインオンザデューン,キングカメハメハ,アドマイヤグルーヴ,Frankel,Hurry Home Hillary,Kingmambo,マンファス,サンデーサイレンス,エアグルーヴ,Galileo,Kind,Deputed Testamony,Ten Cents a Turn,Mr. Prospector,Miesque,ラストタイクーン,Pilot Bird,Halo,Wishing Well,トニービン,ダイナカール,Sadler's Wells,Urban Sea,デインヒル,Rainbow Lake,Traffic Cop,Proof Requested,Cozzene,Rub al Khali,Raise a Native,Gold Digger,Nureyev,Pasadoble,トライマイベスト,Mill Princess,Blakeney,The Dancer,Hail to Reason,Cosmah,Understanding,Mountain Flower,カンパラ,Severn Bridge,ノーザンテースト,シャダイフェザー,Northern Dancer,Fairy Bridge,Miswaki,Allegretta,Danzig,Razyana,Rainbow Quest,Rockfest,Traffic Judge,Flight Bird,Prove It,Come On,Caro,Ride the Trails,Mr. Prospector,Arabian Dancer
202609010309,3,芝,3000,良,3勝クラス,ドレフォン,エバーシャルマン,Gio Ponti,Eltimaas,ハーツクライ,ラシャルマンテ,Tale of the Cat,Chipeta Springs,Ghostzapper,Najecam,サンデーサイレンス,アイリッシュダンス,Indygo Shiner,La Magie,Storm Cat,Yarn,Alydar,Salt Spring,Awesome Again,Baby Zip,Trempolino,Sue Warner,Halo,Wishing Well,トニービン,ビューパーダンス,A.P. Indy,Navarra,Luhuk,La Endemoniada,Storm Bird,Terlingua,Mr. Prospector,Narrate,Raise a Native,Sweet Tooth,Salt Marsh,Jungle Mythologic,Deputy Minister,Primal Force,Relaunch,Thirty Zip,Sharpen Up,Trephine,Forli,Bitty Girl,Hail to Reason,Cosmah,Understanding,Mountain Flower,カンパラ,Severn Bridge,Lyphard,My Bupers,Seattle Slew,Weekend Surprise,El Gran Senor,Image of Reality,フォーティナイナー,Royal Stance,Senor Pete,La Endiablada
202609010309,4,芝,3000,良,3勝クラス,ニューイヤーズデイ,スプレンダークラン,Street Cry,Justwhistledixie,ルーラーシップ,スカーレットレディ,Machiavellian,Helen Street,Dixie Union,General Jeanne,キングカメハメハ,エアグルーヴ,サンデーサイレンス,スカーレットローズ,Mr. Prospector,Coup de Folie,Troy,Waterway,Dixieland Band,She's Tops,Honour and Glory,Ahpo Hel,Kingmambo,マンファス,トニービン,ダイナカール,Halo,Wishing Well,ノーザンテースト,スカーレットインク,Raise a Native,Gold Digger,Halo,Raise the Standard,Petingo,La Milo,Riverman,Boulevard,Northern Dancer,Mississippi Mud,Capote,She's a Talent,Relaunch,Fair to All,Mr. Leader,Tiy,Mr. Prospector,Miesque,ラストタイクーン,Pilot Bird,カンパラ,Severn Bridge,ノーザンテースト,シャダイフェザー,Hail to Reason,Cosmah,Understanding,Mountain Flower,Northern Dancer,Lady Victoria,Crimson Satan,Consentida
202609010309,5,芝,3000,良,3勝クラス,Constitution,マース,Tapit,Baffled,Colonel John,Di's Delight,Pulpit,Tap Your Heels,Distorted Humor,Surf Club,Tiznow,Sweet Damsel,フレンチデピュティ,Orrefor,A.P. Indy,Preach,Unbridled,Ruby Slippers,フォーティナイナー,Danzig's Beauty,Ocean Crest,Horns Gray,Cee's Tizzy,Cee's Song,Turkoman,Grande Dame,Deputy Minister,Mitterand,Our Native,Forced to Fly,Seattle Slew,Weekend Surprise,Mr. Prospector,Narrate,Fappiano,Gana Facil,Nijinsky,Moon Glitter,Mr. Prospector,File,Danzig,Sweetest Chant,Storm Bird,S.S.Aroma,Pass the Tab,Cox's Angel,Relaunch,テイズリー,Seattle Song,Lonely Dancer,Alydar,Taba,Zen,Fia,Vice Regent,Mint Copy,Hold Your Peace,Laredo Lass,Exclusive Native,Our Jackie,Accipiter,Captive Audience
202609010309,6,芝,3000,良,3勝クラス,ロードカナロア,ダイワミランダ,キングカメハメハ,レディブラッサム,ハービンジャー,ダイワスカーレット,Kingmambo,マンファス,Storm Cat,サラトガデュー,Dansili,Penang Pearl,アグネスタキオン,スカーレットブーケ,Mr. Prospector,Miesque,ラストタイクーン,Pilot Bird,Storm Bird,Terlingua,Cormorant,Super Luna,デインヒル,Hasili,Bering,Guapa,サンデーサイレンス,アグネスフローラ,ノーザンテースト,スカーレットインク,Raise a Native,Gold Digger,Nureyev,Pasadoble,トライマイベスト,Mill Princess,Blakeney,The Dancer,Northern Dancer,South Ocean,Secretariat,Crimson Saint,His Majesty,Song Sparrow,In Reality,Alada,Danzig,Razyana,Kahyasi,Kerali,Arctic Tern,Beaune,Shareef Dancer,Sauceboat,Halo,Wishing Well,ロイヤルスキー,アグネスレディー,Northern Dancer,Lady Victoria,Crimson Satan,Consentida
202609010309,7,芝,3000,良,3勝クラス,マインドユアビスケッツ,チカノワール,Posse,Jazzmane,ハービンジャー,フレアキャスケード,Silver Deputy,Raska,Toccet,Alljazz,Dansili,Penang Pearl,エルコンドルパサー,ダンツプリンセス,Deputy Minister,Silver Valley,Rahy,Borishka,Awesome Again,Cozzene's Angel,Stop the Music,Bounteous,デインヒル,Hasili,Bering,Guapa,Kingmambo,サドラーズギャル,サンデーサイレンス,ミラクルミユキ,Vice Regent,Mint Copy,Mr. Prospector,Seven Valleys,Blushing Groom,Glorious Song,Roberto,Queen Maud,Deputy Minister,Primal Force,Cozzene,Charming Pan,Hail to Reason,Bebopper,Master Derby,Mlle. Quille,Danzig,Razyana,Kahyasi,Kerali,Arctic Tern,Beaune,Shareef Dancer,Sauceboat,Mr. Prospector,Miesque,Sadler's Wells,Glenveagh,Halo,Wishing Well,ノーザンテースト,タニノベンチヤ
202609010309,8,芝,3000,良,3勝クラス,スワーヴリチャード,アガルタ,ハーツクライ,ピラミマ,キングカメハメハ,ブロードアピール,サンデーサイレンス,アイリッシュダンス,Unbridled's Song,キャリアコレクション,Kingmambo,マンファス,Broad Brush,Valid Allure,Halo,Wishing Well,トニービン,ビューパーダンス,Unbridled,Trolley Song,General Meeting,River of Stars,Mr. Prospector,Miesque,ラストタイクーン,Pilot Bird,Ack Ack,Hay Patcher,Valid Appeal,Alluring Girl,Hail to Reason,Cosmah,Understanding,Mountain Flower,カンパラ,Severn Bridge,Lyphard,My Bupers,Fappiano,Gana Facil,Caro,Lucky Spell,Seattle Slew,Alydar's Promise,Riverman,Star Fortune,Raise a Native,Gold Digger,Nureyev,Pasadoble,トライマイベスト,Mill Princess,Blakeney,The Dancer,Battle Joined,Fast Turn,Hoist the Flag,Turn to Talent,In Reality,Desert Trial,Secretariat,Water Cress
202609010309,9,芝,3000,良,3勝クラス,バゴ,ウェルノーテッド,Nashwan,Moonlight's Box,ドリームジャーニー,ティックルピンク,Blushing Groom,Height of Fashion,Nureyev,Coup de Genie,ステイゴールド,オリエンタルアート,フレンチデピュティ,ブラッシングプリンセス,Red God,Runaway Bride,Bustino,Highclere,Northern Dancer,Special,Mr. Prospector,Coup de Folie,サンデーサイレンス,ゴールデンサッシュ,メジロマックイーン,エレクトロアート,Deputy Minister,Mitterand,Crafty Prospector,Princess Laika,Nasrullah,Spring Run,Wild Risk,Aimee,Busted,Ship Yard,Queen's Hussar,Highlight,Nearctic,Natalma,Forli,Thong,Raise a Native,Gold Digger,Halo,Raise the Standard,Halo,Wishing Well,ディクタス,ダイナサッシュ,メジロティターン,メジロオーロラ,ノーザンテースト,グランマスティーヴンス,Vice Regent,Mint Copy,Hold Your Peace,Laredo Lass,Mr. Prospector,Real Crafty Lady,Blushing Groom,Cool Mood
202609010310,1,芝,1200,良,オープン,デクラレーションオブウォー,タマモブリリアン,War Front,Tempo West,ダンスインザダーク,チャームダイヤ,Danzig,Starry Dreamer,Rahy,Tempo,サンデーサイレンス,ダンシングキイ,ヘネシー,ダイヤモンドピアス,Northern Dancer,Pas de Nom,Rubiano,Lara's Star,Blushing Groom,Glorious Song,Gone West,Terpsichorist,Halo,Wishing Well,Nijinsky,Key Partner,Storm Cat,Island Kitty,サクラユタカオー,タマモダイヤモンド,Nearctic,Natalma,Admiral's Voyage,Petitioner,Fappiano,Ruby Slippers,Forli,True Reality,Red God,Runaway Bride,Halo,Ballade,Mr. Prospector,Secrettame,Nijinsky,Glad Rags,Hail to Reason,Cosmah,Understanding,Mountain Flower,Northern Dancer,Flaming Page,Key to the Mint,Native Partner,Storm Bird,Terlingua,Hawaii,T. C. Kitten,テスコボーイ,アンジェリカ,ミルジョージ,タマモコトブキ
202609010310,2,芝,1200,良,オープン,モーリス,ジングルベルロック,スクリーンヒーロー,メジロフランシス,ロックオブジブラルタル,Puggy,グラスワンダー,ランニングヒロイン,カーネギー,メジロモントレー,デインヒル,Offshore Boom,Mark of Esteem,Jakarta,Silver Hawk,Ameriflora,サンデーサイレンス,ダイナアクトレス,Sadler's Wells,Detroit,モガミ,メジロクインシー,Danzig,Razyana,Be My Guest,Push a Button,Darshaan,Homage,Machiavellian,Lunda,Roberto,Gris Vitesse,Danzig,Graceful Touch,Halo,Wishing Well,ノーザンテースト,モデルスポート,Northern Dancer,Fairy Bridge,Riverman,Derna,Lyphard,ノーラック,フィディオン,メジロボサツ,Northern Dancer,Pas de Nom,His Majesty,Spring Adieu,Northern Dancer,What a Treat,Bold Lad,River Lady,Shirley Heights,Delsy,Ajdal,Home Love,Mr. Prospector,Coup de Folie,ソヴィエトスター,Lucayan Princess
202609010310,3,芝,1200,良,オープン,アルアイン,エリカポンシャン,ディープインパクト,ドバイマジェスティ,ロードカナロア,シャンドランジュ,サンデーサイレンス,ウインドインハーヘア,Essence of Dubai,Great Majesty,キングカメハメハ,レディブラッサム,マンハッタンカフェ,ハルーワソング,Halo,Wishing Well,Alzao,Burghclere,Pulpit,Epitome,Great Above,Mistic Majesty,Kingmambo,マンファス,Storm Cat,サラトガデュー,サンデーサイレンス,サトルチェンジ,Nureyev,Morn of Song,Hail to Reason,Cosmah,Understanding,Mountain Flower,Lyphard,Lady Rebecca,Busted,Highclere,A.P. Indy,Preach,Summing,Honest and True,Minnesota Mac,Ta Wee,His Majesty,Necaras Miss,Mr. Prospector,Miesque,ラストタイクーン,Pilot Bird,Storm Bird,Terlingua,Cormorant,Super Luna,Halo,Wishing Well,Law Society,Santa Luciana,Northern Dancer,Special,Blushing Groom,Glorious Song
202609010310,4,芝,1200,良,オープン,エピファネイア,ドナウブルー,シンボリクリスエス,シーザリオ,ディープインパクト,ドナブリーニ,Kris S.,Tee Kay,スペシャルウィーク,キロフプリミエール,サンデーサイレンス,ウインドインハーヘア,Bertolini,Cal Norma's Lady,Roberto,Sharp Queen,Gold Meridian,Tri Argo,サンデーサイレンス,キャンペンガール,Sadler's Wells,Querida,Halo,Wishing Well,Alzao,Burghclere,Danzig,Aquilegia,リファーズスペシャル,June Darling,Hail to Reason,Bramalea,Princequillo,Bridgework,Seattle Slew,Queen Louie,Tri Jet,Hail Proudly,Halo,Wishing Well,マルゼンスキー,レディーシラオキ,Northern Dancer,Fairy Bridge,Habitat,Principia,Hail to Reason,Cosmah,Understanding,Mountain Flower,Lyphard,Lady Rebecca,Busted,Highclere,Northern Dancer,Pas de Nom,Alydar,Courtly Dee,Lyphard,My Bupers,ジュニアス,Beau Darling
202609010310,5,芝,1200,良,オープン,アドマイヤマーズ,マーブルサニー,ダイワメジャー,ヴィアメディチ,クロフネ,サニーロック,サンデーサイレンス,スカーレットブーケ,Medicean,Via Milano,フレンチデピュティ,ブルーアヴェニュー,キングカメハメハ,サニークラッシック,Halo,Wishing Well,ノーザンテースト,スカーレットインク,Machiavellian,Mystic Goddess,Singspiel,Salvinaxia,Deputy Minister,Mitterand,Classic Go Go,Eliza Blue,Kingmambo,マンファス,トニービン,サニースイフト,Hail to Reason,Cosmah,Understanding,Mountain Flower,Northern Dancer,Lady Victoria,Crimson Satan,Consentida,Mr. Prospector,Coup de Folie,Storm Bird,Rose Goddess,In the Wings,Glorious Song,Linamix,Salve,Vice Regent,Mint Copy,Hold Your Peace,Laredo Lass,Pago Pago,Classic Perfection,Icecapade,コレラ,Mr. Prospector,Miesque,ラストタイクーン,Pilot Bird,カンパラ,Severn Bridge,スイフトスワロー,サニーロマン
202609010310,6,芝,1200,良,オープン,ダノンプレミアム,イゾラド,ディープインパクト,インディアナギャル,グラスワンダー,オールウェイズグッドサンクス,サンデーサイレンス,ウインドインハーヘア,Intikhab,Genial Jenny,Silver Hawk,Ameriflora,Miswaki,Redeemer,Halo,Wishing Well,Alzao,Burghclere,Red Ransom,Crafty Example,デインヒル,Joma Kaanem,Roberto,Gris Vitesse,Danzig,Graceful Touch,Mr. Prospector,Hopespringseternal,Dixieland Band,Printing Press,Hail to Reason,Cosmah,Understanding,Mountain Flower,Lyphard,Lady Rebecca,Busted,Highclere,Roberto,アラビア,Crafty Prospector,Zienelle,Danzig,Razyana,Double Form,Ash Lawn,Hail to Reason,Bramalea,Amerigo,Matchiche,Northern Dancer,Pas de Nom,His Majesty,Pi Phi Gal,Raise a Native,Gold Digger,Buckpasser,Rose Bower,Northern Dancer,Mississippi Mud,In Reality,Wealth of Nations
202609010310,7,芝,1200,良,オープン,インディチャンプ,カツンダモン,ステイゴールド,ウィルパワー,エンパイアメーカー,サクラダモン,サンデーサイレンス,ゴールデンサッシュ,キングカメハメハ,トキオリアリティー,Unbridled,Toussaud,ボストンハーバー,トウヨウロイヤル,Halo,Wishing Well,ディクタス,ダイナサッシュ,Kingmambo,マンファス,Meadowlake,What a Reality,Fappiano,Gana Facil,El Gran Senor,Image of Reality,Capote,Harbor Springs,ロイヤルアカデミー,オーミディア,Hail to Reason,Cosmah,Understanding,Mountain Flower,Sanctus,Doronic,ノーザンテースト,ロイヤルサッシュ,Mr. Prospector,Miesque,ラストタイクーン,Pilot Bird,Hold Your Peace,Suspicious Native,In Reality,What Will Be,Mr. Prospector,Killaloe,Le Fabuleux,Charedi,Northern Dancer,Sex Appeal,In Reality,Edee's Image,Seattle Slew,Too Bald,Vice Regent,Tinnitus,Nijinsky,Crimson Saint,Riverman,Tie a Bow
202609010310,8,芝,1200,良,オープン,ロジャーバローズ,オレンジティアラ,ディープインパクト,リトルブック,サクラバクシンオー,オレンジブロッサム,サンデーサイレンス,ウインドインハーヘア,Librettist,Cal Norma's Lady,サクラユタカオー,サクラハゴロモ,サンデーサイレンス,バッフドオレンジ,Halo,Wishing Well,Alzao,Burghclere,Danzig,Mysterial,リファーズスペシャル,June Darling,テスコボーイ,アンジェリカ,ノーザンテースト,クリアアンバー,Halo,Wishing Well,Exclusive Native,Sally Stark,Hail to Reason,Cosmah,Understanding,Mountain Flower,Lyphard,Lady Rebecca,Busted,Highclere,Northern Dancer,Pas de Nom,Alleged,Mysteries,Lyphard,My Bupers,ジュニアス,Beau Darling,Princely Gift,Suncourt,ネヴァービート,スターハイネス,Northern Dancer,Lady Victoria,Ambiopoise,One Clear Call,Hail to Reason,Cosmah,Understanding,Mountain Flower,Raise a Native,Exclusive,Graustark,Sally Ship
202609010310,9,芝,1200,良,オープン,ロードカナロア,ウォーターラボ,キングカメハメハ,レディブラッサム,マンハッタンカフェ,クライウィズジョイ,Kingmambo,マンファス,Storm Cat,サラトガデュー,サンデーサイレンス,サトルチェンジ,トニービン,クライングフォーモア,Mr. Prospector,Miesque,ラストタイクーン,Pilot Bird,Storm Bird,Terlingua,Cormorant,Super Luna,Halo,Wishing Well,Law Society,Santa Luciana,カンパラ,Severn Bridge,Always Run Lucky,オールドスタッフ,Raise a Native,Gold Digger,Nureyev,Pasadoble,トライマイベスト,Mill Princess,Blakeney,The Dancer,Northern Dancer,South Ocean,Secretariat,Crimson Saint,His Majesty,Song Sparrow,In Reality,Alada,Hail to Reason,Cosmah,Understanding,Mountain Flower,Alleged,Bold Bikini,Luciano,Suleika,Kalamoun,State Pension,Hornbeam,Priddy Fair,What Luck,Big Puddles,Irish River,アンティックヴァリュー
202609010311,1,ダート,2000,良,オープン,キズナ,オールブランニュー,ディープインパクト,キャットクイル,ノボジャック,ニューデイダウニング,サンデーサイレンス,ウインドインハーヘア,Storm Cat,Pacific Princess,フレンチデピュティ,フライトオブエンジェルス,Gone West,コートネイズデイ,Halo,Wishing Well,Alzao,Burghclere,Storm Bird,Terlingua,Damascus,Fiji,Deputy Minister,Mitterand,アフリート,Intently,Mr. Prospector,Secrettame,Roberto,Kelley's Day,Hail to Reason,Cosmah,Understanding,Mountain Flower,Lyphard,Lady Rebecca,Busted,Highclere,Northern Dancer,South Ocean,Secretariat,Crimson Saint,Sword Dancer,Kerala,Acropolis,Rififi,Vice Regent,Mint Copy,Hold Your Peace,Laredo Lass,Mr. Prospector,Polite Lady,Drone,Naughty Intentions,Raise a Native,Gold Digger,Secretariat,Tamerett,Hail to Reason,Bramalea,Graustark,Golden Trail
202609010311,2,ダート,2000,良,オープン,レイデオロ,ラユロット,キングカメハメハ,ラドラーダ,エンパイアメーカー,ユメノオーラ,Kingmambo,マンファス,シンボリクリスエス,レディブロンド,Unbridled,Toussaud,マイネルラヴ,レッダンゴールド,Mr. Prospector,Miesque,ラストタイクーン,Pilot Bird,Kris S.,Tee Kay,Seeking the Gold,ウインドインハーヘア,Fappiano,Gana Facil,El Gran Senor,Image of Reality,Seeking the Gold,Heart of Joy,サンデーサイレンス,ホクトペンダント,Raise a Native,Gold Digger,Nureyev,Pasadoble,トライマイベスト,Mill Princess,Blakeney,The Dancer,Roberto,Sharp Queen,Gold Meridian,Tri Argo,Mr. Prospector,Con Game,Alzao,Burghclere,Mr. Prospector,Killaloe,Le Fabuleux,Charedi,Northern Dancer,Sex Appeal,In Reality,Edee's Image,Mr. Prospector,Con Game,リィフォー,Mythographer,Halo,Wishing Well,パークリージェント,ホクトビーナス
202609010311,3,ダート,2000,良,オープン,ドレフォン,サンソヴール,Gio Ponti,Eltimaas,キングカメハメハ,サンヴィクトワール,Tale of the Cat,Chipeta Springs,Ghostzapper,Najecam,Kingmambo,マンファス,サンデーサイレンス,ヴィクトリーバンク,Storm Cat,Yarn,Alydar,Salt Spring,Awesome Again,Baby Zip,Trempolino,Sue Warner,Mr. Prospector,Miesque,ラストタイクーン,Pilot Bird,Halo,Wishing Well,ドクターデヴィアス,ライトバンク,Storm Bird,Terlingua,Mr. Prospector,Narrate,Raise a Native,Sweet Tooth,Salt Marsh,Jungle Mythologic,Deputy Minister,Primal Force,Relaunch,Thirty Zip,Sharpen Up,Trephine,Forli,Bitty Girl,Raise a Native,Gold Digger,Nureyev,Pasadoble,トライマイベスト,Mill Princess,Blakeney,The Dancer,Hail to Reason,Cosmah,Understanding,Mountain Flower,Ahonoora,Rose of Jericho,Luthier,Ask Gloria
202609010311,4,ダート,2000,良,オープン,モーリス,ネオシルヴィア,スクリーンヒーロー,メジロフランシス,ネオユニヴァース,トレヴィサンライズ,グラスワンダー,ランニングヒロイン,カーネギー,メジロモントレー,サンデーサイレンス,ポインテッドパス,サンダーガルチ,メモリーズオブロニー,Silver Hawk,Ameriflora,サンデーサイレンス,ダイナアクトレス,Sadler's Wells,Detroit,モガミ,メジロクインシー,Halo,Wishing Well,Kris,Silken Way,Gulch,Line of Thunder,Storm Cat,Pass Away,Roberto,Gris Vitesse,Danzig,Graceful Touch,Halo,Wishing Well,ノーザンテースト,モデルスポート,Northern Dancer,Fairy Bridge,Riverman,Derna,Lyphard,ノーラック,フィディオン,メジロボサツ,Hail to Reason,Cosmah,Understanding,Mountain Flower,Sharpen Up,Doubly Sure,Shantung,Boulevard,Mr. Prospector,Jameela,Storm Bird,Shoot a Line,Storm Bird,Terlingua,Swing Pass,Reelaway
202609010311,5,ダート,2000,良,オープン,ロゴタイプ,スクラッタ,ローエングリン,ステレオタイプ,キングカメハメハ,エミーズスマイル,シングスピール,カーリング,サンデーサイレンス,スターバレリーナ,Kingmambo,マンファス,アグネスタキオン,エミスフェール,In the Wings,Glorious Song,Garde Royale,Corraleja,Halo,Wishing Well,Risen Star,ベリアーニ,Mr. Prospector,Miesque,ラストタイクーン,Pilot Bird,サンデーサイレンス,アグネスフローラ,ホワイトマズル,グレイエミネンス,Sadler's Wells,High Hawk,Halo,Ballade,Mill Reef,Royal Way,Carvin,Darling Dale,Hail to Reason,Cosmah,Understanding,Mountain Flower,Secretariat,Ribbon,Nureyev,Eleven Pleasures,Raise a Native,Gold Digger,Nureyev,Pasadoble,トライマイベスト,Mill Princess,Blakeney,The Dancer,Halo,Wishing Well,ロイヤルスキー,アグネスレディー,ダンシングブレーヴ,Fair of the Furze,トニービン,グレイキル
202609010311,6,ダート,2000,良,オープン,エスポワールシチー,リサプシュケ,ゴールドアリュール,エミネントシチー,ワイルドラッシュ,バレーダンシング,サンデーサイレンス,ニキーヤ,ブライアンズタイム,ヘップバーンシチー,Wild Again,Rose Park,Giant's Causeway,Soltura,Halo,Wishing Well,Nureyev,Reluctant Guest,Roberto,Kelley's Day,ブレイヴェストローマン,コンパルシチー,Icecapade,Bushel-n-Peck,Plugged Nickle,Hardship,Storm Cat,Mariah's Storm,Sadler's Wells,Rosa Mundi,Hail to Reason,Cosmah,Understanding,Mountain Flower,Northern Dancer,Special,Hostage,Vaguely Royal,Hail to Reason,Bramalea,Graustark,Golden Trail,Never Bend,Roman Song,トラフィック,リンネス,Nearctic,Shenanigans,Khaled,Dama,Key to the Mint,Toll Booth,Drone,Hard and Fast,Storm Bird,Terlingua,Rahy,イメンス,Northern Dancer,Fairy Bridge,Secretariat,Lisadell
202609010311,7,ダート,2000,良,オープン,ルヴァンスレーヴ,トリプライト,シンボリクリスエス,マエストラーレ,ワイルドラッシュ,タンザナイト,Kris S.,Tee Kay,ネオユニヴァース,オータムブリーズ,Wild Again,Rose Park,サンデーサイレンス,キャサリーンパー,Roberto,Sharp Queen,Gold Meridian,Tri Argo,サンデーサイレンス,ポインテッドパス,ティンバーカントリー,セプテンバーソング,Icecapade,Bushel-n-Peck,Plugged Nickle,Hardship,Halo,Wishing Well,Riverman,Regal Exception,Hail to Reason,Bramalea,Princequillo,Bridgework,Seattle Slew,Queen Louie,Tri Jet,Hail Proudly,Halo,Wishing Well,Kris,Silken Way,Woodman,Fall Aspen,リアルシャダイ,ダイナフェアリー,Nearctic,Shenanigans,Khaled,Dama,Key to the Mint,Toll Booth,Drone,Hard and Fast,Hail to Reason,Cosmah,Understanding,Mountain Flower,Never Bend,River Lady,Ribot,Rajput Princess
202609010311,8,ダート,2000,良,オープン,シニスターミニスター,サニーロック,Old Trieste,Sweet Minister,キングカメハメハ,サニークラッシック,A.P. Indy,Lovlier Linda,The Prime Minister,Sweet Blue,Kingmambo,マンファス,トニービン,サニースイフト,Seattle Slew,Weekend Surprise,Vigors,Linda Summers,Deputy Minister,Stick to Beauty,Hurry Up Blue,Sugar Gold,Mr. Prospector,Miesque,ラストタイクーン,Pilot Bird,カンパラ,Severn Bridge,スイフトスワロー,サニーロマン,Bold Reasoning,My Charmer,Secretariat,Lassie Dear,Grey Dawn,Relifordie,Crozier,Queenly Gift,Vice Regent,Mint Copy,Illustrious,Hail to Beauty,Mr. Leader,Blue Baroness,Mr. Prospector,Miss Ironside,Raise a Native,Gold Digger,Nureyev,Pasadoble,トライマイベスト,Mill Princess,Blakeney,The Dancer,Kalamoun,State Pension,Hornbeam,Priddy Fair,Northern Dancer,Homeward Bound,ファバージ,ファイナルクイン
202609010311,9,ダート,2000,良,オープン,リアルスティール,クィーンズベスト,ディープインパクト,ラヴズオンリーミー,ワークフォース,ラスティングソング,サンデーサイレンス,ウインドインハーヘア,Storm Cat,Monevassia,キングズベスト,Soviet Moon,フジキセキ,ハルーワソング,Halo,Wishing Well,Alzao,Burghclere,Storm Bird,Terlingua,Mr. Prospector,Miesque,Kingmambo,Allegretta,Sadler's Wells,Eva Luna,サンデーサイレンス,ミルレーサー,Nureyev,Morn of Song,Hail to Reason,Cosmah,Understanding,Mountain Flower,Lyphard,Lady Rebecca,Busted,Highclere,Northern Dancer,South Ocean,Secretariat,Crimson Saint,Raise a Native,Gold Digger,Nureyev,Pasadoble,Mr. Prospector,Miesque,Lombard,Anatevka,Northern Dancer,Fairy Bridge,Alleged,Media Luna,Halo,Wishing Well,Le Fabuleux,Marston's Mill,Northern Dancer,Special,Blushing Groom,Glorious Song
202609010311,10,ダート,2000,良,オープン,キズナ,クイーンパイレーツ,ディープインパクト,キャットクイル,キングカメハメハ,カリフォルニアネクター,サンデーサイレンス,ウインドインハーヘア,Storm Cat,Pacific Princess,Kingmambo,マンファス,Stormy Atlantic,Absolute Nectar,Halo,Wishing Well,Alzao,Burghclere,Storm Bird,Terlingua,Damascus,Fiji,Mr. Prospector,Miesque,ラストタイクーン,Pilot Bird,Storm Cat,Hail Atlantis,Carson City,Hear the Sea,Hail to Reason,Cosmah,Understanding,Mountain Flower,Lyphard,Lady Rebecca,Busted,Highclere,Northern Dancer,South Ocean,Secretariat,Crimson Saint,Sword Dancer,Kerala,Acropolis,Rififi,Raise a Native,Gold Digger,Nureyev,Pasadoble,トライマイベスト,Mill Princess,Blakeney,The Dancer,Storm Bird,Terlingua,Seattle Slew,Flippers,Mr. Prospector,Blushing Promise,Dixieland Band,From Sea to Sea
202609010311,11,ダート,2000,良,オープン,トビーズコーナー,タイセイゴディス,Bellamy Road,Brandon's Ride,ステイゴールド,ダリンダ,Concerto,Hurry Home Hillary,Mister Frisky,Mrs. Bumble,サンデーサイレンス,ゴールデンサッシュ,Nureyev,Daloma,Chief's Crown,Undeniably,Deputed Testamony,Ten Cents a Turn,Marsayas,Frisky Flyer,Restivo,Bumble,Halo,Wishing Well,ディクタス,ダイナサッシュ,Northern Dancer,Special,ベリファ,Ricabie,Danzig,Six Crowns,In Reality,Past Forgetting,Traffic Cop,Proof Requested,Cozzene,Rub al Khali,Damascus,Extra Place,Highest Tide,Eager Nymph,Restless Native,Jaffa,Poker,Distant Scene,Hail to Reason,Cosmah,Understanding,Mountain Flower,Sanctus,Doronic,ノーザンテースト,ロイヤルサッシュ,Nearctic,Natalma,Forli,Thong,Lyphard,Belga,ボールドリック,Fontarabie
202609010311,12,ダート,2000,良,オープン,キングカメハメハ,キャトルフィーユ,Kingmambo,マンファス,ディープインパクト,ワンフォーローズ,Mr. Prospector,Miesque,ラストタイクーン,Pilot Bird,サンデーサイレンス,ウインドインハーヘア,Tejano Run,Saucyladygaylord,Raise a Native,Gold Digger,Nureyev,Pasadoble,トライマイベスト,Mill Princess,Blakeney,The Dancer,Halo,Wishing Well,Alzao,Burghclere,Tejano,Royal Run,Lord Gaylord,Lady Sauce Boat,Native Dancer,Raise You,Nashua,Sequence,Northern Dancer,Special,Prove Out,Santa Quilla,Northern Dancer,Sex Appeal,Mill Reef,Irish Lass,Hethersett,Windmill Girl,Green Dancer,Khazaeen,Hail to Reason,Cosmah,Understanding,Mountain Flower,Lyphard,Lady Rebecca,Busted,Highclere,Caro,アンファンテ,Wavering Monarch,Kazadancoa,Sir Gaylord,Miss Glamour Gal,Sauce Boat,Lady Barbizon
202609010311,13,ダート,2000,良,オープン,キタサンブラック,ランドオーバーシー,ブラックタイド,シュガーハート,Bellamy Road,Belle Watling,サンデーサイレンス,ウインドインハーヘア,サクラバクシンオー,オトメゴコロ,Concerto,Hurry Home Hillary,Pulpit,Polly Adler,Halo,Wishing Well,Alzao,Burghclere,サクラユタカオー,サクラハゴロモ,ジャッジアンジェルーチ,テイズリー,Chief's Crown,Undeniably,Deputed Testamony,Ten Cents a Turn,A.P. Indy,Preach,ハウスバスター,Honest and True,Hail to Reason,Cosmah,Understanding,Mountain Flower,Lyphard,Lady Rebecca,Busted,Highclere,テスコボーイ,アンジェリカ,ノーザンテースト,クリアアンバー,Honest Pleasure,Victorian Queen,Lyphard,Tizna,Danzig,Six Crowns,In Reality,Past Forgetting,Traffic Cop,Proof Requested,Cozzene,Rub al Khali,Seattle Slew,Weekend Surprise,Mr. Prospector,Narrate,Mt. Livermore,Big Dreams,Mr. Leader,Tell Meno Lies
202609010311,14,ダート,2000,良,オープン,ホッコータルマエ,ピュアプレジャー,キングカメハメハ,マダムチェロキー,Tiznow,ケリーケイズプレジャー,Kingmambo,マンファス,Cherokee Run,アンフォイルド,Cee's Tizzy,Cee's Song,Kelly Kip,Flip's Pleasure,Mr. Prospector,Miesque,ラストタイクーン,Pilot Bird,Runaway Groom,Cherokee Dame,Unbridled,Bold Foil,Relaunch,テイズリー,Seattle Song,Lonely Dancer,Kipper Kelly,Marianne Theresa,Flip Sal,Molly's Pleasure,Raise a Native,Gold Digger,Nureyev,Pasadoble,トライマイベスト,Mill Princess,Blakeney,The Dancer,Blushing Groom,Yonnie Girl,Silver Saber,Dame Francesca,Fappiano,Gana Facil,Bold Forbes,Perfect Foil,In Reality,Foggy Note,Lyphard,Tizna,Seattle Slew,Incantation,ナイスダンサー,Sleep Lonely,Valid Appeal,Plum Ten,John's Gold,Chalk Lullah,Drone,All Too Legal,What a Pleasure,Dreamy Bolina
202609010311,15,ダート,2000,良,オープン,モーリス,ペニーブラック,スクリーンヒーロー,メジロフランシス,Redoute's Choice,ジェイズミラクル,グラスワンダー,ランニングヒロイン,カーネギー,メジロモントレー,デインヒル,Shantha's Choice,フジキセキ,アサーション,Silver Hawk,Ameriflora,サンデーサイレンス,ダイナアクトレス,Sadler's Wells,Detroit,モガミ,メジロクインシー,Danzig,Razyana,Canny Lad,Dancing Show,サンデーサイレンス,ミルレーサー,Assert,Yes Please,Roberto,Gris Vitesse,Danzig,Graceful Touch,Halo,Wishing Well,ノーザンテースト,モデルスポート,Northern Dancer,Fairy Bridge,Riverman,Derna,Lyphard,ノーラック,フィディオン,メジロボサツ,Northern Dancer,Pas de Nom,His Majesty,Spring Adieu,Bletchingly,Jesmond Lass,Nijinsky,Show Lady,Halo,Wishing Well,Le Fabuleux,Marston's Mill,Be My Guest,Irish Bird,Mount Hagen,Thankfull
202609010311,16,ダート,2000,良,オープン,キズナ,ザナ,ディープインパクト,キャットクイル,Galileo,Maskaya,サンデーサイレンス,ウインドインハーヘア,Storm Cat,Pacific Princess,Sadler's Wells,Urban Sea,Machiavellian,Majinskaya,Halo,Wishing Well,Alzao,Burghclere,Storm Bird,Terlingua,Damascus,Fiji,Northern Dancer,Fairy Bridge,Miswaki,Allegretta,Mr. Prospector,Coup de Folie,Marignan,Makarova,Hail to Reason,Cosmah,Understanding,Mountain Flower,Lyphard,Lady Rebecca,Busted,Highclere,Northern Dancer,South Ocean,Secretariat,Crimson Saint,Sword Dancer,Kerala,Acropolis,Rififi,Nearctic,Natalma,Bold Reason,Special,Mr. Prospector,Hopespringseternal,Lombard,Anatevka,Raise a Native,Gold Digger,Halo,Raise the Standard,Blushing Groom,Madelia,Nijinsky,Midou
202609010312,1,芝,1400,良,2勝クラス,Saxon Warrior,エルヴァス,ディープインパクト,メイビー,Catcher In The Rye,Gran Oleada,サンデーサイレンス,ウインドインハーヘア,Galileo,Sumora,デインヒル,Truly a Dream,Grand Slam,Ondina,Halo,Wishing Well,Alzao,Burghclere,Sadler's Wells,Urban Sea,デインヒル,Rain Flower,Danzig,Razyana,Darshaan,Truly Special,Gone West,Bright Candles,サザンヘイロー,Orsa,Hail to Reason,Cosmah,Understanding,Mountain Flower,Lyphard,Lady Rebecca,Busted,Highclere,Northern Dancer,Fairy Bridge,Miswaki,Allegretta,Danzig,Razyana,Indian Ridge,Rose of Jericho,Northern Dancer,Pas de Nom,His Majesty,Spring Adieu,Shirley Heights,Delsy,Caerleon,Arctique Royale,Mr. Prospector,Secrettame,El Gran Senor,Christmas Bonus,Halo,Northern Sea,Senor Pete,Oh'Sun
202609010312,2,芝,1400,良,2勝クラス,サトノアラジン,フレイムミーティア,ディープインパクト,マジックストーム,ファンタスティックライト,レディクローリス,サンデーサイレンス,ウインドインハーヘア,Storm Cat,Foppy Dancer,Rahy,Jood,フォーティナイナー,シンコウラブリイ,Halo,Wishing Well,Alzao,Burghclere,Storm Bird,Terlingua,Fappiano,Water Dance,Blushing Groom,Glorious Song,Nijinsky,Kamar,Mr. Prospector,File,Caerleon,ハッピートレイルズ,Hail to Reason,Cosmah,Understanding,Mountain Flower,Lyphard,Lady Rebecca,Busted,Highclere,Northern Dancer,South Ocean,Secretariat,Crimson Saint,Mr. Prospector,Killaloe,Nijinsky,Luiana,Red God,Runaway Bride,Halo,Ballade,Northern Dancer,Flaming Page,Key to the Mint,Square Angel,Raise a Native,Gold Digger,Tom Rolfe,Continue,Nijinsky,Foreseer,ポツセ,ロイコン
202609010312,3,芝,1400,良,2勝クラス,シルバーステート,ネーラペルレ,ディープインパクト,シルヴァースカヤ,キングカメハメハ,ポンテペルレ,サンデーサイレンス,ウインドインハーヘア,Silver Hawk,Boubskaia,Kingmambo,マンファス,Green Desert,ファーザ,Halo,Wishing Well,Alzao,Burghclere,Roberto,Gris Vitesse,Niniski,Frenetique,Mr. Prospector,Miesque,ラストタイクーン,Pilot Bird,Danzig,Foreign Courier,Mr. Prospector,Baya,Hail to Reason,Cosmah,Understanding,Mountain Flower,Lyphard,Lady Rebecca,Busted,Highclere,Hail to Reason,Bramalea,Amerigo,Matchiche,Nijinsky,Virginia Hills,Tyrant,Femina,Raise a Native,Gold Digger,Nureyev,Pasadoble,トライマイベスト,Mill Princess,Blakeney,The Dancer,Northern Dancer,Pas de Nom,Sir Ivor,Courtly Dee,Raise a Native,Gold Digger,Nureyev,Barger
202609010312,4,芝,1400,良,2勝クラス,エイシンヒカリ,タイキキララ,ディープインパクト,キャタリナ,キングヘイロー,タイキステラ,サンデーサイレンス,ウインドインハーヘア,Storm Cat,Carolina Saga,ダンシングブレーヴ,グッバイヘイロー,Miswaki,ロイヤルブライド,Halo,Wishing Well,Alzao,Burghclere,Storm Bird,Terlingua,Caro,Key to the Saga,Lyphard,Navajo Princess,Halo,Pound Foolish,Mr. Prospector,Hopespringseternal,Blushing Groom,ロイコン,Hail to Reason,Cosmah,Understanding,Mountain Flower,Lyphard,Lady Rebecca,Busted,Highclere,Northern Dancer,South Ocean,Secretariat,Crimson Saint,フォルティノ,Chambord,Key to the Mint,Sea Saga,Northern Dancer,Goofed,Drone,Olmec,Hail to Reason,Cosmah,Sir Ivor,Squander,Raise a Native,Gold Digger,Buckpasser,Rose Bower,Red God,Runaway Bride,High Top,Madelon
202609010312,5,芝,1400,良,2勝クラス,サートゥルナーリア,パラダイスリッジ,ロードカナロア,シーザリオ,ディープインパクト,クロウキャニオン,キングカメハメハ,レディブラッサム,スペシャルウィーク,キロフプリミエール,サンデーサイレンス,ウインドインハーヘア,フレンチデピュティ,クロカミ,Kingmambo,マンファス,Storm Cat,サラトガデュー,サンデーサイレンス,キャンペンガール,Sadler's Wells,Querida,Halo,Wishing Well,Alzao,Burghclere,Deputy Minister,Mitterand,Caerleon,ミルド,Mr. Prospector,Miesque,ラストタイクーン,Pilot Bird,Storm Bird,Terlingua,Cormorant,Super Luna,Halo,Wishing Well,マルゼンスキー,レディーシラオキ,Northern Dancer,Fairy Bridge,Habitat,Principia,Hail to Reason,Cosmah,Understanding,Mountain Flower,Lyphard,Lady Rebecca,Busted,Highclere,Vice Regent,Mint Copy,Hold Your Peace,Laredo Lass,Nijinsky,Foreseer,Desert Wine,Margie Belle
202609010312,6,芝,1400,良,2勝クラス,ドゥラメンテ,マンビア,キングカメハメハ,アドマイヤグルーヴ,アルデバラン,Algoa,Kingmambo,マンファス,サンデーサイレンス,エアグルーヴ,Mr. Prospector,Chimes of Freedom,Common Grounds,Atlantic Blue,Mr. Prospector,Miesque,ラストタイクーン,Pilot Bird,Halo,Wishing Well,トニービン,ダイナカール,Raise a Native,Gold Digger,Private Account,Aviance,Kris,Sweetly,Nureyev,Hail Atlantis,Raise a Native,Gold Digger,Nureyev,Pasadoble,トライマイベスト,Mill Princess,Blakeney,The Dancer,Hail to Reason,Cosmah,Understanding,Mountain Flower,カンパラ,Severn Bridge,ノーザンテースト,シャダイフェザー,Native Dancer,Raise You,Nashua,Sequence,Damascus,Numbered Account,Northfields,Minnie Hauk,Sharpen Up,Doubly Sure,Lyphard,Sweet and Lovely,Northern Dancer,Special,Seattle Slew,Flippers
202609010312,7,芝,1400,良,2勝クラス,ロードカナロア,レキシールー,キングカメハメハ,レディブラッサム,Sligo Bay,Oneexcessivenite,Kingmambo,マンファス,Storm Cat,サラトガデュー,Sadler's Wells,Angelic Song,In Excess,Favored One,Mr. Prospector,Miesque,ラストタイクーン,Pilot Bird,Storm Bird,Terlingua,Cormorant,Super Luna,Northern Dancer,Fairy Bridge,Halo,Ballade,Siberian Express,Kantado,Son of Briartic,Highly Favored,Raise a Native,Gold Digger,Nureyev,Pasadoble,トライマイベスト,Mill Princess,Blakeney,The Dancer,Northern Dancer,South Ocean,Secretariat,Crimson Saint,His Majesty,Song Sparrow,In Reality,Alada,Nearctic,Natalma,Bold Reason,Special,Hail to Reason,Cosmah,Herbager,Miss Swapsco,Caro,Indian Call,Saulingo,Vi,Briartic,Tabola,Favorecidian,Minie Ball
202609010312,8,芝,1400,良,2勝クラス,ルーラーシップ,ラブフール,キングカメハメハ,エアグルーヴ,ゼンノロブロイ,サブリナシューズ,Kingmambo,マンファス,トニービン,ダイナカール,サンデーサイレンス,ローミンレイチェル,エルコンドルパサー,リトルハーモニー,Mr. Prospector,Miesque,ラストタイクーン,Pilot Bird,カンパラ,Severn Bridge,ノーザンテースト,シャダイフェザー,Halo,Wishing Well,マイニング,One Smart Lady,Kingmambo,サドラーズギャル,コマンダーインチーフ,ルイジアナピット,Raise a Native,Gold Digger,Nureyev,Pasadoble,トライマイベスト,Mill Princess,Blakeney,The Dancer,Kalamoun,State Pension,Hornbeam,Priddy Fair,Northern Dancer,Lady Victoria,ガーサント,パロクサイド,Hail to Reason,Cosmah,Understanding,Mountain Flower,Mr. Prospector,I Pass,Clever Trick,Pia's Lady,Mr. Prospector,Miesque,Sadler's Wells,Glenveagh,ダンシングブレーヴ,Slightly Dangerous,ヴァリィフォージュ,ミユキカマダ
202609010312,9,芝,1400,良,2勝クラス,ディスクリートキャット,サテラノサト,Forestry,Pretty Discreet,ディープブリランテ,ウアジェト,Storm Cat,Shared Interest,Private Account,Pretty Persuasive,ディープインパクト,ラヴアンドバブルズ,シンボリクリスエス,リーチトゥピース,Storm Bird,Terlingua,Pleasant Colony,Surgery,Damascus,Numbered Account,Believe It,Bury the Hatchet,サンデーサイレンス,ウインドインハーヘア,Loup Sauvage,バブルドリーム,Kris S.,Tee Kay,Mud Route,Waki Betty,Northern Dancer,South Ocean,Secretariat,Crimson Saint,His Majesty,Sun Colony,Dr. Fager,Bold Sequence,Sword Dancer,Kerala,Buckpasser,Intriguing,In Reality,Breakfast Bell,Tom Rolfe,Christmas Whishes,Halo,Wishing Well,Alzao,Burghclere,Riverman,Louveterie,Akarad,バブルプロスペクター,Roberto,Sharp Queen,Gold Meridian,Tri Argo,Strawberry Road,Our Suzette,Miswaki,Auntie Betty
202609010312,10,芝,1400,良,2勝クラス,ビッグアーサー,グロッタアズーラ,サクラバクシンオー,シヤボナ,フジキセキ,サダムブルーアイズ,サクラユタカオー,サクラハゴロモ,Kingmambo,Relish,サンデーサイレンス,ミルレーサー,エルコンドルパサー,ミスティックアイズ,テスコボーイ,アンジェリカ,ノーザンテースト,クリアアンバー,Mr. Prospector,Miesque,Sadler's Wells,Reloy,Halo,Wishing Well,Le Fabuleux,Marston's Mill,Kingmambo,サドラーズギャル,Eastern Echo,スキム,Princely Gift,Suncourt,ネヴァービート,スターハイネス,Northern Dancer,Lady Victoria,Ambiopoise,One Clear Call,Raise a Native,Gold Digger,Nureyev,Pasadoble,Northern Dancer,Fairy Bridge,Liloy,Rescousse,Hail to Reason,Cosmah,Understanding,Mountain Flower,Wild Risk,Anguar,In Reality,Millicent,Mr. Prospector,Miesque,Sadler's Wells,Glenveagh,Damascus,Wild Applause,Nijinsky,Pass a Glance
202609010312,11,芝,1400,良,2勝クラス,ストロングリターン,ラッシュストーム,シンボリクリスエス,コートアウト,ザール,ラッシュウインド,Kris S.,Tee Kay,Smart Strike,アザール,Zafonic,Monroe,ワイルドラッシュ,ラクリス,Roberto,Sharp Queen,Gold Meridian,Tri Argo,Mr. Prospector,Classy 'n Smart,Nijinsky,Smart Heiress,Gone West,Zaizafon,Sir Ivor,Best in Show,Wild Again,Rose Park,Private Account,Spectacular Joke,Hail to Reason,Bramalea,Princequillo,Bridgework,Seattle Slew,Queen Louie,Tri Jet,Hail Proudly,Raise a Native,Gold Digger,Smarten,No Class,Northern Dancer,Flaming Page,Vaguely Noble,Smartaire,Mr. Prospector,Secrettame,The Minstrel,Mofida,Sir Gaylord,Attica,Traffic Judge,Stolen Hour,Icecapade,Bushel-n-Peck,Plugged Nickle,Hardship,Damascus,Numbered Account,Spectacular Bid,No Joke
202609010312,12,芝,1400,良,2勝クラス,Iffraaj,エクストラマイル,Zafonic,Pastorale,Frankel,Marie de Medici,Gone West,Zaizafon,Nureyev,Park Appeal,Galileo,Kind,Medicean,Mare Nostrum,Mr. Prospector,Secrettame,The Minstrel,Mofida,Northern Dancer,Special,Ahonoora,Balidaress,Sadler's Wells,Urban Sea,デインヒル,Rainbow Lake,Machiavellian,Mystic Goddess,Caerleon,Salvora,Raise a Native,Gold Digger,Secretariat,Tamerett,Northern Dancer,Fleur,Right Tack,Wold Lass,Nearctic,Natalma,Forli,Thong,Lorenzaccio,Helen Nichols,Balidar,Innocence,Northern Dancer,Fairy Bridge,Miswaki,Allegretta,Danzig,Razyana,Rainbow Quest,Rockfest,Mr. Prospector,Coup de Folie,Storm Bird,Rose Goddess,Nijinsky,Foreseer,Spectacular Bid,Grand Luxe
202609010312,13,芝,1400,良,2勝クラス,イスラボニータ,ハートシェイプト,フジキセキ,イスラコジーン,Storm Cat,Twenty Eight Carat,サンデーサイレンス,ミルレーサー,Cozzene,Isla Mujeres,Storm Bird,Terlingua,Alydar,Voo Doo Dance,Halo,Wishing Well,Le Fabuleux,Marston's Mill,Caro,Ride the Trails,Crafty Prospector,Lido Isle,Northern Dancer,South Ocean,Secretariat,Crimson Saint,Raise a Native,Sweet Tooth,Stage Door Johnny,Witch Dance,Hail to Reason,Cosmah,Understanding,Mountain Flower,Wild Risk,Anguar,In Reality,Millicent,フォルティノ,Chambord,Prince John,Wildwook,Mr. Prospector,Real Crafty Lady,Far North,She Is Gorgeous,Nearctic,Natalma,New Providence,Shining Sun,Bold Ruler,Somethingroyal,Crimson Satan,Bolero Rose,Native Dancer,Raise You,On-And-On,Plum Cake,Prince John,Peroxide Blonde,Northern Dancer,Shama
202609010312,14,芝,1400,良,2勝クラス,ディープインパクト,レジェトウショウ,サンデーサイレンス,ウインドインハーヘア,キングヘイロー,ウイッチトウショウ,Halo,Wishing Well,Alzao,Burghclere,ダンシングブレーヴ,グッバイヘイロー,ジェイドロバリー,サマンサトウショウ,Hail to Reason,Cosmah,Understanding,Mountain Flower,Lyphard,Lady Rebecca,Busted,Highclere,Lyphard,Navajo Princess,Halo,Pound Foolish,Mr. Prospector,Number,トウショウボーイ,マーブルトウショウ,Turn-to,Nothirdchance,Cosmic Bomb,Almahmoud,Promised Land,Pretty Ways,Montparnasse,Edelweiss,Northern Dancer,Goofed,Sir Ivor,Pocahontas,Crepello,Sans le Sou,Queen's Hussar,Highlight,Northern Dancer,Goofed,Drone,Olmec,Hail to Reason,Cosmah,Sir Ivor,Squander,Raise a Native,Gold Digger,Nijinsky,Special,テスコボーイ,ソシアルバターフライ,ダンディルート,チヤイナトウショウ
202609010312,15,芝,1400,良,2勝クラス,ビッグアーサー,ブランカ,サクラバクシンオー,シヤボナ,ディープインパクト,スプリングチケット,サクラユタカオー,サクラハゴロモ,Kingmambo,Relish,サンデーサイレンス,ウインドインハーヘア,トニービン,カズミハルコマ,テスコボーイ,アンジェリカ,ノーザンテースト,クリアアンバー,Mr. Prospector,Miesque,Sadler's Wells,Reloy,Halo,Wishing Well,Alzao,Burghclere,カンパラ,Severn Bridge,マルゼンスキー,センシユータカラ,Princely Gift,Suncourt,ネヴァービート,スターハイネス,Northern Dancer,Lady Victoria,Ambiopoise,One Clear Call,Raise a Native,Gold Digger,Nureyev,Pasadoble,Northern Dancer,Fairy Bridge,Liloy,Rescousse,Hail to Reason,Cosmah,Understanding,Mountain Flower,Lyphard,Lady Rebecca,Busted,Highclere,Kalamoun,State Pension,Hornbeam,Priddy Fair,Nijinsky,シル,ヴェンチア,シヤダイウイング
202609010312,16,芝,1400,良,2勝クラス,スワーヴリチャード,メンディド,ハーツクライ,ピラミマ,Broken Vow,Fair and Square,サンデーサイレンス,アイリッシュダンス,Unbridled's Song,キャリアコレクション,Unbridled,Wedding Vow,Awesome Again,Untarnished,Halo,Wishing Well,トニービン,ビューパーダンス,Unbridled,Trolley Song,General Meeting,River of Stars,Fappiano,Gana Facil,Nijinsky,Wedding Picture,Deputy Minister,Primal Force,Unbridled,Banshee Winds,Hail to Reason,Cosmah,Understanding,Mountain Flower,カンパラ,Severn Bridge,Lyphard,My Bupers,Fappiano,Gana Facil,Caro,Lucky Spell,Seattle Slew,Alydar's Promise,Riverman,Star Fortune,Mr. Prospector,Killaloe,Le Fabuleux,Charedi,Northern Dancer,Flaming Page,Blushing Groom,Strike a Pose,Vice Regent,Mint Copy,Blushing Groom,Prime Prospect,Fappiano,Gana Facil,Known Fact,Quack a Doodledoo
202609010312,17,芝,1400,良,2勝クラス,サトノアラジン,ムーンライトダンス,ディープインパクト,マジックストーム,Sinndar,Style of Life,サンデーサイレンス,ウインドインハーヘア,Storm Cat,Foppy Dancer,Grand Lodge,Sinntara,The Minstrel,Bubinka,Halo,Wishing Well,Alzao,Burghclere,Storm Bird,Terlingua,Fappiano,Water Dance,Chief's Crown,La Papagena,Lashkari,Sidama,Northern Dancer,Fleur,Nashua,Stolen Date,Hail to Reason,Cosmah,Understanding,Mountain Flower,Lyphard,Lady Rebecca,Busted,Highclere,Northern Dancer,South Ocean,Secretariat,Crimson Saint,Mr. Prospector,Killaloe,Nijinsky,Luiana,Danzig,Six Crowns,Habitat,Magic Flute,Mill Reef,Larannda,Top Ville,Stoyana,Nearctic,Natalma,Victoria Park,Flaming Page,Nasrullah,Segula,Sadair,Stolen Hour
202609010312,18,芝,1400,良,2勝クラス,ビッグアーサー,ビエンナーレ,サクラバクシンオー,シヤボナ,ステイゴールド,フォーカルプレーン,サクラユタカオー,サクラハゴロモ,Kingmambo,Relish,サンデーサイレンス,ゴールデンサッシュ,スプレンディドモーメント,ダイナフォーカス,テスコボーイ,アンジェリカ,ノーザンテースト,クリアアンバー,Mr. Prospector,Miesque,Sadler's Wells,Reloy,Halo,Wishing Well,ディクタス,ダイナサッシュ,Storm Bird,Racquette,ロイヤルスキー,ヤクモペンダス,Princely Gift,Suncourt,ネヴァービート,スターハイネス,Northern Dancer,Lady Victoria,Ambiopoise,One Clear Call,Raise a Native,Gold Digger,Nureyev,Pasadoble,Northern Dancer,Fairy Bridge,Liloy,Rescousse,Hail to Reason,Cosmah,Understanding,Mountain Flower,Sanctus,Doronic,ノーザンテースト,ロイヤルサッシュ,Northern Dancer,South Ocean,Ballymore,Arctic Melody,Raja Baba,Coz o'Nijinsky,ステューペンダス,ヤクモヒサコ
202609010401,1,ダート,1800,良,未勝利,キズナ,ベネンシアドール,ディープインパクト,キャットクイル,キングカメハメハ,フェアリードール,サンデーサイレンス,ウインドインハーヘア,Storm Cat,Pacific Princess,Kingmambo,マンファス,Nureyev,Dream Deal,Halo,Wishing Well,Alzao,Burghclere,Storm Bird,Terlingua,Damascus,Fiji,Mr. Prospector,Miesque,ラストタイクーン,Pilot Bird,Northern Dancer,Special,Sharpen Up,Likely Exchange,Hail to Reason,Cosmah,Understanding,Mountain Flower,Lyphard,Lady Rebecca,Busted,Highclere,Northern Dancer,South Ocean,Secretariat,Crimson Saint,Sword Dancer,Kerala,Acropolis,Rififi,Raise a Native,Gold Digger,Nureyev,Pasadoble,トライマイベスト,Mill Princess,Blakeney,The Dancer,Nearctic,Natalma,Forli,Thong,エタン,Rocchetta,Terrible Tiger,Likely Swap
202609010401,2,ダート,1800,良,未勝利,ルヴァンスレーヴ,ゴッドビラブドミー,シンボリクリスエス,マエストラーレ,ブライアンズタイム,ゴッドインチーフ,Kris S.,Tee Kay,ネオユニヴァース,オータムブリーズ,Roberto,Kelley's Day,コマンダーインチーフ,ファーガーズプロスペクト,Roberto,Sharp Queen,Gold Meridian,Tri Argo,サンデーサイレンス,ポインテッドパス,ティンバーカントリー,セプテンバーソング,Hail to Reason,Bramalea,Graustark,Golden Trail,ダンシングブレーヴ,Slightly Dangerous,Chief's Crown,Fager's Glory,Hail to Reason,Bramalea,Princequillo,Bridgework,Seattle Slew,Queen Louie,Tri Jet,Hail Proudly,Halo,Wishing Well,Kris,Silken Way,Woodman,Fall Aspen,リアルシャダイ,ダイナフェアリー,Turn-to,Nothirdchance,Nashua,Rarelea,Ribot,Flower Bowl,Hasty Road,Sunny Vale,Lyphard,Navajo Princess,Roberto,Where You Lead,Danzig,Six Crowns,Mr. Prospector,Street's Glory
202609010401,3,ダート,1800,良,未勝利,マジェスティックウォリアー,オリーブティアラ,A.P. Indy,Dream Supreme,キングカメハメハ,スティールパス,Seattle Slew,Weekend Surprise,Seeking the Gold,Spinning Round,Kingmambo,マンファス,ネオユニヴァース,ロイヤルペルラ,Bold Reasoning,My Charmer,Secretariat,Lassie Dear,Mr. Prospector,Con Game,Dixieland Band,Take Heart,Mr. Prospector,Miesque,ラストタイクーン,Pilot Bird,サンデーサイレンス,ポインテッドパス,ブライアンズタイム,スターマイライフ,Boldnesian,Reason to Earn,Poker,Fair Charmer,Bold Ruler,Somethingroyal,Buckpasser,Gay Missile,Raise a Native,Gold Digger,Buckpasser,Broadway,Northern Dancer,Mississippi Mud,Secretariat,Deck Stewardess,Raise a Native,Gold Digger,Nureyev,Pasadoble,トライマイベスト,Mill Princess,Blakeney,The Dancer,Halo,Wishing Well,Kris,Silken Way,Roberto,Kelley's Day,Storm Cat,Great Lady M.
202609010401,4,ダート,1800,良,未勝利,ルーラーシップ,シマノタカラチャン,キングカメハメハ,エアグルーヴ,ジェイドロバリー,グレートクリスティーヌ,Kingmambo,マンファス,トニービン,ダイナカール,Mr. Prospector,Number,Danzig,Great Lady M.,Mr. Prospector,Miesque,ラストタイクーン,Pilot Bird,カンパラ,Severn Bridge,ノーザンテースト,シャダイフェザー,Raise a Native,Gold Digger,Nijinsky,Special,Northern Dancer,Pas de Nom,Icecapade,Sovereign Lady,Raise a Native,Gold Digger,Nureyev,Pasadoble,トライマイベスト,Mill Princess,Blakeney,The Dancer,Kalamoun,State Pension,Hornbeam,Priddy Fair,Northern Dancer,Lady Victoria,ガーサント,パロクサイド,Native Dancer,Raise You,Nashua,Sequence,Northern Dancer,Flaming Page,Forli,Thong,Nearctic,Natalma,Admiral's Voyage,Petitioner,Nearctic,Shenanigans,Young Emperor,Sweety Kid
202609010401,5,ダート,1800,良,未勝利,クリソベリル,アルアリングスター,ゴールドアリュール,クリソプレーズ,Exchange Rate,Spring Jump,サンデーサイレンス,ニキーヤ,エルコンドルパサー,キャサリーンパー,Danzig,Sterling Pound,Jump Start,Meg's Answer,Halo,Wishing Well,Nureyev,Reluctant Guest,Kingmambo,サドラーズギャル,Riverman,Regal Exception,Northern Dancer,Pas de Nom,Seeking the Gold,Spectacular Bev,A.P. Indy,Steady Cat,West Acre,Spring Hill Answer,Hail to Reason,Cosmah,Understanding,Mountain Flower,Northern Dancer,Special,Hostage,Vaguely Royal,Mr. Prospector,Miesque,Sadler's Wells,Glenveagh,Never Bend,River Lady,Ribot,Rajput Princess,Nearctic,Natalma,Admiral's Voyage,Petitioner,Mr. Prospector,Con Game,Spectacular Bid,Bev Bev,Seattle Slew,Weekend Surprise,Storm Cat,Hopespringsforever,フォーティナイナー,Narrate,Springhill,Lady's Answer
202609010401,6,ダート,1800,良,未勝利,アメリカンペイトリオット,ハービンマオ,War Front,Life Well Lived,ハービンジャー,ダンシングマオ,Danzig,Starry Dreamer,Tiznow,Well Dressed,Dansili,Penang Pearl,ゴールドアリュール,エスカビオーサ,Northern Dancer,Pas de Nom,Rubiano,Lara's Star,Cee's Tizzy,Cee's Song,Notebook,Trithenia,デインヒル,Hasili,Bering,Guapa,サンデーサイレンス,ニキーヤ,Payant,Elegia,Nearctic,Natalma,Admiral's Voyage,Petitioner,Fappiano,Ruby Slippers,Forli,True Reality,Relaunch,テイズリー,Seattle Song,Lonely Dancer,Well Decorated,Mobcap,Gold Meridian,Tri Argo,Danzig,Razyana,Kahyasi,Kerali,Arctic Tern,Beaune,Shareef Dancer,Sauceboat,Halo,Wishing Well,Nureyev,Reluctant Guest,Cipayo,Piccalline,Utopico,Emisaria
202609010401,7,ダート,1800,良,未勝利,シャンハイボビー,シャドウライフ,Harlan's Holiday,Steelin',サクラバクシンオー,ライブリーダンス,Harlan,Christmas in Aiken,Orientate,Steel Band,サクラユタカオー,サクラハゴロモ,サンデーサイレンス,ステイトリーダンス,Storm Cat,Country Romance,Affirmed,Dowager,Mt. Livermore,Dream Team,Carson City,ウェディングバンド,テスコボーイ,アンジェリカ,ノーザンテースト,クリアアンバー,Halo,Wishing Well,ステートリードン,Witchy Woman,Storm Bird,Terlingua,Halo,Sweet Romance,Exclusive Native,Won't Tell You,Honest Pleasure,Princessnesian,Blushing Groom,Flama Ardiente,Cox's Ridge,Likely Double,Mr. Prospector,Blushing Promise,Mighty Appealing,Ring of Steel,Princely Gift,Suncourt,ネヴァービート,スターハイネス,Northern Dancer,Lady Victoria,Ambiopoise,One Clear Call,Hail to Reason,Cosmah,Understanding,Mountain Flower,Nureyev,Dona Ysidra,Strate Stuff,Witchy Norma
202609010401,8,ダート,1800,良,未勝利,サトノダイヤモンド,ベルスール,ディープインパクト,マルペンサ,スウェプトオーヴァーボード,フレンチビキニ,サンデーサイレンス,ウインドインハーヘア,Orpen,Marsella,エンドスウィープ,Sheer Ice,サンデーサイレンス,Fuenji,Halo,Wishing Well,Alzao,Burghclere,Lure,Bonita Francita,サザンヘイロー,Riviere,フォーティナイナー,Broom Dance,Cutlass,Hey Dolly A.,Halo,Wishing Well,Saumarez,Belle et Chere,Hail to Reason,Cosmah,Understanding,Mountain Flower,Lyphard,Lady Rebecca,Busted,Highclere,Danzig,Endear,Devil's Bag,Raise the Standard,Halo,Northern Sea,Logical,Talonada,Mr. Prospector,File,Dance Spell,Witching Hour,Damascus,Aphonia,Ambehaving,Swift Deal,Hail to Reason,Cosmah,Understanding,Mountain Flower,Rainbow Quest,Fiesta Fun,Lyphard,Madge
202609010401,9,ダート,1800,良,未勝利,ヘニーヒューズ,ニーマルオトメ,ヘネシー,Meadow Flyer,ゼンノロブロイ,フォレストゾーン,Storm Cat,Island Kitty,Meadowlake,Shortley,サンデーサイレンス,ローミンレイチェル,Forest Wildcat,Give Me Liberty,Storm Bird,Terlingua,Hawaii,T. C. Kitten,Hold Your Peace,Suspicious Native,Hagley,Short Winded,Halo,Wishing Well,マイニング,One Smart Lady,Storm Cat,Victoria Beauty,Give Me Strength,Fannie C.,Northern Dancer,South Ocean,Secretariat,Crimson Saint,Utrillo,Ethane,Tom Cat,Needlebug,Speak John,Blue Moon,Raise a Native,Be Suspicious,Olden Times,Teo Pepi,Harvest Singing,Wild Cloud,Hail to Reason,Cosmah,Understanding,Mountain Flower,Mr. Prospector,I Pass,Clever Trick,Pia's Lady,Storm Bird,Terlingua,Bold Native,Abifaith,Exclusive Native,Katonka,Sunny South,Garden Fresh
202609010401,10,ダート,1800,良,未勝利,デクラレーションオブウォー,サンドクイーン,War Front,Tempo West,ゴールドアリュール,フィエラメンテ,Danzig,Starry Dreamer,Rahy,Tempo,サンデーサイレンス,ニキーヤ,タニノギムレット,フェアリードール,Northern Dancer,Pas de Nom,Rubiano,Lara's Star,Blushing Groom,Glorious Song,Gone West,Terpsichorist,Halo,Wishing Well,Nureyev,Reluctant Guest,ブライアンズタイム,タニノクリスタル,Nureyev,Dream Deal,Nearctic,Natalma,Admiral's Voyage,Petitioner,Fappiano,Ruby Slippers,Forli,True Reality,Red God,Runaway Bride,Halo,Ballade,Mr. Prospector,Secrettame,Nijinsky,Glad Rags,Hail to Reason,Cosmah,Understanding,Mountain Flower,Northern Dancer,Special,Hostage,Vaguely Royal,Roberto,Kelley's Day,クリスタルパレス,タニノシーバード,Northern Dancer,Special,Sharpen Up,Likely Exchange
202609010401,11,ダート,1800,良,未勝利,オルフェーヴル,エイシンムジカ,ステイゴールド,オリエンタルアート,キングカメハメハ,マーゼリン,サンデーサイレンス,ゴールデンサッシュ,メジロマックイーン,エレクトロアート,Kingmambo,マンファス,Barathea,Juno Marlowe,Halo,Wishing Well,ディクタス,ダイナサッシュ,メジロティターン,メジロオーロラ,ノーザンテースト,グランマスティーヴンス,Mr. Prospector,Miesque,ラストタイクーン,Pilot Bird,Sadler's Wells,Brocade,デインヒル,Why So Silent,Hail to Reason,Cosmah,Understanding,Mountain Flower,Sanctus,Doronic,ノーザンテースト,ロイヤルサッシュ,メジロアサマ,シエリル,リマンド,メジロアイリス,Northern Dancer,Lady Victoria,Lt. Stevens,Dhow,Raise a Native,Gold Digger,Nureyev,Pasadoble,トライマイベスト,Mill Princess,Blakeney,The Dancer,Northern Dancer,Fairy Bridge,Habitat,Canton Silk,Danzig,Razyana,Mill Reef,Sing Softly
202609010401,12,ダート,1800,良,未勝利,ダノンプレミアム,ソアリングギフト,ディープインパクト,インディアナギャル,ドゥラメンテ,グラシャスギフト,サンデーサイレンス,ウインドインハーヘア,Intikhab,Genial Jenny,キングカメハメハ,アドマイヤグルーヴ,Giant's Causeway,Heavenly Prize,Halo,Wishing Well,Alzao,Burghclere,Red Ransom,Crafty Example,デインヒル,Joma Kaanem,Kingmambo,マンファス,サンデーサイレンス,エアグルーヴ,Storm Cat,Mariah's Storm,Seeking the Gold,Oh What a Dance,Hail to Reason,Cosmah,Understanding,Mountain Flower,Lyphard,Lady Rebecca,Busted,Highclere,Roberto,アラビア,Crafty Prospector,Zienelle,Danzig,Razyana,Double Form,Ash Lawn,Mr. Prospector,Miesque,ラストタイクーン,Pilot Bird,Halo,Wishing Well,トニービン,ダイナカール,Storm Bird,Terlingua,Rahy,イメンス,Mr. Prospector,Con Game,Nijinsky,Blitey
202609010401,13,ダート,1800,良,未勝利,キタサンブラック,アンナパブロワ,ブラックタイド,シュガーハート,St. Petersburg,Shatrang,サンデーサイレンス,ウインドインハーヘア,サクラバクシンオー,オトメゴコロ,Nureyev,Miss Bold Appeal,Royal Applause,Doomna,Halo,Wishing Well,Alzao,Burghclere,サクラユタカオー,サクラハゴロモ,ジャッジアンジェルーチ,テイズリー,Northern Dancer,Special,Valid Appeal,Bid Gal,ワージブ,Flying Melody,Machiavellian,Just A Mirage,Hail to Reason,Cosmah,Understanding,Mountain Flower,Lyphard,Lady Rebecca,Busted,Highclere,テスコボーイ,アンジェリカ,ノーザンテースト,クリアアンバー,Honest Pleasure,Victorian Queen,Lyphard,Tizna,Nearctic,Natalma,Forli,Thong,In Reality,Desert Trial,Bold Bidder,Nowmepache,トライマイベスト,Coryana,Auction Ring,Whispering Star,Mr. Prospector,Coup de Folie,Green Desert,Just You Wait
202609010402,1,ダート,1400,良,未勝利,クリソベリル,オースミマコ,ゴールドアリュール,クリソプレーズ,フレンチデピュティ,グレースアンドグローリー,サンデーサイレンス,ニキーヤ,エルコンドルパサー,キャサリーンパー,Deputy Minister,Mitterand,Sadler's Wells,Grace Note,Halo,Wishing Well,Nureyev,Reluctant Guest,Kingmambo,サドラーズギャル,Riverman,Regal Exception,Vice Regent,Mint Copy,Hold Your Peace,Laredo Lass,Northern Dancer,Fairy Bridge,Top Ville,Val de Grace,Hail to Reason,Cosmah,Understanding,Mountain Flower,Northern Dancer,Special,Hostage,Vaguely Royal,Mr. Prospector,Miesque,Sadler's Wells,Glenveagh,Never Bend,River Lady,Ribot,Rajput Princess,Northern Dancer,Victoria Regina,Bunty's Flight,Shakney,Speak John,Blue Moon,Bold Ruler,Fortunate Isle,Nearctic,Natalma,Bold Reason,Special,High Top,Sega Ville,Val de Loir,Pearly Queen
202609010402,2,ダート,1400,良,未勝利,ミッキーアイル,サンクイーン,ディープインパクト,スターアイル,Storm Cat,Fountain of Peace,サンデーサイレンス,ウインドインハーヘア,ロックオブジブラルタル,アイルドフランス,Storm Bird,Terlingua,Kris S.,Coup de Genie,Halo,Wishing Well,Alzao,Burghclere,デインヒル,Offshore Boom,Nureyev,ステラマドリッド,Northern Dancer,South Ocean,Secretariat,Crimson Saint,Roberto,Sharp Queen,Mr. Prospector,Coup de Folie,Hail to Reason,Cosmah,Understanding,Mountain Flower,Lyphard,Lady Rebecca,Busted,Highclere,Danzig,Razyana,Be My Guest,Push a Button,Northern Dancer,Special,Alydar,My Juliet,Nearctic,Natalma,New Providence,Shining Sun,Bold Ruler,Somethingroyal,Crimson Satan,Bolero Rose,Hail to Reason,Bramalea,Princequillo,Bridgework,Raise a Native,Gold Digger,Halo,Raise the Standard
202609010402,3,ダート,1400,良,未勝利,シスキン,グランジョイ,First Defence,Bird Flown,ダンスインザダーク,レイナロバリー,Unbridled's Song,Honest Lady,Oasis Dream,Silver Star,サンデーサイレンス,ダンシングキイ,ジェイドロバリー,グランドウイナー,Unbridled,Trolley Song,Seattle Slew,Toussaud,Green Desert,Hope,Zafonic,Monroe,Halo,Wishing Well,Nijinsky,Key Partner,Mr. Prospector,Number,ニホンピロウイナー,ウーマンパワー,Fappiano,Gana Facil,Caro,Lucky Spell,Bold Reasoning,My Charmer,El Gran Senor,Image of Reality,Danzig,Foreign Courier,ダンシングブレーヴ,Bahamian,Gone West,Zaizafon,Sir Ivor,Best in Show,Hail to Reason,Cosmah,Understanding,Mountain Flower,Northern Dancer,Flaming Page,Key to the Mint,Native Partner,Raise a Native,Gold Digger,Nijinsky,Special,スティールハート,ニホンピロエバート,シルバーランド,ヤマニサクラ
202609010402,4,ダート,1400,良,未勝利,ヴァンゴッホ,アライア,American Pharoah,Imagine,タイキシャトル,レザムルーズ,Pioneerof the Nile,Littleprincessemma,Sadler's Wells,Doff the Derby,Devil's Bag,ウェルシュマフィン,ヘネシー,フラウアントゥーム,エンパイアメーカー,Star of Goshen,Yankee Gentleman,Exclusive Rosette,Northern Dancer,Fairy Bridge,Master Derby,Margarethen,Halo,Ballade,Caerleon,Muffitys,Storm Cat,Island Kitty,トニービン,ブラッセルフラウ,Unbridled,Toussaud,Lord at War,Castle Eight,Storm Cat,Key Phrase,Ecliptical,Zetta Jet,Nearctic,Natalma,Bold Reason,Special,ダストコマンダー,Madam Jerry,Tulyar,Russ-Marie,Hail to Reason,Cosmah,Herbager,Miss Swapsco,Nijinsky,Foreseer,Thatch,Contrail,Storm Bird,Terlingua,Hawaii,T. C. Kitten,カンパラ,Severn Bridge,Alydar,Belga
202609010402,5,ダート,1400,良,未勝利,パイロ,フィアマロッサ,Pulpit,Wild Vision,アイルハヴアナザー,フィロンルージュ,A.P. Indy,Preach,Wild Again,Carol's Wonder,Flower Alley,Arch's Gal Edith,フレンチデピュティ,スカーレットレディ,Seattle Slew,Weekend Surprise,Mr. Prospector,Narrate,Icecapade,Bushel-n-Peck,Pass the Tab,Carols Christmas,Distorted Humor,プリンセスオリビア,Arch,Force Five Gal,Deputy Minister,Mitterand,サンデーサイレンス,スカーレットローズ,Bold Reasoning,My Charmer,Secretariat,Lassie Dear,Raise a Native,Gold Digger,Honest Pleasure,State,Nearctic,Shenanigans,Khaled,Dama,Al Hattab,Dantina,Whitesburg,Light Verse,フォーティナイナー,Danzig's Beauty,Lycius,Dance Image,Kris S.,Aurora,Pleasant Tap,Last Cause,Vice Regent,Mint Copy,Hold Your Peace,Laredo Lass,Halo,Wishing Well,ノーザンテースト,スカーレットインク
202609010402,6,ダート,1400,良,未勝利,フィレンツェファイア,フィールドメジャー,Poseidon's Warrior,My Every Wish,ダイワメジャー,ギャラリートーク,Speightstown,Poised to Pounce,Langfuhr,Mille Lacs,サンデーサイレンス,スカーレットブーケ,ブライアンズタイム,ヒットザスポット,Gone West,Silken Cat,Smarten,Lady Lyndy,Danzig,Sweet Briar Too,Unbridled,With Every Wish,Halo,Wishing Well,ノーザンテースト,スカーレットインク,Roberto,Kelley's Day,Deputy Minister,Perfect Example,Mr. Prospector,Secrettame,Storm Cat,Silken Doll,Cyane,Smartaire,Bold Favorite,Counterflight,Northern Dancer,Pas de Nom,Briartic,Prima Babu Gum,Fappiano,Gana Facil,Lear Fan,Amo,Hail to Reason,Cosmah,Understanding,Mountain Flower,Northern Dancer,Lady Victoria,Crimson Satan,Consentida,Hail to Reason,Bramalea,Graustark,Golden Trail,Vice Regent,Mint Copy,Far North,Bold Example
202609010402,7,ダート,1400,良,未勝利,クリソベリル,クルークハイト,ゴールドアリュール,クリソプレーズ,クロフネ,ヴァイスハイト,サンデーサイレンス,ニキーヤ,エルコンドルパサー,キャサリーンパー,フレンチデピュティ,ブルーアヴェニュー,アドマイヤベガ,ソニンク,Halo,Wishing Well,Nureyev,Reluctant Guest,Kingmambo,サドラーズギャル,Riverman,Regal Exception,Deputy Minister,Mitterand,Classic Go Go,Eliza Blue,サンデーサイレンス,ベガ,Machiavellian,Sonic Lady,Hail to Reason,Cosmah,Understanding,Mountain Flower,Northern Dancer,Special,Hostage,Vaguely Royal,Mr. Prospector,Miesque,Sadler's Wells,Glenveagh,Never Bend,River Lady,Ribot,Rajput Princess,Vice Regent,Mint Copy,Hold Your Peace,Laredo Lass,Pago Pago,Classic Perfection,Icecapade,コレラ,Halo,Wishing Well,トニービン,アンティックヴァリュー,Mr. Prospector,Coup de Folie,Nureyev,Stumped
202609010402,8,ダート,1400,良,未勝利,モーニン,エルシェロアスール,ヘニーヒューズ,Giggly,アドマイヤジャパン,フォレストキティ,ヘネシー,Meadow Flyer,Distorted Humor,Chaste,サンデーサイレンス,ビワハイジ,Forestry,Haleakala,Storm Cat,Island Kitty,Meadowlake,Shortley,フォーティナイナー,Danzig's Beauty,Cozzene,Purity,Halo,Wishing Well,Caerleon,アグサン,Storm Cat,Shared Interest,Kris,Haiati,Storm Bird,Terlingua,Hawaii,T. C. Kitten,Hold Your Peace,Suspicious Native,Hagley,Short Winded,Mr. Prospector,File,Danzig,Sweetest Chant,Caro,Ride the Trails,Fappiano,Dame Mysterieuse,Hail to Reason,Cosmah,Understanding,Mountain Flower,Nijinsky,Foreseer,Lord Gayle,Santa Luciana,Storm Bird,Terlingua,Pleasant Colony,Surgery,Sharpen Up,Doubly Sure,Alydar,Northern Fable
202609010402,9,ダート,1400,良,未勝利,ダノンスマッシュ,ロイヤルスピリッツ,ロードカナロア,スピニングワイルドキャット,ハーツクライ,ロイヤルティアラ,キングカメハメハ,レディブラッサム,Hard Spun,Hollywood Wildcat,サンデーサイレンス,アイリッシュダンス,ノーザンテースト,ロイヤルコスマー,Kingmambo,マンファス,Storm Cat,サラトガデュー,Danzig,Turkish Tryst,Kris S.,Miss Wildcatter,Halo,Wishing Well,トニービン,ビューパーダンス,Northern Dancer,Lady Victoria,ロイヤルスキー,マツチレスネイティヴ,Mr. Prospector,Miesque,ラストタイクーン,Pilot Bird,Storm Bird,Terlingua,Cormorant,Super Luna,Northern Dancer,Pas de Nom,Turkoman,Darbyvail,Roberto,Sharp Queen,Mr. Prospector,Elizabeth K.,Hail to Reason,Cosmah,Understanding,Mountain Flower,カンパラ,Severn Bridge,Lyphard,My Bupers,Nearctic,Natalma,Victoria Park,Lady Angela,Raja Baba,Coz o'Nijinsky,Raise a Native,Royal Match
202609010402,10,ダート,1400,良,未勝利,ストロングリターン,フィアレス,シンボリクリスエス,コートアウト,スペシャルウィーク,スプリングボード,Kris S.,Tee Kay,Smart Strike,アザール,サンデーサイレンス,キャンペンガール,アサティス,マイラブクイーン,Roberto,Sharp Queen,Gold Meridian,Tri Argo,Mr. Prospector,Classy 'n Smart,Nijinsky,Smart Heiress,Halo,Wishing Well,マルゼンスキー,レディーシラオキ,Topsider,Secret Asset,サウスアトランティック,バイマイラブ,Hail to Reason,Bramalea,Princequillo,Bridgework,Seattle Slew,Queen Louie,Tri Jet,Hail Proudly,Raise a Native,Gold Digger,Smarten,No Class,Northern Dancer,Flaming Page,Vaguely Noble,Smartaire,Hail to Reason,Cosmah,Understanding,Mountain Flower,Nijinsky,シル,セントクレスピン,ミスアシヤガワ,Northern Dancer,Drumtop,Graustark,Numbered Account,Mill Reef,Arkadina,Forli,Flaunt It
202609010402,11,ダート,1400,良,未勝利,ミッキーアイル,ヒイナヅキ,ディープインパクト,スターアイル,トビーズコーナー,シスターエレキング,サンデーサイレンス,ウインドインハーヘア,ロックオブジブラルタル,アイルドフランス,Bellamy Road,Brandon's Ride,アグネスデジタル,アンバーウェー,Halo,Wishing Well,Alzao,Burghclere,デインヒル,Offshore Boom,Nureyev,ステラマドリッド,Concerto,Hurry Home Hillary,Mister Frisky,Mrs. Bumble,Crafty Prospector,Chancey Squaw,アンバーシャダイ,バンシユーウエー,Hail to Reason,Cosmah,Understanding,Mountain Flower,Lyphard,Lady Rebecca,Busted,Highclere,Danzig,Razyana,Be My Guest,Push a Button,Northern Dancer,Special,Alydar,My Juliet,Chief's Crown,Undeniably,Deputed Testamony,Ten Cents a Turn,Marsayas,Frisky Flyer,Restivo,Bumble,Mr. Prospector,Real Crafty Lady,Chief's Crown,Allicance,ノーザンテースト,クリアアンバー,ペール,ポーロニアユミコ
202609010402,12,ダート,1400,良,未勝利,ゴールドアクター,シープシャンクス,スクリーンヒーロー,ヘイロンシン,ディープインパクト,ラスリングカプス,グラスワンダー,ランニングヒロイン,キョウワアリシバ,ハッピーヒエン,サンデーサイレンス,ウインドインハーヘア,Woodman,フィールディ,Silver Hawk,Ameriflora,サンデーサイレンス,ダイナアクトレス,Alysheba,Sulemeif,マナード,ブゼンフブキ,Halo,Wishing Well,Alzao,Burghclere,Mr. Prospector,プレイメイト,Northfields,Gramy,Roberto,Gris Vitesse,Danzig,Graceful Touch,Halo,Wishing Well,ノーザンテースト,モデルスポート,Alydar,Bel Sheba,Northern Dancer,Barely Even,Captain's Gig,Slipstream,セダン,トサクイン,Hail to Reason,Cosmah,Understanding,Mountain Flower,Lyphard,Lady Rebecca,Busted,Highclere,Raise a Native,Gold Digger,Buckpasser,Intriguing,Northern Dancer,Little Hut,Tapioca,Gracile
202609010402,13,ダート,1400,良,未勝利,シニスターミニスター,アンジュラミエル,Old Trieste,Sweet Minister,カネヒキリ,ボンヌマール,A.P. Indy,Lovlier Linda,The Prime Minister,Sweet Blue,フジキセキ,ライフアウトゼア,Starborough,レイクアネシー,Seattle Slew,Weekend Surprise,Vigors,Linda Summers,Deputy Minister,Stick to Beauty,Hurry Up Blue,Sugar Gold,サンデーサイレンス,ミルレーサー,Deputy Minister,Silver Valley,ソヴィエトスター,Flamenco Wave,Capote,アンブロジン,Bold Reasoning,My Charmer,Secretariat,Lassie Dear,Grey Dawn,Relifordie,Crozier,Queenly Gift,Vice Regent,Mint Copy,Illustrious,Hail to Beauty,Mr. Leader,Blue Baroness,Mr. Prospector,Miss Ironside,Halo,Wishing Well,Le Fabuleux,Marston's Mill,Vice Regent,Mint Copy,Mr. Prospector,Seven Valleys,Nureyev,Veruschka,Desert Wine,Armada Way,Seattle Slew,Too Bald,Mr. Prospector,バラダ
202609010402,14,ダート,1400,良,未勝利,コントレイル,シティトゥシティ,ディープインパクト,ロードクロサイト,City Zip,Stormbow,サンデーサイレンス,ウインドインハーヘア,Unbridled's Song,Folklore,Carson City,Baby Zip,Storm Cat,Rainbow Two,Halo,Wishing Well,Alzao,Burghclere,Unbridled,Trolley Song,Tiznow,Contrive,Mr. Prospector,Blushing Promise,Relaunch,Thirty Zip,Storm Bird,Terlingua,Halo,Hangin Round,Hail to Reason,Cosmah,Understanding,Mountain Flower,Lyphard,Lady Rebecca,Busted,Highclere,Fappiano,Gana Facil,Caro,Lucky Spell,Cee's Tizzy,Cee's Song,Storm Cat,Jeano,Raise a Native,Gold Digger,Blushing Groom,Summertime Promise,In Reality,Foggy Note,Tri Jet,Sailaway,Northern Dancer,South Ocean,Secretariat,Crimson Saint,Hail to Reason,Cosmah,Stage Door Johnny,Auburn's Pride
202609010402,15,ダート,1400,良,未勝利,キセキ,オタカラハッケン,ルーラーシップ,ブリッツフィナーレ,オペラハウス,スナークサクセス,キングカメハメハ,エアグルーヴ,ディープインパクト,ロンドンブリッジ,Sadler's Wells,Colorspin,ブライアンズタイム,ニジンスキーセンチメント,Kingmambo,マンファス,トニービン,ダイナカール,サンデーサイレンス,ウインドインハーヘア,ドクターデヴィアス,オールフォーロンドン,Northern Dancer,Fairy Bridge,High Top,Reprocolor,Roberto,Kelley's Day,Nijinsky,Harrapan Seal,Mr. Prospector,Miesque,ラストタイクーン,Pilot Bird,カンパラ,Severn Bridge,ノーザンテースト,シャダイフェザー,Halo,Wishing Well,Alzao,Burghclere,Ahonoora,Rose of Jericho,Danzig,Full Card,Nearctic,Natalma,Bold Reason,Special,Derring-Do,Camenae,Jimmy Reppin,Blue Queen,Hail to Reason,Bramalea,Graustark,Golden Trail,Northern Dancer,Flaming Page,Habitat,A.
202609010402,16,ダート,1400,良,未勝利,リオンディーズ,ラルケット,キングカメハメハ,シーザリオ,ファルブラヴ,アズサユミ,Kingmambo,マンファス,スペシャルウィーク,キロフプリミエール,Fairy King,Gift of the Night,サンデーサイレンス,ファーストクラス,Mr. Prospector,Miesque,ラストタイクーン,Pilot Bird,サンデーサイレンス,キャンペンガール,Sadler's Wells,Querida,Northern Dancer,Fairy Bridge,Slewpy,Little Nana,Halo,Wishing Well,トウショウボーイ,スイートコンコルド,Raise a Native,Gold Digger,Nureyev,Pasadoble,トライマイベスト,Mill Princess,Blakeney,The Dancer,Halo,Wishing Well,マルゼンスキー,レディーシラオキ,Northern Dancer,Fairy Bridge,Habitat,Principia,Nearctic,Natalma,Bold Reason,Special,Seattle Slew,Rare Bouquet,Lithiot,Nenana Road,Hail to Reason,Cosmah,Understanding,Mountain Flower,テスコボーイ,ソシアルバターフライ,パーソロン,スイートルナ
202609010403,1,ダート,2000,良,未勝利,クリソベリル,ミセスワタナベ,ゴールドアリュール,クリソプレーズ,Tapizar,Foxy Friend,サンデーサイレンス,ニキーヤ,エルコンドルパサー,キャサリーンパー,Tapit,Winning Call,Crafty Friend,Gerri n Jo Go,Halo,Wishing Well,Nureyev,Reluctant Guest,Kingmambo,サドラーズギャル,Riverman,Regal Exception,Pulpit,Tap Your Heels,Deputy Minister,Call Now,Crafty Prospector,Companionship,Top Command,Sweeping Beauty,Hail to Reason,Cosmah,Understanding,Mountain Flower,Northern Dancer,Special,Hostage,Vaguely Royal,Mr. Prospector,Miesque,Sadler's Wells,Glenveagh,Never Bend,River Lady,Ribot,Rajput Princess,A.P. Indy,Preach,Unbridled,Ruby Slippers,Vice Regent,Mint Copy,Wild Again,Carols Christmas,Mr. Prospector,Real Crafty Lady,Princely Native,Lifelong Friend,Bold Ruler,Polly Girl,Eddie Schmidt,Gold Crest
202609010403,2,ダート,2000,良,未勝利,キズナ,レンブランサ,ディープインパクト,キャットクイル,ヘニーヒューズ,パシオンルージュ,サンデーサイレンス,ウインドインハーヘア,Storm Cat,Pacific Princess,ヘネシー,Meadow Flyer,ボストンハーバー,セクシーココナッツ,Halo,Wishing Well,Alzao,Burghclere,Storm Bird,Terlingua,Damascus,Fiji,Storm Cat,Island Kitty,Meadowlake,Shortley,Capote,Harbor Springs,ダンスインザダーク,ココパシオン,Hail to Reason,Cosmah,Understanding,Mountain Flower,Lyphard,Lady Rebecca,Busted,Highclere,Northern Dancer,South Ocean,Secretariat,Crimson Saint,Sword Dancer,Kerala,Acropolis,Rififi,Storm Bird,Terlingua,Hawaii,T. C. Kitten,Hold Your Peace,Suspicious Native,Hagley,Short Winded,Seattle Slew,Too Bald,Vice Regent,Tinnitus,サンデーサイレンス,ダンシングキイ,グルームダンサー,ゲートドクール
202609010403,3,ダート,2000,良,未勝利,リオンディーズ,スマートオランプ,キングカメハメハ,シーザリオ,キングズベスト,タバサトウショウ,Kingmambo,マンファス,スペシャルウィーク,キロフプリミエール,Kingmambo,Allegretta,ダンシングブレーヴ,サマンサトウショウ,Mr. Prospector,Miesque,ラストタイクーン,Pilot Bird,サンデーサイレンス,キャンペンガール,Sadler's Wells,Querida,Mr. Prospector,Miesque,Lombard,Anatevka,Lyphard,Navajo Princess,トウショウボーイ,マーブルトウショウ,Raise a Native,Gold Digger,Nureyev,Pasadoble,トライマイベスト,Mill Princess,Blakeney,The Dancer,Halo,Wishing Well,マルゼンスキー,レディーシラオキ,Northern Dancer,Fairy Bridge,Habitat,Principia,Raise a Native,Gold Digger,Nureyev,Pasadoble,Agio,Promised Lady,Espresso,Almyra,Northern Dancer,Goofed,Drone,Olmec,テスコボーイ,ソシアルバターフライ,ダンディルート,チヤイナトウショウ
202609010403,4,ダート,2000,良,未勝利,シスキン,ミラグロッサ,First Defence,Bird Flown,フジキセキ,グレースランド,Unbridled's Song,Honest Lady,Oasis Dream,Silver Star,サンデーサイレンス,ミルレーサー,トニービン,ゴールデンサッシュ,Unbridled,Trolley Song,Seattle Slew,Toussaud,Green Desert,Hope,Zafonic,Monroe,Halo,Wishing Well,Le Fabuleux,Marston's Mill,カンパラ,Severn Bridge,ディクタス,ダイナサッシュ,Fappiano,Gana Facil,Caro,Lucky Spell,Bold Reasoning,My Charmer,El Gran Senor,Image of Reality,Danzig,Foreign Courier,ダンシングブレーヴ,Bahamian,Gone West,Zaizafon,Sir Ivor,Best in Show,Hail to Reason,Cosmah,Understanding,Mountain Flower,Wild Risk,Anguar,In Reality,Millicent,Kalamoun,State Pension,Hornbeam,Priddy Fair,Sanctus,Doronic,ノーザンテースト,ロイヤルサッシュ
202609010403,5,ダート,2000,良,未勝利,リアルスティール,エアベルヘザー,ディープインパクト,ラヴズオンリーミー,エンパイアメーカー,Macarena Macarena,サンデーサイレンス,ウインドインハーヘア,Storm Cat,Monevassia,Unbridled,Toussaud,Gone West,Angelic Song,Halo,Wishing Well,Alzao,Burghclere,Storm Bird,Terlingua,Mr. Prospector,Miesque,Fappiano,Gana Facil,El Gran Senor,Image of Reality,Mr. Prospector,Secrettame,Halo,Ballade,Hail to Reason,Cosmah,Understanding,Mountain Flower,Lyphard,Lady Rebecca,Busted,Highclere,Northern Dancer,South Ocean,Secretariat,Crimson Saint,Raise a Native,Gold Digger,Nureyev,Pasadoble,Mr. Prospector,Killaloe,Le Fabuleux,Charedi,Northern Dancer,Sex Appeal,In Reality,Edee's Image,Raise a Native,Gold Digger,Secretariat,Tamerett,Hail to Reason,Cosmah,Herbager,Miss Swapsco
202609010403,6,ダート,2000,良,未勝利,インディチャンプ,ヴィヴァシャスヴィヴィアン,ステイゴールド,ウィルパワー,Distorted Humor,Tuzla,サンデーサイレンス,ゴールデンサッシュ,キングカメハメハ,トキオリアリティー,フォーティナイナー,Danzig's Beauty,Panoramic,Turkeina,Halo,Wishing Well,ディクタス,ダイナサッシュ,Kingmambo,マンファス,Meadowlake,What a Reality,Mr. Prospector,File,Danzig,Sweetest Chant,Rainbow Quest,イメンス,Kautokeino,Turquoise Bleue,Hail to Reason,Cosmah,Understanding,Mountain Flower,Sanctus,Doronic,ノーザンテースト,ロイヤルサッシュ,Mr. Prospector,Miesque,ラストタイクーン,Pilot Bird,Hold Your Peace,Suspicious Native,In Reality,What Will Be,Raise a Native,Gold Digger,Tom Rolfe,Continue,Northern Dancer,Pas de Nom,Mr. Leader,Gay Sonnet,Blushing Groom,I Will Follow,Roberto,Imsodear,Relko,Cranberry,Blue Tom,Mia Pola
202609010403,7,ダート,2000,良,未勝利,レイデオロ,シャリオドール,キングカメハメハ,ラドラーダ,ヴィクトワールピサ,サプレザ,Kingmambo,マンファス,シンボリクリスエス,レディブロンド,ネオユニヴァース,ホワイトウォーターアフェア,Sahm,Sorpresa,Mr. Prospector,Miesque,ラストタイクーン,Pilot Bird,Kris S.,Tee Kay,Seeking the Gold,ウインドインハーヘア,サンデーサイレンス,ポインテッドパス,Machiavellian,Much Too Risky,Mr. Prospector,Salsabil,Pleasant Tap,Dubiously,Raise a Native,Gold Digger,Nureyev,Pasadoble,トライマイベスト,Mill Princess,Blakeney,The Dancer,Roberto,Sharp Queen,Gold Meridian,Tri Argo,Mr. Prospector,Con Game,Alzao,Burghclere,Halo,Wishing Well,Kris,Silken Way,Mr. Prospector,Coup de Folie,Bustino,Short Rations,Raise a Native,Gold Digger,Sadler's Wells,Flame of Tara,Pleasant Colony,Never Knock,Jolie Jo,Skeptic Lady
202609010403,8,ダート,2000,良,未勝利,キズナ,ニューアンドインプルーヴド,ディープインパクト,キャットクイル,Cairo Prince,High Style,サンデーサイレンス,ウインドインハーヘア,Storm Cat,Pacific Princess,Pioneerof the Nile,Holy Bubbette,Giant's Causeway,Tout Charmant,Halo,Wishing Well,Alzao,Burghclere,Storm Bird,Terlingua,Damascus,Fiji,エンパイアメーカー,Star of Goshen,Holy Bull,Juliac,Storm Cat,Mariah's Storm,Slewvescent,Charm a Gendarme,Hail to Reason,Cosmah,Understanding,Mountain Flower,Lyphard,Lady Rebecca,Busted,Highclere,Northern Dancer,South Ocean,Secretariat,Crimson Saint,Sword Dancer,Kerala,Acropolis,Rififi,Unbridled,Toussaud,Lord at War,Castle Eight,Great Above,Sharon Brown,Accipiter,Juliet,Storm Bird,Terlingua,Rahy,イメンス,Seattle Slew,Our Mims,Batonnier,Fagers Charm
202609010403,9,ダート,2000,良,未勝利,ミスチヴィアスアレックス,クロランサス,Into Mischief,White Pants Night,ディープインパクト,クリアンサス,Harlan's Holiday,Leslie's Lady,Speightstown,More d'Amour,サンデーサイレンス,ウインドインハーヘア,Redoute's Choice,フラワーパーク,Harlan,Christmas in Aiken,Tricky Creek,Crystal Lady,Gone West,Silken Cat,Tour d'Or,Love Connection,Halo,Wishing Well,Alzao,Burghclere,デインヒル,Shantha's Choice,ニホンピロウイナー,ノーザンフラワー,Storm Cat,Country Romance,Affirmed,Dowager,Clever Trick,Battle Creek Girl,Stop the Music,One Last Bird,Mr. Prospector,Secrettame,Storm Cat,Silken Doll,Medaille d'Or,Debby's Turn,Master Derby,Perfect Connection,Hail to Reason,Cosmah,Understanding,Mountain Flower,Lyphard,Lady Rebecca,Busted,Highclere,Danzig,Razyana,Canny Lad,Dancing Show,スティールハート,ニホンピロエバート,ノーザンテースト,ファイアフラワー
202609010403,10,ダート,2000,良,未勝利,モーニン,グッドプリン,ヘニーヒューズ,Giggly,ブラックタイド,イナズマローレル,ヘネシー,Meadow Flyer,Distorted Humor,Chaste,サンデーサイレンス,ウインドインハーヘア,ピルサドスキー,スエヒロジョウオー,Storm Cat,Island Kitty,Meadowlake,Shortley,フォーティナイナー,Danzig's Beauty,Cozzene,Purity,Halo,Wishing Well,Alzao,Burghclere,Polish Precedent,Cocotte,トウショウペガサス,イセスズカ,Storm Bird,Terlingua,Hawaii,T. C. Kitten,Hold Your Peace,Suspicious Native,Hagley,Short Winded,Mr. Prospector,File,Danzig,Sweetest Chant,Caro,Ride the Trails,Fappiano,Dame Mysterieuse,Hail to Reason,Cosmah,Understanding,Mountain Flower,Lyphard,Lady Rebecca,Busted,Highclere,Danzig,Past Example,Troy,Gay Milly,ダンディルート,ソシアルトウショウ,マルゼンスキー,サリュウエイシヨン
202609010403,11,ダート,2000,良,未勝利,ゴールドドリーム,ジェルヴェーズ,ゴールドアリュール,モンヴェール,メイショウサムソン,ジェルミナル,サンデーサイレンス,ニキーヤ,フレンチデピュティ,スペシャルジェイド,オペラハウス,マイヴィヴィアン,アグネスタキオン,オンブルリジェール,Halo,Wishing Well,Nureyev,Reluctant Guest,Deputy Minister,Mitterand,Cox's Ridge,Statistic,Sadler's Wells,Colorspin,ダンシングブレーヴ,ウイルプリンセス,サンデーサイレンス,アグネスフローラ,Double Bed,Flawlessly,Hail to Reason,Cosmah,Understanding,Mountain Flower,Northern Dancer,Special,Hostage,Vaguely Royal,Vice Regent,Mint Copy,Hold Your Peace,Laredo Lass,Best Turn,Our Martha,Mr. Prospector,Number,Northern Dancer,Fairy Bridge,High Top,Reprocolor,Lyphard,Navajo Princess,サンプリンス,エール,Halo,Wishing Well,ロイヤルスキー,アグネスレディー,Be My Guest,Claire's Slipper,Rainbow Quest,Pauvresse
202609010403,12,ダート,2000,良,未勝利,ウォータービルド,ウォータートスカ,ディープインパクト,ウォーターエナン,オペラハウス,ウォーターセレブ,サンデーサイレンス,ウインドインハーヘア,ボストンハーバー,Scrape,Sadler's Wells,Colorspin,サクラローレル,スウイーテストタブー,Halo,Wishing Well,Alzao,Burghclere,Capote,Harbor Springs,Mr. Prospector,File,Northern Dancer,Fairy Bridge,High Top,Reprocolor,Rainbow Quest,ローラローラ,Sharpman,Sweetly,Hail to Reason,Cosmah,Understanding,Mountain Flower,Lyphard,Lady Rebecca,Busted,Highclere,Seattle Slew,Too Bald,Vice Regent,Tinnitus,Raise a Native,Gold Digger,Tom Rolfe,Continue,Nearctic,Natalma,Bold Reason,Special,Derring-Do,Camenae,Jimmy Reppin,Blue Queen,Blushing Groom,I Will Follow,Saint Cyrien,Bold Lady,Sharpen Up,Miss Manon,Lyphard,Sweet and Lovely
202609010404,1,ダート,1800,良,1勝クラス,ルヴァンスレーヴ,セラドン,シンボリクリスエス,マエストラーレ,ゴールドヘイロー,シャルナ,Kris S.,Tee Kay,ネオユニヴァース,オータムブリーズ,サンデーサイレンス,ニアーザゴールド,Darshaan,Chalon,Roberto,Sharp Queen,Gold Meridian,Tri Argo,サンデーサイレンス,ポインテッドパス,ティンバーカントリー,セプテンバーソング,Halo,Wishing Well,Seeking the Gold,ニヤー,Shirley Heights,Delsy,Habitat,Areola,Hail to Reason,Bramalea,Princequillo,Bridgework,Seattle Slew,Queen Louie,Tri Jet,Hail Proudly,Halo,Wishing Well,Kris,Silken Way,Woodman,Fall Aspen,リアルシャダイ,ダイナフェアリー,Hail to Reason,Cosmah,Understanding,Mountain Flower,Mr. Prospector,Con Game,Northern Dancer,Far,Mill Reef,Hardiemma,Abdos,Kelty,Sir Gaylord,Little Hut,Kythnos,Alive Alivo
202609010404,2,ダート,1800,良,1勝クラス,パイロ,マリスレーン,Pulpit,Wild Vision,ストリートセンス,プリムローズレーン,A.P. Indy,Preach,Wild Again,Carol's Wonder,Street Cry,Bedazzle,サンデーサイレンス,オエノセラ,Seattle Slew,Weekend Surprise,Mr. Prospector,Narrate,Icecapade,Bushel-n-Peck,Pass the Tab,Carols Christmas,Machiavellian,Helen Street,Dixieland Band,Majestic Legend,Halo,Wishing Well,Night Shift,Fruition,Bold Reasoning,My Charmer,Secretariat,Lassie Dear,Raise a Native,Gold Digger,Honest Pleasure,State,Nearctic,Shenanigans,Khaled,Dama,Al Hattab,Dantina,Whitesburg,Light Verse,Mr. Prospector,Coup de Folie,Troy,Waterway,Northern Dancer,Mississippi Mud,His Majesty,Long Legend,Hail to Reason,Cosmah,Understanding,Mountain Flower,Northern Dancer,Ciboulette,ラインゴールド,Welsh Flame
202609010404,3,ダート,1800,良,1勝クラス,Into Mischief,Point of Honor,Harlan's Holiday,Leslie's Lady,Curlin,Zayanna,Harlan,Christmas in Aiken,Tricky Creek,Crystal Lady,Smart Strike,Sherriff's Deputy,Bernardini,Heavenly Cat,Storm Cat,Country Romance,Affirmed,Dowager,Clever Trick,Battle Creek Girl,Stop the Music,One Last Bird,Mr. Prospector,Classy 'n Smart,Deputy Minister,Barbarika,A.P. Indy,Cara Rafaela,タバスコキャット,In Excelcis Deo,Storm Bird,Terlingua,Halo,Sweet Romance,Exclusive Native,Won't Tell You,Honest Pleasure,Princessnesian,Icecapade,Kankakee Miss,His Majesty,Far Beyond,Hail to Reason,Bebopper,One for All,Last Bird,Raise a Native,Gold Digger,Smarten,No Class,Vice Regent,Mint Copy,Bates Motel,War Exchange,Seattle Slew,Weekend Surprise,Quiet American,Oil Fable,Storm Cat,Barbicue Sauce,フォーティナイナー,Sabin
202609010404,4,ダート,1800,良,1勝クラス,ミスターメロディ,ヤマカツオーキッド,Scat Daddy,Trusty Lady,ダンスインザダーク,ヤマカツスズラン,ヨハネスブルグ,Love Style,Deputy Minister,Klassy Kim,サンデーサイレンス,ダンシングキイ,ジェイドロバリー,フジノタカコマチ,ヘネシー,Myth,Mr. Prospector,Likeable Style,Vice Regent,Mint Copy,Silent Screen,クールアライヴァル,Halo,Wishing Well,Nijinsky,Key Partner,Mr. Prospector,Number,コリムスキー,コビナタヒメ,Storm Cat,Island Kitty,オジジアン,Yarn,Raise a Native,Gold Digger,Nijinsky,Personable Lady,Northern Dancer,Victoria Regina,Bunty's Flight,Shakney,Prince John,Prayer Bell,Relaunch,Irish Arrival,Hail to Reason,Cosmah,Understanding,Mountain Flower,Northern Dancer,Flaming Page,Key to the Mint,Native Partner,Raise a Native,Gold Digger,Nijinsky,Special,Northern Dancer,Libro D Oro,タマナー,タイムマンナ
202609010404,5,ダート,1800,良,1勝クラス,ルーラーシップ,ラテラス,キングカメハメハ,エアグルーヴ,Harlan's Holiday,Garden Party,Kingmambo,マンファス,トニービン,ダイナカール,Harlan,Christmas in Aiken,エーピージェット,Damerelle,Mr. Prospector,Miesque,ラストタイクーン,Pilot Bird,カンパラ,Severn Bridge,ノーザンテースト,シャダイフェザー,Storm Cat,Country Romance,Affirmed,Dowager,Fappiano,Taminette,King's Bishop,Cheddar Pink,Raise a Native,Gold Digger,Nureyev,Pasadoble,トライマイベスト,Mill Princess,Blakeney,The Dancer,Kalamoun,State Pension,Hornbeam,Priddy Fair,Northern Dancer,Lady Victoria,ガーサント,パロクサイド,Storm Bird,Terlingua,Halo,Sweet Romance,Exclusive Native,Won't Tell You,Honest Pleasure,Princessnesian,Mr. Prospector,Killaloe,In Reality,Tamerett,Round Table,Spearfish,Olden Times,Dianthus
202609010404,6,ダート,1800,良,1勝クラス,フォーウィールドライブ,コハルビヨリ,American Pharoah,Funfair,マンハッタンカフェ,フェミニンガール,Pioneerof the Nile,Littleprincessemma,More Than Ready,Fleuron,サンデーサイレンス,サトルチェンジ,Kingmambo,Money Madam,エンパイアメーカー,Star of Goshen,Yankee Gentleman,Exclusive Rosette,サザンヘイロー,Woodman's Girl,Distant View,Flamboyance,Halo,Wishing Well,Law Society,Santa Luciana,Mr. Prospector,Miesque,A.P. Indy,Mesabi,Unbridled,Toussaud,Lord at War,Castle Eight,Storm Cat,Key Phrase,Ecliptical,Zetta Jet,Halo,Northern Sea,Woodman,Becky Be Good,Mr. Prospector,Seven Springs,Zilzal,Bridal Wreath,Hail to Reason,Cosmah,Understanding,Mountain Flower,Alleged,Bold Bikini,Luciano,Suleika,Raise a Native,Gold Digger,Nureyev,Pasadoble,Seattle Slew,Weekend Surprise,Minnesota Mac,Ride the Trails
202609010404,7,ダート,1800,良,1勝クラス,ナダル,アメリカンドミンゴ,Blame,Ascending Angel,Scat Daddy,Queen of The Night,Arch,Liable,Pulpit,Solar Colony,ヨハネスブルグ,Love Style,Sadler's Wells,Gift of the Night,Kris S.,Aurora,Seeking the Gold,Bound,A.P. Indy,Preach,Pleasant Colony,Meteor Stage,ヘネシー,Myth,Mr. Prospector,Likeable Style,Northern Dancer,Fairy Bridge,Slewpy,Little Nana,Roberto,Sharp Queen,Danzig,Althea,Mr. Prospector,Con Game,Nijinsky,Special,Seattle Slew,Weekend Surprise,Mr. Prospector,Narrate,His Majesty,Sun Colony,Stage Door Johnny,Northern Meteor,Storm Cat,Island Kitty,オジジアン,Yarn,Raise a Native,Gold Digger,Nijinsky,Personable Lady,Nearctic,Natalma,Bold Reason,Special,Seattle Slew,Rare Bouquet,Lithiot,Nenana Road
202609010404,8,ダート,1800,良,1勝クラス,サトノアラジン,ダノンエレガント,ディープインパクト,マジックストーム,ブライアンズタイム,ドリームカムカム,サンデーサイレンス,ウインドインハーヘア,Storm Cat,Foppy Dancer,Roberto,Kelley's Day,メジロライアン,ドリーミングガール,Halo,Wishing Well,Alzao,Burghclere,Storm Bird,Terlingua,Fappiano,Water Dance,Hail to Reason,Bramalea,Graustark,Golden Trail,アンバーシャダイ,メジロチェイサー,Lomond,デユネット,Hail to Reason,Cosmah,Understanding,Mountain Flower,Lyphard,Lady Rebecca,Busted,Highclere,Northern Dancer,South Ocean,Secretariat,Crimson Saint,Mr. Prospector,Killaloe,Nijinsky,Luiana,Turn-to,Nothirdchance,Nashua,Rarelea,Ribot,Flower Bowl,Hasty Road,Sunny Vale,ノーザンテースト,クリアアンバー,メジロサンマン,シエリル,Northern Dancer,My Charmer,ハードツービート,Pram
202609010405,1,芝,2000,良,未勝利,オルフェーヴル,シュガーショック,ステイゴールド,オリエンタルアート,Candy Ride,Enthusiastically,サンデーサイレンス,ゴールデンサッシュ,メジロマックイーン,エレクトロアート,Ride the Rails,Candy Girl,Distorted Humor,Unbridled Hope,Halo,Wishing Well,ディクタス,ダイナサッシュ,メジロティターン,メジロオーロラ,ノーザンテースト,グランマスティーヴンス,Cryptoclearance,Herbalesian,Candy Stripes,City Girl,フォーティナイナー,Danzig's Beauty,Unbridled,D'Youville Nurse,Hail to Reason,Cosmah,Understanding,Mountain Flower,Sanctus,Doronic,ノーザンテースト,ロイヤルサッシュ,メジロアサマ,シエリル,リマンド,メジロアイリス,Northern Dancer,Lady Victoria,Lt. Stevens,Dhow,Fappiano,Naval Orange,Herbager,Alanesian,Blushing Groom,バブルカンパニー,Farnesio,Cithara,Mr. Prospector,File,Danzig,Sweetest Chant,Fappiano,Gana Facil,Dr. Blum,Field Point Road
202609010405,2,芝,2000,良,未勝利,キタサンブラック,インフレキシビリティ,ブラックタイド,シュガーハート,Scat Daddy,Halo's Verse,サンデーサイレンス,ウインドインハーヘア,サクラバクシンオー,オトメゴコロ,ヨハネスブルグ,Love Style,Unbridled's Song,Ballado's Halo,Halo,Wishing Well,Alzao,Burghclere,サクラユタカオー,サクラハゴロモ,ジャッジアンジェルーチ,テイズリー,ヘネシー,Myth,Mr. Prospector,Likeable Style,Unbridled,Trolley Song,Saint Ballado,Goulash,Hail to Reason,Cosmah,Understanding,Mountain Flower,Lyphard,Lady Rebecca,Busted,Highclere,テスコボーイ,アンジェリカ,ノーザンテースト,クリアアンバー,Honest Pleasure,Victorian Queen,Lyphard,Tizna,Storm Cat,Island Kitty,オジジアン,Yarn,Raise a Native,Gold Digger,Nijinsky,Personable Lady,Fappiano,Gana Facil,Caro,Lucky Spell,Halo,Ballade,Mari's Book,Wise Bride
202609010405,3,芝,2000,良,未勝利,エピファネイア,ノーブルスコア,シンボリクリスエス,シーザリオ,ディープインパクト,ファイナルスコア,Kris S.,Tee Kay,スペシャルウィーク,キロフプリミエール,サンデーサイレンス,ウインドインハーヘア,Dylan Thomas,Holy Moon,Roberto,Sharp Queen,Gold Meridian,Tri Argo,サンデーサイレンス,キャンペンガール,Sadler's Wells,Querida,Halo,Wishing Well,Alzao,Burghclere,デインヒル,Lagrion,エルナンド,Centinela,Hail to Reason,Bramalea,Princequillo,Bridgework,Seattle Slew,Queen Louie,Tri Jet,Hail Proudly,Halo,Wishing Well,マルゼンスキー,レディーシラオキ,Northern Dancer,Fairy Bridge,Habitat,Principia,Hail to Reason,Cosmah,Understanding,Mountain Flower,Lyphard,Lady Rebecca,Busted,Highclere,Danzig,Razyana,Diesis,Wrap It Up,Niniski,Whakilyric,Caerleon,New Generation
202609010405,4,芝,2000,良,未勝利,オルフェーヴル,レオパルディナ,ステイゴールド,オリエンタルアート,スニッツェル,ビオンドパンテーラ,サンデーサイレンス,ゴールデンサッシュ,メジロマックイーン,エレクトロアート,Redoute's Choice,Snippets' Lass,Seeking the Gold,ラプーマ,Halo,Wishing Well,ディクタス,ダイナサッシュ,メジロティターン,メジロオーロラ,ノーザンテースト,グランマスティーヴンス,デインヒル,Shantha's Choice,Snippets,Snow Finch,Mr. Prospector,Con Game,Lord at War,Raise a Holme,Hail to Reason,Cosmah,Understanding,Mountain Flower,Sanctus,Doronic,ノーザンテースト,ロイヤルサッシュ,メジロアサマ,シエリル,リマンド,メジロアイリス,Northern Dancer,Lady Victoria,Lt. Stevens,Dhow,Danzig,Razyana,Canny Lad,Dancing Show,Lunchtime,Easy Date,Storm Bird,A Realgirl,Raise a Native,Gold Digger,Buckpasser,Broadway,General,Luna de Miel,Marshua's Dancer,Nolene
202609010405,5,芝,2000,良,未勝利,リアルスティール,エイシンスイーツ,ディープインパクト,ラヴズオンリーミー,シンボリクリスエス,バーモントガール,サンデーサイレンス,ウインドインハーヘア,Storm Cat,Monevassia,Kris S.,Tee Kay,ミシエロ,Raging Apalachee,Halo,Wishing Well,Alzao,Burghclere,Storm Bird,Terlingua,Mr. Prospector,Miesque,Roberto,Sharp Queen,Gold Meridian,Tri Argo,Conquistador Cielo,My Inheritance,Apalachee,Fagers Charisma,Hail to Reason,Cosmah,Understanding,Mountain Flower,Lyphard,Lady Rebecca,Busted,Highclere,Northern Dancer,South Ocean,Secretariat,Crimson Saint,Raise a Native,Gold Digger,Nureyev,Pasadoble,Hail to Reason,Bramalea,Princequillo,Bridgework,Seattle Slew,Queen Louie,Tri Jet,Hail Proudly,Mr. Prospector,K D Princess,Thatch,Edies Double,Round Table,Moccasin,Dr. Fager,Charisma Magic
202609010405,6,芝,2000,良,未勝利,エポカドーロ,キャンディキー,オルフェーヴル,ダイワパッション,スクリーンヒーロー,ウエルシュクイーン,ステイゴールド,オリエンタルアート,フォーティナイナー,サンルージュ,グラスワンダー,ランニングヒロイン,Caerleon,Stellar Empress,サンデーサイレンス,ゴールデンサッシュ,メジロマックイーン,エレクトロアート,Mr. Prospector,File,シェイディハイツ,チカノヴァ,Silver Hawk,Ameriflora,サンデーサイレンス,ダイナアクトレス,Nijinsky,Foreseer,Star de Naskra,Rutledge Place,Halo,Wishing Well,ディクタス,ダイナサッシュ,メジロティターン,メジロオーロラ,ノーザンテースト,グランマスティーヴンス,Raise a Native,Gold Digger,Tom Rolfe,Continue,Shirley Heights,Vaguely,Northern Dancer,Cairn Rouge,Roberto,Gris Vitesse,Danzig,Graceful Touch,Halo,Wishing Well,ノーザンテースト,モデルスポート,Northern Dancer,Flaming Page,Round Table,Regal Gleam,Naskra,Candle Star,Caro,Bold Place
202609010405,7,芝,2000,良,未勝利,サトノダイヤモンド,トゥールドマジ,ディープインパクト,マルペンサ,スクリーンヒーロー,マイネソルシエール,サンデーサイレンス,ウインドインハーヘア,Orpen,Marsella,グラスワンダー,ランニングヒロイン,ロージズインメイ,マイネソーサリス,Halo,Wishing Well,Alzao,Burghclere,Lure,Bonita Francita,サザンヘイロー,Riviere,Silver Hawk,Ameriflora,サンデーサイレンス,ダイナアクトレス,Devil His Due,Tell a Secret,ブライアンズタイム,マイネマジック,Hail to Reason,Cosmah,Understanding,Mountain Flower,Lyphard,Lady Rebecca,Busted,Highclere,Danzig,Endear,Devil's Bag,Raise the Standard,Halo,Northern Sea,Logical,Talonada,Roberto,Gris Vitesse,Danzig,Graceful Touch,Halo,Wishing Well,ノーザンテースト,モデルスポート,Devil's Bag,Plenty O'Toole,Speak John,Secret Retreat,Roberto,Kelley's Day,ギャロップダイナ,レッドフラッシュ
202609010405,8,芝,2000,良,未勝利,サートゥルナーリア,ヤマカツマリリン,ロードカナロア,シーザリオ,グラスワンダー,イクセプトフォーワンダ,キングカメハメハ,レディブラッサム,スペシャルウィーク,キロフプリミエール,Silver Hawk,Ameriflora,Tejabo,Unique Gal,Kingmambo,マンファス,Storm Cat,サラトガデュー,サンデーサイレンス,キャンペンガール,Sadler's Wells,Querida,Roberto,Gris Vitesse,Danzig,Graceful Touch,Deputy Minister,Cutty,Bold Ruckus,Spin to Win,Mr. Prospector,Miesque,ラストタイクーン,Pilot Bird,Storm Bird,Terlingua,Cormorant,Super Luna,Halo,Wishing Well,マルゼンスキー,レディーシラオキ,Northern Dancer,Fairy Bridge,Habitat,Principia,Hail to Reason,Bramalea,Amerigo,Matchiche,Northern Dancer,Pas de Nom,His Majesty,Pi Phi Gal,Vice Regent,Mint Copy,Smart,Real Sincere,Boldnesian,Raise a Ruckus,Right Combination,Vice and Virtue
202609010405,9,芝,2000,良,未勝利,フィエールマン,ヒロシゲカナユリ,ディープインパクト,リュヌドール,ロードカナロア,テンシンランマン,サンデーサイレンス,ウインドインハーヘア,Green Tune,Luth d'Or,キングカメハメハ,レディブラッサム,ハーツクライ,ハナランマン,Halo,Wishing Well,Alzao,Burghclere,Green Dancer,Soundings,Noir Et Or,Viole d'Amour,Kingmambo,マンファス,Storm Cat,サラトガデュー,サンデーサイレンス,アイリッシュダンス,サクラユタカオー,ファイトボロン,Hail to Reason,Cosmah,Understanding,Mountain Flower,Lyphard,Lady Rebecca,Busted,Highclere,Nijinsky,Green Valley,Mr. Prospector,Ocean's Answer,ラインゴールド,Pomme Rose,Luthier,Mandolinette,Mr. Prospector,Miesque,ラストタイクーン,Pilot Bird,Storm Bird,Terlingua,Cormorant,Super Luna,Halo,Wishing Well,トニービン,ビューパーダンス,テスコボーイ,アンジェリカ,ミルジョージ,スプリーム
202609010405,10,芝,2000,良,未勝利,コントレイル,ヴェントス,ディープインパクト,ロードクロサイト,ウォーエンブレム,ブラッシングブライド,サンデーサイレンス,ウインドインハーヘア,Unbridled's Song,Folklore,Our Emblem,Sweetest Lady,Distant Relative,Dime Bag,Halo,Wishing Well,Alzao,Burghclere,Unbridled,Trolley Song,Tiznow,Contrive,Mr. Prospector,Personal Ensign,Lord at War,Sweetest Roman,Habitat,Royal Sister,High Line,Blue Guitar,Hail to Reason,Cosmah,Understanding,Mountain Flower,Lyphard,Lady Rebecca,Busted,Highclere,Fappiano,Gana Facil,Caro,Lucky Spell,Cee's Tizzy,Cee's Song,Storm Cat,Jeano,Raise a Native,Gold Digger,Private Account,Grecian Banner,General,Luna de Miel,The Pruner,I Also,Sir Gaylord,Little Hut,Claude,Ribasha,ハイハット,Time Call,Cure the Blues,Mettle
202609010405,11,芝,2000,良,未勝利,コントレイル,ミスホロスコープ,ディープインパクト,ロードクロサイト,Astrology,Chimichurri,サンデーサイレンス,ウインドインハーヘア,Unbridled's Song,Folklore,A.P. Indy,Quiet Eclipse,Elusive Quality,Hard Knocker,Halo,Wishing Well,Alzao,Burghclere,Unbridled,Trolley Song,Tiznow,Contrive,Seattle Slew,Weekend Surprise,Quiet American,June Gift,Gone West,Touch of Greatness,Raja Baba,Homespun,Hail to Reason,Cosmah,Understanding,Mountain Flower,Lyphard,Lady Rebecca,Busted,Highclere,Fappiano,Gana Facil,Caro,Lucky Spell,Cee's Tizzy,Cee's Song,Storm Cat,Jeano,Bold Reasoning,My Charmer,Secretariat,Lassie Dear,Fappiano,Demure,Hold Your Peace,Lady Ridanilustros,Mr. Prospector,Secrettame,Hero's Honor,Ivory Wand,Bold Ruler,Missy Baba,Round Table,Gal I Love
202609010405,12,芝,2000,良,未勝利,コントレイル,ショウナンバーキン,ディープインパクト,ロードクロサイト,フジキセキ,ショウナンマライア,サンデーサイレンス,ウインドインハーヘア,Unbridled's Song,Folklore,サンデーサイレンス,ミルレーサー,クロフネ,ショウナンアイドル,Halo,Wishing Well,Alzao,Burghclere,Unbridled,Trolley Song,Tiznow,Contrive,Halo,Wishing Well,Le Fabuleux,Marston's Mill,フレンチデピュティ,ブルーアヴェニュー,ジェイドロバリー,オープニングナイト,Hail to Reason,Cosmah,Understanding,Mountain Flower,Lyphard,Lady Rebecca,Busted,Highclere,Fappiano,Gana Facil,Caro,Lucky Spell,Cee's Tizzy,Cee's Song,Storm Cat,Jeano,Hail to Reason,Cosmah,Understanding,Mountain Flower,Wild Risk,Anguar,In Reality,Millicent,Deputy Minister,Mitterand,Classic Go Go,Eliza Blue,Mr. Prospector,Number,リアルシャダイ,シャダイコスモス
202609010405,13,芝,2000,良,未勝利,ダノンプレミアム,スズカマンサク,ディープインパクト,インディアナギャル,ロードカナロア,スズカローズマリー,サンデーサイレンス,ウインドインハーヘア,Intikhab,Genial Jenny,キングカメハメハ,レディブラッサム,アフリート,ローズオブスズカ,Halo,Wishing Well,Alzao,Burghclere,Red Ransom,Crafty Example,デインヒル,Joma Kaanem,Kingmambo,マンファス,Storm Cat,サラトガデュー,Mr. Prospector,Polite Lady,Fairy King,Rose of Jericho,Hail to Reason,Cosmah,Understanding,Mountain Flower,Lyphard,Lady Rebecca,Busted,Highclere,Roberto,アラビア,Crafty Prospector,Zienelle,Danzig,Razyana,Double Form,Ash Lawn,Mr. Prospector,Miesque,ラストタイクーン,Pilot Bird,Storm Bird,Terlingua,Cormorant,Super Luna,Raise a Native,Gold Digger,Venetian Jester,Friendly Ways,Northern Dancer,Fairy Bridge,Alleged,Rose Red
202609010406,1,芝,2000,良,1勝クラス,コントレイル,キラモサ,ディープインパクト,ロードクロサイト,Alamosa,Freyja,サンデーサイレンス,ウインドインハーヘア,Unbridled's Song,Folklore,O'Reilly,Lodore Mystic,Danske,Olga's Pal,Halo,Wishing Well,Alzao,Burghclere,Unbridled,Trolley Song,Tiznow,Contrive,ラストタイクーン,Courtza,Centaine,Logical Miss,デインヒル,Our Tristalight,Straight Strike,Tinawin,Hail to Reason,Cosmah,Understanding,Mountain Flower,Lyphard,Lady Rebecca,Busted,Highclere,Fappiano,Gana Facil,Caro,Lucky Spell,Cee's Tizzy,Cee's Song,Storm Cat,Jeano,トライマイベスト,Mill Princess,Pompeii Court,Hunza,Century,Rainbeam,Sound Reason,Ciquita,Danzig,Razyana,Sir Tristram,Tudor Light,Mr. Prospector,Bend Not,Resurgent,Honeybunch
202609010406,2,芝,2000,良,1勝クラス,レイデオロ,ハナソメイ,キングカメハメハ,ラドラーダ,タートルボウル,エポキシ,Kingmambo,マンファス,シンボリクリスエス,レディブロンド,Dyhim Diamond,Clara Bow,ディープインパクト,シーズアン,Mr. Prospector,Miesque,ラストタイクーン,Pilot Bird,Kris S.,Tee Kay,Seeking the Gold,ウインドインハーヘア,Night Shift,Happy Landing,Top Ville,Kamiya,サンデーサイレンス,ウインドインハーヘア,Zieten,Sunset Cafe,Raise a Native,Gold Digger,Nureyev,Pasadoble,トライマイベスト,Mill Princess,Blakeney,The Dancer,Roberto,Sharp Queen,Gold Meridian,Tri Argo,Mr. Prospector,Con Game,Alzao,Burghclere,Northern Dancer,Ciboulette,Homing,Laughing Goddess,High Top,Sega Ville,Kalamoun,Shahinaaz,Halo,Wishing Well,Alzao,Burghclere,Danzig,Blue Note,Red Sunset,Cafe Au Lait
202609010406,3,芝,2000,良,1勝クラス,コントレイル,サンライズシェル,ディープインパクト,ロードクロサイト,キンシャサノキセキ,シェルズレイ,サンデーサイレンス,ウインドインハーヘア,Unbridled's Song,Folklore,フジキセキ,ケルトシャーン,クロフネ,オイスターチケット,Halo,Wishing Well,Alzao,Burghclere,Unbridled,Trolley Song,Tiznow,Contrive,サンデーサイレンス,ミルレーサー,Pleasant Colony,Featherhill,フレンチデピュティ,ブルーアヴェニュー,ウイニングチケット,ナムラピアリス,Hail to Reason,Cosmah,Understanding,Mountain Flower,Lyphard,Lady Rebecca,Busted,Highclere,Fappiano,Gana Facil,Caro,Lucky Spell,Cee's Tizzy,Cee's Song,Storm Cat,Jeano,Halo,Wishing Well,Le Fabuleux,Marston's Mill,His Majesty,Sun Colony,Lyphard,Lady Berry,Deputy Minister,Mitterand,Classic Go Go,Eliza Blue,トニービン,パワフルレディ,トウショウボーイ,ヤマニサクラ
202609010406,4,芝,2000,良,1勝クラス,ブリックスアンドモルタル,アディクション,Giant's Causeway,Beyond the Waves,ハーツクライ,アディクティド,Storm Cat,Mariah's Storm,Ocean Crest,Excedent,サンデーサイレンス,アイリッシュダンス,ディクタット,Astica,Storm Bird,Terlingua,Rahy,イメンス,Storm Bird,S.S.Aroma,Exceller,Broadway Lullaby,Halo,Wishing Well,トニービン,ビューパーダンス,ウォーニング,アルヴォラ,Surumu,Auenliebe,Northern Dancer,South Ocean,Secretariat,Crimson Saint,Blushing Groom,Glorious Song,Roberto,Imsodear,Northern Dancer,South Ocean,Seattle Slew,Rare Bouquet,Vaguely Noble,Too Bald,Stage Door Johnny,リットルブレツシング,Hail to Reason,Cosmah,Understanding,Mountain Flower,カンパラ,Severn Bridge,Lyphard,My Bupers,Known Fact,Slightly Dangerous,Sadler's Wells,Park Appeal,Literat,Surama,Pentathlon,Allergie
202609010406,5,芝,2000,良,1勝クラス,アルアイン,ティノ,ディープインパクト,ドバイマジェスティ,キンシャサノキセキ,ライプオレンジ,サンデーサイレンス,ウインドインハーヘア,Essence of Dubai,Great Majesty,フジキセキ,ケルトシャーン,ヘクタープロテクター,ダイナオレンジ,Halo,Wishing Well,Alzao,Burghclere,Pulpit,Epitome,Great Above,Mistic Majesty,サンデーサイレンス,ミルレーサー,Pleasant Colony,Featherhill,Woodman,Korveya,ノーザンテースト,サワーオレンジ,Hail to Reason,Cosmah,Understanding,Mountain Flower,Lyphard,Lady Rebecca,Busted,Highclere,A.P. Indy,Preach,Summing,Honest and True,Minnesota Mac,Ta Wee,His Majesty,Necaras Miss,Halo,Wishing Well,Le Fabuleux,Marston's Mill,His Majesty,Sun Colony,Lyphard,Lady Berry,Mr. Prospector,プレイメイト,Riverman,Konafa,Northern Dancer,Lady Victoria,Delta Judge,Lady Attica
202609010406,6,芝,2000,良,1勝クラス,フォーウィールドライブ,ムスタパルタ,American Pharoah,Funfair,Tapit,ワンダーレディアンエル,Pioneerof the Nile,Littleprincessemma,More Than Ready,Fleuron,Pulpit,Tap Your Heels,Real Quiet,アンチョ,エンパイアメーカー,Star of Goshen,Yankee Gentleman,Exclusive Rosette,サザンヘイロー,Woodman's Girl,Distant View,Flamboyance,A.P. Indy,Preach,Unbridled,Ruby Slippers,Quiet American,Really Blue,Wild Zone,Ruth Ann d'Or,Unbridled,Toussaud,Lord at War,Castle Eight,Storm Cat,Key Phrase,Ecliptical,Zetta Jet,Halo,Northern Sea,Woodman,Becky Be Good,Mr. Prospector,Seven Springs,Zilzal,Bridal Wreath,Seattle Slew,Weekend Surprise,Mr. Prospector,Narrate,Fappiano,Gana Facil,Nijinsky,Moon Glitter,Fappiano,Demure,Believe It,Meadow Blue,Wild Again,Music Zone,Tour d'Or,Loudmouth Time
202609010406,7,芝,2000,良,1勝クラス,モーニン,メイクアノイズ,ヘニーヒューズ,Giggly,シンボリクリスエス,レッドメイヴ,ヘネシー,Meadow Flyer,Distorted Humor,Chaste,Kris S.,Tee Kay,ディープインパクト,シンディ,Storm Cat,Island Kitty,Meadowlake,Shortley,フォーティナイナー,Danzig's Beauty,Cozzene,Purity,Roberto,Sharp Queen,Gold Meridian,Tri Argo,サンデーサイレンス,ウインドインハーヘア,A.P. Indy,Dance Design,Storm Bird,Terlingua,Hawaii,T. C. Kitten,Hold Your Peace,Suspicious Native,Hagley,Short Winded,Mr. Prospector,File,Danzig,Sweetest Chant,Caro,Ride the Trails,Fappiano,Dame Mysterieuse,Hail to Reason,Bramalea,Princequillo,Bridgework,Seattle Slew,Queen Louie,Tri Jet,Hail Proudly,Halo,Wishing Well,Alzao,Burghclere,Seattle Slew,Weekend Surprise,Sadler's Wells,Elegance in Design
202609010406,8,芝,2000,良,1勝クラス,ヴァンセンヌ,ヤマサラグランジュ,ディープインパクト,フラワーパーク,サクラバクシンオー,キョウエイアン,サンデーサイレンス,ウインドインハーヘア,ニホンピロウイナー,ノーザンフラワー,サクラユタカオー,サクラハゴロモ,フォーティナイナー,インターソリスト,Halo,Wishing Well,Alzao,Burghclere,スティールハート,ニホンピロエバート,ノーザンテースト,ファイアフラワー,テスコボーイ,アンジェリカ,ノーザンテースト,クリアアンバー,Mr. Prospector,File,クリスタルパレス,インターグロリア,Hail to Reason,Cosmah,Understanding,Mountain Flower,Lyphard,Lady Rebecca,Busted,Highclere,Habitat,A.,チャイナロック,ライトフレーム,Northern Dancer,Lady Victoria,Dike,Pascha,Princely Gift,Suncourt,ネヴァービート,スターハイネス,Northern Dancer,Lady Victoria,Ambiopoise,One Clear Call,Raise a Native,Gold Digger,Tom Rolfe,Continue,Caro,Hermieres,ネヴァービート,ヒダカチェリー
202609010407,1,ダート,1200,良,1勝クラス,バンブーエール,フラミンゴ,アフリート,レインボーウッド,マルカシェンク,エーシンアクセント,Mr. Prospector,Polite Lady,Rainbow Quest,Priceless Fame,サンデーサイレンス,シェンク,Cozzene,Above the Salt,Raise a Native,Gold Digger,Venetian Jester,Friendly Ways,Blushing Groom,I Will Follow,Irish Castle,Comely Nell,Halo,Wishing Well,Zafonic,Buckwig,Caro,Ride the Trails,Master Derby,Salt In My Stew,Native Dancer,Raise You,Nashua,Sequence,Tom Fool,Venice,Green Ticket,Ways to Learn,Red God,Runaway Bride,Herbager,Where You Lead,Bold Ruler,Castle Forbes,Commodore M.,Nellie L.,Hail to Reason,Cosmah,Understanding,Mountain Flower,Gone West,Zaizafon,Buckfinder,Dickie Ludwig,フォルティノ,Chambord,Prince John,Wildwook,ダストコマンダー,Madam Jerry,Dr. Blum,Cream in My Coffee
202609010407,2,ダート,1200,良,1勝クラス,ドゥラメンテ,デプロマトウショウ,キングカメハメハ,アドマイヤグルーヴ,ファスリエフ,マザートウショウ,Kingmambo,マンファス,サンデーサイレンス,エアグルーヴ,Nureyev,Mr. P's Princess,スティールハート,エイティトウショウ,Mr. Prospector,Miesque,ラストタイクーン,Pilot Bird,Halo,Wishing Well,トニービン,ダイナカール,Northern Dancer,Special,Mr. Prospector,Anne Campbell,Habitat,A.,ダンディルート,ソシアルトウショウ,Raise a Native,Gold Digger,Nureyev,Pasadoble,トライマイベスト,Mill Princess,Blakeney,The Dancer,Hail to Reason,Cosmah,Understanding,Mountain Flower,カンパラ,Severn Bridge,ノーザンテースト,シャダイフェザー,Nearctic,Natalma,Forli,Thong,Raise a Native,Gold Digger,Never Bend,Repercussion,Sir Gaylord,Little Hut,Abernant,Asti Spumante,Luthier,Dentrelic,ヴェンチア,ソシアルバターフライ
202609010407,3,ダート,1200,良,1勝クラス,ルヴァンスレーヴ,ヴォカツィオーネ,シンボリクリスエス,マエストラーレ,カジノドライヴ,アントワープ,Kris S.,Tee Kay,ネオユニヴァース,オータムブリーズ,Mineshaft,Better Than Honour,キングカメハメハ,フランダース,Roberto,Sharp Queen,Gold Meridian,Tri Argo,サンデーサイレンス,ポインテッドパス,ティンバーカントリー,セプテンバーソング,A.P. Indy,Prospector's Delite,Deputy Minister,Blush With Pride,Kingmambo,マンファス,サンデーサイレンス,グレートクリスティーヌ,Hail to Reason,Bramalea,Princequillo,Bridgework,Seattle Slew,Queen Louie,Tri Jet,Hail Proudly,Halo,Wishing Well,Kris,Silken Way,Woodman,Fall Aspen,リアルシャダイ,ダイナフェアリー,Seattle Slew,Weekend Surprise,Mr. Prospector,Up the Flagpole,Vice Regent,Mint Copy,Blushing Groom,Best in Show,Mr. Prospector,Miesque,ラストタイクーン,Pilot Bird,Halo,Wishing Well,Danzig,Great Lady M.
202609010407,4,ダート,1200,良,1勝クラス,ディーマジェスティ,メイクデュース,ディープインパクト,エルメスティアラ,トウカイテイオー,セカンドサービス,サンデーサイレンス,ウインドインハーヘア,ブライアンズタイム,シンコウエルメス,シンボリルドルフ,トウカイナチュラル,リズム,ファーストサービス,Halo,Wishing Well,Alzao,Burghclere,Roberto,Kelley's Day,Sadler's Wells,Doff the Derby,パーソロン,スイートルナ,ナイスダンサー,トウカイミドリ,Mr. Prospector,Dance Number,Blushing Groom,Tournament Star,Hail to Reason,Cosmah,Understanding,Mountain Flower,Lyphard,Lady Rebecca,Busted,Highclere,Hail to Reason,Bramalea,Graustark,Golden Trail,Northern Dancer,Fairy Bridge,Master Derby,Margarethen,Milesian,Paleo,スピードシンボリ,ダンスタイム,Northern Dancer,Nice Princess,ファバージ,トウカイクイン,Raise a Native,Gold Digger,Northern Dancer,Numbered Account,Red God,Runaway Bride,Nijinsky,Chris Evert
202609010407,5,ダート,1200,良,1勝クラス,ロードカナロア,ピースアンドウォー,キングカメハメハ,レディブラッサム,War Front,More Oats Please,Kingmambo,マンファス,Storm Cat,サラトガデュー,Danzig,Starry Dreamer,Smart Strike,Miss Yiayia,Mr. Prospector,Miesque,ラストタイクーン,Pilot Bird,Storm Bird,Terlingua,Cormorant,Super Luna,Northern Dancer,Pas de Nom,Rubiano,Lara's Star,Mr. Prospector,Classy 'n Smart,Gilded Time,Miss Baja,Raise a Native,Gold Digger,Nureyev,Pasadoble,トライマイベスト,Mill Princess,Blakeney,The Dancer,Northern Dancer,South Ocean,Secretariat,Crimson Saint,His Majesty,Song Sparrow,In Reality,Alada,Nearctic,Natalma,Admiral's Voyage,Petitioner,Fappiano,Ruby Slippers,Forli,True Reality,Raise a Native,Gold Digger,Smarten,No Class,Timeless Moment,Gilded Lilly,Mr. Leader,Double Tollgate
202609010407,6,ダート,1200,良,1勝クラス,キンシャサノキセキ,ケイアイエーデル,フジキセキ,ケルトシャーン,トワイニング,ケイアイワールド,サンデーサイレンス,ミルレーサー,Pleasant Colony,Featherhill,フォーティナイナー,Courtly Dee,ロドリゴデトリアーノ,サラトガワールド,Halo,Wishing Well,Le Fabuleux,Marston's Mill,His Majesty,Sun Colony,Lyphard,Lady Berry,Mr. Prospector,File,Never Bend,Tulle,El Gran Senor,Hot Princess,Saratoga Six,Go March,Hail to Reason,Cosmah,Understanding,Mountain Flower,Wild Risk,Anguar,In Reality,Millicent,Ribot,Flower Bowl,Sunrise Flight,Colonia,Northern Dancer,Goofed,Violon d'Ingres,Moss Rose,Raise a Native,Gold Digger,Tom Rolfe,Continue,Nasrullah,Lalun,War Admiral,Judy-Rae,Northern Dancer,Sex Appeal,ホットスパーク,Aspara,Alydar,Priceless Fame,ゴーマーチング,Mark-Ye-Maid
202609010407,7,ダート,1200,良,1勝クラス,ブリックスアンドモルタル,ライジングリーズン,Giant's Causeway,Beyond the Waves,ブラックタイド,ジョウノファミリー,Storm Cat,Mariah's Storm,Ocean Crest,Excedent,サンデーサイレンス,ウインドインハーヘア,キングカメハメハ,エビスファミリー,Storm Bird,Terlingua,Rahy,イメンス,Storm Bird,S.S.Aroma,Exceller,Broadway Lullaby,Halo,Wishing Well,Alzao,Burghclere,Kingmambo,マンファス,ブライアンズタイム,エビスベローチエ,Northern Dancer,South Ocean,Secretariat,Crimson Saint,Blushing Groom,Glorious Song,Roberto,Imsodear,Northern Dancer,South Ocean,Seattle Slew,Rare Bouquet,Vaguely Noble,Too Bald,Stage Door Johnny,リットルブレツシング,Hail to Reason,Cosmah,Understanding,Mountain Flower,Lyphard,Lady Rebecca,Busted,Highclere,Mr. Prospector,Miesque,ラストタイクーン,Pilot Bird,Roberto,Kelley's Day,ヴェンチア,ヤマユリ
202609010407,8,ダート,1200,良,1勝クラス,レッドファルクス,シングルカスク,スウェプトオーヴァーボード,ベルモット,タニノギムレット,スペシャライズ,エンドスウィープ,Sheer Ice,サンデーサイレンス,レガシーオブストレングス,ブライアンズタイム,タニノクリスタル,スペシャルウィーク,スペシャルアラート,フォーティナイナー,Broom Dance,Cutlass,Hey Dolly A.,Halo,Wishing Well,Affirmed,Katonka,Roberto,Kelley's Day,クリスタルパレス,タニノシーバード,サンデーサイレンス,キャンペンガール,Gulch,So Cozy,Mr. Prospector,File,Dance Spell,Witching Hour,Damascus,Aphonia,Ambehaving,Swift Deal,Hail to Reason,Cosmah,Understanding,Mountain Flower,Exclusive Native,Won't Tell You,Minnesota Mac,Minnetonka,Hail to Reason,Bramalea,Graustark,Golden Trail,Caro,Hermieres,Sea-Bird,Flaxen,Halo,Wishing Well,マルゼンスキー,レディーシラオキ,Mr. Prospector,Jameela,Lyphard,Special Warmth
202609010407,9,ダート,1200,良,1勝クラス,ヘニーヒューズ,ランミネルバ,ヘネシー,Meadow Flyer,アグネスタキオン,アクイレジア,Storm Cat,Island Kitty,Meadowlake,Shortley,サンデーサイレンス,アグネスフローラ,フォーティナイナー,ロジータ,Storm Bird,Terlingua,Hawaii,T. C. Kitten,Hold Your Peace,Suspicious Native,Hagley,Short Winded,Halo,Wishing Well,ロイヤルスキー,アグネスレディー,Mr. Prospector,File,ミルジョージ,メロウマダング,Northern Dancer,South Ocean,Secretariat,Crimson Saint,Utrillo,Ethane,Tom Cat,Needlebug,Speak John,Blue Moon,Raise a Native,Be Suspicious,Olden Times,Teo Pepi,Harvest Singing,Wild Cloud,Hail to Reason,Cosmah,Understanding,Mountain Flower,Raja Baba,Coz o'Nijinsky,リマンド,イコマエイカン,Raise a Native,Gold Digger,Tom Rolfe,Continue,Mill Reef,Miss Charisma,マダング,スピードキヨフジ
202609010407,10,ダート,1200,良,1勝クラス,ブラックタイド,ターフデザイナー,サンデーサイレンス,ウインドインハーヘア,Unbridled's Song,Hollow Design,Halo,Wishing Well,Alzao,Burghclere,Unbridled,Trolley Song,コロニアルアッフェアー,Designatoree,Hail to Reason,Cosmah,Understanding,Mountain Flower,Lyphard,Lady Rebecca,Busted,Highclere,Fappiano,Gana Facil,Caro,Lucky Spell,Pleasant Colony,Snuggle,Alysheba,Never Scheme,Turn-to,Nothirdchance,Cosmic Bomb,Almahmoud,Promised Land,Pretty Ways,Montparnasse,Edelweiss,Northern Dancer,Goofed,Sir Ivor,Pocahontas,Crepello,Sans le Sou,Queen's Hussar,Highlight,Mr. Prospector,Killaloe,Le Fabuleux,Charedi,フォルティノ,Chambord,Lucky Mel,Incantation,His Majesty,Sun Colony,Nijinsky,Mirthful Flirt,Alydar,Bel Sheba,Never Bend,Sweetly Scheming
202609010407,11,ダート,1200,良,1勝クラス,ニューイヤーズデイ,メモリーレーン,Street Cry,Justwhistledixie,ダイワメジャー,ストロングメモリー,Machiavellian,Helen Street,Dixie Union,General Jeanne,サンデーサイレンス,スカーレットブーケ,エンドスウィープ,アピーリングストーリー,Mr. Prospector,Coup de Folie,Troy,Waterway,Dixieland Band,She's Tops,Honour and Glory,Ahpo Hel,Halo,Wishing Well,ノーザンテースト,スカーレットインク,フォーティナイナー,Broom Dance,Valid Appeal,Charming Story,Raise a Native,Gold Digger,Halo,Raise the Standard,Petingo,La Milo,Riverman,Boulevard,Northern Dancer,Mississippi Mud,Capote,She's a Talent,Relaunch,Fair to All,Mr. Leader,Tiy,Hail to Reason,Cosmah,Understanding,Mountain Flower,Northern Dancer,Lady Victoria,Crimson Satan,Consentida,Mr. Prospector,File,Dance Spell,Witching Hour,In Reality,Desert Trial,Hail to Reason,Dame Fritchie
202609010407,12,ダート,1200,良,1勝クラス,エピファネイア,ラテュロス,シンボリクリスエス,シーザリオ,ディープインパクト,スウィートハース,Kris S.,Tee Kay,スペシャルウィーク,キロフプリミエール,サンデーサイレンス,ウインドインハーヘア,Touch Gold,Sweet Gold,Roberto,Sharp Queen,Gold Meridian,Tri Argo,サンデーサイレンス,キャンペンガール,Sadler's Wells,Querida,Halo,Wishing Well,Alzao,Burghclere,Deputy Minister,Passing Mood,Gilded Time,Anti Social,Hail to Reason,Bramalea,Princequillo,Bridgework,Seattle Slew,Queen Louie,Tri Jet,Hail Proudly,Halo,Wishing Well,マルゼンスキー,レディーシラオキ,Northern Dancer,Fairy Bridge,Habitat,Principia,Hail to Reason,Cosmah,Understanding,Mountain Flower,Lyphard,Lady Rebecca,Busted,Highclere,Vice Regent,Mint Copy,Buckpasser,Cool Mood,Timeless Moment,Gilded Lilly,Pretense,Wind Song
202609010407,13,ダート,1200,良,1勝クラス,ドレフォン,ハナライ,Gio Ponti,Eltimaas,Medaglia d'Oro,プリモスター,Tale of the Cat,Chipeta Springs,Ghostzapper,Najecam,El Prado,Cappucino Bay,サンデーサイレンス,チーター,Storm Cat,Yarn,Alydar,Salt Spring,Awesome Again,Baby Zip,Trempolino,Sue Warner,Sadler's Wells,Lady Capulet,Bailjumper,Dubbed In,Halo,Wishing Well,Seeking the Gold,Stepping High,Storm Bird,Terlingua,Mr. Prospector,Narrate,Raise a Native,Sweet Tooth,Salt Marsh,Jungle Mythologic,Deputy Minister,Primal Force,Relaunch,Thirty Zip,Sharpen Up,Trephine,Forli,Bitty Girl,Northern Dancer,Fairy Bridge,Sir Ivor,Cap and Bells,Damascus,Court Circuit,Silent Screen,Society Singer,Hail to Reason,Cosmah,Understanding,Mountain Flower,Mr. Prospector,Con Game,No Robbery,Bebop
202609010407,14,ダート,1200,良,1勝クラス,ビッグアーサー,トワエモア,サクラバクシンオー,シヤボナ,エンパイアメーカー,キョウエイフルハム,サクラユタカオー,サクラハゴロモ,Kingmambo,Relish,Unbridled,Toussaud,ジェリ,ケイシュウアップ,テスコボーイ,アンジェリカ,ノーザンテースト,クリアアンバー,Mr. Prospector,Miesque,Sadler's Wells,Reloy,Fappiano,Gana Facil,El Gran Senor,Image of Reality,Theatrical,Garimpeiro,Sovereign Dancer,アップザアパラッチ,Princely Gift,Suncourt,ネヴァービート,スターハイネス,Northern Dancer,Lady Victoria,Ambiopoise,One Clear Call,Raise a Native,Gold Digger,Nureyev,Pasadoble,Northern Dancer,Fairy Bridge,Liloy,Rescousse,Mr. Prospector,Killaloe,Le Fabuleux,Charedi,Northern Dancer,Sex Appeal,In Reality,Edee's Image,Nureyev,ツリーオブノレッジ,Mr. Prospector,Far Flying,Northern Dancer,Bold Princess,Apalachee,Party Up
202609010407,中,ダート,1200,良,1勝クラス,ヘニーヒューズ,コーリンベリー,ヘネシー,Meadow Flyer,サウスヴィグラス,コーリンラヴィアン,Storm Cat,Island Kitty,Meadowlake,Shortley,エンドスウィープ,ダーケストスター,ミシックトライブ,コーリンビビアン,Storm Bird,Terlingua,Hawaii,T. C. Kitten,Hold Your Peace,Suspicious Native,Hagley,Short Winded,フォーティナイナー,Broom Dance,Star de Naskra,Minnie Riperton,Mr. Prospector,Miesque,アジュディケーティング,シルケット,Northern Dancer,South Ocean,Secretariat,Crimson Saint,Utrillo,Ethane,Tom Cat,Needlebug,Speak John,Blue Moon,Raise a Native,Be Suspicious,Olden Times,Teo Pepi,Harvest Singing,Wild Cloud,Mr. Prospector,File,Dance Spell,Witching Hour,Naskra,Candle Star,Cornish Prince,English Harbor,Raise a Native,Gold Digger,Nureyev,Pasadoble,Danzig,Resolver,ハバット,チユデスタ
202609010407,取,ダート,1200,良,1勝クラス,トランセンド,ミコノキセキ,ワイルドラッシュ,シネマスコープ,キンシャサノキセキ,ナムラカエデジョウ,Wild Again,Rose Park,トニービン,ブルーハワイ,フジキセキ,ケルトシャーン,フォーティナイナー,サクラマツリ,Icecapade,Bushel-n-Peck,Plugged Nickle,Hardship,カンパラ,Severn Bridge,スリルショー,サニースワップス,サンデーサイレンス,ミルレーサー,Pleasant Colony,Featherhill,Mr. Prospector,File,ラシアンルーブル,サクラユウホー,Nearctic,Shenanigans,Khaled,Dama,Key to the Mint,Toll Booth,Drone,Hard and Fast,Kalamoun,State Pension,Hornbeam,Priddy Fair,Northern Baby,Splendid Girl,Hawaii,アイアンエイジ,Halo,Wishing Well,Le Fabuleux,Marston's Mill,His Majesty,Sun Colony,Lyphard,Lady Berry,Raise a Native,Gold Digger,Tom Rolfe,Continue,Nijinsky,Squander,ダンディルート,サクラグローブ
202609010408,1,芝,1800,良,1勝クラス,イスラボニータ,ロックディスタウン,フジキセキ,イスラコジーン,オルフェーヴル,ストレイキャット,サンデーサイレンス,ミルレーサー,Cozzene,Isla Mujeres,ステイゴールド,オリエンタルアート,Storm Cat,ローミンレイチェル,Halo,Wishing Well,Le Fabuleux,Marston's Mill,Caro,Ride the Trails,Crafty Prospector,Lido Isle,サンデーサイレンス,ゴールデンサッシュ,メジロマックイーン,エレクトロアート,Storm Bird,Terlingua,マイニング,One Smart Lady,Hail to Reason,Cosmah,Understanding,Mountain Flower,Wild Risk,Anguar,In Reality,Millicent,フォルティノ,Chambord,Prince John,Wildwook,Mr. Prospector,Real Crafty Lady,Far North,She Is Gorgeous,Halo,Wishing Well,ディクタス,ダイナサッシュ,メジロティターン,メジロオーロラ,ノーザンテースト,グランマスティーヴンス,Northern Dancer,South Ocean,Secretariat,Crimson Saint,Mr. Prospector,I Pass,Clever Trick,Pia's Lady
202609010408,2,芝,1800,良,1勝クラス,サトノアラジン,シルショコラティエ,ディープインパクト,マジックストーム,カコイーシーズ,ワレンダラッド,サンデーサイレンス,ウインドインハーヘア,Storm Cat,Foppy Dancer,Alydar,Careless Notion,ワレンダー,マルゼンラッド,Halo,Wishing Well,Alzao,Burghclere,Storm Bird,Terlingua,Fappiano,Water Dance,Raise a Native,Sweet Tooth,Jester,Miss Uppity,Gulch,So Glad,ミルジョージ,マルゼンキール,Hail to Reason,Cosmah,Understanding,Mountain Flower,Lyphard,Lady Rebecca,Busted,Highclere,Northern Dancer,South Ocean,Secretariat,Crimson Saint,Mr. Prospector,Killaloe,Nijinsky,Luiana,Native Dancer,Raise You,On-And-On,Plum Cake,Tom Fool,Golden Apple,Nasrullah,Nursery School,Mr. Prospector,Jameela,Liloy,Glad,Mill Reef,Miss Charisma,ボールドラツド,シル
202609010408,3,芝,1800,良,1勝クラス,サトノアラジン,フェイトカラー,ディープインパクト,マジックストーム,サクラバクシンオー,ウエストコースト,サンデーサイレンス,ウインドインハーヘア,Storm Cat,Foppy Dancer,サクラユタカオー,サクラハゴロモ,シンボリクリスエス,ビーポジティブ,Halo,Wishing Well,Alzao,Burghclere,Storm Bird,Terlingua,Fappiano,Water Dance,テスコボーイ,アンジェリカ,ノーザンテースト,クリアアンバー,Kris S.,Tee Kay,サンデーサイレンス,フェアリードール,Hail to Reason,Cosmah,Understanding,Mountain Flower,Lyphard,Lady Rebecca,Busted,Highclere,Northern Dancer,South Ocean,Secretariat,Crimson Saint,Mr. Prospector,Killaloe,Nijinsky,Luiana,Princely Gift,Suncourt,ネヴァービート,スターハイネス,Northern Dancer,Lady Victoria,Ambiopoise,One Clear Call,Roberto,Sharp Queen,Gold Meridian,Tri Argo,Halo,Wishing Well,Nureyev,Dream Deal
202609010408,4,芝,1800,良,1勝クラス,ブリックスアンドモルタル,ウインリバティ,Giant's Causeway,Beyond the Waves,ダンスインザダーク,フリーヴァケイション,Storm Cat,Mariah's Storm,Ocean Crest,Excedent,サンデーサイレンス,ダンシングキイ,Fly So Free,Miami Vacation,Storm Bird,Terlingua,Rahy,イメンス,Storm Bird,S.S.Aroma,Exceller,Broadway Lullaby,Halo,Wishing Well,Nijinsky,Key Partner,Time for a Change,Free to Fly,Far North,Decision,Northern Dancer,South Ocean,Secretariat,Crimson Saint,Blushing Groom,Glorious Song,Roberto,Imsodear,Northern Dancer,South Ocean,Seattle Slew,Rare Bouquet,Vaguely Noble,Too Bald,Stage Door Johnny,リットルブレツシング,Hail to Reason,Cosmah,Understanding,Mountain Flower,Northern Dancer,Flaming Page,Key to the Mint,Native Partner,Damascus,Resolver,Stevward,Dancing Lark,Northern Dancer,Fleur,Resound,School Board
202609010408,5,芝,1800,良,1勝クラス,ミッキーアイル,サザンスターズ,ディープインパクト,スターアイル,Smart Strike,スタセリタ,サンデーサイレンス,ウインドインハーヘア,ロックオブジブラルタル,アイルドフランス,Mr. Prospector,Classy 'n Smart,Monsun,Soignee,Halo,Wishing Well,Alzao,Burghclere,デインヒル,Offshore Boom,Nureyev,ステラマドリッド,Raise a Native,Gold Digger,Smarten,No Class,Konigsstuhl,Mosella,Dashing Blade,Suivez,Hail to Reason,Cosmah,Understanding,Mountain Flower,Lyphard,Lady Rebecca,Busted,Highclere,Danzig,Razyana,Be My Guest,Push a Button,Northern Dancer,Special,Alydar,My Juliet,Native Dancer,Raise You,Nashua,Sequence,Cyane,Smartaire,Nodouble,Classy Quillo,Dschingis Khan,Konigskronung,Surumu,Monasia,Elegant Air,Sharp Castan,Fioravanti,Sea Symphony
202609010408,6,芝,1800,良,1勝クラス,モーリス,フォースデラネイチャー,スクリーンヒーロー,メジロフランシス,Scat Daddy,Merryvale,グラスワンダー,ランニングヒロイン,カーネギー,メジロモントレー,ヨハネスブルグ,Love Style,Bertrando,Ryn,Silver Hawk,Ameriflora,サンデーサイレンス,ダイナアクトレス,Sadler's Wells,Detroit,モガミ,メジロクインシー,ヘネシー,Myth,Mr. Prospector,Likeable Style,Skywalker,Gentle Hands,Mr. Prospector,Wisla,Roberto,Gris Vitesse,Danzig,Graceful Touch,Halo,Wishing Well,ノーザンテースト,モデルスポート,Northern Dancer,Fairy Bridge,Riverman,Derna,Lyphard,ノーラック,フィディオン,メジロボサツ,Storm Cat,Island Kitty,オジジアン,Yarn,Raise a Native,Gold Digger,Nijinsky,Personable Lady,Relaunch,Bold Captive,Buffalo Lark,Three Red Bells,Raise a Native,Gold Digger,Danzig,Gauri
202609010408,7,芝,1800,良,1勝クラス,ドリームジャーニー,ワーキングプライド,ステイゴールド,オリエンタルアート,ハービンジャー,ワーキングウーマン,サンデーサイレンス,ゴールデンサッシュ,メジロマックイーン,エレクトロアート,Dansili,Penang Pearl,フジキセキ,ワーキングイオン,Halo,Wishing Well,ディクタス,ダイナサッシュ,メジロティターン,メジロオーロラ,ノーザンテースト,グランマスティーヴンス,デインヒル,Hasili,Bering,Guapa,サンデーサイレンス,ミルレーサー,ジェイドロバリー,ワーキングガール,Hail to Reason,Cosmah,Understanding,Mountain Flower,Sanctus,Doronic,ノーザンテースト,ロイヤルサッシュ,メジロアサマ,シエリル,リマンド,メジロアイリス,Northern Dancer,Lady Victoria,Lt. Stevens,Dhow,Danzig,Razyana,Kahyasi,Kerali,Arctic Tern,Beaune,Shareef Dancer,Sauceboat,Halo,Wishing Well,Le Fabuleux,Marston's Mill,Mr. Prospector,Number,パドスール,シャダイワーデン
202609010408,8,芝,1800,良,1勝クラス,ダノンバラード,ハートリーフ,ディープインパクト,レディバラード,Australia,Ignis Away,サンデーサイレンス,ウインドインハーヘア,Unbridled,Angelic Song,Galileo,Ouija Board,Gold Away,Danedrop,Halo,Wishing Well,Alzao,Burghclere,Fappiano,Gana Facil,Halo,Ballade,Sadler's Wells,Urban Sea,Cape Cross,Selection Board,Goldneyev,Blushing Away,デインヒル,Rose Bonbon,Hail to Reason,Cosmah,Understanding,Mountain Flower,Lyphard,Lady Rebecca,Busted,Highclere,Mr. Prospector,Killaloe,Le Fabuleux,Charedi,Hail to Reason,Cosmah,Herbager,Miss Swapsco,Northern Dancer,Fairy Bridge,Miswaki,Allegretta,Green Desert,Park Appeal,Welsh Pageant,Ouija,Nureyev,Gold River,Blushing Groom,スイートリベンジ,Danzig,Razyana,High Top,Lady Berry
202609010408,9,芝,1800,良,1勝クラス,エピファネイア,ノーブルスコア,シンボリクリスエス,シーザリオ,ディープインパクト,ファイナルスコア,Kris S.,Tee Kay,スペシャルウィーク,キロフプリミエール,サンデーサイレンス,ウインドインハーヘア,Dylan Thomas,Holy Moon,Roberto,Sharp Queen,Gold Meridian,Tri Argo,サンデーサイレンス,キャンペンガール,Sadler's Wells,Querida,Halo,Wishing Well,Alzao,Burghclere,デインヒル,Lagrion,エルナンド,Centinela,Hail to Reason,Bramalea,Princequillo,Bridgework,Seattle Slew,Queen Louie,Tri Jet,Hail Proudly,Halo,Wishing Well,マルゼンスキー,レディーシラオキ,Northern Dancer,Fairy Bridge,Habitat,Principia,Hail to Reason,Cosmah,Understanding,Mountain Flower,Lyphard,Lady Rebecca,Busted,Highclere,Danzig,Razyana,Diesis,Wrap It Up,Niniski,Whakilyric,Caerleon,New Generation
202609010408,10,芝,1800,良,1勝クラス,ドゥラメンテ,ゴールドコイン,キングカメハメハ,アドマイヤグルーヴ,デヒア,インキュラブルロマンティック,Kingmambo,マンファス,サンデーサイレンス,エアグルーヴ,Deputy Minister,Sister Dot,Stop the Music,One I Love,Mr. Prospector,Miesque,ラストタイクーン,Pilot Bird,Halo,Wishing Well,トニービン,ダイナカール,Vice Regent,Mint Copy,Secretariat,Sword Game,Hail to Reason,Bebopper,Sir Ivor,Delta Empress,Raise a Native,Gold Digger,Nureyev,Pasadoble,トライマイベスト,Mill Princess,Blakeney,The Dancer,Hail to Reason,Cosmah,Understanding,Mountain Flower,カンパラ,Severn Bridge,ノーザンテースト,シャダイフェザー,Northern Dancer,Victoria Regina,Bunty's Flight,Shakney,Bold Ruler,Somethingroyal,Damascus,Bill and I,Turn-to,Nothirdchance,Tom Fool,Bebop,Sir Gaylord,Attica,Delta Judge,Regal Demand
202609010408,11,芝,1800,良,1勝クラス,エピファネイア,アドマイヤリード,シンボリクリスエス,シーザリオ,ステイゴールド,ベルアリュール,Kris S.,Tee Kay,スペシャルウィーク,キロフプリミエール,サンデーサイレンス,ゴールデンサッシュ,Numerous,Mare Aux Fees,Roberto,Sharp Queen,Gold Meridian,Tri Argo,サンデーサイレンス,キャンペンガール,Sadler's Wells,Querida,Halo,Wishing Well,ディクタス,ダイナサッシュ,Mr. Prospector,Number,Kenmare,Feerie Boreale,Hail to Reason,Bramalea,Princequillo,Bridgework,Seattle Slew,Queen Louie,Tri Jet,Hail Proudly,Halo,Wishing Well,マルゼンスキー,レディーシラオキ,Northern Dancer,Fairy Bridge,Habitat,Principia,Hail to Reason,Cosmah,Understanding,Mountain Flower,Sanctus,Doronic,ノーザンテースト,ロイヤルサッシュ,Raise a Native,Gold Digger,Nijinsky,Special,Kalamoun,Belle of Ireland,Irish River,Skelda
202609010408,12,芝,1800,良,1勝クラス,シルバーステート,スプレンダー,ディープインパクト,シルヴァースカヤ,ファンタスティックライト,ブロードチョイス,サンデーサイレンス,ウインドインハーヘア,Silver Hawk,Boubskaia,Rahy,Jood,A.P. Indy,Unbridled Elaine,Halo,Wishing Well,Alzao,Burghclere,Roberto,Gris Vitesse,Niniski,Frenetique,Blushing Groom,Glorious Song,Nijinsky,Kamar,Seattle Slew,Weekend Surprise,Unbridled's Song,Carols Folly,Hail to Reason,Cosmah,Understanding,Mountain Flower,Lyphard,Lady Rebecca,Busted,Highclere,Hail to Reason,Bramalea,Amerigo,Matchiche,Nijinsky,Virginia Hills,Tyrant,Femina,Red God,Runaway Bride,Halo,Ballade,Northern Dancer,Flaming Page,Key to the Mint,Square Angel,Bold Reasoning,My Charmer,Secretariat,Lassie Dear,Unbridled,Trolley Song,Taylor's Falls,No Trespassing
202609010408,13,芝,1800,良,1勝クラス,キズナ,クリアリーコンフューズド,ディープインパクト,キャットクイル,Successful Appeal,Nice of You,サンデーサイレンス,ウインドインハーヘア,Storm Cat,Pacific Princess,Valid Appeal,Successful Dancer,Allen's Prospect,Toes Knows,Halo,Wishing Well,Alzao,Burghclere,Storm Bird,Terlingua,Damascus,Fiji,In Reality,Desert Trial,Fortunate Prospect,Debonair Dancer,Mr. Prospector,Change Water,Cormorant,Melrose Queen,Hail to Reason,Cosmah,Understanding,Mountain Flower,Lyphard,Lady Rebecca,Busted,Highclere,Northern Dancer,South Ocean,Secretariat,Crimson Saint,Sword Dancer,Kerala,Acropolis,Rififi,Intentionally,My Dear Girl,Moslem Chief,Scotch Verdict,Northern Prospect,Fortunate Bid,Staff Writer,In the Bag,Raise a Native,Gold Digger,Swaps,Portage,His Majesty,Song Sparrow,Rose Argent,Miss Jig
202609010408,14,芝,1800,良,1勝クラス,ゴールドシップ,マイネエレーナ,ステイゴールド,ポイントフラッグ,ロージズインメイ,ゲイリーピクシー,サンデーサイレンス,ゴールデンサッシュ,メジロマックイーン,パストラリズム,Devil His Due,Tell a Secret,Rahy,ファイブフランス,Halo,Wishing Well,ディクタス,ダイナサッシュ,メジロティターン,メジロオーロラ,プルラリズム,トクノエイティー,Devil's Bag,Plenty O'Toole,Speak John,Secret Retreat,Blushing Groom,Glorious Song,ノーザンテースト,セーヌスポート,Hail to Reason,Cosmah,Understanding,Mountain Flower,Sanctus,Doronic,ノーザンテースト,ロイヤルサッシュ,メジロアサマ,シエリル,リマンド,メジロアイリス,The Minstrel,Cambretta,トライバルチーフ,アイアンルビー,Halo,Ballade,Raise a Cup,Li'l Puss,Prince John,Nuit de Folies,Clandestine,Retirement,Red God,Runaway Bride,Halo,Ballade,Northern Dancer,Lady Victoria,ボールドアンドエイブル,タミアナ
202609010408,15,芝,1800,良,1勝クラス,カリフォルニアクローム,トクラットリバー,Lucky Pulpit,Love the Chase,ウォーエンブレム,ケープリズバーン,Pulpit,Lucky Soph,Not for Love,Chase It Down,Our Emblem,Sweetest Lady,Bering,グリーンポーラ,A.P. Indy,Preach,Cozzene,Lucky Spell,Mr. Prospector,Dance Number,Polish Numbers,Chase the Dream,Mr. Prospector,Personal Ensign,Lord at War,Sweetest Roman,Arctic Tern,Beaune,Nijinsky,Irish Valley,Seattle Slew,Weekend Surprise,Mr. Prospector,Narrate,Caro,Ride the Trails,Lucky Mel,Incantation,Raise a Native,Gold Digger,Northern Dancer,Numbered Account,Danzig,Numbered Account,Sir Ivor,La Belle Fleur,Raise a Native,Gold Digger,Private Account,Grecian Banner,General,Luna de Miel,The Pruner,I Also,Sea-Bird,Bubbling Beauty,Lyphard,Barbra,Northern Dancer,Flaming Page,Irish River,Green Valley
202609010409,1,芝,2200,良,2勝クラス,ロードカナロア,ラコロネル,キングカメハメハ,レディブラッサム,Colonel John,Listen,Kingmambo,マンファス,Storm Cat,サラトガデュー,Tiznow,Sweet Damsel,Chester House,Listen Now,Mr. Prospector,Miesque,ラストタイクーン,Pilot Bird,Storm Bird,Terlingua,Cormorant,Super Luna,Cee's Tizzy,Cee's Song,Turkoman,Grande Dame,Mr. Prospector,Toussaud,Storm Bird,Listen Well,Raise a Native,Gold Digger,Nureyev,Pasadoble,トライマイベスト,Mill Princess,Blakeney,The Dancer,Northern Dancer,South Ocean,Secretariat,Crimson Saint,His Majesty,Song Sparrow,In Reality,Alada,Relaunch,テイズリー,Seattle Song,Lonely Dancer,Alydar,Taba,Zen,Fia,Raise a Native,Gold Digger,El Gran Senor,Image of Reality,Northern Dancer,South Ocean,Secretariat,Margaret's Number
202609010409,2,芝,2200,良,2勝クラス,キズナ,カウアイレーン,ディープインパクト,キャットクイル,キングカメハメハ,シルバーレーン,サンデーサイレンス,ウインドインハーヘア,Storm Cat,Pacific Princess,Kingmambo,マンファス,Silver Hawk,Strait Lane,Halo,Wishing Well,Alzao,Burghclere,Storm Bird,Terlingua,Damascus,Fiji,Mr. Prospector,Miesque,ラストタイクーン,Pilot Bird,Roberto,Gris Vitesse,Chieftain,Level Sands,Hail to Reason,Cosmah,Understanding,Mountain Flower,Lyphard,Lady Rebecca,Busted,Highclere,Northern Dancer,South Ocean,Secretariat,Crimson Saint,Sword Dancer,Kerala,Acropolis,Rififi,Raise a Native,Gold Digger,Nureyev,Pasadoble,トライマイベスト,Mill Princess,Blakeney,The Dancer,Hail to Reason,Bramalea,Amerigo,Matchiche,Bold Ruler,Pocahontas,Mahmoud,Crawfish
202609010409,3,芝,2200,良,2勝クラス,Sottsass,ヌーヴォレコルト,Siyouni,Starlet's Sister,ハーツクライ,オメガスピリット,Pivotal,Sichilla,Galileo,Premiere Creation,サンデーサイレンス,アイリッシュダンス,スピニングワールド,ファーガーズプロスペクト,Polar Falcon,Fearless Revival,デインヒル,Slipstream Queen,Sadler's Wells,Urban Sea,Green Tune,Allwaki,Halo,Wishing Well,トニービン,ビューパーダンス,Nureyev,Imperfect Circle,Chief's Crown,Fager's Glory,Nureyev,Marie d'Argonne,Cozzene,Stufida,Danzig,Razyana,Conquistador Cielo,Country Queen,Northern Dancer,Fairy Bridge,Miswaki,Allegretta,Green Dancer,Soundings,Miswaki,Alloy,Hail to Reason,Cosmah,Understanding,Mountain Flower,カンパラ,Severn Bridge,Lyphard,My Bupers,Northern Dancer,Special,Riverman,Aviance,Danzig,Six Crowns,Mr. Prospector,Street's Glory
202609010409,4,芝,2200,良,2勝クラス,サトノダイヤモンド,ロングホットサマー,ディープインパクト,マルペンサ,Street Boss,Hotlantic,サンデーサイレンス,ウインドインハーヘア,Orpen,Marsella,Street Cry,Blushing Ogygian,Stormy Atlantic,Chinook Gale,Halo,Wishing Well,Alzao,Burghclere,Lure,Bonita Francita,サザンヘイロー,Riviere,Machiavellian,Helen Street,オジジアン,Fruhlingshochzeit,Storm Cat,Hail Atlantis,Crafty Prospector,Wezzo,Hail to Reason,Cosmah,Understanding,Mountain Flower,Lyphard,Lady Rebecca,Busted,Highclere,Danzig,Endear,Devil's Bag,Raise the Standard,Halo,Northern Sea,Logical,Talonada,Mr. Prospector,Coup de Folie,Troy,Waterway,Damascus,Gonfalon,Blushing Groom,Fruhlingstag,Storm Bird,Terlingua,Seattle Slew,Flippers,Mr. Prospector,Real Crafty Lady,Bering,Special Warmth
202609010409,5,芝,2200,良,2勝クラス,ドゥラメンテ,ベアインマインド,キングカメハメハ,アドマイヤグルーヴ,ディープインパクト,ウルトラブレンド,Kingmambo,マンファス,サンデーサイレンス,エアグルーヴ,サンデーサイレンス,ウインドインハーヘア,Richly Blended,Ankha,Mr. Prospector,Miesque,ラストタイクーン,Pilot Bird,Halo,Wishing Well,トニービン,ダイナカール,Halo,Wishing Well,Alzao,Burghclere,Rizzi,Valid Blend,Desert Classic,Distant Runner,Raise a Native,Gold Digger,Nureyev,Pasadoble,トライマイベスト,Mill Princess,Blakeney,The Dancer,Hail to Reason,Cosmah,Understanding,Mountain Flower,カンパラ,Severn Bridge,ノーザンテースト,シャダイフェザー,Hail to Reason,Cosmah,Understanding,Mountain Flower,Lyphard,Lady Rebecca,Busted,Highclere,アフリート,トップウィッシュ,Valid Appeal,Blend of Poetry,Damascus,Classic Perfection,Distant Day,Mat Mit
202609010409,6,芝,2200,良,2勝クラス,キングカメハメハ,アプリコットフィズ,Kingmambo,マンファス,ジャングルポケット,マンハッタンフィズ,Mr. Prospector,Miesque,ラストタイクーン,Pilot Bird,トニービン,ダンスチャーマー,サンデーサイレンス,サトルチェンジ,Raise a Native,Gold Digger,Nureyev,Pasadoble,トライマイベスト,Mill Princess,Blakeney,The Dancer,カンパラ,Severn Bridge,Nureyev,Skillful Joy,Halo,Wishing Well,Law Society,Santa Luciana,Native Dancer,Raise You,Nashua,Sequence,Northern Dancer,Special,Prove Out,Santa Quilla,Northern Dancer,Sex Appeal,Mill Reef,Irish Lass,Hethersett,Windmill Girl,Green Dancer,Khazaeen,Kalamoun,State Pension,Hornbeam,Priddy Fair,Northern Dancer,Special,Nodouble,Skillful Miss,Hail to Reason,Cosmah,Understanding,Mountain Flower,Alleged,Bold Bikini,Luciano,Suleika
202609010409,7,芝,2200,良,2勝クラス,ゴールドシップ,マイネランデブー,ステイゴールド,ポイントフラッグ,アグネスデジタル,ノーザンドライバー,サンデーサイレンス,ゴールデンサッシュ,メジロマックイーン,パストラリズム,Crafty Prospector,Chancey Squaw,ノーザンテースト,ダイナドライブ,Halo,Wishing Well,ディクタス,ダイナサッシュ,メジロティターン,メジロオーロラ,プルラリズム,トクノエイティー,Mr. Prospector,Real Crafty Lady,Chief's Crown,Allicance,Northern Dancer,Lady Victoria,ハンターコム,ロードマップ,Hail to Reason,Cosmah,Understanding,Mountain Flower,Sanctus,Doronic,ノーザンテースト,ロイヤルサッシュ,メジロアサマ,シエリル,リマンド,メジロアイリス,The Minstrel,Cambretta,トライバルチーフ,アイアンルビー,Raise a Native,Gold Digger,In Reality,Princess Roycraft,Danzig,Six Crowns,Alleged,Runaway Bride,Nearctic,Natalma,Victoria Park,Lady Angela,Derring-Do,Ergina,Hasty Road,Let's Face It
202609010409,8,芝,2200,良,2勝クラス,エピファネイア,アドマイヤカンナ,シンボリクリスエス,シーザリオ,ブライアンズタイム,アドマイヤラピス,Kris S.,Tee Kay,スペシャルウィーク,キロフプリミエール,Roberto,Kelley's Day,Be My Guest,Elevate,Roberto,Sharp Queen,Gold Meridian,Tri Argo,サンデーサイレンス,キャンペンガール,Sadler's Wells,Querida,Hail to Reason,Bramalea,Graustark,Golden Trail,Northern Dancer,What a Treat,Ela-Mana-Mou,Sunny Valley,Hail to Reason,Bramalea,Princequillo,Bridgework,Seattle Slew,Queen Louie,Tri Jet,Hail Proudly,Halo,Wishing Well,マルゼンスキー,レディーシラオキ,Northern Dancer,Fairy Bridge,Habitat,Principia,Turn-to,Nothirdchance,Nashua,Rarelea,Ribot,Flower Bowl,Hasty Road,Sunny Vale,Nearctic,Natalma,Tudor Minstrel,Rare Treat,ピットカーン,Rose Bertin,Val de Loir,Sunland
202609010409,9,芝,2200,良,2勝クラス,ハーツクライ,シーソルティキッス,サンデーサイレンス,アイリッシュダンス,キングカメハメハ,ソルティビッド,Halo,Wishing Well,トニービン,ビューパーダンス,Kingmambo,マンファス,Salt Lake,Piper Piper,Hail to Reason,Cosmah,Understanding,Mountain Flower,カンパラ,Severn Bridge,Lyphard,My Bupers,Mr. Prospector,Miesque,ラストタイクーン,Pilot Bird,Deputy Minister,Take Lady Anne,Spectacular Bid,Alvarada,Turn-to,Nothirdchance,Cosmic Bomb,Almahmoud,Promised Land,Pretty Ways,Montparnasse,Edelweiss,Kalamoun,State Pension,Hornbeam,Priddy Fair,Northern Dancer,Goofed,Bupers,Princess Revoked,Raise a Native,Gold Digger,Nureyev,Pasadoble,トライマイベスト,Mill Princess,Blakeney,The Dancer,Vice Regent,Mint Copy,Queen City Lad,Lovita H.,Bold Bidder,Spectacular,Hard Work,Easterborn
202609010410,1,ダート,1800,良,3勝クラス,ニューイヤーズデイ,ヴィラ,Street Cry,Justwhistledixie,ディープインパクト,サミットヴィル,Machiavellian,Helen Street,Dixie Union,General Jeanne,サンデーサイレンス,ウインドインハーヘア,Grand Lodge,Tina Heights,Mr. Prospector,Coup de Folie,Troy,Waterway,Dixieland Band,She's Tops,Honour and Glory,Ahpo Hel,Halo,Wishing Well,Alzao,Burghclere,Chief's Crown,La Papagena,Shirley Heights,Catina,Raise a Native,Gold Digger,Halo,Raise the Standard,Petingo,La Milo,Riverman,Boulevard,Northern Dancer,Mississippi Mud,Capote,She's a Talent,Relaunch,Fair to All,Mr. Leader,Tiy,Hail to Reason,Cosmah,Understanding,Mountain Flower,Lyphard,Lady Rebecca,Busted,Highclere,Danzig,Six Crowns,Habitat,Magic Flute,Mill Reef,Hardiemma,Nureyev,Clarina
202609010410,2,ダート,1800,良,3勝クラス,アメリカンペイトリオット,タガノディーバ,War Front,Life Well Lived,フジキセキ,ディーバ,Danzig,Starry Dreamer,Tiznow,Well Dressed,サンデーサイレンス,ミルレーサー,Crafty Prospector,ミスセクレト,Northern Dancer,Pas de Nom,Rubiano,Lara's Star,Cee's Tizzy,Cee's Song,Notebook,Trithenia,Halo,Wishing Well,Le Fabuleux,Marston's Mill,Mr. Prospector,Real Crafty Lady,セクレト,My First Fling,Nearctic,Natalma,Admiral's Voyage,Petitioner,Fappiano,Ruby Slippers,Forli,True Reality,Relaunch,テイズリー,Seattle Song,Lonely Dancer,Well Decorated,Mobcap,Gold Meridian,Tri Argo,Hail to Reason,Cosmah,Understanding,Mountain Flower,Wild Risk,Anguar,In Reality,Millicent,Raise a Native,Gold Digger,In Reality,Princess Roycraft,Northern Dancer,Betty's Secret,Olden Times,Hello Theo
202609010410,3,ダート,1800,良,3勝クラス,Practical Joke,Double Date,Into Mischief,Halo Humor,Rahy,Strike a Balance,Harlan's Holiday,Leslie's Lady,Distorted Humor,Gilded Halo,Blushing Groom,Glorious Song,Green Dancer,Strike a Pose,Harlan,Christmas in Aiken,Tricky Creek,Crystal Lady,フォーティナイナー,Danzig's Beauty,Gilded Time,Careless Halo,Red God,Runaway Bride,Halo,Ballade,Nijinsky,Green Valley,Iron Ruler,Take a Stand,Storm Cat,Country Romance,Affirmed,Dowager,Clever Trick,Battle Creek Girl,Stop the Music,One Last Bird,Mr. Prospector,File,Danzig,Sweetest Chant,Timeless Moment,Gilded Lilly,Sunny's Halo,Careless Moment,Nasrullah,Spring Run,Wild Risk,Aimee,Hail to Reason,Cosmah,Herbager,Miss Swapsco,Northern Dancer,Flaming Page,Val de Loir,Sly Pola,Never Bend,Obedient,Amerigo,Self Control
202609010410,4,ダート,1800,良,3勝クラス,シニスターミニスター,タオヤメ,Old Trieste,Sweet Minister,ルーラーシップ,エンプレスティアラ,A.P. Indy,Lovlier Linda,The Prime Minister,Sweet Blue,キングカメハメハ,エアグルーヴ,クロフネ,ゴールドティアラ,Seattle Slew,Weekend Surprise,Vigors,Linda Summers,Deputy Minister,Stick to Beauty,Hurry Up Blue,Sugar Gold,Kingmambo,マンファス,トニービン,ダイナカール,フレンチデピュティ,ブルーアヴェニュー,Seeking the Gold,Bright Tiara,Bold Reasoning,My Charmer,Secretariat,Lassie Dear,Grey Dawn,Relifordie,Crozier,Queenly Gift,Vice Regent,Mint Copy,Illustrious,Hail to Beauty,Mr. Leader,Blue Baroness,Mr. Prospector,Miss Ironside,Mr. Prospector,Miesque,ラストタイクーン,Pilot Bird,カンパラ,Severn Bridge,ノーザンテースト,シャダイフェザー,Deputy Minister,Mitterand,Classic Go Go,Eliza Blue,Mr. Prospector,Con Game,Chief's Crown,Expressive Dance
202609010410,5,ダート,1800,良,3勝クラス,ケープブランコ,クサナギノツルギ,Galileo,Laurel Delight,デュランダル,センボンザクラ,Sadler's Wells,Urban Sea,Presidium,Foudroyer,サンデーサイレンス,サワヤカプリンセス,サクラユタカオー,ダイナフランダース,Northern Dancer,Fairy Bridge,Miswaki,Allegretta,General Assembly,Doubly Sure,アーテイアス,Foudre,Halo,Wishing Well,ノーザンテースト,スコッチプリンセス,テスコボーイ,アンジェリカ,ノーザンテースト,レディフランダーズ,Nearctic,Natalma,Bold Reason,Special,Mr. Prospector,Hopespringseternal,Lombard,Anatevka,Secretariat,Exclusive Dancer,Reliance,Soft Angels,Round Table,Stylish Pattern,Petingo,Lighted Lamp,Hail to Reason,Cosmah,Understanding,Mountain Flower,Northern Dancer,Lady Victoria,Creme dela Creme,Meadow Saffron,Princely Gift,Suncourt,ネヴァービート,スターハイネス,Northern Dancer,Lady Victoria,Chieftain,Moll Flanders
202609010410,6,ダート,1800,良,3勝クラス,ルヴァンスレーヴ,カラフルデイズ,シンボリクリスエス,マエストラーレ,フジキセキ,アイヴォリーカラー,Kris S.,Tee Kay,ネオユニヴァース,オータムブリーズ,サンデーサイレンス,ミルレーサー,クロフネ,アピーリングストーリー,Roberto,Sharp Queen,Gold Meridian,Tri Argo,サンデーサイレンス,ポインテッドパス,ティンバーカントリー,セプテンバーソング,Halo,Wishing Well,Le Fabuleux,Marston's Mill,フレンチデピュティ,ブルーアヴェニュー,Valid Appeal,Charming Story,Hail to Reason,Bramalea,Princequillo,Bridgework,Seattle Slew,Queen Louie,Tri Jet,Hail Proudly,Halo,Wishing Well,Kris,Silken Way,Woodman,Fall Aspen,リアルシャダイ,ダイナフェアリー,Hail to Reason,Cosmah,Understanding,Mountain Flower,Wild Risk,Anguar,In Reality,Millicent,Deputy Minister,Mitterand,Classic Go Go,Eliza Blue,In Reality,Desert Trial,Hail to Reason,Dame Fritchie
202609010410,7,ダート,1800,良,3勝クラス,ルヴァンスレーヴ,シールヴィクトリー,シンボリクリスエス,マエストラーレ,キングカメハメハ,ヴィクトリーマーチ,Kris S.,Tee Kay,ネオユニヴァース,オータムブリーズ,Kingmambo,マンファス,アグネスタキオン,ヴィクトリークライ,Roberto,Sharp Queen,Gold Meridian,Tri Argo,サンデーサイレンス,ポインテッドパス,ティンバーカントリー,セプテンバーソング,Mr. Prospector,Miesque,ラストタイクーン,Pilot Bird,サンデーサイレンス,アグネスフローラ,Caerleon,Verveine,Hail to Reason,Bramalea,Princequillo,Bridgework,Seattle Slew,Queen Louie,Tri Jet,Hail Proudly,Halo,Wishing Well,Kris,Silken Way,Woodman,Fall Aspen,リアルシャダイ,ダイナフェアリー,Raise a Native,Gold Digger,Nureyev,Pasadoble,トライマイベスト,Mill Princess,Blakeney,The Dancer,Halo,Wishing Well,ロイヤルスキー,アグネスレディー,Nijinsky,Foreseer,Lear Fan,Venise
202609010410,8,ダート,1800,良,3勝クラス,ヘニーヒューズ,トウカイシェーン,ヘネシー,Meadow Flyer,ダイワメジャー,トウカイポピー,Storm Cat,Island Kitty,Meadowlake,Shortley,サンデーサイレンス,スカーレットブーケ,スピニングワールド,トウカイシャネル,Storm Bird,Terlingua,Hawaii,T. C. Kitten,Hold Your Peace,Suspicious Native,Hagley,Short Winded,Halo,Wishing Well,ノーザンテースト,スカーレットインク,Nureyev,Imperfect Circle,リアルシャダイ,アルパインスウィフト,Northern Dancer,South Ocean,Secretariat,Crimson Saint,Utrillo,Ethane,Tom Cat,Needlebug,Speak John,Blue Moon,Raise a Native,Be Suspicious,Olden Times,Teo Pepi,Harvest Singing,Wild Cloud,Hail to Reason,Cosmah,Understanding,Mountain Flower,Northern Dancer,Lady Victoria,Crimson Satan,Consentida,Northern Dancer,Special,Riverman,Aviance,Roberto,Desert Vixen,Storm Bird,La Dame Du Lac
202609010410,9,ダート,1800,良,3勝クラス,ウィルテイクチャージ,Dreamy Blues,Unbridled's Song,Take Charge Lady,Curlin,Shawklit Delight,Unbridled,Trolley Song,デヒア,Felicita,Smart Strike,Sherriff's Deputy,Pine Bluff,Shawklit,Fappiano,Gana Facil,Caro,Lucky Spell,Deputy Minister,Sister Dot,Rubiano,Grand Bonheur,Mr. Prospector,Classy'n Smart,Deputy Minister,Barbarika,Danzig,Rowdy Angel,Groshawk,Admirability,Mr. Prospector,Killaloe,Le Fabuleux,Charedi,フォルティノ,Chambord,Lucky Mel,Incantation,Vice Regent,Mint Copy,Secretariat,Sword Game,Fappiano,Ruby Slippers,Blushing Groom,Director,Raise a Native,Gold Digger,Smarten,No Class,Vice Regent,Mint Copy,Bates Motel,War Exchange,Northern Dancer,Pas de Nom,Halo,Ramhyde,Graustark,Songster,Bold Lad,Admirably
202609010410,10,ダート,1800,良,3勝クラス,ダイワメジャー,ビービーバーレル,サンデーサイレンス,スカーレットブーケ,パイロ,ファインディンプル,Halo,Wishing Well,ノーザンテースト,スカーレットインク,Pulpit,Wild Vision,Silver Hawk,ファインディッシュ,Hail to Reason,Cosmah,Understanding,Mountain Flower,Northern Dancer,Lady Victoria,Crimson Satan,Consentida,A.P. Indy,Preach,Wild Again,Carol's Wonder,Roberto,Gris Vitesse,Devil's Bag,Connecting Link,Turn-to,Nothirdchance,Cosmic Bomb,Almahmoud,Promised Land,Pretty Ways,Montparnasse,Edelweiss,Nearctic,Natalma,Victoria Park,Lady Angela,Spy Song,Papila,Beau Max,La Menina,Seattle Slew,Weekend Surprise,Mr. Prospector,Narrate,Icecapade,Bushel-n-Peck,Pass the Tab,Carols Christmas,Hail to Reason,Bramalea,Amerigo,Matchiche,Halo,Ballade,Linkage,Bev Bev
202609010410,11,ダート,1800,良,3勝クラス,サトノクラウン,アソルータ,Marju,ジョコンダ,ゼンノロブロイ,フレンチバレリーナ,ラストタイクーン,Flame of Tara,Rossini,La Joconde,サンデーサイレンス,ローミンレイチェル,フレンチデピュティ,バレークイーン,トライマイベスト,Mill Princess,アーテイアス,Welsh Flame,Miswaki,Touch of Greatness,Vettori,Lust,Halo,Wishing Well,マイニング,One Smart Lady,Deputy Minister,Mitterand,Sadler's Wells,Sun Princess,Northern Dancer,Sex Appeal,Mill Reef,Irish Lass,Round Table,Stylish Pattern,Welsh Pageant,Electric Flash,Mr. Prospector,Hopespringseternal,Hero's Honor,Ivory Wand,Machiavellian,Air Distingue,Pursuit of Love,Pato,Hail to Reason,Cosmah,Understanding,Mountain Flower,Mr. Prospector,I Pass,Clever Trick,Pia's Lady,Vice Regent,Mint Copy,Hold Your Peace,Laredo Lass,Northern Dancer,Fairy Bridge,イングリッシュプリンス,Sunny Valley
202609010410,12,ダート,1800,良,3勝クラス,ネオユニヴァース,ホウショウワールド,サンデーサイレンス,ポインテッドパス,Sky Classic,ノーブルグラス,Halo,Wishing Well,Kris,Silken Way,Nijinsky,No Class,ミルジョージ,ファイブフランス,Hail to Reason,Cosmah,Understanding,Mountain Flower,Sharpen Up,Doubly Sure,Shantung,Boulevard,Northern Dancer,Flaming Page,Nodouble,Classy Quillo,Mill Reef,Miss Charisma,ノーザンテースト,セーヌスポート,Turn-to,Nothirdchance,Cosmic Bomb,Almahmoud,Promised Land,Pretty Ways,Montparnasse,Edelweiss,エタン,Rocchetta,Reliance,Soft Angels,Sicambre,Barley Corn,Pall Mall,Costa Sola,Nearctic,Natalma,Bull Page,Flaring Top,Noholme,Abla-Jay,Outing Class,Quillopoly,Never Bend,Milan Mill,Ragusa,マタテイナ,Northern Dancer,Lady Victoria,ボールドアンドエイブル,タミアナ
202609010410,13,ダート,1800,良,3勝クラス,ハーツクライ,アーキオロジー,サンデーサイレンス,アイリッシュダンス,Seeking the Gold,Caress,Halo,Wishing Well,トニービン,ビューパーダンス,Mr. Prospector,Con Game,Storm Cat,La Affirmed,Hail to Reason,Cosmah,Understanding,Mountain Flower,カンパラ,Severn Bridge,Lyphard,My Bupers,Raise a Native,Gold Digger,Buckpasser,Broadway,Storm Bird,Terlingua,Affirmed,La Mesa,Turn-to,Nothirdchance,Cosmic Bomb,Almahmoud,Promised Land,Pretty Ways,Montparnasse,Edelweiss,Kalamoun,State Pension,Hornbeam,Priddy Fair,Northern Dancer,Goofed,Bupers,Princess Revoked,Native Dancer,Raise You,Nashua,Sequence,Tom Fool,Busanda,Hasty Road,Flitabout,Northern Dancer,South Ocean,Secretariat,Crimson Saint,Exclusive Native,Won't Tell You,Round Table,Finance
202609010410,14,ダート,1800,良,3勝クラス,ロードカナロア,モアニケアラ,キングカメハメハ,レディブラッサム,マンハッタンカフェ,ツーオブハート,Kingmambo,マンファス,Storm Cat,サラトガデュー,サンデーサイレンス,サトルチェンジ,メジロマックイーン,プレイアローン,Mr. Prospector,Miesque,ラストタイクーン,Pilot Bird,Storm Bird,Terlingua,Cormorant,Super Luna,Halo,Wishing Well,Law Society,Santa Luciana,メジロティターン,メジロオーロラ,Lyphard,Cutlasee,Raise a Native,Gold Digger,Nureyev,Pasadoble,トライマイベスト,Mill Princess,Blakeney,The Dancer,Northern Dancer,South Ocean,Secretariat,Crimson Saint,His Majesty,Song Sparrow,In Reality,Alada,Hail to Reason,Cosmah,Understanding,Mountain Flower,Alleged,Bold Bikini,Luciano,Suleika,メジロアサマ,シエリル,リマンド,メジロアイリス,Northern Dancer,Goofed,Cutlass,Ma Petite Fille
202609010411,1,芝,1600,良,オープン,インディチャンプ,ヴィヤダーナ,ステイゴールド,ウィルパワー,Azamour,Visor,サンデーサイレンス,ゴールデンサッシュ,キングカメハメハ,トキオリアリティー,Night Shift,Asmara,Mr. Prospector,Look,Halo,Wishing Well,ディクタス,ダイナサッシュ,Kingmambo,マンファス,Meadowlake,What a Reality,Northern Dancer,Ciboulette,Lear Fan,Anaza,Raise a Native,Gold Digger,Spectacular Bid,Tuerta,Hail to Reason,Cosmah,Understanding,Mountain Flower,Sanctus,Doronic,ノーザンテースト,ロイヤルサッシュ,Mr. Prospector,Miesque,ラストタイクーン,Pilot Bird,Hold Your Peace,Suspicious Native,In Reality,What Will Be,Nearctic,Natalma,Chop Chop,Windy Answer,Roberto,Wac,Darshaan,Azaarika,Native Dancer,Raise You,Nashua,Sequence,Bold Bidder,Spectacular,Forli,Continue
202609010411,2,芝,1600,良,オープン,ダノンプレミアム,ナムラリコリス,ディープインパクト,インディアナギャル,ジョーカプチーノ,ナムラキッス,サンデーサイレンス,ウインドインハーヘア,Intikhab,Genial Jenny,マンハッタンカフェ,ジョープシケ,マツリダゴッホ,ナムラシンシア,Halo,Wishing Well,Alzao,Burghclere,Red Ransom,Crafty Example,デインヒル,Joma Kaanem,サンデーサイレンス,サトルチェンジ,フサイチコンコルド,ジョーユーチャリス,サンデーサイレンス,ペイパーレイン,パントレセレブル,ナムラヒミコ,Hail to Reason,Cosmah,Understanding,Mountain Flower,Lyphard,Lady Rebecca,Busted,Highclere,Roberto,アラビア,Crafty Prospector,Zienelle,Danzig,Razyana,Double Form,Ash Lawn,Halo,Wishing Well,Law Society,Santa Luciana,Caerleon,バレークイーン,トウショウボーイ,ジョーバブーン,Halo,Wishing Well,Bel Bolide,フローラルマジック,Nureyev,Peinture Bleue,キンググローリアス,ダイナハニー
202609010411,3,芝,1600,良,オープン,エピファネイア,シンハライト,シンボリクリスエス,シーザリオ,ディープインパクト,シンハリーズ,Kris S.,Tee Kay,スペシャルウィーク,キロフプリミエール,サンデーサイレンス,ウインドインハーヘア,シングスピール,Baize,Roberto,Sharp Queen,Gold Meridian,Tri Argo,サンデーサイレンス,キャンペンガール,Sadler's Wells,Querida,Halo,Wishing Well,Alzao,Burghclere,In the Wings,Glorious Song,Efisio,Bayonne,Hail to Reason,Bramalea,Princequillo,Bridgework,Seattle Slew,Queen Louie,Tri Jet,Hail Proudly,Halo,Wishing Well,マルゼンスキー,レディーシラオキ,Northern Dancer,Fairy Bridge,Habitat,Principia,Hail to Reason,Cosmah,Understanding,Mountain Flower,Lyphard,Lady Rebecca,Busted,Highclere,Sadler's Wells,High Hawk,Halo,Ballade,Formidable,Eldoret,Bay Express,Lambay
202609010411,4,芝,1600,良,オープン,キズナ,アンラッシュ,ディープインパクト,キャットクイル,ノヴェリスト,キュンティア,サンデーサイレンス,ウインドインハーヘア,Storm Cat,Pacific Princess,Monsun,Night Lagoon,Darshaan,One Life,Halo,Wishing Well,Alzao,Burghclere,Storm Bird,Terlingua,Damascus,Fiji,Konigsstuhl,Mosella,Lagunas,Nenuphar,Shirley Heights,Delsy,L'Emigrant,Pasadoble,Hail to Reason,Cosmah,Understanding,Mountain Flower,Lyphard,Lady Rebecca,Busted,Highclere,Northern Dancer,South Ocean,Secretariat,Crimson Saint,Sword Dancer,Kerala,Acropolis,Rififi,Dschingis Khan,Konigskronung,Surumu,Monasia,イルドブルボン,Liranga,Night Shift,Narola,Mill Reef,Hardiemma,Abdos,Kelty,The Minstrel,Suprina,Prove Out,Santa Quilla
202609010411,5,芝,1600,良,オープン,シルバーステート,インザスポットライト,ディープインパクト,シルヴァースカヤ,Exceed And Excel,Naruko,サンデーサイレンス,ウインドインハーヘア,Silver Hawk,Boubskaia,デインヒル,Patrona,Street Cry,Lake Toya,Halo,Wishing Well,Alzao,Burghclere,Roberto,Gris Vitesse,Niniski,Frenetique,Danzig,Razyana,Lomond,Gladiolus,Machiavellian,Helen Street,Darshaan,シンコウエルメス,Hail to Reason,Cosmah,Understanding,Mountain Flower,Lyphard,Lady Rebecca,Busted,Highclere,Hail to Reason,Bramalea,Amerigo,Matchiche,Nijinsky,Virginia Hills,Tyrant,Femina,Northern Dancer,Pas de Nom,His Majesty,Spring Adieu,Northern Dancer,My Charmer,Watch Your Step,Back Britches,Mr. Prospector,Coup de Folie,Troy,Waterway,Shirley Heights,Delsy,Sadler's Wells,Doff the Derby
202609010411,6,芝,1600,良,オープン,エピファネイア,スマートレイアー,シンボリクリスエス,シーザリオ,ディープインパクト,スノースタイル,Kris S.,Tee Kay,スペシャルウィーク,キロフプリミエール,サンデーサイレンス,ウインドインハーヘア,ホワイトマズル,シャルムダンサー,Roberto,Sharp Queen,Gold Meridian,Tri Argo,サンデーサイレンス,キャンペンガール,Sadler's Wells,Querida,Halo,Wishing Well,Alzao,Burghclere,ダンシングブレーヴ,Fair of the Furze,グルームダンサー,ダムスペクタキュラー,Hail to Reason,Bramalea,Princequillo,Bridgework,Seattle Slew,Queen Louie,Tri Jet,Hail Proudly,Halo,Wishing Well,マルゼンスキー,レディーシラオキ,Northern Dancer,Fairy Bridge,Habitat,Principia,Hail to Reason,Cosmah,Understanding,Mountain Flower,Lyphard,Lady Rebecca,Busted,Highclere,Lyphard,Navajo Princess,Ela-Mana-Mou,Autocratic,Blushing Groom,Featherhill,Spectacular Bid,Damascening
202609010411,7,芝,1600,良,オープン,ポエティックフレア,ネヴァーハーツ,Dawn Approach,Maria Lee,ハーツクライ,リスティアアスリー,New Approach,Hymn of the Dawn,ロックオブジブラルタル,Elida,サンデーサイレンス,アイリッシュダンス,スピニングワールド,エリモシューテング,Galileo,Park Express,Phone Trick,Colonial Debut,デインヒル,Offshore Boom,ロイヤルアカデミー,Saviour,Halo,Wishing Well,トニービン,ビューパーダンス,Nureyev,Imperfect Circle,テスコボーイ,デプグリーフ,Sadler's Wells,Urban Sea,Ahonoora,Matcher,Clever Trick,Over the Phone,Pleasant Colony,Kittihawk Miss,Danzig,Razyana,Be My Guest,Push a Button,Nijinsky,Crimson Saint,Majestic Light,Victorian Queen,Hail to Reason,Cosmah,Understanding,Mountain Flower,カンパラ,Severn Bridge,Lyphard,My Bupers,Northern Dancer,Special,Riverman,Aviance,Princely Gift,Suncourt,Vaguely Noble,デプス
202609010411,8,芝,1600,良,オープン,アドマイヤマーズ,ターフェルムジーク,ダイワメジャー,ヴィアメディチ,ノヴェリスト,アルメーリヒ,サンデーサイレンス,スカーレットブーケ,Medicean,Via Milano,Monsun,Night Lagoon,ネオユニヴァース,プアプー,Halo,Wishing Well,ノーザンテースト,スカーレットインク,Machiavellian,Mystic Goddess,シングスピール,Salvinaxia,Konigsstuhl,Mosella,Lagunas,Nenuphar,サンデーサイレンス,ポインテッドパス,Dashing Blade,Plains Indian,Hail to Reason,Cosmah,Understanding,Mountain Flower,Northern Dancer,Lady Victoria,Crimson Satan,Consentida,Mr. Prospector,Coup de Folie,Storm Bird,Rose Goddess,In the Wings,Glorious Song,Linamix,Salve,Dschingis Khan,Konigskronung,Surumu,Monasia,イルドブルボン,Liranga,Night Shift,Narola,Halo,Wishing Well,Kris,Silken Way,Elegant Air,Sharp Castan,ダンシングブレーヴ,Prairie Venus
202609010411,9,芝,1600,良,オープン,ヴァンセンヌ,カラオケスナック,ディープインパクト,フラワーパーク,スタチューオブリバティ,スプリングミント,サンデーサイレンス,ウインドインハーヘア,ニホンピロウイナー,ノーザンフラワー,Storm Cat,Charming Lassie,バゴ,タシロスプリング,Halo,Wishing Well,Alzao,Burghclere,スティールハート,ニホンピロエバート,ノーザンテースト,ファイアフラワー,Storm Bird,Terlingua,Seattle Slew,Lassie Dear,Nashwan,Moonlight's Box,マルゼンスキー,セナリオ,Hail to Reason,Cosmah,Understanding,Mountain Flower,Lyphard,Lady Rebecca,Busted,Highclere,Habitat,A.,チャイナロック,ライトフレーム,Northern Dancer,Lady Victoria,Dike,Pascha,Northern Dancer,South Ocean,Secretariat,Crimson Saint,Bold Reasoning,My Charmer,Buckpasser,Gay Missile,Blushing Groom,Height of Fashion,Nureyev,Coup de Genie,Nijinsky,シル,フォーティナイナー,Recital
202609010411,10,芝,1600,良,オープン,リオンディーズ,ペイシャフェリシタ,キングカメハメハ,シーザリオ,ハーツクライ,プレザントケイプ,Kingmambo,マンファス,スペシャルウィーク,キロフプリミエール,サンデーサイレンス,アイリッシュダンス,Cape Cross,Felicity,Mr. Prospector,Miesque,ラストタイクーン,Pilot Bird,サンデーサイレンス,キャンペンガール,Sadler's Wells,Querida,Halo,Wishing Well,トニービン,ビューパーダンス,Green Desert,Park Appeal,Selkirk,Las Flores,Raise a Native,Gold Digger,Nureyev,Pasadoble,トライマイベスト,Mill Princess,Blakeney,The Dancer,Halo,Wishing Well,マルゼンスキー,レディーシラオキ,Northern Dancer,Fairy Bridge,Habitat,Principia,Hail to Reason,Cosmah,Understanding,Mountain Flower,カンパラ,Severn Bridge,Lyphard,My Bupers,Danzig,Foreign Courier,Ahonoora,Balidaress,Sharpen Up,Annie Edge,Sadler's Wells,Producer
202609010411,11,芝,1600,良,オープン,トゥザワールド,プロハンター,キングカメハメハ,トゥザヴィクトリー,シーキングザダイヤ,トーハルミツル,Kingmambo,マンファス,サンデーサイレンス,フェアリードール,Storm Cat,シーキングザパール,ジェネラス,アルサルディ,Mr. Prospector,Miesque,ラストタイクーン,Pilot Bird,Halo,Wishing Well,Nureyev,Dream Deal,Storm Bird,Terlingua,Seeking the Gold,ページプルーフ,Caerleon,Doff the Derby,Alydar,Passamaquoddy,Raise a Native,Gold Digger,Nureyev,Pasadoble,トライマイベスト,Mill Princess,Blakeney,The Dancer,Hail to Reason,Cosmah,Understanding,Mountain Flower,Northern Dancer,Special,Sharpen Up,Likely Exchange,Northern Dancer,South Ocean,Secretariat,Crimson Saint,Mr. Prospector,Con Game,Seattle Slew,バーブスボールド,Nijinsky,Foreseer,Master Derby,Margarethen,Raise a Native,Sweet Tooth,Drone,Olmec
202609010411,12,芝,1600,良,オープン,キズナ,ベアフットレディ,ディープインパクト,キャットクイル,Footstepsinthesand,Lady Angharad,サンデーサイレンス,ウインドインハーヘア,Storm Cat,Pacific Princess,Giant's Causeway,Glatisant,テンビー,Lavezzola,Halo,Wishing Well,Alzao,Burghclere,Storm Bird,Terlingua,Damascus,Fiji,Storm Cat,Mariah's Storm,Rainbow Quest,Dancing Rocks,Caerleon,Shining Water,サーモンリープ,Luvi Ullmann,Hail to Reason,Cosmah,Understanding,Mountain Flower,Lyphard,Lady Rebecca,Busted,Highclere,Northern Dancer,South Ocean,Secretariat,Crimson Saint,Sword Dancer,Kerala,Acropolis,Rififi,Storm Bird,Terlingua,Rahy,イメンス,Blushing Groom,I Will Follow,Green Dancer,Croda Rossa,Nijinsky,Foreseer,Kalaglow,Idle Waters,Northern Dancer,Fish - Bar,Thatching,リゾルヴ
202609010411,13,芝,1600,良,オープン,コントレイル,ヤンキーローズ,ディープインパクト,ロードクロサイト,All American,Condesaar,サンデーサイレンス,ウインドインハーヘア,Unbridled's Song,Folklore,Red Ransom,Milva,ザール,Condescendance,Halo,Wishing Well,Alzao,Burghclere,Unbridled,Trolley Song,Tiznow,Contrive,Roberto,アラビア,Strawberry Road,Tersa,Zafonic,Monroe,El Gran Senor,Condessa,Hail to Reason,Cosmah,Understanding,Mountain Flower,Lyphard,Lady Rebecca,Busted,Highclere,Fappiano,Gana Facil,Caro,Lucky Spell,Cee's Tizzy,Cee's Song,Storm Cat,Jeano,Hail to Reason,Bramalea,Damascus,Christmas Wind,Whiskey Road,Giftisa,Mr. Prospector,Peacefully,Gone West,Zaizafon,Sir Ivor,Best in Show,Northern Dancer,Sex Appeal,Condorcet,Varinessa
202609010411,14,芝,1600,良,オープン,モーリス,モルガナイト,スクリーンヒーロー,メジロフランシス,アグネスデジタル,タンザナイト,グラスワンダー,ランニングヒロイン,カーネギー,メジロモントレー,Crafty Prospector,Chancey Squaw,サンデーサイレンス,キャサリーンパー,Silver Hawk,Ameriflora,サンデーサイレンス,ダイナアクトレス,Sadler's Wells,Detroit,モガミ,メジロクインシー,Mr. Prospector,Real Crafty Lady,Chief's Crown,Allicance,Halo,Wishing Well,Riverman,Regal Exception,Roberto,Gris Vitesse,Danzig,Graceful Touch,Halo,Wishing Well,ノーザンテースト,モデルスポート,Northern Dancer,Fairy Bridge,Riverman,Derna,Lyphard,ノーラック,フィディオン,メジロボサツ,Raise a Native,Gold Digger,In Reality,Princess Roycraft,Danzig,Six Crowns,Alleged,Runaway Bride,Hail to Reason,Cosmah,Understanding,Mountain Flower,Never Bend,River Lady,Ribot,Rajput Princess
202609010411,15,芝,1600,良,オープン,キズナ,ボンオムトゥック,ディープインパクト,キャットクイル,クロフネ,ガラアフェアー,サンデーサイレンス,ウインドインハーヘア,Storm Cat,Pacific Princess,フレンチデピュティ,ブルーアヴェニュー,ダイワメジャー,リッチアフェアー,Halo,Wishing Well,Alzao,Burghclere,Storm Bird,Terlingua,Damascus,Fiji,Deputy Minister,Mitterand,Classic Go Go,Eliza Blue,サンデーサイレンス,スカーレットブーケ,Machiavellian,Much Too Risky,Hail to Reason,Cosmah,Understanding,Mountain Flower,Lyphard,Lady Rebecca,Busted,Highclere,Northern Dancer,South Ocean,Secretariat,Crimson Saint,Sword Dancer,Kerala,Acropolis,Rififi,Vice Regent,Mint Copy,Hold Your Peace,Laredo Lass,Pago Pago,Classic Perfection,Icecapade,コレラ,Halo,Wishing Well,ノーザンテースト,スカーレットインク,Mr. Prospector,Coup de Folie,Bustino,Short Rations
202609010412,1,ダート,1200,良,2勝クラス,City of Light,Race to Urga,Quality Road,Paris Notion,Bernstein,Miss Mambo,Elusive Quality,Kobla,デヒア,Fabulous Notion,Storm Cat,La Affirmed,Kingmambo,Troika,Gone West,Touch of Greatness,Strawberry Road,Winglet,Deputy Minister,Sister Dot,Somethingfabulous,Careless Notion,Storm Bird,Terlingua,Affirmed,La Mesa,Mr. Prospector,Miesque,Strawberry Road,Estrapade,Mr. Prospector,Secrettame,Hero's Honor,Ivory Wand,Whiskey Road,Giftisa,Alydar,Highest Trump,Vice Regent,Mint Copy,Secretariat,Sword Game,Northern Dancer,Somethingroyal,Jester,Miss Uppity,Northern Dancer,South Ocean,Secretariat,Crimson Saint,Exclusive Native,Won't Tell You,Round Table,Finance,Raise a Native,Gold Digger,Nureyev,Pasadoble,Whiskey Road,Giftisa,Vaguely Noble,Klepto
202609010412,2,ダート,1200,良,2勝クラス,カリフォルニアクローム,プリンセスバリュー,Lucky Pulpit,Love the Chase,サウスヴィグラス,ベストバリュー,Pulpit,Lucky Soph,Not for Love,Chase It Down,エンドスウィープ,ダーケストスター,クロフネ,スリーソウツ,A.P. Indy,Preach,Cozzene,Lucky Spell,Mr. Prospector,Dance Number,Polish Numbers,Chase the Dream,フォーティナイナー,Broom Dance,Star de Naskra,Minnie Riperton,フレンチデピュティ,ブルーアヴェニュー,Halo,Three Secrets,Seattle Slew,Weekend Surprise,Mr. Prospector,Narrate,Caro,Ride the Trails,Lucky Mel,Incantation,Raise a Native,Gold Digger,Northern Dancer,Numbered Account,Danzig,Numbered Account,Sir Ivor,La Belle Fleur,Mr. Prospector,File,Dance Spell,Witching Hour,Naskra,Candle Star,Cornish Prince,English Harbor,Deputy Minister,Mitterand,Classic Go Go,Eliza Blue,Hail to Reason,Cosmah,Secretariat,Three Troikas
202609010412,3,ダート,1200,良,2勝クラス,サトノアラジン,ビシャーラ,ディープインパクト,マジックストーム,Alhaarth,Majmu,サンデーサイレンス,ウインドインハーヘア,Storm Cat,Foppy Dancer,Unfuwain,Irish Valley,Al Nasr,Affirmative Fable,Halo,Wishing Well,Alzao,Burghclere,Storm Bird,Terlingua,Fappiano,Water Dance,Northern Dancer,Height of Fashion,Irish River,Green Valley,Lyphard,Caretta,Affirmed,Fairway Fable,Hail to Reason,Cosmah,Understanding,Mountain Flower,Lyphard,Lady Rebecca,Busted,Highclere,Northern Dancer,South Ocean,Secretariat,Crimson Saint,Mr. Prospector,Killaloe,Nijinsky,Luiana,Nearctic,Natalma,Bustino,Highclere,Riverman,Irish Star,Val de Loir,Sly Pola,Northern Dancer,Goofed,Caro,Klainia,Exclusive Native,Won't Tell You,Never Bend,Fairway Fun
202609010412,4,ダート,1200,良,2勝クラス,ジョーカプチーノ,アスターヒューモア,マンハッタンカフェ,ジョープシケ,More Than Ready,Saratoga Humor,サンデーサイレンス,サトルチェンジ,フサイチコンコルド,ジョーユーチャリス,サザンヘイロー,Woodman's Girl,Distorted Humor,Saratoga Ack,Halo,Wishing Well,Law Society,Santa Luciana,Caerleon,バレークイーン,トウショウボーイ,ジョーバブーン,Halo,Northern Sea,Woodman,Becky Be Good,フォーティナイナー,Danzig's Beauty,Saratoga Six,Fleeting Ack,Hail to Reason,Cosmah,Understanding,Mountain Flower,Alleged,Bold Bikini,Luciano,Suleika,Nijinsky,Foreseer,Sadler's Wells,Sun Princess,テスコボーイ,ソシアルバターフライ,フォルティノ,ハードゲイ,Hail to Reason,Cosmah,Northern Dancer,Sea Saga,Mr. Prospector,プレイメイト,Naskra,Good Landing,Mr. Prospector,File,Danzig,Sweetest Chant,Alydar,Priceless Fame,Ack Ack,Fleeting North
202609010412,5,ダート,1200,良,2勝クラス,アドマイヤマーズ,オアシスクイーン,ダイワメジャー,ヴィアメディチ,シニスターミニスター,リッピアピンク,サンデーサイレンス,スカーレットブーケ,Medicean,Via Milano,Old Trieste,Sweet Minister,ゼンノエルシド,カルメン,Halo,Wishing Well,ノーザンテースト,スカーレットインク,Machiavellian,Mystic Goddess,シングスピール,Salvinaxia,A.P. Indy,Lovlier Linda,The Prime Minister,Sweet Blue,Caerleon,エンブラ,アンバーシャダイ,ドミンガ,Hail to Reason,Cosmah,Understanding,Mountain Flower,Northern Dancer,Lady Victoria,Crimson Satan,Consentida,Mr. Prospector,Coup de Folie,Storm Bird,Rose Goddess,In the Wings,Glorious Song,Linamix,Salve,Seattle Slew,Weekend Surprise,Vigors,Linda Summers,Deputy Minister,Stick to Beauty,Hurry Up Blue,Sugar Gold,Nijinsky,Foreseer,Dominion,Kaftan,ノーザンテースト,クリアアンバー,Dominion,Dame Julian
202609010412,6,ダート,1200,良,2勝クラス,ロードカナロア,パーフェクトトリビュート,キングカメハメハ,レディブラッサム,Dubawi,Perfect Spirit,Kingmambo,マンファス,Storm Cat,サラトガデュー,Dubai Millennium,Zomaradah,Invincible Spirit,Ballet Society,Mr. Prospector,Miesque,ラストタイクーン,Pilot Bird,Storm Bird,Terlingua,Cormorant,Super Luna,Seeking the Gold,Colorado Dancer,Deploy,Jawaher,Green Desert,Rafha,Sadler's Wells,Gwydion,Raise a Native,Gold Digger,Nureyev,Pasadoble,トライマイベスト,Mill Princess,Blakeney,The Dancer,Northern Dancer,South Ocean,Secretariat,Crimson Saint,His Majesty,Song Sparrow,In Reality,Alada,Mr. Prospector,Con Game,Shareef Dancer,Fall Aspen,Shirley Heights,Slightly Dangerous,ダンシングブレーヴ,High Tern,Danzig,Foreign Courier,Kris,Eljazzi,Northern Dancer,Fairy Bridge,Raise a Cup,Papamiento
202609010412,7,ダート,1200,良,2勝クラス,ロードカナロア,クーファディーヴァ,キングカメハメハ,レディブラッサム,Frankel,イーデンズコーズウェイ,Kingmambo,マンファス,Storm Cat,サラトガデュー,Galileo,Kind,Giant's Causeway,North Of Eden,Mr. Prospector,Miesque,ラストタイクーン,Pilot Bird,Storm Bird,Terlingua,Cormorant,Super Luna,Sadler's Wells,Urban Sea,デインヒル,Rainbow Lake,Storm Cat,Mariah's Storm,Northfields,ツリーオブノレッジ,Raise a Native,Gold Digger,Nureyev,Pasadoble,トライマイベスト,Mill Princess,Blakeney,The Dancer,Northern Dancer,South Ocean,Secretariat,Crimson Saint,His Majesty,Song Sparrow,In Reality,Alada,Northern Dancer,Fairy Bridge,Miswaki,Allegretta,Danzig,Razyana,Rainbow Quest,Rockfest,Storm Bird,Terlingua,Rahy,イメンス,Northern Dancer,Little Hut,Sassafras,Sensibility
202609010412,8,ダート,1200,良,2勝クラス,モーリス,ベルフィオーレ,スクリーンヒーロー,メジロフランシス,ディープインパクト,ワンフォーローズ,グラスワンダー,ランニングヒロイン,カーネギー,メジロモントレー,サンデーサイレンス,ウインドインハーヘア,Tejano Run,Saucyladygaylord,Silver Hawk,Ameriflora,サンデーサイレンス,ダイナアクトレス,Sadler's Wells,Detroit,モガミ,メジロクインシー,Halo,Wishing Well,Alzao,Burghclere,Tejano,Royal Run,Lord Gaylord,Lady Sauce Boat,Roberto,Gris Vitesse,Danzig,Graceful Touch,Halo,Wishing Well,ノーザンテースト,モデルスポート,Northern Dancer,Fairy Bridge,Riverman,Derna,Lyphard,ノーラック,フィディオン,メジロボサツ,Hail to Reason,Cosmah,Understanding,Mountain Flower,Lyphard,Lady Rebecca,Busted,Highclere,Caro,アンファンテ,Wavering Monarch,Kazadancoa,Sir Gaylord,Miss Glamour Gal,Sauce Boat,Lady Barbizon
202609010412,9,ダート,1200,良,2勝クラス,ニューイヤーズデイ,クリノラホール,Street Cry,Justwhistledixie,ダイワメジャー,クリノビャクダン,Machiavellian,Helen Street,Dixie Union,General Jeanne,サンデーサイレンス,スカーレットブーケ,クロフネ,エプソムジョーオー,Mr. Prospector,Coup de Folie,Troy,Waterway,Dixieland Band,She's Tops,Honour and Glory,Ahpo Hel,Halo,Wishing Well,ノーザンテースト,スカーレットインク,フレンチデピュティ,ブルーアヴェニュー,ニホンピロウイナー,エプソムガール,Raise a Native,Gold Digger,Halo,Raise the Standard,Petingo,La Milo,Riverman,Boulevard,Northern Dancer,Mississippi Mud,Capote,She's a Talent,Relaunch,Fair to All,Mr. Leader,Tiy,Hail to Reason,Cosmah,Understanding,Mountain Flower,Northern Dancer,Lady Victoria,Crimson Satan,Consentida,Deputy Minister,Mitterand,Classic Go Go,Eliza Blue,スティールハート,ニホンピロエバート,アローエクスプレス,ゲシー
202609010412,10,ダート,1200,良,2勝クラス,キンシャサノキセキ,ビバリーヒルズ,フジキセキ,ケルトシャーン,スニッツェル,ブリリアントベリー,サンデーサイレンス,ミルレーサー,Pleasant Colony,Featherhill,Redoute's Choice,Snippets' Lass,ノーザンテースト,クラフテイワイフ,Halo,Wishing Well,Le Fabuleux,Marston's Mill,His Majesty,Sun Colony,Lyphard,Lady Berry,デインヒル,Shantha's Choice,Snippets,Snow Finch,Northern Dancer,Lady Victoria,Crafty Prospector,Wife Mistress,Hail to Reason,Cosmah,Understanding,Mountain Flower,Wild Risk,Anguar,In Reality,Millicent,Ribot,Flower Bowl,Sunrise Flight,Colonia,Northern Dancer,Goofed,Violon d'Ingres,Moss Rose,Danzig,Razyana,Canny Lad,Dancing Show,Lunchtime,Easy Date,Storm Bird,A Realgirl,Nearctic,Natalma,Victoria Park,Lady Angela,Mr. Prospector,Real Crafty Lady,Secretariat,Political Payoff
202609010412,11,ダート,1200,良,2勝クラス,コパノリッキー,ハニードント,ゴールドアリュール,コパノニキータ,クロフネ,マッキーロイヤル,サンデーサイレンス,ニキーヤ,ティンバーカントリー,ニホンピロローズ,フレンチデピュティ,ブルーアヴェニュー,フジキセキ,クリアーチャンス,Halo,Wishing Well,Nureyev,Reluctant Guest,Woodman,Fall Aspen,トニービン,ウェディングブーケ,Deputy Minister,Mitterand,Classic Go Go,Eliza Blue,サンデーサイレンス,ミルレーサー,ディクタス,ノーザンクリアー,Hail to Reason,Cosmah,Understanding,Mountain Flower,Northern Dancer,Special,Hostage,Vaguely Royal,Mr. Prospector,プレイメイト,Pretense,Change Water,カンパラ,Severn Bridge,リアルシャダイ,アリーウイン,Vice Regent,Mint Copy,Hold Your Peace,Laredo Lass,Pago Pago,Classic Perfection,Icecapade,コレラ,Halo,Wishing Well,Le Fabuleux,Marston's Mill,Sanctus,Doronic,ノーザンテースト,シヤダイクリアー
202609010412,12,ダート,1200,良,2勝クラス,アメリカンペイトリオット,グッドイヴニング,War Front,Life Well Lived,コマンズ,イブニングアフェア,Danzig,Starry Dreamer,Tiznow,Well Dressed,デインヒル,Cotehele House,Kingmambo,Neptune's Bride,Northern Dancer,Pas de Nom,Rubiano,Lara's Star,Cee's Tizzy,Cee's Song,Notebook,Trithenia,Danzig,Razyana,My Swanee,Eight Carat,Mr. Prospector,Miesque,Bering,Wedding of the Sea,Nearctic,Natalma,Admiral's Voyage,Petitioner,Fappiano,Ruby Slippers,Forli,True Reality,Relaunch,テイズリー,Seattle Song,Lonely Dancer,Well Decorated,Mobcap,Gold Meridian,Tri Argo,Northern Dancer,Pas de Nom,His Majesty,Spring Adieu,Petition,Grey Rhythm,Pieces of Eight,Klairessa,Raise a Native,Gold Digger,Nureyev,Pasadoble,Arctic Tern,Beaune,Blushing Groom,Sweet Mover
202609010412,13,ダート,1200,良,2勝クラス,ドレフォン,ストラスペイ,Gio Ponti,Eltimaas,シンボリクリスエス,ポップス,Tale of the Cat,Chipeta Springs,Ghostzapper,Najecam,Kris S.,Tee Kay,サンデーサイレンス,ポップシンガー,Storm Cat,Yarn,Alydar,Salt Spring,Awesome Again,Baby Zip,Trempolino,Sue Warner,Roberto,Sharp Queen,Gold Meridian,Tri Argo,Halo,Wishing Well,Secretariat,Icy Pop,Storm Bird,Terlingua,Mr. Prospector,Narrate,Raise a Native,Sweet Tooth,Salt Marsh,Jungle Mythologic,Deputy Minister,Primal Force,Relaunch,Thirty Zip,Sharpen Up,Trephine,Forli,Bitty Girl,Hail to Reason,Bramalea,Princequillo,Bridgework,Seattle Slew,Queen Louie,Tri Jet,Hail Proudly,Hail to Reason,Cosmah,Understanding,Mountain Flower,Bold Ruler,Somethingroyal,Icecapade,Calaki
202609010412,14,ダート,1200,良,2勝クラス,ディスクリートキャット,ニホンピロディール,Forestry,Pretty Discreet,サイレントディール,ニホンピロブリュレ,Storm Cat,Shared Interest,Private Account,Pretty Persuasive,サンデーサイレンス,フェアリードール,ミシル,ニホンピロダンス,Storm Bird,Terlingua,Pleasant Colony,Surgery,Damascus,Numbered Account,Believe It,Bury the Hatchet,Halo,Wishing Well,Nureyev,Dream Deal,Miswaki,April Edge,ダンスオブライフ,ニホンピロビット,Northern Dancer,South Ocean,Secretariat,Crimson Saint,His Majesty,Sun Colony,Dr. Fager,Bold Sequence,Sword Dancer,Kerala,Buckpasser,Intriguing,In Reality,Breakfast Bell,Tom Rolfe,Christmas Whishes,Hail to Reason,Cosmah,Understanding,Mountain Flower,Northern Dancer,Special,Sharpen Up,Likely Exchange,Mr. Prospector,Hopespringseternal,The Axe,April Bloom,Nijinsky,Spring Is Here,スティールハート,セントバージ
202609010412,15,ダート,1200,良,2勝クラス,シャンハイボビー,エイシンバンバ,Harlan's Holiday,Steelin',Rock Hard Ten,Stella Blue,Harlan,Christmas in Aiken,Orientate,Steel Band,Kris S.,Tersa,Anabaa,Libanoor,Storm Cat,Country Romance,Affirmed,Dowager,Mt. Livermore,Dream Team,Carson City,ウェディングバンド,Roberto,Sharp Queen,Mr. Prospector,Peacefully,Danzig,Balbonella,Highest Honor,Baino Bluff,Storm Bird,Terlingua,Halo,Sweet Romance,Exclusive Native,Won't Tell You,Honest Pleasure,Princessnesian,Blushing Groom,Flama Ardiente,Cox's Ridge,Likely Double,Mr. Prospector,Blushing Promise,Mighty Appealing,Ring of Steel,Hail to Reason,Bramalea,Princequillo,Bridgework,Raise a Native,Gold Digger,Jacinto,Morning Calm,Northern Dancer,Pas de Nom,ゲイメセン,Bamieres,Kenmare,High River,Be My Guest,Rapids
202609010412,16,ダート,1200,良,2勝クラス,スマートオーディン,スマートアルファ,ダノンシャンティ,レディアップステージ,アグネスデジタル,ディスイズザライフ,フジキセキ,シャンソネット,Alzao,She's the Tops,Crafty Prospector,Chancey Squaw,アグネスタキオン,スターマイライフ,サンデーサイレンス,ミルレーサー,Mark of Esteem,Glorious Song,Lyphard,Lady Rebecca,Shernazar,Troytops,Mr. Prospector,Real Crafty Lady,Chief's Crown,Allicance,サンデーサイレンス,アグネスフローラ,Storm Cat,Great Lady M.,Halo,Wishing Well,Le Fabuleux,Marston's Mill,Darshaan,Homage,Halo,Ballade,Northern Dancer,Goofed,Sir Ivor,Pocahontas,Busted,Sharmeen,Troy,Topsy,Raise a Native,Gold Digger,In Reality,Princess Roycraft,Danzig,Six Crowns,Alleged,Runaway Bride,Halo,Wishing Well,ロイヤルスキー,アグネスレディー,Storm Bird,Terlingua,Icecapade,Sovereign Lady
202609010501,1,ダート,1800,稍重,未勝利,ルヴァンスレーヴ,スイートジュエリー,シンボリクリスエス,マエストラーレ,キングカメハメハ,スイートテイスト,Kris S.,Tee Kay,ネオユニヴァース,オータムブリーズ,Kingmambo,マンファス,Salt Lake,Say What You Mean,Roberto,Sharp Queen,Gold Meridian,Tri Argo,サンデーサイレンス,ポインテッドパス,ティンバーカントリー,セプテンバーソング,Mr. Prospector,Miesque,ラストタイクーン,Pilot Bird,Deputy Minister,Take Lady Anne,ジャッジャー,Call the Queen,Hail to Reason,Bramalea,Princequillo,Bridgework,Seattle Slew,Queen Louie,Tri Jet,Hail Proudly,Halo,Wishing Well,Kris,Silken Way,Woodman,Fall Aspen,リアルシャダイ,ダイナフェアリー,Raise a Native,Gold Digger,Nureyev,Pasadoble,トライマイベスト,Mill Princess,Blakeney,The Dancer,Vice Regent,Mint Copy,Queen City Lad,Lovita H.,Damascus,Face the Facts,Hail to Reason,Queen Empress
202609010501,2,ダート,1800,稍重,未勝利,ルヴァンスレーヴ,レイナアラ,シンボリクリスエス,マエストラーレ,マンハッタンカフェ,ヴェストリーレディ,Kris S.,Tee Kay,ネオユニヴァース,オータムブリーズ,サンデーサイレンス,サトルチェンジ,Vicar,Episode,Roberto,Sharp Queen,Gold Meridian,Tri Argo,サンデーサイレンス,ポインテッドパス,ティンバーカントリー,セプテンバーソング,Halo,Wishing Well,Law Society,Santa Luciana,Wild Again,Escrow Agent,Kris S.,Long Legend,Hail to Reason,Bramalea,Princequillo,Bridgework,Seattle Slew,Queen Louie,Tri Jet,Hail Proudly,Halo,Wishing Well,Kris,Silken Way,Woodman,Fall Aspen,リアルシャダイ,ダイナフェアリー,Hail to Reason,Cosmah,Understanding,Mountain Flower,Alleged,Bold Bikini,Luciano,Suleika,Icecapade,Bushel-n-Peck,El Gran Senor,Viva Sec,Roberto,Sharp Queen,Reviewer,Lianga
202609010501,3,ダート,1800,稍重,未勝利,ドレフォン,ユメノトビラ,Gio Ponti,Eltimaas,Bernardini,West Coast Swing,Tale of the Cat,Chipeta Springs,Ghostzapper,Najecam,A.P. Indy,Cara Rafaela,Gone West,Dance Swiftly,Storm Cat,Yarn,Alydar,Salt Spring,Awesome Again,Baby Zip,Trempolino,Sue Warner,Seattle Slew,Weekend Surprise,Quiet American,Oil Fable,Mr. Prospector,Secrettame,Danzig,Classy 'n Smart,Storm Bird,Terlingua,Mr. Prospector,Narrate,Raise a Native,Sweet Tooth,Salt Marsh,Jungle Mythologic,Deputy Minister,Primal Force,Relaunch,Thirty Zip,Sharpen Up,Trephine,Forli,Bitty Girl,Bold Reasoning,My Charmer,Secretariat,Lassie Dear,Fappiano,Demure,Spectacular Bid,Northern Fable,Raise a Native,Gold Digger,Secretariat,Tamerett,Northern Dancer,Pas de Nom,Smarten,No Class
202609010501,4,ダート,1800,稍重,未勝利,シャンハイボビー,トーホウシンバル,Harlan's Holiday,Steelin',ステイゴールド,トーホウローマン,Harlan,Christmas in Aiken,Orientate,Steel Band,サンデーサイレンス,ゴールデンサッシュ,ヘネシー,クロケタリー,Storm Cat,Country Romance,Affirmed,Dowager,Mt. Livermore,Dream Team,Carson City,ウェディングバンド,Halo,Wishing Well,ディクタス,ダイナサッシュ,Storm Cat,Island Kitty,Alydar,Croquis,Storm Bird,Terlingua,Halo,Sweet Romance,Exclusive Native,Won't Tell You,Honest Pleasure,Princessnesian,Blushing Groom,Flama Ardiente,Cox's Ridge,Likely Double,Mr. Prospector,Blushing Promise,Mighty Appealing,Ring of Steel,Hail to Reason,Cosmah,Understanding,Mountain Flower,Sanctus,Doronic,ノーザンテースト,ロイヤルサッシュ,Storm Bird,Terlingua,Hawaii,T. C. Kitten,Raise a Native,Sweet Tooth,Arts and Letters,Unity Hall
202609010501,5,ダート,1800,稍重,未勝利,パイロ,インディアマントゥアナ,Pulpit,Wild Vision,Wilburn,Speed Wagon,A.P. Indy,Preach,Wild Again,Carol's Wonder,Bernardini,Moonlight Sonata,Tomorrows Cat,Rajica,Seattle Slew,Weekend Surprise,Mr. Prospector,Narrate,Icecapade,Bushel-n-Peck,Pass the Tab,Carols Christmas,A.P. Indy,Cara Rafaela,Carson City,Wheatly Way,Storm Cat,Tomorrow's Child,El Baba,Brassica,Bold Reasoning,My Charmer,Secretariat,Lassie Dear,Raise a Native,Gold Digger,Honest Pleasure,State,Nearctic,Shenanigans,Khaled,Dama,Al Hattab,Dantina,Whitesburg,Light Verse,Seattle Slew,Weekend Surprise,Quiet American,Oil Fable,Mr. Prospector,Blushing Promise,Wheatly Hall,Family Way,Storm Bird,Terlingua,Al Nasr,Dantina,Raja Baba,Hail to El,Promised Land,Generals Sister
202609010501,6,ダート,1800,稍重,未勝利,クリソベリル,ランプフィーバー,ゴールドアリュール,クリソプレーズ,Ghostzapper,Gold Vault,サンデーサイレンス,ニキーヤ,エルコンドルパサー,キャサリーンパー,Awesome Again,Baby Zip,Arch,Questress,Halo,Wishing Well,Nureyev,Reluctant Guest,Kingmambo,サドラーズギャル,Riverman,Regal Exception,Deputy Minister,Primal Force,Relaunch,Thirty Zip,Kris S.,Aurora,Seeking the Gold,Nahema,Hail to Reason,Cosmah,Understanding,Mountain Flower,Northern Dancer,Special,Hostage,Vaguely Royal,Mr. Prospector,Miesque,Sadler's Wells,Glenveagh,Never Bend,River Lady,Ribot,Rajput Princess,Vice Regent,Mint Copy,Blushing Groom,Prime Prospect,In Reality,Foggy Note,Tri Jet,Sailaway,Roberto,Sharp Queen,Danzig,Althea,Mr. Prospector,Con Game,Believe It,Flickering Star
202609010501,7,ダート,1800,稍重,未勝利,モズアスコット,タイムピース,Frankel,India,ルーラーシップ,エアラグーン,Galileo,Kind,ヘネシー,Misty Hour,キングカメハメハ,エアグルーヴ,サンデーサイレンス,アイドリームドアドリーム,Sadler's Wells,Urban Sea,デインヒル,Rainbow Lake,Storm Cat,Island Kitty,Miswaki,Our Tina Marie,Kingmambo,マンファス,トニービン,ダイナカール,Halo,Wishing Well,Well Decorated,Hidden Trail,Northern Dancer,Fairy Bridge,Miswaki,Allegretta,Danzig,Razyana,Rainbow Quest,Rockfest,Storm Bird,Terlingua,Hawaii,T. C. Kitten,Mr. Prospector,Hopespringseternal,Nijinsky,Java Moon,Mr. Prospector,Miesque,ラストタイクーン,Pilot Bird,カンパラ,Severn Bridge,ノーザンテースト,シャダイフェザー,Hail to Reason,Cosmah,Understanding,Mountain Flower,Raja Baba,Paris Breeze,Gleaming,Tobacco Trail
202609010501,8,ダート,1800,稍重,未勝利,マテラスカイ,センターグランタス,Speightstown,Mostaqeleh,アグネスタキオン,センターライジング,Gone West,Silken Cat,Rahy,Istiqlal,サンデーサイレンス,アグネスフローラ,ヘクタープロテクター,ダイナオレンジ,Mr. Prospector,Secrettame,Storm Cat,Silken Doll,Blushing Groom,Glorious Song,Diesis,Wasnah,Halo,Wishing Well,ロイヤルスキー,アグネスレディー,Woodman,Korveya,ノーザンテースト,サワーオレンジ,Raise a Native,Gold Digger,Secretariat,Tamerett,Storm Bird,Terlingua,Chieftain,Insilca,Red God,Runaway Bride,Halo,Ballade,Sharpen Up,Doubly Sure,Nijinsky,Highest Trump,Hail to Reason,Cosmah,Understanding,Mountain Flower,Raja Baba,Coz o'Nijinsky,リマンド,イコマエイカン,Mr. Prospector,プレイメイト,Riverman,Konafa,Northern Dancer,Lady Victoria,Delta Judge,Lady Attica
202609010501,9,ダート,1800,稍重,未勝利,オルフェーヴル,ジョーダンエース,ステイゴールド,オリエンタルアート,エイシンフラッシュ,ダイヤモンドアスク,サンデーサイレンス,ゴールデンサッシュ,メジロマックイーン,エレクトロアート,キングズベスト,ムーンレディ,ジャングルポケット,フューチャサンデー,Halo,Wishing Well,ディクタス,ダイナサッシュ,メジロティターン,メジロオーロラ,ノーザンテースト,グランマスティーヴンス,Kingmambo,Allegretta,Platini,Midnight Fever,トニービン,ダンスチャーマー,サンデーサイレンス,アスクローザ,Hail to Reason,Cosmah,Understanding,Mountain Flower,Sanctus,Doronic,ノーザンテースト,ロイヤルサッシュ,メジロアサマ,シエリル,リマンド,メジロアイリス,Northern Dancer,Lady Victoria,Lt. Stevens,Dhow,Mr. Prospector,Miesque,Lombard,Anatevka,Surumu,Prairie Darling,Sure Blade,Majoritat,カンパラ,Severn Bridge,Nureyev,Skillful Joy,Halo,Wishing Well,リアルシャダイ,オオミーアキノ
202609010501,10,ダート,1800,稍重,未勝利,リアルインパクト,マイディスカバリー,ディープインパクト,トキオリアリティー,フォーティナイナー,マイグリーン,サンデーサイレンス,ウインドインハーヘア,Meadowlake,What a Reality,Mr. Prospector,File,ダンシングブレーヴ,マイサクセション,Halo,Wishing Well,Alzao,Burghclere,Hold Your Peace,Suspicious Native,In Reality,What Will Be,Raise a Native,Gold Digger,Tom Rolfe,Continue,Lyphard,Navajo Princess,クリミナルタイプ,My Juliet,Hail to Reason,Cosmah,Understanding,Mountain Flower,Lyphard,Lady Rebecca,Busted,Highclere,Speak John,Blue Moon,Raise a Native,Be Suspicious,Intentionally,My Dear Girl,Crozier,Solabar,Native Dancer,Raise You,Nashua,Sequence,Ribot,Pocahontas,Double Jay,Courtesy,Northern Dancer,Goofed,Drone,Olmec,Alydar,Klepto,Gallant Romeo,My Bupers
202609010501,11,ダート,1800,稍重,未勝利,ホッコータルマエ,チョコレートリリー,キングカメハメハ,マダムチェロキー,ウォーエンブレム,ラフィンムード,Kingmambo,マンファス,Cherokee Run,アンフォイルド,Our Emblem,Sweetest Lady,エルコンドルパサー,ファビラスラフイン,Mr. Prospector,Miesque,ラストタイクーン,Pilot Bird,Runaway Groom,Cherokee Dame,Unbridled,Bold Foil,Mr. Prospector,Personal Ensign,Lord at War,Sweetest Roman,Kingmambo,サドラーズギャル,Fabulous Dancer,Mercalle,Raise a Native,Gold Digger,Nureyev,Pasadoble,トライマイベスト,Mill Princess,Blakeney,The Dancer,Blushing Groom,Yonnie Girl,Silver Saber,Dame Francesca,Fappiano,Gana Facil,Bold Forbes,Perfect Foil,Raise a Native,Gold Digger,Private Account,Grecian Banner,General,Luna de Miel,The Pruner,I Also,Mr. Prospector,Miesque,Sadler's Wells,Glenveagh,Northern Dancer,Last of the Line,Kaldoun,Eole des Mers
202609010501,12,ダート,1800,稍重,未勝利,ベンバトル,ナンヨーサフラウア,Dubawi,Nahrain,アグネスタキオン,フサイチハッスル,Dubai Millennium,Zomaradah,Selkirk,Bahr,サンデーサイレンス,アグネスフローラ,トニービン,ダイナシュガー,Seeking the Gold,Colorado Dancer,Deploy,Jawaher,Sharpen Up,Annie Edge,ジェネラス,Lady of the Sea,Halo,Wishing Well,ロイヤルスキー,アグネスレディー,カンパラ,Severn Bridge,ノーザンテースト,サンドラターフ,Mr. Prospector,Con Game,Shareef Dancer,Fall Aspen,Shirley Heights,Slightly Dangerous,ダンシングブレーヴ,High Tern,エタン,Rocchetta,Nebbiolo,Friendly Court,Caerleon,Doff the Derby,Mill Reef,La Mer,Hail to Reason,Cosmah,Understanding,Mountain Flower,Raja Baba,Coz o'Nijinsky,リマンド,イコマエイカン,Kalamoun,State Pension,Hornbeam,Priddy Fair,Northern Dancer,Lady Victoria,ヒッティングアウェー,ロイヤルレジナ
202609010501,13,ダート,1800,稍重,未勝利,ディープブリランテ,セイラ,ディープインパクト,ラヴアンドバブルズ,スパイキュール,ナックオフィス,サンデーサイレンス,ウインドインハーヘア,Loup Sauvage,バブルドリーム,サンデーサイレンス,クラフテイワイフ,ジェネラス,ワールドマドンナ,Halo,Wishing Well,Alzao,Burghclere,Riverman,Louveterie,Akarad,バブルプロスペクター,Halo,Wishing Well,Crafty Prospector,Wife Mistress,Caerleon,Doff the Derby,サンプリンス,マリーオーギ,Hail to Reason,Cosmah,Understanding,Mountain Flower,Lyphard,Lady Rebecca,Busted,Highclere,Never Bend,River Lady,Nureyev,Lupe,Labus,Licata,Miswaki,バブルカンパニー,Hail to Reason,Cosmah,Understanding,Mountain Flower,Mr. Prospector,Real Crafty Lady,Secretariat,Political Payoff,Nijinsky,Foreseer,Master Derby,Margarethen,Princely Gift,Costa Sola,ダンディルート,アコメオーギ
202609010501,14,ダート,1800,稍重,未勝利,リアルインパクト,ラクテウスオルビス,ディープインパクト,トキオリアリティー,ホワイトマズル,スターフェスタ,サンデーサイレンス,ウインドインハーヘア,Meadowlake,What a Reality,ダンシングブレーヴ,Fair of the Furze,エリシオ,パラダイスムーン,Halo,Wishing Well,Alzao,Burghclere,Hold Your Peace,Suspicious Native,In Reality,What Will Be,Lyphard,Navajo Princess,Ela-Mana-Mou,Autocratic,Fairy King,Helice,Mr. Prospector,Beautiful Melody,Hail to Reason,Cosmah,Understanding,Mountain Flower,Lyphard,Lady Rebecca,Busted,Highclere,Speak John,Blue Moon,Raise a Native,Be Suspicious,Intentionally,My Dear Girl,Crozier,Solabar,Northern Dancer,Goofed,Drone,Olmec,ピットカーン,Rose Bertin,Tyrant,Flight Table,Northern Dancer,Fairy Bridge,Slewpy,Hirondelle,Raise a Native,Gold Digger,Alydar,Beautiful Spirit
202609010502,1,ダート,1400,稍重,未勝利,ヴァンゴッホ,トンボイ,American Pharoah,Imagine,アドマイヤマックス,ショウナンアオバ,Pioneerof the Nile,Littleprincessemma,Sadler's Wells,Doff the Derby,サンデーサイレンス,ダイナシュート,キングカメハメハ,ショウナンタイム,エンパイアメーカー,Star of Goshen,Yankee Gentleman,Exclusive Rosette,Northern Dancer,Fairy Bridge,Master Derby,Margarethen,Halo,Wishing Well,ノーザンテースト,シヤダイマイン,Kingmambo,マンファス,Gilded Time,Pennbrook's Lady,Unbridled,Toussaud,Lord at War,Castle Eight,Storm Cat,Key Phrase,Ecliptical,Zetta Jet,Nearctic,Natalma,Bold Reason,Special,ダストコマンダー,Madam Jerry,Tulyar,Russ-Marie,Hail to Reason,Cosmah,Understanding,Mountain Flower,Northern Dancer,Lady Victoria,ヒッティングアウェー,ファンシミン,Mr. Prospector,Miesque,ラストタイクーン,Pilot Bird,Timeless Moment,Gilded Lilly,Nasty and Bold,Chicanery
202609010502,2,ダート,1400,稍重,未勝利,アドマイヤムーン,レディマハロ,エンドスウィープ,マイケイティーズ,フォーティナイナー,アイスダンシング,フォーティナイナー,Broom Dance,サンデーサイレンス,ケイティーズファースト,Mr. Prospector,File,Chief's Crown,Single Blade,Mr. Prospector,File,Dance Spell,Witching Hour,Halo,Wishing Well,Kris,Katies,Raise a Native,Gold Digger,Tom Rolfe,Continue,Danzig,Six Crowns,Hatchet Man,Single Track,Raise a Native,Gold Digger,Tom Rolfe,Continue,Northern Dancer,Obeah,Thinking Cap,Enchanted Eve,Hail to Reason,Cosmah,Understanding,Mountain Flower,Sharpen Up,Doubly Sure,ノノアルコ,Mortefontaine,Native Dancer,Raise You,Nashua,Sequence,Ribot,Pocahontas,Double Jay,Courtesy,Northern Dancer,Pas de Nom,Secretariat,Chris Evert,The Axe,Bebopper,Stage Door Johnny,Clear Road
202609010502,3,ダート,1400,稍重,未勝利,イスラボニータ,ダイヤモンドギフト,フジキセキ,イスラコジーン,ブライアンズタイム,ダイヤモンドクイン,サンデーサイレンス,ミルレーサー,Cozzene,Isla Mujeres,Roberto,Kelley's Day,ラムタラ,ハギノトップレディ,Halo,Wishing Well,Le Fabuleux,Marston's Mill,Caro,Ride the Trails,Crafty Prospector,Lido Isle,Hail to Reason,Bramalea,Graustark,Golden Trail,Nijinsky,Snow Bride,サンシー,イツトー,Hail to Reason,Cosmah,Understanding,Mountain Flower,Wild Risk,Anguar,In Reality,Millicent,フォルティノ,Chambord,Prince John,Wildwook,Mr. Prospector,Real Crafty Lady,Far North,She Is Gorgeous,Turn-to,Nothirdchance,Nashua,Rarelea,Ribot,Flower Bowl,Hasty Road,Sunny Vale,Northern Dancer,Flaming Page,Blushing Groom,Awaasif,Sanctus,Wordys,ヴェンチア,ミスマルミチ
202609010502,4,ダート,1400,稍重,未勝利,ダノンプレミアム,ステップビヨンド,ディープインパクト,インディアナギャル,American Pharoah,Hoop of Colour,サンデーサイレンス,ウインドインハーヘア,Intikhab,Genial Jenny,Pioneerof the Nile,Littleprincessemma,Distorted Humor,Surya,Halo,Wishing Well,Alzao,Burghclere,Red Ransom,Crafty Example,デインヒル,Joma Kaanem,エンパイアメーカー,Star of Goshen,Yankee Gentleman,Exclusive Rosette,フォーティナイナー,Danzig's Beauty,Unbridled,Wild Planet,Hail to Reason,Cosmah,Understanding,Mountain Flower,Lyphard,Lady Rebecca,Busted,Highclere,Roberto,アラビア,Crafty Prospector,Zienelle,Danzig,Razyana,Double Form,Ash Lawn,Unbridled,Toussaud,Lord at War,Castle Eight,Storm Cat,Key Phrase,Ecliptical,Zetta Jet,Mr. Prospector,File,Danzig,Sweetest Chant,Fappiano,Gana Facil,Nureyev,Ivory Wings
202609010502,5,ダート,1400,稍重,未勝利,アメリカンペイトリオット,チャーリーズ,War Front,Life Well Lived,キングカメハメハ,タガノチャーリーズ,Danzig,Starry Dreamer,Tiznow,Well Dressed,Kingmambo,マンファス,Saint Ballado,Charlies Paradise,Northern Dancer,Pas de Nom,Rubiano,Lara's Star,Cee's Tizzy,Cee's Song,Notebook,Trithenia,Mr. Prospector,Miesque,ラストタイクーン,Pilot Bird,Halo,Ballade,Winrightt,Rajab's Treasure,Nearctic,Natalma,Admiral's Voyage,Petitioner,Fappiano,Ruby Slippers,Forli,True Reality,Relaunch,テイズリー,Seattle Song,Lonely Dancer,Well Decorated,Mobcap,Gold Meridian,Tri Argo,Raise a Native,Gold Digger,Nureyev,Pasadoble,トライマイベスト,Mill Princess,Blakeney,The Dancer,Hail to Reason,Cosmah,Herbager,Miss Swapsco,Distinctive,Fleet Lygia,Rajab,Yeroque
202609010502,6,ダート,1400,稍重,未勝利,イスラボニータ,スマートアルファ,フジキセキ,イスラコジーン,アグネスデジタル,ディスイズザライフ,サンデーサイレンス,ミルレーサー,Cozzene,Isla Mujeres,Crafty Prospector,Chancey Squaw,アグネスタキオン,スターマイライフ,Halo,Wishing Well,Le Fabuleux,Marston's Mill,Caro,Ride the Trails,Crafty Prospector,Lido Isle,Mr. Prospector,Real Crafty Lady,Chief's Crown,Allicance,サンデーサイレンス,アグネスフローラ,Storm Cat,Great Lady M.,Hail to Reason,Cosmah,Understanding,Mountain Flower,Wild Risk,Anguar,In Reality,Millicent,フォルティノ,Chambord,Prince John,Wildwook,Mr. Prospector,Real Crafty Lady,Far North,She Is Gorgeous,Raise a Native,Gold Digger,In Reality,Princess Roycraft,Danzig,Six Crowns,Alleged,Runaway Bride,Halo,Wishing Well,ロイヤルスキー,アグネスレディー,Storm Bird,Terlingua,Icecapade,Sovereign Lady
202609010502,7,ダート,1400,稍重,未勝利,ドレフォン,ラーゴブルー,Gio Ponti,Eltimaas,ハーツクライ,ベネンシアドール,Tale of the Cat,Chipeta Springs,Ghostzapper,Najecam,サンデーサイレンス,アイリッシュダンス,キングカメハメハ,フェアリードール,Storm Cat,Yarn,Alydar,Salt Spring,Awesome Again,Baby Zip,Trempolino,Sue Warner,Halo,Wishing Well,トニービン,ビューパーダンス,Kingmambo,マンファス,Nureyev,Dream Deal,Storm Bird,Terlingua,Mr. Prospector,Narrate,Raise a Native,Sweet Tooth,Salt Marsh,Jungle Mythologic,Deputy Minister,Primal Force,Relaunch,Thirty Zip,Sharpen Up,Trephine,Forli,Bitty Girl,Hail to Reason,Cosmah,Understanding,Mountain Flower,カンパラ,Severn Bridge,Lyphard,My Bupers,Mr. Prospector,Miesque,ラストタイクーン,Pilot Bird,Northern Dancer,Special,Sharpen Up,Likely Exchange
202609010502,8,ダート,1400,稍重,未勝利,イスラボニータ,ハッシュゴーゴー,フジキセキ,イスラコジーン,アサクサキングス,ハッシュバンバン,サンデーサイレンス,ミルレーサー,Cozzene,Isla Mujeres,ホワイトマズル,クルーピアスター,Kaldoun,Horphaly,Halo,Wishing Well,Le Fabuleux,Marston's Mill,Caro,Ride the Trails,Crafty Prospector,Lido Isle,ダンシングブレーヴ,Fair of the Furze,サンデーサイレンス,クルーピアレディー,Caro,Katana,Pharly,Hollydja,Hail to Reason,Cosmah,Understanding,Mountain Flower,Wild Risk,Anguar,In Reality,Millicent,フォルティノ,Chambord,Prince John,Wildwook,Mr. Prospector,Real Crafty Lady,Far North,She Is Gorgeous,Lyphard,Navajo Princess,Ela-Mana-Mou,Autocratic,Halo,Wishing Well,What Luck,Question d'Argent,フォルティノ,Chambord,Le Haar,Embellie,Lyphard,Comely,Djakao,Hollybrook
202609010502,9,ダート,1400,稍重,未勝利,フィレンツェファイア,マリアン,Poseidon's Warrior,My Every Wish,キンシャサノキセキ,スイートスズラン,Speightstown,Poised to Pounce,Langfuhr,Mille Lacs,フジキセキ,ケルトシャーン,シンボリクリスエス,スイートケンメア,Gone West,Silken Cat,Smarten,Lady Lyndy,Danzig,Sweet Briar Too,Unbridled,With Every Wish,サンデーサイレンス,ミルレーサー,Pleasant Colony,Featherhill,Kris S.,Tee Kay,Kenmare,スイートテイタニア,Mr. Prospector,Secrettame,Storm Cat,Silken Doll,Cyane,Smartaire,Bold Favorite,Counterflight,Northern Dancer,Pas de Nom,Briartic,Prima Babu Gum,Fappiano,Gana Facil,Lear Fan,Amo,Halo,Wishing Well,Le Fabuleux,Marston's Mill,His Majesty,Sun Colony,Lyphard,Lady Berry,Roberto,Sharp Queen,Gold Meridian,Tri Argo,Kalamoun,Belle of Ireland,Fabulous Dancer,Contestation
202609010502,10,ダート,1400,稍重,未勝利,ファインニードル,クインズチャパラ,アドマイヤムーン,ニードルクラフト,ロードカナロア,ネネグース,エンドスウィープ,マイケイティーズ,Mark of Esteem,Sharp Point,キングカメハメハ,レディブラッサム,クロフネ,サンスプリング,フォーティナイナー,Broom Dance,サンデーサイレンス,ケイティーズファースト,Darshaan,Homage,ロイヤルアカデミー,Nice Point,Kingmambo,マンファス,Storm Cat,サラトガデュー,フレンチデピュティ,ブルーアヴェニュー,サザンヘイロー,Spring Light,Mr. Prospector,File,Dance Spell,Witching Hour,Halo,Wishing Well,Kris,Katies,Shirley Heights,Delsy,Ajdal,Home Love,Nijinsky,Crimson Saint,Sharpen Up,Alpine Niece,Mr. Prospector,Miesque,ラストタイクーン,Pilot Bird,Storm Bird,Terlingua,Cormorant,Super Luna,Deputy Minister,Mitterand,Classic Go Go,Eliza Blue,Halo,Northern Sea,More Light,Song of Spring
202609010502,11,ダート,1400,稍重,未勝利,シルバーステート,サマーコード,ディープインパクト,シルヴァースカヤ,スターリングローズ,スーパーラヴァー,サンデーサイレンス,ウインドインハーヘア,Silver Hawk,Boubskaia,アフリート,コマーズ,Silver Deputy,サウスオードリー,Halo,Wishing Well,Alzao,Burghclere,Roberto,Gris Vitesse,Niniski,Frenetique,Mr. Prospector,Polite Lady,Danzig,ミドルマーチ,Deputy Minister,Silver Valley,Gulch,Madam North,Hail to Reason,Cosmah,Understanding,Mountain Flower,Lyphard,Lady Rebecca,Busted,Highclere,Hail to Reason,Bramalea,Amerigo,Matchiche,Nijinsky,Virginia Hills,Tyrant,Femina,Raise a Native,Gold Digger,Venetian Jester,Friendly Ways,Northern Dancer,Pas de Nom,Buckpasser,Nice Princess,Vice Regent,Mint Copy,Mr. Prospector,Seven Valleys,Mr. Prospector,Jameela,Halo,Raise the Standard
202609010502,12,ダート,1400,稍重,未勝利,ビッグアーサー,ブライトガーランド,サクラバクシンオー,シヤボナ,ダイワメジャー,ブリリアントレイ,サクラユタカオー,サクラハゴロモ,Kingmambo,Relish,サンデーサイレンス,スカーレットブーケ,キングカメハメハ,ブラダマンテ,テスコボーイ,アンジェリカ,ノーザンテースト,クリアアンバー,Mr. Prospector,Miesque,Sadler's Wells,Reloy,Halo,Wishing Well,ノーザンテースト,スカーレットインク,Kingmambo,マンファス,Roberto,Sulemeif,Princely Gift,Suncourt,ネヴァービート,スターハイネス,Northern Dancer,Lady Victoria,Ambiopoise,One Clear Call,Raise a Native,Gold Digger,Nureyev,Pasadoble,Northern Dancer,Fairy Bridge,Liloy,Rescousse,Hail to Reason,Cosmah,Understanding,Mountain Flower,Northern Dancer,Lady Victoria,Crimson Satan,Consentida,Mr. Prospector,Miesque,ラストタイクーン,Pilot Bird,Hail to Reason,Bramalea,Northern Dancer,Barely Even
202609010502,13,ダート,1400,稍重,未勝利,マクフィ,アーキタイプ,Dubawi,Dhelaal,ディープインパクト,ウィステリアアーチ,Dubai Millennium,Zomaradah,Green Desert,Irish Valley,サンデーサイレンス,ウインドインハーヘア,キングカメハメハ,バービキャット,Seeking the Gold,Colorado Dancer,Deploy,Jawaher,Danzig,Foreign Courier,Irish River,Green Valley,Halo,Wishing Well,Alzao,Burghclere,Kingmambo,マンファス,Storm Cat,Barbarika,Mr. Prospector,Con Game,Shareef Dancer,Fall Aspen,Shirley Heights,Slightly Dangerous,ダンシングブレーヴ,High Tern,Northern Dancer,Pas de Nom,Sir Ivor,Courtly Dee,Riverman,Irish Star,Val de Loir,Sly Pola,Hail to Reason,Cosmah,Understanding,Mountain Flower,Lyphard,Lady Rebecca,Busted,Highclere,Mr. Prospector,Miesque,ラストタイクーン,Pilot Bird,Storm Bird,Terlingua,Bates Motel,War Exchange
202609010502,14,ダート,1400,稍重,未勝利,シニスターミニスター,アーサーズシスター,Old Trieste,Sweet Minister,ダイワメジャー,シヤボナ,A.P. Indy,Lovlier Linda,The Prime Minister,Sweet Blue,サンデーサイレンス,スカーレットブーケ,Kingmambo,Relish,Seattle Slew,Weekend Surprise,Vigors,Linda Summers,Deputy Minister,Stick to Beauty,Hurry Up Blue,Sugar Gold,Halo,Wishing Well,ノーザンテースト,スカーレットインク,Mr. Prospector,Miesque,Sadler's Wells,Reloy,Bold Reasoning,My Charmer,Secretariat,Lassie Dear,Grey Dawn,Relifordie,Crozier,Queenly Gift,Vice Regent,Mint Copy,Illustrious,Hail to Beauty,Mr. Leader,Blue Baroness,Mr. Prospector,Miss Ironside,Hail to Reason,Cosmah,Understanding,Mountain Flower,Northern Dancer,Lady Victoria,Crimson Satan,Consentida,Raise a Native,Gold Digger,Nureyev,Pasadoble,Northern Dancer,Fairy Bridge,Liloy,Rescousse
202609010502,15,ダート,1400,稍重,未勝利,バンブーエール,ヴィダロマンティカ,アフリート,レインボーウッド,リアルインパクト,タッチミーベイブ,Mr. Prospector,Polite Lady,Rainbow Quest,Priceless Fame,ディープインパクト,トキオリアリティー,E Dubai,Make Contact,Raise a Native,Gold Digger,Venetian Jester,Friendly Ways,Blushing Groom,I Will Follow,Irish Castle,Comely Nell,サンデーサイレンス,ウインドインハーヘア,Meadowlake,What a Reality,Mr. Prospector,Words of War,Time to Explode,Silken Moment,Native Dancer,Raise You,Nashua,Sequence,Tom Fool,Venice,Green Ticket,Ways to Learn,Red God,Runaway Bride,Herbager,Where You Lead,Bold Ruler,Castle Forbes,Commodore M.,Nellie L.,Halo,Wishing Well,Alzao,Burghclere,Hold Your Peace,Suspicious Native,In Reality,What Will Be,Raise a Native,Gold Digger,Lord at War,Right Word,Explodent,Timely Queen,Timeless Moment,Silk Lilly
202609010502,16,ダート,1400,稍重,未勝利,ヴァンゴッホ,メイショウハナグシ,American Pharoah,Imagine,ブラックタイド,メイショウガザニア,Pioneerof the Nile,Littleprincessemma,Sadler's Wells,Doff the Derby,サンデーサイレンス,ウインドインハーヘア,キングヘイロー,メイショウモモカ,エンパイアメーカー,Star of Goshen,Yankee Gentleman,Exclusive Rosette,Northern Dancer,Fairy Bridge,Master Derby,Margarethen,Halo,Wishing Well,Alzao,Burghclere,ダンシングブレーヴ,グッバイヘイロー,グラスワンダー,メイショウアヤメ,Unbridled,Toussaud,Lord at War,Castle Eight,Storm Cat,Key Phrase,Ecliptical,Zetta Jet,Nearctic,Natalma,Bold Reason,Special,ダストコマンダー,Madam Jerry,Tulyar,Russ-Marie,Hail to Reason,Cosmah,Understanding,Mountain Flower,Lyphard,Lady Rebecca,Busted,Highclere,Lyphard,Navajo Princess,Halo,Pound Foolish,Silver Hawk,Ameriflora,ジェイドロバリー,ウイルムーン
202609010503,1,ダート,2000,稍重,未勝利,パイロ,アドマイヤジュエル,Pulpit,Wild Vision,アドマイヤベガ,スエヒロジョウオー,A.P. Indy,Preach,Wild Again,Carol's Wonder,サンデーサイレンス,ベガ,トウショウペガサス,イセスズカ,Seattle Slew,Weekend Surprise,Mr. Prospector,Narrate,Icecapade,Bushel-n-Peck,Pass the Tab,Carols Christmas,Halo,Wishing Well,トニービン,アンティックヴァリュー,ダンディルート,ソシアルトウショウ,マルゼンスキー,サリュウエイシヨン,Bold Reasoning,My Charmer,Secretariat,Lassie Dear,Raise a Native,Gold Digger,Honest Pleasure,State,Nearctic,Shenanigans,Khaled,Dama,Al Hattab,Dantina,Whitesburg,Light Verse,Hail to Reason,Cosmah,Understanding,Mountain Flower,カンパラ,Severn Bridge,Northern Dancer,Moonscape,Luthier,Dentrelic,ヴェンチア,ソシアルバターフライ,Nijinsky,シル,インファチュエイション,ミスヤマナカ
202609010503,2,ダート,2000,稍重,未勝利,ロジャーバローズ,ネガイ,ディープインパクト,リトルブック,ルーラーシップ,ラヴィアンフルール,サンデーサイレンス,ウインドインハーヘア,Librettist,Cal Norma's Lady,キングカメハメハ,エアグルーヴ,ステイゴールド,フィジーガール,Halo,Wishing Well,Alzao,Burghclere,Danzig,Mysterial,リファーズスペシャル,June Darling,Kingmambo,マンファス,トニービン,ダイナカール,サンデーサイレンス,ゴールデンサッシュ,カコイーシーズ,ツバキヒメ,Hail to Reason,Cosmah,Understanding,Mountain Flower,Lyphard,Lady Rebecca,Busted,Highclere,Northern Dancer,Pas de Nom,Alleged,Mysteries,Lyphard,My Bupers,ジュニアス,Beau Darling,Mr. Prospector,Miesque,ラストタイクーン,Pilot Bird,カンパラ,Severn Bridge,ノーザンテースト,シャダイフェザー,Halo,Wishing Well,ディクタス,ダイナサッシュ,Alydar,Careless Notion,マルゼンスキー,ヒルガオ
202609010503,3,ダート,2000,稍重,未勝利,クリソベリル,エイシンピカデリー,ゴールドアリュール,クリソプレーズ,Hard Spun,Lady's Laughter,サンデーサイレンス,ニキーヤ,エルコンドルパサー,キャサリーンパー,Danzig,Turkish Tryst,Distorted Humor,Lady Tap,Halo,Wishing Well,Nureyev,Reluctant Guest,Kingmambo,サドラーズギャル,Riverman,Regal Exception,Northern Dancer,Pas de Nom,Turkoman,Darbyvail,フォーティナイナー,Danzig's Beauty,Pleasant Tap,Chelseanna,Hail to Reason,Cosmah,Understanding,Mountain Flower,Northern Dancer,Special,Hostage,Vaguely Royal,Mr. Prospector,Miesque,Sadler's Wells,Glenveagh,Never Bend,River Lady,Ribot,Rajput Princess,Nearctic,Natalma,Admiral's Voyage,Petitioner,Alydar,Taba,Roberto,Luiana,Mr. Prospector,File,Danzig,Sweetest Chant,Pleasant Colony,Never Knock,ナイスダンサー,Lady Cornwall
202609010503,4,ダート,2000,稍重,未勝利,キズナ,サトノジェイド,ディープインパクト,キャットクイル,Cape Cross,ミスティックリップス,サンデーサイレンス,ウインドインハーヘア,Storm Cat,Pacific Princess,Green Desert,Park Appeal,ジェネラス,Majorata,Halo,Wishing Well,Alzao,Burghclere,Storm Bird,Terlingua,Damascus,Fiji,Danzig,Foreign Courier,Ahonoora,Balidaress,Caerleon,Doff the Derby,Acatenango,Majoritat,Hail to Reason,Cosmah,Understanding,Mountain Flower,Lyphard,Lady Rebecca,Busted,Highclere,Northern Dancer,South Ocean,Secretariat,Crimson Saint,Sword Dancer,Kerala,Acropolis,Rififi,Northern Dancer,Pas de Nom,Sir Ivor,Courtly Dee,Lorenzaccio,Helen Nichols,Balidar,Innocence,Nijinsky,Foreseer,Master Derby,Margarethen,Surumu,Aggravate,Konigsstuhl,Monacchia
202609010503,5,ダート,2000,稍重,未勝利,デクラレーションオブウォー,リンネ,War Front,Tempo West,ワイルドラッシュ,ペケジェイ,Danzig,Starry Dreamer,Rahy,Tempo,Wild Again,Rose Park,Tiznow,スイートテイスト,Northern Dancer,Pas de Nom,Rubiano,Lara's Star,Blushing Groom,Glorious Song,Gone West,Terpsichorist,Icecapade,Bushel-n-Peck,Plugged Nickle,Hardship,Cee's Tizzy,Cee's Song,Salt Lake,Say What You Mean,Nearctic,Natalma,Admiral's Voyage,Petitioner,Fappiano,Ruby Slippers,Forli,True Reality,Red God,Runaway Bride,Halo,Ballade,Mr. Prospector,Secrettame,Nijinsky,Glad Rags,Nearctic,Shenanigans,Khaled,Dama,Key to the Mint,Toll Booth,Drone,Hard and Fast,Relaunch,テイズリー,Seattle Song,Lonely Dancer,Deputy Minister,Take Lady Anne,ジャッジャー,Call the Queen
202609010503,6,ダート,2000,稍重,未勝利,ルヴァンスレーヴ,メジロコウミョウ,シンボリクリスエス,マエストラーレ,キングカメハメハ,メジロルルド,Kris S.,Tee Kay,ネオユニヴァース,オータムブリーズ,Kingmambo,マンファス,サンデーサイレンス,メジロドーベル,Roberto,Sharp Queen,Gold Meridian,Tri Argo,サンデーサイレンス,ポインテッドパス,ティンバーカントリー,セプテンバーソング,Mr. Prospector,Miesque,ラストタイクーン,Pilot Bird,Halo,Wishing Well,メジロライアン,メジロビューティー,Hail to Reason,Bramalea,Princequillo,Bridgework,Seattle Slew,Queen Louie,Tri Jet,Hail Proudly,Halo,Wishing Well,Kris,Silken Way,Woodman,Fall Aspen,リアルシャダイ,ダイナフェアリー,Raise a Native,Gold Digger,Nureyev,Pasadoble,トライマイベスト,Mill Princess,Blakeney,The Dancer,Hail to Reason,Cosmah,Understanding,Mountain Flower,アンバーシャダイ,メジロチェイサー,パーソロン,メジロナガサキ
202609010503,7,ダート,2000,稍重,未勝利,アジアエクスプレス,ベストオブミー,ヘニーヒューズ,ランニングボブキャッツ,ブライアンズタイム,フラワーアーチ,ヘネシー,Meadow Flyer,Running Stag,Backatem,Roberto,Kelley's Day,Nashwan,Forest Flower,Storm Cat,Island Kitty,Meadowlake,Shortley,Cozzene,Fruhlingstag,Notebook,Deputy's Mistress,Hail to Reason,Bramalea,Graustark,Golden Trail,Blushing Groom,Height of Fashion,Green Forest,Leap Lively,Storm Bird,Terlingua,Hawaii,T. C. Kitten,Hold Your Peace,Suspicious Native,Hagley,Short Winded,Caro,Ride the Trails,Orsini,Revada,Well Decorated,Mobcap,Deputy Minister,River Crossing,Turn-to,Nothirdchance,Nashua,Rarelea,Ribot,Flower Bowl,Hasty Road,Sunny Vale,Red God,Runaway Bride,Bustino,Highclere,Shecky Greene,Tell Meno Lies,Nijinsky,Quilloquick
202609010503,8,ダート,2000,稍重,未勝利,リオンディーズ,ヒムノティック,キングカメハメハ,シーザリオ,War Front,Orate,Kingmambo,マンファス,スペシャルウィーク,キロフプリミエール,Danzig,Starry Dreamer,A.P. Indy,Preach,Mr. Prospector,Miesque,ラストタイクーン,Pilot Bird,サンデーサイレンス,キャンペンガール,Sadler's Wells,Querida,Northern Dancer,Pas de Nom,Rubiano,Lara's Star,Seattle Slew,Weekend Surprise,Mr. Prospector,Narrate,Raise a Native,Gold Digger,Nureyev,Pasadoble,トライマイベスト,Mill Princess,Blakeney,The Dancer,Halo,Wishing Well,マルゼンスキー,レディーシラオキ,Northern Dancer,Fairy Bridge,Habitat,Principia,Nearctic,Natalma,Admiral's Voyage,Petitioner,Fappiano,Ruby Slippers,Forli,True Reality,Bold Reasoning,My Charmer,Secretariat,Lassie Dear,Raise a Native,Gold Digger,Honest Pleasure,State
202609010503,9,ダート,2000,稍重,未勝利,キズナ,インフレイムド,ディープインパクト,キャットクイル,Unusual Heat,Little Hottie,サンデーサイレンス,ウインドインハーヘア,Storm Cat,Pacific Princess,Nureyev,Rossard,Afternoon Deelites,Mistrely,Halo,Wishing Well,Alzao,Burghclere,Storm Bird,Terlingua,Damascus,Fiji,Northern Dancer,Special,Glacial,Peas-Blossom,Private Terms,Intimate Girl,Miswaki,Minstrely,Hail to Reason,Cosmah,Understanding,Mountain Flower,Lyphard,Lady Rebecca,Busted,Highclere,Northern Dancer,South Ocean,Secretariat,Crimson Saint,Sword Dancer,Kerala,Acropolis,Rififi,Nearctic,Natalma,Forli,Thong,Pardal,Glacis,Midsummer Night,Fan Light,Private Account,Laughter,Medaille d'Or,Hot Food,Mr. Prospector,Hopespringseternal,The Minstrel,Politely
202609010503,10,ダート,2000,稍重,未勝利,クリソベリル,ルーレットクイーン,ゴールドアリュール,クリソプレーズ,ドリームジャーニー,ペレブラッサム,サンデーサイレンス,ニキーヤ,エルコンドルパサー,キャサリーンパー,ステイゴールド,オリエンタルアート,ダンシングブレーヴ,サークルショウワ,Halo,Wishing Well,Nureyev,Reluctant Guest,Kingmambo,サドラーズギャル,Riverman,Regal Exception,サンデーサイレンス,ゴールデンサッシュ,メジロマックイーン,エレクトロアート,Lyphard,Navajo Princess,モンテプリンス,サークルカマダ,Hail to Reason,Cosmah,Understanding,Mountain Flower,Northern Dancer,Special,Hostage,Vaguely Royal,Mr. Prospector,Miesque,Sadler's Wells,Glenveagh,Never Bend,River Lady,Ribot,Rajput Princess,Halo,Wishing Well,ディクタス,ダイナサッシュ,メジロティターン,メジロオーロラ,ノーザンテースト,グランマスティーヴンス,Northern Dancer,Goofed,Drone,Olmec,シーホーク,モンテオーカン,ヒデチカラ,キングスサークル
202609010503,11,ダート,2000,稍重,未勝利,ホッコータルマエ,スピーナ,キングカメハメハ,マダムチェロキー,ハーツクライ,ローズキャサリン,Kingmambo,マンファス,Cherokee Run,アンフォイルド,サンデーサイレンス,アイリッシュダンス,Speightstown,Great Plains Lady,Mr. Prospector,Miesque,ラストタイクーン,Pilot Bird,Runaway Groom,Cherokee Dame,Unbridled,Bold Foil,Halo,Wishing Well,トニービン,ビューパーダンス,Gone West,Silken Cat,Peaks and Valleys,Frans Lass,Raise a Native,Gold Digger,Nureyev,Pasadoble,トライマイベスト,Mill Princess,Blakeney,The Dancer,Blushing Groom,Yonnie Girl,Silver Saber,Dame Francesca,Fappiano,Gana Facil,Bold Forbes,Perfect Foil,Hail to Reason,Cosmah,Understanding,Mountain Flower,カンパラ,Severn Bridge,Lyphard,My Bupers,Mr. Prospector,Secrettame,Storm Cat,Silken Doll,Mt. Livermore,Strike a Balance,Shanekite,Metropo's Lass
202609010503,12,ダート,2000,稍重,未勝利,エピファネイア,マーチャンテイマー,シンボリクリスエス,シーザリオ,クロフネ,マサコチャン,Kris S.,Tee Kay,スペシャルウィーク,キロフプリミエール,フレンチデピュティ,ブルーアヴェニュー,サンデーサイレンス,チヨダマサコ,Roberto,Sharp Queen,Gold Meridian,Tri Argo,サンデーサイレンス,キャンペンガール,Sadler's Wells,Querida,Deputy Minister,Mitterand,Classic Go Go,Eliza Blue,Halo,Wishing Well,ラバージョン,ミスオーハヤブサ,Hail to Reason,Bramalea,Princequillo,Bridgework,Seattle Slew,Queen Louie,Tri Jet,Hail Proudly,Halo,Wishing Well,マルゼンスキー,レディーシラオキ,Northern Dancer,Fairy Bridge,Habitat,Principia,Vice Regent,Mint Copy,Hold Your Peace,Laredo Lass,Pago Pago,Classic Perfection,Icecapade,コレラ,Hail to Reason,Cosmah,Understanding,Mountain Flower,Damascus,Evening Primrose,パーソロン,ワールドハヤブサ
202609010503,13,ダート,2000,稍重,未勝利,ノヴェリスト,シチリアーナ,Monsun,Night Lagoon,メイショウオウドウ,プラチナレディー,Konigsstuhl,Mosella,Lagunas,Nenuphar,サンデーサイレンス,アルタデナ,ラストタイクーン,ビュティフルクイン,Dschingis Khan,Konigskronung,Surumu,Monasia,イルドブルボン,Liranga,Night Shift,Narola,Halo,Wishing Well,Lyphard,Lacovia,トライマイベスト,Mill Princess,トウショウボーイ,ヒロオスミレ,Tamerlane,Donna Diana,Tiepoletto,Kronung,Literat,Surama,Authi,Monacensia,Nijinsky,Roseliere,Literat,Love In,Northern Dancer,Ciboulette,Nebos,Nubia,Hail to Reason,Cosmah,Understanding,Mountain Flower,Northern Dancer,Goofed,Majestic Light,Hope for All,Northern Dancer,Sex Appeal,Mill Reef,Irish Lass,テスコボーイ,ソシアルバターフライ,ハクホオショウ,ヒガシエイト
202609010504,1,芝,2400,稍重,未勝利,コントレイル,スルターナ,ディープインパクト,ロードクロサイト,キングヘイロー,ラヴァーズレーン,サンデーサイレンス,ウインドインハーヘア,Unbridled's Song,Folklore,ダンシングブレーヴ,グッバイヘイロー,メジロライアン,モガミヒメ,Halo,Wishing Well,Alzao,Burghclere,Unbridled,Trolley Song,Tiznow,Contrive,Lyphard,Navajo Princess,Halo,Pound Foolish,アンバーシャダイ,メジロチェイサー,カコイーシーズ,モガミポイント,Hail to Reason,Cosmah,Understanding,Mountain Flower,Lyphard,Lady Rebecca,Busted,Highclere,Fappiano,Gana Facil,Caro,Lucky Spell,Cee's Tizzy,Cee's Song,Storm Cat,Jeano,Northern Dancer,Goofed,Drone,Olmec,Hail to Reason,Cosmah,Sir Ivor,Squander,ノーザンテースト,クリアアンバー,メジロサンマン,シエリル,Alydar,Careless Notion,マルゼンスキー,ポイントメーカー
202609010504,2,芝,2400,稍重,未勝利,キタサンブラック,デルマカトリーナ,ブラックタイド,シュガーハート,Ghostzapper,Ruthian,サンデーサイレンス,ウインドインハーヘア,サクラバクシンオー,オトメゴコロ,Awesome Again,Baby Zip,Rahy,Adoryphar,Halo,Wishing Well,Alzao,Burghclere,サクラユタカオー,サクラハゴロモ,ジャッジアンジェルーチ,テイズリー,Deputy Minister,Primal Force,Relaunch,Thirty Zip,Blushing Groom,Glorious Song,Lyphard,Adorable Micol,Hail to Reason,Cosmah,Understanding,Mountain Flower,Lyphard,Lady Rebecca,Busted,Highclere,テスコボーイ,アンジェリカ,ノーザンテースト,クリアアンバー,Honest Pleasure,Victorian Queen,Lyphard,Tizna,Vice Regent,Mint Copy,Blushing Groom,Prime Prospect,In Reality,Foggy Note,Tri Jet,Sailaway,Red God,Runaway Bride,Halo,Ballade,Northern Dancer,Goofed,Riverman,Turn to Me
202609010504,3,芝,2400,稍重,未勝利,キセキ,ナムラジュノー,ルーラーシップ,ブリッツフィナーレ,トーセンホマレボシ,ナムラビーム,キングカメハメハ,エアグルーヴ,ディープインパクト,ロンドンブリッジ,ディープインパクト,エヴリウィスパー,スウェプトオーヴァーボード,クールベット,Kingmambo,マンファス,トニービン,ダイナカール,サンデーサイレンス,ウインドインハーヘア,ドクターデヴィアス,オールフォーロンドン,サンデーサイレンス,ウインドインハーヘア,ノーザンテースト,クラフテイワイフ,エンドスウィープ,Sheer Ice,キングヘイロー,キープイットアップ,Mr. Prospector,Miesque,ラストタイクーン,Pilot Bird,カンパラ,Severn Bridge,ノーザンテースト,シャダイフェザー,Halo,Wishing Well,Alzao,Burghclere,Ahonoora,Rose of Jericho,Danzig,Full Card,Halo,Wishing Well,Alzao,Burghclere,Northern Dancer,Lady Victoria,Crafty Prospector,Wife Mistress,フォーティナイナー,Broom Dance,Cutlass,Hey Dolly A.,ダンシングブレーヴ,グッバイヘイロー,モガミチャンピオン,イツトー
202609010504,4,芝,2400,稍重,未勝利,コントレイル,モアナ,ディープインパクト,ロードクロサイト,キンシャサノキセキ,プロミネント,サンデーサイレンス,ウインドインハーヘア,Unbridled's Song,Folklore,フジキセキ,ケルトシャーン,タイキシャトル,プロモーション,Halo,Wishing Well,Alzao,Burghclere,Unbridled,Trolley Song,Tiznow,Contrive,サンデーサイレンス,ミルレーサー,Pleasant Colony,Featherhill,Devil's Bag,ウェルシュマフィン,ヘクタープロテクター,アサーション,Hail to Reason,Cosmah,Understanding,Mountain Flower,Lyphard,Lady Rebecca,Busted,Highclere,Fappiano,Gana Facil,Caro,Lucky Spell,Cee's Tizzy,Cee's Song,Storm Cat,Jeano,Halo,Wishing Well,Le Fabuleux,Marston's Mill,His Majesty,Sun Colony,Lyphard,Lady Berry,Halo,Ballade,Caerleon,Muffitys,Woodman,Korveya,Assert,Yes Please
202609010504,5,芝,2400,稍重,未勝利,マインドユアビスケッツ,ブルーインザスカイ,Posse,Jazzmane,チチカステナンゴ,レンデフルール,Silver Deputy,Raska,Toccet,Alljazz,Smadoun,スマラ,ブライアンズタイム,フローラルマジック,Deputy Minister,Silver Valley,Rahy,Borishka,Awesome Again,Cozzene's Angel,Stop the Music,Bounteous,Kaldoun,Mossma,Antheus,Small Partie,Roberto,Kelley's Day,Affirmed,Rare Lady,Vice Regent,Mint Copy,Mr. Prospector,Seven Valleys,Blushing Groom,Glorious Song,Roberto,Queen Maud,Deputy Minister,Primal Force,Cozzene,Charming Pan,Hail to Reason,Bebopper,Master Derby,Mlle. Quille,Caro,Katana,Tip Moss,Ticma,Northern Dancer,Apachee,Fabulous Dancer,Summer Parties,Hail to Reason,Bramalea,Graustark,Golden Trail,Exclusive Native,Won't Tell You,Never Bend,Double Agent
202609010504,6,芝,2400,稍重,未勝利,コントレイル,ファヴォーラ,ディープインパクト,ロードクロサイト,Frankel,グッドウッドマーチ,サンデーサイレンス,ウインドインハーヘア,Unbridled's Song,Folklore,Galileo,Kind,Foxhound,Military Tune,Halo,Wishing Well,Alzao,Burghclere,Unbridled,Trolley Song,Tiznow,Contrive,Sadler's Wells,Urban Sea,デインヒル,Rainbow Lake,Danzig,Lassie Dear,Nashwan,Martingale,Hail to Reason,Cosmah,Understanding,Mountain Flower,Lyphard,Lady Rebecca,Busted,Highclere,Fappiano,Gana Facil,Caro,Lucky Spell,Cee's Tizzy,Cee's Song,Storm Cat,Jeano,Northern Dancer,Fairy Bridge,Miswaki,Allegretta,Danzig,Razyana,Rainbow Quest,Rockfest,Northern Dancer,Pas de Nom,Buckpasser,Gay Missile,Blushing Groom,Height of Fashion,Luthier,Moonmadness
202609010504,7,芝,2400,稍重,未勝利,ノーブルミッション,サンデーアゲイン,Galileo,Kind,マーベラスサンデー,シルキーアゲイン,Sadler's Wells,Urban Sea,デインヒル,Rainbow Lake,サンデーサイレンス,モミジダンサー,ブライアンズタイム,ビワナタシュカ,Northern Dancer,Fairy Bridge,Miswaki,Allegretta,Danzig,Razyana,Rainbow Quest,Rockfest,Halo,Wishing Well,ヴァイスリーガル,モミジ,Roberto,Kelley's Day,Time for a Change,バウンドトゥダンス,Nearctic,Natalma,Bold Reason,Special,Mr. Prospector,Hopespringseternal,Lombard,Anatevka,Northern Dancer,Pas de Nom,His Majesty,Spring Adieu,Blushing Groom,I Will Follow,Stage Door Johnny,Rock Garden,Hail to Reason,Cosmah,Understanding,Mountain Flower,Northern Dancer,Victoria Regina,Laugh Aloud,Hold Me Close,Hail to Reason,Bramalea,Graustark,Golden Trail,Damascus,Resolver,Northern Dancer,Truly Bound
202609010504,8,芝,2400,稍重,未勝利,ファインニードル,マンノアクトレス,アドマイヤムーン,ニードルクラフト,ハーツクライ,ウェーブクイーン,エンドスウィープ,マイケイティーズ,Mark of Esteem,Sharp Point,サンデーサイレンス,アイリッシュダンス,サッカーボーイ,マウンテンクィーン,フォーティナイナー,Broom Dance,サンデーサイレンス,ケイティーズファースト,Darshaan,Homage,ロイヤルアカデミー,Nice Point,Halo,Wishing Well,トニービン,ビューパーダンス,ディクタス,ダイナサッシュ,ニゾン,ヤマカクイン,Mr. Prospector,File,Dance Spell,Witching Hour,Halo,Wishing Well,Kris,Katies,Shirley Heights,Delsy,Ajdal,Home Love,Nijinsky,Crimson Saint,Sharpen Up,Alpine Niece,Hail to Reason,Cosmah,Understanding,Mountain Flower,カンパラ,Severn Bridge,Lyphard,My Bupers,Sanctus,Doronic,ノーザンテースト,ロイヤルサッシュ,Nijinsky,Exit Smiling,バーボンプリンス,フエンス
202609010504,9,芝,2400,稍重,未勝利,マインドユアビスケッツ,ジェラテリアバール,Posse,Jazzmane,マンハッタンカフェ,シャピーラ,Silver Deputy,Raska,Toccet,Alljazz,サンデーサイレンス,サトルチェンジ,Kornado,Semplice,Deputy Minister,Silver Valley,Rahy,Borishka,Awesome Again,Cozzene's Angel,Stop the Music,Bounteous,Halo,Wishing Well,Law Society,Santa Luciana,Superlative,K-Sera,Common Grounds,Sarah Siddons,Vice Regent,Mint Copy,Mr. Prospector,Seven Valleys,Blushing Groom,Glorious Song,Roberto,Queen Maud,Deputy Minister,Primal Force,Cozzene,Charming Pan,Hail to Reason,Bebopper,Master Derby,Mlle. Quille,Hail to Reason,Cosmah,Understanding,Mountain Flower,Alleged,Bold Bikini,Luciano,Suleika,Nebbiolo,Clariden,Lord Gayle,Deirdre,Kris,Sweetly,Reform,Stardom
202609010504,10,芝,2400,稍重,未勝利,デクラレーションオブウォー,ブレシッドサイレンス,War Front,Tempo West,Siyouni,Blanc Sur Blanc,Danzig,Starry Dreamer,Rahy,Tempo,Pivotal,Sichilla,Hold That Tiger,Rouge Noir,Northern Dancer,Pas de Nom,Rubiano,Lara's Star,Blushing Groom,Glorious Song,Gone West,Terpsichorist,Polar Falcon,Fearless Revival,デインヒル,Slipstream Queen,Storm Cat,Beware of the Cat,Saint Ballado,アルダナ,Nearctic,Natalma,Admiral's Voyage,Petitioner,Fappiano,Ruby Slippers,Forli,True Reality,Red God,Runaway Bride,Halo,Ballade,Mr. Prospector,Secrettame,Nijinsky,Glad Rags,Nureyev,Marie d'Argonne,Cozzene,Stufida,Danzig,Razyana,Conquistador Cielo,Country Queen,Storm Bird,Terlingua,Caveat,T. C. Kitten,Halo,Ballade,デインヒル,Arriance
202609010504,11,芝,2400,稍重,未勝利,ミッキーアイル,エスピナアスール,ディープインパクト,スターアイル,フジキセキ,リメインフォレスト,サンデーサイレンス,ウインドインハーヘア,ロックオブジブラルタル,アイルドフランス,サンデーサイレンス,ミルレーサー,アジュディケーティング,リメインラブ,Halo,Wishing Well,Alzao,Burghclere,デインヒル,Offshore Boom,Nureyev,ステラマドリッド,Halo,Wishing Well,Le Fabuleux,Marston's Mill,Danzig,Resolver,Nabeel Dancer,レストオブラブ,Hail to Reason,Cosmah,Understanding,Mountain Flower,Lyphard,Lady Rebecca,Busted,Highclere,Danzig,Razyana,Be My Guest,Push a Button,Northern Dancer,Special,Alydar,My Juliet,Hail to Reason,Cosmah,Understanding,Mountain Flower,Wild Risk,Anguar,In Reality,Millicent,Northern Dancer,Pas de Nom,Reviewer,Lovely Morning,Northern Dancer,Prayers'n Promises,Mr. Prospector,Ignore
202609010504,12,芝,2400,稍重,未勝利,コントレイル,ケンホープ,ディープインパクト,ロードクロサイト,Kendargent,Bedford Hope,サンデーサイレンス,ウインドインハーヘア,Unbridled's Song,Folklore,Kendor,Pax Bella,Chato,Bedford Flame,Halo,Wishing Well,Alzao,Burghclere,Unbridled,Trolley Song,Tiznow,Contrive,Kenmare,Belle Mecene,Linamix,Palavera,Local Talent,Quick Blush,デュラブ,Brilleaux,Hail to Reason,Cosmah,Understanding,Mountain Flower,Lyphard,Lady Rebecca,Busted,Highclere,Fappiano,Gana Facil,Caro,Lucky Spell,Cee's Tizzy,Cee's Song,Storm Cat,Jeano,Kalamoun,Belle of Ireland,ゲイメセン,Djaka Belle,メンデス,Lunadix,Bikala,ポーリスタナ,Northern Dancer,Home Love,Blushing Groom,Quick Nurse,Topsider,Passerine,マナード,Electric Flash
202609010504,13,芝,2400,稍重,未勝利,ホッコータルマエ,ムニン,キングカメハメハ,マダムチェロキー,Bernardini,アリアプーラ,Kingmambo,マンファス,Cherokee Run,アンフォイルド,A.P. Indy,Cara Rafaela,Flying Spur,Fortunata,Mr. Prospector,Miesque,ラストタイクーン,Pilot Bird,Runaway Groom,Cherokee Dame,Unbridled,Bold Foil,Seattle Slew,Weekend Surprise,Quiet American,Oil Fable,デインヒル,Rolls,Dr. Grace,Extradite,Raise a Native,Gold Digger,Nureyev,Pasadoble,トライマイベスト,Mill Princess,Blakeney,The Dancer,Blushing Groom,Yonnie Girl,Silver Saber,Dame Francesca,Fappiano,Gana Facil,Bold Forbes,Perfect Foil,Bold Reasoning,My Charmer,Secretariat,Lassie Dear,Fappiano,Demure,Spectacular Bid,Northern Fable,Danzig,Razyana,Mr. Prospector,Grand Luxe,Sir Tristram,English Wonder,Bletchingly,Expulsion
202609010505,1,芝,1600,良,未勝利,ダノンプレミアム,プレノタート,ディープインパクト,インディアナギャル,ジャングルポケット,セクシーココナッツ,サンデーサイレンス,ウインドインハーヘア,Intikhab,Genial Jenny,トニービン,ダンスチャーマー,ダンスインザダーク,ココパシオン,Halo,Wishing Well,Alzao,Burghclere,Red Ransom,Crafty Example,デインヒル,Joma Kaanem,カンパラ,Severn Bridge,Nureyev,Skillful Joy,サンデーサイレンス,ダンシングキイ,グルームダンサー,ゲートドクール,Hail to Reason,Cosmah,Understanding,Mountain Flower,Lyphard,Lady Rebecca,Busted,Highclere,Roberto,アラビア,Crafty Prospector,Zienelle,Danzig,Razyana,Double Form,Ash Lawn,Kalamoun,State Pension,Hornbeam,Priddy Fair,Northern Dancer,Special,Nodouble,Skillful Miss,Halo,Wishing Well,Nijinsky,Key Partner,Blushing Groom,Featherhill,Lomond,Gay Apparel
202609010505,2,芝,1600,良,未勝利,エピファネイア,カンビーナ,シンボリクリスエス,シーザリオ,Hawk Wing,Await,Kris S.,Tee Kay,スペシャルウィーク,キロフプリミエール,Woodman,La Lorgnette,パントレセレブル,Starring Role,Roberto,Sharp Queen,Gold Meridian,Tri Argo,サンデーサイレンス,キャンペンガール,Sadler's Wells,Querida,Mr. Prospector,プレイメイト,Val de l'Orne,The Temptress,Nureyev,Peinture Bleue,Glenstal,Tough Lady,Hail to Reason,Bramalea,Princequillo,Bridgework,Seattle Slew,Queen Louie,Tri Jet,Hail Proudly,Halo,Wishing Well,マルゼンスキー,レディーシラオキ,Northern Dancer,Fairy Bridge,Habitat,Principia,Raise a Native,Gold Digger,Buckpasser,Intriguing,Val de Loir,Aglae,Nijinsky,La Sevillana,Northern Dancer,Special,Alydar,Petroleuse,Northern Dancer,Cloonlara,Bay Express,Nevetta
202609010505,3,芝,1600,良,未勝利,ポエティックフレア,イルーシヴゴールド,Dawn Approach,Maria Lee,ステイゴールド,プンタステラ,New Approach,Hymn Of The Dawn,ロックオブジブラルタル,Elida,サンデーサイレンス,ゴールデンサッシュ,Elusive City,Eroica,Galileo,Park Express,Phone Trick,Colonial Debut,デインヒル,Offshore Boom,ロイヤルアカデミー,Saviour,Halo,Wishing Well,ディクタス,ダイナサッシュ,Elusive Quality,Star of Paris,Highest Honor,Eirehill,Sadler's Wells,Urban Sea,Ahonoora,Matcher,Clever Trick,Over the Phone,Pleasant Colony,Kittihawk Miss,Danzig,Razyana,Be My Guest,Push a Button,Nijinsky,Crimson Saint,Majestic Light,Victorian Queen,Hail to Reason,Cosmah,Understanding,Mountain Flower,Sanctus,Doronic,ノーザンテースト,ロイヤルサッシュ,Gone West,Touch of Greatness,Dayjur,Liturgism,Kenmare,High River,デインヒル,Elegie
202609010505,4,芝,1600,良,未勝利,エイシンヒカリ,エイシンピカソ,ディープインパクト,キャタリナ,Drosselmeyer,R Lady Joy,サンデーサイレンス,ウインドインハーヘア,Storm Cat,Carolina Saga,Distorted Humor,Golden Ballet,Vicar,Come On Joy,Halo,Wishing Well,Alzao,Burghclere,Storm Bird,Terlingua,Caro,Key to the Saga,フォーティナイナー,Danzig's Beauty,Moscow Ballet,Golden Jewel Box,Wild Again,Escrow Agent,Cormorant,Joyatlast,Hail to Reason,Cosmah,Understanding,Mountain Flower,Lyphard,Lady Rebecca,Busted,Highclere,Northern Dancer,South Ocean,Secretariat,Crimson Saint,フォルティノ,Chambord,Key to the Mint,Sea Saga,Mr. Prospector,File,Danzig,Sweetest Chant,Nijinsky,Millicent,Slew o' Gold,Miss Storm Bird,Icecapade,Bushel-n-Peck,El Gran Senor,Viva Sec,His Majesty,Song Sparrow,Valid Appeal,Miss Tarpon Woods
202609010505,5,芝,1600,良,未勝利,ダノンスマッシュ,オークヴィル,ロードカナロア,スピニングワイルドキャット,タニノギムレット,オーパスワン,キングカメハメハ,レディブラッサム,Hard Spun,Hollywood Wildcat,ブライアンズタイム,タニノクリスタル,Theatrical,ティルティング,Kingmambo,マンファス,Storm Cat,サラトガデュー,Danzig,Turkish Tryst,Kris S.,Miss Wildcatter,Roberto,Kelley's Day,クリスタルパレス,タニノシーバード,Nureyev,ツリーオブノレッジ,Seattle Slew,Aldonza,Mr. Prospector,Miesque,ラストタイクーン,Pilot Bird,Storm Bird,Terlingua,Cormorant,Super Luna,Northern Dancer,Pas de Nom,Turkoman,Darbyvail,Roberto,Sharp Queen,Mr. Prospector,Elizabeth K.,Hail to Reason,Bramalea,Graustark,Golden Trail,Caro,Hermieres,Sea-Bird,Flaxen,Northern Dancer,Special,Sassafras,Sensibility,Bold Reasoning,My Charmer,Bold Bidder,Petite Rouge
202609010505,6,芝,1600,良,未勝利,シルバーステート,スマートオーシャン,ディープインパクト,シルヴァースカヤ,Mr. Greeley,Ocean Queen,サンデーサイレンス,ウインドインハーヘア,Silver Hawk,Boubskaia,Gone West,Long Legend,Zilzal,River Jig,Halo,Wishing Well,Alzao,Burghclere,Roberto,Gris Vitesse,Niniski,Frenetique,Mr. Prospector,Secrettame,Reviewer,Lianga,Nureyev,French Charmer,Irish River,Baronova,Hail to Reason,Cosmah,Understanding,Mountain Flower,Lyphard,Lady Rebecca,Busted,Highclere,Hail to Reason,Bramalea,Amerigo,Matchiche,Nijinsky,Virginia Hills,Tyrant,Femina,Raise a Native,Gold Digger,Secretariat,Tamerett,Bold Ruler,Broadway,ダンサーズイメージ,Leven Ones,Northern Dancer,Special,Le Fabuleux,Bold Example,Riverman,Irish Star,Nijinsky,Tsessebe
202609010505,7,芝,1600,良,未勝利,ハクサンムーン,キャメロンロード,アドマイヤムーン,チリエージェ,デュランダル,オーデコロン,エンドスウィープ,マイケイティーズ,サクラバクシンオー,メガミゲラン,サンデーサイレンス,サワヤカプリンセス,ボストンハーバー,マキーナ,フォーティナイナー,Broom Dance,サンデーサイレンス,ケイティーズファースト,サクラユタカオー,サクラハゴロモ,シェイディハイツ,モガミゲラン,Halo,Wishing Well,ノーザンテースト,スコッチプリンセス,Capote,Harbor Springs,Machiavellian,Musical Bliss,Mr. Prospector,File,Dance Spell,Witching Hour,Halo,Wishing Well,Kris,Katies,テスコボーイ,アンジェリカ,ノーザンテースト,クリアアンバー,Shirley Heights,Vaguely,モガミ,ミスゲラン,Hail to Reason,Cosmah,Understanding,Mountain Flower,Northern Dancer,Lady Victoria,Creme dela Creme,Meadow Saffron,Seattle Slew,Too Bald,Vice Regent,Tinnitus,Mr. Prospector,Coup de Folie,The Minstrel,Bori
202609010505,8,芝,1600,良,未勝利,エピファネイア,デアリングバード,シンボリクリスエス,シーザリオ,キングカメハメハ,デアリングハート,Kris S.,Tee Kay,スペシャルウィーク,キロフプリミエール,Kingmambo,マンファス,サンデーサイレンス,デアリングダンジグ,Roberto,Sharp Queen,Gold Meridian,Tri Argo,サンデーサイレンス,キャンペンガール,Sadler's Wells,Querida,Mr. Prospector,Miesque,ラストタイクーン,Pilot Bird,Halo,Wishing Well,Danzig,Impetuous Gal,Hail to Reason,Bramalea,Princequillo,Bridgework,Seattle Slew,Queen Louie,Tri Jet,Hail Proudly,Halo,Wishing Well,マルゼンスキー,レディーシラオキ,Northern Dancer,Fairy Bridge,Habitat,Principia,Raise a Native,Gold Digger,Nureyev,Pasadoble,トライマイベスト,Mill Princess,Blakeney,The Dancer,Hail to Reason,Cosmah,Understanding,Mountain Flower,Northern Dancer,Pas de Nom,Briartic,Impetuous Lady
202609010505,9,芝,1600,良,未勝利,ゴールドシップ,メイプルケプラー,ステイゴールド,ポイントフラッグ,カネヒキリ,サンダースキム,サンデーサイレンス,ゴールデンサッシュ,メジロマックイーン,パストラリズム,フジキセキ,ライフアウトゼア,サンダーガルチ,ブレイベストスキム,Halo,Wishing Well,ディクタス,ダイナサッシュ,メジロティターン,メジロオーロラ,プルラリズム,トクノエイティー,サンデーサイレンス,ミルレーサー,Deputy Minister,Silver Valley,Gulch,Line of Thunder,ブレイヴェストローマン,スキム,Hail to Reason,Cosmah,Understanding,Mountain Flower,Sanctus,Doronic,ノーザンテースト,ロイヤルサッシュ,メジロアサマ,シエリル,リマンド,メジロアイリス,The Minstrel,Cambretta,トライバルチーフ,アイアンルビー,Halo,Wishing Well,Le Fabuleux,Marston's Mill,Vice Regent,Mint Copy,Mr. Prospector,Seven Valleys,Mr. Prospector,Jameela,Storm Bird,Shoot a Line,Never Bend,Roman Song,Nijinsky,Pass a Glance
202609010505,10,芝,1600,良,未勝利,Liam's Map,Schon,Unbridled's Song,Miss Macy Sue,Harlan's Holiday,Spring Star,Unbridled,Trolley Song,Trippi,Yada Yada,Harlan,Christmas in Aiken,Deputy Minister,Alice Springs,Fappiano,Gana Facil,Caro,Lucky Spell,エンドスウィープ,Jealous Appeal,Great Above,Stem,Storm Cat,Country Romance,Affirmed,Dowager,Vice Regent,Mint Copy,Val de l'Orne,First Approach,Mr. Prospector,Killaloe,Le Fabuleux,Charedi,フォルティノ,Chambord,Lucky Mel,Incantation,フォーティナイナー,Broom Dance,Valid Appeal,Jealous Cat,Minnesota Mac,Ta Wee,Damascus,Tweak,Storm Bird,Terlingua,Halo,Sweet Romance,Exclusive Native,Won't Tell You,Honest Pleasure,Princessnesian,Northern Dancer,Victoria Regina,Bunty's Flight,Shakney,Val de Loir,Aglae,Northern Fling,Fast Approach
202609010505,11,芝,1600,良,未勝利,グァンチャーレ,ビエンナーレ,スクリーンヒーロー,チュウオーサーヤ,ステイゴールド,フォーカルプレーン,グラスワンダー,ランニングヒロイン,ディアブロ,サンライトブルボン,サンデーサイレンス,ゴールデンサッシュ,スプレンディドモーメント,ダイナフォーカス,Silver Hawk,Ameriflora,サンデーサイレンス,ダイナアクトレス,Devil's Bag,Avilion,イルドブルボン,ハシノシーダー,Halo,Wishing Well,ディクタス,ダイナサッシュ,Storm Bird,Racquette,ロイヤルスキー,ヤクモペンダス,Roberto,Gris Vitesse,Danzig,Graceful Touch,Halo,Wishing Well,ノーザンテースト,モデルスポート,Halo,Ballade,Cornish Prince,Style and Grace,Nijinsky,Roseliere,ミンシオ,フジノサンコー,Hail to Reason,Cosmah,Understanding,Mountain Flower,Sanctus,Doronic,ノーザンテースト,ロイヤルサッシュ,Northern Dancer,South Ocean,Ballymore,Arctic Melody,Raja Baba,Coz o'Nijinsky,ステューペンダス,ヤクモヒサコ
202609010505,12,芝,1600,良,未勝利,エピファネイア,リスグラシュー,シンボリクリスエス,シーザリオ,ハーツクライ,リリサイド,Kris S.,Tee Kay,スペシャルウィーク,キロフプリミエール,サンデーサイレンス,アイリッシュダンス,American Post,Miller's Lily,Roberto,Sharp Queen,Gold Meridian,Tri Argo,サンデーサイレンス,キャンペンガール,Sadler's Wells,Querida,Halo,Wishing Well,トニービン,ビューパーダンス,Bering,Wells Fargo,ミラーズメイト,Lymara,Hail to Reason,Bramalea,Princequillo,Bridgework,Seattle Slew,Queen Louie,Tri Jet,Hail Proudly,Halo,Wishing Well,マルゼンスキー,レディーシラオキ,Northern Dancer,Fairy Bridge,Habitat,Principia,Hail to Reason,Cosmah,Understanding,Mountain Flower,カンパラ,Severn Bridge,Lyphard,My Bupers,Arctic Tern,Beaune,Sadler's Wells,Cruising Height,Mill Reef,Primatie,Lyphard,Maradadi
202609010505,13,芝,1600,良,未勝利,アメリカンペイトリオット,ムーンチャイム,War Front,Life Well Lived,アドマイヤムーン,チューブラーベルズ,Danzig,Starry Dreamer,Tiznow,Well Dressed,エンドスウィープ,マイケイティーズ,Kingmambo,Summer Symphony,Northern Dancer,Pas de Nom,Rubiano,Lara's Star,Cee's Tizzy,Cee's Song,Notebook,Trithenia,フォーティナイナー,Broom Dance,サンデーサイレンス,ケイティーズファースト,Mr. Prospector,Miesque,Caerleon,Summer Sonnet,Nearctic,Natalma,Admiral's Voyage,Petitioner,Fappiano,Ruby Slippers,Forli,True Reality,Relaunch,テイズリー,Seattle Song,Lonely Dancer,Well Decorated,Mobcap,Gold Meridian,Tri Argo,Mr. Prospector,File,Dance Spell,Witching Hour,Halo,Wishing Well,Kris,Katies,Raise a Native,Gold Digger,Nureyev,Pasadoble,Nijinsky,Foreseer,バイアモン,ノエシス
202609010505,14,芝,1600,良,未勝利,リオンディーズ,ルサビ,キングカメハメハ,シーザリオ,アグネスタキオン,アビ,Kingmambo,マンファス,スペシャルウィーク,キロフプリミエール,サンデーサイレンス,アグネスフローラ,Chief's Crown,Carmelized,Mr. Prospector,Miesque,ラストタイクーン,Pilot Bird,サンデーサイレンス,キャンペンガール,Sadler's Wells,Querida,Halo,Wishing Well,ロイヤルスキー,アグネスレディー,Danzig,Six Crowns,Key to the Mint,Carmelize,Raise a Native,Gold Digger,Nureyev,Pasadoble,トライマイベスト,Mill Princess,Blakeney,The Dancer,Halo,Wishing Well,マルゼンスキー,レディーシラオキ,Northern Dancer,Fairy Bridge,Habitat,Principia,Hail to Reason,Cosmah,Understanding,Mountain Flower,Raja Baba,Coz o'Nijinsky,リマンド,イコマエイカン,Northern Dancer,Pas de Nom,Secretariat,Chris Evert,Graustark,Key Bridge,Cornish Prince,Miss Carmie
202609010505,15,芝,1600,良,未勝利,サトノクラウン,トロイメント,Marju,ジョコンダ,ダイワメジャー,トラウム,ラストタイクーン,Flame of Tara,Rossini,La Joconde,サンデーサイレンス,スカーレットブーケ,Dansili,Tu Eres Mi Amore,トライマイベスト,Mill Princess,アーテイアス,Welsh Flame,Miswaki,Touch of Greatness,Vettori,Lust,Halo,Wishing Well,ノーザンテースト,スカーレットインク,デインヒル,Hasili,Sadler's Wells,Brigid,Northern Dancer,Sex Appeal,Mill Reef,Irish Lass,Round Table,Stylish Pattern,Welsh Pageant,Electric Flash,Mr. Prospector,Hopespringseternal,Hero's Honor,Ivory Wand,Machiavellian,Air Distingue,Pursuit of Love,Pato,Hail to Reason,Cosmah,Understanding,Mountain Flower,Northern Dancer,Lady Victoria,Crimson Satan,Consentida,Danzig,Razyana,Kahyasi,Kerali,Northern Dancer,Fairy Bridge,Irish River,Luv Luvin'
202609010505,16,芝,1600,良,未勝利,コントレイル,ヒミコ,ディープインパクト,ロードクロサイト,American Pharoah,Untouched Talent,サンデーサイレンス,ウインドインハーヘア,Unbridled's Song,Folklore,Pioneerof the Nile,Littleprincessemma,Storm Cat,Parade Queen,Halo,Wishing Well,Alzao,Burghclere,Unbridled,Trolley Song,Tiznow,Contrive,エンパイアメーカー,Star of Goshen,Yankee Gentleman,Exclusive Rosette,Storm Bird,Terlingua,A.P. Indy,Spanish Parade,Hail to Reason,Cosmah,Understanding,Mountain Flower,Lyphard,Lady Rebecca,Busted,Highclere,Fappiano,Gana Facil,Caro,Lucky Spell,Cee's Tizzy,Cee's Song,Storm Cat,Jeano,Unbridled,Toussaud,Lord at War,Castle Eight,Storm Cat,Key Phrase,Ecliptical,Zetta Jet,Northern Dancer,South Ocean,Secretariat,Crimson Saint,Seattle Slew,Weekend Surprise,Roberto,Nijit
202609010505,17,芝,1600,良,未勝利,ダノンキングリー,スクービドゥー,ディープインパクト,マイグッドネス,Johan Cruyff,Simply Red,サンデーサイレンス,ウインドインハーヘア,Storm Cat,Caressing,デインヒル,Teslemi,Dashing Blade,Schalmai,Halo,Wishing Well,Alzao,Burghclere,Storm Bird,Terlingua,Honour and Glory,Lovin Touch,Danzig,Razyana,オジジアン,Martha Queen,Elegant Air,Sharp Castan,Nebos,Shantou,Hail to Reason,Cosmah,Understanding,Mountain Flower,Lyphard,Lady Rebecca,Busted,Highclere,Northern Dancer,South Ocean,Secretariat,Crimson Saint,Relaunch,Fair to All,Majestic Prince,Forest Princess,Northern Dancer,Pas de Nom,His Majesty,Spring Adieu,Damascus,Gonfalon,Nijinsky,Rosetta Stone,Shirley Heights,Elegant Tern,Sharpen Up,Sultry One,Caro,Nostrana,Charlottown,Shura
202609010505,18,芝,1600,良,未勝利,サートゥルナーリア,バウンシーチューン,ロードカナロア,シーザリオ,ステイゴールド,リーインフォースト,キングカメハメハ,レディブラッサム,スペシャルウィーク,キロフプリミエール,サンデーサイレンス,ゴールデンサッシュ,トニービン,ティアラ,Kingmambo,マンファス,Storm Cat,サラトガデュー,サンデーサイレンス,キャンペンガール,Sadler's Wells,Querida,Halo,Wishing Well,ディクタス,ダイナサッシュ,カンパラ,Severn Bridge,ノーザンテースト,シヤダイサイクル,Mr. Prospector,Miesque,ラストタイクーン,Pilot Bird,Storm Bird,Terlingua,Cormorant,Super Luna,Halo,Wishing Well,マルゼンスキー,レディーシラオキ,Northern Dancer,Fairy Bridge,Habitat,Principia,Hail to Reason,Cosmah,Understanding,Mountain Flower,Sanctus,Doronic,ノーザンテースト,ロイヤルサッシュ,Kalamoun,State Pension,Hornbeam,Priddy Fair,Northern Dancer,Lady Victoria,ヒッティングアウェー,サイクラス
202609010506,1,ダート,1200,稍重,1勝クラス,ディスクリートキャット,メイショウツバキ,Forestry,Pretty Discreet,メイショウサムソン,メイショウラグーナ,Storm Cat,Shared Interest,Private Account,Pretty Persuasive,オペラハウス,マイヴィヴィアン,バブルガムフェロー,ウィズストリングス,Storm Bird,Terlingua,Pleasant Colony,Surgery,Damascus,Numbered Account,Believe It,Bury the Hatchet,Sadler's Wells,Colorspin,ダンシングブレーヴ,ウイルプリンセス,サンデーサイレンス,バブルカンパニー,デヒア,Mastina,Northern Dancer,South Ocean,Secretariat,Crimson Saint,His Majesty,Sun Colony,Dr. Fager,Bold Sequence,Sword Dancer,Kerala,Buckpasser,Intriguing,In Reality,Breakfast Bell,Tom Rolfe,Christmas Whishes,Northern Dancer,Fairy Bridge,High Top,Reprocolor,Lyphard,Navajo Princess,サンプリンス,エール,Halo,Wishing Well,Lyphard,Prodice,Deputy Minister,Sister Dot,Gulch,Winter Treasure
202609010506,2,ダート,1200,稍重,1勝クラス,ミスチヴィアスアレックス,プルメリアミコ,Into Mischief,White Pants Night,ケイムホーム,ミコノス,Harlan's Holiday,Leslie's Lady,Speightstown,More d'Amour,Gone West,Nice Assay,With Approval,リベラノ,Harlan,Christmas in Aiken,Tricky Creek,Crystal Lady,Gone West,Silken Cat,Tour d'Or,Love Connection,Mr. Prospector,Secrettame,Clever Trick,インフルヴユー,Caro,Passing Mood,Rubiano,Skillful Joy,Storm Cat,Country Romance,Affirmed,Dowager,Clever Trick,Battle Creek Girl,Stop the Music,One Last Bird,Mr. Prospector,Secrettame,Storm Cat,Silken Doll,Medaille d'Or,Debby's Turn,Master Derby,Perfect Connection,Raise a Native,Gold Digger,Secretariat,Tamerett,Icecapade,Kankakee Miss,Full Out,Turn n'See,フォルティノ,Chambord,Buckpasser,Cool Mood,Fappiano,Ruby Slippers,Nodouble,Skillful Miss
202609010506,3,ダート,1200,稍重,1勝クラス,フィレンツェファイア,グラスルノン,Poseidon's Warrior,My Every Wish,フレンチデピュティ,グラスブロード,Speightstown,Poised to Pounce,Langfuhr,Mille Lacs,Deputy Minister,Mitterand,Fusaichi Pegasus,Magic Broad,Gone West,Silken Cat,Smarten,Lady Lyndy,Danzig,Sweet Briar Too,Unbridled,With Every Wish,Vice Regent,Mint Copy,Hold Your Peace,Laredo Lass,Mr. Prospector,Angel Fever,Broad Brush,Illeria,Mr. Prospector,Secrettame,Storm Cat,Silken Doll,Cyane,Smartaire,Bold Favorite,Counterflight,Northern Dancer,Pas de Nom,Briartic,Prima Babu Gum,Fappiano,Gana Facil,Lear Fan,Amo,Northern Dancer,Victoria Regina,Bunty's Flight,Shakney,Speak John,Blue Moon,Bold Ruler,Fortunate Isle,Raise a Native,Gold Digger,Danzig,Rowdy Angel,Ack Ack,Hay Patcher,Stop the Music,Baldski's Holiday
202609010506,4,ダート,1200,稍重,1勝クラス,シルバーステート,ウインアンジェラス,ディープインパクト,シルヴァースカヤ,Bertolini,エシュクアルバー,サンデーサイレンス,ウインドインハーヘア,Silver Hawk,Boubskaia,Danzig,Aquilegia,Riverman,Equate,Halo,Wishing Well,Alzao,Burghclere,Roberto,Gris Vitesse,Niniski,Frenetique,Northern Dancer,Pas de Nom,Alydar,Courtly Dee,Never Bend,River Lady,Raja Baba,Bank On Love,Hail to Reason,Cosmah,Understanding,Mountain Flower,Lyphard,Lady Rebecca,Busted,Highclere,Hail to Reason,Bramalea,Amerigo,Matchiche,Nijinsky,Virginia Hills,Tyrant,Femina,Nearctic,Natalma,Admiral's Voyage,Petitioner,Raise a Native,Sweet Tooth,Never Bend,Tulle,Nasrullah,Lalun,Prince John,Nile Lily,Bold Ruler,Missy Baba,Gallant Romeo,Special Account
202609010506,5,ダート,1200,稍重,1勝クラス,ベストウォーリア,スティルネス,マジェスティックウォリアー,フラーテイシャスミス,ゴールドヘイロー,マツリダワルツ,A.P. Indy,Dream Supreme,Mr. Greeley,Seductive Smile,サンデーサイレンス,ニアーザゴールド,チーフベアハート,ユキノワルツ,Seattle Slew,Weekend Surprise,Seeking the Gold,Spinning Round,Gone West,Long Legend,Silver Hawk,Exit Smiling,Halo,Wishing Well,Seeking the Gold,ニヤー,Chief's Crown,Amelia Bearhart,リアルシャダイ,ダイナクレアー,Bold Reasoning,My Charmer,Secretariat,Lassie Dear,Mr. Prospector,Con Game,Dixieland Band,Take Heart,Mr. Prospector,Secrettame,Reviewer,Lianga,Roberto,Gris Vitesse,Stage Door Johnny,Chandelier,Hail to Reason,Cosmah,Understanding,Mountain Flower,Mr. Prospector,Con Game,Northern Dancer,Far,Danzig,Six Crowns,Bold Hour,Myrtlewood Lass,Roberto,Desert Vixen,ノーザンテースト,クレアーブリッジ
202609010506,6,ダート,1200,稍重,1勝クラス,ダノンプレミアム,ゼスト,ディープインパクト,インディアナギャル,Tapit,Life Is Sweet,サンデーサイレンス,ウインドインハーヘア,Intikhab,Genial Jenny,Pulpit,Tap Your Heels,Storm Cat,Sweet Life,Halo,Wishing Well,Alzao,Burghclere,Red Ransom,Crafty Example,デインヒル,Joma Kaanem,A.P. Indy,Preach,Unbridled,Ruby Slippers,Storm Bird,Terlingua,Kris S.,Symbolically,Hail to Reason,Cosmah,Understanding,Mountain Flower,Lyphard,Lady Rebecca,Busted,Highclere,Roberto,アラビア,Crafty Prospector,Zienelle,Danzig,Razyana,Double Form,Ash Lawn,Seattle Slew,Weekend Surprise,Mr. Prospector,Narrate,Fappiano,Gana Facil,Nijinsky,Moon Glitter,Northern Dancer,South Ocean,Secretariat,Crimson Saint,Roberto,Sharp Queen,Flying Paster,Hail to the Queen
202609010506,7,ダート,1200,稍重,1勝クラス,ディスクリートキャット,ハウリング,Forestry,Pretty Discreet,Hard Spun,アースソング,Storm Cat,Shared Interest,Private Account,Pretty Persuasive,Danzig,Turkish Tryst,アグネスタキオン,ワールドミュージック,Storm Bird,Terlingua,Pleasant Colony,Surgery,Damascus,Numbered Account,Believe It,Bury the Hatchet,Northern Dancer,Pas de Nom,Turkoman,Darbyvail,サンデーサイレンス,アグネスフローラ,Dixieland Band,Headline,Northern Dancer,South Ocean,Secretariat,Crimson Saint,His Majesty,Sun Colony,Dr. Fager,Bold Sequence,Sword Dancer,Kerala,Buckpasser,Intriguing,In Reality,Breakfast Bell,Tom Rolfe,Christmas Whishes,Nearctic,Natalma,Admiral's Voyage,Petitioner,Alydar,Taba,Roberto,Luiana,Halo,Wishing Well,ロイヤルスキー,アグネスレディー,Northern Dancer,Mississippi Mud,Machiavellian,Priceless Fame
202609010506,8,ダート,1200,稍重,1勝クラス,ロードカナロア,フライングティパット,キングカメハメハ,レディブラッサム,Tapit,Flying Marlin,Kingmambo,マンファス,Storm Cat,サラトガデュー,Pulpit,Tap Your Heels,Marlin,Morning Dove,Mr. Prospector,Miesque,ラストタイクーン,Pilot Bird,Storm Bird,Terlingua,Cormorant,Super Luna,A.P. Indy,Preach,Unbridled,Ruby Slippers,Sword Dance,Syrian Summer,Fortunate Prospect,Pink Dove,Raise a Native,Gold Digger,Nureyev,Pasadoble,トライマイベスト,Mill Princess,Blakeney,The Dancer,Northern Dancer,South Ocean,Secretariat,Crimson Saint,His Majesty,Song Sparrow,In Reality,Alada,Seattle Slew,Weekend Surprise,Mr. Prospector,Narrate,Fappiano,Gana Facil,Nijinsky,Moon Glitter,Nijinsky,Rosa Mundi,Damascus,Special Warmth,Northern Prospect,Fortunate Bid,Argument,Perfect Pigeon
202609010506,9,ダート,1200,稍重,1勝クラス,ルヴァンスレーヴ,ソロダンサー,シンボリクリスエス,マエストラーレ,ゴールドアリュール,ドリーボンズレガシー,Kris S.,Tee Kay,ネオユニヴァース,オータムブリーズ,サンデーサイレンス,ニキーヤ,Proud Citizen,Kelly Amber,Roberto,Sharp Queen,Gold Meridian,Tri Argo,サンデーサイレンス,ポインテッドパス,ティンバーカントリー,セプテンバーソング,Halo,Wishing Well,Nureyev,Reluctant Guest,Gone West,Drums Of Freedom,Highland Park,Pamela Kay,Hail to Reason,Bramalea,Princequillo,Bridgework,Seattle Slew,Queen Louie,Tri Jet,Hail Proudly,Halo,Wishing Well,Kris,Silken Way,Woodman,Fall Aspen,リアルシャダイ,ダイナフェアリー,Hail to Reason,Cosmah,Understanding,Mountain Flower,Northern Dancer,Special,Hostage,Vaguely Royal,Mr. Prospector,Secrettame,Green Forest,Danseuse Etoile,Raise a Native,Old Goat,Hold Your Peace,Proven Right
202609010506,10,ダート,1200,稍重,1勝クラス,More Than Ready,Autumnal,サザンヘイロー,Woodman's Girl,Forestry,Marie J,Halo,Northern Sea,Woodman,Becky Be Good,Storm Cat,Shared Interest,Mr. Prospector,インマイキャップ,Hail to Reason,Cosmah,Northern Dancer,Sea Saga,Mr. Prospector,プレイメイト,Naskra,Good Landing,Storm Bird,Terlingua,Pleasant Colony,Surgery,Raise a Native,Gold Digger,Vice Regent,Passing Look,Turn-to,Nothirdchance,Cosmic Bomb,Almahmoud,Nearctic,Natalma,Sea-Bird,Shama,Raise a Native,Gold Digger,Buckpasser,Intriguing,Nasram,Iskra,First Landing,Best Side,Northern Dancer,South Ocean,Secretariat,Crimson Saint,His Majesty,Sun Colony,Dr. Fager,Bold Sequence,Native Dancer,Raise You,Nashua,Sequence,Northern Dancer,Victoria Regina,Buckpasser,Gay Meeting
202609010506,11,ダート,1200,稍重,1勝クラス,Goldencents,Wildcat Belle,Into Mischief,Golden Works,Intidab,Elusive Folly,Harlan's Holiday,Leslie's Lady,Banker's Gold,Body Works,Phone Trick,Alqwani,Elusive Quality,Royal Parade,Harlan,Christmas in Aiken,Tricky Creek,Crystal Lady,フォーティナイナー,Banker's Lady,Bold Ruckus,Kinto,Clever Trick,Over the Phone,Mr. Prospector,ダイアー,Gone West,Touch of Greatness,Saint Ballado,Deputy Royal,Storm Cat,Country Romance,Affirmed,Dowager,Clever Trick,Battle Creek Girl,Stop the Music,One Last Bird,Mr. Prospector,File,Nijinsky,Impetuous Gal,Boldnesian,Raise a Ruckus,Kinsman Hope,Where To,Icecapade,Kankakee Miss,Finnegan,Prattle,Raise a Native,Gold Digger,Roberto,Shelf Talker,Mr. Prospector,Secrettame,Hero's Honor,Ivory Wand,Halo,Ballade,Deputy Minister,On to Royalty
202609010506,12,ダート,1200,稍重,1勝クラス,フォーウィールドライブ,エムエスクイーン,American Pharoah,Funfair,バトルプラン,ユキノクイーン,Pioneerof the Nile,Littleprincessemma,More Than Ready,Fleuron,エンパイアメーカー,Flanders,タイキシャトル,ラスターゲイン,エンパイアメーカー,Star of Goshen,Yankee Gentleman,Exclusive Rosette,サザンヘイロー,Woodman's Girl,Distant View,Flamboyance,Unbridled,Toussaud,Seeking the Gold,Starlet Storm,Devil's Bag,ウェルシュマフィン,ホリスキー,カランボラ,Unbridled,Toussaud,Lord at War,Castle Eight,Storm Cat,Key Phrase,Ecliptical,Zetta Jet,Halo,Northern Sea,Woodman,Becky Be Good,Mr. Prospector,Seven Springs,Zilzal,Bridal Wreath,Fappiano,Gana Facil,El Gran Senor,Image of Reality,Mr. Prospector,Con Game,Storm Bird,Cinegita,Halo,Ballade,Caerleon,Muffitys,マルゼンスキー,オキノバンダ,Alleged,Dusk
202609010507,1,ダート,1800,稍重,1勝クラス,Global Campaign,Above Heaven,Curlin,Globe Trot,Mr. Greeley,レディジョアン,Smart Strike,Sherriff's Deputy,A.P. Indy,Trip,Gone West,Long Legend,Orientate,Oatsee,Mr. Prospector,Classy 'n Smart,Deputy Minister,Barbarika,Seattle Slew,Weekend Surprise,Lord at War,Tour,Mr. Prospector,Secrettame,Reviewer,Lianga,Mt. Livermore,Dream Team,Unbridled,With Every Wish,Raise a Native,Gold Digger,Smarten,No Class,Vice Regent,Mint Copy,Bates Motel,War Exchange,Bold Reasoning,My Charmer,Secretariat,Lassie Dear,General,Luna de Miel,フォーティナイナー,Fun Flight,Raise a Native,Gold Digger,Secretariat,Tamerett,Bold Ruler,Broadway,ダンサーズイメージ,Leven Ones,Blushing Groom,Flama Ardiente,Cox's Ridge,Likely Double,Fappiano,Gana Facil,Lear Fan,Amo
202609010507,2,ダート,1800,稍重,1勝クラス,エピファネイア,ダーヌビウス,シンボリクリスエス,シーザリオ,キングカメハメハ,ドナウブルー,Kris S.,Tee Kay,スペシャルウィーク,キロフプリミエール,Kingmambo,マンファス,ディープインパクト,ドナブリーニ,Roberto,Sharp Queen,Gold Meridian,Tri Argo,サンデーサイレンス,キャンペンガール,Sadler's Wells,Querida,Mr. Prospector,Miesque,ラストタイクーン,Pilot Bird,サンデーサイレンス,ウインドインハーヘア,Bertolini,Cal Norma's Lady,Hail to Reason,Bramalea,Princequillo,Bridgework,Seattle Slew,Queen Louie,Tri Jet,Hail Proudly,Halo,Wishing Well,マルゼンスキー,レディーシラオキ,Northern Dancer,Fairy Bridge,Habitat,Principia,Raise a Native,Gold Digger,Nureyev,Pasadoble,トライマイベスト,Mill Princess,Blakeney,The Dancer,Halo,Wishing Well,Alzao,Burghclere,Danzig,Aquilegia,リファーズスペシャル,June Darling
202609010507,3,ダート,1800,稍重,1勝クラス,American Pharoah,マダムヴェステル,Pioneerof the Nile,Littleprincessemma,Into Mischief,Classic West,エンパイアメーカー,Star of Goshen,Yankee Gentleman,Exclusive Rosette,Harlan's Holiday,Leslie's Lady,Gone West,Dodie Mae,Unbridled,Toussaud,Lord at War,Castle Eight,Storm Cat,Key Phrase,Ecliptical,Zetta Jet,Harlan,Christmas in Aiken,Tricky Creek,Crystal Lady,Mr. Prospector,Secrettame,Capote,Bright Candles,Fappiano,Gana Facil,El Gran Senor,Image of Reality,General,Luna de Miel,Key to the Kingdom,Her Native,Storm Bird,Terlingua,Flying Paster,Sown,Exclusive Native,Minnetonka,Tri Jet,Queen Zetta,Storm Cat,Country Romance,Affirmed,Dowager,Clever Trick,Battle Creek Girl,Stop the Music,One Last Bird,Raise a Native,Gold Digger,Secretariat,Tamerett,Seattle Slew,Too Bald,El Gran Senor,Christmas Bonus
202609010507,4,ダート,1800,稍重,1勝クラス,ホッコータルマエ,メイショウワゴコロ,キングカメハメハ,マダムチェロキー,マンハッタンカフェ,ランブルジャンヌ,Kingmambo,マンファス,Cherokee Run,アンフォイルド,サンデーサイレンス,サトルチェンジ,Mutakddim,レストレス,Mr. Prospector,Miesque,ラストタイクーン,Pilot Bird,Runaway Groom,Cherokee Dame,Unbridled,Bold Foil,Halo,Wishing Well,Law Society,Santa Luciana,Seeking the Gold,Oscillate,Storm Cat,Slept Thru It,Raise a Native,Gold Digger,Nureyev,Pasadoble,トライマイベスト,Mill Princess,Blakeney,The Dancer,Blushing Groom,Yonnie Girl,Silver Saber,Dame Francesca,Fappiano,Gana Facil,Bold Forbes,Perfect Foil,Hail to Reason,Cosmah,Understanding,Mountain Flower,Alleged,Bold Bikini,Luciano,Suleika,Mr. Prospector,Con Game,Seattle Slew,Dance Number,Storm Bird,Terlingua,Sunny's Halo,Sleep On It
202609010507,5,ダート,1800,稍重,1勝クラス,シニスターミニスター,キングベイビー,Old Trieste,Sweet Minister,マンハッタンカフェ,シネマスコープ,A.P. Indy,Lovlier Linda,The Prime Minister,Sweet Blue,サンデーサイレンス,サトルチェンジ,トニービン,ブルーハワイ,Seattle Slew,Weekend Surprise,Vigors,Linda Summers,Deputy Minister,Stick to Beauty,Hurry Up Blue,Sugar Gold,Halo,Wishing Well,Law Society,Santa Luciana,カンパラ,Severn Bridge,スリルショー,サニースワップス,Bold Reasoning,My Charmer,Secretariat,Lassie Dear,Grey Dawn,Relifordie,Crozier,Queenly Gift,Vice Regent,Mint Copy,Illustrious,Hail to Beauty,Mr. Leader,Blue Baroness,Mr. Prospector,Miss Ironside,Hail to Reason,Cosmah,Understanding,Mountain Flower,Alleged,Bold Bikini,Luciano,Suleika,Kalamoun,State Pension,Hornbeam,Priddy Fair,Northern Baby,Splendid Girl,Hawaii,アイアンエイジ
202609010507,6,ダート,1800,稍重,1勝クラス,フェノーメノ,ヴァニラシャンティ,ステイゴールド,ディラローシェ,シンボリクリスエス,アグネスショコラ,サンデーサイレンス,ゴールデンサッシュ,デインヒル,Sea Port,Kris S.,Tee Kay,サンデーサイレンス,スキーパラダイス,Halo,Wishing Well,ディクタス,ダイナサッシュ,Danzig,Razyana,Averof,Anchor,Roberto,Sharp Queen,Gold Meridian,Tri Argo,Halo,Wishing Well,Lyphard,Ski Goggle,Hail to Reason,Cosmah,Understanding,Mountain Flower,Sanctus,Doronic,ノーザンテースト,ロイヤルサッシュ,Northern Dancer,Pas de Nom,His Majesty,Spring Adieu,Sing Sing,Argentina,Major Portion,Ripeck,Hail to Reason,Bramalea,Princequillo,Bridgework,Seattle Slew,Queen Louie,Tri Jet,Hail Proudly,Hail to Reason,Cosmah,Understanding,Mountain Flower,Northern Dancer,Goofed,ロイヤルスキー,Mississippi Siren
202609010507,7,ダート,1800,稍重,1勝クラス,ダイワメジャー,メーデイア,サンデーサイレンス,スカーレットブーケ,キングヘイロー,ウィッチフルシンキング,Halo,Wishing Well,ノーザンテースト,スカーレットインク,ダンシングブレーヴ,グッバイヘイロー,Lord Avie,Halloween Joy,Hail to Reason,Cosmah,Understanding,Mountain Flower,Northern Dancer,Lady Victoria,Crimson Satan,Consentida,Lyphard,Navajo Princess,Halo,Pound Foolish,Lord Gaylord,Avie,Exuberant,Halloween,Turn-to,Nothirdchance,Cosmic Bomb,Almahmoud,Promised Land,Pretty Ways,Montparnasse,Edelweiss,Nearctic,Natalma,Victoria Park,Lady Angela,Spy Song,Papila,Beau Max,La Menina,Northern Dancer,Goofed,Drone,Olmec,Hail to Reason,Cosmah,Sir Ivor,Squander,Sir Gaylord,Miss Glamour Gal,Gallant Man,Evilone,What a Pleasure,Out in the Cold,Wardlaw,Ask for the Moon
202609010507,8,ダート,1800,稍重,1勝クラス,ドゥラメンテ,エリザベスムーン,キングカメハメハ,アドマイヤグルーヴ,ダンスインザダーク,エリザベスローズ,Kingmambo,マンファス,サンデーサイレンス,エアグルーヴ,サンデーサイレンス,ダンシングキイ,ノーザンテースト,ノーベンバーローズ,Mr. Prospector,Miesque,ラストタイクーン,Pilot Bird,Halo,Wishing Well,トニービン,ダイナカール,Halo,Wishing Well,Nijinsky,Key Partner,Northern Dancer,Lady Victoria,Caro,Jedina,Raise a Native,Gold Digger,Nureyev,Pasadoble,トライマイベスト,Mill Princess,Blakeney,The Dancer,Hail to Reason,Cosmah,Understanding,Mountain Flower,カンパラ,Severn Bridge,ノーザンテースト,シャダイフェザー,Hail to Reason,Cosmah,Understanding,Mountain Flower,Northern Dancer,Flaming Page,Key to the Mint,Native Partner,Nearctic,Natalma,Victoria Park,Lady Angela,フォルティノ,Chambord,What a Pleasure,Killaloe
202609010508,1,芝,1600,良,2勝クラス,Le Havre,フルオブビューティー,Noverre,Marie Rheinberg,Motivator,Reaching Ahead,Rahy,ダンスールファビュルー,Surako,Marie d'Argonne,モンジュー,Out West,Mizzen Mast,Out of Reach,Blushing Groom,Glorious Song,Northern Dancer,Fabuleux Jane,Konigsstuhl,Surata,Jefferson,Mohair,Sadler's Wells,Floripedes,Gone West,Chellingoua,Cozzene,Kinema,ウォーニング,Well Beyond,Red God,Runaway Bride,Halo,Ballade,Nearctic,Natalma,Le Fabuleux,Native Partner,Dschingis Khan,Konigskronung,Lagunas,Surama,Charlottesville,Monticella,Blue Tom,Imberline,Northern Dancer,Fairy Bridge,Top Ville,Toute Cy,Mr. Prospector,Secrettame,Sharpen Up,Uncommitted,Caro,Ride the Trails,Graustark,Mrs. Peterkin,Known Fact,Slightly Dangerous,Don't Forget Me,Mariakova
202609010508,2,芝,1600,良,2勝クラス,ロードカナロア,インフレキシビリティ,キングカメハメハ,レディブラッサム,Scat Daddy,Halo's Verse,Kingmambo,マンファス,Storm Cat,サラトガデュー,ヨハネスブルグ,Love Style,Unbridled's Song,Ballado's Halo,Mr. Prospector,Miesque,ラストタイクーン,Pilot Bird,Storm Bird,Terlingua,Cormorant,Super Luna,ヘネシー,Myth,Mr. Prospector,Likeable Style,Unbridled,Trolley Song,Saint Ballado,Goulash,Raise a Native,Gold Digger,Nureyev,Pasadoble,トライマイベスト,Mill Princess,Blakeney,The Dancer,Northern Dancer,South Ocean,Secretariat,Crimson Saint,His Majesty,Song Sparrow,In Reality,Alada,Storm Cat,Island Kitty,オジジアン,Yarn,Raise a Native,Gold Digger,Nijinsky,Personable Lady,Fappiano,Gana Facil,Caro,Lucky Spell,Halo,Ballade,Mari's Book,Wise Bride
202609010508,3,芝,1600,良,2勝クラス,グレーターロンドン,ホワイトアルバム,ディープインパクト,ロンドンブリッジ,クロフネ,マッキーロイヤル,サンデーサイレンス,ウインドインハーヘア,ドクターデヴィアス,オールフォーロンドン,フレンチデピュティ,ブルーアヴェニュー,フジキセキ,クリアーチャンス,Halo,Wishing Well,Alzao,Burghclere,Ahonoora,Rose of Jericho,Danzig,Full Card,Deputy Minister,Mitterand,Classic Go Go,Eliza Blue,サンデーサイレンス,ミルレーサー,ディクタス,ノーザンクリアー,Hail to Reason,Cosmah,Understanding,Mountain Flower,Lyphard,Lady Rebecca,Busted,Highclere,Lorenzaccio,Helen Nichols,Alleged,Rose Red,Northern Dancer,Pas de Nom,Damascus,Belle of the Ball,Vice Regent,Mint Copy,Hold Your Peace,Laredo Lass,Pago Pago,Classic Perfection,Icecapade,コレラ,Halo,Wishing Well,Le Fabuleux,Marston's Mill,Sanctus,Doronic,ノーザンテースト,シヤダイクリアー
202609010508,4,芝,1600,良,2勝クラス,ノーブルミッション,スペランツァーレ,Galileo,Kind,シングスピール,ヘルドキャプティヴ,Sadler's Wells,Urban Sea,デインヒル,Rainbow Lake,In the Wings In The Wings,Glorious Song,Red Ransom,Furajet,Northern Dancer,Fairy Bridge,Miswaki,Allegretta,Danzig,Razyana,Rainbow Quest,Rockfest,Sadler's Wells,High Hawk,Halo,Ballade,Roberto,アラビア,The Minstrel,Zummerudd,Nearctic,Natalma,Bold Reason,Special,Mr. Prospector,Hopespringseternal,Lombard,Anatevka,Northern Dancer,Pas de Nom,His Majesty,Spring Adieu,Blushing Groom,I Will Follow,Stage Door Johnny,Rock Garden,Northern Dancer,Fairy Bridge,Shirley Heights,Sunbittern,Hail to Reason,Cosmah,Herbager,Miss Swapsco,Hail to Reason,Bramalea,Damascus,Christmas Wind,Northern Dancer,Fleur,Habitat,Ampulla
202609010508,5,芝,1600,良,2勝クラス,ブリックスアンドモルタル,アウェイク,Giant's Causeway,Beyond the Waves,ディープインパクト,オールザウェイベイビー,Storm Cat,Mariah's Storm,Ocean Crest,Excedent,サンデーサイレンス,ウインドインハーヘア,Grand Slam,Lustily,Storm Bird,Terlingua,Rahy,イメンス,Storm Bird,S.S.Aroma,Exceller,Broadway Lullaby,Halo,Wishing Well,Alzao,Burghclere,Gone West,Bright Candles,Kris S.,Shahriza,Northern Dancer,South Ocean,Secretariat,Crimson Saint,Blushing Groom,Glorious Song,Roberto,Imsodear,Northern Dancer,South Ocean,Seattle Slew,Rare Bouquet,Vaguely Noble,Too Bald,Stage Door Johnny,リットルブレツシング,Hail to Reason,Cosmah,Understanding,Mountain Flower,Lyphard,Lady Rebecca,Busted,Highclere,Mr. Prospector,Secrettame,El Gran Senor,Christmas Bonus,Roberto,Sharp Queen,Cyane,Persian Delight
202609010508,6,芝,1600,良,2勝クラス,アレスバローズ,カシノアンバー,ディープインパクト,タイセイエトワール,タートルボウル,フェアリーバニヤン,サンデーサイレンス,ウインドインハーヘア,トニービン,エンスラーリング,Dyhim Diamond,Clara Bow,Honour and Glory,キャタラクト,Halo,Wishing Well,Alzao,Burghclere,カンパラ,Severn Bridge,ヘクタープロテクター,エンスラーリングレイディ,Night Shift,Happy Landing,Top Ville,Kamiya,Relaunch,Fair to All,Storm Cat,Queen Tutta,Hail to Reason,Cosmah,Understanding,Mountain Flower,Lyphard,Lady Rebecca,Busted,Highclere,Kalamoun,State Pension,Hornbeam,Priddy Fair,Woodman,Korveya,El Gran Senor,Enthraller,Northern Dancer,Ciboulette,Homing,Laughing Goddess,High Top,Sega Ville,Kalamoun,Shahinaaz,In Reality,Foggy Note,Al Nasr,Gonfalon,Storm Bird,Terlingua,Kris S.,Tutta
202609010508,7,芝,1600,良,2勝クラス,アドマイヤマーズ,ヘアキティー,ダイワメジャー,ヴィアメディチ,Wildcat Heir,Be Silver,サンデーサイレンス,スカーレットブーケ,Medicean,Via Milano,Forest Wildcat,Penniless Heiress,Silver Buck,Beafleet,Halo,Wishing Well,ノーザンテースト,スカーレットインク,Machiavellian,Mystic Goddess,シングスピール,Salvinaxia,Storm Cat,Victoria Beauty,Pentelicus,Royal Ties,Buckpasser,Silver True,アフリート,Leave It Be,Hail to Reason,Cosmah,Understanding,Mountain Flower,Northern Dancer,Lady Victoria,Crimson Satan,Consentida,Mr. Prospector,Coup de Folie,Storm Bird,Rose Goddess,In the Wings,Glorious Song,Linamix,Salve,Storm Bird,Terlingua,Bold Native,Abifaith,Fappiano,Charedi,Distinctive,New Love,Tom Fool,Busanda,Hail to Reason,Silver Fog,Mr. Prospector,Polite Lady,Lawmaker,Bold Linstar
202609010508,8,芝,1600,良,2勝クラス,リアルスティール,デビルズコーナー,ディープインパクト,ラヴズオンリーミー,Songandaprayer,Devil's Banner,サンデーサイレンス,ウインドインハーヘア,Storm Cat,Monevassia,Unbridled's Song,Alizea,Devil's Bag,Peaceful Banner,Halo,Wishing Well,Alzao,Burghclere,Storm Bird,Terlingua,Mr. Prospector,Miesque,Unbridled,Trolley Song,Premiership,Fancy Medallion,Halo,Ballade,Hoist the Flag,Peaceful Union,Hail to Reason,Cosmah,Understanding,Mountain Flower,Lyphard,Lady Rebecca,Busted,Highclere,Northern Dancer,South Ocean,Secretariat,Crimson Saint,Raise a Native,Gold Digger,Nureyev,Pasadoble,Fappiano,Gana Facil,Caro,Lucky Spell,Exclusive Native,Reminiscing,Well Decorated,Attache Case,Hail to Reason,Cosmah,Herbager,Miss Swapsco,Tom Rolfe,Wavy Navy,Royal Union,Peaceful Sky
202609010508,9,芝,1600,良,2勝クラス,サトノアラジン,ムーンライトダンス,ディープインパクト,マジックストーム,Sinndar,Style of Life,サンデーサイレンス,ウインドインハーヘア,Storm Cat,Foppy Dancer,Grand Lodge,Sinntara,The Minstrel,Bubinka,Halo,Wishing Well,Alzao,Burghclere,Storm Bird,Terlingua,Fappiano,Water Dance,Chief's Crown,La Papagena,Lashkari,Sidama,Northern Dancer,Fleur,Nashua,Stolen Date,Hail to Reason,Cosmah,Understanding,Mountain Flower,Lyphard,Lady Rebecca,Busted,Highclere,Northern Dancer,South Ocean,Secretariat,Crimson Saint,Mr. Prospector,Killaloe,Nijinsky,Luiana,Danzig,Six Crowns,Habitat,Magic Flute,Mill Reef,Larannda,Top Ville,Stoyana,Nearctic,Natalma,Victoria Park,Flaming Page,Nasrullah,Segula,Sadair,Stolen Hour
202609010508,10,芝,1600,良,2勝クラス,サトノクラウン,ケイティーズハート,Marju,ジョコンダ,ハーツクライ,ケイティーズファースト,ラストタイクーン,Flame of Tara,Rossini,La Joconde,サンデーサイレンス,アイリッシュダンス,Kris,Katies,トライマイベスト,Mill Princess,アーテイアス,Welsh Flame,Miswaki,Touch of Greatness,Vettori,Lust,Halo,Wishing Well,トニービン,ビューパーダンス,Sharpen Up,Doubly Sure,ノノアルコ,Mortefontaine,Northern Dancer,Sex Appeal,Mill Reef,Irish Lass,Round Table,Stylish Pattern,Welsh Pageant,Electric Flash,Mr. Prospector,Hopespringseternal,Hero's Honor,Ivory Wand,Machiavellian,Air Distingue,Pursuit of Love,Pato,Hail to Reason,Cosmah,Understanding,Mountain Flower,カンパラ,Severn Bridge,Lyphard,My Bupers,エタン,Rocchetta,Reliance,Soft Angels,Nearctic,Seximee,ポリック,Brabantia
202609010509,1,芝,2000,良,2勝クラス,ブラックタイド,クロウキャニオン,サンデーサイレンス,ウインドインハーヘア,フレンチデピュティ,クロカミ,Halo,Wishing Well,Alzao,Burghclere,Deputy Minister,Mitterand,Caerleon,ミルド,Hail to Reason,Cosmah,Understanding,Mountain Flower,Lyphard,Lady Rebecca,Busted,Highclere,Vice Regent,Mint Copy,Hold Your Peace,Laredo Lass,Nijinsky,Foreseer,Desert Wine,Margie Belle,Turn-to,Nothirdchance,Cosmic Bomb,Almahmoud,Promised Land,Pretty Ways,Montparnasse,Edelweiss,Northern Dancer,Goofed,Sir Ivor,Pocahontas,Crepello,Sans le Sou,Queen's Hussar,Highlight,Northern Dancer,Victoria Regina,Bunty's Flight,Shakney,Speak John,Blue Moon,Bold Ruler,Fortunate Isle,Northern Dancer,Flaming Page,Round Table,Regal Gleam,Damascus,Anne Campbell,Vaguely Noble,Margravine
202609010509,2,芝,2000,良,2勝クラス,エピファネイア,ピースオブラヴ,シンボリクリスエス,シーザリオ,マイネルラヴ,ピアラプソディ,Kris S.,Tee Kay,スペシャルウィーク,キロフプリミエール,Seeking the Gold,Heart of Joy,ブライアンズタイム,ベルプリンセス,Roberto,Sharp Queen,Gold Meridian,Tri Argo,サンデーサイレンス,キャンペンガール,Sadler's Wells,Querida,Mr. Prospector,Con Game,リィフォー,Mythographer,Roberto,Kelley's Day,シルバーシャーク,カネジョリー,Hail to Reason,Bramalea,Princequillo,Bridgework,Seattle Slew,Queen Louie,Tri Jet,Hail Proudly,Halo,Wishing Well,マルゼンスキー,レディーシラオキ,Northern Dancer,Fairy Bridge,Habitat,Principia,Raise a Native,Gold Digger,Buckpasser,Broadway,Lyphard,Klaizia,Secretariat,Arachne,Hail to Reason,Bramalea,Graustark,Golden Trail,Buisson Ardent,Palsaka,グレイモナーク,シンカオル
202609010509,3,芝,2000,良,2勝クラス,キズナ,ホワイトローズ,ディープインパクト,キャットクイル,Tapit,Garden Dance,サンデーサイレンス,ウインドインハーヘア,Storm Cat,Pacific Princess,Pulpit,Tap Your Heels,El Prado,Clearthedancefloor,Halo,Wishing Well,Alzao,Burghclere,Storm Bird,Terlingua,Damascus,Fiji,A.P. Indy,Preach,Unbridled,Ruby Slippers,Sadler's Wells,Lady Capulet,Cryptoclearance,Music Queen,Hail to Reason,Cosmah,Understanding,Mountain Flower,Lyphard,Lady Rebecca,Busted,Highclere,Northern Dancer,South Ocean,Secretariat,Crimson Saint,Sword Dancer,Kerala,Acropolis,Rififi,Seattle Slew,Weekend Surprise,Mr. Prospector,Narrate,Fappiano,Gana Facil,Nijinsky,Moon Glitter,Northern Dancer,Fairy Bridge,Sir Ivor,Cap and Bells,Fappiano,Naval Orange,Stop the Music,Royal Tara
202609010509,4,芝,2000,良,2勝クラス,ウインブライト,アマレーン,ステイゴールド,サマーエタニティ,アドマイヤムーン,グワダラハラ,サンデーサイレンス,ゴールデンサッシュ,アドマイヤコジーン,オールフォーゲラン,エンドスウィープ,マイケイティーズ,Acatenango,Guernica,Halo,Wishing Well,ディクタス,ダイナサッシュ,Cozzene,アドマイヤマカディ,ジェイドロバリー,ミスゲラン,フォーティナイナー,Broom Dance,サンデーサイレンス,ケイティーズファースト,Surumu,Aggravate,Unfuwain,Greenvera,Hail to Reason,Cosmah,Understanding,Mountain Flower,Sanctus,Doronic,ノーザンテースト,ロイヤルサッシュ,Caro,Ride the Trails,ノーザンテースト,ミセスマカディー,Mr. Prospector,Number,マルゼンスキー,ゲラン,Mr. Prospector,File,Dance Spell,Witching Hour,Halo,Wishing Well,Kris,Katies,Literat,Surama,Aggressor,Raven Locks,Northern Dancer,Height of Fashion,Riverman,Greenway
202609010509,5,芝,2000,良,2勝クラス,エイシンフラッシュ,パリュール,キングズベスト,ムーンレディ,リンカーン,パリスセイリュウ,Kingmambo,Allegretta,プラティニ,Midnight Fever,サンデーサイレンス,グレースアドマイヤ,サクラバクシンオー,ローランロード,Mr. Prospector,Miesque,Lombard,Anatevka,Surumu,Prairie Darling,Sure Blade,Majoritat,Halo,Wishing Well,トニービン,バレークイーン,サクラユタカオー,サクラハゴロモ,セクレト,Lady May,Raise a Native,Gold Digger,Nureyev,Pasadoble,Agio,Promised Lady,Espresso,Almyra,Literat,Surama,Stanford,Prairie Belle,Kris,Double Lock,Konigsstuhl,Monacchia,Hail to Reason,Cosmah,Understanding,Mountain Flower,カンパラ,Severn Bridge,Sadler's Wells,Sun Princess,テスコボーイ,アンジェリカ,ノーザンテースト,クリアアンバー,Northern Dancer,Betty's Secret,Luthier,Mistake
202609010509,6,芝,2000,良,2勝クラス,ノヴェリスト,ボディーダンシング,Monsun,Night Lagoon,ホワイトマズル,ダンシングサンデー,Konigsstuhl,Mosella,Lagunas,Nenuphar,ダンシングブレーヴ,Fair of the Furze,サンデーサイレンス,ダンシングキイ,Dschingis Khan,Konigskronung,Surumu,Monasia,イルドブルボン,Liranga,Night Shift,Narola,Lyphard,Navajo Princess,Ela-Mana-Mou,Autocratic,Halo,Wishing Well,Nijinsky,Key Partner,Tamerlane,Donna Diana,Tiepoletto,Kronung,Literat,Surama,Authi,Monacensia,Nijinsky,Roseliere,Literat,Love In,Northern Dancer,Ciboulette,Nebos,Nubia,Northern Dancer,Goofed,Drone,Olmec,ピットカーン,Rose Bertin,Tyrant,Flight Table,Hail to Reason,Cosmah,Understanding,Mountain Flower,Northern Dancer,Flaming Page,Key to the Mint,Native Partner
202609010509,7,芝,2000,良,2勝クラス,ビーチパトロール,レインダンス,Lemon Drop Kid,Bashful Bertie,ダンスインザダーク,レン,Kingmambo,Charming Lassie,Quiet American,Clever Bertie,サンデーサイレンス,ダンシングキイ,Bob Back,In The Rigging,Mr. Prospector,Miesque,Seattle Slew,Lassie Dear,Fappiano,Demure,Timeless Native,Clever But Costly,Halo,Wishing Well,Nijinsky,Key Partner,Roberto,Toter Back,Topsider,Love's Dream,Raise a Native,Gold Digger,Nureyev,Pasadoble,Bold Reasoning,My Charmer,Buckpasser,Gay Missile,Mr. Prospector,Killaloe,Dr. Fager,Quiet Charm,Timeless Moment,Head Off,Clever Trick,Swoonlow,Hail to Reason,Cosmah,Understanding,Mountain Flower,Northern Dancer,Flaming Page,Key to the Mint,Native Partner,Hail to Reason,Bramalea,Carry Back,Romantic Miss,Northern Dancer,Drumtop,ラインゴールド,Glass Slipper
202609010509,8,芝,2000,良,2勝クラス,レイデオロ,リンフォルツァンド,キングカメハメハ,ラドラーダ,ディープインパクト,リッスン,Kingmambo,マンファス,シンボリクリスエス,レディブロンド,サンデーサイレンス,ウインドインハーヘア,Sadler's Wells,Brigid,Mr. Prospector,Miesque,ラストタイクーン,Pilot Bird,Kris S.,Tee Kay,Seeking the Gold,ウインドインハーヘア,Halo,Wishing Well,Alzao,Burghclere,Northern Dancer,Fairy Bridge,Irish River,Luv Luvin',Raise a Native,Gold Digger,Nureyev,Pasadoble,トライマイベスト,Mill Princess,Blakeney,The Dancer,Roberto,Sharp Queen,Gold Meridian,Tri Argo,Mr. Prospector,Con Game,Alzao,Burghclere,Hail to Reason,Cosmah,Understanding,Mountain Flower,Lyphard,Lady Rebecca,Busted,Highclere,Nearctic,Natalma,Bold Reason,Special,Riverman,Irish Star,Raise a Native,Ringing Bells
202609010509,9,芝,2000,良,2勝クラス,リアルスティール,エインセル,ディープインパクト,ラヴズオンリーミー,メイショウサムソン,ピクシーダスト,サンデーサイレンス,ウインドインハーヘア,Storm Cat,Monevassia,オペラハウス,マイヴィヴィアン,サンデーサイレンス,シャンクシー,Halo,Wishing Well,Alzao,Burghclere,Storm Bird,Terlingua,Mr. Prospector,Miesque,Sadler's Wells,Colorspin,ダンシングブレーヴ,ウイルプリンセス,Halo,Wishing Well,Zilzal,Rich and Riotous,Hail to Reason,Cosmah,Understanding,Mountain Flower,Lyphard,Lady Rebecca,Busted,Highclere,Northern Dancer,South Ocean,Secretariat,Crimson Saint,Raise a Native,Gold Digger,Nureyev,Pasadoble,Northern Dancer,Fairy Bridge,High Top,Reprocolor,Lyphard,Navajo Princess,サンプリンス,エール,Hail to Reason,Cosmah,Understanding,Mountain Flower,Nureyev,French Charmer,エンペリー,Carnauba
202609010510,1,ダート,1200,稍重,3勝クラス,ドレフォン,ショウナンカサロ,Gio Ponti,Eltimaas,キングカメハメハ,ショウナンアルス,Tale of the Cat,Chipeta Springs,Ghostzapper,Najecam,Kingmambo,マンファス,サンデーサイレンス,ショウナンハピネス,Storm Cat,Yarn,Alydar,Salt Spring,Awesome Again,Baby Zip,Trempolino,Sue Warner,Mr. Prospector,Miesque,ラストタイクーン,Pilot Bird,Halo,Wishing Well,Kris S.,Rambling Barb,Storm Bird,Terlingua,Mr. Prospector,Narrate,Raise a Native,Sweet Tooth,Salt Marsh,Jungle Mythologic,Deputy Minister,Primal Force,Relaunch,Thirty Zip,Sharpen Up,Trephine,Forli,Bitty Girl,Raise a Native,Gold Digger,Nureyev,Pasadoble,トライマイベスト,Mill Princess,Blakeney,The Dancer,Hail to Reason,Cosmah,Understanding,Mountain Flower,Roberto,Sharp Queen,Cormorant,Bouncy Barb
202609010510,2,ダート,1200,稍重,3勝クラス,ドレフォン,アグネスリース,Gio Ponti,Eltimaas,フレンチデピュティ,アグネスシスター,Tale of the Cat,Chipeta Springs,Ghostzapper,Najecam,Deputy Minister,Mitterand,ダンスインザダーク,アグネスオーロラ,Storm Cat,Yarn,Alydar,Salt Spring,Awesome Again,Baby Zip,Trempolino,Sue Warner,Vice Regent,Mint Copy,Hold Your Peace,Laredo Lass,サンデーサイレンス,ダンシングキイ,イルドブルボン,アグネスレディー,Storm Bird,Terlingua,Mr. Prospector,Narrate,Raise a Native,Sweet Tooth,Salt Marsh,Jungle Mythologic,Deputy Minister,Primal Force,Relaunch,Thirty Zip,Sharpen Up,Trephine,Forli,Bitty Girl,Northern Dancer,Victoria Regina,Bunty's Flight,Shakney,Speak John,Blue Moon,Bold Ruler,Fortunate Isle,Halo,Wishing Well,Nijinsky,Key Partner,Nijinsky,Roseliere,リマンド,イコマエイカン
202609010510,3,ダート,1200,稍重,3勝クラス,ミッキーアイル,サンシャインキッス,ディープインパクト,スターアイル,ストリートセンス,ルークラティブ,サンデーサイレンス,ウインドインハーヘア,ロックオブジブラルタル,アイルドフランス,Street Cry,Bedazzle,Seeking the Gold,Banker's Lady,Halo,Wishing Well,Alzao,Burghclere,デインヒル,Offshore Boom,Nureyev,ステラマドリッド,Machiavellian,Helen Street,Dixieland Band,Majestic Legend,Mr. Prospector,Con Game,Nijinsky,Impetuous Gal,Hail to Reason,Cosmah,Understanding,Mountain Flower,Lyphard,Lady Rebecca,Busted,Highclere,Danzig,Razyana,Be My Guest,Push a Button,Northern Dancer,Special,Alydar,My Juliet,Mr. Prospector,Coup de Folie,Troy,Waterway,Northern Dancer,Mississippi Mud,His Majesty,Long Legend,Raise a Native,Gold Digger,Buckpasser,Broadway,Northern Dancer,Flaming Page,Briartic,Impetuous Lady
202609010510,4,ダート,1200,稍重,3勝クラス,モズアスコット,トーアポリネシア,Frankel,India,キンシャサノキセキ,トーアティアレ,Galileo,Kind,ヘネシー,Misty Hour,フジキセキ,ケルトシャーン,ゴールドアリュール,トーアスカイヴュー,Sadler's Wells,Urban Sea,デインヒル,Rainbow Lake,Storm Cat,Island Kitty,Miswaki,Our Tina Marie,サンデーサイレンス,ミルレーサー,Pleasant Colony,Featherhill,サンデーサイレンス,ニキーヤ,Distant View,ランセステューズ,Northern Dancer,Fairy Bridge,Miswaki,Allegretta,Danzig,Razyana,Rainbow Quest,Rockfest,Storm Bird,Terlingua,Hawaii,T. C. Kitten,Mr. Prospector,Hopespringseternal,Nijinsky,Java Moon,Halo,Wishing Well,Le Fabuleux,Marston's Mill,His Majesty,Sun Colony,Lyphard,Lady Berry,Halo,Wishing Well,Nureyev,Reluctant Guest,Mr. Prospector,Seven Springs,リィフォー,Enthraller
202609010510,5,ダート,1200,稍重,3勝クラス,ダイワメジャー,フリスコベイ,サンデーサイレンス,スカーレットブーケ,ハードスパン,Frisco Belle,Halo,Wishing Well,ノーザンテースト,スカーレットインク,Danzig,Turkish Tryst,El Prado,Runaway Ashleigh,Hail to Reason,Cosmah,Understanding,Mountain Flower,Northern Dancer,Lady Victoria,Crimson Satan,Consentida,Northern Dancer,Pas de Nom,Turkoman,Darbyvail,Sadler's Wells,Lady Capulet,Runaway Groom,Home From the Fair,Turn-to,Nothirdchance,Cosmic Bomb,Almahmoud,Promised Land,Pretty Ways,Montparnasse,Edelweiss,Nearctic,Natalma,Victoria Park,Lady Angela,Spy Song,Papila,Beau Max,La Menina,Nearctic,Natalma,Admiral's Voyage,Petitioner,Alydar,Taba,Roberto,Luiana,Northern Dancer,Fairy Bridge,Sir Ivor,Cap and Bells,Blushing Groom,Yonnie Girl,Northern Dancer,Fairs Fair
202609010510,6,ダート,1200,稍重,3勝クラス,トゥザワールド,チャームラブ,キングカメハメハ,トゥザヴィクトリー,フレンチデピュティ,ラブソーリー,Kingmambo,マンファス,サンデーサイレンス,フェアリードール,Deputy Minister,Mitterand,ウォーニング,ソワレ,Mr. Prospector,Miesque,ラストタイクーン,Pilot Bird,Halo,Wishing Well,Nureyev,Dream Deal,Vice Regent,Mint Copy,Hold Your Peace,Laredo Lass,Known Fact,Slightly Dangerous,Sadler's Wells,Seminar,Raise a Native,Gold Digger,Nureyev,Pasadoble,トライマイベスト,Mill Princess,Blakeney,The Dancer,Hail to Reason,Cosmah,Understanding,Mountain Flower,Northern Dancer,Special,Sharpen Up,Likely Exchange,Northern Dancer,Victoria Regina,Bunty's Flight,Shakney,Speak John,Blue Moon,Bold Ruler,Fortunate Isle,In Reality,Tamerett,Roberto,Where You Lead,Northern Dancer,Fairy Bridge,ドン,Solar Echo
202609010510,7,ダート,1200,稍重,3勝クラス,Speightstown,ケンジントン,Gone West,Silken Cat,Kitten's Joy,Rum Charger,Mr. Prospector,Secrettame,Storm Cat,Silken Doll,El Prado,Kitten's First,Spectrum,Park Charger,Raise a Native,Gold Digger,Secretariat,Tamerett,Storm Bird,Terlingua,Chieftain,Insilca,Sadler's Wells,Lady Capulet,Lear Fan,That's My Hon,Rainbow Quest,River Dancer,Tirol,Haitienne,Native Dancer,Raise You,Nashua,Sequence,Bold Ruler,Somethingroyal,Tim Tam,Mixed Marriage,Northern Dancer,South Ocean,Secretariat,Crimson Saint,Bold Ruler,Pocahontas,Buckpasser,Copper Canyon,Northern Dancer,Fairy Bridge,Sir Ivor,Cap and Bells,Roberto,Wac,L'Enjoleur,One Lane,Blushing Groom,I Will Follow,Irish River,Dancing Shadow,Thatching,Alpine Niece,Green Dancer,Hamada
202609010510,8,ダート,1200,稍重,3勝クラス,ルーラーシップ,オールドパサデナ,キングカメハメハ,エアグルーヴ,エンパイアメーカー,オフジオールドブロック,Kingmambo,マンファス,トニービン,ダイナカール,Unbridled,Toussaud,A.P. Indy,Chip,Mr. Prospector,Miesque,ラストタイクーン,Pilot Bird,カンパラ,Severn Bridge,ノーザンテースト,シャダイフェザー,Fappiano,Gana Facil,El Gran Senor,Image of Reality,Seattle Slew,Weekend Surprise,Norquestor,Big Pride,Raise a Native,Gold Digger,Nureyev,Pasadoble,トライマイベスト,Mill Princess,Blakeney,The Dancer,Kalamoun,State Pension,Hornbeam,Priddy Fair,Northern Dancer,Lady Victoria,ガーサント,パロクサイド,Mr. Prospector,Killaloe,Le Fabuleux,Charedi,Northern Dancer,Sex Appeal,In Reality,Edee's Image,Bold Reasoning,My Charmer,Secretariat,Lassie Dear,Conquistador Cielo,Linda North,Bet Big,Alto Pride
202609010510,9,ダート,1200,稍重,3勝クラス,ミッキーアイル,ビバリーヒルズ,ディープインパクト,スターアイル,スニッツェル,ブリリアントベリー,サンデーサイレンス,ウインドインハーヘア,ロックオブジブラルタル,アイルドフランス,Redoute's Choice,Snippets' Lass,ノーザンテースト,クラフテイワイフ,Halo,Wishing Well,Alzao,Burghclere,デインヒル,Offshore Boom,Nureyev,ステラマドリッド,デインヒル,Shantha's Choice,Snippets,Snow Finch,Northern Dancer,Lady Victoria,Crafty Prospector,Wife Mistress,Hail to Reason,Cosmah,Understanding,Mountain Flower,Lyphard,Lady Rebecca,Busted,Highclere,Danzig,Razyana,Be My Guest,Push a Button,Northern Dancer,Special,Alydar,My Juliet,Danzig,Razyana,Canny Lad,Dancing Show,Lunchtime,Easy Date,Storm Bird,A Realgirl,Nearctic,Natalma,Victoria Park,Lady Angela,Mr. Prospector,Real Crafty Lady,Secretariat,Political Payoff
202609010510,10,ダート,1200,稍重,3勝クラス,ルーラーシップ,アンナヴァン,キングカメハメハ,エアグルーヴ,エンドスウィープ,フサイチミニヨン,Kingmambo,マンファス,トニービン,ダイナカール,フォーティナイナー,Broom Dance,サンデーサイレンス,バレークイーン,Mr. Prospector,Miesque,ラストタイクーン,Pilot Bird,カンパラ,Severn Bridge,ノーザンテースト,シャダイフェザー,Mr. Prospector,File,Dance Spell,Witching Hour,Halo,Wishing Well,Sadler's Wells,Sun Princess,Raise a Native,Gold Digger,Nureyev,Pasadoble,トライマイベスト,Mill Princess,Blakeney,The Dancer,Kalamoun,State Pension,Hornbeam,Priddy Fair,Northern Dancer,Lady Victoria,ガーサント,パロクサイド,Raise a Native,Gold Digger,Tom Rolfe,Continue,Northern Dancer,Obeah,Thinking Cap,Enchanted Eve,Hail to Reason,Cosmah,Understanding,Mountain Flower,Northern Dancer,Fairy Bridge,イングリッシュプリンス,Sunny Valley
202609010510,11,ダート,1200,稍重,3勝クラス,カレンブラックヒル,ジャムトウショウ,ダイワメジャー,チャールストンハーバー,デザートキング,ダーリントウショウ,サンデーサイレンス,スカーレットブーケ,Grindstone,Penny's Valentine,デインヒル,Sabaah,トウショウボーイ,セリナトウショウ,Halo,Wishing Well,ノーザンテースト,スカーレットインク,Unbridled,Buzz My Bell,Storm Cat,Mrs. Penny,Danzig,Razyana,Nureyev,Dish Dash,テスコボーイ,ソシアルバターフライ,シルバーシャーク,ビバドンナ,Hail to Reason,Cosmah,Understanding,Mountain Flower,Northern Dancer,Lady Victoria,Crimson Satan,Consentida,Fappiano,Gana Facil,Drone,Chateaupavia,Storm Bird,Terlingua,Great Nephew,Tananarive,Northern Dancer,Pas de Nom,His Majesty,Spring Adieu,Northern Dancer,Special,Bustino,Loose Cover,Princely Gift,Suncourt,Your Host,Wisteria,Buisson Ardent,Palsaka,Petingo,Donna Lollo
202609010510,12,ダート,1200,稍重,3勝クラス,シニスターミニスター,ジュンユーミン,Old Trieste,Sweet Minister,キングカメハメハ,マイノチカラ,A.P. Indy,Lovlier Linda,The Prime Minister,Sweet Blue,Kingmambo,マンファス,サンデーサイレンス,シャンクシー,Seattle Slew,Weekend Surprise,Vigors,Linda Summers,Deputy Minister,Stick to Beauty,Hurry Up Blue,Sugar Gold,Mr. Prospector,Miesque,ラストタイクーン,Pilot Bird,Halo,Wishing Well,Zilzal,Rich and Riotous,Bold Reasoning,My Charmer,Secretariat,Lassie Dear,Grey Dawn,Relifordie,Crozier,Queenly Gift,Vice Regent,Mint Copy,Illustrious,Hail to Beauty,Mr. Leader,Blue Baroness,Mr. Prospector,Miss Ironside,Raise a Native,Gold Digger,Nureyev,Pasadoble,トライマイベスト,Mill Princess,Blakeney,The Dancer,Hail to Reason,Cosmah,Understanding,Mountain Flower,Nureyev,French Charmer,エンペリー,Carnauba
202609010510,13,ダート,1200,稍重,3勝クラス,ヘニーヒューズ,アイアムネフライト,ヘネシー,Meadow Flyer,アグネスタキオン,アイアムアドーター,Storm Cat,Island Kitty,Meadowlake,Shortley,サンデーサイレンス,アグネスフローラ,デヒア,アイアムザウィナー,Storm Bird,Terlingua,Hawaii,T. C. Kitten,Hold Your Peace,Suspicious Native,Hagley,Short Winded,Halo,Wishing Well,ロイヤルスキー,アグネスレディー,Deputy Minister,Sister Dot,Danzig Connection,ブルージーンベイビー,Northern Dancer,South Ocean,Secretariat,Crimson Saint,Utrillo,Ethane,Tom Cat,Needlebug,Speak John,Blue Moon,Raise a Native,Be Suspicious,Olden Times,Teo Pepi,Harvest Singing,Wild Cloud,Hail to Reason,Cosmah,Understanding,Mountain Flower,Raja Baba,Coz o'Nijinsky,リマンド,イコマエイカン,Vice Regent,Mint Copy,Secretariat,Sword Game,Danzig,Gdynia,Mr. Prospector,Jones Time Machine
202609010510,14,ダート,1200,稍重,3勝クラス,ダイワメジャー,ヤマニンアタシャン,サンデーサイレンス,スカーレットブーケ,フレンチデピュティ,ヤマニンパンテール,Halo,Wishing Well,ノーザンテースト,スカーレットインク,Deputy Minister,Mitterand,ニホンピロウイナー,ヤマニンアリュール,Hail to Reason,Cosmah,Understanding,Mountain Flower,Northern Dancer,Lady Victoria,Crimson Satan,Consentida,Vice Regent,Mint Copy,Hold Your Peace,Laredo Lass,スティールハート,ニホンピロエバート,サンデーサイレンス,ヤマニンポリシー,Turn-to,Nothirdchance,Cosmic Bomb,Almahmoud,Promised Land,Pretty Ways,Montparnasse,Edelweiss,Nearctic,Natalma,Victoria Park,Lady Angela,Spy Song,Papila,Beau Max,La Menina,Northern Dancer,Victoria Regina,Bunty's Flight,Shakney,Speak John,Blue Moon,Bold Ruler,Fortunate Isle,Habitat,A.,チャイナロック,ライトフレーム,Halo,Wishing Well,Blushing Groom,ヤマホウユウ
202609010510,15,ダート,1200,稍重,3勝クラス,シルバーステート,メイショウレクセラ,ディープインパクト,シルヴァースカヤ,キングカメハメハ,ダンシングハピネス,サンデーサイレンス,ウインドインハーヘア,Silver Hawk,Boubskaia,Kingmambo,マンファス,ダンスインザダーク,メイショウサチカゼ,Halo,Wishing Well,Alzao,Burghclere,Roberto,Gris Vitesse,Niniski,Frenetique,Mr. Prospector,Miesque,ラストタイクーン,Pilot Bird,サンデーサイレンス,ダンシングキイ,クリスタルグリッターズ,シアトルダンサー,Hail to Reason,Cosmah,Understanding,Mountain Flower,Lyphard,Lady Rebecca,Busted,Highclere,Hail to Reason,Bramalea,Amerigo,Matchiche,Nijinsky,Virginia Hills,Tyrant,Femina,Raise a Native,Gold Digger,Nureyev,Pasadoble,トライマイベスト,Mill Princess,Blakeney,The Dancer,Halo,Wishing Well,Nijinsky,Key Partner,Blushing Groom,Tales to Tell,ノーザンアンサー,サイレージ
202609010511,1,芝,1400,良,オープン,エピファネイア,フロアクラフト,シンボリクリスエス,シーザリオ,フジキセキ,リッチダンサー,Kris S.,Tee Kay,スペシャルウィーク,キロフプリミエール,サンデーサイレンス,ミルレーサー,Halling,Fairy Flight,Roberto,Sharp Queen,Gold Meridian,Tri Argo,サンデーサイレンス,キャンペンガール,Sadler's Wells,Querida,Halo,Wishing Well,Le Fabuleux,Marston's Mill,Diesis,Dance Machine,Fairy King,Rising Tide,Hail to Reason,Bramalea,Princequillo,Bridgework,Seattle Slew,Queen Louie,Tri Jet,Hail Proudly,Halo,Wishing Well,マルゼンスキー,レディーシラオキ,Northern Dancer,Fairy Bridge,Habitat,Principia,Hail to Reason,Cosmah,Understanding,Mountain Flower,Wild Risk,Anguar,In Reality,Millicent,Sharpen Up,Doubly Sure,Green Dancer,Never a Lady,Northern Dancer,Fairy Bridge,レッドアラート,Naiad Queen
202609010511,2,芝,1400,良,オープン,ドレフォン,サンティール,Gio Ponti,Eltimaas,ハービンジャー,サンヴィクトワール,Tale of the Cat,Chipeta Springs,Ghostzapper,Najecam,Dansili,Penang Pearl,サンデーサイレンス,ヴィクトリーバンク,Storm Cat,Yarn,Alydar,Salt Spring,Awesome Again,Baby Zip,Trempolino,Sue Warner,デインヒル,Hasili,Bering,Guapa,Halo,Wishing Well,ドクターデヴィアス,ライトバンク,Storm Bird,Terlingua,Mr. Prospector,Narrate,Raise a Native,Sweet Tooth,Salt Marsh,Jungle Mythologic,Deputy Minister,Primal Force,Relaunch,Thirty Zip,Sharpen Up,Trephine,Forli,Bitty Girl,Danzig,Razyana,Kahyasi,Kerali,Arctic Tern,Beaune,Shareef Dancer,Sauceboat,Hail to Reason,Cosmah,Understanding,Mountain Flower,Ahonoora,Rose of Jericho,Luthier,Ask Gloria
202609010511,3,芝,1400,良,オープン,ファインニードル,プリディカメント,アドマイヤムーン,ニードルクラフト,Hard Spun,ジェネラスオプション,エンドスウィープ,マイケイティーズ,Mark of Esteem,Sharp Point,Danzig,Turkish Tryst,Cadeaux Genereux,Easy Option,フォーティナイナー,Broom Dance,サンデーサイレンス,ケイティーズファースト,Darshaan,Homage,ロイヤルアカデミー,Nice Point,Northern Dancer,Pas de Nom,Turkoman,Darbyvail,Young Generation,Smarten Up,Prince Sabo,Brazen Faced,Mr. Prospector,File,Dance Spell,Witching Hour,Halo,Wishing Well,Kris,Katies,Shirley Heights,Delsy,Ajdal,Home Love,Nijinsky,Crimson Saint,Sharpen Up,Alpine Niece,Nearctic,Natalma,Admiral's Voyage,Petitioner,Alydar,Taba,Roberto,Luiana,Balidar,Brig O'Doon,Sharpen Up,L'Anguissola,Young Generation,Jubilee Song,ボールドアンドフリー,Maurine
202609010511,4,芝,1400,良,オープン,マテラスカイ,ミニーアイル,Speightstown,Mostaqeleh,ミッキーアイル,アイランドファッション,Gone West,Silken Cat,Rahy,Istiqlal,ディープインパクト,スターアイル,Petionville,Danzigs Fashion,Mr. Prospector,Secrettame,Storm Cat,Silken Doll,Blushing Groom,Glorious Song,Diesis,Wasnah,サンデーサイレンス,ウインドインハーヘア,ロックオブジブラルタル,アイルドフランス,Seeking the Gold,Vana Turns,A Native Danzig,High View Fashion,Raise a Native,Gold Digger,Secretariat,Tamerett,Storm Bird,Terlingua,Chieftain,Insilca,Red God,Runaway Bride,Halo,Ballade,Sharpen Up,Doubly Sure,Nijinsky,Highest Trump,Halo,Wishing Well,Alzao,Burghclere,デインヒル,Offshore Boom,Nureyev,ステラマドリッド,Mr. Prospector,Con Game,Wavering Monarch,The Wheel Turns,Danzig,Lucy Belle,Bold Tropic,Fleet Fashion
202609010511,5,芝,1400,良,オープン,パドトロワ,パネットーネ,スウェプトオーヴァーボード,グランパドドゥ,エピファネイア,エリンコート,エンドスウィープ,Sheer Ice,フジキセキ,スターバレリーナ,シンボリクリスエス,シーザリオ,デュランダル,エリンバード,フォーティナイナー,Broom Dance,Cutlass,Hey Dolly A.,サンデーサイレンス,ミルレーサー,Risen Star,ベリアーニ,Kris S.,Tee Kay,スペシャルウィーク,キロフプリミエール,サンデーサイレンス,サワヤカプリンセス,Bluebird,Maid of Erin,Mr. Prospector,File,Dance Spell,Witching Hour,Damascus,Aphonia,Ambehaving,Swift Deal,Halo,Wishing Well,Le Fabuleux,Marston's Mill,Secretariat,Ribbon,Nureyev,Eleven Pleasures,Roberto,Sharp Queen,Gold Meridian,Tri Argo,サンデーサイレンス,キャンペンガール,Sadler's Wells,Querida,Halo,Wishing Well,ノーザンテースト,スコッチプリンセス,Storm Bird,Ivory Dawn,Irish River,Dancing Shadow
202609010511,6,芝,1400,良,オープン,ミッキーアイル,ホーマンピクシー,ディープインパクト,スターアイル,キングカメハメハ,タイトーク,サンデーサイレンス,ウインドインハーヘア,ロックオブジブラルタル,アイルドフランス,Kingmambo,マンファス,ブラックタイアフェアー,ハイランドトーク,Halo,Wishing Well,Alzao,Burghclere,デインヒル,Offshore Boom,Nureyev,ステラマドリッド,Mr. Prospector,Miesque,ラストタイクーン,Pilot Bird,Miswaki,Hat Tab Girl,Highland Park,Speaking of Sweets,Hail to Reason,Cosmah,Understanding,Mountain Flower,Lyphard,Lady Rebecca,Busted,Highclere,Danzig,Razyana,Be My Guest,Push a Button,Northern Dancer,Special,Alydar,My Juliet,Raise a Native,Gold Digger,Nureyev,Pasadoble,トライマイベスト,Mill Princess,Blakeney,The Dancer,Mr. Prospector,Hopespringseternal,Al Hattab,Desperate Action,Raise a Native,Old Goat,Elocutionist,Rolltosweets
202609010511,7,芝,1400,良,オープン,リオンディーズ,イニシャルダブル,キングカメハメハ,シーザリオ,ウォーエンブレム,ウォートルベリー,Kingmambo,マンファス,スペシャルウィーク,キロフプリミエール,Our Emblem,Sweetest Lady,Starborough,Rotina,Mr. Prospector,Miesque,ラストタイクーン,Pilot Bird,サンデーサイレンス,キャンペンガール,Sadler's Wells,Querida,Mr. Prospector,Personal Ensign,Lord at War,Sweetest Roman,ソヴィエトスター,Flamenco Wave,クリスタルグリッターズ,Rudolfina,Raise a Native,Gold Digger,Nureyev,Pasadoble,トライマイベスト,Mill Princess,Blakeney,The Dancer,Halo,Wishing Well,マルゼンスキー,レディーシラオキ,Northern Dancer,Fairy Bridge,Habitat,Principia,Raise a Native,Gold Digger,Private Account,Grecian Banner,General,Luna de Miel,The Pruner,I Also,Nureyev,Veruschka,Desert Wine,Armada Way,Blushing Groom,Tales to Tell,Pharly,Rojanya
202609010511,8,芝,1400,良,オープン,リアルスティール,ロシアンサモワール,ディープインパクト,ラヴズオンリーミー,American Pharoah,Megalicious,サンデーサイレンス,ウインドインハーヘア,Storm Cat,Monevassia,Pioneerof the Nile,Littleprincessemma,Songandaprayer,Katie McLaury,Halo,Wishing Well,Alzao,Burghclere,Storm Bird,Terlingua,Mr. Prospector,Miesque,エンパイアメーカー,Star of Goshen,Yankee Gentleman,Exclusive Rosette,Unbridled's Song,Alizea,Centrust,Vicki Joy,Hail to Reason,Cosmah,Understanding,Mountain Flower,Lyphard,Lady Rebecca,Busted,Highclere,Northern Dancer,South Ocean,Secretariat,Crimson Saint,Raise a Native,Gold Digger,Nureyev,Pasadoble,Unbridled,Toussaud,Lord at War,Castle Eight,Storm Cat,Key Phrase,Ecliptical,Zetta Jet,Unbridled,Trolley Song,Premiership,Fancy Medallion,Mr. Prospector,Rock Fever,Real Value,Sad Times
202609010511,9,芝,1400,良,オープン,シスキン,ドーバーブリーズ,First Defence,Bird Flown,Frankel,Household Name,Unbridled's Song,Honest Lady,Oasis Dream,Silver Star,Galileo,Kind,Zamindar,Coraline,Unbridled,Trolley Song,Seattle Slew,Toussaud,Green Desert,Hope,Zafonic,Monroe,Sadler's Wells,Urban Sea,デインヒル,Rainbow Lake,Gone West,Zaizafon,Sadler's Wells,Bahamian,Fappiano,Gana Facil,Caro,Lucky Spell,Bold Reasoning,My Charmer,El Gran Senor,Image of Reality,Danzig,Foreign Courier,ダンシングブレーヴ,Bahamian,Gone West,Zaizafon,Sir Ivor,Best in Show,Northern Dancer,Fairy Bridge,Miswaki,Allegretta,Danzig,Razyana,Rainbow Quest,Rockfest,Mr. Prospector,Secrettame,The Minstrel,Mofida,Northern Dancer,Fairy Bridge,Mill Reef,Sorbus
202609010511,10,芝,1400,良,オープン,ビッグアーサー,フロレンザール,サクラバクシンオー,シヤボナ,ベルシャザール,フロレンティナ,サクラユタカオー,サクラハゴロモ,Kingmambo,Relish,キングカメハメハ,マルカキャンディ,クロフネ,ナイキフェイバー,テスコボーイ,アンジェリカ,ノーザンテースト,クリアアンバー,Mr. Prospector,Miesque,Sadler's Wells,Reloy,Kingmambo,マンファス,サンデーサイレンス,ジーナロマンティカ,フレンチデピュティ,ブルーアヴェニュー,Favorite Trick,Sixy Chic,Princely Gift,Suncourt,ネヴァービート,スターハイネス,Northern Dancer,Lady Victoria,Ambiopoise,One Clear Call,Raise a Native,Gold Digger,Nureyev,Pasadoble,Northern Dancer,Fairy Bridge,Liloy,Rescousse,Mr. Prospector,Miesque,ラストタイクーン,Pilot Bird,Halo,Wishing Well,セクレト,Waya,Deputy Minister,Mitterand,Classic Go Go,Eliza Blue,Phone Trick,Evil Elaine,Saratoga Six,Millie and Me
202609010511,11,芝,1400,良,オープン,リアルスティール,マルキーズ,ディープインパクト,ラヴズオンリーミー,ヴィクトワールピサ,フレンチリヴィエラ,サンデーサイレンス,ウインドインハーヘア,Storm Cat,Monevassia,ネオユニヴァース,ホワイトウォーターアフェア,フレンチデピュティ,Actinella,Halo,Wishing Well,Alzao,Burghclere,Storm Bird,Terlingua,Mr. Prospector,Miesque,サンデーサイレンス,ポインテッドパス,Machiavellian,Much Too Risky,Deputy Minister,Mitterand,Seattle Slew,Aerturas,Hail to Reason,Cosmah,Understanding,Mountain Flower,Lyphard,Lady Rebecca,Busted,Highclere,Northern Dancer,South Ocean,Secretariat,Crimson Saint,Raise a Native,Gold Digger,Nureyev,Pasadoble,Halo,Wishing Well,Kris,Silken Way,Mr. Prospector,Coup de Folie,Bustino,Short Rations,Vice Regent,Mint Copy,Hold Your Peace,Laredo Lass,Bold Reasoning,My Charmer,マナード,Amiel
202609010511,12,芝,1400,良,オープン,キズナ,キャシーズソング,ディープインパクト,キャットクイル,Candy Ride,Strawberry Sense,サンデーサイレンス,ウインドインハーヘア,Storm Cat,Pacific Princess,Ride the Rails,Candy Girl,A.P. Indy,Strawberry Reason,Halo,Wishing Well,Alzao,Burghclere,Storm Bird,Terlingua,Damascus,Fiji,Cryptoclearance,Herbalesian,Candy Stripes,City Girl,Seattle Slew,Weekend Surprise,Strawberry Road,Pretty Reason,Hail to Reason,Cosmah,Understanding,Mountain Flower,Lyphard,Lady Rebecca,Busted,Highclere,Northern Dancer,South Ocean,Secretariat,Crimson Saint,Sword Dancer,Kerala,Acropolis,Rififi,Fappiano,Naval Orange,Herbager,Alanesian,Blushing Groom,バブルカンパニー,Farnesio,Cithara,Bold Reasoning,My Charmer,Secretariat,Lassie Dear,Whiskey Road,Giftisa,Hail to Reason,Mysore
202609010511,13,芝,1400,良,オープン,ドレフォン,ミッキーグッドネス,Gio Ponti,Eltimaas,ディープインパクト,マイグッドネス,Tale of the Cat,Chipeta Springs,Ghostzapper,Najecam,サンデーサイレンス,ウインドインハーヘア,Storm Cat,Caressing,Storm Cat,Yarn,Alydar,Salt Spring,Awesome Again,Baby Zip,Trempolino,Sue Warner,Halo,Wishing Well,Alzao,Burghclere,Storm Bird,Terlingua,Honour and Glory,Lovin Touch,Storm Bird,Terlingua,Mr. Prospector,Narrate,Raise a Native,Sweet Tooth,Salt Marsh,Jungle Mythologic,Deputy Minister,Primal Force,Relaunch,Thirty Zip,Sharpen Up,Trephine,Forli,Bitty Girl,Hail to Reason,Cosmah,Understanding,Mountain Flower,Lyphard,Lady Rebecca,Busted,Highclere,Northern Dancer,South Ocean,Secretariat,Crimson Saint,Relaunch,Fair to All,Majestic Prince,Forest Princess
202609010511,14,芝,1400,良,オープン,シスキン,カゼルタ,First Defence,Bird Flown,ハービンジャー,エルダンジュ,Unbridled's Song,Honest Lady,Oasis Dream,Silver Star,Dansili,Penang Pearl,サンデーサイレンス,ガゼルロワイヤル,Unbridled,Trolley Song,Seattle Slew,Toussaud,Green Desert,Hope,Zafonic,Monroe,デインヒル,Hasili,Bering,Guapa,Halo,Wishing Well,Garde Royale,Beautywal,Fappiano,Gana Facil,Caro,Lucky Spell,Bold Reasoning,My Charmer,El Gran Senor,Image of Reality,Danzig,Foreign Courier,ダンシングブレーヴ,Bahamian,Gone West,Zaizafon,Sir Ivor,Best in Show,Danzig,Razyana,Kahyasi,Kerali,Arctic Tern,Beaune,Shareef Dancer,Sauceboat,Hail to Reason,Cosmah,Understanding,Mountain Flower,Mill Reef,Royal Way,Magwal,True Beauty
202609010511,15,芝,1400,良,オープン,フィレンツェファイア,ミッドナイトラヴ,Poseidon's Warrior,My Every Wish,ロードカナロア,ミッドタウンレディ,Speightstown,Poised to Pounce,Langfuhr,Mille Lacs,キングカメハメハ,レディブラッサム,ゼンノロブロイ,ファビラスラフイン,Gone West,Silken Cat,Smarten,Lady Lyndy,Danzig,Sweet Briar Too,Unbridled,With Every Wish,Kingmambo,マンファス,Storm Cat,サラトガデュー,サンデーサイレンス,ローミンレイチェル,Fabulous Dancer,Mercalle,Mr. Prospector,Secrettame,Storm Cat,Silken Doll,Cyane,Smartaire,Bold Favorite,Counterflight,Northern Dancer,Pas de Nom,Briartic,Prima Babu Gum,Fappiano,Gana Facil,Lear Fan,Amo,Mr. Prospector,Miesque,ラストタイクーン,Pilot Bird,Storm Bird,Terlingua,Cormorant,Super Luna,Halo,Wishing Well,マイニング,One Smart Lady,Northern Dancer,Last of the Line,Kaldoun,Eole des Mers
202609010511,16,芝,1400,良,オープン,カリフォルニアクローム,シェーンリート,Lucky Pulpit,Love the Chase,ヘニーヒューズ,ジュリエットソング,Pulpit,Lucky Soph,Not for Love,Chase It Down,ヘネシー,Meadow Flyer,ディープインパクト,ビューティソング,A.P. Indy,Preach,Cozzene,Lucky Spell,Mr. Prospector,Dance Number,Polish Numbers,Chase the Dream,Storm Cat,Island Kitty,Meadowlake,Shortley,サンデーサイレンス,ウインドインハーヘア,デインヒル,マックスジョリー,Seattle Slew,Weekend Surprise,Mr. Prospector,Narrate,Caro,Ride the Trails,Lucky Mel,Incantation,Raise a Native,Gold Digger,Northern Dancer,Numbered Account,Danzig,Numbered Account,Sir Ivor,La Belle Fleur,Storm Bird,Terlingua,Hawaii,T. C. Kitten,Hold Your Peace,Suspicious Native,Hagley,Short Winded,Halo,Wishing Well,Alzao,Burghclere,Danzig,Razyana,リアルシャダイ,マックスビューティ
202609010511,17,芝,1400,良,オープン,モズアスコット,プレザントブリーズ,Frankel,India,マンハッタンカフェ,スターズインハーアイズ,Galileo,Kind,ヘネシー,Misty Hour,サンデーサイレンス,サトルチェンジ,Woodman,ウインドインハーヘア,Sadler's Wells,Urban Sea,デインヒル,Rainbow Lake,Storm Cat,Island Kitty,Miswaki,Our Tina Marie,Halo,Wishing Well,Law Society,Santa Luciana,Mr. Prospector,プレイメイト,Alzao,Burghclere,Northern Dancer,Fairy Bridge,Miswaki,Allegretta,Danzig,Razyana,Rainbow Quest,Rockfest,Storm Bird,Terlingua,Hawaii,T. C. Kitten,Mr. Prospector,Hopespringseternal,Nijinsky,Java Moon,Hail to Reason,Cosmah,Understanding,Mountain Flower,Alleged,Bold Bikini,Luciano,Suleika,Raise a Native,Gold Digger,Buckpasser,Intriguing,Lyphard,Lady Rebecca,Busted,Highclere
202609010511,18,芝,1400,良,オープン,ミッキーアイル,エルーセラ,ディープインパクト,スターアイル,Spirit One,Class a Fair,サンデーサイレンス,ウインドインハーヘア,ロックオブジブラルタル,アイルドフランス,Anabaa Blue,Lavayssiere,Shining Steel,Natalia Fair,Halo,Wishing Well,Alzao,Burghclere,デインヒル,Offshore Boom,Nureyev,ステラマドリッド,Anabaa,Allez Les Trois,Sicyos,La Clouere,Kris,Lady Moon,General Holme,Vanila Fudge,Hail to Reason,Cosmah,Understanding,Mountain Flower,Lyphard,Lady Rebecca,Busted,Highclere,Danzig,Razyana,Be My Guest,Push a Button,Northern Dancer,Special,Alydar,My Juliet,Danzig,Balbonella,Riverman,Allegretta,Lyphard,Sigy,Riverquest,Bey Bey,Sharpen Up,Doubly Sure,Mill Reef,ムーンライトナイト,Noholme,Generals Sister,Bold Bidder,Lace Curtain Lil
202609010512,1,ダート,1200,稍重,1勝クラス,ノヴェリスト,サンマルアリュール,Monsun,Night Lagoon,ゴールドアリュール,ミスサイベリア,Konigsstuhl,Mosella,Lagunas,Nenuphar,サンデーサイレンス,ニキーヤ,Giant's Causeway,Miss Tobacco,Dschingis Khan,Konigskronung,Surumu,Monasia,イルドブルボン,Liranga,Night Shift,Narola,Halo,Wishing Well,Nureyev,Reluctant Guest,Storm Cat,Mariah's Storm,フォーティナイナー,Lisaleen,Tamerlane,Donna Diana,Tiepoletto,Kronung,Literat,Surama,Authi,Monacensia,Nijinsky,Roseliere,Literat,Love In,Northern Dancer,Ciboulette,Nebos,Nubia,Hail to Reason,Cosmah,Understanding,Mountain Flower,Northern Dancer,Special,Hostage,Vaguely Royal,Storm Bird,Terlingua,Rahy,イメンス,Mr. Prospector,File,Northern Dancer,Lisadell
202609010512,2,ダート,1200,稍重,1勝クラス,フォーウィールドライブ,オークヴィル,American Pharoah,Funfair,タニノギムレット,オーパスワン,Pioneerof the Nile,Littleprincessemma,More Than Ready,Fleuron,ブライアンズタイム,タニノクリスタル,Theatrical,ティルティング,エンパイアメーカー,Star of Goshen,Yankee Gentleman,Exclusive Rosette,サザンヘイロー,Woodman's Girl,Distant View,Flamboyance,Roberto,Kelley's Day,クリスタルパレス,タニノシーバード,Nureyev,ツリーオブノレッジ,Seattle Slew,Aldonza,Unbridled,Toussaud,Lord at War,Castle Eight,Storm Cat,Key Phrase,Ecliptical,Zetta Jet,Halo,Northern Sea,Woodman,Becky Be Good,Mr. Prospector,Seven Springs,Zilzal,Bridal Wreath,Hail to Reason,Bramalea,Graustark,Golden Trail,Caro,Hermieres,Sea-Bird,Flaxen,Northern Dancer,Special,Sassafras,Sensibility,Bold Reasoning,My Charmer,Bold Bidder,Petite Rouge
202609010512,3,ダート,1200,稍重,1勝クラス,リオンディーズ,エスピナアスール,キングカメハメハ,シーザリオ,フジキセキ,リメインフォレスト,Kingmambo,マンファス,スペシャルウィーク,キロフプリミエール,サンデーサイレンス,ミルレーサー,アジュディケーティング,リメインラブ,Mr. Prospector,Miesque,ラストタイクーン,Pilot Bird,サンデーサイレンス,キャンペンガール,Sadler's Wells,Querida,Halo,Wishing Well,Le Fabuleux,Marston's Mill,Danzig,Resolver,Nabeel Dancer,レストオブラブ,Raise a Native,Gold Digger,Nureyev,Pasadoble,トライマイベスト,Mill Princess,Blakeney,The Dancer,Halo,Wishing Well,マルゼンスキー,レディーシラオキ,Northern Dancer,Fairy Bridge,Habitat,Principia,Hail to Reason,Cosmah,Understanding,Mountain Flower,Wild Risk,Anguar,In Reality,Millicent,Northern Dancer,Pas de Nom,Reviewer,Lovely Morning,Northern Dancer,Prayers'n Promises,Mr. Prospector,Ignore
202609010512,4,ダート,1200,稍重,1勝クラス,レッドスパーダ,セデュウシング,タイキシャトル,バービキャット,アグネスタキオン,シダクティヴリー,Devil's Bag,ウェルシュマフィン,Storm Cat,Barbarika,サンデーサイレンス,アグネスフローラ,サンダーガルチ,Torrid Affair,Halo,Ballade,Caerleon,Muffitys,Storm Bird,Terlingua,Bates Motel,War Exchange,Halo,Wishing Well,ロイヤルスキー,アグネスレディー,Gulch,Line of Thunder,Alydeed,Lover's Talk,Hail to Reason,Cosmah,Herbager,Miss Swapsco,Nijinsky,Foreseer,Thatch,Contrail,Northern Dancer,South Ocean,Secretariat,Crimson Saint,Sir Ivor,Sunday Purchase,Wise Exchange,Jungle War,Hail to Reason,Cosmah,Understanding,Mountain Flower,Raja Baba,Coz o'Nijinsky,リマンド,イコマエイカン,Mr. Prospector,Jameela,Storm Bird,Shoot a Line,Shadeed,Bialy,Vice Regent,Lover's Walk
202609010512,5,ダート,1200,稍重,1勝クラス,ドゥラメンテ,シスタリーラヴ,キングカメハメハ,アドマイヤグルーヴ,Bellamy Road,Odylic,Kingmambo,マンファス,サンデーサイレンス,エアグルーヴ,Concerto,Hurry Home Hillary,Dixieland Band,Petite Diable,Mr. Prospector,Miesque,ラストタイクーン,Pilot Bird,Halo,Wishing Well,トニービン,ダイナカール,Chief's Crown,Undeniably,Deputed Testamony,Ten Cents a Turn,Northern Dancer,Mississippi Mud,Sham,Taste of Life,Raise a Native,Gold Digger,Nureyev,Pasadoble,トライマイベスト,Mill Princess,Blakeney,The Dancer,Hail to Reason,Cosmah,Understanding,Mountain Flower,カンパラ,Severn Bridge,ノーザンテースト,シャダイフェザー,Danzig,Six Crowns,In Reality,Past Forgetting,Traffic Cop,Proof Requested,Cozzene,Rub al Khali,Nearctic,Natalma,Delta Judge,Sand Buggy,Pretense,Sequoia,Dewan,Good Taste
202609010512,6,ダート,1200,稍重,1勝クラス,キンシャサノキセキ,ギブユースマイル,フジキセキ,ケルトシャーン,エンパイアメーカー,スマイルトゥモロー,サンデーサイレンス,ミルレーサー,Pleasant Colony,Featherhill,Unbridled,Toussaud,ホワイトマズル,コクトビューティー,Halo,Wishing Well,Le Fabuleux,Marston's Mill,His Majesty,Sun Colony,Lyphard,Lady Berry,Fappiano,Gana Facil,El Gran Senor,Image of Reality,ダンシングブレーヴ,Fair of the Furze,サウスアトランティック,シルクエンゼル,Hail to Reason,Cosmah,Understanding,Mountain Flower,Wild Risk,Anguar,In Reality,Millicent,Ribot,Flower Bowl,Sunrise Flight,Colonia,Northern Dancer,Goofed,Violon d'Ingres,Moss Rose,Mr. Prospector,Killaloe,Le Fabuleux,Charedi,Northern Dancer,Sex Appeal,In Reality,Edee's Image,Lyphard,Navajo Princess,Ela-Mana-Mou,Autocratic,Mill Reef,Arkadina,パーソロン,シルクベエンチア
202609010512,7,ダート,1200,稍重,1勝クラス,St Patrick's Day,Jelly Cable,Pioneerof the Nile,Littleprincessemma,Sky Mesa,Linda Coqueta,エンパイアメーカー,Star of Goshen,Yankee Gentleman,Exclusive Rosette,Pulpit,Caress,Rubiano,Mystical Mood,Unbridled,Toussaud,Lord at War,Castle Eight,Storm Cat,Key Phrase,Ecliptical,Zetta Jet,A.P. Indy,Preach,Storm Cat,La Affirmed,Fappiano,Ruby Slippers,Roberto,Mystery Mood,Fappiano,Gana Facil,El Gran Senor,Image of Reality,General,Luna de Miel,Key to the Kingdom,Her Native,Storm Bird,Terlingua,Flying Paster,Sown,Exclusive Native,Minnetonka,Tri Jet,Queen Zetta,Seattle Slew,Weekend Surprise,Mr. Prospector,Narrate,Storm Bird,Terlingua,Affirmed,La Mesa,Mr. Prospector,Killaloe,Nijinsky,Moon Glitter,Hail to Reason,Bramalea,Night Invader,Moaning Low
202609010512,8,ダート,1200,稍重,1勝クラス,Justify,Coral Coast,Scat Daddy,Stage Magic,So You Think,Dorabella,ヨハネスブルグ,Love Style,Ghostzapper,Magical Illusion,High Chaparral,Triassic,Postponed,Caserio,ヘネシー,Myth,Mr. Prospector,Likeable Style,Awesome Again,Baby Zip,Pulpit,Voodoo Lily,Sadler's Wells,Kasora,Tights,Astral Row,Summer Squall,Bridal Tea,Kaapstad,Dalmator,Storm Cat,Island Kitty,オジジアン,Yarn,Raise a Native,Gold Digger,Nijinsky,Personable Lady,Deputy Minister,Primal Force,Relaunch,Thirty Zip,A.P. Indy,Preach,Baldski,Cap the Moment,Northern Dancer,Fairy Bridge,Darshaan,Kozana,Nijinsky,Dancealot,Long Row,Pak Bun Bay,Storm Bird,Weekend Surprise,Gulch,Chapel of Dreams,Sir Tristram,Eight Carat,Western Symphony,Our Lafite
202609010512,9,ダート,1200,稍重,1勝クラス,アポロケンタッキー,レディワシントン,Langfuhr,Dixiana Delight,Vindication,Tenderly,Danzig,Sweet Briar Too,Gone West,Lake Lady,Seattle Slew,Strawberry Reason,デインヒル,Specificity,Northern Dancer,Pas de Nom,Briartic,Prima Babu Gum,Mr. Prospector,Secrettame,Salt Lake,Slinkylady,Bold Reasoning,My Charmer,Strawberry Road,Pretty Reason,Danzig,Razyana,Alleged,Mandera,Nearctic,Natalma,Admiral's Voyage,Petitioner,Nearctic,Sweet Lady Briar,Gummo,Princess Babu,Raise a Native,Gold Digger,Secretariat,Tamerett,Deputy Minister,Take Lady Anne,What a Hoist,Don't Call Debi,Boldnesian,Reason to Earn,Poker,Fair Charmer,Whiskey Road,Giftisa,Hail to Reason,Mysore,Northern Dancer,Pas de Nom,His Majesty,Spring Adieu,Hoist the Flag,Princess Pout,Vaguely Noble,Foolish One
202609010512,10,ダート,1200,稍重,1勝クラス,エピファネイア,レジーナフォルテ,シンボリクリスエス,シーザリオ,アルデバラン,ナイキトライアンフ,Kris S.,Tee Kay,スペシャルウィーク,キロフプリミエール,Mr. Prospector,Chimes of Freedom,ボストンハーバー,ウィンヒストリー,Roberto,Sharp Queen,Gold Meridian,Tri Argo,サンデーサイレンス,キャンペンガール,Sadler's Wells,Querida,Raise a Native,Gold Digger,Private Account,Aviance,Capote,Harbor Springs,ダンシングブレーヴ,タレンティドガール,Hail to Reason,Bramalea,Princequillo,Bridgework,Seattle Slew,Queen Louie,Tri Jet,Hail Proudly,Halo,Wishing Well,マルゼンスキー,レディーシラオキ,Northern Dancer,Fairy Bridge,Habitat,Principia,Native Dancer,Raise You,Nashua,Sequence,Damascus,Numbered Account,Northfields,Minnie Hauk,Seattle Slew,Too Bald,Vice Regent,Tinnitus,Lyphard,Navajo Princess,リマンド,チヨダマサコ
202609010512,11,ダート,1200,稍重,1勝クラス,Vekoma ヴェコマ,Flatter Me Owen,Candy Ride,Mona de Momma,Flatter,Cape Cod Bay,Ride the Rails,Candy Girl,Speightstown,Society Gal,A.P. Indy,Praise,Cape Town,Augusta Springs,Cryptoclearance,Herbalesian,Candy Stripes,City Girl,Gone West,Silken Cat,Linkage,Long Legend,Seattle Slew,Weekend Surprise,Mr. Prospector,Wild Applause,Seeking the Gold,Seaside Attraction,Nijinsky,Stellarette,Fappiano,Naval Orange,Herbager,Alanesian,Blushing Groom,バブルカンパニー,Farnesio,Cithara,Mr. Prospector,Secrettame,Storm Cat,Silken Doll,Hoist the Flag,Unity Hall,Reviewer,Lianga,Bold Reasoning,My Charmer,Secretariat,Lassie Dear,Raise a Native,Gold Digger,Northern Dancer,Glowing Tribute,Mr. Prospector,Con Game,Seattle Slew,Kamar,Northern Dancer,Flaming Page,Tentam,Square Angel
202609010512,12,ダート,1200,稍重,1勝クラス,サトノダイヤモンド,マザーズデイ,ディープインパクト,マルペンサ,サクラバクシンオー,ネガノ,サンデーサイレンス,ウインドインハーヘア,Orpen,Marsella,サクラユタカオー,サクラハゴロモ,Miswaki,Madame Treasurer,Halo,Wishing Well,Alzao,Burghclere,Lure,Bonita Francita,サザンヘイロー,Riviere,テスコボーイ,アンジェリカ,ノーザンテースト,クリアアンバー,Mr. Prospector,Hopespringseternal,Key to the Mint,Halo Dancer,Hail to Reason,Cosmah,Understanding,Mountain Flower,Lyphard,Lady Rebecca,Busted,Highclere,Danzig,Endear,Devil's Bag,Raise the Standard,Halo,Northern Sea,Logical,Talonada,Princely Gift,Suncourt,ネヴァービート,スターハイネス,Northern Dancer,Lady Victoria,Ambiopoise,One Clear Call,Raise a Native,Gold Digger,Buckpasser,Rose Bower,Graustark,Key Bridge,Halo,Slight Deception
202609010512,13,ダート,1200,稍重,1勝クラス,シニスターミニスター,アイムヒアー,Old Trieste,Sweet Minister,プリサイスエンド,イケイケモンチッチ,A.P. Indy,Lovlier Linda,The Prime Minister,Sweet Blue,エンドスウィープ,Precisely,デインヒル,モンチッチ,Seattle Slew,Weekend Surprise,Vigors,Linda Summers,Deputy Minister,Stick to Beauty,Hurry Up Blue,Sugar Gold,フォーティナイナー,Broom Dance,Summing,Crisp 'n Clear,Danzig,Razyana,Montelimar,Safe Haven,Bold Reasoning,My Charmer,Secretariat,Lassie Dear,Grey Dawn,Relifordie,Crozier,Queenly Gift,Vice Regent,Mint Copy,Illustrious,Hail to Beauty,Mr. Leader,Blue Baroness,Mr. Prospector,Miss Ironside,Mr. Prospector,File,Dance Spell,Witching Hour,Verbatim,Sumatra,Cold Reception,Ring O'Bells,Northern Dancer,Pas de Nom,His Majesty,Spring Adieu,Alleged,L'Extravagante,Blakeney,Amazer
202609010512,14,ダート,1200,稍重,1勝クラス,スノードラゴン,プリンセスレジーナ,アドマイヤコジーン,マイネカプリース,トーセンジョーダン,マイネレジーナ,Cozzene,アドマイヤマカディ,タヤスツヨシ,ダイナカプリ,ジャングルポケット,エヴリウィスパー,サンデーサイレンス,フミノスキー,Caro,Ride the Trails,ノーザンテースト,ミセスマカディー,サンデーサイレンス,マガロ,サウスアトランティック,ダイナギフト,トニービン,ダンスチャーマー,ノーザンテースト,クラフテイワイフ,Halo,Wishing Well,マルゼンスキー,ベンドユウホウ,フォルティノ,Chambord,Prince John,Wildwook,Northern Dancer,Lady Victoria,トライバルチーフ,Hanina,Halo,Wishing Well,Caro,Magic,Mill Reef,Arkadina,エルセンタウロ,ロイヤルサッシュ,カンパラ,Severn Bridge,Nureyev,Skillful Joy,Northern Dancer,Lady Victoria,Crafty Prospector,Wife Mistress,Hail to Reason,Cosmah,Understanding,Mountain Flower,Nijinsky,シル,ダイハード,タイイサミ
202609010512,15,ダート,1200,稍重,1勝クラス,Practical Joke,Folklore,Into Mischief,Halo Humor,Tiznow,Contrive,Harlan's Holiday,Leslie's Lady,Distorted Humor,Gilded Halo,Cee's Tizzy,Cee's Song,Storm Cat,Jeano,Harlan,Christmas in Aiken,Tricky Creek,Crystal Lady,フォーティナイナー,Danzig's Beauty,Gilded Time,Careless Halo,Relaunch,テイズリー,Seattle Song,Lonely Dancer,Storm Bird,Terlingua,Fappiano,バジー,Storm Cat,Country Romance,Affirmed,Dowager,Clever Trick,Battle Creek Girl,Stop the Music,One Last Bird,Mr. Prospector,File,Danzig,Sweetest Chant,Timeless Moment,Gilded Lilly,Sunny's Halo,Careless Moment,In Reality,Foggy Note,Lyphard,Tizna,Seattle Slew,Incantation,ナイスダンサー,Sleep Lonely,Northern Dancer,South Ocean,Secretariat,Crimson Saint,Mr. Prospector,Killaloe,In Reality,Stolen Base
202609010512,16,ダート,1200,稍重,1勝クラス,スワーヴリチャード,スプリングゲイル,ハーツクライ,ピラミマ,キンシャサノキセキ,サンスプリング,サンデーサイレンス,アイリッシュダンス,Unbridled's Song,キャリアコレクション,フジキセキ,ケルトシャーン,サザンヘイロー,Spring Light,Halo,Wishing Well,トニービン,ビューパーダンス,Unbridled,Trolley Song,General Meeting,River of Stars,サンデーサイレンス,ミルレーサー,Pleasant Colony,Featherhill,Halo,Northern Sea,More Light,Song of Spring,Hail to Reason,Cosmah,Understanding,Mountain Flower,カンパラ,Severn Bridge,Lyphard,My Bupers,Fappiano,Gana Facil,Caro,Lucky Spell,Seattle Slew,Alydar's Promise,Riverman,Star Fortune,Halo,Wishing Well,Le Fabuleux,Marston's Mill,His Majesty,Sun Colony,Lyphard,Lady Berry,Hail to Reason,Cosmah,Northern Dancer,Sea Saga,Morston,Death Ray,Tudor Melody,Primonia
202609010601,1,ダート,1800,良,未勝利,ヘニーヒューズ,クインズメンテ,ヘネシー,Meadow Flyer,ゼンノロブロイ,ラークホイッスル,Storm Cat,Island Kitty,Meadowlake,Shortley,サンデーサイレンス,ローミンレイチェル,Silver Deputy,Find Happiness,Storm Bird,Terlingua,Hawaii,T. C. Kitten,Hold Your Peace,Suspicious Native,Hagley,Short Winded,Halo,Wishing Well,マイニング,One Smart Lady,Deputy Minister,Silver Valley,Buckfinder,Very Very Happy,Northern Dancer,South Ocean,Secretariat,Crimson Saint,Utrillo,Ethane,Tom Cat,Needlebug,Speak John,Blue Moon,Raise a Native,Be Suspicious,Olden Times,Teo Pepi,Harvest Singing,Wild Cloud,Hail to Reason,Cosmah,Understanding,Mountain Flower,Mr. Prospector,I Pass,Clever Trick,Pia's Lady,Vice Regent,Mint Copy,Mr. Prospector,Seven Valleys,Buckpasser,Shenanigans,Dancing Count,Rimark
202609010601,2,ダート,1800,良,未勝利,Essential Quality,ボーディシッタ,Tapit,Delightful Quality,Showcasing,Solfilia,Pulpit,Tap Your Heels,Elusive Quality,Contrive,Oasis Dream,Arabesque,Teofilo,Suntory,A.P. Indy,Preach,Unbridled,Ruby Slippers,Gone West,Touch of Greatness,Storm Cat,Jeano,Green Desert,Hope,Zafonic,Prophecy,Galileo,Speirbhean,Royal Applause,Klarifi,Seattle Slew,Weekend Surprise,Mr. Prospector,Narrate,Fappiano,Gana Facil,Nijinsky,Moon Glitter,Mr. Prospector,Secrettame,Hero's Honor,Ivory Wand,Storm Bird,Terlingua,Fappiano,バジー,Danzig,Foreign Courier,ダンシングブレーヴ,Bahamian,Gone West,Zaizafon,ウォーニング,Andaleeb,Sadler's Wells,Urban Sea,デインヒル,Saviour,ワージブ,Flying Melody,Habitat,Sorbus
202609010601,3,ダート,1800,良,未勝利,キセキ,シーカーマ,ルーラーシップ,ブリッツフィナーレ,Exchange Rate,C B Carm,キングカメハメハ,エアグルーヴ,ディープインパクト,ロンドンブリッジ,Danzig,Sterling Pound,Slick,C. B's Apple,Kingmambo,マンファス,トニービン,ダイナカール,サンデーサイレンス,ウインドインハーヘア,ドクターデヴィアス,オールフォーロンドン,Northern Dancer,Pas de Nom,Seeking the Gold,Spectacular Bev,Alydar,Original Cin,Verbatim,Blue Timber,Mr. Prospector,Miesque,ラストタイクーン,Pilot Bird,カンパラ,Severn Bridge,ノーザンテースト,シャダイフェザー,Halo,Wishing Well,Alzao,Burghclere,Ahonoora,Rose of Jericho,Danzig,Full Card,Nearctic,Natalma,Admiral's Voyage,Petitioner,Mr. Prospector,Con Game,Spectacular Bid,Bev Bev,Raise a Native,Sweet Tooth,Jacinto,Native Nurse,Speak John,Well Kept,Prince Blessed,Smoke Whirl
202609010601,4,ダート,1800,良,未勝利,ダノンスマッシュ,アルバリズム,ロードカナロア,スピニングワイルドキャット,ダイワメジャー,パッションローズ,キングカメハメハ,レディブラッサム,Hard Spun,Hollywood Wildcat,サンデーサイレンス,スカーレットブーケ,アフリート,マヤノクリオネ,Kingmambo,マンファス,Storm Cat,サラトガデュー,Danzig,Turkish Tryst,Kris S.,Miss Wildcatter,Halo,Wishing Well,ノーザンテースト,スカーレットインク,Mr. Prospector,Polite Lady,サクラユタカオー,レディコスマー,Mr. Prospector,Miesque,ラストタイクーン,Pilot Bird,Storm Bird,Terlingua,Cormorant,Super Luna,Northern Dancer,Pas de Nom,Turkoman,Darbyvail,Roberto,Sharp Queen,Mr. Prospector,Elizabeth K.,Hail to Reason,Cosmah,Understanding,Mountain Flower,Northern Dancer,Lady Victoria,Crimson Satan,Consentida,Raise a Native,Gold Digger,Venetian Jester,Friendly Ways,テスコボーイ,アンジェリカ,ノーザンテースト,ロイヤルコスマー
202609010601,5,ダート,1800,良,未勝利,サトノダイヤモンド,フレンチボウ,ディープインパクト,マルペンサ,ホワイトマズル,マニフィカート,サンデーサイレンス,ウインドインハーヘア,Orpen,Marsella,ダンシングブレーヴ,Fair of the Furze,スペシャルウィーク,ミュンシー,Halo,Wishing Well,Alzao,Burghclere,Lure,Bonita Francita,サザンヘイロー,Riviere,Lyphard,Navajo Princess,Ela-Mana-Mou,Autocratic,サンデーサイレンス,キャンペンガール,Sadler's Wells,Martingale,Hail to Reason,Cosmah,Understanding,Mountain Flower,Lyphard,Lady Rebecca,Busted,Highclere,Danzig,Endear,Devil's Bag,Raise the Standard,Halo,Northern Sea,Logical,Talonada,Northern Dancer,Goofed,Drone,Olmec,ピットカーン,Rose Bertin,Tyrant,Flight Table,Halo,Wishing Well,マルゼンスキー,レディーシラオキ,Northern Dancer,Fairy Bridge,Luthier,Moonmadness
202609010601,6,ダート,1800,良,未勝利,ブリックスアンドモルタル,ザレマ,Giant's Causeway,Beyond the Waves,ダンスインザダーク,シェンク,Storm Cat,Mariah's Storm,Ocean Crest,Excedent,サンデーサイレンス,ダンシングキイ,Zafonic,Buckwig,Storm Bird,Terlingua,Rahy,イメンス,Storm Bird,S.S.Aroma,Exceller,Broadway Lullaby,Halo,Wishing Well,Nijinsky,Key Partner,Gone West,Zaizafon,Buckfinder,Dickie Ludwig,Northern Dancer,South Ocean,Secretariat,Crimson Saint,Blushing Groom,Glorious Song,Roberto,Imsodear,Northern Dancer,South Ocean,Seattle Slew,Rare Bouquet,Vaguely Noble,Too Bald,Stage Door Johnny,リットルブレツシング,Hail to Reason,Cosmah,Understanding,Mountain Flower,Northern Dancer,Flaming Page,Key to the Mint,Native Partner,Mr. Prospector,Secrettame,The Minstrel,Mofida,Buckpasser,Shenanigans,T.V. Commercial,Coppahaunk
202609010601,7,ダート,1800,良,未勝利,ドレフォン,デリケートアーチ,Gio Ponti,Eltimaas,アフリート,デリキット,Tale of the Cat,Chipeta Springs,Ghostzapper,Najecam,Mr. Prospector,Polite Lady,サンデーサイレンス,エコルシユ,Storm Cat,Yarn,Alydar,Salt Spring,Awesome Again,Baby Zip,Trempolino,Sue Warner,Raise a Native,Gold Digger,Venetian Jester,Friendly Ways,Halo,Wishing Well,Big Spruce,Idmon,Storm Bird,Terlingua,Mr. Prospector,Narrate,Raise a Native,Sweet Tooth,Salt Marsh,Jungle Mythologic,Deputy Minister,Primal Force,Relaunch,Thirty Zip,Sharpen Up,Trephine,Forli,Bitty Girl,Native Dancer,Raise You,Nashua,Sequence,Tom Fool,Venice,Green Ticket,Ways to Learn,Hail to Reason,Cosmah,Understanding,Mountain Flower,Herbager,Silver Sari,Dr. Fager,Arachne
202609010601,8,ダート,1800,良,未勝利,マジェスティックウォリアー,サウンドラブリー,A.P. Indy,Dream Supreme,ディープインパクト,サウンドバリアー,Seattle Slew,Weekend Surprise,Seeking the Gold,Spinning Round,サンデーサイレンス,ウインドインハーヘア,アグネスデジタル,スリーピングインシアトル,Bold Reasoning,My Charmer,Secretariat,Lassie Dear,Mr. Prospector,Con Game,Dixieland Band,Take Heart,Halo,Wishing Well,Alzao,Burghclere,Crafty Prospector,Chancey Squaw,Seattle Slew,Lady's Secret,Boldnesian,Reason to Earn,Poker,Fair Charmer,Bold Ruler,Somethingroyal,Buckpasser,Gay Missile,Raise a Native,Gold Digger,Buckpasser,Broadway,Northern Dancer,Mississippi Mud,Secretariat,Deck Stewardess,Hail to Reason,Cosmah,Understanding,Mountain Flower,Lyphard,Lady Rebecca,Busted,Highclere,Mr. Prospector,Real Crafty Lady,Chief's Crown,Allicance,Bold Reasoning,My Charmer,Secretariat,Great Lady M.
202609010601,9,ダート,1800,良,未勝利,サートゥルナーリア,ミスパスカリ,ロードカナロア,シーザリオ,Mr. Greeley,ブルーアヴェニュー,キングカメハメハ,レディブラッサム,スペシャルウィーク,キロフプリミエール,Gone West,Long Legend,Classic Go Go,Eliza Blue,Kingmambo,マンファス,Storm Cat,サラトガデュー,サンデーサイレンス,キャンペンガール,Sadler's Wells,Querida,Mr. Prospector,Secrettame,Reviewer,Lianga,Pago Pago,Classic Perfection,Icecapade,コレラ,Mr. Prospector,Miesque,ラストタイクーン,Pilot Bird,Storm Bird,Terlingua,Cormorant,Super Luna,Halo,Wishing Well,マルゼンスキー,レディーシラオキ,Northern Dancer,Fairy Bridge,Habitat,Principia,Raise a Native,Gold Digger,Secretariat,Tamerett,Bold Ruler,Broadway,ダンサーズイメージ,Leven Ones,Matrice,Pompilia,Never Bend,Mira Femme,Nearctic,Shenanigans,Roberto,Catania
202609010601,10,ダート,1800,良,未勝利,サトノダイヤモンド,シェイクズセレナーデ,ディープインパクト,マルペンサ,Unbridled's Song,Desert Stormer,サンデーサイレンス,ウインドインハーヘア,Orpen,Marsella,Unbridled,Trolley Song,Storm Cat,Breezy Stories,Halo,Wishing Well,Alzao,Burghclere,Lure,Bonita Francita,サザンヘイロー,Riviere,Fappiano,Gana Facil,Caro,Lucky Spell,Storm Bird,Terlingua,Damascus,New Tune,Hail to Reason,Cosmah,Understanding,Mountain Flower,Lyphard,Lady Rebecca,Busted,Highclere,Danzig,Endear,Devil's Bag,Raise the Standard,Halo,Northern Sea,Logical,Talonada,Mr. Prospector,Killaloe,Le Fabuleux,Charedi,フォルティノ,Chambord,Lucky Mel,Incantation,Northern Dancer,South Ocean,Secretariat,Crimson Saint,Sword Dancer,Kerala,New Providence,Song of Victory
202609010601,11,ダート,1800,良,未勝利,ルーラーシップ,シャワークライム,キングカメハメハ,エアグルーヴ,ローエングリン,ミスティックリバー,Kingmambo,マンファス,トニービン,ダイナカール,Singspiel,カーリング,サンデーサイレンス,ホワイトウォーターアフェア,Mr. Prospector,Miesque,ラストタイクーン,Pilot Bird,カンパラ,Severn Bridge,ノーザンテースト,シャダイフェザー,In the Wings,Glorious Song,Garde Royale,Corraleja,Halo,Wishing Well,Machiavellian,Much Too Risky,Raise a Native,Gold Digger,Nureyev,Pasadoble,トライマイベスト,Mill Princess,Blakeney,The Dancer,Kalamoun,State Pension,Hornbeam,Priddy Fair,Northern Dancer,Lady Victoria,ガーサント,パロクサイド,Sadler's Wells,High Hawk,Halo,Ballade,Mill Reef,Royal Way,Carvin,Darling Dale,Hail to Reason,Cosmah,Understanding,Mountain Flower,Mr. Prospector,Coup de Folie,Bustino,Short Rations
202609010601,12,ダート,1800,良,未勝利,サンライズソア,ハニーメロンチャン,シンボリクリスエス,アメーリア,サウスヴィグラス,エピーメロン,Kris S.,Tee Kay,スペシャルウィーク,ビハインドザマスク,エンドスウィープ,ダーケストスター,サンデーサイレンス,ピースフルワールド,Roberto,Sharp Queen,Gold Meridian,Tri Argo,サンデーサイレンス,キャンペンガール,ホワイトマズル,ヴアインゴールド,フォーティナイナー,Broom Dance,Star de Naskra,Minnie Riperton,Halo,Wishing Well,ヤマニンスキー,ラッキーマネーメーカー,Hail to Reason,Bramalea,Princequillo,Bridgework,Seattle Slew,Queen Louie,Tri Jet,Hail Proudly,Halo,Wishing Well,マルゼンスキー,レディーシラオキ,ダンシングブレーヴ,Fair of the Furze,Mr. Prospector,Chancy Dance,Mr. Prospector,File,Dance Spell,Witching Hour,Naskra,Candle Star,Cornish Prince,English Harbor,Hail to Reason,Cosmah,Understanding,Mountain Flower,Nijinsky,アンメンシヨナブル,Lucky Mike,リトルマネーメーカー
202609010602,1,ダート,1200,良,未勝利,ダノンレジェンド,アームズトウショウ,Macho Uno,マイグッドネス,コロナドズクエスト,マザートウショウ,Holy Bull,Primal Force,Storm Cat,Caressing,フォーティナイナー,Laughing Look,スティールハート,エイティトウショウ,Great Above,Sharon Brown,Blushing Groom,Prime Prospect,Storm Bird,Terlingua,Honour and Glory,Lovin Touch,Mr. Prospector,File,Damascus,Laughter,Habitat,A.,ダンディルート,ソシアルトウショウ,Minnesota Mac,Ta Wee,Al Hattab,Agathea's Dawn,Red God,Runaway Bride,Mr. Prospector,Square Generation,Northern Dancer,South Ocean,Secretariat,Crimson Saint,Relaunch,Fair to All,Majestic Prince,Forest Princess,Raise a Native,Gold Digger,Tom Rolfe,Continue,Sword Dancer,Kerala,Bold Ruler,Shenanigans,Sir Gaylord,Little Hut,Abernant,Asti Spumante,Luthier,Dentrelic,ヴェンチア,ソシアルバターフライ
202609010602,2,ダート,1200,良,未勝利,フィレンツェファイア,シェルトファータ,Poseidon's Warrior,My Every Wish,ヘニーヒューズ,セイントブルック,Speightstown,Poised to Pounce,Langfuhr,Mille Lacs,ヘネシー,Meadow Flyer,Saint Ballado,Royal Brook,Gone West,Silken Cat,Smarten,Lady Lyndy,Danzig,Sweet Briar Too,Unbridled,With Every Wish,Storm Cat,Island Kitty,Meadowlake,Shortley,Halo,Ballade,Lomond,Never Scheme,Mr. Prospector,Secrettame,Storm Cat,Silken Doll,Cyane,Smartaire,Bold Favorite,Counterflight,Northern Dancer,Pas de Nom,Briartic,Prima Babu Gum,Fappiano,Gana Facil,Lear Fan,Amo,Storm Bird,Terlingua,Hawaii,T. C. Kitten,Hold Your Peace,Suspicious Native,Hagley,Short Winded,Hail to Reason,Cosmah,Herbager,Miss Swapsco,Northern Dancer,My Charmer,Never Bend,Sweetly Scheming
202609010602,3,ダート,1200,良,未勝利,ルヴァンスレーヴ,リベラメンテ,シンボリクリスエス,マエストラーレ,ダノンシャンティ,ラッドルチェンド,Kris S.,Tee Kay,ネオユニヴァース,オータムブリーズ,フジキセキ,シャンソネット,Danehill Dancer,ラヴズオンリーミー,Roberto,Sharp Queen,Gold Meridian,Tri Argo,サンデーサイレンス,ポインテッドパス,ティンバーカントリー,セプテンバーソング,サンデーサイレンス,ミルレーサー,Mark of Esteem,Glorious Song,デインヒル,Mira Adonde,Storm Cat,Monevassia,Hail to Reason,Bramalea,Princequillo,Bridgework,Seattle Slew,Queen Louie,Tri Jet,Hail Proudly,Halo,Wishing Well,Kris,Silken Way,Woodman,Fall Aspen,リアルシャダイ,ダイナフェアリー,Halo,Wishing Well,Le Fabuleux,Marston's Mill,Darshaan,Homage,Halo,Ballade,Danzig,Razyana,Sharpen Up,Lettre d'Amour,Storm Bird,Terlingua,Mr. Prospector,Miesque
202609010602,4,ダート,1200,良,未勝利,リアルスティール,ラカリフォルニー,ディープインパクト,ラヴズオンリーミー,Dutch Art,Secret History,サンデーサイレンス,ウインドインハーヘア,Storm Cat,Monevassia,Medicean,Halland Park Lass,Bahri,Ravnina,Halo,Wishing Well,Alzao,Burghclere,Storm Bird,Terlingua,Mr. Prospector,Miesque,Machiavellian,Mystic Goddess,Spectrum,Palacegate Episode,Riverman,Wasnah,Nureyev,レイクヴァレー,Hail to Reason,Cosmah,Understanding,Mountain Flower,Lyphard,Lady Rebecca,Busted,Highclere,Northern Dancer,South Ocean,Secretariat,Crimson Saint,Raise a Native,Gold Digger,Nureyev,Pasadoble,Mr. Prospector,Coup de Folie,Storm Bird,Rose Goddess,Rainbow Quest,River Dancer,Drumalis,Pasadena Lady,Never Bend,River Lady,Nijinsky,Highest Trump,Northern Dancer,Special,Mr. Prospector,La Vue
202609010602,5,ダート,1200,良,未勝利,ミスチヴィアスアレックス,プランタンビジュー,Into Mischief,White Pants Night,ダイワメジャー,スプリングチケット,Harlan's Holiday,Leslie's Lady,Speightstown,More d'Amour,サンデーサイレンス,スカーレットブーケ,トニービン,カズミハルコマ,Harlan,Christmas in Aiken,Tricky Creek,Crystal Lady,Gone West,Silken Cat,Tour d'Or,Love Connection,Halo,Wishing Well,ノーザンテースト,スカーレットインク,カンパラ,Severn Bridge,マルゼンスキー,センシユータカラ,Storm Cat,Country Romance,Affirmed,Dowager,Clever Trick,Battle Creek Girl,Stop the Music,One Last Bird,Mr. Prospector,Secrettame,Storm Cat,Silken Doll,Medaille d'Or,Debby's Turn,Master Derby,Perfect Connection,Hail to Reason,Cosmah,Understanding,Mountain Flower,Northern Dancer,Lady Victoria,Crimson Satan,Consentida,Kalamoun,State Pension,Hornbeam,Priddy Fair,Nijinsky,シル,ヴェンチア,シヤダイウイング
202609010602,6,ダート,1200,良,未勝利,ミスターメロディ,ワンファインデイ,Scat Daddy,Trusty Lady,ディープインパクト,モアザンベスト,ヨハネスブルグ,Love Style,Deputy Minister,Klassy Kim,サンデーサイレンス,ウインドインハーヘア,Giant's Causeway,ラグナセカ,ヘネシー,Myth,Mr. Prospector,Likeable Style,Vice Regent,Mint Copy,Silent Screen,クールアライヴァル,Halo,Wishing Well,Alzao,Burghclere,Storm Cat,Mariah's Storm,Seattle Slew,Topicount,Storm Cat,Island Kitty,オジジアン,Yarn,Raise a Native,Gold Digger,Nijinsky,Personable Lady,Northern Dancer,Victoria Regina,Bunty's Flight,Shakney,Prince John,Prayer Bell,Relaunch,Irish Arrival,Hail to Reason,Cosmah,Understanding,Mountain Flower,Lyphard,Lady Rebecca,Busted,Highclere,Storm Bird,Terlingua,Rahy,イメンス,Bold Reasoning,My Charmer,Private Account,Hot Topic
202609010602,7,ダート,1200,良,未勝利,アジアエクスプレス,フォーエバーカヨ,ヘニーヒューズ,ランニングボブキャッツ,ワールドエース,ユメイッポ,ヘネシー,Meadow Flyer,Running Stag,Backatem,ディープインパクト,マンデラ,ゴールドアリュール,レディキャッツアイ,Storm Cat,Island Kitty,Meadowlake,Shortley,Cozzene,Fruhlingstag,Notebook,Deputy's Mistress,サンデーサイレンス,ウインドインハーヘア,Acatenango,Mandellicht,サンデーサイレンス,ニキーヤ,Catrail,Often,Storm Bird,Terlingua,Hawaii,T. C. Kitten,Hold Your Peace,Suspicious Native,Hagley,Short Winded,Caro,Ride the Trails,Orsini,Revada,Well Decorated,Mobcap,Deputy Minister,River Crossing,Halo,Wishing Well,Alzao,Burghclere,Surumu,Aggravate,Be My Guest,Mandelauge,Halo,Wishing Well,Nureyev,Reluctant Guest,Storm Cat,Tough as Nails,Ballymore,Time To Leave
202609010602,8,ダート,1200,良,未勝利,シャンハイボビー,アルケミスト,Harlan's Holiday,Steelin',ダイワメジャー,グリーンダンディ,Harlan,Christmas in Aiken,Orientate,Steel Band,サンデーサイレンス,スカーレットブーケ,Green Desert,Hawas,Storm Cat,Country Romance,Affirmed,Dowager,Mt. Livermore,Dream Team,Carson City,ウェディングバンド,Halo,Wishing Well,ノーザンテースト,スカーレットインク,Danzig,Foreign Courier,Mujtahid,Alyakkh,Storm Bird,Terlingua,Halo,Sweet Romance,Exclusive Native,Won't Tell You,Honest Pleasure,Princessnesian,Blushing Groom,Flama Ardiente,Cox's Ridge,Likely Double,Mr. Prospector,Blushing Promise,Mighty Appealing,Ring of Steel,Hail to Reason,Cosmah,Understanding,Mountain Flower,Northern Dancer,Lady Victoria,Crimson Satan,Consentida,Northern Dancer,Pas de Nom,Sir Ivor,Courtly Dee,Woodman,Mesmerize,Sadler's Wells,Al Bahathri
202609010602,9,ダート,1200,良,未勝利,ホークビル,タイセイラルーナ,Kitten's Joy,Trensa,ゴールドアリュール,タイセイフレイヤ,El Prado,Kitten's First,Giant's Causeway,Serape,サンデーサイレンス,ニキーヤ,Tale of the Cat,マジックペイントブラッシュ,Sadler's Wells,Lady Capulet,Lear Fan,That's My Hon,Storm Cat,Mariah's Storm,Fappiano,Mochila,Halo,Wishing Well,Nureyev,Reluctant Guest,Storm Cat,Yarn,Pirate's Bounty,Paintbrush,Northern Dancer,Fairy Bridge,Sir Ivor,Cap and Bells,Roberto,Wac,L'Enjoleur,One Lane,Storm Bird,Terlingua,Rahy,イメンス,Mr. Prospector,Killaloe,In Reality,Ride the Trails,Hail to Reason,Cosmah,Understanding,Mountain Flower,Northern Dancer,Special,Hostage,Vaguely Royal,Storm Bird,Terlingua,Mr. Prospector,Narrate,Hoist the Flag,Bad Seed,Bold Hour,Change Water
202609010602,10,ダート,1200,良,未勝利,シャンハイボビー,プレイズラン,Harlan's Holiday,Steelin',ディープブリランテ,ブルーオアシス,Harlan,Christmas in Aiken,Orientate,Steel Band,ディープインパクト,ラヴアンドバブルズ,Sadler's Wells,Humble Eight,Storm Cat,Country Romance,Affirmed,Dowager,Mt. Livermore,Dream Team,Carson City,ウェディングバンド,サンデーサイレンス,ウインドインハーヘア,Loup Sauvage,バブルドリーム,Northern Dancer,Fairy Bridge,Seattle Battle,Alleged Devotion,Storm Bird,Terlingua,Halo,Sweet Romance,Exclusive Native,Won't Tell You,Honest Pleasure,Princessnesian,Blushing Groom,Flama Ardiente,Cox's Ridge,Likely Double,Mr. Prospector,Blushing Promise,Mighty Appealing,Ring of Steel,Halo,Wishing Well,Alzao,Burghclere,Riverman,Louveterie,Akarad,バブルプロスペクター,Nearctic,Natalma,Bold Reason,Special,Seattle Slew,Quarrel,Alleged,Morning Devotion
202609010602,11,ダート,1200,良,未勝利,ダノンプレミアム,タナノフローラ,ディープインパクト,インディアナギャル,ルーラーシップ,スマイリングムーン,サンデーサイレンス,ウインドインハーヘア,Intikhab,Genial Jenny,キングカメハメハ,エアグルーヴ,フジキセキ,スプレッドスマイル,Halo,Wishing Well,Alzao,Burghclere,Red Ransom,Crafty Example,デインヒル,Joma Kaanem,Kingmambo,マンファス,トニービン,ダイナカール,サンデーサイレンス,ミルレーサー,Bianconi,Horah,Hail to Reason,Cosmah,Understanding,Mountain Flower,Lyphard,Lady Rebecca,Busted,Highclere,Roberto,アラビア,Crafty Prospector,Zienelle,Danzig,Razyana,Double Form,Ash Lawn,Mr. Prospector,Miesque,ラストタイクーン,Pilot Bird,カンパラ,Severn Bridge,ノーザンテースト,シャダイフェザー,Halo,Wishing Well,Le Fabuleux,Marston's Mill,Danzig,Fall Aspen,ミシエロ,Dance Or Prance
202609010602,12,ダート,1200,良,未勝利,コパノリッキー,ハニードント,ゴールドアリュール,コパノニキータ,クロフネ,マッキーロイヤル,サンデーサイレンス,ニキーヤ,ティンバーカントリー,ニホンピロローズ,フレンチデピュティ,ブルーアヴェニュー,フジキセキ,クリアーチャンス,Halo,Wishing Well,Nureyev,Reluctant Guest,Woodman,Fall Aspen,トニービン,ウェディングブーケ,Deputy Minister,Mitterand,Classic Go Go,Eliza Blue,サンデーサイレンス,ミルレーサー,ディクタス,ノーザンクリアー,Hail to Reason,Cosmah,Understanding,Mountain Flower,Northern Dancer,Special,Hostage,Vaguely Royal,Mr. Prospector,プレイメイト,Pretense,Change Water,カンパラ,Severn Bridge,リアルシャダイ,アリーウイン,Vice Regent,Mint Copy,Hold Your Peace,Laredo Lass,Pago Pago,Classic Perfection,Icecapade,コレラ,Halo,Wishing Well,Le Fabuleux,Marston's Mill,Sanctus,Doronic,ノーザンテースト,シヤダイクリアー
202609010602,13,ダート,1200,良,未勝利,タワーオブロンドン,ラブミーダイヤ,Raven's Pass,スノーパイン,ダイワメジャー,ジョウノベネチア,Elusive Quality,Ascutney,Dalakhani,シンコウエルメス,サンデーサイレンス,スカーレットブーケ,アフリート,ダイナバーディ,Gone West,Touch of Greatness,Lord at War,Right Word,Darshaan,Daltawa,Sadler's Wells,Doff the Derby,Halo,Wishing Well,ノーザンテースト,スカーレットインク,Mr. Prospector,Polite Lady,ノーザンテースト,タミーズターン,Mr. Prospector,Secrettame,Hero's Honor,Ivory Wand,General,Luna de Miel,Verbatim,Oratorio,Shirley Heights,Delsy,Miswaki,Damana,Northern Dancer,Fairy Bridge,Master Derby,Margarethen,Hail to Reason,Cosmah,Understanding,Mountain Flower,Northern Dancer,Lady Victoria,Crimson Satan,Consentida,Raise a Native,Gold Digger,Venetian Jester,Friendly Ways,Northern Dancer,Lady Victoria,Turn-to,Tammy Twist
202609010602,14,ダート,1200,良,未勝利,ミスチヴィアスアレックス,スカイパッション,Into Mischief,White Pants Night,スペシャルウィーク,ユキノマイ,Harlan's Holiday,Leslie's Lady,Speightstown,More d'Amour,サンデーサイレンス,キャンペンガール,ロックオブジブラルタル,エスカニア,Harlan,Christmas in Aiken,Tricky Creek,Crystal Lady,Gone West,Silken Cat,Tour d'Or,Love Connection,Halo,Wishing Well,マルゼンスキー,レディーシラオキ,デインヒル,Offshore Boom,Edgy Diplomat,Carezza,Storm Cat,Country Romance,Affirmed,Dowager,Clever Trick,Battle Creek Girl,Stop the Music,One Last Bird,Mr. Prospector,Secrettame,Storm Cat,Silken Doll,Medaille d'Or,Debby's Turn,Master Derby,Perfect Connection,Hail to Reason,Cosmah,Understanding,Mountain Flower,Nijinsky,シル,セントクレスピン,ミスアシヤガワ,Danzig,Razyana,Be My Guest,Push a Button,Deputy Minister,Excitable Gal,Card Game,Romantica
202609010602,15,ダート,1200,良,未勝利,イスラボニータ,サダムフジコ,フジキセキ,イスラコジーン,クロフネ,メヤディーニ,サンデーサイレンス,ミルレーサー,Cozzene,Isla Mujeres,フレンチデピュティ,ブルーアヴェニュー,Mr. Prospector,Niodini,Halo,Wishing Well,Le Fabuleux,Marston's Mill,Caro,Ride the Trails,Crafty Prospector,Lido Isle,Deputy Minister,Mitterand,Classic Go Go,Eliza Blue,Raise a Native,Gold Digger,Nijinsky,Home Thoughts,Hail to Reason,Cosmah,Understanding,Mountain Flower,Wild Risk,Anguar,In Reality,Millicent,フォルティノ,Chambord,Prince John,Wildwook,Mr. Prospector,Real Crafty Lady,Far North,She Is Gorgeous,Vice Regent,Mint Copy,Hold Your Peace,Laredo Lass,Pago Pago,Classic Perfection,Icecapade,コレラ,Native Dancer,Raise You,Nashua,Sequence,Northern Dancer,Flaming Page,Tom Rolfe,Idle Thoughts
202609010602,16,ダート,1200,良,未勝利,アジアエクスプレス,ラガーデリゲート,ヘニーヒューズ,ランニングボブキャッツ,ロードカナロア,ラガーリンリン,ヘネシー,Meadow Flyer,Running Stag,Backatem,キングカメハメハ,レディブラッサム,クロフネ,サクラシルフィード,Storm Cat,Island Kitty,Meadowlake,Shortley,Cozzene,Fruhlingstag,Notebook,Deputy's Mistress,Kingmambo,マンファス,Storm Cat,サラトガデュー,フレンチデピュティ,ブルーアヴェニュー,サンデーサイレンス,サクラレデイ,Storm Bird,Terlingua,Hawaii,T. C. Kitten,Hold Your Peace,Suspicious Native,Hagley,Short Winded,Caro,Ride the Trails,Orsini,Revada,Well Decorated,Mobcap,Deputy Minister,River Crossing,Mr. Prospector,Miesque,ラストタイクーン,Pilot Bird,Storm Bird,Terlingua,Cormorant,Super Luna,Deputy Minister,Mitterand,Classic Go Go,Eliza Blue,Halo,Wishing Well,Raja Baba,Featherhill
202609010603,1,ダート,1800,良,未勝利,Gun Runner,Ladies' Privilege,Candy Ride,Quiet Giant,Harlan's Holiday,Vanquished,Ride the Rails,Candy Girl,Giant's Causeway,Quiet Dance,Harlan,Christmas in Aiken,エンパイアメーカー,Critical Crew,Cryptoclearance,Herbalesian,Candy Stripes,City Girl,Storm Cat,Mariah's Storm,Quiet American,Misty Dancer,Storm Cat,Country Romance,Affirmed,Dowager,Unbridled,Toussaud,Dr. Blum,Sounding Off,Fappiano,Naval Orange,Herbager,Alanesian,Blushing Groom,バブルカンパニー,Farnesio,Cithara,Storm Bird,Terlingua,Rahy,イメンス,Fappiano,Demure,Lyphard,Flight Dancer,Storm Bird,Terlingua,Halo,Sweet Romance,Exclusive Native,Won't Tell You,Honest Pleasure,Princessnesian,Fappiano,Gana Facil,El Gran Senor,Image of Reality,Dr. Fager,Due Dilly,Silent Screen,Vestal
202609010603,2,ダート,1800,良,未勝利,Authentic,Crescentcitypretty,Into Mischief,Flawless,Bernardini,Penelope Plum,Harlan's Holiday,Leslie's Lady,Mr. Greeley,Oyster Baby,A.P. Indy,Cara Rafaela,Badge of Silver,Captivating,Harlan,Christmas in Aiken,Tricky Creek,Crystal Lady,Gone West,Long Legend,Wild Again,Really Fancy,Seattle Slew,Weekend Surprise,Quiet American,Oil Fable,Silver Deputy,Silveroo,Arch,Andrea Ruckus,Storm Cat,Country Romance,Affirmed,Dowager,Clever Trick,Battle Creek Girl,Stop the Music,One Last Bird,Mr. Prospector,Secrettame,Reviewer,Lianga,Icecapade,Bushel-n-Peck,In Reality,Native Fancy,Bold Reasoning,My Charmer,Secretariat,Lassie Dear,Fappiano,Demure,Spectacular Bid,Northern Fable,Deputy Minister,Silver Valley,Silver Hawk,Hey Mama,Kris S.,Aurora,Bold Ruckus,Do's Melody
202609010603,3,ダート,1800,良,未勝利,エスポワールシチー,ジョワユーズ,ゴールドアリュール,エミネントシチー,エンパイアメーカー,ビッグテンビー,サンデーサイレンス,ニキーヤ,ブライアンズタイム,ヘップバーンシチー,Unbridled,Toussaud,テンビー,モガミヒメ,Halo,Wishing Well,Nureyev,Reluctant Guest,Roberto,Kelley's Day,ブレイヴェストローマン,コンパルシチー,Fappiano,Gana Facil,El Gran Senor,Image of Reality,Caerleon,Shining Water,カコイーシーズ,モガミポイント,Hail to Reason,Cosmah,Understanding,Mountain Flower,Northern Dancer,Special,Hostage,Vaguely Royal,Hail to Reason,Bramalea,Graustark,Golden Trail,Never Bend,Roman Song,トラフィック,リンネス,Mr. Prospector,Killaloe,Le Fabuleux,Charedi,Northern Dancer,Sex Appeal,In Reality,Edee's Image,Nijinsky,Foreseer,Kalaglow,Idle Waters,Alydar,Careless Notion,マルゼンスキー,ポイントメーカー
202609010603,4,ダート,1800,良,未勝利,ゴールドドリーム,ピエナアイリス,ゴールドアリュール,モンヴェール,スウェプトオーヴァーボード,クイーンアイリス,サンデーサイレンス,ニキーヤ,フレンチデピュティ,スペシャルジェイド,エンドスウィープ,Sheer Ice,ダンスインザダーク,セニョラージェ,Halo,Wishing Well,Nureyev,Reluctant Guest,Deputy Minister,Mitterand,Cox's Ridge,Statistic,フォーティナイナー,Broom Dance,Cutlass,Hey Dolly A.,サンデーサイレンス,ダンシングキイ,Nureyev,Suavite,Hail to Reason,Cosmah,Understanding,Mountain Flower,Northern Dancer,Special,Hostage,Vaguely Royal,Vice Regent,Mint Copy,Hold Your Peace,Laredo Lass,Best Turn,Our Martha,Mr. Prospector,Number,Mr. Prospector,File,Dance Spell,Witching Hour,Damascus,Aphonia,Ambehaving,Swift Deal,Halo,Wishing Well,Nijinsky,Key Partner,Northern Dancer,Special,Alleged,Guinevere's Folly
202609010603,5,ダート,1800,良,未勝利,アスクピーターパン,サンキューアスク,Frankel,ストレイトガール,シンボリクリスエス,フューチャサンデー,Galileo,Kind,フジキセキ,ネヴァーピリオド,Kris S.,Tee Kay,サンデーサイレンス,アスクローザ,Sadler's Wells,Urban Sea,デインヒル,Rainbow Lake,サンデーサイレンス,ミルレーサー,タイキシャトル,フューチャハッピー,Roberto,Sharp Queen,Gold Meridian,Tri Argo,Halo,Wishing Well,リアルシャダイ,オオミーアキノ,Northern Dancer,Fairy Bridge,Miswaki,Allegretta,Danzig,Razyana,Rainbow Quest,Rockfest,Halo,Wishing Well,Le Fabuleux,Marston's Mill,Devil's Bag,ウェルシュマフィン,デインヒル,タイセイカグラ,Hail to Reason,Bramalea,Princequillo,Bridgework,Seattle Slew,Queen Louie,Tri Jet,Hail Proudly,Hail to Reason,Cosmah,Understanding,Mountain Flower,Roberto,Desert Vixen,ノーザンテースト,オオミシヤダイ
202609010603,6,ダート,1800,良,未勝利,Yaupon,Vietnam,Uncle Mo,Modification,Violence,Wonder Lady,Indian Charlie,Playa Maya,Vindication,Swift Alliance,Medaglia d'Oro,Violent Beauty,Deputy Minister,Gather The Clan,In Excess,Soviet Sojourn,Arch,Dixie Slippers,Seattle Slew,Strawberry Reason,アフリート,Stately Bride,El Prado,Cappucino Bay,Gone West,Storming Beauty,Vice Regent,Mint Copy,General Assembly,What a Summer,Siberian Express,Kantado,Leo Castelli,Political Parfait,Kris S.,Aurora,Dixieland Band,Cyane's Slippers,Bold Reasoning,My Charmer,Strawberry Road,Pretty Reason,Mr. Prospector,Polite Lady,Tom Rolfe,Go On With It,Sadler's Wells,Lady Capulet,Bailjumper,Dubbed In,Mr. Prospector,Secrettame,Storm Cat,Sky Beauty,Northern Dancer,Victoria Regina,Bunty's Flight,Shakney,Secretariat,Exclusive Dancer,What Luck,Summer Classic
202609010603,7,ダート,1800,良,未勝利,ダノンキングリー,サイモンドルチェ,ディープインパクト,マイグッドネス,ジャングルポケット,フェアリーワルツ,サンデーサイレンス,ウインドインハーヘア,Storm Cat,Caressing,トニービン,ダンスチャーマー,Lear Fan,Quick and Smooth,Halo,Wishing Well,Alzao,Burghclere,Storm Bird,Terlingua,Honour and Glory,Lovin Touch,カンパラ,Severn Bridge,Nureyev,Skillful Joy,Roberto,Wac,Crafty Prospector,Ms. Balding,Hail to Reason,Cosmah,Understanding,Mountain Flower,Lyphard,Lady Rebecca,Busted,Highclere,Northern Dancer,South Ocean,Secretariat,Crimson Saint,Relaunch,Fair to All,Majestic Prince,Forest Princess,Kalamoun,State Pension,Hornbeam,Priddy Fair,Northern Dancer,Special,Nodouble,Skillful Miss,Hail to Reason,Bramalea,Lt. Stevens,Belthazar,Mr. Prospector,Real Crafty Lady,Sir Ivor,Vanilla
202609010603,8,ダート,1800,良,未勝利,City of Light,Moart,Quality Road,Paris Notion,Uncle Mo,Genre,Elusive Quality,Kobla,デヒア,Fabulous Notion,Indian Charlie,Playa Maya,Bernardini,French Park,Gone West,Touch of Greatness,Strawberry Road,Winglet,Deputy Minister,Sister Dot,Somethingfabulous,Careless Notion,In Excess,Soviet Sojourn,Arch,Dixie Slippers,A.P. Indy,Cara Rafaela,Ecton Park,Alarming Prospect,Mr. Prospector,Secrettame,Hero's Honor,Ivory Wand,Whiskey Road,Giftisa,Alydar,Highest Trump,Vice Regent,Mint Copy,Secretariat,Sword Game,Northern Dancer,Somethingroyal,Jester,Miss Uppity,Siberian Express,Kantado,Leo Castelli,Political Parfait,Kris S.,Aurora,Dixieland Band,Cyane's Slippers,Seattle Slew,Weekend Surprise,Quiet American,Oil Fable,フォーティナイナー,デアリングダンジグ,Darn That Alarm,Hasty Prospect
202609010603,9,ダート,1800,良,未勝利,アメリカンペイトリオット,サンヴィヴァン,War Front,Life Well Lived,マンハッタンカフェ,サンデア,Danzig,Starry Dreamer,Tiznow,Well Dressed,サンデーサイレンス,サトルチェンジ,Dare and Go,San Empery,Northern Dancer,Pas de Nom,Rubiano,Lara's Star,Cee's Tizzy,Cee's Song,Notebook,Trithenia,Halo,Wishing Well,Law Society,Santa Luciana,Alydar,Partygoer,エンペリー,Shanjar,Nearctic,Natalma,Admiral's Voyage,Petitioner,Fappiano,Ruby Slippers,Forli,True Reality,Relaunch,テイズリー,Seattle Song,Lonely Dancer,Well Decorated,Mobcap,Gold Meridian,Tri Argo,Hail to Reason,Cosmah,Understanding,Mountain Flower,Alleged,Bold Bikini,Luciano,Suleika,Raise a Native,Sweet Tooth,Secretariat,Quiet Charm,Vaguely Noble,Pamplona,Gray Phantom,Art Class
202609010603,10,ダート,1800,良,未勝利,マインドユアビスケッツ,アフターダーク,Posse,Jazzmane,ワークフォース,エリザベスムーン,Silver Deputy,Raska,Toccet,Alljazz,キングズベスト,Soviet Moon,ダンスインザダーク,エリザベスローズ,Deputy Minister,Silver Valley,Rahy,Borishka,Awesome Again,Cozzene's Angel,Stop the Music,Bounteous,Kingmambo,Allegretta,Sadler's Wells,Eva Luna,サンデーサイレンス,ダンシングキイ,ノーザンテースト,ノーベンバーローズ,Vice Regent,Mint Copy,Mr. Prospector,Seven Valleys,Blushing Groom,Glorious Song,Roberto,Queen Maud,Deputy Minister,Primal Force,Cozzene,Charming Pan,Hail to Reason,Bebopper,Master Derby,Mlle. Quille,Mr. Prospector,Miesque,Lombard,Anatevka,Northern Dancer,Fairy Bridge,Alleged,Media Luna,Halo,Wishing Well,Nijinsky,Key Partner,Northern Dancer,Lady Victoria,Caro,Jedina
202609010603,11,ダート,1800,良,未勝利,シルバーステート,ロイヤルライン,ディープインパクト,シルヴァースカヤ,クロフネ,ロイヤルパートナー,サンデーサイレンス,ウインドインハーヘア,Silver Hawk,Boubskaia,フレンチデピュティ,ブルーアヴェニュー,エリシオ,ダンスパートナー,Halo,Wishing Well,Alzao,Burghclere,Roberto,Gris Vitesse,Niniski,Frenetique,Deputy Minister,Mitterand,Classic Go Go,Eliza Blue,Fairy King,Helice,サンデーサイレンス,ダンシングキイ,Hail to Reason,Cosmah,Understanding,Mountain Flower,Lyphard,Lady Rebecca,Busted,Highclere,Hail to Reason,Bramalea,Amerigo,Matchiche,Nijinsky,Virginia Hills,Tyrant,Femina,Vice Regent,Mint Copy,Hold Your Peace,Laredo Lass,Pago Pago,Classic Perfection,Icecapade,コレラ,Northern Dancer,Fairy Bridge,Slewpy,Hirondelle,Halo,Wishing Well,Nijinsky,Key Partner
202609010603,12,ダート,1800,良,未勝利,サンダースノー,チェリーミルズ,Helmet,Eastern Joy,Invincible Spirit,ヒントオブスプリング,Exceed And Excel,Accessories,Dubai Destination,Red Slippers,Green Desert,Rafha,Seeking the Gold,チェロキーローズ,デインヒル,Patrona,Singspiel,Anna Matrushka,Kingmambo,Mysterial,Nureyev,Morning Devotion,Danzig,Foreign Courier,Kris,Eljazzi,Mr. Prospector,Con Game,ダンシングブレーヴ,Celtic Assembly,Danzig,Razyana,Lomond,Gladiolus,In the Wings,Glorious Song,Mill Reef,Anna Paola,Mr. Prospector,Miesque,Alleged,Mysteries,Northern Dancer,Special,Affirmed,Morning Has Broken,Northern Dancer,Pas de Nom,Sir Ivor,Courtly Dee,Sharpen Up,Doubly Sure,アーテイアス,Border Bounty,Raise a Native,Gold Digger,Buckpasser,Broadway,Lyphard,Navajo Princess,Secretariat,Welsh Garden
202609010603,13,ダート,1800,良,未勝利,クリソベリル,レガーロブロッサム,ゴールドアリュール,クリソプレーズ,オルフェーヴル,サクラサク,サンデーサイレンス,ニキーヤ,エルコンドルパサー,キャサリーンパー,ステイゴールド,オリエンタルアート,デインヒル,サクラフブキ,Halo,Wishing Well,Nureyev,Reluctant Guest,Kingmambo,サドラーズギャル,Riverman,Regal Exception,サンデーサイレンス,ゴールデンサッシュ,メジロマックイーン,エレクトロアート,Danzig,Razyana,フォーティナイナー,Bound,Hail to Reason,Cosmah,Understanding,Mountain Flower,Northern Dancer,Special,Hostage,Vaguely Royal,Mr. Prospector,Miesque,Sadler's Wells,Glenveagh,Never Bend,River Lady,Ribot,Rajput Princess,Halo,Wishing Well,ディクタス,ダイナサッシュ,メジロティターン,メジロオーロラ,ノーザンテースト,グランマスティーヴンス,Northern Dancer,Pas de Nom,His Majesty,Spring Adieu,Mr. Prospector,File,Nijinsky,Special
202609010603,14,ダート,1800,良,未勝利,ゴールドシップ,イロジカケ,ステイゴールド,ポイントフラッグ,クロフネ,リッジローズ,サンデーサイレンス,ゴールデンサッシュ,メジロマックイーン,パストラリズム,フレンチデピュティ,ブルーアヴェニュー,Sadler's Wells,Fig Tree Drive,Halo,Wishing Well,ディクタス,ダイナサッシュ,メジロティターン,メジロオーロラ,プルラリズム,トクノエイティー,Deputy Minister,Mitterand,Classic Go Go,Eliza Blue,Northern Dancer,Fairy Bridge,Miswaki,Rose O'Riley,Hail to Reason,Cosmah,Understanding,Mountain Flower,Sanctus,Doronic,ノーザンテースト,ロイヤルサッシュ,メジロアサマ,シエリル,リマンド,メジロアイリス,The Minstrel,Cambretta,トライバルチーフ,アイアンルビー,Vice Regent,Mint Copy,Hold Your Peace,Laredo Lass,Pago Pago,Classic Perfection,Icecapade,コレラ,Nearctic,Natalma,Bold Reason,Special,Mr. Prospector,Hopespringseternal,Nijinsky,Rosetta Stone
202609010604,1,ダート,1400,良,未勝利,McKinzie,Fashion World,ストリートセンス,Runway Model,Dubawi,Icon Project,Street Cry,Bedazzle,Petionville,Ticket to Houston,Dubai Millennium,Zomaradah,エンパイアメーカー,La Gueriere,Machiavellian,Helen Street,Dixieland Band,Majestic Legend,Seeking the Gold,Vana Turns,Houston,Stave,Seeking the Gold,Colorado Dancer,Deploy,Jawaher,Unbridled,Toussaud,Lord at War,Lady Winborne,Mr. Prospector,Coup de Folie,Troy,Waterway,Northern Dancer,Mississippi Mud,His Majesty,Long Legend,Mr. Prospector,Con Game,Wavering Monarch,The Wheel Turns,Seattle Slew,Smart Angle,Navajo,Worden Lady,Mr. Prospector,Con Game,Shareef Dancer,Fall Aspen,Shirley Heights,Slightly Dangerous,ダンシングブレーヴ,High Tern,Fappiano,Gana Facil,El Gran Senor,Image of Reality,General,Luna de Miel,Secretariat,Priceless Gem
202609010604,2,ダート,1400,良,未勝利,ニューイヤーズデイ,ガルデルスリール,Street Cry,Justwhistledixie,ダイワメジャー,バシマー,Machiavellian,Helen Street,Dixie Union,General Jeanne,サンデーサイレンス,スカーレットブーケ,Grand Lodge,Bella Vitessa,Mr. Prospector,Coup de Folie,Troy,Waterway,Dixieland Band,She's Tops,Honour and Glory,Ahpo Hel,Halo,Wishing Well,ノーザンテースト,スカーレットインク,Chief's Crown,La Papagena,Thatching,Burghclere,Raise a Native,Gold Digger,Halo,Raise the Standard,Petingo,La Milo,Riverman,Boulevard,Northern Dancer,Mississippi Mud,Capote,She's a Talent,Relaunch,Fair to All,Mr. Leader,Tiy,Hail to Reason,Cosmah,Understanding,Mountain Flower,Northern Dancer,Lady Victoria,Crimson Satan,Consentida,Danzig,Six Crowns,Habitat,Magic Flute,Thatch,Abella,Busted,Highclere
202609010604,3,ダート,1400,良,未勝利,Not This Time,Spring Storm,Giant's Causeway,Miss Macy Sue,Unbridled's Song,Kelli Cat,Storm Cat,Mariah's Storm,Trippi,Yada Yada,Unbridled,Trolley Song,Storm Cat,T.V. Countess,Storm Bird,Terlingua,Rahy,イメンス,エンドスウィープ,Jealous Appeal,Great Above,Stem,Fappiano,Gana Facil,Caro,Lucky Spell,Storm Bird,Terlingua,T.V. Commercial,Count On Kathy,Northern Dancer,South Ocean,Secretariat,Crimson Saint,Blushing Groom,Glorious Song,Roberto,Imsodear,フォーティナイナー,Broom Dance,Valid Appeal,Jealous Cat,Minnesota Mac,Ta Wee,Damascus,Tweak,Mr. Prospector,Killaloe,Le Fabuleux,Charedi,フォルティノ,Chambord,Lucky Mel,Incantation,Northern Dancer,South Ocean,Secretariat,Crimson Saint,T.V. Lark,Your Hostess,Dancing Count,War Exchange
202609010604,4,ダート,1400,良,未勝利,サンライズソア,イエロータキオン,シンボリクリスエス,アメーリア,アグネスタキオン,イエローサンライズ,Kris S.,Tee Kay,スペシャルウィーク,ビハインドザマスク,サンデーサイレンス,アグネスフローラ,デイヴィッズバード,ラブリーサンライズ,Roberto,Sharp Queen,Gold Meridian,Tri Argo,サンデーサイレンス,キャンペンガール,ホワイトマズル,ヴアインゴールド,Halo,Wishing Well,ロイヤルスキー,アグネスレディー,Storm Bird,Splendid Girl,ノーザンテースト,ナイトブリーズ,Hail to Reason,Bramalea,Princequillo,Bridgework,Seattle Slew,Queen Louie,Tri Jet,Hail Proudly,Halo,Wishing Well,マルゼンスキー,レディーシラオキ,ダンシングブレーヴ,Fair of the Furze,Mr. Prospector,Chancy Dance,Hail to Reason,Cosmah,Understanding,Mountain Flower,Raja Baba,Coz o'Nijinsky,リマンド,イコマエイカン,Northern Dancer,South Ocean,Golden Eagle,Coccinea,Northern Dancer,Lady Victoria,パーソロン,コサージターフ
202609010604,5,ダート,1400,良,未勝利,クリソベリル,トモジャオール,ゴールドアリュール,クリソプレーズ,エンパイアメーカー,アポロティアラ,サンデーサイレンス,ニキーヤ,エルコンドルパサー,キャサリーンパー,Unbridled,Toussaud,パラダイスクリーク,タイキフレグランス,Halo,Wishing Well,Nureyev,Reluctant Guest,Kingmambo,サドラーズギャル,Riverman,Regal Exception,Fappiano,Gana Facil,El Gran Senor,Image of Reality,Irish River,North Of Eden,Topsider,Sudden Flash,Hail to Reason,Cosmah,Understanding,Mountain Flower,Northern Dancer,Special,Hostage,Vaguely Royal,Mr. Prospector,Miesque,Sadler's Wells,Glenveagh,Never Bend,River Lady,Ribot,Rajput Princess,Mr. Prospector,Killaloe,Le Fabuleux,Charedi,Northern Dancer,Sex Appeal,In Reality,Edee's Image,Riverman,Irish Star,Northfields,ツリーオブノレッジ,Northern Dancer,Drumtop,Known Fact,Spark of Fire
202609010604,6,ダート,1400,良,未勝利,アポロケンタッキー,エイミーフレイバー,Langfuhr,Dixiana Delight,キングカメハメハ,マイルストーン,Danzig,Sweet Briar Too,Gone West,Lake Lady,Kingmambo,マンファス,タイキシャトル,インヴァイト,Northern Dancer,Pas de Nom,Briartic,Prima Babu Gum,Mr. Prospector,Secrettame,Salt Lake,Slinkylady,Mr. Prospector,Miesque,ラストタイクーン,Pilot Bird,Devil's Bag,ウェルシュマフィン,Be My Guest,Burghclere,Nearctic,Natalma,Admiral's Voyage,Petitioner,Nearctic,Sweet Lady Briar,Gummo,Princess Babu,Raise a Native,Gold Digger,Secretariat,Tamerett,Deputy Minister,Take Lady Anne,What a Hoist,Don't Call Debi,Raise a Native,Gold Digger,Nureyev,Pasadoble,トライマイベスト,Mill Princess,Blakeney,The Dancer,Halo,Ballade,Caerleon,Muffitys,Northern Dancer,What a Treat,Busted,Highclere
202609010604,7,ダート,1400,良,未勝利,ドレフォン,ハギノロマネスク,Gio Ponti,Eltimaas,エピファネイア,ハギノウィッシュ,Tale of the Cat,Chipeta Springs,Ghostzapper,Najecam,シンボリクリスエス,シーザリオ,アグネスタキオン,アヴェニューズレディ,Storm Cat,Yarn,Alydar,Salt Spring,Awesome Again,Baby Zip,Trempolino,Sue Warner,Kris S.,Tee Kay,スペシャルウィーク,キロフプリミエール,サンデーサイレンス,アグネスフローラ,Avenue of Flags,Lady Sauce Boat,Storm Bird,Terlingua,Mr. Prospector,Narrate,Raise a Native,Sweet Tooth,Salt Marsh,Jungle Mythologic,Deputy Minister,Primal Force,Relaunch,Thirty Zip,Sharpen Up,Trephine,Forli,Bitty Girl,Roberto,Sharp Queen,Gold Meridian,Tri Argo,サンデーサイレンス,キャンペンガール,Sadler's Wells,Querida,Halo,Wishing Well,ロイヤルスキー,アグネスレディー,Seattle Slew,Beautiful Glass,Sauce Boat,Lady Barbizon
202609010604,8,ダート,1400,良,未勝利,ルーラーシップ,モハンマディ,キングカメハメハ,エアグルーヴ,ディープインパクト,フラニーフロイド,Kingmambo,マンファス,トニービン,ダイナカール,サンデーサイレンス,ウインドインハーヘア,Freud,Frankly Fran,Mr. Prospector,Miesque,ラストタイクーン,Pilot Bird,カンパラ,Severn Bridge,ノーザンテースト,シャダイフェザー,Halo,Wishing Well,Alzao,Burghclere,Storm Cat,Mariah's Storm,D'Accord,Las Manitas,Raise a Native,Gold Digger,Nureyev,Pasadoble,トライマイベスト,Mill Princess,Blakeney,The Dancer,Kalamoun,State Pension,Hornbeam,Priddy Fair,Northern Dancer,Lady Victoria,ガーサント,パロクサイド,Hail to Reason,Cosmah,Understanding,Mountain Flower,Lyphard,Lady Rebecca,Busted,Highclere,Storm Bird,Terlingua,Rahy,イメンス,Secretariat,Fanfreluche,Faraway Son,Maimiti
202609010604,9,ダート,1400,良,未勝利,モズアスコット,マリカ,Frankel,India,サウスヴィグラス,ウィンワーシップ,Galileo,Kind,ヘネシー,Misty Hour,エンドスウィープ,ダーケストスター,マイニング,カチウマキャシー,Sadler's Wells,Urban Sea,デインヒル,Rainbow Lake,Storm Cat,Island Kitty,Miswaki,Our Tina Marie,フォーティナイナー,Broom Dance,Star de Naskra,Minnie Riperton,Mr. Prospector,I Pass,ストームオンザルース,レイディアック,Northern Dancer,Fairy Bridge,Miswaki,Allegretta,Danzig,Razyana,Rainbow Quest,Rockfest,Storm Bird,Terlingua,Hawaii,T. C. Kitten,Mr. Prospector,Hopespringseternal,Nijinsky,Java Moon,Mr. Prospector,File,Dance Spell,Witching Hour,Naskra,Candle Star,Cornish Prince,English Harbor,Raise a Native,Gold Digger,Buckpasser,Impish,Lyphard,That's a Kennedy,Ack Ack,Assurgent
202609010604,10,ダート,1400,良,未勝利,ビッグアーサー,ムードン,サクラバクシンオー,シヤボナ,フレンチデピュティ,マルラニビスティー,サクラユタカオー,サクラハゴロモ,Kingmambo,Relish,Deputy Minister,Mitterand,ダンスインザダーク,アリシーナ,テスコボーイ,アンジェリカ,ノーザンテースト,クリアアンバー,Mr. Prospector,Miesque,Sadler's Wells,Reloy,Vice Regent,Mint Copy,Hold Your Peace,Laredo Lass,サンデーサイレンス,ダンシングキイ,Alysheba,Shukey,Princely Gift,Suncourt,ネヴァービート,スターハイネス,Northern Dancer,Lady Victoria,Ambiopoise,One Clear Call,Raise a Native,Gold Digger,Nureyev,Pasadoble,Northern Dancer,Fairy Bridge,Liloy,Rescousse,Northern Dancer,Victoria Regina,Bunty's Flight,Shakney,Speak John,Blue Moon,Bold Ruler,Fortunate Isle,Halo,Wishing Well,Nijinsky,Key Partner,Alydar,Bel Sheba,Key to the Mint,Shuvee
202609010604,11,ダート,1400,良,未勝利,サートゥルナーリア,ランドスケープ,ロードカナロア,シーザリオ,ジャスタウェイ,ベストロケーション,キングカメハメハ,レディブラッサム,スペシャルウィーク,キロフプリミエール,ハーツクライ,シビル,クロフネ,ダイナアクトレス,Kingmambo,マンファス,Storm Cat,サラトガデュー,サンデーサイレンス,キャンペンガール,Sadler's Wells,Querida,サンデーサイレンス,アイリッシュダンス,Wild Again,シャロン,フレンチデピュティ,ブルーアヴェニュー,ノーザンテースト,モデルスポート,Mr. Prospector,Miesque,ラストタイクーン,Pilot Bird,Storm Bird,Terlingua,Cormorant,Super Luna,Halo,Wishing Well,マルゼンスキー,レディーシラオキ,Northern Dancer,Fairy Bridge,Habitat,Principia,Halo,Wishing Well,トニービン,ビューパーダンス,Icecapade,Bushel-n-Peck,Mo Exception,Double Wiggle,Deputy Minister,Mitterand,Classic Go Go,Eliza Blue,Northern Dancer,Lady Victoria,モデルフール,マジックゴデイス
202609010604,12,ダート,1400,良,未勝利,キタサンブラック,ヴィクタシア,ブラックタイド,シュガーハート,Bluegrass Cat,Toroca,サンデーサイレンス,ウインドインハーヘア,サクラバクシンオー,オトメゴコロ,Storm Cat,She's a Winner,Nureyev,Grand Falls,Halo,Wishing Well,Alzao,Burghclere,サクラユタカオー,サクラハゴロモ,ジャッジアンジェルーチ,テイズリー,Storm Bird,Terlingua,A.P. Indy,Get Lucky,Northern Dancer,Special,オジジアン,Pitasia,Hail to Reason,Cosmah,Understanding,Mountain Flower,Lyphard,Lady Rebecca,Busted,Highclere,テスコボーイ,アンジェリカ,ノーザンテースト,クリアアンバー,Honest Pleasure,Victorian Queen,Lyphard,Tizna,Northern Dancer,South Ocean,Secretariat,Crimson Saint,Seattle Slew,Weekend Surprise,Mr. Prospector,Dance Number,Nearctic,Natalma,Forli,Thong,Damascus,Gonfalon,Pitskelly,Asian Princess
202609010604,13,ダート,1400,良,未勝利,タワーオブロンドン,クラウンビション,Raven's Pass,スノーパイン,メジロベイリー,アンチークショップ,Elusive Quality,Ascutney,Dalakhani,シンコウエルメス,サンデーサイレンス,レールデュタン,Fusaichi Pegasus,Antique Auction,Gone West,Touch of Greatness,Lord at War,Right Word,Darshaan,Daltawa,Sadler's Wells,Doff the Derby,Halo,Wishing Well,マルゼンスキー,ケイツナミ,Mr. Prospector,Angel Fever,Geiger Counter,オールドスタッフ,Mr. Prospector,Secrettame,Hero's Honor,Ivory Wand,General,Luna de Miel,Verbatim,Oratorio,Shirley Heights,Delsy,Miswaki,Damana,Northern Dancer,Fairy Bridge,Master Derby,Margarethen,Hail to Reason,Cosmah,Understanding,Mountain Flower,Nijinsky,シル,ラディガ,ハイビスカス,Raise a Native,Gold Digger,Danzig,Rowdy Angel,Mr. Prospector,Thong,Irish River,アンティックヴァリュー
202609010604,14,ダート,1400,良,未勝利,アルアイン,ソルトオブジアース,ディープインパクト,ドバイマジェスティ,アグネスデジタル,アシヤマダム,サンデーサイレンス,ウインドインハーヘア,Essence of Dubai,Great Majesty,Crafty Prospector,Chancey Squaw,ラシアンルーブル,キャットロンシャン,Halo,Wishing Well,Alzao,Burghclere,Pulpit,Epitome,Great Above,Mistic Majesty,Mr. Prospector,Real Crafty Lady,Chief's Crown,Allicance,Nijinsky,Squander,シャトーゲイ,メジロヒエイ,Hail to Reason,Cosmah,Understanding,Mountain Flower,Lyphard,Lady Rebecca,Busted,Highclere,A.P. Indy,Preach,Summing,Honest and True,Minnesota Mac,Ta Wee,His Majesty,Necaras Miss,Raise a Native,Gold Digger,In Reality,Princess Roycraft,Danzig,Six Crowns,Alleged,Runaway Bride,Northern Dancer,Flaming Page,Buckpasser,Discipline,Swaps,Banquet Bell,ムーティエ,メジロマジョルカ
202609010604,15,ダート,1400,良,未勝利,サトノアラジン,ダウンタウンガール,ディープインパクト,マジックストーム,City Zip,Beautiful Moment,サンデーサイレンス,ウインドインハーヘア,Storm Cat,Foppy Dancer,Carson City,Baby Zip,Crusader Sword,Proud Minstrel,Halo,Wishing Well,Alzao,Burghclere,Storm Bird,Terlingua,Fappiano,Water Dance,Mr. Prospector,Blushing Promise,Relaunch,Thirty Zip,Damascus,Copernica,Proud Birdie,Minstrel Lady,Hail to Reason,Cosmah,Understanding,Mountain Flower,Lyphard,Lady Rebecca,Busted,Highclere,Northern Dancer,South Ocean,Secretariat,Crimson Saint,Mr. Prospector,Killaloe,Nijinsky,Luiana,Raise a Native,Gold Digger,Blushing Groom,Summertime Promise,In Reality,Foggy Note,Tri Jet,Sailaway,Sword Dancer,Kerala,Nijinsky,Copper Canyon,Proud Clarion,Bernie Bird,Poona,Tiny Wonder
202609010604,16,ダート,1400,良,未勝利,カリフォルニアクローム,ブラックナイル,Lucky Pulpit,Love the Chase,ルーラーシップ,ジャズキャット,Pulpit,Lucky Soph,Not for Love,Chase It Down,キングカメハメハ,エアグルーヴ,Storm Cat,Barbicue Sauce,A.P. Indy,Preach,Cozzene,Lucky Spell,Mr. Prospector,Dance Number,Polish Numbers,Chase the Dream,Kingmambo,マンファス,トニービン,ダイナカール,Storm Bird,Terlingua,Sauce Boat,Lady Barbizon,Seattle Slew,Weekend Surprise,Mr. Prospector,Narrate,Caro,Ride the Trails,Lucky Mel,Incantation,Raise a Native,Gold Digger,Northern Dancer,Numbered Account,Danzig,Numbered Account,Sir Ivor,La Belle Fleur,Mr. Prospector,Miesque,ラストタイクーン,Pilot Bird,カンパラ,Severn Bridge,ノーザンテースト,シャダイフェザー,Northern Dancer,South Ocean,Secretariat,Crimson Saint,Key to the Mint,Missy Baba,Barbizon,Cancelada
202609010605,1,ダート,1800,良,1勝クラス,オルフェーヴル,スパイラルステップ,ステイゴールド,オリエンタルアート,シンボリクリスエス,スパイラルリング,サンデーサイレンス,ゴールデンサッシュ,メジロマックイーン,エレクトロアート,Kris S.,Tee Kay,エンドスウィープ,ウェディングバンド,Halo,Wishing Well,ディクタス,ダイナサッシュ,メジロティターン,メジロオーロラ,ノーザンテースト,グランマスティーヴンス,Roberto,Sharp Queen,Gold Meridian,Tri Argo,フォーティナイナー,Broom Dance,Mighty Appealing,Ring of Steel,Hail to Reason,Cosmah,Understanding,Mountain Flower,Sanctus,Doronic,ノーザンテースト,ロイヤルサッシュ,メジロアサマ,シエリル,リマンド,メジロアイリス,Northern Dancer,Lady Victoria,Lt. Stevens,Dhow,Hail to Reason,Bramalea,Princequillo,Bridgework,Seattle Slew,Queen Louie,Tri Jet,Hail Proudly,Mr. Prospector,File,Dance Spell,Witching Hour,Valid Appeal,Patsy's Lil Girl,Assagai,Spinning Reel
202609010605,2,ダート,1800,良,1勝クラス,キズナ,マーガレットメドウ,ディープインパクト,キャットクイル,Distorted Humor,Malibu Prayer,サンデーサイレンス,ウインドインハーヘア,Storm Cat,Pacific Princess,フォーティナイナー,Danzig's Beauty,Malibu Moon,Grand Prayer,Halo,Wishing Well,Alzao,Burghclere,Storm Bird,Terlingua,Damascus,Fiji,Mr. Prospector,File,Danzig,Sweetest Chant,A.P. Indy,Macoumba,Grand Slam,Lyrical Prayer,Hail to Reason,Cosmah,Understanding,Mountain Flower,Lyphard,Lady Rebecca,Busted,Highclere,Northern Dancer,South Ocean,Secretariat,Crimson Saint,Sword Dancer,Kerala,Acropolis,Rififi,Raise a Native,Gold Digger,Tom Rolfe,Continue,Northern Dancer,Pas de Nom,Mr. Leader,Gay Sonnet,Seattle Slew,Weekend Surprise,Mr. Prospector,Maximova,Gone West,Bright Candles,The Minstrel,Belle Gallante
202609010605,3,ダート,1800,良,1勝クラス,コントレイル,カレドニアロード,ディープインパクト,ロードクロサイト,Quality Road,Come a Callin,サンデーサイレンス,ウインドインハーヘア,Unbridled's Song,Folklore,Elusive Quality,Kobla,Dixie Union,Twilight Service,Halo,Wishing Well,Alzao,Burghclere,Unbridled,Trolley Song,Tiznow,Contrive,Gone West,Touch of Greatness,Strawberry Road,Winglet,Dixieland Band,She's Tops,Horse Chestnut,Sunset Service,Hail to Reason,Cosmah,Understanding,Mountain Flower,Lyphard,Lady Rebecca,Busted,Highclere,Fappiano,Gana Facil,Caro,Lucky Spell,Cee's Tizzy,Cee's Song,Storm Cat,Jeano,Mr. Prospector,Secrettame,Hero's Honor,Ivory Wand,Whiskey Road,Giftisa,Alydar,Highest Trump,Northern Dancer,Mississippi Mud,Capote,She's a Talent,Fort Wood,London Wall,Deputy Minister,Songlines
202609010605,4,ダート,1800,良,1勝クラス,リーチザクラウン,リュミエールドール,スペシャルウィーク,クラウンピース,ルーラーシップ,アルスノヴァ,サンデーサイレンス,キャンペンガール,Seattle Slew,クラシッククラウン,キングカメハメハ,エアグルーヴ,ダンスインザダーク,オリエンタルアート,Halo,Wishing Well,マルゼンスキー,レディーシラオキ,Bold Reasoning,My Charmer,Mr. Prospector,Six Crowns,Kingmambo,マンファス,トニービン,ダイナカール,サンデーサイレンス,ダンシングキイ,メジロマックイーン,エレクトロアート,Hail to Reason,Cosmah,Understanding,Mountain Flower,Nijinsky,シル,セントクレスピン,ミスアシヤガワ,Boldnesian,Reason to Earn,Poker,Fair Charmer,Raise a Native,Gold Digger,Secretariat,Chris Evert,Mr. Prospector,Miesque,ラストタイクーン,Pilot Bird,カンパラ,Severn Bridge,ノーザンテースト,シャダイフェザー,Halo,Wishing Well,Nijinsky,Key Partner,メジロティターン,メジロオーロラ,ノーザンテースト,グランマスティーヴンス
202609010605,5,ダート,1800,良,1勝クラス,クリソベリル,アンデスクイーン,ゴールドアリュール,クリソプレーズ,タートルボウル,レイナカスターニャ,サンデーサイレンス,ニキーヤ,エルコンドルパサー,キャサリーンパー,Dyhim Diamond,Clara Bow,キングカメハメハ,ナスカ,Halo,Wishing Well,Nureyev,Reluctant Guest,Kingmambo,サドラーズギャル,Riverman,Regal Exception,Night Shift,Happy Landing,Top Ville,Kamiya,Kingmambo,マンファス,サンデーサイレンス,アンデスレディー,Hail to Reason,Cosmah,Understanding,Mountain Flower,Northern Dancer,Special,Hostage,Vaguely Royal,Mr. Prospector,Miesque,Sadler's Wells,Glenveagh,Never Bend,River Lady,Ribot,Rajput Princess,Northern Dancer,Ciboulette,Homing,Laughing Goddess,High Top,Sega Ville,Kalamoun,Shahinaaz,Mr. Prospector,Miesque,ラストタイクーン,Pilot Bird,Halo,Wishing Well,ノーザンテースト,ペルースポート
202609010605,6,ダート,1800,良,1勝クラス,クリソベリル,カーミングエフェクト,ゴールドアリュール,クリソプレーズ,War Front,Emollient,サンデーサイレンス,ニキーヤ,エルコンドルパサー,キャサリーンパー,Danzig,Starry Dreamer,エンパイアメーカー,Soothing Touch,Halo,Wishing Well,Nureyev,Reluctant Guest,Kingmambo,サドラーズギャル,Riverman,Regal Exception,Northern Dancer,Pas de Nom,Rubiano,Lara's Star,Unbridled,Toussaud,Touch Gold,Glia,Hail to Reason,Cosmah,Understanding,Mountain Flower,Northern Dancer,Special,Hostage,Vaguely Royal,Mr. Prospector,Miesque,Sadler's Wells,Glenveagh,Never Bend,River Lady,Ribot,Rajput Princess,Nearctic,Natalma,Admiral's Voyage,Petitioner,Fappiano,Ruby Slippers,Forli,True Reality,Fappiano,Gana Facil,El Gran Senor,Image of Reality,Deputy Minister,Passing Mood,A.P. Indy,Coup de Genie
202609010605,7,ダート,1800,良,1勝クラス,Gun Runner,ブリリアントカット,Candy Ride,Quiet Giant,Speightstown,Polish a Diamond,Ride the Rails,Candy Girl,Giant's Causeway,Quiet Dance,Gone West,Silken Cat,ザファクター,Tap Your Feet,Cryptoclearance,Herbalesian,Candy Stripes,City Girl,Storm Cat,Mariah's Storm,Quiet American,Misty Dancer,Mr. Prospector,Secrettame,Storm Cat,Silken Doll,War Front,Greyciousness,Dixieland Band,Exotic Moves,Fappiano,Naval Orange,Herbager,Alanesian,Blushing Groom,バブルカンパニー,Farnesio,Cithara,Storm Bird,Terlingua,Rahy,イメンス,Fappiano,Demure,Lyphard,Flight Dancer,Raise a Native,Gold Digger,Secretariat,Tamerett,Storm Bird,Terlingua,Chieftain,Insilca,Danzig,Starry Dreamer,Miswaki,Skatingonthinice,Northern Dancer,Mississippi Mud,Miswaki,Syrian Dancer
202609010605,8,ダート,1800,良,1勝クラス,ルヴァンスレーヴ,エイコーンウィル,シンボリクリスエス,マエストラーレ,キングカメハメハ,サンデーエイコーン,Kris S.,Tee Kay,ネオユニヴァース,オータムブリーズ,Kingmambo,マンファス,サンデーサイレンス,エイコーンカップ,Roberto,Sharp Queen,Gold Meridian,Tri Argo,サンデーサイレンス,ポインテッドパス,ティンバーカントリー,セプテンバーソング,Mr. Prospector,Miesque,ラストタイクーン,Pilot Bird,Halo,Wishing Well,ノーザンテースト,ダイナエイコーン,Hail to Reason,Bramalea,Princequillo,Bridgework,Seattle Slew,Queen Louie,Tri Jet,Hail Proudly,Halo,Wishing Well,Kris,Silken Way,Woodman,Fall Aspen,リアルシャダイ,ダイナフェアリー,Raise a Native,Gold Digger,Nureyev,Pasadoble,トライマイベスト,Mill Princess,Blakeney,The Dancer,Hail to Reason,Cosmah,Understanding,Mountain Flower,Northern Dancer,Lady Victoria,ロイヤルスキー,ライバリュウ
202609010605,9,ダート,1800,良,1勝クラス,ルヴァンスレーヴ,メイショウタチマチ,シンボリクリスエス,マエストラーレ,スペシャルウィーク,サーリセルカ,Kris S.,Tee Kay,ネオユニヴァース,オータムブリーズ,サンデーサイレンス,キャンペンガール,ウォーエンブレム,ラストリゾート,Roberto,Sharp Queen,Gold Meridian,Tri Argo,サンデーサイレンス,ポインテッドパス,ティンバーカントリー,セプテンバーソング,Halo,Wishing Well,マルゼンスキー,レディーシラオキ,Our Emblem,Sweetest Lady,ノーザンテースト,リープフォージョイ,Hail to Reason,Bramalea,Princequillo,Bridgework,Seattle Slew,Queen Louie,Tri Jet,Hail Proudly,Halo,Wishing Well,Kris,Silken Way,Woodman,Fall Aspen,リアルシャダイ,ダイナフェアリー,Hail to Reason,Cosmah,Understanding,Mountain Flower,Nijinsky,シル,セントクレスピン,ミスアシヤガワ,Mr. Prospector,Personal Ensign,Lord at War,Sweetest Roman,Northern Dancer,Lady Victoria,Sharpo,Humble Pie
202609010605,10,ダート,1800,良,1勝クラス,ルヴァンスレーヴ,レゼトワール,シンボリクリスエス,マエストラーレ,ファスリエフ,サンデーエイコーン,Kris S.,Tee Kay,ネオユニヴァース,オータムブリーズ,Nureyev,Mr. P's Princess,サンデーサイレンス,エイコーンカップ,Roberto,Sharp Queen,Gold Meridian,Tri Argo,サンデーサイレンス,ポインテッドパス,ティンバーカントリー,セプテンバーソング,Northern Dancer,Special,Mr. Prospector,Anne Campbell,Halo,Wishing Well,ノーザンテースト,ダイナエイコーン,Hail to Reason,Bramalea,Princequillo,Bridgework,Seattle Slew,Queen Louie,Tri Jet,Hail Proudly,Halo,Wishing Well,Kris,Silken Way,Woodman,Fall Aspen,リアルシャダイ,ダイナフェアリー,Nearctic,Natalma,Forli,Thong,Raise a Native,Gold Digger,Never Bend,Repercussion,Hail to Reason,Cosmah,Understanding,Mountain Flower,Northern Dancer,Lady Victoria,ロイヤルスキー,ライバリュウ
202609010605,11,ダート,1800,良,1勝クラス,ミスターメロディ,レッドクラウディア,Scat Daddy,Trusty Lady,アグネスタキオン,シェアザストーリー,ヨハネスブルグ,Love Style,Deputy Minister,Klassy Kim,サンデーサイレンス,アグネスフローラ,コマンダーインチーフ,ディアブロズストーリー,ヘネシー,Myth,Mr. Prospector,Likeable Style,Vice Regent,Mint Copy,Silent Screen,クールアライヴァル,Halo,Wishing Well,ロイヤルスキー,アグネスレディー,ダンシングブレーヴ,Slightly Dangerous,ディアブロ,アピーリングストーリー,Storm Cat,Island Kitty,オジジアン,Yarn,Raise a Native,Gold Digger,Nijinsky,Personable Lady,Northern Dancer,Victoria Regina,Bunty's Flight,Shakney,Prince John,Prayer Bell,Relaunch,Irish Arrival,Hail to Reason,Cosmah,Understanding,Mountain Flower,Raja Baba,Coz o'Nijinsky,リマンド,イコマエイカン,Lyphard,Navajo Princess,Roberto,Where You Lead,Devil's Bag,Avilion,Valid Appeal,Charming Story
202609010605,12,ダート,1800,良,1勝クラス,ドレフォン,ミラクルレジェンド,Gio Ponti,Eltimaas,フジキセキ,パーソナルレジェンド,Tale of the Cat,Chipeta Springs,Ghostzapper,Najecam,サンデーサイレンス,ミルレーサー,Awesome Again,Highland Legend,Storm Cat,Yarn,Alydar,Salt Spring,Awesome Again,Baby Zip,Trempolino,Sue Warner,Halo,Wishing Well,Le Fabuleux,Marston's Mill,Deputy Minister,Primal Force,Storm Bird,Santella,Storm Bird,Terlingua,Mr. Prospector,Narrate,Raise a Native,Sweet Tooth,Salt Marsh,Jungle Mythologic,Deputy Minister,Primal Force,Relaunch,Thirty Zip,Sharpen Up,Trephine,Forli,Bitty Girl,Hail to Reason,Cosmah,Understanding,Mountain Flower,Wild Risk,Anguar,In Reality,Millicent,Vice Regent,Mint Copy,Blushing Groom,Prime Prospect,Northern Dancer,South Ocean,Coastal,Santa Quilla
202609010605,13,ダート,1800,良,1勝クラス,ルヴァンスレーヴ,バーグアンノール,シンボリクリスエス,マエストラーレ,キングカメハメハ,レクレドール,Kris S.,Tee Kay,ネオユニヴァース,オータムブリーズ,Kingmambo,マンファス,サンデーサイレンス,ゴールデンサッシュ,Roberto,Sharp Queen,Gold Meridian,Tri Argo,サンデーサイレンス,ポインテッドパス,ティンバーカントリー,セプテンバーソング,Mr. Prospector,Miesque,ラストタイクーン,Pilot Bird,Halo,Wishing Well,ディクタス,ダイナサッシュ,Hail to Reason,Bramalea,Princequillo,Bridgework,Seattle Slew,Queen Louie,Tri Jet,Hail Proudly,Halo,Wishing Well,Kris,Silken Way,Woodman,Fall Aspen,リアルシャダイ,ダイナフェアリー,Raise a Native,Gold Digger,Nureyev,Pasadoble,トライマイベスト,Mill Princess,Blakeney,The Dancer,Hail to Reason,Cosmah,Understanding,Mountain Flower,Sanctus,Doronic,ノーザンテースト,ロイヤルサッシュ
202609010605,14,ダート,1800,良,1勝クラス,ヴァンゴッホ,ロマンザ,American Pharoah,Imagine,ヴィクトワールピサ,ゴンチャローワ,Pioneerof the Nile,Littleprincessemma,Sadler's Wells,Doff the Derby,ネオユニヴァース,ホワイトウォーターアフェア,Gone West,Pure Grain,エンパイアメーカー,Star of Goshen,Yankee Gentleman,Exclusive Rosette,Northern Dancer,Fairy Bridge,Master Derby,Margarethen,サンデーサイレンス,ポインテッドパス,Machiavellian,Much Too Risky,Mr. Prospector,Secrettame,Polish Precedent,Mill Line,Unbridled,Toussaud,Lord at War,Castle Eight,Storm Cat,Key Phrase,Ecliptical,Zetta Jet,Nearctic,Natalma,Bold Reason,Special,ダストコマンダー,Madam Jerry,Tulyar,Russ-Marie,Halo,Wishing Well,Kris,Silken Way,Mr. Prospector,Coup de Folie,Bustino,Short Rations,Raise a Native,Gold Digger,Secretariat,Tamerett,Danzig,Past Example,Mill Reef,Quay Line
202609010605,15,ダート,1800,良,1勝クラス,カレンブラックヒル,ノーブルスノー,ダイワメジャー,チャールストンハーバー,クロフネ,ピサノルビー,サンデーサイレンス,スカーレットブーケ,Grindstone,Penny's Valentine,フレンチデピュティ,ブルーアヴェニュー,ブライアンズタイム,ペルヴィア,Halo,Wishing Well,ノーザンテースト,スカーレットインク,Unbridled,Buzz My Bell,Storm Cat,Mrs. Penny,Deputy Minister,Mitterand,Classic Go Go,Eliza Blue,Roberto,Kelley's Day,Seeking the Gold,Valthea,Hail to Reason,Cosmah,Understanding,Mountain Flower,Northern Dancer,Lady Victoria,Crimson Satan,Consentida,Fappiano,Gana Facil,Drone,Chateaupavia,Storm Bird,Terlingua,Great Nephew,Tananarive,Vice Regent,Mint Copy,Hold Your Peace,Laredo Lass,Pago Pago,Classic Perfection,Icecapade,コレラ,Hail to Reason,Bramalea,Graustark,Golden Trail,Mr. Prospector,Con Game,Antheus,Green Valley
202609010605,16,ダート,1800,良,1勝クラス,マインドユアビスケッツ,ロングホットサマー,Posse,Jazzmane,Street Boss,Hotlantic,Silver Deputy,Raska,Toccet,Alljazz,Street Cry,Blushing Ogygian,Stormy Atlantic,Chinook Gale,Deputy Minister,Silver Valley,Rahy,Borishka,Awesome Again,Cozzene's Angel,Stop the Music,Bounteous,Machiavellian,Helen Street,オジジアン,Fruhlingshochzeit,Storm Cat,Hail Atlantis,Crafty Prospector,Wezzo,Vice Regent,Mint Copy,Mr. Prospector,Seven Valleys,Blushing Groom,Glorious Song,Roberto,Queen Maud,Deputy Minister,Primal Force,Cozzene,Charming Pan,Hail to Reason,Bebopper,Master Derby,Mlle. Quille,Mr. Prospector,Coup de Folie,Troy,Waterway,Damascus,Gonfalon,Blushing Groom,Fruhlingstag,Storm Bird,Terlingua,Seattle Slew,Flippers,Mr. Prospector,Real Crafty Lady,Bering,Special Warmth
202609010606,1,ダート,2000,良,1勝クラス,アジアエクスプレス,ヴァローア,ヘニーヒューズ,ランニングボブキャッツ,エンパイアメーカー,ボーントゥブーギー,ヘネシー,Meadow Flyer,Running Stag,Backatem,Unbridled,Toussaud,Tobougg,Braissim,Storm Cat,Island Kitty,Meadowlake,Shortley,Cozzene,Fruhlingstag,Notebook,Deputy's Mistress,Fappiano,Gana Facil,El Gran Senor,Image of Reality,Barathea,Lacovia,ダンシングブレーヴ,Barari,Storm Bird,Terlingua,Hawaii,T. C. Kitten,Hold Your Peace,Suspicious Native,Hagley,Short Winded,Caro,Ride the Trails,Orsini,Revada,Well Decorated,Mobcap,Deputy Minister,River Crossing,Mr. Prospector,Killaloe,Le Fabuleux,Charedi,Northern Dancer,Sex Appeal,In Reality,Edee's Image,Sadler's Wells,Brocade,Majestic Light,Hope for All,Lyphard,Navajo Princess,Blushing Groom,Rainbow Connection
202609010606,2,ダート,2000,良,1勝クラス,リオンディーズ,フィエラメンテ,キングカメハメハ,シーザリオ,タニノギムレット,フェアリードール,Kingmambo,マンファス,スペシャルウィーク,キロフプリミエール,ブライアンズタイム,タニノクリスタル,Nureyev,Dream Deal,Mr. Prospector,Miesque,ラストタイクーン,Pilot Bird,サンデーサイレンス,キャンペンガール,Sadler's Wells,Querida,Roberto,Kelley's Day,クリスタルパレス,タニノシーバード,Northern Dancer,Special,Sharpen Up,Likely Exchange,Raise a Native,Gold Digger,Nureyev,Pasadoble,トライマイベスト,Mill Princess,Blakeney,The Dancer,Halo,Wishing Well,マルゼンスキー,レディーシラオキ,Northern Dancer,Fairy Bridge,Habitat,Principia,Hail to Reason,Bramalea,Graustark,Golden Trail,Caro,Hermieres,Sea-Bird,Flaxen,Nearctic,Natalma,Forli,Thong,エタン,Rocchetta,Terrible Tiger,Likely Swap
202609010606,3,ダート,2000,良,1勝クラス,ワールドエース,ダイワオンディーヌ,ディープインパクト,マンデラ,クロフネ,クリアースター,サンデーサイレンス,ウインドインハーヘア,Acatenango,Mandellicht,フレンチデピュティ,ブルーアヴェニュー,トニービン,ノーザンクリアー,Halo,Wishing Well,Alzao,Burghclere,Surumu,Aggravate,Be My Guest,Mandelauge,Deputy Minister,Mitterand,Classic Go Go,Eliza Blue,カンパラ,Severn Bridge,ノーザンテースト,シヤダイクリアー,Hail to Reason,Cosmah,Understanding,Mountain Flower,Lyphard,Lady Rebecca,Busted,Highclere,Literat,Surama,Aggressor,Raven Locks,Northern Dancer,What a Treat,Elektrant,Mandriale,Vice Regent,Mint Copy,Hold Your Peace,Laredo Lass,Pago Pago,Classic Perfection,Icecapade,コレラ,Kalamoun,State Pension,Hornbeam,Priddy Fair,Northern Dancer,Lady Victoria,ガーサント,ペルルピーチ
202609010606,4,ダート,2000,良,1勝クラス,ホッコータルマエ,ムニン,キングカメハメハ,マダムチェロキー,Bernardini,アリアプーラ,Kingmambo,マンファス,Cherokee Run,アンフォイルド,A.P. Indy,Cara Rafaela,Flying Spur,Fortunata,Mr. Prospector,Miesque,ラストタイクーン,Pilot Bird,Runaway Groom,Cherokee Dame,Unbridled,Bold Foil,Seattle Slew,Weekend Surprise,Quiet American,Oil Fable,デインヒル,Rolls,Dr. Grace,Extradite,Raise a Native,Gold Digger,Nureyev,Pasadoble,トライマイベスト,Mill Princess,Blakeney,The Dancer,Blushing Groom,Yonnie Girl,Silver Saber,Dame Francesca,Fappiano,Gana Facil,Bold Forbes,Perfect Foil,Bold Reasoning,My Charmer,Secretariat,Lassie Dear,Fappiano,Demure,Spectacular Bid,Northern Fable,Danzig,Razyana,Mr. Prospector,Grand Luxe,Sir Tristram,English Wonder,Bletchingly,Expulsion
202609010606,5,ダート,2000,良,1勝クラス,スマートファルコン,ゲシートショウリ,ゴールドアリュール,ケイシュウハーブ,タイキシャトル,シロキタガデス,サンデーサイレンス,ニキーヤ,ミシシッピアン,キョウエイシラユキ,Devil's Bag,ウェルシュマフィン,サニーブライアン,シクレノンメモリー,Halo,Wishing Well,Nureyev,Reluctant Guest,Vaguely Noble,Gazala,クラウンドプリンス,アリアーン,Halo,Ballade,Caerleon,Muffitys,ブライアンズタイム,サニースイフト,トニービン,シクレノンセピア,Hail to Reason,Cosmah,Understanding,Mountain Flower,Northern Dancer,Special,Hostage,Vaguely Royal,ヴィエナ,Noble Lassie,Dark Star,Belle Angevine,Raise a Native,Gay Hostess,シルバーシャーク,Nucciolina,Hail to Reason,Cosmah,Herbager,Miss Swapsco,Nijinsky,Foreseer,Thatch,Contrail,Roberto,Kelley's Day,スイフトスワロー,サニーロマン,カンパラ,Severn Bridge,マナード,トウジンホマレ
202609010606,6,ダート,2000,良,1勝クラス,マインドユアビスケッツ,エクスプレスレーン,Posse,Jazzmane,ディープインパクト,カウアイレーン,Silver Deputy,Raska,Toccet,Alljazz,サンデーサイレンス,ウインドインハーヘア,キングカメハメハ,シルバーレーン,Deputy Minister,Silver Valley,Rahy,Borishka,Awesome Again,Cozzene's Angel,Stop the Music,Bounteous,Halo,Wishing Well,Alzao,Burghclere,Kingmambo,マンファス,Silver Hawk,Strait Lane,Vice Regent,Mint Copy,Mr. Prospector,Seven Valleys,Blushing Groom,Glorious Song,Roberto,Queen Maud,Deputy Minister,Primal Force,Cozzene,Charming Pan,Hail to Reason,Bebopper,Master Derby,Mlle. Quille,Hail to Reason,Cosmah,Understanding,Mountain Flower,Lyphard,Lady Rebecca,Busted,Highclere,Mr. Prospector,Miesque,ラストタイクーン,Pilot Bird,Roberto,Gris Vitesse,Chieftain,Level Sands
202609010606,7,ダート,2000,良,1勝クラス,オルフェーヴル,メイショウバーズ,ステイゴールド,オリエンタルアート,タニノギムレット,デヒアバーズ,サンデーサイレンス,ゴールデンサッシュ,メジロマックイーン,エレクトロアート,ブライアンズタイム,タニノクリスタル,デヒア,バーズウイング,Halo,Wishing Well,ディクタス,ダイナサッシュ,メジロティターン,メジロオーロラ,ノーザンテースト,グランマスティーヴンス,Roberto,Kelley's Day,クリスタルパレス,タニノシーバード,Deputy Minister,Sister Dot,Bluebird,Welsh Love,Hail to Reason,Cosmah,Understanding,Mountain Flower,Sanctus,Doronic,ノーザンテースト,ロイヤルサッシュ,メジロアサマ,シエリル,リマンド,メジロアイリス,Northern Dancer,Lady Victoria,Lt. Stevens,Dhow,Hail to Reason,Bramalea,Graustark,Golden Trail,Caro,Hermieres,Sea-Bird,Flaxen,Vice Regent,Mint Copy,Secretariat,Sword Game,Storm Bird,Ivory Dawn,Ela-Mana-Mou,Welsh Flame
202609010606,8,ダート,2000,良,1勝クラス,ストロングリターン,ベガスナイト,シンボリクリスエス,コートアウト,コロナドズクエスト,Words of War,Kris S.,Tee Kay,Smart Strike,アザール,フォーティナイナー,Laughing Look,Lord at War,Right Word,Roberto,Sharp Queen,Gold Meridian,Tri Argo,Mr. Prospector,Classy 'n Smart,Nijinsky,Smart Heiress,Mr. Prospector,File,Damascus,Laughter,General,Luna de Miel,Verbatim,Oratorio,Hail to Reason,Bramalea,Princequillo,Bridgework,Seattle Slew,Queen Louie,Tri Jet,Hail Proudly,Raise a Native,Gold Digger,Smarten,No Class,Northern Dancer,Flaming Page,Vaguely Noble,Smartaire,Raise a Native,Gold Digger,Tom Rolfe,Continue,Sword Dancer,Kerala,Bold Ruler,Shenanigans,Brigadier Gerard,Mercuriale,Con Brio,Good Will,Speak John,Well Kept,Fleet Nasrullah,Classicist
202609010606,9,ダート,2000,良,1勝クラス,ワールドエース,アンジェラスキッス,ディープインパクト,マンデラ,Gone West,River Fairy,サンデーサイレンス,ウインドインハーヘア,Acatenango,Mandellicht,Mr. Prospector,Secrettame,Irish River,Fairy Garden,Halo,Wishing Well,Alzao,Burghclere,Surumu,Aggravate,Be My Guest,Mandelauge,Raise a Native,Gold Digger,Secretariat,Tamerett,Riverman,Irish Star,Lyphard,Possible Mate,Hail to Reason,Cosmah,Understanding,Mountain Flower,Lyphard,Lady Rebecca,Busted,Highclere,Literat,Surama,Aggressor,Raven Locks,Northern Dancer,What a Treat,Elektrant,Mandriale,Native Dancer,Raise You,Nashua,Sequence,Bold Ruler,Somethingroyal,Tim Tam,Mixed Marriage,Never Bend,River Lady,Klairon,Botany Bay,Northern Dancer,Goofed,King's Bishop,Execution
202609010607,1,芝,2000,良,1勝クラス,キズナ,ベストセラーアスク,ディープインパクト,キャットクイル,キングカメハメハ,フューチャサンデー,サンデーサイレンス,ウインドインハーヘア,Storm Cat,Pacific Princess,Kingmambo,マンファス,サンデーサイレンス,アスクローザ,Halo,Wishing Well,Alzao,Burghclere,Storm Bird,Terlingua,Damascus,Fiji,Mr. Prospector,Miesque,ラストタイクーン,Pilot Bird,Halo,Wishing Well,リアルシャダイ,オオミーアキノ,Hail to Reason,Cosmah,Understanding,Mountain Flower,Lyphard,Lady Rebecca,Busted,Highclere,Northern Dancer,South Ocean,Secretariat,Crimson Saint,Sword Dancer,Kerala,Acropolis,Rififi,Raise a Native,Gold Digger,Nureyev,Pasadoble,トライマイベスト,Mill Princess,Blakeney,The Dancer,Hail to Reason,Cosmah,Understanding,Mountain Flower,Roberto,Desert Vixen,ノーザンテースト,オオミシヤダイ
202609010607,2,芝,2000,良,1勝クラス,キズナ,イングランドローズ,ディープインパクト,キャットクイル,Dansili,Ventura Highway,サンデーサイレンス,ウインドインハーヘア,Storm Cat,Pacific Princess,デインヒル,Hasili,Machiavellian,Hyabella,Halo,Wishing Well,Alzao,Burghclere,Storm Bird,Terlingua,Damascus,Fiji,Danzig,Razyana,Kahyasi,Kerali,Mr. Prospector,Coup de Folie,Shirley Heights,Bella Colora,Hail to Reason,Cosmah,Understanding,Mountain Flower,Lyphard,Lady Rebecca,Busted,Highclere,Northern Dancer,South Ocean,Secretariat,Crimson Saint,Sword Dancer,Kerala,Acropolis,Rififi,Northern Dancer,Pas de Nom,His Majesty,Spring Adieu,イルドブルボン,Kadissya,High Line,Sookera,Raise a Native,Gold Digger,Halo,Raise the Standard,Mill Reef,Hardiemma,ベリファ,Reprocolor
202609010607,3,芝,2000,良,1勝クラス,ハーツクライ,エレクトラレーン,サンデーサイレンス,アイリッシュダンス,Dubawi,Imperialistic,Halo,Wishing Well,トニービン,ビューパーダンス,Dubai Millennium,Zomaradah,Imperial Ballet,Shefoog,Hail to Reason,Cosmah,Understanding,Mountain Flower,カンパラ,Severn Bridge,Lyphard,My Bupers,Seeking the Gold,Colorado Dancer,Deploy,Jawaher,Sadler's Wells,Amaranda,Kefaah,Masarrah,Turn-to,Nothirdchance,Cosmic Bomb,Almahmoud,Promised Land,Pretty Ways,Montparnasse,Edelweiss,Kalamoun,State Pension,Hornbeam,Priddy Fair,Northern Dancer,Goofed,Bupers,Princess Revoked,Mr. Prospector,Con Game,Shareef Dancer,Fall Aspen,Shirley Heights,Slightly Dangerous,ダンシングブレーヴ,High Tern,Northern Dancer,Fairy Bridge,Bold Lad,Favoletta,Blushing Groom,Tertiary,Formidable,Iceni Star
202609010607,4,芝,2000,良,1勝クラス,ルーラーシップ,ステラリード,キングカメハメハ,エアグルーヴ,スペシャルウィーク,ウェルシュステラ,Kingmambo,マンファス,トニービン,ダイナカール,サンデーサイレンス,キャンペンガール,Zafonic,カタリスト,Mr. Prospector,Miesque,ラストタイクーン,Pilot Bird,カンパラ,Severn Bridge,ノーザンテースト,シャダイフェザー,Halo,Wishing Well,マルゼンスキー,レディーシラオキ,Gone West,Zaizafon,Sadler's Wells,Welsh Love,Raise a Native,Gold Digger,Nureyev,Pasadoble,トライマイベスト,Mill Princess,Blakeney,The Dancer,Kalamoun,State Pension,Hornbeam,Priddy Fair,Northern Dancer,Lady Victoria,ガーサント,パロクサイド,Hail to Reason,Cosmah,Understanding,Mountain Flower,Nijinsky,シル,セントクレスピン,ミスアシヤガワ,Mr. Prospector,Secrettame,The Minstrel,Mofida,Northern Dancer,Fairy Bridge,Ela-Mana-Mou,Welsh Flame
202609010607,5,芝,2000,良,1勝クラス,レイデオロ,カンデラ,キングカメハメハ,ラドラーダ,ダイワメジャー,リアルナンバー,Kingmambo,マンファス,シンボリクリスエス,レディブロンド,サンデーサイレンス,スカーレットブーケ,Rainbow Corner,Numeraria,Mr. Prospector,Miesque,ラストタイクーン,Pilot Bird,Kris S.,Tee Kay,Seeking the Gold,ウインドインハーヘア,Halo,Wishing Well,ノーザンテースト,スカーレットインク,Rainbow Quest,Kingscote,サザンヘイロー,Numismatica,Raise a Native,Gold Digger,Nureyev,Pasadoble,トライマイベスト,Mill Princess,Blakeney,The Dancer,Roberto,Sharp Queen,Gold Meridian,Tri Argo,Mr. Prospector,Con Game,Alzao,Burghclere,Hail to Reason,Cosmah,Understanding,Mountain Flower,Northern Dancer,Lady Victoria,Crimson Satan,Consentida,Blushing Groom,I Will Follow,Kings Lake,Bold Fantasy,Halo,Northern Sea,Salt Marsh,Nut
202609010607,6,芝,2000,良,1勝クラス,ゴールドシップ,マイネグロリアーナ,ステイゴールド,ポイントフラッグ,Rock Hard Ten,Elizabeth Street,サンデーサイレンス,ゴールデンサッシュ,メジロマックイーン,パストラリズム,Kris S.,Tersa,Street Cry,Affirmed Ambience,Halo,Wishing Well,ディクタス,ダイナサッシュ,メジロティターン,メジロオーロラ,プルラリズム,トクノエイティー,Roberto,Sharp Queen,Mr. Prospector,Peacefully,Machiavellian,Helen Street,Affirmed,Chicken Little,Hail to Reason,Cosmah,Understanding,Mountain Flower,Sanctus,Doronic,ノーザンテースト,ロイヤルサッシュ,メジロアサマ,シエリル,リマンド,メジロアイリス,The Minstrel,Cambretta,トライバルチーフ,アイアンルビー,Hail to Reason,Bramalea,Princequillo,Bridgework,Raise a Native,Gold Digger,Jacinto,Morning Calm,Mr. Prospector,Coup de Folie,Troy,Waterway,Exclusive Native,Won't Tell You,Olympia,Dashing By
202609010607,7,芝,2000,良,1勝クラス,ゴールドシップ,サマーラグーン,ステイゴールド,ポイントフラッグ,ボストンハーバー,ベラミロード,サンデーサイレンス,ゴールデンサッシュ,メジロマックイーン,パストラリズム,Capote,Harbor Springs,アレミロード,ベラミスキー,Halo,Wishing Well,ディクタス,ダイナサッシュ,メジロティターン,メジロオーロラ,プルラリズム,トクノエイティー,Seattle Slew,Too Bald,Vice Regent,Tinnitus,Tom Rolfe,Why Me Lord,コリムスキー,ベラミスポート,Hail to Reason,Cosmah,Understanding,Mountain Flower,Sanctus,Doronic,ノーザンテースト,ロイヤルサッシュ,メジロアサマ,シエリル,リマンド,メジロアイリス,The Minstrel,Cambretta,トライバルチーフ,アイアンルビー,Bold Reasoning,My Charmer,Bald Eagle,Hidden Talent,Northern Dancer,Victoria Regina,Restless Wind,Dors,Ribot,Pocahontas,Bold Reasoning,Tomorrowland,Northern Dancer,Libro D Oro,パーソロン,エツヂオブイヴニング
202609010607,8,芝,2000,良,1勝クラス,サートゥルナーリア,ハーツフェルト,ロードカナロア,シーザリオ,ハーツクライ,マチカネタマカズラ,キングカメハメハ,レディブラッサム,スペシャルウィーク,キロフプリミエール,サンデーサイレンス,アイリッシュダンス,Kingmambo,Sweet and Ready,Kingmambo,マンファス,Storm Cat,サラトガデュー,サンデーサイレンス,キャンペンガール,Sadler's Wells,Querida,Halo,Wishing Well,トニービン,ビューパーダンス,Mr. Prospector,Miesque,El Prado,Sweet and Steady,Mr. Prospector,Miesque,ラストタイクーン,Pilot Bird,Storm Bird,Terlingua,Cormorant,Super Luna,Halo,Wishing Well,マルゼンスキー,レディーシラオキ,Northern Dancer,Fairy Bridge,Habitat,Principia,Hail to Reason,Cosmah,Understanding,Mountain Flower,カンパラ,Severn Bridge,Lyphard,My Bupers,Raise a Native,Gold Digger,Nureyev,Pasadoble,Sadler's Wells,Lady Capulet,Steady Growth,Please Try Hard
202609010607,9,芝,2000,良,1勝クラス,リアルスティール,リーベグランツ,ディープインパクト,ラヴズオンリーミー,ノヴェリスト,オネストリーダーリン,サンデーサイレンス,ウインドインハーヘア,Storm Cat,Monevassia,Monsun,Night Lagoon,Kingmambo,Reluctant Guest,Halo,Wishing Well,Alzao,Burghclere,Storm Bird,Terlingua,Mr. Prospector,Miesque,Konigsstuhl,Mosella,Lagunas,Nenuphar,Mr. Prospector,Miesque,Hostage,Vaguely Royal,Hail to Reason,Cosmah,Understanding,Mountain Flower,Lyphard,Lady Rebecca,Busted,Highclere,Northern Dancer,South Ocean,Secretariat,Crimson Saint,Raise a Native,Gold Digger,Nureyev,Pasadoble,Dschingis Khan,Konigskronung,Surumu,Monasia,イルドブルボン,Liranga,Night Shift,Narola,Raise a Native,Gold Digger,Nureyev,Pasadoble,Nijinsky,Entente,Vaguely Noble,Shoshanna
202609010608,1,ダート,1800,良,2勝クラス,モーリス,サトノアイリ,スクリーンヒーロー,メジロフランシス,ステイゴールド,サーキットレディ,グラスワンダー,ランニングヒロイン,カーネギー,メジロモントレー,サンデーサイレンス,ゴールデンサッシュ,Grand Slam,ラグナセカ,Silver Hawk,Ameriflora,サンデーサイレンス,ダイナアクトレス,Sadler's Wells,Detroit,モガミ,メジロクインシー,Halo,Wishing Well,ディクタス,ダイナサッシュ,Gone West,Bright Candles,Seattle Slew,Topicount,Roberto,Gris Vitesse,Danzig,Graceful Touch,Halo,Wishing Well,ノーザンテースト,モデルスポート,Northern Dancer,Fairy Bridge,Riverman,Derna,Lyphard,ノーラック,フィディオン,メジロボサツ,Hail to Reason,Cosmah,Understanding,Mountain Flower,Sanctus,Doronic,ノーザンテースト,ロイヤルサッシュ,Mr. Prospector,Secrettame,El Gran Senor,Christmas Bonus,Bold Reasoning,My Charmer,Private Account,Hot Topic
202609010608,2,ダート,1800,良,2勝クラス,パイロ,ミスアシング,Pulpit,Wild Vision,キングカメハメハ,エルノヴァ,A.P. Indy,Preach,Wild Again,Carol's Wonder,Kingmambo,マンファス,サンデーサイレンス,シンコウエルメス,Seattle Slew,Weekend Surprise,Mr. Prospector,Narrate,Icecapade,Bushel-n-Peck,Pass the Tab,Carols Christmas,Mr. Prospector,Miesque,ラストタイクーン,Pilot Bird,Halo,Wishing Well,Sadler's Wells,Doff the Derby,Bold Reasoning,My Charmer,Secretariat,Lassie Dear,Raise a Native,Gold Digger,Honest Pleasure,State,Nearctic,Shenanigans,Khaled,Dama,Al Hattab,Dantina,Whitesburg,Light Verse,Raise a Native,Gold Digger,Nureyev,Pasadoble,トライマイベスト,Mill Princess,Blakeney,The Dancer,Hail to Reason,Cosmah,Understanding,Mountain Flower,Northern Dancer,Fairy Bridge,Master Derby,Margarethen
202609010608,3,ダート,1800,良,2勝クラス,デクラレーションオブウォー,スウィングダンス,War Front,Tempo West,クロフネ,サンデーミッチー,Danzig,Starry Dreamer,Rahy,Tempo,フレンチデピュティ,ブルーアヴェニュー,サンデーサイレンス,プレザントソーサリス,Northern Dancer,Pas de Nom,Rubiano,Lara's Star,Blushing Groom,Glorious Song,Gone West,Terpsichorist,Deputy Minister,Mitterand,Classic Go Go,Eliza Blue,Halo,Wishing Well,Pleasant Colony,Witch Dance,Nearctic,Natalma,Admiral's Voyage,Petitioner,Fappiano,Ruby Slippers,Forli,True Reality,Red God,Runaway Bride,Halo,Ballade,Mr. Prospector,Secrettame,Nijinsky,Glad Rags,Vice Regent,Mint Copy,Hold Your Peace,Laredo Lass,Pago Pago,Classic Perfection,Icecapade,コレラ,Hail to Reason,Cosmah,Understanding,Mountain Flower,His Majesty,Sun Colony,Northern Dancer,Shama
202609010608,4,ダート,1800,良,2勝クラス,シニスターミニスター,カマクラ,Old Trieste,Sweet Minister,シンボリクリスエス,フロイラインローゼ,A.P. Indy,Lovlier Linda,The Prime Minister,Sweet Blue,Kris S.,Tee Kay,アドマイヤベガ,アルバローズ,Seattle Slew,Weekend Surprise,Vigors,Linda Summers,Deputy Minister,Stick to Beauty,Hurry Up Blue,Sugar Gold,Roberto,Sharp Queen,Gold Meridian,Tri Argo,サンデーサイレンス,ベガ,エリシオ,ロゼカラー,Bold Reasoning,My Charmer,Secretariat,Lassie Dear,Grey Dawn,Relifordie,Crozier,Queenly Gift,Vice Regent,Mint Copy,Illustrious,Hail to Beauty,Mr. Leader,Blue Baroness,Mr. Prospector,Miss Ironside,Hail to Reason,Bramalea,Princequillo,Bridgework,Seattle Slew,Queen Louie,Tri Jet,Hail Proudly,Halo,Wishing Well,トニービン,アンティックヴァリュー,Fairy King,Helice,Shirley Heights,ローザネイ
202609010608,5,ダート,1800,良,2勝クラス,リオンディーズ,アビイロード,キングカメハメハ,シーザリオ,ストリートセンス,ミンティエアー,Kingmambo,マンファス,スペシャルウィーク,キロフプリミエール,Street Cry,Bedazzle,アグネスタキオン,ヒットザスポット,Mr. Prospector,Miesque,ラストタイクーン,Pilot Bird,サンデーサイレンス,キャンペンガール,Sadler's Wells,Querida,Machiavellian,Helen Street,Dixieland Band,Majestic Legend,サンデーサイレンス,アグネスフローラ,Deputy Minister,Perfect Example,Raise a Native,Gold Digger,Nureyev,Pasadoble,トライマイベスト,Mill Princess,Blakeney,The Dancer,Halo,Wishing Well,マルゼンスキー,レディーシラオキ,Northern Dancer,Fairy Bridge,Habitat,Principia,Mr. Prospector,Coup de Folie,Troy,Waterway,Northern Dancer,Mississippi Mud,His Majesty,Long Legend,Halo,Wishing Well,ロイヤルスキー,アグネスレディー,Vice Regent,Mint Copy,Far North,Bold Example
202609010608,6,ダート,1800,良,2勝クラス,キングカメハメハ,オツウ,Kingmambo,マンファス,ハーツクライ,デライトポイント,Mr. Prospector,Miesque,ラストタイクーン,Pilot Bird,サンデーサイレンス,アイリッシュダンス,トウカイテイオー,マッチポイント,Raise a Native,Gold Digger,Nureyev,Pasadoble,トライマイベスト,Mill Princess,Blakeney,The Dancer,Halo,Wishing Well,トニービン,ビューパーダンス,シンボリルドルフ,トウカイナチュラル,リアルシャダイ,マックホープ,Native Dancer,Raise You,Nashua,Sequence,Northern Dancer,Special,Prove Out,Santa Quilla,Northern Dancer,Sex Appeal,Mill Reef,Irish Lass,Hethersett,Windmill Girl,Green Dancer,Khazaeen,Hail to Reason,Cosmah,Understanding,Mountain Flower,カンパラ,Severn Bridge,Lyphard,My Bupers,パーソロン,スイートルナ,ナイスダンサー,トウカイミドリ,Roberto,Desert Vixen,ノーザンテースト,ヨドセローナ
202609010608,7,ダート,1800,良,2勝クラス,ミュゼスルタン,ベルシエロ,キングカメハメハ,アスクデピュティ,ダイワメジャー,ディーバ,Kingmambo,マンファス,フレンチデピュティ,マルカコマチ,サンデーサイレンス,スカーレットブーケ,Crafty Prospector,ミスセクレト,Mr. Prospector,Miesque,ラストタイクーン,Pilot Bird,Deputy Minister,Mitterand,サンデーサイレンス,ナショナルフラッグ,Halo,Wishing Well,ノーザンテースト,スカーレットインク,Mr. Prospector,Real Crafty Lady,セクレト,My First Fling,Raise a Native,Gold Digger,Nureyev,Pasadoble,トライマイベスト,Mill Princess,Blakeney,The Dancer,Vice Regent,Mint Copy,Hold Your Peace,Laredo Lass,Halo,Wishing Well,ディクタス,ダイナワールド,Hail to Reason,Cosmah,Understanding,Mountain Flower,Northern Dancer,Lady Victoria,Crimson Satan,Consentida,Raise a Native,Gold Digger,In Reality,Princess Roycraft,Northern Dancer,Betty's Secret,Olden Times,Hello Theo
202609010608,8,ダート,1800,良,2勝クラス,マジェスティックウォリアー,メイショウコブシ,A.P. Indy,Dream Supreme,スペシャルウィーク,ステイトリースター,Seattle Slew,Weekend Surprise,Seeking the Gold,Spinning Round,サンデーサイレンス,キャンペンガール,Deputy Minister,Stylish Star,Bold Reasoning,My Charmer,Secretariat,Lassie Dear,Mr. Prospector,Con Game,Dixieland Band,Take Heart,Halo,Wishing Well,マルゼンスキー,レディーシラオキ,Vice Regent,Mint Copy,Our Native,Northern Style,Boldnesian,Reason to Earn,Poker,Fair Charmer,Bold Ruler,Somethingroyal,Buckpasser,Gay Missile,Raise a Native,Gold Digger,Buckpasser,Broadway,Northern Dancer,Mississippi Mud,Secretariat,Deck Stewardess,Hail to Reason,Cosmah,Understanding,Mountain Flower,Nijinsky,シル,セントクレスピン,ミスアシヤガワ,Northern Dancer,Victoria Regina,Bunty's Flight,Shakney,Exclusive Native,Our Jackie,Ack Ack,Northern Heiress
202609010608,9,ダート,1800,良,2勝クラス,ダンカーク,ハッピーエム,Unbridled's Song,Secret Status,プリサイスエンド,ナナヨーハッピー,Unbridled,Trolley Song,A.P. Indy,Private Status,エンドスウィープ,Precisely,マーベラスサンデー,ナナヨーウイング,Fappiano,Gana Facil,Caro,Lucky Spell,Seattle Slew,Weekend Surprise,Alydar,Miss Eva,フォーティナイナー,Broom Dance,Summing,Crisp 'n Clear,サンデーサイレンス,モミジダンサー,セレスティアルストーム,ナナヨーアトラス,Mr. Prospector,Killaloe,Le Fabuleux,Charedi,フォルティノ,Chambord,Lucky Mel,Incantation,Bold Reasoning,My Charmer,Secretariat,Lassie Dear,Raise a Native,Sweet Tooth,Con Brio,Apolinea,Mr. Prospector,File,Dance Spell,Witching Hour,Verbatim,Sumatra,Cold Reception,Ring O'Bells,Halo,Wishing Well,ヴァイスリーガル,モミジ,Roberto,Tobira Celeste,バンブーアトラス,ナナヨーモア
202609010609,1,芝,1800,良,1勝クラス,ポエティックフレア,パンデリング,Dawn Approach,Maria Lee,キングカメハメハ,フサイチパンドラ,New Approach,Hymn Of The Dawn,ロックオブジブラルタル,Elida,Kingmambo,マンファス,サンデーサイレンス,ロッタレース,Galileo,Park Express,Phone Trick,Colonial Debut,デインヒル,Offshore Boom,ロイヤルアカデミー,Saviour,Mr. Prospector,Miesque,ラストタイクーン,Pilot Bird,Halo,Wishing Well,Nureyev,Sex Appeal,Sadler's Wells,Urban Sea,Ahonoora,Matcher,Clever Trick,Over the Phone,Pleasant Colony,Kittihawk Miss,Danzig,Razyana,Be My Guest,Push a Button,Nijinsky,Crimson Saint,Majestic Light,Victorian Queen,Raise a Native,Gold Digger,Nureyev,Pasadoble,トライマイベスト,Mill Princess,Blakeney,The Dancer,Hail to Reason,Cosmah,Understanding,Mountain Flower,Northern Dancer,Special,Buckpasser,Best in Show
202609010609,2,芝,1800,良,1勝クラス,コントレイル,ガリレオズソング,ディープインパクト,ロードクロサイト,Galileo,Song to Remember,サンデーサイレンス,ウインドインハーヘア,Unbridled's Song,Folklore,Sadler's Wells,Urban Sea,Storm Cat,Wedding Reception,Halo,Wishing Well,Alzao,Burghclere,Unbridled,Trolley Song,Tiznow,Contrive,Northern Dancer,Fairy Bridge,Miswaki,Allegretta,Storm Bird,Terlingua,Round Table,Prodana Neviesta,Hail to Reason,Cosmah,Understanding,Mountain Flower,Lyphard,Lady Rebecca,Busted,Highclere,Fappiano,Gana Facil,Caro,Lucky Spell,Cee's Tizzy,Cee's Song,Storm Cat,Jeano,Nearctic,Natalma,Bold Reason,Special,Mr. Prospector,Hopespringseternal,Lombard,Anatevka,Northern Dancer,South Ocean,Secretariat,Crimson Saint,Princequillo,Knights Daughter,Reneged,Jolie Deja
202609010609,3,芝,1800,良,1勝クラス,サングレーザー,カレンシリエージョ,ディープインパクト,マンティスハント,ハービンジャー,ベルアリュール,サンデーサイレンス,ウインドインハーヘア,Deputy Minister,ウィッチフルシンキング,Dansili,Penang Pearl,Numerous,Mare Aux Fees,Halo,Wishing Well,Alzao,Burghclere,Vice Regent,Mint Copy,Lord Avie,Halloween Joy,デインヒル,Hasili,Bering,Guapa,Mr. Prospector,Number,Kenmare,Feerie Boreale,Hail to Reason,Cosmah,Understanding,Mountain Flower,Lyphard,Lady Rebecca,Busted,Highclere,Northern Dancer,Victoria Regina,Bunty's Flight,Shakney,Lord Gaylord,Avie,Exuberant,Halloween,Danzig,Razyana,Kahyasi,Kerali,Arctic Tern,Beaune,Shareef Dancer,Sauceboat,Raise a Native,Gold Digger,Nijinsky,Special,Kalamoun,Belle of Ireland,Irish River,Skelda
202609010609,4,芝,1800,良,1勝クラス,シスキン,エスプリドパリ,First Defence,Bird Flown,ハーツクライ,ファビラスラフイン,Unbridled's Song,Honest Lady,Oasis Dream,Silver Star,サンデーサイレンス,アイリッシュダンス,Fabulous Dancer,Mercalle,Unbridled,Trolley Song,Seattle Slew,Toussaud,Green Desert,Hope,Zafonic,Monroe,Halo,Wishing Well,トニービン,ビューパーダンス,Northern Dancer,Last of the Line,Kaldoun,Eole des Mers,Fappiano,Gana Facil,Caro,Lucky Spell,Bold Reasoning,My Charmer,El Gran Senor,Image of Reality,Danzig,Foreign Courier,ダンシングブレーヴ,Bahamian,Gone West,Zaizafon,Sir Ivor,Best in Show,Hail to Reason,Cosmah,Understanding,Mountain Flower,カンパラ,Severn Bridge,Lyphard,My Bupers,Nearctic,Natalma,The Axe,Bryonia,Caro,Katana,Carvin,Deesse des Mers
202609010609,5,芝,1800,良,1勝クラス,アルアイン,シードラゴン,ディープインパクト,ドバイマジェスティ,Siyouni,Diyakalanie,サンデーサイレンス,ウインドインハーヘア,Essence of Dubai,Great Majesty,Pivotal,Sichilla,Ashkalani,Diyawara,Halo,Wishing Well,Alzao,Burghclere,Pulpit,Epitome,Great Above,Mistic Majesty,Polar Falcon,Fearless Revival,デインヒル,Slipstream Queen,ソヴィエトスター,Ashtarka,Doyoun,Diya,Hail to Reason,Cosmah,Understanding,Mountain Flower,Lyphard,Lady Rebecca,Busted,Highclere,A.P. Indy,Preach,Summing,Honest and True,Minnesota Mac,Ta Wee,His Majesty,Necaras Miss,Nureyev,Marie d'Argonne,Cozzene,Stufida,Danzig,Razyana,Conquistador Cielo,Country Queen,Nureyev,Veruschka,Dalsaan,Asharaz,Mill Reef,Dumka,Top Ville,Demia
202609010609,6,芝,1800,良,1勝クラス,Munnings,Canny,Speightstown,La Comete,Big Brown,Sharp Instinct,Gone West,Silken Cat,Holy Bull,La Gueriere,Boundary,Mien,Awesome Again,Forty Paulina,Mr. Prospector,Secrettame,Storm Cat,Silken Doll,Great Above,Sharon Brown,Lord at War,Lady Winborne,Danzig,Edge,Nureyev,Miasma,Deputy Minister,Primal Force,Roar,Frau Paula,Raise a Native,Gold Digger,Secretariat,Tamerett,Storm Bird,Terlingua,Chieftain,Insilca,Minnesota Mac,Ta Wee,Al Hattab,Agathea's Dawn,General,Luna de Miel,Secretariat,Priceless Gem,Northern Dancer,Pas de Nom,Damascus,Ponte Vecchio,Northern Dancer,Special,Lear Fan,Syrian Circle,Vice Regent,Mint Copy,Blushing Groom,Prime Prospect,フォーティナイナー,Wild Applause,Frari,Participante
202609010610,1,芝,1600,良,3勝クラス,ファインニードル,ディープサウス,アドマイヤムーン,ニードルクラフト,ディープインパクト,ストレイトフロムテキサス,エンドスウィープ,マイケイティーズ,Mark of Esteem,Sharp Point,サンデーサイレンス,ウインドインハーヘア,Judge T C,Tellum Texan,フォーティナイナー,Broom Dance,サンデーサイレンス,ケイティーズファースト,Darshaan,Homage,ロイヤルアカデミー,Nice Point,Halo,Wishing Well,Alzao,Burghclere,Judge Smells,I'm Pretty,Eastern Echo,Drone Qui,Mr. Prospector,File,Dance Spell,Witching Hour,Halo,Wishing Well,Kris,Katies,Shirley Heights,Delsy,Ajdal,Home Love,Nijinsky,Crimson Saint,Sharpen Up,Alpine Niece,Hail to Reason,Cosmah,Understanding,Mountain Flower,Lyphard,Lady Rebecca,Busted,Highclere,In Reality,Timeforaturn,Secretariat,Quit Me Not,Damascus,Wild Applause,Drone,Qui Silent
202609010610,2,芝,1600,良,3勝クラス,ニューイヤーズデイ,グランデアモーレ,Street Cry,Justwhistledixie,ネオユニヴァース,ヒカルアモーレ,Machiavellian,Helen Street,Dixie Union,General Jeanne,サンデーサイレンス,ポインテッドパス,クロフネ,グレイトフィーヴァー,Mr. Prospector,Coup de Folie,Troy,Waterway,Dixieland Band,She's Tops,Honour and Glory,Ahpo Hel,Halo,Wishing Well,Kris,Silken Way,フレンチデピュティ,ブルーアヴェニュー,Kaldoun,My Great Hope,Raise a Native,Gold Digger,Halo,Raise the Standard,Petingo,La Milo,Riverman,Boulevard,Northern Dancer,Mississippi Mud,Capote,She's a Talent,Relaunch,Fair to All,Mr. Leader,Tiy,Hail to Reason,Cosmah,Understanding,Mountain Flower,Sharpen Up,Doubly Sure,Shantung,Boulevard,Deputy Minister,Mitterand,Classic Go Go,Eliza Blue,Caro,Katana,Simply Great,Martingale
202609010610,2,芝,1600,良,3勝クラス,ディープインパクト,スイープトウショウ,サンデーサイレンス,ウインドインハーヘア,エンドスウィープ,タバサトウショウ,Halo,Wishing Well,Alzao,Burghclere,フォーティナイナー,Broom Dance,ダンシングブレーヴ,サマンサトウショウ,Hail to Reason,Cosmah,Understanding,Mountain Flower,Lyphard,Lady Rebecca,Busted,Highclere,Mr. Prospector,File,Dance Spell,Witching Hour,Lyphard,Navajo Princess,トウショウボーイ,マーブルトウショウ,Turn-to,Nothirdchance,Cosmic Bomb,Almahmoud,Promised Land,Pretty Ways,Montparnasse,Edelweiss,Northern Dancer,Goofed,Sir Ivor,Pocahontas,Crepello,Sans le Sou,Queen's Hussar,Highlight,Raise a Native,Gold Digger,Tom Rolfe,Continue,Northern Dancer,Obeah,Thinking Cap,Enchanted Eve,Northern Dancer,Goofed,Drone,Olmec,テスコボーイ,ソシアルバターフライ,ダンディルート,チヤイナトウショウ
202609010610,4,芝,1600,良,3勝クラス,モーリス,アイリッシュシー,スクリーンヒーロー,メジロフランシス,Galileo,Fire Lily,グラスワンダー,ランニングヒロイン,カーネギー,メジロモントレー,Sadler's Wells,Urban Sea,Dansili,Beauty Is Truth,Silver Hawk,Ameriflora,サンデーサイレンス,ダイナアクトレス,Sadler's Wells,Detroit,モガミ,メジロクインシー,Northern Dancer,Fairy Bridge,Miswaki,Allegretta,デインヒル,Hasili,Pivotal,Zelding,Roberto,Gris Vitesse,Danzig,Graceful Touch,Halo,Wishing Well,ノーザンテースト,モデルスポート,Northern Dancer,Fairy Bridge,Riverman,Derna,Lyphard,ノーラック,フィディオン,メジロボサツ,Nearctic,Natalma,Bold Reason,Special,Mr. Prospector,Hopespringseternal,Lombard,Anatevka,Danzig,Razyana,Kahyasi,Kerali,Polar Falcon,Fearless Revival,ウォーニング,Zelda
202609010610,5,芝,1600,良,3勝クラス,レイデオロ,ゴールデンドックエー,キングカメハメハ,ラドラーダ,Unusual Heat,Penpont,Kingmambo,マンファス,シンボリクリスエス,レディブロンド,Nureyev,Rossard,Crested Wave,Imposing Star,Mr. Prospector,Miesque,ラストタイクーン,Pilot Bird,Kris S.,Tee Kay,Seeking the Gold,ウインドインハーヘア,Northern Dancer,Special,Glacial,Peas-Blossom,Crozier,Fading Wave,Imposing,Black Willow,Raise a Native,Gold Digger,Nureyev,Pasadoble,トライマイベスト,Mill Princess,Blakeney,The Dancer,Roberto,Sharp Queen,Gold Meridian,Tri Argo,Mr. Prospector,Con Game,Alzao,Burghclere,Nearctic,Natalma,Forli,Thong,Pardal,Glacis,Midsummer Night,Fan Light,My Babu,Miss Olympia,Quibu,Fading Sky,Todman,Hialeah,Sobig,Kathleigh
202609010610,6,芝,1600,良,3勝クラス,レイデオロ,ウォーターピオニー,キングカメハメハ,ラドラーダ,ヴィクトワールピサ,マチカネハヤテ,Kingmambo,マンファス,シンボリクリスエス,レディブロンド,ネオユニヴァース,ホワイトウォーターアフェア,サクラバクシンオー,ベルセゾン,Mr. Prospector,Miesque,ラストタイクーン,Pilot Bird,Kris S.,Tee Kay,Seeking the Gold,ウインドインハーヘア,サンデーサイレンス,ポインテッドパス,Machiavellian,Much Too Risky,サクラユタカオー,サクラハゴロモ,ベリファ,ヴアインゴールド,Raise a Native,Gold Digger,Nureyev,Pasadoble,トライマイベスト,Mill Princess,Blakeney,The Dancer,Roberto,Sharp Queen,Gold Meridian,Tri Argo,Mr. Prospector,Con Game,Alzao,Burghclere,Halo,Wishing Well,Kris,Silken Way,Mr. Prospector,Coup de Folie,Bustino,Short Rations,テスコボーイ,アンジェリカ,ノーザンテースト,クリアアンバー,Lyphard,Belga,Mr. Prospector,Chancy Dance
202609010610,7,芝,1600,良,3勝クラス,キズナ,ラルナデミエル,ディープインパクト,キャットクイル,Monsun,La Hermana,サンデーサイレンス,ウインドインハーヘア,Storm Cat,Pacific Princess,Konigsstuhl,Mosella,エルナンド,La Candela,Halo,Wishing Well,Alzao,Burghclere,Storm Bird,Terlingua,Damascus,Fiji,Dschingis Khan,Konigskronung,Surumu,Monasia,Niniski,Whakilyric,Alzao,La Colorada,Hail to Reason,Cosmah,Understanding,Mountain Flower,Lyphard,Lady Rebecca,Busted,Highclere,Northern Dancer,South Ocean,Secretariat,Crimson Saint,Sword Dancer,Kerala,Acropolis,Rififi,Tamerlane,Donna Diana,Tiepoletto,Kronung,Literat,Surama,Authi,Monacensia,Nijinsky,Virginia Hills,Miswaki,リリズム,Lyphard,Lady Rebecca,Surumu,La Dorada
202609010610,8,芝,1600,良,3勝クラス,ブリックスアンドモルタル,ハナレイムーン,Giant's Causeway,Beyond the Waves,ディープインパクト,ハウオリ,Storm Cat,Mariah's Storm,Ocean Crest,Excedent,サンデーサイレンス,ウインドインハーヘア,キングカメハメハ,ノースフライト,Storm Bird,Terlingua,Rahy,イメンス,Storm Bird,S.S.Aroma,Exceller,Broadway Lullaby,Halo,Wishing Well,Alzao,Burghclere,Kingmambo,マンファス,トニービン,シヤダイフライト,Northern Dancer,South Ocean,Secretariat,Crimson Saint,Blushing Groom,Glorious Song,Roberto,Imsodear,Northern Dancer,South Ocean,Seattle Slew,Rare Bouquet,Vaguely Noble,Too Bald,Stage Door Johnny,リットルブレツシング,Hail to Reason,Cosmah,Understanding,Mountain Flower,Lyphard,Lady Rebecca,Busted,Highclere,Mr. Prospector,Miesque,ラストタイクーン,Pilot Bird,カンパラ,Severn Bridge,ヒッティングアウェー,フォーワードフライト
202609010610,9,芝,1600,良,3勝クラス,サトノアラジン,ラストメッセージ,ディープインパクト,マジックストーム,ジャングルポケット,フェニックスバード,サンデーサイレンス,ウインドインハーヘア,Storm Cat,Foppy Dancer,トニービン,ダンスチャーマー,Kingmambo,トロフィーポイント,Halo,Wishing Well,Alzao,Burghclere,Storm Bird,Terlingua,Fappiano,Water Dance,カンパラ,Severn Bridge,Nureyev,Skillful Joy,Mr. Prospector,Miesque,オジジアン,Tricky Game,Hail to Reason,Cosmah,Understanding,Mountain Flower,Lyphard,Lady Rebecca,Busted,Highclere,Northern Dancer,South Ocean,Secretariat,Crimson Saint,Mr. Prospector,Killaloe,Nijinsky,Luiana,Kalamoun,State Pension,Hornbeam,Priddy Fair,Northern Dancer,Special,Nodouble,Skillful Miss,Raise a Native,Gold Digger,Nureyev,Pasadoble,Damascus,Gonfalon,Majestic Light,Con Game
202609010610,10,芝,1600,良,3勝クラス,ロードカナロア,スマートレイアー,キングカメハメハ,レディブラッサム,ディープインパクト,スノースタイル,Kingmambo,マンファス,Storm Cat,サラトガデュー,サンデーサイレンス,ウインドインハーヘア,ホワイトマズル,シャルムダンサー,Mr. Prospector,Miesque,ラストタイクーン,Pilot Bird,Storm Bird,Terlingua,Cormorant,Super Luna,Halo,Wishing Well,Alzao,Burghclere,ダンシングブレーヴ,Fair of the Furze,グルームダンサー,ダムスペクタキュラー,Raise a Native,Gold Digger,Nureyev,Pasadoble,トライマイベスト,Mill Princess,Blakeney,The Dancer,Northern Dancer,South Ocean,Secretariat,Crimson Saint,His Majesty,Song Sparrow,In Reality,Alada,Hail to Reason,Cosmah,Understanding,Mountain Flower,Lyphard,Lady Rebecca,Busted,Highclere,Lyphard,Navajo Princess,Ela-Mana-Mou,Autocratic,Blushing Groom,Featherhill,Spectacular Bid,Damascening
202609010610,11,芝,1600,良,3勝クラス,Frankel,ミッドサマーフェア,Galileo,Kind,タニノギムレット,ストロベリーフェア,Sadler's Wells,Urban Sea,デインヒル,Rainbow Lake,ブライアンズタイム,タニノクリスタル,Kingmambo,ストームソング,Northern Dancer,Fairy Bridge,Miswaki,Allegretta,Danzig,Razyana,Rainbow Quest,Rockfest,Roberto,Kelley's Day,クリスタルパレス,タニノシーバード,Mr. Prospector,Miesque,Summer Squall,Hum Along,Nearctic,Natalma,Bold Reason,Special,Mr. Prospector,Hopespringseternal,Lombard,Anatevka,Northern Dancer,Pas de Nom,His Majesty,Spring Adieu,Blushing Groom,I Will Follow,Stage Door Johnny,Rock Garden,Hail to Reason,Bramalea,Graustark,Golden Trail,Caro,Hermieres,Sea-Bird,Flaxen,Raise a Native,Gold Digger,Nureyev,Pasadoble,Storm Bird,Weekend Surprise,Fappiano,Minstress
202609010610,12,芝,1600,良,3勝クラス,ビッグアーサー,ルプス,サクラバクシンオー,シヤボナ,キングズベスト,ルージュバンブー,サクラユタカオー,サクラハゴロモ,Kingmambo,Relish,Kingmambo,Allegretta,マリエンバード,トロピカルナイト,テスコボーイ,アンジェリカ,ノーザンテースト,クリアアンバー,Mr. Prospector,Miesque,Sadler's Wells,Reloy,Mr. Prospector,Miesque,Lombard,Anatevka,Caerleon,マリエンバド,サンデーサイレンス,ウインドフレスカ,Princely Gift,Suncourt,ネヴァービート,スターハイネス,Northern Dancer,Lady Victoria,Ambiopoise,One Clear Call,Raise a Native,Gold Digger,Nureyev,Pasadoble,Northern Dancer,Fairy Bridge,Liloy,Rescousse,Raise a Native,Gold Digger,Nureyev,Pasadoble,Agio,Promised Lady,Espresso,Almyra,Nijinsky,Foreseer,Darshaan,Marie de Fontenoy,Halo,Wishing Well,Kris S.,Donut Hole
202609010610,13,芝,1600,良,3勝クラス,キズナ,チェロキーメイドン,ディープインパクト,キャットクイル,Distorted Humor,Folklore,サンデーサイレンス,ウインドインハーヘア,Storm Cat,Pacific Princess,フォーティナイナー,Danzig's Beauty,Tiznow,Contrive,Halo,Wishing Well,Alzao,Burghclere,Storm Bird,Terlingua,Damascus,Fiji,Mr. Prospector,File,Danzig,Sweetest Chant,Cee's Tizzy,Cee's Song,Storm Cat,Jeano,Hail to Reason,Cosmah,Understanding,Mountain Flower,Lyphard,Lady Rebecca,Busted,Highclere,Northern Dancer,South Ocean,Secretariat,Crimson Saint,Sword Dancer,Kerala,Acropolis,Rififi,Raise a Native,Gold Digger,Tom Rolfe,Continue,Northern Dancer,Pas de Nom,Mr. Leader,Gay Sonnet,Relaunch,テイズリー,Seattle Song,Lonely Dancer,Storm Bird,Terlingua,Fappiano,バジー
202609010610,14,芝,1600,良,3勝クラス,エピファネイア,ミッキーチャーム,シンボリクリスエス,シーザリオ,ディープインパクト,リップルスメイド,Kris S.,Tee Kay,スペシャルウィーク,キロフプリミエール,サンデーサイレンス,ウインドインハーヘア,Dansili,Rivers Rhapsody,Roberto,Sharp Queen,Gold Meridian,Tri Argo,サンデーサイレンス,キャンペンガール,Sadler's Wells,Querida,Halo,Wishing Well,Alzao,Burghclere,デインヒル,Hasili,Dominion,Trwyn Cilan,Hail to Reason,Bramalea,Princequillo,Bridgework,Seattle Slew,Queen Louie,Tri Jet,Hail Proudly,Halo,Wishing Well,マルゼンスキー,レディーシラオキ,Northern Dancer,Fairy Bridge,Habitat,Principia,Hail to Reason,Cosmah,Understanding,Mountain Flower,Lyphard,Lady Rebecca,Busted,Highclere,Danzig,Razyana,Kahyasi,Kerali,Derring-Do,Picture Palace,Import,Welsh Cape
202609010611,1,芝,1800,良,オープン,スクリーンヒーロー,トーコーディオーネ,グラスワンダー,ランニングヒロイン,エンパイアメーカー,タイキメビウス,Silver Hawk,Ameriflora,サンデーサイレンス,ダイナアクトレス,Unbridled,Toussaud,ダンスオブライフ,タイキミステリー,Roberto,Gris Vitesse,Danzig,Graceful Touch,Halo,Wishing Well,ノーザンテースト,モデルスポート,Fappiano,Gana Facil,El Gran Senor,Image of Reality,Nijinsky,Spring Is Here,Green Forest,Certain Secret,Hail to Reason,Bramalea,Amerigo,Matchiche,Northern Dancer,Pas de Nom,His Majesty,Pi Phi Gal,Hail to Reason,Cosmah,Understanding,Mountain Flower,Northern Dancer,Lady Victoria,モデルフール,マジックゴデイス,Mr. Prospector,Killaloe,Le Fabuleux,Charedi,Northern Dancer,Sex Appeal,In Reality,Edee's Image,Northern Dancer,Flaming Page,In Reality,First Feather,Shecky Greene,Tell Meno Lies,Known Fact,フリーズザシークレット
202609010611,2,芝,1800,良,オープン,スワーヴリチャード,ヒシサブリナ,ハーツクライ,ピラミマ,Bernardini,ヒシカツバラード,サンデーサイレンス,アイリッシュダンス,Unbridled's Song,キャリアコレクション,A.P. Indy,Cara Rafaela,Saint Ballado,Twice the Vice,Halo,Wishing Well,トニービン,ビューパーダンス,Unbridled,Trolley Song,General Meeting,River of Stars,Seattle Slew,Weekend Surprise,Quiet American,Oil Fable,Halo,Ballade,Vice Regent,Double Set,Hail to Reason,Cosmah,Understanding,Mountain Flower,カンパラ,Severn Bridge,Lyphard,My Bupers,Fappiano,Gana Facil,Caro,Lucky Spell,Seattle Slew,Alydar's Promise,Riverman,Star Fortune,Bold Reasoning,My Charmer,Secretariat,Lassie Dear,Fappiano,Demure,Spectacular Bid,Northern Fable,Hail to Reason,Cosmah,Herbager,Miss Swapsco,Northern Dancer,Victoria Regina,Resurgent,Doublene
202609010611,3,芝,1800,良,オープン,ハービンジャー,ディアデラノビア,Dansili,Penang Pearl,サンデーサイレンス,ポトリザリス,デインヒル,Hasili,Bering,Guapa,Halo,Wishing Well,Potrillazo,Chaldee,Danzig,Razyana,Kahyasi,Kerali,Arctic Tern,Beaune,Shareef Dancer,Sauceboat,Hail to Reason,Cosmah,Understanding,Mountain Flower,Ahmad,Azalee,Banner Sport,Gevar,Northern Dancer,Pas de Nom,His Majesty,Spring Adieu,イルドブルボン,Kadissya,High Line,Sookera,Sea-Bird,Bubbling Beauty,Lyphard,Barbra,Northern Dancer,Sweet Alliance,Connaught,Cranberry Sauce,Turn-to,Nothirdchance,Cosmic Bomb,Almahmoud,Promised Land,Pretty Ways,Montparnasse,Edelweiss,Good Manners,Azyade,Tropical Sun,Akinos,Raise a Native,La Dauphine,Right of Way,Zaris
202609010611,4,芝,1800,良,オープン,ディープインパクト,ヤマニンパピオネ,サンデーサイレンス,ウインドインハーヘア,スウェプトオーヴァーボード,ヤマニンメルティ,Halo,Wishing Well,Alzao,Burghclere,エンドスウィープ,Sheer Ice,ジェイドロバリー,ワンオブアクライン,Hail to Reason,Cosmah,Understanding,Mountain Flower,Lyphard,Lady Rebecca,Busted,Highclere,フォーティナイナー,Broom Dance,Cutlass,Hey Dolly A.,Mr. Prospector,Number,Danzig,Barely Even,Turn-to,Nothirdchance,Cosmic Bomb,Almahmoud,Promised Land,Pretty Ways,Montparnasse,Edelweiss,Northern Dancer,Goofed,Sir Ivor,Pocahontas,Crepello,Sans le Sou,Queen's Hussar,Highlight,Mr. Prospector,File,Dance Spell,Witching Hour,Damascus,Aphonia,Ambehaving,Swift Deal,Raise a Native,Gold Digger,Nijinsky,Special,Northern Dancer,Pas de Nom,Creme dela Creme,Dodge Me
202609010611,5,芝,1800,良,オープン,キズナ,デルフィニア,ディープインパクト,キャットクイル,Galileo,Again,サンデーサイレンス,ウインドインハーヘア,Storm Cat,Pacific Princess,Sadler's Wells,Urban Sea,Danehill Dancer,Cumbres,Halo,Wishing Well,Alzao,Burghclere,Storm Bird,Terlingua,Damascus,Fiji,Northern Dancer,Fairy Bridge,Miswaki,Allegretta,デインヒル,Mira Adonde,Kahyasi,Floripedes,Hail to Reason,Cosmah,Understanding,Mountain Flower,Lyphard,Lady Rebecca,Busted,Highclere,Northern Dancer,South Ocean,Secretariat,Crimson Saint,Sword Dancer,Kerala,Acropolis,Rififi,Nearctic,Natalma,Bold Reason,Special,Mr. Prospector,Hopespringseternal,Lombard,Anatevka,Danzig,Razyana,Sharpen Up,Lettre d'Amour,イルドブルボン,Kadissya,Top Ville,Toute Cy
202609010611,6,芝,1800,良,オープン,ロゴタイプ,レイトブルーマー,ローエングリン,ステレオタイプ,ジャングルポケット,ブルーミングスノー,シングスピール,カーリング,サンデーサイレンス,スターバレリーナ,トニービン,ダンスチャーマー,サンデーサイレンス,タヤスブルーム,In the Wings,Glorious Song,Garde Royale,Corraleja,Halo,Wishing Well,Risen Star,ベリアーニ,カンパラ,Severn Bridge,Nureyev,Skillful Joy,Halo,Wishing Well,Caerleon,ゲイロレンヌ,Sadler's Wells,High Hawk,Halo,Ballade,Mill Reef,Royal Way,Carvin,Darling Dale,Hail to Reason,Cosmah,Understanding,Mountain Flower,Secretariat,Ribbon,Nureyev,Eleven Pleasures,Kalamoun,State Pension,Hornbeam,Priddy Fair,Northern Dancer,Special,Nodouble,Skillful Miss,Hail to Reason,Cosmah,Understanding,Mountain Flower,Nijinsky,Foreseer,Fabulous Dancer,Gay Spring
202609010611,7,芝,1800,良,オープン,ディープインパクト,カンビーナ,サンデーサイレンス,ウインドインハーヘア,Hawk Wing,Await,Halo,Wishing Well,Alzao,Burghclere,Woodman,La Lorgnette,パントレセレブル,Starring Role,Hail to Reason,Cosmah,Understanding,Mountain Flower,Lyphard,Lady Rebecca,Busted,Highclere,Mr. Prospector,プレイメイト,Val de l'Orne,The Temptress,Nureyev,Peinture Bleue,Glenstal,Tough Lady,Turn-to,Nothirdchance,Cosmic Bomb,Almahmoud,Promised Land,Pretty Ways,Montparnasse,Edelweiss,Northern Dancer,Goofed,Sir Ivor,Pocahontas,Crepello,Sans le Sou,Queen's Hussar,Highlight,Raise a Native,Gold Digger,Buckpasser,Intriguing,Val de Loir,Aglae,Nijinsky,La Sevillana,Northern Dancer,Special,Alydar,Petroleuse,Northern Dancer,Cloonlara,Bay Express,Nevetta
202609010611,8,芝,1800,良,オープン,リアルスティール,ナムラアン,ディープインパクト,ラヴズオンリーミー,エンパイアメーカー,アイリッシュピース,サンデーサイレンス,ウインドインハーヘア,Storm Cat,Monevassia,Unbridled,Toussaud,サンデーサイレンス,アイリッシュダンス,Halo,Wishing Well,Alzao,Burghclere,Storm Bird,Terlingua,Mr. Prospector,Miesque,Fappiano,Gana Facil,El Gran Senor,Image of Reality,Halo,Wishing Well,トニービン,ビューパーダンス,Hail to Reason,Cosmah,Understanding,Mountain Flower,Lyphard,Lady Rebecca,Busted,Highclere,Northern Dancer,South Ocean,Secretariat,Crimson Saint,Raise a Native,Gold Digger,Nureyev,Pasadoble,Mr. Prospector,Killaloe,Le Fabuleux,Charedi,Northern Dancer,Sex Appeal,In Reality,Edee's Image,Hail to Reason,Cosmah,Understanding,Mountain Flower,カンパラ,Severn Bridge,Lyphard,My Bupers
202609010611,9,芝,1800,良,オープン,キタサンブラック,ゴールドエッセンス,ブラックタイド,シュガーハート,キングカメハメハ,ドバイマジェスティ,サンデーサイレンス,ウインドインハーヘア,サクラバクシンオー,オトメゴコロ,Kingmambo,マンファス,Essence of Dubai,Great Majesty,Halo,Wishing Well,Alzao,Burghclere,サクラユタカオー,サクラハゴロモ,ジャッジアンジェルーチ,テイズリー,Mr. Prospector,Miesque,ラストタイクーン,Pilot Bird,Pulpit,Epitome,Great Above,Mistic Majesty,Hail to Reason,Cosmah,Understanding,Mountain Flower,Lyphard,Lady Rebecca,Busted,Highclere,テスコボーイ,アンジェリカ,ノーザンテースト,クリアアンバー,Honest Pleasure,Victorian Queen,Lyphard,Tizna,Raise a Native,Gold Digger,Nureyev,Pasadoble,トライマイベスト,Mill Princess,Blakeney,The Dancer,A.P. Indy,Preach,Summing,Honest and True,Minnesota Mac,Ta Wee,His Majesty,Necaras Miss
202609010611,10,芝,1800,良,オープン,シスキン,シャンドランジュ,First Defence,Bird Flown,マンハッタンカフェ,ハルーワソング,Unbridled's Song,Honest Lady,Oasis Dream,Silver Star,サンデーサイレンス,サトルチェンジ,Nureyev,Morn of Song,Unbridled,Trolley Song,Seattle Slew,Toussaud,Green Desert,Hope,Zafonic,Monroe,Halo,Wishing Well,Law Society,Santa Luciana,Northern Dancer,Special,Blushing Groom,Glorious Song,Fappiano,Gana Facil,Caro,Lucky Spell,Bold Reasoning,My Charmer,El Gran Senor,Image of Reality,Danzig,Foreign Courier,ダンシングブレーヴ,Bahamian,Gone West,Zaizafon,Sir Ivor,Best in Show,Hail to Reason,Cosmah,Understanding,Mountain Flower,Alleged,Bold Bikini,Luciano,Suleika,Nearctic,Natalma,Forli,Thong,Red God,Runaway Bride,Halo,Ballade
202609010611,11,芝,1800,良,オープン,ディープインパクト,キトゥンズクイーン,サンデーサイレンス,ウインドインハーヘア,Kitten's Joy,High Chant,Halo,Wishing Well,Alzao,Burghclere,El Prado,Kitten's First,War Chant,Highfalutin,Hail to Reason,Cosmah,Understanding,Mountain Flower,Lyphard,Lady Rebecca,Busted,Highclere,Sadler's Wells,Lady Capulet,Lear Fan,That's My Hon,Danzig,Hollywood Wildcat,Silver Deputy,Constant Change,Turn-to,Nothirdchance,Cosmic Bomb,Almahmoud,Promised Land,Pretty Ways,Montparnasse,Edelweiss,Northern Dancer,Goofed,Sir Ivor,Pocahontas,Crepello,Sans le Sou,Queen's Hussar,Highlight,Northern Dancer,Fairy Bridge,Sir Ivor,Cap and Bells,Roberto,Wac,L'Enjoleur,One Lane,Northern Dancer,Pas de Nom,Kris S.,Miss Wildcatter,Deputy Minister,Silver Valley,High Echelon,Never Scheme
202609010611,12,芝,1800,良,オープン,ザファクター,レッドメアラス,War Front,Greyciousness,ステイゴールド,セイランクイーン,Danzig,Starry Dreamer,Miswaki,Skatingonthinice,サンデーサイレンス,ゴールデンサッシュ,メジロマックイーン,ケイシュウミリオン,Northern Dancer,Pas de Nom,Rubiano,Lara's Star,Mr. Prospector,Hopespringseternal,Icecapade,Rain Shower,Halo,Wishing Well,ディクタス,ダイナサッシュ,メジロティターン,メジロオーロラ,マグニテュード,マーサリンドン,Nearctic,Natalma,Admiral's Voyage,Petitioner,Fappiano,Ruby Slippers,Forli,True Reality,Raise a Native,Gold Digger,Buckpasser,Rose Bower,Nearctic,Shenanigans,Bold Forbes,Right as Rain,Hail to Reason,Cosmah,Understanding,Mountain Flower,Sanctus,Doronic,ノーザンテースト,ロイヤルサッシュ,メジロアサマ,シエリル,リマンド,メジロアイリス,Mill Reef,Altesse Royale,リマンド,セイランホーク
202609010611,中,芝,1800,良,オープン,キタサンブラック,ニホンピロアンバー,ブラックタイド,シュガーハート,スウェプトオーヴァーボード,ニホンピロエミリー,サンデーサイレンス,ウインドインハーヘア,サクラバクシンオー,オトメゴコロ,エンドスウィープ,Sheer Ice,デヒア,ニホンピロポリーナ,Halo,Wishing Well,Alzao,Burghclere,サクラユタカオー,サクラハゴロモ,ジャッジアンジェルーチ,テイズリー,フォーティナイナー,Broom Dance,Cutlass,Hey Dolly A.,Deputy Minister,Sister Dot,ニホンピロウイナー,ニホンピロクリア,Hail to Reason,Cosmah,Understanding,Mountain Flower,Lyphard,Lady Rebecca,Busted,Highclere,テスコボーイ,アンジェリカ,ノーザンテースト,クリアアンバー,Honest Pleasure,Victorian Queen,Lyphard,Tizna,Mr. Prospector,File,Dance Spell,Witching Hour,Damascus,Aphonia,Ambehaving,Swift Deal,Vice Regent,Mint Copy,Secretariat,Sword Game,スティールハート,ニホンピロエバート,ブレイヴェストローマン,ニホンピロアスター
202609010612,1,ダート,1400,良,2勝クラス,リアルスティール,ハニードント,ディープインパクト,ラヴズオンリーミー,クロフネ,マッキーロイヤル,サンデーサイレンス,ウインドインハーヘア,Storm Cat,Monevassia,フレンチデピュティ,ブルーアヴェニュー,フジキセキ,クリアーチャンス,Halo,Wishing Well,Alzao,Burghclere,Storm Bird,Terlingua,Mr. Prospector,Miesque,Deputy Minister,Mitterand,Classic Go Go,Eliza Blue,サンデーサイレンス,ミルレーサー,ディクタス,ノーザンクリアー,Hail to Reason,Cosmah,Understanding,Mountain Flower,Lyphard,Lady Rebecca,Busted,Highclere,Northern Dancer,South Ocean,Secretariat,Crimson Saint,Raise a Native,Gold Digger,Nureyev,Pasadoble,Vice Regent,Mint Copy,Hold Your Peace,Laredo Lass,Pago Pago,Classic Perfection,Icecapade,コレラ,Halo,Wishing Well,Le Fabuleux,Marston's Mill,Sanctus,Doronic,ノーザンテースト,シヤダイクリアー
202609010612,2,ダート,1400,良,2勝クラス,Tom's d'Etat,Figure,Smart Strike,Julia Tuttle,Overanalyze,Armathwaite,Mr. Prospector,Classy 'n Smart,Giant's Causeway,Candy Cane,Dixie Union,Unacloud,Sky Classic,Foolish Beauty,Raise a Native,Gold Digger,Smarten,No Class,Storm Cat,Mariah's Storm,Ride the Rails,Candy Girl,Dixieland Band,She's Tops,Unaccounted For,Cloud's Ambre,Nijinsky,No Class,Foolish Pleasure,Secret Beauty,Native Dancer,Raise You,Nashua,Sequence,Cyane,Smartaire,Nodouble,Classy Quillo,Storm Bird,Terlingua,Rahy,イメンス,Cryptoclearance,Herbalesian,Candy Stripes,City Girl,Northern Dancer,Mississippi Mud,Capote,She's a Talent,Private Account,Mrs. Jenney,Two Punch,Arctic Cloud,Northern Dancer,Flaming Page,Nodouble,Classy Quillo,What a Pleasure,Fool-Me-Not,Raise a Native,Dandy Blitzen
202609010612,3,ダート,1400,良,2勝クラス,モズアスコット,カッチャウカモネ,Frankel,India,タートルボウル,ダンスフェイム,Galileo,Kind,ヘネシー,Misty Hour,Dyhim Diamond,Clara Bow,ファルブラヴ,ダンスオールナイト,Sadler's Wells,Urban Sea,デインヒル,Rainbow Lake,Storm Cat,Island Kitty,Miswaki,Our Tina Marie,Night Shift,Happy Landing,Top Ville,Kamiya,Fairy King,Gift of the Night,エルコンドルパサー,ダンスパートナー,Northern Dancer,Fairy Bridge,Miswaki,Allegretta,Danzig,Razyana,Rainbow Quest,Rockfest,Storm Bird,Terlingua,Hawaii,T. C. Kitten,Mr. Prospector,Hopespringseternal,Nijinsky,Java Moon,Northern Dancer,Ciboulette,Homing,Laughing Goddess,High Top,Sega Ville,Kalamoun,Shahinaaz,Northern Dancer,Fairy Bridge,Slewpy,Little Nana,Kingmambo,サドラーズギャル,サンデーサイレンス,ダンシングキイ
202609010612,4,ダート,1400,良,2勝クラス,モーリス,ブチコ,スクリーンヒーロー,メジロフランシス,キングカメハメハ,シラユキヒメ,グラスワンダー,ランニングヒロイン,カーネギー,メジロモントレー,Kingmambo,マンファス,サンデーサイレンス,ウェイブウインド,Silver Hawk,Ameriflora,サンデーサイレンス,ダイナアクトレス,Sadler's Wells,Detroit,モガミ,メジロクインシー,Mr. Prospector,Miesque,ラストタイクーン,Pilot Bird,Halo,Wishing Well,Topsider,Storm and Sunshine,Roberto,Gris Vitesse,Danzig,Graceful Touch,Halo,Wishing Well,ノーザンテースト,モデルスポート,Northern Dancer,Fairy Bridge,Riverman,Derna,Lyphard,ノーラック,フィディオン,メジロボサツ,Raise a Native,Gold Digger,Nureyev,Pasadoble,トライマイベスト,Mill Princess,Blakeney,The Dancer,Hail to Reason,Cosmah,Understanding,Mountain Flower,Northern Dancer,Drumtop,Star de Naskra,Sea Drone
202609010612,5,ダート,1400,良,2勝クラス,ロージズインメイ,ナムラカグヤヒメ,Devil His Due,Tell a Secret,エンパイアメーカー,ナムラウタヒメ,Devil's Bag,Plenty O'Toole,Speak John,Secret Retreat,Unbridled,Toussaud,フォーティナイナー,サンピエトラ,Halo,Ballade,Raise a Cup,Li'l Puss,Prince John,Nuit de Folies,Clandestine,Retirement,Fappiano,Gana Facil,El Gran Senor,Image of Reality,Mr. Prospector,File,Caerleon,La Koumia,Hail to Reason,Cosmah,Herbager,Miss Swapsco,Raise a Native,Spring Sunshine,Noble Jay,Li'l Sis,Princequillo,Not Afraid,Tornado,Folle Nuit,Double Jay,Conniver,Royal Gem,Marie J.,Mr. Prospector,Killaloe,Le Fabuleux,Charedi,Northern Dancer,Sex Appeal,In Reality,Edee's Image,Raise a Native,Gold Digger,Tom Rolfe,Continue,Nijinsky,Foreseer,Kaldoun,Sainte Colere
202609010612,6,ダート,1400,良,2勝クラス,ドゥラメンテ,ジェイウォーク,キングカメハメハ,アドマイヤグルーヴ,Cross Traffic,Lady Pewitt,Kingmambo,マンファス,サンデーサイレンス,エアグルーヴ,Unbridled's Song,Stop Traffic,Orientate,Spin Room,Mr. Prospector,Miesque,ラストタイクーン,Pilot Bird,Halo,Wishing Well,トニービン,ダイナカール,Unbridled,Trolley Song,Cure the Blues,Save My Soul,Mt. Livermore,Dream Team,スピニングワールド,La Paz,Raise a Native,Gold Digger,Nureyev,Pasadoble,トライマイベスト,Mill Princess,Blakeney,The Dancer,Hail to Reason,Cosmah,Understanding,Mountain Flower,カンパラ,Severn Bridge,ノーザンテースト,シャダイフェザー,Fappiano,Gana Facil,Caro,Lucky Spell,Stop the Music,Quick Cure,I'ma Hell Raiser,Somethingexciting,Blushing Groom,Flama Ardiente,Cox's Ridge,Likely Double,Nureyev,Imperfect Circle,Hold Your Peace,Classy Craft
202609010612,7,ダート,1400,良,2勝クラス,エイシンヒカリ,スナークスズラン,ディープインパクト,キャタリナ,ダンシングブレーヴ,フリートレガッタ,サンデーサイレンス,ウインドインハーヘア,Storm Cat,Carolina Saga,Lyphard,Navajo Princess,リアルシャダイ,ダイナフリート,Halo,Wishing Well,Alzao,Burghclere,Storm Bird,Terlingua,Caro,Key to the Saga,Northern Dancer,Goofed,Drone,Olmec,Roberto,Desert Vixen,エルセンタウロ,ロイヤルレジナ,Hail to Reason,Cosmah,Understanding,Mountain Flower,Lyphard,Lady Rebecca,Busted,Highclere,Northern Dancer,South Ocean,Secretariat,Crimson Saint,フォルティノ,Chambord,Key to the Mint,Sea Saga,Nearctic,Natalma,Court Martial,Barra,Sir Gaylord,Cap and Bells,Pago Pago,Chocolate Beau,Hail to Reason,Bramalea,In Reality,Desert Trial,Sideral,Planetaria,Fleet Nasrullah,Fine Catch
202609010612,8,ダート,1400,良,2勝クラス,コパノリッキー,ヴォルトファース,ゴールドアリュール,コパノニキータ,リアルインパクト,アルマク,サンデーサイレンス,ニキーヤ,ティンバーカントリー,ニホンピロローズ,ディープインパクト,トキオリアリティー,シニスターミニスター,ファニーモーク,Halo,Wishing Well,Nureyev,Reluctant Guest,Woodman,Fall Aspen,トニービン,ウェディングブーケ,サンデーサイレンス,ウインドインハーヘア,Meadowlake,What a Reality,Old Trieste,Sweet Minister,Distorted Humor,Linda Vi,Hail to Reason,Cosmah,Understanding,Mountain Flower,Northern Dancer,Special,Hostage,Vaguely Royal,Mr. Prospector,プレイメイト,Pretense,Change Water,カンパラ,Severn Bridge,リアルシャダイ,アリーウイン,Halo,Wishing Well,Alzao,Burghclere,Hold Your Peace,Suspicious Native,In Reality,What Will Be,A.P. Indy,Lovlier Linda,The Prime Minister,Sweet Blue,フォーティナイナー,Danzig's Beauty,Vigors,Linda Summers
202609010612,9,ダート,1400,良,2勝クラス,モズアスコット,シンボリバーグ,Frankel,India,ダイワメジャー,スポークンファー,Galileo,Kind,ヘネシー,Misty Hour,サンデーサイレンス,スカーレットブーケ,Notebook,Siberian Fur,Sadler's Wells,Urban Sea,デインヒル,Rainbow Lake,Storm Cat,Island Kitty,Miswaki,Our Tina Marie,Halo,Wishing Well,ノーザンテースト,スカーレットインク,Well Decorated,Mobcap,Siberian Express,Siksika,Northern Dancer,Fairy Bridge,Miswaki,Allegretta,Danzig,Razyana,Rainbow Quest,Rockfest,Storm Bird,Terlingua,Hawaii,T. C. Kitten,Mr. Prospector,Hopespringseternal,Nijinsky,Java Moon,Hail to Reason,Cosmah,Understanding,Mountain Flower,Northern Dancer,Lady Victoria,Crimson Satan,Consentida,Raja Baba,Paris Breeze,Tom Rolfe,Cap and Bells,Caro,Indian Call,Quack,Salmon Lake
202609010612,10,ダート,1400,良,2勝クラス,ダイワメジャー,ルリオン,サンデーサイレンス,スカーレットブーケ,キングカメハメハ,クロスウォーター,Halo,Wishing Well,ノーザンテースト,スカーレットインク,Kingmambo,マンファス,Storm Cat,Bay Harbor,Hail to Reason,Cosmah,Understanding,Mountain Flower,Northern Dancer,Lady Victoria,Crimson Satan,Consentida,Mr. Prospector,Miesque,ラストタイクーン,Pilot Bird,Storm Bird,Terlingua,フォーティナイナー,Harbor Springs,Turn-to,Nothirdchance,Cosmic Bomb,Almahmoud,Promised Land,Pretty Ways,Montparnasse,Edelweiss,Nearctic,Natalma,Victoria Park,Lady Angela,Spy Song,Papila,Beau Max,La Menina,Raise a Native,Gold Digger,Nureyev,Pasadoble,トライマイベスト,Mill Princess,Blakeney,The Dancer,Northern Dancer,South Ocean,Secretariat,Crimson Saint,Mr. Prospector,File,Vice Regent,Tinnitus
202609010612,11,ダート,1400,良,2勝クラス,キンシャサノキセキ,エスメラルディーナ,フジキセキ,ケルトシャーン,Harlan's Holiday,ターシャズスター,サンデーサイレンス,ミルレーサー,Pleasant Colony,Featherhill,Harlan,Christmas in Aiken,Spanish Steps,Ms. Cuvee Napa,Halo,Wishing Well,Le Fabuleux,Marston's Mill,His Majesty,Sun Colony,Lyphard,Lady Berry,Storm Cat,Country Romance,Affirmed,Dowager,Unbridled,Trolley Song,Relaunch,A Penny Is a Penny,Hail to Reason,Cosmah,Understanding,Mountain Flower,Wild Risk,Anguar,In Reality,Millicent,Ribot,Flower Bowl,Sunrise Flight,Colonia,Northern Dancer,Goofed,Violon d'Ingres,Moss Rose,Storm Bird,Terlingua,Halo,Sweet Romance,Exclusive Native,Won't Tell You,Honest Pleasure,Princessnesian,Fappiano,Gana Facil,Caro,Lucky Spell,In Reality,Foggy Note,Temperence Hill,Raise a Penny
202609010612,12,ダート,1400,良,2勝クラス,リオンディーズ,テーオーヴィーナス,キングカメハメハ,シーザリオ,ディープインパクト,シルクチャプター,Kingmambo,マンファス,スペシャルウィーク,キロフプリミエール,サンデーサイレンス,ウインドインハーヘア,アフリート,ノーブルプライド,Mr. Prospector,Miesque,ラストタイクーン,Pilot Bird,サンデーサイレンス,キャンペンガール,Sadler's Wells,Querida,Halo,Wishing Well,Alzao,Burghclere,Mr. Prospector,Polite Lady,Caerleon,Noble Chick,Raise a Native,Gold Digger,Nureyev,Pasadoble,トライマイベスト,Mill Princess,Blakeney,The Dancer,Halo,Wishing Well,マルゼンスキー,レディーシラオキ,Northern Dancer,Fairy Bridge,Habitat,Principia,Hail to Reason,Cosmah,Understanding,Mountain Flower,Lyphard,Lady Rebecca,Busted,Highclere,Raise a Native,Gold Digger,Venetian Jester,Friendly Ways,Nijinsky,Foreseer,Vaguely Noble,Margarethen
202609010612,13,ダート,1400,良,2勝クラス,スピリッツミノル,プリンセスカナ,ディープスカイ,バアゼルクローバー,ワイルドラッシュ,ヒカルトクタイセイ,アグネスタキオン,アビ,ラムタラ,ストームザミント,Wild Again,Rose Park,スターオブコジーン,ヒカルイットウセイ,サンデーサイレンス,アグネスフローラ,Chief's Crown,Carmelized,Nijinsky,Snow Bride,Storm Cat,Mint Cooler,Icecapade,Bushel-n-Peck,Plugged Nickle,Hardship,Cozzene,Star Gem,ナイスダンサー,コクサイトップ,Halo,Wishing Well,ロイヤルスキー,アグネスレディー,Danzig,Six Crowns,Key to the Mint,Carmelize,Northern Dancer,Flaming Page,Blushing Groom,Awaasif,Storm Bird,Terlingua,Key to the Mint,Zippy Do,Nearctic,Shenanigans,Khaled,Dama,Key to the Mint,Toll Booth,Drone,Hard and Fast,Caro,Ride the Trails,Pia Star,Soonerland,Northern Dancer,Nice Princess,ドン,シヤロナ
202609010612,取,ダート,1400,良,2勝クラス,リオンディーズ,ラブディラン,キングカメハメハ,シーザリオ,Dylan Thomas,ゴンチャローワ,Kingmambo,マンファス,スペシャルウィーク,キロフプリミエール,デインヒル,Lagrion,Gone West,Pure Grain,Mr. Prospector,Miesque,ラストタイクーン,Pilot Bird,サンデーサイレンス,キャンペンガール,Sadler's Wells,Querida,Danzig,Razyana,Diesis,Wrap It Up,Mr. Prospector,Secrettame,Polish Precedent,Mill Line,Raise a Native,Gold Digger,Nureyev,Pasadoble,トライマイベスト,Mill Princess,Blakeney,The Dancer,Halo,Wishing Well,マルゼンスキー,レディーシラオキ,Northern Dancer,Fairy Bridge,Habitat,Principia,Northern Dancer,Pas de Nom,His Majesty,Spring Adieu,Sharpen Up,Doubly Sure,Mount Hagen,Doc Nan,Raise a Native,Gold Digger,Secretariat,Tamerett,Danzig,Past Example,Mill Reef,Quay Line
