,peds_0,peds_1,peds_2,peds_3,peds_4,peds_5,peds_6,peds_7,peds_8,peds_9,peds_10,peds_11,peds_12,peds_13,peds_14,peds_15,peds_16,peds_17,peds_18,peds_19,peds_20,peds_21,peds_22,peds_23,peds_24,peds_25,peds_26,peds_27,peds_28,peds_29,peds_30,peds_31,peds_32,peds_33,peds_34,peds_35,peds_36,peds_37,peds_38,peds_39,peds_40,peds_41,peds_42,peds_43,peds_44,peds_45,peds_46,peds_47,peds_48,peds_49,peds_50,peds_51,peds_52,peds_53,peds_54,peds_55,peds_56,peds_57,peds_58,peds_59,peds_60,peds_61
2023106086,キズナ,シュウギン,ディープインパクト,キャットクイル,スウェプトオーヴァーボード,キングスミール,サンデーサイレンス,ウインドインハーヘア,Storm Cat,Pacific Princess,エンドスウィープ,Sheer Ice,Theatrical,スルーオール,Halo,Wishing Well,Alzao,Burghclere,Storm Bird,Terlingua,Damascus,Fiji,フォーティナイナー,Broom Dance,Cutlass,Hey Dolly A.,Nureyev,ツリーオブノレッジ,Seattle Slew,Over All,Hail to Reason,Cosmah,Understanding,Mountain Flower,Lyphard,Lady Rebecca,Busted,Highclere,Northern Dancer,South Ocean,Secretariat,Crimson Saint,Sword Dancer,Kerala,Acropolis,Rififi,Mr. Prospector,File,Dance Spell,Witching Hour,Damascus,Aphonia,Ambehaving,Swift Deal,Northern Dancer,Special,Sassafras,Sensibility,Bold Reasoning,My Charmer,Mr. Prospector,Full Tigress
2023105125,シルバーステート,スマートレイチェル,ディープインパクト,シルヴァースカヤ,キングカメハメハ,ショウナンアクト,サンデーサイレンス,ウインドインハーヘア,Silver Hawk,Boubskaia,Kingmambo,マンファス,フレンチデピュティ,ゴールデンページ,Halo,Wishing Well,Alzao,Burghclere,Roberto,Gris Vitesse,Niniski,Frenetique,Mr. Prospector,Miesque,ラストタイクーン,Pilot Bird,Deputy Minister,Mitterand,サンデーサイレンス,ゴールデンリッカ,Hail to Reason,Cosmah,Understanding,Mountain Flower,Lyphard,Lady Rebecca,Busted,Highclere,Hail to Reason,Bramalea,Amerigo,Matchiche,Nijinsky,Virginia Hills,Tyrant,Femina,Raise a Native,Gold Digger,Nureyev,Pasadoble,トライマイベスト,Mill Princess,Blakeney,The Dancer,Vice Regent,Mint Copy,Hold Your Peace,Laredo Lass,Halo,Wishing Well,ラッキーソブリン,グロリーウエイ
2023102448,マインドユアビスケッツ,タマモサーティーン,Posse,Jazzmane,ジョーカプチーノ,ドリーミーアイ,Silver Deputy,Raska,Toccet,Alljazz,マンハッタンカフェ,ジョープシケ,カコイーシーズ,アイシャドー,Deputy Minister,Silver Valley,Rahy,Borishka,Awesome Again,Cozzene's Angel,Stop the Music,Bounteous,サンデーサイレンス,サトルチェンジ,フサイチコンコルド,ジョーユーチャリス,Alydar,Careless Notion,エンペリー,スイートベルン,Vice Regent,Mint Copy,Mr. Prospector,Seven Valleys,Blushing Groom,Glorious Song,Roberto,Queen Maud,Deputy Minister,Primal Force,Cozzene,Charming Pan,Hail to Reason,Bebopper,Master Derby,Mlle. Quille,Halo,Wishing Well,Law Society,Santa Luciana,Caerleon,バレークイーン,トウショウボーイ,ジョーバブーン,Raise a Native,Sweet Tooth,Jester,Miss Uppity,Vaguely Noble,Pamplona,パーソロン,スイートエイト
2023101143,サンダースノー,ニードルクラフト,Helmet,Eastern Joy,Mark of Esteem,Sharp Point,Exceed And Excel,Accessories,Dubai Destination,Red Slippers,Darshaan,Homage,ロイヤルアカデミー,Nice Point,デインヒル,Patrona,Singspiel,Anna Matrushka,Kingmambo,Mysterial,Nureyev,Morning Devotion,Shirley Heights,Delsy,Ajdal,Home Love,Nijinsky,Crimson Saint,Sharpen Up,Alpine Niece,Danzig,Razyana,Lomond,Gladiolus,In the Wings,Glorious Song,Mill Reef,Anna Paola,Mr. Prospector,Miesque,Alleged,Mysteries,Northern Dancer,Special,Affirmed,Morning Has Broken,Mill Reef,Hardiemma,Abdos,Kelty,Northern Dancer,Native Partner,Vaguely Noble,Homespun,Northern Dancer,Flaming Page,Crimson Satan,Bolero Rose,エタン,Rocchetta,Great Nephew,Fragrant Morn
2023101083,ハービンジャー,トーホウスプライト,Dansili,Penang Pearl,ディープインパクト,トーホウアスカ,デインヒル,Hasili,Bering,Guapa,サンデーサイレンス,ウインドインハーヘア,チーフベアハート,カガミアスカ,Danzig,Razyana,Kahyasi,Kerali,Arctic Tern,Beaune,Shareef Dancer,Sauceboat,Halo,Wishing Well,Alzao,Burghclere,Chief's Crown,Amelia Bearhart,General Assembly,クリスタルレイル,Northern Dancer,Pas de Nom,His Majesty,Spring Adieu,イルドブルボン,Kadissya,High Line,Sookera,Sea-Bird,Bubbling Beauty,Lyphard,Barbra,Northern Dancer,Sweet Alliance,Connaught,Cranberry Sauce,Hail to Reason,Cosmah,Understanding,Mountain Flower,Lyphard,Lady Rebecca,Busted,Highclere,Danzig,Six Crowns,Bold Hour,Myrtlewood Lass,Secretariat,Exclusive Dancer,Great Above,T. V. Actress
2023107477,ニューイヤーズデイ,スウィートチェリー,Street Cry,Justwhistledixie,オルフェーヴル,スイートフラッグ,Machiavellian,Helen Street,Dixie Union,General Jeanne,ステイゴールド,オリエンタルアート,Kingmambo,Serengeti Day,Mr. Prospector,Coup de Folie,Troy,Waterway,Dixieland Band,She's Tops,Honour and Glory,Ahpo Hel,サンデーサイレンス,ゴールデンサッシュ,メジロマックイーン,エレクトロアート,Mr. Prospector,Miesque,Alleged,Lassie Dear,Raise a Native,Gold Digger,Halo,Raise the Standard,Petingo,La Milo,Riverman,Boulevard,Northern Dancer,Mississippi Mud,Capote,She's a Talent,Relaunch,Fair to All,Mr. Leader,Tiy,Halo,Wishing Well,ディクタス,ダイナサッシュ,メジロティターン,メジロオーロラ,ノーザンテースト,グランマスティーヴンス,Raise a Native,Gold Digger,Nureyev,Pasadoble,Hoist the Flag,Princess Pout,Buckpasser,Gay Missile
2023103534,ミスチヴィアスアレックス,プランタンビジュー,Into Mischief,White Pants Night,ダイワメジャー,スプリングチケット,Harlan's Holiday,Leslie's Lady,Speightstown,More d'Amour,サンデーサイレンス,スカーレットブーケ,トニービン,カズミハルコマ,Harlan,Christmas in Aiken,Tricky Creek,Crystal Lady,Gone West,Silken Cat,Tour d'Or,Love Connection,Halo,Wishing Well,ノーザンテースト,スカーレットインク,カンパラ,Severn Bridge,マルゼンスキー,センシユータカラ,Storm Cat,Country Romance,Affirmed,Dowager,Clever Trick,Battle Creek Girl,Stop the Music,One Last Bird,Mr. Prospector,Secrettame,Storm Cat,Silken Doll,Medaille d'Or,Debby's Turn,Master Derby,Perfect Connection,Hail to Reason,Cosmah,Understanding,Mountain Flower,Northern Dancer,Lady Victoria,Crimson Satan,Consentida,Kalamoun,State Pension,Hornbeam,Priddy Fair,Nijinsky,シル,ヴェンチア,シヤダイウイング
2023107185,ニューイヤーズデイ,フラーテイシャスミス,Street Cry,Justwhistledixie,Mr. Greeley,Seductive Smile,Machiavellian,Helen Street,Dixie Union,General Jeanne,Gone West,Long Legend,Silver Hawk,Exit Smiling,Mr. Prospector,Coup de Folie,Troy,Waterway,Dixieland Band,She's Tops,Honour and Glory,Ahpo Hel,Mr. Prospector,Secrettame,Reviewer,Lianga,Roberto,Gris Vitesse,Stage Door Johnny,Chandelier,Raise a Native,Gold Digger,Halo,Raise the Standard,Petingo,La Milo,Riverman,Boulevard,Northern Dancer,Mississippi Mud,Capote,She's a Talent,Relaunch,Fair to All,Mr. Leader,Tiy,Raise a Native,Gold Digger,Secretariat,Tamerett,Bold Ruler,Broadway,ダンサーズイメージ,Leven Ones,Hail to Reason,Bramalea,Amerigo,Matchiche,Prince John,Peroxide Blonde,Goyama,Queen of Light
2023102408,イスラボニータ,フサイチリニモ,フジキセキ,イスラコジーン,ジャングルポケット,トキオリアリティー,サンデーサイレンス,ミルレーサー,Cozzene,Isla Mujeres,トニービン,ダンスチャーマー,Meadowlake,What a Reality,Halo,Wishing Well,Le Fabuleux,Marston's Mill,Caro,Ride the Trails,Crafty Prospector,Lido Isle,カンパラ,Severn Bridge,Nureyev,Skillful Joy,Hold Your Peace,Suspicious Native,In Reality,What Will Be,Hail to Reason,Cosmah,Understanding,Mountain Flower,Wild Risk,Anguar,In Reality,Millicent,フォルティノ,Chambord,Prince John,Wildwook,Mr. Prospector,Real Crafty Lady,Far North,She Is Gorgeous,Kalamoun,State Pension,Hornbeam,Priddy Fair,Northern Dancer,Special,Nodouble,Skillful Miss,Speak John,Blue Moon,Raise a Native,Be Suspicious,Intentionally,My Dear Girl,Crozier,Solabar
2023104446,ルヴァンスレーヴ,ハイワイヤー,シンボリクリスエス,マエストラーレ,Street Cry,Awe That,Kris S.,Tee Kay,ネオユニヴァース,オータムブリーズ,Machiavellian,Helen Street,Boundary,Bangled,Roberto,Sharp Queen,Gold Meridian,Tri Argo,サンデーサイレンス,ポインテッドパス,ティンバーカントリー,セプテンバーソング,Mr. Prospector,Coup de Folie,Troy,Waterway,Danzig,Edge,Alysheba,Green Greek,Hail to Reason,Bramalea,Princequillo,Bridgework,Seattle Slew,Queen Louie,Tri Jet,Hail Proudly,Halo,Wishing Well,Kris,Silken Way,Woodman,Fall Aspen,リアルシャダイ,ダイナフェアリー,Raise a Native,Gold Digger,Halo,Raise the Standard,Petingo,La Milo,Riverman,Boulevard,Northern Dancer,Pas de Nom,Damascus,Ponte Vecchio,Alydar,Bel Sheba,Green Ticket,Athena the Great
2023102179,ダノンスマッシュ,タイキソレイユ,ロードカナロア,スピニングワイルドキャット,フジキセキ,タイキトゥインクル,キングカメハメハ,レディブラッサム,Hard Spun,Hollywood Wildcat,サンデーサイレンス,ミルレーサー,リアルシャダイ,サブミッション,Kingmambo,マンファス,Storm Cat,サラトガデュー,Danzig,Turkish Tryst,Kris S.,Miss Wildcatter,Halo,Wishing Well,Le Fabuleux,Marston's Mill,Roberto,Desert Vixen,Darshaan,Yes My Dear,Mr. Prospector,Miesque,ラストタイクーン,Pilot Bird,Storm Bird,Terlingua,Cormorant,Super Luna,Northern Dancer,Pas de Nom,Turkoman,Darbyvail,Roberto,Sharp Queen,Mr. Prospector,Elizabeth K.,Hail to Reason,Cosmah,Understanding,Mountain Flower,Wild Risk,Anguar,In Reality,Millicent,Hail to Reason,Bramalea,In Reality,Desert Trial,Shirley Heights,Delsy,Affirmed,デイオラマ
2023103916,ビーチパトロール,ナデシコニッポン,Lemon Drop Kid,Bashful Bertie,アドマイヤジャパン,ロイヤルペルラ,Kingmambo,Charming Lassie,Quiet American,Clever Bertie,サンデーサイレンス,ビワハイジ,ブライアンズタイム,スターマイライフ,Mr. Prospector,Miesque,Seattle Slew,Lassie Dear,Fappiano,Demure,Timeless Native,Clever But Costly,Halo,Wishing Well,Caerleon,アグサン,Roberto,Kelley's Day,Storm Cat,Great Lady M.,Raise a Native,Gold Digger,Nureyev,Pasadoble,Bold Reasoning,My Charmer,Buckpasser,Gay Missile,Mr. Prospector,Killaloe,Dr. Fager,Quiet Charm,Timeless Moment,Head Off,Clever Trick,Swoonlow,Hail to Reason,Cosmah,Understanding,Mountain Flower,Nijinsky,Foreseer,Lord Gayle,Santa Luciana,Hail to Reason,Bramalea,Graustark,Golden Trail,Storm Bird,Terlingua,Icecapade,Sovereign Lady
2023104158,シニスターミニスター,ペルレストラーダ,Old Trieste,Sweet Minister,アルデバラン,ドーニングストーム,A.P. Indy,Lovlier Linda,The Prime Minister,Sweet Blue,Mr. Prospector,Chimes of Freedom,Storm Cat,Triumph At Dawn,Seattle Slew,Weekend Surprise,Vigors,Linda Summers,Deputy Minister,Stick to Beauty,Hurry Up Blue,Sugar Gold,Raise a Native,Gold Digger,Private Account,Aviance,Storm Bird,Terlingua,Alydar,Dawn's Curtsey,Bold Reasoning,My Charmer,Secretariat,Lassie Dear,Grey Dawn,Relifordie,Crozier,Queenly Gift,Vice Regent,Mint Copy,Illustrious,Hail to Beauty,Mr. Leader,Blue Baroness,Mr. Prospector,Miss Ironside,Native Dancer,Raise You,Nashua,Sequence,Damascus,Numbered Account,Northfields,Minnie Hauk,Northern Dancer,South Ocean,Secretariat,Crimson Saint,Raise a Native,Sweet Tooth,Far North,Liberty Spirit
2023105225,ミッキーアイル,ディオニージア,ディープインパクト,スターアイル,Tejano Run,Essie's Maid,サンデーサイレンス,ウインドインハーヘア,ロックオブジブラルタル,アイルドフランス,Tejano,Royal Run,Linkage,Essie Bs Venture,Halo,Wishing Well,Alzao,Burghclere,デインヒル,Offshore Boom,Nureyev,ステラマドリッド,Caro,アンファンテ,Wavering Monarch,Kazadancoa,Hoist the Flag,Unity Hall,Intentionally,Choke Point,Hail to Reason,Cosmah,Understanding,Mountain Flower,Lyphard,Lady Rebecca,Busted,Highclere,Danzig,Razyana,Be My Guest,Push a Button,Northern Dancer,Special,Alydar,My Juliet,フォルティノ,Chambord,Exclusive Native,Keep a Secret,Majestic Light,Uncommitted,Green Dancer,Khazaeen,Tom Rolfe,Wavy Navy,Cyane,Rum Bottle Bay,Intent,My Recipe,Irish Lancer,Esoteric
2023100905,グレーターロンドン,インプレスゴールド,ディープインパクト,ロンドンブリッジ,ブライアンズタイム,ビューティフルゴールド,サンデーサイレンス,ウインドインハーヘア,ドクターデヴィアス,オールフォーロンドン,Roberto,Kelley's Day,Mr. Prospector,Before Dawn,Halo,Wishing Well,Alzao,Burghclere,Ahonoora,Rose of Jericho,Danzig,Full Card,Hail to Reason,Bramalea,Graustark,Golden Trail,Raise a Native,Gold Digger,Raise a Cup,Moonbeam,Hail to Reason,Cosmah,Understanding,Mountain Flower,Lyphard,Lady Rebecca,Busted,Highclere,Lorenzaccio,Helen Nichols,Alleged,Rose Red,Northern Dancer,Pas de Nom,Damascus,Belle of the Ball,Turn-to,Nothirdchance,Nashua,Rarelea,Ribot,Flower Bowl,Hasty Road,Sunny Vale,Native Dancer,Raise You,Nashua,Sequence,Raise a Native,Spring Sunshine,Tim Tam,A Gleam
2023103592,ニューイヤーズデイ,レイクキャリー,Street Cry,Justwhistledixie,ダイワメジャー,リリーアメリカ,Machiavellian,Helen Street,Dixie Union,General Jeanne,サンデーサイレンス,スカーレットブーケ,American Post,Miller's Lily,Mr. Prospector,Coup de Folie,Troy,Waterway,Dixieland Band,She's Tops,Honour and Glory,Ahpo Hel,Halo,Wishing Well,ノーザンテースト,スカーレットインク,Bering,Wells Fargo,ミラーズメイト,Lymara,Raise a Native,Gold Digger,Halo,Raise the Standard,Petingo,La Milo,Riverman,Boulevard,Northern Dancer,Mississippi Mud,Capote,She's a Talent,Relaunch,Fair to All,Mr. Leader,Tiy,Hail to Reason,Cosmah,Understanding,Mountain Flower,Northern Dancer,Lady Victoria,Crimson Satan,Consentida,Arctic Tern,Beaune,Sadler's Wells,Cruising Height,Mill Reef,Primatie,Lyphard,Maradadi
2023104387,コントレイル,クリアリーコンフューズド,ディープインパクト,ロードクロサイト,Successful Appeal,Nice of You,サンデーサイレンス,ウインドインハーヘア,Unbridled's Song,Folklore,Valid Appeal,Successful Dancer,Allen's Prospect,Toes Knows,Halo,Wishing Well,Alzao,Burghclere,Unbridled,Trolley Song,Tiznow,Contrive,In Reality,Desert Trial,Fortunate Prospect,Debonair Dancer,Mr. Prospector,Change Water,Cormorant,Melrose Queen,Hail to Reason,Cosmah,Understanding,Mountain Flower,Lyphard,Lady Rebecca,Busted,Highclere,Fappiano,Gana Facil,Caro,Lucky Spell,Cee's Tizzy,Cee's Song,Storm Cat,Jeano,Intentionally,My Dear Girl,Moslem Chief,Scotch Verdict,Northern Prospect,Fortunate Bid,Staff Writer,In the Bag,Raise a Native,Gold Digger,Swaps,Portage,His Majesty,Song Sparrow,Rose Argent,Miss Jig
2023102752,デクラレーションオブウォー,アンフィデルマール,War Front,Tempo West,エンパイアメーカー,ゴレラ,Danzig,Starry Dreamer,Rahy,Tempo,Unbridled,Toussaud,Grape Tree Road,Exciting Times,Northern Dancer,Pas de Nom,Rubiano,Lara's Star,Blushing Groom,Glorious Song,Gone West,Terpsichorist,Fappiano,Gana Facil,El Gran Senor,Image of Reality,Caerleon,One Way Street,Jeune Homme,Eloura,Nearctic,Natalma,Admiral's Voyage,Petitioner,Fappiano,Ruby Slippers,Forli,True Reality,Red God,Runaway Bride,Halo,Ballade,Mr. Prospector,Secrettame,Nijinsky,Glad Rags,Mr. Prospector,Killaloe,Le Fabuleux,Charedi,Northern Dancer,Sex Appeal,In Reality,Edee's Image,Nijinsky,Foreseer,Habitat,Guillotina,Nureyev,Alydariel,Top Ville,Eurissia
2023101278,アメリカンペイトリオット,マオノココロ,War Front,Life Well Lived,ヴァーミリアン,キスアンドクライ,Danzig,Starry Dreamer,Tiznow,Well Dressed,エルコンドルパサー,スカーレットレディ,タイキシャトル,ペリウィンクル,Northern Dancer,Pas de Nom,Rubiano,Lara's Star,Cee's Tizzy,Cee's Song,Notebook,Trithenia,Kingmambo,サドラーズギャル,サンデーサイレンス,スカーレットローズ,Devil's Bag,ウェルシュマフィン,フォーティナイナー,ダジルミージョリエ,Nearctic,Natalma,Admiral's Voyage,Petitioner,Fappiano,Ruby Slippers,Forli,True Reality,Relaunch,テイズリー,Seattle Song,Lonely Dancer,Well Decorated,Mobcap,Gold Meridian,Tri Argo,Mr. Prospector,Miesque,Sadler's Wells,Glenveagh,Halo,Wishing Well,ノーザンテースト,スカーレットインク,Halo,Ballade,Caerleon,Muffitys,Mr. Prospector,File,Carr de Naskra,Mawgrit
2023105467,サンダースノー,チェリーミルズ,Helmet,Eastern Joy,Invincible Spirit,ヒントオブスプリング,Exceed And Excel,Accessories,Dubai Destination,Red Slippers,Green Desert,Rafha,Seeking the Gold,チェロキーローズ,デインヒル,Patrona,Singspiel,Anna Matrushka,Kingmambo,Mysterial,Nureyev,Morning Devotion,Danzig,Foreign Courier,Kris,Eljazzi,Mr. Prospector,Con Game,ダンシングブレーヴ,Celtic Assembly,Danzig,Razyana,Lomond,Gladiolus,In the Wings,Glorious Song,Mill Reef,Anna Paola,Mr. Prospector,Miesque,Alleged,Mysteries,Northern Dancer,Special,Affirmed,Morning Has Broken,Northern Dancer,Pas de Nom,Sir Ivor,Courtly Dee,Sharpen Up,Doubly Sure,アーテイアス,Border Bounty,Raise a Native,Gold Digger,Buckpasser,Broadway,Lyphard,Navajo Princess,Secretariat,Welsh Garden
2023105521,サトノダイヤモンド,トピカ,ディープインパクト,マルペンサ,Whipper,Sovana,サンデーサイレンス,ウインドインハーヘア,Orpen,Marsella,Miesque's Son,Myth to Reality,デザートキング,Piacenza,Halo,Wishing Well,Alzao,Burghclere,Lure,Bonita Francita,サザンヘイロー,Riviere,Mr. Prospector,Miesque,Sadler's Wells,Millieme,デインヒル,Sabaah,Darshaan,Kahara,Hail to Reason,Cosmah,Understanding,Mountain Flower,Lyphard,Lady Rebecca,Busted,Highclere,Danzig,Endear,Devil's Bag,Raise the Standard,Halo,Northern Sea,Logical,Talonada,Raise a Native,Gold Digger,Nureyev,Pasadoble,Northern Dancer,Fairy Bridge,Mill Reef,Hardiemma,Danzig,Razyana,Nureyev,Dish Dash,Shirley Heights,Delsy,Habitat,Starina
2023104989,ロジャーバローズ,テンキセキ,ディープインパクト,リトルブック,アグネスデジタル,ホシノキンカ,サンデーサイレンス,ウインドインハーヘア,Librettist,Cal Norma's Lady,Crafty Prospector,Chancey Squaw,ラムタラ,スターマイライフ,Halo,Wishing Well,Alzao,Burghclere,Danzig,Mysterial,リファーズスペシャル,June Darling,Mr. Prospector,Real Crafty Lady,Chief's Crown,Allicance,Nijinsky,Snow Bride,Storm Cat,Great Lady M.,Hail to Reason,Cosmah,Understanding,Mountain Flower,Lyphard,Lady Rebecca,Busted,Highclere,Northern Dancer,Pas de Nom,Alleged,Mysteries,Lyphard,My Bupers,ジュニアス,Beau Darling,Raise a Native,Gold Digger,In Reality,Princess Roycraft,Danzig,Six Crowns,Alleged,Runaway Bride,Northern Dancer,Flaming Page,Blushing Groom,Awaasif,Storm Bird,Terlingua,Icecapade,Sovereign Lady
2023105122,デクラレーションオブウォー,ショウナンワヒネ,War Front,Tempo West,シンボリクリスエス,メヤディーニ,Danzig,Starry Dreamer,Rahy,Tempo,Kris S.,Tee Kay,Mr. Prospector,Niodini,Northern Dancer,Pas de Nom,Rubiano,Lara's Star,Blushing Groom,Glorious Song,Gone West,Terpsichorist,Roberto,Sharp Queen,Gold Meridian,Tri Argo,Raise a Native,Gold Digger,Nijinsky,Home Thoughts,Nearctic,Natalma,Admiral's Voyage,Petitioner,Fappiano,Ruby Slippers,Forli,True Reality,Red God,Runaway Bride,Halo,Ballade,Mr. Prospector,Secrettame,Nijinsky,Glad Rags,Hail to Reason,Bramalea,Princequillo,Bridgework,Seattle Slew,Queen Louie,Tri Jet,Hail Proudly,Native Dancer,Raise You,Nashua,Sequence,Northern Dancer,Flaming Page,Tom Rolfe,Idle Thoughts
2023105723,ミッキーアイル,リボンティアラ,ディープインパクト,スターアイル,アドマイヤムーン,ハートオブクィーン,サンデーサイレンス,ウインドインハーヘア,ロックオブジブラルタル,アイルドフランス,エンドスウィープ,マイケイティーズ,ジョリーズヘイロー,マイシークレット,Halo,Wishing Well,Alzao,Burghclere,デインヒル,Offshore Boom,Nureyev,ステラマドリッド,フォーティナイナー,Broom Dance,サンデーサイレンス,ケイティーズファースト,Halo,Jolie Jolie,Woodman,ヘブンズシークレット,Hail to Reason,Cosmah,Understanding,Mountain Flower,Lyphard,Lady Rebecca,Busted,Highclere,Danzig,Razyana,Be My Guest,Push a Button,Northern Dancer,Special,Alydar,My Juliet,Mr. Prospector,File,Dance Spell,Witching Hour,Halo,Wishing Well,Kris,Katies,Hail to Reason,Cosmah,Sir Ivor,Who's to Know,Mr. Prospector,プレイメイト,セクレト,Heavenly Blue
2023102138,ダノンレジェンド,スズノレイラ,Macho Uno,マイグッドネス,エスポワールシチー,カルブンクルス,Holy Bull,Primal Force,Storm Cat,Caressing,ゴールドアリュール,エミネントシチー,スタチューオブリバティ,フェアナタリー,Great Above,Sharon Brown,Blushing Groom,Prime Prospect,Storm Bird,Terlingua,Honour and Glory,Lovin Touch,サンデーサイレンス,ニキーヤ,ブライアンズタイム,ヘップバーンシチー,Storm Cat,Charming Lassie,ダンスインザダーク,フェアディール,Minnesota Mac,Ta Wee,Al Hattab,Agathea's Dawn,Red God,Runaway Bride,Mr. Prospector,Square Generation,Northern Dancer,South Ocean,Secretariat,Crimson Saint,Relaunch,Fair to All,Majestic Prince,Forest Princess,Halo,Wishing Well,Nureyev,Reluctant Guest,Roberto,Kelley's Day,ブレイヴェストローマン,コンパルシチー,Storm Bird,Terlingua,Seattle Slew,Lassie Dear,サンデーサイレンス,ダンシングキイ,Zilzal,ファデッタ
2023102773,ロジャーバローズ,プリティホワイト,ディープインパクト,リトルブック,クロフネ,レディタキオン,サンデーサイレンス,ウインドインハーヘア,Librettist,Cal Norma's Lady,フレンチデピュティ,ブルーアヴェニュー,アグネスタキオン,オースミシャイン,Halo,Wishing Well,Alzao,Burghclere,Danzig,Mysterial,リファーズスペシャル,June Darling,Deputy Minister,Mitterand,Classic Go Go,Eliza Blue,サンデーサイレンス,アグネスフローラ,シンボリルドルフ,コランデアガール,Hail to Reason,Cosmah,Understanding,Mountain Flower,Lyphard,Lady Rebecca,Busted,Highclere,Northern Dancer,Pas de Nom,Alleged,Mysteries,Lyphard,My Bupers,ジュニアス,Beau Darling,Vice Regent,Mint Copy,Hold Your Peace,Laredo Lass,Pago Pago,Classic Perfection,Icecapade,コレラ,Halo,Wishing Well,ロイヤルスキー,アグネスレディー,パーソロン,スイートルナ,ネヴァービート,ヤヨイカマダ
2023103743,ミッキーロケット,スイートシャイン,キングカメハメハ,マネーキャントバイミーラヴ,ディープブリランテ,スイートチャーム,Kingmambo,マンファス,Pivotal,Sabreon,ディープインパクト,ラヴアンドバブルズ,Cozzene,Sunbaked,Mr. Prospector,Miesque,ラストタイクーン,Pilot Bird,Polar Falcon,Fearless Revival,Caerleon,Sabria,サンデーサイレンス,ウインドインハーヘア,Loup Sauvage,バブルドリーム,Caro,Ride the Trails,Lyphard,Island Charm,Raise a Native,Gold Digger,Nureyev,Pasadoble,トライマイベスト,Mill Princess,Blakeney,The Dancer,Nureyev,Marie d'Argonne,Cozzene,Stufida,Nijinsky,Foreseer,Miswaki,Flood,Halo,Wishing Well,Alzao,Burghclere,Riverman,Louveterie,Akarad,バブルプロスペクター,フォルティノ,Chambord,Prince John,Wildwook,Northern Dancer,Goofed,Hawaii,Gaylord's Touch
2023105245,イスラボニータ,ニュープロヴィデンス,フジキセキ,イスラコジーン,Bahamian Bounty,Bayja,サンデーサイレンス,ミルレーサー,Cozzene,Isla Mujeres,Cadeaux Genereux,Clarentia,Giant's Causeway,Bayberry,Halo,Wishing Well,Le Fabuleux,Marston's Mill,Caro,Ride the Trails,Crafty Prospector,Lido Isle,Young Generation,Smarten Up,Ballad Rock,Laharden,Storm Cat,Mariah's Storm,Bering,Baya,Hail to Reason,Cosmah,Understanding,Mountain Flower,Wild Risk,Anguar,In Reality,Millicent,フォルティノ,Chambord,Prince John,Wildwook,Mr. Prospector,Real Crafty Lady,Far North,She Is Gorgeous,Balidar,Brig O'Doon,Sharpen Up,L'Anguissola,Bold Lad,True Rocket,Mount Hagen,Sinella,Storm Bird,Terlingua,Rahy,イメンス,Arctic Tern,Beaune,Nureyev,Barger
2023102481,カリフォルニアクローム,マガスイート,Lucky Pulpit,Love the Chase,パレスマリス,Guest House,Pulpit,Lucky Soph,Not for Love,Chase It Down,Curlin,パレスルーマー,Ghostzapper,Welcome Surprise,A.P. Indy,Preach,Cozzene,Lucky Spell,Mr. Prospector,Dance Number,Polish Numbers,Chase the Dream,Smart Strike,Sherriff's Deputy,Royal Anthem,Whisperifyoudare,Awesome Again,Baby Zip,Seeking the Gold,Weekend Surprise,Seattle Slew,Weekend Surprise,Mr. Prospector,Narrate,Caro,Ride the Trails,Lucky Mel,Incantation,Raise a Native,Gold Digger,Northern Dancer,Numbered Account,Danzig,Numbered Account,Sir Ivor,La Belle Fleur,Mr. Prospector,Classy 'n Smart,Deputy Minister,Barbarika,Theatrical,In Neon,Red Ransom,Stellar Affair,Deputy Minister,Primal Force,Relaunch,Thirty Zip,Mr. Prospector,Con Game,Secretariat,Lassie Dear
2023100669,リオンディーズ,サトノルミナス,キングカメハメハ,シーザリオ,ディープインパクト,カトマンドゥ,Kingmambo,マンファス,スペシャルウィーク,キロフプリミエール,サンデーサイレンス,ウインドインハーヘア,Country Reel,Louvardie,Mr. Prospector,Miesque,ラストタイクーン,Pilot Bird,サンデーサイレンス,キャンペンガール,Sadler's Wells,Querida,Halo,Wishing Well,Alzao,Burghclere,Danzig,Country Belle,Loup Solitaire,Kaldevees,Raise a Native,Gold Digger,Nureyev,Pasadoble,トライマイベスト,Mill Princess,Blakeney,The Dancer,Halo,Wishing Well,マルゼンスキー,レディーシラオキ,Northern Dancer,Fairy Bridge,Habitat,Principia,Hail to Reason,Cosmah,Understanding,Mountain Flower,Lyphard,Lady Rebecca,Busted,Highclere,Northern Dancer,Pas de Nom,Seattle Slew,Balbonella,Lear Fan,Louveterie,Kaldoun,Safaroa
2023104805,タワーオブロンドン,タイキエイワン,Raven's Pass,スノーパイン,フサイチコンコルド,ヤエノジョオー,Elusive Quality,Ascutney,Dalakhani,シンコウエルメス,Caerleon,バレークイーン,Cure the Blues,リンクスオブゴールド,Gone West,Touch of Greatness,Lord at War,Right Word,Darshaan,Daltawa,Sadler's Wells,Doff the Derby,Nijinsky,Foreseer,Sadler's Wells,Sun Princess,Stop the Music,Quick Cure,Linkage,State Treasure,Mr. Prospector,Secrettame,Hero's Honor,Ivory Wand,General,Luna de Miel,Verbatim,Oratorio,Shirley Heights,Delsy,Miswaki,Damana,Northern Dancer,Fairy Bridge,Master Derby,Margarethen,Northern Dancer,Flaming Page,Round Table,Regal Gleam,Northern Dancer,Fairy Bridge,イングリッシュプリンス,Sunny Valley,Hail to Reason,Bebopper,Dr. Fager,Speedwell,Hoist the Flag,Unity Hall,Secretariat,Diomedia
2023100596,サートゥルナーリア,ベルライン,ロードカナロア,シーザリオ,ダイワメジャー,カリズマティックゴールド,キングカメハメハ,レディブラッサム,スペシャルウィーク,キロフプリミエール,サンデーサイレンス,スカーレットブーケ,カリズマティック,Color of Gold,Kingmambo,マンファス,Storm Cat,サラトガデュー,サンデーサイレンス,キャンペンガール,Sadler's Wells,Querida,Halo,Wishing Well,ノーザンテースト,スカーレットインク,Summer Squall,Bali Babe,Seeking the Gold,Sulemeif,Mr. Prospector,Miesque,ラストタイクーン,Pilot Bird,Storm Bird,Terlingua,Cormorant,Super Luna,Halo,Wishing Well,マルゼンスキー,レディーシラオキ,Northern Dancer,Fairy Bridge,Habitat,Principia,Hail to Reason,Cosmah,Understanding,Mountain Flower,Northern Dancer,Lady Victoria,Crimson Satan,Consentida,Storm Bird,Weekend Surprise,Drone,Polynesian Charm,Mr. Prospector,Con Game,Northern Dancer,Barely Even
2023106669,オウケンワールド,オウケンザパール,クロフネ,オウケンガール,オルフェーヴル,オウケンサクラ,フレンチデピュティ,ブルーアヴェニュー,マーベラスサンデー,シスターソノ,ステイゴールド,オリエンタルアート,バゴ,ランフォザドリーム,Deputy Minister,Mitterand,Classic Go Go,Eliza Blue,サンデーサイレンス,モミジダンサー,ナスルエルアラブ,ロジータ,サンデーサイレンス,ゴールデンサッシュ,メジロマックイーン,エレクトロアート,Nashwan,Moonlight's Box,リアルシャダイ,ミルフォードスルー,Vice Regent,Mint Copy,Hold Your Peace,Laredo Lass,Pago Pago,Classic Perfection,Icecapade,コレラ,Halo,Wishing Well,ヴァイスリーガル,モミジ,Al Nasr,Coral Dance,ミルジョージ,メロウマダング,Halo,Wishing Well,ディクタス,ダイナサッシュ,メジロティターン,メジロオーロラ,ノーザンテースト,グランマスティーヴンス,Blushing Groom,Height of Fashion,Nureyev,Coup de Genie,Roberto,Desert Vixen,スルーザドラゴン,スピードキヨフジ
2023102594,パイロ,ハニーディスタフ,Pulpit,Wild Vision,ゴールドアリュール,ダッシングハニー,A.P. Indy,Preach,Wild Again,Carol's Wonder,サンデーサイレンス,ニキーヤ,アサティス,ラストヒット,Seattle Slew,Weekend Surprise,Mr. Prospector,Narrate,Icecapade,Bushel-n-Peck,Pass the Tab,Carols Christmas,Halo,Wishing Well,Nureyev,Reluctant Guest,Topsider,Secret Asset,スラヴィック,ゲートアンドフライ,Bold Reasoning,My Charmer,Secretariat,Lassie Dear,Raise a Native,Gold Digger,Honest Pleasure,State,Nearctic,Shenanigans,Khaled,Dama,Al Hattab,Dantina,Whitesburg,Light Verse,Hail to Reason,Cosmah,Understanding,Mountain Flower,Northern Dancer,Special,Hostage,Vaguely Royal,Northern Dancer,Drumtop,Graustark,Numbered Account,Danzig,Bamesian,クラウンドプリンス,ヤマノコトブキ
2023102104,シュヴァルグラン,アメリカンニーニャ,ハーツクライ,ハルーワスウィート,Carpe Diem,Mane Princess,サンデーサイレンス,アイリッシュダンス,Machiavellian,ハルーワソング,Giant's Causeway,Rebridled Dreams,Mineshaft,Extended Applause,Halo,Wishing Well,トニービン,ビューパーダンス,Mr. Prospector,Coup de Folie,Nureyev,Morn of Song,Storm Cat,Mariah's Storm,Unbridled's Song,Key Cents,A.P. Indy,Prospector's Delite,Exbourne,Vivid Concert,Hail to Reason,Cosmah,Understanding,Mountain Flower,カンパラ,Severn Bridge,Lyphard,My Bupers,Raise a Native,Gold Digger,Halo,Raise the Standard,Northern Dancer,Special,Blushing Groom,Glorious Song,Storm Bird,Terlingua,Rahy,イメンス,Unbridled,Trolley Song,Corridor Key,Centimeter,Seattle Slew,Weekend Surprise,Mr. Prospector,Up the Flagpole,Explodent,Social Lesson,Chief Singer,Vive La Difference
2023102160,アニマルキングダム,タキオンメーカー,Leroidesanimaux,ダリシア,エンパイアメーカー,タッキーナ,Candy Stripes,Dissemble,Acatenango,Dynamis,Unbridled,Toussaud,アグネスタキオン,ビアンキ,Blushing Groom,バブルカンパニー,Ahonoora,Kerali,Surumu,Aggravate,ダンシングブレーヴ,Diasprina,Fappiano,Gana Facil,El Gran Senor,Image of Reality,サンデーサイレンス,アグネスフローラ,Gulch,Northern Trick,Red God,Runaway Bride,Lyphard,Prodice,Lorenzaccio,Helen Nichols,High Line,Sookera,Literat,Surama,Aggressor,Raven Locks,Lyphard,Navajo Princess,Aspros,Dorle,Mr. Prospector,Killaloe,Le Fabuleux,Charedi,Northern Dancer,Sex Appeal,In Reality,Edee's Image,Halo,Wishing Well,ロイヤルスキー,アグネスレディー,Mr. Prospector,Jameela,Northern Dancer,Trick Chick
2023104154,アジアエクスプレス,デアリングプライド,ヘニーヒューズ,ランニングボブキャッツ,ダイワメジャー,デアリングダンジグ,ヘネシー,Meadow Flyer,Running Stag,Backatem,サンデーサイレンス,スカーレットブーケ,Danzig,Impetuous Gal,Storm Cat,Island Kitty,Meadowlake,Shortley,Cozzene,Fruhlingstag,Notebook,Deputy's Mistress,Halo,Wishing Well,ノーザンテースト,スカーレットインク,Northern Dancer,Pas de Nom,Briartic,Impetuous Lady,Storm Bird,Terlingua,Hawaii,T. C. Kitten,Hold Your Peace,Suspicious Native,Hagley,Short Winded,Caro,Ride the Trails,Orsini,Revada,Well Decorated,Mobcap,Deputy Minister,River Crossing,Hail to Reason,Cosmah,Understanding,Mountain Flower,Northern Dancer,Lady Victoria,Crimson Satan,Consentida,Nearctic,Natalma,Admiral's Voyage,Petitioner,Nearctic,Sweet Lady Briar,Hasty Road,Escocesa
2023109092,エーシントップ,ドリームアドリーム,Tale of the Cat,Ecology,ディープインパクト,ジョシュズマデリン,Storm Cat,Yarn,Unbridled's Song,Gdansk's Honour,サンデーサイレンス,ウインドインハーヘア,Quiet American,Intend to Win,Storm Bird,Terlingua,Mr. Prospector,Narrate,Unbridled,Trolley Song,Danzig,Royal Honoree,Halo,Wishing Well,Alzao,Burghclere,Fappiano,Demure,ハウスバスター,Intently,Northern Dancer,South Ocean,Secretariat,Crimson Saint,Raise a Native,Gold Digger,Honest Pleasure,State,Fappiano,Gana Facil,Caro,Lucky Spell,Northern Dancer,Pas de Nom,Round Table,Matriarch,Hail to Reason,Cosmah,Understanding,Mountain Flower,Lyphard,Lady Rebecca,Busted,Highclere,Mr. Prospector,Killaloe,Dr. Fager,Quiet Charm,Mt. Livermore,Big Dreams,Drone,Naughty Intentions
2023101443,リオンディーズ,アリストライン,キングカメハメハ,シーザリオ,ハーツクライ,アディクティド,Kingmambo,マンファス,スペシャルウィーク,キロフプリミエール,サンデーサイレンス,アイリッシュダンス,ディクタット,Astica,Mr. Prospector,Miesque,ラストタイクーン,Pilot Bird,サンデーサイレンス,キャンペンガール,Sadler's Wells,Querida,Halo,Wishing Well,トニービン,ビューパーダンス,ウォーニング,アルヴォラ,Surumu,Auenliebe,Raise a Native,Gold Digger,Nureyev,Pasadoble,トライマイベスト,Mill Princess,Blakeney,The Dancer,Halo,Wishing Well,マルゼンスキー,レディーシラオキ,Northern Dancer,Fairy Bridge,Habitat,Principia,Hail to Reason,Cosmah,Understanding,Mountain Flower,カンパラ,Severn Bridge,Lyphard,My Bupers,Known Fact,Slightly Dangerous,Sadler's Wells,Park Appeal,Literat,Surama,Pentathlon,Allergie
2023103603,エピファネイア,レッドベルローズ,シンボリクリスエス,シーザリオ,ディープインパクト,レッドファンタジア,Kris S.,Tee Kay,スペシャルウィーク,キロフプリミエール,サンデーサイレンス,ウインドインハーヘア,Unbridled's Song,Cat Chat,Roberto,Sharp Queen,Gold Meridian,Tri Argo,サンデーサイレンス,キャンペンガール,Sadler's Wells,Querida,Halo,Wishing Well,Alzao,Burghclere,Unbridled,Trolley Song,Storm Cat,Phone Chatter,Hail to Reason,Bramalea,Princequillo,Bridgework,Seattle Slew,Queen Louie,Tri Jet,Hail Proudly,Halo,Wishing Well,マルゼンスキー,レディーシラオキ,Northern Dancer,Fairy Bridge,Habitat,Principia,Hail to Reason,Cosmah,Understanding,Mountain Flower,Lyphard,Lady Rebecca,Busted,Highclere,Fappiano,Gana Facil,Caro,Lucky Spell,Storm Bird,Terlingua,Phone Trick,Passing My Way
2023103501,サトノインプレッサ,パイタ,ディープインパクト,サプレザ,Intikhab,Prada,サンデーサイレンス,ウインドインハーヘア,Sahm,Sorpresa,Red Ransom,Crafty Example,Lagunas,Pradera,Halo,Wishing Well,Alzao,Burghclere,Mr. Prospector,Salsabil,Pleasant Tap,Dubiously,Roberto,アラビア,Crafty Prospector,Zienelle,イルドブルボン,Liranga,Abary,Pedra,Hail to Reason,Cosmah,Understanding,Mountain Flower,Lyphard,Lady Rebecca,Busted,Highclere,Raise a Native,Gold Digger,Sadler's Wells,Flame of Tara,Pleasant Colony,Never Knock,Jolie Jo,Skeptic Lady,Hail to Reason,Bramalea,Damascus,Christmas Wind,Mr. Prospector,Real Crafty Lady,Danzig,Past Example,Nijinsky,Roseliere,Literat,Love In,Roi Dagobert,Antioquia,Caracol,Palmares
2023105049,ミスチヴィアスアレックス,イトククリ,Into Mischief,White Pants Night,サクラバクシンオー,フォーリアクイーン,Harlan's Holiday,Leslie's Lady,Speightstown,More d'Amour,サクラユタカオー,サクラハゴロモ,サンデーサイレンス,フォーリア,Harlan,Christmas in Aiken,Tricky Creek,Crystal Lady,Gone West,Silken Cat,Tour d'Or,Love Connection,テスコボーイ,アンジェリカ,ノーザンテースト,クリアアンバー,Halo,Wishing Well,Sadler's Wells,Dunoof,Storm Cat,Country Romance,Affirmed,Dowager,Clever Trick,Battle Creek Girl,Stop the Music,One Last Bird,Mr. Prospector,Secrettame,Storm Cat,Silken Doll,Medaille d'Or,Debby's Turn,Master Derby,Perfect Connection,Princely Gift,Suncourt,ネヴァービート,スターハイネス,Northern Dancer,Lady Victoria,Ambiopoise,One Clear Call,Hail to Reason,Cosmah,Understanding,Mountain Flower,Northern Dancer,Fairy Bridge,Shirley Heights,Sunbittern
2023103134,エスポワールシチー,サブノイナズマ,ゴールドアリュール,エミネントシチー,カコイーシーズ,サブノアフロディア,サンデーサイレンス,ニキーヤ,ブライアンズタイム,ヘップバーンシチー,Alydar,Careless Notion,フジキセキ,サニーモーニング,Halo,Wishing Well,Nureyev,Reluctant Guest,Roberto,Kelley's Day,ブレイヴェストローマン,コンパルシチー,Raise a Native,Sweet Tooth,Jester,Miss Uppity,サンデーサイレンス,ミルレーサー,Law Society,Golden Oriole,Hail to Reason,Cosmah,Understanding,Mountain Flower,Northern Dancer,Special,Hostage,Vaguely Royal,Hail to Reason,Bramalea,Graustark,Golden Trail,Never Bend,Roman Song,トラフィック,リンネス,Native Dancer,Raise You,On-And-On,Plum Cake,Tom Fool,Golden Apple,Nasrullah,Nursery School,Halo,Wishing Well,Le Fabuleux,Marston's Mill,Alleged,Bold Bikini,Northern Dancer,Sex Appeal
2023103425,ルーラーシップ,シャワークライム,キングカメハメハ,エアグルーヴ,ローエングリン,ミスティックリバー,Kingmambo,マンファス,トニービン,ダイナカール,Singspiel,カーリング,サンデーサイレンス,ホワイトウォーターアフェア,Mr. Prospector,Miesque,ラストタイクーン,Pilot Bird,カンパラ,Severn Bridge,ノーザンテースト,シャダイフェザー,In the Wings,Glorious Song,Garde Royale,Corraleja,Halo,Wishing Well,Machiavellian,Much Too Risky,Raise a Native,Gold Digger,Nureyev,Pasadoble,トライマイベスト,Mill Princess,Blakeney,The Dancer,Kalamoun,State Pension,Hornbeam,Priddy Fair,Northern Dancer,Lady Victoria,ガーサント,パロクサイド,Sadler's Wells,High Hawk,Halo,Ballade,Mill Reef,Royal Way,Carvin,Darling Dale,Hail to Reason,Cosmah,Understanding,Mountain Flower,Mr. Prospector,Coup de Folie,Bustino,Short Rations
2023100016,サートゥルナーリア,マサノヴィクトワル,ロードカナロア,シーザリオ,ヴィクトワールピサ,ファーストナイナー,キングカメハメハ,レディブラッサム,スペシャルウィーク,キロフプリミエール,ネオユニヴァース,ホワイトウォーターアフェア,フォーティナイナー,レディダンジグ,Kingmambo,マンファス,Storm Cat,サラトガデュー,サンデーサイレンス,キャンペンガール,Sadler's Wells,Querida,サンデーサイレンス,ポインテッドパス,Machiavellian,Much Too Risky,Mr. Prospector,File,Danzig,Lady's Secret,Mr. Prospector,Miesque,ラストタイクーン,Pilot Bird,Storm Bird,Terlingua,Cormorant,Super Luna,Halo,Wishing Well,マルゼンスキー,レディーシラオキ,Northern Dancer,Fairy Bridge,Habitat,Principia,Halo,Wishing Well,Kris,Silken Way,Mr. Prospector,Coup de Folie,Bustino,Short Rations,Raise a Native,Gold Digger,Tom Rolfe,Continue,Northern Dancer,Pas de Nom,Secretariat,Great Lady M.
2023104959,アニマルキングダム,ナムラストロベリー,Leroidesanimaux,ダリシア,ヨハネスブルグ,ナムラチアーズ,Candy Stripes,Dissemble,Acatenango,Dynamis,ヘネシー,Myth,マンハッタンカフェ,ニフティニース,Blushing Groom,バブルカンパニー,Ahonoora,Kerali,Surumu,Aggravate,ダンシングブレーヴ,Diasprina,Storm Cat,Island Kitty,オジジアン,Yarn,サンデーサイレンス,サトルチェンジ,Raise a Native,ニフテイアンドニート,Red God,Runaway Bride,Lyphard,Prodice,Lorenzaccio,Helen Nichols,High Line,Sookera,Literat,Surama,Aggressor,Raven Locks,Lyphard,Navajo Princess,Aspros,Dorle,Storm Bird,Terlingua,Hawaii,T. C. Kitten,Damascus,Gonfalon,Mr. Prospector,Narrate,Halo,Wishing Well,Law Society,Santa Luciana,Native Dancer,Raise You,Vigors,Haleallah
2023104858,ルヴァンスレーヴ,エイコーンウィル,シンボリクリスエス,マエストラーレ,キングカメハメハ,サンデーエイコーン,Kris S.,Tee Kay,ネオユニヴァース,オータムブリーズ,Kingmambo,マンファス,サンデーサイレンス,エイコーンカップ,Roberto,Sharp Queen,Gold Meridian,Tri Argo,サンデーサイレンス,ポインテッドパス,ティンバーカントリー,セプテンバーソング,Mr. Prospector,Miesque,ラストタイクーン,Pilot Bird,Halo,Wishing Well,ノーザンテースト,ダイナエイコーン,Hail to Reason,Bramalea,Princequillo,Bridgework,Seattle Slew,Queen Louie,Tri Jet,Hail Proudly,Halo,Wishing Well,Kris,Silken Way,Woodman,Fall Aspen,リアルシャダイ,ダイナフェアリー,Raise a Native,Gold Digger,Nureyev,Pasadoble,トライマイベスト,Mill Princess,Blakeney,The Dancer,Hail to Reason,Cosmah,Understanding,Mountain Flower,Northern Dancer,Lady Victoria,ロイヤルスキー,ライバリュウ
2023104411,キズナ,ペルルドール,ディープインパクト,キャットクイル,ウィルテイクチャージ,パープル,サンデーサイレンス,ウインドインハーヘア,Storm Cat,Pacific Princess,Unbridled's Song,Take Charge Lady,Galileo,ネックレス,Halo,Wishing Well,Alzao,Burghclere,Storm Bird,Terlingua,Damascus,Fiji,Unbridled,Trolley Song,デヒア,Felicita,Sadler's Wells,Urban Sea,Darshaan,Spinning The Yarn,Hail to Reason,Cosmah,Understanding,Mountain Flower,Lyphard,Lady Rebecca,Busted,Highclere,Northern Dancer,South Ocean,Secretariat,Crimson Saint,Sword Dancer,Kerala,Acropolis,Rififi,Fappiano,Gana Facil,Caro,Lucky Spell,Deputy Minister,Sister Dot,Rubiano,Grand Bonheur,Northern Dancer,Fairy Bridge,Miswaki,Allegretta,Shirley Heights,Delsy,Barathea,Colorspin
2023107519,Curlin,シャムロックローズ,Smart Strike,Sherriff's Deputy,First Dude,Slew's Quality,Mr. Prospector,Classy 'n Smart,Deputy Minister,Barbarika,Stephen Got Even,Run Sarah Run,Elusive Quality,Great Lady Slew,Raise a Native,Gold Digger,Smarten,No Class,Vice Regent,Mint Copy,Bates Motel,War Exchange,A.P. Indy,Immerse,Smart Strike,Breech,Gone West,Touch of Greatness,Seattle Slew,Great Lady Sharon,Native Dancer,Raise You,Nashua,Sequence,Cyane,Smartaire,Nodouble,Classy Quillo,Northern Dancer,Victoria Regina,Bunty's Flight,Shakney,Sir Ivor,Sunday Purchase,Wise Exchange,Jungle War,Seattle Slew,Weekend Surprise,Cox's Ridge,Baroness Direct,Mr. Prospector,Classy 'n Smart,Relaunch,Scatter Plan,Mr. Prospector,Secrettame,Hero's Honor,Ivory Wand,Bold Reasoning,My Charmer,Alydar,Great Lady M.
2023105508,スクリーンヒーロー,エイシンミノアカ,グラスワンダー,ランニングヒロイン,キングカメハメハ,ミッションガール,Silver Hawk,Ameriflora,サンデーサイレンス,ダイナアクトレス,Kingmambo,マンファス,Deputy Minister,Triple Strike,Roberto,Gris Vitesse,Danzig,Graceful Touch,Halo,Wishing Well,ノーザンテースト,モデルスポート,Mr. Prospector,Miesque,ラストタイクーン,Pilot Bird,Vice Regent,Mint Copy,Secretariat,Seeker's Gold,Hail to Reason,Bramalea,Amerigo,Matchiche,Northern Dancer,Pas de Nom,His Majesty,Pi Phi Gal,Hail to Reason,Cosmah,Understanding,Mountain Flower,Northern Dancer,Lady Victoria,モデルフール,マジックゴデイス,Raise a Native,Gold Digger,Nureyev,Pasadoble,トライマイベスト,Mill Princess,Blakeney,The Dancer,Northern Dancer,Victoria Regina,Bunty's Flight,Shakney,Bold Ruler,Somethingroyal,Mr. Prospector,I Understand
2023101491,アルアイン,ブライトエルフ,ディープインパクト,ドバイマジェスティ,ブライアンズタイム,スウィートエルフ,サンデーサイレンス,ウインドインハーヘア,Essence of Dubai,Great Majesty,Roberto,Kelley's Day,タマモクロス,ダンシングエルフ,Halo,Wishing Well,Alzao,Burghclere,Pulpit,Epitome,Great Above,Mistic Majesty,Hail to Reason,Bramalea,Graustark,Golden Trail,シービークロス,グリーンシャトー,ダンシングブレーヴ,クラウドナイン,Hail to Reason,Cosmah,Understanding,Mountain Flower,Lyphard,Lady Rebecca,Busted,Highclere,A.P. Indy,Preach,Summing,Honest and True,Minnesota Mac,Ta Wee,His Majesty,Necaras Miss,Turn-to,Nothirdchance,Nashua,Rarelea,Ribot,Flower Bowl,Hasty Road,Sunny Vale,フォルティノ,ズイシヨウ,シャトーゲイ,クインビー,Lyphard,Navajo Princess,ディクタス,マイエルフ
2023104674,エスポワールシチー,ジョワユーズ,ゴールドアリュール,エミネントシチー,エンパイアメーカー,ビッグテンビー,サンデーサイレンス,ニキーヤ,ブライアンズタイム,ヘップバーンシチー,Unbridled,Toussaud,テンビー,モガミヒメ,Halo,Wishing Well,Nureyev,Reluctant Guest,Roberto,Kelley's Day,ブレイヴェストローマン,コンパルシチー,Fappiano,Gana Facil,El Gran Senor,Image of Reality,Caerleon,Shining Water,カコイーシーズ,モガミポイント,Hail to Reason,Cosmah,Understanding,Mountain Flower,Northern Dancer,Special,Hostage,Vaguely Royal,Hail to Reason,Bramalea,Graustark,Golden Trail,Never Bend,Roman Song,トラフィック,リンネス,Mr. Prospector,Killaloe,Le Fabuleux,Charedi,Northern Dancer,Sex Appeal,In Reality,Edee's Image,Nijinsky,Foreseer,Kalaglow,Idle Waters,Alydar,Careless Notion,マルゼンスキー,ポイントメーカー
2023103098,アメリカンペイトリオット,メジャータイフーン,War Front,Life Well Lived,ダイワメジャー,マザイ,Danzig,Starry Dreamer,Tiznow,Well Dressed,サンデーサイレンス,スカーレットブーケ,ファスリエフ,ムーンレディ,Northern Dancer,Pas de Nom,Rubiano,Lara's Star,Cee's Tizzy,Cee's Song,Notebook,Trithenia,Halo,Wishing Well,ノーザンテースト,スカーレットインク,Nureyev,Mr. P's Princess,Platini,Midnight Fever,Nearctic,Natalma,Admiral's Voyage,Petitioner,Fappiano,Ruby Slippers,Forli,True Reality,Relaunch,テイズリー,Seattle Song,Lonely Dancer,Well Decorated,Mobcap,Gold Meridian,Tri Argo,Hail to Reason,Cosmah,Understanding,Mountain Flower,Northern Dancer,Lady Victoria,Crimson Satan,Consentida,Northern Dancer,Special,Mr. Prospector,Anne Campbell,Surumu,Prairie Darling,Sure Blade,Majoritat
2023107344,リオンリオン,レディアリエッタ,ルーラーシップ,アゲヒバリ,ディープインパクト,ディアチャンス,キングカメハメハ,エアグルーヴ,クロフネ,トゥザヴィクトリー,サンデーサイレンス,ウインドインハーヘア,タイキシャトル,マルカムーンライト,Kingmambo,マンファス,トニービン,ダイナカール,フレンチデピュティ,ブルーアヴェニュー,サンデーサイレンス,フェアリードール,Halo,Wishing Well,Alzao,Burghclere,Devil's Bag,ウェルシュマフィン,マルゼンスキー,アヤテンリュウ,Mr. Prospector,Miesque,ラストタイクーン,Pilot Bird,カンパラ,Severn Bridge,ノーザンテースト,シャダイフェザー,Deputy Minister,Mitterand,Classic Go Go,Eliza Blue,Halo,Wishing Well,Nureyev,Dream Deal,Hail to Reason,Cosmah,Understanding,Mountain Flower,Lyphard,Lady Rebecca,Busted,Highclere,Halo,Ballade,Caerleon,Muffitys,Nijinsky,シル,シャトーゲイ,フォーテリング
2023105643,コントレイル,テオレーマ,ディープインパクト,ロードクロサイト,ジャスタウェイ,スターズアラインド,サンデーサイレンス,ウインドインハーヘア,Unbridled's Song,Folklore,ハーツクライ,シビル,Sea The Stars  Sea the Stars,Senora Galilei,Halo,Wishing Well,Alzao,Burghclere,Unbridled,Trolley Song,Tiznow,Contrive,サンデーサイレンス,アイリッシュダンス,Wild Again,シャロン,Cape Cross,Urban Sea,Galileo,Speirbhean,Hail to Reason,Cosmah,Understanding,Mountain Flower,Lyphard,Lady Rebecca,Busted,Highclere,Fappiano,Gana Facil,Caro,Lucky Spell,Cee's Tizzy,Cee's Song,Storm Cat,Jeano,Halo,Wishing Well,トニービン,ビューパーダンス,Icecapade,Bushel-n-Peck,Mo Exception,Double Wiggle,Green Desert,Park Appeal,Miswaki,Allegretta,Sadler's Wells,Urban Sea,デインヒル,Saviour
2023101924,ゴールドドリーム,エアコンヴィーナ,ゴールドアリュール,モンヴェール,ヴァーミリアン,エアレモネード,サンデーサイレンス,ニキーヤ,フレンチデピュティ,スペシャルジェイド,エルコンドルパサー,スカーレットレディ,Afleet Alex,Chez La Femme,Halo,Wishing Well,Nureyev,Reluctant Guest,Deputy Minister,Mitterand,Cox's Ridge,Statistic,Kingmambo,サドラーズギャル,サンデーサイレンス,スカーレットローズ,Northern Afleet,Maggy Hawk,Afternoon Deelites,She's Ecstatic,Hail to Reason,Cosmah,Understanding,Mountain Flower,Northern Dancer,Special,Hostage,Vaguely Royal,Vice Regent,Mint Copy,Hold Your Peace,Laredo Lass,Best Turn,Our Martha,Mr. Prospector,Number,Mr. Prospector,Miesque,Sadler's Wells,Glenveagh,Halo,Wishing Well,ノーザンテースト,スカーレットインク,アフリート,Nuryette,ホークスター,Qualique,Private Terms,Intimate Girl,Sauce Boat,She's Armed
2023110033,American Pharoah,Treasure Trail,Pioneerof the Nile,Littleprincessemma,Pulpit,Vertigineux,エンパイアメーカー,Star of Goshen,Yankee Gentleman,Exclusive Rosette,A.P. Indy,Preach,Kris S.,For the Flag,Unbridled,Toussaud,Lord at War,Castle Eight,Storm Cat,Key Phrase,Ecliptical,Zetta Jet,Seattle Slew,Weekend Surprise,Mr. Prospector,Narrate,Roberto,Sharp Queen,Forli,In the Offing,Fappiano,Gana Facil,El Gran Senor,Image of Reality,General,Luna de Miel,Key to the Kingdom,Her Native,Storm Bird,Terlingua,Flying Paster,Sown,Exclusive Native,Minnetonka,Tri Jet,Queen Zetta,Bold Reasoning,My Charmer,Secretariat,Lassie Dear,Raise a Native,Gold Digger,Honest Pleasure,State,Hail to Reason,Bramalea,Princequillo,Bridgework,Aristophanes,Trevisa,Hoist the Flag,Mrs. Peterkin
2023107219,リオンディーズ,ベルエポック,キングカメハメハ,シーザリオ,モーリス,アドマイヤテンバ,Kingmambo,マンファス,スペシャルウィーク,キロフプリミエール,スクリーンヒーロー,メジロフランシス,クロフネ,アドマイヤグルーヴ,Mr. Prospector,Miesque,ラストタイクーン,Pilot Bird,サンデーサイレンス,キャンペンガール,Sadler's Wells,Querida,グラスワンダー,ランニングヒロイン,カーネギー,メジロモントレー,フレンチデピュティ,ブルーアヴェニュー,サンデーサイレンス,エアグルーヴ,Raise a Native,Gold Digger,Nureyev,Pasadoble,トライマイベスト,Mill Princess,Blakeney,The Dancer,Halo,Wishing Well,マルゼンスキー,レディーシラオキ,Northern Dancer,Fairy Bridge,Habitat,Principia,Silver Hawk,Ameriflora,サンデーサイレンス,ダイナアクトレス,Sadler's Wells,Detroit,モガミ,メジロクインシー,Deputy Minister,Mitterand,Classic Go Go,Eliza Blue,Halo,Wishing Well,トニービン,ダイナカール
2023104944,ウインブライト,クアンナム,ステイゴールド,サマーエタニティ,Invincible Spirit,Quan Yin,サンデーサイレンス,ゴールデンサッシュ,アドマイヤコジーン,オールフォーゲラン,Green Desert,Rafha,Sadler's Wells,East of the Moon,Halo,Wishing Well,ディクタス,ダイナサッシュ,Cozzene,アドマイヤマカディ,ジェイドロバリー,ミスゲラン,Danzig,Foreign Courier,Kris,Eljazzi,Northern Dancer,Fairy Bridge,Private Account,Miesque,Hail to Reason,Cosmah,Understanding,Mountain Flower,Sanctus,Doronic,ノーザンテースト,ロイヤルサッシュ,Caro,Ride the Trails,ノーザンテースト,ミセスマカディー,Mr. Prospector,Number,マルゼンスキー,ゲラン,Northern Dancer,Pas de Nom,Sir Ivor,Courtly Dee,Sharpen Up,Doubly Sure,アーテイアス,Border Bounty,Nearctic,Natalma,Bold Reason,Special,Damascus,Numbered Account,Nureyev,Pasadoble
2023105094,ホッコータルマエ,パレニア,キングカメハメハ,マダムチェロキー,キングズベスト,オオシマパンジー,Kingmambo,マンファス,Cherokee Run,アンフォイルド,Kingmambo,Allegretta,スキャン,オオシマダリア,Mr. Prospector,Miesque,ラストタイクーン,Pilot Bird,Runaway Groom,Cherokee Dame,Unbridled,Bold Foil,Mr. Prospector,Miesque,Lombard,Anatevka,Mr. Prospector,Video,モガミ,オオシマスズラン,Raise a Native,Gold Digger,Nureyev,Pasadoble,トライマイベスト,Mill Princess,Blakeney,The Dancer,Blushing Groom,Yonnie Girl,Silver Saber,Dame Francesca,Fappiano,Gana Facil,Bold Forbes,Perfect Foil,Raise a Native,Gold Digger,Nureyev,Pasadoble,Agio,Promised Lady,Espresso,Almyra,Raise a Native,Gold Digger,Nijinsky,Foreseer,Lyphard,ノーラック,カウアイキング,ネバージョオー
2023106226,ジョーカプチーノ,ナムラキッス,マンハッタンカフェ,ジョープシケ,マツリダゴッホ,ナムラシンシア,サンデーサイレンス,サトルチェンジ,フサイチコンコルド,ジョーユーチャリス,サンデーサイレンス,ペイパーレイン,パントレセレブル,ナムラヒミコ,Halo,Wishing Well,Law Society,Santa Luciana,Caerleon,バレークイーン,トウショウボーイ,ジョーバブーン,Halo,Wishing Well,Bel Bolide,フローラルマジック,Nureyev,Peinture Bleue,キンググローリアス,ダイナハニー,Hail to Reason,Cosmah,Understanding,Mountain Flower,Alleged,Bold Bikini,Luciano,Suleika,Nijinsky,Foreseer,Sadler's Wells,Sun Princess,テスコボーイ,ソシアルバターフライ,フォルティノ,ハードゲイ,Hail to Reason,Cosmah,Understanding,Mountain Flower,Bold Bidder,Lady Graustark,Affirmed,Rare Lady,Northern Dancer,Special,Alydar,Petroleuse,Naevus,Glorious Natalie,ボールドアンドエイブル,スイートターフ
2023103394,イスラボニータ,コッパ,フジキセキ,イスラコジーン,Yesbyjimminy,Diplomatic Angel,サンデーサイレンス,ミルレーサー,Cozzene,Isla Mujeres,Yes It's True,Sisters Creek,Valid Appeal,Royal Angelique,Halo,Wishing Well,Le Fabuleux,Marston's Mill,Caro,Ride the Trails,Crafty Prospector,Lido Isle,Is It True,Clever Monique,Pentelicus,Mighty Intimate,In Reality,Desert Trial,Diplomat Way,Royal Contessa,Hail to Reason,Cosmah,Understanding,Mountain Flower,Wild Risk,Anguar,In Reality,Millicent,フォルティノ,Chambord,Prince John,Wildwook,Mr. Prospector,Real Crafty Lady,Far North,She Is Gorgeous,Raja Baba,Roman Rockette,Clever Trick,Monique Rene,Fappiano,Charedi,Mighty Appealing,Royal Ties,Intentionally,My Dear Girl,Moslem Chief,Scotch Verdict,Nashua,Jandy,Royal Union,Noble Princess
2023102920,ダノンスマッシュ,ダノングラシアス,ロードカナロア,スピニングワイルドキャット,マンハッタンカフェ,サーキットレディ,キングカメハメハ,レディブラッサム,Hard Spun,Hollywood Wildcat,サンデーサイレンス,サトルチェンジ,Grand Slam,ラグナセカ,Kingmambo,マンファス,Storm Cat,サラトガデュー,Danzig,Turkish Tryst,Kris S.,Miss Wildcatter,Halo,Wishing Well,Law Society,Santa Luciana,Gone West,Bright Candles,Seattle Slew,Topicount,Mr. Prospector,Miesque,ラストタイクーン,Pilot Bird,Storm Bird,Terlingua,Cormorant,Super Luna,Northern Dancer,Pas de Nom,Turkoman,Darbyvail,Roberto,Sharp Queen,Mr. Prospector,Elizabeth K.,Hail to Reason,Cosmah,Understanding,Mountain Flower,Alleged,Bold Bikini,Luciano,Suleika,Mr. Prospector,Secrettame,El Gran Senor,Christmas Bonus,Bold Reasoning,My Charmer,Private Account,Hot Topic
2023109106,グレーターロンドン,ミラノリッチ,ディープインパクト,ロンドンブリッジ,キングカメハメハ,ファイヤーチェリー,サンデーサイレンス,ウインドインハーヘア,ドクターデヴィアス,オールフォーロンドン,Kingmambo,マンファス,Horse Chestnut,Muskoka Command,Halo,Wishing Well,Alzao,Burghclere,Ahonoora,Rose of Jericho,Danzig,Full Card,Mr. Prospector,Miesque,ラストタイクーン,Pilot Bird,Fort Wood,London Wall,Top Command,Victory Songster,Hail to Reason,Cosmah,Understanding,Mountain Flower,Lyphard,Lady Rebecca,Busted,Highclere,Lorenzaccio,Helen Nichols,Alleged,Rose Red,Northern Dancer,Pas de Nom,Damascus,Belle of the Ball,Raise a Native,Gold Digger,Nureyev,Pasadoble,トライマイベスト,Mill Princess,Blakeney,The Dancer,Sadler's Wells,Fall Aspen,Col Pickering,Nalatale,Bold Ruler,Polly Girl,Stratus,Victory Chant
2023102494,デクラレーションオブウォー,レットハーゴー,War Front,Tempo West,ネオユニヴァース,ファダラン,Danzig,Starry Dreamer,Rahy,Tempo,サンデーサイレンス,ポインテッドパス,Cherokee Run,ダンスールファビュルー,Northern Dancer,Pas de Nom,Rubiano,Lara's Star,Blushing Groom,Glorious Song,Gone West,Terpsichorist,Halo,Wishing Well,Kris,Silken Way,Runaway Groom,Cherokee Dame,Northern Dancer,Fabuleux Jane,Nearctic,Natalma,Admiral's Voyage,Petitioner,Fappiano,Ruby Slippers,Forli,True Reality,Red God,Runaway Bride,Halo,Ballade,Mr. Prospector,Secrettame,Nijinsky,Glad Rags,Hail to Reason,Cosmah,Understanding,Mountain Flower,Sharpen Up,Doubly Sure,Shantung,Boulevard,Blushing Groom,Yonnie Girl,Silver Saber,Dame Francesca,Nearctic,Natalma,Le Fabuleux,Native Partner
2023103726,サートゥルナーリア,リトルゲルダ,ロードカナロア,シーザリオ,Closing Argument,ビジューミス,キングカメハメハ,レディブラッサム,スペシャルウィーク,キロフプリミエール,Successful Appeal,Mrs. Greeley,Buddha,Above the Odds,Kingmambo,マンファス,Storm Cat,サラトガデュー,サンデーサイレンス,キャンペンガール,Sadler's Wells,Querida,Valid Appeal,Successful Dancer,Mr. Greeley,Rare Review,Unbridled's Song,Cahooters,Wild Again,Doppio Espresso,Mr. Prospector,Miesque,ラストタイクーン,Pilot Bird,Storm Bird,Terlingua,Cormorant,Super Luna,Halo,Wishing Well,マルゼンスキー,レディーシラオキ,Northern Dancer,Fairy Bridge,Habitat,Principia,In Reality,Desert Trial,Fortunate Prospect,Debonair Dancer,Gone West,Long Legend,Groovy,Royal Tantrum,Unbridled,Trolley Song,Storm Cat,Puss in Cahoots,Icecapade,Bushel-n-Peck,Java Gold,Eastern Dawn
2023103585,サートゥルナーリア,ランドスケープ,ロードカナロア,シーザリオ,ジャスタウェイ,ベストロケーション,キングカメハメハ,レディブラッサム,スペシャルウィーク,キロフプリミエール,ハーツクライ,シビル,クロフネ,ダイナアクトレス,Kingmambo,マンファス,Storm Cat,サラトガデュー,サンデーサイレンス,キャンペンガール,Sadler's Wells,Querida,サンデーサイレンス,アイリッシュダンス,Wild Again,シャロン,フレンチデピュティ,ブルーアヴェニュー,ノーザンテースト,モデルスポート,Mr. Prospector,Miesque,ラストタイクーン,Pilot Bird,Storm Bird,Terlingua,Cormorant,Super Luna,Halo,Wishing Well,マルゼンスキー,レディーシラオキ,Northern Dancer,Fairy Bridge,Habitat,Principia,Halo,Wishing Well,トニービン,ビューパーダンス,Icecapade,Bushel-n-Peck,Mo Exception,Double Wiggle,Deputy Minister,Mitterand,Classic Go Go,Eliza Blue,Northern Dancer,Lady Victoria,モデルフール,マジックゴデイス
2023106908,ポエティックフレア,ヴェルザンディ,Dawn Approach,Maria Lee,アグネスタキオン,ウインドインハーヘア,New Approach,Hymn Of The Dawn,ロックオブジブラルタル,Elida,サンデーサイレンス,アグネスフローラ,Alzao,Burghclere,Galileo,Park Express,Phone Trick,Colonial Debut,デインヒル,Offshore Boom,ロイヤルアカデミー,Saviour,Halo,Wishing Well,ロイヤルスキー,アグネスレディー,Lyphard,Lady Rebecca,Busted,Highclere,Sadler's Wells,Urban Sea,Ahonoora,Matcher,Clever Trick,Over the Phone,Pleasant Colony,Kittihawk Miss,Danzig,Razyana,Be My Guest,Push a Button,Nijinsky,Crimson Saint,Majestic Light,Victorian Queen,Hail to Reason,Cosmah,Understanding,Mountain Flower,Raja Baba,Coz o'Nijinsky,リマンド,イコマエイカン,Northern Dancer,Goofed,Sir Ivor,Pocahontas,Crepello,Sans le Sou,Queen's Hussar,Highlight
2023103354,サトノクラウン,エリンズロマーネ,Marju,ジョコンダ,ノヴェリスト,エリンコート,ラストタイクーン,Flame of Tara,Rossini,La Joconde,Monsun,Night Lagoon,デュランダル,エリンバード,トライマイベスト,Mill Princess,アーテイアス,Welsh Flame,Miswaki,Touch of Greatness,Vettori,Lust,Konigsstuhl,Mosella,Lagunas,Nenuphar,サンデーサイレンス,サワヤカプリンセス,Bluebird,Maid of Erin,Northern Dancer,Sex Appeal,Mill Reef,Irish Lass,Round Table,Stylish Pattern,Welsh Pageant,Electric Flash,Mr. Prospector,Hopespringseternal,Hero's Honor,Ivory Wand,Machiavellian,Air Distingue,Pursuit of Love,Pato,Dschingis Khan,Konigskronung,Surumu,Monasia,イルドブルボン,Liranga,Night Shift,Narola,Halo,Wishing Well,ノーザンテースト,スコッチプリンセス,Storm Bird,Ivory Dawn,Irish River,Dancing Shadow
2023101318,リオンディーズ,パフェムリ,キングカメハメハ,シーザリオ,ヴィクトワールピサ,タイヨウパフューム,Kingmambo,マンファス,スペシャルウィーク,キロフプリミエール,ネオユニヴァース,ホワイトウォーターアフェア,ジャングルポケット,ノーザンヴィーナス,Mr. Prospector,Miesque,ラストタイクーン,Pilot Bird,サンデーサイレンス,キャンペンガール,Sadler's Wells,Querida,サンデーサイレンス,ポインテッドパス,Machiavellian,Much Too Risky,トニービン,ダンスチャーマー,ノーザンテースト,ダボナアンビション,Raise a Native,Gold Digger,Nureyev,Pasadoble,トライマイベスト,Mill Princess,Blakeney,The Dancer,Halo,Wishing Well,マルゼンスキー,レディーシラオキ,Northern Dancer,Fairy Bridge,Habitat,Principia,Halo,Wishing Well,Kris,Silken Way,Mr. Prospector,Coup de Folie,Bustino,Short Rations,カンパラ,Severn Bridge,Nureyev,Skillful Joy,Northern Dancer,Lady Victoria,Seattle Slew,ダボナゴールド
2023102939,サトノアラジン,ブリングミージョイ,ディープインパクト,マジックストーム,ドゥラメンテ,エルラディユー,サンデーサイレンス,ウインドインハーヘア,Storm Cat,Foppy Dancer,キングカメハメハ,アドマイヤグルーヴ,Unbridled's Song,レーヴドフィユ,Halo,Wishing Well,Alzao,Burghclere,Storm Bird,Terlingua,Fappiano,Water Dance,Kingmambo,マンファス,サンデーサイレンス,エアグルーヴ,Unbridled,Trolley Song,Storm Cat,Bosra Sham,Hail to Reason,Cosmah,Understanding,Mountain Flower,Lyphard,Lady Rebecca,Busted,Highclere,Northern Dancer,South Ocean,Secretariat,Crimson Saint,Mr. Prospector,Killaloe,Nijinsky,Luiana,Mr. Prospector,Miesque,ラストタイクーン,Pilot Bird,Halo,Wishing Well,トニービン,ダイナカール,Fappiano,Gana Facil,Caro,Lucky Spell,Storm Bird,Terlingua,Woodman,Korveya
2023103607,エピファネイア,レッドレイチェル,シンボリクリスエス,シーザリオ,Medaglia d'Oro,クーデンビーチ,Kris S.,Tee Kay,スペシャルウィーク,キロフプリミエール,El Prado,Cappucino Bay,パントレセレブル,Joyful,Roberto,Sharp Queen,Gold Meridian,Tri Argo,サンデーサイレンス,キャンペンガール,Sadler's Wells,Querida,Sadler's Wells,Lady Capulet,Bailjumper,Dubbed In,Nureyev,Peinture Bleue,Green Desert,Optimistic Lass,Hail to Reason,Bramalea,Princequillo,Bridgework,Seattle Slew,Queen Louie,Tri Jet,Hail Proudly,Halo,Wishing Well,マルゼンスキー,レディーシラオキ,Northern Dancer,Fairy Bridge,Habitat,Principia,Northern Dancer,Fairy Bridge,Sir Ivor,Cap and Bells,Damascus,Court Circuit,Silent Screen,Society Singer,Northern Dancer,Special,Alydar,Petroleuse,Danzig,Foreign Courier,Mr. Prospector,Loveliest
2023100718,コントレイル,ピエナミント,ディープインパクト,ロードクロサイト,ノヴェリスト,スペシャルフロート,サンデーサイレンス,ウインドインハーヘア,Unbridled's Song,Folklore,Monsun,Night Lagoon,スペシャルウィーク,ダイイチフローネ,Halo,Wishing Well,Alzao,Burghclere,Unbridled,Trolley Song,Tiznow,Contrive,Konigsstuhl,Mosella,Lagunas,Nenuphar,サンデーサイレンス,キャンペンガール,リアルシャダイ,レガシーオブストレングス,Hail to Reason,Cosmah,Understanding,Mountain Flower,Lyphard,Lady Rebecca,Busted,Highclere,Fappiano,Gana Facil,Caro,Lucky Spell,Cee's Tizzy,Cee's Song,Storm Cat,Jeano,Dschingis Khan,Konigskronung,Surumu,Monasia,イルドブルボン,Liranga,Night Shift,Narola,Halo,Wishing Well,マルゼンスキー,レディーシラオキ,Roberto,Desert Vixen,Affirmed,Katonka
2023100472,コントレイル,ストレイトガール,ディープインパクト,ロードクロサイト,フジキセキ,ネヴァーピリオド,サンデーサイレンス,ウインドインハーヘア,Unbridled's Song,Folklore,サンデーサイレンス,ミルレーサー,タイキシャトル,フューチャハッピー,Halo,Wishing Well,Alzao,Burghclere,Unbridled,Trolley Song,Tiznow,Contrive,Halo,Wishing Well,Le Fabuleux,Marston's Mill,Devil's Bag,ウェルシュマフィン,デインヒル,タイセイカグラ,Hail to Reason,Cosmah,Understanding,Mountain Flower,Lyphard,Lady Rebecca,Busted,Highclere,Fappiano,Gana Facil,Caro,Lucky Spell,Cee's Tizzy,Cee's Song,Storm Cat,Jeano,Hail to Reason,Cosmah,Understanding,Mountain Flower,Wild Risk,Anguar,In Reality,Millicent,Halo,Ballade,Caerleon,Muffitys,Danzig,Razyana,モーニングフローリック,ミリーバード
2023105350,サートゥルナーリア,グァカモーレ,ロードカナロア,シーザリオ,Flat Out,Officially,キングカメハメハ,レディブラッサム,スペシャルウィーク,キロフプリミエール,Flatter,Cresta Lil,Officer,Shepherd's Moon,Kingmambo,マンファス,Storm Cat,サラトガデュー,サンデーサイレンス,キャンペンガール,Sadler's Wells,Querida,A.P. Indy,Praise,Cresta Rider,Rugosa,Bertrando,St. Helens Shadow,Silver Hawk,Look North,Mr. Prospector,Miesque,ラストタイクーン,Pilot Bird,Storm Bird,Terlingua,Cormorant,Super Luna,Halo,Wishing Well,マルゼンスキー,レディーシラオキ,Northern Dancer,Fairy Bridge,Habitat,Principia,Seattle Slew,Weekend Surprise,Mr. Prospector,Wild Applause,Northern Dancer,Thoroly Blue,Double Jay,Rose,Skywalker,Gentle Hands,Septieme Ciel,Little Bar Fly,Roberto,Gris Vitesse,Northern Dancer,Passing Look
2023101884,ダノンプレミアム,キーポケット,ディープインパクト,インディアナギャル,デヒア,ターフメビュース,サンデーサイレンス,ウインドインハーヘア,Intikhab,Genial Jenny,Deputy Minister,Sister Dot,エブロス,ローマステーション,Halo,Wishing Well,Alzao,Burghclere,Red Ransom,Crafty Example,デインヒル,Joma Kaanem,Vice Regent,Mint Copy,Secretariat,Sword Game,Mr. Prospector,Scuff,Law Society,アルパインスウィフト,Hail to Reason,Cosmah,Understanding,Mountain Flower,Lyphard,Lady Rebecca,Busted,Highclere,Roberto,アラビア,Crafty Prospector,Zienelle,Danzig,Razyana,Double Form,Ash Lawn,Northern Dancer,Victoria Regina,Bunty's Flight,Shakney,Bold Ruler,Somethingroyal,Damascus,Bill and I,Raise a Native,Gold Digger,Forli,Moccasin,Alleged,Bold Bikini,Storm Bird,La Dame Du Lac
2023102073,オルフェーヴル,ピエールドリュヌ,ステイゴールド,オリエンタルアート,キングカメハメハ,ムーンザドリーム,サンデーサイレンス,ゴールデンサッシュ,メジロマックイーン,エレクトロアート,Kingmambo,マンファス,ダンスインザダーク,ミヨシチェリー,Halo,Wishing Well,ディクタス,ダイナサッシュ,メジロティターン,メジロオーロラ,ノーザンテースト,グランマスティーヴンス,Mr. Prospector,Miesque,ラストタイクーン,Pilot Bird,サンデーサイレンス,ダンシングキイ,メンデス,ミズノコマチ,Hail to Reason,Cosmah,Understanding,Mountain Flower,Sanctus,Doronic,ノーザンテースト,ロイヤルサッシュ,メジロアサマ,シエリル,リマンド,メジロアイリス,Northern Dancer,Lady Victoria,Lt. Stevens,Dhow,Raise a Native,Gold Digger,Nureyev,Pasadoble,トライマイベスト,Mill Princess,Blakeney,The Dancer,Halo,Wishing Well,Nijinsky,Key Partner,ベリファ,Miss Carina,フィダルゴ,ラインランド
2023103573,ロードカナロア,メンディド,キングカメハメハ,レディブラッサム,Broken Vow,Fair and Square,Kingmambo,マンファス,Storm Cat,サラトガデュー,Unbridled,Wedding Vow,Awesome Again,Untarnished,Mr. Prospector,Miesque,ラストタイクーン,Pilot Bird,Storm Bird,Terlingua,Cormorant,Super Luna,Fappiano,Gana Facil,Nijinsky,Wedding Picture,Deputy Minister,Primal Force,Unbridled,Banshee Winds,Raise a Native,Gold Digger,Nureyev,Pasadoble,トライマイベスト,Mill Princess,Blakeney,The Dancer,Northern Dancer,South Ocean,Secretariat,Crimson Saint,His Majesty,Song Sparrow,In Reality,Alada,Mr. Prospector,Killaloe,Le Fabuleux,Charedi,Northern Dancer,Flaming Page,Blushing Groom,Strike a Pose,Vice Regent,Mint Copy,Blushing Groom,Prime Prospect,Fappiano,Gana Facil,Known Fact,Quack a Doodledoo
2023105286,コントレイル,コンヴィクション,ディープインパクト,ロードクロサイト,City Banker,Cronwell Land,サンデーサイレンス,ウインドインハーヘア,Unbridled's Song,Folklore,Lode,Cirandinha,サザンヘイロー,Crown Golda,Halo,Wishing Well,Alzao,Burghclere,Unbridled,Trolley Song,Tiznow,Contrive,Mr. Prospector,Grand Luxe,Ibero,Cintilante,Halo,Northern Sea,Crown Thy Good,Gevar,Hail to Reason,Cosmah,Understanding,Mountain Flower,Lyphard,Lady Rebecca,Busted,Highclere,Fappiano,Gana Facil,Caro,Lucky Spell,Cee's Tizzy,Cee's Song,Storm Cat,Jeano,Raise a Native,Gold Digger,Sir Ivor,Fanfreluche,Cinco Grande,Iberienne,オジジアン,Harvard's Bay,Hail to Reason,Cosmah,Northern Dancer,Sea Saga,Hoist the Flag,Society Column,Right of Way,Zaris
2023101375,キタサンブラック,シナジーウィスパー,ブラックタイド,シュガーハート,ネオユニヴァース,エヴリウィスパー,サンデーサイレンス,ウインドインハーヘア,サクラバクシンオー,オトメゴコロ,サンデーサイレンス,ポインテッドパス,ノーザンテースト,クラフテイワイフ,Halo,Wishing Well,Alzao,Burghclere,サクラユタカオー,サクラハゴロモ,ジャッジアンジェルーチ,テイズリー,Halo,Wishing Well,Kris,Silken Way,Northern Dancer,Lady Victoria,Crafty Prospector,Wife Mistress,Hail to Reason,Cosmah,Understanding,Mountain Flower,Lyphard,Lady Rebecca,Busted,Highclere,テスコボーイ,アンジェリカ,ノーザンテースト,クリアアンバー,Honest Pleasure,Victorian Queen,Lyphard,Tizna,Hail to Reason,Cosmah,Understanding,Mountain Flower,Sharpen Up,Doubly Sure,Shantung,Boulevard,Nearctic,Natalma,Victoria Park,Lady Angela,Mr. Prospector,Real Crafty Lady,Secretariat,Political Payoff
2023105404,コントレイル,スルターナ,ディープインパクト,ロードクロサイト,キングヘイロー,ラヴァーズレーン,サンデーサイレンス,ウインドインハーヘア,Unbridled's Song,Folklore,ダンシングブレーヴ,グッバイヘイロー,メジロライアン,モガミヒメ,Halo,Wishing Well,Alzao,Burghclere,Unbridled,Trolley Song,Tiznow,Contrive,Lyphard,Navajo Princess,Halo,Pound Foolish,アンバーシャダイ,メジロチェイサー,カコイーシーズ,モガミポイント,Hail to Reason,Cosmah,Understanding,Mountain Flower,Lyphard,Lady Rebecca,Busted,Highclere,Fappiano,Gana Facil,Caro,Lucky Spell,Cee's Tizzy,Cee's Song,Storm Cat,Jeano,Northern Dancer,Goofed,Drone,Olmec,Hail to Reason,Cosmah,Sir Ivor,Squander,ノーザンテースト,クリアアンバー,メジロサンマン,シエリル,Alydar,Careless Notion,マルゼンスキー,ポイントメーカー
2023105971,フィエールマン,メモリーコロネット,ディープインパクト,リュヌドール,ロードカナロア,メモリーパフィア,サンデーサイレンス,ウインドインハーヘア,Green Tune,Luth d'Or,キングカメハメハ,レディブラッサム,ノボジャック,メモリーラマン,Halo,Wishing Well,Alzao,Burghclere,Green Dancer,Soundings,Noir Et Or,Viole d'Amour,Kingmambo,マンファス,Storm Cat,サラトガデュー,フレンチデピュティ,フライトオブエンジェルス,トニービン,パーカツシヨン,Hail to Reason,Cosmah,Understanding,Mountain Flower,Lyphard,Lady Rebecca,Busted,Highclere,Nijinsky,Green Valley,Mr. Prospector,Ocean's Answer,ラインゴールド,Pomme Rose,Luthier,Mandolinette,Mr. Prospector,Miesque,ラストタイクーン,Pilot Bird,Storm Bird,Terlingua,Cormorant,Super Luna,Deputy Minister,Mitterand,アフリート,Intently,カンパラ,Severn Bridge,Lyphard,Rose de Saron
2023104390,キズナ,ザナ,ディープインパクト,キャットクイル,Galileo,Maskaya,サンデーサイレンス,ウインドインハーヘア,Storm Cat,Pacific Princess,Sadler's Wells,Urban Sea,Machiavellian,Majinskaya,Halo,Wishing Well,Alzao,Burghclere,Storm Bird,Terlingua,Damascus,Fiji,Northern Dancer,Fairy Bridge,Miswaki,Allegretta,Mr. Prospector,Coup de Folie,Marignan,Makarova,Hail to Reason,Cosmah,Understanding,Mountain Flower,Lyphard,Lady Rebecca,Busted,Highclere,Northern Dancer,South Ocean,Secretariat,Crimson Saint,Sword Dancer,Kerala,Acropolis,Rififi,Nearctic,Natalma,Bold Reason,Special,Mr. Prospector,Hopespringseternal,Lombard,Anatevka,Raise a Native,Gold Digger,Halo,Raise the Standard,Blushing Groom,Madelia,Nijinsky,Midou
2023107272,サトノダイヤモンド,メチャコルタ,ディープインパクト,マルペンサ,El Corredor,Aqui Lulu,サンデーサイレンス,ウインドインハーヘア,Orpen,Marsella,Mr. Greeley,Silvery Swan,Lucky Roberto,Great Stampa,Halo,Wishing Well,Alzao,Burghclere,Lure,Bonita Francita,サザンヘイロー,Riviere,Gone West,Long Legend,Silver Deputy,Sociable Duck,Belong to Me,Roberto's Gal,Senor Pete,Bella Stampa,Hail to Reason,Cosmah,Understanding,Mountain Flower,Lyphard,Lady Rebecca,Busted,Highclere,Danzig,Endear,Devil's Bag,Raise the Standard,Halo,Northern Sea,Logical,Talonada,Mr. Prospector,Secrettame,Reviewer,Lianga,Deputy Minister,Silver Valley,Quack,Unsociable,Danzig,Belonging,Roberto,Grafitti Gal,Green Dancer,She Won't Tell,Gold Alert,Go Forward
2023102601,エピファネイア,パイネ,シンボリクリスエス,シーザリオ,ディープインパクト,ミスアンコール,Kris S.,Tee Kay,スペシャルウィーク,キロフプリミエール,サンデーサイレンス,ウインドインハーヘア,キングカメハメハ,ブロードアピール,Roberto,Sharp Queen,Gold Meridian,Tri Argo,サンデーサイレンス,キャンペンガール,Sadler's Wells,Querida,Halo,Wishing Well,Alzao,Burghclere,Kingmambo,マンファス,Broad Brush,Valid Allure,Hail to Reason,Bramalea,Princequillo,Bridgework,Seattle Slew,Queen Louie,Tri Jet,Hail Proudly,Halo,Wishing Well,マルゼンスキー,レディーシラオキ,Northern Dancer,Fairy Bridge,Habitat,Principia,Hail to Reason,Cosmah,Understanding,Mountain Flower,Lyphard,Lady Rebecca,Busted,Highclere,Mr. Prospector,Miesque,ラストタイクーン,Pilot Bird,Ack Ack,Hay Patcher,Valid Appeal,Alluring Girl
2023104289,ファインニードル,マンノアクトレス,アドマイヤムーン,ニードルクラフト,ハーツクライ,ウェーブクイーン,エンドスウィープ,マイケイティーズ,Mark of Esteem,Sharp Point,サンデーサイレンス,アイリッシュダンス,サッカーボーイ,マウンテンクィーン,フォーティナイナー,Broom Dance,サンデーサイレンス,ケイティーズファースト,Darshaan,Homage,ロイヤルアカデミー,Nice Point,Halo,Wishing Well,トニービン,ビューパーダンス,ディクタス,ダイナサッシュ,ニゾン,ヤマカクイン,Mr. Prospector,File,Dance Spell,Witching Hour,Halo,Wishing Well,Kris,Katies,Shirley Heights,Delsy,Ajdal,Home Love,Nijinsky,Crimson Saint,Sharpen Up,Alpine Niece,Hail to Reason,Cosmah,Understanding,Mountain Flower,カンパラ,Severn Bridge,Lyphard,My Bupers,Sanctus,Doronic,ノーザンテースト,ロイヤルサッシュ,Nijinsky,Exit Smiling,バーボンプリンス,フエンス
2023104675,キズナ,ゼフィランサス,ディープインパクト,キャットクイル,キングヘイロー,モガミヒメ,サンデーサイレンス,ウインドインハーヘア,Storm Cat,Pacific Princess,ダンシングブレーヴ,グッバイヘイロー,カコイーシーズ,モガミポイント,Halo,Wishing Well,Alzao,Burghclere,Storm Bird,Terlingua,Damascus,Fiji,Lyphard,Navajo Princess,Halo,Pound Foolish,Alydar,Careless Notion,マルゼンスキー,ポイントメーカー,Hail to Reason,Cosmah,Understanding,Mountain Flower,Lyphard,Lady Rebecca,Busted,Highclere,Northern Dancer,South Ocean,Secretariat,Crimson Saint,Sword Dancer,Kerala,Acropolis,Rififi,Northern Dancer,Goofed,Drone,Olmec,Hail to Reason,Cosmah,Sir Ivor,Squander,Raise a Native,Sweet Tooth,Jester,Miss Uppity,Nijinsky,シル,ボールドラツド,クリヒデ
2023104348,リアルスティール,プリティカポレイ,ディープインパクト,ラヴズオンリーミー,クロフネ,タイムフェアレディ,サンデーサイレンス,ウインドインハーヘア,Storm Cat,Monevassia,フレンチデピュティ,ブルーアヴェニュー,メジロマックイーン,トキファイター,Halo,Wishing Well,Alzao,Burghclere,Storm Bird,Terlingua,Mr. Prospector,Miesque,Deputy Minister,Mitterand,Classic Go Go,Eliza Blue,メジロティターン,メジロオーロラ,カツラギエース,ダンシングファイタ,Hail to Reason,Cosmah,Understanding,Mountain Flower,Lyphard,Lady Rebecca,Busted,Highclere,Northern Dancer,South Ocean,Secretariat,Crimson Saint,Raise a Native,Gold Digger,Nureyev,Pasadoble,Vice Regent,Mint Copy,Hold Your Peace,Laredo Lass,Pago Pago,Classic Perfection,Icecapade,コレラ,メジロアサマ,シエリル,リマンド,メジロアイリス,ボイズィーボーイ,タニノベンチヤ,ダンシングキャップ,キシューファイター
2023106126,ゴールドシップ,イロジカケ,ステイゴールド,ポイントフラッグ,クロフネ,リッジローズ,サンデーサイレンス,ゴールデンサッシュ,メジロマックイーン,パストラリズム,フレンチデピュティ,ブルーアヴェニュー,Sadler's Wells,Fig Tree Drive,Halo,Wishing Well,ディクタス,ダイナサッシュ,メジロティターン,メジロオーロラ,プルラリズム,トクノエイティー,Deputy Minister,Mitterand,Classic Go Go,Eliza Blue,Northern Dancer,Fairy Bridge,Miswaki,Rose O'Riley,Hail to Reason,Cosmah,Understanding,Mountain Flower,Sanctus,Doronic,ノーザンテースト,ロイヤルサッシュ,メジロアサマ,シエリル,リマンド,メジロアイリス,The Minstrel,Cambretta,トライバルチーフ,アイアンルビー,Vice Regent,Mint Copy,Hold Your Peace,Laredo Lass,Pago Pago,Classic Perfection,Icecapade,コレラ,Nearctic,Natalma,Bold Reason,Special,Mr. Prospector,Hopespringseternal,Nijinsky,Rosetta Stone
2022100476,フォーウィールドライブ,ケージーハッピー,American Pharoah,Funfair,ジェイドロバリー,ナポレオンオオミネ,Pioneerof the Nile,Littleprincessemma,More Than Ready,Fleuron,Mr. Prospector,Number,ダンスインザダーク,アクチンアグリー,エンパイアメーカー,Star of Goshen,Yankee Gentleman,Exclusive Rosette,サザンヘイロー,Woodman's Girl,Distant View,Flamboyance,Raise a Native,Gold Digger,Nijinsky,Special,サンデーサイレンス,ダンシングキイ,Bold Ruckus,アサーティブプリンセス,Unbridled,Toussaud,Lord at War,Castle Eight,Storm Cat,Key Phrase,Ecliptical,Zetta Jet,Halo,Northern Sea,Woodman,Becky Be Good,Mr. Prospector,Seven Springs,Zilzal,Bridal Wreath,Native Dancer,Raise You,Nashua,Sequence,Northern Dancer,Flaming Page,Forli,Thong,Halo,Wishing Well,Nijinsky,Key Partner,Boldnesian,Raise a Ruckus,Assert,Pacific Princess
2022100333,ナダル,ヒシアルコル,Blame,Ascending Angel,ダイワメジャー,ヒシピナクル,Arch,Liable,Pulpit,Solar Colony,サンデーサイレンス,スカーレットブーケ,Theatrical,Katies,Kris S.,Aurora,Seeking the Gold,Bound,A.P. Indy,Preach,Pleasant Colony,Meteor Stage,Halo,Wishing Well,ノーザンテースト,スカーレットインク,Nureyev,ツリーオブノレッジ,ノノアルコ,Mortefontaine,Roberto,Sharp Queen,Danzig,Althea,Mr. Prospector,Con Game,Nijinsky,Special,Seattle Slew,Weekend Surprise,Mr. Prospector,Narrate,His Majesty,Sun Colony,Stage Door Johnny,Northern Meteor,Hail to Reason,Cosmah,Understanding,Mountain Flower,Northern Dancer,Lady Victoria,Crimson Satan,Consentida,Northern Dancer,Special,Sassafras,Sensibility,Nearctic,Seximee,ポリック,Brabantia
2022105321,ブリックスアンドモルタル,コンテスティッド,Giant's Causeway,Beyond the Waves,Ghostzapper,Gold Vault,Storm Cat,Mariah's Storm,Ocean Crest,Excedent,Awesome Again,Baby Zip,Arch,Questress,Storm Bird,Terlingua,Rahy,イメンス,Storm Bird,S.S.Aroma,Exceller,Broadway Lullaby,Deputy Minister,Primal Force,Relaunch,Thirty Zip,Kris S.,Aurora,Seeking the Gold,Nahema,Northern Dancer,South Ocean,Secretariat,Crimson Saint,Blushing Groom,Glorious Song,Roberto,Imsodear,Northern Dancer,South Ocean,Seattle Slew,Rare Bouquet,Vaguely Noble,Too Bald,Stage Door Johnny,リットルブレツシング,Vice Regent,Mint Copy,Blushing Groom,Prime Prospect,In Reality,Foggy Note,Tri Jet,Sailaway,Roberto,Sharp Queen,Danzig,Althea,Mr. Prospector,Con Game,Believe It,Flickering Star
2022106177,マクフィ,ミラクルクロス,Dubawi,Dhelaal,フジキセキ,ロイヤルクロス,Dubai Millennium,Zomaradah,Green Desert,Irish Valley,サンデーサイレンス,ミルレーサー,スリルショー,スタームーン,Seeking the Gold,Colorado Dancer,Deploy,Jawaher,Danzig,Foreign Courier,Irish River,Green Valley,Halo,Wishing Well,Le Fabuleux,Marston's Mill,Northern Baby,Splendid Girl,シャトーゲイ,ブラックバトー,Mr. Prospector,Con Game,Shareef Dancer,Fall Aspen,Shirley Heights,Slightly Dangerous,ダンシングブレーヴ,High Tern,Northern Dancer,Pas de Nom,Sir Ivor,Courtly Dee,Riverman,Irish Star,Val de Loir,Sly Pola,Hail to Reason,Cosmah,Understanding,Mountain Flower,Wild Risk,Anguar,In Reality,Millicent,Northern Dancer,Two Rings,Golden Eagle,Coccinea,Swaps,Banquet Bell,ヒンドスタン,チエス
2021102162,ラブリーデイ,アンドリエッテ,キングカメハメハ,ポップコーンジャズ,ディープインパクト,アナバシュドチャーム,Kingmambo,マンファス,ダンスインザダーク,グレイスルーマー,サンデーサイレンス,ウインドインハーヘア,Silver Deputy,Unbridled Hope,Mr. Prospector,Miesque,ラストタイクーン,Pilot Bird,サンデーサイレンス,ダンシングキイ,トニービン,ディスクジョッキー,Halo,Wishing Well,Alzao,Burghclere,Deputy Minister,Silver Valley,Unbridled,D'Youville Nurse,Raise a Native,Gold Digger,Nureyev,Pasadoble,トライマイベスト,Mill Princess,Blakeney,The Dancer,Halo,Wishing Well,Nijinsky,Key Partner,カンパラ,Severn Bridge,リアルシャダイ,シャダイチャッター,Hail to Reason,Cosmah,Understanding,Mountain Flower,Lyphard,Lady Rebecca,Busted,Highclere,Vice Regent,Mint Copy,Mr. Prospector,Seven Valleys,Fappiano,Gana Facil,Dr. Blum,Field Point Road
2022101684,サンダースノー,ブルーミスト,Helmet,Eastern Joy,スクリーンヒーロー,ブルーストーン,Exceed And Excel,Accessories,Dubai Destination,Red Slippers,グラスワンダー,ランニングヒロイン,コマンズ,オルダニー,デインヒル,Patrona,シングスピール,Anna Matrushka,Kingmambo,Mysterial,Nureyev,Morning Devotion,Silver Hawk,Ameriflora,サンデーサイレンス,ダイナアクトレス,デインヒル,Cotehele House,Elusive Quality,Adonesque,Danzig,Razyana,Lomond,Gladiolus,In the Wings,Glorious Song,Mill Reef,Anna Paola,Mr. Prospector,Miesque,Alleged,Mysteries,Northern Dancer,Special,Affirmed,Morning Has Broken,Roberto,Gris Vitesse,Danzig,Graceful Touch,Halo,Wishing Well,ノーザンテースト,モデルスポート,Danzig,Razyana,My Swanee,Eight Carat,Gone West,Touch of Greatness,Sadler's Wells,Mira Adonde
2021105078,ドレフォン,ジュリエットベール,Gio Ponti,Eltimaas,ヴィクトワールピサ,マリアロワイヤル,Tale of the Cat,Chipeta Springs,Ghostzapper,Najecam,ネオユニヴァース,ホワイトウォーターアフェア,モンジュー,Notable,Storm Cat,Yarn,Alydar,Salt Spring,Awesome Again,Baby Zip,Trempolino,Sue Warner,サンデーサイレンス,ポインテッドパス,Machiavellian,Much Too Risky,Sadler's Wells,Floripedes,Zafonic,Nesaah,Storm Bird,Terlingua,Mr. Prospector,Narrate,Raise a Native,Sweet Tooth,Salt Marsh,Jungle Mythologic,Deputy Minister,Primal Force,Relaunch,Thirty Zip,Sharpen Up,Trephine,Forli,Bitty Girl,Halo,Wishing Well,Kris,Silken Way,Mr. Prospector,Coup de Folie,Bustino,Short Rations,Northern Dancer,Fairy Bridge,Top Ville,Toute Cy,Gone West,Zaizafon,Topsider,Sylph
2022100725,ロードカナロア,ジャストアスミッジ,キングカメハメハ,レディブラッサム,Into Mischief,Pooh Corner,Kingmambo,マンファス,Storm Cat,サラトガデュー,Harlan's Holiday,Leslie's Lady,Tapit,Opulent,Mr. Prospector,Miesque,ラストタイクーン,Pilot Bird,Storm Bird,Terlingua,Cormorant,Super Luna,Harlan,Christmas in Aiken,Tricky Creek,Crystal Lady,Pulpit,Tap Your Heels,Meadowlake,Katilac Ofthestars,Raise a Native,Gold Digger,Nureyev,Pasadoble,トライマイベスト,Mill Princess,Blakeney,The Dancer,Northern Dancer,South Ocean,Secretariat,Crimson Saint,His Majesty,Song Sparrow,In Reality,Alada,Storm Cat,Country Romance,Affirmed,Dowager,Clever Trick,Battle Creek Girl,Stop the Music,One Last Bird,A.P. Indy,Preach,Unbridled,Ruby Slippers,Hold Your Peace,Suspicious Native,Katowice,Above the Stars
2022105364,ダノンレジェンド,ジャドール,Macho Uno,マイグッドネス,フジキセキ,イージーラヴァー,Holy Bull,Primal Force,Storm Cat,Caressing,サンデーサイレンス,ミルレーサー,Alwasmi,Colors Inthe Storm,Great Above,Sharon Brown,Blushing Groom,Prime Prospect,Storm Bird,Terlingua,Honour and Glory,Lovin Touch,Halo,Wishing Well,Le Fabuleux,Marston's Mill,Northern Dancer,Height of Fashion,Relaunch,Color Me Beautiful,Minnesota Mac,Ta Wee,Al Hattab,Agathea's Dawn,Red God,Runaway Bride,Mr. Prospector,Square Generation,Northern Dancer,South Ocean,Secretariat,Crimson Saint,Relaunch,Fair to All,Majestic Prince,Forest Princess,Hail to Reason,Cosmah,Understanding,Mountain Flower,Wild Risk,Anguar,In Reality,Millicent,Nearctic,Natalma,Bustino,Highclere,In Reality,Foggy Note,Vice Regent,Floral Victory
2022105813,スワーヴリチャード,タイムハンドラー,ハーツクライ,ピラミマ,ディープブリランテ,タイムトラベリング,サンデーサイレンス,アイリッシュダンス,Unbridled's Song,キャリアコレクション,ディープインパクト,ラヴアンドバブルズ,ブライアンズタイム,ジョリーザザ,Halo,Wishing Well,トニービン,ビューパーダンス,Unbridled,Trolley Song,General Meeting,River of Stars,サンデーサイレンス,ウインドインハーヘア,Loup Sauvage,バブルドリーム,Roberto,Kelley's Day,Alzao,Bold Lady,Hail to Reason,Cosmah,Understanding,Mountain Flower,カンパラ,Severn Bridge,Lyphard,My Bupers,Fappiano,Gana Facil,Caro,Lucky Spell,Seattle Slew,Alydar's Promise,Riverman,Star Fortune,Halo,Wishing Well,Alzao,Burghclere,Riverman,Louveterie,Akarad,バブルプロスペクター,Hail to Reason,Bramalea,Graustark,Golden Trail,Lyphard,Lady Rebecca,ボールドラツド,Tredam
2022106013,ポアゾンブラック,ジョジョニー,マイネルラヴ,サンライトチーフ,ゴールドアリュール,タカヒロスニッツ,Seeking the Gold,Heart of Joy,チーフベアハート,サンライトコール,サンデーサイレンス,ニキーヤ,スニッツェル,キョウエイペルレ,Mr. Prospector,Con Game,リィフォー,Mythographer,Chief's Crown,Amelia Bearhart,スルーザドラゴン,イズミサンエイ,Halo,Wishing Well,Nureyev,Reluctant Guest,Redoute's Choice,Snippets' Lass,ワージブ,ケイシュウハーブ,Raise a Native,Gold Digger,Buckpasser,Broadway,Lyphard,Klaizia,Secretariat,Arachne,Danzig,Six Crowns,Bold Hour,Myrtlewood Lass,Seattle Slew,Gueniviere,クラウンドプリンス,シユウエイホープ,Hail to Reason,Cosmah,Understanding,Mountain Flower,Northern Dancer,Special,Hostage,Vaguely Royal,デインヒル,Shantha's Choice,Snippets,Snow Finch,トライマイベスト,Coryana,ミシシッピアン,キョウエイシラユキ
2022106998,ゴールドドリーム,スターペスユウコ,ゴールドアリュール,モンヴェール,バトルライン,ピアローズ,サンデーサイレンス,ニキーヤ,フレンチデピュティ,スペシャルジェイド,オジジアン,Line of Thunder,ジェニュイン,ピアマキシム,Halo,Wishing Well,Nureyev,Reluctant Guest,Deputy Minister,Mitterand,Cox's Ridge,Statistic,Damascus,Gonfalon,Storm Bird,Shoot a Line,サンデーサイレンス,クルーピアレディー,Diesis,Pia Bride,Hail to Reason,Cosmah,Understanding,Mountain Flower,Northern Dancer,Special,Hostage,Vaguely Royal,Vice Regent,Mint Copy,Hold Your Peace,Laredo Lass,Best Turn,Our Martha,Mr. Prospector,Number,Sword Dancer,Kerala,Francis S.,Grand Splendor,Northern Dancer,South Ocean,High Line,Death Ray,Halo,Wishing Well,What Luck,Question d'Argent,Sharpen Up,Doubly Sure,El Gran Senor,Beaming Bride
2022101725,ドゥラメンテ,エリザベスムーン,キングカメハメハ,アドマイヤグルーヴ,ダンスインザダーク,エリザベスローズ,Kingmambo,マンファス,サンデーサイレンス,エアグルーヴ,サンデーサイレンス,ダンシングキイ,ノーザンテースト,ノーベンバーローズ,Mr. Prospector,Miesque,ラストタイクーン,Pilot Bird,Halo,Wishing Well,トニービン,ダイナカール,Halo,Wishing Well,Nijinsky,Key Partner,Northern Dancer,Lady Victoria,Caro,Jedina,Raise a Native,Gold Digger,Nureyev,Pasadoble,トライマイベスト,Mill Princess,Blakeney,The Dancer,Hail to Reason,Cosmah,Understanding,Mountain Flower,カンパラ,Severn Bridge,ノーザンテースト,シャダイフェザー,Hail to Reason,Cosmah,Understanding,Mountain Flower,Northern Dancer,Flaming Page,Key to the Mint,Native Partner,Nearctic,Natalma,Victoria Park,Lady Angela,フォルティノ,Chambord,What a Pleasure,Killaloe
2021104138,リオンディーズ,パイオニアプライド,キングカメハメハ,シーザリオ,クロフネ,グローバルピース,Kingmambo,マンファス,スペシャルウィーク,キロフプリミエール,フレンチデピュティ,ブルーアヴェニュー,サンデーサイレンス,エミネントガール,Mr. Prospector,Miesque,ラストタイクーン,Pilot Bird,サンデーサイレンス,キャンペンガール,Sadler's Wells,Querida,Deputy Minister,Mitterand,Classic Go Go,Eliza Blue,Halo,Wishing Well,Nashwan,タレンティドガール,Raise a Native,Gold Digger,Nureyev,Pasadoble,トライマイベスト,Mill Princess,Blakeney,The Dancer,Halo,Wishing Well,マルゼンスキー,レディーシラオキ,Northern Dancer,Fairy Bridge,Habitat,Principia,Vice Regent,Mint Copy,Hold Your Peace,Laredo Lass,Pago Pago,Classic Perfection,Icecapade,コレラ,Hail to Reason,Cosmah,Understanding,Mountain Flower,Blushing Groom,Height of Fashion,リマンド,チヨダマサコ
2021105839,ドレフォン,ラテラス,Gio Ponti,Eltimaas,Harlan's Holiday,Garden Party,Tale of the Cat,Chipeta Springs,Ghostzapper,Najecam,Harlan,Christmas in Aiken,エーピージェット,Damerelle,Storm Cat,Yarn,Alydar,Salt Spring,Awesome Again,Baby Zip,Trempolino,Sue Warner,Storm Cat,Country Romance,Affirmed,Dowager,Fappiano,Taminette,King's Bishop,Cheddar Pink,Storm Bird,Terlingua,Mr. Prospector,Narrate,Raise a Native,Sweet Tooth,Salt Marsh,Jungle Mythologic,Deputy Minister,Primal Force,Relaunch,Thirty Zip,Sharpen Up,Trephine,Forli,Bitty Girl,Storm Bird,Terlingua,Halo,Sweet Romance,Exclusive Native,Won't Tell You,Honest Pleasure,Princessnesian,Mr. Prospector,Killaloe,In Reality,Tamerett,Round Table,Spearfish,Olden Times,Dianthus
2021106060,スノードラゴン,プリンセスレジーナ,アドマイヤコジーン,マイネカプリース,トーセンジョーダン,マイネレジーナ,Cozzene,アドマイヤマカディ,タヤスツヨシ,ダイナカプリ,ジャングルポケット,エヴリウィスパー,サンデーサイレンス,フミノスキー,Caro,Ride the Trails,ノーザンテースト,ミセスマカディー,サンデーサイレンス,マガロ,サウスアトランティック,ダイナギフト,トニービン,ダンスチャーマー,ノーザンテースト,クラフテイワイフ,Halo,Wishing Well,マルゼンスキー,ベンドユウホウ,フォルティノ,Chambord,Prince John,Wildwook,Northern Dancer,Lady Victoria,トライバルチーフ,Hanina,Halo,Wishing Well,Caro,Magic,Mill Reef,Arkadina,エルセンタウロ,ロイヤルサッシュ,カンパラ,Severn Bridge,Nureyev,Skillful Joy,Northern Dancer,Lady Victoria,Crafty Prospector,Wife Mistress,Hail to Reason,Cosmah,Understanding,Mountain Flower,Nijinsky,シル,ダイハード,タイイサミ
2023105560,ベンバトル,ナスノフォルテ,Dubawi,Nahrain,ジャスタウェイ,ナスノシベリウス,Dubai Millennium,Zomaradah,Selkirk,Bahr,ハーツクライ,シビル,Unbridled's Song,Cradlesong,Seeking the Gold,Colorado Dancer,Deploy,Jawaher,Sharpen Up,Annie Edge,ジェネラス,Lady of the Sea,サンデーサイレンス,アイリッシュダンス,Wild Again,シャロン,Unbridled,Trolley Song,Pine Bluff,Happy Tune,Mr. Prospector,Con Game,Shareef Dancer,Fall Aspen,Shirley Heights,Slightly Dangerous,ダンシングブレーヴ,High Tern,エタン,Rocchetta,Nebbiolo,Friendly Court,Caerleon,Doff the Derby,Mill Reef,La Mer,Halo,Wishing Well,トニービン,ビューパーダンス,Icecapade,Bushel-n-Peck,Mo Exception,Double Wiggle,Fappiano,Gana Facil,Caro,Lucky Spell,Danzig,Rowdy Angel,A.P. Indy,Hum Along
2023105223,ハービンジャー,スターズインヘヴン,Dansili,Penang Pearl,ワークフォース,ハンドレッドスコア,デインヒル,Hasili,Bering,Guapa,キングズベスト,Soviet Moon,ホワイトマズル,サンデーエイコーン,Danzig,Razyana,Kahyasi,Kerali,Arctic Tern,Beaune,Shareef Dancer,Sauceboat,Kingmambo,Allegretta,Sadler's Wells,Eva Luna,ダンシングブレーヴ,Fair of the Furze,サンデーサイレンス,エイコーンカップ,Northern Dancer,Pas de Nom,His Majesty,Spring Adieu,イルドブルボン,Kadissya,High Line,Sookera,Sea-Bird,Bubbling Beauty,Lyphard,Barbra,Northern Dancer,Sweet Alliance,Connaught,Cranberry Sauce,Mr. Prospector,Miesque,Lombard,Anatevka,Northern Dancer,Fairy Bridge,Alleged,Media Luna,Lyphard,Navajo Princess,Ela-Mana-Mou,Autocratic,Halo,Wishing Well,ノーザンテースト,ダイナエイコーン
2023107143,ドレフォン,ノチェブランカ,Gio Ponti,Eltimaas,ディープインパクト,ナイトマジック,Tale of the Cat,Chipeta Springs,Ghostzapper,Najecam,サンデーサイレンス,ウインドインハーヘア,Sholokhov,Night Woman,Storm Cat,Yarn,Alydar,Salt Spring,Awesome Again,Baby Zip,Trempolino,Sue Warner,Halo,Wishing Well,Alzao,Burghclere,Sadler's Wells,La Meilleure,Monsun,Noveka,Storm Bird,Terlingua,Mr. Prospector,Narrate,Raise a Native,Sweet Tooth,Salt Marsh,Jungle Mythologic,Deputy Minister,Primal Force,Relaunch,Thirty Zip,Sharpen Up,Trephine,Forli,Bitty Girl,Hail to Reason,Cosmah,Understanding,Mountain Flower,Lyphard,Lady Rebecca,Busted,Highclere,Northern Dancer,Fairy Bridge,Lord Gayle,Gradille,Konigsstuhl,Mosella,Kalaglow,Novelle
2023105897,レイデオロ,グラディーヴァ,キングカメハメハ,ラドラーダ,ハービンジャー,カノーロ,Kingmambo,マンファス,シンボリクリスエス,レディブロンド,Dansili,Penang Pearl,ディープインパクト,ソニックグルーヴ,Mr. Prospector,Miesque,ラストタイクーン,Pilot Bird,Kris S.,Tee Kay,Seeking the Gold,ウインドインハーヘア,デインヒル,Hasili,Bering,Guapa,サンデーサイレンス,ウインドインハーヘア,フレンチデピュティ,エアグルーヴ,Raise a Native,Gold Digger,Nureyev,Pasadoble,トライマイベスト,Mill Princess,Blakeney,The Dancer,Roberto,Sharp Queen,Gold Meridian,Tri Argo,Mr. Prospector,Con Game,Alzao,Burghclere,Danzig,Razyana,Kahyasi,Kerali,Arctic Tern,Beaune,Shareef Dancer,Sauceboat,Halo,Wishing Well,Alzao,Burghclere,Deputy Minister,Mitterand,トニービン,ダイナカール
2023106288,ホークビル,シティリズム,Kitten's Joy,Trensa,エイシンフラッシュ,サトノジュエル,El Prado,Kitten's First,Giant's Causeway,Serape,キングズベスト,ムーンレディ,アグネスタキオン,スパークルジュエル,Sadler's Wells,Lady Capulet,Lear Fan,That's My Hon,Storm Cat,Mariah's Storm,Fappiano,Mochila,Kingmambo,Allegretta,プラティニ,Midnight Fever,サンデーサイレンス,アグネスフローラ,Unbridled's Song,Golden Jewel Box,Northern Dancer,Fairy Bridge,Sir Ivor,Cap and Bells,Roberto,Wac,L'Enjoleur,One Lane,Storm Bird,Terlingua,Rahy,イメンス,Mr. Prospector,Killaloe,In Reality,Ride the Trails,Mr. Prospector,Miesque,Lombard,Anatevka,Surumu,Prairie Darling,Sure Blade,Majoritat,Halo,Wishing Well,ロイヤルスキー,アグネスレディー,Unbridled,Trolley Song,Slew o' Gold,Miss Storm Bird
2023105287,エピファネイア,コールバック,シンボリクリスエス,シーザリオ,ストリートセンス,Quickest,Kris S.,Tee Kay,スペシャルウィーク,キロフプリミエール,Street Cry,Bedazzle,Forest Wildcat,Supercharger,Roberto,Sharp Queen,Gold Meridian,Tri Argo,サンデーサイレンス,キャンペンガール,Sadler's Wells,Querida,Machiavellian,Helen Street,Dixieland Band,Majestic Legend,Storm Cat,Victoria Beauty,A.P. Indy,Get Lucky,Hail to Reason,Bramalea,Princequillo,Bridgework,Seattle Slew,Queen Louie,Tri Jet,Hail Proudly,Halo,Wishing Well,マルゼンスキー,レディーシラオキ,Northern Dancer,Fairy Bridge,Habitat,Principia,Mr. Prospector,Coup de Folie,Troy,Waterway,Northern Dancer,Mississippi Mud,His Majesty,Long Legend,Storm Bird,Terlingua,Bold Native,Abifaith,Seattle Slew,Weekend Surprise,Mr. Prospector,Dance Number
2023105046,キタサンブラック,ワンダーフィリー,ブラックタイド,シュガーハート,Invincible Spirit,Wicken Wonder,サンデーサイレンス,ウインドインハーヘア,サクラバクシンオー,オトメゴコロ,Green Desert,Rafha,Distant Relative,Blue Guitar,Halo,Wishing Well,Alzao,Burghclere,サクラユタカオー,サクラハゴロモ,ジャッジアンジェルーチ,テイズリー,Danzig,Foreign Courier,Kris,Eljazzi,Habitat,Royal Sister,Cure the Blues,Mettle,Hail to Reason,Cosmah,Understanding,Mountain Flower,Lyphard,Lady Rebecca,Busted,Highclere,テスコボーイ,アンジェリカ,ノーザンテースト,クリアアンバー,Honest Pleasure,Victorian Queen,Lyphard,Tizna,Northern Dancer,Pas de Nom,Sir Ivor,Courtly Dee,Sharpen Up,Doubly Sure,アーテイアス,Border Bounty,Sir Gaylord,Little Hut,Claude,Ribasha,Stop the Music,Quick Cure,Pretendre,Summer Mark
2022105871,エピファネイア,インディゴブルー,シンボリクリスエス,シーザリオ,ロードカナロア,ブルーダイアモンド,Kris S.,Tee Kay,スペシャルウィーク,キロフプリミエール,キングカメハメハ,レディブラッサム,ディープインパクト,グレースアドマイヤ,Roberto,Sharp Queen,Gold Meridian,Tri Argo,サンデーサイレンス,キャンペンガール,Sadler's Wells,Querida,Kingmambo,マンファス,Storm Cat,サラトガデュー,サンデーサイレンス,ウインドインハーヘア,トニービン,バレークイーン,Hail to Reason,Bramalea,Princequillo,Bridgework,Seattle Slew,Queen Louie,Tri Jet,Hail Proudly,Halo,Wishing Well,マルゼンスキー,レディーシラオキ,Northern Dancer,Fairy Bridge,Habitat,Principia,Mr. Prospector,Miesque,ラストタイクーン,Pilot Bird,Storm Bird,Terlingua,Cormorant,Super Luna,Halo,Wishing Well,Alzao,Burghclere,カンパラ,Severn Bridge,Sadler's Wells,Sun Princess
2022105558,イスラボニータ,リベルタンゴ,フジキセキ,イスラコジーン,Smart Strike,オジャグワ,サンデーサイレンス,ミルレーサー,Cozzene,Isla Mujeres,Mr. Prospector,Classy 'n Smart,Pure Prize,Open Secrets,Halo,Wishing Well,Le Fabuleux,Marston's Mill,Caro,Ride the Trails,Crafty Prospector,Lido Isle,Raise a Native,Gold Digger,Smarten,No Class,Storm Cat,Heavenly Prize,West by West,Griffe de Paris,Hail to Reason,Cosmah,Understanding,Mountain Flower,Wild Risk,Anguar,In Reality,Millicent,フォルティノ,Chambord,Prince John,Wildwook,Mr. Prospector,Real Crafty Lady,Far North,She Is Gorgeous,Native Dancer,Raise You,Nashua,Sequence,Cyane,Smartaire,Nodouble,Classy Quillo,Storm Bird,Terlingua,Seeking the Gold,Oh What a Dance,Gone West,West Turn,Telescopico,April In Paris
2022104879,ワールドエース,ソングライティング,ディープインパクト,マンデラ,Giant's Causeway,Embur's Song,サンデーサイレンス,ウインドインハーヘア,Acatenango,Mandellicht,Storm Cat,Mariah's Storm,Unbridled's Song,Embur Sunshine,Halo,Wishing Well,Alzao,Burghclere,Surumu,Aggravate,Be My Guest,Mandelauge,Storm Bird,Terlingua,Rahy,イメンス,Unbridled,Trolley Song,Bold Ruckus,Vevila,Hail to Reason,Cosmah,Understanding,Mountain Flower,Lyphard,Lady Rebecca,Busted,Highclere,Literat,Surama,Aggressor,Raven Locks,Northern Dancer,What a Treat,Elektrant,Mandriale,Northern Dancer,South Ocean,Secretariat,Crimson Saint,Blushing Groom,Glorious Song,Roberto,Imsodear,Fappiano,Gana Facil,Caro,Lucky Spell,Boldnesian,Raise a Ruckus,The Minstrel,Bon Debarras
2022104647,サートゥルナーリア,インナーアージ,ロードカナロア,シーザリオ,ディープインパクト,ミュージカルウェイ,キングカメハメハ,レディブラッサム,スペシャルウィーク,キロフプリミエール,サンデーサイレンス,ウインドインハーヘア,Gold Away,Mulika,Kingmambo,マンファス,Storm Cat,サラトガデュー,サンデーサイレンス,キャンペンガール,Sadler's Wells,Querida,Halo,Wishing Well,Alzao,Burghclere,Goldneyev,Blushing Away,Procida,Gazelia,Mr. Prospector,Miesque,ラストタイクーン,Pilot Bird,Storm Bird,Terlingua,Cormorant,Super Luna,Halo,Wishing Well,マルゼンスキー,レディーシラオキ,Northern Dancer,Fairy Bridge,Habitat,Principia,Hail to Reason,Cosmah,Understanding,Mountain Flower,Lyphard,Lady Rebecca,Busted,Highclere,Nureyev,Gold River,Blushing Groom,スイートリベンジ,Mr. Prospector,With Distinction,Icecapade,Dols Jaminque
2020102675,ハーツクライ,セデュイール,サンデーサイレンス,アイリッシュダンス,Elusive Quality,Holy Eclair,Halo,Wishing Well,トニービン,ビューパーダンス,Gone West,Touch of Greatness,Holy Bull,Wild Lightning,Hail to Reason,Cosmah,Understanding,Mountain Flower,カンパラ,Severn Bridge,Lyphard,My Bupers,Mr. Prospector,Secrettame,Hero's Honor,Ivory Wand,Great Above,Sharon Brown,Wild Again,Louisiana Flash,Turn-to,Nothirdchance,Cosmic Bomb,Almahmoud,Promised Land,Pretty Ways,Montparnasse,Edelweiss,Kalamoun,State Pension,Hornbeam,Priddy Fair,Northern Dancer,Goofed,Bupers,Princess Revoked,Raise a Native,Gold Digger,Secretariat,Tamerett,Northern Dancer,Glowing Tribute,Sir Ivor,Natashka,Minnesota Mac,Ta Wee,Al Hattab,Agathea's Dawn,Icecapade,Bushel-n-Peck,Future Hope,Oughtness
2022105281,エピファネイア,カジノブギ,シンボリクリスエス,シーザリオ,ワークフォース,ギミーシェルター,Kris S.,Tee Kay,スペシャルウィーク,キロフプリミエール,キングズベスト,Soviet Moon,サンデーサイレンス,オークツリー,Roberto,Sharp Queen,Gold Meridian,Tri Argo,サンデーサイレンス,キャンペンガール,Sadler's Wells,Querida,Kingmambo,Allegretta,Sadler's Wells,Eva Luna,Halo,Wishing Well,リアルシャダイ,シャダイアイバー,Hail to Reason,Bramalea,Princequillo,Bridgework,Seattle Slew,Queen Louie,Tri Jet,Hail Proudly,Halo,Wishing Well,マルゼンスキー,レディーシラオキ,Northern Dancer,Fairy Bridge,Habitat,Principia,Mr. Prospector,Miesque,Lombard,Anatevka,Northern Dancer,Fairy Bridge,Alleged,Media Luna,Hail to Reason,Cosmah,Understanding,Mountain Flower,Roberto,Desert Vixen,ノーザンテースト,サワーオレンジ
2022102445,ファインニードル,トウカイセンス,アドマイヤムーン,ニードルクラフト,ハーツクライ,トウカイファイン,エンドスウィープ,マイケイティーズ,Mark of Esteem,Sharp Point,サンデーサイレンス,アイリッシュダンス,フレンチデピュティ,トウカイステラ,フォーティナイナー,Broom Dance,サンデーサイレンス,ケイティーズファースト,Darshaan,Homage,ロイヤルアカデミー,Nice Point,Halo,Wishing Well,トニービン,ビューパーダンス,Deputy Minister,Mitterand,トウカイテイオー,ツジノダイアナ,Mr. Prospector,File,Dance Spell,Witching Hour,Halo,Wishing Well,Kris,Katies,Shirley Heights,Delsy,Ajdal,Home Love,Nijinsky,Crimson Saint,Sharpen Up,Alpine Niece,Hail to Reason,Cosmah,Understanding,Mountain Flower,カンパラ,Severn Bridge,Lyphard,My Bupers,Vice Regent,Mint Copy,Hold Your Peace,Laredo Lass,シンボリルドルフ,トウカイナチュラル,マグニテュード,テツノアーク
2021105416,リアルインパクト,ウォークロニクル,ディープインパクト,トキオリアリティー,ウォーエンブレム,クロノロジスト,サンデーサイレンス,ウインドインハーヘア,Meadowlake,What a Reality,Our Emblem,Sweetest Lady,クロフネ,インディスユニゾン,Halo,Wishing Well,Alzao,Burghclere,Hold Your Peace,Suspicious Native,In Reality,What Will Be,Mr. Prospector,Personal Ensign,Lord at War,Sweetest Roman,フレンチデピュティ,ブルーアヴェニュー,サンデーサイレンス,ラスティックベル,Hail to Reason,Cosmah,Understanding,Mountain Flower,Lyphard,Lady Rebecca,Busted,Highclere,Speak John,Blue Moon,Raise a Native,Be Suspicious,Intentionally,My Dear Girl,Crozier,Solabar,Raise a Native,Gold Digger,Private Account,Grecian Banner,General,Luna de Miel,The Pruner,I Also,Deputy Minister,Mitterand,Classic Go Go,Eliza Blue,Halo,Wishing Well,Mr. Prospector,Ragtime Girl
2022105215,ブリックスアンドモルタル,アプリコットフィズ,Giant's Causeway,Beyond the Waves,ジャングルポケット,マンハッタンフィズ,Storm Cat,Mariah's Storm,Ocean Crest,Excedent,トニービン,ダンスチャーマー,サンデーサイレンス,サトルチェンジ,Storm Bird,Terlingua,Rahy,イメンス,Storm Bird,S.S.Aroma,Exceller,Broadway Lullaby,カンパラ,Severn Bridge,Nureyev,Skillful Joy,Halo,Wishing Well,Law Society,Santa Luciana,Northern Dancer,South Ocean,Secretariat,Crimson Saint,Blushing Groom,Glorious Song,Roberto,Imsodear,Northern Dancer,South Ocean,Seattle Slew,Rare Bouquet,Vaguely Noble,Too Bald,Stage Door Johnny,リットルブレツシング,Kalamoun,State Pension,Hornbeam,Priddy Fair,Northern Dancer,Special,Nodouble,Skillful Miss,Hail to Reason,Cosmah,Understanding,Mountain Flower,Alleged,Bold Bikini,Luciano,Suleika
2022106354,モズアスコット,クロランサス,Frankel,India,ディープインパクト,クリアンサス,Galileo,Kind,ヘネシー,Misty Hour,サンデーサイレンス,ウインドインハーヘア,Redoute's Choice,フラワーパーク,Sadler's Wells,Urban Sea,デインヒル,Rainbow Lake,Storm Cat,Island Kitty,Miswaki,Our Tina Marie,Halo,Wishing Well,Alzao,Burghclere,デインヒル,Shantha's Choice,ニホンピロウイナー,ノーザンフラワー,Northern Dancer,Fairy Bridge,Miswaki,Allegretta,Danzig,Razyana,Rainbow Quest,Rockfest,Storm Bird,Terlingua,Hawaii,T. C. Kitten,Mr. Prospector,Hopespringseternal,Nijinsky,Java Moon,Hail to Reason,Cosmah,Understanding,Mountain Flower,Lyphard,Lady Rebecca,Busted,Highclere,Danzig,Razyana,Canny Lad,Dancing Show,スティールハート,ニホンピロエバート,ノーザンテースト,ファイアフラワー
2020103441,ミッキーロケット,スピードリッパー,キングカメハメハ,マネーキャントバイミーラヴ,ファルブラヴ,ポップス,Kingmambo,マンファス,Pivotal,Sabreon,Fairy King,Gift of the Night,サンデーサイレンス,ポップシンガー,Mr. Prospector,Miesque,ラストタイクーン,Pilot Bird,Polar Falcon,Fearless Revival,Caerleon,Sabria,Northern Dancer,Fairy Bridge,Slewpy,Little Nana,Halo,Wishing Well,Secretariat,Icy Pop,Raise a Native,Gold Digger,Nureyev,Pasadoble,トライマイベスト,Mill Princess,Blakeney,The Dancer,Nureyev,Marie d'Argonne,Cozzene,Stufida,Nijinsky,Foreseer,Miswaki,Flood,Nearctic,Natalma,Bold Reason,Special,Seattle Slew,Rare Bouquet,Lithiot,Nenana Road,Hail to Reason,Cosmah,Understanding,Mountain Flower,Bold Ruler,Somethingroyal,Icecapade,Calaki
2021102151,サンダースノー,モズカッチャン,Helmet,Eastern Joy,ハービンジャー,サイトディーラー,Exceed And Excel,Accessories,Dubai Destination,Red Slippers,Dansili,Penang Pearl,キングカメハメハ,ベストブート,デインヒル,Patrona,シングスピール,Anna Matrushka,Kingmambo,Mysterial,Nureyev,Morning Devotion,デインヒル,Hasili,Bering,Guapa,Kingmambo,マンファス,Storm Boot,Bright Tiara,Danzig,Razyana,Lomond,Gladiolus,In the Wings,Glorious Song,Mill Reef,Anna Paola,Mr. Prospector,Miesque,Alleged,Mysteries,Northern Dancer,Special,Affirmed,Morning Has Broken,Danzig,Razyana,Kahyasi,Kerali,Arctic Tern,Beaune,Shareef Dancer,Sauceboat,Mr. Prospector,Miesque,ラストタイクーン,Pilot Bird,Storm Cat,Aliata,Chief's Crown,Expressive Dance
2021105765,エピファネイア,ベルダム,シンボリクリスエス,シーザリオ,ディープインパクト,ドナブリーニ,Kris S.,Tee Kay,スペシャルウィーク,キロフプリミエール,サンデーサイレンス,ウインドインハーヘア,Bertolini,Cal Norma's Lady,Roberto,Sharp Queen,Gold Meridian,Tri Argo,サンデーサイレンス,キャンペンガール,Sadler's Wells,Querida,Halo,Wishing Well,Alzao,Burghclere,Danzig,Aquilegia,リファーズスペシャル,June Darling,Hail to Reason,Bramalea,Princequillo,Bridgework,Seattle Slew,Queen Louie,Tri Jet,Hail Proudly,Halo,Wishing Well,マルゼンスキー,レディーシラオキ,Northern Dancer,Fairy Bridge,Habitat,Principia,Hail to Reason,Cosmah,Understanding,Mountain Flower,Lyphard,Lady Rebecca,Busted,Highclere,Northern Dancer,Pas de Nom,Alydar,Courtly Dee,Lyphard,My Bupers,ジュニアス,Beau Darling
2022101039,Saxon Warrior,レディノーラ,ディープインパクト,メイビー,Nathaniel,Vital Statistics,サンデーサイレンス,ウインドインハーヘア,Galileo,Sumora,Galileo,Magnificient Style,Indian Ridge,Emerald Peace,Halo,Wishing Well,Alzao,Burghclere,Sadler's Wells,Urban Sea,デインヒル,Rain Flower,Sadler's Wells,Urban Sea,Silver Hawk,Mia Karina,Ahonoora,Hillbrow,Green Desert,Puck's Castle,Hail to Reason,Cosmah,Understanding,Mountain Flower,Lyphard,Lady Rebecca,Busted,Highclere,Northern Dancer,Fairy Bridge,Miswaki,Allegretta,Danzig,Razyana,Indian Ridge,Rose of Jericho,Northern Dancer,Fairy Bridge,Miswaki,Allegretta,Roberto,Gris Vitesse,Icecapade,Basin,Lorenzaccio,Helen Nichols,Swing Easy,Golden City,Danzig,Foreign Courier,Shirley Heights,Pass the Peace
2022103227,エピファネイア,ダーヌビウス,シンボリクリスエス,シーザリオ,キングカメハメハ,ドナウブルー,Kris S.,Tee Kay,スペシャルウィーク,キロフプリミエール,Kingmambo,マンファス,ディープインパクト,ドナブリーニ,Roberto,Sharp Queen,Gold Meridian,Tri Argo,サンデーサイレンス,キャンペンガール,Sadler's Wells,Querida,Mr. Prospector,Miesque,ラストタイクーン,Pilot Bird,サンデーサイレンス,ウインドインハーヘア,Bertolini,Cal Norma's Lady,Hail to Reason,Bramalea,Princequillo,Bridgework,Seattle Slew,Queen Louie,Tri Jet,Hail Proudly,Halo,Wishing Well,マルゼンスキー,レディーシラオキ,Northern Dancer,Fairy Bridge,Habitat,Principia,Raise a Native,Gold Digger,Nureyev,Pasadoble,トライマイベスト,Mill Princess,Blakeney,The Dancer,Halo,Wishing Well,Alzao,Burghclere,Danzig,Aquilegia,リファーズスペシャル,June Darling
2022100850,モズアスコット,トウカイレーヌ,Frankel,India,ディープインパクト,トウカイミステリー,Galileo,Kind,ヘネシー,Misty Hour,サンデーサイレンス,ウインドインハーヘア,キングカメハメハ,タイキミステリー,Sadler's Wells,Urban Sea,デインヒル,Rainbow Lake,Storm Cat,Island Kitty,Miswaki,Our Tina Marie,Halo,Wishing Well,Alzao,Burghclere,Kingmambo,マンファス,Green Forest,Certain Secret,Northern Dancer,Fairy Bridge,Miswaki,Allegretta,Danzig,Razyana,Rainbow Quest,Rockfest,Storm Bird,Terlingua,Hawaii,T. C. Kitten,Mr. Prospector,Hopespringseternal,Nijinsky,Java Moon,Hail to Reason,Cosmah,Understanding,Mountain Flower,Lyphard,Lady Rebecca,Busted,Highclere,Mr. Prospector,Miesque,ラストタイクーン,Pilot Bird,Shecky Greene,Tell Meno Lies,Known Fact,フリーズザシークレット
2022102954,バゴ,アンジュデジール,Nashwan,Moonlight's Box,ディープインパクト,ティックルピンク,Blushing Groom,Height of Fashion,Nureyev,Coup de Genie,サンデーサイレンス,ウインドインハーヘア,フレンチデピュティ,ブラッシングプリンセス,Red God,Runaway Bride,Bustino,Highclere,Northern Dancer,Special,Mr. Prospector,Coup de Folie,Halo,Wishing Well,Alzao,Burghclere,Deputy Minister,Mitterand,Crafty Prospector,Princess Laika,Nasrullah,Spring Run,Wild Risk,Aimee,Busted,Ship Yard,Queen's Hussar,Highlight,Nearctic,Natalma,Forli,Thong,Raise a Native,Gold Digger,Halo,Raise the Standard,Hail to Reason,Cosmah,Understanding,Mountain Flower,Lyphard,Lady Rebecca,Busted,Highclere,Vice Regent,Mint Copy,Hold Your Peace,Laredo Lass,Mr. Prospector,Real Crafty Lady,Blushing Groom,Cool Mood
2022105027,エピファネイア,プロクリス,シンボリクリスエス,シーザリオ,キングカメハメハ,ライラプス,Kris S.,Tee Kay,スペシャルウィーク,キロフプリミエール,Kingmambo,マンファス,フレンチデピュティ,フサイチエアデール,Roberto,Sharp Queen,Gold Meridian,Tri Argo,サンデーサイレンス,キャンペンガール,Sadler's Wells,Querida,Mr. Prospector,Miesque,ラストタイクーン,Pilot Bird,Deputy Minister,Mitterand,サンデーサイレンス,ラスティックベル,Hail to Reason,Bramalea,Princequillo,Bridgework,Seattle Slew,Queen Louie,Tri Jet,Hail Proudly,Halo,Wishing Well,マルゼンスキー,レディーシラオキ,Northern Dancer,Fairy Bridge,Habitat,Principia,Raise a Native,Gold Digger,Nureyev,Pasadoble,トライマイベスト,Mill Princess,Blakeney,The Dancer,Vice Regent,Mint Copy,Hold Your Peace,Laredo Lass,Halo,Wishing Well,Mr. Prospector,Ragtime Girl
2022106658,ロードカナロア,ベルカント,キングカメハメハ,レディブラッサム,サクラバクシンオー,セレブラール,Kingmambo,マンファス,Storm Cat,サラトガデュー,サクラユタカオー,サクラハゴロモ,ボストンハーバー,モンローウォーク,Mr. Prospector,Miesque,ラストタイクーン,Pilot Bird,Storm Bird,Terlingua,Cormorant,Super Luna,テスコボーイ,アンジェリカ,ノーザンテースト,クリアアンバー,Capote,Harbor Springs,Sir Tristram,Amarissa,Raise a Native,Gold Digger,Nureyev,Pasadoble,トライマイベスト,Mill Princess,Blakeney,The Dancer,Northern Dancer,South Ocean,Secretariat,Crimson Saint,His Majesty,Song Sparrow,In Reality,Alada,Princely Gift,Suncourt,ネヴァービート,スターハイネス,Northern Dancer,Lady Victoria,Ambiopoise,One Clear Call,Seattle Slew,Too Bald,Vice Regent,Tinnitus,Sir Ivor,Isolt,Alydar,Amaranda
2022104398,デクラレーションオブウォー,チャームポット,War Front,Tempo West,フジキセキ,ホットプレイ,Danzig,Starry Dreamer,Rahy,Tempo,サンデーサイレンス,ミルレーサー,ノーザンテースト,ダイナホット,Northern Dancer,Pas de Nom,Rubiano,Lara's Star,Blushing Groom,Glorious Song,Gone West,Terpsichorist,Halo,Wishing Well,Le Fabuleux,Marston's Mill,Northern Dancer,Lady Victoria,ディクタス,ロイヤルサッシュ,Nearctic,Natalma,Admiral's Voyage,Petitioner,Fappiano,Ruby Slippers,Forli,True Reality,Red God,Runaway Bride,Halo,Ballade,Mr. Prospector,Secrettame,Nijinsky,Glad Rags,Hail to Reason,Cosmah,Understanding,Mountain Flower,Wild Risk,Anguar,In Reality,Millicent,Nearctic,Natalma,Victoria Park,Lady Angela,Sanctus,Doronic,Princely Gift,Sash of Honour
2021106594,ディーマジェスティ,ヤマニンアタシャン,ディープインパクト,エルメスティアラ,フレンチデピュティ,ヤマニンパンテール,サンデーサイレンス,ウインドインハーヘア,ブライアンズタイム,シンコウエルメス,Deputy Minister,Mitterand,ニホンピロウイナー,ヤマニンアリュール,Halo,Wishing Well,Alzao,Burghclere,Roberto,Kelley's Day,Sadler's Wells,Doff the Derby,Vice Regent,Mint Copy,Hold Your Peace,Laredo Lass,スティールハート,ニホンピロエバート,サンデーサイレンス,ヤマニンポリシー,Hail to Reason,Cosmah,Understanding,Mountain Flower,Lyphard,Lady Rebecca,Busted,Highclere,Hail to Reason,Bramalea,Graustark,Golden Trail,Northern Dancer,Fairy Bridge,Master Derby,Margarethen,Northern Dancer,Victoria Regina,Bunty's Flight,Shakney,Speak John,Blue Moon,Bold Ruler,Fortunate Isle,Habitat,A.,チャイナロック,ライトフレーム,Halo,Wishing Well,Blushing Groom,ヤマホウユウ
2022105808,ナダル,スパイラルステップ,Blame,Ascending Angel,シンボリクリスエス,スパイラルリング,Arch,Liable,Pulpit,Solar Colony,Kris S.,Tee Kay,エンドスウィープ,ウェディングバンド,Kris S.,Aurora,Seeking the Gold,Bound,A.P. Indy,Preach,Pleasant Colony,Meteor Stage,Roberto,Sharp Queen,Gold Meridian,Tri Argo,フォーティナイナー,Broom Dance,Mighty Appealing,Ring of Steel,Roberto,Sharp Queen,Danzig,Althea,Mr. Prospector,Con Game,Nijinsky,Special,Seattle Slew,Weekend Surprise,Mr. Prospector,Narrate,His Majesty,Sun Colony,Stage Door Johnny,Northern Meteor,Hail to Reason,Bramalea,Princequillo,Bridgework,Seattle Slew,Queen Louie,Tri Jet,Hail Proudly,Mr. Prospector,File,Dance Spell,Witching Hour,Valid Appeal,Patsy's Lil Girl,Assagai,Spinning Reel
2020110100,Runhappy,Distinguishable,Super Saver,Bella Jolie,Distorted Humor,Officiate,Maria's Mon,Supercharger,Broken Vow,Jolie Boutique,フォーティナイナー,Danzig's Beauty,Deputy Minister,Tricky Squaw,Wavering Monarch,Carlotta Maria,A.P. Indy,Get Lucky,Unbridled,Wedding Vow,Northern Jove,Mimi La Sardine,Mr. Prospector,File,Danzig,Sweetest Chant,Vice Regent,Mint Copy,Clever Trick,Black Apache,Majestic Light,Uncommitted,Caro,Water Malone,Seattle Slew,Weekend Surprise,Mr. Prospector,Dance Number,Fappiano,Gana Facil,Nijinsky,Wedding Picture,Northern Dancer,Junonia,Tank's Prospect,Fran Nasra,Raise a Native,Gold Digger,Tom Rolfe,Continue,Northern Dancer,Pas de Nom,Mr. Leader,Gay Sonnet,Northern Dancer,Victoria Regina,Bunty's Flight,Shakney,Icecapade,Kankakee Miss,Gainsworth,Apache Nell
2022104219,シャンハイボビー,ペイシャフローレス,Harlan's Holiday,Steelin',ヴィクトワールピサ,プレザントケイプ,Harlan,Christmas in Aiken,Orientate,Steel Band,ネオユニヴァース,ホワイトウォーターアフェア,Cape Cross,Felicity,Storm Cat,Country Romance,Affirmed,Dowager,Mt. Livermore,Dream Team,Carson City,ウェディングバンド,サンデーサイレンス,ポインテッドパス,Machiavellian,Much Too Risky,Green Desert,Park Appeal,Selkirk,Las Flores,Storm Bird,Terlingua,Halo,Sweet Romance,Exclusive Native,Won't Tell You,Honest Pleasure,Princessnesian,Blushing Groom,Flama Ardiente,Cox's Ridge,Likely Double,Mr. Prospector,Blushing Promise,Mighty Appealing,Ring of Steel,Halo,Wishing Well,Kris,Silken Way,Mr. Prospector,Coup de Folie,Bustino,Short Rations,Danzig,Foreign Courier,Ahonoora,Balidaress,Sharpen Up,Annie Edge,Sadler's Wells,Producer
2022100328,ハクサンムーン,キャメロンロード,アドマイヤムーン,チリエージェ,デュランダル,オーデコロン,エンドスウィープ,マイケイティーズ,サクラバクシンオー,メガミゲラン,サンデーサイレンス,サワヤカプリンセス,ボストンハーバー,マキーナ,フォーティナイナー,Broom Dance,サンデーサイレンス,ケイティーズファースト,サクラユタカオー,サクラハゴロモ,シェイディハイツ,モガミゲラン,Halo,Wishing Well,ノーザンテースト,スコッチプリンセス,Capote,Harbor Springs,Machiavellian,Musical Bliss,Mr. Prospector,File,Dance Spell,Witching Hour,Halo,Wishing Well,Kris,Katies,テスコボーイ,アンジェリカ,ノーザンテースト,クリアアンバー,Shirley Heights,Vaguely,モガミ,ミスゲラン,Hail to Reason,Cosmah,Understanding,Mountain Flower,Northern Dancer,Lady Victoria,Creme dela Creme,Meadow Saffron,Seattle Slew,Too Bald,Vice Regent,Tinnitus,Mr. Prospector,Coup de Folie,The Minstrel,Bori
2022103680,ドレフォン,アグネスリース,Gio Ponti,Eltimaas,フレンチデピュティ,アグネスシスター,Tale of the Cat,Chipeta Springs,Ghostzapper,Najecam,Deputy Minister,Mitterand,ダンスインザダーク,アグネスオーロラ,Storm Cat,Yarn,Alydar,Salt Spring,Awesome Again,Baby Zip,Trempolino,Sue Warner,Vice Regent,Mint Copy,Hold Your Peace,Laredo Lass,サンデーサイレンス,ダンシングキイ,イルドブルボン,アグネスレディー,Storm Bird,Terlingua,Mr. Prospector,Narrate,Raise a Native,Sweet Tooth,Salt Marsh,Jungle Mythologic,Deputy Minister,Primal Force,Relaunch,Thirty Zip,Sharpen Up,Trephine,Forli,Bitty Girl,Northern Dancer,Victoria Regina,Bunty's Flight,Shakney,Speak John,Blue Moon,Bold Ruler,Fortunate Isle,Halo,Wishing Well,Nijinsky,Key Partner,Nijinsky,Roseliere,リマンド,イコマエイカン
2020105539,キタサンブラック,タガノジョイナー,ブラックタイド,シュガーハート,キングカメハメハ,タガノチャーリーズ,サンデーサイレンス,ウインドインハーヘア,サクラバクシンオー,オトメゴコロ,Kingmambo,マンファス,Saint Ballado,Charlies Paradise,Halo,Wishing Well,Alzao,Burghclere,サクラユタカオー,サクラハゴロモ,ジャッジアンジェルーチ,テイズリー,Mr. Prospector,Miesque,ラストタイクーン,Pilot Bird,Halo,Ballade,Winrightt,Rajab's Treasure,Hail to Reason,Cosmah,Understanding,Mountain Flower,Lyphard,Lady Rebecca,Busted,Highclere,テスコボーイ,アンジェリカ,ノーザンテースト,クリアアンバー,Honest Pleasure,Victorian Queen,Lyphard,Tizna,Raise a Native,Gold Digger,Nureyev,Pasadoble,トライマイベスト,Mill Princess,Blakeney,The Dancer,Hail to Reason,Cosmah,Herbager,Miss Swapsco,Distinctive,Fleet Lygia,Rajab,Yeroque
2021101397,ドゥラメンテ,サトノジョリー,キングカメハメハ,アドマイヤグルーヴ,Bernardini,ハニーローズ,Kingmambo,マンファス,サンデーサイレンス,エアグルーヴ,A.P. Indy,Cara Rafaela,Lode,Honey Honey,Mr. Prospector,Miesque,ラストタイクーン,Pilot Bird,Halo,Wishing Well,トニービン,ダイナカール,Seattle Slew,Weekend Surprise,Quiet American,Oil Fable,Mr. Prospector,Grand Luxe,Strawberry Road,Blessings,Raise a Native,Gold Digger,Nureyev,Pasadoble,トライマイベスト,Mill Princess,Blakeney,The Dancer,Hail to Reason,Cosmah,Understanding,Mountain Flower,カンパラ,Severn Bridge,ノーザンテースト,シャダイフェザー,Bold Reasoning,My Charmer,Secretariat,Lassie Dear,Fappiano,Demure,Spectacular Bid,Northern Fable,Raise a Native,Gold Digger,Sir Ivor,Fanfreluche,Whiskey Road,Giftisa,フロリバンダ,マラベル
2021106757,モーニン,マザーレイク,ヘニーヒューズ,Giggly,サンデーサイレンス,ソルティーレディー,ヘネシー,Meadow Flyer,Distorted Humor,Chaste,Halo,Wishing Well,ニホンピロウイナー,ダイナバーディ,Storm Cat,Island Kitty,Meadowlake,Shortley,フォーティナイナー,Danzig's Beauty,Cozzene,Purity,Hail to Reason,Cosmah,Understanding,Mountain Flower,スティールハート,ニホンピロエバート,ノーザンテースト,タミーズターン,Storm Bird,Terlingua,Hawaii,T. C. Kitten,Hold Your Peace,Suspicious Native,Hagley,Short Winded,Mr. Prospector,File,Danzig,Sweetest Chant,Caro,Ride the Trails,Fappiano,Dame Mysterieuse,Turn-to,Nothirdchance,Cosmic Bomb,Almahmoud,Promised Land,Pretty Ways,Montparnasse,Edelweiss,Habitat,A.,チャイナロック,ライトフレーム,Northern Dancer,Lady Victoria,Turn-to,Tammy Twist
2018104332,ヘニーヒューズ,チャームポット,ヘネシー,Meadow Flyer,フジキセキ,ホットプレイ,Storm Cat,Island Kitty,Meadowlake,Shortley,サンデーサイレンス,ミルレーサー,ノーザンテースト,ダイナホット,Storm Bird,Terlingua,Hawaii,T. C. Kitten,Hold Your Peace,Suspicious Native,Hagley,Short Winded,Halo,Wishing Well,Le Fabuleux,Marston's Mill,Northern Dancer,Lady Victoria,ディクタス,ロイヤルサッシュ,Northern Dancer,South Ocean,Secretariat,Crimson Saint,Utrillo,Ethane,Tom Cat,Needlebug,Speak John,Blue Moon,Raise a Native,Be Suspicious,Olden Times,Teo Pepi,Harvest Singing,Wild Cloud,Hail to Reason,Cosmah,Understanding,Mountain Flower,Wild Risk,Anguar,In Reality,Millicent,Nearctic,Natalma,Victoria Park,Lady Angela,Sanctus,Doronic,Princely Gift,Sash of Honour
2021102573,シニスターミニスター,メイショウスコール,Old Trieste,Sweet Minister,メイショウオウドウ,メイショウアヤメ,A.P. Indy,Lovlier Linda,The Prime Minister,Sweet Blue,サンデーサイレンス,アルタデナ,ジェイドロバリー,ウイルムーン,Seattle Slew,Weekend Surprise,Vigors,Linda Summers,Deputy Minister,Stick to Beauty,Hurry Up Blue,Sugar Gold,Halo,Wishing Well,Lyphard,Lacovia,Mr. Prospector,Number,ミルジョージ,ダイアンベンチヤ,Bold Reasoning,My Charmer,Secretariat,Lassie Dear,Grey Dawn,Relifordie,Crozier,Queenly Gift,Vice Regent,Mint Copy,Illustrious,Hail to Beauty,Mr. Leader,Blue Baroness,Mr. Prospector,Miss Ironside,Hail to Reason,Cosmah,Understanding,Mountain Flower,Northern Dancer,Goofed,Majestic Light,Hope for All,Raise a Native,Gold Digger,Nijinsky,Special,Mill Reef,Miss Charisma,ヴェンチア,マルイチジョウオー
2020103902,ビーチパトロール,ジェルヴェーズ,Lemon Drop Kid,Bashful Bertie,メイショウサムソン,ジェルミナル,Kingmambo,Charming Lassie,Quiet American,Clever Bertie,オペラハウス,マイヴィヴィアン,アグネスタキオン,オンブルリジェール,Mr. Prospector,Miesque,Seattle Slew,Lassie Dear,Fappiano,Demure,Timeless Native,Clever But Costly,Sadler's Wells,Colorspin,ダンシングブレーヴ,ウイルプリンセス,サンデーサイレンス,アグネスフローラ,Double Bed,Flawlessly,Raise a Native,Gold Digger,Nureyev,Pasadoble,Bold Reasoning,My Charmer,Buckpasser,Gay Missile,Mr. Prospector,Killaloe,Dr. Fager,Quiet Charm,Timeless Moment,Head Off,Clever Trick,Swoonlow,Northern Dancer,Fairy Bridge,High Top,Reprocolor,Lyphard,Navajo Princess,サンプリンス,エール,Halo,Wishing Well,ロイヤルスキー,アグネスレディー,Be My Guest,Claire's Slipper,Rainbow Quest,Pauvresse
2020103985,シニスターミニスター,グラスルノン,Old Trieste,Sweet Minister,フレンチデピュティ,グラスブロード,A.P. Indy,Lovlier Linda,The Prime Minister,Sweet Blue,Deputy Minister,Mitterand,Fusaichi Pegasus,Magic Broad,Seattle Slew,Weekend Surprise,Vigors,Linda Summers,Deputy Minister,Stick to Beauty,Hurry Up Blue,Sugar Gold,Vice Regent,Mint Copy,Hold Your Peace,Laredo Lass,Mr. Prospector,Angel Fever,Broad Brush,Illeria,Bold Reasoning,My Charmer,Secretariat,Lassie Dear,Grey Dawn,Relifordie,Crozier,Queenly Gift,Vice Regent,Mint Copy,Illustrious,Hail to Beauty,Mr. Leader,Blue Baroness,Mr. Prospector,Miss Ironside,Northern Dancer,Victoria Regina,Bunty's Flight,Shakney,Speak John,Blue Moon,Bold Ruler,Fortunate Isle,Raise a Native,Gold Digger,Danzig,Rowdy Angel,Ack Ack,Hay Patcher,Stop the Music,Baldski's Holiday
2018106597,プリサイスエンド,オーミチェリッシュ,エンドスウィープ,Precisely,キャプテンスティーヴ,メイショウユキカゼ,フォーティナイナー,Broom Dance,Summing,Crisp 'n Clear,Fly So Free,Sparkling Delite,ダイナガリバー,セブンレットウ,Mr. Prospector,File,Dance Spell,Witching Hour,Verbatim,Sumatra,Cold Reception,Ring O'Bells,Time for a Change,Free to Fly,Vice Regent,Sparkling Topaz,ノーザンテースト,ユアースポート,パーソロン,ホクセーミドリ,Raise a Native,Gold Digger,Tom Rolfe,Continue,Northern Dancer,Obeah,Thinking Cap,Enchanted Eve,Speak John,Well Kept,Groton,Sunda Strait,Secretariat,Cold Comfort,Grey Dawn,Aldonza,Damascus,Resolver,Stevward,Dancing Lark,Northern Dancer,Victoria Regina,Jacinto,Alotoffun,Northern Dancer,Lady Victoria,バウンティアス,ファインサラ,Milesian,Paleo,ヴェンチア,フェアリーテイル
2021110160,Night of Thunder,Afdhaad,Dubawi,Forest Storm,Nayef,Albaraah,Dubai Millennium,Zomaradah,Galileo,Quiet Storm,Gulch,Height of Fashion,Oasis Dream,Coconut Show,Seeking the Gold,Colorado Dancer,Deploy,Jawaher,Sadler's Wells,Urban Sea,Desert Prince,Hertford Castle,Mr. Prospector,Jameela,Bustino,Highclere,Green Desert,Hope,Linamix,Vingt et Une,Mr. Prospector,Con Game,Shareef Dancer,Fall Aspen,Shirley Heights,Slightly Dangerous,ダンシングブレーヴ,High Tern,Northern Dancer,Fairy Bridge,Miswaki,Allegretta,Green Desert,Flying Fairy,Reference Point,Forest Flower,Raise a Native,Gold Digger,Rambunctious,Asbury Mary,Busted,Ship Yard,Queen's Hussar,Highlight,Danzig,Foreign Courier,ダンシングブレーヴ,Bahamian,メンデス,Lunadix,Sadler's Wells,Whakilyric
2021100935,カリフォルニアクローム,ララプリムヴェール,Lucky Pulpit,Love the Chase,クロフネ,マチカネハナサソウ,Pulpit,Lucky Soph,Not for Love,Chase It Down,フレンチデピュティ,ブルーアヴェニュー,スペシャルウィーク,マチカネハツシマダ,A.P. Indy,Preach,Cozzene,Lucky Spell,Mr. Prospector,Dance Number,Polish Numbers,Chase the Dream,Deputy Minister,Mitterand,Classic Go Go,Eliza Blue,サンデーサイレンス,キャンペンガール,Private Account,Yousefia,Seattle Slew,Weekend Surprise,Mr. Prospector,Narrate,Caro,Ride the Trails,Lucky Mel,Incantation,Raise a Native,Gold Digger,Northern Dancer,Numbered Account,Danzig,Numbered Account,Sir Ivor,La Belle Fleur,Vice Regent,Mint Copy,Hold Your Peace,Laredo Lass,Pago Pago,Classic Perfection,Icecapade,コレラ,Halo,Wishing Well,マルゼンスキー,レディーシラオキ,Damascus,Numbered Account,Danzig,Foreign Courier
2019105806,トーセンラー,プレシャスドロップ,ディープインパクト,プリンセスオリビア,フレンチデピュティ,ザラストドロップ,サンデーサイレンス,ウインドインハーヘア,Lycius,Dance Image,Deputy Minister,Mitterand,ヤマニンスキー,カーペディエム,Halo,Wishing Well,Alzao,Burghclere,Mr. Prospector,Lypatia,Sadler's Wells,Diamond Spring,Vice Regent,Mint Copy,Hold Your Peace,Laredo Lass,Nijinsky,アンメンシヨナブル,サクラユタカオー,スカーレットブルー,Hail to Reason,Cosmah,Understanding,Mountain Flower,Lyphard,Lady Rebecca,Busted,Highclere,Raise a Native,Gold Digger,Lyphard,Hypatia,Northern Dancer,Fairy Bridge,Vaguely Noble,Dumfries,Northern Dancer,Victoria Regina,Bunty's Flight,Shakney,Speak John,Blue Moon,Bold Ruler,Fortunate Isle,Northern Dancer,Flaming Page,Buckpasser,Petticoat,テスコボーイ,アンジェリカ,ノーザンテースト,スカーレットインク
2022104933,ロードカナロア,ドナウブルー,キングカメハメハ,レディブラッサム,ディープインパクト,ドナブリーニ,Kingmambo,マンファス,Storm Cat,サラトガデュー,サンデーサイレンス,ウインドインハーヘア,Bertolini,Cal Norma's Lady,Mr. Prospector,Miesque,ラストタイクーン,Pilot Bird,Storm Bird,Terlingua,Cormorant,Super Luna,Halo,Wishing Well,Alzao,Burghclere,Danzig,Aquilegia,リファーズスペシャル,June Darling,Raise a Native,Gold Digger,Nureyev,Pasadoble,トライマイベスト,Mill Princess,Blakeney,The Dancer,Northern Dancer,South Ocean,Secretariat,Crimson Saint,His Majesty,Song Sparrow,In Reality,Alada,Hail to Reason,Cosmah,Understanding,Mountain Flower,Lyphard,Lady Rebecca,Busted,Highclere,Northern Dancer,Pas de Nom,Alydar,Courtly Dee,Lyphard,My Bupers,ジュニアス,Beau Darling
2020105154,キズナ,アサカラヴァーズ,ディープインパクト,キャットクイル,キングヘイロー,キョウワノコイビト,サンデーサイレンス,ウインドインハーヘア,Storm Cat,Pacific Princess,ダンシングブレーヴ,グッバイヘイロー,トニービン,エールノコイビト,Halo,Wishing Well,Alzao,Burghclere,Storm Bird,Terlingua,Damascus,Fiji,Lyphard,Navajo Princess,Halo,Pound Foolish,カンパラ,Severn Bridge,Caerleon,グレンビーサマー,Hail to Reason,Cosmah,Understanding,Mountain Flower,Lyphard,Lady Rebecca,Busted,Highclere,Northern Dancer,South Ocean,Secretariat,Crimson Saint,Sword Dancer,Kerala,Acropolis,Rififi,Northern Dancer,Goofed,Drone,Olmec,Hail to Reason,Cosmah,Sir Ivor,Squander,Kalamoun,State Pension,Hornbeam,Priddy Fair,Nijinsky,Foreseer,General Assembly,What a Summer
2022104751,モーリス,クルミネイト,スクリーンヒーロー,メジロフランシス,ディープインパクト,クルソラ,グラスワンダー,ランニングヒロイン,カーネギー,メジロモントレー,サンデーサイレンス,ウインドインハーヘア,Candy Stripes,Calorica,Silver Hawk,Ameriflora,サンデーサイレンス,ダイナアクトレス,Sadler's Wells,Detroit,モガミ,メジロクインシー,Halo,Wishing Well,Alzao,Burghclere,Blushing Groom,バブルカンパニー,Ahmad,Canchera,Roberto,Gris Vitesse,Danzig,Graceful Touch,Halo,Wishing Well,ノーザンテースト,モデルスポート,Northern Dancer,Fairy Bridge,Riverman,Derna,Lyphard,ノーラック,フィディオン,メジロボサツ,Hail to Reason,Cosmah,Understanding,Mountain Flower,Lyphard,Lady Rebecca,Busted,Highclere,Red God,Runaway Bride,Lyphard,Prodice,Good Manners,Azyade,Pepenador,Cargada
2022103051,エピファネイア,キャンディバローズ,シンボリクリスエス,シーザリオ,ディープインパクト,アフレタータ,Kris S.,Tee Kay,スペシャルウィーク,キロフプリミエール,サンデーサイレンス,ウインドインハーヘア,タイキシャトル,チャイナブリーズ,Roberto,Sharp Queen,Gold Meridian,Tri Argo,サンデーサイレンス,キャンペンガール,Sadler's Wells,Querida,Halo,Wishing Well,Alzao,Burghclere,Devil's Bag,ウェルシュマフィン,Capote,Nowanna,Hail to Reason,Bramalea,Princequillo,Bridgework,Seattle Slew,Queen Louie,Tri Jet,Hail Proudly,Halo,Wishing Well,マルゼンスキー,レディーシラオキ,Northern Dancer,Fairy Bridge,Habitat,Principia,Hail to Reason,Cosmah,Understanding,Mountain Flower,Lyphard,Lady Rebecca,Busted,Highclere,Halo,Ballade,Caerleon,Muffitys,Seattle Slew,Too Bald,Envoy,Distaff Decider
2020110155,Frankel,Noyelles,Galileo,Kind,Docksider,Bellarida,Sadler's Wells,Urban Sea,デインヒル,Rainbow Lake,Diesis,Pump,ベリファ,Lerida,Northern Dancer,Fairy Bridge,Miswaki,Allegretta,Danzig,Razyana,Rainbow Quest,Rockfest,Sharpen Up,Doubly Sure,Forli,Espadrille,Lyphard,Belga,Riverman,Lalika,Nearctic,Natalma,Bold Reason,Special,Mr. Prospector,Hopespringseternal,Lombard,Anatevka,Northern Dancer,Pas de Nom,His Majesty,Spring Adieu,Blushing Groom,I Will Follow,Stage Door Johnny,Rock Garden,エタン,Rocchetta,Reliance,Soft Angels,Aristophanes,Trevisa,Damascus,Thong,Northern Dancer,Goofed,Le Fabuleux,Belle de Retz,Never Bend,River Lady,Le Fabuleux,Kalila
2022106768,ダノンバラード,エントリーチケット,ディープインパクト,レディバラード,マツリダゴッホ,コスモエンドレス,サンデーサイレンス,ウインドインハーヘア,Unbridled,Angelic Song,サンデーサイレンス,ペイパーレイン,スターオブコジーン,マイネエクセル,Halo,Wishing Well,Alzao,Burghclere,Fappiano,Gana Facil,Halo,Ballade,Halo,Wishing Well,Bel Bolide,フローラルマジック,Cozzene,Star Gem,タマモクロス,オカノブルー,Hail to Reason,Cosmah,Understanding,Mountain Flower,Lyphard,Lady Rebecca,Busted,Highclere,Mr. Prospector,Killaloe,Le Fabuleux,Charedi,Hail to Reason,Cosmah,Herbager,Miss Swapsco,Hail to Reason,Cosmah,Understanding,Mountain Flower,Bold Bidder,Lady Graustark,Affirmed,Rare Lady,Caro,Ride the Trails,Pia Star,Soonerland,シービークロス,グリーンシャトー,ネプテューヌス,ヒンドバース
2021100019,シルバーステート,マサノジュエリー,ディープインパクト,シルヴァースカヤ,メイショウボーラー,パルティシオン,サンデーサイレンス,ウインドインハーヘア,Silver Hawk,Boubskaia,タイキシャトル,ナイスレイズ,エルコンドルパサー,ポーラリヴァール,Halo,Wishing Well,Alzao,Burghclere,Roberto,Gris Vitesse,Niniski,Frenetique,Devil's Bag,ウェルシュマフィン,Storm Cat,Nice Tradition,Kingmambo,サドラーズギャル,Caveat,Dodie,Hail to Reason,Cosmah,Understanding,Mountain Flower,Lyphard,Lady Rebecca,Busted,Highclere,Hail to Reason,Bramalea,Amerigo,Matchiche,Nijinsky,Virginia Hills,Tyrant,Femina,Halo,Ballade,Caerleon,Muffitys,Storm Bird,Terlingua,Search Tradition,Nice Dancing,Mr. Prospector,Miesque,Sadler's Wells,Glenveagh,Cannonade,Cold Hearted,Blakeney,Rhodie
2018105454,ディープインパクト,リトルゲルダ,サンデーサイレンス,ウインドインハーヘア,Closing Argument,ビジューミス,Halo,Wishing Well,Alzao,Burghclere,Successful Appeal,Mrs. Greeley,Buddha,Above the Odds,Hail to Reason,Cosmah,Understanding,Mountain Flower,Lyphard,Lady Rebecca,Busted,Highclere,Valid Appeal,Successful Dancer,Mr. Greeley,Rare Review,Unbridled's Song,Cahooters,Wild Again,Doppio Espresso,Turn-to,Nothirdchance,Cosmic Bomb,Almahmoud,Promised Land,Pretty Ways,Montparnasse,Edelweiss,Northern Dancer,Goofed,Sir Ivor,Pocahontas,Crepello,Sans le Sou,Queen's Hussar,Highlight,In Reality,Desert Trial,Fortunate Prospect,Debonair Dancer,Gone West,Long Legend,Groovy,Royal Tantrum,Unbridled,Trolley Song,Storm Cat,Puss in Cahoots,Icecapade,Bushel-n-Peck,Java Gold,Eastern Dawn
2021104830,リアルインパクト,アンティフォナ,ディープインパクト,トキオリアリティー,Songandaprayer,スナッチド,サンデーサイレンス,ウインドインハーヘア,Meadowlake,What a Reality,Unbridled's Song,Alizea,Cat Thief,Christmas Star,Halo,Wishing Well,Alzao,Burghclere,Hold Your Peace,Suspicious Native,In Reality,What Will Be,Unbridled,Trolley Song,Premiership,Fancy Medallion,Storm Cat,Train Robbery,Star de Naskra,Carols Christmas,Hail to Reason,Cosmah,Understanding,Mountain Flower,Lyphard,Lady Rebecca,Busted,Highclere,Speak John,Blue Moon,Raise a Native,Be Suspicious,Intentionally,My Dear Girl,Crozier,Solabar,Fappiano,Gana Facil,Caro,Lucky Spell,Exclusive Native,Reminiscing,Well Decorated,Attache Case,Storm Bird,Terlingua,Alydar,Track Robbery,Naskra,Candle Star,Whitesburg,Light Verse
2017104172,ロードカナロア,ラルティスタ,キングカメハメハ,レディブラッサム,マイネルラヴ,セクシーココナッツ,Kingmambo,マンファス,Storm Cat,サラトガデュー,Seeking the Gold,Heart of Joy,ダンスインザダーク,ココパシオン,Mr. Prospector,Miesque,ラストタイクーン,Pilot Bird,Storm Bird,Terlingua,Cormorant,Super Luna,Mr. Prospector,Con Game,リィフォー,Mythographer,サンデーサイレンス,ダンシングキイ,グルームダンサー,ゲートドクール,Raise a Native,Gold Digger,Nureyev,Pasadoble,トライマイベスト,Mill Princess,Blakeney,The Dancer,Northern Dancer,South Ocean,Secretariat,Crimson Saint,His Majesty,Song Sparrow,In Reality,Alada,Raise a Native,Gold Digger,Buckpasser,Broadway,Lyphard,Klaizia,Secretariat,Arachne,Halo,Wishing Well,Nijinsky,Key Partner,Blushing Groom,Featherhill,Lomond,Gay Apparel
2018105610,キズナ,ケイティーズギフト,ディープインパクト,キャットクイル,フレンチデピュティ,ケイティーズファースト,サンデーサイレンス,ウインドインハーヘア,Storm Cat,Pacific Princess,Deputy Minister,Mitterand,Kris,Katies,Halo,Wishing Well,Alzao,Burghclere,Storm Bird,Terlingua,Damascus,Fiji,Vice Regent,Mint Copy,Hold Your Peace,Laredo Lass,Sharpen Up,Doubly Sure,ノノアルコ,Mortefontaine,Hail to Reason,Cosmah,Understanding,Mountain Flower,Lyphard,Lady Rebecca,Busted,Highclere,Northern Dancer,South Ocean,Secretariat,Crimson Saint,Sword Dancer,Kerala,Acropolis,Rififi,Northern Dancer,Victoria Regina,Bunty's Flight,Shakney,Speak John,Blue Moon,Bold Ruler,Fortunate Isle,エタン,Rocchetta,Reliance,Soft Angels,Nearctic,Seximee,ポリック,Brabantia
2020101503,ビッグアーサー,クェスタボルタ,サクラバクシンオー,シヤボナ,ノヴェリスト,ワイドサファイア,サクラユタカオー,サクラハゴロモ,Kingmambo,Relish,Monsun,Night Lagoon,アグネスタキオン,クイーンソネット,テスコボーイ,アンジェリカ,ノーザンテースト,クリアアンバー,Mr. Prospector,Miesque,Sadler's Wells,Reloy,Konigsstuhl,Mosella,Lagunas,Nenuphar,サンデーサイレンス,アグネスフローラ,ノーザンテースト,エイプリルソネット,Princely Gift,Suncourt,ネヴァービート,スターハイネス,Northern Dancer,Lady Victoria,Ambiopoise,One Clear Call,Raise a Native,Gold Digger,Nureyev,Pasadoble,Northern Dancer,Fairy Bridge,Liloy,Rescousse,Dschingis Khan,Konigskronung,Surumu,Monasia,イルドブルボン,Liranga,Night Shift,Narola,Halo,Wishing Well,ロイヤルスキー,アグネスレディー,Northern Dancer,Lady Victoria,Dike,Pass Me
2022105755,ミスターメロディ,ルミノハレブタイ,Scat Daddy,Trusty Lady,クロフネ,スカーレットミカ,ヨハネスブルグ,Love Style,Deputy Minister,Klassy Kim,フレンチデピュティ,ブルーアヴェニュー,アドマイヤベガ,スカーレットローズ,ヘネシー,Myth,Mr. Prospector,Likeable Style,Vice Regent,Mint Copy,Silent Screen,クールアライヴァル,Deputy Minister,Mitterand,Classic Go Go,Eliza Blue,サンデーサイレンス,ベガ,ノーザンテースト,スカーレットインク,Storm Cat,Island Kitty,オジジアン,Yarn,Raise a Native,Gold Digger,Nijinsky,Personable Lady,Northern Dancer,Victoria Regina,Bunty's Flight,Shakney,Prince John,Prayer Bell,Relaunch,Irish Arrival,Vice Regent,Mint Copy,Hold Your Peace,Laredo Lass,Pago Pago,Classic Perfection,Icecapade,コレラ,Halo,Wishing Well,トニービン,アンティックヴァリュー,Northern Dancer,Lady Victoria,Crimson Satan,Consentida
2021102888,リアルインパクト,サンクイーン,ディープインパクト,トキオリアリティー,Storm Cat,Fountain of Peace,サンデーサイレンス,ウインドインハーヘア,Meadowlake,What a Reality,Storm Bird,Terlingua,Kris S.,Coup de Genie,Halo,Wishing Well,Alzao,Burghclere,Hold Your Peace,Suspicious Native,In Reality,What Will Be,Northern Dancer,South Ocean,Secretariat,Crimson Saint,Roberto,Sharp Queen,Mr. Prospector,Coup de Folie,Hail to Reason,Cosmah,Understanding,Mountain Flower,Lyphard,Lady Rebecca,Busted,Highclere,Speak John,Blue Moon,Raise a Native,Be Suspicious,Intentionally,My Dear Girl,Crozier,Solabar,Nearctic,Natalma,New Providence,Shining Sun,Bold Ruler,Somethingroyal,Crimson Satan,Bolero Rose,Hail to Reason,Bramalea,Princequillo,Bridgework,Raise a Native,Gold Digger,Halo,Raise the Standard
2019103714,モーリス,メイショウデイム,スクリーンヒーロー,メジロフランシス,マンハッタンカフェ,メイショウカガヤキ,グラスワンダー,ランニングヒロイン,カーネギー,メジロモントレー,サンデーサイレンス,サトルチェンジ,ヘクタープロテクター,ハツノナタリー,Silver Hawk,Ameriflora,サンデーサイレンス,ダイナアクトレス,Sadler's Wells,Detroit,モガミ,メジロクインシー,Halo,Wishing Well,Law Society,Santa Luciana,Woodman,Korveya,トウショウボーイ,インターレディ,Roberto,Gris Vitesse,Danzig,Graceful Touch,Halo,Wishing Well,ノーザンテースト,モデルスポート,Northern Dancer,Fairy Bridge,Riverman,Derna,Lyphard,ノーラック,フィディオン,メジロボサツ,Hail to Reason,Cosmah,Understanding,Mountain Flower,Alleged,Bold Bikini,Luciano,Suleika,Mr. Prospector,プレイメイト,Riverman,Konafa,テスコボーイ,ソシアルバターフライ,ネヴァービート,ヒガシヒメ
2022101389,マインドユアビスケッツ,アーキタイプ,Posse,Jazzmane,ディープインパクト,ウィステリアアーチ,Silver Deputy,Raska,Toccet,Alljazz,サンデーサイレンス,ウインドインハーヘア,キングカメハメハ,バービキャット,Deputy Minister,Silver Valley,Rahy,Borishka,Awesome Again,Cozzene's Angel,Stop the Music,Bounteous,Halo,Wishing Well,Alzao,Burghclere,Kingmambo,マンファス,Storm Cat,Barbarika,Vice Regent,Mint Copy,Mr. Prospector,Seven Valleys,Blushing Groom,Glorious Song,Roberto,Queen Maud,Deputy Minister,Primal Force,Cozzene,Charming Pan,Hail to Reason,Bebopper,Master Derby,Mlle. Quille,Hail to Reason,Cosmah,Understanding,Mountain Flower,Lyphard,Lady Rebecca,Busted,Highclere,Mr. Prospector,Miesque,ラストタイクーン,Pilot Bird,Storm Bird,Terlingua,Bates Motel,War Exchange
2022100526,ホッコータルマエ,ソリッドリーズン,キングカメハメハ,マダムチェロキー,ジャングルポケット,レディーダービー,Kingmambo,マンファス,Cherokee Run,アンフォイルド,トニービン,ダンスチャーマー,スペシャルウィーク,ウメノファイバー,Mr. Prospector,Miesque,ラストタイクーン,Pilot Bird,Runaway Groom,Cherokee Dame,Unbridled,Bold Foil,カンパラ,Severn Bridge,Nureyev,Skillful Joy,サンデーサイレンス,キャンペンガール,サクラユタカオー,ウメノローザ,Raise a Native,Gold Digger,Nureyev,Pasadoble,トライマイベスト,Mill Princess,Blakeney,The Dancer,Blushing Groom,Yonnie Girl,Silver Saber,Dame Francesca,Fappiano,Gana Facil,Bold Forbes,Perfect Foil,Kalamoun,State Pension,Hornbeam,Priddy Fair,Northern Dancer,Special,Nodouble,Skillful Miss,Halo,Wishing Well,マルゼンスキー,レディーシラオキ,テスコボーイ,アンジェリカ,ノーザンディクテイター,ウメノシルバー
2022105055,レッドファルクス,マコトクラダリング,スウェプトオーヴァーボード,ベルモット,シンボリクリスエス,マコトキンラン,エンドスウィープ,Sheer Ice,サンデーサイレンス,レガシーオブストレングス,Kris S.,Tee Kay,サンデーサイレンス,ブゼンキャンドル,フォーティナイナー,Broom Dance,Cutlass,Hey Dolly A.,Halo,Wishing Well,Affirmed,Katonka,Roberto,Sharp Queen,Gold Meridian,Tri Argo,Halo,Wishing Well,モガミ,ブゼンスワン,Mr. Prospector,File,Dance Spell,Witching Hour,Damascus,Aphonia,Ambehaving,Swift Deal,Hail to Reason,Cosmah,Understanding,Mountain Flower,Exclusive Native,Won't Tell You,Minnesota Mac,Minnetonka,Hail to Reason,Bramalea,Princequillo,Bridgework,Seattle Slew,Queen Louie,Tri Jet,Hail Proudly,Hail to Reason,Cosmah,Understanding,Mountain Flower,Lyphard,ノーラック,アスワン,ブゼンノハナ
2022102722,ドゥラメンテ,アイリスフィール,キングカメハメハ,アドマイヤグルーヴ,ハービンジャー,シルクアイリス,Kingmambo,マンファス,サンデーサイレンス,エアグルーヴ,Dansili,Penang Pearl,ディープインパクト,タガノアイリス,Mr. Prospector,Miesque,ラストタイクーン,Pilot Bird,Halo,Wishing Well,トニービン,ダイナカール,デインヒル,Hasili,Bering,Guapa,サンデーサイレンス,ウインドインハーヘア,トニービン,マルカアイリス,Raise a Native,Gold Digger,Nureyev,Pasadoble,トライマイベスト,Mill Princess,Blakeney,The Dancer,Hail to Reason,Cosmah,Understanding,Mountain Flower,カンパラ,Severn Bridge,ノーザンテースト,シャダイフェザー,Danzig,Razyana,Kahyasi,Kerali,Arctic Tern,Beaune,Shareef Dancer,Sauceboat,Halo,Wishing Well,Alzao,Burghclere,カンパラ,Severn Bridge,ブレイヴェストローマン,イカホゲレン
2022105473,リアルインパクト,フューチャーベース,ディープインパクト,トキオリアリティー,ディスクリートキャット,バックシートリズム,サンデーサイレンス,ウインドインハーヘア,Meadowlake,What a Reality,Forestry,Pretty Discreet,El Corredor,Kiss a Miss,Halo,Wishing Well,Alzao,Burghclere,Hold Your Peace,Suspicious Native,In Reality,What Will Be,Storm Cat,Shared Interest,Private Account,Pretty Persuasive,Mr. Greeley,Silvery Swan,Kissin Kris,Belleville Miss,Hail to Reason,Cosmah,Understanding,Mountain Flower,Lyphard,Lady Rebecca,Busted,Highclere,Speak John,Blue Moon,Raise a Native,Be Suspicious,Intentionally,My Dear Girl,Crozier,Solabar,Storm Bird,Terlingua,Pleasant Colony,Surgery,Damascus,Numbered Account,Believe It,Bury the Hatchet,Gone West,Long Legend,Silver Deputy,Sociable Duck,Kris S.,Toes Forward,Herat,Barkerville Belle
2019106148,ドレフォン,ポリアフ,Gio Ponti,Eltimaas,キングカメハメハ,ユキチャン,Tale of the Cat,Chipeta Springs,Ghostzapper,Najecam,Kingmambo,マンファス,クロフネ,シラユキヒメ,Storm Cat,Yarn,Alydar,Salt Spring,Awesome Again,Baby Zip,Trempolino,Sue Warner,Mr. Prospector,Miesque,ラストタイクーン,Pilot Bird,フレンチデピュティ,ブルーアヴェニュー,サンデーサイレンス,ウェイブウインド,Storm Bird,Terlingua,Mr. Prospector,Narrate,Raise a Native,Sweet Tooth,Salt Marsh,Jungle Mythologic,Deputy Minister,Primal Force,Relaunch,Thirty Zip,Sharpen Up,Trephine,Forli,Bitty Girl,Raise a Native,Gold Digger,Nureyev,Pasadoble,トライマイベスト,Mill Princess,Blakeney,The Dancer,Deputy Minister,Mitterand,Classic Go Go,Eliza Blue,Halo,Wishing Well,Topsider,Storm and Sunshine
2021106192,ビーチパトロール,アルデュール,Lemon Drop Kid,Bashful Bertie,フレンチデピュティ,ミスアルダント,Kingmambo,Charming Lassie,Quiet American,Clever Bertie,Deputy Minister,Mitterand,サンデーサイレンス,マガロ,Mr. Prospector,Miesque,Seattle Slew,Lassie Dear,Fappiano,Demure,Timeless Native,Clever But Costly,Vice Regent,Mint Copy,Hold Your Peace,Laredo Lass,Halo,Wishing Well,Caro,Magic,Raise a Native,Gold Digger,Nureyev,Pasadoble,Bold Reasoning,My Charmer,Buckpasser,Gay Missile,Mr. Prospector,Killaloe,Dr. Fager,Quiet Charm,Timeless Moment,Head Off,Clever Trick,Swoonlow,Northern Dancer,Victoria Regina,Bunty's Flight,Shakney,Speak John,Blue Moon,Bold Ruler,Fortunate Isle,Hail to Reason,Cosmah,Understanding,Mountain Flower,フォルティノ,Chambord,Buckpasser,Aspidistra
2021105767,リアルスティール,ベルワトリング,ディープインパクト,ラヴズオンリーミー,Dushyantor,Biala,サンデーサイレンス,ウインドインハーヘア,Storm Cat,Monevassia,Sadler's Wells,Slightly Dangerous,The Great Shark,Damasquera,Halo,Wishing Well,Alzao,Burghclere,Storm Bird,Terlingua,Mr. Prospector,Miesque,Northern Dancer,Fairy Bridge,Roberto,Where You Lead,Storm Bird,Hot Gossip,Domineau,Discografia,Hail to Reason,Cosmah,Understanding,Mountain Flower,Lyphard,Lady Rebecca,Busted,Highclere,Northern Dancer,South Ocean,Secretariat,Crimson Saint,Raise a Native,Gold Digger,Nureyev,Pasadoble,Nearctic,Natalma,Bold Reason,Special,Hail to Reason,Bramalea,Raise a Native,Noblesse,Northern Dancer,South Ocean,Correspondent,Spotted Beauty,Never Bend,Pop's Pick,Damascus Silver,Secuestrada
2019102705,シニスターミニスター,カリビアンセレブ,Old Trieste,Sweet Minister,ゴールドアリュール,カリビアンボイス,A.P. Indy,Lovlier Linda,The Prime Minister,Sweet Blue,サンデーサイレンス,ニキーヤ,ジェイドロバリー,カーペンタービー,Seattle Slew,Weekend Surprise,Vigors,Linda Summers,Deputy Minister,Stick to Beauty,Hurry Up Blue,Sugar Gold,Halo,Wishing Well,Nureyev,Reluctant Guest,Mr. Prospector,Number,ルドゥターブル,ファイアフラワー,Bold Reasoning,My Charmer,Secretariat,Lassie Dear,Grey Dawn,Relifordie,Crozier,Queenly Gift,Vice Regent,Mint Copy,Illustrious,Hail to Beauty,Mr. Leader,Blue Baroness,Mr. Prospector,Miss Ironside,Hail to Reason,Cosmah,Understanding,Mountain Flower,Northern Dancer,Special,Hostage,Vaguely Royal,Raise a Native,Gold Digger,Nijinsky,Special,Tyrant,Alvina,Dike,Pascha
2017105433,ゴールドアリュール,テスティコ,サンデーサイレンス,ニキーヤ,Tiznow,Last Crown,Halo,Wishing Well,Nureyev,Reluctant Guest,Cee's Tizzy,Cee's Song,El Prado,Six Crowns,Hail to Reason,Cosmah,Understanding,Mountain Flower,Northern Dancer,Special,Hostage,Vaguely Royal,Relaunch,テイズリー,Seattle Song,Lonely Dancer,Sadler's Wells,Lady Capulet,Secretariat,Chris Evert,Turn-to,Nothirdchance,Cosmic Bomb,Almahmoud,Promised Land,Pretty Ways,Montparnasse,Edelweiss,Nearctic,Natalma,Forli,Thong,Nijinsky,Entente,Vaguely Noble,Shoshanna,In Reality,Foggy Note,Lyphard,Tizna,Seattle Slew,Incantation,ナイスダンサー,Sleep Lonely,Northern Dancer,Fairy Bridge,Sir Ivor,Cap and Bells,Bold Ruler,Somethingroyal,Swoon's Son,Miss Carmie
2019100615,ワンアンドオンリー,アンシャンタン,ハーツクライ,ヴァーチュ,Unbridled's Song,Celtic Melody,サンデーサイレンス,アイリッシュダンス,タイキシャトル,サンタムール,Unbridled,Trolley Song,Mr. Greeley,Ballynaugh,Halo,Wishing Well,トニービン,ビューパーダンス,Devil's Bag,ウェルシュマフィン,Danzig,アンブロジン,Fappiano,Gana Facil,Caro,Lucky Spell,Gone West,Long Legend,Desert Wine,Fool's Miss,Hail to Reason,Cosmah,Understanding,Mountain Flower,カンパラ,Severn Bridge,Lyphard,My Bupers,Halo,Ballade,Caerleon,Muffitys,Northern Dancer,Pas de Nom,Mr. Prospector,バラダ,Mr. Prospector,Killaloe,Le Fabuleux,Charedi,フォルティノ,Chambord,Lucky Mel,Incantation,Mr. Prospector,Secrettame,Reviewer,Lianga,Damascus,Anne Campbell,Saltville,Watch Lucille
2022105776,リーチザクラウン,キトゥンズグレイス,スペシャルウィーク,クラウンピース,Kitten's Joy,イマーキュレイトキャット,サンデーサイレンス,キャンペンガール,Seattle Slew,クラシッククラウン,El Prado,Kitten's First,Storm Cat,Myhrr,Halo,Wishing Well,マルゼンスキー,レディーシラオキ,Bold Reasoning,My Charmer,Mr. Prospector,Six Crowns,Sadler's Wells,Lady Capulet,Lear Fan,That's My Hon,Storm Bird,Terlingua,Mr. Prospector,Miesque,Hail to Reason,Cosmah,Understanding,Mountain Flower,Nijinsky,シル,セントクレスピン,ミスアシヤガワ,Boldnesian,Reason to Earn,Poker,Fair Charmer,Raise a Native,Gold Digger,Secretariat,Chris Evert,Northern Dancer,Fairy Bridge,Sir Ivor,Cap and Bells,Roberto,Wac,L'Enjoleur,One Lane,Northern Dancer,South Ocean,Secretariat,Crimson Saint,Raise a Native,Gold Digger,Nureyev,Pasadoble
2021101751,エピファネイア,ピースオブラヴ,シンボリクリスエス,シーザリオ,マイネルラヴ,ピアラプソディ,Kris S.,Tee Kay,スペシャルウィーク,キロフプリミエール,Seeking the Gold,Heart of Joy,ブライアンズタイム,ベルプリンセス,Roberto,Sharp Queen,Gold Meridian,Tri Argo,サンデーサイレンス,キャンペンガール,Sadler's Wells,Querida,Mr. Prospector,Con Game,リィフォー,Mythographer,Roberto,Kelley's Day,シルバーシャーク,カネジョリー,Hail to Reason,Bramalea,Princequillo,Bridgework,Seattle Slew,Queen Louie,Tri Jet,Hail Proudly,Halo,Wishing Well,マルゼンスキー,レディーシラオキ,Northern Dancer,Fairy Bridge,Habitat,Principia,Raise a Native,Gold Digger,Buckpasser,Broadway,Lyphard,Klaizia,Secretariat,Arachne,Hail to Reason,Bramalea,Graustark,Golden Trail,Buisson Ardent,Palsaka,グレイモナーク,シンカオル
2021103002,ブリックスアンドモルタル,ハワイアンローズ,Giant's Causeway,Beyond the Waves,キングカメハメハ,サンタローズ,Storm Cat,Mariah's Storm,Ocean Crest,Excedent,Kingmambo,マンファス,パントレセレブル,ユキノローズ,Storm Bird,Terlingua,Rahy,イメンス,Storm Bird,S.S.Aroma,Exceller,Broadway Lullaby,Mr. Prospector,Miesque,ラストタイクーン,Pilot Bird,Nureyev,Peinture Bleue,ミルジョージ,バンブーネラ,Northern Dancer,South Ocean,Secretariat,Crimson Saint,Blushing Groom,Glorious Song,Roberto,Imsodear,Northern Dancer,South Ocean,Seattle Slew,Rare Bouquet,Vaguely Noble,Too Bald,Stage Door Johnny,リットルブレツシング,Raise a Native,Gold Digger,Nureyev,Pasadoble,トライマイベスト,Mill Princess,Blakeney,The Dancer,Northern Dancer,Special,Alydar,Petroleuse,Mill Reef,Miss Charisma,ポリック,クインバンブー
2019105330,ドレフォン,ハッピーアビラ,Gio Ponti,Eltimaas,ディープインパクト,アビラ,Tale of the Cat,Chipeta Springs,Ghostzapper,Najecam,サンデーサイレンス,ウインドインハーヘア,ロックオブジブラルタル,Animatrice,Storm Cat,Yarn,Alydar,Salt Spring,Awesome Again,Baby Zip,Trempolino,Sue Warner,Halo,Wishing Well,Alzao,Burghclere,デインヒル,Offshore Boom,Alleged,Alexandrie,Storm Bird,Terlingua,Mr. Prospector,Narrate,Raise a Native,Sweet Tooth,Salt Marsh,Jungle Mythologic,Deputy Minister,Primal Force,Relaunch,Thirty Zip,Sharpen Up,Trephine,Forli,Bitty Girl,Hail to Reason,Cosmah,Understanding,Mountain Flower,Lyphard,Lady Rebecca,Busted,Highclere,Danzig,Razyana,Be My Guest,Push a Button,Hoist the Flag,Princess Pout,Val de l'Orne,Apachee
2023103292,ルヴァンスレーヴ,バーグアンノール,シンボリクリスエス,マエストラーレ,キングカメハメハ,レクレドール,Kris S.,Tee Kay,ネオユニヴァース,オータムブリーズ,Kingmambo,マンファス,サンデーサイレンス,ゴールデンサッシュ,Roberto,Sharp Queen,Gold Meridian,Tri Argo,サンデーサイレンス,ポインテッドパス,ティンバーカントリー,セプテンバーソング,Mr. Prospector,Miesque,ラストタイクーン,Pilot Bird,Halo,Wishing Well,ディクタス,ダイナサッシュ,Hail to Reason,Bramalea,Princequillo,Bridgework,Seattle Slew,Queen Louie,Tri Jet,Hail Proudly,Halo,Wishing Well,Kris,Silken Way,Woodman,Fall Aspen,リアルシャダイ,ダイナフェアリー,Raise a Native,Gold Digger,Nureyev,Pasadoble,トライマイベスト,Mill Princess,Blakeney,The Dancer,Hail to Reason,Cosmah,Understanding,Mountain Flower,Sanctus,Doronic,ノーザンテースト,ロイヤルサッシュ
2023100233,ゴールドドリーム,ジョーゲルダ,ゴールドアリュール,モンヴェール,オペラハウス,ジョーセレブレイト,サンデーサイレンス,ニキーヤ,フレンチデピュティ,スペシャルジェイド,Sadler's Wells,Colorspin,ヘクタープロテクター,ジョーイライザ,Halo,Wishing Well,Nureyev,Reluctant Guest,Deputy Minister,Mitterand,Cox's Ridge,Statistic,Northern Dancer,Fairy Bridge,High Top,Reprocolor,Woodman,Korveya,タップオンウッド,ジョージユホー,Hail to Reason,Cosmah,Understanding,Mountain Flower,Northern Dancer,Special,Hostage,Vaguely Royal,Vice Regent,Mint Copy,Hold Your Peace,Laredo Lass,Best Turn,Our Martha,Mr. Prospector,Number,Nearctic,Natalma,Bold Reason,Special,Derring-Do,Camenae,Jimmy Reppin,Blue Queen,Mr. Prospector,プレイメイト,Riverman,Konafa,Sallust,Cat O'Mountaine,ネヴァービート,シアラ
2023100609,マインドユアビスケッツ,ペガサスハーツ,Posse,Jazzmane,ハーツクライ,マリンフェスタ,Silver Deputy,Raska,Toccet,Alljazz,サンデーサイレンス,アイリッシュダンス,サクラバクシンオー,ロングチアーズ,Deputy Minister,Silver Valley,Rahy,Borishka,Awesome Again,Cozzene's Angel,Stop the Music,Bounteous,Halo,Wishing Well,トニービン,ビューパーダンス,サクラユタカオー,サクラハゴロモ,ミホシンザン,スイーブ,Vice Regent,Mint Copy,Mr. Prospector,Seven Valleys,Blushing Groom,Glorious Song,Roberto,Queen Maud,Deputy Minister,Primal Force,Cozzene,Charming Pan,Hail to Reason,Bebopper,Master Derby,Mlle. Quille,Hail to Reason,Cosmah,Understanding,Mountain Flower,カンパラ,Severn Bridge,Lyphard,My Bupers,テスコボーイ,アンジェリカ,ノーザンテースト,クリアアンバー,シンザン,ナポリジョオー,テューダーペリオッド,ゴールデンドラゴン
2023101082,シャンハイボビー,トーホウシンバル,Harlan's Holiday,Steelin',ステイゴールド,トーホウローマン,Harlan,Christmas in Aiken,Orientate,Steel Band,サンデーサイレンス,ゴールデンサッシュ,ヘネシー,クロケタリー,Storm Cat,Country Romance,Affirmed,Dowager,Mt. Livermore,Dream Team,Carson City,ウェディングバンド,Halo,Wishing Well,ディクタス,ダイナサッシュ,Storm Cat,Island Kitty,Alydar,Croquis,Storm Bird,Terlingua,Halo,Sweet Romance,Exclusive Native,Won't Tell You,Honest Pleasure,Princessnesian,Blushing Groom,Flama Ardiente,Cox's Ridge,Likely Double,Mr. Prospector,Blushing Promise,Mighty Appealing,Ring of Steel,Hail to Reason,Cosmah,Understanding,Mountain Flower,Sanctus,Doronic,ノーザンテースト,ロイヤルサッシュ,Storm Bird,Terlingua,Hawaii,T. C. Kitten,Raise a Native,Sweet Tooth,Arts and Letters,Unity Hall
2023105228,ゴールドドリーム,フューチャーベース,ゴールドアリュール,モンヴェール,ディスクリートキャット,バックシートリズム,サンデーサイレンス,ニキーヤ,フレンチデピュティ,スペシャルジェイド,Forestry,Pretty Discreet,El Corredor,Kiss a Miss,Halo,Wishing Well,Nureyev,Reluctant Guest,Deputy Minister,Mitterand,Cox's Ridge,Statistic,Storm Cat,Shared Interest,Private Account,Pretty Persuasive,Mr. Greeley,Silvery Swan,Kissin Kris,Belleville Miss,Hail to Reason,Cosmah,Understanding,Mountain Flower,Northern Dancer,Special,Hostage,Vaguely Royal,Vice Regent,Mint Copy,Hold Your Peace,Laredo Lass,Best Turn,Our Martha,Mr. Prospector,Number,Storm Bird,Terlingua,Pleasant Colony,Surgery,Damascus,Numbered Account,Believe It,Bury the Hatchet,Gone West,Long Legend,Silver Deputy,Sociable Duck,Kris S.,Toes Forward,Herat,Barkerville Belle
2023100863,ストロングリターン,ファストソング,シンボリクリスエス,コートアウト,ヘクタープロテクター,ステッバイステップ,Kris S.,Tee Kay,Smart Strike,アザール,Woodman,Korveya,カリズマティック,オルビタル,Roberto,Sharp Queen,Gold Meridian,Tri Argo,Mr. Prospector,Classy 'n Smart,Nijinsky,Smart Heiress,Mr. Prospector,プレイメイト,Riverman,Konafa,Summer Squall,Bali Babe,Caerleon,Asteroid Field,Hail to Reason,Bramalea,Princequillo,Bridgework,Seattle Slew,Queen Louie,Tri Jet,Hail Proudly,Raise a Native,Gold Digger,Smarten,No Class,Northern Dancer,Flaming Page,Vaguely Noble,Smartaire,Raise a Native,Gold Digger,Buckpasser,Intriguing,Never Bend,River Lady,Damascus,Royal Statute,Storm Bird,Weekend Surprise,Drone,Polynesian Charm,Nijinsky,Foreseer,Forli,Star Strewn
2023101796,ルーラーシップ,ブライトロージー,キングカメハメハ,エアグルーヴ,ハーツクライ,コージーロージー,Kingmambo,マンファス,トニービン,ダイナカール,サンデーサイレンス,アイリッシュダンス,Pleasantly Perfect,Felidia,Mr. Prospector,Miesque,ラストタイクーン,Pilot Bird,カンパラ,Severn Bridge,ノーザンテースト,シャダイフェザー,Halo,Wishing Well,トニービン,ビューパーダンス,Pleasant Colony,Regal State,Golden Fleece,Exclusive Fable,Raise a Native,Gold Digger,Nureyev,Pasadoble,トライマイベスト,Mill Princess,Blakeney,The Dancer,Kalamoun,State Pension,Hornbeam,Priddy Fair,Northern Dancer,Lady Victoria,ガーサント,パロクサイド,Hail to Reason,Cosmah,Understanding,Mountain Flower,カンパラ,Severn Bridge,Lyphard,My Bupers,His Majesty,Sun Colony,Affirmed,La Trinite,Nijinsky,Exotic Treat,Exclusive Native,Ancient Fables
2023103762,マインドユアビスケッツ,エヌワイパフューム,Posse,Jazzmane,ジャスタウェイ,ラプターセイハート,Silver Deputy,Raska,Toccet,Alljazz,ハーツクライ,シビル,トワイニング,リリウム,Deputy Minister,Silver Valley,Rahy,Borishka,Awesome Again,Cozzene's Angel,Stop the Music,Bounteous,サンデーサイレンス,アイリッシュダンス,Wild Again,シャロン,フォーティナイナー,Courtly Dee,クロフネ,ベゴニア,Vice Regent,Mint Copy,Mr. Prospector,Seven Valleys,Blushing Groom,Glorious Song,Roberto,Queen Maud,Deputy Minister,Primal Force,Cozzene,Charming Pan,Hail to Reason,Bebopper,Master Derby,Mlle. Quille,Halo,Wishing Well,トニービン,ビューパーダンス,Icecapade,Bushel-n-Peck,Mo Exception,Double Wiggle,Mr. Prospector,File,Never Bend,Tulle,フレンチデピュティ,ブルーアヴェニュー,Plugged Nickle,Dahlia
2023101581,ヴァンゴッホ,テーオーピコタン,American Pharoah,Imagine,ダイワメジャー,タイセイエトワール,Pioneerof the Nile,Littleprincessemma,Sadler's Wells,Doff the Derby,サンデーサイレンス,スカーレットブーケ,トニービン,エンスラーリング,エンパイアメーカー,Star of Goshen,Yankee Gentleman,Exclusive Rosette,Northern Dancer,Fairy Bridge,Master Derby,Margarethen,Halo,Wishing Well,ノーザンテースト,スカーレットインク,カンパラ,Severn Bridge,ヘクタープロテクター,エンスラーリングレイディ,Unbridled,Toussaud,Lord at War,Castle Eight,Storm Cat,Key Phrase,Ecliptical,Zetta Jet,Nearctic,Natalma,Bold Reason,Special,ダストコマンダー,Madam Jerry,Tulyar,Russ-Marie,Hail to Reason,Cosmah,Understanding,Mountain Flower,Northern Dancer,Lady Victoria,Crimson Satan,Consentida,Kalamoun,State Pension,Hornbeam,Priddy Fair,Woodman,Korveya,El Gran Senor,Enthraller
2023101053,ニューイヤーズデイ,ボカイウヴァ,Street Cry,Justwhistledixie,Teofilo,Breath of Love,Machiavellian,Helen Street,Dixie Union,General Jeanne,Galileo,Speirbhean,Mutakddim,Breath Taking,Mr. Prospector,Coup de Folie,Troy,Waterway,Dixieland Band,She's Tops,Honour and Glory,Ahpo Hel,Sadler's Wells,Urban Sea,デインヒル,Saviour,Seeking the Gold,Oscillate,Nureyev,Cap d'Antibes,Raise a Native,Gold Digger,Halo,Raise the Standard,Petingo,La Milo,Riverman,Boulevard,Northern Dancer,Mississippi Mud,Capote,She's a Talent,Relaunch,Fair to All,Mr. Leader,Tiy,Northern Dancer,Fairy Bridge,Miswaki,Allegretta,Danzig,Razyana,Majestic Light,Victorian Queen,Mr. Prospector,Con Game,Seattle Slew,Dance Number,Northern Dancer,Special,Better Boy,Tereus
2023104050,シャンハイボビー,クーファエラン,Harlan's Holiday,Steelin',オルフェーヴル,ウインアンジェラス,Harlan,Christmas in Aiken,Orientate,Steel Band,ステイゴールド,オリエンタルアート,Bertolini,エシュクアルバー,Storm Cat,Country Romance,Affirmed,Dowager,Mt. Livermore,Dream Team,Carson City,ウェディングバンド,サンデーサイレンス,ゴールデンサッシュ,メジロマックイーン,エレクトロアート,Danzig,Aquilegia,Riverman,Equate,Storm Bird,Terlingua,Halo,Sweet Romance,Exclusive Native,Won't Tell You,Honest Pleasure,Princessnesian,Blushing Groom,Flama Ardiente,Cox's Ridge,Likely Double,Mr. Prospector,Blushing Promise,Mighty Appealing,Ring of Steel,Halo,Wishing Well,ディクタス,ダイナサッシュ,メジロティターン,メジロオーロラ,ノーザンテースト,グランマスティーヴンス,Northern Dancer,Pas de Nom,Alydar,Courtly Dee,Never Bend,River Lady,Raja Baba,Bank On Love
2023102131,ミッキーアイル,モーレアモーレ,ディープインパクト,スターアイル,ジャイアントレッカー,サンレイフレール,サンデーサイレンス,ウインドインハーヘア,ロックオブジブラルタル,アイルドフランス,Giant's Causeway,Homewrecker,ダンスインザダーク,ダンシングフレール,Halo,Wishing Well,Alzao,Burghclere,デインヒル,Offshore Boom,Nureyev,ステラマドリッド,Storm Cat,Mariah's Storm,Buckaroo,Execution,サンデーサイレンス,ダンシングキイ,ノーザンテースト,フレールドウプランタン,Hail to Reason,Cosmah,Understanding,Mountain Flower,Lyphard,Lady Rebecca,Busted,Highclere,Danzig,Razyana,Be My Guest,Push a Button,Northern Dancer,Special,Alydar,My Juliet,Storm Bird,Terlingua,Rahy,イメンス,Buckpasser,Stepping High,The Axe,House of Cards,Halo,Wishing Well,Nijinsky,Key Partner,Northern Dancer,Lady Victoria,Caro,Savage Bunny
2023105839,ジャスタウェイ,ポプラ,ハーツクライ,シビル,Frankel,ハーフムーン,サンデーサイレンス,アイリッシュダンス,Wild Again,シャロン,Galileo,Kind,Duke of Marmalade,Quarter moon,Halo,Wishing Well,トニービン,ビューパーダンス,Icecapade,Bushel-n-Peck,Mo Exception,Double Wiggle,Sadler's Wells,Urban Sea,デインヒル,Rainbow Lake,デインヒル,Love Me True,Sadler's Wells,Jude,Hail to Reason,Cosmah,Understanding,Mountain Flower,カンパラ,Severn Bridge,Lyphard,My Bupers,Nearctic,Shenanigans,Khaled,Dama,Hard Work,With Exception,Sir Wiggle,Blue Double,Northern Dancer,Fairy Bridge,Miswaki,Allegretta,Danzig,Razyana,Rainbow Quest,Rockfest,Danzig,Razyana,Kingmambo,Lassie's Lady,Northern Dancer,Fairy Bridge,Darshaan,Alruccaba
2023106232,アニマルキングダム,ナムラユメ,Leroidesanimaux,ダリシア,ゼンノロブロイ,ビストロドゥパリ,Candy Stripes,Dissemble,Acatenango,Dynamis,サンデーサイレンス,ローミンレイチェル,フレンチグローリー,ドッフ,Blushing Groom,バブルカンパニー,Ahonoora,Kerali,Surumu,Aggravate,ダンシングブレーヴ,Diasprina,Halo,Wishing Well,マイニング,One Smart Lady,Sadler's Wells,デユネット,Mr. Prospector,Furling,Red God,Runaway Bride,Lyphard,Prodice,Lorenzaccio,Helen Nichols,High Line,Sookera,Literat,Surama,Aggressor,Raven Locks,Lyphard,Navajo Princess,Aspros,Dorle,Hail to Reason,Cosmah,Understanding,Mountain Flower,Mr. Prospector,I Pass,Clever Trick,Pia's Lady,Northern Dancer,Fairy Bridge,ハードツービート,Pram,Raise a Native,Gold Digger,Hoist the Flag,Continue
2023102464,フィレンツェファイア,シェルトファータ,Poseidon's Warrior,My Every Wish,ヘニーヒューズ,セイントブルック,Speightstown,Poised to Pounce,Langfuhr,Mille Lacs,ヘネシー,Meadow Flyer,Saint Ballado,Royal Brook,Gone West,Silken Cat,Smarten,Lady Lyndy,Danzig,Sweet Briar Too,Unbridled,With Every Wish,Storm Cat,Island Kitty,Meadowlake,Shortley,Halo,Ballade,Lomond,Never Scheme,Mr. Prospector,Secrettame,Storm Cat,Silken Doll,Cyane,Smartaire,Bold Favorite,Counterflight,Northern Dancer,Pas de Nom,Briartic,Prima Babu Gum,Fappiano,Gana Facil,Lear Fan,Amo,Storm Bird,Terlingua,Hawaii,T. C. Kitten,Hold Your Peace,Suspicious Native,Hagley,Short Winded,Hail to Reason,Cosmah,Herbager,Miss Swapsco,Northern Dancer,My Charmer,Never Bend,Sweetly Scheming
2023103942,インディチャンプ,ゴールドエンジェル,ステイゴールド,ウィルパワー,クロフネ,エストレリータ,サンデーサイレンス,ゴールデンサッシュ,キングカメハメハ,トキオリアリティー,フレンチデピュティ,ブルーアヴェニュー,ダンスインザダーク,エアシャロン,Halo,Wishing Well,ディクタス,ダイナサッシュ,Kingmambo,マンファス,Meadowlake,What a Reality,Deputy Minister,Mitterand,Classic Go Go,Eliza Blue,サンデーサイレンス,ダンシングキイ,ノーザンテースト,エコルシユ,Hail to Reason,Cosmah,Understanding,Mountain Flower,Sanctus,Doronic,ノーザンテースト,ロイヤルサッシュ,Mr. Prospector,Miesque,ラストタイクーン,Pilot Bird,Hold Your Peace,Suspicious Native,In Reality,What Will Be,Vice Regent,Mint Copy,Hold Your Peace,Laredo Lass,Pago Pago,Classic Perfection,Icecapade,コレラ,Halo,Wishing Well,Nijinsky,Key Partner,Northern Dancer,Lady Victoria,Big Spruce,Idmon
2023106556,フォーウィールドライブ,サンデーローズ,American Pharoah,Funfair,ブライアンズタイム,サンデーエイコーン,Pioneerof the Nile,Littleprincessemma,More Than Ready,Fleuron,Roberto,Kelley's Day,サンデーサイレンス,エイコーンカップ,エンパイアメーカー,Star of Goshen,Yankee Gentleman,Exclusive Rosette,サザンヘイロー,Woodman's Girl,Distant View,Flamboyance,Hail to Reason,Bramalea,Graustark,Golden Trail,Halo,Wishing Well,ノーザンテースト,ダイナエイコーン,Unbridled,Toussaud,Lord at War,Castle Eight,Storm Cat,Key Phrase,Ecliptical,Zetta Jet,Halo,Northern Sea,Woodman,Becky Be Good,Mr. Prospector,Seven Springs,Zilzal,Bridal Wreath,Turn-to,Nothirdchance,Nashua,Rarelea,Ribot,Flower Bowl,Hasty Road,Sunny Vale,Hail to Reason,Cosmah,Understanding,Mountain Flower,Northern Dancer,Lady Victoria,ロイヤルスキー,ライバリュウ
2023102554,ヴァンセンヌ,イチザラブ,ディープインパクト,フラワーパーク,タイムパラドックス,リトルラブソング,サンデーサイレンス,ウインドインハーヘア,ニホンピロウイナー,ノーザンフラワー,ブライアンズタイム,ジョリーザザ,マイネルラヴ,ダブルシンホニー,Halo,Wishing Well,Alzao,Burghclere,スティールハート,ニホンピロエバート,ノーザンテースト,ファイアフラワー,Roberto,Kelley's Day,Alzao,Bold Lady,Seeking the Gold,Heart of Joy,アンバーシャダイ,ダブルファースト,Hail to Reason,Cosmah,Understanding,Mountain Flower,Lyphard,Lady Rebecca,Busted,Highclere,Habitat,A.,チャイナロック,ライトフレーム,Northern Dancer,Lady Victoria,Dike,Pascha,Hail to Reason,Bramalea,Graustark,Golden Trail,Lyphard,Lady Rebecca,ボールドラツド,Tredam,Mr. Prospector,Con Game,リィフォー,Mythographer,ノーザンテースト,クリアアンバー,パーソロン,ダブルドア
2023100633,ゴールドドリーム,オルガンパイプ,ゴールドアリュール,モンヴェール,サウスヴィグラス,キャッツプライド,サンデーサイレンス,ニキーヤ,フレンチデピュティ,スペシャルジェイド,エンドスウィープ,ダーケストスター,ヘネシー,Kirt's Pride,Halo,Wishing Well,Nureyev,Reluctant Guest,Deputy Minister,Mitterand,Cox's Ridge,Statistic,フォーティナイナー,Broom Dance,Star de Naskra,Minnie Riperton,Storm Cat,Island Kitty,Kirtling,Satan's Pride,Hail to Reason,Cosmah,Understanding,Mountain Flower,Northern Dancer,Special,Hostage,Vaguely Royal,Vice Regent,Mint Copy,Hold Your Peace,Laredo Lass,Best Turn,Our Martha,Mr. Prospector,Number,Mr. Prospector,File,Dance Spell,Witching Hour,Naskra,Candle Star,Cornish Prince,English Harbor,Storm Bird,Terlingua,Hawaii,T. C. Kitten,グランディ,Silky,Crimson Satan,Autumn Pride
2023104972,モズアスコット,マリカ,Frankel,India,サウスヴィグラス,ウィンワーシップ,Galileo,Kind,ヘネシー,Misty Hour,エンドスウィープ,ダーケストスター,マイニング,カチウマキャシー,Sadler's Wells,Urban Sea,デインヒル,Rainbow Lake,Storm Cat,Island Kitty,Miswaki,Our Tina Marie,フォーティナイナー,Broom Dance,Star de Naskra,Minnie Riperton,Mr. Prospector,I Pass,ストームオンザルース,レイディアック,Northern Dancer,Fairy Bridge,Miswaki,Allegretta,Danzig,Razyana,Rainbow Quest,Rockfest,Storm Bird,Terlingua,Hawaii,T. C. Kitten,Mr. Prospector,Hopespringseternal,Nijinsky,Java Moon,Mr. Prospector,File,Dance Spell,Witching Hour,Naskra,Candle Star,Cornish Prince,English Harbor,Raise a Native,Gold Digger,Buckpasser,Impish,Lyphard,That's a Kennedy,Ack Ack,Assurgent
2023105542,ベストウォーリア,キョウモバライロ,マジェスティックウォリアー,フラーテイシャスミス,フリオーソ,エルサフィール,A.P. Indy,Dream Supreme,Mr. Greeley,Seductive Smile,ブライアンズタイム,ファーザ,タヤスツヨシ,ポルタトーリ,Seattle Slew,Weekend Surprise,Seeking the Gold,Spinning Round,Gone West,Long Legend,Silver Hawk,Exit Smiling,Roberto,Kelley's Day,Mr. Prospector,Baya,サンデーサイレンス,マガロ,マルゼンスキー,ブルーサファイア,Bold Reasoning,My Charmer,Secretariat,Lassie Dear,Mr. Prospector,Con Game,Dixieland Band,Take Heart,Mr. Prospector,Secrettame,Reviewer,Lianga,Roberto,Gris Vitesse,Stage Door Johnny,Chandelier,Hail to Reason,Bramalea,Graustark,Golden Trail,Raise a Native,Gold Digger,Nureyev,Barger,Halo,Wishing Well,Caro,Magic,Nijinsky,シル,Damascus,Ancient Art
2023106336,リアルスティール,グランドウイズダム,ディープインパクト,ラヴズオンリーミー,キングカメハメハ,グランドグリーン,サンデーサイレンス,ウインドインハーヘア,Storm Cat,Monevassia,Kingmambo,マンファス,ナリタブライアン,メタモルフォース,Halo,Wishing Well,Alzao,Burghclere,Storm Bird,Terlingua,Mr. Prospector,Miesque,Mr. Prospector,Miesque,ラストタイクーン,Pilot Bird,ブライアンズタイム,パシフィカス,Lord Avie,Normia,Hail to Reason,Cosmah,Understanding,Mountain Flower,Lyphard,Lady Rebecca,Busted,Highclere,Northern Dancer,South Ocean,Secretariat,Crimson Saint,Raise a Native,Gold Digger,Nureyev,Pasadoble,Raise a Native,Gold Digger,Nureyev,Pasadoble,トライマイベスト,Mill Princess,Blakeney,The Dancer,Roberto,Kelley's Day,Northern Dancer,Pacific Princess,Lord Gaylord,Avie,Northfields,Mia Pola
2023100903,マクフィ,アーキタイプ,Dubawi,Dhelaal,ディープインパクト,ウィステリアアーチ,Dubai Millennium,Zomaradah,Green Desert,Irish Valley,サンデーサイレンス,ウインドインハーヘア,キングカメハメハ,バービキャット,Seeking the Gold,Colorado Dancer,Deploy,Jawaher,Danzig,Foreign Courier,Irish River,Green Valley,Halo,Wishing Well,Alzao,Burghclere,Kingmambo,マンファス,Storm Cat,Barbarika,Mr. Prospector,Con Game,Shareef Dancer,Fall Aspen,Shirley Heights,Slightly Dangerous,ダンシングブレーヴ,High Tern,Northern Dancer,Pas de Nom,Sir Ivor,Courtly Dee,Riverman,Irish Star,Val de Loir,Sly Pola,Hail to Reason,Cosmah,Understanding,Mountain Flower,Lyphard,Lady Rebecca,Busted,Highclere,Mr. Prospector,Miesque,ラストタイクーン,Pilot Bird,Storm Bird,Terlingua,Bates Motel,War Exchange
2023106572,キセキ,メイショウイチヒメ,ルーラーシップ,ブリッツフィナーレ,メイショウボーラー,メイショウマンボ,キングカメハメハ,エアグルーヴ,ディープインパクト,ロンドンブリッジ,タイキシャトル,ナイスレイズ,スズカマンボ,メイショウモモカ,Kingmambo,マンファス,トニービン,ダイナカール,サンデーサイレンス,ウインドインハーヘア,ドクターデヴィアス,オールフォーロンドン,Devil's Bag,ウェルシュマフィン,Storm Cat,Nice Tradition,サンデーサイレンス,スプリングマンボ,グラスワンダー,メイショウアヤメ,Mr. Prospector,Miesque,ラストタイクーン,Pilot Bird,カンパラ,Severn Bridge,ノーザンテースト,シャダイフェザー,Halo,Wishing Well,Alzao,Burghclere,Ahonoora,Rose of Jericho,Danzig,Full Card,Halo,Ballade,Caerleon,Muffitys,Storm Bird,Terlingua,Search Tradition,Nice Dancing,Halo,Wishing Well,Kingmambo,キーフライヤー,Silver Hawk,Ameriflora,ジェイドロバリー,ウイルムーン
2023103189,フィレンツェファイア,テンザンオトヒメ,Poseidon's Warrior,My Every Wish,フジキセキ,パパラッシオ,Speightstown,Poised to Pounce,Langfuhr,Mille Lacs,サンデーサイレンス,ミルレーサー,Nureyev,Population,Gone West,Silken Cat,Smarten,Lady Lyndy,Danzig,Sweet Briar Too,Unbridled,With Every Wish,Halo,Wishing Well,Le Fabuleux,Marston's Mill,Northern Dancer,Special,General Assembly,Prudent Girl,Mr. Prospector,Secrettame,Storm Cat,Silken Doll,Cyane,Smartaire,Bold Favorite,Counterflight,Northern Dancer,Pas de Nom,Briartic,Prima Babu Gum,Fappiano,Gana Facil,Lear Fan,Amo,Hail to Reason,Cosmah,Understanding,Mountain Flower,Wild Risk,Anguar,In Reality,Millicent,Nearctic,Natalma,Forli,Thong,Secretariat,Exclusive Dancer,プリメラ,Bride Elect
2023106566,サトノアラジン,メイショウアキシノ,ディープインパクト,マジックストーム,デュランダル,アンティックタイル,サンデーサイレンス,ウインドインハーヘア,Storm Cat,Foppy Dancer,サンデーサイレンス,サワヤカプリンセス,Fusaichi Pegasus,Antique Auction,Halo,Wishing Well,Alzao,Burghclere,Storm Bird,Terlingua,Fappiano,Water Dance,Halo,Wishing Well,ノーザンテースト,スコッチプリンセス,Mr. Prospector,Angel Fever,Geiger Counter,オールドスタッフ,Hail to Reason,Cosmah,Understanding,Mountain Flower,Lyphard,Lady Rebecca,Busted,Highclere,Northern Dancer,South Ocean,Secretariat,Crimson Saint,Mr. Prospector,Killaloe,Nijinsky,Luiana,Hail to Reason,Cosmah,Understanding,Mountain Flower,Northern Dancer,Lady Victoria,Creme dela Creme,Meadow Saffron,Raise a Native,Gold Digger,Danzig,Rowdy Angel,Mr. Prospector,Thong,Irish River,アンティックヴァリュー
2023100235,トランセンド,ディーブラッド,ワイルドラッシュ,シネマスコープ,ディープインパクト,グローリーブラッド,Wild Again,Rose Park,トニービン,ブルーハワイ,サンデーサイレンス,ウインドインハーヘア,Gone West,Ski Dancer,Icecapade,Bushel-n-Peck,Plugged Nickle,Hardship,カンパラ,Severn Bridge,スリルショー,サニースワップス,Halo,Wishing Well,Alzao,Burghclere,Mr. Prospector,Secrettame,Baldski,Dance Song,Nearctic,Shenanigans,Khaled,Dama,Key to the Mint,Toll Booth,Drone,Hard and Fast,Kalamoun,State Pension,Hornbeam,Priddy Fair,Northern Baby,Splendid Girl,Hawaii,アイアンエイジ,Hail to Reason,Cosmah,Understanding,Mountain Flower,Lyphard,Lady Rebecca,Busted,Highclere,Raise a Native,Gold Digger,Secretariat,Tamerett,Nijinsky,Too Bald,Run Dusty Run,Judith C.
2023101714,ゴールドドリーム,クインズモモナ,ゴールドアリュール,モンヴェール,エイシンフラッシュ,プラチナレイン,サンデーサイレンス,ニキーヤ,フレンチデピュティ,スペシャルジェイド,キングズベスト,ムーンレディ,アグネスタキオン,Post Parade,Halo,Wishing Well,Nureyev,Reluctant Guest,Deputy Minister,Mitterand,Cox's Ridge,Statistic,Kingmambo,Allegretta,Platini,Midnight Fever,サンデーサイレンス,アグネスフローラ,A.P. Indy,Spanish Parade,Hail to Reason,Cosmah,Understanding,Mountain Flower,Northern Dancer,Special,Hostage,Vaguely Royal,Vice Regent,Mint Copy,Hold Your Peace,Laredo Lass,Best Turn,Our Martha,Mr. Prospector,Number,Mr. Prospector,Miesque,Lombard,Anatevka,Surumu,Prairie Darling,Sure Blade,Majoritat,Halo,Wishing Well,ロイヤルスキー,アグネスレディー,Seattle Slew,Weekend Surprise,Roberto,Nijit
2023103596,フィレンツェファイア,レッドアルカナ,Poseidon's Warrior,My Every Wish,ディープインパクト,シークレットジプシー,Speightstown,Poised to Pounce,Langfuhr,Mille Lacs,サンデーサイレンス,ウインドインハーヘア,Sea of Secrets,Miss Utada,Gone West,Silken Cat,Smarten,Lady Lyndy,Danzig,Sweet Briar Too,Unbridled,With Every Wish,Halo,Wishing Well,Alzao,Burghclere,Storm Cat,Love From Mom,Rahy,Morini,Mr. Prospector,Secrettame,Storm Cat,Silken Doll,Cyane,Smartaire,Bold Favorite,Counterflight,Northern Dancer,Pas de Nom,Briartic,Prima Babu Gum,Fappiano,Gana Facil,Lear Fan,Amo,Hail to Reason,Cosmah,Understanding,Mountain Flower,Lyphard,Lady Rebecca,Busted,Highclere,Storm Bird,Terlingua,Mr. Prospector,Hoso,Blushing Groom,Glorious Song,Unfuwain,Possessive Lady
2023105127,クリソベリル,ルーレットクイーン,ゴールドアリュール,クリソプレーズ,ドリームジャーニー,ペレブラッサム,サンデーサイレンス,ニキーヤ,エルコンドルパサー,キャサリーンパー,ステイゴールド,オリエンタルアート,ダンシングブレーヴ,サークルショウワ,Halo,Wishing Well,Nureyev,Reluctant Guest,Kingmambo,サドラーズギャル,Riverman,Regal Exception,サンデーサイレンス,ゴールデンサッシュ,メジロマックイーン,エレクトロアート,Lyphard,Navajo Princess,モンテプリンス,サークルカマダ,Hail to Reason,Cosmah,Understanding,Mountain Flower,Northern Dancer,Special,Hostage,Vaguely Royal,Mr. Prospector,Miesque,Sadler's Wells,Glenveagh,Never Bend,River Lady,Ribot,Rajput Princess,Halo,Wishing Well,ディクタス,ダイナサッシュ,メジロティターン,メジロオーロラ,ノーザンテースト,グランマスティーヴンス,Northern Dancer,Goofed,Drone,Olmec,シーホーク,モンテオーカン,ヒデチカラ,キングスサークル
2023106547,ヴァンゴッホ,カリブメーカー,American Pharoah,Imagine,エンパイアメーカー,カリブストーリー,Pioneerof the Nile,Littleprincessemma,Sadler's Wells,Doff the Derby,Unbridled,Toussaud,アグネスタキオン,カリブレディ,エンパイアメーカー,Star of Goshen,Yankee Gentleman,Exclusive Rosette,Northern Dancer,Fairy Bridge,Master Derby,Margarethen,Fappiano,Gana Facil,El Gran Senor,Image of Reality,サンデーサイレンス,アグネスフローラ,Sadler's Wells,Belle Passe,Unbridled,Toussaud,Lord at War,Castle Eight,Storm Cat,Key Phrase,Ecliptical,Zetta Jet,Nearctic,Natalma,Bold Reason,Special,ダストコマンダー,Madam Jerry,Tulyar,Russ-Marie,Mr. Prospector,Killaloe,Le Fabuleux,Charedi,Northern Dancer,Sex Appeal,In Reality,Edee's Image,Halo,Wishing Well,ロイヤルスキー,アグネスレディー,Northern Dancer,Fairy Bridge,Be My Guest,Passing Fancy
2023100969,デクラレーションオブウォー,リンネ,War Front,Tempo West,ワイルドラッシュ,ペケジェイ,Danzig,Starry Dreamer,Rahy,Tempo,Wild Again,Rose Park,Tiznow,スイートテイスト,Northern Dancer,Pas de Nom,Rubiano,Lara's Star,Blushing Groom,Glorious Song,Gone West,Terpsichorist,Icecapade,Bushel-n-Peck,Plugged Nickle,Hardship,Cee's Tizzy,Cee's Song,Salt Lake,Say What You Mean,Nearctic,Natalma,Admiral's Voyage,Petitioner,Fappiano,Ruby Slippers,Forli,True Reality,Red God,Runaway Bride,Halo,Ballade,Mr. Prospector,Secrettame,Nijinsky,Glad Rags,Nearctic,Shenanigans,Khaled,Dama,Key to the Mint,Toll Booth,Drone,Hard and Fast,Relaunch,テイズリー,Seattle Song,Lonely Dancer,Deputy Minister,Take Lady Anne,ジャッジャー,Call the Queen
2023107314,ナダル,リャスナ,Blame,Ascending Angel,ディープインパクト,ココシュニック,Arch,Liable,Pulpit,Solar Colony,サンデーサイレンス,ウインドインハーヘア,クロフネ,ゴールドティアラ,Kris S.,Aurora,Seeking the Gold,Bound,A.P. Indy,Preach,Pleasant Colony,Meteor Stage,Halo,Wishing Well,Alzao,Burghclere,フレンチデピュティ,ブルーアヴェニュー,Seeking the Gold,Bright Tiara,Roberto,Sharp Queen,Danzig,Althea,Mr. Prospector,Con Game,Nijinsky,Special,Seattle Slew,Weekend Surprise,Mr. Prospector,Narrate,His Majesty,Sun Colony,Stage Door Johnny,Northern Meteor,Hail to Reason,Cosmah,Understanding,Mountain Flower,Lyphard,Lady Rebecca,Busted,Highclere,Deputy Minister,Mitterand,Classic Go Go,Eliza Blue,Mr. Prospector,Con Game,Chief's Crown,Expressive Dance
2023104546,サトノダイヤモンド,タケノローマン,ディープインパクト,マルペンサ,キングカメハメハ,ストーミーウェザー,サンデーサイレンス,ウインドインハーヘア,Orpen,Marsella,Kingmambo,マンファス,Storm Cat,Bay Harbor,Halo,Wishing Well,Alzao,Burghclere,Lure,Bonita Francita,サザンヘイロー,Riviere,Mr. Prospector,Miesque,ラストタイクーン,Pilot Bird,Storm Bird,Terlingua,フォーティナイナー,Harbor Springs,Hail to Reason,Cosmah,Understanding,Mountain Flower,Lyphard,Lady Rebecca,Busted,Highclere,Danzig,Endear,Devil's Bag,Raise the Standard,Halo,Northern Sea,Logical,Talonada,Raise a Native,Gold Digger,Nureyev,Pasadoble,トライマイベスト,Mill Princess,Blakeney,The Dancer,Northern Dancer,South Ocean,Secretariat,Crimson Saint,Mr. Prospector,File,Vice Regent,Tinnitus
2023101329,サトノアラジン,ダウンタウンガール,ディープインパクト,マジックストーム,City Zip,Beautiful Moment,サンデーサイレンス,ウインドインハーヘア,Storm Cat,Foppy Dancer,Carson City,Baby Zip,Crusader Sword,Proud Minstrel,Halo,Wishing Well,Alzao,Burghclere,Storm Bird,Terlingua,Fappiano,Water Dance,Mr. Prospector,Blushing Promise,Relaunch,Thirty Zip,Damascus,Copernica,Proud Birdie,Minstrel Lady,Hail to Reason,Cosmah,Understanding,Mountain Flower,Lyphard,Lady Rebecca,Busted,Highclere,Northern Dancer,South Ocean,Secretariat,Crimson Saint,Mr. Prospector,Killaloe,Nijinsky,Luiana,Raise a Native,Gold Digger,Blushing Groom,Summertime Promise,In Reality,Foggy Note,Tri Jet,Sailaway,Sword Dancer,Kerala,Nijinsky,Copper Canyon,Proud Clarion,Bernie Bird,Poona,Tiny Wonder
2023106696,トビーズコーナー,シーホース,Bellamy Road,Brandon's Ride,キングヘイロー,フレンチドール,Concerto,Hurry Home Hillary,Mister Frisky,Mrs. Bumble,ダンシングブレーヴ,グッバイヘイロー,フレンチデピュティ,ワルツダンサー,Chief's Crown,Undeniably,Deputed Testamony,Ten Cents a Turn,Marsayas,Frisky Flyer,Restivo,Bumble,Lyphard,Navajo Princess,Halo,Pound Foolish,Deputy Minister,Mitterand,サンデーサイレンス,ウィシングフォーアスター,Danzig,Six Crowns,In Reality,Past Forgetting,Traffic Cop,Proof Requested,Cozzene,Rub al Khali,Damascus,Extra Place,Highest Tide,Eager Nymph,Restless Native,Jaffa,Poker,Distant Scene,Northern Dancer,Goofed,Drone,Olmec,Hail to Reason,Cosmah,Sir Ivor,Squander,Vice Regent,Mint Copy,Hold Your Peace,Laredo Lass,Halo,Wishing Well,Mr. Prospector,Barbs Dancer
2023100329,クリソベリル,ミコブラック,ゴールドアリュール,クリソプレーズ,パイロ,ペニーブラック,サンデーサイレンス,ニキーヤ,エルコンドルパサー,キャサリーンパー,Pulpit,Wild Vision,Redoute's Choice,ジェイズミラクル,Halo,Wishing Well,Nureyev,Reluctant Guest,Kingmambo,サドラーズギャル,Riverman,Regal Exception,A.P. Indy,Preach,Wild Again,Carol's Wonder,デインヒル,Shantha's Choice,フジキセキ,アサーション,Hail to Reason,Cosmah,Understanding,Mountain Flower,Northern Dancer,Special,Hostage,Vaguely Royal,Mr. Prospector,Miesque,Sadler's Wells,Glenveagh,Never Bend,River Lady,Ribot,Rajput Princess,Seattle Slew,Weekend Surprise,Mr. Prospector,Narrate,Icecapade,Bushel-n-Peck,Pass the Tab,Carols Christmas,Danzig,Razyana,Canny Lad,Dancing Show,サンデーサイレンス,ミルレーサー,Assert,Yes Please
2023100267,ナダル,エイコオウイング,Blame,Ascending Angel,アフリート,ホクトブルーバード,Arch,Liable,Pulpit,Solar Colony,Mr. Prospector,Polite Lady,アサティス,ホクトフローラ,Kris S.,Aurora,Seeking the Gold,Bound,A.P. Indy,Preach,Pleasant Colony,Meteor Stage,Raise a Native,Gold Digger,Venetian Jester,Friendly Ways,Topsider,Secret Asset,テュデナム,アローマーメイド,Roberto,Sharp Queen,Danzig,Althea,Mr. Prospector,Con Game,Nijinsky,Special,Seattle Slew,Weekend Surprise,Mr. Prospector,Narrate,His Majesty,Sun Colony,Stage Door Johnny,Northern Meteor,Native Dancer,Raise You,Nashua,Sequence,Tom Fool,Venice,Green Ticket,Ways to Learn,Northern Dancer,Drumtop,Graustark,Numbered Account,Tudor Melody,Heath Rose,アローエクスプレス,ミモザ
2023105544,ナダル,ステイウィズアンナ,Blame,Ascending Angel,ステイゴールド,アンナモンダ,Arch,Liable,Pulpit,Solar Colony,サンデーサイレンス,ゴールデンサッシュ,Monsun,Anna of Kiev,Kris S.,Aurora,Seeking the Gold,Bound,A.P. Indy,Preach,Pleasant Colony,Meteor Stage,Halo,Wishing Well,ディクタス,ダイナサッシュ,Konigsstuhl,Mosella,Salse,Anna Matrushka,Roberto,Sharp Queen,Danzig,Althea,Mr. Prospector,Con Game,Nijinsky,Special,Seattle Slew,Weekend Surprise,Mr. Prospector,Narrate,His Majesty,Sun Colony,Stage Door Johnny,Northern Meteor,Hail to Reason,Cosmah,Understanding,Mountain Flower,Sanctus,Doronic,ノーザンテースト,ロイヤルサッシュ,Dschingis Khan,Konigskronung,Surumu,Monasia,Topsider,Carnival Princess,Mill Reef,Anna Paola
2023100608,シルバーステート,フェットデメール,ディープインパクト,シルヴァースカヤ,エピファネイア,ディアデラマドレ,サンデーサイレンス,ウインドインハーヘア,Silver Hawk,Boubskaia,シンボリクリスエス,シーザリオ,キングカメハメハ,ディアデラノビア,Halo,Wishing Well,Alzao,Burghclere,Roberto,Gris Vitesse,Niniski,Frenetique,Kris S.,Tee Kay,スペシャルウィーク,キロフプリミエール,Kingmambo,マンファス,サンデーサイレンス,ポトリザリス,Hail to Reason,Cosmah,Understanding,Mountain Flower,Lyphard,Lady Rebecca,Busted,Highclere,Hail to Reason,Bramalea,Amerigo,Matchiche,Nijinsky,Virginia Hills,Tyrant,Femina,Roberto,Sharp Queen,Gold Meridian,Tri Argo,サンデーサイレンス,キャンペンガール,Sadler's Wells,Querida,Mr. Prospector,Miesque,ラストタイクーン,Pilot Bird,Halo,Wishing Well,Potrillazo,Chaldee
2023102766,シャンハイボビー,スマートスピカ,Harlan's Holiday,Steelin',キングカメハメハ,ショウナンガッド,Harlan,Christmas in Aiken,Orientate,Steel Band,Kingmambo,マンファス,フジキセキ,シャンラン,Storm Cat,Country Romance,Affirmed,Dowager,Mt. Livermore,Dream Team,Carson City,ウェディングバンド,Mr. Prospector,Miesque,ラストタイクーン,Pilot Bird,サンデーサイレンス,ミルレーサー,Great Commotion,Down the Line,Storm Bird,Terlingua,Halo,Sweet Romance,Exclusive Native,Won't Tell You,Honest Pleasure,Princessnesian,Blushing Groom,Flama Ardiente,Cox's Ridge,Likely Double,Mr. Prospector,Blushing Promise,Mighty Appealing,Ring of Steel,Raise a Native,Gold Digger,Nureyev,Pasadoble,トライマイベスト,Mill Princess,Blakeney,The Dancer,Halo,Wishing Well,Le Fabuleux,Marston's Mill,Nureyev,Alathea,Brigadier Gerard,Sizzler
2023103167,フォーウィールドライブ,バトルムーングロウ,American Pharoah,Funfair,アドマイヤムーン,ポリリズム,Pioneerof the Nile,Littleprincessemma,More Than Ready,Fleuron,エンドスウィープ,マイケイティーズ,バチアー,スプリットザナイト,エンパイアメーカー,Star of Goshen,Yankee Gentleman,Exclusive Rosette,サザンヘイロー,Woodman's Girl,Distant View,Flamboyance,フォーティナイナー,Broom Dance,サンデーサイレンス,ケイティーズファースト,Desert Style,Morning Welcome,トニービン,サウンド,Unbridled,Toussaud,Lord at War,Castle Eight,Storm Cat,Key Phrase,Ecliptical,Zetta Jet,Halo,Northern Sea,Woodman,Becky Be Good,Mr. Prospector,Seven Springs,Zilzal,Bridal Wreath,Mr. Prospector,File,Dance Spell,Witching Hour,Halo,Wishing Well,Kris,Katies,Green Desert,Organza,Be My Guest,Dawn Is Breaking,カンパラ,Severn Bridge,Danzig,Din
2023102793,クリソベリル,ゴールウェイ,ゴールドアリュール,クリソプレーズ,フサイチコンコルド,メジロシルエット,サンデーサイレンス,ニキーヤ,エルコンドルパサー,キャサリーンパー,Caerleon,バレークイーン,メジロライアン,メジロアンジュ,Halo,Wishing Well,Nureyev,Reluctant Guest,Kingmambo,サドラーズギャル,Riverman,Regal Exception,Nijinsky,Foreseer,Sadler's Wells,Sun Princess,アンバーシャダイ,メジロチェイサー,リアルシャダイ,メジロエマ,Hail to Reason,Cosmah,Understanding,Mountain Flower,Northern Dancer,Special,Hostage,Vaguely Royal,Mr. Prospector,Miesque,Sadler's Wells,Glenveagh,Never Bend,River Lady,Ribot,Rajput Princess,Northern Dancer,Flaming Page,Round Table,Regal Gleam,Northern Dancer,Fairy Bridge,イングリッシュプリンス,Sunny Valley,ノーザンテースト,クリアアンバー,メジロサンマン,シエリル,Roberto,Desert Vixen,モガミ,アマゾンウォリアー
2023103352,レイデオロ,エバーミランダ,キングカメハメハ,ラドラーダ,ディープインパクト,シリアスアティテュード,Kingmambo,マンファス,シンボリクリスエス,レディブロンド,サンデーサイレンス,ウインドインハーヘア,Mtoto,ザミリア,Mr. Prospector,Miesque,ラストタイクーン,Pilot Bird,Kris S.,Tee Kay,Seeking the Gold,ウインドインハーヘア,Halo,Wishing Well,Alzao,Burghclere,Busted,Amazer,Cape Cross,Angelic Sounds,Raise a Native,Gold Digger,Nureyev,Pasadoble,トライマイベスト,Mill Princess,Blakeney,The Dancer,Roberto,Sharp Queen,Gold Meridian,Tri Argo,Mr. Prospector,Con Game,Alzao,Burghclere,Hail to Reason,Cosmah,Understanding,Mountain Flower,Lyphard,Lady Rebecca,Busted,Highclere,Crepello,Sans le Sou,ミンシオ,Alzara,Green Desert,Park Appeal,The Noble Player,Twany Angel
2023103598,ニューイヤーズデイ,レッドカチューシャ,Street Cry,Justwhistledixie,ディープインパクト,デルモニコキャット,Machiavellian,Helen Street,Dixie Union,General Jeanne,サンデーサイレンス,ウインドインハーヘア,Storm Cat,Glass Ceiling,Mr. Prospector,Coup de Folie,Troy,Waterway,Dixieland Band,She's Tops,Honour and Glory,Ahpo Hel,Halo,Wishing Well,Alzao,Burghclere,Storm Bird,Terlingua,Pirate's Bounty,Forever Faithful,Raise a Native,Gold Digger,Halo,Raise the Standard,Petingo,La Milo,Riverman,Boulevard,Northern Dancer,Mississippi Mud,Capote,She's a Talent,Relaunch,Fair to All,Mr. Leader,Tiy,Hail to Reason,Cosmah,Understanding,Mountain Flower,Lyphard,Lady Rebecca,Busted,Highclere,Northern Dancer,South Ocean,Secretariat,Crimson Saint,Hoist the Flag,Bad Seed,ブレイヴェストローマン,Dawn Chorus
2023102636,エスポワールシチー,ベルメーリャ,ゴールドアリュール,エミネントシチー,キングカメハメハ,フロムアップランド,サンデーサイレンス,ニキーヤ,ブライアンズタイム,ヘップバーンシチー,Kingmambo,マンファス,エリシオ,ハイランドトーク,Halo,Wishing Well,Nureyev,Reluctant Guest,Roberto,Kelley's Day,ブレイヴェストローマン,コンパルシチー,Mr. Prospector,Miesque,ラストタイクーン,Pilot Bird,Fairy King,Helice,Highland Park,Speaking of Sweets,Hail to Reason,Cosmah,Understanding,Mountain Flower,Northern Dancer,Special,Hostage,Vaguely Royal,Hail to Reason,Bramalea,Graustark,Golden Trail,Never Bend,Roman Song,トラフィック,リンネス,Raise a Native,Gold Digger,Nureyev,Pasadoble,トライマイベスト,Mill Princess,Blakeney,The Dancer,Northern Dancer,Fairy Bridge,Slewpy,Hirondelle,Raise a Native,Old Goat,Elocutionist,Rolltosweets
2023104321,ヘンリーバローズ,タガノグリュック,ディープインパクト,シルヴァースカヤ,タガノロックオン,タガノハピネス,サンデーサイレンス,ウインドインハーヘア,Silver Hawk,Boubskaia,ロックオブジブラルタル,タガノチャーリーズ,タガノゲルニカ,タガノラフレシア,Halo,Wishing Well,Alzao,Burghclere,Roberto,Gris Vitesse,Niniski,Frenetique,デインヒル,Offshore Boom,Saint Ballado,Charlies Paradise,ブライアンズタイム,ブロードマラ,エリシオ,スプリンターキャット,Hail to Reason,Cosmah,Understanding,Mountain Flower,Lyphard,Lady Rebecca,Busted,Highclere,Hail to Reason,Bramalea,Amerigo,Matchiche,Nijinsky,Virginia Hills,Tyrant,Femina,Danzig,Razyana,Be My Guest,Push a Button,Halo,Ballade,Winrightt,Rajab's Treasure,Roberto,Kelley's Day,Thatching,アージ,Fairy King,Helice,Storm Cat,My Cherie Amour
2023103310,モーリス,アヴィオール,スクリーンヒーロー,メジロフランシス,Redoute's Choice,ヴェルダ,グラスワンダー,ランニングヒロイン,カーネギー,メジロモントレー,デインヒル,Shantha's Choice,Observatory,Viavigoni,Silver Hawk,Ameriflora,サンデーサイレンス,ダイナアクトレス,Sadler's Wells,Detroit,モガミ,メジロクインシー,Danzig,Razyana,Canny Lad,Dancing Show,Distant View,Stellaria,Mark of Esteem,Val d'Erica,Roberto,Gris Vitesse,Danzig,Graceful Touch,Halo,Wishing Well,ノーザンテースト,モデルスポート,Northern Dancer,Fairy Bridge,Riverman,Derna,Lyphard,ノーラック,フィディオン,メジロボサツ,Northern Dancer,Pas de Nom,His Majesty,Spring Adieu,Bletchingly,Jesmond Lass,Nijinsky,Show Lady,Mr. Prospector,Seven Springs,Roberto,Victoria Star,Darshaan,Homage,Ashmore,Laconia
2023106010,クリソベリル,ミヤジマミー,ゴールドアリュール,クリソプレーズ,ヴィクトワールピサ,シャイニンオーラ,サンデーサイレンス,ニキーヤ,エルコンドルパサー,キャサリーンパー,ネオユニヴァース,ホワイトウォーターアフェア,キングカメハメハ,シャイニンルビー,Halo,Wishing Well,Nureyev,Reluctant Guest,Kingmambo,サドラーズギャル,Riverman,Regal Exception,サンデーサイレンス,ポインテッドパス,Machiavellian,Much Too Risky,Kingmambo,マンファス,サンデーサイレンス,シャイニンレーサー,Hail to Reason,Cosmah,Understanding,Mountain Flower,Northern Dancer,Special,Hostage,Vaguely Royal,Mr. Prospector,Miesque,Sadler's Wells,Glenveagh,Never Bend,River Lady,Ribot,Rajput Princess,Halo,Wishing Well,Kris,Silken Way,Mr. Prospector,Coup de Folie,Bustino,Short Rations,Mr. Prospector,Miesque,ラストタイクーン,Pilot Bird,Halo,Wishing Well,ノーザンテースト,ミルレーサー
2023105204,シルバーステート,タニオブフェーブル,ディープインパクト,シルヴァースカヤ,オルフェーヴル,サンタローズ,サンデーサイレンス,ウインドインハーヘア,Silver Hawk,Boubskaia,ステイゴールド,オリエンタルアート,パントレセレブル,ユキノローズ,Halo,Wishing Well,Alzao,Burghclere,Roberto,Gris Vitesse,Niniski,Frenetique,サンデーサイレンス,ゴールデンサッシュ,メジロマックイーン,エレクトロアート,Nureyev,Peinture Bleue,ミルジョージ,バンブーネラ,Hail to Reason,Cosmah,Understanding,Mountain Flower,Lyphard,Lady Rebecca,Busted,Highclere,Hail to Reason,Bramalea,Amerigo,Matchiche,Nijinsky,Virginia Hills,Tyrant,Femina,Halo,Wishing Well,ディクタス,ダイナサッシュ,メジロティターン,メジロオーロラ,ノーザンテースト,グランマスティーヴンス,Northern Dancer,Special,Alydar,Petroleuse,Mill Reef,Miss Charisma,ポリック,クインバンブー
2023105574,サトノクラウン,サトノサンシャイン,Marju,ジョコンダ,ステイゴールド,ノーブルステラ,ラストタイクーン,Flame of Tara,Rossini,La Joconde,サンデーサイレンス,ゴールデンサッシュ,Monsun,Noble Pearl,トライマイベスト,Mill Princess,アーテイアス,Welsh Flame,Miswaki,Touch of Greatness,Vettori,Lust,Halo,Wishing Well,ディクタス,ダイナサッシュ,Konigsstuhl,Mosella,Dashing Blade,Noble Girl,Northern Dancer,Sex Appeal,Mill Reef,Irish Lass,Round Table,Stylish Pattern,Welsh Pageant,Electric Flash,Mr. Prospector,Hopespringseternal,Hero's Honor,Ivory Wand,Machiavellian,Air Distingue,Pursuit of Love,Pato,Hail to Reason,Cosmah,Understanding,Mountain Flower,Sanctus,Doronic,ノーザンテースト,ロイヤルサッシュ,Dschingis Khan,Konigskronung,Surumu,Monasia,Elegant Air,Sharp Castan,Esclavo,Novenka
2023106995,キタサンブラック,グローバルビューティ,ブラックタイド,シュガーハート,Global Hunter,Kiwi Girl,サンデーサイレンス,ウインドインハーヘア,サクラバクシンオー,オトメゴコロ,ジェイドハンター,Griffe de Paris,ストラヴィンスキー,Starlyte Girl,Halo,Wishing Well,Alzao,Burghclere,サクラユタカオー,サクラハゴロモ,ジャッジアンジェルーチ,テイズリー,Mr. Prospector,Jadana,Telescopico,April In Paris,Nureyev,Fire the Groom,Fairy King,ブラッシングストーム,Hail to Reason,Cosmah,Understanding,Mountain Flower,Lyphard,Lady Rebecca,Busted,Highclere,テスコボーイ,アンジェリカ,ノーザンテースト,クリアアンバー,Honest Pleasure,Victorian Queen,Lyphard,Tizna,Raise a Native,Gold Digger,Pharly,Janina,Table Play,Filipina,Locris,Aptness,Northern Dancer,Special,Blushing Groom,Prospector's Fire,Northern Dancer,Fairy Bridge,Blushing Groom,ウイットワタースランド
2023103170,コントレイル,ビューティフルストリート,ディープインパクト,ロードクロサイト,Street Cry,Sky Dreamer,サンデーサイレンス,ウインドインハーヘア,Unbridled's Song,Folklore,Machiavellian,Helen Street,Sky Mesa,To Dream About,Halo,Wishing Well,Alzao,Burghclere,Unbridled,Trolley Song,Tiznow,Contrive,Mr. Prospector,Coup de Folie,Troy,Waterway,Pulpit,Caress,Monarchos,Beautiful Pleasure,Hail to Reason,Cosmah,Understanding,Mountain Flower,Lyphard,Lady Rebecca,Busted,Highclere,Fappiano,Gana Facil,Caro,Lucky Spell,Cee's Tizzy,Cee's Song,Storm Cat,Jeano,Raise a Native,Gold Digger,Halo,Raise the Standard,Petingo,La Milo,Riverman,Boulevard,A.P. Indy,Preach,Storm Cat,La Affirmed,Maria's Mon,Regal Band,Maudlin,Beautiful Bid
2023105274,サートゥルナーリア,オンディナドバイ,ロードカナロア,シーザリオ,E Dubai,Orquestada,キングカメハメハ,レディブラッサム,スペシャルウィーク,キロフプリミエール,Mr. Prospector,Words of War,Alphabet Soup,Mystical Kingdom,Kingmambo,マンファス,Storm Cat,サラトガデュー,サンデーサイレンス,キャンペンガール,Sadler's Wells,Querida,Raise a Native,Gold Digger,Lord at War,Right Word,Cozzene,Illiterate,Silver Hawk,Orca,Mr. Prospector,Miesque,ラストタイクーン,Pilot Bird,Storm Bird,Terlingua,Cormorant,Super Luna,Halo,Wishing Well,マルゼンスキー,レディーシラオキ,Northern Dancer,Fairy Bridge,Habitat,Principia,Native Dancer,Raise You,Nashua,Sequence,General,Luna de Miel,Verbatim,Oratorio,Caro,Ride the Trails,Arts and Letters,Laurel Mae,Roberto,Gris Vitesse,サザンヘイロー,Oh'Sun
2023103481,キタサンブラック,デルマカトリーナ,ブラックタイド,シュガーハート,Ghostzapper,Ruthian,サンデーサイレンス,ウインドインハーヘア,サクラバクシンオー,オトメゴコロ,Awesome Again,Baby Zip,Rahy,Adoryphar,Halo,Wishing Well,Alzao,Burghclere,サクラユタカオー,サクラハゴロモ,ジャッジアンジェルーチ,テイズリー,Deputy Minister,Primal Force,Relaunch,Thirty Zip,Blushing Groom,Glorious Song,Lyphard,Adorable Micol,Hail to Reason,Cosmah,Understanding,Mountain Flower,Lyphard,Lady Rebecca,Busted,Highclere,テスコボーイ,アンジェリカ,ノーザンテースト,クリアアンバー,Honest Pleasure,Victorian Queen,Lyphard,Tizna,Vice Regent,Mint Copy,Blushing Groom,Prime Prospect,In Reality,Foggy Note,Tri Jet,Sailaway,Red God,Runaway Bride,Halo,Ballade,Northern Dancer,Goofed,Riverman,Turn to Me
2023100868,フィエールマン,モルフェオルフェ,ディープインパクト,リュヌドール,オルフェーヴル,スマッシュ,サンデーサイレンス,ウインドインハーヘア,Green Tune,Luth d'Or,ステイゴールド,オリエンタルアート,キングカメハメハ,ロフティーエイム,Halo,Wishing Well,Alzao,Burghclere,Green Dancer,Soundings,Noir Et Or,Viole d'Amour,サンデーサイレンス,ゴールデンサッシュ,メジロマックイーン,エレクトロアート,Kingmambo,マンファス,サンデーサイレンス,ウィッチフルシンキング,Hail to Reason,Cosmah,Understanding,Mountain Flower,Lyphard,Lady Rebecca,Busted,Highclere,Nijinsky,Green Valley,Mr. Prospector,Ocean's Answer,ラインゴールド,Pomme Rose,Luthier,Mandolinette,Halo,Wishing Well,ディクタス,ダイナサッシュ,メジロティターン,メジロオーロラ,ノーザンテースト,グランマスティーヴンス,Mr. Prospector,Miesque,ラストタイクーン,Pilot Bird,Halo,Wishing Well,Lord Avie,Halloween Joy
2023105399,キタサンブラック,セルフプリザヴェーション,ブラックタイド,シュガーハート,Lion Heart,Saintly Speaking,サンデーサイレンス,ウインドインハーヘア,サクラバクシンオー,オトメゴコロ,Tale of the Cat,Satin Sunrise,ダハール,Saintly,Halo,Wishing Well,Alzao,Burghclere,サクラユタカオー,サクラハゴロモ,ジャッジアンジェルーチ,テイズリー,Storm Cat,Yarn,Mr. Leader,Logic,Lyphard,Dahlia,King's Bishop,Holy Terror,Hail to Reason,Cosmah,Understanding,Mountain Flower,Lyphard,Lady Rebecca,Busted,Highclere,テスコボーイ,アンジェリカ,ノーザンテースト,クリアアンバー,Honest Pleasure,Victorian Queen,Lyphard,Tizna,Storm Bird,Terlingua,Mr. Prospector,Narrate,Hail to Reason,Jolie Deja,Naskra,Bactu Reason,Northern Dancer,Goofed,Vaguely Noble,Charming Alibi,Round Table,Spearfish,Ambehaving,Venomous
2023100339,カリフォルニアクローム,レインドロップス,Lucky Pulpit,Love the Chase,ロードカナロア,ティアドロップス,Pulpit,Lucky Soph,Not for Love,Chase It Down,キングカメハメハ,レディブラッサム,サンデーサイレンス,パイナップルスター,A.P. Indy,Preach,Cozzene,Lucky Spell,Mr. Prospector,Dance Number,Polish Numbers,Chase the Dream,Kingmambo,マンファス,Storm Cat,サラトガデュー,Halo,Wishing Well,ニホンピロウイナー,ダイナスワップス,Seattle Slew,Weekend Surprise,Mr. Prospector,Narrate,Caro,Ride the Trails,Lucky Mel,Incantation,Raise a Native,Gold Digger,Northern Dancer,Numbered Account,Danzig,Numbered Account,Sir Ivor,La Belle Fleur,Mr. Prospector,Miesque,ラストタイクーン,Pilot Bird,Storm Bird,Terlingua,Cormorant,Super Luna,Hail to Reason,Cosmah,Understanding,Mountain Flower,スティールハート,ニホンピロエバート,ノーザンテースト,サニースワップス
2023100277,サートゥルナーリア,ブルーイリュージョン,ロードカナロア,シーザリオ,Dubawi,Blue Bunting,キングカメハメハ,レディブラッサム,スペシャルウィーク,キロフプリミエール,Dubai Millennium,Zomaradah,Dynaformer,Miarixa,Kingmambo,マンファス,Storm Cat,サラトガデュー,サンデーサイレンス,キャンペンガール,Sadler's Wells,Querida,Seeking the Gold,Colorado Dancer,Deploy,Jawaher,Roberto,Andover Way,Linamix,Mrs Arkada,Mr. Prospector,Miesque,ラストタイクーン,Pilot Bird,Storm Bird,Terlingua,Cormorant,Super Luna,Halo,Wishing Well,マルゼンスキー,レディーシラオキ,Northern Dancer,Fairy Bridge,Habitat,Principia,Mr. Prospector,Con Game,Shareef Dancer,Fall Aspen,Shirley Heights,Slightly Dangerous,ダンシングブレーヴ,High Tern,Hail to Reason,Bramalea,His Majesty,On the Trail,メンデス,Lunadix,Akarad,Mrs Annie
2023100918,コントレイル,コンクエストハーラネイト,ディープインパクト,ロードクロサイト,Harlan's Holiday,Allison's Pride,サンデーサイレンス,ウインドインハーヘア,Unbridled's Song,Folklore,Harlan,Christmas in Aiken,Dixieland Band,Mrs. Highness,Halo,Wishing Well,Alzao,Burghclere,Unbridled,Trolley Song,Tiznow,Contrive,Storm Cat,Country Romance,Affirmed,Dowager,Northern Dancer,Mississippi Mud,Alydar,Famed Princess,Hail to Reason,Cosmah,Understanding,Mountain Flower,Lyphard,Lady Rebecca,Busted,Highclere,Fappiano,Gana Facil,Caro,Lucky Spell,Cee's Tizzy,Cee's Song,Storm Cat,Jeano,Storm Bird,Terlingua,Halo,Sweet Romance,Exclusive Native,Won't Tell You,Honest Pleasure,Princessnesian,Nearctic,Natalma,Delta Judge,Sand Buggy,Raise a Native,Sweet Tooth,Nashua,Copper Princess
2023102183,ラブリーデイ,フェリーチェ,キングカメハメハ,ポップコーンジャズ,モンテロッソ,タイキキララ,Kingmambo,マンファス,ダンスインザダーク,グレイスルーマー,Dubawi,Porto Roca,キングヘイロー,タイキステラ,Mr. Prospector,Miesque,ラストタイクーン,Pilot Bird,サンデーサイレンス,ダンシングキイ,トニービン,ディスクジョッキー,Dubai Millennium,Zomaradah,Barathea,Antelliere,ダンシングブレーヴ,グッバイヘイロー,Miswaki,ロイヤルブライド,Raise a Native,Gold Digger,Nureyev,Pasadoble,トライマイベスト,Mill Princess,Blakeney,The Dancer,Halo,Wishing Well,Nijinsky,Key Partner,カンパラ,Severn Bridge,リアルシャダイ,シャダイチャッター,Seeking the Gold,Colorado Dancer,Deploy,Jawaher,Sadler's Wells,Brocade,Salieri,Anntelle,Lyphard,Navajo Princess,Halo,Pound Foolish,Mr. Prospector,Hopespringseternal,Blushing Groom,ロイコン
2023101282,ダノンバラード,メイショウユウスゲ,ディープインパクト,レディバラード,マジェスティックウォリアー,ブラックティー,サンデーサイレンス,ウインドインハーヘア,Unbridled,Angelic Song,A.P. Indy,Dream Supreme,チーフベアハート,チャップ,Halo,Wishing Well,Alzao,Burghclere,Fappiano,Gana Facil,Halo,Ballade,Seattle Slew,Weekend Surprise,Seeking the Gold,Spinning Round,Chief's Crown,Amelia Bearhart,ダンシングブレーヴ,セナリオ,Hail to Reason,Cosmah,Understanding,Mountain Flower,Lyphard,Lady Rebecca,Busted,Highclere,Mr. Prospector,Killaloe,Le Fabuleux,Charedi,Hail to Reason,Cosmah,Herbager,Miss Swapsco,Bold Reasoning,My Charmer,Secretariat,Lassie Dear,Mr. Prospector,Con Game,Dixieland Band,Take Heart,Danzig,Six Crowns,Bold Hour,Myrtlewood Lass,Lyphard,Navajo Princess,フォーティナイナー,Recital
2023105966,キズナ,スプリンググローリー,ディープインパクト,キャットクイル,Manipulator,Southern Glory,サンデーサイレンス,ウインドインハーヘア,Storm Cat,Pacific Princess,Unbridled,Inside Information,Honour and Glory,Southern Spring,Halo,Wishing Well,Alzao,Burghclere,Storm Bird,Terlingua,Damascus,Fiji,Fappiano,Gana Facil,Private Account,Pure Profit,Relaunch,Fair to All,サザンヘイロー,Spring Light,Hail to Reason,Cosmah,Understanding,Mountain Flower,Lyphard,Lady Rebecca,Busted,Highclere,Northern Dancer,South Ocean,Secretariat,Crimson Saint,Sword Dancer,Kerala,Acropolis,Rififi,Mr. Prospector,Killaloe,Le Fabuleux,Charedi,Damascus,Numbered Account,Key to the Mint,Clear Ceiling,In Reality,Foggy Note,Al Nasr,Gonfalon,Halo,Northern Sea,More Light,Song of Spring
2023103227,タリスマニック,エリーフェアリー,Medaglia d'Oro,Magic Mission,アルデバラン,キセキスティール,El Prado,Cappucino Bay,Machiavellian,Dream Ticket,Mr. Prospector,Chimes of Freedom,フジキセキ,シンワスティール,Sadler's Wells,Lady Capulet,Bailjumper,Dubbed In,Mr. Prospector,Coup de Folie,Danzig,Capo Di Monte,Raise a Native,Gold Digger,Private Account,Aviance,サンデーサイレンス,ミルレーサー,クリスタルグリッターズ,ベストスティール,Northern Dancer,Fairy Bridge,Sir Ivor,Cap and Bells,Damascus,Court Circuit,Silent Screen,Society Singer,Raise a Native,Gold Digger,Halo,Raise the Standard,Northern Dancer,Pas de Nom,Final Straw,Burghclere,Native Dancer,Raise You,Nashua,Sequence,Damascus,Numbered Account,Northfields,Minnie Hauk,Halo,Wishing Well,Le Fabuleux,Marston's Mill,Blushing Groom,Tales to Tell,スティールハート,エチゼンシプリア
2023102173,エスポワールシチー,メイショウコゴミ,ゴールドアリュール,エミネントシチー,クロフネ,メイショウユウダチ,サンデーサイレンス,ニキーヤ,ブライアンズタイム,ヘップバーンシチー,フレンチデピュティ,ブルーアヴェニュー,メイショウボーラー,メイショウスコール,Halo,Wishing Well,Nureyev,Reluctant Guest,Roberto,Kelley's Day,ブレイヴェストローマン,コンパルシチー,Deputy Minister,Mitterand,Classic Go Go,Eliza Blue,タイキシャトル,ナイスレイズ,メイショウオウドウ,メイショウアヤメ,Hail to Reason,Cosmah,Understanding,Mountain Flower,Northern Dancer,Special,Hostage,Vaguely Royal,Hail to Reason,Bramalea,Graustark,Golden Trail,Never Bend,Roman Song,トラフィック,リンネス,Vice Regent,Mint Copy,Hold Your Peace,Laredo Lass,Pago Pago,Classic Perfection,Icecapade,コレラ,Devil's Bag,ウェルシュマフィン,Storm Cat,Nice Tradition,サンデーサイレンス,アルタデナ,ジェイドロバリー,ウイルムーン
2023106388,ミスチヴィアスアレックス,ヒルノケアンズ,Into Mischief,White Pants Night,ハーツクライ,スルーザシーズン,Harlan's Holiday,Leslie's Lady,Speightstown,More d'Amour,サンデーサイレンス,アイリッシュダンス,スキャン,ビクトリーマッハ,Harlan,Christmas in Aiken,Tricky Creek,Crystal Lady,Gone West,Silken Cat,Tour d'Or,Love Connection,Halo,Wishing Well,トニービン,ビューパーダンス,Mr. Prospector,Video,バンブーアトラス,ワンスウエド,Storm Cat,Country Romance,Affirmed,Dowager,Clever Trick,Battle Creek Girl,Stop the Music,One Last Bird,Mr. Prospector,Secrettame,Storm Cat,Silken Doll,Medaille d'Or,Debby's Turn,Master Derby,Perfect Connection,Hail to Reason,Cosmah,Understanding,Mountain Flower,カンパラ,Severn Bridge,Lyphard,My Bupers,Raise a Native,Gold Digger,Nijinsky,Foreseer,ジムフレンチ,バンブーシザラ,Blushing Groom,Noura
2023102208,ミスチヴィアスアレックス,レディギャング,Into Mischief,White Pants Night,クロフネ,ギガンティア,Harlan's Holiday,Leslie's Lady,Speightstown,More d'Amour,フレンチデピュティ,ブルーアヴェニュー,Fusaichi Pegasus,ベストブート,Harlan,Christmas in Aiken,Tricky Creek,Crystal Lady,Gone West,Silken Cat,Tour d'Or,Love Connection,Deputy Minister,Mitterand,Classic Go Go,Eliza Blue,Mr. Prospector,Angel Fever,Storm Boot,Bright Tiara,Storm Cat,Country Romance,Affirmed,Dowager,Clever Trick,Battle Creek Girl,Stop the Music,One Last Bird,Mr. Prospector,Secrettame,Storm Cat,Silken Doll,Medaille d'Or,Debby's Turn,Master Derby,Perfect Connection,Vice Regent,Mint Copy,Hold Your Peace,Laredo Lass,Pago Pago,Classic Perfection,Icecapade,コレラ,Raise a Native,Gold Digger,Danzig,Rowdy Angel,Storm Cat,Aliata,Chief's Crown,Expressive Dance
2023102213,ミスチヴィアスアレックス,プルメリアミコ,Into Mischief,White Pants Night,ケイムホーム,ミコノス,Harlan's Holiday,Leslie's Lady,Speightstown,More d'Amour,Gone West,Nice Assay,With Approval,リベラノ,Harlan,Christmas in Aiken,Tricky Creek,Crystal Lady,Gone West,Silken Cat,Tour d'Or,Love Connection,Mr. Prospector,Secrettame,Clever Trick,インフルヴユー,Caro,Passing Mood,Rubiano,Skillful Joy,Storm Cat,Country Romance,Affirmed,Dowager,Clever Trick,Battle Creek Girl,Stop the Music,One Last Bird,Mr. Prospector,Secrettame,Storm Cat,Silken Doll,Medaille d'Or,Debby's Turn,Master Derby,Perfect Connection,Raise a Native,Gold Digger,Secretariat,Tamerett,Icecapade,Kankakee Miss,Full Out,Turn n'See,フォルティノ,Chambord,Buckpasser,Cool Mood,Fappiano,Ruby Slippers,Nodouble,Skillful Miss
2023100126,タワーオブロンドン,ショレアドルチェ,Raven's Pass,スノーパイン,ドゥラメンテ,サトノアスカ,Elusive Quality,Ascutney,Dalakhani,シンコウエルメス,キングカメハメハ,アドマイヤグルーヴ,Giant's Causeway,ベルアリュール,Gone West,Touch of Greatness,Lord at War,Right Word,Darshaan,Daltawa,Sadler's Wells,Doff the Derby,Kingmambo,マンファス,サンデーサイレンス,エアグルーヴ,Storm Cat,Mariah's Storm,Numerous,Mare Aux Fees,Mr. Prospector,Secrettame,Hero's Honor,Ivory Wand,General,Luna de Miel,Verbatim,Oratorio,Shirley Heights,Delsy,Miswaki,Damana,Northern Dancer,Fairy Bridge,Master Derby,Margarethen,Mr. Prospector,Miesque,ラストタイクーン,Pilot Bird,Halo,Wishing Well,トニービン,ダイナカール,Storm Bird,Terlingua,Rahy,イメンス,Mr. Prospector,Number,Kenmare,Feerie Boreale
2023105367,レイデオロ,ゴールデンフレアー,キングカメハメハ,ラドラーダ,Medaglia d'Oro,Fire the Groom,Kingmambo,マンファス,シンボリクリスエス,レディブロンド,El Prado,Cappucino Bay,Blushing Groom,Prospector's Fire,Mr. Prospector,Miesque,ラストタイクーン,Pilot Bird,Kris S.,Tee Kay,Seeking the Gold,ウインドインハーヘア,Sadler's Wells,Lady Capulet,Bailjumper,Dubbed In,Red God,Runaway Bride,Mr. Prospector,Native Street,Raise a Native,Gold Digger,Nureyev,Pasadoble,トライマイベスト,Mill Princess,Blakeney,The Dancer,Roberto,Sharp Queen,Gold Meridian,Tri Argo,Mr. Prospector,Con Game,Alzao,Burghclere,Northern Dancer,Fairy Bridge,Sir Ivor,Cap and Bells,Damascus,Court Circuit,Silent Screen,Society Singer,Nasrullah,Spring Run,Wild Risk,Aimee,Raise a Native,Gold Digger,Native Dancer,Beaver Street
2023105591,フィレンツェファイア,グラスルノン,Poseidon's Warrior,My Every Wish,フレンチデピュティ,グラスブロード,Speightstown,Poised to Pounce,Langfuhr,Mille Lacs,Deputy Minister,Mitterand,Fusaichi Pegasus,Magic Broad,Gone West,Silken Cat,Smarten,Lady Lyndy,Danzig,Sweet Briar Too,Unbridled,With Every Wish,Vice Regent,Mint Copy,Hold Your Peace,Laredo Lass,Mr. Prospector,Angel Fever,Broad Brush,Illeria,Mr. Prospector,Secrettame,Storm Cat,Silken Doll,Cyane,Smartaire,Bold Favorite,Counterflight,Northern Dancer,Pas de Nom,Briartic,Prima Babu Gum,Fappiano,Gana Facil,Lear Fan,Amo,Northern Dancer,Victoria Regina,Bunty's Flight,Shakney,Speak John,Blue Moon,Bold Ruler,Fortunate Isle,Raise a Native,Gold Digger,Danzig,Rowdy Angel,Ack Ack,Hay Patcher,Stop the Music,Baldski's Holiday
2023105899,パイロ,スピリットレイク,Pulpit,Wild Vision,Invincible Spirit,アクアリスト,A.P. Indy,Preach,Wild Again,Carol's Wonder,Green Desert,Rafha,コロナドズクエスト,Oyster Catcher,Seattle Slew,Weekend Surprise,Mr. Prospector,Narrate,Icecapade,Bushel-n-Peck,Pass the Tab,Carols Christmas,Danzig,Foreign Courier,Kris,Eljazzi,フォーティナイナー,Laughing Look,Bluebird,Brigid,Bold Reasoning,My Charmer,Secretariat,Lassie Dear,Raise a Native,Gold Digger,Honest Pleasure,State,Nearctic,Shenanigans,Khaled,Dama,Al Hattab,Dantina,Whitesburg,Light Verse,Northern Dancer,Pas de Nom,Sir Ivor,Courtly Dee,Sharpen Up,Doubly Sure,アーテイアス,Border Bounty,Mr. Prospector,File,Damascus,Laughter,Storm Bird,Ivory Dawn,Irish River,Luv Luvin'
2023104596,ナダル,ハルサンサン,Blame,Ascending Angel,サウスヴィグラス,ハルワカ,Arch,Liable,Pulpit,Solar Colony,エンドスウィープ,ダーケストスター,ワカオライデン,ホリワカ,Kris S.,Aurora,Seeking the Gold,Bound,A.P. Indy,Preach,Pleasant Colony,Meteor Stage,フォーティナイナー,Broom Dance,Star de Naskra,Minnie Riperton,ロイヤルスキー,オキワカ,ホリスキー,ダスシェーネ,Roberto,Sharp Queen,Danzig,Althea,Mr. Prospector,Con Game,Nijinsky,Special,Seattle Slew,Weekend Surprise,Mr. Prospector,Narrate,His Majesty,Sun Colony,Stage Door Johnny,Northern Meteor,Mr. Prospector,File,Dance Spell,Witching Hour,Naskra,Candle Star,Cornish Prince,English Harbor,Raja Baba,Coz o'Nijinsky,リマンド,ワカクモ,マルゼンスキー,オキノバンダ,ボールドリック,イチワカ
2023107535,Beau Liam,Mistress of Evil,Liam's Map,Belle of Perintown,Frosted,Laquesta,Unbridled's Song,Miss Macy Sue,デヒア,Hot Match,Tapit,Fast Cookie,Lemon Drop Kid,Country Cafe,Unbridled,Trolley Song,Trippi,Yada Yada,Deputy Minister,Sister Dot,Mr. Prospector,Jeanne Jones,Pulpit,Tap Your Heels,Deputy Minister,Fleet Lady,Kingmambo,Charming Lassie,Lion Heart,Pretty 'n Smart,Fappiano,Gana Facil,Caro,Lucky Spell,エンドスウィープ,Jealous Appeal,Great Above,Stem,Vice Regent,Mint Copy,Secretariat,Sword Game,Raise a Native,Gold Digger,Nijinsky,Beautiful Glass,A.P. Indy,Preach,Unbridled,Ruby Slippers,Vice Regent,Mint Copy,Avenue of Flags,ディアーミミ,Mr. Prospector,Miesque,Seattle Slew,Lassie Dear,Tale of the Cat,Satin Sunrise,Beau Genius,Charge d'Affaires
2023110100,Good Magic,Entirely,Curlin,Glinda the Good,Point of Entry,Reef Bay,Smart Strike,Sherriff's Deputy,Hard Spun,Magical Flash,Dynaformer,Matlacha Pass,Danzig,Morena Park,Mr. Prospector,Classy 'n Smart,Deputy Minister,Barbarika,Danzig,Turkish Tryst,Miswaki,Gils Magic,Roberto,Andover Way,Seeking the Gold,Our Country Place,Northern Dancer,Pas de Nom,Pivotal,Peace In The Park,Raise a Native,Gold Digger,Smarten,No Class,Vice Regent,Mint Copy,Bates Motel,War Exchange,Northern Dancer,Pas de Nom,Turkoman,Darbyvail,Mr. Prospector,Hopespringseternal,Magesterial,Display Copy,Hail to Reason,Bramalea,His Majesty,On the Trail,Mr. Prospector,Con Game,Pleasant Colony,メイプルジンスキー,Nearctic,Natalma,Admiral's Voyage,Petitioner,Polar Falcon,Fearless Revival,Ahonoora,Palm Dove
2020104491,キズナ,ダノンエレガント,ディープインパクト,キャットクイル,ブライアンズタイム,ドリームカムカム,サンデーサイレンス,ウインドインハーヘア,Storm Cat,Pacific Princess,Roberto,Kelley's Day,メジロライアン,ドリーミングガール,Halo,Wishing Well,Alzao,Burghclere,Storm Bird,Terlingua,Damascus,Fiji,Hail to Reason,Bramalea,Graustark,Golden Trail,アンバーシャダイ,メジロチェイサー,Lomond,デユネット,Hail to Reason,Cosmah,Understanding,Mountain Flower,Lyphard,Lady Rebecca,Busted,Highclere,Northern Dancer,South Ocean,Secretariat,Crimson Saint,Sword Dancer,Kerala,Acropolis,Rififi,Turn-to,Nothirdchance,Nashua,Rarelea,Ribot,Flower Bowl,Hasty Road,Sunny Vale,ノーザンテースト,クリアアンバー,メジロサンマン,シエリル,Northern Dancer,My Charmer,ハードツービート,Pram
2022104850,サトノダイヤモンド,スクールミストレス,ディープインパクト,マルペンサ,Equal Stripes,Stellify,サンデーサイレンス,ウインドインハーヘア,Orpen,Marsella,Candy Stripes,Equity,サザンヘイロー,Other Star,Halo,Wishing Well,Alzao,Burghclere,Lure,Bonita Francita,サザンヘイロー,Riviere,Blushing Groom,バブルカンパニー,Equalize,Elysee,Halo,Northern Sea,Logical,Off Limits,Hail to Reason,Cosmah,Understanding,Mountain Flower,Lyphard,Lady Rebecca,Busted,Highclere,Danzig,Endear,Devil's Bag,Raise the Standard,Halo,Northern Sea,Logical,Talonada,Red God,Runaway Bride,Lyphard,Prodice,Northern Jove,Zonta,El Gran Capitan,Empiric,Hail to Reason,Cosmah,Northern Dancer,Sea Saga,Buckpasser,Smart Deb,Make Tracks,Orizaba
2022100619,フィエールマン,エトワールブリエ,ディープインパクト,リュヌドール,ロードカナロア,スターコレクション,サンデーサイレンス,ウインドインハーヘア,Green Tune,Luth d'Or,キングカメハメハ,レディブラッサム,アグネスタキオン,シンコウエトワール,Halo,Wishing Well,Alzao,Burghclere,Green Dancer,Soundings,Noir Et Or,Viole d'Amour,Kingmambo,マンファス,Storm Cat,サラトガデュー,サンデーサイレンス,アグネスフローラ,トニービン,ダイナフラッグ,Hail to Reason,Cosmah,Understanding,Mountain Flower,Lyphard,Lady Rebecca,Busted,Highclere,Nijinsky,Green Valley,Mr. Prospector,Ocean's Answer,ラインゴールド,Pomme Rose,Luthier,Mandolinette,Mr. Prospector,Miesque,ラストタイクーン,Pilot Bird,Storm Bird,Terlingua,Cormorant,Super Luna,Halo,Wishing Well,ロイヤルスキー,アグネスレディー,カンパラ,Severn Bridge,ノーザンテースト,シヤダイフラッグ
2022107185,キズナ,マゲバ,ディープインパクト,キャットクイル,Wootton Bassett,Melilot,サンデーサイレンス,ウインドインハーヘア,Storm Cat,Pacific Princess,Iffraaj,Balladonia,Elusive City,Liwana,Halo,Wishing Well,Alzao,Burghclere,Storm Bird,Terlingua,Damascus,Fiji,Zafonic,Pastorale,Primo Dominie,Susquehanna Days,Elusive Quality,Star of Paris,Rainbow Quest,Linnga,Hail to Reason,Cosmah,Understanding,Mountain Flower,Lyphard,Lady Rebecca,Busted,Highclere,Northern Dancer,South Ocean,Secretariat,Crimson Saint,Sword Dancer,Kerala,Acropolis,Rififi,Gone West,Zaizafon,Nureyev,Park Appeal,Dominion,Swan Ann,Chief's Crown,Gliding By I,Gone West,Touch of Greatness,Dayjur,Liturgism,Blushing Groom,I Will Follow,Shardari,Lisana
2022102604,ゴールドシップ,フォロミーバゴ,ステイゴールド,ポイントフラッグ,バゴ,フォローミー,サンデーサイレンス,ゴールデンサッシュ,メジロマックイーン,パストラリズム,Nashwan,Moonlight's Box,クロフネ,トシザダンサー,Halo,Wishing Well,ディクタス,ダイナサッシュ,メジロティターン,メジロオーロラ,プルラリズム,トクノエイティー,Blushing Groom,Height of Fashion,Nureyev,Coup de Genie,フレンチデピュティ,ブルーアヴェニュー,シアトルダンサー,ノルデンフリマー,Hail to Reason,Cosmah,Understanding,Mountain Flower,Sanctus,Doronic,ノーザンテースト,ロイヤルサッシュ,メジロアサマ,シエリル,リマンド,メジロアイリス,The Minstrel,Cambretta,トライバルチーフ,アイアンルビー,Red God,Runaway Bride,Bustino,Highclere,Northern Dancer,Special,Mr. Prospector,Coup de Folie,Deputy Minister,Mitterand,Classic Go Go,Eliza Blue,Nijinsky,My Charmer,ブレイヴェストローマン,ヒダカサクセス
2022104717,キズナ,カヴァートラブ,ディープインパクト,キャットクイル,Azamour,ウイングステルス,サンデーサイレンス,ウインドインハーヘア,Storm Cat,Pacific Princess,Night Shift,Asmara,Hawk Wing,Starlight Smile,Halo,Wishing Well,Alzao,Burghclere,Storm Bird,Terlingua,Damascus,Fiji,Northern Dancer,Ciboulette,Lear Fan,Anaza,Woodman,La Lorgnette,Green Dancer,Bubinka,Hail to Reason,Cosmah,Understanding,Mountain Flower,Lyphard,Lady Rebecca,Busted,Highclere,Northern Dancer,South Ocean,Secretariat,Crimson Saint,Sword Dancer,Kerala,Acropolis,Rififi,Nearctic,Natalma,Chop Chop,Windy Answer,Roberto,Wac,Darshaan,Azaarika,Mr. Prospector,プレイメイト,Val de l'Orne,The Temptress,Nijinsky,Green Valley,Nashua,Stolen Date
2022104688,エピファネイア,エマノン,シンボリクリスエス,シーザリオ,ハーツクライ,ピラミマ,Kris S.,Tee Kay,スペシャルウィーク,キロフプリミエール,サンデーサイレンス,アイリッシュダンス,Unbridled's Song,キャリアコレクション,Roberto,Sharp Queen,Gold Meridian,Tri Argo,サンデーサイレンス,キャンペンガール,Sadler's Wells,Querida,Halo,Wishing Well,トニービン,ビューパーダンス,Unbridled,Trolley Song,General Meeting,River of Stars,Hail to Reason,Bramalea,Princequillo,Bridgework,Seattle Slew,Queen Louie,Tri Jet,Hail Proudly,Halo,Wishing Well,マルゼンスキー,レディーシラオキ,Northern Dancer,Fairy Bridge,Habitat,Principia,Hail to Reason,Cosmah,Understanding,Mountain Flower,カンパラ,Severn Bridge,Lyphard,My Bupers,Fappiano,Gana Facil,Caro,Lucky Spell,Seattle Slew,Alydar's Promise,Riverman,Star Fortune
2022101718,レイデオロ,アオイスカーレット,キングカメハメハ,ラドラーダ,ディープインパクト,エリモエクセル,Kingmambo,マンファス,シンボリクリスエス,レディブロンド,サンデーサイレンス,ウインドインハーヘア,ロドリゴデトリアーノ,エリモファンタジー,Mr. Prospector,Miesque,ラストタイクーン,Pilot Bird,Kris S.,Tee Kay,Seeking the Gold,ウインドインハーヘア,Halo,Wishing Well,Alzao,Burghclere,El Gran Senor,Hot Princess,Riverman,Share the Fantasy,Raise a Native,Gold Digger,Nureyev,Pasadoble,トライマイベスト,Mill Princess,Blakeney,The Dancer,Roberto,Sharp Queen,Gold Meridian,Tri Argo,Mr. Prospector,Con Game,Alzao,Burghclere,Hail to Reason,Cosmah,Understanding,Mountain Flower,Lyphard,Lady Rebecca,Busted,Highclere,Northern Dancer,Sex Appeal,ホットスパーク,Aspara,Never Bend,River Lady,Exclusive Native,Misukaw
2019104843,ハービンジャー,ハロックライン,Dansili,Penang Pearl,キングカメハメハ,ミスティックリバー,デインヒル,Hasili,Bering,Guapa,Kingmambo,マンファス,サンデーサイレンス,ホワイトウォーターアフェア,Danzig,Razyana,Kahyasi,Kerali,Arctic Tern,Beaune,Shareef Dancer,Sauceboat,Mr. Prospector,Miesque,ラストタイクーン,Pilot Bird,Halo,Wishing Well,Machiavellian,Much Too Risky,Northern Dancer,Pas de Nom,His Majesty,Spring Adieu,イルドブルボン,Kadissya,High Line,Sookera,Sea-Bird,Bubbling Beauty,Lyphard,Barbra,Northern Dancer,Sweet Alliance,Connaught,Cranberry Sauce,Raise a Native,Gold Digger,Nureyev,Pasadoble,トライマイベスト,Mill Princess,Blakeney,The Dancer,Hail to Reason,Cosmah,Understanding,Mountain Flower,Mr. Prospector,Coup de Folie,Bustino,Short Rations
2022106564,アニマルキングダム,タガノバトラ,Leroidesanimaux,ダリシア,フレンチデピュティ,ホワイトペッパー,Candy Stripes,Dissemble,Acatenango,Dynamis,Deputy Minister,Mitterand,サンデーサイレンス,レッドチリペッパー,Blushing Groom,バブルカンパニー,Ahonoora,Kerali,Surumu,Aggravate,ダンシングブレーヴ,Diasprina,Vice Regent,Mint Copy,Hold Your Peace,Laredo Lass,Halo,Wishing Well,Unbridled,Raise a Carter,Red God,Runaway Bride,Lyphard,Prodice,Lorenzaccio,Helen Nichols,High Line,Sookera,Literat,Surama,Aggressor,Raven Locks,Lyphard,Navajo Princess,Aspros,Dorle,Northern Dancer,Victoria Regina,Bunty's Flight,Shakney,Speak John,Blue Moon,Bold Ruler,Fortunate Isle,Hail to Reason,Cosmah,Understanding,Mountain Flower,Fappiano,Gana Facil,Dr. Carter,Raise an Heiress
2022100637,ドゥラメンテ,デルフィーノ,キングカメハメハ,アドマイヤグルーヴ,ハーツクライ,レディアーティスト,Kingmambo,マンファス,サンデーサイレンス,エアグルーヴ,サンデーサイレンス,アイリッシュダンス,フレンチデピュティ,レディバラード,Mr. Prospector,Miesque,ラストタイクーン,Pilot Bird,Halo,Wishing Well,トニービン,ダイナカール,Halo,Wishing Well,トニービン,ビューパーダンス,Deputy Minister,Mitterand,Unbridled,Angelic Song,Raise a Native,Gold Digger,Nureyev,Pasadoble,トライマイベスト,Mill Princess,Blakeney,The Dancer,Hail to Reason,Cosmah,Understanding,Mountain Flower,カンパラ,Severn Bridge,ノーザンテースト,シャダイフェザー,Hail to Reason,Cosmah,Understanding,Mountain Flower,カンパラ,Severn Bridge,Lyphard,My Bupers,Vice Regent,Mint Copy,Hold Your Peace,Laredo Lass,Fappiano,Gana Facil,Halo,Ballade
2022101047,オルフェーヴル,ショウナンマオ,ステイゴールド,オリエンタルアート,ダイワメジャー,ショウナンハピネス,サンデーサイレンス,ゴールデンサッシュ,メジロマックイーン,エレクトロアート,サンデーサイレンス,スカーレットブーケ,Kris S.,Rambling Barb,Halo,Wishing Well,ディクタス,ダイナサッシュ,メジロティターン,メジロオーロラ,ノーザンテースト,グランマスティーヴンス,Halo,Wishing Well,ノーザンテースト,スカーレットインク,Roberto,Sharp Queen,Cormorant,Bouncy Barb,Hail to Reason,Cosmah,Understanding,Mountain Flower,Sanctus,Doronic,ノーザンテースト,ロイヤルサッシュ,メジロアサマ,シエリル,リマンド,メジロアイリス,Northern Dancer,Lady Victoria,Lt. Stevens,Dhow,Hail to Reason,Cosmah,Understanding,Mountain Flower,Northern Dancer,Lady Victoria,Crimson Satan,Consentida,Hail to Reason,Bramalea,Princequillo,Bridgework,His Majesty,Song Sparrow,Rollicking,Miss Fairfield
2022110123,Global Campaign,Above Heaven,Curlin,Globe Trot,Mr. Greeley,レディジョアン,Smart Strike,Sherriff's Deputy,A.P. Indy,Trip,Gone West,Long Legend,Orientate,Oatsee,Mr. Prospector,Classy 'n Smart,Deputy Minister,Barbarika,Seattle Slew,Weekend Surprise,Lord at War,Tour,Mr. Prospector,Secrettame,Reviewer,Lianga,Mt. Livermore,Dream Team,Unbridled,With Every Wish,Raise a Native,Gold Digger,Smarten,No Class,Vice Regent,Mint Copy,Bates Motel,War Exchange,Bold Reasoning,My Charmer,Secretariat,Lassie Dear,General,Luna de Miel,フォーティナイナー,Fun Flight,Raise a Native,Gold Digger,Secretariat,Tamerett,Bold Ruler,Broadway,ダンサーズイメージ,Leven Ones,Blushing Groom,Flama Ardiente,Cox's Ridge,Likely Double,Fappiano,Gana Facil,Lear Fan,Amo
2021106078,スマートファルコン,ゲシートショウリ,ゴールドアリュール,ケイシュウハーブ,タイキシャトル,シロキタガデス,サンデーサイレンス,ニキーヤ,ミシシッピアン,キョウエイシラユキ,Devil's Bag,ウェルシュマフィン,サニーブライアン,シクレノンメモリー,Halo,Wishing Well,Nureyev,Reluctant Guest,Vaguely Noble,Gazala,クラウンドプリンス,アリアーン,Halo,Ballade,Caerleon,Muffitys,ブライアンズタイム,サニースイフト,トニービン,シクレノンセピア,Hail to Reason,Cosmah,Understanding,Mountain Flower,Northern Dancer,Special,Hostage,Vaguely Royal,ヴィエナ,Noble Lassie,Dark Star,Belle Angevine,Raise a Native,Gay Hostess,シルバーシャーク,Nucciolina,Hail to Reason,Cosmah,Herbager,Miss Swapsco,Nijinsky,Foreseer,Thatch,Contrail,Roberto,Kelley's Day,スイフトスワロー,サニーロマン,カンパラ,Severn Bridge,マナード,トウジンホマレ
2022106617,マジェスティックウォリアー,イグレット,A.P. Indy,Dream Supreme,Distorted Humor,ヘヴンリーロマンス,Seattle Slew,Weekend Surprise,Seeking the Gold,Spinning Round,フォーティナイナー,Danzig's Beauty,サンデーサイレンス,ファーストアクト,Bold Reasoning,My Charmer,Secretariat,Lassie Dear,Mr. Prospector,Con Game,Dixieland Band,Take Heart,Mr. Prospector,File,Danzig,Sweetest Chant,Halo,Wishing Well,Sadler's Wells,Arkadina,Boldnesian,Reason to Earn,Poker,Fair Charmer,Bold Ruler,Somethingroyal,Buckpasser,Gay Missile,Raise a Native,Gold Digger,Buckpasser,Broadway,Northern Dancer,Mississippi Mud,Secretariat,Deck Stewardess,Raise a Native,Gold Digger,Tom Rolfe,Continue,Northern Dancer,Pas de Nom,Mr. Leader,Gay Sonnet,Hail to Reason,Cosmah,Understanding,Mountain Flower,Northern Dancer,Fairy Bridge,Ribot,Natashka
2022104382,ワールドエース,アンジェラスキッス,ディープインパクト,マンデラ,Gone West,River Fairy,サンデーサイレンス,ウインドインハーヘア,Acatenango,Mandellicht,Mr. Prospector,Secrettame,Irish River,Fairy Garden,Halo,Wishing Well,Alzao,Burghclere,Surumu,Aggravate,Be My Guest,Mandelauge,Raise a Native,Gold Digger,Secretariat,Tamerett,Riverman,Irish Star,Lyphard,Possible Mate,Hail to Reason,Cosmah,Understanding,Mountain Flower,Lyphard,Lady Rebecca,Busted,Highclere,Literat,Surama,Aggressor,Raven Locks,Northern Dancer,What a Treat,Elektrant,Mandriale,Native Dancer,Raise You,Nashua,Sequence,Bold Ruler,Somethingroyal,Tim Tam,Mixed Marriage,Never Bend,River Lady,Klairon,Botany Bay,Northern Dancer,Goofed,King's Bishop,Execution
2022102397,シニスターミニスター,カリビアンロマンス,Old Trieste,Sweet Minister,コマンズ,サバナパディーダ,A.P. Indy,Lovlier Linda,The Prime Minister,Sweet Blue,デインヒル,Cotehele House,Cape Cross,Capriola,Seattle Slew,Weekend Surprise,Vigors,Linda Summers,Deputy Minister,Stick to Beauty,Hurry Up Blue,Sugar Gold,Danzig,Razyana,My Swanee,Eight Carat,Green Desert,Park Appeal,Mr. Prospector,High Point Lady,Bold Reasoning,My Charmer,Secretariat,Lassie Dear,Grey Dawn,Relifordie,Crozier,Queenly Gift,Vice Regent,Mint Copy,Illustrious,Hail to Beauty,Mr. Leader,Blue Baroness,Mr. Prospector,Miss Ironside,Northern Dancer,Pas de Nom,His Majesty,Spring Adieu,Petition,Grey Rhythm,Pieces of Eight,Klairessa,Danzig,Foreign Courier,Ahonoora,Balidaress,Raise a Native,Gold Digger,Knightly Dawn,Miss Jet Holme
2022102305,Frankel,レッツゴードンキ,Galileo,Kind,キングカメハメハ,マルトク,Sadler's Wells,Urban Sea,デインヒル,Rainbow Lake,Kingmambo,マンファス,マーベラスサンデー,エリットビーナス,Northern Dancer,Fairy Bridge,Miswaki,Allegretta,Danzig,Razyana,Rainbow Quest,Rockfest,Mr. Prospector,Miesque,ラストタイクーン,Pilot Bird,サンデーサイレンス,モミジダンサー,ジェイドロバリー,フリースピリット,Nearctic,Natalma,Bold Reason,Special,Mr. Prospector,Hopespringseternal,Lombard,Anatevka,Northern Dancer,Pas de Nom,His Majesty,Spring Adieu,Blushing Groom,I Will Follow,Stage Door Johnny,Rock Garden,Raise a Native,Gold Digger,Nureyev,Pasadoble,トライマイベスト,Mill Princess,Blakeney,The Dancer,Halo,Wishing Well,ヴァイスリーガル,モミジ,Mr. Prospector,Number,リアルシャダイ,ダイナフランダース
2022105253,マインドユアビスケッツ,エクスプレスレーン,Posse,Jazzmane,ディープインパクト,カウアイレーン,Silver Deputy,Raska,Toccet,Alljazz,サンデーサイレンス,ウインドインハーヘア,キングカメハメハ,シルバーレーン,Deputy Minister,Silver Valley,Rahy,Borishka,Awesome Again,Cozzene's Angel,Stop the Music,Bounteous,Halo,Wishing Well,Alzao,Burghclere,Kingmambo,マンファス,Silver Hawk,Strait Lane,Vice Regent,Mint Copy,Mr. Prospector,Seven Valleys,Blushing Groom,Glorious Song,Roberto,Queen Maud,Deputy Minister,Primal Force,Cozzene,Charming Pan,Hail to Reason,Bebopper,Master Derby,Mlle. Quille,Hail to Reason,Cosmah,Understanding,Mountain Flower,Lyphard,Lady Rebecca,Busted,Highclere,Mr. Prospector,Miesque,ラストタイクーン,Pilot Bird,Roberto,Gris Vitesse,Chieftain,Level Sands
2022104892,ミッキーアイル,ダノンオスカル,ディープインパクト,スターアイル,キングカメハメハ,ジンジャーミスト,サンデーサイレンス,ウインドインハーヘア,ロックオブジブラルタル,アイルドフランス,Kingmambo,マンファス,Bernardini,ジンジャーパンチ,Halo,Wishing Well,Alzao,Burghclere,デインヒル,Offshore Boom,Nureyev,ステラマドリッド,Mr. Prospector,Miesque,ラストタイクーン,Pilot Bird,A.P. Indy,Cara Rafaela,Awesome Again,Nappelon,Hail to Reason,Cosmah,Understanding,Mountain Flower,Lyphard,Lady Rebecca,Busted,Highclere,Danzig,Razyana,Be My Guest,Push a Button,Northern Dancer,Special,Alydar,My Juliet,Raise a Native,Gold Digger,Nureyev,Pasadoble,トライマイベスト,Mill Princess,Blakeney,The Dancer,Seattle Slew,Weekend Surprise,Quiet American,Oil Fable,Deputy Minister,Primal Force,Bold Revenue,Sally Go Gray
2022110061,Gun Runner,Pioneer Queen,Candy Ride,Quiet Giant,Pioneerof the Nile,Expanse,Ride the Rails,Candy Girl,Giant's Causeway,Quiet Dance,エンパイアメーカー,Star of Goshen,Distant View,Dial a Trick,Cryptoclearance,Herbalesian,Candy Stripes,City Girl,Storm Cat,Mariah's Storm,Quiet American,Misty Dancer,Unbridled,Toussaud,Lord at War,Castle Eight,Mr. Prospector,Seven Springs,Phone Trick,Ice Fantasy,Fappiano,Naval Orange,Herbager,Alanesian,Blushing Groom,バブルカンパニー,Farnesio,Cithara,Storm Bird,Terlingua,Rahy,イメンス,Fappiano,Demure,Lyphard,Flight Dancer,Fappiano,Gana Facil,El Gran Senor,Image of Reality,General,Luna de Miel,Key to the Kingdom,Her Native,Raise a Native,Gold Digger,Irish River,La Trinite,Clever Trick,Over the Phone,It's Freezing,Donna's Answer
2022100688,ホッコータルマエ,ディアハート,キングカメハメハ,マダムチェロキー,ヘニーヒューズ,マーチャンテイマー,Kingmambo,マンファス,Cherokee Run,アンフォイルド,ヘネシー,Meadow Flyer,クロフネ,マサコチャン,Mr. Prospector,Miesque,ラストタイクーン,Pilot Bird,Runaway Groom,Cherokee Dame,Unbridled,Bold Foil,Storm Cat,Island Kitty,Meadowlake,Shortley,フレンチデピュティ,ブルーアヴェニュー,サンデーサイレンス,チヨダマサコ,Raise a Native,Gold Digger,Nureyev,Pasadoble,トライマイベスト,Mill Princess,Blakeney,The Dancer,Blushing Groom,Yonnie Girl,Silver Saber,Dame Francesca,Fappiano,Gana Facil,Bold Forbes,Perfect Foil,Storm Bird,Terlingua,Hawaii,T. C. Kitten,Hold Your Peace,Suspicious Native,Hagley,Short Winded,Deputy Minister,Mitterand,Classic Go Go,Eliza Blue,Halo,Wishing Well,ラバージョン,ミスオーハヤブサ
2022105767,カリフォルニアクローム,ウィズエモーション,Lucky Pulpit,Love the Chase,クロフネ,ミスアルダント,Pulpit,Lucky Soph,Not for Love,Chase It Down,フレンチデピュティ,ブルーアヴェニュー,サンデーサイレンス,マガロ,A.P. Indy,Preach,Cozzene,Lucky Spell,Mr. Prospector,Dance Number,Polish Numbers,Chase the Dream,Deputy Minister,Mitterand,Classic Go Go,Eliza Blue,Halo,Wishing Well,Caro,Magic,Seattle Slew,Weekend Surprise,Mr. Prospector,Narrate,Caro,Ride the Trails,Lucky Mel,Incantation,Raise a Native,Gold Digger,Northern Dancer,Numbered Account,Danzig,Numbered Account,Sir Ivor,La Belle Fleur,Vice Regent,Mint Copy,Hold Your Peace,Laredo Lass,Pago Pago,Classic Perfection,Icecapade,コレラ,Hail to Reason,Cosmah,Understanding,Mountain Flower,フォルティノ,Chambord,Buckpasser,Aspidistra
2021110002,No Nay Never,エリーシエズワールド,Scat Daddy,Cat's Eye Witness,Champs Elysees,Ideal World,ヨハネスブルグ,Love Style,Elusive Quality,Comical Cat,デインヒル,Hasili,シングスピール,リブユアドリームス,ヘネシー,Myth,Mr. Prospector,Likeable Style,Gone West,Touch of Greatness,Exceller,Six Months Long,Danzig,Razyana,Kahyasi,Kerali,In the Wings,Glorious Song,Mt. Livermore,Night and Dreams,Storm Cat,Island Kitty,オジジアン,Yarn,Raise a Native,Gold Digger,Nijinsky,Personable Lady,Mr. Prospector,Secrettame,Hero's Honor,Ivory Wand,Vaguely Noble,Too Bald,Northern Dancer,Prime Time,Northern Dancer,Pas de Nom,His Majesty,Spring Adieu,イルドブルボン,Kadissya,High Line,Sookera,Sadler's Wells,High Hawk,Halo,Ballade,Blushing Groom,Flama Ardiente,Fappiano,Big Dreams
2022106306,スマートオーディン,オーガストウェイ,ダノンシャンティ,レディアップステージ,アグネスタキオン,オウリエット,フジキセキ,シャンソネット,Alzao,She's the Tops,サンデーサイレンス,アグネスフローラ,Caerleon,Rose de Crystal,サンデーサイレンス,ミルレーサー,Mark of Esteem,Glorious Song,Lyphard,Lady Rebecca,Shernazar,Troytops,Halo,Wishing Well,ロイヤルスキー,アグネスレディー,Nijinsky,Foreseer,クリスタルグリッターズ,Rose Above,Halo,Wishing Well,Le Fabuleux,Marston's Mill,Darshaan,Homage,Halo,Ballade,Northern Dancer,Goofed,Sir Ivor,Pocahontas,Busted,Sharmeen,Troy,Topsy,Hail to Reason,Cosmah,Understanding,Mountain Flower,Raja Baba,Coz o'Nijinsky,リマンド,イコマエイカン,Northern Dancer,Flaming Page,Round Table,Regal Gleam,Blushing Groom,Tales to Tell,Sir Herbert,Rise Above
2021105127,ブリックスアンドモルタル,テラノヴァ,Giant's Causeway,Beyond the Waves,ヴィクトワールピサ,エアトゥーレ,Storm Cat,Mariah's Storm,Ocean Crest,Excedent,ネオユニヴァース,ホワイトウォーターアフェア,トニービン,スキーパラダイス,Storm Bird,Terlingua,Rahy,イメンス,Storm Bird,S.S.Aroma,Exceller,Broadway Lullaby,サンデーサイレンス,ポインテッドパス,Machiavellian,Much Too Risky,カンパラ,Severn Bridge,Lyphard,Ski Goggle,Northern Dancer,South Ocean,Secretariat,Crimson Saint,Blushing Groom,Glorious Song,Roberto,Imsodear,Northern Dancer,South Ocean,Seattle Slew,Rare Bouquet,Vaguely Noble,Too Bald,Stage Door Johnny,リットルブレツシング,Halo,Wishing Well,Kris,Silken Way,Mr. Prospector,Coup de Folie,Bustino,Short Rations,Kalamoun,State Pension,Hornbeam,Priddy Fair,Northern Dancer,Goofed,ロイヤルスキー,Mississippi Siren
2022103345,ウォータービルド,クリアーパッション,ディープインパクト,ウォーターエナン,キングヘイロー,クリアーパス,サンデーサイレンス,ウインドインハーヘア,ボストンハーバー,Scrape,ダンシングブレーヴ,グッバイヘイロー,A.P. Indy,Masake,Halo,Wishing Well,Alzao,Burghclere,Capote,Harbor Springs,Mr. Prospector,File,Lyphard,Navajo Princess,Halo,Pound Foolish,Seattle Slew,Weekend Surprise,Master Willie,Northern Lake,Hail to Reason,Cosmah,Understanding,Mountain Flower,Lyphard,Lady Rebecca,Busted,Highclere,Seattle Slew,Too Bald,Vice Regent,Tinnitus,Raise a Native,Gold Digger,Tom Rolfe,Continue,Northern Dancer,Goofed,Drone,Olmec,Hail to Reason,Cosmah,Sir Ivor,Squander,Bold Reasoning,My Charmer,Secretariat,Lassie Dear,High Line,Fair Winter,Northern Dancer,Willow Lake
2022105534,イスラボニータ,メモリアルライフ,フジキセキ,イスラコジーン,Reckless Abandon,Baldovina,サンデーサイレンス,ミルレーサー,Cozzene,Isla Mujeres,Exchange Rate,Sant Elena,Tale of the Cat,バルドウィナ,Halo,Wishing Well,Le Fabuleux,Marston's Mill,Caro,Ride the Trails,Crafty Prospector,Lido Isle,Danzig,Sterling Pound,Efisio,Argent Du Bois,Storm Cat,Yarn,Pistolet Bleu,Balioka,Hail to Reason,Cosmah,Understanding,Mountain Flower,Wild Risk,Anguar,In Reality,Millicent,フォルティノ,Chambord,Prince John,Wildwook,Mr. Prospector,Real Crafty Lady,Far North,She Is Gorgeous,Northern Dancer,Pas de Nom,Seeking the Gold,Spectacular Bev,Formidable,Eldoret,Silver Hawk,Wiener Wald,Storm Bird,Terlingua,Mr. Prospector,Narrate,Top Ville,Pampa Bella,Tourangeau,Bangalore
2018104841,ハーツクライ,リリーアメリカ,サンデーサイレンス,アイリッシュダンス,American Post,Miller's Lily,Halo,Wishing Well,トニービン,ビューパーダンス,Bering,Wells Fargo,ミラーズメイト,Lymara,Hail to Reason,Cosmah,Understanding,Mountain Flower,カンパラ,Severn Bridge,Lyphard,My Bupers,Arctic Tern,Beaune,Sadler's Wells,Cruising Height,Mill Reef,Primatie,Lyphard,Maradadi,Turn-to,Nothirdchance,Cosmic Bomb,Almahmoud,Promised Land,Pretty Ways,Montparnasse,Edelweiss,Kalamoun,State Pension,Hornbeam,Priddy Fair,Northern Dancer,Goofed,Bupers,Princess Revoked,Sea-Bird,Bubbling Beauty,Lyphard,Barbra,Northern Dancer,Fairy Bridge,Shirley Heights,Nomadic Pleasure,Never Bend,Milan Mill,Vaguely Noble,Pistol Packer,Northern Dancer,Goofed,The Marshal,Dilly-Dally
2022101241,アルアイン,ジレーネ,ディープインパクト,ドバイマジェスティ,キングカメハメハ,ソベラニア,サンデーサイレンス,ウインドインハーヘア,Essence of Dubai,Great Majesty,Kingmambo,マンファス,Monsun,Sasuela,Halo,Wishing Well,Alzao,Burghclere,Pulpit,Epitome,Great Above,Mistic Majesty,Mr. Prospector,Miesque,ラストタイクーン,Pilot Bird,Konigsstuhl,Mosella,Dashing Blade,Sacarina,Hail to Reason,Cosmah,Understanding,Mountain Flower,Lyphard,Lady Rebecca,Busted,Highclere,A.P. Indy,Preach,Summing,Honest and True,Minnesota Mac,Ta Wee,His Majesty,Necaras Miss,Raise a Native,Gold Digger,Nureyev,Pasadoble,トライマイベスト,Mill Princess,Blakeney,The Dancer,Dschingis Khan,Konigskronung,Surumu,Monasia,Elegant Air,Sharp Castan,オールドヴィック,Brave Lass
2022105431,サトノダイヤモンド,ナレラ,ディープインパクト,マルペンサ,Reliable Man,Naomia,サンデーサイレンス,ウインドインハーヘア,Orpen,Marsella,Dalakhani,On Fair Stage,Monsun,Nagoya,Halo,Wishing Well,Alzao,Burghclere,Lure,Bonita Francita,サザンヘイロー,Riviere,Darshaan,Daltawa,Sadler's Wells,Fair Salinia,Konigsstuhl,Mosella,Goofalik,Nuas,Hail to Reason,Cosmah,Understanding,Mountain Flower,Lyphard,Lady Rebecca,Busted,Highclere,Danzig,Endear,Devil's Bag,Raise the Standard,Halo,Northern Sea,Logical,Talonada,Shirley Heights,Delsy,Miswaki,Damana,Northern Dancer,Fairy Bridge,Petingo,Fair Arabella,Dschingis Khan,Konigskronung,Surumu,Monasia,Lyphard,Alik,Aspros,Nutria
2022105334,ミッキーアイル,サザンスターズ,ディープインパクト,スターアイル,Smart Strike,スタセリタ,サンデーサイレンス,ウインドインハーヘア,ロックオブジブラルタル,アイルドフランス,Mr. Prospector,Classy 'n Smart,Monsun,Soignee,Halo,Wishing Well,Alzao,Burghclere,デインヒル,Offshore Boom,Nureyev,ステラマドリッド,Raise a Native,Gold Digger,Smarten,No Class,Konigsstuhl,Mosella,Dashing Blade,Suivez,Hail to Reason,Cosmah,Understanding,Mountain Flower,Lyphard,Lady Rebecca,Busted,Highclere,Danzig,Razyana,Be My Guest,Push a Button,Northern Dancer,Special,Alydar,My Juliet,Native Dancer,Raise You,Nashua,Sequence,Cyane,Smartaire,Nodouble,Classy Quillo,Dschingis Khan,Konigskronung,Surumu,Monasia,Elegant Air,Sharp Castan,Fioravanti,Sea Symphony
2022105552,エピファネイア,ランドオーバーシー,シンボリクリスエス,シーザリオ,Bellamy Road,Belle Watling,Kris S.,Tee Kay,スペシャルウィーク,キロフプリミエール,Concerto,Hurry Home Hillary,Pulpit,Polly Adler,Roberto,Sharp Queen,Gold Meridian,Tri Argo,サンデーサイレンス,キャンペンガール,Sadler's Wells,Querida,Chief's Crown,Undeniably,Deputed Testamony,Ten Cents a Turn,A.P. Indy,Preach,ハウスバスター,Honest and True,Hail to Reason,Bramalea,Princequillo,Bridgework,Seattle Slew,Queen Louie,Tri Jet,Hail Proudly,Halo,Wishing Well,マルゼンスキー,レディーシラオキ,Northern Dancer,Fairy Bridge,Habitat,Principia,Danzig,Six Crowns,In Reality,Past Forgetting,Traffic Cop,Proof Requested,Cozzene,Rub al Khali,Seattle Slew,Weekend Surprise,Mr. Prospector,Narrate,Mt. Livermore,Big Dreams,Mr. Leader,Tell Meno Lies
2021101023,バトルプラン,エアリーチューン,エンパイアメーカー,Flanders,ステイゴールド,リーインフォースト,Unbridled,Toussaud,Seeking the Gold,Starlet Storm,サンデーサイレンス,ゴールデンサッシュ,トニービン,ティアラ,Fappiano,Gana Facil,El Gran Senor,Image of Reality,Mr. Prospector,Con Game,Storm Bird,Cinegita,Halo,Wishing Well,ディクタス,ダイナサッシュ,カンパラ,Severn Bridge,ノーザンテースト,シヤダイサイクル,Mr. Prospector,Killaloe,Le Fabuleux,Charedi,Northern Dancer,Sex Appeal,In Reality,Edee's Image,Raise a Native,Gold Digger,Buckpasser,Broadway,Northern Dancer,South Ocean,Secretariat,Wanika,Hail to Reason,Cosmah,Understanding,Mountain Flower,Sanctus,Doronic,ノーザンテースト,ロイヤルサッシュ,Kalamoun,State Pension,Hornbeam,Priddy Fair,Northern Dancer,Lady Victoria,ヒッティングアウェー,サイクラス
2022103875,キズナ,ウアジェト,ディープインパクト,キャットクイル,シンボリクリスエス,リーチトゥピース,サンデーサイレンス,ウインドインハーヘア,Storm Cat,Pacific Princess,Kris S.,Tee Kay,Mud Route,Waki Betty,Halo,Wishing Well,Alzao,Burghclere,Storm Bird,Terlingua,Damascus,Fiji,Roberto,Sharp Queen,Gold Meridian,Tri Argo,Strawberry Road,Our Suzette,Miswaki,Auntie Betty,Hail to Reason,Cosmah,Understanding,Mountain Flower,Lyphard,Lady Rebecca,Busted,Highclere,Northern Dancer,South Ocean,Secretariat,Crimson Saint,Sword Dancer,Kerala,Acropolis,Rififi,Hail to Reason,Bramalea,Princequillo,Bridgework,Seattle Slew,Queen Louie,Tri Jet,Hail Proudly,Whiskey Road,Giftisa,Sunny's Halo,Lorgnette,Mr. Prospector,Hopespringseternal,Faraway Son,Manchester Miss
2022104588,モーリス,アイリッシュシー,スクリーンヒーロー,メジロフランシス,Galileo,Fire Lily,グラスワンダー,ランニングヒロイン,カーネギー,メジロモントレー,Sadler's Wells,Urban Sea,Dansili,Beauty Is Truth,Silver Hawk,Ameriflora,サンデーサイレンス,ダイナアクトレス,Sadler's Wells,Detroit,モガミ,メジロクインシー,Northern Dancer,Fairy Bridge,Miswaki,Allegretta,デインヒル,Hasili,Pivotal,Zelding,Roberto,Gris Vitesse,Danzig,Graceful Touch,Halo,Wishing Well,ノーザンテースト,モデルスポート,Northern Dancer,Fairy Bridge,Riverman,Derna,Lyphard,ノーラック,フィディオン,メジロボサツ,Nearctic,Natalma,Bold Reason,Special,Mr. Prospector,Hopespringseternal,Lombard,Anatevka,Danzig,Razyana,Kahyasi,Kerali,Polar Falcon,Fearless Revival,ウォーニング,Zelda
2020110039,Frankel,ミッドサマーフェア,Galileo,Kind,タニノギムレット,ストロベリーフェア,Sadler's Wells,Urban Sea,デインヒル,Rainbow Lake,ブライアンズタイム,タニノクリスタル,Kingmambo,ストームソング,Northern Dancer,Fairy Bridge,Miswaki,Allegretta,Danzig,Razyana,Rainbow Quest,Rockfest,Roberto,Kelley's Day,クリスタルパレス,タニノシーバード,Mr. Prospector,Miesque,Summer Squall,Hum Along,Nearctic,Natalma,Bold Reason,Special,Mr. Prospector,Hopespringseternal,Lombard,Anatevka,Northern Dancer,Pas de Nom,His Majesty,Spring Adieu,Blushing Groom,I Will Follow,Stage Door Johnny,Rock Garden,Hail to Reason,Bramalea,Graustark,Golden Trail,Caro,Hermieres,Sea-Bird,Flaxen,Raise a Native,Gold Digger,Nureyev,Pasadoble,Storm Bird,Weekend Surprise,Fappiano,Minstress
2018104633,ダイワメジャー,シークレットジプシー,サンデーサイレンス,スカーレットブーケ,Sea of Secrets,Miss Utada,Halo,Wishing Well,ノーザンテースト,スカーレットインク,Storm Cat,Love From Mom,Rahy,Morini,Hail to Reason,Cosmah,Understanding,Mountain Flower,Northern Dancer,Lady Victoria,Crimson Satan,Consentida,Storm Bird,Terlingua,Mr. Prospector,Hoso,Blushing Groom,Glorious Song,Unfuwain,Possessive Lady,Turn-to,Nothirdchance,Cosmic Bomb,Almahmoud,Promised Land,Pretty Ways,Montparnasse,Edelweiss,Nearctic,Natalma,Victoria Park,Lady Angela,Spy Song,Papila,Beau Max,La Menina,Northern Dancer,South Ocean,Secretariat,Crimson Saint,Raise a Native,Gold Digger,Solo Landing,Holly-O.,Red God,Runaway Bride,Halo,Ballade,Northern Dancer,Height of Fashion,Dara Monarch,Possessive
2019102106,コパノリッキー,ミスマープル,ゴールドアリュール,コパノニキータ,Sinndar,ドラマティーク,サンデーサイレンス,ニキーヤ,ティンバーカントリー,ニホンピロローズ,Grand Lodge,Sinntara,Darshaan,Mystery Play,Halo,Wishing Well,Nureyev,Reluctant Guest,Woodman,Fall Aspen,トニービン,ウェディングブーケ,Chief's Crown,La Papagena,Lashkari,Sidama,Shirley Heights,Delsy,Sadler's Wells,Kereolle,Hail to Reason,Cosmah,Understanding,Mountain Flower,Northern Dancer,Special,Hostage,Vaguely Royal,Mr. Prospector,プレイメイト,Pretense,Change Water,カンパラ,Severn Bridge,リアルシャダイ,アリーウイン,Danzig,Six Crowns,Habitat,Magic Flute,Mill Reef,Larannda,Top Ville,Stoyana,Mill Reef,Hardiemma,Abdos,Kelty,Northern Dancer,Fairy Bridge,Riverman,Miss Molly
2020102310,キタサンブラック,キタサンプリンセス,ブラックタイド,シュガーハート,エンパイアメーカー,キタサンオウシャン,サンデーサイレンス,ウインドインハーヘア,サクラバクシンオー,オトメゴコロ,Unbridled,Toussaud,Kingmambo,Kitasan Dream,Halo,Wishing Well,Alzao,Burghclere,サクラユタカオー,サクラハゴロモ,ジャッジアンジェルーチ,テイズリー,Fappiano,Gana Facil,El Gran Senor,Image of Reality,Mr. Prospector,Miesque,Alzao,Better Fantasy,Hail to Reason,Cosmah,Understanding,Mountain Flower,Lyphard,Lady Rebecca,Busted,Highclere,テスコボーイ,アンジェリカ,ノーザンテースト,クリアアンバー,Honest Pleasure,Victorian Queen,Lyphard,Tizna,Mr. Prospector,Killaloe,Le Fabuleux,Charedi,Northern Dancer,Sex Appeal,In Reality,Edee's Image,Raise a Native,Gold Digger,Nureyev,Pasadoble,Lyphard,Lady Rebecca,Better Boy,Pure Fantasy
2018103406,トーホウジャッカル,トーホウプリンセス,スペシャルウィーク,トーホウガイア,サクラバクシンオー,トーホウアスカ,サンデーサイレンス,キャンペンガール,Unbridled's Song,Agami,サクラユタカオー,サクラハゴロモ,チーフベアハート,カガミアスカ,Halo,Wishing Well,マルゼンスキー,レディーシラオキ,Unbridled,Trolley Song,Nureyev,Agacerie,テスコボーイ,アンジェリカ,ノーザンテースト,クリアアンバー,Chief's Crown,Amelia Bearhart,General Assembly,クリスタルレイル,Hail to Reason,Cosmah,Understanding,Mountain Flower,Nijinsky,シル,セントクレスピン,ミスアシヤガワ,Fappiano,Gana Facil,Caro,Lucky Spell,Northern Dancer,Special,Exclusive Native,Quiet Charm,Princely Gift,Suncourt,ネヴァービート,スターハイネス,Northern Dancer,Lady Victoria,Ambiopoise,One Clear Call,Danzig,Six Crowns,Bold Hour,Myrtlewood Lass,Secretariat,Exclusive Dancer,Great Above,T. V. Actress
2021104928,ニューイヤーズデイ,ルシルク,Street Cry,Justwhistledixie,Dynaformer,キュー,Machiavellian,Helen Street,Dixie Union,General Jeanne,Roberto,Andover Way,フレンチデピュティ,P J Floral,Mr. Prospector,Coup de Folie,Troy,Waterway,Dixieland Band,She's Tops,Honour and Glory,Ahpo Hel,Hail to Reason,Bramalea,His Majesty,On the Trail,Deputy Minister,Mitterand,Baldski,Peroxide Princess,Raise a Native,Gold Digger,Halo,Raise the Standard,Petingo,La Milo,Riverman,Boulevard,Northern Dancer,Mississippi Mud,Capote,She's a Talent,Relaunch,Fair to All,Mr. Leader,Tiy,Turn-to,Nothirdchance,Nashua,Rarelea,Ribot,Flower Bowl,Olympia,Golden Trail,Vice Regent,Mint Copy,Hold Your Peace,Laredo Lass,Nijinsky,Too Bald,What a Pleasure,Shanghai Mary
2020106557,ロードカナロア,ドリームオブジェニー,キングカメハメハ,レディブラッサム,Pivotal,Glia,Kingmambo,マンファス,Storm Cat,サラトガデュー,Polar Falcon,Fearless Revival,A.P. Indy,Coup de Genie,Mr. Prospector,Miesque,ラストタイクーン,Pilot Bird,Storm Bird,Terlingua,Cormorant,Super Luna,Nureyev,Marie d'Argonne,Cozzene,Stufida,Seattle Slew,Weekend Surprise,Mr. Prospector,Coup de Folie,Raise a Native,Gold Digger,Nureyev,Pasadoble,トライマイベスト,Mill Princess,Blakeney,The Dancer,Northern Dancer,South Ocean,Secretariat,Crimson Saint,His Majesty,Song Sparrow,In Reality,Alada,Northern Dancer,Special,Jefferson,Mohair,Caro,Ride the Trails,Bustino,Zerbinetta,Bold Reasoning,My Charmer,Secretariat,Lassie Dear,Raise a Native,Gold Digger,Halo,Raise the Standard
2021110056,Speightstown,Charge of Angels,Gone West,Silken Cat,Distorted Humor,She's a Winner,Mr. Prospector,Secrettame,Storm Cat,Silken Doll,フォーティナイナー,Danzig's Beauty,A.P. Indy,Get Lucky,Raise a Native,Gold Digger,Secretariat,Tamerett,Storm Bird,Terlingua,Chieftain,Insilca,Mr. Prospector,File,Danzig,Sweetest Chant,Seattle Slew,Weekend Surprise,Mr. Prospector,Dance Number,Native Dancer,Raise You,Nashua,Sequence,Bold Ruler,Somethingroyal,Tim Tam,Mixed Marriage,Northern Dancer,South Ocean,Secretariat,Crimson Saint,Bold Ruler,Pocahontas,Buckpasser,Copper Canyon,Raise a Native,Gold Digger,Tom Rolfe,Continue,Northern Dancer,Pas de Nom,Mr. Leader,Gay Sonnet,Bold Reasoning,My Charmer,Secretariat,Lassie Dear,Raise a Native,Gold Digger,Northern Dancer,Numbered Account
2020101373,ラニ,サンバホイッスル,Tapit,ヘヴンリーロマンス,サウスヴィグラス,チャームカーニバル,Pulpit,Tap Your Heels,サンデーサイレンス,ファーストアクト,エンドスウィープ,ダーケストスター,アサティス,リップスティック,A.P. Indy,Preach,Unbridled,Ruby Slippers,Halo,Wishing Well,Sadler's Wells,Arkadina,フォーティナイナー,Broom Dance,Star de Naskra,Minnie Riperton,Topsider,Secret Asset,キャタオラ,イスズアロー,Seattle Slew,Weekend Surprise,Mr. Prospector,Narrate,Fappiano,Gana Facil,Nijinsky,Moon Glitter,Hail to Reason,Cosmah,Understanding,Mountain Flower,Northern Dancer,Fairy Bridge,Ribot,Natashka,Mr. Prospector,File,Dance Spell,Witching Hour,Naskra,Candle Star,Cornish Prince,English Harbor,Northern Dancer,Drumtop,Graustark,Numbered Account,Never Bend,Silent Beauty,アローエクスプレス,イスズヒメ
2020105545,コパノリッキー,チャーリーズ,ゴールドアリュール,コパノニキータ,キングカメハメハ,タガノチャーリーズ,サンデーサイレンス,ニキーヤ,ティンバーカントリー,ニホンピロローズ,Kingmambo,マンファス,Saint Ballado,Charlies Paradise,Halo,Wishing Well,Nureyev,Reluctant Guest,Woodman,Fall Aspen,トニービン,ウェディングブーケ,Mr. Prospector,Miesque,ラストタイクーン,Pilot Bird,Halo,Ballade,Winrightt,Rajab's Treasure,Hail to Reason,Cosmah,Understanding,Mountain Flower,Northern Dancer,Special,Hostage,Vaguely Royal,Mr. Prospector,プレイメイト,Pretense,Change Water,カンパラ,Severn Bridge,リアルシャダイ,アリーウイン,Raise a Native,Gold Digger,Nureyev,Pasadoble,トライマイベスト,Mill Princess,Blakeney,The Dancer,Hail to Reason,Cosmah,Herbager,Miss Swapsco,Distinctive,Fleet Lygia,Rajab,Yeroque
2019100252,バトルプラン,サリール,エンパイアメーカー,Flanders,スペシャルウィーク,ファーストセーラ,Unbridled,Toussaud,Seeking the Gold,Starlet Storm,サンデーサイレンス,キャンペンガール,ミルジョージ,セニヨーラ,Fappiano,Gana Facil,El Gran Senor,Image of Reality,Mr. Prospector,Con Game,Storm Bird,Cinegita,Halo,Wishing Well,マルゼンスキー,レディーシラオキ,Mill Reef,Miss Charisma,Conquistador Cielo,Very Special Lady,Mr. Prospector,Killaloe,Le Fabuleux,Charedi,Northern Dancer,Sex Appeal,In Reality,Edee's Image,Raise a Native,Gold Digger,Buckpasser,Broadway,Northern Dancer,South Ocean,Secretariat,Wanika,Hail to Reason,Cosmah,Understanding,Mountain Flower,Nijinsky,シル,セントクレスピン,ミスアシヤガワ,Never Bend,Milan Mill,Ragusa,マタテイナ,Mr. Prospector,K D Princess,Buckpasser,Midway Island
2021100768,ダノンレジェンド,ジョーカルーア,Macho Uno,マイグッドネス,ジョーカプチーノ,ジョーイロンデル,Holy Bull,Primal Force,Storm Cat,Caressing,マンハッタンカフェ,ジョープシケ,クロフネ,ジョーテンオン,Great Above,Sharon Brown,Blushing Groom,Prime Prospect,Storm Bird,Terlingua,Honour and Glory,Lovin Touch,サンデーサイレンス,サトルチェンジ,フサイチコンコルド,ジョーユーチャリス,フレンチデピュティ,ブルーアヴェニュー,サンデーサイレンス,サクラギャル,Minnesota Mac,Ta Wee,Al Hattab,Agathea's Dawn,Red God,Runaway Bride,Mr. Prospector,Square Generation,Northern Dancer,South Ocean,Secretariat,Crimson Saint,Relaunch,Fair to All,Majestic Prince,Forest Princess,Halo,Wishing Well,Law Society,Santa Luciana,Caerleon,バレークイーン,トウショウボーイ,ジョーバブーン,Deputy Minister,Mitterand,Classic Go Go,Eliza Blue,Halo,Wishing Well,ノーザンテースト,シヤダイアンブリー
2022110151,Frosted,Miss Malibu,Tapit,Fast Cookie,Into Mischief,Malibu Pier,Pulpit,Tap Your Heels,Deputy Minister,Fleet Lady,Harlan's Holiday,Leslie's Lady,Malibu Moon,Blue Moon,A.P. Indy,Preach,Unbridled,Ruby Slippers,Vice Regent,Mint Copy,Avenue of Flags,ディアーミミ,Harlan,Christmas in Aiken,Tricky Creek,Crystal Lady,A.P. Indy,Macoumba,Lomitas,To the Rainbow,Seattle Slew,Weekend Surprise,Mr. Prospector,Narrate,Fappiano,Gana Facil,Nijinsky,Moon Glitter,Northern Dancer,Victoria Regina,Bunty's Flight,Shakney,Seattle Slew,Beautiful Glass,Roberto,Carnival Princess,Storm Cat,Country Romance,Affirmed,Dowager,Clever Trick,Battle Creek Girl,Stop the Music,One Last Bird,Seattle Slew,Weekend Surprise,Mr. Prospector,Maximova,Niniski,La Colorada,Rainbow Quest,Trelex
2020110131,Into Mischief,Zapara,Harlan's Holiday,Leslie's Lady,Not for Love,Play all Day,Harlan,Christmas in Aiken,Tricky Creek,Crystal Lady,Mr. Prospector,Dance Number,Steady Growth,Playful Spirit,Storm Cat,Country Romance,Affirmed,Dowager,Clever Trick,Battle Creek Girl,Stop the Music,One Last Bird,Raise a Native,Gold Digger,Northern Dancer,Numbered Account,Briartic,Crelita,Bold Hour,Shy Spirit,Storm Bird,Terlingua,Halo,Sweet Romance,Exclusive Native,Won't Tell You,Honest Pleasure,Princessnesian,Icecapade,Kankakee Miss,His Majesty,Far Beyond,Hail to Reason,Bebopper,One for All,Last Bird,Native Dancer,Raise You,Nashua,Sequence,Nearctic,Natalma,Buckpasser,Intriguing,Nearctic,Sweet Lady Briar,Crepello,Carmelita,Bold Ruler,Seven Thirty,パーソナリティ,Cool Mood
2022110140,Into Mischief,Separationofpowers,Harlan's Holiday,Leslie's Lady,Candy Ride,Shehadmefromhello,Harlan,Christmas in Aiken,Tricky Creek,Crystal Lady,Ride the Rails,Candy Girl,エンパイアメーカー,Lasting Code,Storm Cat,Country Romance,Affirmed,Dowager,Clever Trick,Battle Creek Girl,Stop the Music,One Last Bird,Cryptoclearance,Herbalesian,Candy Stripes,City Girl,Unbridled,Toussaud,Lost Code,Cajun Nite Lady,Storm Bird,Terlingua,Halo,Sweet Romance,Exclusive Native,Won't Tell You,Honest Pleasure,Princessnesian,Icecapade,Kankakee Miss,His Majesty,Far Beyond,Hail to Reason,Bebopper,One for All,Last Bird,Fappiano,Naval Orange,Herbager,Alanesian,Blushing Groom,バブルカンパニー,Farnesio,Cithara,Fappiano,Gana Facil,El Gran Senor,Image of Reality,Codex,Loss Or Gain,オジジアン,Lady Hardwick
2018101739,ディープインパクト,ケイアイガーベラ,サンデーサイレンス,ウインドインハーヘア,Smarty Jones,アンナステルツ,Halo,Wishing Well,Alzao,Burghclere,Elusive Quality,I'll Get Along,Danzig,Edge,Hail to Reason,Cosmah,Understanding,Mountain Flower,Lyphard,Lady Rebecca,Busted,Highclere,Gone West,Touch of Greatness,Smile,Dont Worry Bout Me,Northern Dancer,Pas de Nom,Damascus,Ponte Vecchio,Turn-to,Nothirdchance,Cosmic Bomb,Almahmoud,Promised Land,Pretty Ways,Montparnasse,Edelweiss,Northern Dancer,Goofed,Sir Ivor,Pocahontas,Crepello,Sans le Sou,Queen's Hussar,Highlight,Mr. Prospector,Secrettame,Hero's Honor,Ivory Wand,In Reality,Sunny Smile,Foolish Pleasure,Stolen Base,Nearctic,Natalma,Admiral's Voyage,Petitioner,Sword Dancer,Kerala,Round Table,Terentia
2021105387,ドレフォン,アンデスクイーン,Gio Ponti,Eltimaas,タートルボウル,レイナカスターニャ,Tale of the Cat,Chipeta Springs,Ghostzapper,Najecam,Dyhim Diamond,Clara Bow,キングカメハメハ,ナスカ,Storm Cat,Yarn,Alydar,Salt Spring,Awesome Again,Baby Zip,Trempolino,Sue Warner,Night Shift,Happy Landing,Top Ville,Kamiya,Kingmambo,マンファス,サンデーサイレンス,アンデスレディー,Storm Bird,Terlingua,Mr. Prospector,Narrate,Raise a Native,Sweet Tooth,Salt Marsh,Jungle Mythologic,Deputy Minister,Primal Force,Relaunch,Thirty Zip,Sharpen Up,Trephine,Forli,Bitty Girl,Northern Dancer,Ciboulette,Homing,Laughing Goddess,High Top,Sega Ville,Kalamoun,Shahinaaz,Mr. Prospector,Miesque,ラストタイクーン,Pilot Bird,Halo,Wishing Well,ノーザンテースト,ペルースポート
2020100168,ドレフォン,ポプラ,Gio Ponti,Eltimaas,Frankel,ハーフムーン,Tale of the Cat,Chipeta Springs,Ghostzapper,Najecam,Galileo,Kind,Duke of Marmalade,Quarter moon,Storm Cat,Yarn,Alydar,Salt Spring,Awesome Again,Baby Zip,Trempolino,Sue Warner,Sadler's Wells,Urban Sea,デインヒル,Rainbow Lake,デインヒル,Love Me True,Sadler's Wells,Jude,Storm Bird,Terlingua,Mr. Prospector,Narrate,Raise a Native,Sweet Tooth,Salt Marsh,Jungle Mythologic,Deputy Minister,Primal Force,Relaunch,Thirty Zip,Sharpen Up,Trephine,Forli,Bitty Girl,Northern Dancer,Fairy Bridge,Miswaki,Allegretta,Danzig,Razyana,Rainbow Quest,Rockfest,Danzig,Razyana,Kingmambo,Lassie's Lady,Northern Dancer,Fairy Bridge,Darshaan,Alruccaba
2022101543,ベストウォーリア,メリーウェザー,マジェスティックウォリアー,フラーテイシャスミス,メジロベイリー,パシフィックベル,A.P. Indy,Dream Supreme,Mr. Greeley,Seductive Smile,サンデーサイレンス,レールデュタン,アフリート,ザスキート,Seattle Slew,Weekend Surprise,Seeking the Gold,Spinning Round,Gone West,Long Legend,Silver Hawk,Exit Smiling,Halo,Wishing Well,マルゼンスキー,ケイツナミ,Mr. Prospector,Polite Lady,Nureyev,Shoot a Line,Bold Reasoning,My Charmer,Secretariat,Lassie Dear,Mr. Prospector,Con Game,Dixieland Band,Take Heart,Mr. Prospector,Secrettame,Reviewer,Lianga,Roberto,Gris Vitesse,Stage Door Johnny,Chandelier,Hail to Reason,Cosmah,Understanding,Mountain Flower,Nijinsky,シル,ラディガ,ハイビスカス,Raise a Native,Gold Digger,Venetian Jester,Friendly Ways,Northern Dancer,Special,High Line,Death Ray
2022103962,ダイワメジャー,ルリオン,サンデーサイレンス,スカーレットブーケ,キングカメハメハ,クロスウォーター,Halo,Wishing Well,ノーザンテースト,スカーレットインク,Kingmambo,マンファス,Storm Cat,Bay Harbor,Hail to Reason,Cosmah,Understanding,Mountain Flower,Northern Dancer,Lady Victoria,Crimson Satan,Consentida,Mr. Prospector,Miesque,ラストタイクーン,Pilot Bird,Storm Bird,Terlingua,フォーティナイナー,Harbor Springs,Turn-to,Nothirdchance,Cosmic Bomb,Almahmoud,Promised Land,Pretty Ways,Montparnasse,Edelweiss,Nearctic,Natalma,Victoria Park,Lady Angela,Spy Song,Papila,Beau Max,La Menina,Raise a Native,Gold Digger,Nureyev,Pasadoble,トライマイベスト,Mill Princess,Blakeney,The Dancer,Northern Dancer,South Ocean,Secretariat,Crimson Saint,Mr. Prospector,File,Vice Regent,Tinnitus
2022106453,モーニン,チェインブラッド,ヘニーヒューズ,Giggly,マンハッタンカフェ,ナスキ,ヘネシー,Meadow Flyer,Distorted Humor,Chaste,サンデーサイレンス,サトルチェンジ,Nashwan,Calpella,Storm Cat,Island Kitty,Meadowlake,Shortley,フォーティナイナー,Danzig's Beauty,Cozzene,Purity,Halo,Wishing Well,Law Society,Santa Luciana,Blushing Groom,Height of Fashion,Ajdal,Calandra,Storm Bird,Terlingua,Hawaii,T. C. Kitten,Hold Your Peace,Suspicious Native,Hagley,Short Winded,Mr. Prospector,File,Danzig,Sweetest Chant,Caro,Ride the Trails,Fappiano,Dame Mysterieuse,Hail to Reason,Cosmah,Understanding,Mountain Flower,Alleged,Bold Bikini,Luciano,Suleika,Red God,Runaway Bride,Bustino,Highclere,Northern Dancer,Native Partner,Sir Ivor,Intrepid Lady
2022106699,モーニン,スルーレート,ヘニーヒューズ,Giggly,フレンチデピュティ,スルーオール,ヘネシー,Meadow Flyer,Distorted Humor,Chaste,Deputy Minister,Mitterand,Seattle Slew,Over All,Storm Cat,Island Kitty,Meadowlake,Shortley,フォーティナイナー,Danzig's Beauty,Cozzene,Purity,Vice Regent,Mint Copy,Hold Your Peace,Laredo Lass,Bold Reasoning,My Charmer,Mr. Prospector,Full Tigress,Storm Bird,Terlingua,Hawaii,T. C. Kitten,Hold Your Peace,Suspicious Native,Hagley,Short Winded,Mr. Prospector,File,Danzig,Sweetest Chant,Caro,Ride the Trails,Fappiano,Dame Mysterieuse,Northern Dancer,Victoria Regina,Bunty's Flight,Shakney,Speak John,Blue Moon,Bold Ruler,Fortunate Isle,Boldnesian,Reason to Earn,Poker,Fair Charmer,Raise a Native,Gold Digger,El Tigre Grande,Miss Fullhouse
2022100018,サートゥルナーリア,エピストロフィー,ロードカナロア,シーザリオ,Charm Spirit,Cheriearch,キングカメハメハ,レディブラッサム,スペシャルウィーク,キロフプリミエール,Invincible Spirit,L'Enjoleuse,Arch,Cherish Destiny,Kingmambo,マンファス,Storm Cat,サラトガデュー,サンデーサイレンス,キャンペンガール,Sadler's Wells,Querida,Green Desert,Rafha,モンジュー,Machaera,Kris S.,Aurora,Grand Slam,Silver Hiawatha,Mr. Prospector,Miesque,ラストタイクーン,Pilot Bird,Storm Bird,Terlingua,Cormorant,Super Luna,Halo,Wishing Well,マルゼンスキー,レディーシラオキ,Northern Dancer,Fairy Bridge,Habitat,Principia,Danzig,Foreign Courier,Kris,Eljazzi,Sadler's Wells,Floripedes,Machiavellian,Somfas,Roberto,Sharp Queen,Danzig,Althea,Gone West,Bright Candles,Silver Buck,Seminole Girl
2020103189,リアルスティール,アイリッシュシー,ディープインパクト,ラヴズオンリーミー,Galileo,Fire Lily,サンデーサイレンス,ウインドインハーヘア,Storm Cat,Monevassia,Sadler's Wells,Urban Sea,Dansili,Beauty Is Truth,Halo,Wishing Well,Alzao,Burghclere,Storm Bird,Terlingua,Mr. Prospector,Miesque,Northern Dancer,Fairy Bridge,Miswaki,Allegretta,デインヒル,Hasili,Pivotal,Zelding,Hail to Reason,Cosmah,Understanding,Mountain Flower,Lyphard,Lady Rebecca,Busted,Highclere,Northern Dancer,South Ocean,Secretariat,Crimson Saint,Raise a Native,Gold Digger,Nureyev,Pasadoble,Nearctic,Natalma,Bold Reason,Special,Mr. Prospector,Hopespringseternal,Lombard,Anatevka,Danzig,Razyana,Kahyasi,Kerali,Polar Falcon,Fearless Revival,ウォーニング,Zelda
2021101431,ラブリーデイ,フィリス,キングカメハメハ,ポップコーンジャズ,アフリート,フィラストリート,Kingmambo,マンファス,ダンスインザダーク,グレイスルーマー,Mr. Prospector,Polite Lady,Cozzene,Phydilla,Mr. Prospector,Miesque,ラストタイクーン,Pilot Bird,サンデーサイレンス,ダンシングキイ,トニービン,ディスクジョッキー,Raise a Native,Gold Digger,Venetian Jester,Friendly Ways,Caro,Ride the Trails,Lyphard,Godzilla,Raise a Native,Gold Digger,Nureyev,Pasadoble,トライマイベスト,Mill Princess,Blakeney,The Dancer,Halo,Wishing Well,Nijinsky,Key Partner,カンパラ,Severn Bridge,リアルシャダイ,シャダイチャッター,Native Dancer,Raise You,Nashua,Sequence,Tom Fool,Venice,Green Ticket,Ways to Learn,フォルティノ,Chambord,Prince John,Wildwook,Northern Dancer,Goofed,Gyr,Gently
2018101592,エイシンヒカリ,スナークスズラン,ディープインパクト,キャタリナ,ダンシングブレーヴ,フリートレガッタ,サンデーサイレンス,ウインドインハーヘア,Storm Cat,Carolina Saga,Lyphard,Navajo Princess,リアルシャダイ,ダイナフリート,Halo,Wishing Well,Alzao,Burghclere,Storm Bird,Terlingua,Caro,Key to the Saga,Northern Dancer,Goofed,Drone,Olmec,Roberto,Desert Vixen,エルセンタウロ,ロイヤルレジナ,Hail to Reason,Cosmah,Understanding,Mountain Flower,Lyphard,Lady Rebecca,Busted,Highclere,Northern Dancer,South Ocean,Secretariat,Crimson Saint,フォルティノ,Chambord,Key to the Mint,Sea Saga,Nearctic,Natalma,Court Martial,Barra,Sir Gaylord,Cap and Bells,Pago Pago,Chocolate Beau,Hail to Reason,Bramalea,In Reality,Desert Trial,Sideral,Planetaria,Fleet Nasrullah,Fine Catch
2020102881,パドトロワ,シンデレラロマンス,スウェプトオーヴァーボード,グランパドドゥ,Elusive Quality,シンディ,エンドスウィープ,Sheer Ice,フジキセキ,スターバレリーナ,Gone West,Touch of Greatness,A.P. Indy,Dance Design,フォーティナイナー,Broom Dance,Cutlass,Hey Dolly A.,サンデーサイレンス,ミルレーサー,Risen Star,ベリアーニ,Mr. Prospector,Secrettame,Hero's Honor,Ivory Wand,Seattle Slew,Weekend Surprise,Sadler's Wells,Elegance in Design,Mr. Prospector,File,Dance Spell,Witching Hour,Damascus,Aphonia,Ambehaving,Swift Deal,Halo,Wishing Well,Le Fabuleux,Marston's Mill,Secretariat,Ribbon,Nureyev,Eleven Pleasures,Raise a Native,Gold Digger,Secretariat,Tamerett,Northern Dancer,Glowing Tribute,Sir Ivor,Natashka,Bold Reasoning,My Charmer,Secretariat,Lassie Dear,Northern Dancer,Fairy Bridge,Habitat,Areola
2021105971,ドレフォン,プントバンコ,Gio Ponti,Eltimaas,フジキセキ,ポリーズフリート,Tale of the Cat,Chipeta Springs,Ghostzapper,Najecam,サンデーサイレンス,ミルレーサー,アフリート,Polly's Harde,Storm Cat,Yarn,Alydar,Salt Spring,Awesome Again,Baby Zip,Trempolino,Sue Warner,Halo,Wishing Well,Le Fabuleux,Marston's Mill,Mr. Prospector,Polite Lady,Lyphard,Polly's Girl,Storm Bird,Terlingua,Mr. Prospector,Narrate,Raise a Native,Sweet Tooth,Salt Marsh,Jungle Mythologic,Deputy Minister,Primal Force,Relaunch,Thirty Zip,Sharpen Up,Trephine,Forli,Bitty Girl,Hail to Reason,Cosmah,Understanding,Mountain Flower,Wild Risk,Anguar,In Reality,Millicent,Raise a Native,Gold Digger,Venetian Jester,Friendly Ways,Northern Dancer,Goofed,Hard Tack,Polly Macaw
2021100639,ドレフォン,アカカホール,Gio Ponti,Eltimaas,ダイワメジャー,フォーティカラーズ,Tale of the Cat,Chipeta Springs,Ghostzapper,Najecam,サンデーサイレンス,スカーレットブーケ,フォーティナイナー,ダンジグカラーズ,Storm Cat,Yarn,Alydar,Salt Spring,Awesome Again,Baby Zip,Trempolino,Sue Warner,Halo,Wishing Well,ノーザンテースト,スカーレットインク,Mr. Prospector,File,Danzig,Winning Colors,Storm Bird,Terlingua,Mr. Prospector,Narrate,Raise a Native,Sweet Tooth,Salt Marsh,Jungle Mythologic,Deputy Minister,Primal Force,Relaunch,Thirty Zip,Sharpen Up,Trephine,Forli,Bitty Girl,Hail to Reason,Cosmah,Understanding,Mountain Flower,Northern Dancer,Lady Victoria,Crimson Satan,Consentida,Raise a Native,Gold Digger,Tom Rolfe,Continue,Northern Dancer,Pas de Nom,Caro,All Rainbows
2020103697,サトノアラジン,レジェンドトレイル,ディープインパクト,マジックストーム,フレンチデピュティ,ハッピートレイルズ,サンデーサイレンス,ウインドインハーヘア,Storm Cat,Foppy Dancer,Deputy Minister,Mitterand,ポツセ,ロイコン,Halo,Wishing Well,Alzao,Burghclere,Storm Bird,Terlingua,Fappiano,Water Dance,Vice Regent,Mint Copy,Hold Your Peace,Laredo Lass,Forli,In Hot Pursuit,High Top,Madelon,Hail to Reason,Cosmah,Understanding,Mountain Flower,Lyphard,Lady Rebecca,Busted,Highclere,Northern Dancer,South Ocean,Secretariat,Crimson Saint,Mr. Prospector,Killaloe,Nijinsky,Luiana,Northern Dancer,Victoria Regina,Bunty's Flight,Shakney,Speak John,Blue Moon,Bold Ruler,Fortunate Isle,Aristophanes,Trevisa,Bold Ruler,Lady Be Good,Derring-Do,Camenae,セントクレスピン,Azurine
2022109038,マクフィ,リキサンエルピーダ,Dubawi,Dhelaal,ネオユニヴァース,リキサンピュアティ,Dubai Millennium,Zomaradah,Green Desert,Irish Valley,サンデーサイレンス,ポインテッドパス,トニービン,プリンセスリーベ,Seeking the Gold,Colorado Dancer,Deploy,Jawaher,Danzig,Foreign Courier,Irish River,Green Valley,Halo,Wishing Well,Kris,Silken Way,カンパラ,Severn Bridge,ノーザンテースト,プリンセスデリーデ,Mr. Prospector,Con Game,Shareef Dancer,Fall Aspen,Shirley Heights,Slightly Dangerous,ダンシングブレーヴ,High Tern,Northern Dancer,Pas de Nom,Sir Ivor,Courtly Dee,Riverman,Irish Star,Val de Loir,Sly Pola,Hail to Reason,Cosmah,Understanding,Mountain Flower,Sharpen Up,Doubly Sure,Shantung,Boulevard,Kalamoun,State Pension,Hornbeam,Priddy Fair,Northern Dancer,Lady Victoria,Vaguely Noble,Flashy
2021103287,シルバーステート,ルックアミリオン,ディープインパクト,シルヴァースカヤ,フレンチデピュティ,ファストフレンド,サンデーサイレンス,ウインドインハーヘア,Silver Hawk,Boubskaia,Deputy Minister,Mitterand,アイネスフウジン,ザラストワード,Halo,Wishing Well,Alzao,Burghclere,Roberto,Gris Vitesse,Niniski,Frenetique,Vice Regent,Mint Copy,Hold Your Peace,Laredo Lass,シーホーク,テスコパール,ノーザンテースト,グロリアウエーブ,Hail to Reason,Cosmah,Understanding,Mountain Flower,Lyphard,Lady Rebecca,Busted,Highclere,Hail to Reason,Bramalea,Amerigo,Matchiche,Nijinsky,Virginia Hills,Tyrant,Femina,Northern Dancer,Victoria Regina,Bunty's Flight,Shakney,Speak John,Blue Moon,Bold Ruler,Fortunate Isle,Herbager,Sea Nymph,テスコボーイ,ムツミパール,Northern Dancer,Lady Victoria,シルバーシャーク,ブルーウェーブ
2020107095,イスラボニータ,ラベンダーメモリー,フジキセキ,イスラコジーン,ナカヤマフェスタ,ケイアイステルス,サンデーサイレンス,ミルレーサー,Cozzene,Isla Mujeres,ステイゴールド,ディアウィンク,マヤノトップガン,コガネパーク,Halo,Wishing Well,Le Fabuleux,Marston's Mill,Caro,Ride the Trails,Crafty Prospector,Lido Isle,サンデーサイレンス,ゴールデンサッシュ,タイトスポット,セイレイ,ブライアンズタイム,アルプミープリーズ,イルドブルボン,デイオブレコニング,Hail to Reason,Cosmah,Understanding,Mountain Flower,Wild Risk,Anguar,In Reality,Millicent,フォルティノ,Chambord,Prince John,Wildwook,Mr. Prospector,Real Crafty Lady,Far North,She Is Gorgeous,Halo,Wishing Well,ディクタス,ダイナサッシュ,His Majesty,Premium Win,デインヒル,センスオブリズム,Roberto,Kelley's Day,Blushing Groom,Swiss,Nijinsky,Roseliere,Busted,Atonement
2022104627,マジェスティックウォリアー,アンソロジー,A.P. Indy,Dream Supreme,サクラバクシンオー,ポップス,Seattle Slew,Weekend Surprise,Seeking the Gold,Spinning Round,サクラユタカオー,サクラハゴロモ,サンデーサイレンス,ポップシンガー,Bold Reasoning,My Charmer,Secretariat,Lassie Dear,Mr. Prospector,Con Game,Dixieland Band,Take Heart,テスコボーイ,アンジェリカ,ノーザンテースト,クリアアンバー,Halo,Wishing Well,Secretariat,Icy Pop,Boldnesian,Reason to Earn,Poker,Fair Charmer,Bold Ruler,Somethingroyal,Buckpasser,Gay Missile,Raise a Native,Gold Digger,Buckpasser,Broadway,Northern Dancer,Mississippi Mud,Secretariat,Deck Stewardess,Princely Gift,Suncourt,ネヴァービート,スターハイネス,Northern Dancer,Lady Victoria,Ambiopoise,One Clear Call,Hail to Reason,Cosmah,Understanding,Mountain Flower,Bold Ruler,Somethingroyal,Icecapade,Calaki
