,peds_0,peds_1,peds_2,peds_3,peds_4,peds_5,peds_6,peds_7,peds_8,peds_9,peds_10,peds_11,peds_12,peds_13,peds_14,peds_15,peds_16,peds_17,peds_18,peds_19,peds_20,peds_21,peds_22,peds_23,peds_24,peds_25,peds_26,peds_27,peds_28,peds_29,peds_30,peds_31,peds_32,peds_33,peds_34,peds_35,peds_36,peds_37,peds_38,peds_39,peds_40,peds_41,peds_42,peds_43,peds_44,peds_45,peds_46,peds_47,peds_48,peds_49,peds_50,peds_51,peds_52,peds_53,peds_54,peds_55,peds_56,peds_57,peds_58,peds_59,peds_60,peds_61
2023106284,キズナ,サリエル,ディープインパクト,キャットクイル,キングカメハメハ,シンコウノビー,サンデーサイレンス,ウインドインハーヘア,Storm Cat,Pacific Princess,Kingmambo,マンファス,Nashwan,Christabelle,Halo,Wishing Well,Alzao,Burghclere,Storm Bird,Terlingua,Damascus,Fiji,Mr. Prospector,Miesque,ラストタイクーン,Pilot Bird,Blushing Groom,Height of Fashion,Northern Dancer,Where You Lead,Hail to Reason,Cosmah,Understanding,Mountain Flower,Lyphard,Lady Rebecca,Busted,Highclere,Northern Dancer,South Ocean,Secretariat,Crimson Saint,Sword Dancer,Kerala,Acropolis,Rififi,Raise a Native,Gold Digger,Nureyev,Pasadoble,トライマイベスト,Mill Princess,Blakeney,The Dancer,Red God,Runaway Bride,Bustino,Highclere,Nearctic,Natalma,Raise a Native,Noblesse
2023103517,マインドユアビスケッツ,ファビュラスギフト,Posse,Jazzmane,エイシンフラッシュ,ファビュラスセンス,Silver Deputy,Raska,Toccet,Alljazz,キングズベスト,ムーンレディ,グラスワンダー,ファビラスターン,Deputy Minister,Silver Valley,Rahy,Borishka,Awesome Again,Cozzene's Angel,Stop the Music,Bounteous,Kingmambo,Allegretta,Platini,Midnight Fever,Silver Hawk,Ameriflora,サンデーサイレンス,カッティングエッジ,Vice Regent,Mint Copy,Mr. Prospector,Seven Valleys,Blushing Groom,Glorious Song,Roberto,Queen Maud,Deputy Minister,Primal Force,Cozzene,Charming Pan,Hail to Reason,Bebopper,Master Derby,Mlle. Quille,Mr. Prospector,Miesque,Lombard,Anatevka,Surumu,Prairie Darling,Sure Blade,Majoritat,Roberto,Gris Vitesse,Danzig,Graceful Touch,Halo,Wishing Well,ファバージ,メルドスポート
2023107521,Practical Joke,Voodoo Economics,Into Mischief,Halo Humor,Strong Mandate,Ridingwiththedevil,Harlan's Holiday,Leslie's Lady,Distorted Humor,Gilded Halo,Tiznow,Clear Mandate,Candy Ride,One Charming Devil,Harlan,Christmas in Aiken,Tricky Creek,Crystal Lady,フォーティナイナー,Danzig's Beauty,Gilded Time,Careless Halo,Cee's Tizzy,Cee's Song,Deputy Minister,Dream Deal,Ride the Rails,Candy Girl,Devil His Due,Enduring Charm,Storm Cat,Country Romance,Affirmed,Dowager,Clever Trick,Battle Creek Girl,Stop the Music,One Last Bird,Mr. Prospector,File,Danzig,Sweetest Chant,Timeless Moment,Gilded Lilly,Sunny's Halo,Careless Moment,Relaunch,テイズリー,Seattle Song,Lonely Dancer,Vice Regent,Mint Copy,Sharpen Up,Likely Exchange,Cryptoclearance,Herbalesian,Candy Stripes,City Girl,Devil's Bag,Plenty O'Toole,Batonnier,Enduring Classic
2023102661,ダノンプレミアム,タナノフローラ,ディープインパクト,インディアナギャル,ルーラーシップ,スマイリングムーン,サンデーサイレンス,ウインドインハーヘア,Intikhab,Genial Jenny,キングカメハメハ,エアグルーヴ,フジキセキ,スプレッドスマイル,Halo,Wishing Well,Alzao,Burghclere,Red Ransom,Crafty Example,デインヒル,Joma Kaanem,Kingmambo,マンファス,トニービン,ダイナカール,サンデーサイレンス,ミルレーサー,Bianconi,Horah,Hail to Reason,Cosmah,Understanding,Mountain Flower,Lyphard,Lady Rebecca,Busted,Highclere,Roberto,アラビア,Crafty Prospector,Zienelle,Danzig,Razyana,Double Form,Ash Lawn,Mr. Prospector,Miesque,ラストタイクーン,Pilot Bird,カンパラ,Severn Bridge,ノーザンテースト,シャダイフェザー,Halo,Wishing Well,Le Fabuleux,Marston's Mill,Danzig,Fall Aspen,ミシエロ,Dance Or Prance
2023101500,ジャスタウェイ,キタノオドリコ,ハーツクライ,シビル,エスポワールシチー,ブライドウッド,サンデーサイレンス,アイリッシュダンス,Wild Again,シャロン,ゴールドアリュール,エミネントシチー,Danzig,Braiswick,Halo,Wishing Well,トニービン,ビューパーダンス,Icecapade,Bushel-n-Peck,Mo Exception,Double Wiggle,サンデーサイレンス,ニキーヤ,ブライアンズタイム,ヘップバーンシチー,Northern Dancer,Pas de Nom,King of Spain,Laughing Girl,Hail to Reason,Cosmah,Understanding,Mountain Flower,カンパラ,Severn Bridge,Lyphard,My Bupers,Nearctic,Shenanigans,Khaled,Dama,Hard Work,With Exception,Sir Wiggle,Blue Double,Halo,Wishing Well,Nureyev,Reluctant Guest,Roberto,Kelley's Day,ブレイヴェストローマン,コンパルシチー,Nearctic,Natalma,Admiral's Voyage,Petitioner,フィリップオブスペイン,Sovereign Sails,Sassafras,Violetta
2023100452,エスポワールシチー,ツクバエルドラド,ゴールドアリュール,エミネントシチー,El Corredor,ファーストバイオリン,サンデーサイレンス,ニキーヤ,ブライアンズタイム,ヘップバーンシチー,Mr. Greeley,Silvery Swan,Dixieland Band,Sunrise Symphony,Halo,Wishing Well,Nureyev,Reluctant Guest,Roberto,Kelley's Day,ブレイヴェストローマン,コンパルシチー,Gone West,Long Legend,Silver Deputy,Sociable Duck,Northern Dancer,Mississippi Mud,Secretariat,Wimbledon Star,Hail to Reason,Cosmah,Understanding,Mountain Flower,Northern Dancer,Special,Hostage,Vaguely Royal,Hail to Reason,Bramalea,Graustark,Golden Trail,Never Bend,Roman Song,トラフィック,リンネス,Mr. Prospector,Secrettame,Reviewer,Lianga,Deputy Minister,Silver Valley,Quack,Unsociable,Nearctic,Natalma,Delta Judge,Sand Buggy,Bold Ruler,Somethingroyal,Hoist the Flag,Chris Evert
2023107378,ゴールドドリーム,クローバーリーフ,ゴールドアリュール,モンヴェール,タニノギムレット,レースウィング,サンデーサイレンス,ニキーヤ,フレンチデピュティ,スペシャルジェイド,ブライアンズタイム,タニノクリスタル,バブルガムフェロー,レース,Halo,Wishing Well,Nureyev,Reluctant Guest,Deputy Minister,Mitterand,Cox's Ridge,Statistic,Roberto,Kelley's Day,クリスタルパレス,タニノシーバード,サンデーサイレンス,バブルカンパニー,Gulch,キーフライヤー,Hail to Reason,Cosmah,Understanding,Mountain Flower,Northern Dancer,Special,Hostage,Vaguely Royal,Vice Regent,Mint Copy,Hold Your Peace,Laredo Lass,Best Turn,Our Martha,Mr. Prospector,Number,Hail to Reason,Bramalea,Graustark,Golden Trail,Caro,Hermieres,Sea-Bird,Flaxen,Halo,Wishing Well,Lyphard,Prodice,Mr. Prospector,Jameela,Nijinsky,Key Partner
2023105353,ナダル,ロゼヤ,Blame,Ascending Angel,Invincible Spirit,Rosanara,Arch,Liable,Pulpit,Solar Colony,Green Desert,Rafha,Sinndar,Rosawa,Kris S.,Aurora,Seeking the Gold,Bound,A.P. Indy,Preach,Pleasant Colony,Meteor Stage,Danzig,Foreign Courier,Kris,Eljazzi,Grand Lodge,Sinntara,Linamix,Rose Quartz,Roberto,Sharp Queen,Danzig,Althea,Mr. Prospector,Con Game,Nijinsky,Special,Seattle Slew,Weekend Surprise,Mr. Prospector,Narrate,His Majesty,Sun Colony,Stage Door Johnny,Northern Meteor,Northern Dancer,Pas de Nom,Sir Ivor,Courtly Dee,Sharpen Up,Doubly Sure,アーテイアス,Border Bounty,Chief's Crown,La Papagena,Lashkari,Sidama,メンデス,Lunadix,ラムタラ,Graphite
2023102317,ルーラーシップ,ボンボンキャスト,キングカメハメハ,エアグルーヴ,ゼンノロブロイ,リターンキャスト,Kingmambo,マンファス,トニービン,ダイナカール,サンデーサイレンス,ローミンレイチェル,ノーザンテースト,リターンバンダム,Mr. Prospector,Miesque,ラストタイクーン,Pilot Bird,カンパラ,Severn Bridge,ノーザンテースト,シャダイフェザー,Halo,Wishing Well,マイニング,One Smart Lady,Northern Dancer,Lady Victoria,Niniski,リターントゥパリ,Raise a Native,Gold Digger,Nureyev,Pasadoble,トライマイベスト,Mill Princess,Blakeney,The Dancer,Kalamoun,State Pension,Hornbeam,Priddy Fair,Northern Dancer,Lady Victoria,ガーサント,パロクサイド,Hail to Reason,Cosmah,Understanding,Mountain Flower,Mr. Prospector,I Pass,Clever Trick,Pia's Lady,Nearctic,Natalma,Victoria Park,Lady Angela,Nijinsky,Virginia Hills,Riverman,Two to Paris
2023109106,グレーターロンドン,ミラノリッチ,ディープインパクト,ロンドンブリッジ,キングカメハメハ,ファイヤーチェリー,サンデーサイレンス,ウインドインハーヘア,ドクターデヴィアス,オールフォーロンドン,Kingmambo,マンファス,Horse Chestnut,Muskoka Command,Halo,Wishing Well,Alzao,Burghclere,Ahonoora,Rose of Jericho,Danzig,Full Card,Mr. Prospector,Miesque,ラストタイクーン,Pilot Bird,Fort Wood,London Wall,Top Command,Victory Songster,Hail to Reason,Cosmah,Understanding,Mountain Flower,Lyphard,Lady Rebecca,Busted,Highclere,Lorenzaccio,Helen Nichols,Alleged,Rose Red,Northern Dancer,Pas de Nom,Damascus,Belle of the Ball,Raise a Native,Gold Digger,Nureyev,Pasadoble,トライマイベスト,Mill Princess,Blakeney,The Dancer,Sadler's Wells,Fall Aspen,Col Pickering,Nalatale,Bold Ruler,Polly Girl,Stratus,Victory Chant
2023105761,ファインニードル,クインズチャパラ,アドマイヤムーン,ニードルクラフト,ロードカナロア,ネネグース,エンドスウィープ,マイケイティーズ,Mark of Esteem,Sharp Point,キングカメハメハ,レディブラッサム,クロフネ,サンスプリング,フォーティナイナー,Broom Dance,サンデーサイレンス,ケイティーズファースト,Darshaan,Homage,ロイヤルアカデミー,Nice Point,Kingmambo,マンファス,Storm Cat,サラトガデュー,フレンチデピュティ,ブルーアヴェニュー,サザンヘイロー,Spring Light,Mr. Prospector,File,Dance Spell,Witching Hour,Halo,Wishing Well,Kris,Katies,Shirley Heights,Delsy,Ajdal,Home Love,Nijinsky,Crimson Saint,Sharpen Up,Alpine Niece,Mr. Prospector,Miesque,ラストタイクーン,Pilot Bird,Storm Bird,Terlingua,Cormorant,Super Luna,Deputy Minister,Mitterand,Classic Go Go,Eliza Blue,Halo,Northern Sea,More Light,Song of Spring
2023106359,タワーオブロンドン,オールアイキャンセイイズワウ,Raven's Pass,スノーパイン,Street Cry,Crown of Jewels,Elusive Quality,Ascutney,Dalakhani,シンコウエルメス,Machiavellian,Helen Street,Half a Year,Fitted Crown,Gone West,Touch of Greatness,Lord at War,Right Word,Darshaan,Daltawa,Sadler's Wells,Doff the Derby,Mr. Prospector,Coup de Folie,Troy,Waterway,Riverman,Six Months Long,Chief's Crown,Close Control,Mr. Prospector,Secrettame,Hero's Honor,Ivory Wand,General,Luna de Miel,Verbatim,Oratorio,Shirley Heights,Delsy,Miswaki,Damana,Northern Dancer,Fairy Bridge,Master Derby,Margarethen,Raise a Native,Gold Digger,Halo,Raise the Standard,Petingo,La Milo,Riverman,Boulevard,Never Bend,River Lady,Northern Dancer,Prime Time,Danzig,Six Crowns,Dunce,Self Control
2023104768,アジアエクスプレス,サンシアトル,ヘニーヒューズ,ランニングボブキャッツ,シンボリクリスエス,ムカラファ,ヘネシー,Meadow Flyer,Running Stag,Backatem,Kris S.,Tee Kay,Deputy Commander,Courtroom Antics,Storm Cat,Island Kitty,Meadowlake,Shortley,Cozzene,Fruhlingstag,Notebook,Deputy's Mistress,Roberto,Sharp Queen,Gold Meridian,Tri Argo,Deputy Minister,Anka Germania,Eighty Below Zero,Showtime Lady,Storm Bird,Terlingua,Hawaii,T. C. Kitten,Hold Your Peace,Suspicious Native,Hagley,Short Winded,Caro,Ride the Trails,Orsini,Revada,Well Decorated,Mobcap,Deputy Minister,River Crossing,Hail to Reason,Bramalea,Princequillo,Bridgework,Seattle Slew,Queen Louie,Tri Jet,Hail Proudly,Vice Regent,Mint Copy,Malinowski,Affaire d'Amour,It's Freezing,Alps,Defense Verdict,Mink and Jeans
2023103612,ニューイヤーズデイ,ロイヤルヴィザージ,Street Cry,Justwhistledixie,ロードカナロア,ロイヤルネックレス,Machiavellian,Helen Street,Dixie Union,General Jeanne,キングカメハメハ,レディブラッサム,シンボリクリスエス,シルバーネックレス,Mr. Prospector,Coup de Folie,Troy,Waterway,Dixieland Band,She's Tops,Honour and Glory,Ahpo Hel,Kingmambo,マンファス,Storm Cat,サラトガデュー,Kris S.,Tee Kay,サンデーサイレンス,シルバードシルク,Raise a Native,Gold Digger,Halo,Raise the Standard,Petingo,La Milo,Riverman,Boulevard,Northern Dancer,Mississippi Mud,Capote,She's a Talent,Relaunch,Fair to All,Mr. Leader,Tiy,Mr. Prospector,Miesque,ラストタイクーン,Pilot Bird,Storm Bird,Terlingua,Cormorant,Super Luna,Roberto,Sharp Queen,Gold Meridian,Tri Argo,Halo,Wishing Well,Fire Dancer,Princess Young
2023103575,クリソベリル,メールデゾレ,ゴールドアリュール,クリソプレーズ,サウスヴィグラス,メイルストローム,サンデーサイレンス,ニキーヤ,エルコンドルパサー,キャサリーンパー,エンドスウィープ,ダーケストスター,シンボリクリスエス,マジックコード,Halo,Wishing Well,Nureyev,Reluctant Guest,Kingmambo,サドラーズギャル,Riverman,Regal Exception,フォーティナイナー,Broom Dance,Star de Naskra,Minnie Riperton,Kris S.,Tee Kay,Lost Code,Beautiful Pet,Hail to Reason,Cosmah,Understanding,Mountain Flower,Northern Dancer,Special,Hostage,Vaguely Royal,Mr. Prospector,Miesque,Sadler's Wells,Glenveagh,Never Bend,River Lady,Ribot,Rajput Princess,Mr. Prospector,File,Dance Spell,Witching Hour,Naskra,Candle Star,Cornish Prince,English Harbor,Roberto,Sharp Queen,Gold Meridian,Tri Argo,Codex,Loss Or Gain,Flying Paster,Album
2023100287,パイロ,ジョーカナチャン,Pulpit,Wild Vision,ロードカナロア,ラッキーダイス,A.P. Indy,Preach,Wild Again,Carol's Wonder,キングカメハメハ,レディブラッサム,ネオユニヴァース,ミスベガス,Seattle Slew,Weekend Surprise,Mr. Prospector,Narrate,Icecapade,Bushel-n-Peck,Pass the Tab,Carols Christmas,Kingmambo,マンファス,Storm Cat,サラトガデュー,サンデーサイレンス,ポインテッドパス,Efisio,Dwingeloo,Bold Reasoning,My Charmer,Secretariat,Lassie Dear,Raise a Native,Gold Digger,Honest Pleasure,State,Nearctic,Shenanigans,Khaled,Dama,Al Hattab,Dantina,Whitesburg,Light Verse,Mr. Prospector,Miesque,ラストタイクーン,Pilot Bird,Storm Bird,Terlingua,Cormorant,Super Luna,Halo,Wishing Well,Kris,Silken Way,Formidable,Eldoret,Dancing Dissident,Thank One's Stars
2023104324,モズアスコット,タガノバトラ,Frankel,India,フレンチデピュティ,ホワイトペッパー,Galileo,Kind,ヘネシー,Misty Hour,Deputy Minister,Mitterand,サンデーサイレンス,レッドチリペッパー,Sadler's Wells,Urban Sea,デインヒル,Rainbow Lake,Storm Cat,Island Kitty,Miswaki,Our Tina Marie,Vice Regent,Mint Copy,Hold Your Peace,Laredo Lass,Halo,Wishing Well,Unbridled,Raise a Carter,Northern Dancer,Fairy Bridge,Miswaki,Allegretta,Danzig,Razyana,Rainbow Quest,Rockfest,Storm Bird,Terlingua,Hawaii,T. C. Kitten,Mr. Prospector,Hopespringseternal,Nijinsky,Java Moon,Northern Dancer,Victoria Regina,Bunty's Flight,Shakney,Speak John,Blue Moon,Bold Ruler,Fortunate Isle,Hail to Reason,Cosmah,Understanding,Mountain Flower,Fappiano,Gana Facil,Dr. Carter,Raise an Heiress
2023103720,キタサンブラック,マドラスチェック,ブラックタイド,シュガーハート,Malibu Moon,Gloat,サンデーサイレンス,ウインドインハーヘア,サクラバクシンオー,オトメゴコロ,A.P. Indy,Macoumba,Mr. Greeley,On Parade,Halo,Wishing Well,Alzao,Burghclere,サクラユタカオー,サクラハゴロモ,ジャッジアンジェルーチ,テイズリー,Seattle Slew,Weekend Surprise,Mr. Prospector,Maximova,Gone West,Long Legend,Storm Cat,My Flag,Hail to Reason,Cosmah,Understanding,Mountain Flower,Lyphard,Lady Rebecca,Busted,Highclere,テスコボーイ,アンジェリカ,ノーザンテースト,クリアアンバー,Honest Pleasure,Victorian Queen,Lyphard,Tizna,Bold Reasoning,My Charmer,Secretariat,Lassie Dear,Raise a Native,Gold Digger,Green Dancer,Baracala,Mr. Prospector,Secrettame,Reviewer,Lianga,Storm Bird,Terlingua,Easy Goer,Personal Ensign
2023104682,ルヴァンスレーヴ,ベルキューズ,シンボリクリスエス,マエストラーレ,ヘニーヒューズ,オーシャンフリート,Kris S.,Tee Kay,ネオユニヴァース,オータムブリーズ,ヘネシー,Meadow Flyer,アフリート,ウインクパール,Roberto,Sharp Queen,Gold Meridian,Tri Argo,サンデーサイレンス,ポインテッドパス,ティンバーカントリー,セプテンバーソング,Storm Cat,Island Kitty,Meadowlake,Shortley,Mr. Prospector,Polite Lady,トニービン,キソティック,Hail to Reason,Bramalea,Princequillo,Bridgework,Seattle Slew,Queen Louie,Tri Jet,Hail Proudly,Halo,Wishing Well,Kris,Silken Way,Woodman,Fall Aspen,リアルシャダイ,ダイナフェアリー,Storm Bird,Terlingua,Hawaii,T. C. Kitten,Hold Your Peace,Suspicious Native,Hagley,Short Winded,Raise a Native,Gold Digger,Venetian Jester,Friendly Ways,カンパラ,Severn Bridge,Caerleon,Idyllic
2023106078,ディープブリランテ,カノア,ディープインパクト,ラヴアンドバブルズ,キングカメハメハ,ノーブルストーン,サンデーサイレンス,ウインドインハーヘア,Loup Sauvage,バブルドリーム,Kingmambo,マンファス,Hussonet,Lace Wing,Halo,Wishing Well,Alzao,Burghclere,Riverman,Louveterie,Akarad,バブルプロスペクター,Mr. Prospector,Miesque,ラストタイクーン,Pilot Bird,Mr. Prospector,Sacahuista,Caerleon,Capo Di Monte,Hail to Reason,Cosmah,Understanding,Mountain Flower,Lyphard,Lady Rebecca,Busted,Highclere,Never Bend,River Lady,Nureyev,Lupe,Labus,Licata,Miswaki,バブルカンパニー,Raise a Native,Gold Digger,Nureyev,Pasadoble,トライマイベスト,Mill Princess,Blakeney,The Dancer,Raise a Native,Gold Digger,Raja Baba,Nalees Flying Flag,Nijinsky,Foreseer,Final Straw,Burghclere
2023100621,ドレフォン,ニカモレイ,Gio Ponti,Eltimaas,More Than Ready,Nicola Lass,Tale of the Cat,Chipeta Springs,Ghostzapper,Najecam,サザンヘイロー,Woodman's Girl,Scenic,Dubai Lass,Storm Cat,Yarn,Alydar,Salt Spring,Awesome Again,Baby Zip,Trempolino,Sue Warner,Halo,Northern Sea,Woodman,Becky Be Good,Sadler's Wells,Idyllic,Bletchingly,Frivolous Lass,Storm Bird,Terlingua,Mr. Prospector,Narrate,Raise a Native,Sweet Tooth,Salt Marsh,Jungle Mythologic,Deputy Minister,Primal Force,Relaunch,Thirty Zip,Sharpen Up,Trephine,Forli,Bitty Girl,Hail to Reason,Cosmah,Northern Dancer,Sea Saga,Mr. Prospector,プレイメイト,Naskra,Good Landing,Northern Dancer,Fairy Bridge,Foolish Pleasure,Where You Lead,Biscay,Coogee,In the Purple,Frivole
2023104408,キズナ,プリカジュール,ディープインパクト,キャットクイル,アーネストリー,シャインリザルト,サンデーサイレンス,ウインドインハーヘア,Storm Cat,Pacific Princess,グラスワンダー,レットルダムール,Victory Gallop,Princess Patti,Halo,Wishing Well,Alzao,Burghclere,Storm Bird,Terlingua,Damascus,Fiji,Silver Hawk,Ameriflora,トニービン,ダイナチャイナ,Cryptoclearance,Victorious Lil,Polish Numbers,Joanie's Princess,Hail to Reason,Cosmah,Understanding,Mountain Flower,Lyphard,Lady Rebecca,Busted,Highclere,Northern Dancer,South Ocean,Secretariat,Crimson Saint,Sword Dancer,Kerala,Acropolis,Rififi,Roberto,Gris Vitesse,Danzig,Graceful Touch,カンパラ,Severn Bridge,ノーザンテースト,アスコツトラップ,Fappiano,Naval Orange,Vice Regent,Glass House,Danzig,Numbered Account,Joanie's Chief,Spunky Princess
2023100902,ダノンスマッシュ,アルバリズム,ロードカナロア,スピニングワイルドキャット,ダイワメジャー,パッションローズ,キングカメハメハ,レディブラッサム,Hard Spun,Hollywood Wildcat,サンデーサイレンス,スカーレットブーケ,アフリート,マヤノクリオネ,Kingmambo,マンファス,Storm Cat,サラトガデュー,Danzig,Turkish Tryst,Kris S.,Miss Wildcatter,Halo,Wishing Well,ノーザンテースト,スカーレットインク,Mr. Prospector,Polite Lady,サクラユタカオー,レディコスマー,Mr. Prospector,Miesque,ラストタイクーン,Pilot Bird,Storm Bird,Terlingua,Cormorant,Super Luna,Northern Dancer,Pas de Nom,Turkoman,Darbyvail,Roberto,Sharp Queen,Mr. Prospector,Elizabeth K.,Hail to Reason,Cosmah,Understanding,Mountain Flower,Northern Dancer,Lady Victoria,Crimson Satan,Consentida,Raise a Native,Gold Digger,Venetian Jester,Friendly Ways,テスコボーイ,アンジェリカ,ノーザンテースト,ロイヤルコスマー
2023100430,ホッコータルマエ,セラフィーヌ,キングカメハメハ,マダムチェロキー,ネオユニヴァース,セニョラージェ,Kingmambo,マンファス,Cherokee Run,アンフォイルド,サンデーサイレンス,ポインテッドパス,Nureyev,Suavite,Mr. Prospector,Miesque,ラストタイクーン,Pilot Bird,Runaway Groom,Cherokee Dame,Unbridled,Bold Foil,Halo,Wishing Well,Kris,Silken Way,Northern Dancer,Special,Alleged,Guinevere's Folly,Raise a Native,Gold Digger,Nureyev,Pasadoble,トライマイベスト,Mill Princess,Blakeney,The Dancer,Blushing Groom,Yonnie Girl,Silver Saber,Dame Francesca,Fappiano,Gana Facil,Bold Forbes,Perfect Foil,Hail to Reason,Cosmah,Understanding,Mountain Flower,Sharpen Up,Doubly Sure,Shantung,Boulevard,Nearctic,Natalma,Forli,Thong,Hoist the Flag,Princess Pout,Round Table,Lodge
2023100715,ゴールドドリーム,ピエナアイリス,ゴールドアリュール,モンヴェール,スウェプトオーヴァーボード,クイーンアイリス,サンデーサイレンス,ニキーヤ,フレンチデピュティ,スペシャルジェイド,エンドスウィープ,Sheer Ice,ダンスインザダーク,セニョラージェ,Halo,Wishing Well,Nureyev,Reluctant Guest,Deputy Minister,Mitterand,Cox's Ridge,Statistic,フォーティナイナー,Broom Dance,Cutlass,Hey Dolly A.,サンデーサイレンス,ダンシングキイ,Nureyev,Suavite,Hail to Reason,Cosmah,Understanding,Mountain Flower,Northern Dancer,Special,Hostage,Vaguely Royal,Vice Regent,Mint Copy,Hold Your Peace,Laredo Lass,Best Turn,Our Martha,Mr. Prospector,Number,Mr. Prospector,File,Dance Spell,Witching Hour,Damascus,Aphonia,Ambehaving,Swift Deal,Halo,Wishing Well,Nijinsky,Key Partner,Northern Dancer,Special,Alleged,Guinevere's Folly
2023100945,フォーウィールドライブ,ディナスティーア,American Pharoah,Funfair,ダイワメジャー,フィリス,Pioneerof the Nile,Littleprincessemma,More Than Ready,Fleuron,サンデーサイレンス,スカーレットブーケ,アフリート,フィラストリート,エンパイアメーカー,Star of Goshen,Yankee Gentleman,Exclusive Rosette,サザンヘイロー,Woodman's Girl,Distant View,Flamboyance,Halo,Wishing Well,ノーザンテースト,スカーレットインク,Mr. Prospector,Polite Lady,Cozzene,Phydilla,Unbridled,Toussaud,Lord at War,Castle Eight,Storm Cat,Key Phrase,Ecliptical,Zetta Jet,Halo,Northern Sea,Woodman,Becky Be Good,Mr. Prospector,Seven Springs,Zilzal,Bridal Wreath,Hail to Reason,Cosmah,Understanding,Mountain Flower,Northern Dancer,Lady Victoria,Crimson Satan,Consentida,Raise a Native,Gold Digger,Venetian Jester,Friendly Ways,Caro,Ride the Trails,Lyphard,Godzilla
2023104990,デクラレーションオブウォー,リーズン,War Front,Tempo West,ロードカナロア,プリームス,Danzig,Starry Dreamer,Rahy,Tempo,キングカメハメハ,レディブラッサム,フジキセキ,レジェンドトレイル,Northern Dancer,Pas de Nom,Rubiano,Lara's Star,Blushing Groom,Glorious Song,Gone West,Terpsichorist,Kingmambo,マンファス,Storm Cat,サラトガデュー,サンデーサイレンス,ミルレーサー,フレンチデピュティ,ハッピートレイルズ,Nearctic,Natalma,Admiral's Voyage,Petitioner,Fappiano,Ruby Slippers,Forli,True Reality,Red God,Runaway Bride,Halo,Ballade,Mr. Prospector,Secrettame,Nijinsky,Glad Rags,Mr. Prospector,Miesque,ラストタイクーン,Pilot Bird,Storm Bird,Terlingua,Cormorant,Super Luna,Halo,Wishing Well,Le Fabuleux,Marston's Mill,Deputy Minister,Mitterand,ポツセ,ロイコン
2023101329,サトノアラジン,ダウンタウンガール,ディープインパクト,マジックストーム,City Zip,Beautiful Moment,サンデーサイレンス,ウインドインハーヘア,Storm Cat,Foppy Dancer,Carson City,Baby Zip,Crusader Sword,Proud Minstrel,Halo,Wishing Well,Alzao,Burghclere,Storm Bird,Terlingua,Fappiano,Water Dance,Mr. Prospector,Blushing Promise,Relaunch,Thirty Zip,Damascus,Copernica,Proud Birdie,Minstrel Lady,Hail to Reason,Cosmah,Understanding,Mountain Flower,Lyphard,Lady Rebecca,Busted,Highclere,Northern Dancer,South Ocean,Secretariat,Crimson Saint,Mr. Prospector,Killaloe,Nijinsky,Luiana,Raise a Native,Gold Digger,Blushing Groom,Summertime Promise,In Reality,Foggy Note,Tri Jet,Sailaway,Sword Dancer,Kerala,Nijinsky,Copper Canyon,Proud Clarion,Bernie Bird,Poona,Tiny Wonder
2023104379,キズナ,ヴォルドニュイ,ディープインパクト,キャットクイル,Sky Mesa,Play Ballado,サンデーサイレンス,ウインドインハーヘア,Storm Cat,Pacific Princess,Pulpit,Caress,Saint Ballado,ピッコロプレイヤー,Halo,Wishing Well,Alzao,Burghclere,Storm Bird,Terlingua,Damascus,Fiji,A.P. Indy,Preach,Storm Cat,La Affirmed,Halo,Ballade,Capote,Family Style,Hail to Reason,Cosmah,Understanding,Mountain Flower,Lyphard,Lady Rebecca,Busted,Highclere,Northern Dancer,South Ocean,Secretariat,Crimson Saint,Sword Dancer,Kerala,Acropolis,Rififi,Seattle Slew,Weekend Surprise,Mr. Prospector,Narrate,Storm Bird,Terlingua,Affirmed,La Mesa,Hail to Reason,Cosmah,Herbager,Miss Swapsco,Seattle Slew,Too Bald,State Dinner,Sharp Kitty
2023104236,アジアエクスプレス,ラガーユミリン,ヘニーヒューズ,ランニングボブキャッツ,フレンチデピュティ,タルゴナイト,ヘネシー,Meadow Flyer,Running Stag,Backatem,Deputy Minister,Mitterand,サンデーサイレンス,ウインドフレスカ,Storm Cat,Island Kitty,Meadowlake,Shortley,Cozzene,Fruhlingstag,Notebook,Deputy's Mistress,Vice Regent,Mint Copy,Hold Your Peace,Laredo Lass,Halo,Wishing Well,Kris S.,Donut Hole,Storm Bird,Terlingua,Hawaii,T. C. Kitten,Hold Your Peace,Suspicious Native,Hagley,Short Winded,Caro,Ride the Trails,Orsini,Revada,Well Decorated,Mobcap,Deputy Minister,River Crossing,Northern Dancer,Victoria Regina,Bunty's Flight,Shakney,Speak John,Blue Moon,Bold Ruler,Fortunate Isle,Hail to Reason,Cosmah,Understanding,Mountain Flower,Roberto,Sharp Queen,Donut King,Really Sumthin
2023107472,アメリカンペイトリオット,モエレサンタマリア,War Front,Life Well Lived,ゴールドヘイロー,ピサノガレー,Danzig,Starry Dreamer,Tiznow,Well Dressed,サンデーサイレンス,ニアーザゴールド,ブライアンズタイム,トロピカルサウンド,Northern Dancer,Pas de Nom,Rubiano,Lara's Star,Cee's Tizzy,Cee's Song,Notebook,Trithenia,Halo,Wishing Well,Seeking the Gold,ニヤー,Roberto,Kelley's Day,Fappiano,Pacific Princess,Nearctic,Natalma,Admiral's Voyage,Petitioner,Fappiano,Ruby Slippers,Forli,True Reality,Relaunch,テイズリー,Seattle Song,Lonely Dancer,Well Decorated,Mobcap,Gold Meridian,Tri Argo,Hail to Reason,Cosmah,Understanding,Mountain Flower,Mr. Prospector,Con Game,Northern Dancer,Far,Hail to Reason,Bramalea,Graustark,Golden Trail,Mr. Prospector,Killaloe,Damascus,Fiji
2023110060,Dawn Approach,Tahlie,New Approach,Hymn Of The Dawn,Rio de La Plata,Tianshan,Galileo,Park Express,Phone Trick,Colonial Debut,Rahy,Express Way,Lahint,Tangshan,Sadler's Wells,Urban Sea,Ahonoora,Matcher,Clever Trick,Over the Phone,Pleasant Colony,Kittihawk Miss,Blushing Groom,Glorious Song,Ahmad,Escaline,Woodman,Count On Bonnie,Zilzal,Manzanares,Northern Dancer,Fairy Bridge,Miswaki,Allegretta,Lorenzaccio,Helen Nichols,Match,Lachine,Icecapade,Kankakee Miss,Finnegan,Prattle,His Majesty,Sun Colony,Alydar,Kittiwake,Red God,Runaway Bride,Halo,Ballade,Good Manners,Azyade,Hawk,Escolastica,Mr. Prospector,プレイメイト,Dancing Count,Buena Notte,Nureyev,French Charmer,Sir Ivor,Queen Louie
2023103151,ゴールドドリーム,アンジェラスキッス,ゴールドアリュール,モンヴェール,Gone West,River Fairy,サンデーサイレンス,ニキーヤ,フレンチデピュティ,スペシャルジェイド,Mr. Prospector,Secrettame,Irish River,Fairy Garden,Halo,Wishing Well,Nureyev,Reluctant Guest,Deputy Minister,Mitterand,Cox's Ridge,Statistic,Raise a Native,Gold Digger,Secretariat,Tamerett,Riverman,Irish Star,Lyphard,Possible Mate,Hail to Reason,Cosmah,Understanding,Mountain Flower,Northern Dancer,Special,Hostage,Vaguely Royal,Vice Regent,Mint Copy,Hold Your Peace,Laredo Lass,Best Turn,Our Martha,Mr. Prospector,Number,Native Dancer,Raise You,Nashua,Sequence,Bold Ruler,Somethingroyal,Tim Tam,Mixed Marriage,Never Bend,River Lady,Klairon,Botany Bay,Northern Dancer,Goofed,King's Bishop,Execution
2023104805,タワーオブロンドン,タイキエイワン,Raven's Pass,スノーパイン,フサイチコンコルド,ヤエノジョオー,Elusive Quality,Ascutney,Dalakhani,シンコウエルメス,Caerleon,バレークイーン,Cure the Blues,リンクスオブゴールド,Gone West,Touch of Greatness,Lord at War,Right Word,Darshaan,Daltawa,Sadler's Wells,Doff the Derby,Nijinsky,Foreseer,Sadler's Wells,Sun Princess,Stop the Music,Quick Cure,Linkage,State Treasure,Mr. Prospector,Secrettame,Hero's Honor,Ivory Wand,General,Luna de Miel,Verbatim,Oratorio,Shirley Heights,Delsy,Miswaki,Damana,Northern Dancer,Fairy Bridge,Master Derby,Margarethen,Northern Dancer,Flaming Page,Round Table,Regal Gleam,Northern Dancer,Fairy Bridge,イングリッシュプリンス,Sunny Valley,Hail to Reason,Bebopper,Dr. Fager,Speedwell,Hoist the Flag,Unity Hall,Secretariat,Diomedia
2023101951,ディスクリートキャット,メイショウツバキ,Forestry,Pretty Discreet,メイショウサムソン,メイショウラグーナ,Storm Cat,Shared Interest,Private Account,Pretty Persuasive,オペラハウス,マイヴィヴィアン,バブルガムフェロー,ウィズストリングス,Storm Bird,Terlingua,Pleasant Colony,Surgery,Damascus,Numbered Account,Believe It,Bury the Hatchet,Sadler's Wells,Colorspin,ダンシングブレーヴ,ウイルプリンセス,サンデーサイレンス,バブルカンパニー,デヒア,Mastina,Northern Dancer,South Ocean,Secretariat,Crimson Saint,His Majesty,Sun Colony,Dr. Fager,Bold Sequence,Sword Dancer,Kerala,Buckpasser,Intriguing,In Reality,Breakfast Bell,Tom Rolfe,Christmas Whishes,Northern Dancer,Fairy Bridge,High Top,Reprocolor,Lyphard,Navajo Princess,サンプリンス,エール,Halo,Wishing Well,Lyphard,Prodice,Deputy Minister,Sister Dot,Gulch,Winter Treasure
2023101231,パイロ,ナリッシュ,Pulpit,Wild Vision,ヘニーヒューズ,アデュラリア,A.P. Indy,Preach,Wild Again,Carol's Wonder,ヘネシー,Meadow Flyer,クロフネ,クロッサンドラ,Seattle Slew,Weekend Surprise,Mr. Prospector,Narrate,Icecapade,Bushel-n-Peck,Pass the Tab,Carols Christmas,Storm Cat,Island Kitty,Meadowlake,Shortley,フレンチデピュティ,ブルーアヴェニュー,フジキセキ,シクレノンビオス,Bold Reasoning,My Charmer,Secretariat,Lassie Dear,Raise a Native,Gold Digger,Honest Pleasure,State,Nearctic,Shenanigans,Khaled,Dama,Al Hattab,Dantina,Whitesburg,Light Verse,Storm Bird,Terlingua,Hawaii,T. C. Kitten,Hold Your Peace,Suspicious Native,Hagley,Short Winded,Deputy Minister,Mitterand,Classic Go Go,Eliza Blue,サンデーサイレンス,ミルレーサー,ノーザンテースト,ファーザークイン
2023105279,ニューイヤーズデイ,ガルデルスリール,Street Cry,Justwhistledixie,ダイワメジャー,バシマー,Machiavellian,Helen Street,Dixie Union,General Jeanne,サンデーサイレンス,スカーレットブーケ,Grand Lodge,Bella Vitessa,Mr. Prospector,Coup de Folie,Troy,Waterway,Dixieland Band,She's Tops,Honour and Glory,Ahpo Hel,Halo,Wishing Well,ノーザンテースト,スカーレットインク,Chief's Crown,La Papagena,Thatching,Burghclere,Raise a Native,Gold Digger,Halo,Raise the Standard,Petingo,La Milo,Riverman,Boulevard,Northern Dancer,Mississippi Mud,Capote,She's a Talent,Relaunch,Fair to All,Mr. Leader,Tiy,Hail to Reason,Cosmah,Understanding,Mountain Flower,Northern Dancer,Lady Victoria,Crimson Satan,Consentida,Danzig,Six Crowns,Habitat,Magic Flute,Thatch,Abella,Busted,Highclere
2023104402,コントレイル,ノイーヴァ,ディープインパクト,ロードクロサイト,Temple City,Malibu Pier,サンデーサイレンス,ウインドインハーヘア,Unbridled's Song,Folklore,Dynaformer,Curriculum,Malibu Moon,Blue Moon,Halo,Wishing Well,Alzao,Burghclere,Unbridled,Trolley Song,Tiznow,Contrive,Roberto,Andover Way,Danzig,Macoumba,A.P. Indy,Macoumba,Lomitas,To the Rainbow,Hail to Reason,Cosmah,Understanding,Mountain Flower,Lyphard,Lady Rebecca,Busted,Highclere,Fappiano,Gana Facil,Caro,Lucky Spell,Cee's Tizzy,Cee's Song,Storm Cat,Jeano,Hail to Reason,Bramalea,His Majesty,On the Trail,Northern Dancer,Pas de Nom,Mr. Prospector,Maximova,Seattle Slew,Weekend Surprise,Mr. Prospector,Maximova,Niniski,La Colorada,Rainbow Quest,Trelex
2023107450,アメリカンペイトリオット,イツノヒカ,War Front,Life Well Lived,アドマイヤムーン,ケイアイリュージン,Danzig,Starry Dreamer,Tiznow,Well Dressed,エンドスウィープ,マイケイティーズ,グルームダンサー,モザーティアナ,Northern Dancer,Pas de Nom,Rubiano,Lara's Star,Cee's Tizzy,Cee's Song,Notebook,Trithenia,フォーティナイナー,Broom Dance,サンデーサイレンス,ケイティーズファースト,Blushing Groom,Featherhill,Nijinsky,Sex Appeal,Nearctic,Natalma,Admiral's Voyage,Petitioner,Fappiano,Ruby Slippers,Forli,True Reality,Relaunch,テイズリー,Seattle Song,Lonely Dancer,Well Decorated,Mobcap,Gold Meridian,Tri Argo,Mr. Prospector,File,Dance Spell,Witching Hour,Halo,Wishing Well,Kris,Katies,Red God,Runaway Bride,Lyphard,Lady Berry,Northern Dancer,Flaming Page,Buckpasser,Best in Show
2023100596,サートゥルナーリア,ベルライン,ロードカナロア,シーザリオ,ダイワメジャー,カリズマティックゴールド,キングカメハメハ,レディブラッサム,スペシャルウィーク,キロフプリミエール,サンデーサイレンス,スカーレットブーケ,カリズマティック,Color of Gold,Kingmambo,マンファス,Storm Cat,サラトガデュー,サンデーサイレンス,キャンペンガール,Sadler's Wells,Querida,Halo,Wishing Well,ノーザンテースト,スカーレットインク,Summer Squall,Bali Babe,Seeking the Gold,Sulemeif,Mr. Prospector,Miesque,ラストタイクーン,Pilot Bird,Storm Bird,Terlingua,Cormorant,Super Luna,Halo,Wishing Well,マルゼンスキー,レディーシラオキ,Northern Dancer,Fairy Bridge,Habitat,Principia,Hail to Reason,Cosmah,Understanding,Mountain Flower,Northern Dancer,Lady Victoria,Crimson Satan,Consentida,Storm Bird,Weekend Surprise,Drone,Polynesian Charm,Mr. Prospector,Con Game,Northern Dancer,Barely Even
2023100986,マテラスカイ,センターグランタス,Speightstown,Mostaqeleh,アグネスタキオン,センターライジング,Gone West,Silken Cat,Rahy,Istiqlal,サンデーサイレンス,アグネスフローラ,ヘクタープロテクター,ダイナオレンジ,Mr. Prospector,Secrettame,Storm Cat,Silken Doll,Blushing Groom,Glorious Song,Diesis,Wasnah,Halo,Wishing Well,ロイヤルスキー,アグネスレディー,Woodman,Korveya,ノーザンテースト,サワーオレンジ,Raise a Native,Gold Digger,Secretariat,Tamerett,Storm Bird,Terlingua,Chieftain,Insilca,Red God,Runaway Bride,Halo,Ballade,Sharpen Up,Doubly Sure,Nijinsky,Highest Trump,Hail to Reason,Cosmah,Understanding,Mountain Flower,Raja Baba,Coz o'Nijinsky,リマンド,イコマエイカン,Mr. Prospector,プレイメイト,Riverman,Konafa,Northern Dancer,Lady Victoria,Delta Judge,Lady Attica
2023100567,バンドワゴン,ハッピーロングラン,ホワイトマズル,ピラミマ,ネオユニヴァース,ハッピーラン,ダンシングブレーヴ,Fair of the Furze,Unbridled's Song,キャリアコレクション,サンデーサイレンス,ポインテッドパス,フレンチデピュティ,カタリスト,Lyphard,Navajo Princess,Ela-Mana-Mou,Autocratic,Unbridled,Trolley Song,General Meeting,River of Stars,Halo,Wishing Well,Kris,Silken Way,Deputy Minister,Mitterand,Sadler's Wells,Welsh Love,Northern Dancer,Goofed,Drone,Olmec,ピットカーン,Rose Bertin,Tyrant,Flight Table,Fappiano,Gana Facil,Caro,Lucky Spell,Seattle Slew,Alydar's Promise,Riverman,Star Fortune,Hail to Reason,Cosmah,Understanding,Mountain Flower,Sharpen Up,Doubly Sure,Shantung,Boulevard,Vice Regent,Mint Copy,Hold Your Peace,Laredo Lass,Northern Dancer,Fairy Bridge,Ela-Mana-Mou,Welsh Flame
2023105738,モズアスコット,グランプリエンゼル,Frankel,India,アグネスデジタル,アンダンテ,Galileo,Kind,ヘネシー,Misty Hour,Crafty Prospector,Chancey Squaw,サンデーサイレンス,ダイナプレリュード,Sadler's Wells,Urban Sea,デインヒル,Rainbow Lake,Storm Cat,Island Kitty,Miswaki,Our Tina Marie,Mr. Prospector,Real Crafty Lady,Chief's Crown,Allicance,Halo,Wishing Well,ノーザンテースト,ダイナリーズン,Northern Dancer,Fairy Bridge,Miswaki,Allegretta,Danzig,Razyana,Rainbow Quest,Rockfest,Storm Bird,Terlingua,Hawaii,T. C. Kitten,Mr. Prospector,Hopespringseternal,Nijinsky,Java Moon,Raise a Native,Gold Digger,In Reality,Princess Roycraft,Danzig,Six Crowns,Alleged,Runaway Bride,Hail to Reason,Cosmah,Understanding,Mountain Flower,Northern Dancer,Lady Victoria,パーソロン,シャダイリーズン
2023104692,ゴールドドリーム,ジュエリーストーム,ゴールドアリュール,モンヴェール,ストーミングホーム,ルビーズアンドダイアモンズ,サンデーサイレンス,ニキーヤ,フレンチデピュティ,スペシャルジェイド,Machiavellian,Try to Catch Me,Singspiel,Truly Special,Halo,Wishing Well,Nureyev,Reluctant Guest,Deputy Minister,Mitterand,Cox's Ridge,Statistic,Mr. Prospector,Coup de Folie,Shareef Dancer,It's in the Air,In the Wings,Glorious Song,Caerleon,Arctique Royale,Hail to Reason,Cosmah,Understanding,Mountain Flower,Northern Dancer,Special,Hostage,Vaguely Royal,Vice Regent,Mint Copy,Hold Your Peace,Laredo Lass,Best Turn,Our Martha,Mr. Prospector,Number,Raise a Native,Gold Digger,Halo,Raise the Standard,Northern Dancer,Sweet Alliance,Mr. Prospector,A Wind Is Rising,Sadler's Wells,High Hawk,Halo,Ballade,Nijinsky,Foreseer,Royal and Regal,Arctic Melody
2023104040,ゴールドドリーム,ベストマティーニ,ゴールドアリュール,モンヴェール,ドリームジャーニー,サウスオブスカイ,サンデーサイレンス,ニキーヤ,フレンチデピュティ,スペシャルジェイド,ステイゴールド,オリエンタルアート,ボストンハーバー,ファーストアクト,Halo,Wishing Well,Nureyev,Reluctant Guest,Deputy Minister,Mitterand,Cox's Ridge,Statistic,サンデーサイレンス,ゴールデンサッシュ,メジロマックイーン,エレクトロアート,Capote,Harbor Springs,Sadler's Wells,Arkadina,Hail to Reason,Cosmah,Understanding,Mountain Flower,Northern Dancer,Special,Hostage,Vaguely Royal,Vice Regent,Mint Copy,Hold Your Peace,Laredo Lass,Best Turn,Our Martha,Mr. Prospector,Number,Halo,Wishing Well,ディクタス,ダイナサッシュ,メジロティターン,メジロオーロラ,ノーザンテースト,グランマスティーヴンス,Seattle Slew,Too Bald,Vice Regent,Tinnitus,Northern Dancer,Fairy Bridge,Ribot,Natashka
2023103848,アポロキングダム,トーアヴィルヌーヴ,Lemon Drop Kid,Bella Gatto,ゴールドアリュール,ローゼズガーランド,Kingmambo,Charming Lassie,Storm Cat,Winter Sparkle,サンデーサイレンス,ニキーヤ,アポインテッドデイ,ミスティーフレンチ,Mr. Prospector,Miesque,Seattle Slew,Lassie Dear,Storm Bird,Terlingua,Northjet,Turn to Talent,Halo,Wishing Well,Nureyev,Reluctant Guest,Red Ransom,Appointed One,フレンチデピュティ,Seeking the Circle,Raise a Native,Gold Digger,Nureyev,Pasadoble,Bold Reasoning,My Charmer,Buckpasser,Gay Missile,Northern Dancer,South Ocean,Secretariat,Crimson Saint,Northfields,Jellatina,Turn-to,Hidden Talent,Hail to Reason,Cosmah,Understanding,Mountain Flower,Northern Dancer,Special,Hostage,Vaguely Royal,Roberto,アラビア,Danzig,Qui Royalty,Deputy Minister,Mitterand,Seeking the Gold,Dusty Gloves
2023100690,インディチャンプ,サンドグロース,ステイゴールド,ウィルパワー,Mr. Greeley,Gentle On My Mind,サンデーサイレンス,ゴールデンサッシュ,キングカメハメハ,トキオリアリティー,Gone West,Long Legend,Sadler's Wells,Ezilla,Halo,Wishing Well,ディクタス,ダイナサッシュ,Kingmambo,マンファス,Meadowlake,What a Reality,Mr. Prospector,Secrettame,Reviewer,Lianga,Northern Dancer,Fairy Bridge,Darshaan,Ezana,Hail to Reason,Cosmah,Understanding,Mountain Flower,Sanctus,Doronic,ノーザンテースト,ロイヤルサッシュ,Mr. Prospector,Miesque,ラストタイクーン,Pilot Bird,Hold Your Peace,Suspicious Native,In Reality,What Will Be,Raise a Native,Gold Digger,Secretariat,Tamerett,Bold Ruler,Broadway,ダンサーズイメージ,Leven Ones,Nearctic,Natalma,Bold Reason,Special,Shirley Heights,Delsy,Ela-Mana-Mou,Evisa
2023105833,ダノンスマッシュ,キープセイク,ロードカナロア,スピニングワイルドキャット,Sea The Stars  Sea the Stars,Suisun,キングカメハメハ,レディブラッサム,Hard Spun,Hollywood Wildcat,Cape Cross,Urban Sea,Monsun,Suivez,Kingmambo,マンファス,Storm Cat,サラトガデュー,Danzig,Turkish Tryst,Kris S.,Miss Wildcatter,Green Desert,Park Appeal,Miswaki,Allegretta,Konigsstuhl,Mosella,Fioravanti,Sea Symphony,Mr. Prospector,Miesque,ラストタイクーン,Pilot Bird,Storm Bird,Terlingua,Cormorant,Super Luna,Northern Dancer,Pas de Nom,Turkoman,Darbyvail,Roberto,Sharp Queen,Mr. Prospector,Elizabeth K.,Danzig,Foreign Courier,Ahonoora,Balidaress,Mr. Prospector,Hopespringseternal,Lombard,Anatevka,Dschingis Khan,Konigskronung,Surumu,Monasia,Northern Dancer,Pitasia,Faraway Son,Southern Seas
2023102998,カリフォルニアクローム,ペイシャフローレス,Lucky Pulpit,Love the Chase,ヴィクトワールピサ,プレザントケイプ,Pulpit,Lucky Soph,Not for Love,Chase It Down,ネオユニヴァース,ホワイトウォーターアフェア,Cape Cross,Felicity,A.P. Indy,Preach,Cozzene,Lucky Spell,Mr. Prospector,Dance Number,Polish Numbers,Chase the Dream,サンデーサイレンス,ポインテッドパス,Machiavellian,Much Too Risky,Green Desert,Park Appeal,Selkirk,Las Flores,Seattle Slew,Weekend Surprise,Mr. Prospector,Narrate,Caro,Ride the Trails,Lucky Mel,Incantation,Raise a Native,Gold Digger,Northern Dancer,Numbered Account,Danzig,Numbered Account,Sir Ivor,La Belle Fleur,Halo,Wishing Well,Kris,Silken Way,Mr. Prospector,Coup de Folie,Bustino,Short Rations,Danzig,Foreign Courier,Ahonoora,Balidaress,Sharpen Up,Annie Edge,Sadler's Wells,Producer
2023102773,ロジャーバローズ,プリティホワイト,ディープインパクト,リトルブック,クロフネ,レディタキオン,サンデーサイレンス,ウインドインハーヘア,Librettist,Cal Norma's Lady,フレンチデピュティ,ブルーアヴェニュー,アグネスタキオン,オースミシャイン,Halo,Wishing Well,Alzao,Burghclere,Danzig,Mysterial,リファーズスペシャル,June Darling,Deputy Minister,Mitterand,Classic Go Go,Eliza Blue,サンデーサイレンス,アグネスフローラ,シンボリルドルフ,コランデアガール,Hail to Reason,Cosmah,Understanding,Mountain Flower,Lyphard,Lady Rebecca,Busted,Highclere,Northern Dancer,Pas de Nom,Alleged,Mysteries,Lyphard,My Bupers,ジュニアス,Beau Darling,Vice Regent,Mint Copy,Hold Your Peace,Laredo Lass,Pago Pago,Classic Perfection,Icecapade,コレラ,Halo,Wishing Well,ロイヤルスキー,アグネスレディー,パーソロン,スイートルナ,ネヴァービート,ヤヨイカマダ
2023105889,ルヴァンスレーヴ,ベリーフ,シンボリクリスエス,マエストラーレ,スペシャルウィーク,ダイアモンドコア,Kris S.,Tee Kay,ネオユニヴァース,オータムブリーズ,サンデーサイレンス,キャンペンガール,ジェイドロバリー,ライフポート,Roberto,Sharp Queen,Gold Meridian,Tri Argo,サンデーサイレンス,ポインテッドパス,ティンバーカントリー,セプテンバーソング,Halo,Wishing Well,マルゼンスキー,レディーシラオキ,Mr. Prospector,Number,ファインポート,マリーノビーチ,Hail to Reason,Bramalea,Princequillo,Bridgework,Seattle Slew,Queen Louie,Tri Jet,Hail Proudly,Halo,Wishing Well,Kris,Silken Way,Woodman,Fall Aspen,リアルシャダイ,ダイナフェアリー,Hail to Reason,Cosmah,Understanding,Mountain Flower,Nijinsky,シル,セントクレスピン,ミスアシヤガワ,Raise a Native,Gold Digger,Nijinsky,Special,シプリアニ,リーデングパート,マリーノ,ヒツトザビーチ
2023103868,ゴールドドリーム,シホノコプント,ゴールドアリュール,モンヴェール,エピファネイア,プントバンコ,サンデーサイレンス,ニキーヤ,フレンチデピュティ,スペシャルジェイド,シンボリクリスエス,シーザリオ,フジキセキ,ポリーズフリート,Halo,Wishing Well,Nureyev,Reluctant Guest,Deputy Minister,Mitterand,Cox's Ridge,Statistic,Kris S.,Tee Kay,スペシャルウィーク,キロフプリミエール,サンデーサイレンス,ミルレーサー,アフリート,Polly's Harde,Hail to Reason,Cosmah,Understanding,Mountain Flower,Northern Dancer,Special,Hostage,Vaguely Royal,Vice Regent,Mint Copy,Hold Your Peace,Laredo Lass,Best Turn,Our Martha,Mr. Prospector,Number,Roberto,Sharp Queen,Gold Meridian,Tri Argo,サンデーサイレンス,キャンペンガール,Sadler's Wells,Querida,Halo,Wishing Well,Le Fabuleux,Marston's Mill,Mr. Prospector,Polite Lady,Lyphard,Polly's Girl
2023102761,シニスターミニスター,スイングサンデー,Old Trieste,Sweet Minister,スペシャルウィーク,スイングバイ,A.P. Indy,Lovlier Linda,The Prime Minister,Sweet Blue,サンデーサイレンス,キャンペンガール,ミルジョージ,オギアルバンシア,Seattle Slew,Weekend Surprise,Vigors,Linda Summers,Deputy Minister,Stick to Beauty,Hurry Up Blue,Sugar Gold,Halo,Wishing Well,マルゼンスキー,レディーシラオキ,Mill Reef,Miss Charisma,コリムスキー,アルバンシア,Bold Reasoning,My Charmer,Secretariat,Lassie Dear,Grey Dawn II,Relifordie,Crozier,Queenly Gift,Vice Regent,Mint Copy,Illustrious,Hail to Beauty,Mr. Leader,Blue Baroness,Mr. Prospector,Miss Ironside,Hail to Reason,Cosmah,Understanding,Mountain Flower,Nijinsky,シル,セントクレスピン,ミスアシヤガワ,Never Bend,Milan Mill,Ragusa,マタテイナ,Northern Dancer,Libro D Oro,アラナス,マイシュンレイ
2023104586,レッドファルクス,ビートザオッズ,スウェプトオーヴァーボード,ベルモット,ロードカナロア,ヴェルジョワーズ,エンドスウィープ,Sheer Ice,サンデーサイレンス,レガシーオブストレングス,キングカメハメハ,レディブラッサム,ネオユニヴァース,ビートリックスキッド,フォーティナイナー,Broom Dance,Cutlass,Hey Dolly A.,Halo,Wishing Well,Affirmed,Katonka,Kingmambo,マンファス,Storm Cat,サラトガデュー,サンデーサイレンス,ポインテッドパス,Victory Note,Laquifan,Mr. Prospector,File,Dance Spell,Witching Hour,Damascus,Aphonia,Ambehaving,Swift Deal,Hail to Reason,Cosmah,Understanding,Mountain Flower,Exclusive Native,Won't Tell You,Minnesota Mac,Minnetonka,Mr. Prospector,Miesque,ラストタイクーン,Pilot Bird,Storm Bird,Terlingua,Cormorant,Super Luna,Halo,Wishing Well,Kris,Silken Way,Fairy King,Three Piece,Lear Fan,ラキオーラ
2023105735,モズアスコット,エナジーハート,Frankel,India,サクラバクシンオー,タガノルビー,Galileo,Kind,ヘネシー,Misty Hour,サクラユタカオー,サクラハゴロモ,サンデーサイレンス,センゴクルビー,Sadler's Wells,Urban Sea,デインヒル,Rainbow Lake,Storm Cat,Island Kitty,Miswaki,Our Tina Marie,テスコボーイ,アンジェリカ,ノーザンテースト,クリアアンバー,Halo,Wishing Well,ハードツービート,クラブィミー,Northern Dancer,Fairy Bridge,Miswaki,Allegretta,Danzig,Razyana,Rainbow Quest,Rockfest,Storm Bird,Terlingua,Hawaii,T. C. Kitten,Mr. Prospector,Hopespringseternal,Nijinsky,Java Moon,Princely Gift,Suncourt,ネヴァービート,スターハイネス,Northern Dancer,Lady Victoria,Ambiopoise,One Clear Call,Hail to Reason,Cosmah,Understanding,Mountain Flower,ハーディカヌート,Virtuous,ヴィミー,ミスリョウゴク
2023100492,ラブリーデイ,ブライティアソラ,キングカメハメハ,ポップコーンジャズ,スピルバーグ,スピリットオブブライティア,Kingmambo,マンファス,ダンスインザダーク,グレイスルーマー,ディープインパクト,プリンセスオリビア,Invincible Spirit,My Brightia,Mr. Prospector,Miesque,ラストタイクーン,Pilot Bird,サンデーサイレンス,ダンシングキイ,トニービン,ディスクジョッキー,サンデーサイレンス,ウインドインハーヘア,Lycius,Dance Image,Green Desert,Rafha,Bellotto,Grey Twig,Raise a Native,Gold Digger,Nureyev,Pasadoble,トライマイベスト,Mill Princess,Blakeney,The Dancer,Halo,Wishing Well,Nijinsky,Key Partner,カンパラ,Severn Bridge,リアルシャダイ,シャダイチャッター,Halo,Wishing Well,Alzao,Burghclere,Mr. Prospector,Lypatia,Sadler's Wells,Diamond Spring,Danzig,Foreign Courier,Kris,Eljazzi,Mr. Prospector,Shelf Talker,Twig Moss,Krusta
2023105882,クリソベリル,サダムグランジュテ,ゴールドアリュール,クリソプレーズ,キングカメハメハ,シーズライクリオ,サンデーサイレンス,ニキーヤ,エルコンドルパサー,キャサリーンパー,Kingmambo,マンファス,Boundary,Leading Rhyme,Halo,Wishing Well,Nureyev,Reluctant Guest,Kingmambo,サドラーズギャル,Riverman,Regal Exception,Mr. Prospector,Miesque,ラストタイクーン,Pilot Bird,Danzig,Edge,Mr. Leader,Gay Sonnet,Hail to Reason,Cosmah,Understanding,Mountain Flower,Northern Dancer,Special,Hostage,Vaguely Royal,Mr. Prospector,Miesque,Sadler's Wells,Glenveagh,Never Bend,River Lady,Ribot,Rajput Princess,Raise a Native,Gold Digger,Nureyev,Pasadoble,トライマイベスト,Mill Princess,Blakeney,The Dancer,Northern Dancer,Pas de Nom,Damascus,Ponte Vecchio,Hail to Reason,Jolie Deja,Sailor,Gay Rig
2023105019,ドレフォン,ノーチラス,Gio Ponti,Eltimaas,オルフェーヴル,マルヴァーンスプリング,Tale of the Cat,Chipeta Springs,Ghostzapper,Najecam,ステイゴールド,オリエンタルアート,Silver Deputy,Chelsey Flower,Storm Cat,Yarn,Alydar,Salt Spring,Awesome Again,Baby Zip,Trempolino,Sue Warner,サンデーサイレンス,ゴールデンサッシュ,メジロマックイーン,エレクトロアート,Deputy Minister,Silver Valley,His Majesty,Chelsey Dancer,Storm Bird,Terlingua,Mr. Prospector,Narrate,Raise a Native,Sweet Tooth,Salt Marsh,Jungle Mythologic,Deputy Minister,Primal Force,Relaunch,Thirty Zip,Sharpen Up,Trephine,Forli,Bitty Girl,Halo,Wishing Well,ディクタス,ダイナサッシュ,メジロティターン,メジロオーロラ,ノーザンテースト,グランマスティーヴンス,Vice Regent,Mint Copy,Mr. Prospector,Seven Valleys,Ribot,Flower Bowl,Affirmed,Chelseanna
2023103614,ブリックスアンドモルタル,ロマンシングジェム,Giant's Causeway,Beyond the Waves,アグネスタキオン,ルビー,Storm Cat,Mariah's Storm,Ocean Crest,Excedent,サンデーサイレンス,アグネスフローラ,デインヒル,Offshore Boom,Storm Bird,Terlingua,Rahy,イメンス,Storm Bird,S.S.Aroma,Exceller,Broadway Lullaby,Halo,Wishing Well,ロイヤルスキー,アグネスレディー,Danzig,Razyana,Be My Guest,Push a Button,Northern Dancer,South Ocean,Secretariat,Crimson Saint,Blushing Groom,Glorious Song,Roberto,Imsodear,Northern Dancer,South Ocean,Seattle Slew,Rare Bouquet,Vaguely Noble,Too Bald,Stage Door Johnny,リットルブレツシング,Hail to Reason,Cosmah,Understanding,Mountain Flower,Raja Baba,Coz o'Nijinsky,リマンド,イコマエイカン,Northern Dancer,Pas de Nom,His Majesty,Spring Adieu,Northern Dancer,What a Treat,Bold Lad,River Lady
2023101665,ウォータービルド,ウォータートスカ,ディープインパクト,ウォーターエナン,オペラハウス,ウォーターセレブ,サンデーサイレンス,ウインドインハーヘア,ボストンハーバー,Scrape,Sadler's Wells,Colorspin,サクラローレル,スウイーテストタブー,Halo,Wishing Well,Alzao,Burghclere,Capote,Harbor Springs,Mr. Prospector,File,Northern Dancer,Fairy Bridge,High Top,Reprocolor,Rainbow Quest,ローラローラ,Sharpman,Sweetly,Hail to Reason,Cosmah,Understanding,Mountain Flower,Lyphard,Lady Rebecca,Busted,Highclere,Seattle Slew,Too Bald,Vice Regent,Tinnitus,Raise a Native,Gold Digger,Tom Rolfe,Continue,Nearctic,Natalma,Bold Reason,Special,Derring-Do,Camenae,Jimmy Reppin,Blue Queen,Blushing Groom,I Will Follow,Saint Cyrien,Bold Lady,Sharpen Up,Miss Manon,Lyphard,Sweet and Lovely
2023102178,リオンディーズ,タイキキララ,キングカメハメハ,シーザリオ,キングヘイロー,タイキステラ,Kingmambo,マンファス,スペシャルウィーク,キロフプリミエール,ダンシングブレーヴ,グッバイヘイロー,Miswaki,ロイヤルブライド,Mr. Prospector,Miesque,ラストタイクーン,Pilot Bird,サンデーサイレンス,キャンペンガール,Sadler's Wells,Querida,Lyphard,Navajo Princess,Halo,Pound Foolish,Mr. Prospector,Hopespringseternal,Blushing Groom,ロイコン,Raise a Native,Gold Digger,Nureyev,Pasadoble,トライマイベスト,Mill Princess,Blakeney,The Dancer,Halo,Wishing Well,マルゼンスキー,レディーシラオキ,Northern Dancer,Fairy Bridge,Habitat,Principia,Northern Dancer,Goofed,Drone,Olmec,Hail to Reason,Cosmah,Sir Ivor,Squander,Raise a Native,Gold Digger,Buckpasser,Rose Bower,Red God,Runaway Bride,High Top,Madelon
2023103343,エピファネイア,エアワンピース,シンボリクリスエス,シーザリオ,ロックオブジブラルタル,エアメサイア,Kris S.,Tee Kay,スペシャルウィーク,キロフプリミエール,デインヒル,Offshore Boom,サンデーサイレンス,エアデジャヴー,Roberto,Sharp Queen,Gold Meridian,Tri Argo,サンデーサイレンス,キャンペンガール,Sadler's Wells,Querida,Danzig,Razyana,Be My Guest,Push a Button,Halo,Wishing Well,ノーザンテースト,アイドリームドアドリーム,Hail to Reason,Bramalea,Princequillo,Bridgework,Seattle Slew,Queen Louie,Tri Jet,Hail Proudly,Halo,Wishing Well,マルゼンスキー,レディーシラオキ,Northern Dancer,Fairy Bridge,Habitat,Principia,Northern Dancer,Pas de Nom,His Majesty,Spring Adieu,Northern Dancer,What a Treat,Bold Lad,River Lady,Hail to Reason,Cosmah,Understanding,Mountain Flower,Northern Dancer,Lady Victoria,Well Decorated,Hidden Trail
2023100990,スワーヴリチャード,サラトガ,ハーツクライ,ピラミマ,クロフネ,スイングバイ,サンデーサイレンス,アイリッシュダンス,Unbridled's Song,キャリアコレクション,フレンチデピュティ,ブルーアヴェニュー,ミルジョージ,オギアルバンシア,Halo,Wishing Well,トニービン,ビューパーダンス,Unbridled,Trolley Song,General Meeting,River of Stars,Deputy Minister,Mitterand,Classic Go Go,Eliza Blue,Mill Reef,Miss Charisma,コリムスキー,アルバンシア,Hail to Reason,Cosmah,Understanding,Mountain Flower,カンパラ,Severn Bridge,Lyphard,My Bupers,Fappiano,Gana Facil,Caro,Lucky Spell,Seattle Slew,Alydar's Promise,Riverman,Star Fortune,Vice Regent,Mint Copy,Hold Your Peace,Laredo Lass,Pago Pago,Classic Perfection,Icecapade,コレラ,Never Bend,Milan Mill,Ragusa,マタテイナ,Northern Dancer,Libro D Oro,アラナス,マイシュンレイ
2023103380,キタサンブラック,キトゥンズダンプリングス,ブラックタイド,シュガーハート,Kitten's Joy,Granny Franny,サンデーサイレンス,ウインドインハーヘア,サクラバクシンオー,オトメゴコロ,El Prado,Kitten's First,Grand Slam,Franziska,Halo,Wishing Well,Alzao,Burghclere,サクラユタカオー,サクラハゴロモ,ジャッジアンジェルーチ,テイズリー,Sadler's Wells,Lady Capulet,Lear Fan,That's My Hon,Gone West,Bright Candles,Sadler's Wells,Belle Epoque,Hail to Reason,Cosmah,Understanding,Mountain Flower,Lyphard,Lady Rebecca,Busted,Highclere,テスコボーイ,アンジェリカ,ノーザンテースト,クリアアンバー,Honest Pleasure,Victorian Queen,Lyphard,Tizna,Northern Dancer,Fairy Bridge,Sir Ivor,Cap and Bells,Roberto,Wac,L'Enjoleur,One Lane,Mr. Prospector,Secrettame,El Gran Senor,Christmas Bonus,Northern Dancer,Fairy Bridge,Habitat,Fanghorn
2023107144,エピファネイア,ノーブルスコア,シンボリクリスエス,シーザリオ,ディープインパクト,ファイナルスコア,Kris S.,Tee Kay,スペシャルウィーク,キロフプリミエール,サンデーサイレンス,ウインドインハーヘア,Dylan Thomas,Holy Moon,Roberto,Sharp Queen,Gold Meridian,Tri Argo,サンデーサイレンス,キャンペンガール,Sadler's Wells,Querida,Halo,Wishing Well,Alzao,Burghclere,デインヒル,Lagrion,エルナンド,Centinela,Hail to Reason,Bramalea,Princequillo,Bridgework,Seattle Slew,Queen Louie,Tri Jet,Hail Proudly,Halo,Wishing Well,マルゼンスキー,レディーシラオキ,Northern Dancer,Fairy Bridge,Habitat,Principia,Hail to Reason,Cosmah,Understanding,Mountain Flower,Lyphard,Lady Rebecca,Busted,Highclere,Danzig,Razyana,Diesis,Wrap It Up,Niniski,Whakilyric,Caerleon,New Generation
2023105417,キタサンブラック,レッドシルヴァーナ,ブラックタイド,シュガーハート,ロードカナロア,シルバーフォックス,サンデーサイレンス,ウインドインハーヘア,サクラバクシンオー,オトメゴコロ,キングカメハメハ,レディブラッサム,クロフネ,ビーポジティブ,Halo,Wishing Well,Alzao,Burghclere,サクラユタカオー,サクラハゴロモ,ジャッジアンジェルーチ,テイズリー,Kingmambo,マンファス,Storm Cat,サラトガデュー,フレンチデピュティ,ブルーアヴェニュー,サンデーサイレンス,フェアリードール,Hail to Reason,Cosmah,Understanding,Mountain Flower,Lyphard,Lady Rebecca,Busted,Highclere,テスコボーイ,アンジェリカ,ノーザンテースト,クリアアンバー,Honest Pleasure,Victorian Queen,Lyphard,Tizna,Mr. Prospector,Miesque,ラストタイクーン,Pilot Bird,Storm Bird,Terlingua,Cormorant,Super Luna,Deputy Minister,Mitterand,Classic Go Go,Eliza Blue,Halo,Wishing Well,Nureyev,Dream Deal
2023101677,アルアイン,エトヴァス,ディープインパクト,ドバイマジェスティ,ハービンジャー,サンキュウガール,サンデーサイレンス,ウインドインハーヘア,Essence of Dubai,Great Majesty,Dansili,Penang Pearl,アグネスタキオン,クリアーチャンス,Halo,Wishing Well,Alzao,Burghclere,Pulpit,Epitome,Great Above,Mistic Majesty,デインヒル,Hasili,Bering,Guapa,サンデーサイレンス,アグネスフローラ,ディクタス,ノーザンクリアー,Hail to Reason,Cosmah,Understanding,Mountain Flower,Lyphard,Lady Rebecca,Busted,Highclere,A.P. Indy,Preach,Summing,Honest and True,Minnesota Mac,Ta Wee,His Majesty,Necaras Miss,Danzig,Razyana,Kahyasi,Kerali,Arctic Tern,Beaune,Shareef Dancer,Sauceboat,Halo,Wishing Well,ロイヤルスキー,アグネスレディー,Sanctus,Doronic,ノーザンテースト,シヤダイクリアー
2023106218,モーリス,ピスカデーラ,スクリーンヒーロー,メジロフランシス,ブラックタイド,ドリームスケイプ,グラスワンダー,ランニングヒロイン,カーネギー,メジロモントレー,サンデーサイレンス,ウインドインハーヘア,エルコンドルパサー,ドリームビジョン,Silver Hawk,Ameriflora,サンデーサイレンス,ダイナアクトレス,Sadler's Wells,Detroit,モガミ,メジロクインシー,Halo,Wishing Well,Alzao,Burghclere,Kingmambo,サドラーズギャル,ノーザンテースト,ハニードリーマー,Roberto,Gris Vitesse,Danzig,Graceful Touch,Halo,Wishing Well,ノーザンテースト,モデルスポート,Northern Dancer,Fairy Bridge,Riverman,Derna,Lyphard,ノーラック,フィディオン,メジロボサツ,Hail to Reason,Cosmah,Understanding,Mountain Flower,Lyphard,Lady Rebecca,Busted,Highclere,Mr. Prospector,Miesque,Sadler's Wells,Glenveagh,Northern Dancer,Lady Victoria,Dewan,ハニーサツクルヴアイン
2023101395,スワーヴリチャード,ガルフパール,ハーツクライ,ピラミマ,Bernardini,Desert Gold,サンデーサイレンス,アイリッシュダンス,Unbridled's Song,キャリアコレクション,A.P. Indy,Cara Rafaela,Seeking the Gold,Desert Stormette,Halo,Wishing Well,トニービン,ビューパーダンス,Unbridled,Trolley Song,General Meeting,River of Stars,Seattle Slew,Weekend Surprise,Quiet American,Oil Fable,Mr. Prospector,Con Game,Storm Cat,Breezy Stories,Hail to Reason,Cosmah,Understanding,Mountain Flower,カンパラ,Severn Bridge,Lyphard,My Bupers,Fappiano,Gana Facil,Caro,Lucky Spell,Seattle Slew,Alydar's Promise,Riverman,Star Fortune,Bold Reasoning,My Charmer,Secretariat,Lassie Dear,Fappiano,Demure,Spectacular Bid,Northern Fable,Raise a Native,Gold Digger,Buckpasser,Broadway,Storm Bird,Terlingua,Damascus,New Tune
2023104919,ワールドプレミア,アドマイヤジェミニ,ディープインパクト,マンデラ,ルーラーシップ,アドマイヤカンナ,サンデーサイレンス,ウインドインハーヘア,Acatenango,Mandellicht,キングカメハメハ,エアグルーヴ,ブライアンズタイム,アドマイヤラピス,Halo,Wishing Well,Alzao,Burghclere,Surumu,Aggravate,Be My Guest,Mandelauge,Kingmambo,マンファス,トニービン,ダイナカール,Roberto,Kelley's Day,Be My Guest,Elevate,Hail to Reason,Cosmah,Understanding,Mountain Flower,Lyphard,Lady Rebecca,Busted,Highclere,Literat,Surama,Aggressor,Raven Locks,Northern Dancer,What a Treat,Elektrant,Mandriale,Mr. Prospector,Miesque,ラストタイクーン,Pilot Bird,カンパラ,Severn Bridge,ノーザンテースト,シャダイフェザー,Hail to Reason,Bramalea,Graustark,Golden Trail,Northern Dancer,What a Treat,Ela-Mana-Mou,Sunny Valley
2023103591,ロードカナロア,リリーオブザヴァレー,キングカメハメハ,レディブラッサム,Galileo,Pennegale,Kingmambo,マンファス,Storm Cat,サラトガデュー,Sadler's Wells,Urban Sea,Pennekamp,Gale Warning,Mr. Prospector,Miesque,ラストタイクーン,Pilot Bird,Storm Bird,Terlingua,Cormorant,Super Luna,Northern Dancer,Fairy Bridge,Miswaki,Allegretta,Bering,Coral Dance,ラストタイクーン,Gay Apparel,Raise a Native,Gold Digger,Nureyev,Pasadoble,トライマイベスト,Mill Princess,Blakeney,The Dancer,Northern Dancer,South Ocean,Secretariat,Crimson Saint,His Majesty,Song Sparrow,In Reality,Alada,Nearctic,Natalma,Bold Reason,Special,Mr. Prospector,Hopespringseternal,Lombard,Anatevka,Arctic Tern,Beaune,Green Dancer,Carvinia,トライマイベスト,Mill Princess,Up Spirits,Brief Attire
2023104695,ルーラーシップ,スプリングノート,キングカメハメハ,エアグルーヴ,シンボリクリスエス,グリューネワルト,Kingmambo,マンファス,トニービン,ダイナカール,Kris S.,Tee Kay,スペシャルウィーク,シェーンクライト,Mr. Prospector,Miesque,ラストタイクーン,Pilot Bird,カンパラ,Severn Bridge,ノーザンテースト,シャダイフェザー,Roberto,Sharp Queen,Gold Meridian,Tri Argo,サンデーサイレンス,キャンペンガール,エリシオ,カロギャル,Raise a Native,Gold Digger,Nureyev,Pasadoble,トライマイベスト,Mill Princess,Blakeney,The Dancer,Kalamoun,State Pension,Hornbeam,Priddy Fair,Northern Dancer,Lady Victoria,ガーサント,パロクサイド,Hail to Reason,Bramalea,Princequillo,Bridgework,Seattle Slew,Queen Louie,Tri Jet,Hail Proudly,Halo,Wishing Well,マルゼンスキー,レディーシラオキ,Fairy King,Helice,Caro,Delso
2023104407,マクフィ,ブライトムーン,Dubawi,Dhelaal,ルーラーシップ,ルアシェイア,Dubai Millennium,Zomaradah,Green Desert,Irish Valley,キングカメハメハ,エアグルーヴ,フジキセキ,ファレノプシス,Seeking the Gold,Colorado Dancer,Deploy,Jawaher,Danzig,Foreign Courier,Irish River,Green Valley,Kingmambo,マンファス,トニービン,ダイナカール,サンデーサイレンス,ミルレーサー,ブライアンズタイム,キャットクイル,Mr. Prospector,Con Game,Shareef Dancer,Fall Aspen,Shirley Heights,Slightly Dangerous,ダンシングブレーヴ,High Tern,Northern Dancer,Pas de Nom,Sir Ivor,Courtly Dee,Riverman,Irish Star,Val de Loir,Sly Pola,Mr. Prospector,Miesque,ラストタイクーン,Pilot Bird,カンパラ,Severn Bridge,ノーザンテースト,シャダイフェザー,Halo,Wishing Well,Le Fabuleux,Marston's Mill,Roberto,Kelley's Day,Storm Cat,Pacific Princess
2023101398,スワーヴリチャード,ピエスドール,ハーツクライ,ピラミマ,ステイゴールド,マネーキャントバイミーラヴ,サンデーサイレンス,アイリッシュダンス,Unbridled's Song,キャリアコレクション,サンデーサイレンス,ゴールデンサッシュ,Pivotal,Sabreon,Halo,Wishing Well,トニービン,ビューパーダンス,Unbridled,Trolley Song,General Meeting,River of Stars,Halo,Wishing Well,ディクタス,ダイナサッシュ,Polar Falcon,Fearless Revival,Caerleon,Sabria,Hail to Reason,Cosmah,Understanding,Mountain Flower,カンパラ,Severn Bridge,Lyphard,My Bupers,Fappiano,Gana Facil,Caro,Lucky Spell,Seattle Slew,Alydar's Promise,Riverman,Star Fortune,Hail to Reason,Cosmah,Understanding,Mountain Flower,Sanctus,Doronic,ノーザンテースト,ロイヤルサッシュ,Nureyev,Marie d'Argonne,Cozzene,Stufida,Nijinsky,Foreseer,Miswaki,Flood
2023106639,ドレフォン,キャスパリーグ,Gio Ponti,Eltimaas,ディープインパクト,レジェンドキャット,Tale of the Cat,Chipeta Springs,Ghostzapper,Najecam,サンデーサイレンス,ウインドインハーヘア,Storm Cat,Que Belle,Storm Cat,Yarn,Alydar,Salt Spring,Awesome Again,Baby Zip,Trempolino,Sue Warner,Halo,Wishing Well,Alzao,Burghclere,Storm Bird,Terlingua,シアトルダンサー,Qui Bid,Storm Bird,Terlingua,Mr. Prospector,Narrate,Raise a Native,Sweet Tooth,Salt Marsh,Jungle Mythologic,Deputy Minister,Primal Force,Relaunch,Thirty Zip,Sharpen Up,Trephine,Forli,Bitty Girl,Hail to Reason,Cosmah,Understanding,Mountain Flower,Lyphard,Lady Rebecca,Busted,Highclere,Northern Dancer,South Ocean,Secretariat,Crimson Saint,Nijinsky,My Charmer,Spectacular Bid,Qui Royalty
2023103395,レイデオロ,コレクターアイテム,キングカメハメハ,ラドラーダ,ハーツクライ,ネットオークション,Kingmambo,マンファス,シンボリクリスエス,レディブロンド,サンデーサイレンス,アイリッシュダンス,Storm Bird,Antique Auction,Mr. Prospector,Miesque,ラストタイクーン,Pilot Bird,Kris S.,Tee Kay,Seeking the Gold,ウインドインハーヘア,Halo,Wishing Well,トニービン,ビューパーダンス,Northern Dancer,South Ocean,Geiger Counter,オールドスタッフ,Raise a Native,Gold Digger,Nureyev,Pasadoble,トライマイベスト,Mill Princess,Blakeney,The Dancer,Roberto,Sharp Queen,Gold Meridian,Tri Argo,Mr. Prospector,Con Game,Alzao,Burghclere,Hail to Reason,Cosmah,Understanding,Mountain Flower,カンパラ,Severn Bridge,Lyphard,My Bupers,Nearctic,Natalma,New Providence,Shining Sun,Mr. Prospector,Thong,Irish River,アンティックヴァリュー
2023106552,サトノダイヤモンド,シースナイプ,ディープインパクト,マルペンサ,グラスワンダー,マニフィカート,サンデーサイレンス,ウインドインハーヘア,Orpen,Marsella,Silver Hawk,Ameriflora,スペシャルウィーク,ミュンシー,Halo,Wishing Well,Alzao,Burghclere,Lure,Bonita Francita,サザンヘイロー,Riviere,Roberto,Gris Vitesse,Danzig,Graceful Touch,サンデーサイレンス,キャンペンガール,Sadler's Wells,Martingale,Hail to Reason,Cosmah,Understanding,Mountain Flower,Lyphard,Lady Rebecca,Busted,Highclere,Danzig,Endear,Devil's Bag,Raise the Standard,Halo,Northern Sea,Logical,Talonada,Hail to Reason,Bramalea,Amerigo,Matchiche,Northern Dancer,Pas de Nom,His Majesty,Pi Phi Gal,Halo,Wishing Well,マルゼンスキー,レディーシラオキ,Northern Dancer,Fairy Bridge,Luthier,Moonmadness
2023106668,ダノンプレミアム,カモンビューティー,ディープインパクト,インディアナギャル,ダンカーク,サトノアーチ,サンデーサイレンス,ウインドインハーヘア,Intikhab,Genial Jenny,Unbridled's Song,Secret Status,マンハッタンカフェ,フラワーアーチ,Halo,Wishing Well,Alzao,Burghclere,Red Ransom,Crafty Example,デインヒル,Joma Kaanem,Unbridled,Trolley Song,A.P. Indy,Private Status,サンデーサイレンス,サトルチェンジ,Nashwan,Forest Flower,Hail to Reason,Cosmah,Understanding,Mountain Flower,Lyphard,Lady Rebecca,Busted,Highclere,Roberto,アラビア,Crafty Prospector,Zienelle,Danzig,Razyana,Double Form,Ash Lawn,Fappiano,Gana Facil,Caro,Lucky Spell,Seattle Slew,Weekend Surprise,Alydar,Miss Eva,Halo,Wishing Well,Law Society,Santa Luciana,Blushing Groom,Height of Fashion,Green Forest,Leap Lively
2023102979,オルフェーヴル,ハッピーヴァリュー,ステイゴールド,オリエンタルアート,ゼンノロブロイ,ネームヴァリュー,サンデーサイレンス,ゴールデンサッシュ,メジロマックイーン,エレクトロアート,サンデーサイレンス,ローミンレイチェル,Honour and Glory,マジソンカウンティ,Halo,Wishing Well,ディクタス,ダイナサッシュ,メジロティターン,メジロオーロラ,ノーザンテースト,グランマスティーヴンス,Halo,Wishing Well,マイニング,One Smart Lady,Relaunch,Fair to All,Seattle Slew,Steal a Kiss,Hail to Reason,Cosmah,Understanding,Mountain Flower,Sanctus,Doronic,ノーザンテースト,ロイヤルサッシュ,メジロアサマ,シエリル,リマンド,メジロアイリス,Northern Dancer,Lady Victoria,Lt. Stevens,Dhow,Hail to Reason,Cosmah,Understanding,Mountain Flower,Mr. Prospector,I Pass,Clever Trick,Pia's Lady,In Reality,Foggy Note,Al Nasr,Gonfalon,Bold Reasoning,My Charmer,Graustark,Queen's Paradise
2023103342,シスキン,エアルーティーン,First Defence,Bird Flown,ハービンジャー,エアマグダラ,Unbridled's Song,Honest Lady,Oasis Dream,Silver Star,Dansili,Penang Pearl,サンデーサイレンス,エアデジャヴー,Unbridled,Trolley Song,Seattle Slew,Toussaud,Green Desert,Hope,Zafonic,Monroe,デインヒル,Hasili,Bering,Guapa,Halo,Wishing Well,ノーザンテースト,アイドリームドアドリーム,Fappiano,Gana Facil,Caro,Lucky Spell,Bold Reasoning,My Charmer,El Gran Senor,Image of Reality,Danzig,Foreign Courier,ダンシングブレーヴ,Bahamian,Gone West,Zaizafon,Sir Ivor,Best in Show,Danzig,Razyana,Kahyasi,Kerali,Arctic Tern,Beaune,Shareef Dancer,Sauceboat,Hail to Reason,Cosmah,Understanding,Mountain Flower,Northern Dancer,Lady Victoria,Well Decorated,Hidden Trail
2023103417,コントレイル,サンデージュピター,ディープインパクト,ロードクロサイト,ロードカナロア,アルテミスハート,サンデーサイレンス,ウインドインハーヘア,Unbridled's Song,Folklore,キングカメハメハ,レディブラッサム,ハーツクライ,ムーンレディ,Halo,Wishing Well,Alzao,Burghclere,Unbridled,Trolley Song,Tiznow,Contrive,Kingmambo,マンファス,Storm Cat,サラトガデュー,サンデーサイレンス,アイリッシュダンス,プラティニ,Midnight Fever,Hail to Reason,Cosmah,Understanding,Mountain Flower,Lyphard,Lady Rebecca,Busted,Highclere,Fappiano,Gana Facil,Caro,Lucky Spell,Cee's Tizzy,Cee's Song,Storm Cat,Jeano,Mr. Prospector,Miesque,ラストタイクーン,Pilot Bird,Storm Bird,Terlingua,Cormorant,Super Luna,Halo,Wishing Well,トニービン,ビューパーダンス,Surumu,Prairie Darling,Sure Blade,Majoritat
2023103907,サートゥルナーリア,メジロスプレンダー,ロードカナロア,シーザリオ,シンボリクリスエス,クライウィズジョイ,キングカメハメハ,レディブラッサム,スペシャルウィーク,キロフプリミエール,Kris S.,Tee Kay,トニービン,クライングフォーモア,Kingmambo,マンファス,Storm Cat,サラトガデュー,サンデーサイレンス,キャンペンガール,Sadler's Wells,Querida,Roberto,Sharp Queen,Gold Meridian,Tri Argo,カンパラ,Severn Bridge,Always Run Lucky,オールドスタッフ,Mr. Prospector,Miesque,ラストタイクーン,Pilot Bird,Storm Bird,Terlingua,Cormorant,Super Luna,Halo,Wishing Well,マルゼンスキー,レディーシラオキ,Northern Dancer,Fairy Bridge,Habitat,Principia,Hail to Reason,Bramalea,Princequillo,Bridgework,Seattle Slew,Queen Louie,Tri Jet,Hail Proudly,Kalamoun,State Pension,Hornbeam,Priddy Fair,What Luck,Big Puddles,Irish River,アンティックヴァリュー
2023103423,キタサンブラック,シャドウマリア,ブラックタイド,シュガーハート,ヴィクトワールピサ,パールシャドウ,サンデーサイレンス,ウインドインハーヘア,サクラバクシンオー,オトメゴコロ,ネオユニヴァース,ホワイトウォーターアフェア,クロフネ,ピュアティー,Halo,Wishing Well,Alzao,Burghclere,サクラユタカオー,サクラハゴロモ,ジャッジアンジェルーチ,テイズリー,サンデーサイレンス,ポインテッドパス,Machiavellian,Much Too Risky,フレンチデピュティ,ブルーアヴェニュー,Woodman,L'Extra Honor,Hail to Reason,Cosmah,Understanding,Mountain Flower,Lyphard,Lady Rebecca,Busted,Highclere,テスコボーイ,アンジェリカ,ノーザンテースト,クリアアンバー,Honest Pleasure,Victorian Queen,Lyphard,Tizna,Halo,Wishing Well,Kris,Silken Way,Mr. Prospector,Coup de Folie,Bustino,Short Rations,Deputy Minister,Mitterand,Classic Go Go,Eliza Blue,Mr. Prospector,プレイメイト,Hero's Honor,L'Extravagante
2023100553,サングレーザー,カレンシリエージョ,ディープインパクト,マンティスハント,ハービンジャー,ベルアリュール,サンデーサイレンス,ウインドインハーヘア,Deputy Minister,ウィッチフルシンキング,Dansili,Penang Pearl,Numerous,Mare Aux Fees,Halo,Wishing Well,Alzao,Burghclere,Vice Regent,Mint Copy,Lord Avie,Halloween Joy,デインヒル,Hasili,Bering,Guapa,Mr. Prospector,Number,Kenmare,Feerie Boreale,Hail to Reason,Cosmah,Understanding,Mountain Flower,Lyphard,Lady Rebecca,Busted,Highclere,Northern Dancer,Victoria Regina,Bunty's Flight,Shakney,Lord Gaylord,Avie,Exuberant,Halloween,Danzig,Razyana,Kahyasi,Kerali,Arctic Tern,Beaune,Shareef Dancer,Sauceboat,Raise a Native,Gold Digger,Nijinsky,Special,Kalamoun,Belle of Ireland,Irish River,Skelda
2023106902,コントレイル,ヴィルジニア,ディープインパクト,ロードクロサイト,Galileo,シルヴァースカヤ,サンデーサイレンス,ウインドインハーヘア,Unbridled's Song,Folklore,Sadler's Wells,Urban Sea,Silver Hawk,Boubskaia,Halo,Wishing Well,Alzao,Burghclere,Unbridled,Trolley Song,Tiznow,Contrive,Northern Dancer,Fairy Bridge,Miswaki,Allegretta,Roberto,Gris Vitesse,Niniski,Frenetique,Hail to Reason,Cosmah,Understanding,Mountain Flower,Lyphard,Lady Rebecca,Busted,Highclere,Fappiano,Gana Facil,Caro,Lucky Spell,Cee's Tizzy,Cee's Song,Storm Cat,Jeano,Nearctic,Natalma,Bold Reason,Special,Mr. Prospector,Hopespringseternal,Lombard,Anatevka,Hail to Reason,Bramalea,Amerigo,Matchiche,Nijinsky,Virginia Hills,Tyrant,Femina
2022100159,Tiz the Law,アーチョコレート,Constitution,Tizfiz,Candy Ride,Ahh,Tapit,Baffled,Tiznow,Gin Running,Ride the Rails,Candy Girl,Saint Liam,Ministrada,Pulpit,Tap Your Heels,Distorted Humor,Surf Club,Cee's Tizzy,Cee's Song,Go for Gin,Crafty and Evil,Cryptoclearance,Herbalesian,Candy Stripes,City Girl,Saint Ballado,Quiet Dance,Deputy Minister,Funistrada,A.P. Indy,Preach,Unbridled,Ruby Slippers,フォーティナイナー,Danzig's Beauty,Ocean Crest,Horns Gray,Relaunch,テイズリー,Seattle Song,Lonely Dancer,Cormorant,Never Knock,Crafty Prospector,Evil Elaine,Fappiano,Naval Orange,Herbager,Alanesian,Blushing Groom,バブルカンパニー,Farnesio,Cithara,Halo,Ballade,Quiet American,Misty Dancer,Vice Regent,Mint Copy,Fappiano,Mesabi
2022100439,ミッキーアイル,ハギノセゾン,ディープインパクト,スターアイル,シンボリクリスエス,ハギノエアロ,サンデーサイレンス,ウインドインハーヘア,ロックオブジブラルタル,アイルドフランス,Kris S.,Tee Kay,フジキセキ,サベージレディ,Halo,Wishing Well,Alzao,Burghclere,デインヒル,Offshore Boom,Nureyev,ステラマドリッド,Roberto,Sharp Queen,Gold Meridian,Tri Argo,サンデーサイレンス,ミルレーサー,ディクタス,ダイナサベージ,Hail to Reason,Cosmah,Understanding,Mountain Flower,Lyphard,Lady Rebecca,Busted,Highclere,Danzig,Razyana,Be My Guest,Push a Button,Northern Dancer,Special,Alydar,My Juliet,Hail to Reason,Bramalea,Princequillo,Bridgework,Seattle Slew,Queen Louie,Tri Jet,Hail Proudly,Halo,Wishing Well,Le Fabuleux,Marston's Mill,Sanctus,Doronic,ノーザンテースト,マラベル
2022102906,パイロ,ヒラボクビジン,Pulpit,Wild Vision,ブライアンズタイム,オリジナルスピン,A.P. Indy,Preach,Wild Again,Carol's Wonder,Roberto,Kelley's Day,Machiavellian,Not Before Time,Seattle Slew,Weekend Surprise,Mr. Prospector,Narrate,Icecapade,Bushel-n-Peck,Pass the Tab,Carols Christmas,Hail to Reason,Bramalea,Graustark,Golden Trail,Mr. Prospector,Coup de Folie,Polish Precedent,Time Charter,Bold Reasoning,My Charmer,Secretariat,Lassie Dear,Raise a Native,Gold Digger,Honest Pleasure,State,Nearctic,Shenanigans,Khaled,Dama,Al Hattab,Dantina,Whitesburg,Light Verse,Turn-to,Nothirdchance,Nashua,Rarelea,Ribot,Flower Bowl,Hasty Road,Sunny Vale,Raise a Native,Gold Digger,Halo,Raise the Standard,Danzig,Past Example,Saritamer,Centrocon
2022105711,エピファネイア,ディヴィナプレシオーサ,シンボリクリスエス,シーザリオ,Crocker Road,Hecate,Kris S.,Tee Kay,スペシャルウィーク,キロフプリミエール,A.P. Indy,Gallanta,Golden Voyager,Hanging Valley,Roberto,Sharp Queen,Gold Meridian,Tri Argo,サンデーサイレンス,キャンペンガール,Sadler's Wells,Querida,Seattle Slew,Weekend Surprise,Nureyev,Gay Missile,Mr. Prospector,La Voyageuse,Cox's Ridge,メアジードーツ,Hail to Reason,Bramalea,Princequillo,Bridgework,Seattle Slew,Queen Louie,Tri Jet,Hail Proudly,Halo,Wishing Well,マルゼンスキー,レディーシラオキ,Northern Dancer,Fairy Bridge,Habitat,Principia,Bold Reasoning,My Charmer,Secretariat,Lassie Dear,Northern Dancer,Special,Sir Gaylord,Missy Baba,Raise a Native,Gold Digger,Tentam,Fanfreluche,Best Turn,Our Martha,Nodouble,Avalanche Lily
2022101678,ディスクリートキャット,ピクシープリンセス,Forestry,Pretty Discreet,ディープインパクト,オータムメロディー,Storm Cat,Shared Interest,Private Account,Pretty Persuasive,サンデーサイレンス,ウインドインハーヘア,Kingmambo,Dance of Leaves,Storm Bird,Terlingua,Pleasant Colony,Surgery,Damascus,Numbered Account,Believe It,Bury the Hatchet,Halo,Wishing Well,Alzao,Burghclere,Mr. Prospector,Miesque,Sadler's Wells,Fall Aspen,Northern Dancer,South Ocean,Secretariat,Crimson Saint,His Majesty,Sun Colony,Dr. Fager,Bold Sequence,Sword Dancer,Kerala,Buckpasser,Intriguing,In Reality,Breakfast Bell,Tom Rolfe,Christmas Whishes,Hail to Reason,Cosmah,Understanding,Mountain Flower,Lyphard,Lady Rebecca,Busted,Highclere,Raise a Native,Gold Digger,Nureyev,Pasadoble,Northern Dancer,Fairy Bridge,Pretense,Change Water
2022104970,サートゥルナーリア,ビッグワールド,ロードカナロア,シーザリオ,Custom for Carlos,Tensas Wedding Joy,キングカメハメハ,レディブラッサム,スペシャルウィーク,キロフプリミエール,More Than Ready,Meadow Oaks,Broken Vow,Xylophone,Kingmambo,マンファス,Storm Cat,サラトガデュー,サンデーサイレンス,キャンペンガール,Sadler's Wells,Querida,サザンヘイロー,Woodman's Girl,Meadowlake,Peggy Slew,Unbridled,Wedding Vow,デヒア,Joyous Melody,Mr. Prospector,Miesque,ラストタイクーン,Pilot Bird,Storm Bird,Terlingua,Cormorant,Super Luna,Halo,Wishing Well,マルゼンスキー,レディーシラオキ,Northern Dancer,Fairy Bridge,Habitat,Principia,Halo,Northern Sea,Woodman,Becky Be Good,Hold Your Peace,Suspicious Native,Seattle Slew,Plankton,Fappiano,Gana Facil,Nijinsky,Wedding Picture,Deputy Minister,Sister Dot,Phone Trick,Hear a Rhapsody
2022106185,オルフェーヴル,キョウワセロトーレ,ステイゴールド,オリエンタルアート,キングカメハメハ,ヘイローフジ,サンデーサイレンス,ゴールデンサッシュ,メジロマックイーン,エレクトロアート,Kingmambo,マンファス,キングヘイロー,アサカフジ,Halo,Wishing Well,ディクタス,ダイナサッシュ,メジロティターン,メジロオーロラ,ノーザンテースト,グランマスティーヴンス,Mr. Prospector,Miesque,ラストタイクーン,Pilot Bird,ダンシングブレーヴ,グッバイヘイロー,Seeking the Gold,Connie's Gift,Hail to Reason,Cosmah,Understanding,Mountain Flower,Sanctus,Doronic,ノーザンテースト,ロイヤルサッシュ,メジロアサマ,シエリル,リマンド,メジロアイリス,Northern Dancer,Lady Victoria,Lt. Stevens,Dhow,Raise a Native,Gold Digger,Nureyev,Pasadoble,トライマイベスト,Mill Princess,Blakeney,The Dancer,Lyphard,Navajo Princess,Halo,Pound Foolish,Mr. Prospector,Con Game,Nijinsky,コニーノーズ
2022102768,ダノンレジェンド,レッドマーキュリー,Macho Uno,マイグッドネス,マンハッタンカフェ,ソロシンガー,Holy Bull,Primal Force,Storm Cat,Caressing,サンデーサイレンス,サトルチェンジ,リヴリア,ミストモカゼ,Great Above,Sharon Brown,Blushing Groom,Prime Prospect,Storm Bird,Terlingua,Honour and Glory,Lovin Touch,Halo,Wishing Well,Law Society,Santa Luciana,Riverman,Dahlia,ボールドラツド,シミズトモカゼ,Minnesota Mac,Ta Wee,Al Hattab,Agathea's Dawn,Red God,Runaway Bride,Mr. Prospector,Square Generation,Northern Dancer,South Ocean,Secretariat,Crimson Saint,Relaunch,Fair to All,Majestic Prince,Forest Princess,Hail to Reason,Cosmah,Understanding,Mountain Flower,Alleged,Bold Bikini,Luciano,Suleika,Never Bend,River Lady,Vaguely Noble,Charming Alibi,Bold Ruler,Misty Morn,ロムルス,ギンスギ
2022102954,バゴ,アンジュデジール,Nashwan,Moonlight's Box,ディープインパクト,ティックルピンク,Blushing Groom,Height of Fashion,Nureyev,Coup de Genie,サンデーサイレンス,ウインドインハーヘア,フレンチデピュティ,ブラッシングプリンセス,Red God,Runaway Bride,Bustino,Highclere,Northern Dancer,Special,Mr. Prospector,Coup de Folie,Halo,Wishing Well,Alzao,Burghclere,Deputy Minister,Mitterand,Crafty Prospector,Princess Laika,Nasrullah,Spring Run,Wild Risk,Aimee,Busted,Ship Yard,Queen's Hussar,Highlight,Nearctic,Natalma,Forli,Thong,Raise a Native,Gold Digger,Halo,Raise the Standard,Hail to Reason,Cosmah,Understanding,Mountain Flower,Lyphard,Lady Rebecca,Busted,Highclere,Vice Regent,Mint Copy,Hold Your Peace,Laredo Lass,Mr. Prospector,Real Crafty Lady,Blushing Groom,Cool Mood
2022104553,ナダル,キュリオスティー,Blame,Ascending Angel,ディープインパクト,キュー,Arch,Liable,Pulpit,Solar Colony,サンデーサイレンス,ウインドインハーヘア,フレンチデピュティ,P J Floral,Kris S.,Aurora,Seeking the Gold,Bound,A.P. Indy,Preach,Pleasant Colony,Meteor Stage,Halo,Wishing Well,Alzao,Burghclere,Deputy Minister,Mitterand,Baldski,Peroxide Princess,Roberto,Sharp Queen,Danzig,Althea,Mr. Prospector,Con Game,Nijinsky,Special,Seattle Slew,Weekend Surprise,Mr. Prospector,Narrate,His Majesty,Sun Colony,Stage Door Johnny,Northern Meteor,Hail to Reason,Cosmah,Understanding,Mountain Flower,Lyphard,Lady Rebecca,Busted,Highclere,Vice Regent,Mint Copy,Hold Your Peace,Laredo Lass,Nijinsky,Too Bald,What a Pleasure,Shanghai Mary
2022104600,ロードカナロア,アディクティド,キングカメハメハ,レディブラッサム,ディクタット,Astica,Kingmambo,マンファス,Storm Cat,サラトガデュー,ウォーニング,アルヴォラ,Surumu,Auenliebe,Mr. Prospector,Miesque,ラストタイクーン,Pilot Bird,Storm Bird,Terlingua,Cormorant,Super Luna,Known Fact,Slightly Dangerous,Sadler's Wells,Park Appeal,Literat,Surama,Pentathlon,Allergie,Raise a Native,Gold Digger,Nureyev,Pasadoble,トライマイベスト,Mill Princess,Blakeney,The Dancer,Northern Dancer,South Ocean,Secretariat,Crimson Saint,His Majesty,Song Sparrow,In Reality,Alada,In Reality,Tamerett,Roberto,Where You Lead,Northern Dancer,Fairy Bridge,Ahonoora,Balidaress,Birkhahn,Lis,Reliance,Suncourt,Ennis,Palmural,Lemon Hart,Ara
2022100660,ロードカナロア,レディルージュ,キングカメハメハ,レディブラッサム,ブライアンズタイム,サッカーマム,Kingmambo,マンファス,Storm Cat,サラトガデュー,Roberto,Kelley's Day,Kingmambo,Traverse City,Mr. Prospector,Miesque,ラストタイクーン,Pilot Bird,Storm Bird,Terlingua,Cormorant,Super Luna,Hail to Reason,Bramalea,Graustark,Golden Trail,Mr. Prospector,Miesque,Halo,Cherry Jubilee,Raise a Native,Gold Digger,Nureyev,Pasadoble,トライマイベスト,Mill Princess,Blakeney,The Dancer,Northern Dancer,South Ocean,Secretariat,Crimson Saint,His Majesty,Song Sparrow,In Reality,Alada,Turn-to,Nothirdchance,Nashua,Rarelea,Ribot,Flower Bowl,Hasty Road,Sunny Vale,Raise a Native,Gold Digger,Nureyev,Pasadoble,Hail to Reason,Cosmah,Coastal,Cherry Willow
2021100158,ロードカナロア,パーフェクトトリビュート,キングカメハメハ,レディブラッサム,Dubawi,Perfect Spirit,Kingmambo,マンファス,Storm Cat,サラトガデュー,Dubai Millennium,Zomaradah,Invincible Spirit,Ballet Society,Mr. Prospector,Miesque,ラストタイクーン,Pilot Bird,Storm Bird,Terlingua,Cormorant,Super Luna,Seeking the Gold,Colorado Dancer,Deploy,Jawaher,Green Desert,Rafha,Sadler's Wells,Gwydion,Raise a Native,Gold Digger,Nureyev,Pasadoble,トライマイベスト,Mill Princess,Blakeney,The Dancer,Northern Dancer,South Ocean,Secretariat,Crimson Saint,His Majesty,Song Sparrow,In Reality,Alada,Mr. Prospector,Con Game,Shareef Dancer,Fall Aspen,Shirley Heights,Slightly Dangerous,ダンシングブレーヴ,High Tern,Danzig,Foreign Courier,Kris,Eljazzi,Northern Dancer,Fairy Bridge,Raise a Cup,Papamiento
2022104644,シルバーステート,イルーシヴハピネス,ディープインパクト,シルヴァースカヤ,Frankel,イルーシヴウェーヴ,サンデーサイレンス,ウインドインハーヘア,Silver Hawk,Boubskaia,Galileo,Kind,Elusive City,Multicolour Wave,Halo,Wishing Well,Alzao,Burghclere,Roberto,Gris Vitesse,Niniski,Frenetique,Sadler's Wells,Urban Sea,デインヒル,Rainbow Lake,Elusive Quality,Star of Paris,Rainbow Quest,Echoes,Hail to Reason,Cosmah,Understanding,Mountain Flower,Lyphard,Lady Rebecca,Busted,Highclere,Hail to Reason,Bramalea,Amerigo,Matchiche,Nijinsky,Virginia Hills,Tyrant,Femina,Northern Dancer,Fairy Bridge,Miswaki,Allegretta,Danzig,Razyana,Rainbow Quest,Rockfest,Gone West,Touch of Greatness,Dayjur,Liturgism,Blushing Groom,I Will Follow,Niniski,Equal Honor
2022106513,シュヴァルグラン,キーレター,ハーツクライ,ハルーワスウィート,リンドシェーバー,アグネスフェルティ,サンデーサイレンス,アイリッシュダンス,Machiavellian,ハルーワソング,Alydar,ベーシイド,ノーザンテースト,アグネステスコ,Halo,Wishing Well,トニービン,ビューパーダンス,Mr. Prospector,Coup de Folie,Nureyev,Morn of Song,Raise a Native,Sweet Tooth,Cool Moon,Polondra,Northern Dancer,Lady Victoria,テスコボーイ,ハンサムエタ,Hail to Reason,Cosmah,Understanding,Mountain Flower,カンパラ,Severn Bridge,Lyphard,My Bupers,Raise a Native,Gold Digger,Halo,Raise the Standard,Northern Dancer,Special,Blushing Groom,Glorious Song,Native Dancer,Raise You,On-And-On,Plum Cake,Nearctic,Mamounia,Donut King,Alondra,Nearctic,Natalma,Victoria Park,Lady Angela,Princely Gift,Suncourt,Grey Ghost,Handsome Wyn
2022103307,ディスクリートキャット,ラブリーアリュール,Forestry,Pretty Discreet,ゴールドアリュール,ラブリープリンセス,Storm Cat,Shared Interest,Private Account,Pretty Persuasive,サンデーサイレンス,ニキーヤ,エンドスウィープ,ラブリーサンライズ,Storm Bird,Terlingua,Pleasant Colony,Surgery,Damascus,Numbered Account,Believe It,Bury the Hatchet,Halo,Wishing Well,Nureyev,Reluctant Guest,フォーティナイナー,Broom Dance,ノーザンテースト,ナイトブリーズ,Northern Dancer,South Ocean,Secretariat,Crimson Saint,His Majesty,Sun Colony,Dr. Fager,Bold Sequence,Sword Dancer,Kerala,Buckpasser,Intriguing,In Reality,Breakfast Bell,Tom Rolfe,Christmas Whishes,Hail to Reason,Cosmah,Understanding,Mountain Flower,Northern Dancer,Special,Hostage,Vaguely Royal,Mr. Prospector,File,Dance Spell,Witching Hour,Northern Dancer,Lady Victoria,パーソロン,コサージターフ
2022103188,カリフォルニアクローム,メイショウグロッケ,Lucky Pulpit,Love the Chase,メイショウサムソン,メイショウグラナダ,Pulpit,Lucky Soph,Not for Love,Chase It Down,オペラハウス,マイヴィヴィアン,マンハッタンカフェ,ウィズストリングス,A.P. Indy,Preach,Cozzene,Lucky Spell,Mr. Prospector,Dance Number,Polish Numbers,Chase the Dream,Sadler's Wells,Colorspin,ダンシングブレーヴ,ウイルプリンセス,サンデーサイレンス,サトルチェンジ,デヒア,Mastina,Seattle Slew,Weekend Surprise,Mr. Prospector,Narrate,Caro,Ride the Trails,Lucky Mel,Incantation,Raise a Native,Gold Digger,Northern Dancer,Numbered Account,Danzig,Numbered Account,Sir Ivor,La Belle Fleur,Northern Dancer,Fairy Bridge,High Top,Reprocolor,Lyphard,Navajo Princess,サンプリンス,エール,Halo,Wishing Well,Law Society,Santa Luciana,Deputy Minister,Sister Dot,Gulch,Winter Treasure
2021100708,シュヴァルグラン,カネトシパリッシュ,ハーツクライ,ハルーワスウィート,Tapit,Invermay,サンデーサイレンス,アイリッシュダンス,Machiavellian,ハルーワソング,Pulpit,Tap Your Heels,Dynaformer,Balletomane,Halo,Wishing Well,トニービン,ビューパーダンス,Mr. Prospector,Coup de Folie,Nureyev,Morn of Song,A.P. Indy,Preach,Unbridled,Ruby Slippers,Roberto,Andover Way,Sadler's Wells,Franconia,Hail to Reason,Cosmah,Understanding,Mountain Flower,カンパラ,Severn Bridge,Lyphard,My Bupers,Raise a Native,Gold Digger,Halo,Raise the Standard,Northern Dancer,Special,Blushing Groom,Glorious Song,Seattle Slew,Weekend Surprise,Mr. Prospector,Narrate,Fappiano,Gana Facil,Nijinsky,Moon Glitter,Hail to Reason,Bramalea,His Majesty,On the Trail,Northern Dancer,Fairy Bridge,ラインゴールド,Miss Glasso
2022103440,リオンディーズ,エスピナアスール,キングカメハメハ,シーザリオ,フジキセキ,リメインフォレスト,Kingmambo,マンファス,スペシャルウィーク,キロフプリミエール,サンデーサイレンス,ミルレーサー,アジュディケーティング,リメインラブ,Mr. Prospector,Miesque,ラストタイクーン,Pilot Bird,サンデーサイレンス,キャンペンガール,Sadler's Wells,Querida,Halo,Wishing Well,Le Fabuleux,Marston's Mill,Danzig,Resolver,Nabeel Dancer,レストオブラブ,Raise a Native,Gold Digger,Nureyev,Pasadoble,トライマイベスト,Mill Princess,Blakeney,The Dancer,Halo,Wishing Well,マルゼンスキー,レディーシラオキ,Northern Dancer,Fairy Bridge,Habitat,Principia,Hail to Reason,Cosmah,Understanding,Mountain Flower,Wild Risk,Anguar,In Reality,Millicent,Northern Dancer,Pas de Nom,Reviewer,Lovely Morning,Northern Dancer,Prayers'n Promises,Mr. Prospector,Ignore
2022104633,ヘニーヒューズ,アーデルハイト,ヘネシー,Meadow Flyer,アグネスタキオン,ビワハイジ,Storm Cat,Island Kitty,Meadowlake,Shortley,サンデーサイレンス,アグネスフローラ,Caerleon,アグサン,Storm Bird,Terlingua,Hawaii,T. C. Kitten,Hold Your Peace,Suspicious Native,Hagley,Short Winded,Halo,Wishing Well,ロイヤルスキー,アグネスレディー,Nijinsky,Foreseer,Lord Gayle,Santa Luciana,Northern Dancer,South Ocean,Secretariat,Crimson Saint,Utrillo,Ethane,Tom Cat,Needlebug,Speak John,Blue Moon,Raise a Native,Be Suspicious,Olden Times,Teo Pepi,Harvest Singing,Wild Cloud,Hail to Reason,Cosmah,Understanding,Mountain Flower,Raja Baba,Coz o'Nijinsky,リマンド,イコマエイカン,Northern Dancer,Flaming Page,Round Table,Regal Gleam,Sir Gaylord,Sticky Case,Luciano,Suleika
2022103195,ドレフォン,アイスブレイク,Gio Ponti,Eltimaas,マンハッタンカフェ,ハイウェイトゥグローリー,Tale of the Cat,Chipeta Springs,Ghostzapper,Najecam,サンデーサイレンス,サトルチェンジ,Cape Cross,Anita Via,Storm Cat,Yarn,Alydar,Salt Spring,Awesome Again,Baby Zip,Trempolino,Sue Warner,Halo,Wishing Well,Law Society,Santa Luciana,Green Desert,Park Appeal,Anita's Prince,Seldovia,Storm Bird,Terlingua,Mr. Prospector,Narrate,Raise a Native,Sweet Tooth,Salt Marsh,Jungle Mythologic,Deputy Minister,Primal Force,Relaunch,Thirty Zip,Sharpen Up,Trephine,Forli,Bitty Girl,Hail to Reason,Cosmah,Understanding,Mountain Flower,Alleged,Bold Bikini,Luciano,Suleika,Danzig,Foreign Courier,Ahonoora,Balidaress,ストラダビンスキー,Get Ready,Charlottown,Sunol
2021101891,レッドファルクス,シングルカスク,スウェプトオーヴァーボード,ベルモット,タニノギムレット,スペシャライズ,エンドスウィープ,Sheer Ice,サンデーサイレンス,レガシーオブストレングス,ブライアンズタイム,タニノクリスタル,スペシャルウィーク,スペシャルアラート,フォーティナイナー,Broom Dance,Cutlass,Hey Dolly A.,Halo,Wishing Well,Affirmed,Katonka,Roberto,Kelley's Day,クリスタルパレス,タニノシーバード,サンデーサイレンス,キャンペンガール,Gulch,So Cozy,Mr. Prospector,File,Dance Spell,Witching Hour,Damascus,Aphonia,Ambehaving,Swift Deal,Hail to Reason,Cosmah,Understanding,Mountain Flower,Exclusive Native,Won't Tell You,Minnesota Mac,Minnetonka,Hail to Reason,Bramalea,Graustark,Golden Trail,Caro,Hermieres,Sea-Bird,Flaxen,Halo,Wishing Well,マルゼンスキー,レディーシラオキ,Mr. Prospector,Jameela,Lyphard,Special Warmth
2022103150,ヘニーヒューズ,タイキグラミー,ヘネシー,Meadow Flyer,フレンチデピュティ,リンクスオブタイム,Storm Cat,Island Kitty,Meadowlake,Shortley,Deputy Minister,Mitterand,ジェイドロバリー,リンクスオブゴールド,Storm Bird,Terlingua,Hawaii,T. C. Kitten,Hold Your Peace,Suspicious Native,Hagley,Short Winded,Vice Regent,Mint Copy,Hold Your Peace,Laredo Lass,Mr. Prospector,Number,Linkage,State Treasure,Northern Dancer,South Ocean,Secretariat,Crimson Saint,Utrillo,Ethane,Tom Cat,Needlebug,Speak John,Blue Moon,Raise a Native,Be Suspicious,Olden Times,Teo Pepi,Harvest Singing,Wild Cloud,Northern Dancer,Victoria Regina,Bunty's Flight,Shakney,Speak John,Blue Moon,Bold Ruler,Fortunate Isle,Raise a Native,Gold Digger,Nijinsky,Special,Hoist the Flag,Unity Hall,Secretariat,Diomedia
2022100136,エピファネイア,スカイノダン,シンボリクリスエス,シーザリオ,サクラバクシンオー,シビル,Kris S.,Tee Kay,スペシャルウィーク,キロフプリミエール,サクラユタカオー,サクラハゴロモ,Wild Again,シャロン,Roberto,Sharp Queen,Gold Meridian,Tri Argo,サンデーサイレンス,キャンペンガール,Sadler's Wells,Querida,テスコボーイ,アンジェリカ,ノーザンテースト,クリアアンバー,Icecapade,Bushel-n-Peck,Mo Exception,Double Wiggle,Hail to Reason,Bramalea,Princequillo,Bridgework,Seattle Slew,Queen Louie,Tri Jet,Hail Proudly,Halo,Wishing Well,マルゼンスキー,レディーシラオキ,Northern Dancer,Fairy Bridge,Habitat,Principia,Princely Gift,Suncourt,ネヴァービート,スターハイネス,Northern Dancer,Lady Victoria,Ambiopoise,One Clear Call,Nearctic,Shenanigans,Khaled,Dama,Hard Work,With Exception,Sir Wiggle,Blue Double
2021107278,オルフェーヴル,ミラクルベリー,ステイゴールド,オリエンタルアート,ファルブラヴ,ミラクルワウ,サンデーサイレンス,ゴールデンサッシュ,メジロマックイーン,エレクトロアート,Fairy King,Gift of the Night,フジキセキ,トリプルワウ,Halo,Wishing Well,ディクタス,ダイナサッシュ,メジロティターン,メジロオーロラ,ノーザンテースト,グランマスティーヴンス,Northern Dancer,Fairy Bridge,Slewpy,Little Nana,サンデーサイレンス,ミルレーサー,Coastal,Iva Reputation,Hail to Reason,Cosmah,Understanding,Mountain Flower,Sanctus,Doronic,ノーザンテースト,ロイヤルサッシュ,メジロアサマ,シエリル,リマンド,メジロアイリス,Northern Dancer,Lady Victoria,Lt. Stevens,Dhow,Nearctic,Natalma,Bold Reason,Special,Seattle Slew,Rare Bouquet,Lithiot,Nenana Road,Halo,Wishing Well,Le Fabuleux,Marston's Mill,Majestic Prince,Alluvial,Sir Ivor,Reputation
2022106631,シニスターミニスター,キングベイビー,Old Trieste,Sweet Minister,マンハッタンカフェ,シネマスコープ,A.P. Indy,Lovlier Linda,The Prime Minister,Sweet Blue,サンデーサイレンス,サトルチェンジ,トニービン,ブルーハワイ,Seattle Slew,Weekend Surprise,Vigors,Linda Summers,Deputy Minister,Stick to Beauty,Hurry Up Blue,Sugar Gold,Halo,Wishing Well,Law Society,Santa Luciana,カンパラ,Severn Bridge,スリルショー,サニースワップス,Bold Reasoning,My Charmer,Secretariat,Lassie Dear,Grey Dawn,Relifordie,Crozier,Queenly Gift,Vice Regent,Mint Copy,Illustrious,Hail to Beauty,Mr. Leader,Blue Baroness,Mr. Prospector,Miss Ironside,Hail to Reason,Cosmah,Understanding,Mountain Flower,Alleged,Bold Bikini,Luciano,Suleika,Kalamoun,State Pension,Hornbeam,Priddy Fair,Northern Baby,Splendid Girl,Hawaii,アイアンエイジ
2022105722,シニスターミニスター,ベルプラージュ,Old Trieste,Sweet Minister,キングカメハメハ,ベルフィーチャー,A.P. Indy,Lovlier Linda,The Prime Minister,Sweet Blue,Kingmambo,マンファス,アグネスタキオン,ベルクラシック,Seattle Slew,Weekend Surprise,Vigors,Linda Summers,Deputy Minister,Stick to Beauty,Hurry Up Blue,Sugar Gold,Mr. Prospector,Miesque,ラストタイクーン,Pilot Bird,サンデーサイレンス,アグネスフローラ,A.P. Indy,ベルピアノ,Bold Reasoning,My Charmer,Secretariat,Lassie Dear,Grey Dawn,Relifordie,Crozier,Queenly Gift,Vice Regent,Mint Copy,Illustrious,Hail to Beauty,Mr. Leader,Blue Baroness,Mr. Prospector,Miss Ironside,Raise a Native,Gold Digger,Nureyev,Pasadoble,トライマイベスト,Mill Princess,Blakeney,The Dancer,Halo,Wishing Well,ロイヤルスキー,アグネスレディー,Seattle Slew,Weekend Surprise,Fappiano,Bel Sheba
2022102691,モズアスコット,ジュウニンノナカマ,Frankel,India,キングズベスト,グランプリエンゼル,Galileo,Kind,ヘネシー,Misty Hour,Kingmambo,Allegretta,アグネスデジタル,アンダンテ,Sadler's Wells,Urban Sea,デインヒル,Rainbow Lake,Storm Cat,Island Kitty,Miswaki,Our Tina Marie,Mr. Prospector,Miesque,Lombard,Anatevka,Crafty Prospector,Chancey Squaw,サンデーサイレンス,ダイナプレリュード,Northern Dancer,Fairy Bridge,Miswaki,Allegretta,Danzig,Razyana,Rainbow Quest,Rockfest,Storm Bird,Terlingua,Hawaii,T. C. Kitten,Mr. Prospector,Hopespringseternal,Nijinsky,Java Moon,Raise a Native,Gold Digger,Nureyev,Pasadoble,Agio,Promised Lady,Espresso,Almyra,Mr. Prospector,Real Crafty Lady,Chief's Crown,Allicance,Halo,Wishing Well,ノーザンテースト,ダイナリーズン
2022102722,ドゥラメンテ,アイリスフィール,キングカメハメハ,アドマイヤグルーヴ,ハービンジャー,シルクアイリス,Kingmambo,マンファス,サンデーサイレンス,エアグルーヴ,Dansili,Penang Pearl,ディープインパクト,タガノアイリス,Mr. Prospector,Miesque,ラストタイクーン,Pilot Bird,Halo,Wishing Well,トニービン,ダイナカール,デインヒル,Hasili,Bering,Guapa,サンデーサイレンス,ウインドインハーヘア,トニービン,マルカアイリス,Raise a Native,Gold Digger,Nureyev,Pasadoble,トライマイベスト,Mill Princess,Blakeney,The Dancer,Hail to Reason,Cosmah,Understanding,Mountain Flower,カンパラ,Severn Bridge,ノーザンテースト,シャダイフェザー,Danzig,Razyana,Kahyasi,Kerali,Arctic Tern,Beaune,Shareef Dancer,Sauceboat,Halo,Wishing Well,Alzao,Burghclere,カンパラ,Severn Bridge,ブレイヴェストローマン,イカホゲレン
2022103733,デクラレーションオブウォー,イチリュウ,War Front,Tempo West,キングヘイロー,キハク,Danzig,Starry Dreamer,Rahy,Tempo,ダンシングブレーヴ,グッバイヘイロー,アサティス,ウイニングベット,Northern Dancer,Pas de Nom,Rubiano,Lara's Star,Blushing Groom,Glorious Song,Gone West,Terpsichorist,Lyphard,Navajo Princess,Halo,Pound Foolish,Topsider,Secret Asset,アローエクスプレス,ノースフェイス,Nearctic,Natalma,Admiral's Voyage,Petitioner,Fappiano,Ruby Slippers,Forli,True Reality,Red God,Runaway Bride,Halo,Ballade,Mr. Prospector,Secrettame,Nijinsky,Glad Rags,Northern Dancer,Goofed,Drone,Olmec,Hail to Reason,Cosmah,Sir Ivor,Squander,Northern Dancer,Drumtop,Graustark,Numbered Account,スパニッシュイクスプレス,ソーダストリーム,マルゼンスキー,グランドターキン
2022105791,ルヴァンスレーヴ,サダムグランジュテ,シンボリクリスエス,マエストラーレ,キングカメハメハ,シーズライクリオ,Kris S.,Tee Kay,ネオユニヴァース,オータムブリーズ,Kingmambo,マンファス,Boundary,Leading Rhyme,Roberto,Sharp Queen,Gold Meridian,Tri Argo,サンデーサイレンス,ポインテッドパス,ティンバーカントリー,セプテンバーソング,Mr. Prospector,Miesque,ラストタイクーン,Pilot Bird,Danzig,Edge,Mr. Leader,Gay Sonnet,Hail to Reason,Bramalea,Princequillo,Bridgework,Seattle Slew,Queen Louie,Tri Jet,Hail Proudly,Halo,Wishing Well,Kris,Silken Way,Woodman,Fall Aspen,リアルシャダイ,ダイナフェアリー,Raise a Native,Gold Digger,Nureyev,Pasadoble,トライマイベスト,Mill Princess,Blakeney,The Dancer,Northern Dancer,Pas de Nom,Damascus,Ponte Vecchio,Hail to Reason,Jolie Deja,Sailor,Gay Rig
2021103809,ミュゼスルタン,ベルシエロ,キングカメハメハ,アスクデピュティ,ダイワメジャー,ディーバ,Kingmambo,マンファス,フレンチデピュティ,マルカコマチ,サンデーサイレンス,スカーレットブーケ,Crafty Prospector,ミスセクレト,Mr. Prospector,Miesque,ラストタイクーン,Pilot Bird,Deputy Minister,Mitterand,サンデーサイレンス,ナショナルフラッグ,Halo,Wishing Well,ノーザンテースト,スカーレットインク,Mr. Prospector,Real Crafty Lady,セクレト,My First Fling,Raise a Native,Gold Digger,Nureyev,Pasadoble,トライマイベスト,Mill Princess,Blakeney,The Dancer,Vice Regent,Mint Copy,Hold Your Peace,Laredo Lass,Halo,Wishing Well,ディクタス,ダイナワールド,Hail to Reason,Cosmah,Understanding,Mountain Flower,Northern Dancer,Lady Victoria,Crimson Satan,Consentida,Raise a Native,Gold Digger,In Reality,Princess Roycraft,Northern Dancer,Betty's Secret,Olden Times,Hello Theo
2021106164,ヘニーヒューズ,ヘイローフジ,ヘネシー,Meadow Flyer,キングヘイロー,アサカフジ,Storm Cat,Island Kitty,Meadowlake,Shortley,ダンシングブレーヴ,グッバイヘイロー,Seeking the Gold,Connie's Gift,Storm Bird,Terlingua,Hawaii,T. C. Kitten,Hold Your Peace,Suspicious Native,Hagley,Short Winded,Lyphard,Navajo Princess,Halo,Pound Foolish,Mr. Prospector,Con Game,Nijinsky,コニーノーズ,Northern Dancer,South Ocean,Secretariat,Crimson Saint,Utrillo,Ethane,Tom Cat,Needlebug,Speak John,Blue Moon,Raise a Native,Be Suspicious,Olden Times,Teo Pepi,Harvest Singing,Wild Cloud,Northern Dancer,Goofed,Drone,Olmec,Hail to Reason,Cosmah,Sir Ivor,Squander,Raise a Native,Gold Digger,Buckpasser,Broadway,Northern Dancer,Flaming Page,Buckpasser,Homespun
2022102131,モズアスコット,ショウサンウルル,Frankel,India,Grand Slam,キングズラヴ,Galileo,Kind,ヘネシー,Misty Hour,Gone West,Bright Candles,Kingmambo,Love From the Air,Sadler's Wells,Urban Sea,デインヒル,Rainbow Lake,Storm Cat,Island Kitty,Miswaki,Our Tina Marie,Mr. Prospector,Secrettame,El Gran Senor,Christmas Bonus,Mr. Prospector,Miesque,Deputy Minister,Solar,Northern Dancer,Fairy Bridge,Miswaki,Allegretta,Danzig,Razyana,Rainbow Quest,Rockfest,Storm Bird,Terlingua,Hawaii,T. C. Kitten,Mr. Prospector,Hopespringseternal,Nijinsky,Java Moon,Raise a Native,Gold Digger,Secretariat,Tamerett,Northern Dancer,Sex Appeal,Key to the Mint,Sugar Plum Time,Raise a Native,Gold Digger,Nureyev,Pasadoble,Vice Regent,Mint Copy,Halo,Sex Appeal
2021101226,ゴールドシップ,クリノスペシャル,ステイゴールド,ポイントフラッグ,スペシャルウィーク,ペパーミントグラス,サンデーサイレンス,ゴールデンサッシュ,メジロマックイーン,パストラリズム,サンデーサイレンス,キャンペンガール,ヘクタープロテクター,ミユキカマダ,Halo,Wishing Well,ディクタス,ダイナサッシュ,メジロティターン,メジロオーロラ,プルラリズム,トクノエイティー,Halo,Wishing Well,マルゼンスキー,レディーシラオキ,Woodman,Korveya,ダイアトム,ヤヨイカマダ,Hail to Reason,Cosmah,Understanding,Mountain Flower,Sanctus,Doronic,ノーザンテースト,ロイヤルサッシュ,メジロアサマ,シエリル,リマンド,メジロアイリス,The Minstrel,Cambretta,トライバルチーフ,アイアンルビー,Hail to Reason,Cosmah,Understanding,Mountain Flower,Nijinsky,シル,セントクレスピン,ミスアシヤガワ,Mr. Prospector,プレイメイト,Riverman,Konafa,Sicambre,Dictaway,チャイナロック,コランディア
2021104039,パイロ,グーテデロワ,Pulpit,Wild Vision,スペシャルウィーク,シャーパリ,A.P. Indy,Preach,Wild Again,Carol's Wonder,サンデーサイレンス,キャンペンガール,Winning,Shapur,Seattle Slew,Weekend Surprise,Mr. Prospector,Narrate,Icecapade,Bushel-n-Peck,Pass the Tab,Carols Christmas,Halo,Wishing Well,マルゼンスキー,レディーシラオキ,Nijinsky,Little Happiness,Sharp-Eyed Quillo,Propulsiva,Bold Reasoning,My Charmer,Secretariat,Lassie Dear,Raise a Native,Gold Digger,Honest Pleasure,State,Nearctic,Shenanigans,Khaled,Dama,Al Hattab,Dantina,Whitesburg,Light Verse,Hail to Reason,Cosmah,Understanding,Mountain Flower,Nijinsky,シル,セントクレスピン,ミスアシヤガワ,Northern Dancer,Flaming Page,Raise a Native,Tim Marie,One-Eyed King,Quillopoly,Prologo,Jactanciosa
2021104810,ジャスタウェイ,ワンダーオブリップス,ハーツクライ,シビル,Champs Elysees,Wunderblume,サンデーサイレンス,アイリッシュダンス,Wild Again,シャロン,デインヒル,Hasili,Lomitas,Wurfbahn,Halo,Wishing Well,トニービン,ビューパーダンス,Icecapade,Bushel-n-Peck,Mo Exception,Double Wiggle,Danzig,Razyana,Kahyasi,Kerali,Niniski,La Colorada,Frontal,Wolkenpracht,Hail to Reason,Cosmah,Understanding,Mountain Flower,カンパラ,Severn Bridge,Lyphard,My Bupers,Nearctic,Shenanigans,Khaled,Dama,Hard Work,With Exception,Sir Wiggle,Blue Double,Northern Dancer,Pas de Nom,His Majesty,Spring Adieu,イルドブルボン,Kadissya,High Line,Sookera,Nijinsky,Virginia Hills,Surumu,La Dorada,Le Haar,Favreal,Pitskelly,Wolke
2019106671,マジェスティックウォリアー,エリモトゥデイ,A.P. Indy,Dream Supreme,ワイルドラッシュ,レースカム,Seattle Slew,Weekend Surprise,Seeking the Gold,Spinning Round,Wild Again,Rose Park,Mr. Prospector,Video,Bold Reasoning,My Charmer,Secretariat,Lassie Dear,Mr. Prospector,Con Game,Dixieland Band,Take Heart,Icecapade,Bushel-n-Peck,Plugged Nickle,Hardship,Raise a Native,Gold Digger,Nijinsky,Foreseer,Boldnesian,Reason to Earn,Poker,Fair Charmer,Bold Ruler,Somethingroyal,Buckpasser,Gay Missile,Raise a Native,Gold Digger,Buckpasser,Broadway,Northern Dancer,Mississippi Mud,Secretariat,Deck Stewardess,Nearctic,Shenanigans,Khaled,Dama,Key to the Mint,Toll Booth,Drone,Hard and Fast,Native Dancer,Raise You,Nashua,Sequence,Northern Dancer,Flaming Page,Round Table,Regal Gleam
2019100326,キズナ,ビバエルフ,ディープインパクト,キャットクイル,コロナドズクエスト,エルフィン,サンデーサイレンス,ウインドインハーヘア,Storm Cat,Pacific Princess,フォーティナイナー,Laughing Look,ダンシングブレーヴ,ロジータ,Halo,Wishing Well,Alzao,Burghclere,Storm Bird,Terlingua,Damascus,Fiji,Mr. Prospector,File,Damascus,Laughter,Lyphard,Navajo Princess,ミルジョージ,メロウマダング,Hail to Reason,Cosmah,Understanding,Mountain Flower,Lyphard,Lady Rebecca,Busted,Highclere,Northern Dancer,South Ocean,Secretariat,Crimson Saint,Sword Dancer,Kerala,Acropolis,Rififi,Raise a Native,Gold Digger,Tom Rolfe,Continue,Sword Dancer,Kerala,Bold Ruler,Shenanigans,Northern Dancer,Goofed,Drone,Olmec,Mill Reef,Miss Charisma,マダング,スピードキヨフジ
2021106548,ヤマカツエース,タガノミューチャン,キングカメハメハ,ヤマカツマリリン,ハーツクライ,エイシンミュー,Kingmambo,マンファス,グラスワンダー,イクセプトフォーワンダ,サンデーサイレンス,アイリッシュダンス,スピニングワールド,エイシンブライドル,Mr. Prospector,Miesque,ラストタイクーン,Pilot Bird,Silver Hawk,Ameriflora,Tejabo,Unique Gal,Halo,Wishing Well,トニービン,ビューパーダンス,Nureyev,Imperfect Circle,Unbridled,Cahooters,Raise a Native,Gold Digger,Nureyev,Pasadoble,トライマイベスト,Mill Princess,Blakeney,The Dancer,Roberto,Gris Vitesse,Danzig,Graceful Touch,Deputy Minister,Cutty,Bold Ruckus,Spin to Win,Hail to Reason,Cosmah,Understanding,Mountain Flower,カンパラ,Severn Bridge,Lyphard,My Bupers,Northern Dancer,Special,Riverman,Aviance,Fappiano,Gana Facil,Storm Cat,Puss in Cahoots
2021106193,ゴールドシップ,イクスキューズ,ステイゴールド,ポイントフラッグ,ボストンハーバー,クリスティキャット,サンデーサイレンス,ゴールデンサッシュ,メジロマックイーン,パストラリズム,Capote,Harbor Springs,Majestic Light,Toll Booth,Halo,Wishing Well,ディクタス,ダイナサッシュ,メジロティターン,メジロオーロラ,プルラリズム,トクノエイティー,Seattle Slew,Too Bald,Vice Regent,Tinnitus,Majestic Prince,Irradiate,Buckpasser,Missy Baba,Hail to Reason,Cosmah,Understanding,Mountain Flower,Sanctus,Doronic,ノーザンテースト,ロイヤルサッシュ,メジロアサマ,シエリル,リマンド,メジロアイリス,The Minstrel,Cambretta,トライバルチーフ,アイアンルビー,Bold Reasoning,My Charmer,Bald Eagle,Hidden Talent,Northern Dancer,Victoria Regina,Restless Wind,Dors,Raise a Native,Gay Hostess,Ribot,High Voltage,Tom Fool,Busanda,My Babu,Uvira
2022101329,ウインブライト,ブルーエクセル,ステイゴールド,サマーエタニティ,ロードカナロア,ピュアエクセル,サンデーサイレンス,ゴールデンサッシュ,アドマイヤコジーン,オールフォーゲラン,キングカメハメハ,レディブラッサム,アドマイヤムーン,エリモエクセル,Halo,Wishing Well,ディクタス,ダイナサッシュ,Cozzene,アドマイヤマカディ,ジェイドロバリー,ミスゲラン,Kingmambo,マンファス,Storm Cat,サラトガデュー,エンドスウィープ,マイケイティーズ,ロドリゴデトリアーノ,エリモファンタジー,Hail to Reason,Cosmah,Understanding,Mountain Flower,Sanctus,Doronic,ノーザンテースト,ロイヤルサッシュ,Caro,Ride the Trails,ノーザンテースト,ミセスマカディー,Mr. Prospector,Number,マルゼンスキー,ゲラン,Mr. Prospector,Miesque,ラストタイクーン,Pilot Bird,Storm Bird,Terlingua,Cormorant,Super Luna,フォーティナイナー,Broom Dance,サンデーサイレンス,ケイティーズファースト,El Gran Senor,Hot Princess,Riverman,Share the Fantasy
2019107025,オルフェーヴル,クレバースプリント,ステイゴールド,オリエンタルアート,サクラバクシンオー,スギノプリンセス,サンデーサイレンス,ゴールデンサッシュ,メジロマックイーン,エレクトロアート,サクラユタカオー,サクラハゴロモ,マルゼンスキー,ダイナソシエ,Halo,Wishing Well,ディクタス,ダイナサッシュ,メジロティターン,メジロオーロラ,ノーザンテースト,グランマスティーヴンス,テスコボーイ,アンジェリカ,ノーザンテースト,クリアアンバー,Nijinsky,シル,ノーザンテースト,シヤダイアグリー,Hail to Reason,Cosmah,Understanding,Mountain Flower,Sanctus,Doronic,ノーザンテースト,ロイヤルサッシュ,メジロアサマ,シエリル,リマンド,メジロアイリス,Northern Dancer,Lady Victoria,Lt. Stevens,Dhow,Princely Gift,Suncourt,ネヴァービート,スターハイネス,Northern Dancer,Lady Victoria,Ambiopoise,One Clear Call,Northern Dancer,Flaming Page,Buckpasser,Quill,Northern Dancer,Lady Victoria,エルセンタウロ,グローブターフ
2019104092,キズナ,メイショウスズラン,ディープインパクト,キャットクイル,キングカメハメハ,クィーンズダガー,サンデーサイレンス,ウインドインハーヘア,Storm Cat,Pacific Princess,Kingmambo,マンファス,Rahy,ケイティーズファースト,Halo,Wishing Well,Alzao,Burghclere,Storm Bird,Terlingua,Damascus,Fiji,Mr. Prospector,Miesque,ラストタイクーン,Pilot Bird,Blushing Groom,Glorious Song,Kris,Katies,Hail to Reason,Cosmah,Understanding,Mountain Flower,Lyphard,Lady Rebecca,Busted,Highclere,Northern Dancer,South Ocean,Secretariat,Crimson Saint,Sword Dancer,Kerala,Acropolis,Rififi,Raise a Native,Gold Digger,Nureyev,Pasadoble,トライマイベスト,Mill Princess,Blakeney,The Dancer,Red God,Runaway Bride,Halo,Ballade,Sharpen Up,Doubly Sure,ノノアルコ,Mortefontaine
2021102728,サトノダイヤモンド,ビーウインド,ディープインパクト,マルペンサ,スピニングワールド,ビクトリーマッハ,サンデーサイレンス,ウインドインハーヘア,Orpen,Marsella,Nureyev,Imperfect Circle,バンブーアトラス,ワンスウエド,Halo,Wishing Well,Alzao,Burghclere,Lure,Bonita Francita,サザンヘイロー,Riviere,Northern Dancer,Special,Riverman,Aviance,ジムフレンチ,バンブーシザラ,Blushing Groom,Noura,Hail to Reason,Cosmah,Understanding,Mountain Flower,Lyphard,Lady Rebecca,Busted,Highclere,Danzig,Endear,Devil's Bag,Raise the Standard,Halo,Northern Sea,Logical,Talonada,Nearctic,Natalma,Forli,Thong,Never Bend,River Lady,Northfields,Minnie Hauk,Graustark,Dinner Partner,テスコボーイ,シザラ,Red God,Runaway Bride,Key to the Kingdom,River Guide
2018103590,ロードカナロア,シティウェルズ,キングカメハメハ,レディブラッサム,City Zip,Meteor Wells,Kingmambo,マンファス,Storm Cat,サラトガデュー,Carson City,Baby Zip,Sadler's Wells,Meteor Stage,Mr. Prospector,Miesque,ラストタイクーン,Pilot Bird,Storm Bird,Terlingua,Cormorant,Super Luna,Mr. Prospector,Blushing Promise,Relaunch,Thirty Zip,Northern Dancer,Fairy Bridge,Stage Door Johnny,Northern Meteor,Raise a Native,Gold Digger,Nureyev,Pasadoble,トライマイベスト,Mill Princess,Blakeney,The Dancer,Northern Dancer,South Ocean,Secretariat,Crimson Saint,His Majesty,Song Sparrow,In Reality,Alada,Raise a Native,Gold Digger,Blushing Groom,Summertime Promise,In Reality,Foggy Note,Tri Jet,Sailaway,Nearctic,Natalma,Bold Reason,Special,Prince John,Peroxide Blonde,Northern Dancer,Patelin
2019102937,コパノリッキー,レスタンノール,ゴールドアリュール,コパノニキータ,ステイゴールド,ディラローシェ,サンデーサイレンス,ニキーヤ,ティンバーカントリー,ニホンピロローズ,サンデーサイレンス,ゴールデンサッシュ,デインヒル,Sea Port,Halo,Wishing Well,Nureyev,Reluctant Guest,Woodman,Fall Aspen,トニービン,ウェディングブーケ,Halo,Wishing Well,ディクタス,ダイナサッシュ,Danzig,Razyana,Averof,Anchor,Hail to Reason,Cosmah,Understanding,Mountain Flower,Northern Dancer,Special,Hostage,Vaguely Royal,Mr. Prospector,プレイメイト,Pretense,Change Water,カンパラ,Severn Bridge,リアルシャダイ,アリーウイン,Hail to Reason,Cosmah,Understanding,Mountain Flower,Sanctus,Doronic,ノーザンテースト,ロイヤルサッシュ,Northern Dancer,Pas de Nom,His Majesty,Spring Adieu,Sing Sing,Argentina,Major Portion,Ripeck
2021106635,キズナ,ディルガ,ディープインパクト,キャットクイル,Curlin,Baghdaria,サンデーサイレンス,ウインドインハーヘア,Storm Cat,Pacific Princess,Smart Strike,Sherriff's Deputy,ロイヤルアカデミー,Oatsee,Halo,Wishing Well,Alzao,Burghclere,Storm Bird,Terlingua,Damascus,Fiji,Mr. Prospector,Classy'n Smart,Deputy Minister,Barbarika,Nijinsky,Crimson Saint,Unbridled,With Every Wish,Hail to Reason,Cosmah,Understanding,Mountain Flower,Lyphard,Lady Rebecca,Busted,Highclere,Northern Dancer,South Ocean,Secretariat,Crimson Saint,Sword Dancer,Kerala,Acropolis,Rififi,Raise a Native,Gold Digger,Smarten,No Class,Vice Regent,Mint Copy,Bates Motel,War Exchange,Northern Dancer,Flaming Page,Crimson Satan,Bolero Rose,Fappiano,Gana Facil,Lear Fan,Amo
2021105454,リオンディーズ,オーサムウインド,キングカメハメハ,シーザリオ,ディープインパクト,オーサムフェザー,Kingmambo,マンファス,スペシャルウィーク,キロフプリミエール,サンデーサイレンス,ウインドインハーヘア,Awesome of Course,Precious Feather,Mr. Prospector,Miesque,ラストタイクーン,Pilot Bird,サンデーサイレンス,キャンペンガール,Sadler's Wells,Querida,Halo,Wishing Well,Alzao,Burghclere,Awesome Again,Mais Oui,Gone West,Last Feather,Raise a Native,Gold Digger,Nureyev,Pasadoble,トライマイベスト,Mill Princess,Blakeney,The Dancer,Halo,Wishing Well,マルゼンスキー,レディーシラオキ,Northern Dancer,Fairy Bridge,Habitat,Principia,Hail to Reason,Cosmah,Understanding,Mountain Flower,Lyphard,Lady Rebecca,Busted,Highclere,Deputy Minister,Primal Force,Lyphard,Affirmatively,Mr. Prospector,Secrettame,Vaguely Noble,Quill
2021104893,ハーツクライ,トータルヒート,サンデーサイレンス,アイリッシュダンス,Street Cry,リーサルヒート,Halo,Wishing Well,トニービン,ビューパーダンス,Machiavellian,Helen Street,Unusual Heat,Lethal Leta,Hail to Reason,Cosmah,Understanding,Mountain Flower,カンパラ,Severn Bridge,Lyphard,My Bupers,Mr. Prospector,Coup de Folie,Troy,Waterway,Nureyev,Rossard,Synastry,Tiptopper,Turn-to,Nothirdchance,Cosmic Bomb,Almahmoud,Promised Land,Pretty Ways,Montparnasse,Edelweiss,Kalamoun,State Pension,Hornbeam,Priddy Fair,Northern Dancer,Goofed,Bupers,Princess Revoked,Raise a Native,Gold Digger,Halo,Raise the Standard,Petingo,La Milo,Riverman,Boulevard,Northern Dancer,Special,Glacial,Peas-Blossom,Seattle Slew,Municipal Bond,Shecky Greene,Out Draw
2019105239,ディープインパクト,シーヴ,サンデーサイレンス,ウインドインハーヘア,Mineshaft,Belterra,Halo,Wishing Well,Alzao,Burghclere,A.P. Indy,Prospectors Delite,Unbridled,Cruising Haven,Hail to Reason,Cosmah,Understanding,Mountain Flower,Lyphard,Lady Rebecca,Busted,Highclere,Seattle Slew,Weekend Surprise,Mr. Prospector,Up the Flagpole,Fappiano,Gana Facil,Shelter Half,Sailing Leader,Turn-to,Nothirdchance,Cosmic Bomb,Almahmoud,Promised Land,Pretty Ways,Montparnasse,Edelweiss,Northern Dancer,Goofed,Sir Ivor,Pocahontas,Crepello,Sans le Sou,Queen's Hussar,Highlight,Bold Reasoning,My Charmer,Secretariat,Lassie Dear,Raise a Native,Gold Digger,Hoist the Flag,The Garden Club,Mr. Prospector,Killaloe,Le Fabuleux,Charedi,Tentam,Gay Matelda,Mr. Leader,Sailor Town
2021105557,レイデオロ,シャルマント,キングカメハメハ,ラドラーダ,エンパイアメーカー,ライツェント,Kingmambo,マンファス,シンボリクリスエス,レディブロンド,Unbridled,Toussaud,スペシャルウィーク,ソニンク,Mr. Prospector,Miesque,ラストタイクーン,Pilot Bird,Kris S.,Tee Kay,Seeking the Gold,ウインドインハーヘア,Fappiano,Gana Facil,El Gran Senor,Image of Reality,サンデーサイレンス,キャンペンガール,Machiavellian,Sonic Lady,Raise a Native,Gold Digger,Nureyev,Pasadoble,トライマイベスト,Mill Princess,Blakeney,The Dancer,Roberto,Sharp Queen,Gold Meridian,Tri Argo,Mr. Prospector,Con Game,Alzao,Burghclere,Mr. Prospector,Killaloe,Le Fabuleux,Charedi,Northern Dancer,Sex Appeal,In Reality,Edee's Image,Halo,Wishing Well,マルゼンスキー,レディーシラオキ,Mr. Prospector,Coup de Folie,Nureyev,Stumped
2022104401,シルバーステート,ハイドラン,ディープインパクト,シルヴァースカヤ,ローエングリン,ミミオブパラダイス,サンデーサイレンス,ウインドインハーヘア,Silver Hawk,Boubskaia,シングスピール,カーリング,ダンスインザダーク,ヘヴンリーアドヴァイス,Halo,Wishing Well,Alzao,Burghclere,Roberto,Gris Vitesse,Niniski,Frenetique,In the Wings,Glorious Song,Garde Royale,Corraleja,サンデーサイレンス,ダンシングキイ,Theatrical,パーソナリー,Hail to Reason,Cosmah,Understanding,Mountain Flower,Lyphard,Lady Rebecca,Busted,Highclere,Hail to Reason,Bramalea,Amerigo,Matchiche,Nijinsky,Virginia Hills,Tyrant,Femina,Sadler's Wells,High Hawk,Halo,Ballade,Mill Reef,Royal Way,Carvin,Darling Dale,Halo,Wishing Well,Nijinsky,Key Partner,Nureyev,ツリーオブノレッジ,Alydar,Distaff Leader
2022103051,エピファネイア,キャンディバローズ,シンボリクリスエス,シーザリオ,ディープインパクト,アフレタータ,Kris S.,Tee Kay,スペシャルウィーク,キロフプリミエール,サンデーサイレンス,ウインドインハーヘア,タイキシャトル,チャイナブリーズ,Roberto,Sharp Queen,Gold Meridian,Tri Argo,サンデーサイレンス,キャンペンガール,Sadler's Wells,Querida,Halo,Wishing Well,Alzao,Burghclere,Devil's Bag,ウェルシュマフィン,Capote,Nowanna,Hail to Reason,Bramalea,Princequillo,Bridgework,Seattle Slew,Queen Louie,Tri Jet,Hail Proudly,Halo,Wishing Well,マルゼンスキー,レディーシラオキ,Northern Dancer,Fairy Bridge,Habitat,Principia,Hail to Reason,Cosmah,Understanding,Mountain Flower,Lyphard,Lady Rebecca,Busted,Highclere,Halo,Ballade,Caerleon,Muffitys,Seattle Slew,Too Bald,Envoy,Distaff Decider
2020101813,ファインニードル,スタリア,アドマイヤムーン,ニードルクラフト,アルカセット,ダイアゴネル,エンドスウィープ,マイケイティーズ,Mark of Esteem,Sharp Point,Kingmambo,チェサプラナ,Darshaan,Dance of Leaves,フォーティナイナー,Broom Dance,サンデーサイレンス,ケイティーズファースト,Darshaan,Homage,ロイヤルアカデミー,Nice Point,Mr. Prospector,Miesque,Niniski,Top of The League,Shirley Heights,Delsy,Sadler's Wells,Fall Aspen,Mr. Prospector,File,Dance Spell,Witching Hour,Halo,Wishing Well,Kris,Katies,Shirley Heights,Delsy,Ajdal,Home Love,Nijinsky,Crimson Saint,Sharpen Up,Alpine Niece,Raise a Native,Gold Digger,Nureyev,Pasadoble,Nijinsky,Virginia Hills,High Top,Home and Away,Mill Reef,Hardiemma,Abdos,Kelty,Northern Dancer,Fairy Bridge,Pretense,Change Water
2020101784,アメリカンペイトリオット,アプト,War Front,Life Well Lived,アドマイヤムーン,フェリシタス,Danzig,Starry Dreamer,Tiznow,Well Dressed,エンドスウィープ,マイケイティーズ,キングズベスト,Embassy,Northern Dancer,Pas de Nom,Rubiano,Lara's Star,Cee's Tizzy,Cee's Song,Notebook,Trithenia,フォーティナイナー,Broom Dance,サンデーサイレンス,ケイティーズファースト,Kingmambo,Allegretta,Cadeaux Genereux,Pass the Peace,Nearctic,Natalma,Admiral's Voyage,Petitioner,Fappiano,Ruby Slippers,Forli,True Reality,Relaunch,テイズリー,Seattle Song,Lonely Dancer,Well Decorated,Mobcap,Gold Meridian,Tri Argo,Mr. Prospector,File,Dance Spell,Witching Hour,Halo,Wishing Well,Kris,Katies,Mr. Prospector,Miesque,Lombard,Anatevka,Young Generation,Smarten Up,Alzao,Lover's Rose
2021105119,ロードカナロア,ダンスアミーガ,キングカメハメハ,レディブラッサム,サクラバクシンオー,ダンスオールナイト,Kingmambo,マンファス,Storm Cat,サラトガデュー,サクラユタカオー,サクラハゴロモ,エルコンドルパサー,ダンスパートナー,Mr. Prospector,Miesque,ラストタイクーン,Pilot Bird,Storm Bird,Terlingua,Cormorant,Super Luna,テスコボーイ,アンジェリカ,ノーザンテースト,クリアアンバー,Kingmambo,サドラーズギャル,サンデーサイレンス,ダンシングキイ,Raise a Native,Gold Digger,Nureyev,Pasadoble,トライマイベスト,Mill Princess,Blakeney,The Dancer,Northern Dancer,South Ocean,Secretariat,Crimson Saint,His Majesty,Song Sparrow,In Reality,Alada,Princely Gift,Suncourt,ネヴァービート,スターハイネス,Northern Dancer,Lady Victoria,Ambiopoise,One Clear Call,Mr. Prospector,Miesque,Sadler's Wells,Glenveagh,Halo,Wishing Well,Nijinsky,Key Partner
2021100019,シルバーステート,マサノジュエリー,ディープインパクト,シルヴァースカヤ,メイショウボーラー,パルティシオン,サンデーサイレンス,ウインドインハーヘア,Silver Hawk,Boubskaia,タイキシャトル,ナイスレイズ,エルコンドルパサー,ポーラリヴァール,Halo,Wishing Well,Alzao,Burghclere,Roberto,Gris Vitesse,Niniski,Frenetique,Devil's Bag,ウェルシュマフィン,Storm Cat,Nice Tradition,Kingmambo,サドラーズギャル,Caveat,Dodie,Hail to Reason,Cosmah,Understanding,Mountain Flower,Lyphard,Lady Rebecca,Busted,Highclere,Hail to Reason,Bramalea,Amerigo,Matchiche,Nijinsky,Virginia Hills,Tyrant,Femina,Halo,Ballade,Caerleon,Muffitys,Storm Bird,Terlingua,Search Tradition,Nice Dancing,Mr. Prospector,Miesque,Sadler's Wells,Glenveagh,Cannonade,Cold Hearted,Blakeney,Rhodie
2019100965,ダイワメジャー,パルテノン,サンデーサイレンス,スカーレットブーケ,キングカメハメハ,レディパステル,Halo,Wishing Well,ノーザンテースト,スカーレットインク,Kingmambo,マンファス,トニービン,ピンクタートル,Hail to Reason,Cosmah,Understanding,Mountain Flower,Northern Dancer,Lady Victoria,Crimson Satan,Consentida,Mr. Prospector,Miesque,ラストタイクーン,Pilot Bird,カンパラ,Severn Bridge,Blushing Groom,Turtle Cove,Turn-to,Nothirdchance,Cosmic Bomb,Almahmoud,Promised Land,Pretty Ways,Montparnasse,Edelweiss,Nearctic,Natalma,Victoria Park,Lady Angela,Spy Song,Papila,Beau Max,La Menina,Raise a Native,Gold Digger,Nureyev,Pasadoble,トライマイベスト,Mill Princess,Blakeney,The Dancer,Kalamoun,State Pension,Hornbeam,Priddy Fair,Red God,Runaway Bride,Dr. Fager,Sunny Cove
2020107001,グレーターロンドン,キョウエイポズナン,ディープインパクト,ロンドンブリッジ,ルーラーシップ,エバーシャイニング,サンデーサイレンス,ウインドインハーヘア,ドクターデヴィアス,オールフォーロンドン,キングカメハメハ,エアグルーヴ,ゼンノロブロイ,ルヴァーガール,Halo,Wishing Well,Alzao,Burghclere,Ahonoora,Rose of Jericho,Danzig,Full Card,Kingmambo,マンファス,トニービン,ダイナカール,サンデーサイレンス,ローミンレイチェル,Alzao,Girl of My Dreams,Hail to Reason,Cosmah,Understanding,Mountain Flower,Lyphard,Lady Rebecca,Busted,Highclere,Lorenzaccio,Helen Nichols,Alleged,Rose Red,Northern Dancer,Pas de Nom,Damascus,Belle of the Ball,Mr. Prospector,Miesque,ラストタイクーン,Pilot Bird,カンパラ,Severn Bridge,ノーザンテースト,シャダイフェザー,Halo,Wishing Well,マイニング,One Smart Lady,Lyphard,Lady Rebecca,Marju,Stylish Girl
2018103535,ディープインパクト,ビーコンターン,サンデーサイレンス,ウインドインハーヘア,Shamardal,Baize,Halo,Wishing Well,Alzao,Burghclere,Giant's Causeway,Helsinki,Efisio,Bayonne,Hail to Reason,Cosmah,Understanding,Mountain Flower,Lyphard,Lady Rebecca,Busted,Highclere,Storm Cat,Mariah's Storm,Machiavellian,Helen Street,Formidable,Eldoret,Bay Express,Lambay,Turn-to,Nothirdchance,Cosmic Bomb,Almahmoud,Promised Land,Pretty Ways,Montparnasse,Edelweiss,Northern Dancer,Goofed,Sir Ivor,Pocahontas,Crepello,Sans le Sou,Queen's Hussar,Highlight,Storm Bird,Terlingua,Rahy,イメンス,Mr. Prospector,Coup de Folie,Troy,Waterway,Forli,Native Partner,High Top,Bamburi,Polyfoto,Pal Sinna,Lorenzaccio,Treasure Island
2020103043,ジャスタウェイ,ベガスナイト,ハーツクライ,シビル,コロナドズクエスト,Words of War,サンデーサイレンス,アイリッシュダンス,Wild Again,シャロン,フォーティナイナー,Laughing Look,Lord at War,Right Word,Halo,Wishing Well,トニービン,ビューパーダンス,Icecapade,Bushel-n-Peck,Mo Exception,Double Wiggle,Mr. Prospector,File,Damascus,Laughter,General,Luna de Miel,Verbatim,Oratorio,Hail to Reason,Cosmah,Understanding,Mountain Flower,カンパラ,Severn Bridge,Lyphard,My Bupers,Nearctic,Shenanigans,Khaled,Dama,Hard Work,With Exception,Sir Wiggle,Blue Double,Raise a Native,Gold Digger,Tom Rolfe,Continue,Sword Dancer,Kerala,Bold Ruler,Shenanigans,Brigadier Gerard,Mercuriale,Con Brio,Good Will,Speak John,Well Kept,Fleet Nasrullah,Classicist
2018102020,ディープインパクト,ヤマニンパピオネ,サンデーサイレンス,ウインドインハーヘア,スウェプトオーヴァーボード,ヤマニンメルティ,Halo,Wishing Well,Alzao,Burghclere,エンドスウィープ,Sheer Ice,ジェイドロバリー,ワンオブアクライン,Hail to Reason,Cosmah,Understanding,Mountain Flower,Lyphard,Lady Rebecca,Busted,Highclere,フォーティナイナー,Broom Dance,Cutlass,Hey Dolly A.,Mr. Prospector,Number,Danzig,Barely Even,Turn-to,Nothirdchance,Cosmic Bomb,Almahmoud,Promised Land,Pretty Ways,Montparnasse,Edelweiss,Northern Dancer,Goofed,Sir Ivor,Pocahontas,Crepello,Sans le Sou,Queen's Hussar,Highlight,Mr. Prospector,File,Dance Spell,Witching Hour,Damascus,Aphonia,Ambehaving,Swift Deal,Raise a Native,Gold Digger,Nijinsky,Special,Northern Dancer,Pas de Nom,Creme dela Creme,Dodge Me
2022110114,Complexity,Praising,Maclean's Music,Goldfield,Pulpit,Class Above,Distorted Humor,Forest Music,Yes It's True,Folly Dollar,A.P. Indy,Preach,Quiet American,Rainbow Promise,フォーティナイナー,Danzig's Beauty,Unbridled's Song,Defer West,Is It True,Clever Monique,Digression,Real Precious,Seattle Slew,Weekend Surprise,Mr. Prospector,Narrate,Fappiano,Demure,Known Fact,All Things New,Mr. Prospector,File,Danzig,Sweetest Chant,Unbridled,Trolley Song,Gone West,Defer,Raja Baba,Roman Rockette,Clever Trick,Monique Rene,Seattle Slew,Double Axle,Torsion,Magnificent Dawn,Bold Reasoning,My Charmer,Secretariat,Lassie Dear,Raise a Native,Gold Digger,Honest Pleasure,State,Mr. Prospector,Killaloe,Dr. Fager,Quiet Charm,In Reality,Tamerett,One for All,Hazen Point
2021105808,ドゥラメンテ,ミュージカルロマンス,キングカメハメハ,アドマイヤグルーヴ,Concorde's Tune,Candlelightdinner,Kingmambo,マンファス,サンデーサイレンス,エアグルーヴ,Concorde Bound,Parisian Tune,Slew Gin Fizz,Romantic Dinner,Mr. Prospector,Miesque,ラストタイクーン,Pilot Bird,Halo,Wishing Well,トニービン,ダイナカール,Super Concorde,Grey Sister,Tunerup,Paris Or Bust,Relaunch,スループリンセス,Who's for Dinner,Victorious Meg,Raise a Native,Gold Digger,Nureyev,Pasadoble,トライマイベスト,Mill Princess,Blakeney,The Dancer,Hail to Reason,Cosmah,Understanding,Mountain Flower,カンパラ,Severn Bridge,ノーザンテースト,シャダイフェザー,Bold Reasoning,Prime Abord,Iron Ruler,Grey Sibling,The Pruner,Our Girl,Francis S.,Pride of Paris,In Reality,Foggy Note,Seattle Slew,Lillian Russell,Native Charger,Expectancy,Soy Numero Uno,Cricket Club
2017110138,ハットトリック,Nokaze,サンデーサイレンス,トリッキーコード,エンパイアメーカー,Macarena Macarena,Halo,Wishing Well,Lost Code,Dam Clever,Unbridled,Toussaud,Gone West,Angelic Song,Hail to Reason,Cosmah,Understanding,Mountain Flower,Codex,Loss Or Gain,Damascus,Clever Bird,Fappiano,Gana Facil,El Gran Senor,Image of Reality,Mr. Prospector,Secrettame,Halo,Ballade,Turn-to,Nothirdchance,Cosmic Bomb,Almahmoud,Promised Land,Pretty Ways,Montparnasse,Edelweiss,Arts and Letters,Roundup Rose,Ack Ack,Gain Or Loss,Sword Dancer,Kerala,Swoon's Son,Sally Catbird,Mr. Prospector,Killaloe,Le Fabuleux,Charedi,Northern Dancer,Sex Appeal,In Reality,Edee's Image,Raise a Native,Gold Digger,Secretariat,Tamerett,Hail to Reason,Cosmah,Herbager,Miss Swapsco
2021100935,カリフォルニアクローム,ララプリムヴェール,Lucky Pulpit,Love the Chase,クロフネ,マチカネハナサソウ,Pulpit,Lucky Soph,Not for Love,Chase It Down,フレンチデピュティ,ブルーアヴェニュー,スペシャルウィーク,マチカネハツシマダ,A.P. Indy,Preach,Cozzene,Lucky Spell,Mr. Prospector,Dance Number,Polish Numbers,Chase the Dream,Deputy Minister,Mitterand,Classic Go Go,Eliza Blue,サンデーサイレンス,キャンペンガール,Private Account,Yousefia,Seattle Slew,Weekend Surprise,Mr. Prospector,Narrate,Caro,Ride the Trails,Lucky Mel,Incantation,Raise a Native,Gold Digger,Northern Dancer,Numbered Account,Danzig,Numbered Account,Sir Ivor,La Belle Fleur,Vice Regent,Mint Copy,Hold Your Peace,Laredo Lass,Pago Pago,Classic Perfection,Icecapade,コレラ,Halo,Wishing Well,マルゼンスキー,レディーシラオキ,Damascus,Numbered Account,Danzig,Foreign Courier
2022104694,Saxon Warrior,エルヴァス,ディープインパクト,メイビー,Catcher In The Rye,Gran Oleada,サンデーサイレンス,ウインドインハーヘア,Galileo,Sumora,デインヒル,Truly a Dream,Grand Slam,Ondina,Halo,Wishing Well,Alzao,Burghclere,Sadler's Wells,Urban Sea,デインヒル,Rain Flower,Danzig,Razyana,Darshaan,Truly Special,Gone West,Bright Candles,サザンヘイロー,Orsa,Hail to Reason,Cosmah,Understanding,Mountain Flower,Lyphard,Lady Rebecca,Busted,Highclere,Northern Dancer,Fairy Bridge,Miswaki,Allegretta,Danzig,Razyana,Indian Ridge,Rose of Jericho,Northern Dancer,Pas de Nom,His Majesty,Spring Adieu,Shirley Heights,Delsy,Caerleon,Arctique Royale,Mr. Prospector,Secrettame,El Gran Senor,Christmas Bonus,Halo,Northern Sea,Senor Pete,Oh'Sun
2018103368,ラブリーデイ,デンコウデア,キングカメハメハ,ポップコーンジャズ,スペシャルウィーク,プレゼンテーション,Kingmambo,マンファス,ダンスインザダーク,グレイスルーマー,サンデーサイレンス,キャンペンガール,Awesome Again,レディテルライド,Mr. Prospector,Miesque,ラストタイクーン,Pilot Bird,サンデーサイレンス,ダンシングキイ,トニービン,ディスクジョッキー,Halo,Wishing Well,マルゼンスキー,レディーシラオキ,Deputy Minister,Primal Force,A.P. Indy,Highland Crystal,Raise a Native,Gold Digger,Nureyev,Pasadoble,トライマイベスト,Mill Princess,Blakeney,The Dancer,Halo,Wishing Well,Nijinsky,Key Partner,カンパラ,Severn Bridge,リアルシャダイ,シャダイチャッター,Hail to Reason,Cosmah,Understanding,Mountain Flower,Nijinsky,シル,セントクレスピン,ミスアシヤガワ,Vice Regent,Mint Copy,Blushing Groom,Prime Prospect,Seattle Slew,Weekend Surprise,Raise a Man,Highland Mills
2019105487,ロードカナロア,ライラプス,キングカメハメハ,レディブラッサム,フレンチデピュティ,フサイチエアデール,Kingmambo,マンファス,Storm Cat,サラトガデュー,Deputy Minister,Mitterand,サンデーサイレンス,ラスティックベル,Mr. Prospector,Miesque,ラストタイクーン,Pilot Bird,Storm Bird,Terlingua,Cormorant,Super Luna,Vice Regent,Mint Copy,Hold Your Peace,Laredo Lass,Halo,Wishing Well,Mr. Prospector,Ragtime Girl,Raise a Native,Gold Digger,Nureyev,Pasadoble,トライマイベスト,Mill Princess,Blakeney,The Dancer,Northern Dancer,South Ocean,Secretariat,Crimson Saint,His Majesty,Song Sparrow,In Reality,Alada,Northern Dancer,Victoria Regina,Bunty's Flight,Shakney,Speak John,Blue Moon,Bold Ruler,Fortunate Isle,Hail to Reason,Cosmah,Understanding,Mountain Flower,Raise a Native,Gold Digger,Francis S.,Swinging Doll
2022100962,ラブリーデイ,ウイッチクイーン,キングカメハメハ,ポップコーンジャズ,キングヘイロー,ウイッチトウショウ,Kingmambo,マンファス,ダンスインザダーク,グレイスルーマー,ダンシングブレーヴ,グッバイヘイロー,ジェイドロバリー,サマンサトウショウ,Mr. Prospector,Miesque,ラストタイクーン,Pilot Bird,サンデーサイレンス,ダンシングキイ,トニービン,ディスクジョッキー,Lyphard,Navajo Princess,Halo,Pound Foolish,Mr. Prospector,Number,トウショウボーイ,マーブルトウショウ,Raise a Native,Gold Digger,Nureyev,Pasadoble,トライマイベスト,Mill Princess,Blakeney,The Dancer,Halo,Wishing Well,Nijinsky,Key Partner,カンパラ,Severn Bridge,リアルシャダイ,シャダイチャッター,Northern Dancer,Goofed,Drone,Olmec,Hail to Reason,Cosmah,Sir Ivor,Squander,Raise a Native,Gold Digger,Nijinsky,Special,テスコボーイ,ソシアルバターフライ,ダンディルート,チヤイナトウショウ
2021105374,ブリックスアンドモルタル,アニメイトバイオ,Giant's Causeway,Beyond the Waves,ゼンノロブロイ,レーゲンボーゲン,Storm Cat,Mariah's Storm,Ocean Crest,Excedent,サンデーサイレンス,ローミンレイチェル,フレンチデピュティ,レインボーファスト,Storm Bird,Terlingua,Rahy,イメンス,Storm Bird,S.S.Aroma,Exceller,Broadway Lullaby,Halo,Wishing Well,マイニング,One Smart Lady,Deputy Minister,Mitterand,レインボーアンバー,レインボーローズ,Northern Dancer,South Ocean,Secretariat,Crimson Saint,Blushing Groom,Glorious Song,Roberto,Imsodear,Northern Dancer,South Ocean,Seattle Slew,Rare Bouquet,Vaguely Noble,Too Bald,Stage Door Johnny,リットルブレツシング,Hail to Reason,Cosmah,Understanding,Mountain Flower,Mr. Prospector,I Pass,Clever Trick,Pia's Lady,Vice Regent,Mint Copy,Hold Your Peace,Laredo Lass,アンバーシャダイ,イーデンブルース,ファーストファミリー,プティットアミ
2020103632,ドゥラメンテ,マンビア,キングカメハメハ,アドマイヤグルーヴ,アルデバラン,Algoa,Kingmambo,マンファス,サンデーサイレンス,エアグルーヴ,Mr. Prospector,Chimes of Freedom,Common Grounds,Atlantic Blue,Mr. Prospector,Miesque,ラストタイクーン,Pilot Bird,Halo,Wishing Well,トニービン,ダイナカール,Raise a Native,Gold Digger,Private Account,Aviance,Kris,Sweetly,Nureyev,Hail Atlantis,Raise a Native,Gold Digger,Nureyev,Pasadoble,トライマイベスト,Mill Princess,Blakeney,The Dancer,Hail to Reason,Cosmah,Understanding,Mountain Flower,カンパラ,Severn Bridge,ノーザンテースト,シャダイフェザー,Native Dancer,Raise You,Nashua,Sequence,Damascus,Numbered Account,Northfields,Minnie Hauk,Sharpen Up,Doubly Sure,Lyphard,Sweet and Lovely,Northern Dancer,Special,Seattle Slew,Flippers
2021103171,エイシンヒカリ,タイキキララ,ディープインパクト,キャタリナ,キングヘイロー,タイキステラ,サンデーサイレンス,ウインドインハーヘア,Storm Cat,Carolina Saga,ダンシングブレーヴ,グッバイヘイロー,Miswaki,ロイヤルブライド,Halo,Wishing Well,Alzao,Burghclere,Storm Bird,Terlingua,Caro,Key to the Saga,Lyphard,Navajo Princess,Halo,Pound Foolish,Mr. Prospector,Hopespringseternal,Blushing Groom,ロイコン,Hail to Reason,Cosmah,Understanding,Mountain Flower,Lyphard,Lady Rebecca,Busted,Highclere,Northern Dancer,South Ocean,Secretariat,Crimson Saint,フォルティノ,Chambord,Key to the Mint,Sea Saga,Northern Dancer,Goofed,Drone,Olmec,Hail to Reason,Cosmah,Sir Ivor,Squander,Raise a Native,Gold Digger,Buckpasser,Rose Bower,Red God,Runaway Bride,High Top,Madelon
2022105431,サトノダイヤモンド,ナレラ,ディープインパクト,マルペンサ,Reliable Man,Naomia,サンデーサイレンス,ウインドインハーヘア,Orpen,Marsella,Dalakhani,On Fair Stage,Monsun,Nagoya,Halo,Wishing Well,Alzao,Burghclere,Lure,Bonita Francita,サザンヘイロー,Riviere,Darshaan,Daltawa,Sadler's Wells,Fair Salinia,Konigsstuhl,Mosella,Goofalik,Nuas,Hail to Reason,Cosmah,Understanding,Mountain Flower,Lyphard,Lady Rebecca,Busted,Highclere,Danzig,Endear,Devil's Bag,Raise the Standard,Halo,Northern Sea,Logical,Talonada,Shirley Heights,Delsy,Miswaki,Damana,Northern Dancer,Fairy Bridge,Petingo,Fair Arabella,Dschingis Khan,Konigskronung,Surumu,Monasia,Lyphard,Alik,Aspros,Nutria
2021103862,ディスクリートキャット,サテラノサト,Forestry,Pretty Discreet,ディープブリランテ,ウアジェト,Storm Cat,Shared Interest,Private Account,Pretty Persuasive,ディープインパクト,ラヴアンドバブルズ,シンボリクリスエス,リーチトゥピース,Storm Bird,Terlingua,Pleasant Colony,Surgery,Damascus,Numbered Account,Believe It,Bury the Hatchet,サンデーサイレンス,ウインドインハーヘア,Loup Sauvage,バブルドリーム,Kris S.,Tee Kay,Mud Route,Waki Betty,Northern Dancer,South Ocean,Secretariat,Crimson Saint,His Majesty,Sun Colony,Dr. Fager,Bold Sequence,Sword Dancer,Kerala,Buckpasser,Intriguing,In Reality,Breakfast Bell,Tom Rolfe,Christmas Whishes,Halo,Wishing Well,Alzao,Burghclere,Riverman,Louveterie,Akarad,バブルプロスペクター,Roberto,Sharp Queen,Gold Meridian,Tri Argo,Strawberry Road,Our Suzette,Miswaki,Auntie Betty
2022104627,マジェスティックウォリアー,アンソロジー,A.P. Indy,Dream Supreme,サクラバクシンオー,ポップス,Seattle Slew,Weekend Surprise,Seeking the Gold,Spinning Round,サクラユタカオー,サクラハゴロモ,サンデーサイレンス,ポップシンガー,Bold Reasoning,My Charmer,Secretariat,Lassie Dear,Mr. Prospector,Con Game,Dixieland Band,Take Heart,テスコボーイ,アンジェリカ,ノーザンテースト,クリアアンバー,Halo,Wishing Well,Secretariat,Icy Pop,Boldnesian,Reason to Earn,Poker,Fair Charmer,Bold Ruler,Somethingroyal,Buckpasser,Gay Missile,Raise a Native,Gold Digger,Buckpasser,Broadway,Northern Dancer,Mississippi Mud,Secretariat,Deck Stewardess,Princely Gift,Suncourt,ネヴァービート,スターハイネス,Northern Dancer,Lady Victoria,Ambiopoise,One Clear Call,Hail to Reason,Cosmah,Understanding,Mountain Flower,Bold Ruler,Somethingroyal,Icecapade,Calaki
2018105047,キングカメハメハ,サンデースマイル,Kingmambo,マンファス,サンデーサイレンス,センセーション,Mr. Prospector,Miesque,ラストタイクーン,Pilot Bird,Halo,Wishing Well,ソヴィエトスター,Outstandingly,Raise a Native,Gold Digger,Nureyev,Pasadoble,トライマイベスト,Mill Princess,Blakeney,The Dancer,Hail to Reason,Cosmah,Understanding,Mountain Flower,Nureyev,Veruschka,Exclusive Native,La Mesa,Native Dancer,Raise You,Nashua,Sequence,Northern Dancer,Special,Prove Out,Santa Quilla,Northern Dancer,Sex Appeal,Mill Reef,Irish Lass,Hethersett,Windmill Girl,Green Dancer,Khazaeen,Turn-to,Nothirdchance,Cosmic Bomb,Almahmoud,Promised Land,Pretty Ways,Montparnasse,Edelweiss,Northern Dancer,Special,ヴェンチア,Marie d'Anjou,Raise a Native,Exclusive,Round Table,Finance
2023107337,ミスターメロディ,レッドクラウディア,Scat Daddy,Trusty Lady,アグネスタキオン,シェアザストーリー,ヨハネスブルグ,Love Style,Deputy Minister,Klassy Kim,サンデーサイレンス,アグネスフローラ,コマンダーインチーフ,ディアブロズストーリー,ヘネシー,Myth,Mr. Prospector,Likeable Style,Vice Regent,Mint Copy,Silent Screen,クールアライヴァル,Halo,Wishing Well,ロイヤルスキー,アグネスレディー,ダンシングブレーヴ,Slightly Dangerous,ディアブロ,アピーリングストーリー,Storm Cat,Island Kitty,オジジアン,Yarn,Raise a Native,Gold Digger,Nijinsky,Personable Lady,Northern Dancer,Victoria Regina,Bunty's Flight,Shakney,Prince John,Prayer Bell,Relaunch,Irish Arrival,Hail to Reason,Cosmah,Understanding,Mountain Flower,Raja Baba,Coz o'Nijinsky,リマンド,イコマエイカン,Lyphard,Navajo Princess,Roberto,Where You Lead,Devil's Bag,Avilion,Valid Appeal,Charming Story
2023107267,キズナ,ムミービーチ,ディープインパクト,キャットクイル,Treasure Beach,Mumy Stripes,サンデーサイレンス,ウインドインハーヘア,Storm Cat,Pacific Princess,Galileo,Honorine,Equal Stripes,Mutua,Halo,Wishing Well,Alzao,Burghclere,Storm Bird,Terlingua,Damascus,Fiji,Sadler's Wells,Urban Sea,Mark of Esteem,Blue Water,Candy Stripes,Equity,Kitwood,Musicologia,Hail to Reason,Cosmah,Understanding,Mountain Flower,Lyphard,Lady Rebecca,Busted,Highclere,Northern Dancer,South Ocean,Secretariat,Crimson Saint,Sword Dancer,Kerala,Acropolis,Rififi,Northern Dancer,Fairy Bridge,Miswaki,Allegretta,Darshaan,Homage,Bering,Shining Water,Blushing Groom,バブルカンパニー,Equalize,Elysee,Nureyev,Kittiwake,Political Ambition,Melodica
2023100213,クリソベリル,エルクイーン,ゴールドアリュール,クリソプレーズ,Tiznow,エキゾチックエレガンス,サンデーサイレンス,ニキーヤ,エルコンドルパサー,キャサリーンパー,Cee's Tizzy,Cee's Song,Storm Cat,Exotic Wood,Halo,Wishing Well,Nureyev,Reluctant Guest,Kingmambo,サドラーズギャル,Riverman,Regal Exception,Relaunch,テイズリー,Seattle Song,Lonely Dancer,Storm Bird,Terlingua,Rahy,J. D. Flowers,Hail to Reason,Cosmah,Understanding,Mountain Flower,Northern Dancer,Special,Hostage,Vaguely Royal,Mr. Prospector,Miesque,Sadler's Wells,Glenveagh,Never Bend,River Lady,Ribot,Rajput Princess,In Reality,Foggy Note,Lyphard,Tizna,Seattle Slew,Incantation,ナイスダンサー,Sleep Lonely,Northern Dancer,South Ocean,Secretariat,Crimson Saint,Blushing Groom,Glorious Song,Dixieland Band,ブランドオブエレガンス
2023103568,ドレフォン,ミラクルレジェンド,Gio Ponti,Eltimaas,フジキセキ,パーソナルレジェンド,Tale of the Cat,Chipeta Springs,Ghostzapper,Najecam,サンデーサイレンス,ミルレーサー,Awesome Again,Highland Legend,Storm Cat,Yarn,Alydar,Salt Spring,Awesome Again,Baby Zip,Trempolino,Sue Warner,Halo,Wishing Well,Le Fabuleux,Marston's Mill,Deputy Minister,Primal Force,Storm Bird,Santella,Storm Bird,Terlingua,Mr. Prospector,Narrate,Raise a Native,Sweet Tooth,Salt Marsh,Jungle Mythologic,Deputy Minister,Primal Force,Relaunch,Thirty Zip,Sharpen Up,Trephine,Forli,Bitty Girl,Hail to Reason,Cosmah,Understanding,Mountain Flower,Wild Risk,Anguar,In Reality,Millicent,Vice Regent,Mint Copy,Blushing Groom,Prime Prospect,Northern Dancer,South Ocean,Coastal,Santa Quilla
2023104329,サンダースノー,バーンアウル,Helmet,Eastern Joy,コマンズ,チェルビム,Exceed And Excel,Accessories,Dubai Destination,Red Slippers,デインヒル,Cotehele House,サンデーサイレンス,カーリーエンジェル,デインヒル,Patrona,Singspiel,Anna Matrushka,Kingmambo,Mysterial,Nureyev,Morning Devotion,Danzig,Razyana,My Swanee,Eight Carat,Halo,Wishing Well,ジャッジアンジェルーチ,ダイナカール,Danzig,Razyana,Lomond,Gladiolus,In the Wings,Glorious Song,Mill Reef,Anna Paola,Mr. Prospector,Miesque,Alleged,Mysteries,Northern Dancer,Special,Affirmed,Morning Has Broken,Northern Dancer,Pas de Nom,His Majesty,Spring Adieu,Petition,Grey Rhythm,Pieces of Eight,Klairessa,Hail to Reason,Cosmah,Understanding,Mountain Flower,Honest Pleasure,Victorian Queen,ノーザンテースト,シャダイフェザー
2023104323,サトノアラジン,タガノトリオンフ,ディープインパクト,マジックストーム,ワイルドラッシュ,タガノサムアップ,サンデーサイレンス,ウインドインハーヘア,Storm Cat,Foppy Dancer,Wild Again,Rose Park,フジキセキ,スペリオルパール,Halo,Wishing Well,Alzao,Burghclere,Storm Bird,Terlingua,Fappiano,Water Dance,Icecapade,Bushel-n-Peck,Plugged Nickle,Hardship,サンデーサイレンス,ミルレーサー,ティンバーカントリー,パシフィカス,Hail to Reason,Cosmah,Understanding,Mountain Flower,Lyphard,Lady Rebecca,Busted,Highclere,Northern Dancer,South Ocean,Secretariat,Crimson Saint,Mr. Prospector,Killaloe,Nijinsky,Luiana,Nearctic,Shenanigans,Khaled,Dama,Key to the Mint,Toll Booth,Drone,Hard and Fast,Halo,Wishing Well,Le Fabuleux,Marston's Mill,Woodman,Fall Aspen,Northern Dancer,Pacific Princess
2023104979,シャンハイボビー,スラリーアイス,Harlan's Holiday,Steelin',オレハマッテルゼ,クレスコラブリー,Harlan,Christmas in Aiken,Orientate,Steel Band,サンデーサイレンス,カーリーエンジェル,アフリート,メジロライリー,Storm Cat,Country Romance,Affirmed,Dowager,Mt. Livermore,Dream Team,Carson City,ウェディングバンド,Halo,Wishing Well,ジャッジアンジェルーチ,ダイナカール,Mr. Prospector,Polite Lady,モガミ,メジロクインシー,Storm Bird,Terlingua,Halo,Sweet Romance,Exclusive Native,Won't Tell You,Honest Pleasure,Princessnesian,Blushing Groom,Flama Ardiente,Cox's Ridge,Likely Double,Mr. Prospector,Blushing Promise,Mighty Appealing,Ring of Steel,Hail to Reason,Cosmah,Understanding,Mountain Flower,Honest Pleasure,Victorian Queen,ノーザンテースト,シャダイフェザー,Raise a Native,Gold Digger,Venetian Jester,Friendly Ways,Lyphard,ノーラック,フィディオン,メジロボサツ
2023105228,ゴールドドリーム,フューチャーベース,ゴールドアリュール,モンヴェール,ディスクリートキャット,バックシートリズム,サンデーサイレンス,ニキーヤ,フレンチデピュティ,スペシャルジェイド,Forestry,Pretty Discreet,El Corredor,Kiss a Miss,Halo,Wishing Well,Nureyev,Reluctant Guest,Deputy Minister,Mitterand,Cox's Ridge,Statistic,Storm Cat,Shared Interest,Private Account,Pretty Persuasive,Mr. Greeley,Silvery Swan,Kissin Kris,Belleville Miss,Hail to Reason,Cosmah,Understanding,Mountain Flower,Northern Dancer,Special,Hostage,Vaguely Royal,Vice Regent,Mint Copy,Hold Your Peace,Laredo Lass,Best Turn,Our Martha,Mr. Prospector,Number,Storm Bird,Terlingua,Pleasant Colony,Surgery,Damascus,Numbered Account,Believe It,Bury the Hatchet,Gone West,Long Legend,Silver Deputy,Sociable Duck,Kris S.,Toes Forward,Herat,Barkerville Belle
2023103809,ルヴァンスレーヴ,フィーリングトーン,シンボリクリスエス,マエストラーレ,ワイルドラッシュ,グレースランド,Kris S.,Tee Kay,ネオユニヴァース,オータムブリーズ,Wild Again,Rose Park,トニービン,ゴールデンサッシュ,Roberto,Sharp Queen,Gold Meridian,Tri Argo,サンデーサイレンス,ポインテッドパス,ティンバーカントリー,セプテンバーソング,Icecapade,Bushel-n-Peck,Plugged Nickle,Hardship,カンパラ,Severn Bridge,ディクタス,ダイナサッシュ,Hail to Reason,Bramalea,Princequillo,Bridgework,Seattle Slew,Queen Louie,Tri Jet,Hail Proudly,Halo,Wishing Well,Kris,Silken Way,Woodman,Fall Aspen,リアルシャダイ,ダイナフェアリー,Nearctic,Shenanigans,Khaled,Dama,Key to the Mint,Toll Booth,Drone,Hard and Fast,Kalamoun,State Pension,Hornbeam,Priddy Fair,Sanctus,Doronic,ノーザンテースト,ロイヤルサッシュ
2023102701,シニスターミニスター,ダイヤモンドムーン,Old Trieste,Sweet Minister,マンハッタンカフェ,レインボークイーン,A.P. Indy,Lovlier Linda,The Prime Minister,Sweet Blue,サンデーサイレンス,サトルチェンジ,リンドシェーバー,レインボースキー,Seattle Slew,Weekend Surprise,Vigors,Linda Summers,Deputy Minister,Stick to Beauty,Hurry Up Blue,Sugar Gold,Halo,Wishing Well,Law Society,Santa Luciana,Alydar,ベーシイド,ロイヤルスキー,シルバーアロー,Bold Reasoning,My Charmer,Secretariat,Lassie Dear,Grey Dawn,Relifordie,Crozier,Queenly Gift,Vice Regent,Mint Copy,Illustrious,Hail to Beauty,Mr. Leader,Blue Baroness,Mr. Prospector,Miss Ironside,Hail to Reason,Cosmah,Understanding,Mountain Flower,Alleged,Bold Bikini,Luciano,Suleika,Raise a Native,Sweet Tooth,Cool Moon,Polondra,Raja Baba,Coz o'Nijinsky,テスコボーイ,ヒサエ
2023104957,ヘンリーバローズ,サンダーソニア,ディープインパクト,シルヴァースカヤ,ケープブランコ,ジャミーラ,サンデーサイレンス,ウインドインハーヘア,Silver Hawk,Boubskaia,Galileo,Laurel Delight,ブライアンズタイム,ケロメロ,Halo,Wishing Well,Alzao,Burghclere,Roberto,Gris Vitesse,Niniski,Frenetique,Sadler's Wells,Urban Sea,Presidium,Foudroyer,Roberto,Kelley's Day,Eastern Echo,Fantastic Review,Hail to Reason,Cosmah,Understanding,Mountain Flower,Lyphard,Lady Rebecca,Busted,Highclere,Hail to Reason,Bramalea,Amerigo,Matchiche,Nijinsky,Virginia Hills,Tyrant,Femina,Northern Dancer,Fairy Bridge,Miswaki,Allegretta,General Assembly,Doubly Sure,アーテイアス,Foudre,Hail to Reason,Bramalea,Graustark,Golden Trail,Damascus,Wild Applause,Reviewer,Happy Flirt
2023100684,シニスターミニスター,ジョウノカーラ,Old Trieste,Sweet Minister,Dylan Thomas,スイートリトリート,A.P. Indy,Lovlier Linda,The Prime Minister,Sweet Blue,デインヒル,Lagrion,Indian Ridge,Aptostar,Seattle Slew,Weekend Surprise,Vigors,Linda Summers,Deputy Minister,Stick to Beauty,Hurry Up Blue,Sugar Gold,Danzig,Razyana,Diesis,Wrap It Up,Ahonoora,Hillbrow,Fappiano,Stark Drama,Bold Reasoning,My Charmer,Secretariat,Lassie Dear,Grey Dawn II,Relifordie,Crozier,Queenly Gift,Vice Regent,Mint Copy,Illustrious,Hail to Beauty,Mr. Leader,Blue Baroness,Mr. Prospector,Miss Ironside,Northern Dancer,Pas de Nom,His Majesty,Spring Adieu,Sharpen Up,Doubly Sure,Mount Hagen,Doc Nan,Lorenzaccio,Helen Nichols,Swing Easy,Golden City,Mr. Prospector,Killaloe,Graustark,Pantomime
2023103910,ナダル,リトルダーリン,Blame,Ascending Angel,ディープインパクト,エリモエクセル,Arch,Liable,Pulpit,Solar Colony,サンデーサイレンス,ウインドインハーヘア,ロドリゴデトリアーノ,エリモファンタジー,Kris S.,Aurora,Seeking the Gold,Bound,A.P. Indy,Preach,Pleasant Colony,Meteor Stage,Halo,Wishing Well,Alzao,Burghclere,El Gran Senor,Hot Princess,Riverman,Share the Fantasy,Roberto,Sharp Queen,Danzig,Althea,Mr. Prospector,Con Game,Nijinsky,Special,Seattle Slew,Weekend Surprise,Mr. Prospector,Narrate,His Majesty,Sun Colony,Stage Door Johnny,Northern Meteor,Hail to Reason,Cosmah,Understanding,Mountain Flower,Lyphard,Lady Rebecca,Busted,Highclere,Northern Dancer,Sex Appeal,ホットスパーク,Aspara,Never Bend,River Lady,Exclusive Native,Misukaw
2023105284,ルヴァンスレーヴ,クレイドル,シンボリクリスエス,マエストラーレ,クロフネ,オーマイベイビー,Kris S.,Tee Kay,ネオユニヴァース,オータムブリーズ,フレンチデピュティ,ブルーアヴェニュー,ディープインパクト,オールザウェイベイビー,Roberto,Sharp Queen,Gold Meridian,Tri Argo,サンデーサイレンス,ポインテッドパス,ティンバーカントリー,セプテンバーソング,Deputy Minister,Mitterand,Classic Go Go,Eliza Blue,サンデーサイレンス,ウインドインハーヘア,Grand Slam,Lustily,Hail to Reason,Bramalea,Princequillo,Bridgework,Seattle Slew,Queen Louie,Tri Jet,Hail Proudly,Halo,Wishing Well,Kris,Silken Way,Woodman,Fall Aspen,リアルシャダイ,ダイナフェアリー,Vice Regent,Mint Copy,Hold Your Peace,Laredo Lass,Pago Pago,Classic Perfection,Icecapade,コレラ,Halo,Wishing Well,Alzao,Burghclere,Gone West,Bright Candles,Kris S.,Shahriza
2023107201,サトノダイヤモンド,ブレステイキングルック,ディープインパクト,マルペンサ,Bated Breath,Love Your Looks,サンデーサイレンス,ウインドインハーヘア,Orpen,Marsella,Dansili,Tantina,Iffraaj,Play Around,Halo,Wishing Well,Alzao,Burghclere,Lure,Bonita Francita,サザンヘイロー,Riviere,デインヒル,Hasili,Distant View,Didina,Zafonic,Pastorale,Niniski,Play Or Pay,Hail to Reason,Cosmah,Understanding,Mountain Flower,Lyphard,Lady Rebecca,Busted,Highclere,Danzig,Endear,Devil's Bag,Raise the Standard,Halo,Northern Sea,Logical,Talonada,Danzig,Razyana,Kahyasi,Kerali,Mr. Prospector,Seven Springs,Nashwan,Didicoy,Gone West,Zaizafon,Nureyev,Park Appeal,Nijinsky,Virginia Hills,Play Fellow,Port Desire
2023105826,ダノンプレミアム,レジデンス,ディープインパクト,インディアナギャル,ケープブランコ,ウッドランドドリーム,サンデーサイレンス,ウインドインハーヘア,Intikhab,Genial Jenny,Galileo,Laurel Delight,Charnwood Forest,Fantasy Girl,Halo,Wishing Well,Alzao,Burghclere,Red Ransom,Crafty Example,デインヒル,Joma Kaanem,Sadler's Wells,Urban Sea,Presidium,Foudroyer,ウォーニング,Dance of Leaves,Marju,Persian Fantasy,Hail to Reason,Cosmah,Understanding,Mountain Flower,Lyphard,Lady Rebecca,Busted,Highclere,Roberto,アラビア,Crafty Prospector,Zienelle,Danzig,Razyana,Double Form,Ash Lawn,Northern Dancer,Fairy Bridge,Miswaki,Allegretta,General Assembly,Doubly Sure,アーテイアス,Foudre,Known Fact,Slightly Dangerous,Sadler's Wells,Fall Aspen,ラストタイクーン,Flame of Tara,Persian Bold,Gay Fantasy
2023106403,ドレフォン,ベストセラーアスク,Gio Ponti,Eltimaas,キングカメハメハ,フューチャサンデー,Tale of the Cat,Chipeta Springs,Ghostzapper,Najecam,Kingmambo,マンファス,サンデーサイレンス,アスクローザ,Storm Cat,Yarn,Alydar,Salt Spring,Awesome Again,Baby Zip,Trempolino,Sue Warner,Mr. Prospector,Miesque,ラストタイクーン,Pilot Bird,Halo,Wishing Well,リアルシャダイ,オオミーアキノ,Storm Bird,Terlingua,Mr. Prospector,Narrate,Raise a Native,Sweet Tooth,Salt Marsh,Jungle Mythologic,Deputy Minister,Primal Force,Relaunch,Thirty Zip,Sharpen Up,Trephine,Forli,Bitty Girl,Raise a Native,Gold Digger,Nureyev,Pasadoble,トライマイベスト,Mill Princess,Blakeney,The Dancer,Hail to Reason,Cosmah,Understanding,Mountain Flower,Roberto,Desert Vixen,ノーザンテースト,オオミシヤダイ
2023100230,レイデオロ,アンジュエ,キングカメハメハ,ラドラーダ,アグネスタキオン,キュンティア,Kingmambo,マンファス,シンボリクリスエス,レディブロンド,サンデーサイレンス,アグネスフローラ,Darshaan,One Life,Mr. Prospector,Miesque,ラストタイクーン,Pilot Bird,Kris S.,Tee Kay,Seeking the Gold,ウインドインハーヘア,Halo,Wishing Well,ロイヤルスキー,アグネスレディー,Shirley Heights,Delsy,L'Emigrant,Pasadoble,Raise a Native,Gold Digger,Nureyev,Pasadoble,トライマイベスト,Mill Princess,Blakeney,The Dancer,Roberto,Sharp Queen,Gold Meridian,Tri Argo,Mr. Prospector,Con Game,Alzao,Burghclere,Hail to Reason,Cosmah,Understanding,Mountain Flower,Raja Baba,Coz o'Nijinsky,リマンド,イコマエイカン,Mill Reef,Hardiemma,Abdos,Kelty,The Minstrel,Suprina,Prove Out,Santa Quilla
2023102132,マテラスカイ,ユキエチャン,Speightstown,Mostaqeleh,ジャスタウェイ,ベットーレ,Gone West,Silken Cat,Rahy,Istiqlal,ハーツクライ,シビル,Blu Air Force,Happy Sue,Mr. Prospector,Secrettame,Storm Cat,Silken Doll,Blushing Groom,Glorious Song,Diesis,Wasnah,サンデーサイレンス,アイリッシュダンス,Wild Again,シャロン,Sri Pekan,Carillon Miss,City On a Hill,Fun Lover,Raise a Native,Gold Digger,Secretariat,Tamerett,Storm Bird,Terlingua,Chieftain,Insilca,Red God,Runaway Bride,Halo,Ballade,Sharpen Up,Doubly Sure,Nijinsky,Highest Trump,Halo,Wishing Well,トニービン,ビューパーダンス,Icecapade,Bushel-n-Peck,Mo Exception,Double Wiggle,Red Ransom,Lady Godolphin,The Minstrel,Sex Appeal,Rahy,ヴィルダモーレ,Lahib,Funun
2023102708,ダイワメジャー,ラプザントゥール,サンデーサイレンス,スカーレットブーケ,キングカメハメハ,アラマサダンサー,Halo,Wishing Well,ノーザンテースト,スカーレットインク,Kingmambo,マンファス,ダンシングブレーヴ,アラホウトク,Hail to Reason,Cosmah,Understanding,Mountain Flower,Northern Dancer,Lady Victoria,Crimson Satan,Consentida,Mr. Prospector,Miesque,ラストタイクーン,Pilot Bird,Lyphard,Navajo Princess,トウショウボーイ,ビンゴモレロ,Turn-to,Nothirdchance,Cosmic Bomb,Almahmoud,Promised Land,Pretty Ways,Montparnasse,Edelweiss,Nearctic,Natalma,Victoria Park,Lady Angela,Spy Song,Papila,Beau Max,La Menina,Raise a Native,Gold Digger,Nureyev,Pasadoble,トライマイベスト,Mill Princess,Blakeney,The Dancer,Northern Dancer,Goofed,Drone,Olmec,テスコボーイ,ソシアルバターフライ,デュール,フラワースウイース
2023102462,クリソベリル,ガウラミディ,ゴールドアリュール,クリソプレーズ,フリオーソ,ロメラ,サンデーサイレンス,ニキーヤ,エルコンドルパサー,キャサリーンパー,ブライアンズタイム,ファーザ,サクラバクシンオー,リズミカルシチー,Halo,Wishing Well,Nureyev,Reluctant Guest,Kingmambo,サドラーズギャル,Riverman,Regal Exception,Roberto,Kelley's Day,Mr. Prospector,Baya,サクラユタカオー,サクラハゴロモ,トニービン,ケイジョイナー,Hail to Reason,Cosmah,Understanding,Mountain Flower,Northern Dancer,Special,Hostage,Vaguely Royal,Mr. Prospector,Miesque,Sadler's Wells,Glenveagh,Never Bend,River Lady,Ribot,Rajput Princess,Hail to Reason,Bramalea,Graustark,Golden Trail,Raise a Native,Gold Digger,Nureyev,Barger,テスコボーイ,アンジェリカ,ノーザンテースト,クリアアンバー,カンパラ,Severn Bridge,サドンソー,ヒゼンガール
2023103477,ジャスタウェイ,デアリングエッジ,ハーツクライ,シビル,キングカメハメハ,デアリングハート,サンデーサイレンス,アイリッシュダンス,Wild Again,シャロン,Kingmambo,マンファス,サンデーサイレンス,デアリングダンジグ,Halo,Wishing Well,トニービン,ビューパーダンス,Icecapade,Bushel-n-Peck,Mo Exception,Double Wiggle,Mr. Prospector,Miesque,ラストタイクーン,Pilot Bird,Halo,Wishing Well,Danzig,Impetuous Gal,Hail to Reason,Cosmah,Understanding,Mountain Flower,カンパラ,Severn Bridge,Lyphard,My Bupers,Nearctic,Shenanigans,Khaled,Dama,Hard Work,With Exception,Sir Wiggle,Blue Double,Raise a Native,Gold Digger,Nureyev,Pasadoble,トライマイベスト,Mill Princess,Blakeney,The Dancer,Hail to Reason,Cosmah,Understanding,Mountain Flower,Northern Dancer,Pas de Nom,Briartic,Impetuous Lady
2023104077,ホッコータルマエ,ムニン,キングカメハメハ,マダムチェロキー,Bernardini,アリアプーラ,Kingmambo,マンファス,Cherokee Run,アンフォイルド,A.P. Indy,Cara Rafaela,Flying Spur,Fortunata,Mr. Prospector,Miesque,ラストタイクーン,Pilot Bird,Runaway Groom,Cherokee Dame,Unbridled,Bold Foil,Seattle Slew,Weekend Surprise,Quiet American,Oil Fable,デインヒル,Rolls,Dr. Grace,Extradite,Raise a Native,Gold Digger,Nureyev,Pasadoble,トライマイベスト,Mill Princess,Blakeney,The Dancer,Blushing Groom,Yonnie Girl,Silver Saber,Dame Francesca,Fappiano,Gana Facil,Bold Forbes,Perfect Foil,Bold Reasoning,My Charmer,Secretariat,Lassie Dear,Fappiano,Demure,Spectacular Bid,Northern Fable,Danzig,Razyana,Mr. Prospector,Grand Luxe,Sir Tristram,English Wonder,Bletchingly,Expulsion
2023103703,リアルスティール,チャームザワールド,ディープインパクト,ラヴズオンリーミー,ロードカナロア,オリエントチャーム,サンデーサイレンス,ウインドインハーヘア,Storm Cat,Monevassia,キングカメハメハ,レディブラッサム,サンデーサイレンス,ニキーヤ,Halo,Wishing Well,Alzao,Burghclere,Storm Bird,Terlingua,Mr. Prospector,Miesque,Kingmambo,マンファス,Storm Cat,サラトガデュー,Halo,Wishing Well,Nureyev,Reluctant Guest,Hail to Reason,Cosmah,Understanding,Mountain Flower,Lyphard,Lady Rebecca,Busted,Highclere,Northern Dancer,South Ocean,Secretariat,Crimson Saint,Raise a Native,Gold Digger,Nureyev,Pasadoble,Mr. Prospector,Miesque,ラストタイクーン,Pilot Bird,Storm Bird,Terlingua,Cormorant,Super Luna,Hail to Reason,Cosmah,Understanding,Mountain Flower,Northern Dancer,Special,Hostage,Vaguely Royal
2023103374,カレンブラックヒル,カレンモエ,ダイワメジャー,チャールストンハーバー,ロードカナロア,カレンチャン,サンデーサイレンス,スカーレットブーケ,Grindstone,Penny's Valentine,キングカメハメハ,レディブラッサム,クロフネ,スプリングチケット,Halo,Wishing Well,ノーザンテースト,スカーレットインク,Unbridled,Buzz My Bell,Storm Cat,Mrs. Penny,Kingmambo,マンファス,Storm Cat,サラトガデュー,フレンチデピュティ,ブルーアヴェニュー,トニービン,カズミハルコマ,Hail to Reason,Cosmah,Understanding,Mountain Flower,Northern Dancer,Lady Victoria,Crimson Satan,Consentida,Fappiano,Gana Facil,Drone,Chateaupavia,Storm Bird,Terlingua,Great Nephew,Tananarive,Mr. Prospector,Miesque,ラストタイクーン,Pilot Bird,Storm Bird,Terlingua,Cormorant,Super Luna,Deputy Minister,Mitterand,Classic Go Go,Eliza Blue,カンパラ,Severn Bridge,マルゼンスキー,センシユータカラ
2023100340,サトノダイヤモンド,アイギーナ,ディープインパクト,マルペンサ,エンパイアメーカー,ディアアレトゥーサ,サンデーサイレンス,ウインドインハーヘア,Orpen,Marsella,Unbridled,Toussaud,トーセンダンス,ディアウィンク,Halo,Wishing Well,Alzao,Burghclere,Lure,Bonita Francita,サザンヘイロー,Riviere,Fappiano,Gana Facil,El Gran Senor,Image of Reality,サンデーサイレンス,ダンシングキイ,タイトスポット,セイレイ,Hail to Reason,Cosmah,Understanding,Mountain Flower,Lyphard,Lady Rebecca,Busted,Highclere,Danzig,Endear,Devil's Bag,Raise the Standard,Halo,Northern Sea,Logical,Talonada,Mr. Prospector,Killaloe,Le Fabuleux,Charedi,Northern Dancer,Sex Appeal,In Reality,Edee's Image,Halo,Wishing Well,Nijinsky,Key Partner,His Majesty,Premium Win,デインヒル,センスオブリズム
2023104418,コントレイル,ルミエールヴェリテ,ディープインパクト,ロードクロサイト,Cozzene,Play School,サンデーサイレンス,ウインドインハーヘア,Unbridled's Song,Folklore,Caro,Ride the Trails,Honor Grades,Pantufla,Halo,Wishing Well,Alzao,Burghclere,Unbridled,Trolley Song,Tiznow,Contrive,フォルティノ,Chambord,Prince John,Wildwook,Danzig,Weekend Surprise,Rubiano,Rebut,Hail to Reason,Cosmah,Understanding,Mountain Flower,Lyphard,Lady Rebecca,Busted,Highclere,Fappiano,Gana Facil,Caro,Lucky Spell,Cee's Tizzy,Cee's Song,Storm Cat,Jeano,Grey Sovereign,Ranavalo,Chamossaire,Life Hill,Princequillo,Not Afraid,Sir Gaylord,Blue Canoe,Northern Dancer,Pas de Nom,Secretariat,Lassie Dear,Fappiano,Ruby Slippers,Graustark,Play On Words
2023106565,ミッキーアイル,メイショウルクール,ディープインパクト,スターアイル,エンパイアメーカー,メイショウスコール,サンデーサイレンス,ウインドインハーヘア,ロックオブジブラルタル,アイルドフランス,Unbridled,Toussaud,メイショウオウドウ,メイショウアヤメ,Halo,Wishing Well,Alzao,Burghclere,デインヒル,Offshore Boom,Nureyev,ステラマドリッド,Fappiano,Gana Facil,El Gran Senor,Image of Reality,サンデーサイレンス,アルタデナ,ジェイドロバリー,ウイルムーン,Hail to Reason,Cosmah,Understanding,Mountain Flower,Lyphard,Lady Rebecca,Busted,Highclere,Danzig,Razyana,Be My Guest,Push a Button,Northern Dancer,Special,Alydar,My Juliet,Mr. Prospector,Killaloe,Le Fabuleux,Charedi,Northern Dancer,Sex Appeal,In Reality,Edee's Image,Halo,Wishing Well,Lyphard,Lacovia,Mr. Prospector,Number,ミルジョージ,ダイアンベンチヤ
2023101726,アルアイン,スーサンヘイロー,ディープインパクト,ドバイマジェスティ,アドマイヤムーン,ヘイローフジ,サンデーサイレンス,ウインドインハーヘア,Essence of Dubai,Great Majesty,エンドスウィープ,マイケイティーズ,キングヘイロー,アサカフジ,Halo,Wishing Well,Alzao,Burghclere,Pulpit,Epitome,Great Above,Mistic Majesty,フォーティナイナー,Broom Dance,サンデーサイレンス,ケイティーズファースト,ダンシングブレーヴ,グッバイヘイロー,Seeking the Gold,Connie's Gift,Hail to Reason,Cosmah,Understanding,Mountain Flower,Lyphard,Lady Rebecca,Busted,Highclere,A.P. Indy,Preach,Summing,Honest and True,Minnesota Mac,Ta Wee,His Majesty,Necaras Miss,Mr. Prospector,File,Dance Spell,Witching Hour,Halo,Wishing Well,Kris,Katies,Lyphard,Navajo Princess,Halo,Pound Foolish,Mr. Prospector,Con Game,Nijinsky,コニーノーズ
2023106088,ハービンジャー,シーイズチャンプ,Dansili,Penang Pearl,ダノンシャンティ,シーイズトウショウ,デインヒル,Hasili,Bering,Guapa,フジキセキ,シャンソネット,サクラバクシンオー,ジェーントウショウ,Danzig,Razyana,Kahyasi,Kerali,Arctic Tern,Beaune,Shareef Dancer,Sauceboat,サンデーサイレンス,ミルレーサー,Mark of Esteem,Glorious Song,サクラユタカオー,サクラハゴロモ,トウショウフリート,コーニストウショウ,Northern Dancer,Pas de Nom,His Majesty,Spring Adieu,イルドブルボン,Kadissya,High Line,Sookera,Sea-Bird,Bubbling Beauty,Lyphard,Barbra,Northern Dancer,Sweet Alliance,Connaught,Cranberry Sauce,Halo,Wishing Well,Le Fabuleux,Marston's Mill,Darshaan,Homage,Halo,Ballade,テスコボーイ,アンジェリカ,ノーザンテースト,クリアアンバー,トウショウペガサス,リバーストウショウ,ダンディルート,ローズトウショウ
2023100617,グァンチャーレ,スカイシーアキラ,スクリーンヒーロー,チュウオーサーヤ,Swiss Spirit,ハービンジャーラス,グラスワンダー,ランニングヒロイン,ディアブロ,サンライトブルボン,Invincible Spirit,Swiss Lake,Thousand Words,ペナンクライ,Silver Hawk,Ameriflora,サンデーサイレンス,ダイナアクトレス,Devil's Bag,Avilion,イルドブルボン,ハシノシーダー,Green Desert,Rafha,Indian Ridge,Blue Iris,Dansili,Verbose,Barathea,Penang Pearl,Roberto,Gris Vitesse,Danzig,Graceful Touch,Halo,Wishing Well,ノーザンテースト,モデルスポート,Halo,Ballade,Cornish Prince,Style and Grace,Nijinsky,Roseliere,ミンシオ,フジノサンコー,Danzig,Foreign Courier,Kris,Eljazzi,Ahonoora,Hillbrow,Petong,Bo' Babbity,デインヒル,Hasili,Storm Bird,Alvernia,Sadler's Wells,Brocade,Bering,Guapa
2023107545,Charlatan,Streetwithnoname,Speightstown,Authenticity,ストリートセンス,Frost Fire,Gone West,Silken Cat,Quiet American,Court of Appeal,Street Cry,Bedazzle,Medaglia d'Oro,Alta Love,Mr. Prospector,Secrettame,Storm Cat,Silken Doll,Fappiano,Demure,Deputy Minister,Appealing Missy,Machiavellian,Helen Street,Dixieland Band,Majestic Legend,El Prado,Cappucino Bay,Gone West,La Gueriere,Raise a Native,Gold Digger,Secretariat,Tamerett,Storm Bird,Terlingua,Chieftain,Insilca,Mr. Prospector,Killaloe,Dr. Fager,Quiet Charm,Vice Regent,Mint Copy,リィフォー,Out of Joint,Mr. Prospector,Coup de Folie,Troy,Waterway,Northern Dancer,Mississippi Mud,His Majesty,Long Legend,Sadler's Wells,Lady Capulet,Bailjumper,Dubbed In,Mr. Prospector,Secrettame,Lord at War,Lady Winborne
2023104071,デクラレーションオブウォー,サウンドガガ,War Front,Tempo West,Roman Ruler,Whistle Call,Danzig,Starry Dreamer,Rahy,Tempo,Fusaichi Pegasus,Silvery Swan,Phone Trick,Find Happiness,Northern Dancer,Pas de Nom,Rubiano,Lara's Star,Blushing Groom,Glorious Song,Gone West,Terpsichorist,Mr. Prospector,Angel Fever,Silver Deputy,Sociable Duck,Clever Trick,Over the Phone,Buckfinder,Very Very Happy,Nearctic,Natalma,Admiral's Voyage,Petitioner,Fappiano,Ruby Slippers,Forli,True Reality,Red God,Runaway Bride,Halo,Ballade,Mr. Prospector,Secrettame,Nijinsky,Glad Rags,Raise a Native,Gold Digger,Danzig,Rowdy Angel,Deputy Minister,Silver Valley,Quack,Unsociable,Icecapade,Kankakee Miss,Finnegan,Prattle,Buckpasser,Shenanigans,Dancing Count,Rimark
2023106653,ルヴァンスレーヴ,リュニヴェール,シンボリクリスエス,マエストラーレ,ハーツクライ,アンコンソールド,Kris S.,Tee Kay,ネオユニヴァース,オータムブリーズ,サンデーサイレンス,アイリッシュダンス,Smart Strike,Uforia,Roberto,Sharp Queen,Gold Meridian,Tri Argo,サンデーサイレンス,ポインテッドパス,ティンバーカントリー,セプテンバーソング,Halo,Wishing Well,トニービン,ビューパーダンス,Mr. Prospector,Classy 'n Smart,Zilzal,Long Legend,Hail to Reason,Bramalea,Princequillo,Bridgework,Seattle Slew,Queen Louie,Tri Jet,Hail Proudly,Halo,Wishing Well,Kris,Silken Way,Woodman,Fall Aspen,リアルシャダイ,ダイナフェアリー,Hail to Reason,Cosmah,Understanding,Mountain Flower,カンパラ,Severn Bridge,Lyphard,My Bupers,Raise a Native,Gold Digger,Smarten,No Class,Nureyev,French Charmer,Reviewer,Lianga
2023106000,イスラボニータ,スマートグランダム,フジキセキ,イスラコジーン,Tale of the Cat,Champagne Eyes,サンデーサイレンス,ミルレーサー,Cozzene,Isla Mujeres,Storm Cat,Yarn,Flatter,Corking,Halo,Wishing Well,Le Fabuleux,Marston's Mill,Caro,Ride the Trails,Crafty Prospector,Lido Isle,Storm Bird,Terlingua,Mr. Prospector,Narrate,A.P. Indy,Praise,Sensitive Prince,Hie Thee,Hail to Reason,Cosmah,Understanding,Mountain Flower,Wild Risk,Anguar,In Reality,Millicent,フォルティノ,Chambord,Prince John,Wildwook,Mr. Prospector,Real Crafty Lady,Far North,She Is Gorgeous,Northern Dancer,South Ocean,Secretariat,Crimson Saint,Raise a Native,Gold Digger,Honest Pleasure,State,Seattle Slew,Weekend Surprise,Mr. Prospector,Wild Applause,Majestic Prince,Sensitive Lady,Drone,Mostly
2023102827,ダノンスマッシュ,モントボーゲン,ロードカナロア,スピニングワイルドキャット,ゼンノロブロイ,レーゲンボーゲン,キングカメハメハ,レディブラッサム,Hard Spun,Hollywood Wildcat,サンデーサイレンス,ローミンレイチェル,フレンチデピュティ,レインボーファスト,Kingmambo,マンファス,Storm Cat,サラトガデュー,Danzig,Turkish Tryst,Kris S.,Miss Wildcatter,Halo,Wishing Well,マイニング,One Smart Lady,Deputy Minister,Mitterand,レインボーアンバー,レインボーローズ,Mr. Prospector,Miesque,ラストタイクーン,Pilot Bird,Storm Bird,Terlingua,Cormorant,Super Luna,Northern Dancer,Pas de Nom,Turkoman,Darbyvail,Roberto,Sharp Queen,Mr. Prospector,Elizabeth K.,Hail to Reason,Cosmah,Understanding,Mountain Flower,Mr. Prospector,I Pass,Clever Trick,Pia's Lady,Vice Regent,Mint Copy,Hold Your Peace,Laredo Lass,アンバーシャダイ,イーデンブルース,ファーストファミリー,プティットアミ
2023102995,シャンハイボビー,ペイシャネガノ,Harlan's Holiday,Steelin',サウスヴィグラス,モンターニュドール,Harlan,Christmas in Aiken,Orientate,Steel Band,エンドスウィープ,ダーケストスター,ヘネシー,ネガノ,Storm Cat,Country Romance,Affirmed,Dowager,Mt. Livermore,Dream Team,Carson City,ウェディングバンド,フォーティナイナー,Broom Dance,Star de Naskra,Minnie Riperton,Storm Cat,Island Kitty,Miswaki,Madame Treasurer,Storm Bird,Terlingua,Halo,Sweet Romance,Exclusive Native,Won't Tell You,Honest Pleasure,Princessnesian,Blushing Groom,Flama Ardiente,Cox's Ridge,Likely Double,Mr. Prospector,Blushing Promise,Mighty Appealing,Ring of Steel,Mr. Prospector,File,Dance Spell,Witching Hour,Naskra,Candle Star,Cornish Prince,English Harbor,Storm Bird,Terlingua,Hawaii,T. C. Kitten,Mr. Prospector,Hopespringseternal,Key to the Mint,Halo Dancer
2023101883,ハギノハイブリッド,ハギノフェリス,タニノギムレット,ハッピーペインター,ディープインパクト,ハギノスプレンダー,ブライアンズタイム,タニノクリスタル,トニービン,サイレントハピネス,サンデーサイレンス,ウインドインハーヘア,ヘクタープロテクター,サベージレディ,Roberto,Kelley's Day,クリスタルパレス,タニノシーバード,カンパラ,Severn Bridge,サンデーサイレンス,レガシーオブストレングス,Halo,Wishing Well,Alzao,Burghclere,Woodman,Korveya,ディクタス,ダイナサベージ,Hail to Reason,Bramalea,Graustark,Golden Trail,Caro,Hermieres,Sea-Bird,Flaxen,Kalamoun,State Pension,Hornbeam,Priddy Fair,Halo,Wishing Well,Affirmed,Katonka,Hail to Reason,Cosmah,Understanding,Mountain Flower,Lyphard,Lady Rebecca,Busted,Highclere,Mr. Prospector,プレイメイト,Riverman,Konafa,Sanctus,Doronic,ノーザンテースト,マラベル
2023106213,アポロケンタッキー,アンジュデトワール,Langfuhr,Dixiana Delight,スペシャルウィーク,エンゼルカロ,Danzig,Sweet Briar Too,Gone West,Lake Lady,サンデーサイレンス,キャンペンガール,スターオブコジーン,ヤマフノーザリー,Northern Dancer,Pas de Nom,Briartic,Prima Babu Gum,Mr. Prospector,Secrettame,Salt Lake,Slinkylady,Halo,Wishing Well,マルゼンスキー,レディーシラオキ,Cozzene,Star Gem,ノーザリー,テスコエンゼル,Nearctic,Natalma,Admiral's Voyage,Petitioner,Nearctic,Sweet Lady Briar,Gummo,Princess Babu,Raise a Native,Gold Digger,Secretariat,Tamerett,Deputy Minister,Take Lady Anne,What a Hoist,Don't Call Debi,Hail to Reason,Cosmah,Understanding,Mountain Flower,Nijinsky,シル,セントクレスピン,ミスアシヤガワ,Caro,Ride the Trails,Pia Star,Soonerland,Northern Dancer,Politely,テスコボーイ,キタノリュウ
2023100540,ダノンスマッシュ,ヒダロマン,ロードカナロア,スピニングワイルドキャット,ワークフォース,マルカサワヤカ,キングカメハメハ,レディブラッサム,Hard Spun,Hollywood Wildcat,キングズベスト,Soviet Moon,サンデーサイレンス,サワヤカプリンセス,Kingmambo,マンファス,Storm Cat,サラトガデュー,Danzig,Turkish Tryst,Kris S.,Miss Wildcatter,Kingmambo,Allegretta,Sadler's Wells,Eva Luna,Halo,Wishing Well,ノーザンテースト,スコッチプリンセス,Mr. Prospector,Miesque,ラストタイクーン,Pilot Bird,Storm Bird,Terlingua,Cormorant,Super Luna,Northern Dancer,Pas de Nom,Turkoman,Darbyvail,Roberto,Sharp Queen,Mr. Prospector,Elizabeth K.,Mr. Prospector,Miesque,Lombard,Anatevka,Northern Dancer,Fairy Bridge,Alleged,Media Luna,Hail to Reason,Cosmah,Understanding,Mountain Flower,Northern Dancer,Lady Victoria,Creme dela Creme,Meadow Saffron
2023101703,ヘニーヒューズ,イダ,ヘネシー,Meadow Flyer,エピファネイア,カレンシェリーメイ,Storm Cat,Island Kitty,Meadowlake,Shortley,シンボリクリスエス,シーザリオ,ディープインパクト,スプリングチケット,Storm Bird,Terlingua,Hawaii,T. C. Kitten,Hold Your Peace,Suspicious Native,Hagley,Short Winded,Kris S.,Tee Kay,スペシャルウィーク,キロフプリミエール,サンデーサイレンス,ウインドインハーヘア,トニービン,カズミハルコマ,Northern Dancer,South Ocean,Secretariat,Crimson Saint,Utrillo,Ethane,Tom Cat,Needlebug,Speak John,Blue Moon,Raise a Native,Be Suspicious,Olden Times,Teo Pepi,Harvest Singing,Wild Cloud,Roberto,Sharp Queen,Gold Meridian,Tri Argo,サンデーサイレンス,キャンペンガール,Sadler's Wells,Querida,Halo,Wishing Well,Alzao,Burghclere,カンパラ,Severn Bridge,マルゼンスキー,センシユータカラ
2023100843,ミスターメロディ,ティーゲット,Scat Daddy,Trusty Lady,ゼンノロブロイ,ビシャーラ,ヨハネスブルグ,Love Style,Deputy Minister,Klassy Kim,サンデーサイレンス,ローミンレイチェル,Alhaarth,Majmu,ヘネシー,Myth,Mr. Prospector,Likeable Style,Vice Regent,Mint Copy,Silent Screen,クールアライヴァル,Halo,Wishing Well,マイニング,One Smart Lady,Unfuwain,Irish Valley,Al Nasr,Affirmative Fable,Storm Cat,Island Kitty,オジジアン,Yarn,Raise a Native,Gold Digger,Nijinsky,Personable Lady,Northern Dancer,Victoria Regina,Bunty's Flight,Shakney,Prince John,Prayer Bell,Relaunch,Irish Arrival,Hail to Reason,Cosmah,Understanding,Mountain Flower,Mr. Prospector,I Pass,Clever Trick,Pia's Lady,Northern Dancer,Height of Fashion,Irish River,Green Valley,Lyphard,Caretta,Affirmed,Fairway Fable
2023104525,アジアエクスプレス,ベルメール,ヘニーヒューズ,ランニングボブキャッツ,ハーツクライ,エンドレスウェルズ,ヘネシー,Meadow Flyer,Running Stag,Backatem,サンデーサイレンス,アイリッシュダンス,エンドスウィープ,フサイチカツラ,Storm Cat,Island Kitty,Meadowlake,Shortley,Cozzene,Fruhlingstag,Notebook,Deputy's Mistress,Halo,Wishing Well,トニービン,ビューパーダンス,フォーティナイナー,Broom Dance,Sadler's Wells,クリスザレディー,Storm Bird,Terlingua,Hawaii,T. C. Kitten,Hold Your Peace,Suspicious Native,Hagley,Short Winded,Caro,Ride the Trails,Orsini,Revada,Well Decorated,Mobcap,Deputy Minister,River Crossing,Hail to Reason,Cosmah,Understanding,Mountain Flower,カンパラ,Severn Bridge,Lyphard,My Bupers,Mr. Prospector,File,Dance Spell,Witching Hour,Northern Dancer,Fairy Bridge,Kris,Azzurrina
2023101752,ロジャーバローズ,モンテルース,ディープインパクト,リトルブック,アグネスデジタル,クリスティビーム,サンデーサイレンス,ウインドインハーヘア,Librettist,Cal Norma's Lady,Crafty Prospector,Chancey Squaw,ブライアンズタイム,ルスナイクリスティ,Halo,Wishing Well,Alzao,Burghclere,Danzig,Mysterial,リファーズスペシャル,June Darling,Mr. Prospector,Real Crafty Lady,Chief's Crown,Allicance,Roberto,Kelley's Day,リンドシェーバー,タカノオーヒメ,Hail to Reason,Cosmah,Understanding,Mountain Flower,Lyphard,Lady Rebecca,Busted,Highclere,Northern Dancer,Pas de Nom,Alleged,Mysteries,Lyphard,My Bupers,ジュニアス,Beau Darling,Raise a Native,Gold Digger,In Reality,Princess Roycraft,Danzig,Six Crowns,Alleged,Runaway Bride,Hail to Reason,Bramalea,Graustark,Golden Trail,Alydar,ベーシイド,ラッキーソブリン,ロイヤルミラー
2023102576,ルヴァンスレーヴ,サンジョアン,シンボリクリスエス,マエストラーレ,ルーラーシップ,サンビスタ,Kris S.,Tee Kay,ネオユニヴァース,オータムブリーズ,キングカメハメハ,エアグルーヴ,スズカマンボ,ホワイトカーニバル,Roberto,Sharp Queen,Gold Meridian,Tri Argo,サンデーサイレンス,ポインテッドパス,ティンバーカントリー,セプテンバーソング,Kingmambo,マンファス,トニービン,ダイナカール,サンデーサイレンス,スプリングマンボ,ミシル,イエローブルーム,Hail to Reason,Bramalea,Princequillo,Bridgework,Seattle Slew,Queen Louie,Tri Jet,Hail Proudly,Halo,Wishing Well,Kris,Silken Way,Woodman,Fall Aspen,リアルシャダイ,ダイナフェアリー,Mr. Prospector,Miesque,ラストタイクーン,Pilot Bird,カンパラ,Severn Bridge,ノーザンテースト,シャダイフェザー,Halo,Wishing Well,Kingmambo,キーフライヤー,Miswaki,April Edge,パークリージェント,グランドリーム
2023105303,ルヴァンスレーヴ,セラドン,シンボリクリスエス,マエストラーレ,ゴールドヘイロー,シャルナ,Kris S.,Tee Kay,ネオユニヴァース,オータムブリーズ,サンデーサイレンス,ニアーザゴールド,Darshaan,Chalon,Roberto,Sharp Queen,Gold Meridian,Tri Argo,サンデーサイレンス,ポインテッドパス,ティンバーカントリー,セプテンバーソング,Halo,Wishing Well,Seeking the Gold,ニヤー,Shirley Heights,Delsy,Habitat,Areola,Hail to Reason,Bramalea,Princequillo,Bridgework,Seattle Slew,Queen Louie,Tri Jet,Hail Proudly,Halo,Wishing Well,Kris,Silken Way,Woodman,Fall Aspen,リアルシャダイ,ダイナフェアリー,Hail to Reason,Cosmah,Understanding,Mountain Flower,Mr. Prospector,Con Game,Northern Dancer,Far,Mill Reef,Hardiemma,Abdos,Kelty,Sir Gaylord,Little Hut,Kythnos,Alive Alivo
2023107181,ゴールドドリーム,フォンタネットポー,ゴールドアリュール,モンヴェール,ダンカーク,フラーテイシャスミス,サンデーサイレンス,ニキーヤ,フレンチデピュティ,スペシャルジェイド,Unbridled's Song,Secret Status,Mr. Greeley,Seductive Smile,Halo,Wishing Well,Nureyev,Reluctant Guest,Deputy Minister,Mitterand,Cox's Ridge,Statistic,Unbridled,Trolley Song,A.P. Indy,Private Status,Gone West,Long Legend,Silver Hawk,Exit Smiling,Hail to Reason,Cosmah,Understanding,Mountain Flower,Northern Dancer,Special,Hostage,Vaguely Royal,Vice Regent,Mint Copy,Hold Your Peace,Laredo Lass,Best Turn,Our Martha,Mr. Prospector,Number,Fappiano,Gana Facil,Caro,Lucky Spell,Seattle Slew,Weekend Surprise,Alydar,Miss Eva,Mr. Prospector,Secrettame,Reviewer,Lianga,Roberto,Gris Vitesse,Stage Door Johnny,Chandelier
2023107229,コントレイル,ポジティブマインド,ディープインパクト,ロードクロサイト,Equal Stripes,Paula Sexy,サンデーサイレンス,ウインドインハーヘア,Unbridled's Song,Folklore,Candy Stripes,Equity,Ride the Rails,Paula Sexta,Halo,Wishing Well,Alzao,Burghclere,Unbridled,Trolley Song,Tiznow,Contrive,Blushing Groom,バブルカンパニー,Equalize,Elysee,Cryptoclearance,Herbalesian,Francis U.,Nasrulette,Hail to Reason,Cosmah,Understanding,Mountain Flower,Lyphard,Lady Rebecca,Busted,Highclere,Fappiano,Gana Facil,Caro,Lucky Spell,Cee's Tizzy,Cee's Song,Storm Cat,Jeano,Red God,Runaway Bride,Lyphard,Prodice,Northern Jove,Zonta,El Gran Capitan,Empiric,Fappiano,Naval Orange,Herbager,Alanesian,Francis S.,Uvira,Victory Roll,Relique
2023104414,キズナ,ミコレジーナ,ディープインパクト,キャットクイル,Frankel,アムールブリエ,サンデーサイレンス,ウインドインハーヘア,Storm Cat,Pacific Princess,Galileo,Kind,Smart Strike,ヘヴンリーロマンス,Halo,Wishing Well,Alzao,Burghclere,Storm Bird,Terlingua,Damascus,Fiji,Sadler's Wells,Urban Sea,デインヒル,Rainbow Lake,Mr. Prospector,Classy 'n Smart,サンデーサイレンス,ファーストアクト,Hail to Reason,Cosmah,Understanding,Mountain Flower,Lyphard,Lady Rebecca,Busted,Highclere,Northern Dancer,South Ocean,Secretariat,Crimson Saint,Sword Dancer,Kerala,Acropolis,Rififi,Northern Dancer,Fairy Bridge,Miswaki,Allegretta,Danzig,Razyana,Rainbow Quest,Rockfest,Raise a Native,Gold Digger,Smarten,No Class,Halo,Wishing Well,Sadler's Wells,Arkadina
2023107295,ポエティックフレア,ラシンティランテ,Dawn Approach,Maria Lee,アグネスタキオン,アドマイヤキラメキ,New Approach,Hymn Of The Dawn,ロックオブジブラルタル,Elida,サンデーサイレンス,アグネスフローラ,エンドスウィープ,エヴリウィスパー,Galileo,Park Express,Phone Trick,Colonial Debut,デインヒル,Offshore Boom,ロイヤルアカデミー,Saviour,Halo,Wishing Well,ロイヤルスキー,アグネスレディー,フォーティナイナー,Broom Dance,ノーザンテースト,クラフテイワイフ,Sadler's Wells,Urban Sea,Ahonoora,Matcher,Clever Trick,Over the Phone,Pleasant Colony,Kittihawk Miss,Danzig,Razyana,Be My Guest,Push a Button,Nijinsky,Crimson Saint,Majestic Light,Victorian Queen,Hail to Reason,Cosmah,Understanding,Mountain Flower,Raja Baba,Coz o'Nijinsky,リマンド,イコマエイカン,Mr. Prospector,File,Dance Spell,Witching Hour,Northern Dancer,Lady Victoria,Crafty Prospector,Wife Mistress
2023100521,ディーマジェスティ,トーセンディオール,ディープインパクト,エルメスティアラ,キングカメハメハ,スプリングコート,サンデーサイレンス,ウインドインハーヘア,ブライアンズタイム,シンコウエルメス,Kingmambo,マンファス,トニービン,サクラハゴロモ,Halo,Wishing Well,Alzao,Burghclere,Roberto,Kelley's Day,Sadler's Wells,Doff the Derby,Mr. Prospector,Miesque,ラストタイクーン,Pilot Bird,カンパラ,Severn Bridge,ノーザンテースト,クリアアンバー,Hail to Reason,Cosmah,Understanding,Mountain Flower,Lyphard,Lady Rebecca,Busted,Highclere,Hail to Reason,Bramalea,Graustark,Golden Trail,Northern Dancer,Fairy Bridge,Master Derby,Margarethen,Raise a Native,Gold Digger,Nureyev,Pasadoble,トライマイベスト,Mill Princess,Blakeney,The Dancer,Kalamoun,State Pension,Hornbeam,Priddy Fair,Northern Dancer,Lady Victoria,Ambiopoise,One Clear Call
2023100729,ブリックスアンドモルタル,アディクション,Giant's Causeway,Beyond the Waves,ハーツクライ,アディクティド,Storm Cat,Mariah's Storm,Ocean Crest,Excedent,サンデーサイレンス,アイリッシュダンス,ディクタット,Astica,Storm Bird,Terlingua,Rahy,イメンス,Storm Bird,S.S.Aroma,Exceller,Broadway Lullaby,Halo,Wishing Well,トニービン,ビューパーダンス,ウォーニング,アルヴォラ,Surumu,Auenliebe,Northern Dancer,South Ocean,Secretariat,Crimson Saint,Blushing Groom,Glorious Song,Roberto,Imsodear,Northern Dancer,South Ocean,Seattle Slew,Rare Bouquet,Vaguely Noble,Too Bald,Stage Door Johnny,リットルブレツシング,Hail to Reason,Cosmah,Understanding,Mountain Flower,カンパラ,Severn Bridge,Lyphard,My Bupers,Known Fact,Slightly Dangerous,Sadler's Wells,Park Appeal,Literat,Surama,Pentathlon,Allergie
2023106955,クリソベリル,カーミングエフェクト,ゴールドアリュール,クリソプレーズ,War Front,Emollient,サンデーサイレンス,ニキーヤ,エルコンドルパサー,キャサリーンパー,Danzig,Starry Dreamer,エンパイアメーカー,Soothing Touch,Halo,Wishing Well,Nureyev,Reluctant Guest,Kingmambo,サドラーズギャル,Riverman,Regal Exception,Northern Dancer,Pas de Nom,Rubiano,Lara's Star,Unbridled,Toussaud,Touch Gold,Glia,Hail to Reason,Cosmah,Understanding,Mountain Flower,Northern Dancer,Special,Hostage,Vaguely Royal,Mr. Prospector,Miesque,Sadler's Wells,Glenveagh,Never Bend,River Lady,Ribot,Rajput Princess,Nearctic,Natalma,Admiral's Voyage,Petitioner,Fappiano,Ruby Slippers,Forli,True Reality,Fappiano,Gana Facil,El Gran Senor,Image of Reality,Deputy Minister,Passing Mood,A.P. Indy,Coup de Genie
2023103689,シルバーステート,サイマー,ディープインパクト,シルヴァースカヤ,Zoffany,Serisia,サンデーサイレンス,ウインドインハーヘア,Silver Hawk,Boubskaia,Dansili,Tyranny,Exit to Nowhere,Seralia,Halo,Wishing Well,Alzao,Burghclere,Roberto,Gris Vitesse,Niniski,Frenetique,デインヒル,Hasili,Machiavellian,Dust Dancer,Irish River,Coup de Folie,ロイヤルアカデミー,Serafica,Hail to Reason,Cosmah,Understanding,Mountain Flower,Lyphard,Lady Rebecca,Busted,Highclere,Hail to Reason,Bramalea,Amerigo,Matchiche,Nijinsky,Virginia Hills,Tyrant,Femina,Danzig,Razyana,Kahyasi,Kerali,Mr. Prospector,Coup de Folie,Suave Dancer,Galaxie Dust,Riverman,Irish Star,Halo,Raise the Standard,Nijinsky,Crimson Saint,ノーパスノーセール,Servia
2023107412,サンダースノー,キモンクイーン,Helmet,Eastern Joy,クロフネ,ローリエ,Exceed And Excel,Accessories,Dubai Destination,Red Slippers,フレンチデピュティ,ブルーアヴェニュー,メジロマックイーン,ナカミシュンラン,デインヒル,Patrona,シングスピール,Anna Matrushka,Kingmambo,Mysterial,Nureyev,Morning Devotion,Deputy Minister,Mitterand,Classic Go Go,Eliza Blue,メジロティターン,メジロオーロラ,モガミ,ナカミサファイヤ,Danzig,Razyana,Lomond,Gladiolus,In the Wings,Glorious Song,Mill Reef,Anna Paola,Mr. Prospector,Miesque,Alleged,Mysteries,Northern Dancer,Special,Affirmed,Morning Has Broken,Vice Regent,Mint Copy,Hold Your Peace,Laredo Lass,Pago Pago,Classic Perfection,Icecapade,コレラ,メジロアサマ,シエリル,リマンド,メジロアイリス,Lyphard,ノーラック,ボールドリック,トシマサントス
2023104315,シルバーステート,タガノヴェローナ,ディープインパクト,シルヴァースカヤ,クロフネ,タガノレヴェントン,サンデーサイレンス,ウインドインハーヘア,Silver Hawk,Boubskaia,フレンチデピュティ,ブルーアヴェニュー,キングカメハメハ,フィバリッシュ,Halo,Wishing Well,Alzao,Burghclere,Roberto,Gris Vitesse,Niniski,Frenetique,Deputy Minister,Mitterand,Classic Go Go,Eliza Blue,Kingmambo,マンファス,トニービン,ヘバ,Hail to Reason,Cosmah,Understanding,Mountain Flower,Lyphard,Lady Rebecca,Busted,Highclere,Hail to Reason,Bramalea,Amerigo,Matchiche,Nijinsky,Virginia Hills,Tyrant,Femina,Vice Regent,Mint Copy,Hold Your Peace,Laredo Lass,Pago Pago,Classic Perfection,Icecapade,コレラ,Mr. Prospector,Miesque,ラストタイクーン,Pilot Bird,カンパラ,Severn Bridge,Nureyev,Likely Exchange
2023102455,サンダースノー,インザムービー,Helmet,Eastern Joy,リアルインパクト,スポークスウーマン,Exceed And Excel,Accessories,Dubai Destination,Red Slippers,ディープインパクト,トキオリアリティー,Invincible Spirit,Devil's Imp,デインヒル,Patrona,Singspiel,Anna Matrushka,Kingmambo,Mysterial,Nureyev,Morning Devotion,サンデーサイレンス,ウインドインハーヘア,Meadowlake,What a Reality,Green Desert,Rafha,Cadeaux Genereux,High Spirited,Danzig,Razyana,Lomond,Gladiolus,In the Wings,Glorious Song,Mill Reef,Anna Paola,Mr. Prospector,Miesque,Alleged,Mysteries,Northern Dancer,Special,Affirmed,Morning Has Broken,Halo,Wishing Well,Alzao,Burghclere,Hold Your Peace,Suspicious Native,In Reality,What Will Be,Danzig,Foreign Courier,Kris,Eljazzi,Young Generation,Smarten Up,Shirley Heights,Sunbittern
2023106817,オルフェーヴル,レオパルディナ,ステイゴールド,オリエンタルアート,スニッツェル,ビオンドパンテーラ,サンデーサイレンス,ゴールデンサッシュ,メジロマックイーン,エレクトロアート,Redoute's Choice,Snippets' Lass,Seeking the Gold,ラプーマ,Halo,Wishing Well,ディクタス,ダイナサッシュ,メジロティターン,メジロオーロラ,ノーザンテースト,グランマスティーヴンス,デインヒル,Shantha's Choice,Snippets,Snow Finch,Mr. Prospector,Con Game,Lord at War,Raise a Holme,Hail to Reason,Cosmah,Understanding,Mountain Flower,Sanctus,Doronic,ノーザンテースト,ロイヤルサッシュ,メジロアサマ,シエリル,リマンド,メジロアイリス,Northern Dancer,Lady Victoria,Lt. Stevens,Dhow,Danzig,Razyana,Canny Lad,Dancing Show,Lunchtime,Easy Date,Storm Bird,A Realgirl,Raise a Native,Gold Digger,Buckpasser,Broadway,General,Luna de Miel,Marshua's Dancer,Nolene
2023105294,ハービンジャー,シャンボールフィズ,Dansili,Penang Pearl,キングカメハメハ,マンハッタンフィズ,デインヒル,Hasili,Bering,Guapa,Kingmambo,マンファス,サンデーサイレンス,サトルチェンジ,Danzig,Razyana,Kahyasi,Kerali,Arctic Tern,Beaune,Shareef Dancer,Sauceboat,Mr. Prospector,Miesque,ラストタイクーン,Pilot Bird,Halo,Wishing Well,Law Society,Santa Luciana,Northern Dancer,Pas de Nom,His Majesty,Spring Adieu,イルドブルボン,Kadissya,High Line,Sookera,Sea-Bird,Bubbling Beauty,Lyphard,Barbra,Northern Dancer,Sweet Alliance,Connaught,Cranberry Sauce,Raise a Native,Gold Digger,Nureyev,Pasadoble,トライマイベスト,Mill Princess,Blakeney,The Dancer,Hail to Reason,Cosmah,Understanding,Mountain Flower,Alleged,Bold Bikini,Luciano,Suleika
2023102751,キタサンブラック,アンジュミノル,ブラックタイド,シュガーハート,ルーラーシップ,ダイワデッセー,サンデーサイレンス,ウインドインハーヘア,サクラバクシンオー,オトメゴコロ,キングカメハメハ,エアグルーヴ,スペシャルウィーク,ダイワエンジェル,Halo,Wishing Well,Alzao,Burghclere,サクラユタカオー,サクラハゴロモ,ジャッジアンジェルーチ,テイズリー,Kingmambo,マンファス,トニービン,ダイナカール,サンデーサイレンス,キャンペンガール,タイキシャトル,プリンセススキー,Hail to Reason,Cosmah,Understanding,Mountain Flower,Lyphard,Lady Rebecca,Busted,Highclere,テスコボーイ,アンジェリカ,ノーザンテースト,クリアアンバー,Honest Pleasure,Victorian Queen,Lyphard,Tizna,Mr. Prospector,Miesque,ラストタイクーン,Pilot Bird,カンパラ,Severn Bridge,ノーザンテースト,シャダイフェザー,Halo,Wishing Well,マルゼンスキー,レディーシラオキ,Devil's Bag,ウェルシュマフィン,ロイヤルスキー,ギフトプリンセス
2023102452,キタサンブラック,アルズギャル,ブラックタイド,シュガーハート,English Channel,Dans La Ville,サンデーサイレンス,ウインドインハーヘア,サクラバクシンオー,オトメゴコロ,Smart Strike,Belva,Winning,Syracuse,Halo,Wishing Well,Alzao,Burghclere,サクラユタカオー,サクラハゴロモ,ジャッジアンジェルーチ,テイズリー,Mr. Prospector,Classy 'n Smart,Theatrical,Committed,Nijinsky,Little Happiness,Sharp-Eyed Quillo,Segesta,Hail to Reason,Cosmah,Understanding,Mountain Flower,Lyphard,Lady Rebecca,Busted,Highclere,テスコボーイ,アンジェリカ,ノーザンテースト,クリアアンバー,Honest Pleasure,Victorian Queen,Lyphard,Tizna,Raise a Native,Gold Digger,Smarten,No Class,Nureyev,ツリーオブノレッジ,Hagley,Minstinguette,Northern Dancer,Flaming Page,Raise a Native,Tim Marie,One-Eyed King,Quillopoly,Straight Die,Pronta
2023106436,ベンバトル,クードヴァン,Dubawi,Nahrain,ディープインパクト,マイネヌーヴェル,Dubai Millennium,Zomaradah,Selkirk,Bahr,サンデーサイレンス,ウインドインハーヘア,ブライアンズタイム,マイネプリテンダー,Seeking the Gold,Colorado Dancer,Deploy,Jawaher,Sharpen Up,Annie Edge,ジェネラス,Lady of the Sea,Halo,Wishing Well,Alzao,Burghclere,Roberto,Kelley's Day,Zabeel,Giladah,Mr. Prospector,Con Game,Shareef Dancer,Fall Aspen,Shirley Heights,Slightly Dangerous,ダンシングブレーヴ,High Tern,エタン,Rocchetta,Nebbiolo,Friendly Court,Caerleon,Doff the Derby,Mill Reef,La Mer,Hail to Reason,Cosmah,Understanding,Mountain Flower,Lyphard,Lady Rebecca,Busted,Highclere,Hail to Reason,Bramalea,Graustark,Golden Trail,Sir Tristram,Lady Giselle,Mill Reef,Nouvelle Star
2023101569,アルアイン,キュアロージズ,ディープインパクト,ドバイマジェスティ,ロージズインメイ,メイショウセイカ,サンデーサイレンス,ウインドインハーヘア,Essence of Dubai,Great Majesty,Devil His Due,Tell a Secret,クロフネ,チアズグレイス,Halo,Wishing Well,Alzao,Burghclere,Pulpit,Epitome,Great Above,Mistic Majesty,Devil's Bag,Plenty O'Toole,Speak John,Secret Retreat,フレンチデピュティ,ブルーアヴェニュー,サンデーサイレンス,チアズフラワー,Hail to Reason,Cosmah,Understanding,Mountain Flower,Lyphard,Lady Rebecca,Busted,Highclere,A.P. Indy,Preach,Summing,Honest and True,Minnesota Mac,Ta Wee,His Majesty,Necaras Miss,Halo,Ballade,Raise a Cup,Li'l Puss,Prince John,Nuit de Folies,Clandestine,Retirement,Deputy Minister,Mitterand,Classic Go Go,Eliza Blue,Halo,Wishing Well,Al Nasr,デュカイナ
2023102473,フィエールマン,ヒロシゲカナユリ,ディープインパクト,リュヌドール,ロードカナロア,テンシンランマン,サンデーサイレンス,ウインドインハーヘア,Green Tune,Luth d'Or,キングカメハメハ,レディブラッサム,ハーツクライ,ハナランマン,Halo,Wishing Well,Alzao,Burghclere,Green Dancer,Soundings,Noir Et Or,Viole d'Amour,Kingmambo,マンファス,Storm Cat,サラトガデュー,サンデーサイレンス,アイリッシュダンス,サクラユタカオー,ファイトボロン,Hail to Reason,Cosmah,Understanding,Mountain Flower,Lyphard,Lady Rebecca,Busted,Highclere,Nijinsky,Green Valley,Mr. Prospector,Ocean's Answer,ラインゴールド,Pomme Rose,Luthier,Mandolinette,Mr. Prospector,Miesque,ラストタイクーン,Pilot Bird,Storm Bird,Terlingua,Cormorant,Super Luna,Halo,Wishing Well,トニービン,ビューパーダンス,テスコボーイ,アンジェリカ,ミルジョージ,スプリーム
2023107000,アドマイヤマーズ,コパカティ,ダイワメジャー,ヴィアメディチ,ハービンジャー,アロマティコ,サンデーサイレンス,スカーレットブーケ,Medicean,Via Milano,Dansili,Penang Pearl,キングカメハメハ,ナスカ,Halo,Wishing Well,ノーザンテースト,スカーレットインク,Machiavellian,Mystic Goddess,Singspiel,Salvinaxia,デインヒル,Hasili,Bering,Guapa,Kingmambo,マンファス,サンデーサイレンス,アンデスレディー,Hail to Reason,Cosmah,Understanding,Mountain Flower,Northern Dancer,Lady Victoria,Crimson Satan,Consentida,Mr. Prospector,Coup de Folie,Storm Bird,Rose Goddess,In the Wings,Glorious Song,Linamix,Salve,Danzig,Razyana,Kahyasi,Kerali,Arctic Tern,Beaune,Shareef Dancer,Sauceboat,Mr. Prospector,Miesque,ラストタイクーン,Pilot Bird,Halo,Wishing Well,ノーザンテースト,ペルースポート
2023103634,グレーターロンドン,マジックルーラー,ディープインパクト,ロンドンブリッジ,ルーラーシップ,ディマクコンダ,サンデーサイレンス,ウインドインハーヘア,ドクターデヴィアス,オールフォーロンドン,キングカメハメハ,エアグルーヴ,バチアー,マストビーラヴド,Halo,Wishing Well,Alzao,Burghclere,Ahonoora,Rose of Jericho,Danzig,Full Card,Kingmambo,マンファス,トニービン,ダイナカール,Desert Style,Morning Welcome,サンデーサイレンス,ダイナシュート,Hail to Reason,Cosmah,Understanding,Mountain Flower,Lyphard,Lady Rebecca,Busted,Highclere,Lorenzaccio,Helen Nichols,Alleged,Rose Red,Northern Dancer,Pas de Nom,Damascus,Belle of the Ball,Mr. Prospector,Miesque,ラストタイクーン,Pilot Bird,カンパラ,Severn Bridge,ノーザンテースト,シャダイフェザー,Green Desert,Organza,Be My Guest,Dawn Is Breaking,Halo,Wishing Well,ノーザンテースト,シヤダイマイン
2023110027,Frankel,Waldjagd,Galileo,Kind,Observatory,Wurftaube,Sadler's Wells,Urban Sea,デインヒル,Rainbow Lake,Distant View,Stellaria,Acatenango,Wurfbahn,Northern Dancer,Fairy Bridge,Miswaki,Allegretta,Danzig,Razyana,Rainbow Quest,Rockfest,Mr. Prospector,Seven Springs,Roberto,Victoria Star,Surumu,Aggravate,Frontal,Wolkenpracht,Nearctic,Natalma,Bold Reason,Special,Mr. Prospector,Hopespringseternal,Lombard,Anatevka,Northern Dancer,Pas de Nom,His Majesty,Spring Adieu,Blushing Groom,I Will Follow,Stage Door Johnny,Rock Garden,Raise a Native,Gold Digger,Irish River,La Trinite,Hail to Reason,Bramalea,Northern Dancer,Solometeor,Literat,Surama,Aggressor,Raven Locks,Le Haar,Favreal,Pitskelly,Wolke
2023101744,Tom's d'Etat,マイラブベネズエラ,Smart Strike,Julia Tuttle,Scat Daddy,Gold Point Gal,Mr. Prospector,Classy 'n Smart,Giant's Causeway,Candy Cane,ヨハネスブルグ,Love Style,Deputy Commander,Stylish Star,Raise a Native,Gold Digger,Smarten,No Class,Storm Cat,Mariah's Storm,Ride the Rails,Candy Girl,ヘネシー,Myth,Mr. Prospector,Likeable Style,Deputy Minister,Anka Germania,Our Native,Northern Style,Native Dancer,Raise You,Nashua,Sequence,Cyane,Smartaire,Nodouble,Classy Quillo,Storm Bird,Terlingua,Rahy,イメンス,Cryptoclearance,Herbalesian,Candy Stripes,City Girl,Storm Cat,Island Kitty,オジジアン,Yarn,Raise a Native,Gold Digger,Nijinsky,Personable Lady,Vice Regent,Mint Copy,Malinowski,Affaire d'Amour,Exclusive Native,Our Jackie,Ack Ack,Northern Heiress
2023102916,コントレイル,タニノアーバンシー,ディープインパクト,ロードクロサイト,Sea The Stars  Sea the Stars,ウオッカ,サンデーサイレンス,ウインドインハーヘア,Unbridled's Song,Folklore,Cape Cross,Urban Sea,タニノギムレット,タニノシスター,Halo,Wishing Well,Alzao,Burghclere,Unbridled,Trolley Song,Tiznow,Contrive,Green Desert,Park Appeal,Miswaki,Allegretta,ブライアンズタイム,タニノクリスタル,ルション,エナジートウショウ,Hail to Reason,Cosmah,Understanding,Mountain Flower,Lyphard,Lady Rebecca,Busted,Highclere,Fappiano,Gana Facil,Caro,Lucky Spell,Cee's Tizzy,Cee's Song,Storm Cat,Jeano,Danzig,Foreign Courier,Ahonoora,Balidaress,Mr. Prospector,Hopespringseternal,Lombard,Anatevka,Roberto,Kelley's Day,クリスタルパレス,タニノシーバード,Riverman,ベルドリーヌ,トウショウボーイ,コーニストウショウ
2023100016,サートゥルナーリア,マサノヴィクトワル,ロードカナロア,シーザリオ,ヴィクトワールピサ,ファーストナイナー,キングカメハメハ,レディブラッサム,スペシャルウィーク,キロフプリミエール,ネオユニヴァース,ホワイトウォーターアフェア,フォーティナイナー,レディダンジグ,Kingmambo,マンファス,Storm Cat,サラトガデュー,サンデーサイレンス,キャンペンガール,Sadler's Wells,Querida,サンデーサイレンス,ポインテッドパス,Machiavellian,Much Too Risky,Mr. Prospector,File,Danzig,Lady's Secret,Mr. Prospector,Miesque,ラストタイクーン,Pilot Bird,Storm Bird,Terlingua,Cormorant,Super Luna,Halo,Wishing Well,マルゼンスキー,レディーシラオキ,Northern Dancer,Fairy Bridge,Habitat,Principia,Halo,Wishing Well,Kris,Silken Way,Mr. Prospector,Coup de Folie,Bustino,Short Rations,Raise a Native,Gold Digger,Tom Rolfe,Continue,Northern Dancer,Pas de Nom,Secretariat,Great Lady M.
2023106442,ウインブライト,ゴンフレナ,ステイゴールド,サマーエタニティ,ヴィクトワールピサ,マネーキャントバイミーラヴ,サンデーサイレンス,ゴールデンサッシュ,アドマイヤコジーン,オールフォーゲラン,ネオユニヴァース,ホワイトウォーターアフェア,Pivotal,Sabreon,Halo,Wishing Well,ディクタス,ダイナサッシュ,Cozzene,アドマイヤマカディ,ジェイドロバリー,ミスゲラン,サンデーサイレンス,ポインテッドパス,Machiavellian,Much Too Risky,Polar Falcon,Fearless Revival,Caerleon,Sabria,Hail to Reason,Cosmah,Understanding,Mountain Flower,Sanctus,Doronic,ノーザンテースト,ロイヤルサッシュ,Caro,Ride the Trails,ノーザンテースト,ミセスマカディー,Mr. Prospector,Number,マルゼンスキー,ゲラン,Halo,Wishing Well,Kris,Silken Way,Mr. Prospector,Coup de Folie,Bustino,Short Rations,Nureyev,Marie d'Argonne,Cozzene,Stufida,Nijinsky,Foreseer,Miswaki,Flood
2023106800,サートゥルナーリア,ココファンタジア,ロードカナロア,シーザリオ,ステイゴールド,ココシュニック,キングカメハメハ,レディブラッサム,スペシャルウィーク,キロフプリミエール,サンデーサイレンス,ゴールデンサッシュ,クロフネ,ゴールドティアラ,Kingmambo,マンファス,Storm Cat,サラトガデュー,サンデーサイレンス,キャンペンガール,Sadler's Wells,Querida,Halo,Wishing Well,ディクタス,ダイナサッシュ,フレンチデピュティ,ブルーアヴェニュー,Seeking the Gold,Bright Tiara,Mr. Prospector,Miesque,ラストタイクーン,Pilot Bird,Storm Bird,Terlingua,Cormorant,Super Luna,Halo,Wishing Well,マルゼンスキー,レディーシラオキ,Northern Dancer,Fairy Bridge,Habitat,Principia,Hail to Reason,Cosmah,Understanding,Mountain Flower,Sanctus,Doronic,ノーザンテースト,ロイヤルサッシュ,Deputy Minister,Mitterand,Classic Go Go,Eliza Blue,Mr. Prospector,Con Game,Chief's Crown,Expressive Dance
2023103153,キタサンブラック,エレアノラデュース,ブラックタイド,シュガーハート,Azamour,Drama Class,サンデーサイレンス,ウインドインハーヘア,サクラバクシンオー,オトメゴコロ,Night Shift,Asmara,Caerleon,Stage Struck,Halo,Wishing Well,Alzao,Burghclere,サクラユタカオー,サクラハゴロモ,ジャッジアンジェルーチ,テイズリー,Northern Dancer,Ciboulette,Lear Fan,Anaza,Nijinsky,Foreseer,Sadler's Wells,Sun Princess,Hail to Reason,Cosmah,Understanding,Mountain Flower,Lyphard,Lady Rebecca,Busted,Highclere,テスコボーイ,アンジェリカ,ノーザンテースト,クリアアンバー,Honest Pleasure,Victorian Queen,Lyphard,Tizna,Nearctic,Natalma,Chop Chop,Windy Answer,Roberto,Wac,Darshaan,Azaarika,Northern Dancer,Flaming Page,Round Table,Regal Gleam,Northern Dancer,Fairy Bridge,イングリッシュプリンス,Sunny Valley
2023106910,コントレイル,エアジーン,ディープインパクト,ロードクロサイト,ハービンジャー,ラスティングソング,サンデーサイレンス,ウインドインハーヘア,Unbridled's Song,Folklore,Dansili,Penang Pearl,フジキセキ,ハルーワソング,Halo,Wishing Well,Alzao,Burghclere,Unbridled,Trolley Song,Tiznow,Contrive,デインヒル,Hasili,Bering,Guapa,サンデーサイレンス,ミルレーサー,Nureyev,Morn of Song,Hail to Reason,Cosmah,Understanding,Mountain Flower,Lyphard,Lady Rebecca,Busted,Highclere,Fappiano,Gana Facil,Caro,Lucky Spell,Cee's Tizzy,Cee's Song,Storm Cat,Jeano,Danzig,Razyana,Kahyasi,Kerali,Arctic Tern,Beaune,Shareef Dancer,Sauceboat,Halo,Wishing Well,Le Fabuleux,Marston's Mill,Northern Dancer,Special,Blushing Groom,Glorious Song
2023101592,キタサンブラック,リーグルメアリー,ブラックタイド,シュガーハート,Afternoon Deelites,リアリーライジング,サンデーサイレンス,ウインドインハーヘア,サクラバクシンオー,オトメゴコロ,Private Terms,Intimate Girl,For Really,Rising Writer,Halo,Wishing Well,Alzao,Burghclere,サクラユタカオー,サクラハゴロモ,ジャッジアンジェルーチ,テイズリー,Private Account,Laughter,Medaille d'Or,Hot Food,Buckaroo,August Days,Staff Writer,Forever Rise,Hail to Reason,Cosmah,Understanding,Mountain Flower,Lyphard,Lady Rebecca,Busted,Highclere,テスコボーイ,アンジェリカ,ノーザンテースト,クリアアンバー,Honest Pleasure,Victorian Queen,Lyphard,Tizna,Damascus,Numbered Account,Bold Ruler,Shenanigans,Secretariat,Fanfreluche,Ack Ack,Loyal Ruler,Buckpasser,Stepping High,In Reality,Rather Special,Northern Dancer,Twill,Rising Market,Always Lucky
2023104430,モズアスコット,アージオン,Frankel,India,ロードカナロア,インナーアージ,Galileo,Kind,ヘネシー,Misty Hour,キングカメハメハ,レディブラッサム,ディープインパクト,ミュージカルウェイ,Sadler's Wells,Urban Sea,デインヒル,Rainbow Lake,Storm Cat,Island Kitty,Miswaki,Our Tina Marie,Kingmambo,マンファス,Storm Cat,サラトガデュー,サンデーサイレンス,ウインドインハーヘア,Gold Away,Mulika,Northern Dancer,Fairy Bridge,Miswaki,Allegretta,Danzig,Razyana,Rainbow Quest,Rockfest,Storm Bird,Terlingua,Hawaii,T. C. Kitten,Mr. Prospector,Hopespringseternal,Nijinsky,Java Moon,Mr. Prospector,Miesque,ラストタイクーン,Pilot Bird,Storm Bird,Terlingua,Cormorant,Super Luna,Halo,Wishing Well,Alzao,Burghclere,Goldneyev,Blushing Away,Procida,Gazelia
2023105339,リオンディーズ,ラルケット,キングカメハメハ,シーザリオ,ファルブラヴ,アズサユミ,Kingmambo,マンファス,スペシャルウィーク,キロフプリミエール,Fairy King,Gift of the Night,サンデーサイレンス,ファーストクラス,Mr. Prospector,Miesque,ラストタイクーン,Pilot Bird,サンデーサイレンス,キャンペンガール,Sadler's Wells,Querida,Northern Dancer,Fairy Bridge,Slewpy,Little Nana,Halo,Wishing Well,トウショウボーイ,スイートコンコルド,Raise a Native,Gold Digger,Nureyev,Pasadoble,トライマイベスト,Mill Princess,Blakeney,The Dancer,Halo,Wishing Well,マルゼンスキー,レディーシラオキ,Northern Dancer,Fairy Bridge,Habitat,Principia,Nearctic,Natalma,Bold Reason,Special,Seattle Slew,Rare Bouquet,Lithiot,Nenana Road,Hail to Reason,Cosmah,Understanding,Mountain Flower,テスコボーイ,ソシアルバターフライ,パーソロン,スイートルナ
2023101094,ロジャーバローズ,ヒバリ,ディープインパクト,リトルブック,エピファネイア,エトピリカ,サンデーサイレンス,ウインドインハーヘア,Librettist,Cal Norma's Lady,シンボリクリスエス,シーザリオ,キングカメハメハ,アフレイタス,Halo,Wishing Well,Alzao,Burghclere,Danzig,Mysterial,リファーズスペシャル,June Darling,Kris S.,Tee Kay,スペシャルウィーク,キロフプリミエール,Kingmambo,マンファス,サンデーサイレンス,リボーズシークレット,Hail to Reason,Cosmah,Understanding,Mountain Flower,Lyphard,Lady Rebecca,Busted,Highclere,Northern Dancer,Pas de Nom,Alleged,Mysteries,Lyphard,My Bupers,ジュニアス,Beau Darling,Roberto,Sharp Queen,Gold Meridian,Tri Argo,サンデーサイレンス,キャンペンガール,Sadler's Wells,Querida,Mr. Prospector,Miesque,ラストタイクーン,Pilot Bird,Halo,Wishing Well,デインヒル,Glim
2023105091,フィエールマン,サンヴィセンテ,ディープインパクト,リュヌドール,ジャスタウェイ,アビラ,サンデーサイレンス,ウインドインハーヘア,Green Tune,Luth d'Or,ハーツクライ,シビル,ロックオブジブラルタル,Animatrice,Halo,Wishing Well,Alzao,Burghclere,Green Dancer,Soundings,Noir Et Or,Viole d'Amour,サンデーサイレンス,アイリッシュダンス,Wild Again,シャロン,デインヒル,Offshore Boom,Alleged,Alexandrie,Hail to Reason,Cosmah,Understanding,Mountain Flower,Lyphard,Lady Rebecca,Busted,Highclere,Nijinsky,Green Valley,Mr. Prospector,Ocean's Answer,ラインゴールド,Pomme Rose,Luthier,Mandolinette,Halo,Wishing Well,トニービン,ビューパーダンス,Icecapade,Bushel-n-Peck,Mo Exception,Double Wiggle,Danzig,Razyana,Be My Guest,Push a Button,Hoist the Flag,Princess Pout,Val de l'Orne,Apachee
2023105358,コントレイル,ヴァラディヤ,ディープインパクト,ロードクロサイト,Siyouni,Valima,サンデーサイレンス,ウインドインハーヘア,Unbridled's Song,Folklore,Pivotal,Sichilla,Linamix,Vadlawysa,Halo,Wishing Well,Alzao,Burghclere,Unbridled,Trolley Song,Tiznow,Contrive,Polar Falcon,Fearless Revival,デインヒル,Slipstream Queen,メンデス,Lunadix,Always Fair,Vadlava,Hail to Reason,Cosmah,Understanding,Mountain Flower,Lyphard,Lady Rebecca,Busted,Highclere,Fappiano,Gana Facil,Caro,Lucky Spell,Cee's Tizzy,Cee's Song,Storm Cat,Jeano,Nureyev,Marie d'Argonne,Cozzene,Stufida,Danzig,Razyana,Conquistador Cielo,Country Queen,ベリファ,Miss Carina,Breton,Lutine,Danzig,Carduel,Bikala,Vadsa
2023104390,キズナ,ザナ,ディープインパクト,キャットクイル,Galileo,Maskaya,サンデーサイレンス,ウインドインハーヘア,Storm Cat,Pacific Princess,Sadler's Wells,Urban Sea,Machiavellian,Majinskaya,Halo,Wishing Well,Alzao,Burghclere,Storm Bird,Terlingua,Damascus,Fiji,Northern Dancer,Fairy Bridge,Miswaki,Allegretta,Mr. Prospector,Coup de Folie,Marignan,Makarova,Hail to Reason,Cosmah,Understanding,Mountain Flower,Lyphard,Lady Rebecca,Busted,Highclere,Northern Dancer,South Ocean,Secretariat,Crimson Saint,Sword Dancer,Kerala,Acropolis,Rififi,Nearctic,Natalma,Bold Reason,Special,Mr. Prospector,Hopespringseternal,Lombard,Anatevka,Raise a Native,Gold Digger,Halo,Raise the Standard,Blushing Groom,Madelia,Nijinsky,Midou
2023106766,ミスターメロディ,チュウワプリンセス,Scat Daddy,Trusty Lady,スペシャルウィーク,シビル,ヨハネスブルグ,Love Style,Deputy Minister,Klassy Kim,サンデーサイレンス,キャンペンガール,Wild Again,シャロン,ヘネシー,Myth,Mr. Prospector,Likeable Style,Vice Regent,Mint Copy,Silent Screen,クールアライヴァル,Halo,Wishing Well,マルゼンスキー,レディーシラオキ,Icecapade,Bushel-n-Peck,Mo Exception,Double Wiggle,Storm Cat,Island Kitty,オジジアン,Yarn,Raise a Native,Gold Digger,Nijinsky,Personable Lady,Northern Dancer,Victoria Regina,Bunty's Flight,Shakney,Prince John,Prayer Bell,Relaunch,Irish Arrival,Hail to Reason,Cosmah,Understanding,Mountain Flower,Nijinsky,シル,セントクレスピン,ミスアシヤガワ,Nearctic,Shenanigans,Khaled,Dama,Hard Work,With Exception,Sir Wiggle,Blue Double
2023103501,サトノインプレッサ,パイタ,ディープインパクト,サプレザ,Intikhab,Prada,サンデーサイレンス,ウインドインハーヘア,Sahm,Sorpresa,Red Ransom,Crafty Example,Lagunas,Pradera,Halo,Wishing Well,Alzao,Burghclere,Mr. Prospector,Salsabil,Pleasant Tap,Dubiously,Roberto,アラビア,Crafty Prospector,Zienelle,イルドブルボン,Liranga,Abary,Pedra,Hail to Reason,Cosmah,Understanding,Mountain Flower,Lyphard,Lady Rebecca,Busted,Highclere,Raise a Native,Gold Digger,Sadler's Wells,Flame of Tara,Pleasant Colony,Never Knock,Jolie Jo,Skeptic Lady,Hail to Reason,Bramalea,Damascus,Christmas Wind,Mr. Prospector,Real Crafty Lady,Danzig,Past Example,Nijinsky,Roseliere,Literat,Love In,Roi Dagobert,Antioquia,Caracol,Palmares
2023102551,ビッグアーサー,ギフトオブザラック,サクラバクシンオー,シヤボナ,ディープインパクト,フェミニンガール,サクラユタカオー,サクラハゴロモ,Kingmambo,Relish,サンデーサイレンス,ウインドインハーヘア,Kingmambo,Money Madam,テスコボーイ,アンジェリカ,ノーザンテースト,クリアアンバー,Mr. Prospector,Miesque,Sadler's Wells,Reloy,Halo,Wishing Well,Alzao,Burghclere,Mr. Prospector,Miesque,A.P. Indy,Mesabi,Princely Gift,Suncourt,ネヴァービート,スターハイネス,Northern Dancer,Lady Victoria,Ambiopoise,One Clear Call,Raise a Native,Gold Digger,Nureyev,Pasadoble,Northern Dancer,Fairy Bridge,Liloy,Rescousse,Hail to Reason,Cosmah,Understanding,Mountain Flower,Lyphard,Lady Rebecca,Busted,Highclere,Raise a Native,Gold Digger,Nureyev,Pasadoble,Seattle Slew,Weekend Surprise,Minnesota Mac,Ride the Trails
2023101525,サトノクラウン,シェリール,Marju,ジョコンダ,サンデーサイレンス,ジェドゥーザムール,ラストタイクーン,Flame of Tara,Rossini,La Joconde,Halo,Wishing Well,Top Ville,Pollenka,トライマイベスト,Mill Princess,アーテイアス,Welsh Flame,Miswaki,Touch of Greatness,Vettori,Lust,Hail to Reason,Cosmah,Understanding,Mountain Flower,High Top,Sega Ville,Reliance,Polana,Northern Dancer,Sex Appeal,Mill Reef,Irish Lass,Round Table,Stylish Pattern,Welsh Pageant,Electric Flash,Mr. Prospector,Hopespringseternal,Hero's Honor,Ivory Wand,Machiavellian,Air Distingue,Pursuit of Love,Pato,Turn-to,Nothirdchance,Cosmic Bomb,Almahmoud,Promised Land,Pretty Ways,Montparnasse,Edelweiss,Derring-Do,Camenae,Charlottesville,La Sega,Tantieme,Relance,Botticelli,Parabola
2023104477,イスラボニータ,マツリカ,フジキセキ,イスラコジーン,エンパイアメーカー,ラナンキュラス,サンデーサイレンス,ミルレーサー,Cozzene,Isla Mujeres,Unbridled,Toussaud,スペシャルウィーク,ファレノプシス,Halo,Wishing Well,Le Fabuleux,Marston's Mill,Caro,Ride the Trails,Crafty Prospector,Lido Isle,Fappiano,Gana Facil,El Gran Senor,Image of Reality,サンデーサイレンス,キャンペンガール,ブライアンズタイム,キャットクイル,Hail to Reason,Cosmah,Understanding,Mountain Flower,Wild Risk,Anguar,In Reality,Millicent,フォルティノ,Chambord,Prince John,Wildwook,Mr. Prospector,Real Crafty Lady,Far North,She Is Gorgeous,Mr. Prospector,Killaloe,Le Fabuleux,Charedi,Northern Dancer,Sex Appeal,In Reality,Edee's Image,Halo,Wishing Well,マルゼンスキー,レディーシラオキ,Roberto,Kelley's Day,Storm Cat,Pacific Princess
2023104905,ダノンプレミアム,ダークマレイン,ディープインパクト,インディアナギャル,サブミーカー,スターマレイン,サンデーサイレンス,ウインドインハーヘア,Intikhab,Genial Jenny,サクラバクシンオー,マイケイティーズ,Woodman,Devil's Needle,Halo,Wishing Well,Alzao,Burghclere,Red Ransom,Crafty Example,デインヒル,Joma Kaanem,サクラユタカオー,サクラハゴロモ,サンデーサイレンス,ケイティーズファースト,Mr. Prospector,プレイメイト,Nureyev,Oh So Sharp,Hail to Reason,Cosmah,Understanding,Mountain Flower,Lyphard,Lady Rebecca,Busted,Highclere,Roberto,アラビア,Crafty Prospector,Zienelle,Danzig,Razyana,Double Form,Ash Lawn,テスコボーイ,アンジェリカ,ノーザンテースト,クリアアンバー,Halo,Wishing Well,Kris,Katies,Raise a Native,Gold Digger,Buckpasser,Intriguing,Northern Dancer,Special,Kris,Oh So Fair
2022104126,モーリス,サトノアイリ,スクリーンヒーロー,メジロフランシス,ステイゴールド,サーキットレディ,グラスワンダー,ランニングヒロイン,カーネギー,メジロモントレー,サンデーサイレンス,ゴールデンサッシュ,Grand Slam,ラグナセカ,Silver Hawk,Ameriflora,サンデーサイレンス,ダイナアクトレス,Sadler's Wells,Detroit,モガミ,メジロクインシー,Halo,Wishing Well,ディクタス,ダイナサッシュ,Gone West,Bright Candles,Seattle Slew,Topicount,Roberto,Gris Vitesse,Danzig,Graceful Touch,Halo,Wishing Well,ノーザンテースト,モデルスポート,Northern Dancer,Fairy Bridge,Riverman,Derna,Lyphard,ノーラック,フィディオン,メジロボサツ,Hail to Reason,Cosmah,Understanding,Mountain Flower,Sanctus,Doronic,ノーザンテースト,ロイヤルサッシュ,Mr. Prospector,Secrettame,El Gran Senor,Christmas Bonus,Bold Reasoning,My Charmer,Private Account,Hot Topic
2022106924,リアルスティール,フジミ,ディープインパクト,ラヴズオンリーミー,ロードカナロア,キルシュワッサー,サンデーサイレンス,ウインドインハーヘア,Storm Cat,Monevassia,キングカメハメハ,レディブラッサム,サクラバクシンオー,ナミビア,Halo,Wishing Well,Alzao,Burghclere,Storm Bird,Terlingua,Mr. Prospector,Miesque,Kingmambo,マンファス,Storm Cat,サラトガデュー,サクラユタカオー,サクラハゴロモ,Seeking the Gold,Going Ashore,Hail to Reason,Cosmah,Understanding,Mountain Flower,Lyphard,Lady Rebecca,Busted,Highclere,Northern Dancer,South Ocean,Secretariat,Crimson Saint,Raise a Native,Gold Digger,Nureyev,Pasadoble,Mr. Prospector,Miesque,ラストタイクーン,Pilot Bird,Storm Bird,Terlingua,Cormorant,Super Luna,テスコボーイ,アンジェリカ,ノーザンテースト,クリアアンバー,Mr. Prospector,Con Game,ポリッシュネイビー,Blitey
2021110012,Golden Horn,ラルク,Cape Cross,Fleche D'Or,ディープインパクト,ライラックスアンドレース,Green Desert,Park Appeal,Dubai Destination,Nuryana,サンデーサイレンス,ウインドインハーヘア,Flower Alley,Refinement,Danzig,Foreign Courier,Ahonoora,Balidaress,Kingmambo,Mysterial,Nureyev,Loralane,Halo,Wishing Well,Alzao,Burghclere,Distorted Humor,プリンセスオリビア,Seattle Slew,ステラマドリッド,Northern Dancer,Pas de Nom,Sir Ivor,Courtly Dee,Lorenzaccio,Helen Nichols,Balidar,Innocence,Mr. Prospector,Miesque,Alleged,Mysteries,Northern Dancer,Special,Habitat,Lora,Hail to Reason,Cosmah,Understanding,Mountain Flower,Lyphard,Lady Rebecca,Busted,Highclere,フォーティナイナー,Danzig's Beauty,Lycius,Dance Image,Bold Reasoning,My Charmer,Alydar,My Juliet
2022102300,サートゥルナーリア,ハニートリップ,ロードカナロア,シーザリオ,マンハッタンカフェ,ネヴァーピリオド,キングカメハメハ,レディブラッサム,スペシャルウィーク,キロフプリミエール,サンデーサイレンス,サトルチェンジ,タイキシャトル,フューチャハッピー,Kingmambo,マンファス,Storm Cat,サラトガデュー,サンデーサイレンス,キャンペンガール,Sadler's Wells,Querida,Halo,Wishing Well,Law Society,Santa Luciana,Devil's Bag,ウェルシュマフィン,デインヒル,タイセイカグラ,Mr. Prospector,Miesque,ラストタイクーン,Pilot Bird,Storm Bird,Terlingua,Cormorant,Super Luna,Halo,Wishing Well,マルゼンスキー,レディーシラオキ,Northern Dancer,Fairy Bridge,Habitat,Principia,Hail to Reason,Cosmah,Understanding,Mountain Flower,Alleged,Bold Bikini,Luciano,Suleika,Halo,Ballade,Caerleon,Muffitys,Danzig,Razyana,モーニングフローリック,ミリーバード
2022102956,バゴ,ウェルノーテッド,Nashwan,Moonlight's Box,ドリームジャーニー,ティックルピンク,Blushing Groom,Height of Fashion,Nureyev,Coup de Genie,ステイゴールド,オリエンタルアート,フレンチデピュティ,ブラッシングプリンセス,Red God,Runaway Bride,Bustino,Highclere,Northern Dancer,Special,Mr. Prospector,Coup de Folie,サンデーサイレンス,ゴールデンサッシュ,メジロマックイーン,エレクトロアート,Deputy Minister,Mitterand,Crafty Prospector,Princess Laika,Nasrullah,Spring Run,Wild Risk,Aimee,Busted,Ship Yard,Queen's Hussar,Highlight,Nearctic,Natalma,Forli,Thong,Raise a Native,Gold Digger,Halo,Raise the Standard,Halo,Wishing Well,ディクタス,ダイナサッシュ,メジロティターン,メジロオーロラ,ノーザンテースト,グランマスティーヴンス,Vice Regent,Mint Copy,Hold Your Peace,Laredo Lass,Mr. Prospector,Real Crafty Lady,Blushing Groom,Cool Mood
2021104295,マジェスティックウォリアー,トモジャオール,A.P. Indy,Dream Supreme,エンパイアメーカー,アポロティアラ,Seattle Slew,Weekend Surprise,Seeking the Gold,Spinning Round,Unbridled,Toussaud,パラダイスクリーク,タイキフレグランス,Bold Reasoning,My Charmer,Secretariat,Lassie Dear,Mr. Prospector,Con Game,Dixieland Band,Take Heart,Fappiano,Gana Facil,El Gran Senor,Image of Reality,Irish River,North Of Eden,Topsider,Sudden Flash,Boldnesian,Reason to Earn,Poker,Fair Charmer,Bold Ruler,Somethingroyal,Buckpasser,Gay Missile,Raise a Native,Gold Digger,Buckpasser,Broadway,Northern Dancer,Mississippi Mud,Secretariat,Deck Stewardess,Mr. Prospector,Killaloe,Le Fabuleux,Charedi,Northern Dancer,Sex Appeal,In Reality,Edee's Image,Riverman,Irish Star,Northfields,ツリーオブノレッジ,Northern Dancer,Drumtop,Known Fact,Spark of Fire
2022102916,モズアスコット,モズジャカランダ,Frankel,India,Congrats,Redwood Dancer,Galileo,Kind,ヘネシー,Misty Hour,A.P. Indy,Praise,Forestry,Fiery Pursuit,Sadler's Wells,Urban Sea,デインヒル,Rainbow Lake,Storm Cat,Island Kitty,Miswaki,Our Tina Marie,Seattle Slew,Weekend Surprise,Mr. Prospector,Wild Applause,Storm Cat,Shared Interest,Carson City,Engaging,Northern Dancer,Fairy Bridge,Miswaki,Allegretta,Danzig,Razyana,Rainbow Quest,Rockfest,Storm Bird,Terlingua,Hawaii,T. C. Kitten,Mr. Prospector,Hopespringseternal,Nijinsky,Java Moon,Bold Reasoning,My Charmer,Secretariat,Lassie Dear,Raise a Native,Gold Digger,Northern Dancer,Glowing Tribute,Storm Bird,Terlingua,Pleasant Colony,Surgery,Mr. Prospector,Blushing Promise,Private Account,Starlet Storm
2022104793,エピファネイア,サロニカ,シンボリクリスエス,シーザリオ,ディープインパクト,サロミナ,Kris S.,Tee Kay,スペシャルウィーク,キロフプリミエール,サンデーサイレンス,ウインドインハーヘア,Lomitas,Saldentigerin,Roberto,Sharp Queen,Gold Meridian,Tri Argo,サンデーサイレンス,キャンペンガール,Sadler's Wells,Querida,Halo,Wishing Well,Alzao,Burghclere,Niniski,La Colorada,Tiger Hill,Salde,Hail to Reason,Bramalea,Princequillo,Bridgework,Seattle Slew,Queen Louie,Tri Jet,Hail Proudly,Halo,Wishing Well,マルゼンスキー,レディーシラオキ,Northern Dancer,Fairy Bridge,Habitat,Principia,Hail to Reason,Cosmah,Understanding,Mountain Flower,Lyphard,Lady Rebecca,Busted,Highclere,Nijinsky,Virginia Hills,Surumu,La Dorada,デインヒル,The Filly,Alkalde,Saite
2022105602,リアルスティール,ミスイヴァノヴィック,ディープインパクト,ラヴズオンリーミー,Captain Rio,グッドウッドマーチ,サンデーサイレンス,ウインドインハーヘア,Storm Cat,Monevassia,Pivotal,Beloved Visitor,Foxhound,Military Tune,Halo,Wishing Well,Alzao,Burghclere,Storm Bird,Terlingua,Mr. Prospector,Miesque,Polar Falcon,Fearless Revival,Miswaki,Abeesh,Danzig,Lassie Dear,Nashwan,Martingale,Hail to Reason,Cosmah,Understanding,Mountain Flower,Lyphard,Lady Rebecca,Busted,Highclere,Northern Dancer,South Ocean,Secretariat,Crimson Saint,Raise a Native,Gold Digger,Nureyev,Pasadoble,Nureyev,Marie d'Argonne,Cozzene,Stufida,Mr. Prospector,Hopespringseternal,Nijinsky,Lady Bugler,Northern Dancer,Pas de Nom,Buckpasser,Gay Missile,Blushing Groom,Height of Fashion,Luthier,Moonmadness
2020110116,Collected,Draw It,City Zip,Helena Bay,Tapit,Illustrated,Carson City,Baby Zip,ヨハネスブルグ,ジョセット,Pulpit,Tap Your Heels,Deputy Minister,Cinegita,Mr. Prospector,Blushing Promise,Relaunch,Thirty Zip,ヘネシー,Myth,デインヒル,Loure,A.P. Indy,Preach,Unbridled,Ruby Slippers,Vice Regent,Mint Copy,Secretariat,Wanika,Raise a Native,Gold Digger,Blushing Groom,Summertime Promise,In Reality,Foggy Note,Tri Jet,Sailaway,Storm Cat,Island Kitty,オジジアン,Yarn,Danzig,Razyana,Lyphard,Allicance,Seattle Slew,Weekend Surprise,Mr. Prospector,Narrate,Fappiano,Gana Facil,Nijinsky,Moon Glitter,Northern Dancer,Victoria Regina,Bunty's Flight,Shakney,Bold Ruler,Somethingroyal,Sadair,Juanita
2022105611,サトノクラウン,ピュアアモーレ,Marju,ジョコンダ,マツリダゴッホ,ピュアシンフォニー,ラストタイクーン,Flame of Tara,Rossini,La Joconde,サンデーサイレンス,ペイパーレイン,ストラヴィンスキー,ピュアブラウン,トライマイベスト,Mill Princess,アーテイアス,Welsh Flame,Miswaki,Touch of Greatness,Vettori,Lust,Halo,Wishing Well,Bel Bolide,フローラルマジック,Nureyev,Fire the Groom,Indian Charlie,On the Hook,Northern Dancer,Sex Appeal,Mill Reef,Irish Lass,Round Table,Stylish Pattern,Welsh Pageant,Electric Flash,Mr. Prospector,Hopespringseternal,Hero's Honor,Ivory Wand,Machiavellian,Air Distingue,Pursuit of Love,Pato,Hail to Reason,Cosmah,Understanding,Mountain Flower,Bold Bidder,Lady Graustark,Affirmed,Rare Lady,Northern Dancer,Special,Blushing Groom,Prospector's Fire,In Excess,Soviet Sojourn,Phone Trick,Victorious Girl
2021105526,Frankel,コールバック,Galileo,Kind,ストリートセンス,Quickest,Sadler's Wells,Urban Sea,デインヒル,Rainbow Lake,Street Cry,Bedazzle,Forest Wildcat,Supercharger,Northern Dancer,Fairy Bridge,Miswaki,Allegretta,Danzig,Razyana,Rainbow Quest,Rockfest,Machiavellian,Helen Street,Dixieland Band,Majestic Legend,Storm Cat,Victoria Beauty,A.P. Indy,Get Lucky,Nearctic,Natalma,Bold Reason,Special,Mr. Prospector,Hopespringseternal,Lombard,Anatevka,Northern Dancer,Pas de Nom,His Majesty,Spring Adieu,Blushing Groom,I Will Follow,Stage Door Johnny,Rock Garden,Mr. Prospector,Coup de Folie,Troy,Waterway,Northern Dancer,Mississippi Mud,His Majesty,Long Legend,Storm Bird,Terlingua,Bold Native,Abifaith,Seattle Slew,Weekend Surprise,Mr. Prospector,Dance Number
2022105848,ナダル,ボールドアテンプト,Blame,Ascending Angel,ゴールドアリュール,タイムトラベリング,Arch,Liable,Pulpit,Solar Colony,サンデーサイレンス,ニキーヤ,ブライアンズタイム,ジョリーザザ,Kris S.,Aurora,Seeking the Gold,Bound,A.P. Indy,Preach,Pleasant Colony,Meteor Stage,Halo,Wishing Well,Nureyev,Reluctant Guest,Roberto,Kelley's Day,Alzao,Bold Lady,Roberto,Sharp Queen,Danzig,Althea,Mr. Prospector,Con Game,Nijinsky,Special,Seattle Slew,Weekend Surprise,Mr. Prospector,Narrate,His Majesty,Sun Colony,Stage Door Johnny,Northern Meteor,Hail to Reason,Cosmah,Understanding,Mountain Flower,Northern Dancer,Special,Hostage,Vaguely Royal,Hail to Reason,Bramalea,Graustark,Golden Trail,Lyphard,Lady Rebecca,ボールドラツド,Tredam
2022100997,ホッコータルマエ,ジョーアラマート,キングカメハメハ,マダムチェロキー,キングヘイロー,タイキフレグランス,Kingmambo,マンファス,Cherokee Run,アンフォイルド,ダンシングブレーヴ,グッバイヘイロー,Topsider,Sudden Flash,Mr. Prospector,Miesque,ラストタイクーン,Pilot Bird,Runaway Groom,Cherokee Dame,Unbridled,Bold Foil,Lyphard,Navajo Princess,Halo,Pound Foolish,Northern Dancer,Drumtop,Known Fact,Spark of Fire,Raise a Native,Gold Digger,Nureyev,Pasadoble,トライマイベスト,Mill Princess,Blakeney,The Dancer,Blushing Groom,Yonnie Girl,Silver Saber,Dame Francesca,Fappiano,Gana Facil,Bold Forbes,Perfect Foil,Northern Dancer,Goofed,Drone,Olmec,Hail to Reason,Cosmah,Sir Ivor,Squander,Nearctic,Natalma,Round Table,Zonah,In Reality,Tamerett,Run the Gantlet,Sparkalark
2021101430,リオンディーズ,ピサノプリヴェ,キングカメハメハ,シーザリオ,Hold That Tiger,ギネビアケイ,Kingmambo,マンファス,スペシャルウィーク,キロフプリミエール,Storm Cat,Beware of the Cat,Gone West,Tennis Lady,Mr. Prospector,Miesque,ラストタイクーン,Pilot Bird,サンデーサイレンス,キャンペンガール,Sadler's Wells,Querida,Storm Bird,Terlingua,Caveat,T. C. Kitten,Mr. Prospector,Secrettame,Broad Brush,Fara's Team,Raise a Native,Gold Digger,Nureyev,Pasadoble,トライマイベスト,Mill Princess,Blakeney,The Dancer,Halo,Wishing Well,マルゼンスキー,レディーシラオキ,Northern Dancer,Fairy Bridge,Habitat,Principia,Northern Dancer,South Ocean,Secretariat,Crimson Saint,Cannonade,Cold Hearted,Tom Cat,Needlebug,Raise a Native,Gold Digger,Secretariat,Tamerett,Ack Ack,Hay Patcher,Tunerup,Specialization
2022110077,Too Darn Hot,Trethias,Dubawi,Dar Re Mi,Invincible Spirit,Evita,Dubai Millennium,Zomaradah,シングスピール,Darara,Green Desert,Rafha,Selkirk,Darara,Seeking the Gold,Colorado Dancer,Deploy,Jawaher,In the Wings,Glorious Song,Top Ville,Delsy,Danzig,Foreign Courier,Kris,Eljazzi,Sharpen Up,Annie Edge,Top Ville,Delsy,Mr. Prospector,Con Game,Shareef Dancer,Fall Aspen,Shirley Heights,Slightly Dangerous,ダンシングブレーヴ,High Tern,Sadler's Wells,High Hawk,Halo,Ballade,High Top,Sega Ville,Abdos,Kelty,Northern Dancer,Pas de Nom,Sir Ivor,Courtly Dee,Sharpen Up,Doubly Sure,アーテイアス,Border Bounty,エタン,Rocchetta,Nebbiolo,Friendly Court,High Top,Sega Ville,Abdos,Kelty
2022105302,ロードカナロア,クラリスピンク,キングカメハメハ,レディブラッサム,ネオユニヴァース,チャーミングクリス,Kingmambo,マンファス,Storm Cat,サラトガデュー,サンデーサイレンス,ポインテッドパス,Kris S.,Too Cool to Fool,Mr. Prospector,Miesque,ラストタイクーン,Pilot Bird,Storm Bird,Terlingua,Cormorant,Super Luna,Halo,Wishing Well,Kris,Silken Way,Roberto,Sharp Queen,Foolish Pleasure,Our Tina Marie,Raise a Native,Gold Digger,Nureyev,Pasadoble,トライマイベスト,Mill Princess,Blakeney,The Dancer,Northern Dancer,South Ocean,Secretariat,Crimson Saint,His Majesty,Song Sparrow,In Reality,Alada,Hail to Reason,Cosmah,Understanding,Mountain Flower,Sharpen Up,Doubly Sure,Shantung,Boulevard,Hail to Reason,Bramalea,Princequillo,Bridgework,What a Pleasure,Fool-Me-Not,Nijinsky,Java Moon
2019103825,リオンディーズ,エスジーアンクル,キングカメハメハ,シーザリオ,シニスターミニスター,エスジーナタリー,Kingmambo,マンファス,スペシャルウィーク,キロフプリミエール,Old Trieste,Sweet Minister,フォーティナイナー,エスジービアンカ,Mr. Prospector,Miesque,ラストタイクーン,Pilot Bird,サンデーサイレンス,キャンペンガール,Sadler's Wells,Querida,A.P. Indy,Lovlier Linda,The Prime Minister,Sweet Blue,Mr. Prospector,File,マルゼンスキー,チェリーダッチェス,Raise a Native,Gold Digger,Nureyev,Pasadoble,トライマイベスト,Mill Princess,Blakeney,The Dancer,Halo,Wishing Well,マルゼンスキー,レディーシラオキ,Northern Dancer,Fairy Bridge,Habitat,Principia,Seattle Slew,Weekend Surprise,Vigors,Linda Summers,Deputy Minister,Stick to Beauty,Hurry Up Blue,Sugar Gold,Raise a Native,Gold Digger,Tom Rolfe,Continue,Nijinsky,シル,マンオブビィジョン,ヒダカチェリー
2022105737,ロードカナロア,レディマカパ,キングカメハメハ,レディブラッサム,Equiano,Brazilian Style,Kingmambo,マンファス,Storm Cat,サラトガデュー,Acclamation,Entente Cordiale,Exit to Nowhere,Cosmic Star,Mr. Prospector,Miesque,ラストタイクーン,Pilot Bird,Storm Bird,Terlingua,Cormorant,Super Luna,Royal Applause,Princess Athena,Ela-Mana-Mou,Mirmande,Irish River,Coup de Folie,Siberian Express,Miss Bunty,Raise a Native,Gold Digger,Nureyev,Pasadoble,トライマイベスト,Mill Princess,Blakeney,The Dancer,Northern Dancer,South Ocean,Secretariat,Crimson Saint,His Majesty,Song Sparrow,In Reality,Alada,ワージブ,Flying Melody,Ahonoora,Shopping Wise,ピットカーン,Rose Bertin,Kris,Secala,Riverman,Irish Star,Halo,Raise the Standard,Caro,Indian Call,Song,Sylvanecte
2021104839,サトノアラジン,オリヒメ,ディープインパクト,マジックストーム,マジェスティックウォリアー,Champagne Royale,サンデーサイレンス,ウインドインハーヘア,Storm Cat,Foppy Dancer,A.P. Indy,Dream Supreme,フレンチデピュティ,All Tanked Up,Halo,Wishing Well,Alzao,Burghclere,Storm Bird,Terlingua,Fappiano,Water Dance,Seattle Slew,Weekend Surprise,Seeking the Gold,Spinning Round,Deputy Minister,Mitterand,Tank's Prospect,All Week End,Hail to Reason,Cosmah,Understanding,Mountain Flower,Lyphard,Lady Rebecca,Busted,Highclere,Northern Dancer,South Ocean,Secretariat,Crimson Saint,Mr. Prospector,Killaloe,Nijinsky,Luiana,Bold Reasoning,My Charmer,Secretariat,Lassie Dear,Mr. Prospector,Con Game,Dixieland Band,Take Heart,Vice Regent,Mint Copy,Hold Your Peace,Laredo Lass,Mr. Prospector,Midnight Pumpkin,Al Hattab,Weekend Fun
2020105156,ヘニーヒューズ,キョウワフェアリー,ヘネシー,Meadow Flyer,アルカセット,クィーンヘイロー,Storm Cat,Island Kitty,Meadowlake,Shortley,Kingmambo,チェサプラナ,トウカイテイオー,グッバイヘイロー,Storm Bird,Terlingua,Hawaii,T. C. Kitten,Hold Your Peace,Suspicious Native,Hagley,Short Winded,Mr. Prospector,Miesque,Niniski,Top of The League,シンボリルドルフ,トウカイナチュラル,Halo,Pound Foolish,Northern Dancer,South Ocean,Secretariat,Crimson Saint,Utrillo,Ethane,Tom Cat,Needlebug,Speak John,Blue Moon,Raise a Native,Be Suspicious,Olden Times,Teo Pepi,Harvest Singing,Wild Cloud,Raise a Native,Gold Digger,Nureyev,Pasadoble,Nijinsky,Virginia Hills,High Top,Home and Away,パーソロン,スイートルナ,ナイスダンサー,トウカイミドリ,Hail to Reason,Cosmah,Sir Ivor,Squander
2022103211,ナダル,グアン,Blame,Ascending Angel,オルフェーヴル,マルヴァーンスプリング,Arch,Liable,Pulpit,Solar Colony,ステイゴールド,オリエンタルアート,Silver Deputy,Chelsey Flower,Kris S.,Aurora,Seeking the Gold,Bound,A.P. Indy,Preach,Pleasant Colony,Meteor Stage,サンデーサイレンス,ゴールデンサッシュ,メジロマックイーン,エレクトロアート,Deputy Minister,Silver Valley,His Majesty,Chelsey Dancer,Roberto,Sharp Queen,Danzig,Althea,Mr. Prospector,Con Game,Nijinsky,Special,Seattle Slew,Weekend Surprise,Mr. Prospector,Narrate,His Majesty,Sun Colony,Stage Door Johnny,Northern Meteor,Halo,Wishing Well,ディクタス,ダイナサッシュ,メジロティターン,メジロオーロラ,ノーザンテースト,グランマスティーヴンス,Vice Regent,Mint Copy,Mr. Prospector,Seven Valleys,Ribot,Flower Bowl,Affirmed,Chelseanna
2022101536,モズアスコット,シンボリバーグ,Frankel,India,ダイワメジャー,スポークンファー,Galileo,Kind,ヘネシー,Misty Hour,サンデーサイレンス,スカーレットブーケ,Notebook,Siberian Fur,Sadler's Wells,Urban Sea,デインヒル,Rainbow Lake,Storm Cat,Island Kitty,Miswaki,Our Tina Marie,Halo,Wishing Well,ノーザンテースト,スカーレットインク,Well Decorated,Mobcap,Siberian Express,Siksika,Northern Dancer,Fairy Bridge,Miswaki,Allegretta,Danzig,Razyana,Rainbow Quest,Rockfest,Storm Bird,Terlingua,Hawaii,T. C. Kitten,Mr. Prospector,Hopespringseternal,Nijinsky,Java Moon,Hail to Reason,Cosmah,Understanding,Mountain Flower,Northern Dancer,Lady Victoria,Crimson Satan,Consentida,Raja Baba,Paris Breeze,Tom Rolfe,Cap and Bells,Caro,Indian Call,Quack,Salmon Lake
2020104523,アジアエクスプレス,マジックシアター,ヘニーヒューズ,ランニングボブキャッツ,ネオユニヴァース,マジカルウーマン,ヘネシー,Meadow Flyer,Running Stag,Backatem,サンデーサイレンス,ポインテッドパス,パラダイスクリーク,ブレイブウーマン,Storm Cat,Island Kitty,Meadowlake,Shortley,Cozzene,Fruhlingstag,Notebook,Deputy's Mistress,Halo,Wishing Well,Kris,Silken Way,Irish River,North Of Eden,ブレイヴェストローマン,チヨダフジ,Storm Bird,Terlingua,Hawaii,T. C. Kitten,Hold Your Peace,Suspicious Native,Hagley,Short Winded,Caro,Ride the Trails,Orsini,Revada,Well Decorated,Mobcap,Deputy Minister,River Crossing,Hail to Reason,Cosmah,Understanding,Mountain Flower,Sharpen Up,Doubly Sure,Shantung,Boulevard,Riverman,Irish Star,Northfields,ツリーオブノレッジ,Never Bend,Roman Song,ファバージ,ワールドハヤブサ
2020103779,ドレフォン,ストラスペイ,Gio Ponti,Eltimaas,シンボリクリスエス,ポップス,Tale of the Cat,Chipeta Springs,Ghostzapper,Najecam,Kris S.,Tee Kay,サンデーサイレンス,ポップシンガー,Storm Cat,Yarn,Alydar,Salt Spring,Awesome Again,Baby Zip,Trempolino,Sue Warner,Roberto,Sharp Queen,Gold Meridian,Tri Argo,Halo,Wishing Well,Secretariat,Icy Pop,Storm Bird,Terlingua,Mr. Prospector,Narrate,Raise a Native,Sweet Tooth,Salt Marsh,Jungle Mythologic,Deputy Minister,Primal Force,Relaunch,Thirty Zip,Sharpen Up,Trephine,Forli,Bitty Girl,Hail to Reason,Bramalea,Princequillo,Bridgework,Seattle Slew,Queen Louie,Tri Jet,Hail Proudly,Hail to Reason,Cosmah,Understanding,Mountain Flower,Bold Ruler,Somethingroyal,Icecapade,Calaki
2021102091,ネオユニヴァース,カネスベネフィット,サンデーサイレンス,ポインテッドパス,Miswaki,ジャスーラー,Halo,Wishing Well,Kris,Silken Way,Mr. Prospector,Hopespringseternal,Sadler's Wells,Fenney Mill,Hail to Reason,Cosmah,Understanding,Mountain Flower,Sharpen Up,Doubly Sure,Shantung,Boulevard,Raise a Native,Gold Digger,Buckpasser,Rose Bower,Northern Dancer,Fairy Bridge,Levmoss,Pidget,Turn-to,Nothirdchance,Cosmic Bomb,Almahmoud,Promised Land,Pretty Ways,Montparnasse,Edelweiss,エタン,Rocchetta,Reliance,Soft Angels,Sicambre,Barley Corn,Pall Mall,Costa Sola,Native Dancer,Raise You,Nashua,Sequence,Tom Fool,Busanda,Princequillo,Lea Lane,Nearctic,Natalma,Bold Reason,Special,Le Levanstell,Feemoss,フォルティノ,プリムレース
2022106169,ヘニーヒューズ,カフジビーナス,ヘネシー,Meadow Flyer,ディープインパクト,タッソーニー,Storm Cat,Island Kitty,Meadowlake,Shortley,サンデーサイレンス,ウインドインハーヘア,テンビー,プリヴィレッジ,Storm Bird,Terlingua,Hawaii,T. C. Kitten,Hold Your Peace,Suspicious Native,Hagley,Short Winded,Halo,Wishing Well,Alzao,Burghclere,Caerleon,Shining Water,サクラユタカオー,シュアンス,Northern Dancer,South Ocean,Secretariat,Crimson Saint,Utrillo,Ethane,Tom Cat,Needlebug,Speak John,Blue Moon,Raise a Native,Be Suspicious,Olden Times,Teo Pepi,Harvest Singing,Wild Cloud,Hail to Reason,Cosmah,Understanding,Mountain Flower,Lyphard,Lady Rebecca,Busted,Highclere,Nijinsky,Foreseer,Kalaglow,Idle Waters,テスコボーイ,アンジェリカ,ダンディルート,スタームーン
2020104206,ロードカナロア,ナスケンアイリス,キングカメハメハ,レディブラッサム,フレンチデピュティ,オブザーヴァント,Kingmambo,マンファス,Storm Cat,サラトガデュー,Deputy Minister,Mitterand,Capote,パテントリークリア,Mr. Prospector,Miesque,ラストタイクーン,Pilot Bird,Storm Bird,Terlingua,Cormorant,Super Luna,Vice Regent,Mint Copy,Hold Your Peace,Laredo Lass,Seattle Slew,Too Bald,Miswaki,Badge of Courage,Raise a Native,Gold Digger,Nureyev,Pasadoble,トライマイベスト,Mill Princess,Blakeney,The Dancer,Northern Dancer,South Ocean,Secretariat,Crimson Saint,His Majesty,Song Sparrow,In Reality,Alada,Northern Dancer,Victoria Regina,Bunty's Flight,Shakney,Speak John,Blue Moon,Bold Ruler,Fortunate Isle,Bold Reasoning,My Charmer,Bald Eagle,Hidden Talent,Mr. Prospector,Hopespringseternal,Well Decorated,Tamerett
2022101959,コパノリッキー,ペプチドプラム,ゴールドアリュール,コパノニキータ,ロードカナロア,ドリームスピカ,サンデーサイレンス,ニキーヤ,ティンバーカントリー,ニホンピロローズ,キングカメハメハ,レディブラッサム,バブルガムフェロー,マキシムドリーム,Halo,Wishing Well,Nureyev,Reluctant Guest,Woodman,Fall Aspen,トニービン,ウェディングブーケ,Kingmambo,マンファス,Storm Cat,サラトガデュー,サンデーサイレンス,バブルカンパニー,リアルシャダイ,チャンネルフォー,Hail to Reason,Cosmah,Understanding,Mountain Flower,Northern Dancer,Special,Hostage,Vaguely Royal,Mr. Prospector,プレイメイト,Pretense,Change Water,カンパラ,Severn Bridge,リアルシャダイ,アリーウイン,Mr. Prospector,Miesque,ラストタイクーン,Pilot Bird,Storm Bird,Terlingua,Cormorant,Super Luna,Halo,Wishing Well,Lyphard,Prodice,Roberto,Desert Vixen,ノーザンディクテイター,ワンスウエド
2021110131,Bernardini,Smoke Signals,A.P. Indy,Cara Rafaela,ストリートセンス,Unspoken Word,Seattle Slew,Weekend Surprise,Quiet American,Oil Fable,Street Cry,Bedazzle,Catienus,Silent Emotion,Bold Reasoning,My Charmer,Secretariat,Lassie Dear,Fappiano,Demure,Spectacular Bid,Northern Fable,Machiavellian,Helen Street,Dixieland Band,Majestic Legend,Storm Cat,ダイアモンドシティ,Ghazi,Coax Classic,Boldnesian,Reason to Earn,Poker,Fair Charmer,Bold Ruler,Somethingroyal,Buckpasser,Gay Missile,Mr. Prospector,Killaloe,Dr. Fager,Quiet Charm,Bold Bidder,Spectacular,Northern Dancer,Fairway Fable,Mr. Prospector,Coup de Folie,Troy,Waterway,Northern Dancer,Mississippi Mud,His Majesty,Long Legend,Storm Bird,Terlingua,Mr. Prospector,Honey's Flag,ポリッシュネイビー,Port Damascus,Caveat,Coaxing
2019104732,ディープインパクト,コンテスティッド,サンデーサイレンス,ウインドインハーヘア,Ghostzapper,Gold Vault,Halo,Wishing Well,Alzao,Burghclere,Awesome Again,Baby Zip,Arch,Questress,Hail to Reason,Cosmah,Understanding,Mountain Flower,Lyphard,Lady Rebecca,Busted,Highclere,Deputy Minister,Primal Force,Relaunch,Thirty Zip,Kris S.,Aurora,Seeking the Gold,Nahema,Turn-to,Nothirdchance,Cosmic Bomb,Almahmoud,Promised Land,Pretty Ways,Montparnasse,Edelweiss,Northern Dancer,Goofed,Sir Ivor,Pocahontas,Crepello,Sans le Sou,Queen's Hussar,Highlight,Vice Regent,Mint Copy,Blushing Groom,Prime Prospect,In Reality,Foggy Note,Tri Jet,Sailaway,Roberto,Sharp Queen,Danzig,Althea,Mr. Prospector,Con Game,Believe It,Flickering Star
2021101603,ルーラーシップ,トーホウアマポーラ,キングカメハメハ,エアグルーヴ,フジキセキ,トーホウガイア,Kingmambo,マンファス,トニービン,ダイナカール,サンデーサイレンス,ミルレーサー,Unbridled's Song,Agami,Mr. Prospector,Miesque,ラストタイクーン,Pilot Bird,カンパラ,Severn Bridge,ノーザンテースト,シャダイフェザー,Halo,Wishing Well,Le Fabuleux,Marston's Mill,Unbridled,Trolley Song,Nureyev,Agacerie,Raise a Native,Gold Digger,Nureyev,Pasadoble,トライマイベスト,Mill Princess,Blakeney,The Dancer,Kalamoun,State Pension,Hornbeam,Priddy Fair,Northern Dancer,Lady Victoria,ガーサント,パロクサイド,Hail to Reason,Cosmah,Understanding,Mountain Flower,Wild Risk,Anguar,In Reality,Millicent,Fappiano,Gana Facil,Caro,Lucky Spell,Northern Dancer,Special,Exclusive Native,Quiet Charm
2022105475,Le Havre,フルオブビューティー,Noverre,Marie Rheinberg,Motivator,Reaching Ahead,Rahy,ダンスールファビュルー,Surako,Marie d'Argonne,モンジュー,Out West,Mizzen Mast,Out of Reach,Blushing Groom,Glorious Song,Northern Dancer,Fabuleux Jane,Konigsstuhl,Surata,Jefferson,Mohair,Sadler's Wells,Floripedes,Gone West,Chellingoua,Cozzene,Kinema,ウォーニング,Well Beyond,Red God,Runaway Bride,Halo,Ballade,Nearctic,Natalma,Le Fabuleux,Native Partner,Dschingis Khan,Konigskronung,Lagunas,Surama,Charlottesville,Monticella,Blue Tom,Imberline,Northern Dancer,Fairy Bridge,Top Ville,Toute Cy,Mr. Prospector,Secrettame,Sharpen Up,Uncommitted,Caro,Ride the Trails,Graustark,Mrs. Peterkin,Known Fact,Slightly Dangerous,Don't Forget Me,Mariakova
2022106793,ダノンバラード,パーフェクトノート,ディープインパクト,レディバラード,Shamardal,Mezzo Soprano,サンデーサイレンス,ウインドインハーヘア,Unbridled,Angelic Song,Giant's Causeway,Helsinki,Darshaan,Morn of Song,Halo,Wishing Well,Alzao,Burghclere,Fappiano,Gana Facil,Halo,Ballade,Storm Cat,Mariah's Storm,Machiavellian,Helen Street,Shirley Heights,Delsy,Blushing Groom,Glorious Song,Hail to Reason,Cosmah,Understanding,Mountain Flower,Lyphard,Lady Rebecca,Busted,Highclere,Mr. Prospector,Killaloe,Le Fabuleux,Charedi,Hail to Reason,Cosmah,Herbager,Miss Swapsco,Storm Bird,Terlingua,Rahy,イメンス,Mr. Prospector,Coup de Folie,Troy,Waterway,Mill Reef,Hardiemma,Abdos,Kelty,Red God,Runaway Bride,Halo,Ballade
2022103345,ウォータービルド,クリアーパッション,ディープインパクト,ウォーターエナン,キングヘイロー,クリアーパス,サンデーサイレンス,ウインドインハーヘア,ボストンハーバー,Scrape,ダンシングブレーヴ,グッバイヘイロー,A.P. Indy,Masake,Halo,Wishing Well,Alzao,Burghclere,Capote,Harbor Springs,Mr. Prospector,File,Lyphard,Navajo Princess,Halo,Pound Foolish,Seattle Slew,Weekend Surprise,Master Willie,Northern Lake,Hail to Reason,Cosmah,Understanding,Mountain Flower,Lyphard,Lady Rebecca,Busted,Highclere,Seattle Slew,Too Bald,Vice Regent,Tinnitus,Raise a Native,Gold Digger,Tom Rolfe,Continue,Northern Dancer,Goofed,Drone,Olmec,Hail to Reason,Cosmah,Sir Ivor,Squander,Bold Reasoning,My Charmer,Secretariat,Lassie Dear,High Line,Fair Winter,Northern Dancer,Willow Lake
2021104905,ドゥラメンテ,ビートリックスキッド,キングカメハメハ,アドマイヤグルーヴ,Victory Note,Laquifan,Kingmambo,マンファス,サンデーサイレンス,エアグルーヴ,Fairy King,Three Piece,Lear Fan,ラキオーラ,Mr. Prospector,Miesque,ラストタイクーン,Pilot Bird,Halo,Wishing Well,トニービン,ダイナカール,Northern Dancer,Fairy Bridge,Jaazeiro,Trinity Term,Roberto,Wac,Lyphard,Kalila,Raise a Native,Gold Digger,Nureyev,Pasadoble,トライマイベスト,Mill Princess,Blakeney,The Dancer,Hail to Reason,Cosmah,Understanding,Mountain Flower,カンパラ,Severn Bridge,ノーザンテースト,シャダイフェザー,Nearctic,Natalma,Bold Reason,Special,Sham,Rule Formi,プリメラ,Hilary Term,Hail to Reason,Bramalea,Lt. Stevens,Belthazar,Northern Dancer,Goofed,ボウプリンス,Vali
2021106826,ダノンバラード,マイネリベルタス,ディープインパクト,レディバラード,コンデュイット,エアリバティー,サンデーサイレンス,ウインドインハーヘア,Unbridled,Angelic Song,Dalakhani,Well Head,トニービン,ジョイアスピルエット,Halo,Wishing Well,Alzao,Burghclere,Fappiano,Gana Facil,Halo,Ballade,Darshaan,Daltawa,Sadler's Wells,River Dancer,カンパラ,Severn Bridge,Nureyev,グリーミングスマイル,Hail to Reason,Cosmah,Understanding,Mountain Flower,Lyphard,Lady Rebecca,Busted,Highclere,Mr. Prospector,Killaloe,Le Fabuleux,Charedi,Hail to Reason,Cosmah,Herbager,Miss Swapsco,Shirley Heights,Delsy,Miswaki,Damana,Northern Dancer,Fairy Bridge,Irish River,Dancing Shadow,Kalamoun,State Pension,Hornbeam,Priddy Fair,Northern Dancer,Special,Gleaming,Sweet Tooth
2021104832,ロードカナロア,インフレキシビリティ,キングカメハメハ,レディブラッサム,Scat Daddy,Halo's Verse,Kingmambo,マンファス,Storm Cat,サラトガデュー,ヨハネスブルグ,Love Style,Unbridled's Song,Ballado's Halo,Mr. Prospector,Miesque,ラストタイクーン,Pilot Bird,Storm Bird,Terlingua,Cormorant,Super Luna,ヘネシー,Myth,Mr. Prospector,Likeable Style,Unbridled,Trolley Song,Saint Ballado,Goulash,Raise a Native,Gold Digger,Nureyev,Pasadoble,トライマイベスト,Mill Princess,Blakeney,The Dancer,Northern Dancer,South Ocean,Secretariat,Crimson Saint,His Majesty,Song Sparrow,In Reality,Alada,Storm Cat,Island Kitty,オジジアン,Yarn,Raise a Native,Gold Digger,Nijinsky,Personable Lady,Fappiano,Gana Facil,Caro,Lucky Spell,Halo,Ballade,Mari's Book,Wise Bride
2019105461,シルバーステート,ミッキーパール,ディープインパクト,シルヴァースカヤ,タニノギムレット,エヴリウィスパー,サンデーサイレンス,ウインドインハーヘア,Silver Hawk,Boubskaia,ブライアンズタイム,タニノクリスタル,ノーザンテースト,クラフテイワイフ,Halo,Wishing Well,Alzao,Burghclere,Roberto,Gris Vitesse,Niniski,Frenetique,Roberto,Kelley's Day,クリスタルパレス,タニノシーバード,Northern Dancer,Lady Victoria,Crafty Prospector,Wife Mistress,Hail to Reason,Cosmah,Understanding,Mountain Flower,Lyphard,Lady Rebecca,Busted,Highclere,Hail to Reason,Bramalea,Amerigo,Matchiche,Nijinsky,Virginia Hills,Tyrant,Femina,Hail to Reason,Bramalea,Graustark,Golden Trail,Caro,Hermieres,Sea-Bird,Flaxen,Nearctic,Natalma,Victoria Park,Lady Angela,Mr. Prospector,Real Crafty Lady,Secretariat,Political Payoff
2021101751,エピファネイア,ピースオブラヴ,シンボリクリスエス,シーザリオ,マイネルラヴ,ピアラプソディ,Kris S.,Tee Kay,スペシャルウィーク,キロフプリミエール,Seeking the Gold,Heart of Joy,ブライアンズタイム,ベルプリンセス,Roberto,Sharp Queen,Gold Meridian,Tri Argo,サンデーサイレンス,キャンペンガール,Sadler's Wells,Querida,Mr. Prospector,Con Game,リィフォー,Mythographer,Roberto,Kelley's Day,シルバーシャーク,カネジョリー,Hail to Reason,Bramalea,Princequillo,Bridgework,Seattle Slew,Queen Louie,Tri Jet,Hail Proudly,Halo,Wishing Well,マルゼンスキー,レディーシラオキ,Northern Dancer,Fairy Bridge,Habitat,Principia,Raise a Native,Gold Digger,Buckpasser,Broadway,Lyphard,Klaizia,Secretariat,Arachne,Hail to Reason,Bramalea,Graustark,Golden Trail,Buisson Ardent,Palsaka,グレイモナーク,シンカオル
2022104748,アルアイン,クラシックリディア,ディープインパクト,ドバイマジェスティ,ハービンジャー,ブルーメンブラット,サンデーサイレンス,ウインドインハーヘア,Essence of Dubai,Great Majesty,Dansili,Penang Pearl,アドマイヤベガ,マイワイルドフラワー,Halo,Wishing Well,Alzao,Burghclere,Pulpit,Epitome,Great Above,Mistic Majesty,デインヒル,Hasili,Bering,Guapa,サンデーサイレンス,ベガ,Topsider,Wildwook,Hail to Reason,Cosmah,Understanding,Mountain Flower,Lyphard,Lady Rebecca,Busted,Highclere,A.P. Indy,Preach,Summing,Honest and True,Minnesota Mac,Ta Wee,His Majesty,Necaras Miss,Danzig,Razyana,Kahyasi,Kerali,Arctic Tern,Beaune,Shareef Dancer,Sauceboat,Halo,Wishing Well,トニービン,アンティックヴァリュー,Northern Dancer,Drumtop,Sir Gaylord,Blue Canoe
2021103786,アニマルキングダム,ヒルノケアンズ,Leroidesanimaux,ダリシア,ハーツクライ,スルーザシーズン,Candy Stripes,Dissemble,Acatenango,Dynamis,サンデーサイレンス,アイリッシュダンス,スキャン,ビクトリーマッハ,Blushing Groom,バブルカンパニー,Ahonoora,Kerali,Surumu,Aggravate,ダンシングブレーヴ,Diasprina,Halo,Wishing Well,トニービン,ビューパーダンス,Mr. Prospector,Video,バンブーアトラス,ワンスウエド,Red God,Runaway Bride,Lyphard,Prodice,Lorenzaccio,Helen Nichols,High Line,Sookera,Literat,Surama,Aggressor,Raven Locks,Lyphard,Navajo Princess,Aspros,Dorle,Hail to Reason,Cosmah,Understanding,Mountain Flower,カンパラ,Severn Bridge,Lyphard,My Bupers,Raise a Native,Gold Digger,Nijinsky,Foreseer,ジムフレンチ,バンブーシザラ,Blushing Groom,Noura
2021110008,Into Mischief,ミスベジル,Harlan's Holiday,Leslie's Lady,Medaglia d'Oro,Quiet Dance,Harlan,Christmas in Aiken,Tricky Creek,Crystal Lady,El Prado,Cappucino Bay,Quiet American,Misty Dancer,Storm Cat,Country Romance,Affirmed,Dowager,Clever Trick,Battle Creek Girl,Stop the Music,One Last Bird,Sadler's Wells,Lady Capulet,Bailjumper,Dubbed In,Fappiano,Demure,Lyphard,Flight Dancer,Storm Bird,Terlingua,Halo,Sweet Romance,Exclusive Native,Won't Tell You,Honest Pleasure,Princessnesian,Icecapade,Kankakee Miss,His Majesty,Far Beyond,Hail to Reason,Bebopper,One for All,Last Bird,Northern Dancer,Fairy Bridge,Sir Ivor,Cap and Bells,Damascus,Court Circuit,Silent Screen,Society Singer,Mr. Prospector,Killaloe,Dr. Fager,Quiet Charm,Northern Dancer,Goofed,Misty Flight,Courbette
2022107278,サンダースノー,ゼットガガ,Helmet,Eastern Joy,バゴ,ネオシルヴィア,Exceed And Excel,Accessories,Dubai Destination,Red Slippers,Nashwan,Moonlight's Box,ネオユニヴァース,トレヴィサンライズ,デインヒル,Patrona,シングスピール,Anna Matrushka,Kingmambo,Mysterial,Nureyev,Morning Devotion,Blushing Groom,Height of Fashion,Nureyev,Coup de Genie,サンデーサイレンス,ポインテッドパス,サンダーガルチ,メモリーズオブロニー,Danzig,Razyana,Lomond,Gladiolus,In the Wings,Glorious Song,Mill Reef,Anna Paola,Mr. Prospector,Miesque,Alleged,Mysteries,Northern Dancer,Special,Affirmed,Morning Has Broken,Red God,Runaway Bride,Bustino,Highclere,Northern Dancer,Special,Mr. Prospector,Coup de Folie,Halo,Wishing Well,Kris,Silken Way,Gulch,Line of Thunder,Storm Cat,Pass Away
2021101737,エイシンヒカリ,タイキアプローズ,ディープインパクト,キャタリナ,Devil's Bag,Private Encore,サンデーサイレンス,ウインドインハーヘア,Storm Cat,Carolina Saga,Halo,Ballade,Niniski,Muffitys,Halo,Wishing Well,Alzao,Burghclere,Storm Bird,Terlingua,Caro,Key to the Saga,Hail to Reason,Cosmah,Herbager,Miss Swapsco,Nijinsky,Virginia Hills,Thatch,Contrail,Hail to Reason,Cosmah,Understanding,Mountain Flower,Lyphard,Lady Rebecca,Busted,Highclere,Northern Dancer,South Ocean,Secretariat,Crimson Saint,フォルティノ,Chambord,Key to the Mint,Sea Saga,Turn-to,Nothirdchance,Cosmic Bomb,Almahmoud,Vandale,Flagette,Cohoes,Soaring,Northern Dancer,Flaming Page,Tom Rolfe,Ridin' Easy,Forli,Thong,Roan Rocket,Azurine
2020104597,ドレフォン,ショウナンカサロ,Gio Ponti,Eltimaas,キングカメハメハ,ショウナンアルス,Tale of the Cat,Chipeta Springs,Ghostzapper,Najecam,Kingmambo,マンファス,サンデーサイレンス,ショウナンハピネス,Storm Cat,Yarn,Alydar,Salt Spring,Awesome Again,Baby Zip,Trempolino,Sue Warner,Mr. Prospector,Miesque,ラストタイクーン,Pilot Bird,Halo,Wishing Well,Kris S.,Rambling Barb,Storm Bird,Terlingua,Mr. Prospector,Narrate,Raise a Native,Sweet Tooth,Salt Marsh,Jungle Mythologic,Deputy Minister,Primal Force,Relaunch,Thirty Zip,Sharpen Up,Trephine,Forli,Bitty Girl,Raise a Native,Gold Digger,Nureyev,Pasadoble,トライマイベスト,Mill Princess,Blakeney,The Dancer,Hail to Reason,Cosmah,Understanding,Mountain Flower,Roberto,Sharp Queen,Cormorant,Bouncy Barb
2021102573,シニスターミニスター,メイショウスコール,Old Trieste,Sweet Minister,メイショウオウドウ,メイショウアヤメ,A.P. Indy,Lovlier Linda,The Prime Minister,Sweet Blue,サンデーサイレンス,アルタデナ,ジェイドロバリー,ウイルムーン,Seattle Slew,Weekend Surprise,Vigors,Linda Summers,Deputy Minister,Stick to Beauty,Hurry Up Blue,Sugar Gold,Halo,Wishing Well,Lyphard,Lacovia,Mr. Prospector,Number,ミルジョージ,ダイアンベンチヤ,Bold Reasoning,My Charmer,Secretariat,Lassie Dear,Grey Dawn,Relifordie,Crozier,Queenly Gift,Vice Regent,Mint Copy,Illustrious,Hail to Beauty,Mr. Leader,Blue Baroness,Mr. Prospector,Miss Ironside,Hail to Reason,Cosmah,Understanding,Mountain Flower,Northern Dancer,Goofed,Majestic Light,Hope for All,Raise a Native,Gold Digger,Nijinsky,Special,Mill Reef,Miss Charisma,ヴェンチア,マルイチジョウオー
2021102953,ドレフォン,マチャプチャレ,Gio Ponti,Eltimaas,ヨハネスブルグ,テンシノキセキ,Tale of the Cat,Chipeta Springs,Ghostzapper,Najecam,ヘネシー,Myth,フジキセキ,ビーバップアルー,Storm Cat,Yarn,Alydar,Salt Spring,Awesome Again,Baby Zip,Trempolino,Sue Warner,Storm Cat,Island Kitty,オジジアン,Yarn,サンデーサイレンス,ミルレーサー,Mr. Prospector,Newchance Lady,Storm Bird,Terlingua,Mr. Prospector,Narrate,Raise a Native,Sweet Tooth,Salt Marsh,Jungle Mythologic,Deputy Minister,Primal Force,Relaunch,Thirty Zip,Sharpen Up,Trephine,Forli,Bitty Girl,Storm Bird,Terlingua,Hawaii,T. C. Kitten,Damascus,Gonfalon,Mr. Prospector,Narrate,Halo,Wishing Well,Le Fabuleux,Marston's Mill,Raise a Native,Gold Digger,Roi Dagobert,Dark Duet
2020105415,カレンブラックヒル,ジャムトウショウ,ダイワメジャー,チャールストンハーバー,デザートキング,ダーリントウショウ,サンデーサイレンス,スカーレットブーケ,Grindstone,Penny's Valentine,デインヒル,Sabaah,トウショウボーイ,セリナトウショウ,Halo,Wishing Well,ノーザンテースト,スカーレットインク,Unbridled,Buzz My Bell,Storm Cat,Mrs. Penny,Danzig,Razyana,Nureyev,Dish Dash,テスコボーイ,ソシアルバターフライ,シルバーシャーク,ビバドンナ,Hail to Reason,Cosmah,Understanding,Mountain Flower,Northern Dancer,Lady Victoria,Crimson Satan,Consentida,Fappiano,Gana Facil,Drone,Chateaupavia,Storm Bird,Terlingua,Great Nephew,Tananarive,Northern Dancer,Pas de Nom,His Majesty,Spring Adieu,Northern Dancer,Special,Bustino,Loose Cover,Princely Gift,Suncourt,Your Host,Wisteria,Buisson Ardent,Palsaka,Petingo,Donna Lollo
2019107016,ドレフォン,ノンキ,Gio Ponti,Eltimaas,サンデーサイレンス,シェリーザ,Tale of the Cat,Chipeta Springs,Ghostzapper,Najecam,Halo,Wishing Well,Caerleon,Sharaya,Storm Cat,Yarn,Alydar,Salt Spring,Awesome Again,Baby Zip,Trempolino,Sue Warner,Hail to Reason,Cosmah,Understanding,Mountain Flower,Nijinsky,Foreseer,Youth,Shanizadeh,Storm Bird,Terlingua,Mr. Prospector,Narrate,Raise a Native,Sweet Tooth,Salt Marsh,Jungle Mythologic,Deputy Minister,Primal Force,Relaunch,Thirty Zip,Sharpen Up,Trephine,Forli,Bitty Girl,Turn-to,Nothirdchance,Cosmic Bomb,Almahmoud,Promised Land,Pretty Ways,Montparnasse,Edelweiss,Northern Dancer,Flaming Page,Round Table,Regal Gleam,Ack Ack,Gazala,ボールドリック,Safiah
2020105635,ドレフォン,トラディション,Gio Ponti,Eltimaas,ゴールドアリュール,シネマスコープ,Tale of the Cat,Chipeta Springs,Ghostzapper,Najecam,サンデーサイレンス,ニキーヤ,トニービン,ブルーハワイ,Storm Cat,Yarn,Alydar,Salt Spring,Awesome Again,Baby Zip,Trempolino,Sue Warner,Halo,Wishing Well,Nureyev,Reluctant Guest,カンパラ,Severn Bridge,スリルショー,サニースワップス,Storm Bird,Terlingua,Mr. Prospector,Narrate,Raise a Native,Sweet Tooth,Salt Marsh,Jungle Mythologic,Deputy Minister,Primal Force,Relaunch,Thirty Zip,Sharpen Up,Trephine,Forli,Bitty Girl,Hail to Reason,Cosmah,Understanding,Mountain Flower,Northern Dancer,Special,Hostage,Vaguely Royal,Kalamoun,State Pension,Hornbeam,Priddy Fair,Northern Baby,Splendid Girl,Hawaii,アイアンエイジ
2019104169,アジアエクスプレス,メイショウヒメユリ,ヘニーヒューズ,ランニングボブキャッツ,ハーツクライ,ハイパスチャー,ヘネシー,Meadow Flyer,Running Stag,Backatem,サンデーサイレンス,アイリッシュダンス,El Gran Senor,Summer Retreat,Storm Cat,Island Kitty,Meadowlake,Shortley,Cozzene,Fruhlingstag,Notebook,Deputy's Mistress,Halo,Wishing Well,トニービン,ビューパーダンス,Northern Dancer,Sex Appeal,Gone West,Devon Diva,Storm Bird,Terlingua,Hawaii,T. C. Kitten,Hold Your Peace,Suspicious Native,Hagley,Short Winded,Caro,Ride the Trails,Orsini,Revada,Well Decorated,Mobcap,Deputy Minister,River Crossing,Hail to Reason,Cosmah,Understanding,Mountain Flower,カンパラ,Severn Bridge,Lyphard,My Bupers,Nearctic,Natalma,Buckpasser,Best in Show,Mr. Prospector,Secrettame,The Minstrel,Devon Ditty
2020101020,ニシケンモノノフ,ペイシャオブワキア,メイショウボーラー,グリーンヒルコマチ,フリオーソ,スズカクエーサー,タイキシャトル,ナイスレイズ,アフリート,ツネノコトブキ,ブライアンズタイム,ファーザ,ジャングルポケット,スズカグレイス,Devil's Bag,ウェルシュマフィン,Storm Cat,Nice Tradition,Mr. Prospector,Polite Lady,サンシャインボーイ,オリエントゴールド,Roberto,Kelley's Day,Mr. Prospector,Baya,トニービン,ダンスチャーマー,サンデーサイレンス,ワキアオブスズカ,Halo,Ballade,Caerleon,Muffitys,Storm Bird,Terlingua,Search Tradition,Nice Dancing,Raise a Native,Gold Digger,Venetian Jester,Friendly Ways,テスコボーイ,ソーダストリーム,タニノチカラ,センゾクチカラ,Hail to Reason,Bramalea,Graustark,Golden Trail,Raise a Native,Gold Digger,Nureyev,Barger,カンパラ,Severn Bridge,Nureyev,Skillful Joy,Halo,Wishing Well,ダンスオブライフ,ワキア
2020109094,ダイワメジャー,フリスコベイ,サンデーサイレンス,スカーレットブーケ,ハードスパン,Frisco Belle,Halo,Wishing Well,ノーザンテースト,スカーレットインク,Danzig,Turkish Tryst,El Prado,Runaway Ashleigh,Hail to Reason,Cosmah,Understanding,Mountain Flower,Northern Dancer,Lady Victoria,Crimson Satan,Consentida,Northern Dancer,Pas de Nom,Turkoman,Darbyvail,Sadler's Wells,Lady Capulet,Runaway Groom,Home From the Fair,Turn-to,Nothirdchance,Cosmic Bomb,Almahmoud,Promised Land,Pretty Ways,Montparnasse,Edelweiss,Nearctic,Natalma,Victoria Park,Lady Angela,Spy Song,Papila,Beau Max,La Menina,Nearctic,Natalma,Admiral's Voyage,Petitioner,Alydar,Taba,Roberto,Luiana,Northern Dancer,Fairy Bridge,Sir Ivor,Cap and Bells,Blushing Groom,Yonnie Girl,Northern Dancer,Fairs Fair
2021109043,タリスマニック,ノンストップ,Medaglia d'Oro,Magic Mission,オルフェーヴル,メイビーフォーエヴァー,El Prado,Cappucino Bay,Machiavellian,Dream Ticket,ステイゴールド,オリエンタルアート,Zafonic,Easy Option,Sadler's Wells,Lady Capulet,Bailjumper,Dubbed In,Mr. Prospector,Coup de Folie,Danzig,Capo Di Monte,サンデーサイレンス,ゴールデンサッシュ,メジロマックイーン,エレクトロアート,Gone West,Zaizafon,Prince Sabo,Brazen Faced,Northern Dancer,Fairy Bridge,Sir Ivor,Cap and Bells,Damascus,Court Circuit,Silent Screen,Society Singer,Raise a Native,Gold Digger,Halo,Raise the Standard,Northern Dancer,Pas de Nom,Final Straw,Burghclere,Halo,Wishing Well,ディクタス,ダイナサッシュ,メジロティターン,メジロオーロラ,ノーザンテースト,グランマスティーヴンス,Mr. Prospector,Secrettame,The Minstrel,Mofida,Young Generation,Jubilee Song,ボールドアンドフリー,Maurine
2021110153,Army Mule,Raging Atlantic,Friesan Fire,Crafty Toast,Stormy Atlantic,Angel Trumpet,A.P. Indy,Bollinger,Crafty Prospector,Give a Toast,Storm Cat,Hail Atlantis,Cape Canaveral,Tricki Mae,Seattle Slew,Weekend Surprise,デヒア,Bint Marscay,Mr. Prospector,Real Crafty Lady,Storm Bird,Salud,Storm Bird,Terlingua,Seattle Slew,Flippers,Mr. Prospector,Seaside Attraction,Phone Trick,Pamela Kay,Bold Reasoning,My Charmer,Secretariat,Lassie Dear,Deputy Minister,Sister Dot,Marscay,Eau d'Etoile,Raise a Native,Gold Digger,In Reality,Princess Roycraft,Northern Dancer,South Ocean,Raise a Cup,Our Jackie,Northern Dancer,South Ocean,Secretariat,Crimson Saint,Bold Reasoning,My Charmer,Coastal,Moccasin,Raise a Native,Gold Digger,Seattle Slew,Kamar,Clever Trick,Over the Phone,Hold Your Peace,Proven Right
2020104346,バゴ,ラハイナ,Nashwan,Moonlight's Box,Milt's Overture,Lady Frontier,Blushing Groom,Height of Fashion,Nureyev,Coup de Genie,Dynaformer,Brian's Overture,マイニング,Frontier Nurse,Red God,Runaway Bride,Bustino,Highclere,Northern Dancer,Special,Mr. Prospector,Coup de Folie,Roberto,Andover Way,Explodent,Brian's Babe,Mr. Prospector,I Pass,Dr. Fager,Golden Spike,Nasrullah,Spring Run,Wild Risk,Aimee,Busted,Ship Yard,Queen's Hussar,Highlight,Nearctic,Natalma,Forli,Thong,Raise a Native,Gold Digger,Halo,Raise the Standard,Hail to Reason,Bramalea,His Majesty,On the Trail,Nearctic,Venomous,Olden Times,Continuance,Raise a Native,Gold Digger,Buckpasser,Impish,Rough'n Tumble,Aspidistra,Sir Gaylord,Scansion
2021105433,エピファネイア,エイプリルミスト,シンボリクリスエス,シーザリオ,ディープインパクト,スターダムバウンド,Kris S.,Tee Kay,スペシャルウィーク,キロフプリミエール,サンデーサイレンス,ウインドインハーヘア,Tapit,My White Corvette,Roberto,Sharp Queen,Gold Meridian,Tri Argo,サンデーサイレンス,キャンペンガール,Sadler's Wells,Querida,Halo,Wishing Well,Alzao,Burghclere,Pulpit,Tap Your Heels,Tarr Road,Wind Chime,Hail to Reason,Bramalea,Princequillo,Bridgework,Seattle Slew,Queen Louie,Tri Jet,Hail Proudly,Halo,Wishing Well,マルゼンスキー,レディーシラオキ,Northern Dancer,Fairy Bridge,Habitat,Principia,Hail to Reason,Cosmah,Understanding,Mountain Flower,Lyphard,Lady Rebecca,Busted,Highclere,A.P. Indy,Preach,Unbridled,Ruby Slippers,Grey Dawn,Pure Reason,Marfa,Belles Native
2020100593,サトノクラウン,ローザディアマント,Marju,ジョコンダ,スペシャルウィーク,ピンクガーター,ラストタイクーン,Flame of Tara,Rossini,La Joconde,サンデーサイレンス,キャンペンガール,アフリート,オーピーキャット,トライマイベスト,Mill Princess,アーテイアス,Welsh Flame,Miswaki,Touch of Greatness,Vettori,Lust,Halo,Wishing Well,マルゼンスキー,レディーシラオキ,Mr. Prospector,Polite Lady,Storm Cat,Princess S.,Northern Dancer,Sex Appeal,Mill Reef,Irish Lass,Round Table,Stylish Pattern,Welsh Pageant,Electric Flash,Mr. Prospector,Hopespringseternal,Hero's Honor,Ivory Wand,Machiavellian,Air Distingue,Pursuit of Love,Pato,Hail to Reason,Cosmah,Understanding,Mountain Flower,Nijinsky,シル,セントクレスピン,ミスアシヤガワ,Raise a Native,Gold Digger,Venetian Jester,Friendly Ways,Storm Bird,Terlingua,Assagai Jr.,Princess Thelma
2020102870,ドゥラメンテ,シティイメージ,キングカメハメハ,アドマイヤグルーヴ,Elusive City,Photophore,Kingmambo,マンファス,サンデーサイレンス,エアグルーヴ,Elusive Quality,Star of Paris,Clodovil,Multicolour Wave,Mr. Prospector,Miesque,ラストタイクーン,Pilot Bird,Halo,Wishing Well,トニービン,ダイナカール,Gone West,Touch of Greatness,Dayjur,Liturgism,デインヒル,Clodora,Rainbow Quest,Echoes,Raise a Native,Gold Digger,Nureyev,Pasadoble,トライマイベスト,Mill Princess,Blakeney,The Dancer,Hail to Reason,Cosmah,Understanding,Mountain Flower,カンパラ,Severn Bridge,ノーザンテースト,シャダイフェザー,Mr. Prospector,Secrettame,Hero's Honor,Ivory Wand,Danzig,Gold Beauty,Native Charger,Cult,Danzig,Razyana,Linamix,Cloche d'Or,Blushing Groom,I Will Follow,Niniski,Equal Honor
2019101847,オルフェーヴル,スターエンジェル,ステイゴールド,オリエンタルアート,アフリート,コマーズ,サンデーサイレンス,ゴールデンサッシュ,メジロマックイーン,エレクトロアート,Mr. Prospector,Polite Lady,Danzig,ミドルマーチ,Halo,Wishing Well,ディクタス,ダイナサッシュ,メジロティターン,メジロオーロラ,ノーザンテースト,グランマスティーヴンス,Raise a Native,Gold Digger,Venetian Jester,Friendly Ways,Northern Dancer,Pas de Nom,Buckpasser,Nice Princess,Hail to Reason,Cosmah,Understanding,Mountain Flower,Sanctus,Doronic,ノーザンテースト,ロイヤルサッシュ,メジロアサマ,シエリル,リマンド,メジロアイリス,Northern Dancer,Lady Victoria,Lt. Stevens,Dhow,Native Dancer,Raise You,Nashua,Sequence,Tom Fool,Venice,Green Ticket,Ways to Learn,Nearctic,Natalma,Admiral's Voyage,Petitioner,Tom Fool,Busanda,Le Beau Prince,Happy Night
2016102175,マンハッタンカフェ,ビューティーコンテスト,サンデーサイレンス,サトルチェンジ,シングスピール,Beldarian,Halo,Wishing Well,Law Society,Santa Luciana,In the Wings,Glorious Song,ラストタイクーン,Sorbus,Hail to Reason,Cosmah,Understanding,Mountain Flower,Alleged,Bold Bikini,Luciano,Suleika,Sadler's Wells,High Hawk,Halo,Ballade,トライマイベスト,Mill Princess,Busted,Censorship,Turn-to,Nothirdchance,Cosmic Bomb,Almahmoud,Promised Land,Pretty Ways,Montparnasse,Edelweiss,Hoist the Flag,Princess Pout,Boldnesian,Ran-Tan,Henry the Seventh,Light Arctic,Ticino,Schwarzblaurot,Northern Dancer,Fairy Bridge,Shirley Heights,Sunbittern,Hail to Reason,Cosmah,Herbager,Miss Swapsco,Northern Dancer,Sex Appeal,Mill Reef,Irish Lass,Crepello,Sans le Sou,Prince John,Sixpence
2020101025,ハービンジャー,ジャジャウマガール,Dansili,Penang Pearl,ハーツクライ,マーズプリンセス,デインヒル,Hasili,Bering,Guapa,サンデーサイレンス,アイリッシュダンス,デインヒル,ディアーミミ,Danzig,Razyana,Kahyasi,Kerali,Arctic Tern,Beaune,Shareef Dancer,Sauceboat,Halo,Wishing Well,トニービン,ビューパーダンス,Danzig,Razyana,Roberto,Carnival Princess,Northern Dancer,Pas de Nom,His Majesty,Spring Adieu,イルドブルボン,Kadissya,High Line,Sookera,Sea-Bird,Bubbling Beauty,Lyphard,Barbra,Northern Dancer,Sweet Alliance,Connaught,Cranberry Sauce,Hail to Reason,Cosmah,Understanding,Mountain Flower,カンパラ,Severn Bridge,Lyphard,My Bupers,Northern Dancer,Pas de Nom,His Majesty,Spring Adieu,Hail to Reason,Bramalea,Prince John,Carnival Queen
2019104091,ゴールドシップ,メイショウスイヅキ,ステイゴールド,ポイントフラッグ,パイロ,ヴィトンクイーン,サンデーサイレンス,ゴールデンサッシュ,メジロマックイーン,パストラリズム,Pulpit,Wild Vision,ダンスインザダーク,クッドビークイーン,Halo,Wishing Well,ディクタス,ダイナサッシュ,メジロティターン,メジロオーロラ,プルラリズム,トクノエイティー,A.P. Indy,Preach,Wild Again,Carol's Wonder,サンデーサイレンス,ダンシングキイ,Vice Regent,Karantina,Hail to Reason,Cosmah,Understanding,Mountain Flower,Sanctus,Doronic,ノーザンテースト,ロイヤルサッシュ,メジロアサマ,シエリル,リマンド,メジロアイリス,The Minstrel,Cambretta,トライバルチーフ,アイアンルビー,Seattle Slew,Weekend Surprise,Mr. Prospector,Narrate,Icecapade,Bushel-n-Peck,Pass the Tab,Carols Christmas,Halo,Wishing Well,Nijinsky,Key Partner,Northern Dancer,Victoria Regina,Gone West,Rokeby Venus
2020102095,コパノリッキー,ペプチドヴィーナス,ゴールドアリュール,コパノニキータ,ワークフォース,ドリームスピカ,サンデーサイレンス,ニキーヤ,ティンバーカントリー,ニホンピロローズ,キングズベスト,Soviet Moon,バブルガムフェロー,マキシムドリーム,Halo,Wishing Well,Nureyev,Reluctant Guest,Woodman,Fall Aspen,トニービン,ウェディングブーケ,Kingmambo,Allegretta,Sadler's Wells,Eva Luna,サンデーサイレンス,バブルカンパニー,リアルシャダイ,チャンネルフォー,Hail to Reason,Cosmah,Understanding,Mountain Flower,Northern Dancer,Special,Hostage,Vaguely Royal,Mr. Prospector,プレイメイト,Pretense,Change Water,カンパラ,Severn Bridge,リアルシャダイ,アリーウイン,Mr. Prospector,Miesque,Lombard,Anatevka,Northern Dancer,Fairy Bridge,Alleged,Media Luna,Halo,Wishing Well,Lyphard,Prodice,Roberto,Desert Vixen,ノーザンディクテイター,ワンスウエド
2020104764,サトノアラジン,パルストリーナ,ディープインパクト,マジックストーム,Medaglia d'Oro,Maiden Tower,サンデーサイレンス,ウインドインハーヘア,Storm Cat,Foppy Dancer,El Prado,Cappucino Bay,グルームダンサー,Sawara,Halo,Wishing Well,Alzao,Burghclere,Storm Bird,Terlingua,Fappiano,Water Dance,Sadler's Wells,Lady Capulet,Bailjumper,Dubbed In,Blushing Groom,Featherhill,Danzig,Narwala,Hail to Reason,Cosmah,Understanding,Mountain Flower,Lyphard,Lady Rebecca,Busted,Highclere,Northern Dancer,South Ocean,Secretariat,Crimson Saint,Mr. Prospector,Killaloe,Nijinsky,Luiana,Northern Dancer,Fairy Bridge,Sir Ivor,Cap and Bells,Damascus,Court Circuit,Silent Screen,Society Singer,Red God,Runaway Bride,Lyphard,Lady Berry,Northern Dancer,Pas de Nom,Darshaan,Noufiyla
2022101676,モーリス,ハピネス,スクリーンヒーロー,メジロフランシス,コマンズ,フェリシタス,グラスワンダー,ランニングヒロイン,カーネギー,メジロモントレー,デインヒル,Cotehele House,キングズベスト,Embassy,Silver Hawk,Ameriflora,サンデーサイレンス,ダイナアクトレス,Sadler's Wells,Detroit,モガミ,メジロクインシー,Danzig,Razyana,My Swanee,Eight Carat,Kingmambo,Allegretta,Cadeaux Genereux,Pass the Peace,Roberto,Gris Vitesse,Danzig,Graceful Touch,Halo,Wishing Well,ノーザンテースト,モデルスポート,Northern Dancer,Fairy Bridge,Riverman,Derna,Lyphard,ノーラック,フィディオン,メジロボサツ,Northern Dancer,Pas de Nom,His Majesty,Spring Adieu,Petition,Grey Rhythm,Pieces of Eight,Klairessa,Mr. Prospector,Miesque,Lombard,Anatevka,Young Generation,Smarten Up,Alzao,Lover's Rose
2022105871,エピファネイア,インディゴブルー,シンボリクリスエス,シーザリオ,ロードカナロア,ブルーダイアモンド,Kris S.,Tee Kay,スペシャルウィーク,キロフプリミエール,キングカメハメハ,レディブラッサム,ディープインパクト,グレースアドマイヤ,Roberto,Sharp Queen,Gold Meridian,Tri Argo,サンデーサイレンス,キャンペンガール,Sadler's Wells,Querida,Kingmambo,マンファス,Storm Cat,サラトガデュー,サンデーサイレンス,ウインドインハーヘア,トニービン,バレークイーン,Hail to Reason,Bramalea,Princequillo,Bridgework,Seattle Slew,Queen Louie,Tri Jet,Hail Proudly,Halo,Wishing Well,マルゼンスキー,レディーシラオキ,Northern Dancer,Fairy Bridge,Habitat,Principia,Mr. Prospector,Miesque,ラストタイクーン,Pilot Bird,Storm Bird,Terlingua,Cormorant,Super Luna,Halo,Wishing Well,Alzao,Burghclere,カンパラ,Severn Bridge,Sadler's Wells,Sun Princess
2022107012,レイデオロ,ニシノハナムスメ,キングカメハメハ,ラドラーダ,ディープインパクト,ニシノフジムスメ,Kingmambo,マンファス,シンボリクリスエス,レディブロンド,サンデーサイレンス,ウインドインハーヘア,キングヘイロー,ブランドアート,Mr. Prospector,Miesque,ラストタイクーン,Pilot Bird,Kris S.,Tee Kay,Seeking the Gold,ウインドインハーヘア,Halo,Wishing Well,Alzao,Burghclere,ダンシングブレーヴ,グッバイヘイロー,ビショップボブ,ニシノアート,Raise a Native,Gold Digger,Nureyev,Pasadoble,トライマイベスト,Mill Princess,Blakeney,The Dancer,Roberto,Sharp Queen,Gold Meridian,Tri Argo,Mr. Prospector,Con Game,Alzao,Burghclere,Hail to Reason,Cosmah,Understanding,Mountain Flower,Lyphard,Lady Rebecca,Busted,Highclere,Lyphard,Navajo Princess,Halo,Pound Foolish,Clever Trick,Screen Shot,ネヴァーダンス,ムサシネイティブ
2022104710,オルフェーヴル,オープンウォーター,ステイゴールド,オリエンタルアート,Include,Biscayne Bay,サンデーサイレンス,ゴールデンサッシュ,メジロマックイーン,エレクトロアート,Broad Brush,Illeria,A.P. Indy,Flanders,Halo,Wishing Well,ディクタス,ダイナサッシュ,メジロティターン,メジロオーロラ,ノーザンテースト,グランマスティーヴンス,Ack Ack,Hay Patcher,Stop the Music,Baldski's Holiday,Seattle Slew,Weekend Surprise,Seeking the Gold,Starlet Storm,Hail to Reason,Cosmah,Understanding,Mountain Flower,Sanctus,Doronic,ノーザンテースト,ロイヤルサッシュ,メジロアサマ,シエリル,リマンド,メジロアイリス,Northern Dancer,Lady Victoria,Lt. Stevens,Dhow,Battle Joined,Fast Turn,Hoist the Flag,Turn to Talent,Hail to Reason,Bebopper,Baldski,Verset Holiday,Bold Reasoning,My Charmer,Secretariat,Lassie Dear,Mr. Prospector,Con Game,Storm Bird,Cinegita
2022105386,エピファネイア,セコンドピアット,シンボリクリスエス,シーザリオ,ハーツクライ,エービーヌードル,Kris S.,Tee Kay,スペシャルウィーク,キロフプリミエール,サンデーサイレンス,アイリッシュダンス,Alphabet Soup,Rasant,Roberto,Sharp Queen,Gold Meridian,Tri Argo,サンデーサイレンス,キャンペンガール,Sadler's Wells,Querida,Halo,Wishing Well,トニービン,ビューパーダンス,Cozzene,Illiterate,Assert,Ratifia,Hail to Reason,Bramalea,Princequillo,Bridgework,Seattle Slew,Queen Louie,Tri Jet,Hail Proudly,Halo,Wishing Well,マルゼンスキー,レディーシラオキ,Northern Dancer,Fairy Bridge,Habitat,Principia,Hail to Reason,Cosmah,Understanding,Mountain Flower,カンパラ,Severn Bridge,Lyphard,My Bupers,Caro,Ride the Trails,Arts and Letters,Laurel Mae,Be My Guest,Irish Bird,Ashmore,Ruta
2022104919,エピファネイア,ディープジュエリー,シンボリクリスエス,シーザリオ,ディープインパクト,ジュエルオブザナイト,Kris S.,Tee Kay,スペシャルウィーク,キロフプリミエール,サンデーサイレンス,ウインドインハーヘア,Giant's Causeway,Jeweled Lady,Roberto,Sharp Queen,Gold Meridian,Tri Argo,サンデーサイレンス,キャンペンガール,Sadler's Wells,Querida,Halo,Wishing Well,Alzao,Burghclere,Storm Cat,Mariah's Storm,General Meeting,Excellent Lady,Hail to Reason,Bramalea,Princequillo,Bridgework,Seattle Slew,Queen Louie,Tri Jet,Hail Proudly,Halo,Wishing Well,マルゼンスキー,レディーシラオキ,Northern Dancer,Fairy Bridge,Habitat,Principia,Hail to Reason,Cosmah,Understanding,Mountain Flower,Lyphard,Lady Rebecca,Busted,Highclere,Storm Bird,Terlingua,Rahy,イメンス,Seattle Slew,Alydar's Promise,Smarten,Northern Sea
2021104242,ショウナンバッハ,ショウナンマライア,ステイゴールド,シュガーハート,クロフネ,ショウナンアイドル,サンデーサイレンス,ゴールデンサッシュ,サクラバクシンオー,オトメゴコロ,フレンチデピュティ,ブルーアヴェニュー,ジェイドロバリー,オープニングナイト,Halo,Wishing Well,ディクタス,ダイナサッシュ,サクラユタカオー,サクラハゴロモ,ジャッジアンジェルーチ,テイズリー,Deputy Minister,Mitterand,Classic Go Go,Eliza Blue,Mr. Prospector,Number,リアルシャダイ,シャダイコスモス,Hail to Reason,Cosmah,Understanding,Mountain Flower,Sanctus,Doronic,ノーザンテースト,ロイヤルサッシュ,テスコボーイ,アンジェリカ,ノーザンテースト,クリアアンバー,Honest Pleasure,Victorian Queen,Lyphard,Tizna,Vice Regent,Mint Copy,Hold Your Peace,Laredo Lass,Pago Pago,Classic Perfection,Icecapade,コレラ,Raise a Native,Gold Digger,Nijinsky,Special,Roberto,Desert Vixen,ノーザンテースト,シヤダイプリマ
2022104121,サートゥルナーリア,カウントオンイット,ロードカナロア,シーザリオ,クロフネ,グローバルピース,キングカメハメハ,レディブラッサム,スペシャルウィーク,キロフプリミエール,フレンチデピュティ,ブルーアヴェニュー,サンデーサイレンス,エミネントガール,Kingmambo,マンファス,Storm Cat,サラトガデュー,サンデーサイレンス,キャンペンガール,Sadler's Wells,Querida,Deputy Minister,Mitterand,Classic Go Go,Eliza Blue,Halo,Wishing Well,Nashwan,タレンティドガール,Mr. Prospector,Miesque,ラストタイクーン,Pilot Bird,Storm Bird,Terlingua,Cormorant,Super Luna,Halo,Wishing Well,マルゼンスキー,レディーシラオキ,Northern Dancer,Fairy Bridge,Habitat,Principia,Vice Regent,Mint Copy,Hold Your Peace,Laredo Lass,Pago Pago,Classic Perfection,Icecapade,コレラ,Hail to Reason,Cosmah,Understanding,Mountain Flower,Blushing Groom,Height of Fashion,リマンド,チヨダマサコ
2022104794,ドゥラメンテ,サロミナ,キングカメハメハ,アドマイヤグルーヴ,Lomitas,Saldentigerin,Kingmambo,マンファス,サンデーサイレンス,エアグルーヴ,Niniski,La Colorada,Tiger Hill,Salde,Mr. Prospector,Miesque,ラストタイクーン,Pilot Bird,Halo,Wishing Well,トニービン,ダイナカール,Nijinsky,Virginia Hills,Surumu,La Dorada,デインヒル,The Filly,Alkalde,Saite,Raise a Native,Gold Digger,Nureyev,Pasadoble,トライマイベスト,Mill Princess,Blakeney,The Dancer,Hail to Reason,Cosmah,Understanding,Mountain Flower,カンパラ,Severn Bridge,ノーザンテースト,シャダイフェザー,Northern Dancer,Flaming Page,Tom Rolfe,Ridin' Easy,Literat,Surama,Kronzeuge,Love In,Danzig,Razyana,Appiani,Tigress Silver,Konigsstuhl,Astra,Marduk,Salesiana
2022104222,ロジャーバローズ,ロスグラシアレス,ディープインパクト,リトルブック,シンボリクリスエス,ロスマリヌス,サンデーサイレンス,ウインドインハーヘア,Librettist,Cal Norma's Lady,Kris S.,Tee Kay,サンデーサイレンス,アンブロジン,Halo,Wishing Well,Alzao,Burghclere,Danzig,Mysterial,リファーズスペシャル,June Darling,Roberto,Sharp Queen,Gold Meridian,Tri Argo,Halo,Wishing Well,Mr. Prospector,バラダ,Hail to Reason,Cosmah,Understanding,Mountain Flower,Lyphard,Lady Rebecca,Busted,Highclere,Northern Dancer,Pas de Nom,Alleged,Mysteries,Lyphard,My Bupers,ジュニアス,Beau Darling,Hail to Reason,Bramalea,Princequillo,Bridgework,Seattle Slew,Queen Louie,Tri Jet,Hail Proudly,Hail to Reason,Cosmah,Understanding,Mountain Flower,Raise a Native,Gold Digger,Damascus,Courtly Dee
2020104000,モーリス,フォースデラネイチャー,スクリーンヒーロー,メジロフランシス,Scat Daddy,Merryvale,グラスワンダー,ランニングヒロイン,カーネギー,メジロモントレー,ヨハネスブルグ,Love Style,Bertrando,Ryn,Silver Hawk,Ameriflora,サンデーサイレンス,ダイナアクトレス,Sadler's Wells,Detroit,モガミ,メジロクインシー,ヘネシー,Myth,Mr. Prospector,Likeable Style,Skywalker,Gentle Hands,Mr. Prospector,Wisla,Roberto,Gris Vitesse,Danzig,Graceful Touch,Halo,Wishing Well,ノーザンテースト,モデルスポート,Northern Dancer,Fairy Bridge,Riverman,Derna,Lyphard,ノーラック,フィディオン,メジロボサツ,Storm Cat,Island Kitty,オジジアン,Yarn,Raise a Native,Gold Digger,Nijinsky,Personable Lady,Relaunch,Bold Captive,Buffalo Lark,Three Red Bells,Raise a Native,Gold Digger,Danzig,Gauri
2021104426,エピファネイア,マイティティー,シンボリクリスエス,シーザリオ,エンパイアメーカー,チアズガディス,Kris S.,Tee Kay,スペシャルウィーク,キロフプリミエール,Unbridled,Toussaud,フレンチデピュティ,チアズグレイス,Roberto,Sharp Queen,Gold Meridian,Tri Argo,サンデーサイレンス,キャンペンガール,Sadler's Wells,Querida,Fappiano,Gana Facil,El Gran Senor,Image of Reality,Deputy Minister,Mitterand,サンデーサイレンス,チアズフラワー,Hail to Reason,Bramalea,Princequillo,Bridgework,Seattle Slew,Queen Louie,Tri Jet,Hail Proudly,Halo,Wishing Well,マルゼンスキー,レディーシラオキ,Northern Dancer,Fairy Bridge,Habitat,Principia,Mr. Prospector,Killaloe,Le Fabuleux,Charedi,Northern Dancer,Sex Appeal,In Reality,Edee's Image,Vice Regent,Mint Copy,Hold Your Peace,Laredo Lass,Halo,Wishing Well,Al Nasr,デュカイナ
2021100683,エピファネイア,シャブリ,シンボリクリスエス,シーザリオ,ディープインパクト,スカイノダン,Kris S.,Tee Kay,スペシャルウィーク,キロフプリミエール,サンデーサイレンス,ウインドインハーヘア,サクラバクシンオー,シビル,Roberto,Sharp Queen,Gold Meridian,Tri Argo,サンデーサイレンス,キャンペンガール,Sadler's Wells,Querida,Halo,Wishing Well,Alzao,Burghclere,サクラユタカオー,サクラハゴロモ,Wild Again,シャロン,Hail to Reason,Bramalea,Princequillo,Bridgework,Seattle Slew,Queen Louie,Tri Jet,Hail Proudly,Halo,Wishing Well,マルゼンスキー,レディーシラオキ,Northern Dancer,Fairy Bridge,Habitat,Principia,Hail to Reason,Cosmah,Understanding,Mountain Flower,Lyphard,Lady Rebecca,Busted,Highclere,テスコボーイ,アンジェリカ,ノーザンテースト,クリアアンバー,Icecapade,Bushel-n-Peck,Mo Exception,Double Wiggle
2022104106,リーチザクラウン,ニシノオマージュ,スペシャルウィーク,クラウンピース,ストリートセンス,ニシノフジムスメ,サンデーサイレンス,キャンペンガール,Seattle Slew,クラシッククラウン,Street Cry,Bedazzle,キングヘイロー,ブランドアート,Halo,Wishing Well,マルゼンスキー,レディーシラオキ,Bold Reasoning,My Charmer,Mr. Prospector,Six Crowns,Machiavellian,Helen Street,Dixieland Band,Majestic Legend,ダンシングブレーヴ,グッバイヘイロー,ビショップボブ,ニシノアート,Hail to Reason,Cosmah,Understanding,Mountain Flower,Nijinsky,シル,セントクレスピン,ミスアシヤガワ,Boldnesian,Reason to Earn,Poker,Fair Charmer,Raise a Native,Gold Digger,Secretariat,Chris Evert,Mr. Prospector,Coup de Folie,Troy,Waterway,Northern Dancer,Mississippi Mud,His Majesty,Long Legend,Lyphard,Navajo Princess,Halo,Pound Foolish,Clever Trick,Screen Shot,ネヴァーダンス,ムサシネイティブ
2020102081,モーリス,ナリタシルエット,スクリーンヒーロー,メジロフランシス,フジキセキ,ナリタレインボウ,グラスワンダー,ランニングヒロイン,カーネギー,メジロモントレー,サンデーサイレンス,ミルレーサー,アフリート,オオシマルチア,Silver Hawk,Ameriflora,サンデーサイレンス,ダイナアクトレス,Sadler's Wells,Detroit,モガミ,メジロクインシー,Halo,Wishing Well,Le Fabuleux,Marston's Mill,Mr. Prospector,Polite Lady,クリスタルグリッターズ,オオシマスズラン,Roberto,Gris Vitesse,Danzig,Graceful Touch,Halo,Wishing Well,ノーザンテースト,モデルスポート,Northern Dancer,Fairy Bridge,Riverman,Derna,Lyphard,ノーラック,フィディオン,メジロボサツ,Hail to Reason,Cosmah,Understanding,Mountain Flower,Wild Risk,Anguar,In Reality,Millicent,Raise a Native,Gold Digger,Venetian Jester,Friendly Ways,Blushing Groom,Tales to Tell,カウアイキング,ネバージョオー
